global_index,file_part,entry_uid,entry_id,headword,pos,gender,page_start,page_end,senses_json,translations_json,etymologies_json,citations_json,biblio_json,gramgrp_json,xrefs_json,has_sense,has_tr,has_etym,has_cit,has_xref,sense_count,tr_count,etym_count,cit_count
47696,9,1,n47696,Θθ,,τό,,,"[""= ἐννέα, ἔνατος , but q' = 9 , 000 : abbreviation for θάνατος(or ἀπέθανε, τέθνηκε, θανατωτέον) found in certain Ptolemaic Mss. of Hp. , acc. to Gal. 17(1).612 , cf. Pers. 4.13 , Mart. 7.37 , Wessely Schrifttaf. zur ält.lat.Paläogr.No. 8 (ii A.D.), PFay. 105 iii 26 (ii A.D.), Dessau Inscr.Lat.Sel. 5140 , etc.; v. θῆτα .""]","[""Schrifttaf. zur ält.lat.Paläogr.""]",[],[],[],{},"[{""type"":""ref"",""target"":"""",""text"":""ἐννέα, ἔνατος""},{""type"":"""",""target"":"""",""text"":""= ἐννέα, ἔνατος""},{""type"":""ref"",""target"":"""",""text"":""θῆτα""},{""type"":"""",""target"":"""",""text"":""v. θῆτα""}]",1,1,0,0,1,1,1,0,0
47697,9,2,n47697,ἦχ-θα,,,,,"[""ἦχ-θα, insep. affix in adverbial forms, e.g.ἔνθα.""]",[],[],[],[],{},[],1,0,0,0,0,1,0,0,0
47698,9,3,n47698,θᾰάσσω,,,,,"[""sit, λιπὼν ἕδος ἔνθα θάασσεν Il. 9.194 , cf. 15.124 ; οὐδὲ ἔοικε . . ἐν δαιτὶ θαασσέμεν Od. 3.336 , cf. h.Merc. 172 ;μετ' ἀθανάτοισι θαάσσεις ib. 468 .""]","[""sit""]",[],"[{""biblio"":"""",""quote"":""λιπὼν ἕδος ἔνθα θάασσεν""},{""biblio"":""Il. | 9.194"",""quote"":""λιπὼν ἕδος ἔνθα θάασσεν Il. 9.194""},{""biblio"":"""",""quote"":""οὐδὲ ἔοικε . . ἐν δαιτὶ θαασσέμεν""},{""biblio"":""Od. | 3.336"",""quote"":""οὐδὲ ἔοικε . . ἐν δαιτὶ θαασσέμεν Od. 3.336""}]","[""Il. | 9.194"",""Od. | 3.336""]",{},[],1,1,0,1,0,1,1,0,4
47699,9,4,n47699,θαβακόν,,,,,"[""θαβακόν(i.e.θάϝακον): θακὸν ἢ ὁμορόν(fort.θᾶκον ἢ θρόνον), Hsch.""]",[],[],[],[],{},[],1,0,0,0,0,1,0,0,0
47700,9,5,n47700,θάεο,,,,,"[""θάεο [ᾱ], imper. of Θάομαι.""]",[],[],[],[],{},[],1,0,0,0,0,1,0,0,0
47701,9,6,n47701,θᾱέομαι,,,,,"[""θαήσατο Lyr.Adesp. 40 ; imper.θάησαι Epigr. ap. Phan.Hist. 12 ; cf.αστ;θάομαι.""]",[],[],"[{""biblio"":"""",""quote"":""θαήσατο""},{""biblio"":""Lyr.Adesp. | 40"",""quote"":""θαήσατο Lyr.Adesp. 40""}]","[""Lyr.Adesp. | 40""]",{},[],1,0,0,1,0,1,0,0,2
47702,9,7,n47702,θαζός,,,,,"[""seated, Cyr. :θάζω,to be seated, Id.""]","[""seated"",""to be seated""]",[],[],[],{},[],1,1,0,0,0,1,2,0,0
47703,9,8,n47703,θάημα,,τό,,,"[""θέαμα ̔θήημἀ, αἰπολικὸν θάημα Theoc. 1.56 , cf. Aus. Ep. 10.33 .""]",[],[],"[{""biblio"":"""",""quote"":""θέαμα ̔θήημἀ, αἰπολικὸν θάημα""},{""biblio"":""Theoc. | 1.56"",""quote"":""θέαμα ̔θήημἀ, αἰπολικὸν θάημα Theoc. 1.56""}]","[""Theoc. | 1.56""]",{},[],1,0,0,1,0,1,0,0,2
47704,9,9,n47704,θᾱητός,,,,,"[""θᾱητός,ή,όν, Dor. for θηητός(q. v.).""]",[],[],[],[],{},[],1,0,0,0,0,1,0,0,0
47705,9,10,n47705,θαιραῖος,,,,,"[""for axles, ξύλα Poll. 1.253 .""]","[""for axles""]",[],"[{""biblio"":"""",""quote"":""ξύλα""},{""biblio"":""Poll. | 1.253"",""quote"":""ξύλα Poll. 1.253""}]","[""Poll. | 1.253""]",{},[],1,1,0,1,0,1,1,0,2
47706,9,11,n47706,θαιροδύτης,,ὁ,,,"[""rings through which the reins pass, Hsch.""]","[""rings through which the reins pass""]",[],[],[],{},[],1,1,0,0,0,1,1,0,0
47707,9,12,n47707,θαιρός,,ὁ,,,"[""pivot of a door or gate, ῥῆξε δ' ἀπ' ἀμφοτέρους θαιρούς Il. 12.459 , cf. Q.S. 3.27 , Agath. 1.10 ."",""axle of a chariot, S. Fr. 596 . (Perh. for θϝᾰρ-yos, cf.θύρα.)""]","[""pivot of a door"",""gate"",""axle"",""yos""]",[],"[{""biblio"":"""",""quote"":""ῥῆξε δ' ἀπ' ἀμφοτέρους θαιρούς""},{""biblio"":""Il. | 12.459"",""quote"":""ῥῆξε δ' ἀπ' ἀμφοτέρους θαιρούς Il. 12.459""}]","[""Il. | 12.459""]",{},[],1,1,0,1,0,2,4,0,2
47708,9,13,n47708,θαί̈ς,,ἡ,,,"[""bandage, Gal. 18(1).792 .""]","[""bandage""]",[],[],[],{},[],1,1,0,0,0,1,1,0,0
47709,9,14,n47709,θᾱκαθαλπάς,,ἡ,,,"[""sitting hen, Lyr.Alex.Adesp. 4.22 (fort.θακοθ-).""]","[""sitting hen,""]",[],[],[],{},[],1,1,0,0,0,1,1,0,0
47710,9,15,n47710,θᾱκ-εῖον,,τό,,,"[""seat, IG 22.1672.145 (iv B.C.).""]","[""seat,""]",[],[],[],{},[],1,1,0,0,0,1,1,0,0
47711,9,16,n47711,θᾱκ-εύω,,,,,"[""= ἀποπατῶ , Plu. Lyc. 20 , Artem. 1.2 .""]",[],[],[],[],{},"[{""type"":""ref"",""target"":"""",""text"":""ἀποπατῶ""},{""type"":"""",""target"":"""",""text"":""= ἀποπατῶ""}]",1,0,0,0,1,1,0,0,0
47712,9,17,n47712,θᾱκ-έω,,,,,"[""ἐθάκει Cratin. 239 : Dor. fut. θωκησῶ Epich. 99.1 :—sit, ἐν θρόνῳ θωκέων Hdt. 2.173 ; θωκεῖτε Sophr. 60 ; ἀνωτέρω θακῶν . . Ζεύς A. Pr. 315 ; ἥσυχος θακεῖ S. Aj. 325 <*>κόραι θάκουν(impf.) . .ᾔνουν τε( Herm. θάκους . . ᾔνουν, om.τε) E. Hec. 1153 : c. acc. cogn.,θακοῦντι παγκρατεῖς ἕδρας sitting on imperial throne, A. Pr. 391 ; of suppliants, S. OT 20 , Aj. 1173 ; βώμιος θακεῖς E. Heracl. 239 .""]","[""sit"",""sitting on""]",[],"[{""biblio"":"""",""quote"":""ἐθάκει""},{""biblio"":""Cratin. | 239"",""quote"":""ἐθάκει Cratin. 239""},{""biblio"":"""",""quote"":""θωκησῶ""},{""biblio"":""Epich. | 99.1"",""quote"":""θωκησῶ Epich. 99.1""},{""biblio"":"""",""quote"":""ἐν θρόνῳ θωκέων""},{""biblio"":""Hdt. | 2.173"",""quote"":""ἐν θρόνῳ θωκέων Hdt. 2.173""},{""biblio"":"""",""quote"":""θωκεῖτε""},{""biblio"":""Sophr. | 60"",""quote"":""θωκεῖτε Sophr. 60""},{""biblio"":"""",""quote"":""ἀνωτέρω θακῶν . . Ζεύς""},{""biblio"":""A. | Pr. | 315"",""quote"":""ἀνωτέρω θακῶν . . Ζεύς A. Pr. 315""},{""biblio"":"""",""quote"":""ἥσυχος θακεῖ""},{""biblio"":""S. | Aj. | 325"",""quote"":""ἥσυχος θακεῖ S. Aj. 325""},{""biblio"":"""",""quote"":""βώμιος θακεῖς""},{""biblio"":""E. | Heracl. | 239"",""quote"":""βώμιος θακεῖς E. Heracl. 239""}]","[""A. | Pr. | 315"",""Cratin. | 239"",""E. | Heracl. | 239"",""Epich. | 99.1"",""Hdt. | 2.173"",""S. | Aj. | 325"",""Sophr. | 60""]",{},[],1,1,0,1,0,1,2,0,14
47713,9,18,n47713,θᾱ́κ-ημα,,τό,,,"[""sitting, esp. as a suppliant, S. OC 1160 , 1179 ."",""seat, Πανὸς -ήματα E. Ion 492 (lyr.).""]","[""sitting"",""seat""]",[],"[{""biblio"":"""",""quote"":""Πανὸς -ήματα""},{""biblio"":""E. | Ion | 492"",""quote"":""Πανὸς -ήματα E. Ion 492""}]","[""E. | Ion | 492""]",{},[],1,1,0,1,0,2,2,0,2
47714,9,19,n47714,θᾱ́κ-ησις,,ἡ,,,"[""means of sitting, seat, prob. in S. OC 9 .""]","[""means of sitting, seat""]",[],[],[],{},[],1,1,0,0,0,1,1,0,0
47715,9,20,n47715,θᾶκος,,ὁ,,,"[""seat, chair, Νυμφέων καλοὶ χοροὶ ἠδὲ θόωκοι Od. 12.318 ; θεῶν δ' ἐξίκετο θώκους Il. 8.439 ;θῶκοι ἀμπαυστήριοι seats for resting, Hdt. 1.181 , cf. 9.94 ;κραιπνόσυτος θᾶκος, of the winged car of the Oceanids, A. Pr. 282 (anap.);θᾶκος Διός, of Dodona, ib. 831 ;σεμνοὶ θ., of the palace, Id. Ag. 519 ;εἰς παλαιὸν θᾶκον ὀρνιθοσκόπον ἵζων, of Teiresias, S. Ant. 999 ; νεκροῖσι γείτονας θάκους ἔχων E. HF 1097 ; θάκους θάσσειν Id. Tr. 138 (anap.); τῶν θ. τοῖς πρεσβυτέροις ὑπανίστασθαι Ar. Nu. 993 ;ἐκαθήμεθα ἐπὶ τῶν θ. Aeschin.Socr. 2 ."",""chair of office, τὸν θᾶκον τὸν ἐμὸν παράδος Σοφοκλεῖ τηρεῖν Ar. Ra. 1515 ."",""privy, Hp. Epid. 7.47 , 84 (in form θῶκος), Thphr. Char. 14.5 , Mnesith. ap. Orib. 8.38.11 ."",""in Hom. ,sitting in council, a council, like βουλή, οὔτε . . ἀγορὴ γένετ' οὔτε θόωκος Od. 2.26 ; ἐς θῶκον πρόμολον δήμοιό τε φῆμιν 15.468 ; θῶκόνδε καθίζανον 5.3 ;ἐν θώκῳ κατήμενος sitting in council, Hdt. 6.63 . (Cf.θάβακος, θάσσω.)""]","[""seat, chair"",""seats"",""chair of office"",""privy"",""sitting in council, a council"",""council""]",[],"[{""biblio"":"""",""quote"":""Νυμφέων καλοὶ χοροὶ ἠδὲ θόωκοι""},{""biblio"":""Od. | 12.318"",""quote"":""Νυμφέων καλοὶ χοροὶ ἠδὲ θόωκοι Od. 12.318""},{""biblio"":"""",""quote"":""θεῶν δ' ἐξίκετο θώκους""},{""biblio"":""Il. | 8.439"",""quote"":""θεῶν δ' ἐξίκετο θώκους Il. 8.439""},{""biblio"":"""",""quote"":""νεκροῖσι γείτονας θάκους ἔχων""},{""biblio"":""E. | HF | 1097"",""quote"":""νεκροῖσι γείτονας θάκους ἔχων E. HF 1097""},{""biblio"":"""",""quote"":""θάκους θάσσειν""},{""biblio"":""Id. | Tr. | 138"",""quote"":""θάκους θάσσειν Id. Tr. 138""},{""biblio"":"""",""quote"":""τῶν θ. τοῖς πρεσβυτέροις ὑπανίστασθαι""},{""biblio"":""Ar. | Nu. | 993"",""quote"":""τῶν θ. τοῖς πρεσβυτέροις ὑπανίστασθαι Ar. Nu. 993""},{""biblio"":"""",""quote"":""τὸν θᾶκον τὸν ἐμὸν παράδος Σοφοκλεῖ τηρεῖν""},{""biblio"":""Ar. | Ra. | 1515"",""quote"":""τὸν θᾶκον τὸν ἐμὸν παράδος Σοφοκλεῖ τηρεῖν Ar. Ra. 1515""},{""biblio"":"""",""quote"":""ἐς θῶκον πρόμολον δήμοιό τε φῆμιν""},{""biblio"":""15.468"",""quote"":""ἐς θῶκον πρόμολον δήμοιό τε φῆμιν 15.468""},{""biblio"":"""",""quote"":""θῶκόνδε καθίζανον""},{""biblio"":""5.3"",""quote"":""θῶκόνδε καθίζανον 5.3""}]","[""15.468"",""5.3"",""Ar. | Nu. | 993"",""Ar. | Ra. | 1515"",""E. | HF | 1097"",""Id. | Tr. | 138"",""Il. | 8.439"",""Od. | 12.318""]",{},"[{""type"":""ref"",""target"":"""",""text"":""βουλή, οὔτε . . ἀγορὴ γένετ' οὔτε θόωκος""},{""type"":"""",""target"":"""",""text"":""like βουλή, οὔτε . . ἀγορὴ γένετ' οὔτε θόωκος""}]",1,1,0,1,1,4,6,0,16
47716,9,21,n47716,θᾰλᾰμ-αῖος,,,,,"[""shut up, kept at home, γυνή Ph. 2.297 .""]","[""shut up, kept at home""]",[],"[{""biblio"":"""",""quote"":""γυνή""},{""biblio"":""Ph. | 2.297"",""quote"":""γυνή Ph. 2.297""}]","[""Ph. | 2.297""]",{},[],1,1,0,1,0,1,1,0,2
47717,9,22,n47717,θᾰ́λᾰμ-αξ,,ὁ,,,"[""θᾰ́λᾰμ-αξ,ᾱκος,ὁ,=θαλᾰμίτης, Ar. Ra. 1074 .""]",[],[],[],[],{},[],1,0,0,0,0,1,0,0,0
47718,9,23,n47718,θᾰλᾰ́μ-ευμα,,τό,,,"[""= θαλάμη, θάλαμος 11 , Κουρήτων E. Ba. 120 (lyr.), Supp.Epigr. 2.461 (pl.,i B.C.).""]",[],[],"[{""biblio"":"""",""quote"":""Κουρήτων""},{""biblio"":""E. | Ba. | 120"",""quote"":""Κουρήτων E. Ba. 120""}]","[""E. | Ba. | 120""]",{},"[{""type"":""ref"",""target"":"""",""text"":""θαλάμη, θάλαμος""},{""type"":"""",""target"":"""",""text"":""= θαλάμη, θάλαμος""}]",1,0,0,1,1,1,0,0,2
47719,9,24,n47719,θᾰλᾰμ-ευτός,,,,,"[""hidden in a θάλαμος, θησαυρὸς Μουσᾶν Tim. Pers. 245 .""]","[""hidden in a""]",[],"[{""biblio"":"""",""quote"":""θάλαμος, θησαυρὸς Μουσᾶν""},{""biblio"":""Tim. | Pers. | 245"",""quote"":""θάλαμος, θησαυρὸς Μουσᾶν Tim. Pers. 245""}]","[""Tim. | Pers. | 245""]",{},[],1,1,0,1,0,1,1,0,2
47720,9,25,n47720,θᾰλᾰμ-εύτρια,,ἡ,,,"[""bridesmaid, Poll. 3.41 .""]","[""bridesmaid""]",[],[],[],{},[],1,1,0,0,0,1,1,0,0
47721,9,26,n47721,θᾰλᾰμ-εύω,,,,,"[""lead into the θάλαμος, i.e.take to wife, Hld. 4.6 :— Pass. , of women,to be shut up, kept at home, Aristaenet. 2.5 ;to be taken to wife, Ph. 1.323 .""]","[""lead into the"",""take to wife"",""to be shut up, kept at home"",""to be taken to wife""]",[],[],[],{},[],1,1,0,0,0,1,4,0,0
47722,9,27,n47722,θᾰλᾰ́μ-η,,ἡ,,,"[""lurkingplace, den, lair, πουλύποδος θαλάμης ἐξελκομένοιο Od. 5.432 , cf. Arist. HA 599b15 , Numen. ap. Ath. 7.315b ; of the σωλήν and polypus, Arist. HA 535a17 , 549b32 ; of the nest of the fish φωλίς, ib. 621b9 ; of the Theban dragon's den, E. Ph. 931 (pl.); of the cave of Trophonius, Id. Ion 394 (pl.); of the grave, Id. Supp. 980 (anap., pl.); of the hive or nest of bees, in pl., AP 6.239 ( Apollonid. ), 9.404 ( Antiphil. ); cj. in E. Ba. 561 (v. θάλαμος 11 )."",""of cavities in the body, Hp. de Arte 10 (pl.);ventricle of the heart, Arist. Somn.Vig. 458a17 ; of the pores of sponges, Id. HA 548a28 ;the nostrils, Poll. 2.79 ;αὕτη τῶν κοιλιῶν ἡ οἷον θ. of the (Galenic) optic thalamus, Gal. UP 16.3 ; of recesses in the cranial bones, ib. 11.3 ; of the eye-socket, Steph. in Hp. 1.93D."",""= θάλαμος 111 , Luc. Nav. 2 .""]","[""lurkingplace, den, lair"",""nest"",""den"",""cave"",""grave"",""hive"",""nest"",""cavities"",""ventricle"",""the pores"",""the nostrils"",""thalamus"",""recesses"",""socket""]",[],"[{""biblio"":"""",""quote"":""πουλύποδος θαλάμης ἐξελκομένοιο""},{""biblio"":""Od. | 5.432"",""quote"":""πουλύποδος θαλάμης ἐξελκομένοιο Od. 5.432""},{""biblio"":"""",""quote"":""θάλαμος""},{""biblio"":""11"",""quote"":""θάλαμος 11""}]","[""11"",""Od. | 5.432""]",{},"[{""type"":""ref"",""target"":"""",""text"":""θάλαμος""},{""type"":"""",""target"":"""",""text"":""= θάλαμος""}]",1,1,0,1,1,3,14,0,4
47723,9,28,n47723,θᾰλᾰμ-ηγός,Subst.,ὁ,,,"[""carrying θάλαμοι: as Subst.,θ.,ὁ ,Egyptian house-boat or barge, Str. 17.1.15 (also πλοῖον θ. POxy. 1650.20 (i/ii A.D.); and θαλαμηγός(sc.ναῦς),ἡ, ib. 1738.2 (iii A.D.));state-barge, Callix. 1 , D.S. 1.85 ;θαλαμηγόν,τό , App. Prooem. 10 .""]","[""carrying"",""Egyptian house-boat"",""barge"",""state-barge""]","[""ἄγω""]",[],[],{},[],1,1,1,0,0,1,4,1,0
47724,9,29,n47724,θᾰλᾰμ-ηϊάδης,,ὁ,,,"[""son of the θαλάμη or hole, comic patron. of the tunny, Matro Conv. 53 .""]","[""son of the"",""hole""]",[],[],[],{},[],1,1,0,0,0,1,2,0,0
47725,9,30,n47725,θᾰλᾰμ-ήϊος,,,,,"[""of or belonging to a θάλαμος,fit for building one, δοῦρα Hes. Op. 807 ."",""bridal,εὐνή A.R.l.c.;ὕμνος Epigr. ap. Luc. Symp. 41 .""]","[""of"",""belonging to a"",""fit for building one"",""bridal""]",[],"[{""biblio"":"""",""quote"":""δοῦρα""},{""biblio"":""Hes. | Op. | 807"",""quote"":""δοῦρα Hes. Op. 807""}]","[""Hes. | Op. | 807""]",{},[],1,1,0,1,0,2,4,0,2
47726,9,31,n47726,θᾰλᾰμηπολ-έω,,,,,"[""to be a θαλαμηπόλος, Sch. Lyc. 132 ."",""put to the stud, of animals, Opp. C. 1.393 .""]","[""to be a"",""put to the stud""]",[],[],[],{},[],1,1,0,0,0,2,2,0,0
47727,9,32,n47727,θᾰλᾰμήπολ-ος,Adj.,ἡ,,,"[""attendant in a lady's chamber, waiting-maid, Od. 7.8 , 23.293 ; but, = ταμίη (cf. θάλαμος 1.2 b), A. Th. 359 (lyr.)."",""θ.,ὁ , in later Gr.,eunuch of the bedchamber, Plu. Alex. 30 , Agath. 1.7 ; of the Galli or eunuch-priests of Cybele, AP 6.220 ( Diosc. ); but also ἡ,a priestess of Cybele, Rhian. 67.1 ."",""rarely,bridegroom, S. OT 1210 (lyr.)."",""Adj.,bridal, ὄρφνη Musae. 231 ; epith. of Aphrodite, APl. 4.177 ( Phil. ).""]","[""attendant in a lady's chamber, waiting-maid"",""eunuch of the bedchamber"",""eunuch-priests of Cybele,"",""a priestess of Cybele"",""bridegroom"",""bridal""]",[],"[{""biblio"":"""",""quote"":""θάλαμος""},{""biblio"":""1.2"",""quote"":""θάλαμος 1.2""},{""biblio"":"""",""quote"":""ὄρφνη""},{""biblio"":""Musae. | 231"",""quote"":""ὄρφνη Musae. 231""}]","[""1.2"",""Musae. | 231""]",{},"[{""type"":""ref"",""target"":"""",""text"":""ταμίη""},{""type"":"""",""target"":"""",""text"":""= ταμίη""}]",1,1,0,1,1,4,6,0,4
47728,9,33,n47728,θᾰλᾰμ-ίας,,ὁ,,,"[""θᾰλᾰμ-ίας,ου,ὁ,=θαλαμίτης, App. BC 5.107 , Them. Or. 15.195b .""]",[],[],[],[],{},[],1,0,0,0,0,1,0,0,0
47729,9,34,n47729,θᾰλᾰμ-ιός,Subst.,ὁ,,,"[""of or belonging to the θάλαμος: an Subst.,"",""θαλαμιός,ὁ ,=θαλαμίτης, Th. 4.32 (gen. pl., perh. fr.θαλαμίας), S. Fr. 1052 (dub.)."",""θαλαμιά, Ion. -ιή(sc.κώπη),ἡ,the oar of the θαλαμίτης, Ar. Ach. 553 (pl.): pl., IG 22.1604.55 ."",""(sc.ὀπή)the hole in the ship's side, through which this oar worked,διὰ θαλαμιῆς διελεῖν τινα to place a man so that his upper half projected through this hole, Hdt. 5.33 : metaph., Ar. Pax 1232 .""]","[""of"",""belonging to the"",""the oar of the"",""the hole in the ship's side, through which this oar worked"",""this hole""]",[],[],[],{},[],1,1,0,0,0,4,5,0,0
47730,9,35,n47730,θᾰλᾰμ-ίς,,ἡ,,,"[""= θαλαμηπόλος , An.Ox. 2.376 .""]",[],[],[],[],{},"[{""type"":""ref"",""target"":"""",""text"":""θαλαμηπόλος""},{""type"":"""",""target"":"""",""text"":""= θαλαμηπόλος""}]",1,0,0,0,1,1,0,0,0
47731,9,36,n47731,θᾰλᾰμ-ίτης,,ὁ,,,"[""θάλαμος 111 )one of the rowers on the lowest bench of a trireme, who had the shortest oars and the least pay, Sch. Ar. Ra. 1106 .""]","[""one of the rowers on the lowest bench""]",[],"[{""biblio"":"""",""quote"":""θάλαμος""},{""biblio"":""111"",""quote"":""θάλαμος 111""}]","[""111""]",{},[],1,1,0,1,0,1,1,0,2
47732,9,37,n47732,θᾰλᾰμ-όνδε,Adv.,,,,"[""to the bed-chamber, Od. 21.8 , 22.109 , 161 .""]","[""to the bed-chamber""]",[],[],[],{},[],1,1,0,0,0,1,1,0,0
47733,9,38,n47733,θᾰλᾰμοποιός,,,,,"[""preparing the bed-chamber:Θαλαμοποιοί, name of a play of Aeschylus, Poll. 7.122 .""]","[""preparing the bed-chamber""]",[],[],[],{},[],1,1,0,0,0,1,1,0,0
47734,9,39,n47734,θάλᾰμος,,ὁ,,,"[""an inner room or chamber, surrounded by other buildings: freq. in Hom. ,"",""generally,women's apartment, inner part of the house, like μυχός , Il. 3.142 , 174 , Od. 4.121 , etc.: in pl., Il. 18.492 ;ἐκ τῶν ἀνδρεώνων . . ἐς τοὺς θ. Hdt. 1.34 ."",""a special chamber in this part of the house,"",""bedroom, esp. of the lady of the house, Il. 3.423 , al., Hdt. 1.12 , 3.78 , Plu. Alc. 23 ; esp.bride-chamber, Il. 11.227 , Pi. P. 2.33 (pl.), S. Tr. 913 , E. Hipp. 540 (lyr., pl.); also,bedroom of an unmarried son, Od. 1.425 , 19.48 ."",""store-room, esp. for valuables, Il. 24.191 , Od. 21.8 , X. Oec. 9.3 , etc.; ὄλβου διοίγων θάλαμον E. Fr. 285.8 ."",""generally,chamber, room, Od. 23.192 , POxy. 1144.2 (i/ii A.D.)."",""house, mansion(not in Hom. ), Pi. O. 5.13 (pl.), 6.1 ;βασιλικοὶ θ. E. Ion 486 (lyr.)."",""metaph.,ὁ παγκοίτας θ., of the grave, S. Ant. 804 (anap.);τυμβήρης θ., of the prison of Danae, ib. 947 (lyr.);θάλαμοι ὑπὸ γῆς the realms below, A. Pers. 624 ; γᾶς θάλαμοι E. HF 807 (lyr.); θ. Περσεφονείας Id. Supp. 1022 (lyr.);θ. Ἀμφιτρίτας, of the sea, S. OT 195 (lyr.); πολυδένδρεσσιν Ὀλύμπου θαλάμοις E. Ba. 561 (lyr.,θαλάμαις cj. Barnes);ἀρνῶν θ.folds or pens, Id. Cyc. 57 (lyr.)."",""the lowest, darkest part of the ship, the hold, Timae. 114 , Poll. 1.87 ; cf. θαλάμη 11 ."",""used of certain mystic shrines or chapels, sacred to Apis, Ael. NA 11.10 , cf. Plin. HN 8.185 ;the innermost shrine, Luc. Syr.D. 31 .""]","[""an inner room"",""chamber, surrounded by other buildings"",""women's apartment, inner part of the house"",""a special chamber in this part of the house"",""bedroom"",""bride-chamber"",""bedroom of an unmarried son"",""store-room"",""chamber, room"",""house, mansion"",""the grave"",""realms"",""folds"",""pens"",""the lowest, darkest part of the ship, the hold"",""certain mystic shrines"",""chapels"",""the innermost shrine""]",[],"[{""biblio"":"""",""quote"":""ὄλβου διοίγων θάλαμον""},{""biblio"":""E. | Fr. | 285.8"",""quote"":""ὄλβου διοίγων θάλαμον E. Fr. 285.8""},{""biblio"":"""",""quote"":""γᾶς θάλαμοι""},{""biblio"":""E. | HF | 807"",""quote"":""γᾶς θάλαμοι E. HF 807""},{""biblio"":"""",""quote"":""θ. Περσεφονείας""},{""biblio"":""Id. | Supp. | 1022"",""quote"":""θ. Περσεφονείας Id. Supp. 1022""},{""biblio"":"""",""quote"":""πολυδένδρεσσιν Ὀλύμπου θαλάμοις""},{""biblio"":""E. | Ba. | 561"",""quote"":""πολυδένδρεσσιν Ὀλύμπου θαλάμοις E. Ba. 561""},{""biblio"":"""",""quote"":""θαλάμη""},{""biblio"":""11"",""quote"":""θαλάμη 11""}]","[""11"",""E. | Ba. | 561"",""E. | Fr. | 285.8"",""E. | HF | 807"",""Id. | Supp. | 1022""]",{},"[{""type"":""ref"",""target"":"""",""text"":""μυχός""},{""type"":"""",""target"":"""",""text"":""like μυχός""}]",1,1,0,1,1,10,18,0,10
47735,9,40,n47735,θάλασσα,,ἡ,,782,"[""θάλασσα 22.236 ( 338 / 7 B.C.)),ἡ: —sea, Il. 2.294 , etc.: freq. of the Mediterranean sea,ἥδε ἡ θ. Hdt. 1.1 , 185 , 4.39 , etc.;ἡ παρ' ἡμῖν θ. Pl. Phd. 113a ; ἡ θ. ἡ καθ' ἡμᾶς Plb. 1.3.9 ;ἡ ἐντὸς καὶ κ. ἡ. λεγομένη θ. Str. 2.5.18 ;ἡ ἔσω θ. Arist. Mu. 393b29 ;ἡ ἔξω θ., of the Ocean, Id. Mete. 350a22 ;ἡ Ἀτλαντικὴ θ. Id. Mu. 392b22 ;ἡ μεγάλη θ. Plu. Alex. 73 ; of a salt lake, Arist. Mete. 351a9 ; ἐς θάλασσαν τὴν τοῦ Εὐξείνου πόντου Hdt. 2.33 ; πέλαγος θαλάσσης A.R. 2.608 ;κατὰ θάλασσαν by sea, opp.πεζῇ, Hdt. 5.63 ; opp.κατὰ γῆς, Th. 7.28 codd.;κατά τε γῆν καὶ κατὰ θ. Pl. Mx. 241a ; χέρσον καὶ θ. ἐκπερῶν A. Eu. 240 ;τῆς θ. ἀνθεκτέα ἐστί one must engage in maritime affairs, Th. 1.93 ;οἱ περὶ τὴν θ.sea-faring men, Arist. HA 598b24 , cf. Pol. 1291b20 ; θ. καὶ πῦρ καὶ γυνὴ—τρίτον κακόν Men. Mon. 231 , cf. 264 : metaph.,κακῶν θ a sea of troubles, A. Th. 758 (lyr.);ὁ Κρὴς τὴν θ. (sc.ἀγνοεῖ), of pretended ignorance, Suid."",""sea-water,ἔστω ἐν χαλκῷ ἡ θ. Hp. Coac. 427 , cf. Diph.Siph. ap. Ath. 3.121d , Moschio ib. 5.208a , Plb. 16.5.4 , Dsc. 2.83 ."",""well of salt water, said to be produced by a stroke of Poseidon's trident, in the Acropolis at Athens, Hdt. 8.55 ; θ. Ἐρεχθηί̈ς Apollod. 3.14.1 ."",""channel, LXX 3 Ki. 18.32 ."",""χαλκῆ θ.laver, ib. 2 Ki. 8.8 ."",""θ. κοίλη wooden theatre, Paus.Gr. Fr. 208 (= Com.Adesp. 864 ).—For the Lacon. form σάλασσα, v. θαλασσομέδων .""]","[""sea"",""sea"",""salt lake"",""sea"",""maritime affairs"",""sea"",""a sea"",""sea-water"",""well of salt water"",""channel"",""laver"",""theatre""]",[],"[{""biblio"":"""",""quote"":""θάλασσα""},{""biblio"":""22.236"",""quote"":""θάλασσα 22.236""},{""biblio"":"""",""quote"":""ἡ θ. ἡ καθ' ἡμᾶς""},{""biblio"":""Plb. | 1.3.9"",""quote"":""ἡ θ. ἡ καθ' ἡμᾶς Plb. 1.3.9""},{""biblio"":"""",""quote"":""ἐς θάλασσαν τὴν τοῦ Εὐξείνου πόντου""},{""biblio"":""Hdt. | 2.33"",""quote"":""ἐς θάλασσαν τὴν τοῦ Εὐξείνου πόντου Hdt. 2.33""},{""biblio"":"""",""quote"":""πέλαγος θαλάσσης""},{""biblio"":""A.R. | 2.608"",""quote"":""πέλαγος θαλάσσης A.R. 2.608""},{""biblio"":"""",""quote"":""χέρσον καὶ θ. ἐκπερῶν""},{""biblio"":""A. | Eu. | 240"",""quote"":""χέρσον καὶ θ. ἐκπερῶν A. Eu. 240""},{""biblio"":"""",""quote"":""θ. καὶ πῦρ καὶ γυνὴ—τρίτον κακόν""},{""biblio"":""Men. | Mon. | 231"",""quote"":""θ. καὶ πῦρ καὶ γυνὴ—τρίτον κακόν Men. Mon. 231""},{""biblio"":"""",""quote"":""θ. Ἐρεχθηί̈ς""},{""biblio"":""Apollod. | 3.14.1"",""quote"":""θ. Ἐρεχθηί̈ς Apollod. 3.14.1""}]","[""22.236"",""A. | Eu. | 240"",""A.R. | 2.608"",""Apollod. | 3.14.1"",""Hdt. | 2.33"",""Men. | Mon. | 231"",""Plb. | 1.3.9""]",{},"[{""type"":""ref"",""target"":"""",""text"":""θαλασσομέδων""},{""type"":"""",""target"":"""",""text"":""v. θαλασσομέδων""}]",1,1,0,1,1,6,12,0,14
47736,9,41,n47736,θᾰλασσ-αίγλη,,ἡ,,,"[""bhang, Cannabis sativa, Plin. HN 24.164 .""]","[""bhang, Cannabis sativa""]",[],[],[],{},[],1,1,0,0,0,1,1,0,0
47737,9,42,n47737,θᾰλασσ-αῖος,,,,,"[""= θαλάσσιος, δῖναι Simon. 57.4 , cf. Pi. P. 2.50 :θαλάσσειος,θεά Trag.or Com.Adesp.in PLit.Lond. 84.16 ; dub. in Orib. 14.62.1 ."",""dyed purple, Tryph. 345 .""]","[""dyed purple""]",[],[],[],{},"[{""type"":""ref"",""target"":"""",""text"":""θαλάσσιος, δῖναι""},{""type"":"""",""target"":"""",""text"":""= θαλάσσιος, δῖναι""}]",1,1,0,0,1,2,1,0,0
47738,9,43,n47738,θᾰλασσ-ερός,,ὁ,,,"[""eyesalve, Gal. 12.781 , etc.""]","[""eyesalve""]",[],[],[],{},[],1,1,0,0,0,1,1,0,0
47739,9,44,n47739,θᾰλασσ-εύς,,ὁ,,,"[""fisherman, Hsch.""]","[""fisherman""]",[],[],[],{},[],1,1,0,0,0,1,1,0,0
47740,9,45,n47740,θᾰλασσ-εύω,,,,,"[""to be at sea, νῆες τοσοῦτον χρόνον ἤδη θαλασσεύουσαι Th. 7.12 , cf. App. BC 1.62 ;τὰ θαλαττεύοντα τῆς νεὼς μέρη the parts under water, Plu. Luc. 3 ."",""use nautical expressions, Heraclit. All. 5 .""]","[""to be at sea"",""under water"",""use nautical expressions""]",[],"[{""biblio"":"""",""quote"":""νῆες τοσοῦτον χρόνον ἤδη θαλασσεύουσαι""},{""biblio"":""Th. | 7.12"",""quote"":""νῆες τοσοῦτον χρόνον ἤδη θαλασσεύουσαι Th. 7.12""}]","[""Th. | 7.12""]",{},[],1,1,0,1,0,2,3,0,2
47741,9,46,n47741,θᾰλασσ-ία,,ἡ,,,"[""= ἀνδρόσακες , Ps.- Dsc. 3.133 .""]",[],[],[],[],{},"[{""type"":""ref"",""target"":"""",""text"":""ἀνδρόσακες""},{""type"":"""",""target"":"""",""text"":""= ἀνδρόσακες""}]",1,0,0,0,1,1,0,0,0
47742,9,47,n47742,θᾰλασσίγονος,,,,,"[""sea-born, Nonn. D. 13.458 ( v.l. θαλασσο- ).""]","[""sea-born""]",[],[],[],{},"[{""type"":""ref"",""target"":"""",""text"":""θαλασσο-""},{""type"":"""",""target"":"""",""text"":""v.l. θαλασσο-""}]",1,1,0,0,1,1,1,0,0
47743,9,48,n47743,θᾰλασσ-ίδιος,,,,,"[""= θαλάσσιος, χῶροι Hdt. 4.199 .""]",[],[],[],[],{},"[{""type"":""ref"",""target"":"""",""text"":""θαλάσσιος, χῶροι""},{""type"":"""",""target"":"""",""text"":""= θαλάσσιος, χῶροι""}]",1,0,0,0,1,1,0,0,0
47744,9,49,n47744,θᾰλασσ-ίζω,,,,,"[""resemble sea-water, Diph.Siph. ap. Ath. 3.92a , Dem.Ophth. ap. Aët. 7.53 ; τὴν γεῦσιν Xenocr. 60 ."",""wash in sea-water, PHolm. 17.2 .""]","[""resemble sea-water"",""wash in sea-water,""]",[],"[{""biblio"":"""",""quote"":""τὴν γεῦσιν""},{""biblio"":""Xenocr. | 60"",""quote"":""τὴν γεῦσιν Xenocr. 60""}]","[""Xenocr. | 60""]",{},[],1,1,0,1,0,2,2,0,2
47745,9,50,n47745,θᾰλάσσ-ιος,,αἱ,,,"[""of, in, on, or from the sea, οὔ σφι θ. ἔργα μεμήγει Il. 2.614 ; κορῶναι εἰνάλιαι, τῇσίν τε θ. ἔργα μέμηλεν Od. 5.67 ; θ. βίος Archil. 51 ; χέλυς Alc. 51 ;θ. ἀνέμων ῥιπαί, κλύδων, Pi. N. 3.59 , E. Med. 28 ; Χάριτες Lyr.Adesp. 85.11 ;ὁ θ. [ποσειδῶν] Ar. Pl. 396 ; of animals, opp.χερσαῖα, Hdt. 2.123 , cf. Pl. Euthd. 298d , Arist. HA 487a26 ;πεζοί τε καὶ θ. landsmen and seamen, A. Pers. 558 (lyr.);θ. ἐκρῖψαί τινα to thro wone into the sea, S. OT 1411 ;θ. νεκρός, of one drowned, Thgn. 1229 ;πλοῖον θ.sea-going vessel, POxy. 1288.6 (iv A.D.)."",""skilled in the sea, nautical, Hdt. 7.144 ;γεωργοὶ καὶ οὐ θ. Th. 1.142 ."",""like the sea, in colour, τῇ χρόᾳ Plu. 2.395b ; = ἁλουργής, στρώματα D.S. 34 / 5.2.35 ."",""θαλάσσιαι,αἱ , name of certain priestesses at Cyzicus, CIG 3657.4 .""]","[""of, in, on"",""from the sea"",""seamen"",""into the sea"",""sea-going"",""skilled in the sea, nautical"",""like the sea""]","[""θάλασσα""]","[{""biblio"":"""",""quote"":""οὔ σφι θ. ἔργα μεμήγει""},{""biblio"":""Il. | 2.614"",""quote"":""οὔ σφι θ. ἔργα μεμήγει Il. 2.614""},{""biblio"":"""",""quote"":""κορῶναι εἰνάλιαι, τῇσίν τε θ. ἔργα μέμηλεν""},{""biblio"":""Od. | 5.67"",""quote"":""κορῶναι εἰνάλιαι, τῇσίν τε θ. ἔργα μέμηλεν Od. 5.67""},{""biblio"":"""",""quote"":""θ. βίος""},{""biblio"":""Archil. | 51"",""quote"":""θ. βίος Archil. 51""},{""biblio"":"""",""quote"":""χέλυς""},{""biblio"":""Alc. | 51"",""quote"":""χέλυς Alc. 51""},{""biblio"":"""",""quote"":""Χάριτες""},{""biblio"":""Lyr.Adesp. | 85.11"",""quote"":""Χάριτες Lyr.Adesp. 85.11""},{""biblio"":"""",""quote"":""τῇ χρόᾳ""},{""biblio"":""Plu. | 2.395b"",""quote"":""τῇ χρόᾳ Plu. 2.395b""}]","[""Alc. | 51"",""Archil. | 51"",""Il. | 2.614"",""Lyr.Adesp. | 85.11"",""Od. | 5.67"",""Plu. | 2.395b""]",{},"[{""type"":""ref"",""target"":"""",""text"":""ἁλουργής, στρώματα""},{""type"":"""",""target"":"""",""text"":""= ἁλουργής, στρώματα""}]",1,1,1,1,1,4,7,1,12
47746,9,51,n47746,θᾰλασσ-ίτης,,ὁ,,,"[""sunk in the sea, to ripen it, Plin. HN 14.78 .""]","[""sunk in the sea""]",[],[],[],{},[],1,1,0,0,0,1,1,0,0
47747,9,52,n47747,θᾰλασσο-βᾰφέω,,,,,"[""dye purple, Ph.Byz. Mir. 2.4 ( Pass. ).""]","[""dye purple""]",[],[],[],{},[],1,1,0,0,0,1,1,0,0
47748,9,53,n47748,θᾰλασσο-βᾰφής,,,,,"[""gloss on ἁλιπόρφυρος , Sch. Od. 6.53 .""]",[],[],[],[],{},"[{""type"":""ref"",""target"":"""",""text"":""ἁλιπόρφυρος""},{""type"":"""",""target"":"""",""text"":""gloss on ἁλιπόρφυρος""}]",1,0,0,0,1,1,0,0,0
47749,9,54,n47749,θᾰλασσο-βίωτος,,,,,"[""living on or by the sea, App. Pun. 89 :—also θᾰλασσό-βῐος,ον, Sch. Opp. H. 2.1 .""]","[""living on"",""by the sea""]",[],[],[],{},[],1,1,0,0,0,1,2,0,0
47750,9,55,n47750,θᾰλασσο-βρᾰχής,,,,,"[""soaked in brine, Antyll. ap. Orib. 8.12.3 .""]","[""soaked in brine""]",[],[],[],{},[],1,1,0,0,0,1,1,0,0
47751,9,56,n47751,θᾰλασσο-γενής,,,,,"[""sea-born, κήρυκες Archestr. Fr. 56.7 .""]","[""sea-born""]","[""γενέσθαι""]","[{""biblio"":"""",""quote"":""κήρυκες""},{""biblio"":""Archestr. | Fr. | 56.7"",""quote"":""κήρυκες Archestr. Fr. 56.7""}]","[""Archestr. | Fr. | 56.7""]",{},[],1,1,1,1,0,1,1,1,2
47752,9,57,n47752,θᾰλασσο-γράφος,,,,,"[""describing the sea, Tz. H. 1.843 .""]","[""describing the sea""]",[],[],[],{},[],1,1,0,0,0,1,1,0,0
47753,9,58,n47753,θᾰλασσ-οδο-μέτρης,,ὁ,,,"[""ship's log, Tz. H. 12.977 .""]","[""ship's log""]",[],[],[],{},[],1,1,0,0,0,1,1,0,0
47754,9,59,n47754,θᾰλασσο-ειδής,,,,,"[""like the sea, sea-green, Hp. Vid.Ac. 1 , Democr. Eph. 1 , Str. 17.1.35 ; χρῶμα Hero Aut. 30.6 .""]","[""like the sea, sea-green""]",[],"[{""biblio"":"""",""quote"":""χρῶμα""},{""biblio"":""Hero | Aut. | 30.6"",""quote"":""χρῶμα Hero Aut. 30.6""}]","[""Hero | Aut. | 30.6""]",{},[],1,1,0,1,0,1,1,0,2
47755,9,60,n47755,θᾰλασσό-κλυστος,,,,,"[""dashed by the sea, Sch.Barocc. S. Aj. 696 (= 704 ed. T.Johnson, Oxon. 1705 ).""]","[""dashed by the sea""]",[],[],[],{},[],1,1,0,0,0,1,1,0,0
47756,9,61,n47756,θᾰλασσο-κοπέω,,,,,"[""strike the sea with the oar, make a splash, metaph.in Ar. Eq. 830 , Lib. Decl. 26.18 .""]","[""strike the sea with the oar, make a splash""]","[""κόπτω""]",[],[],{},[],1,1,1,0,0,1,1,1,0
47757,9,62,n47757,θᾰλασσο-κράμβη,,ἡ,,,"[""sea-kale, Gp. 12.1.1 , Gal. 6.354 .""]","[""sea-kale,""]",[],[],[],{},[],1,1,0,0,0,1,1,0,0
47758,9,63,n47758,θᾰλασσο-κρᾰτέω,,,,,"[""to be master of the sea, Hdt. 3.122 , Th. 7.48 , Plb. 1.7.6 , Phylarch. 1 J. :— Pass. ,to be beaten at sea, Demetr.Com. Vet. 2 .""]","[""to be master of the sea"",""to be beaten at sea""]",[],[],[],{},[],1,1,0,0,0,1,2,0,0
47759,9,64,n47759,θᾰλασσο-κρᾰτία,,ἡ,,,"[""empire of the sea,ἡ Μίνω θ. Str. 1.3.2 .""]","[""empire of the sea""]",[],[],[],{},[],1,1,0,0,0,1,1,0,0
47760,9,65,n47760,θᾰλασσο-κράτωρ,,ὁ,,,"[""master of the sea, Hdt. 5.83 , Th. 8.63 , X. HG 1.6.2 .""]","[""master of the sea""]",[],[],[],{},[],1,1,0,0,0,1,1,0,0
47761,9,66,n47761,θᾰλασσο-μᾰχέω,,,,,"[""fight by sea, Vett.Val. 354.26 .""]","[""fight by sea""]",[],[],[],{},[],1,1,0,0,0,1,1,0,0
47762,9,67,n47762,θᾰλασσο-μάχος,,,,,"[""fighting by sea, A.D. Adv. 188.26 , Vett.Val. 18.35 .""]","[""fighting by sea""]",[],[],[],{},[],1,1,0,0,0,1,1,0,0
47763,9,68,n47763,θᾰλασσο-μέδων,,ὁ,,,"[""lord of the sea, Nonn. D. 21.95 : Lacon. fem.σαλασσομέδοισα Alcm. 84 .""]","[""lord of the sea""]",[],[],[],{},[],1,1,0,0,0,1,1,0,0
47764,9,69,n47764,θᾰλασσό-μελι,,τό,,,"[""drink of brine and honey, Dsc. 5.12 .""]","[""drink of brine and honey""]",[],[],[],{},[],1,1,0,0,0,1,1,0,0
47765,9,70,n47765,θᾰλασσο-μῐγής,,,,,"[""mixed with sea-water, Hsch. s.v. ἁλικίανες .""]","[""mixed with sea-water""]",[],[],[],{},"[{""type"":""ref"",""target"":"""",""text"":""ἁλικίανες""},{""type"":"""",""target"":"""",""text"":""s.v. ἁλικίανες""}]",1,1,0,0,1,1,1,0,0
47766,9,71,n47766,θᾰλασσό-μοθος,,,,,"[""fighting with the sea, Nonn. D. 39.370 .""]","[""fighting with the sea""]",[],[],[],{},[],1,1,0,0,0,1,1,0,0
47767,9,72,n47767,θᾰλασσο-νόμος,,,,,"[""dwelling in the sea, Emp. 76.1 , Nonn. D. 37.265 .""]","[""dwelling in the sea""]",[],[],[],{},[],1,1,0,0,0,1,1,0,0
47768,9,73,n47768,θᾰλασσό-παις,,ὁ,,,"[""child of the sea, Lyc. 892 .""]","[""child of the sea""]",[],[],[],{},[],1,1,0,0,0,1,1,0,0
47769,9,74,n47769,θᾰλασσό-πλαγκτος,,,,,"[""made to wander o'er the sea, seatost, of ships, A. Pr. 467 ; of a corpse, E. Hec. 782 :—also θᾰλασσο-πλάνητος[πλᾰ],ον , Sch. Opp. H. 4.582 .""]","[""made to wander o'er the sea, seatost""]","[""πλάζω""]",[],[],{},[],1,1,1,0,0,1,1,1,0
47770,9,75,n47770,θᾰλασσό-πληκτος,,,,,"[""sea-beaten, νῆσος A. Pers. 307 .""]","[""sea-beaten""]","[""πλήσσω""]","[{""biblio"":"""",""quote"":""νῆσος""},{""biblio"":""A. | Pers. | 307"",""quote"":""νῆσος A. Pers. 307""}]","[""A. | Pers. | 307""]",{},[],1,1,1,1,0,1,1,1,2
47771,9,76,n47771,θᾰλασσό-πλοος,,,,,"[""gloss on ποντοπόρος , Hsch.""]",[],[],[],[],{},"[{""type"":""ref"",""target"":"""",""text"":""ποντοπόρος""},{""type"":"""",""target"":"""",""text"":""gloss on ποντοπόρος""}]",1,0,0,0,1,1,0,0,0
47772,9,77,n47772,θᾰλασσο-ποιός,,,,,"[""sea-making, [δύναμις] Porph. ap. Eus. PE 3.11 .""]","[""sea-making""]",[],[],[],{},[],1,1,0,0,0,1,1,0,0
47773,9,78,n47773,θᾰλασσο-πορέω,,,,,"[""traverse the sea, Call. Epigr. 59 .""]","[""traverse the sea""]",[],[],[],{},[],1,1,0,0,0,1,1,0,0
47774,9,79,n47774,θᾰλασσο-πόρος,,,,,"[""sea-faring, AP 6.27.7 ( Theaet. ), 9.376 ; ὑμέναιοι Musae. 2 .""]","[""sea-faring,""]",[],"[{""biblio"":"""",""quote"":""ὑμέναιοι""},{""biblio"":""Musae. | 2"",""quote"":""ὑμέναιοι Musae. 2""}]","[""Musae. | 2""]",{},[],1,1,0,1,0,1,1,0,2
47775,9,80,n47775,θᾰλασσο-πόρφῠρος,,,,,"[""= ἁλιπόρφυρος , Suid. s.v. ἁλουργά , AB 379 .""]",[],[],[],[],{},"[{""type"":""ref"",""target"":"""",""text"":""ἁλιπόρφυρος""},{""type"":"""",""target"":"""",""text"":""= ἁλιπόρφυρος""},{""type"":""ref"",""target"":"""",""text"":""ἁλουργά""},{""type"":"""",""target"":"""",""text"":""s.v. ἁλουργά""}]",1,0,0,0,1,1,0,0,0
47776,9,81,n47776,θᾰλασσό-πρᾰσον,,τό,,,"[""sea-weed, Ath.Mech. 18.5 .""]","[""sea-weed""]",[],[],[],{},[],1,1,0,0,0,1,1,0,0
47777,9,82,n47777,θᾰλασσό-σημος,,,,,"[""= θαλασσοπόρφυρος ,Tab. Defix.Aud. 41 A 1 (Megara,i A.D.).""]","[""Tab. Defix.Aud.""]",[],[],[],{},"[{""type"":""ref"",""target"":"""",""text"":""θαλασσοπόρφυρος""},{""type"":"""",""target"":"""",""text"":""= θαλασσοπόρφυρος""}]",1,1,0,0,1,1,1,0,0
47778,9,83,n47778,θᾰλασσο-τείχιστος,,,,,"[""gloss on ἁλιερκής , Sch. Pi. O. 8.34 .""]",[],[],[],[],{},"[{""type"":""ref"",""target"":"""",""text"":""ἁλιερκής""},{""type"":"""",""target"":"""",""text"":""gloss on ἁλιερκής""}]",1,0,0,0,1,1,0,0,0
47779,9,84,n47779,θᾰλασσό-τοκος,,,,,"[""sea-born, Nonn. D. 39.341 .""]","[""sea-born""]",[],[],[],{},[],1,1,0,0,0,1,1,0,0
47780,9,85,n47780,θᾰλασσουργ-έω,,,,,"[""to be busy with the sea, Plb. 6.52.1 , Str. 6.1.1 , Max. Tyr. 22.3 , etc.""]","[""to be busy with the sea""]",[],[],[],{},[],1,1,0,0,0,1,1,0,0
47781,9,86,n47781,θᾰλασσουργ-ία,,ἡ,,,"[""business on the sea, fishing, etc., Hp. Vict. 3.68 (pl.), Them. Or. 24.305d .""]","[""business on the sea, fishing""]",[],[],[],{},[],1,1,0,0,0,1,1,0,0
47782,9,87,n47782,θᾰλασσουργ-ός,Adj.,ὁ,,,"[""one who works on the sea, a fisherman or sailor, Charon 10 , X. Oec. 16.7 , Plb. 10.8.5 : as Adj., θ. ἔθνος Philostr. VA 4.32 .""]","[""one who works on the sea, a fisherman"",""sailor""]",[],"[{""biblio"":"""",""quote"":""θ. ἔθνος""},{""biblio"":""Philostr. | VA | 4.32"",""quote"":""θ. ἔθνος Philostr. VA 4.32""}]","[""Philostr. | VA | 4.32""]",{},[],1,1,0,1,0,1,2,0,2
47783,9,88,n47783,θᾰλασσ-όω,,,,,"[""make or changeinto sea, ἠπείρους Arist. Mu. 400a27 ; Νεῖλος θ. τὴν Αἴγυπτον Hld. 2.28 ."",""purify with sea-water, Hsch. ( Pass. )."",""Pass. ,ναῦς θαλαττοῦται she leaks, Plb. 16.15.2 ."",""of wine,to be mixed with sea-water, Thphr. CP 6.7.6 ; οἶνοι τεθαλασσωμένοι Ath. 1.32d , cf. Gal. 13.247 (sg.), POxy. 468 (iii A.D.)."",""Med. ,to be a sea-faring man, Luc. Ner. 1 .""]","[""make"",""changeinto sea"",""purify with sea-water"",""leaks"",""to be mixed with sea-water"",""to be a sea-faring man""]",[],"[{""biblio"":"""",""quote"":""ἠπείρους""},{""biblio"":""Arist. | Mu. | 400a27"",""quote"":""ἠπείρους Arist. Mu. 400a27""},{""biblio"":"""",""quote"":""Νεῖλος θ. τὴν Αἴγυπτον""},{""biblio"":""Hld. | 2.28"",""quote"":""Νεῖλος θ. τὴν Αἴγυπτον Hld. 2.28""},{""biblio"":"""",""quote"":""οἶνοι τεθαλασσωμένοι""},{""biblio"":""Ath. | 1.32d"",""quote"":""οἶνοι τεθαλασσωμένοι Ath. 1.32d""}]","[""Arist. | Mu. | 400a27"",""Ath. | 1.32d"",""Hld. | 2.28""]",{},[],1,1,0,1,0,5,6,0,6
47784,9,89,n47784,θᾰλασσ-ώδης,,,,,"[""= θαλασσοειδής, λίμνη Hanno Peripl. 14 ; gloss on οἰδματόεις , Sch. Opp. H. 5.273 .""]",[],[],[],[],{},"[{""type"":""ref"",""target"":"""",""text"":""θαλασσοειδής, λίμνη""},{""type"":"""",""target"":"""",""text"":""= θαλασσοειδής, λίμνη""},{""type"":""ref"",""target"":"""",""text"":""οἰδματόεις""},{""type"":"""",""target"":"""",""text"":""gloss on οἰδματόεις""}]",1,0,0,0,1,1,0,0,0
47785,9,90,n47785,θᾰλάσσ-ωσις,,ἡ,,,"[""inundation, submergence, Thphr. Fr. 30.3 , Ph. 2.174 .""]","[""inundation, submergence""]",[],[],[],{},[],1,1,0,0,0,1,1,0,0
47786,9,91,n47786,θάλαττα,,,,,"[""θάλαττα,θᾰλασσ-ττεύω,θᾰλάσσ-ττιος, etc., Att. for θάλασσα, etc.""]",[],[],[],[],{},[],1,0,0,0,0,1,0,0,0
47787,9,92,n47787,θάλεα,,τά,,,"[""good cheer, happy thoughts, of the sleeping Astyanax, θαλέων ἐμπλησάμενος κῆρ Il. 22.504 ; ἐν σάλεσσι πολλοῖς ἥμενος Alcm. 10 ; θαλέεσσιν ἀνατρέφειν τινά Call. Fr. anon. 31 .—In form and accent pl. of θάλος, in meaning closer to θάλεια, θαλία.""]","[""good cheer, happy thoughts"",""Fr. anon.""]",[],"[{""biblio"":"""",""quote"":""θαλέων ἐμπλησάμενος κῆρ""},{""biblio"":""Il. | 22.504"",""quote"":""θαλέων ἐμπλησάμενος κῆρ Il. 22.504""},{""biblio"":"""",""quote"":""ἐν σάλεσσι πολλοῖς ἥμενος""},{""biblio"":""Alcm. | 10"",""quote"":""ἐν σάλεσσι πολλοῖς ἥμενος Alcm. 10""},{""biblio"":"""",""quote"":""θαλέεσσιν ἀνατρέφειν τινά""},{""biblio"":""Call."",""quote"":""θαλέεσσιν ἀνατρέφειν τινά Call.""}]","[""Alcm. | 10"",""Call."",""Il. | 22.504""]",{},[],1,1,0,1,0,1,2,0,6
47788,9,93,n47788,θᾰλέθω,,,,,"[""bloom, thrive, used by Hom. only in part., θάμνος ἐλαίης . . θαλέθων Od. 23.191 , cf. Ibyc. 1.6 , A.R. 2.843 ; βίου θαλέθοντος Emp. 20.3 ; of men, ἠί̈θεοι θαλέθοντες Od. 6.63 ; θαλέθοντα τόκον IG 14.1363 ; θαλέθεσκες ἐν εἴαρι AP 11.374 ( Maced. ); αἰεὶ θαλέθοντι βίῳ Lyr.Adesp. 98 (= Trag.Adesp. 373 );σύες θαλέθοντες ἀλοιφῇ swelling, wantoning in fat, Il. 9.467 , cf. 23.32 : c. acc., ποίην λειμῶνες θαλέθουσιν Theoc. 25.16 .""]","[""bloom, thrive"",""swelling, wantoning""]",[],"[{""biblio"":"""",""quote"":""θάμνος ἐλαίης . . θαλέθων""},{""biblio"":""Od. | 23.191"",""quote"":""θάμνος ἐλαίης . . θαλέθων Od. 23.191""},{""biblio"":"""",""quote"":""βίου θαλέθοντος""},{""biblio"":""Emp. | 20.3"",""quote"":""βίου θαλέθοντος Emp. 20.3""},{""biblio"":"""",""quote"":""ἠί̈θεοι θαλέθοντες""},{""biblio"":""Od. | 6.63"",""quote"":""ἠί̈θεοι θαλέθοντες Od. 6.63""},{""biblio"":"""",""quote"":""θαλέθοντα τόκον""},{""biblio"":""IG | 14.1363"",""quote"":""θαλέθοντα τόκον IG 14.1363""},{""biblio"":"""",""quote"":""θαλέθεσκες ἐν εἴαρι""},{""biblio"":""AP | 11.374"",""quote"":""θαλέθεσκες ἐν εἴαρι AP 11.374""},{""biblio"":"""",""quote"":""αἰεὶ θαλέθοντι βίῳ""},{""biblio"":""Lyr.Adesp. | 98"",""quote"":""αἰεὶ θαλέθοντι βίῳ Lyr.Adesp. 98""},{""biblio"":"""",""quote"":""ποίην λειμῶνες θαλέθουσιν""},{""biblio"":""Theoc. | 25.16"",""quote"":""ποίην λειμῶνες θαλέθουσιν Theoc. 25.16""}]","[""AP | 11.374"",""Emp. | 20.3"",""IG | 14.1363"",""Lyr.Adesp. | 98"",""Od. | 23.191"",""Od. | 6.63"",""Theoc. | 25.16""]",{},[],1,1,0,1,0,1,2,0,14
47789,9,94,n47789,θάλεια,Adj.,ἡ,,,"[""rich, plentiful,: in Ep. always of banquets, θεῶν ἐν δαιτὶ θαλείῃ Od. 8.76 , Hes. Op. 742 ; θεοῦ ἐς δαῖτα θάλειαν Od. 3.420 , cf. 8.99 , Il. 7.475 ; so later, Pherecr. 152 ;πίνειν ἐν δαιτὶ θ. Hermipp. 82.11 ; θ. ἑορτὴν ἀγάγωμεν Anacr. 54 ; Δαὶς θ., πρεσβίστη θεῶν S. Fr. 605 ;μοῖραν θάλειαν a goodly portion, Pi. N. 10.53 ;θ. ἥβα bloom of youth, B. 3.89 ; without δαίς, dub. cj. for θαλάσσης in Alex. Aet. 3.15 : in form and accent (cf.ἐλάχεια, λίγεια and Eust. 742.36 ) a fem.Adj., as if from θαλύς: masc. θαλείοις στέφεσιν Emp. 112.6 ."",""as Subst., = θαλία 1 , in pl., Pl. R. 573d (nisi hoc legend.)."",""v. θαλλία 11 ."",""as pr. n.,Θάλεια,ἡ , one of the Muses, Hes. Th. 77 ; later, the Muse of Comedy, Θαλίη AP 9.505 , cf. Plu. 2.744f , 746c ."",""one of the Graces,patroness of festive meetings, ib. 778d ;Θαλίη in Hes. Th. 909 ."",""Pythag. name for six, Theol.Ar. 38 .""]","[""rich, plentiful"",""a goodly"",""bloom of youth"",""patroness of festive meetings"",""six,""]",[],"[{""biblio"":"""",""quote"":""θεῶν ἐν δαιτὶ θαλείῃ""},{""biblio"":""Od. | 8.76"",""quote"":""θεῶν ἐν δαιτὶ θαλείῃ Od. 8.76""},{""biblio"":"""",""quote"":""θεοῦ ἐς δαῖτα θάλειαν""},{""biblio"":""Od. | 3.420"",""quote"":""θεοῦ ἐς δαῖτα θάλειαν Od. 3.420""},{""biblio"":"""",""quote"":""θ. ἑορτὴν ἀγάγωμεν""},{""biblio"":""Anacr. | 54"",""quote"":""θ. ἑορτὴν ἀγάγωμεν Anacr. 54""},{""biblio"":"""",""quote"":""Δαὶς θ., πρεσβίστη θεῶν""},{""biblio"":""S. | Fr. | 605"",""quote"":""Δαὶς θ., πρεσβίστη θεῶν S. Fr. 605""},{""biblio"":"""",""quote"":""θαλείοις στέφεσιν""},{""biblio"":""Emp. | 112.6"",""quote"":""θαλείοις στέφεσιν Emp. 112.6""},{""biblio"":"""",""quote"":""Θαλίη""},{""biblio"":""AP | 9.505"",""quote"":""Θαλίη AP 9.505""}]","[""AP | 9.505"",""Anacr. | 54"",""Emp. | 112.6"",""Od. | 3.420"",""Od. | 8.76"",""S. | Fr. | 605""]",{},"[{""type"":""ref"",""target"":"""",""text"":""θαλία""},{""type"":"""",""target"":"""",""text"":""= θαλία""},{""type"":""ref"",""target"":"""",""text"":""θαλλία""},{""type"":"""",""target"":"""",""text"":""v. θαλλία""}]",1,1,0,1,1,6,5,0,12
47790,9,95,n47790,θᾰλερόμμᾰτος,,,,,"[""bright-eyed, αἰθήρ Orph. H. 80.5 .""]","[""bright-eyed""]",[],"[{""biblio"":"""",""quote"":""αἰθήρ""},{""biblio"":""Orph. | H. | 80.5"",""quote"":""αἰθήρ Orph. H. 80.5""}]","[""Orph. | H. | 80.5""]",{},[],1,1,0,1,0,1,1,0,2
47791,9,96,n47791,θᾰλεροποιός,,,,,"[""making full of bloom, Sch. Hes. Th. 138 .""]","[""making full of bloom""]",[],[],[],{},[],1,1,0,0,0,1,1,0,0
47792,9,97,n47792,θᾰλερός,,,,,"[""stout, sturdy, buxom, in Hom. of persons,θ. αἰζηοί, πόσις, παρακοίτης, Il. 3.26 , 8.190 , 6.430 , cf. Pi. N. 1.71 ; γόνος h.Ven. 104 ; τοκεύς Hes. Th. 138 ."",""blooming, fresh,θ. γάμος the marriage of a youthful pair, Od. 6.66 , 20.74 ; Ὀϊκλῆος θ. λέχος εἰσαναβᾶσα Hes. Cat.Oxy. 2075.25 ; θαλερὸς ἥβης χρόνος E. El. 20 ; πρωθήβης ἔαρος θαλερώτερος Alex.Aet. 3.7 ; of plants, ἀμάρακος Chaerem. 14.16 ; ἄνθεον IG 12(7).410.17 (Amorgos)."",""of parts of the body,stout, sturdy, μηρώ Il. 15.113 ;χαίτη luxuriant mane, 17.439 ;θ. ἀλοιφή rich fat, Od. 8.476 : hence generally,θ. κατὰ δάκρυ χέουσα shedding big tears, Il. 6.496 , cf. 24.9 , 794 , etc.; θ. δέ οἱ ἔκπεσε δάκρυ 2.266 ; θαλερώτερα δάκρυα Mosch. 4.56 (so θαλερώτερον ἔκλαεν Theoc. 14.32 );θ. γόος the thick and frequent sob, Od. 10.457 ;θ. φωνή strong voice, Il. 17.696 , al.;μῦθοι impassioned, torrential, A.R. 4.1072 ;θαλερώτερον πνεῦμα a more genial wind, dub. in A. Th. 707 (lyr.);θαλερὸν πνεῦμα thick, i.e.laboured or rapid, breathing, v.l. for θολερὸν πν . in Hp. Prorrh. 1.39 , cf. Gal. 16.596 ;θ. ὕπνος deep sleep, E. Ba. 692 ."",""later θ. πρόσωπον, glossed by εὐεκτικὸν καὶ εὔχρουν, Gal. 16.596 ;τὸ σῶμα τοῦ ζῴου, μέχρι μὲν ἔμπνουν ἐστὶ καὶ θ. Plu. 2.955c , cf. E. Supp. 62 (lyr.).""]","[""stout, sturdy, buxom"",""blooming, fresh"",""of a youthful pair"",""stout, sturdy"",""luxuriant"",""rich"",""big"",""thick and frequent"",""strong"",""impassioned, torrential"",""more genial"",""thick"",""laboured"",""rapid"",""deep""]","[""θάλλω, θᾰλεῖν""]","[{""biblio"":"""",""quote"":""γόνος""},{""biblio"":""h.Ven. | 104"",""quote"":""γόνος h.Ven. 104""},{""biblio"":"""",""quote"":""τοκεύς""},{""biblio"":""Hes. | Th. | 138"",""quote"":""τοκεύς Hes. Th. 138""},{""biblio"":"""",""quote"":""Ὀϊκλῆος θ. λέχος εἰσαναβᾶσα""},{""biblio"":""Hes. | Cat.Oxy. | 2075.25"",""quote"":""Ὀϊκλῆος θ. λέχος εἰσαναβᾶσα Hes. Cat.Oxy. 2075.25""},{""biblio"":"""",""quote"":""θαλερὸς ἥβης χρόνος""},{""biblio"":""E. | El. | 20"",""quote"":""θαλερὸς ἥβης χρόνος E. El. 20""},{""biblio"":"""",""quote"":""πρωθήβης ἔαρος θαλερώτερος""},{""biblio"":""Alex.Aet. | 3.7"",""quote"":""πρωθήβης ἔαρος θαλερώτερος Alex.Aet. 3.7""},{""biblio"":"""",""quote"":""ἀμάρακος""},{""biblio"":""Chaerem. | 14.16"",""quote"":""ἀμάρακος Chaerem. 14.16""},{""biblio"":"""",""quote"":""ἄνθεον""},{""biblio"":""IG | 12(7).410.17"",""quote"":""ἄνθεον IG 12(7).410.17""},{""biblio"":"""",""quote"":""μηρώ""},{""biblio"":""Il. | 15.113"",""quote"":""μηρώ Il. 15.113""},{""biblio"":"""",""quote"":""θ. δέ οἱ ἔκπεσε δάκρυ""},{""biblio"":""2.266"",""quote"":""θ. δέ οἱ ἔκπεσε δάκρυ 2.266""},{""biblio"":"""",""quote"":""θαλερώτερα δάκρυα""},{""biblio"":""Mosch. | 4.56"",""quote"":""θαλερώτερα δάκρυα Mosch. 4.56""},{""biblio"":"""",""quote"":""θαλερώτερον ἔκλαεν""},{""biblio"":""Theoc. | 14.32"",""quote"":""θαλερώτερον ἔκλαεν Theoc. 14.32""}]","[""2.266"",""Alex.Aet. | 3.7"",""Chaerem. | 14.16"",""E. | El. | 20"",""Hes. | Cat.Oxy. | 2075.25"",""Hes. | Th. | 138"",""IG | 12(7).410.17"",""Il. | 15.113"",""Mosch. | 4.56"",""Theoc. | 14.32"",""h.Ven. | 104""]",{},"[{""type"":""ref"",""target"":"""",""text"":""θολερὸν πν""},{""type"":"""",""target"":"""",""text"":""v.l. for θολερὸν πν""}]",1,1,1,1,1,4,15,1,22
47793,9,98,n47793,θᾰλερῶπις,,ἡ,,,"[""= θαλερόμματος, Ἠριγένεια AP 7.204 ( Agath. ).""]",[],[],[],[],{},"[{""type"":""ref"",""target"":"""",""text"":""θαλερόμματος, Ἠριγένεια""},{""type"":"""",""target"":"""",""text"":""= θαλερόμματος, Ἠριγένεια""}]",1,0,0,0,1,1,0,0,0
47794,9,99,n47794,θᾱλέω,,,,,"[""θᾱλέω, Dor. for θηλέω(q.v.).""]",[],[],[],[],{},[],1,0,0,0,0,1,0,0,0
47795,9,100,n47795,θᾰλέω,,,,,"[""= θαλέθω , Q.S. 11.96 codd., Nonn. D. 16.78 ; θαλέων Hp. Insomn. 90 ;θαλέεσκε v.l. for θαλέθεσκε in Mosch. 2.67 .""]",[],[],"[{""biblio"":"""",""quote"":""θαλέων""},{""biblio"":""Hp. | Insomn. | 90"",""quote"":""θαλέων Hp. Insomn. 90""}]","[""Hp. | Insomn. | 90""]",{},"[{""type"":""ref"",""target"":"""",""text"":""θαλέθω""},{""type"":"""",""target"":"""",""text"":""= θαλέθω""},{""type"":""ref"",""target"":"""",""text"":""θαλέθεσκε""},{""type"":"""",""target"":"""",""text"":""v.l. for θαλέθεσκε""}]",1,0,0,1,1,1,0,0,2
47796,9,101,n47796,Θᾰλῆς,,ὁ,,,"[""Θαλοῦ Str. 1.1.11 ; and in Poets Θάλητος, acc.Θάλητα, Call. Fr. 94 , 96 , Epigr. ap. D.L. 1.34 , 39 :—Thales of Miletus, Hdt. 1.74 , etc.""]",[],[],"[{""biblio"":"""",""quote"":""Θαλοῦ""},{""biblio"":""Str. | 1.1.11"",""quote"":""Θαλοῦ Str. 1.1.11""}]","[""Str. | 1.1.11""]",{},[],1,0,0,1,0,1,0,0,2
47797,9,102,n47797,θᾰλία,,ἡ,,,"[""abundance, good cheer, τρέφεται θαλίῃ ἔνι πολλῇ Il. 9.143 , 285 : in pl.,festivities, μετ' ἀθανάτοισι θεοῖσι τέρπεται ἐν θαλίῃς Od. 11.603 , cf. h.Merc. 56 , Hes. Op. 115 , Archil. 9 , Xenoph. 1.12 (sg.), Pi. O. 7.94 , Trag.Adesp. 397 (anap.), Ar. Nu. 309 , Pax 780 (both lyr.), Av. 733 (anap.); εἶναι ἐν θαλίῃσι Hdt. 3.27 ; θ. κισσοφόροι E. Ba. 384 (lyr.); of a funeral-feast,ἀμφ' ὁσίῃ θαλίῃ . . ἄνακτος Orac. ap. Plu. Arat. 53 ."",""v. θαλλία 11 ."",""as pr. n., v. θάλεια 111 .""]","[""abundance, good cheer"",""festivities"",""funeral-feast""]","[""θάλλω""]","[{""biblio"":"""",""quote"":""τρέφεται θαλίῃ ἔνι πολλῇ""},{""biblio"":""Il. | 9.143"",""quote"":""τρέφεται θαλίῃ ἔνι πολλῇ Il. 9.143""},{""biblio"":"""",""quote"":""μετ' ἀθανάτοισι θεοῖσι τέρπεται ἐν θαλίῃς""},{""biblio"":""Od. | 11.603"",""quote"":""μετ' ἀθανάτοισι θεοῖσι τέρπεται ἐν θαλίῃς Od. 11.603""},{""biblio"":"""",""quote"":""εἶναι ἐν θαλίῃσι""},{""biblio"":""Hdt. | 3.27"",""quote"":""εἶναι ἐν θαλίῃσι Hdt. 3.27""},{""biblio"":"""",""quote"":""θ. κισσοφόροι""},{""biblio"":""E. | Ba. | 384"",""quote"":""θ. κισσοφόροι E. Ba. 384""}]","[""E. | Ba. | 384"",""Hdt. | 3.27"",""Il. | 9.143"",""Od. | 11.603""]",{},"[{""type"":""ref"",""target"":"""",""text"":""θαλλία""},{""type"":"""",""target"":"""",""text"":""v. θαλλία""},{""type"":""ref"",""target"":"""",""text"":""θάλεια""},{""type"":"""",""target"":"""",""text"":""v. θάλεια""}]",1,1,1,1,1,3,3,1,8
47798,9,103,n47798,θᾰλιάζω,,,,,"[""enjoy oneself, make merry, Plu. 2.746f , al. (θαλειάζω ib. 357e );ἑορτὴν θ. Polyaen. 4.15 .""]","[""enjoy oneself, make merry""]",[],[],[],{},[],1,1,0,0,0,1,1,0,0
47799,9,104,n47799,θάλικτρον,,τό,,,"[""Thalictrum minus, meadow-rue, Dsc. 4.97 (sed fort.θαλίητρον:θαλίηκτρον Gal. 11.884 ).""]","[""Thalictrum minus, meadow-rue""]",[],[],[],{},[],1,1,0,0,0,1,1,0,0
47800,9,105,n47800,θαλιοποιοί,,,,,"[""leather-covered-box-makers, Hsch. (Cf.σαλία, θολία.)""]","[""leather-covered-box-makers""]",[],[],[],{},[],1,1,0,0,0,1,1,0,0
47801,9,106,n47801,θαλλία,,ἡ,,,"[""= κάππαρις , Dsc. 2.173 ."",""foliage, leaf-buds or twigs, esp. of the olive, Thphr. CP 5.1.3 (cod. Urb.), Ath. 11.459 , Dsc. 5.75 (v.l. in 2.70 ), Antyll. ap. Orib. 10.23.20 , Aët. 6.29 : pl., Thphr. CP 1.20.3 (θαλλίας cod. Urb.,θαλείας vulg. as in 3.5.1 (sg.), Porph. Antr. 33 ); in codd. sts.θαλία, as Thphr. HP 2.2.12 , 2.3.3 ,v.l. in CP 5.1.3 ; βάτου θαλία Sor. 2.41 .""]","[""foliage, leaf-buds"",""twigs""]",[],"[{""biblio"":"""",""quote"":""βάτου θαλία""},{""biblio"":""Sor. | 2.41"",""quote"":""βάτου θαλία Sor. 2.41""}]","[""Sor. | 2.41""]",{},"[{""type"":""ref"",""target"":"""",""text"":""κάππαρις""},{""type"":"""",""target"":"""",""text"":""= κάππαρις""}]",1,1,0,1,1,2,2,0,2
47802,9,107,n47802,θάλλῐνος,,,,,"[""of or for young shoots, στέφανος IG 12(1).162.3 (Rhodes);ἀγγεῖα Sch. Ar. Av. 799 :θαλλῐνώδης,ες,covered with shoots, of the Wooden Horse, Cyr.""]","[""of"",""for young shoots"",""covered with shoots""]","[""θαλλός""]","[{""biblio"":"""",""quote"":""στέφανος""},{""biblio"":""IG | 12(1).162.3"",""quote"":""στέφανος IG 12(1).162.3""}]","[""IG | 12(1).162.3""]",{},[],1,1,1,1,0,1,3,1,2
47803,9,108,n47803,θαλλίον,,τό,,,"[""presents(cf. θαλλός 111 ), POxy. 1481.7 (ii A.D.): pl. written θάλεια, Wilcken Chr. 323.20 (ii A.D.).""]","[""presents""]",[],"[{""biblio"":"""",""quote"":""θαλλός""},{""biblio"":""111"",""quote"":""θαλλός 111""}]","[""111""]",{},[],1,1,0,1,0,1,1,0,2
47804,9,109,n47804,θαλλός,,ὁ,,,"[""young shoot, young branch, Od. 17.224 , S. El. 422 , Theoc. 4.45 , etc.: generally,branch, Gp. 11.10.3 ; esp. of the olive (cf. Tim. Lex. s.v. θαλλός ) , ἐστεφανῶσθαι ἐλαίης θαλλῷ Hdt. 7.19 ;ἐλαίας θ. E. IT 1101 (lyr.); and freq. without ἐλαίας, A. Ch. 1035 , S. OC 474 , etc.;ἱκτὴρ θ. E. Supp. 10 , cf. A. Ch. 1035 ; θ. χρυσοῦς IG 12.287.200 ;στεφανῶσαι θαλλοῦ στεφάνῳ as a mark of distinction, Aeschin. 3.187 , cf. IG 22.207 , 229 , Phld. Ind.Sto. 68 , etc.; στέφανος θαλλοῦ χρυσοῦς IG 22.1388.33 ; στέφανος τὸ νικητήριον θαλλοῦ Pl. Lg. 943c ; prov.,θαλλὸν προσείοντες ἄγουσι they entice, as one does cattle, by holding out a green bough, Id. Phdr. 23o d; θαλλῷ προδειχθέντι ἀκολουθεῖν Luc. Herm. 68 , cf. Lib. Ep. 212.3 ."",""θαλλοί,οἱ ,palm-leaves, which were plaited into baskets, Gp. 10.6.2 ."",""gift(prob. at first a branch, later in other forms) given to a landlord by one whose bid for a lease was accepted, UPZ 112 iii 15 (ii B.C.); repeated annually, θαλλῶν κατ' ἔτος ἄρτων ἡμιαρτ αβίου καὶ ἀλέκτορος PRyl. 167.16 (i A.D.), etc.; esp. at festivals, PAmh. 2.93.11 (ii A.D.);gratuity additional to wages, PCair.Preis. 31.21 (ii A.D.); any gift given annually at a festival, Ps.-Callisth. 1.32 .""]","[""young shoot, young branch"",""branch,"",""a green bough"",""palm-leaves"",""gift"",""gratuity"",""gift""]","[""θάλλω""]","[{""biblio"":"""",""quote"":"", ἐστεφανῶσθαι ἐλαίης θαλλῷ""},{""biblio"":""Hdt. | 7.19"",""quote"":"", ἐστεφανῶσθαι ἐλαίης θαλλῷ Hdt. 7.19""},{""biblio"":"""",""quote"":""θ. χρυσοῦς""},{""biblio"":""IG | 12.287.200"",""quote"":""θ. χρυσοῦς IG 12.287.200""},{""biblio"":"""",""quote"":""στέφανος θαλλοῦ χρυσοῦς""},{""biblio"":""IG | 22.1388.33"",""quote"":""στέφανος θαλλοῦ χρυσοῦς IG 22.1388.33""},{""biblio"":"""",""quote"":""στέφανος τὸ νικητήριον θαλλοῦ""},{""biblio"":""Pl. | Lg. | 943c"",""quote"":""στέφανος τὸ νικητήριον θαλλοῦ Pl. Lg. 943c""},{""biblio"":"""",""quote"":""θαλλῷ προδειχθέντι ἀκολουθεῖν""},{""biblio"":""Luc. | Herm. | 68"",""quote"":""θαλλῷ προδειχθέντι ἀκολουθεῖν Luc. Herm. 68""},{""biblio"":"""",""quote"":""θαλλῶν κατ' ἔτος ἄρτων ἡμιαρτ αβίου καὶ ἀλέκτορος""},{""biblio"":""PRyl. | 167.16"",""quote"":""θαλλῶν κατ' ἔτος ἄρτων ἡμιαρτ αβίου καὶ ἀλέκτορος PRyl. 167.16""}]","[""Hdt. | 7.19"",""IG | 12.287.200"",""IG | 22.1388.33"",""Luc. | Herm. | 68"",""PRyl. | 167.16"",""Pl. | Lg. | 943c""]",{},"[{""type"":""ref"",""target"":"""",""text"":""θαλλός""},{""type"":"""",""target"":"""",""text"":""s.v. θαλλός""}]",1,1,1,1,1,3,7,1,12
47805,9,110,n47805,θαλλο-φᾰγέω,,,,,"[""eat young olive-shoots, Ath. 11.587a .""]","[""eat young olive-shoots""]",[],[],[],{},[],1,1,0,0,0,1,1,0,0
47806,9,111,n47806,θαλλο-φορέω,,,,,"[""carry olive-shoots, Cratin. 31 , Pherecr. 57 , Dicaearch.Hist. 46 .""]","[""carry olive-shoots""]",[],[],[],{},[],1,1,0,0,0,1,1,0,0
47807,9,112,n47807,θαλλο-φόρος,,,,783,"[""carrying young olive-shoots, as the old men did at the Panathenaea, Ar. V. 544 (lyr.), X. Smp. 4.17 ; as a name of Heracles, IG 14.904 .""]","[""carrying young olive-shoots""]",[],[],[],{},[],1,1,0,0,0,1,1,0,0
47808,9,113,n47808,θάλλω,Adj.,,,,"[""θάλε h.Hom. 19.33 ; ἀν-έθαλον LXX Wi. 4.4 , Ep.Phil. 4.10 :pf. τέθηλα, in Hom. only part.in pres.sense τεθηλώς, Ep. fem.τεθᾰλυῖα, and 3 sg. plpf. τεθήλει Od. 5.69 ;3 sg.ind. τέθηλε Hes. Op. 227 , Emp. 77 , S. Ph. 259 ; Aeol. and Dor. τέθᾱλα Sapph. Supp. 25.12 , Pi. Fr. 129.5 , B. 9.40 , IG 3.171 ;subj. τεθήλῃ Epigr. ap. Pl. Phdr. 264d ;inf. τεθηλέναι Id. Cra. 414a ;part. τεθᾱλώς prob. in A. Supp. 107 (lyr.):— Pass. ,fut. θᾰλήσομαι(ἀνα-) AP 7.281 ( Heraclid. ): (cf.θηλέω):—sprout, grow, thrive, esp. of fruit-trees, ἐρινεὸς . . φύλλοισι τεθηλώς Od. 12.103 ;τεθήλει δὲ σταφυλῇσι, of a vine, 5.69 ;ἄνθεσι γαῖα θάλλει h.Cer.l.c.; < δένδρεα> τέθηλε καρπῶν ἀφθονίῃσι Emp. 77 ; ὦ χρυσέᾳ κόμᾳ θάλλων Λοξία Pi. I. 7(6).49 ; πώγωνι θάλλων S. Ichn. 358 : abs., καρπὸν τρὶς ἔτεος θάλλοντα Hes. Op. 173 ; θάλλει κατ' ἦμαρ αἰεὶ νάρκισσος S. OC 681 (lyr.), etc.: freq. in pf. part., as Adj.,luxuriant, τεθαλυῖά τ' ὀπώρη Od. 11.192 ; τεθαλυῖά τ' ἀλωή 6.293 : also, c. acc. cogn.,οὐ δένδρε' ἔθαλλεν χῶρος the place grew no trees, Pi. O. 3.23 , cf. AP 9.78 (s.v.l., Leon. );ἐν φύλλοισι θαλλούσης βίον ξανθῆς ἐλαίας(Dind.ἴσον) A. Pers. 616 ; simply,bloom, Thphr. HP 1.1.2 ; but of σίκυοι, etc., ἡ ἀπὸ τοῦ ὕδατος ἀτμὶς οἷον θάλλοντας παρέχει Id. CP 5.6.5 ."",""of other natural objects,τεθαλυῖά τ' ἐέρση copious dew, Od. 13.245 ;ῥάχιν τεθαλυῖαν ἀλοιφῇ rich with fat, Il. 9.208 , cf. Od. 13.410 ;εἰλαπίνῃ τεθαλυίῃ at a sumptuous feast, 11.415 ."",""of persons, states or conditions,bloom, θ. ἁπαλὸν χρόα Archil. 100 ;thrive, flourish, Εἰρήνη τεθαλυῖα Hes. Th. 902 ;θάλλοισα εὐδαιμονία, ἀρετά, Pi. P. 7.19 , I. 5(4).17 ; πατρὸς θάλλοντος S. Ant. 703 , cf. Ph. 420 , etc.;ζῶν καὶ θάλλων alive and prosperous, Id. Tr. 235 ;ζῇ καὶ θάλλει [ἡ παίδευσις] Antipho Soph. 60 ; θάλε πόθος h.Hom. 19.33 ; Ἔρως ἐπὶ Χαλκιδέων θάλλει πόλεσιν Carm.Pop. 44 ; Ἔρως τότε μὲν θ. τε καὶ ζῇ, ὅταν εὐπορήσῃ, τότε δὲ ἀποθνῄσκει Pl. Smp. 203e ; θ. καὶ εὐδαιμονεῖ χώρα καὶ πόλις Id. Lg. 945d : c. dat. modi, θάλλουσιν δ' ἀγαθοῖσι Hes. Op. 236 ;ἀγλαί̈ῃ τεθαλυῖαι [δμῳαί] Id. Sc. 276 ;τοῖσι(sc.ἀνδράσι) τέθηλε πόλις Id. Op. 227 ; πόλις ἐλευθερίᾳ τεθαλυῖα Simon. 102 ; θ. ἀρεταῖς Pi. O. 9.16 ; ἐλπίδι B. 9.40 ; εὐγενεῖ τέκνων σπορᾷ S. Ant. 1164 ; παρρησίᾳ E. Hipp. 422 ; δαίμων ἀφθίτῳ θ. βίῳ Critias 25.17D. ; θ. ἐπὶ γυμνάδος ἔργοις Epigr.Gr. 233 (Chios)."",""of disease and the like, in bad sense,to be fresh, active, ἡ δ' ἐμὴ νόσος ἀεὶ τέθηλε S. Ph. 259 ;πήματα . . ἀεὶ θάλλοντα μᾶλλον ἢ καταφθίνοντα waxing, Id. El. 260 ; ἔρις θάλλει E. Ph. 812 (lyr.): c. dat., ἀφροσύναις θάλλους' Ὕβρις B. 14.58 ."",""τοῖσι αὐτοῖσιν ὅ τε σπλὴν θάλλει καὶ τὸ σῶμα φθίνει the spleen becomes swollen, Hp. Loc.Hom. 24 ; also τεθηλός(in neutral sense) of the liver, Id. VM 22 .""]","[""sprout, grow, thrive"",""luxuriant"",""grew"",""bloom"",""copious"",""rich"",""sumptuous"",""bloom"",""thrive, flourish"",""prosperous"",""to be fresh, active"",""waxing"",""becomes swollen""]","[""ἀν-"",""ἀνα-""]","[{""biblio"":"""",""quote"":""θάλε""},{""biblio"":""h.Hom. | 19.33"",""quote"":""θάλε h.Hom. 19.33""},{""biblio"":"""",""quote"":""ἀν-έθαλον""},{""biblio"":""LXX | Wi. | 4.4"",""quote"":""ἀν-έθαλον LXX Wi. 4.4""},{""biblio"":"""",""quote"":""τεθήλει""},{""biblio"":""Od. | 5.69"",""quote"":""τεθήλει Od. 5.69""},{""biblio"":"""",""quote"":""τέθηλε""},{""biblio"":""Hes. | Op. | 227"",""quote"":""τέθηλε Hes. Op. 227""},{""biblio"":"""",""quote"":""τέθᾱλα""},{""biblio"":""Sapph. | Supp. | 25.12"",""quote"":""τέθᾱλα Sapph. Supp. 25.12""},{""biblio"":"""",""quote"":""τεθηλέναι""},{""biblio"":""Id. | Cra. | 414a"",""quote"":""τεθηλέναι Id. Cra. 414a""},{""biblio"":"""",""quote"":""ἐρινεὸς . . φύλλοισι τεθηλώς""},{""biblio"":""Od. | 12.103"",""quote"":""ἐρινεὸς . . φύλλοισι τεθηλώς Od. 12.103""},{""biblio"":"""",""quote"":""δένδρεα> τέθηλε καρπῶν ἀφθονίῃσι""},{""biblio"":""Emp. | 77"",""quote"":""δένδρεα> τέθηλε καρπῶν ἀφθονίῃσι Emp. 77""},{""biblio"":"""",""quote"":""ὦ χρυσέᾳ κόμᾳ θάλλων Λοξία""},{""biblio"":""Pi. | I. | 7(6).49"",""quote"":""ὦ χρυσέᾳ κόμᾳ θάλλων Λοξία Pi. I. 7(6).49""},{""biblio"":"""",""quote"":""πώγωνι θάλλων""},{""biblio"":""S. | Ichn. | 358"",""quote"":""πώγωνι θάλλων S. Ichn. 358""},{""biblio"":"""",""quote"":""καρπὸν τρὶς ἔτεος θάλλοντα""},{""biblio"":""Hes. | Op. | 173"",""quote"":""καρπὸν τρὶς ἔτεος θάλλοντα Hes. Op. 173""},{""biblio"":"""",""quote"":""θάλλει κατ' ἦμαρ αἰεὶ νάρκισσος""},{""biblio"":""S. | OC | 681"",""quote"":""θάλλει κατ' ἦμαρ αἰεὶ νάρκισσος S. OC 681""},{""biblio"":"""",""quote"":""τεθαλυῖά τ' ὀπώρη""},{""biblio"":""Od. | 11.192"",""quote"":""τεθαλυῖά τ' ὀπώρη Od. 11.192""},{""biblio"":"""",""quote"":""τεθαλυῖά τ' ἀλωή""},{""biblio"":""6.293"",""quote"":""τεθαλυῖά τ' ἀλωή 6.293""},{""biblio"":"""",""quote"":""ἡ ἀπὸ τοῦ ὕδατος ἀτμὶς οἷον θάλλοντας παρέχει""},{""biblio"":""Id. | CP | 5.6.5"",""quote"":""ἡ ἀπὸ τοῦ ὕδατος ἀτμὶς οἷον θάλλοντας παρέχει Id. CP 5.6.5""},{""biblio"":"""",""quote"":""θ. ἁπαλὸν χρόα""},{""biblio"":""Archil. | 100"",""quote"":""θ. ἁπαλὸν χρόα Archil. 100""},{""biblio"":"""",""quote"":""Εἰρήνη τεθαλυῖα""},{""biblio"":""Hes. | Th. | 902"",""quote"":""Εἰρήνη τεθαλυῖα Hes. Th. 902""},{""biblio"":"""",""quote"":""πατρὸς θάλλοντος""},{""biblio"":""S. | Ant. | 703"",""quote"":""πατρὸς θάλλοντος S. Ant. 703""},{""biblio"":"""",""quote"":""θάλε πόθος""},{""biblio"":""h.Hom. | 19.33"",""quote"":""θάλε πόθος h.Hom. 19.33""},{""biblio"":"""",""quote"":""Ἔρως ἐπὶ Χαλκιδέων θάλλει πόλεσιν""},{""biblio"":""Carm.Pop. | 44"",""quote"":""Ἔρως ἐπὶ Χαλκιδέων θάλλει πόλεσιν Carm.Pop. 44""},{""biblio"":"""",""quote"":""Ἔρως τότε μὲν θ. τε καὶ ζῇ, ὅταν εὐπορήσῃ, τότε δὲ ἀποθνῄσκει""},{""biblio"":""Pl. | Smp. | 203e"",""quote"":""Ἔρως τότε μὲν θ. τε καὶ ζῇ, ὅταν εὐπορήσῃ, τότε δὲ ἀποθνῄσκει Pl. Smp. 203e""},{""biblio"":"""",""quote"":""θ. καὶ εὐδαιμονεῖ χώρα καὶ πόλις""},{""biblio"":""Id. | Lg. | 945d"",""quote"":""θ. καὶ εὐδαιμονεῖ χώρα καὶ πόλις Id. Lg. 945d""},{""biblio"":"""",""quote"":""θάλλουσιν δ' ἀγαθοῖσι""},{""biblio"":""Hes. | Op. | 236"",""quote"":""θάλλουσιν δ' ἀγαθοῖσι Hes. Op. 236""},{""biblio"":"""",""quote"":""τέθηλε πόλις""},{""biblio"":""Id. | Op. | 227"",""quote"":""τέθηλε πόλις Id. Op. 227""},{""biblio"":"""",""quote"":""πόλις ἐλευθερίᾳ τεθαλυῖα""},{""biblio"":""Simon. | 102"",""quote"":""πόλις ἐλευθερίᾳ τεθαλυῖα Simon. 102""},{""biblio"":"""",""quote"":""θ. ἀρεταῖς""},{""biblio"":""Pi. | O. | 9.16"",""quote"":""θ. ἀρεταῖς Pi. O. 9.16""},{""biblio"":"""",""quote"":""ἐλπίδι""},{""biblio"":""B. | 9.40"",""quote"":""ἐλπίδι B. 9.40""},{""biblio"":"""",""quote"":""εὐγενεῖ τέκνων σπορᾷ""},{""biblio"":""S. | Ant. | 1164"",""quote"":""εὐγενεῖ τέκνων σπορᾷ S. Ant. 1164""},{""biblio"":"""",""quote"":""παρρησίᾳ""},{""biblio"":""E. | Hipp. | 422"",""quote"":""παρρησίᾳ E. Hipp. 422""},{""biblio"":"""",""quote"":""δαίμων ἀφθίτῳ θ. βίῳ""},{""biblio"":""Critias | 25.17D."",""quote"":""δαίμων ἀφθίτῳ θ. βίῳ Critias 25.17D.""},{""biblio"":"""",""quote"":""θ. ἐπὶ γυμνάδος ἔργοις""},{""biblio"":""Epigr.Gr. | 233"",""quote"":""θ. ἐπὶ γυμνάδος ἔργοις Epigr.Gr. 233""},{""biblio"":"""",""quote"":""ἡ δ' ἐμὴ νόσος ἀεὶ τέθηλε""},{""biblio"":""S. | Ph. | 259"",""quote"":""ἡ δ' ἐμὴ νόσος ἀεὶ τέθηλε S. Ph. 259""},{""biblio"":"""",""quote"":""ἔρις θάλλει""},{""biblio"":""E. | Ph. | 812"",""quote"":""ἔρις θάλλει E. Ph. 812""},{""biblio"":"""",""quote"":""ἀφροσύναις θάλλους' Ὕβρις""},{""biblio"":""B. | 14.58"",""quote"":""ἀφροσύναις θάλλους' Ὕβρις B. 14.58""}]","[""6.293"",""Archil. | 100"",""B. | 14.58"",""B. | 9.40"",""Carm.Pop. | 44"",""Critias | 25.17D."",""E. | Hipp. | 422"",""E. | Ph. | 812"",""Emp. | 77"",""Epigr.Gr. | 233"",""Hes. | Op. | 173"",""Hes. | Op. | 227"",""Hes. | Op. | 236"",""Hes. | Th. | 902"",""Id. | CP | 5.6.5"",""Id. | Cra. | 414a"",""Id. | Lg. | 945d"",""Id. | Op. | 227"",""LXX | Wi. | 4.4"",""Od. | 11.192"",""Od. | 12.103"",""Od. | 5.69"",""Pi. | I. | 7(6).49"",""Pi. | O. | 9.16"",""Pl. | Smp. | 203e"",""S. | Ant. | 1164"",""S. | Ant. | 703"",""S. | Ichn. | 358"",""S. | OC | 681"",""S. | Ph. | 259"",""Sapph. | Supp. | 25.12"",""Simon. | 102"",""h.Hom. | 19.33""]",{},[],1,1,1,1,0,5,13,2,68
47809,9,114,n47809,Θαλλώ,,ἡ,,,"[""Θαλλώ,οῦς,ἡ, one of the Ὧραι, a divinity of increase, Jusj. ap. Lycurg. 77 , Paus. 9.35.2 .""]",[],[],[],[],{},[],1,0,0,0,0,1,0,0,0
47810,9,115,n47810,θάλος,,τό,,,"[""= θαλλός , but only nom. and acc. in metaph. sense of scion, child,φίλον θ. Il. 22.87 ;λευσσόντων τοιόνδε θ. Od. 6.157 ;γλυκερόν, νέον θ., h.Cer. 66 , 187 ; σεμνὸν θ. Ἀλκαϊδᾶν Pi. O. 6.68 , cf. 2.45 , E. El. 15 , etc.—For the pl., v. θάλεα, τά .""]","[""scion, child""]",[],"[{""biblio"":"""",""quote"":""σεμνὸν θ. Ἀλκαϊδᾶν""},{""biblio"":""Pi. | O. | 6.68"",""quote"":""σεμνὸν θ. Ἀλκαϊδᾶν Pi. O. 6.68""}]","[""Pi. | O. | 6.68""]",{},"[{""type"":""ref"",""target"":"""",""text"":""θαλλός""},{""type"":"""",""target"":"""",""text"":""= θαλλός""},{""type"":""ref"",""target"":"""",""text"":""θάλεα, τά""},{""type"":"""",""target"":"""",""text"":""v. θάλεα, τά""}]",1,1,0,1,1,1,1,0,2
47811,9,116,n47811,θαλπ-εινός,,,,,"[""gloss on ἰσχνόν , EM 479.22 .""]",[],[],[],[],{},"[{""type"":""ref"",""target"":"""",""text"":""ἰσχνόν""},{""type"":"""",""target"":"""",""text"":""gloss on ἰσχνόν""}]",1,0,0,0,1,1,0,0,0
47812,9,117,n47812,θαλπ-είω,,,,,"[""θαλπ-είω, Ep. for θάλπω, ib. 620.46 .""]",[],[],[],[],{},[],1,0,0,0,0,1,0,0,0
47813,9,118,n47813,θαλπ-ιάω,,,,,"[""to be or become warm,εὖ θαλπιόων right warm and comfortable, Od. 19.319 , cf. Arat. 1073 .""]","[""to be"",""become warm"",""warm and comfortable""]","[""θάλπω""]",[],[],{},[],1,1,1,0,0,1,3,1,0
47814,9,119,n47814,θαλπ-νός,,,,,"[""warming, fostering, θαλπνότερον ἄστρον Pi. O. 1.6 .""]","[""warming, fostering""]",[],"[{""biblio"":"""",""quote"":""θαλπνότερον ἄστρον""},{""biblio"":""Pi. | O. | 1.6"",""quote"":""θαλπνότερον ἄστρον Pi. O. 1.6""}]","[""Pi. | O. | 1.6""]",{},[],1,1,0,1,0,1,1,0,2
47815,9,120,n47815,θάλπ-ος,,τό,,,"[""warmth, heat, esp.summer-heat, opp.χειμών, A. Ag. 565 , 969 ;ἐν μεσημβρίας θ. Id. Supp. 747 ;θ. θεοῦ the sun's heat, S. Tr. 145 , etc.; μεσημβρινοῖσι θάλπεσιν A. Th. 431 , 446 ; in Prose,θάλπος, opp.ψῦχος, Hp. Aph. 3.4 : pl.,ῥίγη καὶ θάλπη, ψύχη καὶ θ., X. Oec. 7.23 , Cyr. 1.2.10 ."",""metaph.,sting, smart, [τοξευμάτων] S. Ant. 1086 ; of love, AP 6.207 ( Arch. ).""]","[""warmth, heat"",""summer-heat"",""heat"",""sting, smart""]",[],"[{""biblio"":"""",""quote"":""μεσημβρινοῖσι θάλπεσιν""},{""biblio"":""A. | Th. | 431"",""quote"":""μεσημβρινοῖσι θάλπεσιν A. Th. 431""}]","[""A. | Th. | 431""]",{},[],1,1,0,1,0,2,4,0,2
47816,9,121,n47816,θαλπ-τέον,,,,,"[""one must warm, Aët. 5.68 , Hippiatr. 1 .""]","[""one must warm""]",[],[],[],{},[],1,1,0,0,0,1,1,0,0
47817,9,122,n47817,θαλπ-τήριον,,,,,"[""fomentum, fomes, Gloss.""]","[""fomentum, fomes,""]",[],[],[],{},[],1,1,0,0,0,1,1,0,0
47818,9,123,n47818,θαλπ-τήριος,,,,,"[""warming,σάνδαλα . . ποδῶν θ. AP 6.206.1 (Antip. Sid.).""]","[""warming""]",[],[],[],{},[],1,1,0,0,0,1,1,0,0
47819,9,124,n47819,θάλπ-ω,,,,,"[""-ψω Orph. Fr. 258 , Alciphr. 2.4 :fut. Med. in pass. sense θάλψομαι Id. 3.42 :—heat, soften by heat, Od. 21.179 , al.:— Pass. , ἐτήκετο κασσίτερος ὣς . . θαλφθείς Hes. Th. 864 , cf. S. Tr. 697 : metaph.,to be softened, deceived, αἴ κε μὴ θαλφθῇ λόγοις Ar. Eq. 210 ."",""heat, warm, without any notion of softening,καῦμ' ἔθαλπε(sc.ἡμᾶς) S. Ant. 417 ;θερμὴ ἡμᾶς ἀκτὶς θ. Ar. Av. 1092 ;keep warm, χλανιδίων ἐρειπίοις θάλπουσα καὶ ψύχουσα Trag.Adesp. 7 : prov.,θ. τὸν δίφρον, of an idle life, Herod. 1.37 ; θ. τὰς κοχώνας Id. 7.48 ;τὴν βαίτην θάλπουσαν εὖ ib. 129 :— Pass. , Hp. Aff. 4 ;θάλπεσθαι τοῦ θέρους to be warm in summer, X. Cyr. 5.1.11 ; τῷ πυρὶ θάλψομαι Alciphr. 3.42 : metaph.,ἔτι ἁλίῳ θάλπεσθαι to be alive, Pi. N. 4.14 ."",""warm at the fire, dry, θάλπεται ῥάκη S. Ph. 38 , cf. E. Hel. 183 (lyr.)."",""hatch, ᾠά Gp. 14.1.4 : so abs.,sit, ib. 3 ;θ. ἐπὶ τῶν νοσσῶν, ἐπὶ τῶν ᾠῶν, LXX De. 22.6 ."",""metaph., of passion,heat, inflame, ἣ Διὸς θάλπει κέαρ ἔρωτι A. Pr. 590 , cf. S. Fr. 474 ( Pass. ); ἔθαλψεν ἄτης σπασμός Id. Tr. 1082 :— Pass. , ἱμέρου βέλει τεθάλφθαι πρός τινος A. Pr. 650 ;θάλπῃ(2 sg.) ἀνηκέστῳ πυρί S. El. 888 ; εἴ σευ θάλπεταί τι τῶν ἔνδον Herod. 2.81 ."",""comfort, ὕπνος . . θάλπει κέαρ B. Fr. 3.11 , cf. Fr. 16.2 , Com.Adesp. 5.16D. ;cherish, foster, ἄλλον θάλπε φίλον Theoc. 14.38 ; ὡς ἐὰν τροφὸς θάλπῃ τὰ ἑαυτῆς τέκνα 1 Ep.Thess. 2.7 ; τὴν ἑαυτοῦ σάρκα Ep.Eph. 5.29 ; τὸ ἀσθενοῦν Alciphr. 2.4 ; θ. καὶ τρέφειν PMasp. 6 B 132 (vi A.D.);τὴν πόλιν θ.tend it with fostering care, OGI 194.5 (Egypt,i B.C.)."",""ἐμὲ οὐδὲν θ. ἡ δόξα I care nothing for glory, Alciphr. 2.2 ; ἐμὲ οὐδὲν θ. κέρδος Aristaenet. 1.24 ."",""intr.,to be full of heat, vigorous, Arist. Pr. 879a33 ;θάλψαι τρεῖς ποίας to live three summers, AP 7.731 ( Leon. ).""]","[""heat, soften by heat"",""to be softened, deceived"",""heat, warm"",""softening"",""keep warm"",""to be warm"",""to be alive"",""warm at the fire, dry"",""hatch"",""sit"",""heat, inflame"",""comfort"",""cherish, foster"",""tend"",""with fostering care"",""care"",""to be full of heat, vigorous"",""to live""]",[],"[{""biblio"":"""",""quote"":""-ψω""},{""biblio"":""Orph. | Fr. | 258"",""quote"":""-ψω Orph. Fr. 258""},{""biblio"":"""",""quote"":""θάλψομαι""},{""biblio"":""Id. | 3.42"",""quote"":""θάλψομαι Id. 3.42""},{""biblio"":"""",""quote"":""ἐτήκετο κασσίτερος ὣς . . θαλφθείς""},{""biblio"":""Hes. | Th. | 864"",""quote"":""ἐτήκετο κασσίτερος ὣς . . θαλφθείς Hes. Th. 864""},{""biblio"":"""",""quote"":""αἴ κε μὴ θαλφθῇ λόγοις""},{""biblio"":""Ar. | Eq. | 210"",""quote"":""αἴ κε μὴ θαλφθῇ λόγοις Ar. Eq. 210""},{""biblio"":"""",""quote"":""χλανιδίων ἐρειπίοις θάλπουσα καὶ ψύχουσα""},{""biblio"":""Trag.Adesp. | 7"",""quote"":""χλανιδίων ἐρειπίοις θάλπουσα καὶ ψύχουσα Trag.Adesp. 7""},{""biblio"":"""",""quote"":""θ. τὰς κοχώνας""},{""biblio"":""Id. | 7.48"",""quote"":""θ. τὰς κοχώνας Id. 7.48""},{""biblio"":"""",""quote"":""τῷ πυρὶ θάλψομαι""},{""biblio"":""Alciphr. | 3.42"",""quote"":""τῷ πυρὶ θάλψομαι Alciphr. 3.42""},{""biblio"":"""",""quote"":""θάλπεται ῥάκη""},{""biblio"":""S. | Ph. | 38"",""quote"":""θάλπεται ῥάκη S. Ph. 38""},{""biblio"":"""",""quote"":""ᾠά""},{""biblio"":""Gp. | 14.1.4"",""quote"":""ᾠά Gp. 14.1.4""},{""biblio"":"""",""quote"":""ἣ Διὸς θάλπει κέαρ ἔρωτι""},{""biblio"":""A. | Pr. | 590"",""quote"":""ἣ Διὸς θάλπει κέαρ ἔρωτι A. Pr. 590""},{""biblio"":"""",""quote"":""ἔθαλψεν ἄτης σπασμός""},{""biblio"":""Id. | Tr. | 1082"",""quote"":""ἔθαλψεν ἄτης σπασμός Id. Tr. 1082""},{""biblio"":"""",""quote"":""ἱμέρου βέλει τεθάλφθαι πρός τινος""},{""biblio"":""A. | Pr. | 650"",""quote"":""ἱμέρου βέλει τεθάλφθαι πρός τινος A. Pr. 650""},{""biblio"":"""",""quote"":""ἀνηκέστῳ πυρί""},{""biblio"":""S. | El. | 888"",""quote"":""ἀνηκέστῳ πυρί S. El. 888""},{""biblio"":"""",""quote"":""εἴ σευ θάλπεταί τι τῶν ἔνδον""},{""biblio"":""Herod. | 2.81"",""quote"":""εἴ σευ θάλπεταί τι τῶν ἔνδον Herod. 2.81""},{""biblio"":"""",""quote"":""ὕπνος . . θάλπει κέαρ""},{""biblio"":""B. | Fr. | 3.11"",""quote"":""ὕπνος . . θάλπει κέαρ B. Fr. 3.11""},{""biblio"":"""",""quote"":""ἄλλον θάλπε φίλον""},{""biblio"":""Theoc. | 14.38"",""quote"":""ἄλλον θάλπε φίλον Theoc. 14.38""},{""biblio"":"""",""quote"":""ὡς ἐὰν τροφὸς θάλπῃ τὰ ἑαυτῆς τέκνα""},{""biblio"":""1 Ep.Thess. | 2.7"",""quote"":""ὡς ἐὰν τροφὸς θάλπῃ τὰ ἑαυτῆς τέκνα 1 Ep.Thess. 2.7""},{""biblio"":"""",""quote"":""τὴν ἑαυτοῦ σάρκα""},{""biblio"":""Ep.Eph. | 5.29"",""quote"":""τὴν ἑαυτοῦ σάρκα Ep.Eph. 5.29""},{""biblio"":"""",""quote"":""τὸ ἀσθενοῦν""},{""biblio"":""Alciphr. | 2.4"",""quote"":""τὸ ἀσθενοῦν Alciphr. 2.4""},{""biblio"":"""",""quote"":""θ. καὶ τρέφειν""},{""biblio"":""PMasp. | 6"",""quote"":""θ. καὶ τρέφειν PMasp. 6""},{""biblio"":"""",""quote"":""ἐμὲ οὐδὲν θ. κέρδος""},{""biblio"":""Aristaenet. | 1.24"",""quote"":""ἐμὲ οὐδὲν θ. κέρδος Aristaenet. 1.24""}]","[""1 Ep.Thess. | 2.7"",""A. | Pr. | 590"",""A. | Pr. | 650"",""Alciphr. | 2.4"",""Alciphr. | 3.42"",""Ar. | Eq. | 210"",""Aristaenet. | 1.24"",""B. | Fr. | 3.11"",""Ep.Eph. | 5.29"",""Gp. | 14.1.4"",""Herod. | 2.81"",""Hes. | Th. | 864"",""Id. | 3.42"",""Id. | 7.48"",""Id. | Tr. | 1082"",""Orph. | Fr. | 258"",""PMasp. | 6"",""S. | El. | 888"",""S. | Ph. | 38"",""Theoc. | 14.38"",""Trag.Adesp. | 7""]",{},[],1,1,0,1,0,8,18,0,42
47820,9,125,n47820,θαλπ-ωρή,,ἡ,,,"[""warming: metaph.,comfort, consolation, οὐ γὰρ ἔτ' ἄλλη θαλπωρή Il. 6.412 , cf. Od. 1.167 ;ἀντὶ δὲ θαλπωρᾶν [θῆκα γονεῦσι γόους] IG 4.623 (Argos): pl., Tryph. 128 .—In late Prose, Jul. Or. 8.243c .""]","[""warming"",""comfort, consolation""]",[],"[{""biblio"":"""",""quote"":""οὐ γὰρ ἔτ' ἄλλη θαλπωρή""},{""biblio"":""Il. | 6.412"",""quote"":""οὐ γὰρ ἔτ' ἄλλη θαλπωρή Il. 6.412""}]","[""Il. | 6.412""]",{},[],1,1,0,1,0,1,2,0,2
47821,9,126,n47821,θᾰλυκρός,,,,,"[""hot, glowing, ἁπάντῃ πάντα θ. ἐγώ Call. Fr.anon. 69 ; θ. κέντρον ἐρωμανίης AP 5.219 ( Agath. ):—hence θαλυκρέομαι, = ψεύδομαι , Hsch.""]","[""hot, glowing"",""Fr.anon.""]",[],"[{""biblio"":"""",""quote"":""ἁπάντῃ πάντα θ. ἐγώ""},{""biblio"":""Call."",""quote"":""ἁπάντῃ πάντα θ. ἐγώ Call.""},{""biblio"":"""",""quote"":""θ. κέντρον ἐρωμανίης""},{""biblio"":""AP | 5.219"",""quote"":""θ. κέντρον ἐρωμανίης AP 5.219""}]","[""AP | 5.219"",""Call.""]",{},"[{""type"":""ref"",""target"":"""",""text"":""ψεύδομαι""},{""type"":"""",""target"":"""",""text"":""= ψεύδομαι""}]",1,1,0,1,1,1,2,0,4
47822,9,127,n47822,θαλ-ύνω,,,,,"[""= θάλλειν ποιῶ , Hsch.""]",[],[],[],[],{},"[{""type"":""ref"",""target"":"""",""text"":""θάλλειν ποιῶ""},{""type"":"""",""target"":"""",""text"":""= θάλλειν ποιῶ""}]",1,0,0,0,1,1,0,0,0
47823,9,128,n47823,θαλ-ύπτω,,,,,"[""= θάλπω ,aor. 1 inf. θαλύψαι, Id.; cf.ἀκροθάλυπτος.""]",[],[],[],[],{},"[{""type"":""ref"",""target"":"""",""text"":""θάλπω""},{""type"":"""",""target"":"""",""text"":""= θάλπω""}]",1,0,0,0,1,1,0,0,0
47824,9,129,n47824,θᾰλύσια,,τά,,,"[""offerings of first-fruits, made to Artemis, Il. 9.534 ; later to Demeter, Theoc. 7.3 ; to Demeter and Dionysus, Men.Rh. p.391S."",""θαλύσιος [ἄρτος] bread made from the first-fruits, Ath. 3.114a .""]","[""offerings of first-fruits"",""made from the first-fruits""]","[""θάλος""]",[],[],{},[],1,1,1,0,0,2,2,1,0
47825,9,130,n47825,θᾰλῡσιάς,Adj.,,,,"[""to the θαλύσια, Theoc. 7.31 .""]","[""to the""]",[],[],[],{},[],1,1,0,0,0,1,1,0,0
47826,9,131,n47826,θαλύσσω,,,,,"[""= θάλπω , Hsch. ( Pass. ):— also θαλύεσθαι(dub.l.), Id.""]",[],[],[],[],{},"[{""type"":""ref"",""target"":"""",""text"":""θάλπω""},{""type"":"""",""target"":"""",""text"":""= θάλπω""}]",1,0,0,0,1,1,0,0,0
47827,9,132,n47827,θάλψις,,ἡ,,,"[""warming, fomenting, Hp. Acut. 21 , S.E. M. 7.354 , Ruf. Sat.Gon. 47 ."",""opp.ψῦξις, of seasons, Hp. Aph. 3.1 ;heat, heating property, Gal. 18(1).228 ."",""cherishing, PLond. 5.1727.10 (vi A.D.).""]","[""warming, fomenting"",""heat, heating property"",""cherishing,""]","[""θάλπω""]",[],[],{},[],1,1,1,0,0,3,3,1,0
47828,9,133,n47828,θᾰμά,Adv.,,,,"[""often, Il. 16.207 , Od. 16.27 , Pi. O. 1.17 , B. 12.193 , S. El. 524 , Ar. Eq. 990 (lyr.), Pl. 1166 , Pl. Phd. 72e , X. Mem. 2.1.22 ; θ. τῆς ἡμέρας POxy. 1158.4 (iii A.D.). (Orig. 'thickly', cf.θαμέες, θάμνος.)""]","[""often""]",[],"[{""biblio"":"""",""quote"":""θ. τῆς ἡμέρας""},{""biblio"":""POxy. | 1158.4"",""quote"":""θ. τῆς ἡμέρας POxy. 1158.4""}]","[""POxy. | 1158.4""]",{},[],1,1,0,1,0,1,1,0,2
47829,9,134,n47829,θαμάκης:,,,,,"[""θαμάκης: σύμβιος, Cyr.""]",[],[],[],[],{},[],1,0,0,0,0,1,0,0,0
47830,9,135,n47830,θᾰμάκῐς,Adv.,,,,"[""= θαμά , Pi. I. 1.28 , N. 10.38 .""]",[],[],[],[],{},"[{""type"":""ref"",""target"":"""",""text"":""θαμά""},{""type"":"""",""target"":"""",""text"":""= θαμά""}]",1,0,0,0,1,1,0,0,0
47831,9,136,n47831,θαματροχεῖ:,,,,,"[""θαματροχεῖ: οὐχ ἡσυχάζει, Hsch.""]",[],[],[],[],{},[],1,0,0,0,0,1,0,0,0
47832,9,137,n47832,θαμβ-αίνω,,,,,"[""= θαμβέω ,to be astonished at, Pi. O. 3.32 , v.l. for θαυμαίνω in h.Ven. 84 .""]","[""to be astonished at""]",[],[],[],{},"[{""type"":""ref"",""target"":"""",""text"":""θαμβέω""},{""type"":"""",""target"":"""",""text"":""= θαμβέω""},{""type"":""ref"",""target"":"""",""text"":""θαυμαίνω""},{""type"":"""",""target"":"""",""text"":""v.l. for θαυμαίνω""}]",1,1,0,0,1,1,1,0,0
47833,9,138,n47833,θαμβ-ᾰλέος,,,,,"[""astonished, Nonn. D. 1.126 ."",""= θαυμαστός, φοβερός , Hsch.""]","[""astonished""]",[],[],[],{},"[{""type"":""ref"",""target"":"""",""text"":""θαυμαστός, φοβερός""},{""type"":"""",""target"":"""",""text"":""= θαυμαστός, φοβερός""}]",1,1,0,0,1,2,1,0,0
47834,9,139,n47834,θαμβ-ευτής,,ὁ,,,"[""terrifying person, Aq. Ze. 3.4 .""]","[""terrifying""]",[],[],[],{},[],1,1,0,0,0,1,1,0,0
47835,9,140,n47835,θαμβ-εύω,,,,,"[""terrify, Id. Ge. 49.4 .""]","[""terrify""]",[],[],[],{},[],1,1,0,0,0,1,1,0,0
47836,9,141,n47836,θαμβ-έω,,,,,"[""to be astounded, οἱ δὲ ἰδόντες θάμβησαν Il. 8.77 , cf. B. 5.84 ; οἱ δ' ἀνὰ θυμὸν ἐθάμβεον Od. 4.638 , etc.; καὐτὸς τεθάμβηκ' S. Ant. 1246 ; ἐθάμβησεν δὲ πᾶς . . ὅμιλος E. Ion 1205 ."",""c. acc.,to be astonished at, θάμβησαν δ' ὄρνιθας Od. 2.155 , cf. 16.178 ; τὸν ἐθάμβεον Ἄρτεμίς τε καὶ Ἀθάνα Pi. N. 3.50 ; τέρας δ' ἐθάμβουν A. Supp. 570 (lyr.): in late Prose, Plu. Aem. 34 ."",""later also causal,alarm, LXX 2 Ki. 22.5 ; τοὺς ὀφθαλμούς τινος PMag.Par. 1.237 :— Pass. ,to be astounded, Ev.Marc. 1.27 , POxy. 654.7 ,PMag. Leid.W. 11.39 ;τεθαμβημένος astounded, Plu. Brut. 20 ; διά τινος Id. Caes. [45] .""]","[""to be astounded"",""to be astonished at"",""alarm"",""to be astounded,"",""PMag. Leid.W."",""astounded""]",[],"[{""biblio"":"""",""quote"":""οἱ δὲ ἰδόντες θάμβησαν""},{""biblio"":""Il. | 8.77"",""quote"":""οἱ δὲ ἰδόντες θάμβησαν Il. 8.77""},{""biblio"":"""",""quote"":""οἱ δ' ἀνὰ θυμὸν ἐθάμβεον""},{""biblio"":""Od. | 4.638"",""quote"":""οἱ δ' ἀνὰ θυμὸν ἐθάμβεον Od. 4.638""},{""biblio"":"""",""quote"":""καὐτὸς τεθάμβηκ'""},{""biblio"":""S. | Ant. | 1246"",""quote"":""καὐτὸς τεθάμβηκ' S. Ant. 1246""},{""biblio"":"""",""quote"":""ἐθάμβησεν δὲ πᾶς . . ὅμιλος""},{""biblio"":""E. | Ion | 1205"",""quote"":""ἐθάμβησεν δὲ πᾶς . . ὅμιλος E. Ion 1205""},{""biblio"":"""",""quote"":""θάμβησαν δ' ὄρνιθας""},{""biblio"":""Od. | 2.155"",""quote"":""θάμβησαν δ' ὄρνιθας Od. 2.155""},{""biblio"":"""",""quote"":""τὸν ἐθάμβεον Ἄρτεμίς τε καὶ Ἀθάνα""},{""biblio"":""Pi. | N. | 3.50"",""quote"":""τὸν ἐθάμβεον Ἄρτεμίς τε καὶ Ἀθάνα Pi. N. 3.50""},{""biblio"":"""",""quote"":""τέρας δ' ἐθάμβουν""},{""biblio"":""A. | Supp. | 570"",""quote"":""τέρας δ' ἐθάμβουν A. Supp. 570""},{""biblio"":"""",""quote"":""τοὺς ὀφθαλμούς τινος""},{""biblio"":""PMag.Par. | 1.237"",""quote"":""τοὺς ὀφθαλμούς τινος PMag.Par. 1.237""},{""biblio"":"""",""quote"":""διά τινος""},{""biblio"":""Id. | Caes. | [45]"",""quote"":""διά τινος Id. Caes. [45]""}]","[""A. | Supp. | 570"",""E. | Ion | 1205"",""Id. | Caes. | [45]"",""Il. | 8.77"",""Od. | 2.155"",""Od. | 4.638"",""PMag.Par. | 1.237"",""Pi. | N. | 3.50"",""S. | Ant. | 1246""]",{},[],1,1,0,1,0,3,6,0,18
47837,9,142,n47837,θάμβ-ημα,,τό,,,"[""alarm, terror, Man. 4.559 .""]","[""alarm, terror""]",[],[],[],{},[],1,1,0,0,0,1,1,0,0
47838,9,143,n47838,θάμβ-ησις,,ἡ,,,"[""haste, Aq. De. 16.3 , Is. 52.12 .""]","[""haste""]",[],[],[],{},[],1,1,0,0,0,1,1,0,0
47839,9,144,n47839,θαμβ-ήτειρα,,ἡ,,,"[""the fearful one, of the Furies, Orph. A. 973 (pl.).""]","[""the fearful one""]",[],[],[],{},[],1,1,0,0,0,1,1,0,0
47840,9,145,n47840,θαμβ-ητός,,,,,"[""astonishing, Lyc. 552 , Maiist. 1 .""]","[""astonishing""]",[],[],[],{},[],1,1,0,0,0,1,1,0,0
47841,9,146,n47841,θαμβ-όομαι,,,,,"[""to be terrified,pf. part. τεθαμβωμένος, Aët. 16.66 (s.v.l.).""]","[""to be terrified""]",[],[],[],{},[],1,1,0,0,0,1,1,0,0
47842,9,147,n47842,θάμβ-ος,,τό,,,"[""amazement, θ. δ' ἔχεν εἰσορόωντας Il. 4.79 ; θ. δ' ἕλε πάντας ἰδόντας Od. 3.372 ; θάμβει δυσφόρῳ τερπνῷ τε μιχθείς Pi. N. 1.55 ; θάμβει ἐκπλαγέντες E. Rh. 291 , cf. Ar. Av. 781 (lyr.), Th. 6.31 , Pl. Phdr. 254c : pl., Onos. 41.2 ."",""in objective sense,θάμβοι terrors in the way, LXX l.c.;object of wonder, Epigr.Gr. 1068 (Gerasa).""]","[""amazement"",""terrors"",""object of wonder,""]","[""τέθηπα""]","[{""biblio"":"""",""quote"":""θ. δ' ἔχεν εἰσορόωντας""},{""biblio"":""Il. | 4.79"",""quote"":""θ. δ' ἔχεν εἰσορόωντας Il. 4.79""},{""biblio"":"""",""quote"":""θ. δ' ἕλε πάντας ἰδόντας""},{""biblio"":""Od. | 3.372"",""quote"":""θ. δ' ἕλε πάντας ἰδόντας Od. 3.372""},{""biblio"":"""",""quote"":""θάμβει δυσφόρῳ τερπνῷ τε μιχθείς""},{""biblio"":""Pi. | N. | 1.55"",""quote"":""θάμβει δυσφόρῳ τερπνῷ τε μιχθείς Pi. N. 1.55""},{""biblio"":"""",""quote"":""θάμβει ἐκπλαγέντες""},{""biblio"":""E. | Rh. | 291"",""quote"":""θάμβει ἐκπλαγέντες E. Rh. 291""}]","[""E. | Rh. | 291"",""Il. | 4.79"",""Od. | 3.372"",""Pi. | N. | 1.55""]",{},[],1,1,1,1,0,2,3,1,8
47843,9,148,n47843,θαμβ-ός,,,,,"[""astonished, Eust. 906.53 .""]","[""astonished""]",[],[],[],{},[],1,1,0,0,0,1,1,0,0
47844,9,149,n47844,θᾰμ-έες,Adj.,οἱ,,,"[""θαμύς A.D. Adv. 153.4 ): fem.nom.and acc.θαμειαί, -άς(oxyt., Aristarch. ap. Hdn.Gr. 2.22 ):—poet.Adj.used only in pl.,crowded, close-set, ὀδὀντες . . ὑὸς θαμέες ἔχον Il. 10.264 ;ὀδόντες πυκνοὶ καὶ θ. Od. 12.92 ; θαμέες γὰρ ἄκοντες . . ἀί̈σσουσι Il. 11.552 , 17.661 ; ἴκρια . . ἀραρὼν θαμέσι σταμίνεσσι Od. 5.252 ;πυραί, λίθοι θ., Il. 1.52 , 12.287 ;frequent, λυγμοί Nic. Th. 434 , Al. 581 (in Comp. θαμειότερος): Comp. θαμύντερος Hsch. Adv. θαμέως,=θαμά, Alc. Supp. 25.5 (dub.), Hp. Superf. 25 , Max. 600 .""]","[""crowded, close-set"",""frequent""]",[],"[{""biblio"":"""",""quote"":""θαμύς""},{""biblio"":""A.D. | Adv. | 153.4"",""quote"":""θαμύς A.D. Adv. 153.4""},{""biblio"":"""",""quote"":""ὀδὀντες . . ὑὸς θαμέες ἔχον""},{""biblio"":""Il. | 10.264"",""quote"":""ὀδὀντες . . ὑὸς θαμέες ἔχον Il. 10.264""},{""biblio"":"""",""quote"":""θαμέες γὰρ ἄκοντες . . ἀί̈σσουσι""},{""biblio"":""Il. | 11.552"",""quote"":""θαμέες γὰρ ἄκοντες . . ἀί̈σσουσι Il. 11.552""},{""biblio"":"""",""quote"":""ἴκρια . . ἀραρὼν θαμέσι σταμίνεσσι""},{""biblio"":""Od. | 5.252"",""quote"":""ἴκρια . . ἀραρὼν θαμέσι σταμίνεσσι Od. 5.252""},{""biblio"":"""",""quote"":""λυγμοί""},{""biblio"":""Nic. | Th. | 434"",""quote"":""λυγμοί Nic. Th. 434""},{""biblio"":"""",""quote"":""θαμύντερος""},{""biblio"":""Hsch."",""quote"":""θαμύντερος Hsch.""}]","[""A.D. | Adv. | 153.4"",""Hsch."",""Il. | 10.264"",""Il. | 11.552"",""Nic. | Th. | 434"",""Od. | 5.252""]",{},[],1,1,0,1,0,1,2,0,12
47845,9,150,n47845,θᾰμ-ίζω,,,,,"[""come often, πἀρος γε μὲν οὔ τι θαμίζεις Il. 18.386 , al.;ἅμα νηὶ̈ πολυκληῗδι θαμίζων plying, Od. 8.161 ; θ. εἰς τούσδε τοὺς τόπους Pl. Hp.Ma. 281b ; ἐφ' ἡμᾶς X. Cyr. 7.3.2 ; κεῖσε A.R. 2.451 ;ἐν δονάκεσσι θ.to haunt them, Nic. Al. 578 ; ἐν ταῖς πομπαῖς Corn. ND 30 ;τοῖς μαχομένοις Chor.in Hermes 17.227 ;σοφίης ἐπ' ἄκροισι θαμίζειν v.l. for θοάζειν in Emp. 4.8 ."",""to be accustomed: c.part.,οὔ τι κομιζόμενός γε θάμιζεν he was not wont to be so cared for, Od. 8.451 ;οὐ δὲ θαμίζεις ἡμῖν κατ αβαίνων we do not often see you coming down, Pl. R. 328c ;μινύρεται θαμίζουσα μάλιστ' ἀηδών mourns constantly, S. OC 672 (lyr.): abs.,διὰ τὸ θαμίζειν by dint of repetition, Pl. Lg. 843b ."",""Med. ,= Act. ,τῇδε(τῷδε codd.) S. Fr. 503 .""]","[""come often"",""plying"",""to haunt"",""to be accustomed"",""was"",""wont"",""often see"",""constantly"",""repetition""]","[""θαμά""]","[{""biblio"":"""",""quote"":""πἀρος γε μὲν οὔ τι θαμίζεις""},{""biblio"":""Il. | 18.386"",""quote"":""πἀρος γε μὲν οὔ τι θαμίζεις Il. 18.386""},{""biblio"":"""",""quote"":""θ. εἰς τούσδε τοὺς τόπους""},{""biblio"":""Pl. | Hp.Ma. | 281b"",""quote"":""θ. εἰς τούσδε τοὺς τόπους Pl. Hp.Ma. 281b""},{""biblio"":"""",""quote"":""ἐφ' ἡμᾶς""},{""biblio"":""X. | Cyr. | 7.3.2"",""quote"":""ἐφ' ἡμᾶς X. Cyr. 7.3.2""},{""biblio"":"""",""quote"":""κεῖσε""},{""biblio"":""A.R. | 2.451"",""quote"":""κεῖσε A.R. 2.451""},{""biblio"":"""",""quote"":""ἐν ταῖς πομπαῖς""},{""biblio"":""Corn. | ND | 30"",""quote"":""ἐν ταῖς πομπαῖς Corn. ND 30""}]","[""A.R. | 2.451"",""Corn. | ND | 30"",""Il. | 18.386"",""Pl. | Hp.Ma. | 281b"",""X. | Cyr. | 7.3.2""]",{},"[{""type"":""ref"",""target"":"""",""text"":""θοάζειν""},{""type"":"""",""target"":"""",""text"":""v.l. for θοάζειν""}]",1,1,1,1,1,3,9,1,10
47846,9,151,n47846,θᾰμῐνάκις,Adv.,,,,"[""= θαμάκις, θαμά , Hp. Mul. 2.203 .""]",[],[],[],[],{},"[{""type"":""ref"",""target"":"""",""text"":""θαμάκις, θαμά""},{""type"":"""",""target"":"""",""text"":""= θαμάκις, θαμά""}]",1,0,0,0,1,1,0,0,0
47847,9,152,n47847,θᾰμῐνός,Adv.,,,,"[""crowded, close-set, Call. Cer. 65 , Lyr.Alex.Adesp. 7.14 : usu. neut. pl.θαμινά, as Adv. = θαμά , Pi. O. 1.53 , Pae. 6.16 , Ar. Pl. 292 (lyr.), X. Mem. 3.11.15 , An. 4.1.16 ( v.l. θαμεινά ): sg., θαμινόν A.R. 3.1266 : Sup. -ώτατος Suid. Adv. -νῶς Hsch. : Comp. -ώτερον Parth. Fr. 29 .""]","[""crowded, close-set""]",[],"[{""biblio"":"""",""quote"":""θαμινόν""},{""biblio"":""A.R. | 3.1266"",""quote"":""θαμινόν A.R. 3.1266""},{""biblio"":"""",""quote"":""-ώτατος""},{""biblio"":""Suid."",""quote"":""-ώτατος Suid.""},{""biblio"":"""",""quote"":""-νῶς""},{""biblio"":""Hsch."",""quote"":""-νῶς Hsch.""},{""biblio"":"""",""quote"":""-ώτερον""},{""biblio"":""Parth. | Fr. | 29"",""quote"":""-ώτερον Parth. Fr. 29""}]","[""A.R. | 3.1266"",""Hsch."",""Parth. | Fr. | 29"",""Suid.""]",{},"[{""type"":""ref"",""target"":"""",""text"":""θαμά""},{""type"":"""",""target"":"""",""text"":""= θαμά""},{""type"":""ref"",""target"":"""",""text"":""θαμεινά""},{""type"":"""",""target"":"""",""text"":""v.l. θαμεινά""}]",1,1,0,1,1,1,1,0,8
47848,9,153,n47848,θάμιξ:,,,,,"[""θάμιξ: ἀλώπηξ, Hsch.""]",[],[],[],[],{},[],1,0,0,0,0,1,0,0,0
47849,9,154,n47849,θάμνα,,ἡ,,,"[""wine from pressed grapes, a local term, Gp. 6.13.2 ; so prob. τὴν προκυκλίην θάμνην Herod. 6.90 .""]","[""wine from pressed grapes""]",[],"[{""biblio"":"""",""quote"":""τὴν προκυκλίην θάμνην""},{""biblio"":""Herod. | 6.90"",""quote"":""τὴν προκυκλίην θάμνην Herod. 6.90""}]","[""Herod. | 6.90""]",{},[],1,1,0,1,0,1,1,0,2
47850,9,155,n47850,θαμν-άς,,ἡ,,,"[""= ῥίζα , EM 442.23 .""]",[],[],[],[],{},"[{""type"":""ref"",""target"":"""",""text"":""ῥίζα""},{""type"":"""",""target"":"""",""text"":""= ῥίζα""}]",1,0,0,0,1,1,0,0,0
47851,9,156,n47851,θαμν-ίσκος,,ὁ,,,"[""θαμν-ίσκος,ὁ, Dim. of θάμνος, Dsc. 4.108 , Herod.Med. ap. Orib. 8.4.6 , Gal. 2.355 .""]",[],[],[],[],{},[],1,0,0,0,0,1,0,0,0
47852,9,157,n47852,θάμνισον:,,,,,"[""θάμνισον: ἀποκάλυψον, Hsch.""]",[],[],[],[],{},[],1,0,0,0,0,1,0,0,0
47853,9,158,n47853,θαμνῖτις,,ἡ,,,"[""shrubby, ῥάμνος Nic. Th. 883 .""]","[""shrubby""]",[],"[{""biblio"":"""",""quote"":""ῥάμνος""},{""biblio"":""Nic. | Th. | 883"",""quote"":""ῥάμνος Nic. Th. 883""}]","[""Nic. | Th. | 883""]",{},[],1,1,0,1,0,1,1,0,2
47854,9,159,n47854,θαμνο-ειδής,,,,,"[""shrubby, Thphr. HP 3.17.3 , Crateuas ap. Dsc. 2.127 .""]","[""shrubby""]",[],[],[],{},[],1,1,0,0,0,1,1,0,0
47855,9,160,n47855,θαμνο-μήκης,,,,,"[""a long stick cut from a bush, Ion Trag. 40 .""]","[""a long"",""cut from a bush""]",[],[],[],{},[],1,1,0,0,0,1,2,0,0
47856,9,161,n47856,θάμνος,,ὁ,,,"[""bush, shrub, καταπτήξας ὑπὸ θάμνῳ Il. 22.191 ; θάμνῳ ὑπ' ἀμφικόμῳ 17.677 ;θάμνοις ἐν πυκινοῖσι in the thick copse, Od. 5.471 ; θ. δρυός Pi. Pae. 4.52 ;θ. ἐλαίης a bushy olive, Od. 23.190 , cf. Archil. 6.1 , A. Ag. 1316 , E. Ba. 722 , S. El. 55 , Ar. Pax 1298 (hex.), Pl. R. 432b , etc.; θ. τὸ ἀπὸ ῥίζης πολύκλαδον Thphr. HP 1.3.1 .""]","[""bush, shrub"",""copse"",""bushy""]",[],"[{""biblio"":"""",""quote"":""καταπτήξας ὑπὸ θάμνῳ""},{""biblio"":""Il. | 22.191"",""quote"":""καταπτήξας ὑπὸ θάμνῳ Il. 22.191""},{""biblio"":"""",""quote"":""θάμνῳ ὑπ' ἀμφικόμῳ""},{""biblio"":""17.677"",""quote"":""θάμνῳ ὑπ' ἀμφικόμῳ 17.677""},{""biblio"":"""",""quote"":""θ. δρυός""},{""biblio"":""Pi. | Pae. | 4.52"",""quote"":""θ. δρυός Pi. Pae. 4.52""},{""biblio"":"""",""quote"":""θ. τὸ ἀπὸ ῥίζης πολύκλαδον""},{""biblio"":""Thphr. | HP | 1.3.1"",""quote"":""θ. τὸ ἀπὸ ῥίζης πολύκλαδον Thphr. HP 1.3.1""}]","[""17.677"",""Il. | 22.191"",""Pi. | Pae. | 4.52"",""Thphr. | HP | 1.3.1""]",{},[],1,1,0,1,0,1,3,0,8
47857,9,162,n47857,θαμνοφάγος,,,,,"[""eating shrubs, S.E. P. 1.56 .""]","[""eating shrubs""]",[],[],[],{},[],1,1,0,0,0,1,1,0,0
47858,9,163,n47858,θαμνώδης,,,,,"[""θαμνώδης,ες,=θαμνοειδής, Thphr. HP 3.12.1 ( Comp. ), CP 5.12.5 .""]",[],[],[],[],{},[],1,0,0,0,0,1,0,0,0
47859,9,164,n47859,θᾰμῠρίζω,,ἡ,784,,"[""assemble, Hsch. ;take part in a meeting,θαμυριδδόντων [τῶν δεῖνα] BCH 50.401 (Thespiae);θάμῠρις,ἡ,assembly, Hsch.""]","[""assemble"",""take part in a meeting"",""assembly""]",[],[],[],{},[],1,1,0,0,0,1,3,0,0
47860,9,165,n47860,Θάμῠρις,,ὁ,784,,"[""Θαμύριδι Paus. 10.30.8 ,Θαμύρι v.l. in Poll. 4.75 ; acc. Θάμυριν Il. 2.595 , E. Rh. 925 :—Thamyris, a Thracian bard, Il.cc., Str. 7 Fr. 35 :— Att. Θαμύρας(cf. Cyr. ) S. Fr. 245 (lyr.), Pl. R. 620a , etc.""]",[],[],"[{""biblio"":"""",""quote"":""Θαμύριδι""},{""biblio"":""Paus. | 10.30.8"",""quote"":""Θαμύριδι Paus. 10.30.8""},{""biblio"":"""",""quote"":""Θάμυριν""},{""biblio"":""Il. | 2.595"",""quote"":""Θάμυριν Il. 2.595""}]","[""Il. | 2.595"",""Paus. | 10.30.8""]",{},[],1,0,0,1,0,1,0,0,4
47861,9,166,n47861,θᾰμῠρός,,,784,,"[""frequented, ὁδός Hsch.""]","[""frequented""]",[],"[{""biblio"":"""",""quote"":""ὁδός""},{""biblio"":""Hsch."",""quote"":""ὁδός Hsch.""}]","[""Hsch.""]",{},[],1,1,0,1,0,1,1,0,2
47862,9,167,n47862,θαμύς,,,784,,"[""v. θαμέες .""]",[],[],[],[],{},"[{""type"":""ref"",""target"":"""",""text"":""θαμέες""},{""type"":"""",""target"":"""",""text"":""v. θαμέες""}]",1,0,0,0,1,1,0,0,0
47863,9,168,n47863,θᾰνάσῐμος,Adv.,τά,784,,"[""deadly, fatal, Hp. Aph. 2.1 , Pl. R. 610e , etc.; τύχαι A. Ag. 1276 ; πέσημα S. Aj. 1033 ; χείρωμα Id. OT 560 ; πέπλος Id. Tr. 758 ; φάρμακα E. Ion 616 , Ph. Bel. 103.31 , cf. Metrod. 53 , etc.;θηρία θ., of poisonous reptiles, Plb. 1.56.4 :θανάσιμα,τά ,poisons, Ev.Marc. 16.18 , Dsc. 4.108 , Gal. 14.154 .Adv. -μως, τύπτειν to strike with deadly blow, Antipho 4.3.4 : neut. pl. as Adv., ἀσπίδες -μα δάκνουσαι D.S. 1.87 ."",""belonging to death,θ. αἷμα the life-blood, A. Ag. 1019 (lyr.);μέλψασα θ. γόον having sung her death-song, ib. 1445 ; θ. ἐκπνοαί E. Hipp. 1438 ."",""of persons,near death, S. Ph. 819 ; θ. ἤδη ὄντα Pl. R. 408b ;liable to the death-penalty, Abh.Berl.Akad. 1925(5).21 (Cyrene)."",""dead, S. Aj. 517 ; θ. βεβηκότα Id. OT 959 .""]","[""deadly, fatal"",""poisonous"",""poisons,"",""with deadly blow"",""belonging to death"",""life"",""death"",""near death"",""liable to the death-penalty,"",""dead""]","[""θάνατος""]","[{""biblio"":"""",""quote"":""τύχαι""},{""biblio"":""A. | Ag. | 1276"",""quote"":""τύχαι A. Ag. 1276""},{""biblio"":"""",""quote"":""πέσημα""},{""biblio"":""S. | Aj. | 1033"",""quote"":""πέσημα S. Aj. 1033""},{""biblio"":"""",""quote"":""χείρωμα""},{""biblio"":""Id. | OT | 560"",""quote"":""χείρωμα Id. OT 560""},{""biblio"":"""",""quote"":""πέπλος""},{""biblio"":""Id. | Tr. | 758"",""quote"":""πέπλος Id. Tr. 758""},{""biblio"":"""",""quote"":""φάρμακα""},{""biblio"":""E. | Ion | 616"",""quote"":""φάρμακα E. Ion 616""},{""biblio"":"""",""quote"":""ἀσπίδες -μα δάκνουσαι""},{""biblio"":""D.S. | 1.87"",""quote"":""ἀσπίδες -μα δάκνουσαι D.S. 1.87""},{""biblio"":"""",""quote"":""θ. ἐκπνοαί""},{""biblio"":""E. | Hipp. | 1438"",""quote"":""θ. ἐκπνοαί E. Hipp. 1438""},{""biblio"":"""",""quote"":""θ. ἤδη ὄντα""},{""biblio"":""Pl. | R. | 408b"",""quote"":""θ. ἤδη ὄντα Pl. R. 408b""},{""biblio"":"""",""quote"":""θ. βεβηκότα""},{""biblio"":""Id. | OT | 959"",""quote"":""θ. βεβηκότα Id. OT 959""}]","[""A. | Ag. | 1276"",""D.S. | 1.87"",""E. | Hipp. | 1438"",""E. | Ion | 616"",""Id. | OT | 560"",""Id. | OT | 959"",""Id. | Tr. | 758"",""Pl. | R. | 408b"",""S. | Aj. | 1033""]",{},[],1,1,1,1,0,4,10,1,18
47864,9,169,n47864,θᾰνᾰτ-άω,,,784,,"[""desire to die, Pl. Phd. 64b , Ax. 366c , Alex. 211 , J. BJ 3.7.18 , Gal. 8.190 , Max.Tyr. 26.9 , Philostr. VA 7.31 ."",""to be moribund, Ph. 2.505 , Lyd. Mag. 3.40 ,v.l. in 45 .""]","[""desire to die"",""to be moribund""]",[],[],[],{},[],1,1,0,0,0,2,2,0,0
47865,9,170,n47865,θᾰνᾰτ-ηγός,,,784,,"[""death-bringing, epith. of Hecate, PMag.Par. 1.2865 ; f.l. for θάργηλος , Timocl. 7 .""]","[""death-bringing""]",[],[],[],{},"[{""type"":""ref"",""target"":"""",""text"":""θάργηλος""},{""type"":"""",""target"":"""",""text"":""f.l. for θάργηλος""}]",1,1,0,0,1,1,1,0,0
47866,9,171,n47866,θᾰνᾰτ-ήριος,,,784,,"[""v. θανατήσιος .""]",[],[],[],[],{},"[{""type"":""ref"",""target"":"""",""text"":""θανατήσιος""},{""type"":"""",""target"":"""",""text"":""v. θανατήσιος""}]",1,0,0,0,1,1,0,0,0
47867,9,172,n47867,θᾰνᾰτ-ήσιμος,,,784,,"[""θᾰνᾰτ-ήσιμος,v.sq.""]",[],[],[],[],{},[],1,0,0,0,0,1,0,0,0
47868,9,173,n47868,θᾰνᾰτ-ήσιος,,,784,,"[""ἀξιοῦσιν οὐ θανάσιμον λέγειν AB 99 (quoting Pl. R. Bk.ii, E. Med. ).""]",[],[],"[{""biblio"":"""",""quote"":""ἀξιοῦσιν οὐ θανάσιμον λέγειν""},{""biblio"":""AB | 99"",""quote"":""ἀξιοῦσιν οὐ θανάσιμον λέγειν AB 99""}]","[""AB | 99""]",{},[],1,0,0,1,0,1,0,0,2
47869,9,174,n47869,θᾰνᾰτ-ηρός,,,784,,"[""poisonous, βοτάνη Eust. 1336.20 ;γῆ Sch.rec. S. OT 181 .""]","[""poisonous""]",[],"[{""biblio"":"""",""quote"":""βοτάνη""},{""biblio"":""Eust. | 1336.20"",""quote"":""βοτάνη Eust. 1336.20""}]","[""Eust. | 1336.20""]",{},[],1,1,0,1,0,1,1,0,2
47870,9,175,n47870,θᾰνᾰτηφορ-ία,,ἡ,784,,"[""a causing of death, AP 5.113 ( Maec. ).""]","[""a causing of death,""]",[],[],[],{},[],1,1,0,0,0,1,1,0,0
47871,9,176,n47871,θᾰνᾰτήφορ-ος,Adv.,,784,,"[""death-bringing, αἶσα A. Ch. 369 (lyr.);περίοδος θ. cycle of mortality, Pl. R. 617d ; of hurts or accidents, Hp. Art. 48 ; of a surgical operation, Antyll. ap. Orib. 45.17.6 ;ῥίζα ἐν Αἰθιοπία, of arrow-poison,Acokanthera Schimperi, Thphr. HP 9.15.2 ; ὀδύναι Arist. PA 672a36 ;γένεθλα . . θ. κεῖται causing death by contagion, S. OT 181 (lyr.);πᾶσαι μεταβολαὶ πολιτειῶν θ. X. HG 2.3.32 ; ἁμαρτία LXX Nu. 18.22 ;δίκαι capital trials, Not.Arch. 4.19 (Cyrene, Aug.); ἐπιστολή Hdn. 4.12.8 ; περιστάσεις Vett.Val. 225.7 .Adv. -ρως, νοσεῖν Phld. Rh. 2.148S. : neut. sg. as Adv., ἐπλήγη οὐχὶ -φόρον Aen.Tact. 27.9 ; but-φόρον ᾄδειν to sing a death song, AP 11.186 ( Nicarch. ).""]","[""death-bringing"",""of mortality"",""Acokanthera Schimperi"",""causing death by contagion"",""capital"",""a death song,""]",[],"[{""biblio"":"""",""quote"":""αἶσα""},{""biblio"":""A. | Ch. | 369"",""quote"":""αἶσα A. Ch. 369""},{""biblio"":"""",""quote"":""ὀδύναι""},{""biblio"":""Arist. | PA | 672a36"",""quote"":""ὀδύναι Arist. PA 672a36""},{""biblio"":"""",""quote"":""ἁμαρτία""},{""biblio"":""LXX | Nu. | 18.22"",""quote"":""ἁμαρτία LXX Nu. 18.22""},{""biblio"":"""",""quote"":""ἐπιστολή""},{""biblio"":""Hdn. | 4.12.8"",""quote"":""ἐπιστολή Hdn. 4.12.8""},{""biblio"":"""",""quote"":""περιστάσεις""},{""biblio"":""Vett.Val. | 225.7"",""quote"":""περιστάσεις Vett.Val. 225.7""},{""biblio"":"""",""quote"":""-ρως, νοσεῖν""},{""biblio"":""Phld. | Rh. | 2.148S."",""quote"":""-ρως, νοσεῖν Phld. Rh. 2.148S.""},{""biblio"":"""",""quote"":""ἐπλήγη οὐχὶ -φόρον""},{""biblio"":""Aen.Tact. | 27.9"",""quote"":""ἐπλήγη οὐχὶ -φόρον Aen.Tact. 27.9""}]","[""A. | Ch. | 369"",""Aen.Tact. | 27.9"",""Arist. | PA | 672a36"",""Hdn. | 4.12.8"",""LXX | Nu. | 18.22"",""Phld. | Rh. | 2.148S."",""Vett.Val. | 225.7""]",{},[],1,1,0,1,0,1,6,0,14
47872,9,177,n47872,θᾰνᾰτ-ιάω,,,784,,"[""= θανατάω 11 , Luc. Peregr. 32 , S.E. M. 9.153 .""]",[],[],[],[],{},"[{""type"":""ref"",""target"":"""",""text"":""θανατάω""},{""type"":"""",""target"":"""",""text"":""= θανατάω""}]",1,0,0,0,1,1,0,0,0
47873,9,178,n47873,θᾰνᾰτ-ικός,Adv.,,784,,"[""deadly,θ. ἐγκλήματα capital charges, D.S. 37.5 ;νόμοι, ζημία, J. BJ 3.5.7 , AJ 15.11.5 ;δίκη θ. trial on a capital charge, Plu. Per. 10 , Alex. 42 ; of planetary influences, Vett. Val. 129.4 ."",""Medic.,fatal, συνδρομή Gal. 16.545 ."",""Adv. -κῶς, λέγεσθαι, as expl. of δυσηλεγής, Eust. 321.40 .""]","[""deadly"",""capital"",""on a capital charge"",""fatal""]",[],"[{""biblio"":"""",""quote"":""συνδρομή""},{""biblio"":""Gal. | 16.545"",""quote"":""συνδρομή Gal. 16.545""}]","[""Gal. | 16.545""]",{},[],1,1,0,1,0,3,4,0,2
47874,9,179,n47874,θᾰνᾰτ-όεις,,,784,,"[""deadly, ἁμαρτήματα S. Ant. 1262 (lyr.); μόρος E. IA 1288 (lyr.).""]","[""deadly""]",[],"[{""biblio"":"""",""quote"":""ἁμαρτήματα""},{""biblio"":""S. | Ant. | 1262"",""quote"":""ἁμαρτήματα S. Ant. 1262""},{""biblio"":"""",""quote"":""μόρος""},{""biblio"":""E. | IA | 1288"",""quote"":""μόρος E. IA 1288""}]","[""E. | IA | 1288"",""S. | Ant. | 1262""]",{},[],1,1,0,1,0,1,1,0,4
47875,9,180,n47875,θᾰνᾰτοποιός,,,784,,"[""causing death, Sch. S. Tr. 858 .""]","[""causing death""]",[],[],[],{},[],1,1,0,0,0,1,1,0,0
47876,9,181,n47876,θάνᾰτος,,ὁ,784,,"[""death, whether natural or violent, Hom. , etc.;τῶν ὑπαλευάμενος θάνατον the death threatened by them, Od. 15.275 ; ὣς θάνον οἰκτίστῳ θανάτῳ 11.412 ;θάνατόνδε to death, Il. 16.693 , 22.297 ;θανάτου τέλος, μοῖρα, A. Th. 906 (lyr.), Pers. 917 (anap.), etc.;θανάτου πέρι καὶ ζωᾶς for life and death, Pi. N. 9.29 ; θ. ἢ βίον φέρει S. Aj. 802 ; θάνατος μὲν τάδ' ἀκούειν Id. OC 529 ; θανάτῳ ἴσον πάθος Id. Aj. 215 ; ἐν ἀγχόναις θάνατον λαβεῖν E. Hel. 201 ;πόλεώς ἐστι θ., ἀνάστατον γενέσθαι it is its death, Lycurg. 61 ;γῆρας ζῶν θ. Secund. Sent. 12 ;θάνατον ἀποθνῄσκειν, τελευτᾶν, Plu. Crass. 25 , D.H. 4.76 ."",""in Law,death-penalty,θάνατον καταγνῶναί τινος to pass sentence of death on one, Th. 3.81 ;θανάτου δίκῃ κρίνεσθαι ib. 57 ; θανάτου κρίνειν X. Cyr. 1.2.14 , Plb. 6.14.6 ; περὶ θανάτου διώκειν X. HG 7.3.6 ;πρὸς τοὺς ἐχθροὺς . . ἀγωνίσασθαι περὶ θ. D. 4.47 ;θ. τῆς ζημίας ἐπικειμένης the penalty is death, Isoc. 8.50 ; ellipt.,παιδίον κεκος μημένον τὴν ἐπὶ θανάτῳ(sc.στολήν) Hdt. 1.109 ; τὴν ἐπὶ θ. προσαγαγεῖν τινα Luc. Alex. 44 ; but δῆσαί τινα τὴν ἐπὶ θανάτῳ(sc.δέσιν) Hdt. 3.119 ;τὴν ἐπὶ θανάτῳ ἔξοδον ποιεῖσθαι to go to execution, Id. 7.223 ; ἐπὶ θάνατον ἄγεσθαι Id. 3.14 ;τοῖς Ἀθηναίοις ἐπιτρέψαι περὶ σφῶν αὐτῶν πλὴν θανάτου for any penalty short of death, Th. 4.54 ; εὐθύνας εἶναι πλὴν φυγῆς καὶ θανάτου καὶ ἀτιμίας IG 12.39.73 ;εἰργόμενον θανάτου καὶ τοῦ ἀνάπηρον ποιῆσαι short of death or maiming, Aeschin. 1.183 ."",""pl.,θάνατοι kinds of death, Od. 12.341 ;the deaths of several persons, S. OT 1200 , E. Heracl. 628 (both lyr.); poet., of one person, A. Ch. 53 , S. OT 496 , El. 206 (all lyr.); οὐχ ἑνός, οὐδὲ δυοῖν ἄξια θανάτοιν Pl. Lg. 908e ; πολλῶν θ., οὐχ ἑνὸς ἄξιος D. 21.21 , cf. 19.16 , Ar. Pl. 483 , D.H. 4.24 ; δεύτερος θ. *apoc. 2.11 , cf. Plu. 2.942f ; esp. of violent death, θ. αὐθένται A. Ag. 1572 (lyr.), cf. Th. 879 (lyr.); εἰς θανάτους ἰέναι Pl. R. 399b ."",""as pr. n.,Θάνατος Death, Ὕπνῳ . . κασιγνήτῳ Θανάτοιο Il. 14.231 , cf. S. Aj. 854 , Ph. 797 , etc.; μόνος θεῶν γὰρ Θ. οὐ δώρων ἐρᾷ A. Fr. 161 ;ὃν [ἰὸν] τέκετο Θ. S. Tr. 834 ; character in E. Alc."",""corpse, θ. ἀτύμβευτος AP 9.439 ( Crin. ).""]","[""death"",""the death threatened"",""to death"",""death"",""death"",""death-penalty"",""sentence of death"",""death"",""execution"",""death"",""of death"",""kinds of death"",""the deaths"",""*apoc."",""violent death"",""corpse""]","[""θνῄσκω""]","[{""biblio"":"""",""quote"":""ὣς θάνον οἰκτίστῳ θανάτῳ""},{""biblio"":""11.412"",""quote"":""ὣς θάνον οἰκτίστῳ θανάτῳ 11.412""},{""biblio"":"""",""quote"":""θ. ἢ βίον φέρει""},{""biblio"":""S. | Aj. | 802"",""quote"":""θ. ἢ βίον φέρει S. Aj. 802""},{""biblio"":"""",""quote"":""θάνατος μὲν τάδ' ἀκούειν""},{""biblio"":""Id. | OC | 529"",""quote"":""θάνατος μὲν τάδ' ἀκούειν Id. OC 529""},{""biblio"":"""",""quote"":""θανάτῳ ἴσον πάθος""},{""biblio"":""Id. | Aj. | 215"",""quote"":""θανάτῳ ἴσον πάθος Id. Aj. 215""},{""biblio"":"""",""quote"":""ἐν ἀγχόναις θάνατον λαβεῖν""},{""biblio"":""E. | Hel. | 201"",""quote"":""ἐν ἀγχόναις θάνατον λαβεῖν E. Hel. 201""},{""biblio"":"""",""quote"":""θανάτου κρίνειν""},{""biblio"":""X. | Cyr. | 1.2.14"",""quote"":""θανάτου κρίνειν X. Cyr. 1.2.14""},{""biblio"":"""",""quote"":""περὶ θανάτου διώκειν""},{""biblio"":""X. | HG | 7.3.6"",""quote"":""περὶ θανάτου διώκειν X. HG 7.3.6""},{""biblio"":"""",""quote"":""τὴν ἐπὶ θ. προσαγαγεῖν τινα""},{""biblio"":""Luc. | Alex. | 44"",""quote"":""τὴν ἐπὶ θ. προσαγαγεῖν τινα Luc. Alex. 44""},{""biblio"":"""",""quote"":""ἐπὶ θάνατον ἄγεσθαι""},{""biblio"":""Id. | 3.14"",""quote"":""ἐπὶ θάνατον ἄγεσθαι Id. 3.14""},{""biblio"":"""",""quote"":""εὐθύνας εἶναι πλὴν φυγῆς καὶ θανάτου καὶ ἀτιμίας""},{""biblio"":""IG | 12.39.73"",""quote"":""εὐθύνας εἶναι πλὴν φυγῆς καὶ θανάτου καὶ ἀτιμίας IG 12.39.73""},{""biblio"":"""",""quote"":""οὐχ ἑνός, οὐδὲ δυοῖν ἄξια θανάτοιν""},{""biblio"":""Pl. | Lg. | 908e"",""quote"":""οὐχ ἑνός, οὐδὲ δυοῖν ἄξια θανάτοιν Pl. Lg. 908e""},{""biblio"":"""",""quote"":""πολλῶν θ., οὐχ ἑνὸς ἄξιος""},{""biblio"":""D. | 21.21"",""quote"":""πολλῶν θ., οὐχ ἑνὸς ἄξιος D. 21.21""},{""biblio"":"""",""quote"":""δεύτερος θ.""},{""biblio"":""2.11"",""quote"":""δεύτερος θ. *apoc. 2.11""},{""biblio"":"""",""quote"":""θ. αὐθένται""},{""biblio"":""A. | Ag. | 1572"",""quote"":""θ. αὐθένται A. Ag. 1572""},{""biblio"":"""",""quote"":""εἰς θανάτους ἰέναι""},{""biblio"":""Pl. | R. | 399b"",""quote"":""εἰς θανάτους ἰέναι Pl. R. 399b""},{""biblio"":"""",""quote"":""Ὕπνῳ . . κασιγνήτῳ Θανάτοιο""},{""biblio"":""Il. | 14.231"",""quote"":""Ὕπνῳ . . κασιγνήτῳ Θανάτοιο Il. 14.231""},{""biblio"":"""",""quote"":""μόνος θεῶν γὰρ Θ. οὐ δώρων ἐρᾷ""},{""biblio"":""A. | Fr. | 161"",""quote"":""μόνος θεῶν γὰρ Θ. οὐ δώρων ἐρᾷ A. Fr. 161""},{""biblio"":"""",""quote"":""θ. ἀτύμβευτος""},{""biblio"":""AP | 9.439"",""quote"":""θ. ἀτύμβευτος AP 9.439""}]","[""11.412"",""2.11"",""A. | Ag. | 1572"",""A. | Fr. | 161"",""AP | 9.439"",""D. | 21.21"",""E. | Hel. | 201"",""IG | 12.39.73"",""Id. | 3.14"",""Id. | Aj. | 215"",""Id. | OC | 529"",""Il. | 14.231"",""Luc. | Alex. | 44"",""Pl. | Lg. | 908e"",""Pl. | R. | 399b"",""S. | Aj. | 802"",""X. | Cyr. | 1.2.14"",""X. | HG | 7.3.6""]",{},[],1,1,1,1,0,5,16,1,36
47877,9,182,n47877,θᾰνᾰτούσια,,τά,784,,"[""a feast of the dead, Luc. VH 2.22 .""]","[""a feast of the dead""]",[],[],[],{},[],1,1,0,0,0,1,1,0,0
47878,9,183,n47878,θᾰνᾰτοφόρος,,,784,,"[""θανατηφόρος, πάθη A. Ag. 1176 (lyr.).""]",[],[],"[{""biblio"":"""",""quote"":""θανατηφόρος, πάθη""},{""biblio"":""A. | Ag. | 1176"",""quote"":""θανατηφόρος, πάθη A. Ag. 1176""}]","[""A. | Ag. | 1176""]",{},[],1,0,0,1,0,1,0,0,2
47879,9,184,n47879,θᾰνᾰτ-όω,,,784,,"[""-ώσω A. Pr. 1053 (anap.), etc.:pf. τεθανάτωκα Phld. Rh. 1.359S. :— Pass. ,fut. -ωθήσομαι LXX 1 Ki. 14.45 :fut. Med. in pass.sense θανατώσοιτο X. Cyr. 7.5.31 :aor.1 ἐθανατώθην Id. An. 2.6.4 , Pl. Lg. 865d :pf. τεθανάτωμαι Plb. 23.4.14 :—put to death,τινα Hdt. 1.113 , A. Pr. l.c.; esp. of the public executioner, Pl. Lg. 872c , etc.: metaph.,τεθανατωκέναι τὰς Ἀθήνας(sc.τοὺς ῥήτορας) Phld.l.c.:— Pass. ,to be made dead, Ep.Rom. 7.4 ;ὁ -ωθείς the murdered man, Pl. Lg. 865d ."",""Pass. , of flesh,to be mortified, Hp. Fract. 26 :—metaph. in Act. ,mortify, τὰς πράξεις τοῦ σώματος Ep.Rom. 8.13 ."",""condemn to death by sentence of law, Antipho 3.3.11 , Ev.Matt. 26.60 :— Pass. , X. An. 2.6.4 ;οἱ τεθανατωμένοι those condemned to death, Plb. l.c."",""to be fatal, cause death, ὄφεις -οῦντες LXX Nu. 21.6 ;μυῖαι -οῦσαι ib. Ec. 10.1 ; νόσος Ph. 2.247 (-ῶσαν, -ώσασαν codd.).""]","[""put to death"",""to be made dead,"",""murdered"",""to be mortified"",""mortify"",""condemn to death by sentence"",""condemned to death"",""to be fatal, cause death""]",[],"[{""biblio"":"""",""quote"":""-ώσω""},{""biblio"":""A. | Pr. | 1053"",""quote"":""-ώσω A. Pr. 1053""},{""biblio"":"""",""quote"":""τεθανάτωκα""},{""biblio"":""Phld. | Rh. | 1.359S."",""quote"":""τεθανάτωκα Phld. Rh. 1.359S.""},{""biblio"":"""",""quote"":""-ωθήσομαι""},{""biblio"":""LXX | 1 Ki. | 14.45"",""quote"":""-ωθήσομαι LXX 1 Ki. 14.45""},{""biblio"":"""",""quote"":""θανατώσοιτο""},{""biblio"":""X. | Cyr. | 7.5.31"",""quote"":""θανατώσοιτο X. Cyr. 7.5.31""},{""biblio"":"""",""quote"":""ἐθανατώθην""},{""biblio"":""Id. | An. | 2.6.4"",""quote"":""ἐθανατώθην Id. An. 2.6.4""},{""biblio"":"""",""quote"":""τεθανάτωμαι""},{""biblio"":""Plb. | 23.4.14"",""quote"":""τεθανάτωμαι Plb. 23.4.14""},{""biblio"":"""",""quote"":""τὰς πράξεις τοῦ σώματος""},{""biblio"":""Ep.Rom. | 8.13"",""quote"":""τὰς πράξεις τοῦ σώματος Ep.Rom. 8.13""},{""biblio"":"""",""quote"":""ὄφεις -οῦντες""},{""biblio"":""LXX | Nu. | 21.6"",""quote"":""ὄφεις -οῦντες LXX Nu. 21.6""},{""biblio"":"""",""quote"":""νόσος""},{""biblio"":""Ph. | 2.247"",""quote"":""νόσος Ph. 2.247""}]","[""A. | Pr. | 1053"",""Ep.Rom. | 8.13"",""Id. | An. | 2.6.4"",""LXX | 1 Ki. | 14.45"",""LXX | Nu. | 21.6"",""Ph. | 2.247"",""Phld. | Rh. | 1.359S."",""Plb. | 23.4.14"",""X. | Cyr. | 7.5.31""]",{},[],1,1,0,1,0,4,8,0,18
47880,9,185,n47880,θᾰνᾰτ-ώδης,,,784,,"[""indicating death, σημεῖον Hp. Prog. 2 ."",""deadly, fatal, αὐχμοί Id. Aph. 3.15 ;ἦρ ib. 9 ; σπασμοί Ael. NA 7.5 .""]","[""indicating death"",""deadly, fatal""]",[],"[{""biblio"":"""",""quote"":""σημεῖον""},{""biblio"":""Hp. | Prog. | 2"",""quote"":""σημεῖον Hp. Prog. 2""},{""biblio"":"""",""quote"":""αὐχμοί""},{""biblio"":""Id. | Aph. | 3.15"",""quote"":""αὐχμοί Id. Aph. 3.15""},{""biblio"":"""",""quote"":""σπασμοί""},{""biblio"":""Ael. | NA | 7.5"",""quote"":""σπασμοί Ael. NA 7.5""}]","[""Ael. | NA | 7.5"",""Hp. | Prog. | 2"",""Id. | Aph. | 3.15""]",{},[],1,1,0,1,0,2,2,0,6
47881,9,186,n47881,θᾰνᾰ́τ-ωσις,,ἡ,784,,"[""putting to death, Th. 5.9 ; καταδίκαι καὶ -σεις πολιτῶν Plu. 2.291c .""]","[""putting to death""]",[],"[{""biblio"":"""",""quote"":""καταδίκαι καὶ -σεις πολιτῶν""},{""biblio"":""Plu. | 2.291c"",""quote"":""καταδίκαι καὶ -σεις πολιτῶν Plu. 2.291c""}]","[""Plu. | 2.291c""]",{},[],1,1,0,1,0,1,1,0,2
47882,9,187,n47882,θᾶξαι:,,,784,,"[""θᾶξαι: μεθύσαι, and τεθαγμένοι: μεμεθυσμένοι, and θαχμῆναι(cod., leg.θαχθῆμεν): θωρηχθῆναι( Dor. ), Hsch. ; cf.Θώσσω.""]",[],[],[],[],{},[],1,0,0,0,0,1,0,0,0
47883,9,188,n47883,θάομαι,,,784,,"[""θάμεθα Sophr. 85 :2 pl. θᾶσθε(Megar.) Ar. Ach. 770 ; imper. θάεο APl. 4.306 , AP 6.354 (Nossis);part. θάμενος, ταὶ θάμεναι τὰ Ἴσθμια, title of mime by Sophron, Arg. Theoc. 15 ; θασεῖσθε Call. Cer. 3 :fut. part. θασόμενος Theoc. 15.23 :aor.imper. θᾶσαι Epich. 114 , Theoc. 1.149 , 3.12 ;inf. θάσασθαι Id. 2.72 ;part. θασάμενος Tab.Heracl. 1.118 ."",""Act. only in part.,θάοντα: διδάσκοντα, θεωροῦντα, Hsch. , and Lacon. 1 pl. impf. ἔσᾱμεν(i.e.ἔθᾱμεν),=ἐθεωροῦμεν, Id.""]",[],"[""ο""]","[{""biblio"":"""",""quote"":""θάμεθα""},{""biblio"":""Sophr. | 85"",""quote"":""θάμεθα Sophr. 85""},{""biblio"":"""",""quote"":""θάεο""},{""biblio"":""APl. | 4.306"",""quote"":""θάεο APl. 4.306""},{""biblio"":"""",""quote"":""θασεῖσθε""},{""biblio"":""Call. | Cer. | 3"",""quote"":""θασεῖσθε Call. Cer. 3""},{""biblio"":"""",""quote"":""θασόμενος""},{""biblio"":""Theoc. | 15.23"",""quote"":""θασόμενος Theoc. 15.23""},{""biblio"":"""",""quote"":""θᾶσαι""},{""biblio"":""Epich. | 114"",""quote"":""θᾶσαι Epich. 114""},{""biblio"":"""",""quote"":""θάσασθαι""},{""biblio"":""Id. | 2.72"",""quote"":""θάσασθαι Id. 2.72""},{""biblio"":"""",""quote"":""θασάμενος""},{""biblio"":""Tab.Heracl. | 1.118"",""quote"":""θασάμενος Tab.Heracl. 1.118""}]","[""APl. | 4.306"",""Call. | Cer. | 3"",""Epich. | 114"",""Id. | 2.72"",""Sophr. | 85"",""Tab.Heracl. | 1.118"",""Theoc. | 15.23""]",{},[],1,0,1,1,0,2,0,1,14
47884,9,189,n47884,θάπος,,τό,784,,"[""θάπος,τό, dialectic form of τάφος(B),θάμβος, Eust. 468.28 :θάπαν: φόβον, Hsch. θάπτα: μυῖα(Cret.), Id.""]",[],[],[],[],{},[],1,0,0,0,0,1,0,0,0
47885,9,190,n47885,θαπτέον,,,784,,"[""one must bury,τινα S. Aj. 1140 .""]","[""one must bury""]",[],[],[],{},[],1,1,0,0,0,1,1,0,0
47886,9,191,n47886,θαπτήριον,,,784,,"[""sepultorium, Gloss.""]","[""sepultorium,""]",[],[],[],{},[],1,1,0,0,0,1,1,0,0
47887,9,192,n47887,θάπτω,,,784,,"[""θάψω Is. 8.21 :— Pass. ,fut. τᾰφήσομαι E. Alc. 632 , Lys. 13.45 , also τεθάψομαι S. Aj. 577 , 1141 , E. IT 1464 :aor. 1 ἐθάφθην Simon. 167 (cj.), Hdt. 2.81 , 7.228 ; more freq.aor. 2 ἐτάφην [ᾰ] Id. 3.10 , 55 , and alwaysin Att. , as Ar. Pl. 556 ;part. ἐν-θαφείς CIG 2839 (Aphrodisias):pf. τέθαμμαι, Ion. 3 pl. τετάφαται v.l. τεθάφαται Hdt. 6.103 ; imper. τεθάφθω Luc. DMar. 9.1 ;inf. τεθάφθαι A. Ch. 366 (lyr., prob.l.), Lycurg. 113 :plpf. Pass. ἐτέθαπτο Od. 11.52 , Hdt. 1.113 :—honour with funeral rites, ὅτε μιν θάπτωσιν Ἀχαιοί Il. 21.323 , cf. Hes. Sc. 472 ; esp. by burial, οὐ γάρ πω ἐτέθαπτο ὑπὸ χθονός Od. 11.52 (but freq. used later with ref. to cremation, D.S. 3.55 , App. Hann. 35 , Philostr. Her. 10.11 , etc.; πυρὶ θάπτειν Plu. 2.286f , Philostr. VS 2.20.3 ); θάπτειν . . γῆς φίλαις κατασκαφαῖς A. Th. 1013 , cf. E. Supp. 545 ( Pass. ); θ. ἐς χῶρον Hdt. 2.41 ; οὗ ἐβούλοντο Th. 8.84 ;θ. ἐξ οἰκίας to carry out to burial from a house, Is. 8.21 ;καταλείψει μηδὲ ταφῆναι not even his burial expenses, Ar. Pl. 556 ; τῷ δ' εἶναι μηδὲ ταφῆναι Id. Ec. 592 .""]","[""honour with funeral rites"",""to carry out to burial"",""burial expenses""]",[],"[{""biblio"":"""",""quote"":""θάψω""},{""biblio"":""Is. | 8.21"",""quote"":""θάψω Is. 8.21""},{""biblio"":"""",""quote"":""τᾰφήσομαι""},{""biblio"":""E. | Alc. | 632"",""quote"":""τᾰφήσομαι E. Alc. 632""},{""biblio"":"""",""quote"":""τεθάψομαι""},{""biblio"":""S. | Aj. | 577"",""quote"":""τεθάψομαι S. Aj. 577""},{""biblio"":"""",""quote"":""ἐθάφθην""},{""biblio"":""Simon. | 167"",""quote"":""ἐθάφθην Simon. 167""},{""biblio"":"""",""quote"":""ἐν-θαφείς""},{""biblio"":""CIG | 2839"",""quote"":""ἐν-θαφείς CIG 2839""},{""biblio"":"""",""quote"":""τεθάφθω""},{""biblio"":""Luc. | DMar. | 9.1"",""quote"":""τεθάφθω Luc. DMar. 9.1""},{""biblio"":"""",""quote"":""τεθάφθαι""},{""biblio"":""A. | Ch. | 366"",""quote"":""τεθάφθαι A. Ch. 366""},{""biblio"":"""",""quote"":""ἐτέθαπτο""},{""biblio"":""Od. | 11.52"",""quote"":""ἐτέθαπτο Od. 11.52""},{""biblio"":"""",""quote"":""ὅτε μιν θάπτωσιν Ἀχαιοί""},{""biblio"":""Il. | 21.323"",""quote"":""ὅτε μιν θάπτωσιν Ἀχαιοί Il. 21.323""},{""biblio"":"""",""quote"":""οὐ γάρ πω ἐτέθαπτο ὑπὸ χθονός""},{""biblio"":""Od. | 11.52"",""quote"":""οὐ γάρ πω ἐτέθαπτο ὑπὸ χθονός Od. 11.52""},{""biblio"":"""",""quote"":""πυρὶ θάπτειν""},{""biblio"":""Plu. | 2.286f"",""quote"":""πυρὶ θάπτειν Plu. 2.286f""},{""biblio"":"""",""quote"":""θάπτειν . . γῆς φίλαις κατασκαφαῖς""},{""biblio"":""A. | Th. | 1013"",""quote"":""θάπτειν . . γῆς φίλαις κατασκαφαῖς A. Th. 1013""},{""biblio"":"""",""quote"":""θ. ἐς χῶρον""},{""biblio"":""Hdt. | 2.41"",""quote"":""θ. ἐς χῶρον Hdt. 2.41""},{""biblio"":"""",""quote"":""οὗ ἐβούλοντο""},{""biblio"":""Th. | 8.84"",""quote"":""οὗ ἐβούλοντο Th. 8.84""},{""biblio"":"""",""quote"":""τῷ δ' εἶναι μηδὲ ταφῆναι""},{""biblio"":""Id. | Ec. | 592"",""quote"":""τῷ δ' εἶναι μηδὲ ταφῆναι Id. Ec. 592""}]","[""A. | Ch. | 366"",""A. | Th. | 1013"",""CIG | 2839"",""E. | Alc. | 632"",""Hdt. | 2.41"",""Id. | Ec. | 592"",""Il. | 21.323"",""Is. | 8.21"",""Luc. | DMar. | 9.1"",""Od. | 11.52"",""Plu. | 2.286f"",""S. | Aj. | 577"",""Simon. | 167"",""Th. | 8.84""]",{},"[{""type"":""ref"",""target"":"""",""text"":""τεθάφαται""},{""type"":"""",""target"":"""",""text"":""v.l. τεθάφαται""}]",1,1,0,1,1,1,3,0,30
47888,9,193,n47888,θᾰρᾰπ-ευτής,,,784,,"[""= θεραπ- ,Annuaire des Etudes Grecques 7.95 (Aenos).""]","[""Annuaire des Etudes Grecques""]",[],[],[],{},"[{""type"":""ref"",""target"":"""",""text"":""θεραπ-""},{""type"":"""",""target"":"""",""text"":""= θεραπ-""}]",1,1,0,0,1,1,1,0,0
47889,9,194,n47889,θᾰρᾰπ-εύω,,,784,,"[""= θεραπεύω , IG 3.1296 , Schwyzer 200 (Crete,ii B.C.).""]",[],[],[],[],{},"[{""type"":""ref"",""target"":"""",""text"":""θεραπεύω""},{""type"":"""",""target"":"""",""text"":""= θεραπεύω""}]",1,0,0,0,1,1,0,0,0
47890,9,195,n47890,θᾰρᾰ́π-ηνα,,ἡ,784,,"[""θᾰρᾰ́π-ηνα,ἡ, Boeot. ,=θεράπαινα, ib. 503a . 5 (iii/ii B.C.).""]",[],[],[],[],{},[],1,0,0,0,0,1,0,0,0
47891,9,196,n47891,Θαργήλια,,τά,784,,"[""Θαργ- IG 11(2).287 A 19 (iii B.C.)):Θαργήλιος and Ταργήλιος as pr. n., both in GDI 5515 (Iasos);Ταργ-in Anacr. 40 .""]",[],[],"[{""biblio"":"""",""quote"":""Θαργ-""},{""biblio"":""IG | 11(2).287"",""quote"":""Θαργ- IG 11(2).287""}]","[""IG | 11(2).287""]",{},[],1,0,0,1,0,1,0,0,2
47892,9,197,n47892,θάργηλος,,ὁ,784,,"[""θάργηλος ἄρτος,ὁ ,=θαλύσιος, Crates Gr. ap. Ath. 3.114a , dub. in IG 12.840 ;θάργηλος χύτρα prob. for θανατηγὸς χ. in Timocl. 7 .""]",[],[],[],[],{},[],1,0,0,0,0,1,0,0,0
47893,9,198,n47893,θαρνεύει:,,,784,,"[""θαρνεύει: ὀχεύει, σπείρει, φυτεύει, and θάρνυσθαι: ὀχεύειν, κυί̈σκεσθαι, Hsch. (Cf.θόρνυμαι.)""]",[],[],[],[],{},[],1,0,0,0,0,1,0,0,0
47894,9,199,n47894,θαρρᾰλέος,,,784,,"[""θαρρᾰλέος,θαρρέω,θαρρητικός,θάρρος,θαρρύνω, Att. for θαρσ-.""]",[],[],[],[],{},[],1,0,0,0,0,1,0,0,0
47895,9,200,n47895,θαρσᾰλ-έος,Adv.,,784,,"[""daring, πολεμιστής Il. 21.589 , etc.; ἦτορ 19.169 ; φωνά Pi. N. 9.49 ;ἐλπίδες θ.confident, A. Pr. 536 (lyr.): c.inf.,ἀπὸ τῶν ἵππων πολεμεῖν θαρρ. Pl. Prt. 350a ; θ. περί τι Arist. Rh. 1383a15 : Comp. -ώτερος Id. PA 667a16 , Pl. Prt. l.c.;τὸ θαρσαλέον confidence, ἐν τῷ θαρσαλέῳ εἶναι Th. 2.51 , cf. Lys. 21.25 : so in Adv.,θαρραλέως ἔχειν to be of good courage, πρὸς θάνατον Pl. Ap. 34e ; πρὸς τοὺς πολεμίους X. An. 2.6.14 : Comp. -ώτερον Isoc. Ep. 7.3 ."",""in bad sense,overbold, audacious, θ. καὶ ἀναιδής Od. 17.449 ; θαρσαλέη, κύον ἀδεές 19.91 ; θ. καὶ θρασεῖς Pl. Lg. 649c .Adv., ψευδῆ λέγειν θαρραλέως Is. 10.1 ."",""that which may be ventured on,τὰ θ., opp.τὰ δεινά, Pl. Prt. 359c , La. 195c , al.;τἀληθῆ . . λέγειν ἀσφαλὲς καὶ θ. Id. R. 450e .""]","[""daring"",""confident"",""confidence"",""of good courage"",""overbold, audacious"",""that which may be ventured on""]","[""θάρσος""]","[{""biblio"":"""",""quote"":""πολεμιστής""},{""biblio"":""Il. | 21.589"",""quote"":""πολεμιστής Il. 21.589""},{""biblio"":"""",""quote"":""ἦτορ""},{""biblio"":""19.169"",""quote"":""ἦτορ 19.169""},{""biblio"":"""",""quote"":""φωνά""},{""biblio"":""Pi. | N. | 9.49"",""quote"":""φωνά Pi. N. 9.49""},{""biblio"":"""",""quote"":""θ. περί τι""},{""biblio"":""Arist. | Rh. | 1383a15"",""quote"":""θ. περί τι Arist. Rh. 1383a15""},{""biblio"":"""",""quote"":""-ώτερος""},{""biblio"":""Id. | PA | 667a16"",""quote"":""-ώτερος Id. PA 667a16""},{""biblio"":"""",""quote"":""ἐν τῷ θαρσαλέῳ εἶναι""},{""biblio"":""Th. | 2.51"",""quote"":""ἐν τῷ θαρσαλέῳ εἶναι Th. 2.51""},{""biblio"":"""",""quote"":""πρὸς θάνατον""},{""biblio"":""Pl. | Ap. | 34e"",""quote"":""πρὸς θάνατον Pl. Ap. 34e""},{""biblio"":"""",""quote"":""πρὸς τοὺς πολεμίους""},{""biblio"":""X. | An. | 2.6.14"",""quote"":""πρὸς τοὺς πολεμίους X. An. 2.6.14""},{""biblio"":"""",""quote"":""-ώτερον""},{""biblio"":""Isoc. | Ep. | 7.3"",""quote"":""-ώτερον Isoc. Ep. 7.3""},{""biblio"":"""",""quote"":""θ. καὶ ἀναιδής""},{""biblio"":""Od. | 17.449"",""quote"":""θ. καὶ ἀναιδής Od. 17.449""},{""biblio"":"""",""quote"":""θαρσαλέη, κύον ἀδεές""},{""biblio"":""19.91"",""quote"":""θαρσαλέη, κύον ἀδεές 19.91""},{""biblio"":"""",""quote"":""θ. καὶ θρασεῖς""},{""biblio"":""Pl. | Lg. | 649c"",""quote"":""θ. καὶ θρασεῖς Pl. Lg. 649c""},{""biblio"":"""",""quote"":""ψευδῆ λέγειν θαρραλέως""},{""biblio"":""Is. | 10.1"",""quote"":""ψευδῆ λέγειν θαρραλέως Is. 10.1""}]","[""19.169"",""19.91"",""Arist. | Rh. | 1383a15"",""Id. | PA | 667a16"",""Il. | 21.589"",""Is. | 10.1"",""Isoc. | Ep. | 7.3"",""Od. | 17.449"",""Pi. | N. | 9.49"",""Pl. | Ap. | 34e"",""Pl. | Lg. | 649c"",""Th. | 2.51"",""X. | An. | 2.6.14""]",{},[],1,1,1,1,0,3,6,1,26
47896,9,201,n47896,θαρσᾰλ-εότης,,ἡ,784,,"[""boldness, confidence, Andronic.Rhod. p.578M. , Plu. Aem. 36 , 2.443d , Jul. Or. 3.107b , Them. Or. 2.30b ; opp.θρασύτης, Ph. 1.476 .""]","[""boldness, confidence""]",[],[],[],{},[],1,1,0,0,0,1,1,0,0
47897,9,202,n47897,θαρσ-έω,,,784,785,"[""Θαρρίας IG 12.847 ), Aeol. part. θέρσεισα( v.l. θαρσ- ) Theoc. 28.3 : (θάρσος):— to be of good courage, τεθαρσήκασι λαοί Il. 9.420 , etc.;ἄνευ νοῦ, σὺν νῷ, Pl. Men. 88b ; in bad sense,to be over-bold,ὕβρει θ. Th. 2.65 :μάτην θ. Pl. Tht. 189d :— Constr.:"",""abs., Il.l.c., etc.; θάρσει fear not! 4.184 , A. Supp. 732 , etc.;θαρσεῖτε ib. 600 , 910 ; θάρσει, θυμέ Sopat. 14 ; θάρρει Ar. Pl. 328 , al.:—in Epitaphs, θάρσει . . οὐδεὶς ἀθάνατος CIG 5200b (Ptolemais), etc.:part.in an adverb. sense,θαρσήσας μάλα εἰπέ with good courage, Il. 1.85 , cf. A. Ch. 666 ; κόμπασον θαρσῶν Id. Ag. 1671 , cf. Pr. 916 , S. OC 491 ; θαρσέοντες πλούτου πέρι ἐρίζετε Hdt. 5.49 ; πῖθι θαρρῶν Alex. 232 ; λέγε τοίνυν θαρρῶν Pl. Phdr. 243e ; θαρρῶν πλείονα ἔθυεν ἢ ὀκνῶν ηὔχετο X. Ages. 11.2 ;τὸ τεθαρρηκός confidence, Plu. Fab. 26 ; τὸ θαρροῦν τῆς ὄψεως Id. Cat.Mi. 44 : in aor.,pluck up courage, καὶ τότε δὴ θάρσησε Il. 1.92 ."",""c.acc.,θάρσει τόνδε γ' ἄεθλον fear not about this contest, Od. 8.197 ; later,feelconfidence against, have no fear of, πάντα Hdt. 7.50 ; θ. γέροντος χεῖρα E. Andr. 993 , cf. S. OC 649 ; θάνατον Pl. Phd. 88b ; τὸ τοιοῦτον σῶμα . . οἱ μὲν ἐχθροὶ θαρροῦσιν . . Id. Phdr. 239d ; θ. τὸ ἀποκρίνασθαι Id. Euthd. 275c ; οὔτε Φίλιππος ἐθάρρει τούτους οὔτε οὗτοι Φίλιππον D. 3.7 ; χωρίον Philostr. Her. 1.3 : c.acc. cogn.,ἠλίθιον θάρρος θ. Pl. Phd. 95c ;αἰσχρὰ θάρρη θ. Id. Prt. 360b ; ταὐτά τισι θ. καὶ φοβεῖσθαι X. HG 2.4.9 ;venture, θ. τὰς μάχας Id. An. 3.2.20 :— Pass. ,to be risked, Philostr. Im. 1.17 ."",""c. acc. pers., also,to have confidence in,τινα X. Cyr. 5.5.42 , D.C. 51.11 ."",""θ. τινί τι entrust to . . , Marin. Procl. 9 ."",""c. dat.,have confidence in, τεθαρσηκότες τοῖσι ὄρνισι Hdt. 3.76 ; ἑαυτῷ Plu. 2.69c (s.v.l.); τοῖς χρήμασι PGoodsp.Cair. 15.19 (iv A.D.)."",""with Preps.,θ. περί . . to be confident about . . , S. Aj. 793 , Pl. R. 574b ;ὑπὲρ ἑαυτῶν ib. 566b ; διά τι Isoc. 3.55 ; ἐπί τινι Id. 6.60 ; πρός τι Pl. Prt. 350b ;πρὸς ἐμαυτόν in myself, Ar. Ec. 1060 ."",""c.inf.,believe confidently that . ., S. Ant. 668 ; also θ. ὅτι . . Th. 1.81 , etc.; θ. τὸ ἐξελέγξειν D. 19.3 ."",""c.inf.,make bold, venture, X. Cyr. 8.8.6 , Plu. Per. 22 , Ant.Lib. 19.2 ."",""trans.,inspire with confidence, [ λόγοι] οἵ με θαρσοῖεν J. AJ 19.1.9 .""]","[""to be of good courage"",""to be over-bold"",""fear not!"",""with good courage"",""confidence"",""pluck up courage"",""fear not about"",""feelconfidence against, have no fear of"",""venture"",""to be risked"",""to have confidence in"",""entrust"",""have confidence in"",""to be confident"",""believe confidently that . ."",""make bold, venture"",""inspire with confidence""]","[""θάρσος""]","[{""biblio"":"""",""quote"":""Θαρρίας""},{""biblio"":""IG | 12.847"",""quote"":""Θαρρίας IG 12.847""},{""biblio"":"""",""quote"":""τεθαρσήκασι λαοί""},{""biblio"":""Il. | 9.420"",""quote"":""τεθαρσήκασι λαοί Il. 9.420""},{""biblio"":"""",""quote"":""θάρσει""},{""biblio"":""4.184"",""quote"":""θάρσει fear not! 4.184""},{""biblio"":"""",""quote"":""θάρσει, θυμέ""},{""biblio"":""Sopat. | 14"",""quote"":""θάρσει, θυμέ Sopat. 14""},{""biblio"":"""",""quote"":""θάρρει""},{""biblio"":""Ar. | Pl. | 328"",""quote"":""θάρρει Ar. Pl. 328""},{""biblio"":"""",""quote"":""θάρσει . . οὐδεὶς ἀθάνατος""},{""biblio"":""CIG | 5200b"",""quote"":""θάρσει . . οὐδεὶς ἀθάνατος CIG 5200b""},{""biblio"":"""",""quote"":""κόμπασον θαρσῶν""},{""biblio"":""Id. | Ag. | 1671"",""quote"":""κόμπασον θαρσῶν Id. Ag. 1671""},{""biblio"":"""",""quote"":""θαρσέοντες πλούτου πέρι ἐρίζετε""},{""biblio"":""Hdt. | 5.49"",""quote"":""θαρσέοντες πλούτου πέρι ἐρίζετε Hdt. 5.49""},{""biblio"":"""",""quote"":""πῖθι θαρρῶν""},{""biblio"":""Alex. | 232"",""quote"":""πῖθι θαρρῶν Alex. 232""},{""biblio"":"""",""quote"":""λέγε τοίνυν θαρρῶν""},{""biblio"":""Pl. | Phdr. | 243e"",""quote"":""λέγε τοίνυν θαρρῶν Pl. Phdr. 243e""},{""biblio"":"""",""quote"":""θαρρῶν πλείονα ἔθυεν ἢ ὀκνῶν ηὔχετο""},{""biblio"":""X. | Ages. | 11.2"",""quote"":""θαρρῶν πλείονα ἔθυεν ἢ ὀκνῶν ηὔχετο X. Ages. 11.2""},{""biblio"":"""",""quote"":""τὸ θαρροῦν τῆς ὄψεως""},{""biblio"":""Id. | Cat.Mi. | 44"",""quote"":""τὸ θαρροῦν τῆς ὄψεως Id. Cat.Mi. 44""},{""biblio"":"""",""quote"":""καὶ τότε δὴ θάρσησε""},{""biblio"":""Il. | 1.92"",""quote"":""καὶ τότε δὴ θάρσησε Il. 1.92""},{""biblio"":"""",""quote"":""πάντα""},{""biblio"":""Hdt. | 7.50"",""quote"":""πάντα Hdt. 7.50""},{""biblio"":"""",""quote"":""θ. γέροντος χεῖρα""},{""biblio"":""E. | Andr. | 993"",""quote"":""θ. γέροντος χεῖρα E. Andr. 993""},{""biblio"":"""",""quote"":""θάνατον""},{""biblio"":""Pl. | Phd. | 88b"",""quote"":""θάνατον Pl. Phd. 88b""},{""biblio"":"""",""quote"":""τὸ τοιοῦτον σῶμα . . οἱ μὲν ἐχθροὶ θαρροῦσιν . .""},{""biblio"":""Id. | Phdr. | 239d"",""quote"":""τὸ τοιοῦτον σῶμα . . οἱ μὲν ἐχθροὶ θαρροῦσιν . . Id. Phdr. 239d""},{""biblio"":"""",""quote"":""θ. τὸ ἀποκρίνασθαι""},{""biblio"":""Id. | Euthd. | 275c"",""quote"":""θ. τὸ ἀποκρίνασθαι Id. Euthd. 275c""},{""biblio"":"""",""quote"":""οὔτε Φίλιππος ἐθάρρει τούτους οὔτε οὗτοι Φίλιππον""},{""biblio"":""D. | 3.7"",""quote"":""οὔτε Φίλιππος ἐθάρρει τούτους οὔτε οὗτοι Φίλιππον D. 3.7""},{""biblio"":"""",""quote"":""χωρίον""},{""biblio"":""Philostr. | Her. | 1.3"",""quote"":""χωρίον Philostr. Her. 1.3""},{""biblio"":"""",""quote"":""ταὐτά τισι θ. καὶ φοβεῖσθαι""},{""biblio"":""X. | HG | 2.4.9"",""quote"":""ταὐτά τισι θ. καὶ φοβεῖσθαι X. HG 2.4.9""},{""biblio"":"""",""quote"":""θ. τὰς μάχας""},{""biblio"":""Id. | An. | 3.2.20"",""quote"":""θ. τὰς μάχας Id. An. 3.2.20""},{""biblio"":"""",""quote"":""τεθαρσηκότες τοῖσι ὄρνισι""},{""biblio"":""Hdt. | 3.76"",""quote"":""τεθαρσηκότες τοῖσι ὄρνισι Hdt. 3.76""},{""biblio"":"""",""quote"":""ἑαυτῷ""},{""biblio"":""Plu. | 2.69c"",""quote"":""ἑαυτῷ Plu. 2.69c""},{""biblio"":"""",""quote"":""τοῖς χρήμασι""},{""biblio"":""PGoodsp.Cair. | 15.19"",""quote"":""τοῖς χρήμασι PGoodsp.Cair. 15.19""},{""biblio"":"""",""quote"":""διά τι""},{""biblio"":""Isoc. | 3.55"",""quote"":""διά τι Isoc. 3.55""},{""biblio"":"""",""quote"":""ἐπί τινι""},{""biblio"":""Id. | 6.60"",""quote"":""ἐπί τινι Id. 6.60""},{""biblio"":"""",""quote"":""πρός τι""},{""biblio"":""Pl. | Prt. | 350b"",""quote"":""πρός τι Pl. Prt. 350b""},{""biblio"":"""",""quote"":""θ. ὅτι . .""},{""biblio"":""Th. | 1.81"",""quote"":""θ. ὅτι . . Th. 1.81""},{""biblio"":"""",""quote"":""θ. τὸ ἐξελέγξειν""},{""biblio"":""D. | 19.3"",""quote"":""θ. τὸ ἐξελέγξειν D. 19.3""},{""biblio"":"""",""quote"":""λόγοι] οἵ με θαρσοῖεν""},{""biblio"":""J. | AJ | 19.1.9"",""quote"":""λόγοι] οἵ με θαρσοῖεν J. AJ 19.1.9""}]","[""4.184"",""Alex. | 232"",""Ar. | Pl. | 328"",""CIG | 5200b"",""D. | 19.3"",""D. | 3.7"",""E. | Andr. | 993"",""Hdt. | 3.76"",""Hdt. | 5.49"",""Hdt. | 7.50"",""IG | 12.847"",""Id. | 6.60"",""Id. | Ag. | 1671"",""Id. | An. | 3.2.20"",""Id. | Cat.Mi. | 44"",""Id. | Euthd. | 275c"",""Id. | Phdr. | 239d"",""Il. | 1.92"",""Il. | 9.420"",""Isoc. | 3.55"",""J. | AJ | 19.1.9"",""PGoodsp.Cair. | 15.19"",""Philostr. | Her. | 1.3"",""Pl. | Phd. | 88b"",""Pl. | Phdr. | 243e"",""Pl. | Prt. | 350b"",""Plu. | 2.69c"",""Sopat. | 14"",""Th. | 1.81"",""X. | Ages. | 11.2"",""X. | HG | 2.4.9""]",{},"[{""type"":""ref"",""target"":"""",""text"":""θαρσ-""},{""type"":"""",""target"":"""",""text"":""v.l. θαρσ-""}]",1,1,1,1,1,10,17,1,62
47898,9,203,n47898,θαρσ-ήεις,,,784,,"[""θαρσ-ήεις,εσσα,εν,=θαρσαλέος, Call. Hec. 1.1.5 , Nonn. D. 13.562 .""]",[],[],[],[],{},[],1,0,0,0,0,1,0,0,0
47899,9,204,n47899,θαρσ-ηρός,,,784,,"[""Cat.Cod. Astr. 7.218 .""]","[""Cat.Cod. Astr.""]",[],[],[],{},[],1,1,0,0,0,1,1,0,0
47900,9,205,n47900,θάρσ-ησις,,ἡ,784,,"[""confidence in a thing,ταῖς ναυσί f.l. in Th. 7.49 .""]","[""confidence in""]",[],[],[],{},[],1,1,0,0,0,1,1,0,0
47901,9,206,n47901,θαρσ-ητέον,,,784,,"[""one must have confidence in, ἀρετῇ Iamb. Protr. 2 .""]","[""one must have confidence in""]",[],"[{""biblio"":"""",""quote"":""ἀρετῇ""},{""biblio"":""Iamb. | Protr. | 2"",""quote"":""ἀρετῇ Iamb. Protr. 2""}]","[""Iamb. | Protr. | 2""]",{},[],1,1,0,1,0,1,1,0,2
47902,9,207,n47902,θαρσ-ητικός,,,784,,"[""courageous, Arist. Pr. 947b26 .""]","[""courageous""]",[],[],[],{},[],1,1,0,0,0,1,1,0,0
47903,9,208,n47903,θαρσοποιός,,,784,,"[""making confident, Eust. 1344.12 .""]","[""making confident""]",[],[],[],{},[],1,1,0,0,0,1,1,0,0
47904,9,209,n47904,θάρσος,,τό,784,,"[""courage, Il. 6.126 ;θ. τινός courage to do a thing, A. Ch. 91 , S. OC 48 : c. gen.,courage against . ., πολεμίων Pl. Lg. 647b ; πρὸς τοὺς πολεμίους X. Cyr. 4.2.15 ;θ. ἴσχε take courage! S. Ph. 807 ; θ. ἔχειν περί τινος Id. El. 412 ; φρεσὶ θ. ἀέξειν Hes. Sc. 96 ; αἴρειν πρός τι E. IA 1598 ; λαβεῖν Act.Ap. 28.15 ; but θ. ἔλαβέ τινας Th. 2.92 ; θ. ἐμπνέειν Od. 9.381 ; ἐνὶ φρεσὶ θεῖναι 3.76 ;τῷ δ' ἐνὶ θυμῷ θῆκε . . θ. 1.321 ; ἐν κραδίῃ βάλλειν Il. 21.547 ;παρασχεῖν, ἐμποιεῖν τινι, Th. 6.68 , X. An. 6.5.17 ;θ. ἐγγίγνεται, ἐμπίπτει τινί, Id. Cyr. 4.2.15 , HG 7.1.31 ; ἐμφύσεται Id. Cyr. 5.2.32 ; οὔτ' ἐλπίδος γὰρ οὔτε του δόξης ὁρῶ θ. παρ' ἡμῖν ὡς . . E. Hec. 371 : pl., φόβοι καὶ θάρρη Arist. EN 1107a33 , cf. Pl. Prt. 360b ."",""that which gives courage, ὀλολυγμόν . . , θάρσος φίλοις A. Th. 270 , cf. 184 : pl.,θάρση grounds of confidence, E. IT 1281 (lyr.)."",""rarely in bad sense, = θράσος ,audacity, θάρσος ἄητον ἔχουσα Il. 21.395 ;μυίης θάρσος ἐνὶ στήθεσσιν ἐνῆκεν the reckless persistence of a fly, 17.570 .—On the diff. of θάρσος and θράσος, v. θράσος .""]","[""courage"",""courage to do"",""courage against . ."",""courage!"",""that which gives courage"",""grounds of confidence"",""audacity"",""reckless persistence""]","[""θρασύς""]","[{""biblio"":"""",""quote"":""πολεμίων""},{""biblio"":""Pl. | Lg. | 647b"",""quote"":""πολεμίων Pl. Lg. 647b""},{""biblio"":"""",""quote"":""πρὸς τοὺς πολεμίους""},{""biblio"":""X. | Cyr. | 4.2.15"",""quote"":""πρὸς τοὺς πολεμίους X. Cyr. 4.2.15""},{""biblio"":"""",""quote"":""θ. ἔχειν περί τινος""},{""biblio"":""Id. | El. | 412"",""quote"":""θ. ἔχειν περί τινος Id. El. 412""},{""biblio"":"""",""quote"":""φρεσὶ θ. ἀέξειν""},{""biblio"":""Hes. | Sc. | 96"",""quote"":""φρεσὶ θ. ἀέξειν Hes. Sc. 96""},{""biblio"":"""",""quote"":""αἴρειν πρός τι""},{""biblio"":""E. | IA | 1598"",""quote"":""αἴρειν πρός τι E. IA 1598""},{""biblio"":"""",""quote"":""λαβεῖν""},{""biblio"":""Act.Ap. | 28.15"",""quote"":""λαβεῖν Act.Ap. 28.15""},{""biblio"":"""",""quote"":""θ. ἔλαβέ τινας""},{""biblio"":""Th. | 2.92"",""quote"":""θ. ἔλαβέ τινας Th. 2.92""},{""biblio"":"""",""quote"":""θ. ἐμπνέειν""},{""biblio"":""Od. | 9.381"",""quote"":""θ. ἐμπνέειν Od. 9.381""},{""biblio"":"""",""quote"":""ἐνὶ φρεσὶ θεῖναι""},{""biblio"":""3.76"",""quote"":""ἐνὶ φρεσὶ θεῖναι 3.76""},{""biblio"":"""",""quote"":""ἐν κραδίῃ βάλλειν""},{""biblio"":""Il. | 21.547"",""quote"":""ἐν κραδίῃ βάλλειν Il. 21.547""},{""biblio"":"""",""quote"":""ἐμφύσεται""},{""biblio"":""Id. | Cyr. | 5.2.32"",""quote"":""ἐμφύσεται Id. Cyr. 5.2.32""},{""biblio"":"""",""quote"":""οὔτ' ἐλπίδος γὰρ οὔτε του δόξης ὁρῶ θ. παρ' ἡμῖν ὡς . .""},{""biblio"":""E. | Hec. | 371"",""quote"":""οὔτ' ἐλπίδος γὰρ οὔτε του δόξης ὁρῶ θ. παρ' ἡμῖν ὡς . . E. Hec. 371""},{""biblio"":"""",""quote"":""φόβοι καὶ θάρρη""},{""biblio"":""Arist. | EN | 1107a33"",""quote"":""φόβοι καὶ θάρρη Arist. EN 1107a33""},{""biblio"":"""",""quote"":""ὀλολυγμόν . . , θάρσος φίλοις""},{""biblio"":""A. | Th. | 270"",""quote"":""ὀλολυγμόν . . , θάρσος φίλοις A. Th. 270""},{""biblio"":"""",""quote"":""θάρσος ἄητον ἔχουσα""},{""biblio"":""Il. | 21.395"",""quote"":""θάρσος ἄητον ἔχουσα Il. 21.395""}]","[""3.76"",""A. | Th. | 270"",""Act.Ap. | 28.15"",""Arist. | EN | 1107a33"",""E. | Hec. | 371"",""E. | IA | 1598"",""Hes. | Sc. | 96"",""Id. | Cyr. | 5.2.32"",""Id. | El. | 412"",""Il. | 21.395"",""Il. | 21.547"",""Od. | 9.381"",""Pl. | Lg. | 647b"",""Th. | 2.92"",""X. | Cyr. | 4.2.15""]",{},"[{""type"":""ref"",""target"":"""",""text"":""θράσος""},{""type"":"""",""target"":"""",""text"":""= θράσος""},{""type"":""ref"",""target"":"""",""text"":""θράσος""},{""type"":"""",""target"":"""",""text"":""v. θράσος""}]",1,1,1,1,1,3,8,1,30
47905,9,210,n47905,θαρσούντως,Adv.,,784,,"[""boldly, X. Smp. 2.11 , Phld. Rh. 1.325S. , Jul. Or. 2.83a ; θ. ἔχειν D.C. 53.3 .""]","[""boldly""]",[],"[{""biblio"":"""",""quote"":""θ. ἔχειν""},{""biblio"":""D.C. | 53.3"",""quote"":""θ. ἔχειν D.C. 53.3""}]","[""D.C. | 53.3""]",{},[],1,1,0,1,0,1,1,0,2
47906,9,211,n47906,θάρσῠνος,,,784,,"[""relying on a thing, οἰωνῷ 13.823 .""]","[""relying on""]",[],"[{""biblio"":"""",""quote"":""οἰωνῷ""},{""biblio"":""13.823"",""quote"":""οἰωνῷ 13.823""}]","[""13.823""]",{},[],1,1,0,1,0,1,1,0,2
47907,9,212,n47907,θαρσύνω,,,784,,"[""encourage, embolden,θάρσυνον(aor.imper.) δέ οἱ ἦτορ Il. 16.242 ; θαρσύνεσκε παριστάμενος ἐπέεσσιν 4.233 ; θ. μύθῳ 10.190 ;θ. λόγοις, opp.φοβεῖν, A. Pers. 216 (troch.); ἔργῳ καὶ λόγῳ X. Cyr. 6.3.27 , cf. Hdt. 2.141 , Th. 2.59 , etc."",""intr.,= θαρσέω, ἀλλ', ὦ φίλη, θάρσυνε S. El. 916 .—Cf.θρασύνω.""]","[""encourage, embolden""]",[],"[{""biblio"":"""",""quote"":""δέ οἱ ἦτορ""},{""biblio"":""Il. | 16.242"",""quote"":""δέ οἱ ἦτορ Il. 16.242""},{""biblio"":"""",""quote"":""θαρσύνεσκε παριστάμενος ἐπέεσσιν""},{""biblio"":""4.233"",""quote"":""θαρσύνεσκε παριστάμενος ἐπέεσσιν 4.233""},{""biblio"":"""",""quote"":""θ. μύθῳ""},{""biblio"":""10.190"",""quote"":""θ. μύθῳ 10.190""},{""biblio"":"""",""quote"":""ἔργῳ καὶ λόγῳ""},{""biblio"":""X. | Cyr. | 6.3.27"",""quote"":""ἔργῳ καὶ λόγῳ X. Cyr. 6.3.27""},{""biblio"":"""",""quote"":""θαρσέω, ἀλλ', ὦ φίλη, θάρσυνε""},{""biblio"":""S. | El. | 916"",""quote"":""θαρσέω, ἀλλ', ὦ φίλη, θάρσυνε S. El. 916""}]","[""10.190"",""4.233"",""Il. | 16.242"",""S. | El. | 916"",""X. | Cyr. | 6.3.27""]",{},[],1,1,0,1,0,2,1,0,10
47908,9,213,n47908,Θαρσώ,,ἡ,784,,"[""Θαρσώ,οῦς,ἡ, name of Athena, Sch. Il. 5.2 .""]",[],[],[],[],{},[],1,0,0,0,0,1,0,0,0
47909,9,214,n47909,θᾶσαι,,,784,,"[""v. Θάομαι .""]",[],[],[],[],{},"[{""type"":""ref"",""target"":"""",""text"":""Θάομαι""},{""type"":"""",""target"":"""",""text"":""v. Θάομαι""}]",1,0,0,0,1,1,0,0,0
47910,9,215,n47910,Θάσιος,,τό,784,,"[""of or from Thasos,Θάσιος(sc.οἶνος)Thasian wine, Hermipp. 82.3 , Ar. Fr. 317 , etc.; Θάσιον οἴνου σταμνίον Id. Lys. 196 , cf. Ec. 1119 ;Θάσια κάρυα almonds, Chrysipp.Tyan. ap. Ath. 14.647f , Aët. 12.37 ; so Θάσια alone, Plu. 2.1097d , Dsc. 4.188 , Gp. 10.57 tit.: in sg., ib. 76.6 :ἡ Θασία ἅλμη pickled sea-fish, Cratin. 6 ; and without ἅλμη, ἀνακυκᾶν Θασίαν to make this pickle, Ar. Ach. 671 ."",""Θάσιος, ὁ(sc.μήν), name of month at Temnos, Wiener Denkschr. 53.96 (prob.)."",""Θάσιον,τό , a measure in Egypt, PCair.Zen. 12.19 (iii B.C.), al.""]","[""of"",""from Thasos"",""Thasian wine"",""almonds"",""pickled sea-fish"",""this pickle""]",[],"[{""biblio"":"""",""quote"":""Θάσιον οἴνου σταμνίον""},{""biblio"":""Id. | Lys. | 196"",""quote"":""Θάσιον οἴνου σταμνίον Id. Lys. 196""}]","[""Id. | Lys. | 196""]",{},[],1,1,0,1,0,3,6,0,2
47911,9,216,n47911,θᾶσσον,,,784,,"[""v. ταχύς .θάσσουσα: σπεύδουσα, Hsch.""]",[],[],[],[],{},"[{""type"":""ref"",""target"":"""",""text"":""ταχύς""},{""type"":"""",""target"":"""",""text"":""v. ταχύς""}]",1,0,0,0,1,1,0,0,0
47912,9,217,n47912,θάσσω,,,784,,"[""sit, sit idle, στρατὸς δὲ θάσσει E. Supp. 391 ;ἥσυχος θ. Id. Ba. 622 (troch.); ἀμφὶ βωμόν Id. Rh. 509 ; ἐπ' ἀκταῖς Id. Hec. 36 ; τρίποδι ἐν χρυσέῳ Id. IT 1253 (lyr.); πρὸς βάθροις Id. HF 715 : c. acc. sedis, θάσσειν θρόνον S. OT 161 (lyr.); θ. τρίποδα E. Ion 91 (anap.); θ. δάπεδον Id. Andr. 117 (lyr.): c. acc. cogn.,θ. δυστήνους ἕδρας to sit in wretched posture, Id. HF 1214 , cf. Ar. Th. 889 . (θᾱσσω contr. fr.θαάσσω(θᾰϝᾰκψω, cf.θάβακος): v. θᾶκος, θοάζω .)""]","[""sit, sit idle"",""to sit""]",[],"[{""biblio"":"""",""quote"":""στρατὸς δὲ θάσσει""},{""biblio"":""E. | Supp. | 391"",""quote"":""στρατὸς δὲ θάσσει E. Supp. 391""},{""biblio"":"""",""quote"":""ἀμφὶ βωμόν""},{""biblio"":""Id. | Rh. | 509"",""quote"":""ἀμφὶ βωμόν Id. Rh. 509""},{""biblio"":"""",""quote"":""ἐπ' ἀκταῖς""},{""biblio"":""Id. | Hec. | 36"",""quote"":""ἐπ' ἀκταῖς Id. Hec. 36""},{""biblio"":"""",""quote"":""τρίποδι ἐν χρυσέῳ""},{""biblio"":""Id. | IT | 1253"",""quote"":""τρίποδι ἐν χρυσέῳ Id. IT 1253""},{""biblio"":"""",""quote"":""πρὸς βάθροις""},{""biblio"":""Id. | HF | 715"",""quote"":""πρὸς βάθροις Id. HF 715""},{""biblio"":"""",""quote"":""θάσσειν θρόνον""},{""biblio"":""S. | OT | 161"",""quote"":""θάσσειν θρόνον S. OT 161""},{""biblio"":"""",""quote"":""θ. τρίποδα""},{""biblio"":""E. | Ion | 91"",""quote"":""θ. τρίποδα E. Ion 91""},{""biblio"":"""",""quote"":""θ. δάπεδον""},{""biblio"":""Id. | Andr. | 117"",""quote"":""θ. δάπεδον Id. Andr. 117""}]","[""E. | Ion | 91"",""E. | Supp. | 391"",""Id. | Andr. | 117"",""Id. | HF | 715"",""Id. | Hec. | 36"",""Id. | IT | 1253"",""Id. | Rh. | 509"",""S. | OT | 161""]",{},"[{""type"":""ref"",""target"":"""",""text"":""θᾶκος, θοάζω""},{""type"":"""",""target"":"""",""text"":""v. θᾶκος, θοάζω""}]",1,1,0,1,1,1,2,0,16
47913,9,218,n47913,θάσσων,,,784,,"[""v. ταχύς .θάτας: θῆτας(θύτας cod.),τοὺς δούλους( Cypr. ), Hsch. θατέρᾳ,θάτερον, v. ἕτερος .""]",[],[],[],[],{},"[{""type"":""ref"",""target"":"""",""text"":""ταχύς""},{""type"":"""",""target"":"""",""text"":""v. ταχύς""},{""type"":""ref"",""target"":"""",""text"":""ἕτερος""},{""type"":"""",""target"":"""",""text"":""v. ἕτερος""}]",1,0,0,0,1,1,0,0,0
47914,9,219,n47914,θᾱτέρως,Adv.,,784,,"[""in the other way, Simp. in Ph. 210.10 .""]","[""in the other way""]",[],[],[],{},[],1,1,0,0,0,1,1,0,0
47915,9,220,n47915,θᾱτήρ,,ὁ,784,,"[""s.v. ἐς θατύν .θαυλακίζειν, = θυλακ- , Id.θαυλέα: οὐρά, κέρκος, Id.θαύλια,τά, a festival, Id.:—also θαυλίζειν, Id.: prob. connected with Θαύλιος, epith. of Zeus at Pharsalus, Hermes 46.154 , 286 . (Possibly= throttler, cf.Καν-δαύλης = Κυνάγχης (q.v.).)""]","[""throttler""]",[],[],[],{},"[{""type"":""ref"",""target"":"""",""text"":""ἐς θατύν""},{""type"":"""",""target"":"""",""text"":""s.v. ἐς θατύν""},{""type"":""ref"",""target"":"""",""text"":""θυλακ-""},{""type"":"""",""target"":"""",""text"":""= θυλακ-""},{""type"":""ref"",""target"":"""",""text"":""Κυνάγχης""},{""type"":"""",""target"":"""",""text"":""= Κυνάγχης""}]",1,1,0,0,1,1,1,0,0
47916,9,221,n47916,θαῦμα,,τό,784,,"[""of objects,wonder, marvel, in Ep. always in sg., Il. 13.99 , etc.;θαῦμ' ἐτέτυκτο πελώριον, of Polyphemus, Od. 9.190 ;θαῦμα βροτοῖσι, of a beautiful woman, 11.287 ;ἄσπετόν τι θ., of Hercules, S. Tr. 961 (lyr.), etc.: freq. c.inf.,θ. ἰδέσθαι a wonder to behold, Il. 5.725 , etc.; θ. ἰδεῖν h.Ven. 205 , Hes. Sc. 318 ; θ. ἰδεῖν εὐκοσμίας E. Ba. 693 ; θ. ἀκοῦσαι Pi. P. 1.26 ; θ. ἀνέλπιστον μαθεῖν S. Tr. 673 , etc.;θαῦμ' ὅτι . . strange that . . , Theoc. 15.2 ;οὐ θαῦμά [ἐστι] no wonder, Pi. N. 10.50 ; so καὶ θ. γ' οὐδέν and no wonder, Ar. Pl. 99 ; τὸ μὴ πείθεσθαι θ. οὐδέν Pl. R. 498d , etc.;τί τοῦτο θ.; E. Hipp. 439 ; ἦ μάλα θ. κύων ὅδε κεῖται Od. 17.306 ; θῶμα ποιεῖσθαί τι Hdt. 1.68 ; τί τινος Id. 9.58 ;τινος Id. 7.99 ; περί τινος Id. 3.23 : after Hom. in pl., θαύματ' ἐμοὶ κλύειν A. Ag. 1166 ( v.l. θραύματ' ) θαύματ' ἀνθρώποις ὁρᾶν E. Ion 1142 ;θαυμάτων κρείσσονα or πέρα things more than wondrous, Id. Ba. 667 , Hec. 714 ."",""in pl., also,puppetshow, toy theatre,θ. δεικνύναι, ἐπιδεικνύναι, Pl. R. 514b , Lg. 658c ;ἐν θ. Thphr. Char. 6.4 , cf. 27.7 , Ph. 1.28 ;mountebank-gambols, X. Smp. 2.1 , cf. 7.3 (sg.);ἐν τοῖς θ. ὑπεκρίνετο μίμους in the jugglers' booths, Ath. 10.452f ; of menageries, Isoc. 15.213 ; of mechanical devices, Arist. Mech. 848a11 : metaph., ἔνιοι θ. ποιοῦσιν ἐν φιλοσοφίᾳ Phld. Rh. 1.99S. : sg.,puppet, Pl. Lg. 644d ;trick,τὸ τῆς σοφιστικῆς δυνάμεως θ. Id. Sph. 233a ."",""wonder, astonishment, θ. μ' ἔχει ὡς . . Od. 10.326 , etc.;ἔσχον θ. S. El. 897 ; θ. δ' ὄμμασιν πάρα A. Eu. 407 ; θ. μ' ὑπέρχεται S. El. 928 ;μ' ἐλάμβανε θ. Ar. Av. 511 ;θαύματος ἄξιος worthy of wonder, E. Hipp. 906 , etc.;ἐν θώματι εἶναι to be astonished, Hdt. 1.68 , cf. Th. 8.14 ;ἐν θώματι ἔχεσθαι, ἐνέχεσθαι, Hdt. 8.135 , 7.128 ;ἐν θ. ἐνέχεσθαί τινος at a thing, Id. 9.37 ; ἐν θαύματι ποιεῖσθαι Plu. Pomp. 14 ; διὰ θαύματος σχεῖν Hdn. 2.2.7 : pl., θαυμάτων ἐπάξια E. Ba. 716 , cf. Pl. Lg. 967a .""]","[""wonder, marvel"",""a wonder"",""strange"",""wonder"",""wonder"",""wondrous"",""puppetshow, toy theatre"",""mountebank-gambols"",""jugglers' booths"",""puppet"",""trick"",""wonder, astonishment"",""wonder"",""astonished"",""at""]",[],"[{""biblio"":"""",""quote"":""θ. ἰδεῖν""},{""biblio"":""h.Ven. | 205"",""quote"":""θ. ἰδεῖν h.Ven. 205""},{""biblio"":"""",""quote"":""θ. ἰδεῖν εὐκοσμίας""},{""biblio"":""E. | Ba. | 693"",""quote"":""θ. ἰδεῖν εὐκοσμίας E. Ba. 693""},{""biblio"":"""",""quote"":""θ. ἀκοῦσαι""},{""biblio"":""Pi. | P. | 1.26"",""quote"":""θ. ἀκοῦσαι Pi. P. 1.26""},{""biblio"":"""",""quote"":""θ. ἀνέλπιστον μαθεῖν""},{""biblio"":""S. | Tr. | 673"",""quote"":""θ. ἀνέλπιστον μαθεῖν S. Tr. 673""},{""biblio"":"""",""quote"":""τὸ μὴ πείθεσθαι θ. οὐδέν""},{""biblio"":""Pl. | R. | 498d"",""quote"":""τὸ μὴ πείθεσθαι θ. οὐδέν Pl. R. 498d""},{""biblio"":"""",""quote"":""ἦ μάλα θ. κύων ὅδε κεῖται""},{""biblio"":""Od. | 17.306"",""quote"":""ἦ μάλα θ. κύων ὅδε κεῖται Od. 17.306""},{""biblio"":"""",""quote"":""θῶμα ποιεῖσθαί τι""},{""biblio"":""Hdt. | 1.68"",""quote"":""θῶμα ποιεῖσθαί τι Hdt. 1.68""},{""biblio"":"""",""quote"":""τί τινος""},{""biblio"":""Id. | 9.58"",""quote"":""τί τινος Id. 9.58""},{""biblio"":"""",""quote"":""περί τινος""},{""biblio"":""Id. | 3.23"",""quote"":""περί τινος Id. 3.23""},{""biblio"":"""",""quote"":""θαύματ' ἐμοὶ κλύειν""},{""biblio"":""A. | Ag. | 1166"",""quote"":""θαύματ' ἐμοὶ κλύειν A. Ag. 1166""},{""biblio"":"""",""quote"":""θαύματ' ἀνθρώποις ὁρᾶν""},{""biblio"":""E. | Ion | 1142"",""quote"":""θαύματ' ἀνθρώποις ὁρᾶν E. Ion 1142""},{""biblio"":"""",""quote"":""ἔνιοι θ. ποιοῦσιν ἐν φιλοσοφίᾳ""},{""biblio"":""Phld. | Rh. | 1.99S."",""quote"":""ἔνιοι θ. ποιοῦσιν ἐν φιλοσοφίᾳ Phld. Rh. 1.99S.""},{""biblio"":"""",""quote"":""θ. μ' ἔχει ὡς . .""},{""biblio"":""Od. | 10.326"",""quote"":""θ. μ' ἔχει ὡς . . Od. 10.326""},{""biblio"":"""",""quote"":""θ. δ' ὄμμασιν πάρα""},{""biblio"":""A. | Eu. | 407"",""quote"":""θ. δ' ὄμμασιν πάρα A. Eu. 407""},{""biblio"":"""",""quote"":""θ. μ' ὑπέρχεται""},{""biblio"":""S. | El. | 928"",""quote"":""θ. μ' ὑπέρχεται S. El. 928""},{""biblio"":"""",""quote"":""ἐν θαύματι ποιεῖσθαι""},{""biblio"":""Plu. | Pomp. | 14"",""quote"":""ἐν θαύματι ποιεῖσθαι Plu. Pomp. 14""},{""biblio"":"""",""quote"":""διὰ θαύματος σχεῖν""},{""biblio"":""Hdn. | 2.2.7"",""quote"":""διὰ θαύματος σχεῖν Hdn. 2.2.7""},{""biblio"":"""",""quote"":""θαυμάτων ἐπάξια""},{""biblio"":""E. | Ba. | 716"",""quote"":""θαυμάτων ἐπάξια E. Ba. 716""}]","[""A. | Ag. | 1166"",""A. | Eu. | 407"",""E. | Ba. | 693"",""E. | Ba. | 716"",""E. | Ion | 1142"",""Hdn. | 2.2.7"",""Hdt. | 1.68"",""Id. | 3.23"",""Id. | 9.58"",""Od. | 10.326"",""Od. | 17.306"",""Phld. | Rh. | 1.99S."",""Pi. | P. | 1.26"",""Pl. | R. | 498d"",""Plu. | Pomp. | 14"",""S. | El. | 928"",""S. | Tr. | 673"",""h.Ven. | 205""]",{},"[{""type"":""ref"",""target"":"""",""text"":""θραύματ'""},{""type"":"""",""target"":"""",""text"":""v.l. θραύματ'""}]",1,1,0,1,1,3,15,0,36
47917,9,222,n47917,θαυμ-άζω,,,784,,"[""θαυμάσομαι A. Pr. 476 , E. Alc. 157 , Pl. Prm. 129c , Ep. θαυμάσσομαι Il. 18.467 ; also θαυμάσω Hp. Nat.Puer. 29 , Plu. 2.823f , etc. (in X. Cyr. 5.2.12 θαυμάζουσι is restored for-σουσι, θαυμάσετε is v.l. for -σαιτε , Id. HG 5.1.14 ):aor. ἐθαύμασα A. Th. 772 (lyr.), etc., Ep. θαύμασα h.Merc. 414 :pf. τεθαύμακα X. Mem. 1.4.2 , etc.:— Med. , Gal. Med.Phil. 2 (v.l.), Ael. VH 12.30 :aor. 1 ἐθαυμασάμην v.l. in Aesop. 92 ;οὐκ ἂν θαυμας ώμεθα(leg.-σαίμεθα) Procl. in Prm. p.750S. ;θαυμάσαιτο v.l. in J. BJ 3.5.1 :— Pass. ,fut. -ασθήσομαι Isoc. 6.105 , Th. 2.41 :aor. ἐθαυμάσθην Id. 6.12 :pf. τεθαύμασμαι Plb. 4.82.1 ."",""abs.,wonder, marvel, Il. 24.394 , Pl. Hp.Ma. 282e , etc."",""c. acc.,marvel at, Il. 24.631 , etc.; πτόλεμόν τε μάχην τε 13.11 ; τύχη θαυμάσαι μὲν ἀξία S. OT 777 , cf. OC 1152 , El. 393 :— Pass. ,ὡς τέρας θ. Hdt. 4.28 ;μὴ παρὼν -άζεται I wonder why he is not present, S. OT 289 ."",""honour, admire, worship, once in Hom. (but cf.θαυμαίνω) , οὔτε τι θαυμάζειν . . οὔτ' ἀγάασθαι Od. 16.203 ; freq. later, as Hdt. 3.80 , A. Th. 772 (lyr.), S. Aj. 1093 , etc.; θ. τύμβον πατρός E. El. 519 ; μηδὲ τὸν πλοῦτον μηδὲ τὴν δόξαν τὴν τούτων θαυμάζετε, ἀλλ' ὑμᾶς αὐτούς D. 21.210 ;μηδὲν θ., Lat.nil admirari, Plu. 2.44b ; technically, of the attendance of small birds on the owl, Arist. HA 609a15 ;θ. πρόσωπον to show respect to a person, i.e.comply with their request, LXX Ge. 19.21 ;θ. τινά τινος for a thing, Th. 6.36 ; θ. τινὰ ἐπὶ σοφίᾳ Pl. Tht. 161c , X. Mem. 1.4.2 ; ἀπὸ τοῦ σώματος τὸν νεανίσκον Plu. Rom. 7 :— Pass. ,to be admired, Hdt. 7.204 ; ὑπό τινος Id. 3.82 ; ἔν τινι Th. 2.39 ; τῶν προγεγενημένων μᾶλλον -θησόμεθα Isoc. 6.105 ;τοὺς ὁμοίως τεθαυμασμένους [ποιητάς] Phld. Po. 5.31 ; διά τι Isoc. 4.59 : c. gen., τῆς ῥώμης Philostr. VA 7.42 ; χάρις δ' ἀφ' ἡμῶν ὀλομένων -άζεται A. Th. 703 ;τὰ εἰκότα θ.to receive proper marks of respect, Th. 1.38 ; θ. τινί Id. 7.63 ."",""say with astonishment, ἵνα μηδεὶς . . \""εἶτα τότ' οὐκ ἔλεγες ταῦτα . . ;\"" θαυμάζῃ D. 19.25 ."",""c. gen.,wonder at, marvel at,τούτου(cj. for τοῦτο) Lys. 7.23 : c.part., ὃ δ' ἐθαύμασά σου λέγοντος Pl. Prt. 329c , cf. Cri. 50c ; θ. τῶν προθέντων αὖθις λέγειν Th. 3.38 ;θ. τί τινος to wonder at a thing in a person, E. Hipp. 1041 ; ὃ θ. τοῦ ἑταίρου Pl. Tht. 161b , cf. R. 376a : c. dupl. gen., θ. τούτου τῆς διανοίας Lys. 3.44 :—these phrases are used in Att. as a civil mode of expressing dissent."",""rarely c. dat. rei,to wonder at, Th. 4.85 ."",""folld. by Preps.,τὰ -όμενα περί τινος Pl. Ti. 80c ; θ. περί τινος τί τῇ τέχνῃ συμβάλλεται Sosip. 1.37 ; ἐπί σου θαυμάζω, πῶς δύνῃ . . Plb. 23.5.12 ; θαυμάσονται ἐπ' αὐτῇ LXX Le. 26.32 ."",""freq. folld. by an interrog. sentence, θαυμάζομεν οἷον ἐτύχθη Il. 2.320 ; θ. ὅστις ἔσται ὁ ἀντερῶν Th. 3.38 ; θαυμάζοντες τί ἔσοιτο ἡ πολιτεία X. HG 2.3.17 ; θ. ὡς οὔπω πάρεισιν Th. 1.90 , cf. X. Cyr. 1.4.20 , etc.;θ. ὅτι I wonder at the fact that . ., Pl. R. 489a ; πολλάκις τεθαύμακα ὅπως . . Com.Adesp. 22.46D. ; but more commonly,θ. εἰ . .I wonder if . ., as a more polite way of saying I wonder that . ., Hdt. 1.155 , S. OC 1140 , Pl. Phd. 97a ; ἐὰν . . λέγω, μηδὲν θαυμάσῃς Id. Smp. 215a ; ὃ καὶ θαυμάζω, εἰ . . D. 19.86 ;θαύμαζον ἀκούων, εἰ σὺ μὴ εἴης . ., Lat.mirum ni . ., Ar. Pax 1292 (hex.).—This construction is freq. combined with one or other of the foregoing."",""c. acc., θαύμαζ' Ἀχιλῆα, ὅσσος ἔην οἷός τε Il. 24.629 ;Τηλέμαχον θαύμαζον, ὃ θαρσαλέως ἀγόρευε they marvelled at Telemachus, that he spake so boldly, Od. 1.382 ;τὸ δὲ θαυμάζεσκον( Ion. impf.), ὡς . . 19.229 ; θ. σοῦ γλῶσσαν, ὡς θρασύστομος A. Ag. 1399 , etc.: sts. without a connective, ἀλλὰ τὸ θαυμάζω: ἴδον . . Od. 4.655 ; σοῦ . . θαυμάσας ἔχω τόδε: χρῆν γὰρ . . S. Ph. 1362 : sts. c.inf., θαυμάζομεν Ἕκτορα δῖον, αἰχμητὴν ἔμεναι Il. 5.601 ."",""c. gen.,θ. τινός, ἥντινα γνώμην ἔχων κτλ. Antipho 1.5 ; θ. τῶν . . ἐχόντων ὅπως οὐ λέγουσιν Isoc. 3.3 ; θ. αὐτοῦ τί τολμήσει λέγειν D. 24.66 ; θαυμάζω τινὸς ὅτι . . Isoc. 4.1 ;θ. τῶν δυναστευόντων εἰ ἡγοῦνται I wonder at men in power supposing, ib. 170 ; ὑμῶν θ. εἰ μὴ βοηθήσετε X. HG 2.3.53 ; also θ. αὐτοῦ . . τοῦτο, ὡς . . Pl. Phd. 89a ."",""c. acc. et inf.,πενθεῖν οὔ σε θ. E. Med. 268 , cf. Alc. 1130 : after a gen., θαυμάζω δέ σου . . κυρεῖν λέγουσαν A. Ag. 1199 .""]","[""wonder, marvel"",""marvel at"",""wonder"",""honour, admire, worship"",""nil admirari"",""attendance"",""to show respect to"",""comply with"",""for"",""to be admired"",""to receive"",""marks of respect"",""say with astonishment"",""wonder at, marvel at"",""to wonder"",""to wonder at"",""wonder at the fact that . ."",""wonder if . ."",""wonder that . ."",""mirum ni . ."",""marvelled at"",""wonder at""]",[],"[{""biblio"":"""",""quote"":""θαυμάσομαι""},{""biblio"":""A. | Pr. | 476"",""quote"":""θαυμάσομαι A. Pr. 476""},{""biblio"":"""",""quote"":""θαυμάσσομαι""},{""biblio"":""Il. | 18.467"",""quote"":""θαυμάσσομαι Il. 18.467""},{""biblio"":"""",""quote"":""θαυμάσω""},{""biblio"":""Hp. | Nat.Puer. | 29"",""quote"":""θαυμάσω Hp. Nat.Puer. 29""},{""biblio"":"""",""quote"":""ἐθαύμασα""},{""biblio"":""A. | Th. | 772"",""quote"":""ἐθαύμασα A. Th. 772""},{""biblio"":"""",""quote"":""θαύμασα""},{""biblio"":""h.Merc. | 414"",""quote"":""θαύμασα h.Merc. 414""},{""biblio"":"""",""quote"":""τεθαύμακα""},{""biblio"":""X. | Mem. | 1.4.2"",""quote"":""τεθαύμακα X. Mem. 1.4.2""},{""biblio"":"""",""quote"":""-ασθήσομαι""},{""biblio"":""Isoc. | 6.105"",""quote"":""-ασθήσομαι Isoc. 6.105""},{""biblio"":"""",""quote"":""ἐθαυμάσθην""},{""biblio"":""Id. | 6.12"",""quote"":""ἐθαυμάσθην Id. 6.12""},{""biblio"":"""",""quote"":""τεθαύμασμαι""},{""biblio"":""Plb. | 4.82.1"",""quote"":""τεθαύμασμαι Plb. 4.82.1""},{""biblio"":"""",""quote"":""πτόλεμόν τε μάχην τε""},{""biblio"":""13.11"",""quote"":""πτόλεμόν τε μάχην τε 13.11""},{""biblio"":"""",""quote"":""τύχη θαυμάσαι μὲν ἀξία""},{""biblio"":""S. | OT | 777"",""quote"":""τύχη θαυμάσαι μὲν ἀξία S. OT 777""},{""biblio"":"""",""quote"":"", οὔτε τι θαυμάζειν . . οὔτ' ἀγάασθαι""},{""biblio"":""Od. | 16.203"",""quote"":"", οὔτε τι θαυμάζειν . . οὔτ' ἀγάασθαι Od. 16.203""},{""biblio"":"""",""quote"":""θ. τύμβον πατρός""},{""biblio"":""E. | El. | 519"",""quote"":""θ. τύμβον πατρός E. El. 519""},{""biblio"":"""",""quote"":""μηδὲ τὸν πλοῦτον μηδὲ τὴν δόξαν τὴν τούτων θαυμάζετε, ἀλλ' ὑμᾶς αὐτούς""},{""biblio"":""D. | 21.210"",""quote"":""μηδὲ τὸν πλοῦτον μηδὲ τὴν δόξαν τὴν τούτων θαυμάζετε, ἀλλ' ὑμᾶς αὐτούς D. 21.210""},{""biblio"":"""",""quote"":""θ. τινὰ ἐπὶ σοφίᾳ""},{""biblio"":""Pl. | Tht. | 161c"",""quote"":""θ. τινὰ ἐπὶ σοφίᾳ Pl. Tht. 161c""},{""biblio"":"""",""quote"":""ἀπὸ τοῦ σώματος τὸν νεανίσκον""},{""biblio"":""Plu. | Rom. | 7"",""quote"":""ἀπὸ τοῦ σώματος τὸν νεανίσκον Plu. Rom. 7""},{""biblio"":"""",""quote"":""ὑπό τινος""},{""biblio"":""Id. | 3.82"",""quote"":""ὑπό τινος Id. 3.82""},{""biblio"":"""",""quote"":""ἔν τινι""},{""biblio"":""Th. | 2.39"",""quote"":""ἔν τινι Th. 2.39""},{""biblio"":"""",""quote"":""τῶν προγεγενημένων μᾶλλον -θησόμεθα""},{""biblio"":""Isoc. | 6.105"",""quote"":""τῶν προγεγενημένων μᾶλλον -θησόμεθα Isoc. 6.105""},{""biblio"":"""",""quote"":""διά τι""},{""biblio"":""Isoc. | 4.59"",""quote"":""διά τι Isoc. 4.59""},{""biblio"":"""",""quote"":""τῆς ῥώμης""},{""biblio"":""Philostr. | VA | 7.42"",""quote"":""τῆς ῥώμης Philostr. VA 7.42""},{""biblio"":"""",""quote"":""χάρις δ' ἀφ' ἡμῶν ὀλομένων -άζεται""},{""biblio"":""A. | Th. | 703"",""quote"":""χάρις δ' ἀφ' ἡμῶν ὀλομένων -άζεται A. Th. 703""},{""biblio"":"""",""quote"":""θ. τινί""},{""biblio"":""Id. | 7.63"",""quote"":""θ. τινί Id. 7.63""},{""biblio"":"""",""quote"":""ἵνα μηδεὶς . . \""εἶτα τότ' οὐκ ἔλεγες ταῦτα . . ;\"" θαυμάζῃ""},{""biblio"":""D. | 19.25"",""quote"":""ἵνα μηδεὶς . . \""εἶτα τότ' οὐκ ἔλεγες ταῦτα . . ;\"" θαυμάζῃ D. 19.25""},{""biblio"":"""",""quote"":""ὃ δ' ἐθαύμασά σου λέγοντος""},{""biblio"":""Pl. | Prt. | 329c"",""quote"":""ὃ δ' ἐθαύμασά σου λέγοντος Pl. Prt. 329c""},{""biblio"":"""",""quote"":""θ. τῶν προθέντων αὖθις λέγειν""},{""biblio"":""Th. | 3.38"",""quote"":""θ. τῶν προθέντων αὖθις λέγειν Th. 3.38""},{""biblio"":"""",""quote"":""ὃ θ. τοῦ ἑταίρου""},{""biblio"":""Pl. | Tht. | 161b"",""quote"":""ὃ θ. τοῦ ἑταίρου Pl. Tht. 161b""},{""biblio"":"""",""quote"":""θ. τούτου τῆς διανοίας""},{""biblio"":""Lys. | 3.44"",""quote"":""θ. τούτου τῆς διανοίας Lys. 3.44""},{""biblio"":"""",""quote"":""-όμενα περί τινος""},{""biblio"":""Pl. | Ti. | 80c"",""quote"":""-όμενα περί τινος Pl. Ti. 80c""},{""biblio"":"""",""quote"":""θ. περί τινος τί τῇ τέχνῃ συμβάλλεται""},{""biblio"":""Sosip. | 1.37"",""quote"":""θ. περί τινος τί τῇ τέχνῃ συμβάλλεται Sosip. 1.37""},{""biblio"":"""",""quote"":""ἐπί σου θαυμάζω, πῶς δύνῃ . .""},{""biblio"":""Plb. | 23.5.12"",""quote"":""ἐπί σου θαυμάζω, πῶς δύνῃ . . Plb. 23.5.12""},{""biblio"":"""",""quote"":""θαυμάσονται ἐπ' αὐτῇ""},{""biblio"":""LXX | Le. | 26.32"",""quote"":""θαυμάσονται ἐπ' αὐτῇ LXX Le. 26.32""},{""biblio"":"""",""quote"":""θαυμάζομεν οἷον ἐτύχθη""},{""biblio"":""Il. | 2.320"",""quote"":""θαυμάζομεν οἷον ἐτύχθη Il. 2.320""},{""biblio"":"""",""quote"":""θ. ὅστις ἔσται ὁ ἀντερῶν""},{""biblio"":""Th. | 3.38"",""quote"":""θ. ὅστις ἔσται ὁ ἀντερῶν Th. 3.38""},{""biblio"":"""",""quote"":""θαυμάζοντες τί ἔσοιτο ἡ πολιτεία""},{""biblio"":""X. | HG | 2.3.17"",""quote"":""θαυμάζοντες τί ἔσοιτο ἡ πολιτεία X. HG 2.3.17""},{""biblio"":"""",""quote"":""θ. ὡς οὔπω πάρεισιν""},{""biblio"":""Th. | 1.90"",""quote"":""θ. ὡς οὔπω πάρεισιν Th. 1.90""},{""biblio"":"""",""quote"":""πολλάκις τεθαύμακα ὅπως . .""},{""biblio"":""Com.Adesp. | 22.46D."",""quote"":""πολλάκις τεθαύμακα ὅπως . . Com.Adesp. 22.46D.""},{""biblio"":"""",""quote"":""ἐὰν . . λέγω, μηδὲν θαυμάσῃς""},{""biblio"":""Id. | Smp. | 215a"",""quote"":""ἐὰν . . λέγω, μηδὲν θαυμάσῃς Id. Smp. 215a""},{""biblio"":"""",""quote"":""ὃ καὶ θαυμάζω, εἰ . .""},{""biblio"":""D. | 19.86"",""quote"":""ὃ καὶ θαυμάζω, εἰ . . D. 19.86""},{""biblio"":"""",""quote"":""θαύμαζ' Ἀχιλῆα, ὅσσος ἔην οἷός τε""},{""biblio"":""Il. | 24.629"",""quote"":""θαύμαζ' Ἀχιλῆα, ὅσσος ἔην οἷός τε Il. 24.629""},{""biblio"":"""",""quote"":""ὡς . .""},{""biblio"":""19.229"",""quote"":""ὡς . . 19.229""},{""biblio"":"""",""quote"":""θ. σοῦ γλῶσσαν, ὡς θρασύστομος""},{""biblio"":""A. | Ag. | 1399"",""quote"":""θ. σοῦ γλῶσσαν, ὡς θρασύστομος A. Ag. 1399""},{""biblio"":"""",""quote"":""ἀλλὰ τὸ θαυμάζω: ἴδον . .""},{""biblio"":""Od. | 4.655"",""quote"":""ἀλλὰ τὸ θαυμάζω: ἴδον . . Od. 4.655""},{""biblio"":"""",""quote"":""σοῦ . . θαυμάσας ἔχω τόδε: χρῆν γὰρ . .""},{""biblio"":""S. | Ph. | 1362"",""quote"":""σοῦ . . θαυμάσας ἔχω τόδε: χρῆν γὰρ . . S. Ph. 1362""},{""biblio"":"""",""quote"":""θαυμάζομεν Ἕκτορα δῖον, αἰχμητὴν ἔμεναι""},{""biblio"":""Il. | 5.601"",""quote"":""θαυμάζομεν Ἕκτορα δῖον, αἰχμητὴν ἔμεναι Il. 5.601""},{""biblio"":"""",""quote"":""θ. τῶν . . ἐχόντων ὅπως οὐ λέγουσιν""},{""biblio"":""Isoc. | 3.3"",""quote"":""θ. τῶν . . ἐχόντων ὅπως οὐ λέγουσιν Isoc. 3.3""},{""biblio"":"""",""quote"":""θ. αὐτοῦ τί τολμήσει λέγειν""},{""biblio"":""D. | 24.66"",""quote"":""θ. αὐτοῦ τί τολμήσει λέγειν D. 24.66""},{""biblio"":"""",""quote"":""θαυμάζω τινὸς ὅτι . .""},{""biblio"":""Isoc. | 4.1"",""quote"":""θαυμάζω τινὸς ὅτι . . Isoc. 4.1""},{""biblio"":"""",""quote"":""ὑμῶν θ. εἰ μὴ βοηθήσετε""},{""biblio"":""X. | HG | 2.3.53"",""quote"":""ὑμῶν θ. εἰ μὴ βοηθήσετε X. HG 2.3.53""},{""biblio"":"""",""quote"":""θ. αὐτοῦ . . τοῦτο, ὡς . .""},{""biblio"":""Pl. | Phd. | 89a"",""quote"":""θ. αὐτοῦ . . τοῦτο, ὡς . . Pl. Phd. 89a""},{""biblio"":"""",""quote"":""θαυμάζω δέ σου . . κυρεῖν λέγουσαν""},{""biblio"":""A. | Ag. | 1199"",""quote"":""θαυμάζω δέ σου . . κυρεῖν λέγουσαν A. Ag. 1199""}]","[""13.11"",""19.229"",""A. | Ag. | 1199"",""A. | Ag. | 1399"",""A. | Pr. | 476"",""A. | Th. | 703"",""A. | Th. | 772"",""Com.Adesp. | 22.46D."",""D. | 19.25"",""D. | 19.86"",""D. | 21.210"",""D. | 24.66"",""E. | El. | 519"",""Hp. | Nat.Puer. | 29"",""Id. | 3.82"",""Id. | 6.12"",""Id. | 7.63"",""Id. | Smp. | 215a"",""Il. | 18.467"",""Il. | 2.320"",""Il. | 24.629"",""Il. | 5.601"",""Isoc. | 3.3"",""Isoc. | 4.1"",""Isoc. | 4.59"",""Isoc. | 6.105"",""LXX | Le. | 26.32"",""Lys. | 3.44"",""Od. | 16.203"",""Od. | 4.655"",""Philostr. | VA | 7.42"",""Pl. | Phd. | 89a"",""Pl. | Prt. | 329c"",""Pl. | Tht. | 161b"",""Pl. | Tht. | 161c"",""Pl. | Ti. | 80c"",""Plb. | 23.5.12"",""Plb. | 4.82.1"",""Plu. | Rom. | 7"",""S. | OT | 777"",""S. | Ph. | 1362"",""Sosip. | 1.37"",""Th. | 1.90"",""Th. | 2.39"",""Th. | 3.38"",""X. | HG | 2.3.17"",""X. | HG | 2.3.53"",""X. | Mem. | 1.4.2"",""h.Merc. | 414""]",{},"[{""type"":""ref"",""target"":"""",""text"":""-σαιτε""},{""type"":"""",""target"":"""",""text"":""v.l. for -σαιτε""}]",1,1,0,1,1,12,22,0,102
47918,9,223,n47918,θαυμ-αίνω,,,784,,"[""θαυμάζω 2 ,admire, gaze upon, ἀέθλια θαυμανέοντες Od. 8.108 ;δένδρεα θαύμαινε( v.l. θάμβαινε ) Pi. O. 3.32 , cf. Id.(?)Parth.ap. Sch. Il. Oxy. 221 vii 11 :— Pass. , θαυμαίνονται καὶ φιλέονται Callicrat. ap. Stob. 4.28.17 , cf. Diotog. ap. eund. 4.7.62 ."",""abs.,wonder,οὐδὲν δεῖ θαυμαίνεν( Dor. inf.), εἰ . . Archyt. ap. eund. 3.1.114 .""]","[""admire, gaze upon"",""wonder""]",[],"[{""biblio"":"""",""quote"":""θαυμάζω""},{""biblio"":""2"",""quote"":""θαυμάζω 2""},{""biblio"":"""",""quote"":""ἀέθλια θαυμανέοντες""},{""biblio"":""Od. | 8.108"",""quote"":""ἀέθλια θαυμανέοντες Od. 8.108""},{""biblio"":"""",""quote"":""θαυμαίνονται καὶ φιλέονται""},{""biblio"":""Callicrat."",""quote"":""θαυμαίνονται καὶ φιλέονται Callicrat.""},{""biblio"":"""",""quote"":""εἰ . .""},{""biblio"":""Archyt."",""quote"":""εἰ . . Archyt.""}]","[""2"",""Archyt."",""Callicrat."",""Od. | 8.108""]",{},"[{""type"":""ref"",""target"":"""",""text"":""θάμβαινε""},{""type"":"""",""target"":"""",""text"":""v.l. θάμβαινε""}]",1,1,0,1,1,2,2,0,8
47919,9,224,n47919,θαύμ-ακτρον,,τό,784,,"[""money paid to see conjurers' tricks, Sophr. 120 .""]","[""money paid to see conjurers' tricks""]",[],[],[],{},[],1,1,0,0,0,1,1,0,0
47920,9,225,n47920,θαυμ-ᾰλέος,,,784,,"[""wondrous, Hsch.""]","[""wondrous""]",[],[],[],{},[],1,1,0,0,0,1,1,0,0
47921,9,226,n47921,Θαύμας,,ὁ,784,,"[""Θαύμας,αντος,ὁ, the father of Iris, Hes. Th. 265 ; allegorized by Pl. Tht. 155d .""]",[],[],[],[],{},[],1,0,0,0,0,1,0,0,0
47922,9,227,n47922,θαυμάσι-ος,Adv.,,784,786,"[""wonderful, marvellous, ὄσσα h.Merc. 443 ; χάρις Hes. Th. 584 (nisi neut. pl.); [ ὁδὸς] θωμασιωτέρη Hdt. 2.21 ;θωμάσια wonders, marvels, ib. 35 : Sup. -ώτατα Id. 6.47 ; θαυμάσια ἐργάζεσθαι Pl. Smp. 220a ;ἧττον θαυμαστά, καίπερ ὄντα θαυμάσια less admired, though admirable, Plu. 2.974d : c.inf., τέρας θ. προσιδέσθαι Pi. P. 1.26 ;οὐ θ. [ἐστι] c.inf., Ar. Th. 468 ; ἔστιν δὲ . . τοῦτο . . θ., ὅπως . . Id. Pl. 340 ;θ. τοῦ κάλλους marvellous for beauty, X. An. 2.3.9 ; πρὸς τὴν τόλμαν -ώτατε Aeschin. 3.152 : with interrog.,θαυμάσιον ὅσον exceedingly, Pl. Smp. 217a ; θαυμάσι' ἡλίκα D. 19.24 ;τὸ -ώτατον what is most wonderful, D.S. 1.63 ."",""Adv. -ίως wonderfully, i.e.exceedingly, Ar. Nu. 1240 : freq. with ὡς, θ. ὡς ἄθλιος marvellously wretched, Pl. Grg. 471a ;θ. ἂν ὡς ηὐλαβούμην I should be wonderfully cautious, D. 29.1 ."",""disposed to wonder, in Adv., ὧν οὐ -ίως γ' ἔχουσι Hp. Morb.Sacr. 1 ."",""admirable, excellent, with slight irony, Pl. Phdr. 242a , D. 19.113 : freq. ὦ θαυμάσιε Pl. R. 435c , al.;ὦ -ώτατε ἄνθρωπε, in scorn, X. An. 3.1.27 ."",""θ. καὶ ἄλογον strange and absurd, Pl. Grg. 496a ;θαυμάσια . . ἐργαζομένους behaving in an extraordinary manner, Id. Ap. 35a .""]","[""wonderful, marvellous"",""wonders, marvels"",""admired"",""admirable"",""marvellous"",""exceedingly"",""most wonderful"",""wonderfully"",""exceedingly"",""marvellously"",""wonderfully"",""disposed to wonder"",""admirable, excellent"",""strange"",""in an extraordinary manner""]",[],"[{""biblio"":"""",""quote"":""ὄσσα""},{""biblio"":""h.Merc. | 443"",""quote"":""ὄσσα h.Merc. 443""},{""biblio"":"""",""quote"":""χάρις""},{""biblio"":""Hes. | Th. | 584"",""quote"":""χάρις Hes. Th. 584""},{""biblio"":"""",""quote"":""ὁδὸς] θωμασιωτέρη""},{""biblio"":""Hdt. | 2.21"",""quote"":""ὁδὸς] θωμασιωτέρη Hdt. 2.21""},{""biblio"":"""",""quote"":""-ώτατα""},{""biblio"":""Id. | 6.47"",""quote"":""-ώτατα Id. 6.47""},{""biblio"":"""",""quote"":""θαυμάσια ἐργάζεσθαι""},{""biblio"":""Pl. | Smp. | 220a"",""quote"":""θαυμάσια ἐργάζεσθαι Pl. Smp. 220a""},{""biblio"":"""",""quote"":""τέρας θ. προσιδέσθαι""},{""biblio"":""Pi. | P. | 1.26"",""quote"":""τέρας θ. προσιδέσθαι Pi. P. 1.26""},{""biblio"":"""",""quote"":""ἔστιν δὲ . . τοῦτο . . θ., ὅπως . .""},{""biblio"":""Id. | Pl. | 340"",""quote"":""ἔστιν δὲ . . τοῦτο . . θ., ὅπως . . Id. Pl. 340""},{""biblio"":"""",""quote"":""πρὸς τὴν τόλμαν -ώτατε""},{""biblio"":""Aeschin. | 3.152"",""quote"":""πρὸς τὴν τόλμαν -ώτατε Aeschin. 3.152""},{""biblio"":"""",""quote"":""θαυμάσι' ἡλίκα""},{""biblio"":""D. | 19.24"",""quote"":""θαυμάσι' ἡλίκα D. 19.24""},{""biblio"":"""",""quote"":""ὧν οὐ -ίως γ' ἔχουσι""},{""biblio"":""Hp. | Morb.Sacr. | 1"",""quote"":""ὧν οὐ -ίως γ' ἔχουσι Hp. Morb.Sacr. 1""},{""biblio"":"""",""quote"":""ὦ θαυμάσιε""},{""biblio"":""Pl. | R. | 435c"",""quote"":""ὦ θαυμάσιε Pl. R. 435c""}]","[""Aeschin. | 3.152"",""D. | 19.24"",""Hdt. | 2.21"",""Hes. | Th. | 584"",""Hp. | Morb.Sacr. | 1"",""Id. | 6.47"",""Id. | Pl. | 340"",""Pi. | P. | 1.26"",""Pl. | R. | 435c"",""Pl. | Smp. | 220a"",""h.Merc. | 443""]",{},[],1,1,0,1,0,5,15,0,22
47923,9,228,n47923,θαυμασι-ότης,,ἡ,784,,"[""disposition to wonder, Hp. Morb.Sacr. 1 , Arist. Top. 126b15 ."",""marvellous nature or quality, ὅσα ἔχει -ότητά τινα Clearch. 69 ."",""as a title,ἡ σὴ θ. your Excellency, CIG 3467.10 (Sardes,v A.D.).""]","[""disposition to wonder"",""marvellous nature"",""quality""]",[],"[{""biblio"":"""",""quote"":""ὅσα ἔχει -ότητά τινα""},{""biblio"":""Clearch. | 69"",""quote"":""ὅσα ἔχει -ότητά τινα Clearch. 69""}]","[""Clearch. | 69""]",{},[],1,1,0,1,0,3,3,0,2
47924,9,229,n47924,θαυμασι-ουργέω,,,784,,"[""v.l. for θαυματουργέω , X. Smp. 7.2 :""]",[],[],[],[],{},"[{""type"":""ref"",""target"":"""",""text"":""θαυματουργέω""},{""type"":"""",""target"":"""",""text"":""v.l. for θαυματουργέω""}]",1,0,0,0,1,1,0,0,0
47925,9,230,n47925,θαυμασι-ουργία,,ἡ,784,,"[""jugglery. Philostr. VA 6.10 : metaph.,λέξεως θ. wizardry of language, Phld. Rh. 2.94 S.""]","[""jugglery."",""wizardry""]",[],[],[],{},[],1,1,0,0,0,1,2,0,0
47926,9,231,n47926,θαυμ-ασμός,,ὁ,784,,"[""marvelling, Phld. Rh. 2.57 S. , Corn. ND 2 , Dius ap. Stob. 4.21.16 , S.E. M. 9.17 , Plu. Aem. 39 , etc.""]","[""marvelling""]",[],[],[],{},[],1,1,0,0,0,1,1,0,0
47927,9,232,n47927,θαυμ-αστέος,,,784,,"[""to be wondered at, ἐκεῖνο θ., ὡς . . Pl. Plt. 302a ."",""neut.θαυμαστέον one must wonder, εἰ . . E. Hel. 85 , cf. 499 , Phld. Rh. 2.27 S. , etc.""]","[""to be wondered at"",""one must wonder""]",[],"[{""biblio"":"""",""quote"":""ἐκεῖνο θ., ὡς . .""},{""biblio"":""Pl. | Plt. | 302a"",""quote"":""ἐκεῖνο θ., ὡς . . Pl. Plt. 302a""},{""biblio"":"""",""quote"":""εἰ . .""},{""biblio"":""E. | Hel. | 85"",""quote"":""εἰ . . E. Hel. 85""}]","[""E. | Hel. | 85"",""Pl. | Plt. | 302a""]",{},[],1,1,0,1,0,2,2,0,4
47928,9,233,n47928,θαυμ-αστής,,ὁ,784,,"[""admirer, Ps.- Hdt. Vit.Hom. 5 (θωυμ-codd.), Arist. Rh. 1384b37 , al., Plu. Cat.Mi. 25 , Ph.Byz. Mir. 4.2 ; ἑαυτοῦ Phld. Vit. p.14J.""]","[""admirer""]",[],"[{""biblio"":"""",""quote"":""ἑαυτοῦ""},{""biblio"":""Phld. | Vit. | p.14J."",""quote"":""ἑαυτοῦ Phld. Vit. p.14J.""}]","[""Phld. | Vit. | p.14J.""]",{},[],1,1,0,1,0,1,1,0,2
47929,9,234,n47929,θαυμ-αστικός,Adv.,,784,,"[""inclined to wonder or admire, Arist. EN 1125a2 , Stoic. 2.62 , Plu. 2.41a ;τινος Str. 2.3.4 ."",""expressing astonishment, [ἐπιρρήματα] D.T. 642.8 .Adv. -κῶς, εἰπεῖν Ph. 1.648 ;ἔχειν, διακεῖσθαι, Id. 2.95 , J. AJ 8.6.5 , cf. Phld. Mus. p.36 K.""]","[""inclined to wonder"",""admire"",""expressing astonishment""]",[],"[{""biblio"":"""",""quote"":""-κῶς, εἰπεῖν""},{""biblio"":""Ph. | 1.648"",""quote"":""-κῶς, εἰπεῖν Ph. 1.648""}]","[""Ph. | 1.648""]",{},[],1,1,0,1,0,2,3,0,2
47930,9,235,n47930,θαυμ-αστοποιός,,,784,,"[""mirificus, Gloss.""]","[""mirificus,""]",[],[],[],{},[],1,1,0,0,0,1,1,0,0
47931,9,236,n47931,θαυμ-αστός,Adv.,,784,,"[""wonderful, marvellous, first in neut. as Adv., θαυμαστὸν γανόωντα h.Cer. 10 ;ἔργα μεγάλα καὶ θ. Hdt. 1 Prooem.; θ. καρπός Id. 9.122 ;θ. λόχος γυναικῶν, of the Furies, A. Eu. 46 ; οὐδὲν τούτων θαυμαστὸν ἐμοί S. Ph. 191 , etc.; ὃ πάντων -ότατον Pl. Smp. 220a ;θ. πλέγμα, Medic., the rete mirabile, Gal. 5.196 : c. acc., θαυμαστὴ τὸ κάλλος Pl. Phd. 110c ; πᾶσαν ἀρετήν Id. Lg. 945e : c. gen., τῆς εὐσταθείας Plu. Publ. 14 ; τῆς ἐπιεικείας Id. Per. 39 : c. dat., πλήθει Id. Caes. 6 ; πλέοσι ἐσόμεθα θωμαστότεροι Hdt. 9.122 ; πρός τι Plu. 2.980d : folld. by an interrog.,εἰ, etc.,θαυμαστὸν ὅσον . ., Lat.mirum quantum, Pl. Tht. 150d , etc.; θαυμαστὸν ἡλίκον D. 24.122 ; θαυμαστά γ', εἰ . . X. Smp. 4.3 ;οὐδὲν θ., εἰ . ., Pl. Phdr. 279a , R. 390a ; οὐ δὴ θ., εἰ . . D. 2.23 .Adv. -τῶς Pl. Lg. 633b ; θαυμαστῶς ὡς σφόδρα Id. R. 331a : neut. pl. as Adv., Id. Smp. 192b ; θαυμαστὰ ὡς S. Fr. 960 , E. IA 943 ."",""admirable, excellent,πατήρ, υἱός, ὄλβος, Pi. P. 3.71 , 4.241 , N. 9.45 ;ἁνὴρ γὰρ οὐ στενακτὸς . . , ἀλλ' εἴ τις βροτῶν θ. S. OC 1665 ; iron., πράξας μὲν εὖ θ. ἂν γένοιτ' ἀνήρ A. Pers. 212 ;strange, absurd, θ. καὶ γελοῖα Pl. Tht. 154b ;θαυμαστὰ δρῶντες ib. 151a ;θαυμαστὰ ἐργάζεται behaves in an extraordinary way, Id. Smp. 213d , cf. θαυμάσιος 111 ; θαυμαστὸν ποιεῖς, ὅς . . X. Mem. 2.7.13 ; ὦ θαυμαστέ Pl. Plt. 265a ; ὦ θαυμαστότατοι X. An. 7.7.10 ."",""to be worshipped, οὐδείς μ' ἀρέσκει νυκτὶ θαυμαστὸς θεῶν E. Hipp. 106 .""]","[""wonderful, marvellous"",""rete mirabile"",""mirum quantum"",""admirable, excellent"",""strange, absurd"",""an extraordinary way"",""to be worshipped""]",[],"[{""biblio"":"""",""quote"":""θαυμαστὸν γανόωντα""},{""biblio"":""h.Cer. | 10"",""quote"":""θαυμαστὸν γανόωντα h.Cer. 10""},{""biblio"":"""",""quote"":""θ. καρπός""},{""biblio"":""Id. | 9.122"",""quote"":""θ. καρπός Id. 9.122""},{""biblio"":"""",""quote"":""οὐδὲν τούτων θαυμαστὸν ἐμοί""},{""biblio"":""S. | Ph. | 191"",""quote"":""οὐδὲν τούτων θαυμαστὸν ἐμοί S. Ph. 191""},{""biblio"":"""",""quote"":""ὃ πάντων -ότατον""},{""biblio"":""Pl. | Smp. | 220a"",""quote"":""ὃ πάντων -ότατον Pl. Smp. 220a""},{""biblio"":"""",""quote"":""θαυμαστὴ τὸ κάλλος""},{""biblio"":""Pl. | Phd. | 110c"",""quote"":""θαυμαστὴ τὸ κάλλος Pl. Phd. 110c""},{""biblio"":"""",""quote"":""πᾶσαν ἀρετήν""},{""biblio"":""Id. | Lg. | 945e"",""quote"":""πᾶσαν ἀρετήν Id. Lg. 945e""},{""biblio"":"""",""quote"":""τῆς εὐσταθείας""},{""biblio"":""Plu. | Publ. | 14"",""quote"":""τῆς εὐσταθείας Plu. Publ. 14""},{""biblio"":"""",""quote"":""τῆς ἐπιεικείας""},{""biblio"":""Id. | Per. | 39"",""quote"":""τῆς ἐπιεικείας Id. Per. 39""},{""biblio"":"""",""quote"":""πλήθει""},{""biblio"":""Id. | Caes. | 6"",""quote"":""πλήθει Id. Caes. 6""},{""biblio"":"""",""quote"":""πλέοσι ἐσόμεθα θωμαστότεροι""},{""biblio"":""Hdt. | 9.122"",""quote"":""πλέοσι ἐσόμεθα θωμαστότεροι Hdt. 9.122""},{""biblio"":"""",""quote"":""πρός τι""},{""biblio"":""Plu. | 2.980d"",""quote"":""πρός τι Plu. 2.980d""},{""biblio"":"""",""quote"":""θαυμαστὸν ἡλίκον""},{""biblio"":""D. | 24.122"",""quote"":""θαυμαστὸν ἡλίκον D. 24.122""},{""biblio"":"""",""quote"":""θαυμαστά γ', εἰ . .""},{""biblio"":""X. | Smp. | 4.3"",""quote"":""θαυμαστά γ', εἰ . . X. Smp. 4.3""},{""biblio"":"""",""quote"":""οὐ δὴ θ., εἰ . .""},{""biblio"":""D. | 2.23"",""quote"":""οὐ δὴ θ., εἰ . . D. 2.23""},{""biblio"":"""",""quote"":""-τῶς""},{""biblio"":""Pl. | Lg. | 633b"",""quote"":""-τῶς Pl. Lg. 633b""},{""biblio"":"""",""quote"":""θαυμαστῶς ὡς σφόδρα""},{""biblio"":""Id. | R. | 331a"",""quote"":""θαυμαστῶς ὡς σφόδρα Id. R. 331a""},{""biblio"":"""",""quote"":""θαυμαστὰ ὡς""},{""biblio"":""S. | Fr. | 960"",""quote"":""θαυμαστὰ ὡς S. Fr. 960""},{""biblio"":"""",""quote"":""πράξας μὲν εὖ θ. ἂν γένοιτ' ἀνήρ""},{""biblio"":""A. | Pers. | 212"",""quote"":""πράξας μὲν εὖ θ. ἂν γένοιτ' ἀνήρ A. Pers. 212""},{""biblio"":"""",""quote"":""θ. καὶ γελοῖα""},{""biblio"":""Pl. | Tht. | 154b"",""quote"":""θ. καὶ γελοῖα Pl. Tht. 154b""},{""biblio"":"""",""quote"":""θαυμάσιος""},{""biblio"":""111"",""quote"":""θαυμάσιος 111""},{""biblio"":"""",""quote"":""θαυμαστὸν ποιεῖς, ὅς . .""},{""biblio"":""X. | Mem. | 2.7.13"",""quote"":""θαυμαστὸν ποιεῖς, ὅς . . X. Mem. 2.7.13""},{""biblio"":"""",""quote"":""ὦ θαυμαστέ""},{""biblio"":""Pl. | Plt. | 265a"",""quote"":""ὦ θαυμαστέ Pl. Plt. 265a""},{""biblio"":"""",""quote"":""ὦ θαυμαστότατοι""},{""biblio"":""X. | An. | 7.7.10"",""quote"":""ὦ θαυμαστότατοι X. An. 7.7.10""},{""biblio"":"""",""quote"":""οὐδείς μ' ἀρέσκει νυκτὶ θαυμαστὸς θεῶν""},{""biblio"":""E. | Hipp. | 106"",""quote"":""οὐδείς μ' ἀρέσκει νυκτὶ θαυμαστὸς θεῶν E. Hipp. 106""}]","[""111"",""A. | Pers. | 212"",""D. | 2.23"",""D. | 24.122"",""E. | Hipp. | 106"",""Hdt. | 9.122"",""Id. | 9.122"",""Id. | Caes. | 6"",""Id. | Lg. | 945e"",""Id. | Per. | 39"",""Id. | R. | 331a"",""Pl. | Lg. | 633b"",""Pl. | Phd. | 110c"",""Pl. | Plt. | 265a"",""Pl. | Smp. | 220a"",""Pl. | Tht. | 154b"",""Plu. | 2.980d"",""Plu. | Publ. | 14"",""S. | Fr. | 960"",""S. | Ph. | 191"",""X. | An. | 7.7.10"",""X. | Mem. | 2.7.13"",""X. | Smp. | 4.3"",""h.Cer. | 10""]",{},[],1,1,0,1,0,3,7,0,48
47932,9,237,n47932,θαυμ-αστόω,,,784,,"[""magnify, LXX Ps. 4.4 , al., EM 443.37 :— Pass. ,to be regarded as a marvel, ὑπό τινων Arist. HA 633a8 , cf. Plu. Per. 28 .""]","[""magnify"",""Ps."",""to be regarded as a marvel""]",[],"[{""biblio"":"""",""quote"":""ὑπό τινων""},{""biblio"":""Arist. | HA | 633a8"",""quote"":""ὑπό τινων Arist. HA 633a8""}]","[""Arist. | HA | 633a8""]",{},[],1,1,0,1,0,1,3,0,2
47933,9,238,n47933,θαυμᾰτ-ίζομαι,,,784,,"[""marvel much, Hsch.""]","[""marvel much""]",[],[],[],{},[],1,1,0,0,0,1,1,0,0
47934,9,239,n47934,θαυμᾰτ-όεις,,,784,,"[""= θαυμαστός , Man. 6.402 .""]",[],[],[],[],{},"[{""type"":""ref"",""target"":"""",""text"":""θαυμαστός""},{""type"":"""",""target"":"""",""text"":""= θαυμαστός""}]",1,0,0,0,1,1,0,0,0
47935,9,240,n47935,θαυμᾰτοποι-έω,,,784,,"[""do wonders, play jugglers' tricks, Luc. Peregr. 17 , 21 : metaph., θ. τοῖς ὀνόμασιν Phld. Po. 5.24 , cf. Jul. Or. 3.127c : c. acc., θ. παραπαίγνιον Porph. Chr. 27 .""]","[""do wonders, play jugglers' tricks""]",[],"[{""biblio"":"""",""quote"":""θ. τοῖς ὀνόμασιν""},{""biblio"":""Phld. | Po. | 5.24"",""quote"":""θ. τοῖς ὀνόμασιν Phld. Po. 5.24""},{""biblio"":"""",""quote"":""θ. παραπαίγνιον""},{""biblio"":""Porph. | Chr. | 27"",""quote"":""θ. παραπαίγνιον Porph. Chr. 27""}]","[""Phld. | Po. | 5.24"",""Porph. | Chr. | 27""]",{},[],1,1,0,1,0,1,1,0,4
47936,9,241,n47936,θαυμᾰτοποι-ία,,ἡ,784,,"[""conjuring, juggling, Pl. R. 602d , lamb. Myst. 3.29 ."",""of orators,a straining after the marvellous, Isoc. 10.7 (pl.)."",""marvellous achievement, D.C. 57.21 .""]","[""conjuring, juggling"",""a straining after the marvellous"",""marvellous achievement""]",[],[],[],{},[],1,1,0,0,0,3,3,0,0
47937,9,242,n47937,θαυμᾰτοποι-ικός,,,784,,"[""juggling:ἡ -κή(sc.τέχνη),= foreg., Pl. Sph. 224a ;τὸθ. μόριον ib. 268d .""]","[""juggling""]",[],[],[],{},[],1,1,0,0,0,1,1,0,0
47938,9,243,n47938,θαυμᾰτοποι-ός,Subst.,,784,,"[""wonder-working, ὄνειροι Luc. Somn. 14 ;acrobatic, κοῦραι Matro Conv. 121 : as Subst.,conjurer, juggler, Pl. Sph. 235b , D. 2.19 : as fem., IG 11(2).110.34 (Delos,iii B.C.), etc.;puppet-showman, Pl. R. 514b , Phlp. in GA 77.16 .""]","[""wonder-working"",""acrobatic"",""conjurer, juggler"",""puppet-showman""]",[],"[{""biblio"":"""",""quote"":""ὄνειροι""},{""biblio"":""Luc. | Somn. | 14"",""quote"":""ὄνειροι Luc. Somn. 14""},{""biblio"":"""",""quote"":""κοῦραι""},{""biblio"":""Matro | Conv. | 121"",""quote"":""κοῦραι Matro Conv. 121""}]","[""Luc. | Somn. | 14"",""Matro | Conv. | 121""]",{},[],1,1,0,1,0,1,4,0,4
47939,9,244,n47939,θαυμᾰτός,,,784,,"[""θ. ἔργα h.Merc. 80 , 440 , h.Bacch. 34 , Hes. Sc. 165 . (θαυμ ṇ τός fr.θαυμαίνω(θαυμ ṇ-y ω) as ἀκήρατος fr.κηραίνω.)""]","[""ṇ"",""ṇ-y""]",[],"[{""biblio"":"""",""quote"":""θ. ἔργα""},{""biblio"":""h.Merc. | 80"",""quote"":""θ. ἔργα h.Merc. 80""}]","[""h.Merc. | 80""]",{},[],1,1,0,1,0,1,2,0,2
47940,9,245,n47940,θαυμᾰτουργ-έω,,,784,,"[""= θαυματοποιέω , X. Smp. 7.2 ;work wonders or miracles, Ph. 2.18 , 185 ; but τὰ περίγεια θ. 'play tricks with', of Xerxes, Id. 1.674 ;τὰ τεθαυματουργημένα wonderful phenomena, Pl. Ti. 80c .""]","[""work wonders"",""miracles"",""wonderful phenomena""]",[],[],[],{},"[{""type"":""ref"",""target"":"""",""text"":""θαυματοποιέω""},{""type"":"""",""target"":"""",""text"":""= θαυματοποιέω""}]",1,1,0,0,1,1,3,0,0
47941,9,246,n47941,θαυμᾰτούργ-ημα,,τό,784,,"[""wonder-work, Ph. 2.93 (pl.), Hld. 10.39 .""]","[""wonder-work""]",[],[],[],{},[],1,1,0,0,0,1,1,0,0
47942,9,247,n47942,θαυμᾰτουργ-ία,,ἡ,784,,"[""= θαυματοποιία , Pl. Lg. 670a , Iamb. Myst. 3.29 ; τοῦ θεοῦ Just. Nou. 40.1.1 (pl.).""]",[],[],"[{""biblio"":"""",""quote"":""τοῦ θεοῦ""},{""biblio"":""Just. | Nou. | 40.1.1"",""quote"":""τοῦ θεοῦ Just. Nou. 40.1.1""}]","[""Just. | Nou. | 40.1.1""]",{},"[{""type"":""ref"",""target"":"""",""text"":""θαυματοποιία""},{""type"":"""",""target"":"""",""text"":""= θαυματοποιία""}]",1,0,0,1,1,1,0,0,2
47943,9,248,n47943,θαυμᾰτουργ-ός,,,784,,"[""= θαυματοποιός, γυναῖκες acrobats, Ath. 4.129d ."",""puppet-maker or-showman, Hero Aut. 1.7 (pl.).""]","[""acrobats"",""puppet-maker"",""-showman""]",[],[],[],{},"[{""type"":""ref"",""target"":"""",""text"":""θαυματοποιός, γυναῖκες""},{""type"":"""",""target"":"""",""text"":""= θαυματοποιός, γυναῖκες""}]",1,1,0,0,1,2,3,0,0
47944,9,249,n47944,θαῦνον:,,,784,,"[""f.l. for θατύς :ἰκρίον, θ., Id.θαχθῆμεν, v. θᾶξαι .""]",[],[],[],[],{},"[{""type"":""ref"",""target"":"""",""text"":""θατύς""},{""type"":"""",""target"":"""",""text"":""f.l. for θατύς""},{""type"":""ref"",""target"":"""",""text"":""θᾶξαι""},{""type"":"""",""target"":"""",""text"":""v. θᾶξαι""}]",1,0,0,0,1,1,0,0,0
47945,9,250,n47945,θαψία,,ἡ,784,,"[""deadly carrot, Thapsia garganica, Arist. Pr. 864a5 , Thphr. HP 9.9.1 , 6 , Dsc. 4.153 , Plin. HN 13.124 .""]","[""deadly carrot, Thapsia garganica""]",[],[],[],{},[],1,1,0,0,0,1,1,0,0
47946,9,251,n47946,θάψῐνος,,,784,,"[""yellow-coloured, yellow, sallow, γυνή Ar. V. 1413 ; κρόκη IG 12.330.17 ; χρῶμα Plu. Phoc. 28 ; χιτών Callix. 2 .""]","[""yellow-coloured, yellow, sallow""]",[],"[{""biblio"":"""",""quote"":""γυνή""},{""biblio"":""Ar. | V. | 1413"",""quote"":""γυνή Ar. V. 1413""},{""biblio"":"""",""quote"":""κρόκη""},{""biblio"":""IG | 12.330.17"",""quote"":""κρόκη IG 12.330.17""},{""biblio"":"""",""quote"":""χρῶμα""},{""biblio"":""Plu. | Phoc. | 28"",""quote"":""χρῶμα Plu. Phoc. 28""},{""biblio"":"""",""quote"":""χιτών""},{""biblio"":""Callix. | 2"",""quote"":""χιτών Callix. 2""}]","[""Ar. | V. | 1413"",""Callix. | 2"",""IG | 12.330.17"",""Plu. | Phoc. | 28""]",{},[],1,1,0,1,0,1,1,0,8
47947,9,252,n47947,θάψος,,ἡ,784,,"[""fustic, Rhus Cotinus, used for dyeing yellow, brought from the island of Thapsos, Theoc. 2.88 , Nic. Al. 570 : θαψία ῥίζα Thphr. Fr. 170 .""]","[""fustic, Rhus Cotinus, used for dyeing yellow""]",[],"[{""biblio"":"""",""quote"":""θαψία ῥίζα""},{""biblio"":""Thphr. | Fr. | 170"",""quote"":""θαψία ῥίζα Thphr. Fr. 170""}]","[""Thphr. | Fr. | 170""]",{},[],1,1,0,1,0,1,1,0,2
47948,9,253,n47948,θάω,,,784,,"[""v. θάομαι .""]",[],[],[],[],{},"[{""type"":""ref"",""target"":"""",""text"":""θάομαι""},{""type"":"""",""target"":"""",""text"":""v. θάομαι""}]",1,0,0,0,1,1,0,0,0
47949,9,254,n47949,θαυμᾰ́τουργ-θε,,,784,,"[""v. -θεν .""]",[],[],[],[],{},"[{""type"":""ref"",""target"":"""",""text"":""-θεν""},{""type"":"""",""target"":"""",""text"":""v. -θεν""}]",1,0,0,0,1,1,0,0,0
47950,9,255,n47950,θεά,Subst.,ἡ,784,,"[""θεῇ A.R. 3.549 codd. ( Hom. has dat. pl.θεῆς, θεῇσι, Il. 3.158 , 8.305 ), Lacon. σιά Ar. Lys. 1263 (lyr.): fem. of θεός(q.v.) in Ep. , Trag.(with imitations in Com., as Antiph. 81 , Eub. 64 ), Att. in set phrases (v. infr.) and later Prose: —goddess, opp.γυνή, Il. 14.315 : with another Subst., θ. μήτηρ 1.280 ; θεαὶ νύμφαι 24.615 ;Παλλὰς θ. S. Ant. 1184 ; θεοὶ θεαί τε A. Th. 87 (lyr.); μὰ θεούς, μὰ θεάς Pl. Smp. 219c ; μὰ τοὺς θεοὺς καὶ τὰς θεάς D. 19.67 ; τοῖς δώδεκα θεοῖς καὶ ταῖς σεμναῖς θεαῖς IG 22.112.9 , cf. Antiph. 206.2 , Anaxandr. 2 ; τῷ θεῷ καὶ τῇ θεᾷ IG 12.76.39 : in dual, of Demeter and Persephone, μεγάλα θεά S. OC 683 (in earlier Att. τὼ θεώ, v. θεός ); αἱ θεαί IG 22.661.28 (iii B.C.);αἱ σεμναὶ θ.the Erinyes, S. OC 458 , etc.;δειναί, ἀνώνυμοι θ., E. El. 1270 , IT 944 ."",""name of third τόπος, Vett. Val. 69.12, Paul.Al. L. 3 , cf. Cat.Cod.Astr. 8(4).144 . [^-, but sts. monosyll. in Trag., as E. Andr. 978 .]""]","[""goddess""]",[],"[{""biblio"":"""",""quote"":""θεῇ""},{""biblio"":""A.R. | 3.549"",""quote"":""θεῇ A.R. 3.549""},{""biblio"":"""",""quote"":""θ. μήτηρ""},{""biblio"":""1.280"",""quote"":""θ. μήτηρ 1.280""},{""biblio"":"""",""quote"":""θεαὶ νύμφαι""},{""biblio"":""24.615"",""quote"":""θεαὶ νύμφαι 24.615""},{""biblio"":"""",""quote"":""θεοὶ θεαί τε""},{""biblio"":""A. | Th. | 87"",""quote"":""θεοὶ θεαί τε A. Th. 87""},{""biblio"":"""",""quote"":""μὰ θεούς, μὰ θεάς""},{""biblio"":""Pl. | Smp. | 219c"",""quote"":""μὰ θεούς, μὰ θεάς Pl. Smp. 219c""},{""biblio"":"""",""quote"":""μὰ τοὺς θεοὺς καὶ τὰς θεάς""},{""biblio"":""D. | 19.67"",""quote"":""μὰ τοὺς θεοὺς καὶ τὰς θεάς D. 19.67""},{""biblio"":"""",""quote"":""τοῖς δώδεκα θεοῖς καὶ ταῖς σεμναῖς θεαῖς""},{""biblio"":""IG | 22.112.9"",""quote"":""τοῖς δώδεκα θεοῖς καὶ ταῖς σεμναῖς θεαῖς IG 22.112.9""},{""biblio"":"""",""quote"":""τῷ θεῷ καὶ τῇ θεᾷ""},{""biblio"":""IG | 12.76.39"",""quote"":""τῷ θεῷ καὶ τῇ θεᾷ IG 12.76.39""},{""biblio"":"""",""quote"":""μεγάλα θεά""},{""biblio"":""S. | OC | 683"",""quote"":""μεγάλα θεά S. OC 683""},{""biblio"":"""",""quote"":""θεαί""},{""biblio"":""IG | 22.661.28"",""quote"":""θεαί IG 22.661.28""}]","[""1.280"",""24.615"",""A. | Th. | 87"",""A.R. | 3.549"",""D. | 19.67"",""IG | 12.76.39"",""IG | 22.112.9"",""IG | 22.661.28"",""Pl. | Smp. | 219c"",""S. | OC | 683""]",{},"[{""type"":""ref"",""target"":"""",""text"":""θεός""},{""type"":"""",""target"":"""",""text"":""v. θεός""}]",1,1,0,1,1,2,1,0,20
47951,9,256,n47951,θέᾱ,,ἡ,784,,"[""seeing, looking at,θέης ἄξιος, = ἀξιοθέητος , Hdt. 1.25 , cf. X. HG 6.2.34 ;θέαν λαβεῖν to take or get a view, S. Ph. 536 , 656 ;ἐς θέαν [τινὸς] ἔρχεσθαι, ἐπὶ θέαν τἀνδρὸς ἐλθεῖν, to go to see, E. IA 427 , Pl. La. 179e ; κατὰ θέαν ἀναβαίνειν τοῦ χωρίου Th. 5.7 , cf. 9 , 6.31 ;ἠγριωμένος ἐπὶ τῇ θέᾳ τινός at the sight of . . , X. Cyr. 1.4.24 ; βαδίζειν ἐπὶ κωμῳδῶν θέαν Id. Oec. 3.7 ."",""of the mind,contemplation, ἡ τοῦ ὄντος θ. Pl. R. 582c , cf. Arist. Ph. 209b20 , etc."",""aspect, διαπρεπὴς τὴν θ. E. IA 1588 ; αἰσχρὰν θ. παρέχειν X. Eq. 7.2 ; ἀπὸ τῆς θ. εἰκάζειν Luc. VH 1.11 ;ὑποδῦσα θέαν ἀνθρώπου having assumed the appearance of a human being, Palaeph. 48 ."",""that which is seen, sight, Ζηνὶ δυσκλεὴς θ. A. Pr. 243 ; μάλ' ἄζηλος θ. S. El. 1455 ; ὡς ἴδω πικρὰν θ. E. Hipp. 809 ;ἀταρβὴς τῆς θ.without fear of the sight, S. Tr. 23 : pl., θέαι ἀμήχανοι τὸ κάλλος Pl. R. 615a ."",""spectacle, performance, in a theatre or elsewhere, Thphr. Char. 5.7 , etc.; ἐν ταῖς θ. καὶ ἐν ταῖς πομπαῖς CIG 3068 A 22 (Teos), cf. Plu. Caes. 55 , Brut. 21 , Hdn. 1.15.1 (pl.);μεγάλαι θ.,=Ludi Magni, Plu. Cam. 5 ."",""place for seeing from, seat in the theatre(cf.αἴγειρος) , θέαν εἰς τὰ Διονύσια κατανεῖμαι τοῖς πρέσβεσι Aeschin. 2.55 , cf. D. 18.28 ;θέαν καταλαμβάνειν to occupy one, Id. 21.178 ; προκαταλαμβάνειν Luc. Herm. 39 ; ἔχειν ἐν τῷ θεάτρῳ Plu. Flam. 19 , etc."",""auditorium, IG 22.1176 ."",""αἴδεσσαί με θέας ὕπερ revere me by thy countenance, dub. in h.Cer. 64 codd. (prob.θεὰν σύ περ).""]","[""seeing, looking at"",""a view"",""to see"",""sight"",""contemplation"",""aspect"",""appearance"",""that which is seen, sight"",""of the sight"",""spectacle, performance"",""Ludi Magni"",""place for seeing from, seat in the theatre"",""auditorium,"",""by thy countenance""]","[""θεάομαι""]","[{""biblio"":"""",""quote"":""κατὰ θέαν ἀναβαίνειν τοῦ χωρίου""},{""biblio"":""Th. | 5.7"",""quote"":""κατὰ θέαν ἀναβαίνειν τοῦ χωρίου Th. 5.7""},{""biblio"":"""",""quote"":""βαδίζειν ἐπὶ κωμῳδῶν θέαν""},{""biblio"":""Id. | Oec. | 3.7"",""quote"":""βαδίζειν ἐπὶ κωμῳδῶν θέαν Id. Oec. 3.7""},{""biblio"":"""",""quote"":""ἡ τοῦ ὄντος θ.""},{""biblio"":""Pl. | R. | 582c"",""quote"":""ἡ τοῦ ὄντος θ. Pl. R. 582c""},{""biblio"":"""",""quote"":""διαπρεπὴς τὴν θ.""},{""biblio"":""E. | IA | 1588"",""quote"":""διαπρεπὴς τὴν θ. E. IA 1588""},{""biblio"":"""",""quote"":""αἰσχρὰν θ. παρέχειν""},{""biblio"":""X. | Eq. | 7.2"",""quote"":""αἰσχρὰν θ. παρέχειν X. Eq. 7.2""},{""biblio"":"""",""quote"":""ἀπὸ τῆς θ. εἰκάζειν""},{""biblio"":""Luc. | VH | 1.11"",""quote"":""ἀπὸ τῆς θ. εἰκάζειν Luc. VH 1.11""},{""biblio"":"""",""quote"":""Ζηνὶ δυσκλεὴς θ.""},{""biblio"":""A. | Pr. | 243"",""quote"":""Ζηνὶ δυσκλεὴς θ. A. Pr. 243""},{""biblio"":"""",""quote"":""μάλ' ἄζηλος θ.""},{""biblio"":""S. | El. | 1455"",""quote"":""μάλ' ἄζηλος θ. S. El. 1455""},{""biblio"":"""",""quote"":""ὡς ἴδω πικρὰν θ.""},{""biblio"":""E. | Hipp. | 809"",""quote"":""ὡς ἴδω πικρὰν θ. E. Hipp. 809""},{""biblio"":"""",""quote"":""θέαι ἀμήχανοι τὸ κάλλος""},{""biblio"":""Pl. | R. | 615a"",""quote"":""θέαι ἀμήχανοι τὸ κάλλος Pl. R. 615a""},{""biblio"":"""",""quote"":""ἐν ταῖς θ. καὶ ἐν ταῖς πομπαῖς""},{""biblio"":""CIG | 3068"",""quote"":""ἐν ταῖς θ. καὶ ἐν ταῖς πομπαῖς CIG 3068""},{""biblio"":"""",""quote"":"", θέαν εἰς τὰ Διονύσια κατανεῖμαι τοῖς πρέσβεσι""},{""biblio"":""Aeschin. | 2.55"",""quote"":"", θέαν εἰς τὰ Διονύσια κατανεῖμαι τοῖς πρέσβεσι Aeschin. 2.55""},{""biblio"":"""",""quote"":""προκαταλαμβάνειν""},{""biblio"":""Luc. | Herm. | 39"",""quote"":""προκαταλαμβάνειν Luc. Herm. 39""},{""biblio"":"""",""quote"":""ἔχειν ἐν τῷ θεάτρῳ""},{""biblio"":""Plu. | Flam. | 19"",""quote"":""ἔχειν ἐν τῷ θεάτρῳ Plu. Flam. 19""}]","[""A. | Pr. | 243"",""Aeschin. | 2.55"",""CIG | 3068"",""E. | Hipp. | 809"",""E. | IA | 1588"",""Id. | Oec. | 3.7"",""Luc. | Herm. | 39"",""Luc. | VH | 1.11"",""Pl. | R. | 582c"",""Pl. | R. | 615a"",""Plu. | Flam. | 19"",""S. | El. | 1455"",""Th. | 5.7"",""X. | Eq. | 7.2""]",{},"[{""type"":""ref"",""target"":"""",""text"":""ἀξιοθέητος""},{""type"":"""",""target"":"""",""text"":""= ἀξιοθέητος""}]",1,1,1,1,1,8,14,1,28
47952,9,257,n47952,θεαγγελεύς,,ὁ,784,,"[""one who proclaims a festival, Hsch. :—fem.θεάγγελις,ιδος, name of an intoxicating herb, used by the Magi, Plin. HN 24.164 .""]","[""one who proclaims a festival""]",[],[],[],{},[],1,1,0,0,0,1,1,0,0
47953,9,258,n47953,θεαγενής:,,,784,,"[""v. θεαγός .""]",[],[],[],[],{},"[{""type"":""ref"",""target"":"""",""text"":""θεαγός""},{""type"":"""",""target"":"""",""text"":""v. θεαγός""}]",1,0,0,0,1,1,0,0,0
47954,9,259,n47954,θέαγον,,,784,,"[""θέαγον,=θεῖον(A) (at Salamis in Cyprus), Hsch.""]",[],[],[],[],{},[],1,0,0,0,0,1,0,0,0
47955,9,260,n47955,θεᾱγός,,ὁ,784,,"[""priest who carried images of the gods in Egypt, PPetr. 3P. 239 (iii B.C.), PTeb. 61 (b). 59 (ii B.C.), PRyl. 196.14 (ii A.D.), etc.:—fem.θεάγισσα,ἡ, PSI 9.1039.45 (iii A.D.), al.""]","[""priest who carried images of the gods"",""b""]","[""θεός, ἄγω""]",[],[],{},[],1,1,1,0,0,1,2,1,0
47956,9,261,n47956,θεᾰγωγ-έω,Adj.,ἡ,784,,"[""evoke gods, Iamb. Myst. 3.6 :—hence θεᾰγωγ-ία,ἡ, ib. 2.10 :—Adj. θεᾰγωγ-ός,όν , λόγος PMag.Par. 1.975 , 985 .""]","[""evoke gods""]",[],"[{""biblio"":"""",""quote"":"", λόγος""},{""biblio"":""PMag.Par. | 1.975"",""quote"":"", λόγος PMag.Par. 1.975""}]","[""PMag.Par. | 1.975""]",{},[],1,1,0,1,0,1,1,0,2
47957,9,262,n47957,θεάζω,,,784,,"[""to be divine, Democr. 21 .""]","[""to be divine""]",[],[],[],{},[],1,1,0,0,0,1,1,0,0
47958,9,263,n47958,θέαινᾰ,,ἡ,784,,"[""goddess, in Hom. mostly in phrase πάντες τε θεοὶ πᾶσαί τε θέαιναι Il. 8.5 , cf. Od. 8.341 , al.; θεῶν τε καὶ θεαινῶν Antiph. 81.3 : in later Ep. , Call. Dian. 29 .""]","[""goddess""]",[],"[{""biblio"":"""",""quote"":""πάντες τε θεοὶ πᾶσαί τε θέαιναι""},{""biblio"":""Il. | 8.5"",""quote"":""πάντες τε θεοὶ πᾶσαί τε θέαιναι Il. 8.5""},{""biblio"":"""",""quote"":""θεῶν τε καὶ θεαινῶν""},{""biblio"":""Antiph. | 81.3"",""quote"":""θεῶν τε καὶ θεαινῶν Antiph. 81.3""}]","[""Antiph. | 81.3"",""Il. | 8.5""]",{},[],1,1,0,1,0,1,1,0,4
47959,9,264,n47959,θεαίτητος,,,784,,"[""obtained from God, trans. of Samuel, J. AJ 5.10.3 : as pr. n. in Plato, etc.""]","[""obtained from God""]",[],[],[],{},[],1,1,0,0,0,1,1,0,0
47960,9,265,n47960,θέ-ᾱμα,,τό,784,,"[""sight, spectacle, Semon. 7.67 , A. Pr. 306 , E. Supp. 783 , Ar. Av. 1716 , etc.; εἴ τις ὀρχοῖτ' εὖ, θέαμ' ἦν Pl.Com. 130 ; opp.μάθημα, Th. 2.39 ; freq. of a sight which gives pleasure, θεάματα καὶ ἀκροάματα ἥδιστα παρέχεις X. Smp. 2.2 , cf. 7.5 ; ὀρχήσεις καὶ θεάματα Phld. Mus. p.26 K.;ἐμπλήσθητε τοῦ καλοῦ θ. Pl. R. 440a ; but also θ. δυσθέατον A. Pr. 69 , cf. S. Aj. 992 ;ἑπτὰ θ.the seven wonders of the world, Str. 14.2.5 , Plu. 2.983e : sg., of a marvellously engraved ring, Gal. UP 17.1 .""]","[""sight, spectacle"",""wonders of the world""]","[""θεάομαι""]","[{""biblio"":"""",""quote"":""εἴ τις ὀρχοῖτ' εὖ, θέαμ' ἦν""},{""biblio"":""Pl.Com. | 130"",""quote"":""εἴ τις ὀρχοῖτ' εὖ, θέαμ' ἦν Pl.Com. 130""},{""biblio"":"""",""quote"":""θεάματα καὶ ἀκροάματα ἥδιστα παρέχεις""},{""biblio"":""X. | Smp. | 2.2"",""quote"":""θεάματα καὶ ἀκροάματα ἥδιστα παρέχεις X. Smp. 2.2""},{""biblio"":"""",""quote"":""ὀρχήσεις καὶ θεάματα""},{""biblio"":""Phld. | Mus. | p.26"",""quote"":""ὀρχήσεις καὶ θεάματα Phld. Mus. p.26""},{""biblio"":"""",""quote"":""θ. δυσθέατον""},{""biblio"":""A. | Pr. | 69"",""quote"":""θ. δυσθέατον A. Pr. 69""}]","[""A. | Pr. | 69"",""Phld. | Mus. | p.26"",""Pl.Com. | 130"",""X. | Smp. | 2.2""]",{},[],1,1,1,1,0,1,2,1,8
47961,9,266,n47961,θε-άμων,,ὁ,784,,"[""spectator, APl. 5.365 .""]","[""spectator,""]",[],[],[],{},[],1,1,0,0,0,1,1,0,0
47962,9,267,n47962,θεανὴ,,,784,,"[""f.l. for θεία νόσος (v.θεῖος A), S. Fr. 650 .""]",[],[],[],[],{},"[{""type"":""ref"",""target"":"""",""text"":""θεία νόσος""},{""type"":"""",""target"":"""",""text"":""f.l. for θεία νόσος""}]",1,0,0,0,1,1,0,0,0
47963,9,268,n47963,θεανῶσται:,,,784,,"[""θεανῶσται: οἱ ξυστῆρες(Thess.), Hsch.""]",[],[],[],[],{},[],1,0,0,0,0,1,0,0,0
47964,9,269,n47964,θεάομαι,,,784,,"[""θεῶ Ar. Ach. 262 ; opt.θηοῖο(for Att. θεῷο) Il. 24.418 ;part. θηεύμενος Hdt. 7.146 : Ion. impf. ἐθηεῖτο, ἐθηεῦντο, Id. 1.10 , 3.136 ; Ep. θηεῖτο Od. 5.75 , etc., θηεῦντο Il. 7.444 , al., ἐθηεύμεσθα Od. 9.218 , ἐθεῆτο Hp. Nat.Puer. 13 ,θηέσκετο Poet. ap. Parth. 21.2 :fut. θεάσομαι [ᾱ], Ion. -ήσομαι:aor. ἐθεᾱσάμην, Ep. opt.θηήσαιο, θηήσαιτο, Od. 17.315 , 5.74 ;3 pl. ἐθηήσαντο Euph. 51.15 ; Ion. inf. θεήσασθαι( v.l. θεάσ- ) Hdt. 1.8 : Att. pf. τεθέαμαι X. Cyr. 7.5.7 : codd. of Hdt. vary betw.θεη-and θηη-: a rare Ion. contr. of θηη-to θη-is found in θησαίατ' Od. 18.191 , θησάμενος IG 12.826 :—gaze at, behold, mostly with a sense of wonder, θηεῦντο μέγα ἔργον Il. 7.444 , cf. Od. 2.13 ; λαοὶ δ' αὖ θηεῦντό τε θάμβησάν τε Il. 23.728 , cf. Hdt. 1.8 , 11 , etc.; θ. τὰ καλά Democr. 194 ; πάντες ὥσπερ ἄγαλμα ἐθεῶντο αὐτόν Pl. Chrm. 154c ; θ. ὄμμασι E. Ion 232 (lyr.); ζητεῖ τὸ κακὸν τεθεᾶσθαι Ar. Th. 797 codd.;ἐθεᾶτο . . τὴν θέσιν τῆς πόλεως . . , ὡς ἔχοι reconnoitred it, Th. 5.7 ; θ. κύκλῳ τὴν πόλιν X. Cyr. 4.5.7 : abs.,θεᾷ;do you see? Men. Epit. 564 ."",""of the mind,contemplate, τὸ ἀληθές Pl. Phd. 84b , al."",""see clearly, ἵν' ἴδητε καὶ θεάσησθε ὅτι . . D. 4.3 , cf. Pl. Prt. 352a ; with relat. clause, ὅση δεινότης ἦν ἐν τῷ Φιλίππῳ θεάσεσθε D. 18.144 ."",""view as spectators, esp. in the theatre, Isoc. 4.44 ;οἱ θεώμενοι the spectators, Ar. Ra. 2 , cf. Nu. 518 , al. (but also,onlookers, bystanders, Antipho 3.3.7 ): metaph.,θ. τὸν πόλεμον to be spectators of the war, Hdt. 8.116 ."",""θ. τὸ στράτευμα to review it, X. Cyr. 5.5.1 ."",""Act. θεάω, late, Baillet Tombeaux des rois à Thèbes 1080 : elsewh. in imper. θέα Them. Or. 3.44b , Jul. Ep. 89b , Hsch. :aor. ἐθεάθην in pass. sense, Ps. -Callisth. 2.42 , Ev.Marc. 16.11 , Ap.Ty. Ep. 49 , Just. Nov. 133.3.1 :pres. θεῶνται Philostr. Her. 2.9 . (Orig. prob.θᾱϝ έομαι and θᾱϝάομαι, cf.θαῦ-μα.)""]","[""gaze at, behold"",""wonder"",""reconnoitred"",""do you see?"",""contemplate"",""see clearly"",""view as spectators"",""the spectators"",""onlookers, bystanders"",""to be spectators of"",""to review"",""Tombeaux des rois à Thèbes""]",[],"[{""biblio"":"""",""quote"":""θεῶ""},{""biblio"":""Ar. | Ach. | 262"",""quote"":""θεῶ Ar. Ach. 262""},{""biblio"":"""",""quote"":""θηεύμενος""},{""biblio"":""Hdt. | 7.146"",""quote"":""θηεύμενος Hdt. 7.146""},{""biblio"":"""",""quote"":""θηεῖτο""},{""biblio"":""Od. | 5.75"",""quote"":""θηεῖτο Od. 5.75""},{""biblio"":"""",""quote"":""θηεῦντο""},{""biblio"":""Il. | 7.444"",""quote"":""θηεῦντο Il. 7.444""},{""biblio"":"""",""quote"":""ἐθηεύμεσθα""},{""biblio"":""Od. | 9.218"",""quote"":""ἐθηεύμεσθα Od. 9.218""},{""biblio"":"""",""quote"":""ἐθεῆτο""},{""biblio"":""Hp. | Nat.Puer. | 13"",""quote"":""ἐθεῆτο Hp. Nat.Puer. 13""},{""biblio"":"""",""quote"":""ἐθηήσαντο""},{""biblio"":""Euph. | 51.15"",""quote"":""ἐθηήσαντο Euph. 51.15""},{""biblio"":"""",""quote"":""τεθέαμαι""},{""biblio"":""X. | Cyr. | 7.5.7"",""quote"":""τεθέαμαι X. Cyr. 7.5.7""},{""biblio"":"""",""quote"":""θησαίατ'""},{""biblio"":""Od. | 18.191"",""quote"":""θησαίατ' Od. 18.191""},{""biblio"":"""",""quote"":""θησάμενος""},{""biblio"":""IG | 12.826"",""quote"":""θησάμενος IG 12.826""},{""biblio"":"""",""quote"":""θηεῦντο μέγα ἔργον""},{""biblio"":""Il. | 7.444"",""quote"":""θηεῦντο μέγα ἔργον Il. 7.444""},{""biblio"":"""",""quote"":""λαοὶ δ' αὖ θηεῦντό τε θάμβησάν τε""},{""biblio"":""Il. | 23.728"",""quote"":""λαοὶ δ' αὖ θηεῦντό τε θάμβησάν τε Il. 23.728""},{""biblio"":"""",""quote"":""θ. τὰ καλά""},{""biblio"":""Democr. | 194"",""quote"":""θ. τὰ καλά Democr. 194""},{""biblio"":"""",""quote"":""πάντες ὥσπερ ἄγαλμα ἐθεῶντο αὐτόν""},{""biblio"":""Pl. | Chrm. | 154c"",""quote"":""πάντες ὥσπερ ἄγαλμα ἐθεῶντο αὐτόν Pl. Chrm. 154c""},{""biblio"":"""",""quote"":""θ. ὄμμασι""},{""biblio"":""E. | Ion | 232"",""quote"":""θ. ὄμμασι E. Ion 232""},{""biblio"":"""",""quote"":""ζητεῖ τὸ κακὸν τεθεᾶσθαι""},{""biblio"":""Ar. | Th. | 797"",""quote"":""ζητεῖ τὸ κακὸν τεθεᾶσθαι Ar. Th. 797""},{""biblio"":"""",""quote"":""θ. κύκλῳ τὴν πόλιν""},{""biblio"":""X. | Cyr. | 4.5.7"",""quote"":""θ. κύκλῳ τὴν πόλιν X. Cyr. 4.5.7""},{""biblio"":"""",""quote"":""τὸ ἀληθές""},{""biblio"":""Pl. | Phd. | 84b"",""quote"":""τὸ ἀληθές Pl. Phd. 84b""},{""biblio"":"""",""quote"":""ἵν' ἴδητε καὶ θεάσησθε ὅτι . .""},{""biblio"":""D. | 4.3"",""quote"":""ἵν' ἴδητε καὶ θεάσησθε ὅτι . . D. 4.3""},{""biblio"":"""",""quote"":""ὅση δεινότης ἦν ἐν τῷ Φιλίππῳ θεάσεσθε""},{""biblio"":""D. | 18.144"",""quote"":""ὅση δεινότης ἦν ἐν τῷ Φιλίππῳ θεάσεσθε D. 18.144""},{""biblio"":"""",""quote"":""θέα""},{""biblio"":""Them. | Or. | 3.44b"",""quote"":""θέα Them. Or. 3.44b""},{""biblio"":"""",""quote"":""θεῶνται""},{""biblio"":""Philostr. | Her. | 2.9"",""quote"":""θεῶνται Philostr. Her. 2.9""}]","[""Ar. | Ach. | 262"",""Ar. | Th. | 797"",""D. | 18.144"",""D. | 4.3"",""Democr. | 194"",""E. | Ion | 232"",""Euph. | 51.15"",""Hdt. | 7.146"",""Hp. | Nat.Puer. | 13"",""IG | 12.826"",""Il. | 23.728"",""Il. | 7.444"",""Od. | 18.191"",""Od. | 5.75"",""Od. | 9.218"",""Philostr. | Her. | 2.9"",""Pl. | Chrm. | 154c"",""Pl. | Phd. | 84b"",""Them. | Or. | 3.44b"",""X. | Cyr. | 4.5.7"",""X. | Cyr. | 7.5.7""]",{},"[{""type"":""ref"",""target"":"""",""text"":""θεάσ-""},{""type"":"""",""target"":"""",""text"":""v.l. θεάσ-""}]",1,1,0,1,1,6,12,0,44
47965,9,270,n47965,θεάρεστος,Adv.,,784,,"[""pleasing to God, Eustr. in EN 35.34 .Adv. -τως Sch. Iamb. Protr. 13 .""]","[""pleasing to God""]",[],[],[],{},[],1,1,0,0,0,1,1,0,0
47966,9,271,n47966,θεάριον,,τό,784,,"[""meeting-place of θεωροί, Pi. N. 3.70 ."",""θεάριος,ὁ, Doric epith. of Apollo as god of oracles, IG 4.748.16 (Troezen,iv B.C.), Paus. 2.31.6 .""]","[""meeting-place of""]",[],[],[],{},[],1,1,0,0,0,2,1,0,0
47967,9,272,n47967,θεᾱρίς,Adj.,,784,,"[""of or for the θεωροί, ὁδός IGRom. 4.360.23 (Pergam.,ii A.D.).""]","[""of"",""for the""]",[],"[{""biblio"":"""",""quote"":""θεωροί, ὁδός""},{""biblio"":""IGRom. | 4.360.23"",""quote"":""θεωροί, ὁδός IGRom. 4.360.23""}]","[""IGRom. | 4.360.23""]",{},[],1,1,0,1,0,1,2,0,2
47968,9,273,n47968,θεᾱροδόκος,,,784,,"[""θεᾱροδόκος,θε-δοκία, Dor. for θεωπ-(q.v.).""]",[],[],[],[],{},[],1,0,0,0,0,1,0,0,0
47969,9,274,n47969,θεᾱρός,,ὁ,787,,"[""θεᾱρός,ὁ, Dor. for θεωρός(q.v.):Θεαροί,οἱ , title of poem by Epich. , Ath. 9.408d .""]",[],[],[],[],{},[],1,0,0,0,0,1,0,0,0
47970,9,275,n47970,θέᾱσις,,ἡ,787,,"[""contemplation, Porph. Abst. 4.6 ."",""insight, Gal. 1.52 .""]","[""contemplation"",""insight""]",[],[],[],{},[],1,1,0,0,0,2,2,0,0
47971,9,276,n47971,θεαστικός,,,787,,"[""= ἐνθουσιαστικός, βῆμα Mim.Oxy. 413.91 .""]",[],[],[],[],{},"[{""type"":""ref"",""target"":"""",""text"":""ἐνθουσιαστικός, βῆμα""},{""type"":"""",""target"":"""",""text"":""= ἐνθουσιαστικός, βῆμα""}]",1,0,0,0,1,1,0,0,0
47972,9,277,n47972,θεᾱτ-έον,,,787,,"[""one must see, Pl. Phd. 66e , R. 390d .""]","[""one must see""]",[],[],[],{},[],1,1,0,0,0,1,1,0,0
47973,9,278,n47973,θεᾱτ-ής,,ὁ,787,,"[""one who sees or goes to see, τῆς χώρης Hdt. 3.139 , cf. E. Ion 301 ; in the theatre,spectator, Ar. Nu. 575 , al.; θ. σοφιστῶν Th. 3.38 ;one who contemplates, τἀληθοῦς Arist. EN 1098a31 .""]","[""one who sees"",""goes to see"",""spectator"",""one who contemplates""]","[""θεάομαι""]","[{""biblio"":"""",""quote"":""τῆς χώρης""},{""biblio"":""Hdt. | 3.139"",""quote"":""τῆς χώρης Hdt. 3.139""},{""biblio"":"""",""quote"":""θ. σοφιστῶν""},{""biblio"":""Th. | 3.38"",""quote"":""θ. σοφιστῶν Th. 3.38""},{""biblio"":"""",""quote"":""τἀληθοῦς""},{""biblio"":""Arist. | EN | 1098a31"",""quote"":""τἀληθοῦς Arist. EN 1098a31""}]","[""Arist. | EN | 1098a31"",""Hdt. | 3.139"",""Th. | 3.38""]",{},[],1,1,1,1,0,1,4,1,6
47974,9,279,n47974,θεᾱτ-ικός,,,787,,"[""for seeing, δύναμις θ. τινῶν Arr. Epict. 1.6.3 .""]","[""for seeing""]",[],"[{""biblio"":"""",""quote"":""δύναμις θ. τινῶν""},{""biblio"":""Arr. | Epict. | 1.6.3"",""quote"":""δύναμις θ. τινῶν Arr. Epict. 1.6.3""}]","[""Arr. | Epict. | 1.6.3""]",{},[],1,1,0,1,0,1,1,0,2
47975,9,280,n47975,θεᾱτ-ός,,,787,,"[""to be seen, S. Aj. 915 ;θ. σοφοῖς [ἔρως] Pl. Smp. 197d , cf. Isoc. 2.49 ; μόνῳ νῷ Pl. Phdr. 247c ; cf.θαητός.""]","[""to be seen""]",[],"[{""biblio"":"""",""quote"":""μόνῳ νῷ""},{""biblio"":""Pl. | Phdr. | 247c"",""quote"":""μόνῳ νῷ Pl. Phdr. 247c""}]","[""Pl. | Phdr. | 247c""]",{},[],1,1,0,1,0,1,1,0,2
47976,9,281,n47976,θεᾱτρ-εῖον,,τό,787,,"[""θεᾱτρ-εῖον,τό,=θέατρον, Suid.""]",[],[],[],[],{},[],1,0,0,0,0,1,0,0,0
47977,9,282,n47977,θεᾱ́τρ-ια,,ἡ,787,,"[""θεᾱ́τρ-ια,ἡ, fem. of θεατής, Com. ap. Poll. 2.56 .""]",[],[],[],[],{},[],1,0,0,0,0,1,0,0,0
47978,9,283,n47978,θεᾱτρ-ίδιον,,τό,787,,"[""θεᾱτρ-ίδιον,τό, Dim. of θέατρον, Varro RR 3.5.13 .""]",[],[],[],[],{},[],1,0,0,0,0,1,0,0,0
47979,9,284,n47979,θεᾱτρ-ίζω,,,787,,"[""to be or play on the stage, Suid."",""Pass. ,to be made a show of, held up to shame, Ep.Hebr. 10.33 .""]","[""to be"",""play on the stage"",""to be made a show of, held up to shame,""]",[],[],[],{},[],1,1,0,0,0,2,3,0,0
47980,9,285,n47980,θεᾱτρ-ικός,Adv.,τά,787,,"[""of or for the theatre, theatrical, μουσική Arist. Pol. 1342a18 ; ὄψις Plu. Alex. 19 :-κά,τά ,properties, etc., OGI 510.7 (Ephesus,ii A.D.):-κοί,οἱ ,actors, BCH 44.88 (Lagina).Adv. -κῶς, εἰπεῖν Plu. 2.1076c ."",""pretentious, Hp. Medic. 4 ; θ. μέν . . ἀνίατρον δέ Antyll. ap. Orib. 10.23.24 ;τὸ θ. Plu. 2.7a , 15e .Adv. -κῶς, πολεμεῖν, στρατηγεῖν, Id. Luc. 11 , Lys. 21 ."",""πόδες θ. dub. sens. in IG 11(2).203 B 13 (Delos,iii B.C.), cf. Inscr.Délos 291b30 .""]","[""of"",""for the theatre, theatrical"",""properties"",""actors"",""pretentious""]",[],"[{""biblio"":"""",""quote"":""μουσική""},{""biblio"":""Arist. | Pol. | 1342a18"",""quote"":""μουσική Arist. Pol. 1342a18""},{""biblio"":"""",""quote"":""ὄψις""},{""biblio"":""Plu. | Alex. | 19"",""quote"":""ὄψις Plu. Alex. 19""},{""biblio"":"""",""quote"":""-κῶς, εἰπεῖν""},{""biblio"":""Plu. | 2.1076c"",""quote"":""-κῶς, εἰπεῖν Plu. 2.1076c""},{""biblio"":"""",""quote"":""θ. μέν . . ἀνίατρον δέ""},{""biblio"":""Antyll."",""quote"":""θ. μέν . . ἀνίατρον δέ Antyll.""}]","[""Antyll."",""Arist. | Pol. | 1342a18"",""Plu. | 2.1076c"",""Plu. | Alex. | 19""]",{},[],1,1,0,1,0,3,5,0,8
47981,9,286,n47981,θεᾱτρ-ισμός,,ὁ,787,,"[""theatrical exhibition, Vett.Val. 18.1 (pl.), cf. Thom.Mag. p.283R.""]","[""theatrical exhibition""]",[],[],[],{},[],1,1,0,0,0,1,1,0,0
47982,9,287,n47982,θεᾱτρ-ιστής,,ὁ,787,,"[""stageplayer, Hsch. , Suid. s.v. ἠθολόγος .""]","[""stageplayer""]",[],[],[],{},"[{""type"":""ref"",""target"":"""",""text"":""ἠθολόγος""},{""type"":"""",""target"":"""",""text"":""s.v. ἠθολόγος""}]",1,1,0,0,1,1,1,0,0
47983,9,288,n47983,θεᾱτρο-ειδής,Adv.,,787,,"[""like a theatre, πέτρα Str. 4.1.4 , cf. D.S. 19.45 .Adv. -δῶς Str. 16.2.41 ;like the spectators in a theatre, Crito ap. Gal. 12.458 .""]","[""like a theatre"",""like the spectators in a theatre""]",[],"[{""biblio"":"""",""quote"":""πέτρα""},{""biblio"":""Str. | 4.1.4"",""quote"":""πέτρα Str. 4.1.4""},{""biblio"":"""",""quote"":""-δῶς""},{""biblio"":""Str. | 16.2.41"",""quote"":""-δῶς Str. 16.2.41""}]","[""Str. | 16.2.41"",""Str. | 4.1.4""]",{},[],1,1,0,1,0,1,2,0,4
47984,9,289,n47984,θεᾱτρο-κόπος,,,787,,"[""courting applause, Ptol. Tetr. 165 :""]","[""courting applause""]",[],[],[],{},[],1,1,0,0,0,1,1,0,0
47985,9,290,n47985,θεᾱτρο-κοπία,,ἡ,787,,"[""courting of applause, in pl., Artem. 2.70 .""]","[""courting of applause""]",[],[],[],{},[],1,1,0,0,0,1,1,0,0
47986,9,291,n47986,θεᾱτρο-κορασία,,,787,,"[""θεᾱτρο-κορασία(sic),=ὀχλοκορασία(sic), EM 444.16 (better θεᾱτρο-κρασία in both words, Suid. ; cf. sq.).""]",[],[],[],[],{},[],1,0,0,0,0,1,0,0,0
47987,9,292,n47987,θεᾱτρο-κρᾰτία,,ἡ,787,,"[""rule exercised by the spectators in a theatre, Pl. Lg. 701a .""]","[""rule exercised by the spectators in a theatre""]",[],[],[],{},[],1,1,0,0,0,1,1,0,0
47988,9,293,n47988,θεᾱτρο-κῠνηγέσιον,,τό,787,,"[""beast-hunts in the amphitheatre, Ausonia 6.9 * (Gortyn), Just. Nov. 105.1 :—also θεᾱτρο-κῠνήγιον,τό, ibid.""]","[""beast-hunts in the amphitheatre,""]",[],[],[],{},[],1,1,0,0,0,1,1,0,0
47989,9,294,n47989,θεᾱτρο-μᾰνέω,,,787,,"[""to be mad after stage-plays, Man. 4.277 , Ph. 2.167 .""]","[""to be mad after stage-plays""]",[],[],[],{},[],1,1,0,0,0,1,1,0,0
47990,9,295,n47990,θεᾱτρό-μορφος,,,787,,"[""theatre-shaped, Lyc. 600 .""]","[""theatre-shaped""]",[],[],[],{},[],1,1,0,0,0,1,1,0,0
47991,9,296,n47991,θέᾱτρον,,τό,787,,"[""place for seeing, esp.for dramatic representation, theatre, Hdt. 6.67 , IG 22.1176 , al.; as a place of assembly, Th. 8.93 , Lys. 13.32 , SIG 976.4 (Samos,ii B.C.), Posidon. 36 J.,Act.Ap. 19.20 , etc.;θ. κυνηγετικόν, of the Roman amphitheatre, D.C. 43.22 ;εἰς τὸ θ. εἰσφέρειν to bring upon the stage, Isoc. 12.122 ;τὸ καλὸν τοῦ θ. a good place in the theatre, Ael. VH 2.13 , cf. Alciphr. 3.20 ."",""collective for οἱ θεαταί,the spectators, 'the house', Hdt. 6.21 , Ar. Eq. 233 , al., Pl. Smp. 194b , Com.Adesp. 3D. : metaph., ἐκάθηντο θέατρον αὐτῷ Lib. Ep. 722.4 ."",""= θέαμα ,spectacle, θ. ἐγενήθημεν τῷ κόσμῳ 1 Ep.Cor. 4.9 ."",""metaph., of life, τουτὶ τὸ θ. ὑπεκρίθημεν Porph. Marc. 2 .""]","[""place for seeing"",""for dramatic representation, theatre"",""a place of assembly"",""amphitheatre"",""the stage"",""theatre"",""the spectators, 'the house"",""spectacle"",""life""]","[""θεάομαι""]","[{""biblio"":"""",""quote"":""ἐκάθηντο θέατρον αὐτῷ""},{""biblio"":""Lib. | Ep. | 722.4"",""quote"":""ἐκάθηντο θέατρον αὐτῷ Lib. Ep. 722.4""},{""biblio"":"""",""quote"":""θ. ἐγενήθημεν τῷ κόσμῳ""},{""biblio"":""1 Ep.Cor. | 4.9"",""quote"":""θ. ἐγενήθημεν τῷ κόσμῳ 1 Ep.Cor. 4.9""},{""biblio"":"""",""quote"":""τουτὶ τὸ θ. ὑπεκρίθημεν""},{""biblio"":""Porph. | Marc. | 2"",""quote"":""τουτὶ τὸ θ. ὑπεκρίθημεν Porph. Marc. 2""}]","[""1 Ep.Cor. | 4.9"",""Lib. | Ep. | 722.4"",""Porph. | Marc. | 2""]",{},"[{""type"":""ref"",""target"":"""",""text"":""θέαμα""},{""type"":"""",""target"":"""",""text"":""= θέαμα""}]",1,1,1,1,1,4,9,1,6
47992,9,297,n47992,θεᾱτρο-ποιός,,,787,,"[""making a theatre, Anaxandr. 34.9 (s.v.l.).""]","[""making a theatre""]",[],[],[],{},[],1,1,0,0,0,1,1,0,0
47993,9,298,n47993,θεᾱτρο-πώλης,,ὁ,787,,"[""one who sells seats in a theatre, Ar. Fr. 562 .""]","[""one who sells seats in a theatre""]",[],[],[],{},[],1,1,0,0,0,1,1,0,0
47994,9,299,n47994,θεᾱτρο-τορύνη,,ἡ,787,,"[""stage-pounder, epith. of Melissa , who was a clumsy dancer, Ath. 4.157a .""]","[""stage-pounder""]",[],[],[],{},[],1,1,0,0,0,1,1,0,0
47995,9,300,n47995,θεατρ-ώδης,,,787,,"[""theatrical, in a bad sense, of persons, Vett.Val. 14.27 .""]","[""theatrical""]",[],[],[],{},[],1,1,0,0,0,1,1,0,0
47996,9,301,n47996,θεατρ-ώνης,,ὁ,787,,"[""lessee of a theatre, Thphr. Char. 30.6 .""]","[""lessee of a theatre""]",[],[],[],{},[],1,1,0,0,0,1,1,0,0
47997,9,302,n47997,θεάφιον,,τό,787,,"[""sulphur, Hsch. :θέαφος,ὁ, Eust. 1935.22 .""]","[""sulphur""]",[],[],[],{},[],1,1,0,0,0,1,1,0,0
47998,9,303,n47998,θεάω,,,787,,"[""v. θεάομαι .Θεδαίσιος, v. Θεοδαίσια 11 .""]",[],[],[],[],{},"[{""type"":""ref"",""target"":"""",""text"":""θεάομαι""},{""type"":"""",""target"":"""",""text"":""v. θεάομαι""},{""type"":""ref"",""target"":"""",""text"":""Θεοδαίσια""},{""type"":"""",""target"":"""",""text"":""v. Θεοδαίσια""}]",1,0,0,0,1,1,0,0,0
47999,9,304,n47999,θεειδής,,,787,,"[""= θεοειδής, [ἄνθρωπος] πάντων θηρίων θεειδέστατον Antipho Soph. 48 (prob. l.).""]",[],[],[],[],{},"[{""type"":""ref"",""target"":"""",""text"":""θεοειδής, [ἄνθρωπος] πάντων θηρίων θεειδέστατον""},{""type"":"""",""target"":"""",""text"":""= θεοειδής, [ἄνθρωπος] πάντων θηρίων θεειδέστατον""}]",1,0,0,0,1,1,0,0,0
48000,9,305,n48000,θέεινος,,,787,,"[""sulphur-coloured, PTeb. 405.13 (iii A.D.).""]","[""sulphur-coloured,""]",[],[],[],{},[],1,1,0,0,0,1,1,0,0
48001,9,306,n48001,θέειον,,,787,,"[""θέειον,θεειόω, Ep. for θεῖον(A),θειόω(q.v.):—also θέειος, for θεῖος(A):θεείω: θαυμάζω, Suid.""]",[],[],[],[],{},[],1,0,0,0,0,1,0,0,0
48002,9,307,n48002,θεη-γενής,,,787,,"[""θεη-γενής,ές, poet. for θεογενής, Orph. A. 1347 , Q.S. 6.9 .""]",[],[],[],[],{},[],1,0,0,0,0,1,0,0,0
48003,9,308,n48003,θεη-γορέω,,,787,,"[""discourse of God, Olymp.Alch. p.84 B.""]","[""discourse of God""]",[],[],[],{},[],1,1,0,0,0,1,1,0,0
48004,9,309,n48004,θεη-γόρος,,ὁ,787,,"[""one who discourses of God, Id. p.83 B. ; but,inspired by God, Hld. 2.4 ;μῦθος spoken by a goddess, Orph. A. 541 .""]","[""one who discourses of God"",""inspired by God"",""spoken by a goddess""]",[],[],[],{},[],1,1,0,0,0,1,3,0,0
48005,9,310,n48005,θεη-δόχος,,,787,,"[""θεη-δόχος,ον, poet. for θεοδόχος, Nonn. D. 13.96 .""]",[],[],[],[],{},[],1,0,0,0,0,1,0,0,0
48006,9,311,n48006,θεήϊος,,,787,,"[""divine, Bion Fr. 15.9 .""]","[""divine""]",[],[],[],{},[],1,1,0,0,0,1,1,0,0
48007,9,312,n48007,θεηκολ-έω,,,787,,"[""to be a θεηκόλος, IG 22.1364 (i A.D.), prob. in Inscr.Olymp. 468 (iii A.D.); παῖδας ἀοιδοπόλους Ζηνὶ -έοντας BCH 50.529 (ii A.D.).""]","[""to be a""]",[],"[{""biblio"":"""",""quote"":""παῖδας ἀοιδοπόλους Ζηνὶ -έοντας""},{""biblio"":""BCH | 50.529"",""quote"":""παῖδας ἀοιδοπόλους Ζηνὶ -έοντας BCH 50.529""}]","[""BCH | 50.529""]",{},[],1,1,0,1,0,1,1,0,2
48008,9,313,n48008,θεηκολ-εών,,ὁ,787,,"[""dwelling of a θεηκόλος, Paus. 5.15.8 .""]","[""dwelling of a""]",[],[],[],{},[],1,1,0,0,0,1,1,0,0
48009,9,314,n48009,θεήκολ-ος,,,787,,"[""priest, ib. 10 , IG 3.305 , 487 , Inscr.Olymp. 123 ;choirboy, Luc. Alex. 41 (pl.).""]","[""priest"",""choirboy""]",[],[],[],{},[],1,1,0,0,0,1,2,0,0
48010,9,315,n48010,θεηκόρος,,ὁ,787,,"[""θεηκόρος,ὁ,=-κόλος, Ap.Ty. Ep. 26t it.""]",[],[],[],[],{},[],1,0,0,0,0,1,0,0,0
48011,9,316,n48011,θεηλ-ᾰσία,,ἡ,787,,"[""visitation of God, Sch. S. Tr. 1235 (ἠλασία cod.).""]","[""visitation of God""]",[],[],[],{},[],1,1,0,0,0,1,1,0,0
48012,9,317,n48012,θεηλ-ᾰτέομαι,,,787,,"[""to be visited by God, Hld. 8.10 ."",""complain of God's visitations, Id. 6.8 .""]","[""to be visited by God"",""complain of God's visitations""]",[],[],[],{},[],1,1,0,0,0,2,2,0,0
48013,9,318,n48013,θεήλ-ᾰτος,,,787,,"[""driven by a god, θεηλάτου βοὸς δίκην A. Ag. 1297 ; θ. δαίμονες Plu. 2.830f ."",""sent or caused by a god, of things evil in themselves or in their consequences, φθορή Hdt. 7.18 ;ἔργον, πρᾶγμα, μάντευμα, S. Ant. 278 , OT 255 , 992 ; νόσους δ' ἀνάγκη τὰς θ. φέρειν Id. Fr. 680 ;ἔκ τινος θεηλάτου from some destiny, E. Ion 1392 ."",""built for the gods,ἕδραι ib. 1306 .""]","[""driven by a god"",""sent"",""caused by a god"",""destiny"",""built for the gods""]","[""ἐλαύνω""]","[{""biblio"":"""",""quote"":""θεηλάτου βοὸς δίκην""},{""biblio"":""A. | Ag. | 1297"",""quote"":""θεηλάτου βοὸς δίκην A. Ag. 1297""},{""biblio"":"""",""quote"":""θ. δαίμονες""},{""biblio"":""Plu. | 2.830f"",""quote"":""θ. δαίμονες Plu. 2.830f""},{""biblio"":"""",""quote"":""φθορή""},{""biblio"":""Hdt. | 7.18"",""quote"":""φθορή Hdt. 7.18""},{""biblio"":"""",""quote"":""νόσους δ' ἀνάγκη τὰς θ. φέρειν""},{""biblio"":""Id. | Fr. | 680"",""quote"":""νόσους δ' ἀνάγκη τὰς θ. φέρειν Id. Fr. 680""}]","[""A. | Ag. | 1297"",""Hdt. | 7.18"",""Id. | Fr. | 680"",""Plu. | 2.830f""]",{},[],1,1,1,1,0,3,5,1,8
48014,9,319,n48014,θέημα,,τό,787,,"[""θέημα,ατος,τό, Ion. for θέαμα, Semon. 7.67 .""]",[],[],[],[],{},[],1,0,0,0,0,1,0,0,0
48015,9,320,n48015,θεημάχος,,,787,,"[""φῦλα Γιγάντων Procl. H. 7.8 .""]",[],[],"[{""biblio"":"""",""quote"":""φῦλα Γιγάντων""},{""biblio"":""Procl. | H. | 7.8"",""quote"":""φῦλα Γιγάντων Procl. H. 7.8""}]","[""Procl. | H. | 7.8""]",{},[],1,0,0,1,0,1,0,0,2
48016,9,321,n48016,θεημοσύνη,,ἡ,787,,"[""contemplation: a problem, AP 11.352.10 ( Agath. ).""]","[""contemplation: a problem,""]",[],[],[],{},[],1,1,0,0,0,1,1,0,0
48017,9,322,n48017,θεήμων,,ὁ,787,,"[""θεήμων,ονος,ὁ,ἡ, Ion. for θεάμων, APl. 5.365 .""]",[],[],[],[],{},[],1,0,0,0,0,1,0,0,0
48018,9,323,n48018,θεηπολέω,,,787,,"[""θεηπολέω, poet. for θεοπ-, Phot. , Suid.""]",[],[],[],[],{},[],1,0,0,0,0,1,0,0,0
48019,9,324,n48019,θεητής,,,787,,"[""θεητής,θέητρον, Ion. for θεᾱτής, θέᾱτρον.""]",[],[],[],[],{},[],1,0,0,0,0,1,0,0,0
48020,9,325,n48020,θέθμιον,,τό,787,,"[""v. θέσμιος 11 :—also θεθμός,ὁ, Dor. ,=θεσμός(q.v.): and θεθτμός, Schwyzer 411 (Elis).""]",[],[],[],[],{},"[{""type"":""ref"",""target"":"""",""text"":""θέσμιος""},{""type"":"""",""target"":"""",""text"":""v. θέσμιος""}]",1,0,0,0,1,1,0,0,0
48021,9,326,n48021,θεία,,ἡ,787,,"[""one's father's or mother's sister, aunt, POxy. 274.5 (i A.D.), Ammon. Diff. p.130 V., etc. (Late formation fr.θεῖος(B), replacing τηθίς.)""]","[""one's father's"",""mother's sister, aunt,""]",[],[],[],{},[],1,1,0,0,0,1,2,0,0
48022,9,327,n48022,θει-άζω,,,787,,"[""to be inspired, frenzied,ὁπόσοι αὐτοὺς θειάσαντες ἐπήλπισαν as many as made them hope by divinations, Th. 8.1 ;θ. καὶ θεοφορεῖται is divinely inspired, Ph. 1.479 ;ὁπόσοι τελεταῖς ἐθείαζον obtained inspiration through ritual, Philostr. Her. 5.3 ."",""prophesy, ὅτι στρατοπεδεύσοιτο D.C. Fr. 57.48 :— Pass. , [ λόγος] ἐπὶ τῇ τελευτῇ τοῦ Ἀλεξάνδρου ἐθειάσθη Arr. An. 7.18.6 ; λόγιον ὑπὸ τοῦ ὁμίλου θειασθέν D.C. 62.18 ."",""worship as divine, Id. 59.27 ; Πυθαγόραν καὶ Πλάτωνα Dam. Isid. 36 :— Pass. , Max.Tyr. 8.9 .""]","[""to be inspired, frenzied"",""by divinations"",""is divinely inspired"",""obtained inspiration"",""prophesy"",""worship as divine""]",[],"[{""biblio"":"""",""quote"":""ὅτι στρατοπεδεύσοιτο""},{""biblio"":""D.C. | Fr. | 57.48"",""quote"":""ὅτι στρατοπεδεύσοιτο D.C. Fr. 57.48""},{""biblio"":"""",""quote"":""λόγος] ἐπὶ τῇ τελευτῇ τοῦ Ἀλεξάνδρου ἐθειάσθη""},{""biblio"":""Arr. | An. | 7.18.6"",""quote"":""λόγος] ἐπὶ τῇ τελευτῇ τοῦ Ἀλεξάνδρου ἐθειάσθη Arr. An. 7.18.6""},{""biblio"":"""",""quote"":""λόγιον ὑπὸ τοῦ ὁμίλου θειασθέν""},{""biblio"":""D.C. | 62.18"",""quote"":""λόγιον ὑπὸ τοῦ ὁμίλου θειασθέν D.C. 62.18""},{""biblio"":"""",""quote"":""Πυθαγόραν καὶ Πλάτωνα""},{""biblio"":""Dam. | Isid. | 36"",""quote"":""Πυθαγόραν καὶ Πλάτωνα Dam. Isid. 36""}]","[""Arr. | An. | 7.18.6"",""D.C. | 62.18"",""D.C. | Fr. | 57.48"",""Dam. | Isid. | 36""]",{},[],1,1,0,1,0,3,6,0,8
48023,9,328,n48023,θει-ασμός,,ὁ,787,,"[""superstition,ἄγαν θειασμῷ προσκείμενος, of Nicias, Th. 7.50 ."",""inspiration, frenzy, θειασμοῖς κάτοχοι γυναῖκες D.H. 7.68 ;θειασμοῦ [ἐπιρρήματα], such as εὐοἵ, D.T. 642.17 .""]","[""superstition"",""inspiration, frenzy""]",[],"[{""biblio"":"""",""quote"":""θειασμοῖς κάτοχοι γυναῖκες""},{""biblio"":""D.H. | 7.68"",""quote"":""θειασμοῖς κάτοχοι γυναῖκες D.H. 7.68""}]","[""D.H. | 7.68""]",{},[],1,1,0,1,0,2,2,0,2
48024,9,329,n48024,θει-αστής,,ὁ,787,,"[""worshipper, Tz. H. 8.347 .""]","[""worshipper""]",[],[],[],{},[],1,1,0,0,0,1,1,0,0
48025,9,330,n48025,θει-αστικός,Adv.,,787,,"[""like one inspired. Adv. -κῶς Poll. 1.16 .""]","[""like one inspired.""]",[],"[{""biblio"":"""",""quote"":""-κῶς""},{""biblio"":""Poll. | 1.16"",""quote"":""-κῶς Poll. 1.16""}]","[""Poll. | 1.16""]",{},[],1,1,0,1,0,1,1,0,2
48026,9,331,n48026,θειάφιον,,τό,787,,"[""sulphur, Tz. H. 12.743 .""]","[""sulphur""]",[],[],[],{},[],1,1,0,0,0,1,1,0,0
48027,9,332,n48027,Θείβᾱθεν,Adv.,,787,,"[""from Thebes, Ar. Ach. 862 :—Θείβᾱθι,at Thebes, ib. 868 codd. (Θείβᾱθε from Thebes, Elmsl.).""]","[""from Thebes"",""at Thebes"",""from Thebes""]",[],[],[],{},[],1,1,0,0,0,1,3,0,0
48028,9,333,n48028,θείκελος,,,787,,"[""θείκελος, dub. l. in Ar. Lys. 1252 codd. (σιοείκελοι Mein.,συείκελοι Wilam.).""]",[],[],[],[],{},[],1,0,0,0,0,1,0,0,0
48029,9,334,n48029,θεϊκός,,,787,,"[""θρησκεία Cat.Cod.Astr. 1.116 ; σοφία MAMA 1.228 (Laodicea Combusta).""]",[],[],"[{""biblio"":"""",""quote"":""θρησκεία""},{""biblio"":""Cat.Cod.Astr. | 1.116"",""quote"":""θρησκεία Cat.Cod.Astr. 1.116""},{""biblio"":"""",""quote"":""σοφία""},{""biblio"":""MAMA | 1.228"",""quote"":""σοφία MAMA 1.228""}]","[""Cat.Cod.Astr. | 1.116"",""MAMA | 1.228""]",{},[],1,0,0,1,0,1,0,0,4
48030,9,335,n48030,θειλο-πεδεύω,,,787,,"[""dry in the sun, σταφυλήν Dsc. 5.6 ( Pass. ).""]","[""dry in the sun""]",[],"[{""biblio"":"""",""quote"":""σταφυλήν""},{""biblio"":""Dsc. | 5.6"",""quote"":""σταφυλήν Dsc. 5.6""}]","[""Dsc. | 5.6""]",{},[],1,1,0,1,0,1,1,0,2
48031,9,336,n48031,θειλό-πεδον,,τό,787,,"[""sunny spot in the vineyard where grapes were dried, Od. 7.123 , AP 6.169 , 9.586 (Comet.), Sch. E. Or. 1492 ; θειλοπέδου τρόπον Dsc. 1.32 ; v. εἱλόπεδον .""]","[""sunny spot""]",[],"[{""biblio"":"""",""quote"":""θειλοπέδου τρόπον""},{""biblio"":""Dsc. | 1.32"",""quote"":""θειλοπέδου τρόπον Dsc. 1.32""}]","[""Dsc. | 1.32""]",{},"[{""type"":""ref"",""target"":"""",""text"":""εἱλόπεδον""},{""type"":"""",""target"":"""",""text"":""v. εἱλόπεδον""}]",1,1,0,1,1,1,1,0,2
48032,9,337,n48032,Θειλούθιος,,ὁ,787,,"[""Θειλούθιος,ὁ(sc.μήν), month in Boeotia, IG 7.2861 , al.: written Θηλούθιος ib. 3326 , al.""]",[],[],[],[],{},[],1,0,0,0,0,1,0,0,0
48033,9,338,n48033,θεῖμεν,,,787,,"[""θεῖμεν, for θείημεν,1 pl. aor. 2 opt. Act. of τίθημι.""]",[],[],[],[],{},[],1,0,0,0,0,1,0,0,0
48034,9,339,n48034,θειμωνιαί:,,,787,,"[""θειμωνιαί: οἱ σωροὶ τῶν δραγμάτων, Hsch. ( Boeot. for θημ-).""]",[],[],[],[],{},[],1,0,0,0,0,1,0,0,0
48035,9,340,n48035,θεῖναι,,,787,,"[""θεῖναι,aor. 2 inf. Act. of τίθημι.""]",[],[],[],[],{},[],1,0,0,0,0,1,0,0,0
48036,9,341,n48036,θεινίον,,,787,,"[""v. θινίον .""]",[],[],[],[],{},"[{""type"":""ref"",""target"":"""",""text"":""θινίον""},{""type"":"""",""target"":"""",""text"":""v. θινίον""}]",1,0,0,0,1,1,0,0,0
48037,9,342,n48037,θεϊνός,,,787,,"[""θεϊνός,ή,όν,=θῖνος(q.v.), GDI 4940.26 (Crete).""]",[],[],[],[],{},[],1,0,0,0,0,1,0,0,0
48038,9,343,n48038,θείνω,,,787,,"[""θεινέμεναι Od. 22.443 :impf. ἔθεινον A. Pers. 418 , etc.:fut. θενῶ Ar. Ach. 564 :aor. 1 part. θείνας Il. 20.481 (ἔθεινε in 21.491 may be impf.); other moods from an aor. 2 ἔθενον(which does not occur in ind.); imper. θένε E. Rh. 676 , Ar. Av. 54 ;subj. θένω E. Rh. 687 (troch.), Ar. Lys. 821 (lyr.), cj. in Theoc. 22.66 ;inf. θενεῖν E. Heracl. 271 ;part. θενών Id. Cyc. 7 , Ar. Eq. 640 , V. 1384 , Av. 1613 , Ra. 855 (these forms were freq. incorrectly written θένειν, θένων, as if from a pres. Θένω):— Pass. , only in pres.and impf.:—poet. word,strike,τινα Od. 18.63 ; ξίφεσι 22.443 ; φασγάνῳ αὐχένα θείνας Il. 20.481 ; μάστιγι . . θείνων 17.430 ; [ τόξοισι] ἔθεινε παρ' οὔατα 21.491 :— Pass. , 1.588 ; θεινόμεναι βουπλῆγι 6.135 ; ἄορι 10.484 ;θεινομένου . . πρὸς οὔδεϊ dashed to earth, Od. 9.459 ; later σκάπτῳ θενών τινα Pi. O. 7.28 ; ῥαιστῆρι A. Pr. 56 , cf. 76 ; τινὰ δι' ἀσπίδος E. Heracl. 738 ; ἰτέαν εἰς μέσην Id. Cyc. 7 ; τῷ σκέλει θένε τὴν πέτ ραν Ar. Av. 54 ; τῷ πρωκτῷ θενὼν τὴν κιγκλίδ' Id. Eq. 640 ;ποσσὶ θ. σκέλος, of a wrestler, Theoc. 22.66 : abs.,θείνετε v.l. in E. Or. 1303 (lyr.); θεῖν', ἀντέρειδε Id. Supp. 702 ; θένε, θένε Id. Rh. 676 (lyr.):— Pass. , A. Pers. 303 , Ch. 388 (lyr.)."",""metaph., θείνει δ' ὀνείδει μάντιν Id. Th. 382 ."",""intr., of corpses, θ. ἐπ' ἀκτᾶς Id. Pers. 966 ."",""to the same Verb, but only with the meaning slay, belong the foll. forms formerly referred to a pres. Φένω, viz.:aor. 2 ἔπεφνον Il. 21.55 , Pi. P. 10.46 , B. 17.19 , S. OT 1497 ; Ep. and Lyr. πέφνον Il. 13.363 , B. 8.13 ;subj. πέφνῃς, ῃ, Od. 22.346 , Il. 20.172 ;inf. πεφνέμεν 6.180 ;part. πεφνών 16.827 (parox. acc. to Aristarch. , as if from a pres. πέφνω, which is found in late Ep. , Opp. H. 2.133 ): from the short form φᾰ(for φ ṇ) come pf. Pass. 3 sg. πέφαται Il. 15.140 , al.;3 pl. πέφανται 5.531 ;inf. πεφάσθαι 13.447 :fut. Pass. πεφήσεαι ib. 829 , Od. 22.217 ; ἢ πέφατ' ἢ . . πεφήσεται Il. 15.140 ; later,part. πεφασμένος Lyc. 269 , 1374 , Opp. H. 5.122 : Gramm. also give aor. 1 φάσαι Hsch. s.v. φάσγανον , Phot. s.v. προσφατος, Sch. Pi. N. 1.69 :aor. 2 part. παφών Hsch. :aor. 2 Med. ἀπ-έφατο,=ἀπέθανεν, Id. Hence also φᾰτός slain, Id., found in compds.Ἀρεί-φατος, μυλή-φατος, ὀδυνή-φατος, πυρί-φατος. (I.- E. g[uglide]hen-cf. Skt.hánti, pl.ghnánti, Hittite kuenzi, pl.kunanzi'strike', 'kill';g[uglide]hon-in Gr.φόνος;g[uglide]hn-in Skt.ghn-ánti, Gr.ἔ-πε-φν-ον(redupl.);g[uglide]hṇ-in Skt.-hata-, Gr.-φατο-, πέφαται, etc.)""]","[""strike"",""dashed"",""slay"",""ṇ"",""slain"",""g[uglide]hen-"",""hánti"",""ghnánti"",""kuenzi"",""kunanzi"",""g[uglide]hon-"",""g[uglide]hn-"",""ghn-ánti"",""g[uglide]hṇ-"",""-hata-""]",[],"[{""biblio"":"""",""quote"":""θεινέμεναι""},{""biblio"":""Od. | 22.443"",""quote"":""θεινέμεναι Od. 22.443""},{""biblio"":"""",""quote"":""ἔθεινον""},{""biblio"":""A. | Pers. | 418"",""quote"":""ἔθεινον A. Pers. 418""},{""biblio"":"""",""quote"":""θενῶ""},{""biblio"":""Ar. | Ach. | 564"",""quote"":""θενῶ Ar. Ach. 564""},{""biblio"":"""",""quote"":""θείνας""},{""biblio"":""Il. | 20.481"",""quote"":""θείνας Il. 20.481""},{""biblio"":"""",""quote"":""θένε""},{""biblio"":""E. | Rh. | 676"",""quote"":""θένε E. Rh. 676""},{""biblio"":"""",""quote"":""θένω""},{""biblio"":""E. | Rh. | 687"",""quote"":""θένω E. Rh. 687""},{""biblio"":"""",""quote"":""θενεῖν""},{""biblio"":""E. | Heracl. | 271"",""quote"":""θενεῖν E. Heracl. 271""},{""biblio"":"""",""quote"":""θενών""},{""biblio"":""Id. | Cyc. | 7"",""quote"":""θενών Id. Cyc. 7""},{""biblio"":"""",""quote"":""ξίφεσι""},{""biblio"":""22.443"",""quote"":""ξίφεσι 22.443""},{""biblio"":"""",""quote"":""φασγάνῳ αὐχένα θείνας""},{""biblio"":""Il. | 20.481"",""quote"":""φασγάνῳ αὐχένα θείνας Il. 20.481""},{""biblio"":"""",""quote"":""μάστιγι . . θείνων""},{""biblio"":""17.430"",""quote"":""μάστιγι . . θείνων 17.430""},{""biblio"":"""",""quote"":""τόξοισι] ἔθεινε παρ' οὔατα""},{""biblio"":""21.491"",""quote"":""τόξοισι] ἔθεινε παρ' οὔατα 21.491""},{""biblio"":"""",""quote"":""θεινόμεναι βουπλῆγι""},{""biblio"":""6.135"",""quote"":""θεινόμεναι βουπλῆγι 6.135""},{""biblio"":"""",""quote"":""ἄορι""},{""biblio"":""10.484"",""quote"":""ἄορι 10.484""},{""biblio"":"""",""quote"":""σκάπτῳ θενών τινα""},{""biblio"":""Pi. | O. | 7.28"",""quote"":""σκάπτῳ θενών τινα Pi. O. 7.28""},{""biblio"":"""",""quote"":""ῥαιστῆρι""},{""biblio"":""A. | Pr. | 56"",""quote"":""ῥαιστῆρι A. Pr. 56""},{""biblio"":"""",""quote"":""τινὰ δι' ἀσπίδος""},{""biblio"":""E. | Heracl. | 738"",""quote"":""τινὰ δι' ἀσπίδος E. Heracl. 738""},{""biblio"":"""",""quote"":""ἰτέαν εἰς μέσην""},{""biblio"":""Id. | Cyc. | 7"",""quote"":""ἰτέαν εἰς μέσην Id. Cyc. 7""},{""biblio"":"""",""quote"":""τῷ σκέλει θένε τὴν πέτ ραν""},{""biblio"":""Ar. | Av. | 54"",""quote"":""τῷ σκέλει θένε τὴν πέτ ραν Ar. Av. 54""},{""biblio"":"""",""quote"":""τῷ πρωκτῷ θενὼν τὴν κιγκλίδ'""},{""biblio"":""Id. | Eq. | 640"",""quote"":""τῷ πρωκτῷ θενὼν τὴν κιγκλίδ' Id. Eq. 640""},{""biblio"":"""",""quote"":""θεῖν', ἀντέρειδε""},{""biblio"":""Id. | Supp. | 702"",""quote"":""θεῖν', ἀντέρειδε Id. Supp. 702""},{""biblio"":"""",""quote"":""θένε, θένε""},{""biblio"":""Id. | Rh. | 676"",""quote"":""θένε, θένε Id. Rh. 676""},{""biblio"":"""",""quote"":""θείνει δ' ὀνείδει μάντιν""},{""biblio"":""Id. | Th. | 382"",""quote"":""θείνει δ' ὀνείδει μάντιν Id. Th. 382""},{""biblio"":"""",""quote"":""θ. ἐπ' ἀκτᾶς""},{""biblio"":""Id. | Pers. | 966"",""quote"":""θ. ἐπ' ἀκτᾶς Id. Pers. 966""},{""biblio"":"""",""quote"":""ἔπεφνον""},{""biblio"":""Il. | 21.55"",""quote"":""ἔπεφνον Il. 21.55""},{""biblio"":"""",""quote"":""πέφνον""},{""biblio"":""Il. | 13.363"",""quote"":""πέφνον Il. 13.363""},{""biblio"":"""",""quote"":""πεφνέμεν""},{""biblio"":""6.180"",""quote"":""πεφνέμεν 6.180""},{""biblio"":"""",""quote"":""πεφνών""},{""biblio"":""16.827"",""quote"":""πεφνών 16.827""},{""biblio"":"""",""quote"":""πέφαται""},{""biblio"":""Il. | 15.140"",""quote"":""πέφαται Il. 15.140""},{""biblio"":"""",""quote"":""πέφανται""},{""biblio"":""5.531"",""quote"":""πέφανται 5.531""},{""biblio"":"""",""quote"":""πεφάσθαι""},{""biblio"":""13.447"",""quote"":""πεφάσθαι 13.447""},{""biblio"":"""",""quote"":""ἢ πέφατ' ἢ . . πεφήσεται""},{""biblio"":""Il. | 15.140"",""quote"":""ἢ πέφατ' ἢ . . πεφήσεται Il. 15.140""},{""biblio"":"""",""quote"":""πεφασμένος""},{""biblio"":""Lyc. | 269"",""quote"":""πεφασμένος Lyc. 269""},{""biblio"":"""",""quote"":""φάσαι""},{""biblio"":""Hsch."",""quote"":""φάσαι Hsch.""},{""biblio"":"""",""quote"":""παφών""},{""biblio"":""Hsch."",""quote"":""παφών Hsch.""}]","[""10.484"",""13.447"",""16.827"",""17.430"",""21.491"",""22.443"",""5.531"",""6.135"",""6.180"",""A. | Pers. | 418"",""A. | Pr. | 56"",""Ar. | Ach. | 564"",""Ar. | Av. | 54"",""E. | Heracl. | 271"",""E. | Heracl. | 738"",""E. | Rh. | 676"",""E. | Rh. | 687"",""Hsch."",""Id. | Cyc. | 7"",""Id. | Eq. | 640"",""Id. | Pers. | 966"",""Id. | Rh. | 676"",""Id. | Supp. | 702"",""Id. | Th. | 382"",""Il. | 13.363"",""Il. | 15.140"",""Il. | 20.481"",""Il. | 21.55"",""Lyc. | 269"",""Od. | 22.443"",""Pi. | O. | 7.28""]",{},"[{""type"":""ref"",""target"":"""",""text"":""φάσγανον""},{""type"":"""",""target"":"""",""text"":""s.v. φάσγανον""}]",1,1,0,1,1,4,15,0,70
48039,9,344,n48039,θειο-γενής,,,787,,"[""θειο-γενής,ές,=θεο-,Gloss.""]",[],[],[],[],{},[],1,0,0,0,0,1,0,0,0
48040,9,345,n48040,θειο-δάμη,Adj.,ἡ,787,,"[""she who tames the gods, Suid. :—Adj. θειό-δᾰμος,ἀνάγκαι Orac. ap. Porph. ap. Eus. PE 5.8 .""]","[""she who tames the gods""]","[""δαμάω""]",[],[],{},[],1,1,1,0,0,1,1,1,0
48041,9,346,n48041,θειό-δμητος,,,787,,"[""v.l. θεοδηλήτου ).""]",[],[],[],[],{},"[{""type"":""ref"",""target"":"""",""text"":""θεοδηλήτου""},{""type"":"""",""target"":"""",""text"":""v.l. θεοδηλήτου""}]",1,0,0,0,1,1,0,0,0
48042,9,347,n48042,θειό-δομος,,,787,,"[""built by gods,τεῖχος ib. 7.138 ( Acerat. ), cf. 9.104 ( Alph. ).""]","[""built by gods""]",[],[],[],{},[],1,1,0,0,0,1,1,0,0
48043,9,348,n48043,θειόθεν,Adv.,,787,,"[""from the Emperor, Just. Nov. 82.9 .""]","[""from the Emperor""]",[],[],[],{},[],1,1,0,0,0,1,1,0,0
48044,9,349,n48044,θειολόγος,,ὁ,787,,"[""θειολόγος,ὁ, poet. for θεολόγος, IG 3.770 (i A.D.).""]",[],[],[],[],{},[],1,0,0,0,0,1,0,0,0
48045,9,350,n48045,θείομεν,,,787,,"[""θείομεν, Ep. for θέωμεν, θῶμεν,1 pl. aor. 2 subj. Act. of τίθημι.""]",[],[],[],[],{},[],1,0,0,0,0,1,0,0,0
48046,9,351,n48046,θεῖον,,τό,787,,"[""brimstone, used to fumigate and purify, δέπας . . ἐκάθηρε θεείῳ Il. 16.228 ; οἶσε θέειον . . , κακῶν ἄκος Od. 22.481 ;δεινὴ δὲ θεείου γίγνεται ὀδμή, from a thunderbolt, Il. 14.415 ;ἐν δὲ θεείου πλῆτο, of a ship struck by lightning, Od. 12.417 ;ἐμβαλόντες πῦρ ξὺν θ. Th. 2.77 , cf. 4.100 ; Κύριος ἔβρεξεν ἐπὶ Σόδομα καὶ Γόμορρα θ. καὶ πῦρ LXX Ge. 19.24 ; as a natural product, Hp. Aër. 7 , Ph. 2.21 , 143 , Ti.Locr. 99c ; θ. ἄπυρον Gal. 12.903 ; opp.πεπυρωμένον, Dsc. 5.107 ; cf.θεάφιον, θέαφος. (Perh. cogn. with θύω, θυμιάω, Lat.suffire.)""]","[""brimstone"",""Aër."",""suffire.""]",[],"[{""biblio"":"""",""quote"":""δέπας . . ἐκάθηρε θεείῳ""},{""biblio"":""Il. | 16.228"",""quote"":""δέπας . . ἐκάθηρε θεείῳ Il. 16.228""},{""biblio"":"""",""quote"":""οἶσε θέειον . . , κακῶν ἄκος""},{""biblio"":""Od. | 22.481"",""quote"":""οἶσε θέειον . . , κακῶν ἄκος Od. 22.481""},{""biblio"":"""",""quote"":""Κύριος ἔβρεξεν ἐπὶ Σόδομα καὶ Γόμορρα θ. καὶ πῦρ""},{""biblio"":""LXX | Ge. | 19.24"",""quote"":""Κύριος ἔβρεξεν ἐπὶ Σόδομα καὶ Γόμορρα θ. καὶ πῦρ LXX Ge. 19.24""},{""biblio"":"""",""quote"":""θ. ἄπυρον""},{""biblio"":""Gal. | 12.903"",""quote"":""θ. ἄπυρον Gal. 12.903""}]","[""Gal. | 12.903"",""Il. | 16.228"",""LXX | Ge. | 19.24"",""Od. | 22.481""]",{},[],1,1,0,1,0,1,3,0,8
48047,9,352,n48047,θεῖον,,τό,787,,"[""the Divinity, v. θεῖος (A) 11 .""]","[""the Divinity""]",[],[],[],{},"[{""type"":""ref"",""target"":"""",""text"":""θεῖος""},{""type"":"""",""target"":"""",""text"":""v. θεῖος""}]",1,1,0,0,1,1,1,0,0
48048,9,353,n48048,θειο-πᾰγής,,,787,,"[""god-made,ἱστός Orac. ap. Phleg. Mir. 10 ; cf.θειοφανής.""]","[""god-made""]",[],[],[],{},[],1,1,0,0,0,1,1,0,0
48049,9,354,n48049,θειο-πόλος,,ὁ,787,,"[""ministrant, Maiist. 43 .""]","[""ministrant""]",[],[],[],{},[],1,1,0,0,0,1,1,0,0
48050,9,355,n48050,θειο-πρόπος,,ὁ,787,,"[""= θεοπροπίδης , Orac. ap. Porph. Abst. 2.9 .""]",[],[],[],[],{},"[{""type"":""ref"",""target"":"""",""text"":""θεοπροπίδης""},{""type"":"""",""target"":"""",""text"":""= θεοπροπίδης""}]",1,0,0,0,1,1,0,0,0
48051,9,356,n48051,θεῖος,Subst.,τό,788,,"[""of or from the gods, divine, γένος Il. 6.180 ; ὀμφή 2.41 ;Ὄνειρος ib. 22 ; ἐπιπνοίαις A. Supp. 577 , cf. Pl. R. 499c ; μάστιξ A. Pr. 682 ; μανία S. Aj. 611 (lyr.);νόσος ib. 185 (lyr.) (but θ. νόσος, of a dust-storm, Id. Ant. 421 ); κίνδυνοι And. 1.139 ;θ. τινὶ μοίρᾳ by divine intervention, X. HG 7.5.10 ; θ. τύχῃ γεγονώς Hdt. 1.126 ; θ. τύχῃ χρεώμενος Id. 3.139 ;θ. κἀπόνῳ τύχῃ, of an easy death, S. OC 1585 ; ἐκ θ. τύχης Id. Ph. 1326 ; ἔμαθε ὡς θ. εἴη τὸ πρῆγμα Hdt. 6.69 ; ὁ θ. νόμος Th. 3.82 ;φύσις θ. SIG 1125.8 (Eleusis), cf. 2 Ep.Pet. 1.4 ;appointed of God, βασιλῆες Od. 4.691 ;σκῆπτρον given by God, S. Ph. 139 (lyr.);v.infr. 2 ."",""belonging or sacred to a god, holy,ἀγών, χορός, Il. 7.298 , Od. 8.264 ;under divine protection,πύργος, δόμος, Il. 21.526 , Od. 4.43 ; of heralds and bards, Il. 4.192 , Od. 4.17 , al.; so perh., of kings, ib. 691 ."",""morethan human, of heroes, Ὀδυσσεύς Il. 2.335 , al., Cratin. 144.4 (lyr.); θ. ἀνήρ Pi. P. 6.38 , A. Ag. 1548 (lyr.), Pl. R. 331e , Men. 99d (esp. at Sparta ( Lacon. σεῖος), Arist. EN 1145a29 ;ὦ θεῖε(in the mouth of a Spartan) Pl. Lg. 626c ); μετὰ σοῦ τῆς θείας κεφαλῆς Id. Phdr. 234d , cf. Them. Or. 9.128a , Lib. Or. 19.66 ."",""of things,excellent, θεῖον ποτόν Od. 2.341 , 9.205 ; ἁλὸς θείοιο Il. 9.214 ;θ. πρήγματα marvellous things, Hdt. 2.66 ; ἐν τοῖσι θειότατον Id. 7.137 ."",""=Lat.divinus(or sacer),Imperial,διατάξεις prob. in BGU 473.5 ( 200 A.D. ), etc.; θησαυροί PLips. 62ii14 (iv A.D.);θ. ὅρκος oath by the Emperor, POxy. 83.6 (iv A.D.), etc.;θειότατος, of living Emperors, Inscr.Prien. 105.22 ( 9 B.C.), etc."",""=Lat.divus, of deified Emperors,θ. Σεβαστός Edict.Claud. ap. J. AJ 19.5.3 , cf. Inscr.Perg. 283 (iii A.D.), Lyd. Mag. 2.3 ."",""as Subst.,θεῖον,τό ,the Divinity, Hdt. 1.32 , 3.108 , al., A. Ch. 958 (lyr.); τοῦ θ. χάριν Th. 5.70 ;ἡμαρτηκότα εἰς τὸ θ. Pl. Phdr. 242c ."",""in an abstract sense,divinity,κεκοινώνηκε . . τοῦ θ. ib. 246d ;ἢ μόνον μετέχει τοῦ θ . . . , ἢ μάλιστα [ἄνθρωπος] Arist. PA 656a8 , etc.;κατὰ θεῖον or κατά τι θ., Aen.Gaz. Thphr. p.37 B.,p.4 B."",""θεῖα,τά ,the acts of the gods, course of providence, S. Ph. 452 , etc.; τὰ θ. θνητοὺς ὄντας εὐπετῶς φέρειν S. Fr. 585 ; τὰ θ. μὴ φαύλως φέρειν Ar. Av. 961 ."",""matters of religion,ἔρρει τὰ θ.religion is no more, S. OT 910 (lyr.), cf. OC 1537 , X. Cyr. 8.8.2 , etc."",""inquiries concerning the divine, Pl. Sph. 232c ;τὰ φανερὰ τῶν θείων, i.e. the heavenly bodies, Arist. Metaph. 1026a18 , cf. GA 731b24 , Ph. 196a33 ( Sup. ), EN 1141b1 ."",""Adv. θείως by divine providence, θ. πως X. Cyr. 4.2.1 , etc.;θειοτέρως by special providence, Hdt. 1.122 ;μᾶλλόν τι καὶ -ότερον ib. 174 ."",""divinely, excellently,εὖ γε καὶ θ. Pl. Tht. 154d ; θείως εἰρῆσθαι Arist. Metaph. 1074b9 .""]","[""of"",""from the gods, divine"",""divine"",""appointed of God"",""given by God"",""belonging"",""sacred to a god, holy"",""under divine protection"",""morethan human"",""excellent"",""marvellous"",""divinus"",""sacer"",""by the Emperor,"",""divus"",""the Divinity"",""divinity"",""the acts of the gods, course of providence"",""matters of religion"",""religion"",""inquiries concerning the divine"",""by divine providence"",""by special providence"",""divinely, excellently""]","[""θεός""]","[{""biblio"":"""",""quote"":""γένος""},{""biblio"":""Il. | 6.180"",""quote"":""γένος Il. 6.180""},{""biblio"":"""",""quote"":""ὀμφή""},{""biblio"":""2.41"",""quote"":""ὀμφή 2.41""},{""biblio"":"""",""quote"":""ἐπιπνοίαις""},{""biblio"":""A. | Supp. | 577"",""quote"":""ἐπιπνοίαις A. Supp. 577""},{""biblio"":"""",""quote"":""μάστιξ""},{""biblio"":""A. | Pr. | 682"",""quote"":""μάστιξ A. Pr. 682""},{""biblio"":"""",""quote"":""μανία""},{""biblio"":""S. | Aj. | 611"",""quote"":""μανία S. Aj. 611""},{""biblio"":"""",""quote"":""κίνδυνοι""},{""biblio"":""And. | 1.139"",""quote"":""κίνδυνοι And. 1.139""},{""biblio"":"""",""quote"":""θ. τύχῃ γεγονώς""},{""biblio"":""Hdt. | 1.126"",""quote"":""θ. τύχῃ γεγονώς Hdt. 1.126""},{""biblio"":"""",""quote"":""θ. τύχῃ χρεώμενος""},{""biblio"":""Id. | 3.139"",""quote"":""θ. τύχῃ χρεώμενος Id. 3.139""},{""biblio"":"""",""quote"":""ἐκ θ. τύχης""},{""biblio"":""Id. | Ph. | 1326"",""quote"":""ἐκ θ. τύχης Id. Ph. 1326""},{""biblio"":"""",""quote"":""ἔμαθε ὡς θ. εἴη τὸ πρῆγμα""},{""biblio"":""Hdt. | 6.69"",""quote"":""ἔμαθε ὡς θ. εἴη τὸ πρῆγμα Hdt. 6.69""},{""biblio"":"""",""quote"":""ὁ θ. νόμος""},{""biblio"":""Th. | 3.82"",""quote"":""ὁ θ. νόμος Th. 3.82""},{""biblio"":"""",""quote"":""βασιλῆες""},{""biblio"":""Od. | 4.691"",""quote"":""βασιλῆες Od. 4.691""},{""biblio"":"""",""quote"":""Ὀδυσσεύς""},{""biblio"":""Il. | 2.335"",""quote"":""Ὀδυσσεύς Il. 2.335""},{""biblio"":"""",""quote"":""θ. ἀνήρ""},{""biblio"":""Pi. | P. | 6.38"",""quote"":""θ. ἀνήρ Pi. P. 6.38""},{""biblio"":"""",""quote"":""μετὰ σοῦ τῆς θείας κεφαλῆς""},{""biblio"":""Id. | Phdr. | 234d"",""quote"":""μετὰ σοῦ τῆς θείας κεφαλῆς Id. Phdr. 234d""},{""biblio"":"""",""quote"":""θεῖον ποτόν""},{""biblio"":""Od. | 2.341"",""quote"":""θεῖον ποτόν Od. 2.341""},{""biblio"":"""",""quote"":""ἁλὸς θείοιο""},{""biblio"":""Il. | 9.214"",""quote"":""ἁλὸς θείοιο Il. 9.214""},{""biblio"":"""",""quote"":""ἐν τοῖσι θειότατον""},{""biblio"":""Id. | 7.137"",""quote"":""ἐν τοῖσι θειότατον Id. 7.137""},{""biblio"":"""",""quote"":""θησαυροί""},{""biblio"":""PLips. | 62ii14"",""quote"":""θησαυροί PLips. 62ii14""},{""biblio"":"""",""quote"":""τοῦ θ. χάριν""},{""biblio"":""Th. | 5.70"",""quote"":""τοῦ θ. χάριν Th. 5.70""},{""biblio"":"""",""quote"":""τὰ θ. θνητοὺς ὄντας εὐπετῶς φέρειν""},{""biblio"":""S. | Fr. | 585"",""quote"":""τὰ θ. θνητοὺς ὄντας εὐπετῶς φέρειν S. Fr. 585""},{""biblio"":"""",""quote"":""τὰ θ. μὴ φαύλως φέρειν""},{""biblio"":""Ar. | Av. | 961"",""quote"":""τὰ θ. μὴ φαύλως φέρειν Ar. Av. 961""},{""biblio"":"""",""quote"":""θ. πως""},{""biblio"":""X. | Cyr. | 4.2.1"",""quote"":""θ. πως X. Cyr. 4.2.1""},{""biblio"":"""",""quote"":""θείως εἰρῆσθαι""},{""biblio"":""Arist. | Metaph. | 1074b9"",""quote"":""θείως εἰρῆσθαι Arist. Metaph. 1074b9""}]","[""2.41"",""A. | Pr. | 682"",""A. | Supp. | 577"",""And. | 1.139"",""Ar. | Av. | 961"",""Arist. | Metaph. | 1074b9"",""Hdt. | 1.126"",""Hdt. | 6.69"",""Id. | 3.139"",""Id. | 7.137"",""Id. | Ph. | 1326"",""Id. | Phdr. | 234d"",""Il. | 2.335"",""Il. | 6.180"",""Il. | 9.214"",""Od. | 2.341"",""Od. | 4.691"",""PLips. | 62ii14"",""Pi. | P. | 6.38"",""S. | Aj. | 611"",""S. | Fr. | 585"",""Th. | 3.82"",""Th. | 5.70"",""X. | Cyr. | 4.2.1""]",{},[],1,1,1,1,0,13,24,1,48
48052,9,357,n48052,θεῖος,,ὁ,788,,"[""one's father's or mother's brother, uncle, E. IT 930 , Ar. Nu. 124 , And. 1.18 , 117 , Pl. Chrm. 154b , Men. 5 D. , etc.;ὁ πρὸς μητρὸς θ. Is. 5.10 ; πρὸς πατρός Ph. 2.172 . (Cf.τήθη.)""]","[""one's father's"",""mother's brother, uncle""]",[],"[{""biblio"":"""",""quote"":""πρὸς πατρός""},{""biblio"":""Ph. | 2.172"",""quote"":""πρὸς πατρός Ph. 2.172""}]","[""Ph. | 2.172""]",{},[],1,1,0,1,0,1,2,0,2
48053,9,358,n48053,θειό-στεπτος,,,788,,"[""v. θεο- .""]",[],[],[],[],{},"[{""type"":""ref"",""target"":"""",""text"":""θεο-""},{""type"":"""",""target"":"""",""text"":""v. θεο-""}]",1,0,0,0,1,1,0,0,0
48054,9,359,n48054,θειότης,,ἡ,788,,"[""divine nature, divinity, LXX Wi. 18.9 , Ep.Rom. 1.20 , SIG 867.31 (Ephesus,ii A.D.), Plu. 2.665a , etc."",""f.l.for ὁσιότης , Isoc. 11.26 , Plu. 2.857a , and so prob. in Id. Sull. 6 ."",""as title of Roman Emperors, Orib. 1.1.1 , SIG 900.23 (Panamara,iv A.D.), etc.""]","[""divine nature, divinity""]",[],[],[],{},"[{""type"":""ref"",""target"":"""",""text"":""ὁσιότης""},{""type"":"""",""target"":"""",""text"":""f.l.for ὁσιότης""}]",1,1,0,0,1,3,1,0,0
48055,9,360,n48055,θειοφᾰνής,,,788,,"[""manifested by the gods, Alex. 162.14 (anap., v.l. -παγές ).""]","[""manifested by the gods""]",[],[],[],{},"[{""type"":""ref"",""target"":"""",""text"":""-παγές""},{""type"":"""",""target"":"""",""text"":""v.l. -παγές""}]",1,1,0,0,1,1,1,0,0
48056,9,361,n48056,θειόχροος,,,788,,"[""brimstone-coloured, Dsc. 5.101 .""]","[""brimstone-coloured""]",[],[],[],{},[],1,1,0,0,0,1,1,0,0
48057,9,362,n48057,θειόω,,,788,,"[""fumigate with brimstone, ὄφρα θεειώσω μέγαρον Od. 22.482 ;θειώσας τὰς ἀλλοτρίας ἐπινοίας, metaph., from the clothes-cleaner, who used sulphur, Lysipp. 4 :— Med. ,δω-μα θεειοῦται he fumigates his house, Od. 23.50 ."",""purify, hallow,θείου . . θεσμὸν αἰθέρος μυχῶν dub. in E. Hel. 866 ."",""smear with sulphur, Gal. 1.658 ( Pass. );ἔριον τεθειωμένον sulphurated, Orib. Fr. 35 , Paul.Aeg. 3.33 ."",""in Alchemy,sulphurate, Ps.-Democr. ap. Zos.Alch. p.153B."",""(θεῖος A)hallow, consecrate, Pl. Lg. 771b , Ph. 1.374 .""]","[""fumigate with brimstone"",""fumigates his"",""purify, hallow"",""smear with sulphur"",""sulphurated"",""sulphurate"",""hallow, consecrate""]",[],"[{""biblio"":"""",""quote"":""ὄφρα θεειώσω μέγαρον""},{""biblio"":""Od. | 22.482"",""quote"":""ὄφρα θεειώσω μέγαρον Od. 22.482""}]","[""Od. | 22.482""]",{},[],1,1,0,1,0,5,7,0,2
48058,9,363,n48058,θείω,,,788,,"[""run."",""Ep. for θῶ,1 sg. subj. aor. 2 of τίθημι.""]","[""run.""]",[],[],[],{},[],1,1,0,0,0,2,1,0,0
48059,9,364,n48059,θειώδης,,,788,,"[""sulphureous, of waters, etc., Anon.Lond. 24.45 , Antyll. ap. Orib. 10.2.3 , Archig. ap. Aët. 3.167 , Phlp. in Mete. 7.5 ; ὀδμή Str. 1.3.18 ."",""of colour,yellow, θώρακες Apoc. 9.17 .""]","[""sulphureous"",""yellow""]",[],"[{""biblio"":"""",""quote"":""ὀδμή""},{""biblio"":""Str. | 1.3.18"",""quote"":""ὀδμή Str. 1.3.18""},{""biblio"":"""",""quote"":""θώρακες""},{""biblio"":""Apoc. | 9.17"",""quote"":""θώρακες Apoc. 9.17""}]","[""Apoc. | 9.17"",""Str. | 1.3.18""]",{},[],1,1,0,1,0,2,2,0,4
48060,9,365,n48060,θειώδης,Adv.,,788,,"[""divine. Adv. -δως by Imperial decree, PMasp. 451.42 , 56 (vi A.D.).""]","[""divine."",""by Imperial decree,""]",[],"[{""biblio"":"""",""quote"":""-δως""},{""biblio"":""PMasp. | 451.42"",""quote"":""-δως by Imperial decree, PMasp. 451.42""}]","[""PMasp. | 451.42""]",{},[],1,1,0,1,0,1,2,0,2
48061,9,366,n48061,θέκλεον:,,,788,,"[""θέκλεον: θαυμαστόν, Hsch. (fort.θέσκελον).""]",[],[],[],[],{},[],1,0,0,0,0,1,0,0,0
48062,9,367,n48062,θελγεσίμῡθος,,,788,,"[""soft-speaking, AP 9.525.9 .""]","[""soft-speaking,""]",[],[],[],{},[],1,1,0,0,0,1,1,0,0
48063,9,368,n48063,θέλγητρον,,τό,788,,"[""charm, spell, in pl., Hld. 7.9 : more usu. metaph.,ὦ φίλον ὕπνου θ. E. Or. 211 ; πόθων θέλγητρα Ath. 5.22o f; of music, Luc. Im. 14 ; of a city, Id. Scyth. 5 ; cf.θέλκτρον.""]","[""charm, spell""]","[""θέλγω""]","[{""biblio"":"""",""quote"":""πόθων θέλγητρα""},{""biblio"":""Ath. | 5.22o"",""quote"":""πόθων θέλγητρα Ath. 5.22o""}]","[""Ath. | 5.22o""]",{},[],1,1,1,1,0,1,1,1,2
48064,9,369,n48064,Θελγῖνες,,,788,,"[""= Τελχῖνες (q.v.),wizards, hsch., Eust. 1391.12 .""]","[""wizards""]",[],[],[],{},"[{""type"":""ref"",""target"":"""",""text"":""Τελχῖνες""},{""type"":"""",""target"":"""",""text"":""= Τελχῖνες""}]",1,1,0,0,1,1,1,0,0
48065,9,370,n48065,θέλγμα,,τό,788,,"[""θέλγμα,ατος,τό,=θέλγητρον, Sch. Pi. P. 1.21 ; glossed by θαῦμα, Hsch.""]",[],[],[],[],{},[],1,0,0,0,0,1,0,0,0
48066,9,371,n48066,θέλγω,,,788,,"[""θέλγεσκεν Od. 3.264 :fut. θέλξω 16.298 , A. Pr. 865 , Dor. -ξῶ Theoc. Ep. 5.3 :aor. ἔθελξα Il. (v. infr.):— Med. , Alc. Supp. 11.7 :— Pass. ,fut. θελχθήσομαι Luc. Salt. 85 :aor. ἐθέλχθην Od. 10.326 , Ep. 3 pl. -χθεν 18.212 :—poet. Verb (used by Pl. Smp. 197e , and in late Prose, as Phld. Mus. p.72K. , Jul. Or. 4.150c , etc.),enchant, be witch, [ Ἑρμῆς] ἀνδρῶν ὄμματα θέλγει Od. 5.47 , al.; τὸν . . Ποσειδάων ἐδάμασσε θέλξας ὄσσε φαεινά Il. 13.435 ; [ Κίρκη] οὐδ' ὣς θέλξαι σε δυνήσεται Od. 10.291 , cf. 326 ( Pass. ); [ Σειρῆνες] πάντας ἀνθρώπους θέλγουσιν, ὅτις σφέας εἰσαφίκηται 12.40 ; [θύελλα] θέλγε νόον spell-bound their senses, Il. 12.255 ."",""cheat, cozen, Od. 16.195 , 298 , S. Tr. 710 : c. dat. modi, μήτε τί μοι ψεύδεσσι χαρίζεο μήτε τι θέλγε Od. 14.387 ; μαλακοῖσι καὶ αἱμυλίοισι λόγοισι 1.57 ;ψεύδεσσι, δόλῳ, Il. 21.276 , 604 ; ἔπεσσιν Od. 3.264 ."",""metaph.,charm, beguile, 17.521 ;οἱ ἐλπὶς ἔθελγε νόον h.Cer. 37 , cf. Pi. P. 1.12 , D.Chr. 45.5 ; καί μ' οὔτι μελιγλώσσοις πειθοῦς ἐπαοιδαῖσιν θέλξει A. Pr. 174 : σὺ δὲ θέλγοις ἂν ἄθελκτον Id. Supp. 1055 ; θέλγει ἔρως E. Hipp. 1274 (lyr.); ᾠδῆς . . , ἣν ᾄδει θέλγων . . νόημα Pl. Smp. 197e :— Pass. , μήθ' ὕπνῳ θελχθῇς E. IA 142 (lyr.); τὰ δ' οὔτι θέλγεται A. Ch. 420 (lyr.); ἔρῳ δ' ἄρα θυμὸν ἔθελχθεν Od. 18.212 ;Μούσαισιν . . τὴν φρένα θελγομένη(which may be Med. ) IG 14.1960 ."",""c.inf.,ἵμερος θέλξει τὸ μὴ κτεῖναι will persuade her not to kill, A. Pr. 865 ; ἔρως δέ νιν . . θέλξειεν αἰχμάσαι τάδε S. Tr. 355 ;ἕπεσθαι θ. Ael. NA 10.14 ."",""produce by spells,ἀοιδαὶ θέλξαν νιν(sc.εὐφροσύναν) Pi. N. 4.3 ; [ Γαλήνη] θ. ἀνηνεμίην AP 9.544 (Adaeus). (Perh. cf. Lith.žuelgiù'look', 'glance'.)""]","[""enchant, be witch"",""spell-bound"",""cheat, cozen"",""charm, beguile"",""will persuade"",""produce by spells"",""žuelgiù""]",[],"[{""biblio"":"""",""quote"":""θέλγεσκεν""},{""biblio"":""Od. | 3.264"",""quote"":""θέλγεσκεν Od. 3.264""},{""biblio"":"""",""quote"":""θέλξω""},{""biblio"":""16.298"",""quote"":""θέλξω 16.298""},{""biblio"":"""",""quote"":""-ξῶ""},{""biblio"":""Theoc. | Ep. | 5.3"",""quote"":""-ξῶ Theoc. Ep. 5.3""},{""biblio"":"""",""quote"":""ἔθελξα""},{""biblio"":""Il."",""quote"":""ἔθελξα Il.""},{""biblio"":"""",""quote"":""θελχθήσομαι""},{""biblio"":""Luc. | Salt. | 85"",""quote"":""θελχθήσομαι Luc. Salt. 85""},{""biblio"":"""",""quote"":""ἐθέλχθην""},{""biblio"":""Od. | 10.326"",""quote"":""ἐθέλχθην Od. 10.326""},{""biblio"":"""",""quote"":""-χθεν""},{""biblio"":""18.212"",""quote"":""-χθεν 18.212""},{""biblio"":"""",""quote"":""Ἑρμῆς] ἀνδρῶν ὄμματα θέλγει""},{""biblio"":""Od. | 5.47"",""quote"":""Ἑρμῆς] ἀνδρῶν ὄμματα θέλγει Od. 5.47""},{""biblio"":"""",""quote"":""τὸν . . Ποσειδάων ἐδάμασσε θέλξας ὄσσε φαεινά""},{""biblio"":""Il. | 13.435"",""quote"":""τὸν . . Ποσειδάων ἐδάμασσε θέλξας ὄσσε φαεινά Il. 13.435""},{""biblio"":"""",""quote"":""Κίρκη] οὐδ' ὣς θέλξαι σε δυνήσεται""},{""biblio"":""Od. | 10.291"",""quote"":""Κίρκη] οὐδ' ὣς θέλξαι σε δυνήσεται Od. 10.291""},{""biblio"":"""",""quote"":""Σειρῆνες] πάντας ἀνθρώπους θέλγουσιν, ὅτις σφέας εἰσαφίκηται""},{""biblio"":""12.40"",""quote"":""Σειρῆνες] πάντας ἀνθρώπους θέλγουσιν, ὅτις σφέας εἰσαφίκηται 12.40""},{""biblio"":"""",""quote"":""μήτε τί μοι ψεύδεσσι χαρίζεο μήτε τι θέλγε""},{""biblio"":""Od. | 14.387"",""quote"":""μήτε τί μοι ψεύδεσσι χαρίζεο μήτε τι θέλγε Od. 14.387""},{""biblio"":"""",""quote"":""μαλακοῖσι καὶ αἱμυλίοισι λόγοισι""},{""biblio"":""1.57"",""quote"":""μαλακοῖσι καὶ αἱμυλίοισι λόγοισι 1.57""},{""biblio"":"""",""quote"":""ἔπεσσιν""},{""biblio"":""Od. | 3.264"",""quote"":""ἔπεσσιν Od. 3.264""},{""biblio"":"""",""quote"":""ἔθελγε νόον""},{""biblio"":""h.Cer. | 37"",""quote"":""ἔθελγε νόον h.Cer. 37""},{""biblio"":"""",""quote"":""καί μ' οὔτι μελιγλώσσοις πειθοῦς ἐπαοιδαῖσιν θέλξει""},{""biblio"":""A. | Pr. | 174"",""quote"":""καί μ' οὔτι μελιγλώσσοις πειθοῦς ἐπαοιδαῖσιν θέλξει A. Pr. 174""},{""biblio"":"""",""quote"":""σὺ δὲ θέλγοις ἂν ἄθελκτον""},{""biblio"":""Id. | Supp. | 1055"",""quote"":""σὺ δὲ θέλγοις ἂν ἄθελκτον Id. Supp. 1055""},{""biblio"":"""",""quote"":""θέλγει ἔρως""},{""biblio"":""E. | Hipp. | 1274"",""quote"":""θέλγει ἔρως E. Hipp. 1274""},{""biblio"":"""",""quote"":""ᾠδῆς . . , ἣν ᾄδει θέλγων . . νόημα""},{""biblio"":""Pl. | Smp. | 197e"",""quote"":""ᾠδῆς . . , ἣν ᾄδει θέλγων . . νόημα Pl. Smp. 197e""},{""biblio"":"""",""quote"":""μήθ' ὕπνῳ θελχθῇς""},{""biblio"":""E. | IA | 142"",""quote"":""μήθ' ὕπνῳ θελχθῇς E. IA 142""},{""biblio"":"""",""quote"":""τὰ δ' οὔτι θέλγεται""},{""biblio"":""A. | Ch. | 420"",""quote"":""τὰ δ' οὔτι θέλγεται A. Ch. 420""},{""biblio"":"""",""quote"":""ἔρῳ δ' ἄρα θυμὸν ἔθελχθεν""},{""biblio"":""Od. | 18.212"",""quote"":""ἔρῳ δ' ἄρα θυμὸν ἔθελχθεν Od. 18.212""},{""biblio"":"""",""quote"":""ἔρως δέ νιν . . θέλξειεν αἰχμάσαι τάδε""},{""biblio"":""S. | Tr. | 355"",""quote"":""ἔρως δέ νιν . . θέλξειεν αἰχμάσαι τάδε S. Tr. 355""},{""biblio"":"""",""quote"":""Γαλήνη] θ. ἀνηνεμίην""},{""biblio"":""AP | 9.544"",""quote"":""Γαλήνη] θ. ἀνηνεμίην AP 9.544""}]","[""1.57"",""12.40"",""16.298"",""18.212"",""A. | Ch. | 420"",""A. | Pr. | 174"",""AP | 9.544"",""E. | Hipp. | 1274"",""E. | IA | 142"",""Id. | Supp. | 1055"",""Il."",""Il. | 13.435"",""Luc. | Salt. | 85"",""Od. | 10.291"",""Od. | 10.326"",""Od. | 14.387"",""Od. | 18.212"",""Od. | 3.264"",""Od. | 5.47"",""Pl. | Smp. | 197e"",""S. | Tr. | 355"",""Theoc. | Ep. | 5.3"",""h.Cer. | 37""]",{},[],1,1,0,1,0,5,7,0,48
48067,9,372,n48067,θελεμός,Adv.,,788,,"[""-μῶς Hsch.""]",[],[],"[{""biblio"":"""",""quote"":""-μῶς""},{""biblio"":""Hsch."",""quote"":""-μῶς Hsch.""}]","[""Hsch.""]",{},[],1,0,0,1,0,1,0,0,2
48068,9,373,n48068,θέλ-εος,,,788,,"[""willing,θ. ἀθέλεος, Lat.nolens volens, A. Supp. 862 (lyr.).""]","[""willing"",""nolens volens""]",[],[],[],{},[],1,1,0,0,0,1,2,0,0
48069,9,374,n48069,θέλ-ημα,,τό,788,,"[""will, Antipho Soph. 58 (pl.), Aen.Tact. 18.19 , LXX Es. 1.8 , al., Ev.Matt. 7.21 , POxy. 924.8 (iv A.D.)."",""ἔστιν μοι θ. ἔν τινι pleasure in . . , LXX Ec. 12.1 , cf. 5.3 :—also θελ-ήμη,ἡ, Theognost. Can. 112 .""]","[""will"",""pleasure""]","[""θέλω""]",[],[],{},[],1,1,1,0,0,2,2,1,0
48070,9,375,n48070,θελ-ηματικός,Adv.,,788,,"[""optional, voluntary, superfluous. Adv. -κῶς Eust. 920.19 .""]","[""optional, voluntary, superfluous.""]",[],"[{""biblio"":"""",""quote"":""-κῶς""},{""biblio"":""Eust. | 920.19"",""quote"":""-κῶς Eust. 920.19""}]","[""Eust. | 920.19""]",{},[],1,1,0,1,0,1,1,0,2
48071,9,376,n48071,θελ-ημάτιον,,τό,788,,"[""will and testament, PLond. 1.77.12 (vi A.D.).""]","[""will and testament,""]",[],[],[],{},[],1,1,0,0,0,1,1,0,0
48072,9,377,n48072,θελ-ημός,,,788,,"[""willing, Emp. 35.6 ."",""kindly, ἄλσος B. 16.85 ; glossed by ἥσυχος, Phot.""]","[""willing"",""kindly""]",[],"[{""biblio"":"""",""quote"":""ἄλσος""},{""biblio"":""B. | 16.85"",""quote"":""ἄλσος B. 16.85""}]","[""B. | 16.85""]",{},[],1,1,0,1,0,2,2,0,2
48073,9,378,n48073,θελ-ημοσύνη,,ἡ,788,,"[""θελ-ημοσύνη,ἡ,=θέλησις, PMag.Par. 1.2921 (pl.).""]",[],[],[],[],{},[],1,0,0,0,0,1,0,0,0
48074,9,379,n48074,θελ-ήμων,,,788,,"[""voluntary, εἰρεσίη A.R. 2.557 .""]","[""voluntary""]",[],"[{""biblio"":"""",""quote"":""εἰρεσίη""},{""biblio"":""A.R. | 2.557"",""quote"":""εἰρεσίη A.R. 2.557""}]","[""A.R. | 2.557""]",{},[],1,1,0,1,0,1,1,0,2
48075,9,380,n48075,θέλ-ησις,,ἡ,788,,"[""a willing, will, Stoic. 3.41 , LXX To. 12.18 ,al., Phld. Rh. 2.297 S.,Ep.Hebr,2.4 ; condemned by Poll. 5.165 : in Dor. pl.θελήσιες,wishes, Meliss. Ep."",""goodwill, favour, LXX Pr. 8.35 .""]","[""a willing, will,"",""wishes"",""goodwill, favour""]",[],[],[],{},[],1,1,0,0,0,2,3,0,0
48076,9,381,n48076,θελ-ητής,,ὁ,788,,"[""one who wills,ἐλέους ib. Mi. 7.18 , cf. Hsch."",""wizard(by confusion of Hebr. 'ōbh'necromancer' with 'ōbheh'wishing'), LXX 4 Ki. 21.6 ; = ἐγγαστ ρίμυθος , Cyr.""]","[""one who wills"",""wizard"",""ōbh"",""ōbheh""]",[],[],[],{},"[{""type"":""ref"",""target"":"""",""text"":""ἐγγαστ ρίμυθος""},{""type"":"""",""target"":"""",""text"":""= ἐγγαστ ρίμυθος""}]",1,1,0,0,1,2,4,0,0
48077,9,382,n48077,θελ-ητός,,,788,,"[""wished for, desired, LXX 1 Ki. 15.22 , Ma. 3.12 .""]","[""wished for, desired""]",[],[],[],{},[],1,1,0,0,0,1,1,0,0
48078,9,383,n48078,θέλκ-ταρ,,τό,788,,"[""θέλκ-ταρ,τό,=θέλγητρον, Hsch. (θέρκαλ cod.).""]",[],[],[],[],{},[],1,0,0,0,0,1,0,0,0
48079,9,384,n48079,θελκ-τήρ,,ὁ,788,,"[""soother, charmer,θελκτὴρ ὀδυνάων, of Asclepius, h.Hom. 16.4 ; cf.θέλκτωρ.""]","[""soother, charmer""]",[],[],[],{},[],1,1,0,0,0,1,1,0,0
48080,9,385,n48080,θελκ-τήριον,,τό,788,,"[""charm, spell, of the girdle of Aphrodite, ἔνθα τέ οἱ θ. πάντα τέτυκτο Il. 14.215 ; of heroic lays, βροτῶν θελκτήρια Od. 1.337 ;θεῶν θ. 8.509 ;πόνων θελκτήρια means of lightening toil, A. Ch. 670 (s. v.l.);γλώσσης ἐμῆς μείλιγμα καὶ θ. Id. Eu. 886 ;νεκροῖς θελκτήρια, of offerings to the Manes, E. IT 166 (lyr.);ψυχῆς θ. Men. 559 .""]","[""charm, spell"",""means of lightening""]",[],"[{""biblio"":"""",""quote"":""ἔνθα τέ οἱ θ. πάντα τέτυκτο""},{""biblio"":""Il. | 14.215"",""quote"":""ἔνθα τέ οἱ θ. πάντα τέτυκτο Il. 14.215""},{""biblio"":"""",""quote"":""βροτῶν θελκτήρια""},{""biblio"":""Od. | 1.337"",""quote"":""βροτῶν θελκτήρια Od. 1.337""}]","[""Il. | 14.215"",""Od. | 1.337""]",{},[],1,1,0,1,0,1,2,0,4
48081,9,386,n48081,θελκ-τήριος,,,788,,"[""enchanting, soothing,μῦθοι, λόγοι, A. Eu. 81 , E. Hipp. 478 ;ὄμματος θ. τόξευμα the eye's magic shaft, A. Supp. 1004 : c. gen., φίλτρα θ. ἔρωτος E. Hipp. 509 ;μύθου μῦθος θ. speech that heals speech, A. Supp. 447 : in late Prose,θ. ἀγωνίσματα, of poems, Agath. Praef.""]","[""enchanting, soothing"",""magic"",""that heals""]",[],"[{""biblio"":"""",""quote"":""φίλτρα θ. ἔρωτος""},{""biblio"":""E. | Hipp. | 509"",""quote"":""φίλτρα θ. ἔρωτος E. Hipp. 509""}]","[""E. | Hipp. | 509""]",{},[],1,1,0,1,0,1,3,0,2
48082,9,387,n48082,θελκ-τικός,,,788,,"[""θελκ-τικός,ή,όν,= foreg.,δύναμις Sch. E. Or. 211 .""]",[],[],[],[],{},[],1,0,0,0,0,1,0,0,0
48083,9,388,n48083,θέλκ-τρον,,τό,788,,"[""θέλκ-τρον,τό,=θελκτήριον, S. Tr. 585 , prob. in A.R. 1.515 (nisi leg.θελκτύν).""]",[],[],[],[],{},[],1,0,0,0,0,1,0,0,0
48084,9,389,n48084,θέλκ-τωρ,,,788,,"[""= θελκτήρ , A. Supp. 1040 (lyr.,θεάκτ-cod. M), cf. Suid. (θελκτώ codd.).""]",[],[],[],[],{},"[{""type"":""ref"",""target"":"""",""text"":""θελκτήρ""},{""type"":"""",""target"":"""",""text"":""= θελκτήρ""}]",1,0,0,0,1,1,0,0,0
48085,9,390,n48085,θελξῐ-επής,,,788,,"[""speaking winning words, γᾶρυς B. 14.48 .""]","[""speaking winning words""]",[],"[{""biblio"":"""",""quote"":""γᾶρυς""},{""biblio"":""B. | 14.48"",""quote"":""γᾶρυς B. 14.48""}]","[""B. | 14.48""]",{},[],1,1,0,1,0,1,1,0,2
48086,9,391,n48086,θελξῐ́-μβροτος,,,788,,"[""charming men, Κύπρις Id. 5.175 ; ᾠδή Orph. L. 320 .""]","[""charming men""]",[],"[{""biblio"":"""",""quote"":""Κύπρις""},{""biblio"":""Id. | 5.175"",""quote"":""Κύπρις Id. 5.175""},{""biblio"":"""",""quote"":""ᾠδή""},{""biblio"":""Orph. | L. | 320"",""quote"":""ᾠδή Orph. L. 320""}]","[""Id. | 5.175"",""Orph. | L. | 320""]",{},[],1,1,0,1,0,1,1,0,4
48087,9,392,n48087,θελξῐ-μελής,,,788,,"[""charming with music, [φόρμιγξ] IG 3.400 .""]","[""charming with music""]",[],[],[],{},[],1,1,0,0,0,1,1,0,0
48088,9,393,n48088,θελξῐ́-νοος,,,788,,"[""charming the heart, φίλτρα AP 6.88 ( Antiphan. );ἔαρ ib. 10.15 (Paul. Sil.); Ἔρωτες Musae. 147 .""]","[""charming the heart""]",[],"[{""biblio"":"""",""quote"":""φίλτρα""},{""biblio"":""AP | 6.88"",""quote"":""φίλτρα AP 6.88""},{""biblio"":"""",""quote"":""Ἔρωτες""},{""biblio"":""Musae. | 147"",""quote"":""Ἔρωτες Musae. 147""}]","[""AP | 6.88"",""Musae. | 147""]",{},[],1,1,0,1,0,1,1,0,4
48089,9,394,n48089,θελξῐ́-πικρος,,,788,,"[""sweetly painful, κνησμοναί App.Anth. 3.158 .""]","[""sweetly painful""]",[],"[{""biblio"":"""",""quote"":""κνησμοναί""},{""biblio"":""App.Anth. | 3.158"",""quote"":""κνησμοναί App.Anth. 3.158""}]","[""App.Anth. | 3.158""]",{},[],1,1,0,1,0,1,1,0,2
48090,9,395,n48090,θέλξις,,ἡ,788,,"[""an enchanting, Ael. NA 8.24 , Plu. 2.662a .""]","[""an enchanting""]",[],[],[],{},[],1,1,0,0,0,1,1,0,0
48091,9,396,n48091,θελξίφρων,,,788,,"[""θελξίνοος, Ἔρωτες E. Ba. 404 (lyr.); παλμός AP 9.505.17 ; of Apollo, ib. 525.9 .""]",[],[],"[{""biblio"":"""",""quote"":""θελξίνοος, Ἔρωτες""},{""biblio"":""E. | Ba. | 404"",""quote"":""θελξίνοος, Ἔρωτες E. Ba. 404""},{""biblio"":"""",""quote"":""παλμός""},{""biblio"":""AP | 9.505.17"",""quote"":""παλμός AP 9.505.17""}]","[""AP | 9.505.17"",""E. | Ba. | 404""]",{},[],1,0,0,1,0,1,0,0,4
48092,9,397,n48092,θελοντής,,ὁ,788,,"[""θελοντής,οῦ,ὁ,=ἐθελοντής(q.v.), Hierocl. p.56A. ,v.l. in Hdt. 6.92 .""]",[],[],[],[],{},[],1,0,0,0,0,1,0,0,0
48093,9,398,n48093,θέλυμνα,,τά,788,,"[""foundations or elements of things,θ. τε καὶ στερεωπά cj. for θελημνά, θελημά, Emp. 21.6 . (Cf.προθέλυμνος, τετραθέλυμνος.)""]","[""foundations"",""elements of things""]",[],[],[],{},[],1,1,0,0,0,1,2,0,0
48094,9,399,n48094,θέλω,,,788,,"[""v. ἐθέλω and add ὅστις ἂν θέλῃ IG 12.49.12 ;ἐὰν δέ τις θέλῃ ib. 6.106 ;ἐάν τις μὴ θέλῃ ib. 40.27 .""]",[],[],"[{""biblio"":"""",""quote"":""ὅστις ἂν θέλῃ""},{""biblio"":""IG | 12.49.12"",""quote"":""ὅστις ἂν θέλῃ IG 12.49.12""}]","[""IG | 12.49.12""]",{},"[{""type"":""ref"",""target"":"""",""text"":""ἐθέλω""},{""type"":"""",""target"":"""",""text"":""v. ἐθέλω""}]",1,0,0,1,1,1,0,0,2
48095,9,400,n48095,θέμα,,τό,788,,"[""that which is placed or laid down:"",""money deposited, deposit, Ceb. 31 , PCair.Zen. 22.11 (iii B.C.), SIG 742.58 (Ephesus,i B.C.), Plu. 2.116a ,b; also, of grain, PRyl. 199.12 (i A.D.); ἐν θέματι ἔχειν παρά τινος PTeb. 120.125 (i B.C.);treasure, LXX To. 4.9 ."",""pile, of loaves, ib. Le. 24.6 , 7 ;θ. βρωμάτων παρακείμενα ἐπὶ τάφῳ ib. Si. 30.18 ."",""= θήκη ,coffer, ib. 1 Ki. 6.8 ."",""position, situation, of land, IG 14.217 (Acrae)."",""Astrol.,nativity, 'horoscope' (in mod. sense), Suet. Aug. 94 , Vett.Val. 194.20 ,al., Man. 1.278 ."",""either common burial-place or common land, Michel 995 B 50 (pl.);private burial-ground,ἡ σορὸς καὶ τὸ βαθρικὸν καὶ τὸ ὑποκείμενον θ. Judeich Altertümervon Hierapolis 208 , cf. 124 ,al.;θέμα: ἕξις, τόπος, στάσις, μνῆμα, Hsch."",""something proposed as a prize, IG 9(1).12 (Ambryssus), SIG 867.67 (Ephesus,ii A.D.), Sammelb. 6222.27 (iii A.D.)."",""case proposed for discussion, theme of an argument, Quint. 4.2.28 , D.L. 7.78 ."",""proposition, premiss, θ. ὁμολογούμενα Longin. 32.8 ."",""case, in Law, Just. Nov. 2.3 Intr.,4.2 (pl.), dub. in IG 4.364 (cf. Supp.Epigr. 1.64 )."",""arbitrary determination, opp. φύσις, ὁ κατὰ θέμα καλὸς λόγος Phld. Rh. 1.151 S. ;νόμοις καὶ θέμασιν διαφέρειν ib. 259 S. , cf. Po. 5.22 ."",""in Gramm.,primary(non-derivative)element or form, A.D. Pron. 11.21 , al., cf. Synt. 47.22 ; of the present tense, τὸ θ., ἀμύσσω: ὁ μέλλων, ἀμύξω EM 88.13 ."",""in Stoic Logic,mode of reduction of an irregular syllogism, Stoic. 2.77 , 83 ,al.""]","[""that which is placed"",""laid down"",""money deposited, deposit"",""treasure"",""pile"",""coffer"",""position, situation"",""nativity, 'horoscope"",""common burial-place"",""common land,"",""private burial-ground"",""Altertümervon Hierapolis"",""something proposed as a prize,"",""case proposed for discussion, theme"",""proposition, premiss"",""case"",""arbitrary determination"",""primary"",""element"",""form"",""mode of reduction""]","[""τίθημι""]","[{""biblio"":"""",""quote"":""ἐν θέματι ἔχειν παρά τινος""},{""biblio"":""PTeb. | 120.125"",""quote"":""ἐν θέματι ἔχειν παρά τινος PTeb. 120.125""},{""biblio"":"""",""quote"":""θ. ὁμολογούμενα""},{""biblio"":""Longin. | 32.8"",""quote"":""θ. ὁμολογούμενα Longin. 32.8""},{""biblio"":"""",""quote"":""φύσις, ὁ κατὰ θέμα καλὸς λόγος""},{""biblio"":""Phld. | Rh. | 1.151"",""quote"":""φύσις, ὁ κατὰ θέμα καλὸς λόγος Phld. Rh. 1.151""},{""biblio"":"""",""quote"":""τὸ θ., ἀμύσσω: ὁ μέλλων, ἀμύξω""},{""biblio"":""EM | 88.13"",""quote"":""τὸ θ., ἀμύσσω: ὁ μέλλων, ἀμύξω EM 88.13""}]","[""EM | 88.13"",""Longin. | 32.8"",""PTeb. | 120.125"",""Phld. | Rh. | 1.151""]",{},"[{""type"":""ref"",""target"":"""",""text"":""θήκη""},{""type"":"""",""target"":"""",""text"":""= θήκη""}]",1,1,1,1,1,14,21,1,8
48096,9,401,n48096,θεμᾰτ-ίζω,,,788,789,"[""deposit, ἐπὶ τράπεζαν BGU 1127.30 (i B.C.); πρὸς τοὺς τραπεζίτας SIG 742.56 (Ephesus,i B.C.)."",""place in order, A.D. Synt. 11.8 :— Pass. ,κατὰ τύχην τεθεματίσθαι ib. 1 ."",""lay down, posit, assume, Phld. Rh. 1.152 S. :— Pass. ,to be arbitrarily assumed,ib. 259S. , cf. 124S."",""Gramm.,assign arbitrarily a meaning to a word, S.E. M. 8.202 ;determine arbitrarily a gender, etc., ib. 1.149 , 152 .""]","[""deposit"",""place in order"",""lay down, posit, assume"",""to be arbitrarily assumed"",""assign arbitrarily"",""determine arbitrarily""]",[],"[{""biblio"":"""",""quote"":""ἐπὶ τράπεζαν""},{""biblio"":""BGU | 1127.30"",""quote"":""ἐπὶ τράπεζαν BGU 1127.30""},{""biblio"":"""",""quote"":""πρὸς τοὺς τραπεζίτας""},{""biblio"":""SIG | 742.56"",""quote"":""πρὸς τοὺς τραπεζίτας SIG 742.56""}]","[""BGU | 1127.30"",""SIG | 742.56""]",{},[],1,1,0,1,0,4,6,0,4
48097,9,402,n48097,θεμᾰτ-ικός,Adv.,τό,788,,"[""of or for a θέμα:"",""that in which a valuable prize is proposed,ἀγὼν θ., opp.στεφανίτης and φυλλίτης, Poll. 3.153 , cf. IG 3.128.20 , IGRom. 4.1432.20 , 1442.8 (Smyrna), LW 894.17 (Delph.);τρόπος θ. a style calculated for effect, Plu. 2.1135c ; cf.θεματίτης."",""arbitrarily fixed, traditional, παρατηρήσεις Phld. Rh. 1.195S. :-κόν,τό , ib. 151S."",""Gramm.,primary, not derivative, e.g.ἄμφω, which has no sg., EM 91.33 :θεματικά,τά ,elements, ib. 232.21 : Comp. ,θεματικώτερα <μέρη> τοῦ λόγου ὀνόματά ἐστι καὶ ῥήματα principal parts, A.D. Adv. 121.5 ;-ώτεραι αἱ πρωτότυποι ἐν τοῖς γένεσιν the personal pronouns form their genders from different θέματα, Id. Pron. 110.24 .Adv. Comp. -ώτερον, κλιθῆναι by means of different θέματα, e.g.ἐγώ, ἐμοῦ, Id. Synt. 102.4 .""]","[""of"",""for a"",""that in which a valuable prize is proposed"",""calculated for effect"",""arbitrarily fixed, traditional"",""primary"",""elements"",""principal"",""form"",""from different"",""by means of different""]",[],"[{""biblio"":"""",""quote"":""παρατηρήσεις""},{""biblio"":""Phld. | Rh. | 1.195S."",""quote"":""παρατηρήσεις Phld. Rh. 1.195S.""}]","[""Phld. | Rh. | 1.195S.""]",{},[],1,1,0,1,0,4,11,0,2
48098,9,403,n48098,θεμᾰ́τ-ιον,,τό,788,,"[""θέμα 1.5 , Antig.Nic. ap. Heph.Astr. 2.18 .""]",[],[],"[{""biblio"":"""",""quote"":""θέμα""},{""biblio"":""1.5"",""quote"":""θέμα 1.5""}]","[""1.5""]",{},[],1,0,0,1,0,1,0,0,2
48099,9,404,n48099,θεμᾰτ-ισμός,,ὁ,788,,"[""laying down: hence,"",""conventional arrangement, Vitr. 1.2.5 ."",""Gramm.,arbitrary determination, S.E. M. 1.149 .""]","[""laying down"",""conventional arrangement"",""arbitrary determination""]",[],[],[],{},[],1,1,0,0,0,3,3,0,0
48100,9,405,n48100,θεμᾰτ-ίτης,,ὁ,788,,"[""depositor, SIG 742.59 (Ephesus,i B.C.)."",""θ. ἀγών,ὁ ,=θεματικὸς ἀγών, IG 14.1102.33 .""]","[""depositor""]",[],[],[],{},[],1,1,0,0,0,2,1,0,0
48101,9,406,n48101,θεμᾰτοποιέω,,,788,,"[""make into a θέμα 111.3 , Sch. Od. 4.807 ( Pass. ).""]","[""make into a""]",[],"[{""biblio"":"""",""quote"":""θέμα""},{""biblio"":""111.3"",""quote"":""θέμα 111.3""}]","[""111.3""]",{},[],1,1,0,1,0,1,1,0,2
48102,9,407,n48102,θέμεθλα,,τά,788,,"[""foundations, lowest part,ὀφθαλμοῖο θ.roots of the eye, Il. 14.493 ;στομάχοιο θ. 17.47 ;Ὠκεανοῖο θ. Hes. Th. 816 ;Ἄμμωνος θ.the place where Ammon stands, i.e. his temple, Pi. P. 4.16 ;Παγγαίου θ.the roots of Mt. Pangaeus, ib. 180 ; θ. δίκης Sol. 4.14 ;ἐκ θεμέθλων, Lat.funditus, Simm. 25.4 : dub. in sg., Call. Dian. 248 (leg.θέμειλον).""]","[""foundations, lowest part"",""roots"",""the place where"",""stands"",""the roots"",""funditus""]","[""τίθημι""]","[{""biblio"":"""",""quote"":""θ. δίκης""},{""biblio"":""Sol. | 4.14"",""quote"":""θ. δίκης Sol. 4.14""}]","[""Sol. | 4.14""]",{},[],1,1,1,1,0,1,6,1,2
48103,9,408,n48103,θεμείλια,,τά,788,,"[""θέμεθλα, θεμείλια . . τὰ θέσαν μογέοντες Ἀχαιοί Il. 12.28 ; θ. τε προβάλοντο 23.255 ;διέθηκε θ. h.Ap. 254 ; θ. καρτερὰ πήξας AP 9.808 (Cyrus), cf. Call. Del. 260 , Opp. H. 5.680 :θέμειλα, Epigr.Gr. 1078.3 (Adana): sg.θέμειλον, AP 9.649 ( Maced. ), 14.115 .""]",[],[],"[{""biblio"":"""",""quote"":""θέμεθλα, θεμείλια . . τὰ θέσαν μογέοντες Ἀχαιοί""},{""biblio"":""Il. | 12.28"",""quote"":""θέμεθλα, θεμείλια . . τὰ θέσαν μογέοντες Ἀχαιοί Il. 12.28""},{""biblio"":"""",""quote"":""θ. τε προβάλοντο""},{""biblio"":""23.255"",""quote"":""θ. τε προβάλοντο 23.255""},{""biblio"":"""",""quote"":""θ. καρτερὰ πήξας""},{""biblio"":""AP | 9.808"",""quote"":""θ. καρτερὰ πήξας AP 9.808""}]","[""23.255"",""AP | 9.808"",""Il. | 12.28""]",{},[],1,0,0,1,0,1,0,0,6
48104,9,409,n48104,θεμελῐ-ᾰκός,,,788,,"[""of or for the foundation, Sch. Lyc. 615 .""]","[""of"",""for the foundation""]",[],[],[],{},[],1,1,0,0,0,1,2,0,0
48105,9,410,n48105,θεμελῐ-όθεν,,,788,,"[""funditus, Dosith. p.412 K.,Gloss.""]","[""funditus""]",[],[],[],{},[],1,1,0,0,0,1,1,0,0
48106,9,411,n48106,θεμέλῐ-ος,Subst.,ὁ,788,,"[""of or for the foundation, λίθοι Ar. Av. 1137 ; οἰκόπεδα D.S. 5.66 : abs.,θεμέλιος(sc.λίθος),ὁ,foundation-stone, Arist. Ph. 237b13 , Metaph. 1013a5 : metaph.,τῆς τέχνης θ. Macho ap. Ath. 8.346a ; θ. ἀγνοίας Ph. 1.266 ;οἱ θ. ἐκ παντοίων λίθων ὑπόκεινται the foundations, Th. 1.93 ; τοὺς θ. ἐκ τῶν λίθων οἰκοδομεῖσθαι Arist. PA 668a19 : metaph.,προλιπεῖντοὺς προγονικοὺς θ. SIG 888.70 (Scaptopara,iii A.D.): also neut. θεμέλιον Arist. APo. 95b37 (s.v.l.), PPetr. 3p.121 (iii B.C.), al.: pl.,τὰ θ. Arist. Ph. 200a4 , PCair.Zen. 176.71 (iii B.C.),al., Paus. 8.32.1 : metaph.,τὰ ὑποβληθέντα θ., of the foundations of the world, Epicur. Ep. 2p.38U. : gender indeterminate,μὴ ὑποκειμένων . . θ. X. Eq. 1.2 ;ἐκ τῶν θ. from the foundations, Th. 3.68 (also sg., ἐνέπρησαν [οἰκίαν] ἐκ θεμελίου BGU 909.17 (iv A.D.)): metaph., ἐκθ. ἐσφαλμένοι Plb. 5.93.2 , etc.; ἄρδην καὶ ἐκ θ. ἀπόλλυσθαι Hdn. 8.3.2 ; also ἀνεκτίσθη τὸ τεῖχος ἐκ θεμελείων(sic) Supp.Epigr. 2.480 (Kuban,iv A.D.)."",""θεμέλια,τά ,buildingsites, Ptol. Tetr. 174 , cf. Vett.Val. 82.24 ,al."",""Subst.,the fourth τόπος,=ἀντιμεσουράνημα, Herm.Trism. in Cat.Cod.Astr. 8(3).101 , cf. 8(4).241 .""]","[""of"",""for the foundation"",""foundation-stone"",""foundations"",""foundations"",""foundations"",""buildingsites"",""the fourth""]",[],"[{""biblio"":"""",""quote"":""λίθοι""},{""biblio"":""Ar. | Av. | 1137"",""quote"":""λίθοι Ar. Av. 1137""},{""biblio"":"""",""quote"":""οἰκόπεδα""},{""biblio"":""D.S. | 5.66"",""quote"":""οἰκόπεδα D.S. 5.66""},{""biblio"":"""",""quote"":""θ. ἀγνοίας""},{""biblio"":""Ph. | 1.266"",""quote"":""θ. ἀγνοίας Ph. 1.266""},{""biblio"":"""",""quote"":""τοὺς θ. ἐκ τῶν λίθων οἰκοδομεῖσθαι""},{""biblio"":""Arist. | PA | 668a19"",""quote"":""τοὺς θ. ἐκ τῶν λίθων οἰκοδομεῖσθαι Arist. PA 668a19""},{""biblio"":"""",""quote"":""θεμέλιον""},{""biblio"":""Arist. | APo. | 95b37"",""quote"":""θεμέλιον Arist. APo. 95b37""},{""biblio"":"""",""quote"":""ἐνέπρησαν [οἰκίαν] ἐκ θεμελίου""},{""biblio"":""BGU | 909.17"",""quote"":""ἐνέπρησαν [οἰκίαν] ἐκ θεμελίου BGU 909.17""},{""biblio"":"""",""quote"":""ἐκθ. ἐσφαλμένοι""},{""biblio"":""Plb. | 5.93.2"",""quote"":""ἐκθ. ἐσφαλμένοι Plb. 5.93.2""},{""biblio"":"""",""quote"":""ἄρδην καὶ ἐκ θ. ἀπόλλυσθαι""},{""biblio"":""Hdn. | 8.3.2"",""quote"":""ἄρδην καὶ ἐκ θ. ἀπόλλυσθαι Hdn. 8.3.2""}]","[""Ar. | Av. | 1137"",""Arist. | APo. | 95b37"",""Arist. | PA | 668a19"",""BGU | 909.17"",""D.S. | 5.66"",""Hdn. | 8.3.2"",""Ph. | 1.266"",""Plb. | 5.93.2""]",{},[],1,1,0,1,0,3,8,0,16
48107,9,412,n48107,θεμελῐ-οῦχος,,,788,,"[""upholding the foundations, Ποσειδῶν Inscr.Délos 290.116 (iii B.C.), Corn. ND 22 ;ὁ θ. (sc.λίθος) Heraclit. All. 48 .""]","[""upholding the foundations""]","[""ἔχω""]","[{""biblio"":"""",""quote"":""Ποσειδῶν""},{""biblio"":""Inscr.Délos | 290.116"",""quote"":""Ποσειδῶν Inscr.Délos 290.116""}]","[""Inscr.Délos | 290.116""]",{},[],1,1,1,1,0,1,1,1,2
48108,9,413,n48108,θεμελῐ-όω,,,788,,"[""to lay the foundation of, found firmly, πύργους . . φοίνιξι θεμελιώσας X. Cyr. 7.5.11 , cf. IG 12(2).11.26 (Mytil.), LXX Jo. 6.25 ( 26 ), Ep.Hebr. 1.10 , etc.:— Pass. ,have the foundations laid, IG 22.1343.15 (i B.C.); ἐπὶ τὴν πέτραν Ev.Matt. 7.25 : metaph., βασιλεία καλῶς θεμελιωθεῖσα D.S. 11.68 ; ἡγεμονία κάλλιστα τεθεμελιωμένη Id. 15.1 ;ἐν ἀγάπῃ τεθ. Ep.Eph. 3.18 ; τῇ πίστει Ep.Col. 1.23 ."",""destroy utterly, in Pass. ,-ωθέντα(θεμειλωθ-cod.): ἐκ ῥιζῶν ἀρθέντα, Hsch.""]","[""to lay the foundation of, found firmly"",""have the foundations laid,"",""destroy utterly""]",[],"[{""biblio"":"""",""quote"":""πύργους . . φοίνιξι θεμελιώσας""},{""biblio"":""X. | Cyr. | 7.5.11"",""quote"":""πύργους . . φοίνιξι θεμελιώσας X. Cyr. 7.5.11""},{""biblio"":"""",""quote"":""ἐπὶ τὴν πέτραν""},{""biblio"":""Ev.Matt. | 7.25"",""quote"":""ἐπὶ τὴν πέτραν Ev.Matt. 7.25""},{""biblio"":"""",""quote"":""βασιλεία καλῶς θεμελιωθεῖσα""},{""biblio"":""D.S. | 11.68"",""quote"":""βασιλεία καλῶς θεμελιωθεῖσα D.S. 11.68""},{""biblio"":"""",""quote"":""ἡγεμονία κάλλιστα τεθεμελιωμένη""},{""biblio"":""Id. | 15.1"",""quote"":""ἡγεμονία κάλλιστα τεθεμελιωμένη Id. 15.1""},{""biblio"":"""",""quote"":""τῇ πίστει""},{""biblio"":""Ep.Col. | 1.23"",""quote"":""τῇ πίστει Ep.Col. 1.23""}]","[""D.S. | 11.68"",""Ep.Col. | 1.23"",""Ev.Matt. | 7.25"",""Id. | 15.1"",""X. | Cyr. | 7.5.11""]",{},[],1,1,0,1,0,2,3,0,10
48109,9,414,n48109,θεμελῐ́-ωσις,,ἡ,788,,"[""foundation, LXX 2 Es. 3.11 , Ph.Byz. Mir. 5.1 ;paving, SIG 996.30 (Smyrna).""]","[""foundation"",""paving""]",[],[],[],{},[],1,1,0,0,0,1,2,0,0
48110,9,415,n48110,θεμελῐ-ωτής,,ὁ,788,,"[""founder, Gloss.""]","[""founder,""]",[],[],[],{},[],1,1,0,0,0,1,1,0,0
48111,9,416,n48111,θέμεν,,,788,,"[""v. τίθημι .""]",[],[],[],[],{},"[{""type"":""ref"",""target"":"""",""text"":""τίθημι""},{""type"":"""",""target"":"""",""text"":""v. τίθημι""}]",1,0,0,0,1,1,0,0,0
48112,9,417,n48112,θέμερος,,,788,,"[""θεμερώτερα IG 14.1018.3 (iv A.D.).""]",[],[],"[{""biblio"":"""",""quote"":""θεμερώτερα""},{""biblio"":""IG | 14.1018.3"",""quote"":""θεμερώτερα IG 14.1018.3""}]","[""IG | 14.1018.3""]",{},[],1,0,0,1,0,1,0,0,2
48113,9,418,n48113,θεμερόφρων,,,788,,"[""of grave and serious mind, Hsch.""]","[""of grave and serious mind""]",[],[],[],{},[],1,1,0,0,0,1,1,0,0
48114,9,419,n48114,θεμερύνομαι,,,788,,"[""s.v. θέμερον ; also, = τρυφῶ , Com.Adesp. 1017 (v.l.).""]",[],[],[],[],{},"[{""type"":""ref"",""target"":"""",""text"":""θέμερον""},{""type"":"""",""target"":"""",""text"":""s.v. θέμερον""},{""type"":""ref"",""target"":"""",""text"":""τρυφῶ""},{""type"":"""",""target"":"""",""text"":""= τρυφῶ""}]",1,0,0,0,1,1,0,0,0
48115,9,420,n48115,θεμερῶπις,,ἡ,788,,"[""grave and sedate of look, Ἁρμονίη Emp. 122.2 ; θ. αἰδώς A. Pr. 134 (lyr.).""]","[""grave and sedate of look""]",[],"[{""biblio"":"""",""quote"":""Ἁρμονίη""},{""biblio"":""Emp. | 122.2"",""quote"":""Ἁρμονίη Emp. 122.2""},{""biblio"":"""",""quote"":""θ. αἰδώς""},{""biblio"":""A. | Pr. | 134"",""quote"":""θ. αἰδώς A. Pr. 134""}]","[""A. | Pr. | 134"",""Emp. | 122.2""]",{},[],1,1,0,1,0,1,1,0,4
48116,9,421,n48116,θέμησις:,,,788,,"[""θέμησις: δικαιοσύνη, παρὰ Πυτίᾳ, Hsch. (Fort.θέμισις, cf. sq.).""]",[],[],[],[],{},[],1,0,0,0,0,1,0,0,0
48117,9,422,n48117,θεμίζω,,,788,,"[""judge, punish, imper.θεμιζέτω,=μαστιγούτω, νομοθετείτω(Cret.), Hsch. ; θεμισσέτω Paus.Gr. Fr. 202 :— Med. ,aor. part. θεμισσάμενοι ὀργάς controlling our wills, Pi. P. 4.141 .""]","[""judge, punish"",""controlling our""]","[""θέμις""]","[{""biblio"":"""",""quote"":""θεμισσέτω""},{""biblio"":""Paus.Gr. | Fr. | 202"",""quote"":""θεμισσέτω Paus.Gr. Fr. 202""}]","[""Paus.Gr. | Fr. | 202""]",{},[],1,1,1,1,0,1,2,1,2
48118,9,423,n48118,θεμινήσασα:,,,788,,"[""θεμινήσασα: πρακτική, ἀνυσίμη, ἀποτελεσίμη, Hsch. (post θεμιστός).""]",[],[],[],[],{},[],1,0,0,0,0,1,0,0,0
48119,9,424,n48119,θεμί-ξενος,,,788,,"[""just to strangers, ἀρετά Pi. Pae. 6.131 .""]","[""just to strangers""]",[],"[{""biblio"":"""",""quote"":""ἀρετά""},{""biblio"":""Pi. | Pae. | 6.131"",""quote"":""ἀρετά Pi. Pae. 6.131""}]","[""Pi. | Pae. | 6.131""]",{},[],1,1,0,1,0,1,1,0,2
48120,9,425,n48120,θεμί-πλεκτος,,,788,,"[""rightly plaited,θ. στέφανος a well-earned crown (or, as Sch.,twined with due ceremony), Pi. N. 9.52 .""]","[""rightly plaited"",""well-earned"",""twined with due ceremony""]","[""πλέκω""]",[],[],{},[],1,1,1,0,0,1,3,1,0
48121,9,426,n48121,θέμις,,ἡ,788,,"[""θέμιστα Il. 5.761 , θέμιν A. Ag. 1431 , etc.: gen. pl. θεμιστέων Hes. Th. 235 : pr. n. Θέμις, Θέμιστος Od. 2.68 , Θέμιστα Il. 20.4 ; dat. Θέμιστι 15.87 ; but Θέμιτος Pi. O. 13.8 , Θέμιδος A. Pr. 18 , etc.,Θέμιος( v.l. -ιδος ) Hdt. 2.50 , Θέμιν Hes. Th. 16 , IG 22.1611.71 : voc. Θέμι Il. 15.93 , E. Med. 160 (anap.):"",""that which is laid down or established, law(not as fixed by statute, but)as established by custom,θ. ἐστί'tis meet and right, c. dat. pers. et inf., οὔ μοι θ. ἐστὶ ξεῖνον ἀτιμῆσαι Od. 14.56 ;ἅ τε ξείνοις θ. ἐστὶν [παραθεῖναι] Il. 11.779 ;ὅ οἱ Διόθεν θ. ἦεν [ἐκτελέσαι] Hes. Sc. 22 ;γυναικὶ οὐ θ. SIG 1024.9 (Myconos,iii/ii B.C.): without dat., Il. 16.796 , 23.44 ; οὐ θ. ἐν μοισοπόλων οἰκίᾳ θρῆνον ἔμμεν' Sapph. 136 ; ὅτι δυνατὸν καὶ θ. αἰνεῖν A. Ag. 98 , cf. S. Ant. 880 (lyr.), Ph. 346 , E. Med. 678 , Pl. Phdr. 250b , Isoc. 4.92 , etc.;ἡ γὰρ θ. for so 'tis right[to do], Od. 24.286 ; freq.ἣ θ. ἐστί as the custom is, Il. 2.73 : c. dat. (= loc.), ἣ θ. ἐστίν . . ἀγορῇ 9.33 : c. gen.,ἣ θ. ἀνθρώπων πέλει ib. 134 ; ἣ θ. ἐστὶ γυναικός Od. 14.130 ; also ᾗ θ. ἀνθρώποις κατὰ ἤθεα Hes. Op. 137 ;θύειν τοὺς γεωργοὺς . . ᾗ(with ι) θέμις IG 22.1364 (i A.D.); but ᾗ θέμις ἐστί is rejected for Hom. by Hdn.Gr. 2.516 , cf. A.D. Adv. 148.28 :indecl.,πότερα κατ' ἔχθραν ἢ τὸ μὴ θέμις λέγεις; A. Supp. 336 ; ὥστε μὴ . . θέμις σέ γ' εἶναι κεῖνον ἀντιδρᾶν κακῶς S. OC 1191 ; οὐδὲ . . φασὶ θέμις εἶναι Pl. Grg. 505c , cf. X. Oec. 11.11 , Ael. NA 1.60 ."",""justice, right, S. Tr. 810 ; ὅσα τείνει πρὸς θέμιν Pl. Smp. 188d ;penalty,ἐκτίνειν ὁμοιί̈αν θ. A. Supp. 436 (lyr.);sanctity,ὁρκίων ἐμῶν θ. Id. Ag. 1431 ."",""= ἀγὼν θεματίτης , IGRom. 3.319 (Pisid.);νικήσας θέμιν ἀνδρῶν ib. 437 (Termessus)."",""pl.θέμιστες,decrees of the gods,oracles,Διὸς θ. Od. 16.403 ;θέμισσιν by oracles, Pi. P. 4.54 , cf. O. 10(11).24 ."",""dooms, customary laws, ordinances, δικασπόλοι, οἵ τε θέμιστας πρὸς Διὸς εἰρύαται Il. 1.238 , cf. Hes. Th. 235 ;τοῖσιν δ'(i.e. the Cyclopes) οὔτ' ἀγοραὶ βουληφόροι οὔτε θέμιστες Od. 9.112 ;οὔτε δίκας εὖ εἰδότα οὔτε θέμιστας neither rights nor laws, ib. 215 : in sg., ὃς οὔ τινα οἶδε θέμιστα Il. 5.761 ; ἵνα σφ' ἀγορή τε θέμις τε 11.807 ."",""judgements, decisions given by the kings or judges, οἳ . . σκολιὰς κρίνωσι θέμιστας 16.387 ;σκολιῇς δὲ δίκῃς κρίνωσι θ. Hes. Op. 221 ; διακρίνοντα θ. ἰθείῃσι δίκῃσιν Id. Th. 85 ."",""tribute, dues, λιπαρὰς τελέουσι θέμιστας Il. 9.156 ."",""pr. n.,Themis, ἥ τ' ἀνδρῶν ἀγορὰς ἠμὲν λύει ἠδὲ καθίζει 2.68 , cf. Il. 15.87 , 20.4 , Hes. Th. 16 , A. Pr. 18 , etc.""]","[""that which is laid down"",""established, law"",""as established by custom"",""meet and right"",""right"",""the custom"",""justice, right"",""penalty"",""sanctity"",""decrees"",""oracles"",""by oracles"",""dooms"",""laws, ordinances"",""laws"",""judgements, decisions"",""tribute, dues""]",[],"[{""biblio"":"""",""quote"":""θέμιστα""},{""biblio"":""Il. | 5.761"",""quote"":""θέμιστα Il. 5.761""},{""biblio"":"""",""quote"":""θέμιν""},{""biblio"":""A. | Ag. | 1431"",""quote"":""θέμιν A. Ag. 1431""},{""biblio"":"""",""quote"":""θεμιστέων""},{""biblio"":""Hes. | Th. | 235"",""quote"":""θεμιστέων Hes. Th. 235""},{""biblio"":"""",""quote"":""Θέμις, Θέμιστος""},{""biblio"":""Od. | 2.68"",""quote"":""Θέμις, Θέμιστος Od. 2.68""},{""biblio"":"""",""quote"":""Θέμιστα""},{""biblio"":""Il. | 20.4"",""quote"":""Θέμιστα Il. 20.4""},{""biblio"":"""",""quote"":""Θέμιστι""},{""biblio"":""15.87"",""quote"":""Θέμιστι 15.87""},{""biblio"":"""",""quote"":""Θέμιτος""},{""biblio"":""Pi. | O. | 13.8"",""quote"":""Θέμιτος Pi. O. 13.8""},{""biblio"":"""",""quote"":""Θέμιδος""},{""biblio"":""A. | Pr. | 18"",""quote"":""Θέμιδος A. Pr. 18""},{""biblio"":"""",""quote"":""Θέμιν""},{""biblio"":""Hes. | Th. | 16"",""quote"":""Θέμιν Hes. Th. 16""},{""biblio"":"""",""quote"":""Θέμι""},{""biblio"":""Il. | 15.93"",""quote"":""Θέμι Il. 15.93""},{""biblio"":"""",""quote"":""οὔ μοι θ. ἐστὶ ξεῖνον ἀτιμῆσαι""},{""biblio"":""Od. | 14.56"",""quote"":""οὔ μοι θ. ἐστὶ ξεῖνον ἀτιμῆσαι Od. 14.56""},{""biblio"":"""",""quote"":""οὐ θ. ἐν μοισοπόλων οἰκίᾳ θρῆνον ἔμμεν'""},{""biblio"":""Sapph. | 136"",""quote"":""οὐ θ. ἐν μοισοπόλων οἰκίᾳ θρῆνον ἔμμεν' Sapph. 136""},{""biblio"":"""",""quote"":""ὅτι δυνατὸν καὶ θ. αἰνεῖν""},{""biblio"":""A. | Ag. | 98"",""quote"":""ὅτι δυνατὸν καὶ θ. αἰνεῖν A. Ag. 98""},{""biblio"":"""",""quote"":""ἣ θ. ἐστίν . . ἀγορῇ""},{""biblio"":""9.33"",""quote"":""ἣ θ. ἐστίν . . ἀγορῇ 9.33""},{""biblio"":"""",""quote"":""ἣ θ. ἐστὶ γυναικός""},{""biblio"":""Od. | 14.130"",""quote"":""ἣ θ. ἐστὶ γυναικός Od. 14.130""},{""biblio"":"""",""quote"":""ᾗ θ. ἀνθρώποις κατὰ ἤθεα""},{""biblio"":""Hes. | Op. | 137"",""quote"":""ᾗ θ. ἀνθρώποις κατὰ ἤθεα Hes. Op. 137""},{""biblio"":"""",""quote"":""θέμις""},{""biblio"":""IG | 22.1364"",""quote"":""θέμις IG 22.1364""},{""biblio"":"""",""quote"":""ὥστε μὴ . . θέμις σέ γ' εἶναι κεῖνον ἀντιδρᾶν κακῶς""},{""biblio"":""S. | OC | 1191"",""quote"":""ὥστε μὴ . . θέμις σέ γ' εἶναι κεῖνον ἀντιδρᾶν κακῶς S. OC 1191""},{""biblio"":"""",""quote"":""οὐδὲ . . φασὶ θέμις εἶναι""},{""biblio"":""Pl. | Grg. | 505c"",""quote"":""οὐδὲ . . φασὶ θέμις εἶναι Pl. Grg. 505c""},{""biblio"":"""",""quote"":""ὅσα τείνει πρὸς θέμιν""},{""biblio"":""Pl. | Smp. | 188d"",""quote"":""ὅσα τείνει πρὸς θέμιν Pl. Smp. 188d""},{""biblio"":"""",""quote"":""δικασπόλοι, οἵ τε θέμιστας πρὸς Διὸς εἰρύαται""},{""biblio"":""Il. | 1.238"",""quote"":""δικασπόλοι, οἵ τε θέμιστας πρὸς Διὸς εἰρύαται Il. 1.238""},{""biblio"":"""",""quote"":""οὔτ' ἀγοραὶ βουληφόροι οὔτε θέμιστες""},{""biblio"":""Od. | 9.112"",""quote"":""οὔτ' ἀγοραὶ βουληφόροι οὔτε θέμιστες Od. 9.112""},{""biblio"":"""",""quote"":""ὃς οὔ τινα οἶδε θέμιστα""},{""biblio"":""Il. | 5.761"",""quote"":""ὃς οὔ τινα οἶδε θέμιστα Il. 5.761""},{""biblio"":"""",""quote"":""ἵνα σφ' ἀγορή τε θέμις τε""},{""biblio"":""11.807"",""quote"":""ἵνα σφ' ἀγορή τε θέμις τε 11.807""},{""biblio"":"""",""quote"":""οἳ . . σκολιὰς κρίνωσι θέμιστας""},{""biblio"":""16.387"",""quote"":""οἳ . . σκολιὰς κρίνωσι θέμιστας 16.387""},{""biblio"":"""",""quote"":""διακρίνοντα θ. ἰθείῃσι δίκῃσιν""},{""biblio"":""Id. | Th. | 85"",""quote"":""διακρίνοντα θ. ἰθείῃσι δίκῃσιν Id. Th. 85""},{""biblio"":"""",""quote"":""λιπαρὰς τελέουσι θέμιστας""},{""biblio"":""Il. | 9.156"",""quote"":""λιπαρὰς τελέουσι θέμιστας Il. 9.156""},{""biblio"":"""",""quote"":""ἥ τ' ἀνδρῶν ἀγορὰς ἠμὲν λύει ἠδὲ καθίζει""},{""biblio"":""2.68"",""quote"":""ἥ τ' ἀνδρῶν ἀγορὰς ἠμὲν λύει ἠδὲ καθίζει 2.68""}]","[""11.807"",""15.87"",""16.387"",""2.68"",""9.33"",""A. | Ag. | 1431"",""A. | Ag. | 98"",""A. | Pr. | 18"",""Hes. | Op. | 137"",""Hes. | Th. | 16"",""Hes. | Th. | 235"",""IG | 22.1364"",""Id. | Th. | 85"",""Il. | 1.238"",""Il. | 15.93"",""Il. | 20.4"",""Il. | 5.761"",""Il. | 9.156"",""Od. | 14.130"",""Od. | 14.56"",""Od. | 2.68"",""Od. | 9.112"",""Pi. | O. | 13.8"",""Pl. | Grg. | 505c"",""Pl. | Smp. | 188d"",""S. | OC | 1191"",""Sapph. | 136""]",{},"[{""type"":""ref"",""target"":"""",""text"":""-ιδος""},{""type"":"""",""target"":"""",""text"":""v.l. -ιδος""},{""type"":""ref"",""target"":"""",""text"":""ἀγὼν θεματίτης""},{""type"":"""",""target"":"""",""text"":""= ἀγὼν θεματίτης""}]",1,1,0,1,1,9,17,0,56
48122,9,427,n48122,θεμισκόπος,,,788,,"[""seeing to law and justice, Pi. N. 7.47 .""]","[""seeing to law and justice""]",[],[],[],{},[],1,1,0,0,0,1,1,0,0
48123,9,428,n48123,θεμισκρέων,,ὁ,788,,"[""reigning by right, Pi. P. 5.29 .""]","[""reigning by right""]",[],[],[],{},[],1,1,0,0,0,1,1,0,0
48124,9,429,n48124,θέμιστα,,,788,,"[""v. θέμις .""]",[],[],[],[],{},"[{""type"":""ref"",""target"":"""",""text"":""θέμις""},{""type"":"""",""target"":"""",""text"":""v. θέμις""}]",1,0,0,0,1,1,0,0,0
48125,9,430,n48125,θεμιστ-εία,,ἡ,788,,"[""a giving of oracles, Str. 17.1.43 .""]","[""a giving of oracles""]",[],[],[],{},[],1,1,0,0,0,1,1,0,0
48126,9,431,n48126,θεμιστ-εῖος,,,788,,"[""of law and right,θ. σκᾶπτον the sceptre of righteous judgement, Pi. O. 1.12 .""]","[""of law and right"",""of righteous judgement""]",[],[],[],{},[],1,1,0,0,0,1,2,0,0
48127,9,432,n48127,θεμιστ-ευτός,,,788,,"[""ordered by law or custom, Hsch.""]","[""ordered by law"",""custom""]",[],[],[],{},[],1,1,0,0,0,1,2,0,0
48128,9,433,n48128,θεμιστ-εύω,,,788,,"[""declare law and right, c. dat., Μίνωα ἴδον . . θεμιστεύοντα νέκυσσιν Od. 11.569 : c. gen.,govern, θ. δὲ ἕκαστος παίδων ἠδ' ἀλόχων 9.114 ."",""give by way of answer or oracle,νημερτέα βουλὴν πᾶσι θ. h.Ap. 253 , cf. Lys. Fr. 23S. : abs.,deliver oracles, E. Ion 371 , D.S. 5.67 , Plu. Alex. 14 ;τινα Orac. ap. Ael. VH 3.43 ; cf.θεμιτεύω.""]","[""declare law and right"",""govern"",""give by way of answer"",""oracle"",""deliver oracles""]",[],"[{""biblio"":"""",""quote"":""Μίνωα ἴδον . . θεμιστεύοντα νέκυσσιν""},{""biblio"":""Od. | 11.569"",""quote"":""Μίνωα ἴδον . . θεμιστεύοντα νέκυσσιν Od. 11.569""},{""biblio"":"""",""quote"":""θ. δὲ ἕκαστος παίδων ἠδ' ἀλόχων""},{""biblio"":""9.114"",""quote"":""θ. δὲ ἕκαστος παίδων ἠδ' ἀλόχων 9.114""}]","[""9.114"",""Od. | 11.569""]",{},[],1,1,0,1,0,2,5,0,4
48129,9,434,n48129,θεμίστ-ιος,,ὁ,788,,"[""patron of right, of Zeus, Plu. 2.1065e ."",""name of month in Thessaly, etc., IG 9(1).689 , etc.""]","[""patron of right""]",[],[],[],{},[],1,1,0,0,0,2,1,0,0
48130,9,435,n48130,θεμιστοπόλος,,,788,,"[""ministering law and right, epith. of kings and judges, h.Cer. 103 ."",""oracular,σηκοί, of Delphi, Klio 15.48 (Delph.,iii B.C.).""]","[""ministering law and right"",""oracular""]",[],[],[],{},[],1,1,0,0,0,2,2,0,0
48131,9,436,n48131,θεμιστ-ός,Adv.,,788,,"[""oracular, ὕμνοι Pi. Fr. 192 ; cf. θέμις 111.1 .""]","[""oracular""]",[],"[{""biblio"":"""",""quote"":""ὕμνοι""},{""biblio"":""Pi. | Fr. | 192"",""quote"":""ὕμνοι Pi. Fr. 192""},{""biblio"":"""",""quote"":""θέμις""},{""biblio"":""111.1"",""quote"":""θέμις 111.1""}]","[""111.1"",""Pi. | Fr. | 192""]",{},[],1,1,0,1,0,1,1,0,4
48132,9,437,n48132,θεμιστ-οσύνη,,ἡ,788,,"[""θεμιστ-οσύνη,ἡ, in pl., poet. for θέμιστες, Orph. H. 79.6 .""]",[],[],[],[],{},[],1,0,0,0,0,1,0,0,0
48133,9,438,n48133,θεμιστ-οῦχος,,,788,,"[""upholding right, βασιλῆες A.R. 4.347 .""]","[""upholding right""]","[""ἔχω""]","[{""biblio"":"""",""quote"":""βασιλῆες""},{""biblio"":""A.R. | 4.347"",""quote"":""βασιλῆες A.R. 4.347""}]","[""A.R. | 4.347""]",{},[],1,1,1,1,0,1,1,1,2
48134,9,439,n48134,θεμίστωρ,,ὁ,788,,"[""knowing right, Hsch.""]","[""knowing right""]",[],[],[],{},[],1,1,0,0,0,1,1,0,0
48135,9,440,n48135,θεμῐτ-εύω,,,788,,"[""keeping lawful orgies, E. Ba. 79 (lyr., metri gr.).""]","[""keeping lawful""]",[],[],[],{},[],1,1,0,0,0,1,1,0,0
48136,9,441,n48136,θεμῐτ-ός,Adv.,,788,,"[""allowed by the laws of God and men, righteous,οὐ θεμιτόν [ἐστι],=οὐ θέμις, c.inf., οὐ θ. οἱ ἔφασκε πίνειν οἶνον h.Cer. 207 , cf. Pi. P. 9.42 , S. OT 993 , OC 1758 (anap.), E. Or. 97 , Theoc. 5.136 , etc.: in Prose, Hdt. 3.37 , 5.72 , Pl. Ap. 30d , IG 2.1059.16 , 14.1390 ; μηδὲ θεμιτὸν . . μηδ' ὅσιον D. 21.148 : in pl.,τὰ μὴ θεμίτ' ἦν [ἰδεῖν] dub. l. in Call. Lav.Pall. 78 .Adv. -τῶς Phot. , Suid.""]","[""allowed by the laws of God and men, righteous""]","[""θέμις""]","[{""biblio"":"""",""quote"":""οὐ θ. οἱ ἔφασκε πίνειν οἶνον""},{""biblio"":""h.Cer. | 207"",""quote"":""οὐ θ. οἱ ἔφασκε πίνειν οἶνον h.Cer. 207""},{""biblio"":"""",""quote"":""μηδὲ θεμιτὸν . . μηδ' ὅσιον""},{""biblio"":""D. | 21.148"",""quote"":""μηδὲ θεμιτὸν . . μηδ' ὅσιον D. 21.148""},{""biblio"":"""",""quote"":""-τῶς""},{""biblio"":""Phot."",""quote"":""-τῶς Phot.""}]","[""D. | 21.148"",""Phot."",""h.Cer. | 207""]",{},[],1,1,1,1,0,1,1,1,6
48137,9,442,n48137,θεμῐτ-ώδης,,,788,,"[""oracular, Orac. ap. Eus. PE 5.16 .""]","[""oracular""]",[],[],[],{},[],1,1,0,0,0,1,1,0,0
48138,9,443,n48138,θεμόω,,,788,,"[""drove the ship ashore, stranded her, Od. 9.486 ; but in ib. 542 ,drove her landwards, i.e. towards her destination: cf.θεμούς: διαθέσεις, παραινέσεις, Hsch. , who also has θεμῶν: θελήμων.""]","[""drove"",""ashore, stranded"",""drove""]",[],[],[],{},[],1,1,0,0,0,1,3,0,0
48139,9,444,n48139,θέμῐτ-θεν,,,788,,"[""motion from a place, as in Λεσβόθεν, Ἀβυδόθεν, ἄλλοθεν, οἴκοθεν, etc.: so with Preps., ἀπὸ Τροίηθεν Od. 9.38 ; ἐξ οὐρανόθεν Il. 8.19 , cf. A.D. Adv. 184.12 sq.: most of the forms in-οθεν were parox., exc.οἴκοθεν, ἄλλοθεν, πάντοθεν(sts.παντόθεν), ἔκτοθεν, ἔνδοθεν, ib. 191.27 sq. (other exceptions in Hdn.Gr. 1.500 ).""]","[""motion from""]",[],"[{""biblio"":"""",""quote"":""ἀπὸ Τροίηθεν""},{""biblio"":""Od. | 9.38"",""quote"":""ἀπὸ Τροίηθεν Od. 9.38""},{""biblio"":"""",""quote"":""ἐξ οὐρανόθεν""},{""biblio"":""Il. | 8.19"",""quote"":""ἐξ οὐρανόθεν Il. 8.19""}]","[""Il. | 8.19"",""Od. | 9.38""]",{},[],1,1,0,1,0,1,1,0,4
48140,9,445,n48140,θένᾰρ,,τό,788,,"[""palm of the hand,πρυμνὸν ὕπερ θέναρος, i.e. just below the wrist, Il. 5.339 ; χειρὸς τὸ ἐντὸς θέναρ Arist. HA 493b32 , cf. Poll. 2.143 ."",""pl.,the two muscles forming the borders of the palm, Gal. UP 2.3 ."",""ball of the thumb, Ruf. Onom. 87 , Gal. 18 ( 2 ). 864 ."",""flat of the foot, Hp. Mul. 2.116 (pl.), Arat. 718 ."",""metaph.,θ. βωμοῖο hollow in the top of the altar, on which the offerings are laid, Pi. P. 4.206 ;ἁλὸς θ.hollow bed of the sea, Id. I. 4(3).56 . (Cf. OHG.tenar'palm of the hand'.)""]","[""palm of the hand"",""the two muscles forming the borders of the palm"",""ball of the thumb"",""flat"",""hollow"",""hollow bed"",""tenar""]",[],"[{""biblio"":"""",""quote"":""χειρὸς τὸ ἐντὸς θέναρ""},{""biblio"":""Arist. | HA | 493b32"",""quote"":""χειρὸς τὸ ἐντὸς θέναρ Arist. HA 493b32""}]","[""Arist. | HA | 493b32""]",{},[],1,1,0,1,0,5,7,0,2
48141,9,446,n48141,θεναρίζει:,,,788,,"[""θεναρίζει: τύπτει, Hsch. θένιοι: οἱ προσήκοντες, Id.""]",[],[],[],[],{},[],1,0,0,0,0,1,0,0,0
48142,9,447,n48142,θένω,,,788,,"[""v. θείνω .θέο, Ep. for θοῦ, v. τίθημι .""]",[],[],[],[],{},"[{""type"":""ref"",""target"":"""",""text"":""θείνω""},{""type"":"""",""target"":"""",""text"":""v. θείνω""},{""type"":""ref"",""target"":"""",""text"":""τίθημι""},{""type"":"""",""target"":"""",""text"":""v. τίθημι""}]",1,0,0,0,1,1,0,0,0
48143,9,448,n48143,θεοβλάβ-εια,,ἡ,788,,"[""infatuation sent by the gods, madness, Aeschin. 3.133 , D.H. 1.24 , D.C. 44.8 (-ία codd.).""]","[""infatuation sent by the gods, madness""]",[],[],[],{},[],1,1,0,0,0,1,1,0,0
48144,9,449,n48144,θεοβλαβ-έω,,,788,,"[""to be θεοβλαβής, A. Pers. 831 , Them. Or. 4.56c .""]","[""to be""]",[],[],[],{},[],1,1,0,0,0,1,1,0,0
48145,9,450,n48145,θεοβλαβ-ής,Adv.,,788,,"[""stricken of God, infatuated, Hdt. 1.127 , 8.137 , Ant.Lib. 22.4 .Adv. -βῶς Poll. 1.22 .""]","[""stricken of God, infatuated""]",[],"[{""biblio"":"""",""quote"":""-βῶς""},{""biblio"":""Poll. | 1.22"",""quote"":""-βῶς Poll. 1.22""}]","[""Poll. | 1.22""]",{},[],1,1,0,1,0,1,1,0,2
48146,9,451,n48146,θεό-βουλος,,,788,,"[""θεό-βουλος,ον,=θεόμητις, Phot. , Suid. :—fem.θεο-βούλη, of the Sibyl, Lact. Inst. 1.6.7 .""]",[],[],[],[],{},[],1,0,0,0,0,1,0,0,0
48147,9,452,n48147,θεο-βρότιον,,τό,788,,"[""θεο-βρότιον,τό,=ἀείζων τὸ μικρόν, Ps.- Dsc. 4.89 .""]",[],[],[],[],{},[],1,0,0,0,0,1,0,0,0
48148,9,453,n48148,θεο-γᾰμία,,ἡ,788,,"[""marriage of gods, Ph. 2.205 ( v.l. -μαχία ): in pl., title of poem by Pisander, Suid. , Zos. 5.29 .""]","[""marriage of gods""]",[],[],[],{},"[{""type"":""ref"",""target"":"""",""text"":""-μαχία""},{""type"":"""",""target"":"""",""text"":""v.l. -μαχία""}]",1,1,0,0,1,1,1,0,0
48149,9,454,n48149,θεο-γάμια,,τά,788,,"[""θεο-γάμια[γᾰ],τά , name of festival in Sicily, Poll. 1.37 ; at Athens, Plu. in Hes. 85 ; at Nysa, GDI 3661.11 , Head Hist.Num. 2654 ,al.""]",[],[],[],[],{},[],1,0,0,0,0,1,0,0,0
48150,9,455,n48150,θεο-γέναιος,,ὁ,788,,"[""θεο-γέναιος,ὁ(sc.μήν), name of month in Egypt, BGU 713.3 (i A.D.).""]",[],[],[],[],{},[],1,0,0,0,0,1,0,0,0
48151,9,456,n48151,θεο-γενής,,,788,,"[""born of God, Sch.rec. A. Pr. 351 ,Gloss.""]","[""born of God""]",[],[],[],{},[],1,1,0,0,0,1,1,0,0
48152,9,457,n48152,θεο-γεννής,,,788,,"[""begotten of a god, S. Ant. 834 (anap.).""]","[""begotten of a god""]",[],[],[],{},[],1,1,0,0,0,1,1,0,0
48153,9,458,n48153,θεό-γλωσσος,,,788,,"[""with the tongue of a god,γυναῖκες, of poetesses, AP 9.26 (Antip. Thess.).""]","[""with the tongue of a god""]",[],[],[],{},[],1,1,0,0,0,1,1,0,0
48154,9,459,n48154,θεο-γνωσία,,ἡ,788,,"[""the knowledge of God, Hierocl. in CA 20p.463M. , Heph.Astr. 1.1 .""]","[""the knowledge of God""]",[],[],[],{},[],1,1,0,0,0,1,1,0,0
48155,9,460,n48155,θεό-γνωστος,,,788,,"[""known of God, ibid.,Gloss.: as a complimentary term, ἡ θ. σου μνήμη POxy. 237 vi 29 (ii A.D.).""]","[""known of God""]",[],"[{""biblio"":"""",""quote"":""ἡ θ. σου μνήμη""},{""biblio"":""POxy. | 237 vi 29"",""quote"":""ἡ θ. σου μνήμη POxy. 237 vi 29""}]","[""POxy. | 237 vi 29""]",{},[],1,1,0,1,0,1,1,0,2
48156,9,461,n48156,θεο-γονία,,ἡ,790,,"[""genealogy of the gods, title of Hesiod's poem; cf. Hdt. 1.132 , 2.53 , Procl. in Ti. 3.107 D."",""generation or birth of gods, Pl. Lg. 886c , Ph. 2.205 , 264 , D.L. Praef. 3 .""]","[""genealogy of the gods"",""generation"",""birth of gods""]",[],[],[],{},[],1,1,0,0,0,2,3,0,0
48157,9,462,n48157,θεό-γονος,,,790,,"[""born of God, divine, E. Or. 346 .""]","[""born of God, divine""]",[],[],[],{},[],1,1,0,0,0,1,1,0,0
48158,9,463,n48158,θεο-δαίμων,,ὁ,790,,"[""inferior divinity, BCH 22.350 (Amphipolis).""]","[""inferior divinity""]",[],[],[],{},[],1,1,0,0,0,1,1,0,0
48159,9,464,n48159,θεοδαίσια,,τά,790,,"[""Θεοδαίσιος,ὁ , epith. of Dionysus, Hsch. ; also, (sc.μήν) name of month found in various forms: Cret.θιοδαίσιος GDI 5149 ; in Cos, Rhodes, etc.,θευδαίσιος ib. 3593 , al., etc.; at Mytilene,θεδαίσιος IG 11(4).1064a2 (Delos).""]",[],[],[],[],{},[],1,0,0,0,0,1,0,0,0
48160,9,465,n48160,θεο-δέγμων,,,790,,"[""= θεηδόχος, θῶκος AP 7.363 ;divine, πηγή Archestr. Fr. 13.8 .""]","[""divine""]",[],"[{""biblio"":"""",""quote"":""πηγή""},{""biblio"":""Archestr. | Fr. | 13.8"",""quote"":""πηγή Archestr. Fr. 13.8""}]","[""Archestr. | Fr. | 13.8""]",{},"[{""type"":""ref"",""target"":"""",""text"":""θεηδόχος, θῶκος""},{""type"":"""",""target"":"""",""text"":""= θεηδόχος, θῶκος""}]",1,1,0,1,1,1,1,0,2
48161,9,466,n48161,θεο-δέκτωρ,,ὁ,790,,"[""= θεηδόχος , Hsch.""]",[],[],[],[],{},"[{""type"":""ref"",""target"":"""",""text"":""θεηδόχος""},{""type"":"""",""target"":"""",""text"":""= θεηδόχος""}]",1,0,0,0,1,1,0,0,0
48162,9,467,n48162,θεο-δήλητος,,,790,,"[""by which the gods are injured,μιαιφονίη v.l. in AP 9.157 .""]","[""by which the gods are injured""]",[],[],[],{},[],1,1,0,0,0,1,1,0,0
48163,9,468,n48163,θεο-δίδακτος,,,790,,"[""taught of God, 1 Ep.Thess. 4.9 .""]","[""taught of God""]",[],[],[],{},[],1,1,0,0,0,1,1,0,0
48164,9,469,n48164,θεο-δμής,,,790,,"[""-δμῆτι: θεόφρονι Cyr. (fort.θεόμητι).""]",[],[],"[{""biblio"":"""",""quote"":""-δμῆτι: θεόφρονι""},{""biblio"":""Cyr."",""quote"":""-δμῆτι: θεόφρονι Cyr.""}]","[""Cyr.""]",{},[],1,0,0,1,0,1,0,0,2
48165,9,470,n48165,θεό-δμητος,,,790,,"[""god-built, founded by the gods, πύργοι Il. 8.519 ; Δᾶλος Pi. ll.cc.; πύλαι B. Fr. 7 Bgk. (cf. p.437 Jebb); Ἀθῆναι S. El. 707 ; βωμός E. Hec. 23 : metaph.,θ. χρέος, ἀρεταί, Pi. O. 3.7 , I. 6(5).11 .""]","[""god-built, founded by the gods""]","[""δέμω""]","[{""biblio"":"""",""quote"":""πύργοι""},{""biblio"":""Il. | 8.519"",""quote"":""πύργοι Il. 8.519""},{""biblio"":"""",""quote"":""Δᾶλος""},{""biblio"":""Pi."",""quote"":""Δᾶλος Pi.""},{""biblio"":"""",""quote"":""πύλαι""},{""biblio"":""B. | Fr. | 7"",""quote"":""πύλαι B. Fr. 7""},{""biblio"":"""",""quote"":""Ἀθῆναι""},{""biblio"":""S. | El. | 707"",""quote"":""Ἀθῆναι S. El. 707""},{""biblio"":"""",""quote"":""βωμός""},{""biblio"":""E. | Hec. | 23"",""quote"":""βωμός E. Hec. 23""}]","[""B. | Fr. | 7"",""E. | Hec. | 23"",""Il. | 8.519"",""Pi."",""S. | El. | 707""]",{},[],1,1,1,1,0,1,1,1,10
48166,9,471,n48166,θεο-δόνιον,,τό,790,,"[""= γλυκυσίδη , dub. in Ps.- Dsc. 3.140 .""]",[],[],[],[],{},"[{""type"":""ref"",""target"":"""",""text"":""γλυκυσίδη""},{""type"":"""",""target"":"""",""text"":""= γλυκυσίδη""}]",1,0,0,0,1,1,0,0,0
48167,9,472,n48167,θεο-δοσία,,ἡ,790,,"[""a gift or offering to the gods, Str. 17.1.37 (pl.).""]","[""a gift"",""offering to the gods""]",[],[],[],{},[],1,1,0,0,0,1,2,0,0
48168,9,473,n48168,θεο-δόσιος,,,790,,"[""given by God, Hsch. ;f.l. in Aristeas 229 .""]","[""given by God""]",[],[],[],{},[],1,1,0,0,0,1,1,0,0
48169,9,474,n48169,θεο-δότια,,τά,790,,"[""collyrium Theodoti, Cels. 6.6.6 .""]","[""collyrium Theodoti""]",[],[],[],{},[],1,1,0,0,0,1,1,0,0
48170,9,475,n48170,θεό-δοτος,,τό,790,,"[""= θεόσδοτος, ἔργα Pi. I. 5(4).23 ; εὐχαί B. 7.50 ."",""θεόδοτον,τό ,remedy for coughs, Alex.Trall. 5.4 .""]","[""remedy for coughs""]",[],"[{""biblio"":"""",""quote"":""εὐχαί""},{""biblio"":""B. | 7.50"",""quote"":""εὐχαί B. 7.50""}]","[""B. | 7.50""]",{},"[{""type"":""ref"",""target"":"""",""text"":""θεόσδοτος, ἔργα""},{""type"":"""",""target"":"""",""text"":""= θεόσδοτος, ἔργα""}]",1,1,0,1,1,2,1,0,2
48171,9,476,n48171,θεο-δρομέω,,,790,,"[""walk in God's ways, Phot. , Suid.""]","[""walk in God's ways""]",[],[],[],{},[],1,1,0,0,0,1,1,0,0
48172,9,477,n48172,θεό-δυτα:,,,790,,"[""θεό-δυτα: ἱερόθυτα, Hsch. (leg.θεόθυτα).""]",[],[],[],[],{},[],1,0,0,0,0,1,0,0,0
48173,9,478,n48173,θεο-δώρητος,,,790,,"[""given by God, Iamb. VP 2.6 , 15.67 , Asp. in EN 25.28 ."",""θ. λίθος, of the ἀλαβαστρίτης λίθος, Zos.Alch. p.114B."",""ἡ θ.a purgative, Aët. 13.112 , Alex.Trall. 1.15 .""]","[""given by God"",""a purgative""]",[],[],[],{},[],1,1,0,0,0,3,2,0,0
48174,9,479,n48174,θεο-είδεια,,ἡ,790,,"[""godlike appearance, φυσική Iamb. VP 2.10 .""]","[""godlike appearance""]",[],"[{""biblio"":"""",""quote"":""φυσική""},{""biblio"":""Iamb. | VP | 2.10"",""quote"":""φυσική Iamb. VP 2.10""}]","[""Iamb. | VP | 2.10""]",{},[],1,1,0,1,0,1,1,0,2
48175,9,480,n48175,θεο-ειδής,Adv.,,790,,"[""godlike, in Hom. of form, Πρίαμος Il. 24.217 , al.;Ἀλέξανδρος, Τηλέμαχος, 3.16 , Od. 14.173 , al.; Οὐρανίη Hes. Th. 350 ; θ. πρόσωπον Pl. Phdr. 251a ; οἱ ποιηταὶ τοὺς καλοὺς θεοειδεῖς ὀνομάζουσιν Plu. 2.988d , cf. Pl. R. 501b ."",""generally,godlike, θεοειδές τί ἐστιν ἡ ψυχή Id. Phd. 95c , cf. Muson. Fr. 17p.91H. ; of things, λίθους, βοτάνας, ζῷα, ἀρώματα Iamb. Myst. 5.23 : Comp. -έστερος Pl. Epin. 980d : Sup. -έστατος Eus.Mynd. 33 ; κόσμος ἐπῶν Phalar. Ep. 147.2 : also irreg.θεειδ-(q.v.).Adv. -δῶς Herm. in Phdr. p.178A. , Suid.""]","[""godlike"",""godlike""]",[],"[{""biblio"":"""",""quote"":""Πρίαμος""},{""biblio"":""Il. | 24.217"",""quote"":""Πρίαμος Il. 24.217""},{""biblio"":"""",""quote"":""Οὐρανίη""},{""biblio"":""Hes. | Th. | 350"",""quote"":""Οὐρανίη Hes. Th. 350""},{""biblio"":"""",""quote"":""θ. πρόσωπον""},{""biblio"":""Pl. | Phdr. | 251a"",""quote"":""θ. πρόσωπον Pl. Phdr. 251a""},{""biblio"":"""",""quote"":""οἱ ποιηταὶ τοὺς καλοὺς θεοειδεῖς ὀνομάζουσιν""},{""biblio"":""Plu. | 2.988d"",""quote"":""οἱ ποιηταὶ τοὺς καλοὺς θεοειδεῖς ὀνομάζουσιν Plu. 2.988d""},{""biblio"":"""",""quote"":""θεοειδές τί ἐστιν ἡ ψυχή""},{""biblio"":""Id. | Phd. | 95c"",""quote"":""θεοειδές τί ἐστιν ἡ ψυχή Id. Phd. 95c""},{""biblio"":"""",""quote"":""λίθους, βοτάνας, ζῷα, ἀρώματα""},{""biblio"":""Iamb. | Myst. | 5.23"",""quote"":""λίθους, βοτάνας, ζῷα, ἀρώματα Iamb. Myst. 5.23""},{""biblio"":"""",""quote"":""-έστερος""},{""biblio"":""Pl. | Epin. | 980d"",""quote"":""-έστερος Pl. Epin. 980d""},{""biblio"":"""",""quote"":""-έστατος""},{""biblio"":""Eus.Mynd. | 33"",""quote"":""-έστατος Eus.Mynd. 33""},{""biblio"":"""",""quote"":""κόσμος ἐπῶν""},{""biblio"":""Phalar. | Ep. | 147.2"",""quote"":""κόσμος ἐπῶν Phalar. Ep. 147.2""},{""biblio"":"""",""quote"":""-δῶς""},{""biblio"":""Herm. | in Phdr. | p.178A."",""quote"":""-δῶς Herm. in Phdr. p.178A.""}]","[""Eus.Mynd. | 33"",""Herm. | in Phdr. | p.178A."",""Hes. | Th. | 350"",""Iamb. | Myst. | 5.23"",""Id. | Phd. | 95c"",""Il. | 24.217"",""Phalar. | Ep. | 147.2"",""Pl. | Epin. | 980d"",""Pl. | Phdr. | 251a"",""Plu. | 2.988d""]",{},[],1,1,0,1,0,2,2,0,20
48176,9,481,n48176,θεο-είκελος,,,790,,"[""godlike, of Achilles, Il. 1.131 , al.; of Telemachus, Od. 3.416 ; of Hector and Andromache, Sapph. Supp. 20c . 6 : in Prose, Pl. R. 501b , Them. Or. 6.79a .""]","[""godlike""]",[],[],[],{},[],1,1,0,0,0,1,1,0,0
48177,9,482,n48177,θεο-επής,,,790,,"[""= θεσπέσιος , Hsch.""]",[],[],[],[],{},"[{""type"":""ref"",""target"":"""",""text"":""θεσπέσιος""},{""type"":"""",""target"":"""",""text"":""= θεσπέσιος""}]",1,0,0,0,1,1,0,0,0
48178,9,483,n48178,θεο-εχθρία,,,790,,"[""v. θεοισεχθρία .""]",[],[],[],[],{},"[{""type"":""ref"",""target"":"""",""text"":""θεοισεχθρία""},{""type"":"""",""target"":"""",""text"":""v. θεοισεχθρία""}]",1,0,0,0,1,1,0,0,0
48179,9,484,n48179,θεόθεν,Adv.,,790,,"[""from the gods,θ. δ' οὐκ ἔστ' ἀλέασθαι(sc.θάνατον) death at the hands of the gods, Od. 16.447 , cf. Pl.Com. 173.14 (hex.);εἴ τις ἄλλα θ. ἀνθρώποισι τέρψις given by God to man, IG 3.171 ."",""by the will or favour of the gods, Pi. O. 12.8 , P. 11.50 , A. Th. 324 , Pers. 101 (both lyr.), etc.;by the gods, οἷς ἂν σεισθῇ θ. δόμος S. Ant. 584 .""]","[""from the gods"",""at the hands of the gods"",""given by God"",""by the will"",""favour of the gods"",""by the gods""]",[],"[{""biblio"":"""",""quote"":""οἷς ἂν σεισθῇ θ. δόμος""},{""biblio"":""S. | Ant. | 584"",""quote"":""οἷς ἂν σεισθῇ θ. δόμος S. Ant. 584""}]","[""S. | Ant. | 584""]",{},[],1,1,0,1,0,2,6,0,2
48180,9,485,n48180,θεο-θρέμμων,,,790,,"[""maintained by God,σιγή Orae. ap. Procl. in Alc. p.56C.""]","[""maintained by God""]",[],[],[],{},[],1,1,0,0,0,1,1,0,0
48181,9,486,n48181,θεό-θρεπτος,,,790,,"[""θεό-θρεπτος,ον,=foreg., Sch. A. Pers. 905 .""]",[],[],[],[],{},[],1,0,0,0,0,1,0,0,0
48182,9,487,n48182,θεό-θῠτος,,τό,790,,"[""offered to the gods:θεόθυτον,τό ,a victim, Cratin. 417 (pl.), cf. Poll. 1.29 (pl.).""]","[""offered to the gods"",""a victim""]","[""θύω""]",[],[],{},[],1,1,1,0,0,1,2,1,0
48183,9,488,n48183,θεοίνια,,τά,790,,"[""θεοίνια(sc.ἱερά),τά, an Attic feast of Dionysus, Jusj. ap. D. 59.78 , Lycurg. Fr. 56 :θεοίνιον,τό, his temple, Phot.""]",[],[],[],[],{},[],1,0,0,0,0,1,0,0,0
48184,9,489,n48184,θέοινος,,ὁ,790,,"[""god of wine, πάτερ θέοινε A. Fr. 382 , cf. Lyc. 1247 .""]","[""god of wine""]",[],"[{""biblio"":"""",""quote"":""πάτερ θέοινε""},{""biblio"":""A. | Fr. | 382"",""quote"":""πάτερ θέοινε A. Fr. 382""}]","[""A. | Fr. | 382""]",{},[],1,1,0,1,0,1,1,0,2
48185,9,490,n48185,θεοισεχθρία,,ἡ,790,,"[""hatefulness to the gods, villainy, D. 22.59 (written θεοῖς ἐχθρίαν), prob. in Ar. V. 418 (required by Cretic metre), in Archipp. 35 (where the first two syll. coalesce), and in Luc. Lex. 11 : in the last three places codd. have θεοσεχθρία or θεὸς ἐχθρία(θεοσεχθρα v.l. Archipp. l.c.):θεοεχθρία is found in Sch. Ar. Ra. 557 ,v.l. in Luc. Lex. l.c.; cf.θεοῖς ἐχθρός in D. 19.95 , 24.195 .""]","[""hatefulness to the gods, villainy""]",[],[],[],{},[],1,1,0,0,0,1,1,0,0
48186,9,491,n48186,θεο-κατάρᾱτος,,,790,,"[""accursed of God, Zos.Alch. ap. Olymp.Alch. p.101 B.""]","[""accursed of God""]",[],[],[],{},[],1,1,0,0,0,1,1,0,0
48187,9,492,n48187,θεο-κατασκεύαστος,,,790,,"[""made by God,ὕμνος Sch. Pi. O. 3.11 ; gloss on θεότευκτον , Hsch.""]","[""made by God""]",[],[],[],{},"[{""type"":""ref"",""target"":"""",""text"":""θεότευκτον""},{""type"":"""",""target"":"""",""text"":""gloss on θεότευκτον""}]",1,1,0,0,1,1,1,0,0
48188,9,493,n48188,θεο-κέλευστος,,,790,,"[""ordered by God, gloss on θέσκελα , Id.""]","[""ordered by God""]",[],[],[],{},"[{""type"":""ref"",""target"":"""",""text"":""θέσκελα""},{""type"":"""",""target"":"""",""text"":""gloss on θέσκελα""}]",1,1,0,0,1,1,1,0,0
48189,9,494,n48189,θεο-κῆρυξ,,ὁ,790,,"[""divine herald: in pl., name of a family at Eleutherae claiming descent from Talthybius, Id.""]","[""divine herald"",""claiming descent from Talthybius""]",[],[],[],{},[],1,1,0,0,0,1,2,0,0
48190,9,495,n48190,θεο-κίνητος,,,790,,"[""roused by the gods, gloss on θέορτος , Sch. Pi. O. 2.67 .""]","[""roused by the gods""]",[],[],[],{},"[{""type"":""ref"",""target"":"""",""text"":""θέορτος""},{""type"":"""",""target"":"""",""text"":""gloss on θέορτος""}]",1,1,0,0,1,1,1,0,0
48191,9,496,n48191,θεο-κλητέω,,,790,,"[""f.l. for -κλῠτέω , Eust. 805.36 .""]",[],[],[],[],{},"[{""type"":""ref"",""target"":"""",""text"":""-κλῠτέω""},{""type"":"""",""target"":"""",""text"":""f.l. for -κλῠτέω""}]",1,0,0,0,1,1,0,0,0
48192,9,497,n48192,θεό-κλητος,,,790,,"[""sung by gods, Nonn. D. 5.92 .""]","[""sung by gods""]",[],[],[],{},[],1,1,0,0,0,1,1,0,0
48193,9,498,n48193,θεο-κλῠτέω,,,790,,"[""call on the gods, A. Pers. 500 , Plu. Sull. 29 , Ael. Fr. 46 , Porph. Abst. 2.26 , D.C. 74.13 : c. acc. pers., θ. Θέμιν E. Med. 208 ; Κυρῖνον Plu. Rom. 28 ; also, c. acc. rei,ask in prayer, Id. Arist. 18 ."",""Pass. ,to be inspired, Id. 2.592c :— so in Act. , Hld. 3.17 .""]","[""call on the gods"",""ask in prayer"",""to be inspired""]",[],"[{""biblio"":"""",""quote"":""θ. Θέμιν""},{""biblio"":""E. | Med. | 208"",""quote"":""θ. Θέμιν E. Med. 208""},{""biblio"":"""",""quote"":""Κυρῖνον""},{""biblio"":""Plu. | Rom. | 28"",""quote"":""Κυρῖνον Plu. Rom. 28""}]","[""E. | Med. | 208"",""Plu. | Rom. | 28""]",{},[],1,1,0,1,0,2,3,0,4
48194,9,499,n48194,θεο-κλύτησις,,ἡ,790,,"[""calling on the gods, invocation, Plb. 23.10.7 (pl.).""]","[""calling on the gods, invocation""]",[],[],[],{},[],1,1,0,0,0,1,1,0,0
48195,9,500,n48195,θεό-κλῠτος,,,790,,"[""calling on the gods, θ. λιταί A. Th. 143 (lyr.)."",""Pass. ,heard by God, expl. of Ishmael, J. AJ 1.10.4 .""]","[""calling on the gods"",""heard by God""]",[],"[{""biblio"":"""",""quote"":""θ. λιταί""},{""biblio"":""A. | Th. | 143"",""quote"":""θ. λιταί A. Th. 143""}]","[""A. | Th. | 143""]",{},[],1,1,0,1,0,2,2,0,2
48196,9,501,n48196,θεό-κμητος,,,790,,"[""wrought by a god,βέλεμνα, πύργοι, Q.S. 3.419 , Tryph. 40 ( v.l. θεοδμ- ).""]","[""wrought by a god""]",[],[],[],{},"[{""type"":""ref"",""target"":"""",""text"":""θεοδμ-""},{""type"":"""",""target"":"""",""text"":""v.l. θεοδμ-""}]",1,1,0,0,1,1,1,0,0
48197,9,502,n48197,θεο-κόλος,,ὁ,790,,"[""= θεηκόλος ,servant of a god, priest, SIG 684.1 (Dyme,ii B.C.), 1021.3 (Olympia,i B.C.):—hence θεο-κολέω,serve as a priest, θ. Ἀσκλαπιῷ IG 9(1).1066 (Amphissa):—also θεο-κολεύω, ib. 417 (Aetol.):""]","[""servant of a god, priest"",""serve as a priest""]",[],"[{""biblio"":"""",""quote"":""θ. Ἀσκλαπιῷ""},{""biblio"":""IG | 9(1).1066"",""quote"":""θ. Ἀσκλαπιῷ IG 9(1).1066""}]","[""IG | 9(1).1066""]",{},"[{""type"":""ref"",""target"":"""",""text"":""θεηκόλος""},{""type"":"""",""target"":"""",""text"":""= θεηκόλος""}]",1,1,0,1,1,1,2,0,2
48198,9,503,n48198,θεο-κολία,,ἡ,790,,"[""θεο-κολία,ἡ, SIG 531.32 (pl., Dyme).""]",[],[],[],[],{},[],1,0,0,0,0,1,0,0,0
48199,9,504,n48199,θεό-κραντος,,,790,,"[""accomplished or wrought by the gods, A. Ag. 1488 .""]","[""accomplished"",""wrought by the gods""]",[],[],[],{},[],1,1,0,0,0,1,2,0,0
48200,9,505,n48200,θεο-κρᾱσία,,ἡ,790,,"[""mingling with God, Iamb. VP 33.240 , Dam. Isid. 5 ."",""Divine Mingling, title of work by Pherecydes of Syros, Suid.""]","[""mingling with God"",""Divine Mingling""]","[""κρᾶσις""]",[],[],{},[],1,1,1,0,0,2,2,1,0
48201,9,506,n48201,θεο-κρᾰτία,,ἡ,790,,"[""rule of God, theocracy, J. Ap. 2.16 .""]","[""rule of God, theocracy""]","[""κράτος""]",[],[],{},[],1,1,1,0,0,1,1,1,0
48202,9,507,n48202,θεο-κρήπῑς,,ἡ,790,,"[""founded by a god, of Athens, Nonn. D. 24.96 .""]","[""founded by a god""]",[],[],[],{},[],1,1,0,0,0,1,1,0,0
48203,9,508,n48203,θεό-κρῐτος,,ὁ,790,,"[""judge of gods, of Paris, Dosiad. Ara 10 .""]","[""judge of gods""]",[],[],[],{},[],1,1,0,0,0,1,1,0,0
48204,9,509,n48204,θεό-κτητος,,,790,,"[""acquired by God, τρίποδες Aristonous 1.9 .""]","[""acquired by God""]",[],"[{""biblio"":"""",""quote"":""τρίποδες""},{""biblio"":""Aristonous | 1.9"",""quote"":""τρίποδες Aristonous 1.9""}]","[""Aristonous | 1.9""]",{},[],1,1,0,1,0,1,1,0,2
48205,9,510,n48205,θεό-κτιστος,,,790,,"["", -ον Trag.Adesp. 85 ),created, established, or founded by God,φλόξ l.c., cf. Limen. 36 ; πόλις OGI 168.4 (Egypt,ii B.C.,v.corrigenda); νομοθεσία LXX 2 Ma. 6.23 ."",""name of an eyesalve, Dessau Inscr.Lat.Sel. 8738 .""]","[""created, established"",""founded by God""]",[],"[{""biblio"":"""",""quote"":"", -ον""},{""biblio"":""Trag.Adesp. | 85"",""quote"":"", -ον Trag.Adesp. 85""},{""biblio"":"""",""quote"":""πόλις""},{""biblio"":""OGI | 168.4"",""quote"":""πόλις OGI 168.4""},{""biblio"":"""",""quote"":""νομοθεσία""},{""biblio"":""LXX | 2 Ma. | 6.23"",""quote"":""νομοθεσία LXX 2 Ma. 6.23""}]","[""LXX | 2 Ma. | 6.23"",""OGI | 168.4"",""Trag.Adesp. | 85""]",{},[],1,1,0,1,0,2,2,0,6
48206,9,511,n48206,θεό-κτῐτος,,,790,,"[""γαῖα Epigr.Gr. 223.5 .""]",[],[],"[{""biblio"":"""",""quote"":""γαῖα""},{""biblio"":""Epigr.Gr. | 223.5"",""quote"":""γαῖα Epigr.Gr. 223.5""}]","[""Epigr.Gr. | 223.5""]",{},[],1,0,0,1,0,1,0,0,2
48207,9,512,n48207,θεο-κυνεῖ:,,,790,,"[""θεο-κυνεῖ: δόξαν θείαν ἔχουσαν, Hsch. (fort.θεο-κυδῆ).""]",[],[],[],[],{},[],1,0,0,0,0,1,0,0,0
48208,9,513,n48208,θεοληπτ-έομαι,,,790,,"[""to be inspired, Ph. 1.143 .""]","[""to be inspired""]",[],[],[],{},[],1,1,0,0,0,1,1,0,0
48209,9,514,n48209,θεοληπτ-ικός,,,790,,"[""belonging to one possessed or inspired:ἡ θεοληπτική(sc.μαντεία) = θεοληψία , S.E. M. 9.132 .""]","[""belonging to one possessed"",""inspired""]",[],[],[],{},"[{""type"":""ref"",""target"":"""",""text"":""θεοληψία""},{""type"":"""",""target"":"""",""text"":""= θεοληψία""}]",1,1,0,0,1,1,2,0,0
48210,9,515,n48210,θεόληπτ-ος,,,790,,"[""possessed, inspired, Arist. EE 1214a23 , S.E. P. 2.52 , Cat.Cod.Astr. 8(4).148 ; γνώμη App. Hann. 42 , cf. Sallust. 3 , etc.; θ. εἰς ἀρετήν Plu. 2.1117a ."",""in bad sense, = θεοβλαβής , Man. 4.80 , Vett.Val. 114.12 ."",""superstitious, Plu. 2.855b .""]","[""possessed, inspired"",""superstitious""]",[],"[{""biblio"":"""",""quote"":""γνώμη""},{""biblio"":""App. | Hann. | 42"",""quote"":""γνώμη App. Hann. 42""},{""biblio"":"""",""quote"":""θ. εἰς ἀρετήν""},{""biblio"":""Plu. | 2.1117a"",""quote"":""θ. εἰς ἀρετήν Plu. 2.1117a""}]","[""App. | Hann. | 42"",""Plu. | 2.1117a""]",{},"[{""type"":""ref"",""target"":"""",""text"":""θεοβλαβής""},{""type"":"""",""target"":"""",""text"":""= θεοβλαβής""}]",1,1,0,1,1,3,2,0,4
48211,9,516,n48211,θεοληψία,,ἡ,790,,"[""inspiration, Plu. 2.763a ."",""superstition, ib. 56e ."",""frenzy, madness, Vett.Val. 210.4 (pl.).""]","[""inspiration"",""superstition"",""frenzy, madness""]",[],[],[],{},[],1,1,0,0,0,3,3,0,0
48212,9,517,n48212,θεολογ-εῖον,,τό,790,,"[""a place above the stage where gods appeared, Poll. 4.130 .""]","[""a place above the stage where gods appeared""]",[],[],[],{},[],1,1,0,0,0,1,1,0,0
48213,9,518,n48213,θεολογ-έω,,,790,,"[""discourse on the gods and cosmology, Arist. Metaph. 983b29 ; περί τινων Id. Mu. 391b4 , cf. Plu. 2.614d , etc.;Δία αὐτὸν [τὸν Φαέθοντα] ζωογόνον θεολογοῦσι call him Ζεύς ζ. Antig. Mir. 10b :— Pass. ,τὰ θεολογούμενα discourses about the gods, Plu. 2.421e (v.l.), S.E. M. 9.55 ; title of work by Asclepiades of Mendes, Suet. Aug. 94 ; τρεῖς αἱ Μοῖραι θεολογοῦνται Theol.Ar. 16 ."",""refer to a divine influence,τοὺς τόκους Sch. Ptol. Tetr. 103 .""]","[""discourse on the gods and cosmology"",""call"",""discourses about the gods"",""refer to a divine influence""]",[],"[{""biblio"":"""",""quote"":""περί τινων""},{""biblio"":""Id. | Mu. | 391b4"",""quote"":""περί τινων Id. Mu. 391b4""},{""biblio"":"""",""quote"":""τρεῖς αἱ Μοῖραι θεολογοῦνται""},{""biblio"":""Theol.Ar. | 16"",""quote"":""τρεῖς αἱ Μοῖραι θεολογοῦνται Theol.Ar. 16""}]","[""Id. | Mu. | 391b4"",""Theol.Ar. | 16""]",{},[],1,1,0,1,0,2,4,0,4
48214,9,519,n48214,θεολόγ-ια,,τά,790,,"[""dei proverbia, Gloss.""]","[""dei proverbia,""]",[],[],[],{},[],1,1,0,0,0,1,1,0,0
48215,9,520,n48215,θεολογ-ία,,ἡ,790,,"[""science of things divine, Pl. R. 379a , Phld. Piet. 72 , Porph. Marc. 15 , Iamb. Myst. 1.1 , etc.; title of an Orphic work, Dam. Pr. 124 : in pl., Arist. Mete. 353a35 ."",""oration in praise of a god, SIG 1109.115 ."",""incantation, invocation of a god, PMag.Par. 1.1037 .""]","[""science of things divine"",""oration in praise of a god"",""incantation, invocation of a god,""]",[],[],[],{},[],1,1,0,0,0,3,3,0,0
48216,9,521,n48216,θεολογ-ικός,Adv.,,790,,"[""theological,φιλοσοφία θ., i.e. metaphysics, Arist. Metaph. 1026a19 , cf. 1064b3 ; γένος Str. 10.3.23 ; πραγματεία D.H. 4.62 ; [μῦθοι] Sallust. 4 ;τὸ θ. Cleanth.Stoic. 1.108 ;οἱ θ. Olymp. in Mete. 129.19 : Comp. -ώτερος Dam. Pr. 135 .Adv. -κῶς, opp. τραγικῶς, ἀποφαίνεσθαι Plu. 2.568d , cf. lamb. Myst. 1.2 .""]","[""theological""]",[],"[{""biblio"":"""",""quote"":""γένος""},{""biblio"":""Str. | 10.3.23"",""quote"":""γένος Str. 10.3.23""},{""biblio"":"""",""quote"":""πραγματεία""},{""biblio"":""D.H. | 4.62"",""quote"":""πραγματεία D.H. 4.62""},{""biblio"":"""",""quote"":""-ώτερος""},{""biblio"":""Dam. | Pr. | 135"",""quote"":""-ώτερος Dam. Pr. 135""},{""biblio"":"""",""quote"":""τραγικῶς, ἀποφαίνεσθαι""},{""biblio"":""Plu. | 2.568d"",""quote"":""τραγικῶς, ἀποφαίνεσθαι Plu. 2.568d""}]","[""D.H. | 4.62"",""Dam. | Pr. | 135"",""Plu. | 2.568d"",""Str. | 10.3.23""]",{},[],1,1,0,1,0,1,1,0,8
48217,9,522,n48217,θεόλογ-ος,,ὁ,790,,"[""one who discourses of the gods, of poets such as Hesiod and Orpheus, Arist. Metaph. 1000a9 , S.E. M. 2.31 ; of cosmologists (like the Orphics), Arist. Metaph. 1071b27 , al., Cic. ND 3.21.53 ; θεολόγοι καὶ ποιηταί Phld. Piet. 48 ; of diviners and prophets, θ. καὶ μάντιες Philol. 14 ;οἱ Δελφῶν θ. Plu. 2.417f , cf. Luc. Alex. 19 , BMus.Inscr. 4.481 *. 295 (Ephesus,ii A.D.), IGRom. 4.1431 (Smyrna): fem., CIG 3199 , 3200 (ibid.)."",""theologian:ὁ θ.,= Moses , Ph. 2.152 , 416 .""]","[""one who discourses of the gods"",""theologian""]","[""λέγω""]","[{""biblio"":"""",""quote"":""θεολόγοι καὶ ποιηταί""},{""biblio"":""Phld. | Piet. | 48"",""quote"":""θεολόγοι καὶ ποιηταί Phld. Piet. 48""},{""biblio"":"""",""quote"":""θ. καὶ μάντιες""},{""biblio"":""Philol. | 14"",""quote"":""θ. καὶ μάντιες Philol. 14""}]","[""Philol. | 14"",""Phld. | Piet. | 48""]",{},[],1,1,1,1,0,2,2,1,4
48218,9,523,n48218,θεολωβήτης,,ὁ,790,,"[""blasphemer, Man. 4.234 .""]","[""blasphemer""]",[],[],[],{},[],1,1,0,0,0,1,1,0,0
48219,9,524,n48219,θεομᾰν-έω,,,790,,"[""to be θεομανής, Poll. 1.19 .""]","[""to be""]",[],[],[],{},[],1,1,0,0,0,1,1,0,0
48220,9,525,n48220,θεομᾰν-ής,,,790,,"[""maddened by the gods, A. Th. 653 , E. Ion 1402 ;λύσσα θ. madness caused by the gods, Id. Or. 845 ;πότμος ib. 79 .""]","[""maddened by the gods"",""caused by the gods""]",[],[],[],{},[],1,1,0,0,0,1,2,0,0
48221,9,526,n48221,θεομᾰν-ία,,ἡ,790,,"[""madness caused by God, inspiration, cj. in Ph. 1.571 (ἐνθεομανία, ἐνθέῳ μανία codd.).""]","[""madness caused by God, inspiration""]",[],[],[],{},[],1,1,0,0,0,1,1,0,0
48222,9,527,n48222,θεομαντ-εία,,ἡ,790,,"[""spirit of prophecy, D.C. 62.18 .""]","[""spirit of prophecy""]",[],[],[],{},[],1,1,0,0,0,1,1,0,0
48223,9,528,n48223,θεομαντ-εῖον,,τό,790,,"[""spell for evoking a divine revelation, PMag.Leid.V. 5.13 .""]","[""spell for evoking a divine revelation,""]",[],[],[],{},[],1,1,0,0,0,1,1,0,0
48224,9,529,n48224,θεόμαντ-ις,,ὁ,790,,"[""one who has a spirit of prophecy, an inspired person, Pl. Ap. 22c , Men. 99c , Aristid. 2.18J. , Gal. 15.442 .""]","[""one who has a spirit of prophecy, an inspired person""]",[],[],[],{},[],1,1,0,0,0,1,1,0,0
48225,9,530,n48225,θεομᾰχ-έω,,,790,,"[""fight against God or the gods, E. Ba. 45 , al., IA 1408 ; μὴ θεομάχει Men. 187 , cf. Hp. Ep. 14 , LXX 2 Ma. 7.19 , Plu. 2.168c , Arr. Epict. 3.24.24 .""]","[""fight against God"",""the gods""]",[],"[{""biblio"":"""",""quote"":""μὴ θεομάχει""},{""biblio"":""Men. | 187"",""quote"":""μὴ θεομάχει Men. 187""}]","[""Men. | 187""]",{},[],1,1,0,1,0,1,2,0,2
48226,9,531,n48226,θεομᾰχ-ία,,ἡ,790,,"[""battle of the gods, Pl. R. 378d (pl.), cf. Il. 20 . tit."",""fighting against God, Arr. Epict. 3.24.24 .""]","[""battle of the gods"",""fighting against God""]",[],[],[],{},[],1,1,0,0,0,2,2,0,0
48227,9,532,n48227,θεόμᾰχ-ος,,,790,,"[""fighting against God, Γίγαντες Scymn. 637 , cf. Act.Ap. 5.39 , Luc. JTr. 45 , Vett.Val. 331.12 .""]","[""fighting against God""]",[],"[{""biblio"":"""",""quote"":""Γίγαντες""},{""biblio"":""Scymn. | 637"",""quote"":""Γίγαντες Scymn. 637""}]","[""Scymn. | 637""]",{},[],1,1,0,1,0,1,1,0,2
48228,9,533,n48228,θεο-μηνία,,ἡ,790,,"[""wrath of God, Pall. in Hp. 2.142D. , Steph. in Hp. 1.72 D. , Eust. 891.24 .""]","[""wrath of God""]",[],[],[],{},[],1,1,0,0,0,1,1,0,0
48229,9,534,n48229,θεο-μήστωρ,,ὁ,790,,"[""like the gods in counsel, A. Pers. 655 (lyr.), IG 14.1868 ."",""Pass. ,devised by God, θεομήστορος εἰκόνα κόσμου Alex.Eph. ap. Theo Sm p.141H. (-μήτορος codd., em. Meineke); κόσμον Man. 4.7 (-μήτορα edd. vett.).""]","[""like the gods in counsel"",""devised by God""]",[],"[{""biblio"":"""",""quote"":""θεομήστορος εἰκόνα κόσμου""},{""biblio"":""Alex.Eph."",""quote"":""θεομήστορος εἰκόνα κόσμου Alex.Eph.""},{""biblio"":"""",""quote"":""κόσμον""},{""biblio"":""Man. | 4.7"",""quote"":""κόσμον Man. 4.7""}]","[""Alex.Eph."",""Man. | 4.7""]",{},[],1,1,0,1,0,2,2,0,4
48230,9,535,n48230,θεο-μητέω,,,790,,"[""to be divinely wise, Hsch.""]","[""to be divinely wise""]",[],[],[],{},[],1,1,0,0,0,1,1,0,0
48231,9,536,n48231,θεό-μητις,,ἡ,790,,"[""divinely wise, δίκη Maiist. 54 , cf. Suid.""]","[""divinely wise""]",[],"[{""biblio"":"""",""quote"":""δίκη""},{""biblio"":""Maiist. | 54"",""quote"":""δίκη Maiist. 54""}]","[""Maiist. | 54""]",{},[],1,1,0,1,0,1,1,0,2
48232,9,537,n48232,θεο-μήτωρ,,ἡ,790,,"[""mother of a god, of Olympias, mother of Alexander, Anon.Hist. ( FGrH 153 ) p.826J.""]","[""mother of a god""]",[],[],[],{},[],1,1,0,0,0,1,1,0,0
48233,9,538,n48233,θεό-μῑμος,,,790,,"[""imitating God, θ. πρᾶγμα βασιλῄα Diotog. ap. Stob. 4.7.62 .""]","[""imitating God""]",[],"[{""biblio"":"""",""quote"":""θ. πρᾶγμα βασιλῄα""},{""biblio"":""Diotog."",""quote"":""θ. πρᾶγμα βασιλῄα Diotog.""}]","[""Diotog.""]",{},[],1,1,0,1,0,1,1,0,2
48234,9,539,n48234,θεο-μῑσής,Adv.,,790,,"[""hated by the gods, opp.θεοφιλής, Pl. Euthphr. 7a , R. 612e , Them. Or. 16.21c a: Sup. -έστατος Pl. Lg. 917a , Ph. 1.653 .Adv. -σῶς Poll. 1.22 ."",""Act. ,hating God, Ar. Av. 1548 (ubi v.Sch.), Ph. 2.597 , Suid. (θεομίσης v.l. in Ar.l.c.).""]","[""hated by the gods"",""hating God""]",[],"[{""biblio"":"""",""quote"":""-έστατος""},{""biblio"":""Pl. | Lg. | 917a"",""quote"":""-έστατος Pl. Lg. 917a""},{""biblio"":"""",""quote"":""-σῶς""},{""biblio"":""Poll. | 1.22"",""quote"":""-σῶς Poll. 1.22""}]","[""Pl. | Lg. | 917a"",""Poll. | 1.22""]",{},[],1,1,0,1,0,2,2,0,4
48235,9,540,n48235,θεο-μῑσητία,,ἡ,790,,"[""θεο-μῑσητία,ἡ,=θεοισεχθρία, Sch. Ar. V. 416 .""]",[],[],[],[],{},[],1,0,0,0,0,1,0,0,0
48236,9,541,n48236,θεο-μίσητος,,,790,,"[""θεομῑσής 1 , Arist. (?) in PLit.Lond. 112 , Ph. 2.202 .""]",[],[],"[{""biblio"":"""",""quote"":""θεομῑσής""},{""biblio"":""1"",""quote"":""θεομῑσής 1""}]","[""1""]",{},[],1,0,0,1,0,1,0,0,2
48237,9,542,n48237,θεο-μοιρία,,ἡ,790,,"[""god's portion of a sacrifice, SIG 1026.20 (Cos).""]","[""god's portion""]",[],[],[],{},[],1,1,0,0,0,1,1,0,0
48238,9,543,n48238,θεό-μοιρος,,,790,,"[""partaking of the divine nature, Ecphant. ap. Stob. 4.6.22 ; φύσις Dam. Isid. 191 .""]","[""partaking of the divine nature""]",[],"[{""biblio"":"""",""quote"":""φύσις""},{""biblio"":""Dam. | Isid. | 191"",""quote"":""φύσις Dam. Isid. 191""}]","[""Dam. | Isid. | 191""]",{},[],1,1,0,1,0,1,1,0,2
48239,9,544,n48239,θεο-μόριος,,ἡ,790,,"[""θευμορίη,ἡ,destiny, Call. Epigr. 32.4 , AP 7.367 (Antip.)."",""= θεοῦ μοῖρα , but also,priest's share of the sacrifice, Hsch. :—hence θευμοριάζω, Id.""]","[""destiny"",""priest's share of the sacrifice""]",[],[],[],{},"[{""type"":""ref"",""target"":"""",""text"":""θεοῦ μοῖρα""},{""type"":"""",""target"":"""",""text"":""= θεοῦ μοῖρα""}]",1,1,0,0,1,2,2,0,0
48240,9,545,n48240,θεό-μορος,,,790,,"[""destined by the gods, imparted by them, ἀοιδαί Pi. O. 3.10 ; γάμου θεόμορον γέρας Id. I. 8(7).42 ."",""blessed by the gods, Id. P. 5.5 .""]","[""destined by the gods, imparted by them"",""blessed by the gods""]",[],"[{""biblio"":"""",""quote"":""ἀοιδαί""},{""biblio"":""Pi. | O. | 3.10"",""quote"":""ἀοιδαί Pi. O. 3.10""},{""biblio"":"""",""quote"":""γάμου θεόμορον γέρας""},{""biblio"":""Id. | I. | 8(7).42"",""quote"":""γάμου θεόμορον γέρας Id. I. 8(7).42""}]","[""Id. | I. | 8(7).42"",""Pi. | O. | 3.10""]",{},[],1,1,0,1,0,2,2,0,4
48241,9,546,n48241,θεό-μορφος,,,790,,"[""of form divine, AP 12.196 ( Strat. ).""]","[""of form divine,""]",[],[],[],{},[],1,1,0,0,0,1,1,0,0
48242,9,547,n48242,θεο-μῡθία,,ἡ,790,,"[""divine lore, mythology, Procl. Theol.Plat. 1.4 : in pl., Herm. in Phdr. p.73A. , Marin. Procl. 27 .""]","[""divine lore, mythology""]",[],[],[],{},[],1,1,0,0,0,1,1,0,0
48243,9,548,n48243,θεο-μῠσής,,,790,,"[""abominable before the gods, A. Eu. 40 .""]","[""abominable before the gods""]",[],[],[],{},[],1,1,0,0,0,1,1,0,0
48244,9,549,n48244,θεο-ξένιος,,ὁ,790,,"[""θεοξένια,τά ,festival in honour of Apollo at Pellene, Paus. l.c., Sch. Pi. O. 9.146 ; at Delphi, Michel 995 D 9 , Polemo ap. Ath. 9.372a , Plu. 2.557f ; and,of the Dioscuri at Agrigentum, Pi. O. 3 .tit.; also at Paros, IG 12(5).129.61 (ii B.C.); gloss on Θεοδαίσια , Sch. Call. Aet.Oxy. 2080.88 :—hence θεοξενιασταί,οἱ,the persons who celebrated such a festival, IG 12(5).872.114 (ii B.C.).""]","[""festival in honour of Apollo"",""of the Dioscuri"",""the persons who celebrated such a festival,""]",[],[],[],{},"[{""type"":""ref"",""target"":"""",""text"":""Θεοδαίσια""},{""type"":"""",""target"":"""",""text"":""gloss on Θεοδαίσια""}]",1,1,0,0,1,1,3,0,0
48245,9,550,n48245,θεο-παίγμων,,ὁ,790,,"[""sporting with the gods, Nonn. D. 30.210 .""]","[""sporting with the gods""]",[],[],[],{},[],1,1,0,0,0,1,1,0,0
48246,9,551,n48246,θεό-παις,,ὁ,790,,"[""child of the gods, Ἔρως AP 12.56 ( Mel. );Βαβυλών Herodic. ap. Ath. 5.222a ; λάβραξ Archestr. Fr. 45.2 ; Τύρος AP 7.419 ( Mel. ).""]","[""child of the gods""]",[],"[{""biblio"":"""",""quote"":""Ἔρως""},{""biblio"":""AP | 12.56"",""quote"":""Ἔρως AP 12.56""},{""biblio"":"""",""quote"":""λάβραξ""},{""biblio"":""Archestr. | Fr. | 45.2"",""quote"":""λάβραξ Archestr. Fr. 45.2""},{""biblio"":"""",""quote"":""Τύρος""},{""biblio"":""AP | 7.419"",""quote"":""Τύρος AP 7.419""}]","[""AP | 12.56"",""AP | 7.419"",""Archestr. | Fr. | 45.2""]",{},[],1,1,0,1,0,1,1,0,6
48247,9,552,n48247,θεό-παιστος,,,790,,"[""struck by a god, κιθάρα Hsch.""]","[""struck by a god""]",[],"[{""biblio"":"""",""quote"":""κιθάρα""},{""biblio"":""Hsch."",""quote"":""κιθάρα Hsch.""}]","[""Hsch.""]",{},[],1,1,0,1,0,1,1,0,2
48248,9,553,n48248,θεο-παράδοτος,,,790,,"[""delivered by God, Procl. in Cra. p.59 P.; λόγια Marin. Procl. 26 ; σοφία Dam. Pr. 311 .""]","[""delivered by God""]",[],"[{""biblio"":"""",""quote"":""λόγια""},{""biblio"":""Marin. | Procl. | 26"",""quote"":""λόγια Marin. Procl. 26""},{""biblio"":"""",""quote"":""σοφία""},{""biblio"":""Dam. | Pr. | 311"",""quote"":""σοφία Dam. Pr. 311""}]","[""Dam. | Pr. | 311"",""Marin. | Procl. | 26""]",{},[],1,1,0,1,0,1,1,0,4
48249,9,554,n48249,θεο-πάτωρ,,ὁ,790,,"[""son of God, title of Parthian kings,BMus.Cat.Coins Parthia p.16 , al.""]","[""son of God"",""BMus.Cat.Coins Parthia""]",[],[],[],{},[],1,1,0,0,0,1,2,0,0
48250,9,555,n48250,θεο-πειθής,,,790,791,"[""obedient to God, ὑπακοή Hierocl. in CA 24p.473M.""]","[""obedient to God""]",[],"[{""biblio"":"""",""quote"":""ὑπακοή""},{""biblio"":""Hierocl. | in CA | 24p.473M."",""quote"":""ὑπακοή Hierocl. in CA 24p.473M.""}]","[""Hierocl. | in CA | 24p.473M.""]",{},[],1,1,0,1,0,1,1,0,2
48251,9,556,n48251,θεό-πεμπτος,,,790,,"[""sent by the gods, Arist. EN 1099b15 , Plb. 32.15.14 , D.H. 1.14 ; ὄνειροι Ph. 1.620 , cf. Artem. 1.6 ; ἀτυχία D.S. 15.24 ; ἀγαθόν D.H. 4.62 ."",""superhuman, extraordinary, Longus 3.18 .""]","[""sent by the gods"",""superhuman, extraordinary""]",[],"[{""biblio"":"""",""quote"":""ὄνειροι""},{""biblio"":""Ph. | 1.620"",""quote"":""ὄνειροι Ph. 1.620""},{""biblio"":"""",""quote"":""ἀτυχία""},{""biblio"":""D.S. | 15.24"",""quote"":""ἀτυχία D.S. 15.24""},{""biblio"":"""",""quote"":""ἀγαθόν""},{""biblio"":""D.H. | 4.62"",""quote"":""ἀγαθόν D.H. 4.62""}]","[""D.H. | 4.62"",""D.S. | 15.24"",""Ph. | 1.620""]",{},[],1,1,0,1,0,2,2,0,6
48252,9,557,n48252,θεό-πιστος,,,790,,"[""faithful to God, PMasp. 151.196 (vi A.D.).""]","[""faithful to God,""]",[],[],[],{},[],1,1,0,0,0,1,1,0,0
48253,9,558,n48253,θεο-πλαστέω,,,790,,"[""make into a god, Hld. 9.9 ; θ. τὸν χρυσοῦν μόσχον Ph. 1.559 ;deify, τὸν Νεῖλον Id. 2.164 .""]","[""make into a god"",""deify""]",[],"[{""biblio"":"""",""quote"":""θ. τὸν χρυσοῦν μόσχον""},{""biblio"":""Ph. | 1.559"",""quote"":""θ. τὸν χρυσοῦν μόσχον Ph. 1.559""},{""biblio"":"""",""quote"":""τὸν Νεῖλον""},{""biblio"":""Id. | 2.164"",""quote"":""τὸν Νεῖλον Id. 2.164""}]","[""Id. | 2.164"",""Ph. | 1.559""]",{},[],1,1,0,1,0,1,2,0,4
48254,9,559,n48254,θεο-πλάστης,,ὁ,790,,"[""maker of gods, i.e.of their images, Ar. Fr. 787 ."",""the divine Creator, Ph. 2.490 .""]","[""maker of gods"",""of their images"",""the divine Creator""]",[],[],[],{},[],1,1,0,0,0,2,3,0,0
48255,9,560,n48255,θεο-πληγής,,,790,,"[""v. -πλήξ .""]",[],[],[],[],{},"[{""type"":""ref"",""target"":"""",""text"":""-πλήξ""},{""type"":"""",""target"":"""",""text"":""v. -πλήξ""}]",1,0,0,0,1,1,0,0,0
48256,9,561,n48256,θεό-πληκτος,,,790,,"[""stricken of God, Hsch. (in Dor. form-πλακτος).""]","[""stricken of God""]",[],[],[],{},[],1,1,0,0,0,1,1,0,0
48257,9,562,n48257,θεο-πλήξ,,ὁ,790,,"[""θεόπληκτος, θεοπλήγεσσιν ἐοικότας εἰδώλοισιν Maiist. 60 (unless-πληγέσσιν from θεο-πληγής,ές).""]",[],[],"[{""biblio"":"""",""quote"":""θεόπληκτος, θεοπλήγεσσιν ἐοικότας εἰδώλοισιν""},{""biblio"":""Maiist. | 60"",""quote"":""θεόπληκτος, θεοπλήγεσσιν ἐοικότας εἰδώλοισιν Maiist. 60""}]","[""Maiist. | 60""]",{},[],1,0,0,1,0,1,0,0,2
48258,9,563,n48258,θεο-πληξία,,ἡ,790,,"[""θεο-πληξία,ἡ,=θεοβλάβεια, Oenom. ap. Eus. PE 5.36 .""]",[],[],[],[],{},[],1,0,0,0,0,1,0,0,0
48259,9,564,n48259,θεό-πλοκος,,,790,,"[""θεό-πλοκος,ον,=πρὸς θεοὺς προσπλεκόμενος, Cat.Cod.Astr. 8(4).166 .""]",[],[],[],[],{},[],1,0,0,0,0,1,0,0,0
48260,9,565,n48260,θεό-πνευ-στος,,,790,,"[""inspired of God, σοφίη Ps.-Phoc. 129 ; ὄνειροι Plu. 2.904f ; πᾶσα γραφή 2 Ep.Ti. 3.16 ; δημιούργημα Vett.Val. 330.19 .""]","[""inspired of God""]",[],"[{""biblio"":"""",""quote"":""σοφίη""},{""biblio"":""Ps.-Phoc. | 129"",""quote"":""σοφίη Ps.-Phoc. 129""},{""biblio"":"""",""quote"":""ὄνειροι""},{""biblio"":""Plu. | 2.904f"",""quote"":""ὄνειροι Plu. 2.904f""},{""biblio"":"""",""quote"":""πᾶσα γραφή""},{""biblio"":""2 Ep.Ti. | 3.16"",""quote"":""πᾶσα γραφή 2 Ep.Ti. 3.16""},{""biblio"":"""",""quote"":""δημιούργημα""},{""biblio"":""Vett.Val. | 330.19"",""quote"":""δημιούργημα Vett.Val. 330.19""}]","[""2 Ep.Ti. | 3.16"",""Plu. | 2.904f"",""Ps.-Phoc. | 129"",""Vett.Val. | 330.19""]",{},[],1,1,0,1,0,1,1,0,8
48261,9,566,n48261,θεό-πνοος,,,790,,"[""θ. γενόμενος Corp.Herm. 1.30 ; θ. ὕδωρ Numen. ap. Porph. Antr. 10 ;πρόσωπον, of the Sphinx, Epigr.Gr. 1016 .""]",[],[],"[{""biblio"":"""",""quote"":""θ. γενόμενος""},{""biblio"":""Corp.Herm. | 1.30"",""quote"":""θ. γενόμενος Corp.Herm. 1.30""},{""biblio"":"""",""quote"":""θ. ὕδωρ""},{""biblio"":""Numen."",""quote"":""θ. ὕδωρ Numen.""}]","[""Corp.Herm. | 1.30"",""Numen.""]",{},[],1,0,0,1,0,1,0,0,4
48262,9,567,n48262,θεοποι-έω,,,790,,"[""make into gods, deify, τὰ θνητά D.H. 2.56 , cf. Luc. Scyth. 1 ; Πυθαγόραν S.E. M. 7.94 ."",""make divine, ἄνθρωπον θ. αἱ ἐπιστῆμαι Hierocl. inCA Praef. p.417M.""]","[""make into gods, deify"",""make divine"",""inCA Praef.""]",[],"[{""biblio"":"""",""quote"":""τὰ θνητά""},{""biblio"":""D.H. | 2.56"",""quote"":""τὰ θνητά D.H. 2.56""},{""biblio"":"""",""quote"":""Πυθαγόραν""},{""biblio"":""S.E. | M. | 7.94"",""quote"":""Πυθαγόραν S.E. M. 7.94""},{""biblio"":"""",""quote"":""ἄνθρωπον θ. αἱ ἐπιστῆμαι""},{""biblio"":""Hierocl."",""quote"":""ἄνθρωπον θ. αἱ ἐπιστῆμαι Hierocl.""}]","[""D.H. | 2.56"",""Hierocl."",""S.E. | M. | 7.94""]",{},[],1,1,0,1,0,2,3,0,6
48263,9,568,n48263,θεοποι-ητικός,,,790,,"[""able to make gods:ἡ -κή(sc.τέχνη)the art of making statues of gods, Poll. 1.13 .""]","[""able to make gods"",""the art of making statues of gods""]",[],[],[],{},[],1,1,0,0,0,1,2,0,0
48264,9,569,n48264,θεοποί-ητος,,,790,,"[""made by the gods, or by God, Isoc. 7.62 .""]","[""made by the gods"",""by God""]",[],[],[],{},[],1,1,0,0,0,1,2,0,0
48265,9,570,n48265,θεοποι-ί̈α,,ἡ,790,,"[""making of gods, Porph. Abst. 4.9 ;of their statutes, Poll. 1.13 ."",""being made divine, ἵνα κατὰ ἀφαίρεσιν τοῦ βροτοῦ ἡ θ. ἡμῶν νοῆται Hierocl. in CA 27p.483M.""]","[""making of gods"",""of their statutes"",""being made divine""]",[],"[{""biblio"":"""",""quote"":""ἵνα κατὰ ἀφαίρεσιν τοῦ βροτοῦ ἡ θ. ἡμῶν νοῆται""},{""biblio"":""Hierocl. | in CA | 27p.483M."",""quote"":""ἵνα κατὰ ἀφαίρεσιν τοῦ βροτοῦ ἡ θ. ἡμῶν νοῆται Hierocl. in CA 27p.483M.""}]","[""Hierocl. | in CA | 27p.483M.""]",{},[],1,1,0,1,0,2,3,0,2
48266,9,571,n48266,θεοποι-ός,,,790,,"[""making gods, Ar. Fr. 786 ;ἁ θ. τέχνα, = θεοποιητική , AP 9.774 ( Glauc. ); οὐ θ. τις ἀλλ' ἀνθρωποποιὸς ὤν Luc. Philops. 20 ."",""making into gods, deifying, Dam. (?)ap. Suid. s.v. ἀποκλήρωσις; παραγγέλματα Hierocl. inCA 19p.462M.""]","[""making gods"",""making into gods, deifying"",""inCA""]",[],"[{""biblio"":"""",""quote"":""οὐ θ. τις ἀλλ' ἀνθρωποποιὸς ὤν""},{""biblio"":""Luc. | Philops. | 20"",""quote"":""οὐ θ. τις ἀλλ' ἀνθρωποποιὸς ὤν Luc. Philops. 20""}]","[""Luc. | Philops. | 20""]",{},"[{""type"":""ref"",""target"":"""",""text"":""θεοποιητική""},{""type"":"""",""target"":"""",""text"":""= θεοποιητική""},{""type"":""ref"",""target"":"""",""text"":""ἀποκλήρωσις; παραγγέλματα""},{""type"":"""",""target"":"""",""text"":""s.v. ἀποκλήρωσις; παραγγέλματα""}]",1,1,0,1,1,2,3,0,2
48267,9,572,n48267,θεο-πολέω,,,790,,"[""minister in things divine, Pl. Lg. 909d .""]","[""minister in things divine""]",[],[],[],{},[],1,1,0,0,0,1,1,0,0
48268,9,573,n48268,θεο-πόλος,,ὁ,790,,"[""priest; v. θεηπόλος .""]","[""priest""]",[],[],[],{},"[{""type"":""ref"",""target"":"""",""text"":""θεηπόλος""},{""type"":"""",""target"":"""",""text"":""v. θεηπόλος""}]",1,1,0,0,1,1,1,0,0
48269,9,574,n48269,θεο-πομπεῖν:,,,790,,"[""θεο-πομπεῖν: ἐνθουσιᾶν, Hsch. (Fort.-προπεῖν.)""]",[],[],[],[],{},[],1,0,0,0,0,1,0,0,0
48270,9,575,n48270,θεό-πομπος,Adj.,τό,790,,"[""θεόπεμπτος, τιμαί Pi. P. 4.69 ; τύχα B. 16.132 (_ _ ^);πόμα, as pr. n., Aët. 11.11 ."",""pr. n.Θεόπομπος:hence,Adj. Θεοπόμπειον(sc.μέτρον),τό, Cretic pentameter used by Theopomp.Com. , Heph. 13.5 .""]",[],[],"[{""biblio"":"""",""quote"":""θεόπεμπτος, τιμαί""},{""biblio"":""Pi. | P. | 4.69"",""quote"":""θεόπεμπτος, τιμαί Pi. P. 4.69""},{""biblio"":"""",""quote"":""τύχα""},{""biblio"":""B. | 16.132"",""quote"":""τύχα B. 16.132""}]","[""B. | 16.132"",""Pi. | P. | 4.69""]",{},[],1,0,0,1,0,2,0,0,4
48271,9,576,n48271,θεο-πόνητος,,,790,,"[""prepared by the gods,λέχη, of Helen, E. Tr. 953 , Hel. 584 .""]","[""prepared by the gods""]",[],[],[],{},[],1,1,0,0,0,1,1,0,0
48272,9,577,n48272,θεοπρέπ-εια,,ἡ,790,,"[""divine majesty, τῆς προσόψεως D.S. 5.43 , cf. 11.89 .""]","[""divine majesty""]",[],"[{""biblio"":"""",""quote"":""τῆς προσόψεως""},{""biblio"":""D.S. | 5.43"",""quote"":""τῆς προσόψεως D.S. 5.43""}]","[""D.S. | 5.43""]",{},[],1,1,0,1,0,1,1,0,2
48273,9,578,n48273,θεοπρεπ-ής,Adv.,,790,,"[""meet for a god, Ἥρας δῶμα Pi. N. 10.2 ; πεδίον D.S. 11.89 ;πομπή, μορφή, Plu. Dio 28 , 2.780a ; ὀνόματα Max.Tyr. 6.2 ;marvellous, θέαμα Plu. Alc. 34 , etc.; τὸ θ. τῶν διατεταγμένων Ph. 2.137 : Sup. -έστατος, ἄγαλμα Plu. 2.780f .Adv. -πῶς IG 5(1).1390.3 (Andania,i B.C.), D.S. 4.2 , Ph. 1.154 , al., Luc. Alex. 15 , etc.""]","[""meet for a god"",""marvellous""]",[],"[{""biblio"":"""",""quote"":""Ἥρας δῶμα""},{""biblio"":""Pi. | N. | 10.2"",""quote"":""Ἥρας δῶμα Pi. N. 10.2""},{""biblio"":"""",""quote"":""πεδίον""},{""biblio"":""D.S. | 11.89"",""quote"":""πεδίον D.S. 11.89""},{""biblio"":"""",""quote"":""ὀνόματα""},{""biblio"":""Max.Tyr. | 6.2"",""quote"":""ὀνόματα Max.Tyr. 6.2""},{""biblio"":"""",""quote"":""θέαμα""},{""biblio"":""Plu. | Alc. | 34"",""quote"":""θέαμα Plu. Alc. 34""},{""biblio"":"""",""quote"":""τὸ θ. τῶν διατεταγμένων""},{""biblio"":""Ph. | 2.137"",""quote"":""τὸ θ. τῶν διατεταγμένων Ph. 2.137""},{""biblio"":"""",""quote"":""-έστατος, ἄγαλμα""},{""biblio"":""Plu. | 2.780f"",""quote"":""-έστατος, ἄγαλμα Plu. 2.780f""},{""biblio"":"""",""quote"":""-πῶς""},{""biblio"":""IG | 5(1).1390.3"",""quote"":""-πῶς IG 5(1).1390.3""}]","[""D.S. | 11.89"",""IG | 5(1).1390.3"",""Max.Tyr. | 6.2"",""Ph. | 2.137"",""Pi. | N. | 10.2"",""Plu. | 2.780f"",""Plu. | Alc. | 34""]",{},[],1,1,0,1,0,1,2,0,14
48274,9,579,n48274,θεόπρεπ-τος,,,790,,"[""θεόπρεπ-τος,ον,= foreg.,v.l. in A. Pers. 905 (lyr.).""]",[],[],[],[],{},[],1,0,0,0,0,1,0,0,0
48275,9,580,n48275,θεο-προπέω,,,790,,"[""prophesy, but only in part.masc., θεοπροπέων ἀγορεύεις Il. 1.109 , cf. Od. 2.184 , Pi. P. 4.190 , A.R. 2.922 ."",""to be a θεοπρόπος 11, in Boeot. form θιοπρ-, IG 7.3207 (Orchom.).""]","[""prophesy"",""to be a""]",[],"[{""biblio"":"""",""quote"":""θεοπροπέων ἀγορεύεις""},{""biblio"":""Il. | 1.109"",""quote"":""θεοπροπέων ἀγορεύεις Il. 1.109""},{""biblio"":"""",""quote"":""θεοπρόπος""},{""biblio"":"""",""quote"":""θεοπρόπος 11""}]","[""Il. | 1.109""]",{},[],1,1,0,1,0,2,2,0,4
48276,9,581,n48276,θεο-προπία,,ἡ,790,,"[""prophecy, oracle, Il. 1.87 , Od. 1.415 , etc.""]","[""prophecy, oracle""]",[],[],[],{},[],1,1,0,0,0,1,1,0,0
48277,9,582,n48277,θεο-πρόπιον,,τό,790,,"[""θεοπροπίων ἐύ̈ εἰδώς 6.438 : in Prose, ἐκ θεοπροπίου Hdt. 1.7 , 165 , al.;κατὰ τὸ θ. ib. 68 , cf. Heraclid.Lemb. Oxy. 1367.39 , Ph. 1.514 (pl.).""]",[],[],"[{""biblio"":"""",""quote"":""θεοπροπίων ἐύ̈ εἰδώς""},{""biblio"":""6.438"",""quote"":""θεοπροπίων ἐύ̈ εἰδώς 6.438""},{""biblio"":"""",""quote"":""ἐκ θεοπροπίου""},{""biblio"":""Hdt. | 1.7"",""quote"":""ἐκ θεοπροπίου Hdt. 1.7""}]","[""6.438"",""Hdt. | 1.7""]",{},[],1,0,0,1,0,1,0,0,4
48278,9,583,n48278,θεο-πρόπος,Subst.,τό,790,,"[""prophetic, οἰωνιστής Il. 13.70 ; ἔπος S. Tr. 822 (lyr.); ἦτορ Q.S. 12.534 ."",""Subst.,seer, prophet, Il. 12.228 , Od. 1.416 ; of Moses , Ph. 1.199 ."",""θεοπρόπον,τό ,=θεοπροπία, Call. Lav. Pall. 125 (pl.)."",""public messenger sent to inquire of an oracle, Ion. for θεωρός, Hdt. 1.48 , al., A. Pr. 659 , IG 12(5).141.9 (Paros,iii B.C.), SIG 548.2 (Delph.,iii B.C.), Plu. Cim. 18 : pl., as pr. n. of a family (=Θεοπροπίδαι, cf. D.L. 2.125 ), Porph. Abst. 2.9 . (-προπο-assim. fr.-προκο-, cf. Lat.procus, precor.)""]","[""prophetic"",""seer, prophet"",""public messenger sent to inquire of an oracle"",""procus, precor.""]",[],"[{""biblio"":"""",""quote"":""οἰωνιστής""},{""biblio"":""Il. | 13.70"",""quote"":""οἰωνιστής Il. 13.70""},{""biblio"":"""",""quote"":""ἔπος""},{""biblio"":""S. | Tr. | 822"",""quote"":""ἔπος S. Tr. 822""},{""biblio"":"""",""quote"":""ἦτορ""},{""biblio"":""Q.S. | 12.534"",""quote"":""ἦτορ Q.S. 12.534""}]","[""Il. | 13.70"",""Q.S. | 12.534"",""S. | Tr. | 822""]",{},[],1,1,0,1,0,4,4,0,6
48279,9,584,n48279,θεο-πρόσπλοκος,,,790,,"[""very religious, as gloss on ἱεροπρόσπολος , Procl. Par.Ptol. 224 .""]","[""very religious""]",[],[],[],{},"[{""type"":""ref"",""target"":"""",""text"":""ἱεροπρόσπολος""},{""type"":"""",""target"":"""",""text"":""gloss on ἱεροπρόσπολος""}]",1,1,0,0,1,1,1,0,0
48280,9,585,n48280,θεο-πρόσπολος,,,790,,"[""θεο-πρόσπολος,= foreg., Ptol. Tetr. 71 , 155 (where Procl. renders προσπλεκόμενοι πρὸς τὸ θεῖον(πρὸς θεούς)).""]",[],"[""πρὸς θεούς""]",[],[],{},[],1,0,1,0,0,1,0,1,0
48281,9,586,n48281,θεόπτ-ης,,ὁ,790,,"[""seeing God, of Moses , Ph. 1.579 (s. v.l.).""]","[""seeing God""]","[""ὁράω, ὄψομαι""]",[],[],{},[],1,1,1,0,0,1,1,1,0
48282,9,587,n48282,θεοπτ-ία,,ἡ,790,,"[""divine vision, Hsch.""]","[""divine vision""]",[],[],[],{},[],1,1,0,0,0,1,1,0,0
48283,9,588,n48283,θεοπτ-ικός,,,790,,"[""of or for a θεόπτης:ἡ θ. δύναμις the power of seeing God, Herm. ap. Stob. 1.3.52 , 3.11.31 ; ἡ θ. ψυχή Iamb. Myst. 8.6 .""]","[""of"",""for a"",""of seeing God""]",[],"[{""biblio"":"""",""quote"":""ἡ θ. ψυχή""},{""biblio"":""Iamb. | Myst. | 8.6"",""quote"":""ἡ θ. ψυχή Iamb. Myst. 8.6""}]","[""Iamb. | Myst. | 8.6""]",{},[],1,1,0,1,0,1,3,0,2
48284,9,589,n48284,θεό-πτυστος,,,790,,"[""detested by the gods, γένος A. Th. 604 .""]","[""detested by the gods""]",[],"[{""biblio"":"""",""quote"":""γένος""},{""biblio"":""A. | Th. | 604"",""quote"":""γένος A. Th. 604""}]","[""A. | Th. | 604""]",{},[],1,1,0,1,0,1,1,0,2
48285,9,590,n48285,θεό-πῠρος,,,790,,"[""kindled by the gods, φλόξ E. El. 732 (lyr.).""]","[""kindled by the gods""]","[""πῦρ""]","[{""biblio"":"""",""quote"":""φλόξ""},{""biblio"":""E. | El. | 732"",""quote"":""φλόξ E. El. 732""}]","[""E. | El. | 732""]",{},[],1,1,1,1,0,1,1,1,2
48286,9,591,n48286,θεό-ρακτος,,,790,,"[""struck, i.e.maddened, by God, nickname of Θεόμναστος, Cic. Verr. 4.66.148 .""]","[""struck"",""maddened, by God""]","[""ῥάσσω""]",[],[],{},[],1,1,1,0,0,1,2,1,0
48287,9,592,n48287,θεόργητος,,,790,,"[""v. θεωρέω .""]",[],[],[],[],{},"[{""type"":""ref"",""target"":"""",""text"":""θεωρέω""},{""type"":"""",""target"":"""",""text"":""v. θεωρέω""}]",1,0,0,0,1,1,0,0,0
48288,9,593,n48288,θεό-ρρητος,,τό,790,,"[""spoken of God, μέτρον AP 9.505 ;εὐεπίαι Epic. in BKT 5(1)p . 118 ."",""Θεόρρητον,τό, name of a building at Delos, IG 11(2).199 A 103 (iii B.C.), Inscr.Délos 312.1 ; elsewh. τὸν οἶκον τὸν Θ-ου IG 11(2).163 Ba 6 (iii B.C.), al.""]","[""spoken of God""]",[],"[{""biblio"":"""",""quote"":""μέτρον""},{""biblio"":""AP | 9.505"",""quote"":""μέτρον AP 9.505""},{""biblio"":"""",""quote"":""τὸν οἶκον τὸν Θ-ου""},{""biblio"":""IG | 11(2).163"",""quote"":""τὸν οἶκον τὸν Θ-ου IG 11(2).163""}]","[""AP | 9.505"",""IG | 11(2).163""]",{},[],1,1,0,1,0,2,1,0,4
48289,9,594,n48289,θεό-ρρῠτος,,,790,,"[""flowing from the gods, λύθρος Opp. H. 5.9 .""]","[""flowing from the gods""]",[],"[{""biblio"":"""",""quote"":""λύθρος""},{""biblio"":""Opp. | H. | 5.9"",""quote"":""λύθρος Opp. H. 5.9""}]","[""Opp. | H. | 5.9""]",{},[],1,1,0,1,0,1,1,0,2
48290,9,595,n48290,θέορτος,,,790,,"[""sprung from the gods, ὄλβος Pi. O. 2.36 ; θέορτον ἢ βρότειον A. Pr. 765 .""]","[""sprung from the gods""]","[""ὄρνυμαι""]","[{""biblio"":"""",""quote"":""ὄλβος""},{""biblio"":""Pi. | O. | 2.36"",""quote"":""ὄλβος Pi. O. 2.36""},{""biblio"":"""",""quote"":""θέορτον ἢ βρότειον""},{""biblio"":""A. | Pr. | 765"",""quote"":""θέορτον ἢ βρότειον A. Pr. 765""}]","[""A. | Pr. | 765"",""Pi. | O. | 2.36""]",{},[],1,1,1,1,0,1,1,1,4
48291,9,596,n48291,θεός,Adj.,ὁ,790,,"[""θεέ LXX De. 3.24 , Ev.Matt. 27.46 , PMag.Lond. 121.529 , etc.; but classical in compd. names,Ἀμφίθεε, Τιμόθεε:—God, the Deity, in general sense, both sg. and pl. ( εἰ καὶ ἐπὶ θεοὺς καὶ ἔτι μᾶλλον ἐπὶ θεὸν ἁρμόζει μεταφέρειν Plot. 6.8.1 ),θ. δὲ τὸ μὲν δώσει τὸ δ' ἐάσει God will grant . . , Od. 14.444 ; οὐδέ κεν ἄλλως οὐδὲ θ. τεύξειε 8.177 , cf. 3.231 , Il. 13.730 (also θεὸς Ζεύς Od. 4.236 , 14.327 ); θ. καὶ ἀγαθὴ τύχη Pl. Lg. 757e , cf. Timocl. 3 D. ; σὺν θεῷ Il. 9.49 , S. Aj. 765 , etc. (less freq.ξὺν τῷ θ. ib. 383 );σὺν θ. Εἰρημ<> νον Hdt. 1.86 , cf. 3.153 ; σὺν θ. εἰπεῖν Pl. Prt. 317b : so in pl., σύν γε θεοῖσιν Il. 24.430 ; οὔ τοι ἄνευ θεοῦ Od. 2.372 ;οὐ θεῶν ἄτερ pi. P. 5.76 ; ἐκ θεόφι Il. 17.101 ;ὑπὲρ θεόν against his will, 17.327 ; ἂν θ. θέλῃ Alex. 231 ; θ. θέλοντος Men. Mon. 671 : in pl., ἂν θεοὶ θέλωσιν Alex. 247 ;θεῶν συνεθελόντων, βουλομένων, X. Eq.Mag. 9.8 , Luc. Macr. 29 ; εἰ ὀρθῶς ἢ μή, θ. οἶδε Pl. Phdr. 266b , cf. R. 517b , etc.; in oaths, θ. ἴστω S. OC 522 (lyr.), etc.; πρὸς θεῶν Hdt. 5.49 , D. 1.15 , etc.: τοὺς θεούς σοι bless you! good heavens! for heaven's sake! M.Ant. 7.17 , Arr. Epict. 2.19.15 , al.;τὸν θ. σοι ib. 3.7.19 , al.: qualified by τις, Od. 9.142 , etc.; οὐκ ἄνευ θεῶν τινος A. Pers. 164 (troch.), E. Ba. 764 ; κατὰ θεόν τινα Id. IA 411 , Pl. Euthd. 272e ; κατὰ θεόν πως εἰρημένα Id. Lg. 682a : doubled in poets, θεὸν θεόν τις ἀγλαϊζέτω B. 3.21 , cf. Diagor. 1 ; θεοὶ θεοὶ τῶν ἀδίκων μέλουσι E. HF 772 , cf. Paus.Gr. Fr. 203 ;θεοί(Cret.θιοί) as an opening formula in Inscrr. (sc.τύχην ἀγαθὴν διδοῖεν), Leg.Gort. 1.1 , IG 12.52 , etc.: sg.,θ. τύχη ib. 5(2).1 , etc.: in Prose also with the Art., ὁ θ. πάντων ἂν εἴη αἴτιος Pl. R. 379c , cf. Lg. 716c , etc.;τὰ πρὸς τοὺς θ., τὰ παρὰ τῶν θ., X. Mem. 1.3.1 , 2.6.8 ."",""θεοί, opp. ἄνδρες, πατὴρ ἀνδρῶν τε θεῶν τε Il. 1.544 ; ὃν Ξάνθον καλέουσι θ., ἄνδρες δὲ Σκάμανδρον 20.74 : in Comparisons, θεοῖσιν ἶς' ἔθελε φρονέειν 5.440 ; θεοῖς ἐναλίγκια μήδεα Od. 13.89 ; also in sg., θεῷ ἐναλίγκιος αὐδήν Il. 19.250 ; θεὸς ὥς 5.78 ; ὥς τε θεός 3.381 : prov.,θεὸς πρὸς ἀνθρώπους, of an 'angel's visit', Herod. 1.9 ."",""of special divinities,νέρτεροι θ. A. Pers. 622 , S. Ant. 602 (lyr.);ἐνέρτεροι θ. Il. 15.225 ;οἱ κάτωθεν θ. S. Ant. 1070 ; θ. οὐράνιοι h.Cer. 55 , A. Ag. 90 (anap.);οἱ δώδεκα θ. Ar. Eq. 235 , X. Eq.Mag. 3.2 , IG 22.30 , etc.;μὰ τοὺς δώδεκα θ. Men. Sam. 91 ; in dual,τὼ σιώ( Lacon. ), of Castor and Pollux,ναὶ τὼ ς. X. An. 6.6.34 , HG 4.4.10 , Ar. Lys. 81 : so in Boeot. , of Amphion and Zethus,νεὶ τὼ σιώ(leg.θιώ) Id. Ach. 905 ."",""ὁ θ., of natural phenomena,ὁ θ. ὕει(sc.Ζεύς) Hdt. 2.13 ; ὁ θ. ἐνέσκηψε βέλος Id. 4.79 ;ἔσεισεν ὁ θ. (sc.Ποσειδῶν) X. HG 4.7.4 ; of the sun, Hdt. 2.24 , A. Pers. 502 , E. Alc. 722 ;δύνοντος τοῦ θ. App. BC 4.79 ; the weather,τί δοκεῖ τὰ τοῦ θεοῦ; Thphr. Char. 25.2 ."",""Astrol.,θεοί,=ἀστέρες, Jul. Laod.in Cat.Cod.Astr. 8(4).252 ."",""θεός(sc.Ἥλιος), name of the 9t h τόπος, Rhetor.ib. 163 , etc."",""metaph., of abstract things, τὸ δ' εὐτυχεῖν τόδ' ἐν βροτοῖς θεός τε καὶ θεοῦ πλέον A. Ch. 60 ; ἡ φρόνησις ἁγαθὴ θ. μέγας S. Fr. 922 ; θ. γὰρ καὶ τὸ γιγνώσκειν φίλους E. Hel. <*> 60 ;ὁ πλοῦτος τοῖς σοφοῖς θ. Id. Cyc. 316 ;φθόνος κάκιστος θ. Hippothoon 2 ."",""as title of rulers,θεῶν ἀδελφῶν(sc. Ptolemy Il and Arsinoe), Herod. 1.30 , etc.; Πτολεμαῖος ὑπάρχων θεὸς ἐκ θεοῦ καὶ θεᾶς OGI 90.10 (Rosetta,ii B.C.); Ἀντίοχος ὅτῳ θεὸς ἐπώνυμον γίγνεται App. Syr. 65 ;θεὸς ἐκ θεοῦ, of Augustus, OGI 655.2 (Egypt, 24 B.C.); θ. ἡμῶν καὶ δεσπότης IPE 4.71 (Cherson.,ii A.D.)."",""=Lat.Divus, Mon.Anc.Gr. 10.4 , Str. 4.1.1 , etc.;οἱ ἐν θεοῖς αὐτοκράτορες,=divi Imperatores, IG 12(1).786 (Rhodes)."",""generally of the dead, καὶ ζῶντός σου καὶ εἰς θεοὺς ἀπελθόντος PPetr. 2p.45 (iii B.C.);θεοῖς χθονίοις,= Lat.Dis Manibus, IG 14.30 ,al."",""one set in authority, judge,τὸ κριτήριον τοῦ θ., ἐνώπιον τοῦ θ., LXX Ex. 21.6 , 22.8 ;θεοὺς οὐ κακολογήσεις ib. 22.28(27) ."",""θεός fem.,goddess, μήτε θήλεια θεός, μήτε τις ἄρσην Il. 8.7 , cf. Hdt. 2.35 , al.; τοῖς θεοῖς εὔχομαι πᾶσι καὶ πάσαις D. 18.1 , cf. 141 , Orac.ib. 21.52 ; esp. at Athens, of Athena, Decr. ap. And. 1.77 , Pl. Ti. 21a , etc.;ἁ Διὸς θεός, Ζηνὸς ἡ θ., S. Aj. 401 (lyr.), 952 (ἡ Διὸς θεά ib. 450 ); of other goddesses, ποντία θεός Pi. I. 8(7).36 ;ἡ νερτέρα θ.,=Περσεφόνη, S. OC 1548 , etc.; of Thetis, Pl. Ap. 28c ; of Niobe, S. El. 150 (lyr.), Ant. 834 (anap.): in dual, of Demeter and Persephone, τὰ τοῖν θεοῖν ψηφίσματα Ar. V. 378 (lyr.); οὐδ' ἔδεισε τὼ θεώ And. 1.125 ; freq. in oaths, νὴ τὼ θεώ Ar. Lys. 112 ; μὰ τὼ θεώ Id. Ec. 155 , 532 ."",""as Adj.in Comp. θεώτερος,divine,θύραι θ., opp.καταιβαταὶ ἀνθρώποισιν, Od. 13.111 ;χορὸς θ. Call. Ap. 93 , cf. Dian. 249 , D.P. 257 . (Derived by Hdt. 2.52 fr.τίθημι(κόσμῳ θέντες τὰ πρήγματα), by Pl. Cra. 397d fr.θεῖν. Etym. dub.) [In Ep. (twice in Hom. ) and Trag. ( E. Ba. 47 , 1347 , al., not in Com.), as monosyll. by synizesis, θεοί Il. 1.18 , Thgn. 142 ; θεῶν h.Cer. 55 , 259 ; θεοῖς Thgn. 171 ; θεοῖσιν Od. 14.251 ; θεούς h.Cer. 325 : even in nom.θεός before a vowel, E. Or. 399 (cf. Pors. ad loc.), HF 347 ; in Pi. P. 1.56 apptly. a short monosyll.]""]","[""God, the Deity"",""against his will"",""bless you! good heavens! for heaven's sake!"",""weather"",""Divus,"",""divi Imperatores,"",""Dis Manibus,"",""one set in authority, judge"",""goddess"",""divine""]","[""κόσμῳ θέντες τὰ πρήγματα""]","[{""biblio"":"""",""quote"":""θεέ""},{""biblio"":""LXX | De. | 3.24"",""quote"":""θεέ LXX De. 3.24""},{""biblio"":"""",""quote"":""εἰ καὶ ἐπὶ θεοὺς καὶ ἔτι μᾶλλον ἐπὶ θεὸν ἁρμόζει μεταφέρειν""},{""biblio"":""Plot. | 6.8.1"",""quote"":""εἰ καὶ ἐπὶ θεοὺς καὶ ἔτι μᾶλλον ἐπὶ θεὸν ἁρμόζει μεταφέρειν Plot. 6.8.1""},{""biblio"":"""",""quote"":""οὐδέ κεν ἄλλως οὐδὲ θ. τεύξειε""},{""biblio"":""8.177"",""quote"":""οὐδέ κεν ἄλλως οὐδὲ θ. τεύξειε 8.177""},{""biblio"":"""",""quote"":""θεὸς Ζεύς""},{""biblio"":""Od. | 4.236"",""quote"":""θεὸς Ζεύς Od. 4.236""},{""biblio"":"""",""quote"":""θ. καὶ ἀγαθὴ τύχη""},{""biblio"":""Pl. | Lg. | 757e"",""quote"":""θ. καὶ ἀγαθὴ τύχη Pl. Lg. 757e""},{""biblio"":"""",""quote"":""σὺν θεῷ""},{""biblio"":""Il. | 9.49"",""quote"":""σὺν θεῷ Il. 9.49""},{""biblio"":"""",""quote"":""σὺν θ. εἰπεῖν""},{""biblio"":""Pl. | Prt. | 317b"",""quote"":""σὺν θ. εἰπεῖν Pl. Prt. 317b""},{""biblio"":"""",""quote"":""σύν γε θεοῖσιν""},{""biblio"":""Il. | 24.430"",""quote"":""σύν γε θεοῖσιν Il. 24.430""},{""biblio"":"""",""quote"":""οὔ τοι ἄνευ θεοῦ""},{""biblio"":""Od. | 2.372"",""quote"":""οὔ τοι ἄνευ θεοῦ Od. 2.372""},{""biblio"":"""",""quote"":""ἐκ θεόφι""},{""biblio"":""Il. | 17.101"",""quote"":""ἐκ θεόφι Il. 17.101""},{""biblio"":"""",""quote"":""ἂν θ. θέλῃ""},{""biblio"":""Alex. | 231"",""quote"":""ἂν θ. θέλῃ Alex. 231""},{""biblio"":"""",""quote"":""θ. θέλοντος""},{""biblio"":""Men. | Mon. | 671"",""quote"":""θ. θέλοντος Men. Mon. 671""},{""biblio"":"""",""quote"":""ἂν θεοὶ θέλωσιν""},{""biblio"":""Alex. | 247"",""quote"":""ἂν θεοὶ θέλωσιν Alex. 247""},{""biblio"":"""",""quote"":""εἰ ὀρθῶς ἢ μή, θ. οἶδε""},{""biblio"":""Pl. | Phdr. | 266b"",""quote"":""εἰ ὀρθῶς ἢ μή, θ. οἶδε Pl. Phdr. 266b""},{""biblio"":"""",""quote"":""θ. ἴστω""},{""biblio"":""S. | OC | 522"",""quote"":""θ. ἴστω S. OC 522""},{""biblio"":"""",""quote"":""πρὸς θεῶν""},{""biblio"":""Hdt. | 5.49"",""quote"":""πρὸς θεῶν Hdt. 5.49""},{""biblio"":"""",""quote"":""τοὺς θεούς σοι""},{""biblio"":""M.Ant. | 7.17"",""quote"":""τοὺς θεούς σοι bless you! good heavens! for heaven's sake! M.Ant. 7.17""},{""biblio"":"""",""quote"":""οὐκ ἄνευ θεῶν τινος""},{""biblio"":""A. | Pers. | 164"",""quote"":""οὐκ ἄνευ θεῶν τινος A. Pers. 164""},{""biblio"":"""",""quote"":""κατὰ θεόν τινα""},{""biblio"":""Id. | IA | 411"",""quote"":""κατὰ θεόν τινα Id. IA 411""},{""biblio"":"""",""quote"":""κατὰ θεόν πως εἰρημένα""},{""biblio"":""Id. | Lg. | 682a"",""quote"":""κατὰ θεόν πως εἰρημένα Id. Lg. 682a""},{""biblio"":"""",""quote"":""θεὸν θεόν τις ἀγλαϊζέτω""},{""biblio"":""B. | 3.21"",""quote"":""θεὸν θεόν τις ἀγλαϊζέτω B. 3.21""},{""biblio"":"""",""quote"":""θεοὶ θεοὶ τῶν ἀδίκων μέλουσι""},{""biblio"":""E. | HF | 772"",""quote"":""θεοὶ θεοὶ τῶν ἀδίκων μέλουσι E. HF 772""},{""biblio"":"""",""quote"":""ὁ θ. πάντων ἂν εἴη αἴτιος""},{""biblio"":""Pl. | R. | 379c"",""quote"":""ὁ θ. πάντων ἂν εἴη αἴτιος Pl. R. 379c""},{""biblio"":"""",""quote"":""ἄνδρες, πατὴρ ἀνδρῶν τε θεῶν τε""},{""biblio"":""Il. | 1.544"",""quote"":""ἄνδρες, πατὴρ ἀνδρῶν τε θεῶν τε Il. 1.544""},{""biblio"":"""",""quote"":""ὃν Ξάνθον καλέουσι θ., ἄνδρες δὲ Σκάμανδρον""},{""biblio"":""20.74"",""quote"":""ὃν Ξάνθον καλέουσι θ., ἄνδρες δὲ Σκάμανδρον 20.74""},{""biblio"":"""",""quote"":""θεοῖσιν ἶς' ἔθελε φρονέειν""},{""biblio"":""5.440"",""quote"":""θεοῖσιν ἶς' ἔθελε φρονέειν 5.440""},{""biblio"":"""",""quote"":""θεοῖς ἐναλίγκια μήδεα""},{""biblio"":""Od. | 13.89"",""quote"":""θεοῖς ἐναλίγκια μήδεα Od. 13.89""},{""biblio"":"""",""quote"":""θεῷ ἐναλίγκιος αὐδήν""},{""biblio"":""Il. | 19.250"",""quote"":""θεῷ ἐναλίγκιος αὐδήν Il. 19.250""},{""biblio"":"""",""quote"":""θεὸς ὥς""},{""biblio"":""5.78"",""quote"":""θεὸς ὥς 5.78""},{""biblio"":"""",""quote"":""ὥς τε θεός""},{""biblio"":""3.381"",""quote"":""ὥς τε θεός 3.381""},{""biblio"":"""",""quote"":""θ. οὐράνιοι""},{""biblio"":""h.Cer. | 55"",""quote"":""θ. οὐράνιοι h.Cer. 55""},{""biblio"":"""",""quote"":""ὁ θ. ἐνέσκηψε βέλος""},{""biblio"":""Id. | 4.79"",""quote"":""ὁ θ. ἐνέσκηψε βέλος Id. 4.79""},{""biblio"":"""",""quote"":""τὸ δ' εὐτυχεῖν τόδ' ἐν βροτοῖς θεός τε καὶ θεοῦ πλέον""},{""biblio"":""A. | Ch. | 60"",""quote"":""τὸ δ' εὐτυχεῖν τόδ' ἐν βροτοῖς θεός τε καὶ θεοῦ πλέον A. Ch. 60""},{""biblio"":"""",""quote"":""ἡ φρόνησις ἁγαθὴ θ. μέγας""},{""biblio"":""S. | Fr. | 922"",""quote"":""ἡ φρόνησις ἁγαθὴ θ. μέγας S. Fr. 922""},{""biblio"":"""",""quote"":""θ. γὰρ καὶ τὸ γιγνώσκειν φίλους""},{""biblio"":""E. | Hel."",""quote"":""θ. γὰρ καὶ τὸ γιγνώσκειν φίλους E. Hel.""},{""biblio"":"""",""quote"":""Πτολεμαῖος ὑπάρχων θεὸς ἐκ θεοῦ καὶ θεᾶς""},{""biblio"":""OGI | 90.10"",""quote"":""Πτολεμαῖος ὑπάρχων θεὸς ἐκ θεοῦ καὶ θεᾶς OGI 90.10""},{""biblio"":"""",""quote"":""Ἀντίοχος ὅτῳ θεὸς ἐπώνυμον γίγνεται""},{""biblio"":""App. | Syr. | 65"",""quote"":""Ἀντίοχος ὅτῳ θεὸς ἐπώνυμον γίγνεται App. Syr. 65""},{""biblio"":"""",""quote"":""θ. ἡμῶν καὶ δεσπότης""},{""biblio"":""IPE | 4.71"",""quote"":""θ. ἡμῶν καὶ δεσπότης IPE 4.71""},{""biblio"":"""",""quote"":""καὶ ζῶντός σου καὶ εἰς θεοὺς ἀπελθόντος""},{""biblio"":""PPetr. | 2p.45"",""quote"":""καὶ ζῶντός σου καὶ εἰς θεοὺς ἀπελθόντος PPetr. 2p.45""},{""biblio"":"""",""quote"":""μήτε θήλεια θεός, μήτε τις ἄρσην""},{""biblio"":""Il. | 8.7"",""quote"":""μήτε θήλεια θεός, μήτε τις ἄρσην Il. 8.7""},{""biblio"":"""",""quote"":""τοῖς θεοῖς εὔχομαι πᾶσι καὶ πάσαις""},{""biblio"":""D. | 18.1"",""quote"":""τοῖς θεοῖς εὔχομαι πᾶσι καὶ πάσαις D. 18.1""},{""biblio"":"""",""quote"":""ποντία θεός""},{""biblio"":""Pi. | I. | 8(7).36"",""quote"":""ποντία θεός Pi. I. 8(7).36""},{""biblio"":"""",""quote"":""τὰ τοῖν θεοῖν ψηφίσματα""},{""biblio"":""Ar. | V. | 378"",""quote"":""τὰ τοῖν θεοῖν ψηφίσματα Ar. V. 378""},{""biblio"":"""",""quote"":""οὐδ' ἔδεισε τὼ θεώ""},{""biblio"":""And. | 1.125"",""quote"":""οὐδ' ἔδεισε τὼ θεώ And. 1.125""},{""biblio"":"""",""quote"":""νὴ τὼ θεώ""},{""biblio"":""Ar. | Lys. | 112"",""quote"":""νὴ τὼ θεώ Ar. Lys. 112""},{""biblio"":"""",""quote"":""μὰ τὼ θεώ""},{""biblio"":""Id. | Ec. | 155"",""quote"":""μὰ τὼ θεώ Id. Ec. 155""},{""biblio"":"""",""quote"":""θεοί""},{""biblio"":""Il. | 1.18"",""quote"":""θεοί Il. 1.18""},{""biblio"":"""",""quote"":""θεῶν""},{""biblio"":""h.Cer. | 55"",""quote"":""θεῶν h.Cer. 55""},{""biblio"":"""",""quote"":""θεοῖς""},{""biblio"":""Thgn. | 171"",""quote"":""θεοῖς Thgn. 171""},{""biblio"":"""",""quote"":""θεοῖσιν""},{""biblio"":""Od. | 14.251"",""quote"":""θεοῖσιν Od. 14.251""},{""biblio"":"""",""quote"":""θεούς""},{""biblio"":""h.Cer. | 325"",""quote"":""θεούς h.Cer. 325""}]","[""20.74"",""3.381"",""5.440"",""5.78"",""8.177"",""A. | Ch. | 60"",""A. | Pers. | 164"",""Alex. | 231"",""Alex. | 247"",""And. | 1.125"",""App. | Syr. | 65"",""Ar. | Lys. | 112"",""Ar. | V. | 378"",""B. | 3.21"",""D. | 18.1"",""E. | HF | 772"",""E. | Hel."",""Hdt. | 5.49"",""IPE | 4.71"",""Id. | 4.79"",""Id. | Ec. | 155"",""Id. | IA | 411"",""Id. | Lg. | 682a"",""Il. | 1.18"",""Il. | 1.544"",""Il. | 17.101"",""Il. | 19.250"",""Il. | 24.430"",""Il. | 8.7"",""Il. | 9.49"",""LXX | De. | 3.24"",""M.Ant. | 7.17"",""Men. | Mon. | 671"",""OGI | 90.10"",""Od. | 13.89"",""Od. | 14.251"",""Od. | 2.372"",""Od. | 4.236"",""PPetr. | 2p.45"",""Pi. | I. | 8(7).36"",""Pl. | Lg. | 757e"",""Pl. | Phdr. | 266b"",""Pl. | Prt. | 317b"",""Pl. | R. | 379c"",""Plot. | 6.8.1"",""S. | Fr. | 922"",""S. | OC | 522"",""Thgn. | 171"",""h.Cer. | 325"",""h.Cer. | 55""]",{},[],1,1,1,1,0,13,10,1,102
48292,9,597,n48292,θεόσ-δοτος,,,790,,"[""given by the gods, Hes. Op. 320 ; δύναμις Pi. P. 5.13 ; εὐδαιμονία Arist. EN 1099b12 ; ἀρετή Max.Tyr. 38.4 .""]","[""given by the gods""]",[],"[{""biblio"":"""",""quote"":""δύναμις""},{""biblio"":""Pi. | P. | 5.13"",""quote"":""δύναμις Pi. P. 5.13""},{""biblio"":"""",""quote"":""εὐδαιμονία""},{""biblio"":""Arist. | EN | 1099b12"",""quote"":""εὐδαιμονία Arist. EN 1099b12""},{""biblio"":"""",""quote"":""ἀρετή""},{""biblio"":""Max.Tyr. | 38.4"",""quote"":""ἀρετή Max.Tyr. 38.4""}]","[""Arist. | EN | 1099b12"",""Max.Tyr. | 38.4"",""Pi. | P. | 5.13""]",{},[],1,1,0,1,0,1,1,0,6
48293,9,598,n48293,θεόσ-δωρος,,,790,,"[""θεόσ-δωρος,ον, poet. for θεοδώρητος, a fiction of Tz. ad Lyc. 47 .""]",[],[],[],[],{},[],1,0,0,0,0,1,0,0,0
48294,9,599,n48294,θεοσέβ-εια,,ἡ,790,,"[""service or fear of God, religiousness, X. An. 2.6.26 , Pl. Epin. 985c , 990a , Plu. in Hes. 46 , Iamb. Protr. 20 .""]","[""service"",""fear of God, religiousness""]",[],[],[],{},[],1,1,0,0,0,1,2,0,0
48295,9,600,n48295,θεοσεβ-έω,,,790,,"[""serve God, Plu. Fr.inc. 22 , D.C. 54.30 ;τὸ θ. SIG 708.18 (Istropolis,ii B.C.).""]","[""serve God"",""Fr.inc.""]",[],[],[],{},[],1,1,0,0,0,1,2,0,0
48296,9,601,n48296,θεοσεβ-ής,Adv.,,790,,"[""fearing God, religious, Hdt. 1.86 , 2.37 , S. OC 260 ( Sup. ), Pl. Cra. 394d , al.; θ. μέλος Ar. Av. 897 (lyr.); τὸ θεοσεβές Pl. Epin. 977e .Adv. -βῶς X. Cyr. 3.3.58 .""]","[""fearing God, religious""]",[],"[{""biblio"":"""",""quote"":""θ. μέλος""},{""biblio"":""Ar. | Av. | 897"",""quote"":""θ. μέλος Ar. Av. 897""},{""biblio"":"""",""quote"":""τὸ θεοσεβές""},{""biblio"":""Pl. | Epin. | 977e"",""quote"":""τὸ θεοσεβές Pl. Epin. 977e""},{""biblio"":"""",""quote"":""-βῶς""},{""biblio"":""X. | Cyr. | 3.3.58"",""quote"":""-βῶς X. Cyr. 3.3.58""}]","[""Ar. | Av. | 897"",""Pl. | Epin. | 977e"",""X. | Cyr. | 3.3.58""]",{},[],1,1,0,1,0,1,1,0,6
48297,9,602,n48297,θεόσεπτος,,,790,,"[""feared as divine, βροντή Ar. Nu. 292 ;holy, Orac. ap. Jul. Ep. 89b ."",""Act. ,=θεοσεβής, Man. 4.427 .""]","[""feared as divine"",""holy""]",[],"[{""biblio"":"""",""quote"":""βροντή""},{""biblio"":""Ar. | Nu. | 292"",""quote"":""βροντή Ar. Nu. 292""}]","[""Ar. | Nu. | 292""]",{},[],1,1,0,1,0,2,2,0,2
48298,9,603,n48298,θεοσέπτωρ,,ὁ,790,,"[""θεοσέπτωρ,ορος,ὁ,=θεοσεβής, E. Hipp. 1364 (anap.).""]",[],[],[],[],{},[],1,0,0,0,0,1,0,0,0
48299,9,604,n48299,θεοσεχθρία,,ἡ,790,,"[""v. θεοισεχθρία ; cf.θεοεχθρία.""]",[],[],[],[],{},"[{""type"":""ref"",""target"":"""",""text"":""θεοισεχθρία""},{""type"":"""",""target"":"""",""text"":""v. θεοισεχθρία""}]",1,0,0,0,1,1,0,0,0
48300,9,605,n48300,θεοσημεία,,ἡ,790,,"[""a sign from the gods, Suid. :—also θεοσημία,ἡ, Hsch. s.v. εὐαμερία .""]","[""a sign from the gods""]",[],[],[],{},"[{""type"":""ref"",""target"":"""",""text"":""εὐαμερία""},{""type"":"""",""target"":"""",""text"":""s.v. εὐαμερία""}]",1,1,0,0,1,1,1,0,0
48301,9,606,n48301,θεοσκνεῖ:,,,790,,"[""θεοσκνεῖ: θεοὺς τιμᾷ, Hsch. ; cf.θυοσκέω.""]",[],[],[],[],{},[],1,0,0,0,0,1,0,0,0
48302,9,607,n48302,θεοσοφ-έω,,,790,,"[""have knowledge of things divine, Porph. Abst. 4.17 .""]","[""have knowledge of things divine""]",[],[],[],{},[],1,1,0,0,0,1,1,0,0
48303,9,608,n48303,θεοσοφ-ία,,ἡ,790,,"[""knowledge of things divine, PMag.Leid.W. 6.17 ;ἡ ἄγαν θ. Porph. Abst. 4.9 ;Ἑλληνική, Χαλδαϊκὴ θ., Procl. Theol.Plat. 5.35 , Dam. Pr. 350 .""]","[""knowledge of things divine,""]",[],[],[],{},[],1,1,0,0,0,1,1,0,0
48304,9,609,n48304,θεόσοφ-ος,,,790,,"[""wise in the things of God, Porph. Abst. 2.35 , Iamb. Myst. 7.1 : pl., of the Γυμνοσοφισταί, Porph. Abst. 4.17 .""]","[""wise in the things of God""]",[],[],[],{},[],1,1,0,0,0,1,1,0,0
48305,9,610,n48305,θεό-σπορος,,,790,,"[""sown by a god, divine, κῦμα E. Fr. 106 .""]","[""sown by a god, divine""]",[],"[{""biblio"":"""",""quote"":""κῦμα""},{""biblio"":""E. | Fr. | 106"",""quote"":""κῦμα E. Fr. 106""}]","[""E. | Fr. | 106""]",{},[],1,1,0,1,0,1,1,0,2
48306,9,611,n48306,θεό-σσῠτος,,,790,,"[""v. θεόσυτος .""]",[],[],[],[],{},"[{""type"":""ref"",""target"":"""",""text"":""θεόσυτος""},{""type"":"""",""target"":"""",""text"":""v. θεόσυτος""}]",1,0,0,0,1,1,0,0,0
48307,9,612,n48307,θεόστᾰσις,,ἡ,790,,"[""base or pedestal for statues of gods, CIL 2.1724 (Gades).""]","[""base"",""pedestal for statues of gods""]",[],[],[],{},[],1,1,0,0,0,1,2,0,0
48308,9,613,n48308,θεο-στήρικτος,,,790,,"[""supported by God, σκῆπτρα AP 15.15 (Const. Rhod.).""]","[""supported by God""]",[],"[{""biblio"":"""",""quote"":""σκῆπτρα""},{""biblio"":""AP | 15.15"",""quote"":""σκῆπτρα AP 15.15""}]","[""AP | 15.15""]",{},[],1,1,0,1,0,1,1,0,2
48309,9,614,n48309,θεο-στῐβής,,,790,792,"[""trodden by God, δειράς Limen. 21 ;πυλεῶνες Procl. H. 7.7 .""]","[""trodden by God""]",[],"[{""biblio"":"""",""quote"":""δειράς""},{""biblio"":""Limen. | 21"",""quote"":""δειράς Limen. 21""}]","[""Limen. | 21""]",{},[],1,1,0,1,0,1,1,0,2
48310,9,615,n48310,θεο-στῠγής,,,790,,"[""hated of the gods, E. Tr. 1213 , Cyc. 602 , Poll. 1.21 ;hated of God, Ep.Rom. 1.30 (where some take it Act. ,hating God).""]","[""hated of the gods"",""hated of God,"",""hating God""]",[],[],[],{},[],1,1,0,0,0,1,3,0,0
48311,9,616,n48311,θεο-στύγητος,,,790,,"[""ἄγος A. Ch. 635 (lyr.).""]",[],[],"[{""biblio"":"""",""quote"":""ἄγος""},{""biblio"":""A. | Ch. | 635"",""quote"":""ἄγος A. Ch. 635""}]","[""A. | Ch. | 635""]",{},[],1,0,0,1,0,1,0,0,2
48312,9,617,n48312,θεο-σύλης,,ὁ,790,,"[""robbing God, sacrilegious, Ael. VH 5.16 , Fr. 124 , Ph. ap. Eus. PE 8.14 .""]","[""robbing God, sacrilegious""]","[""σῡλάω""]",[],[],{},[],1,1,1,0,0,1,1,1,0
48313,9,618,n48313,θεο-σῡλία,,ἡ,790,,"[""sacrilege, Ael. NA 10.28 : in pl., interpol. in Id. VH 6.8 .""]","[""sacrilege""]",[],[],[],{},[],1,1,0,0,0,1,1,0,0
48314,9,619,n48314,θεοσύνδετος,,,790,,"[""united by God, Hierocl. in CA 26p.478M.""]","[""united by God""]",[],[],[],{},[],1,1,0,0,0,1,1,0,0
48315,9,620,n48315,θεόσῠτος,,,790,,"[""sent by the gods,θ. ἢ βρότειος; A. Pr. 116 ;νόσος ib. 596 (lyr.):—also θεόσσυτος χειμών ib. 643 .""]","[""sent by the gods""]",[],[],[],{},[],1,1,0,0,0,1,1,0,0
48316,9,621,n48316,θεο-ταρπέ<ε>ς:,,,790,,"[""θεο-ταρπέ<ε>ς: θεὸν τέρποντες, Hsch.""]",[],[],[],[],{},[],1,0,0,0,0,1,0,0,0
48317,9,622,n48317,θεό-ταυρος,,ὁ,790,,"[""god-bull, a name for Zeus, Mosch. 2.135 .""]","[""god-bull""]",[],[],[],{},[],1,1,0,0,0,1,1,0,0
48318,9,623,n48318,θεο-τείχης,,,790,,"[""walled by gods, of Troy, Epigr. ap. Certamen 311 .""]","[""walled by gods""]",[],[],[],{},[],1,1,0,0,0,1,1,0,0
48319,9,624,n48319,θεο-τέρᾰτος,,,790,,"[""with divine portents,πλάναι θ., of Io's wanderings, dithyrambic phrase in Demetr. Eloc. 91 codd.θεο-τερπής,ές, of a dish,fit for the gods, Philox. 2.9 ;pleasing to God, βιοτή AP 9.197 ( Marin. ); cf.θεοταρπέες.""]","[""with divine portents"",""fit for the gods"",""pleasing to God""]",[],"[{""biblio"":"""",""quote"":""βιοτή""},{""biblio"":""AP | 9.197"",""quote"":""βιοτή AP 9.197""}]","[""AP | 9.197""]",{},[],1,1,0,1,0,1,3,0,2
48320,9,625,n48320,θεό-τευκτος,,,790,,"[""made by God, πύργοι Simm. 25 , cf. Doroth. ap. Heph.Astr. 1.1 .""]","[""made by God""]",[],"[{""biblio"":"""",""quote"":""πύργοι""},{""biblio"":""Simm. | 25"",""quote"":""πύργοι Simm. 25""}]","[""Simm. | 25""]",{},[],1,1,0,1,0,1,1,0,2
48321,9,626,n48321,θεότης,,ἡ,790,,"[""divinity, divine nature, Ep.Col. 2.9 , Plu. 2.359d , Luc. Icar. 9 , etc.;διὰ θεότητα for religious reasons, Heliod. ap. Orib. 50.7.1 .""]","[""divinity, divine nature,"",""for religious reasons""]",[],[],[],{},[],1,1,0,0,0,1,2,0,0
48322,9,627,n48322,θεο-τίμητος,,,790,,"[""honoured by the gods, θεοτιμήτους βασιλῆας Tyrt. 4.3 , cf. A. Ag. 1337 (anap.); πόλις B. l.c.""]","[""honoured by the gods""]",[],"[{""biblio"":"""",""quote"":""θεοτιμήτους βασιλῆας""},{""biblio"":""Tyrt. | 4.3"",""quote"":""θεοτιμήτους βασιλῆας Tyrt. 4.3""},{""biblio"":"""",""quote"":""πόλις""},{""biblio"":""B."",""quote"":""πόλις B.""}]","[""B."",""Tyrt. | 4.3""]",{},[],1,1,0,1,0,1,1,0,4
48323,9,628,n48323,θεό-τῑμος,,,790,,"[""ἄστυ Id. 10.12 (trisyll.), cf. Pi. I. 6(5).13 , Orph. H. 27.1 .""]",[],[],"[{""biblio"":"""",""quote"":""ἄστυ""},{""biblio"":""Id. | 10.12"",""quote"":""ἄστυ Id. 10.12""}]","[""Id. | 10.12""]",{},[],1,0,0,1,0,1,0,0,2
48324,9,629,n48324,θεο-τόκος,,ἡ,790,,"[""mother of God, of the Virgin, Cod.Just. 1.1.5.1 , Just. Nov. 3.1 , SIG 910 B (vi A.D.).""]","[""mother of God""]",[],[],[],{},[],1,1,0,0,0,1,1,0,0
48325,9,630,n48325,θεό-τρεπτος,,,790,,"[""turned by the gods,θεότρεπτα τάδ' αὖ θέρομεν these divine changes of fortune, A. Pers. 905 (-πρεπτα cod. M).""]","[""turned by the gods"",""divine changes of fortune""]",[],[],[],{},[],1,1,0,0,0,1,2,0,0
48326,9,631,n48326,θεο-τρεφής,,,790,,"[""feeding the gods, ἀμβροσίη AP 9.577 ( Ptol. ), cf. Nonn. D. 9.101 .""]","[""feeding the gods""]",[],"[{""biblio"":"""",""quote"":""ἀμβροσίη""},{""biblio"":""AP | 9.577"",""quote"":""ἀμβροσίη AP 9.577""}]","[""AP | 9.577""]",{},[],1,1,0,1,0,1,1,0,2
48327,9,632,n48327,θεούδεια,,ἡ,790,,"[""fear of God, θεουδείῃ τ' ἐκέκαστο A.R. 3.586 ; cf. sq.""]","[""fear of God""]",[],"[{""biblio"":"""",""quote"":""θεουδείῃ τ' ἐκέκαστο""},{""biblio"":""A.R. | 3.586"",""quote"":""θεουδείῃ τ' ἐκέκαστο A.R. 3.586""}]","[""A.R. | 3.586""]",{},[],1,1,0,1,0,1,1,0,2
48328,9,633,n48328,θεουδής,Adv.,,790,,"[""fearing God, Hom. only in Od. , καί σφιν νόος ἐστὶ θεουδής 6.121 , 8.576 , 9.176 ; θεουδέα θυμὸν ἔχοντα 19.364 ; βασιλῆος . . ὅς τε θεουδής . . εὐδικίας ἀνέχῃσι 19.109 , cf. MAMA 1.171 (Laodicea Combusta), etc.Adv. -δῶς Orph. Fr. 169 . (θεο-δϝής contr. fr.θεο-δϝεής, compd. of θεός and δέος: but taken as if = θεοειδής by late Poets, as Q.S. 1.65 , 3.775 .)""]","[""fearing God""]",[],"[{""biblio"":"""",""quote"":""καί σφιν νόος ἐστὶ θεουδής""},{""biblio"":""6.121"",""quote"":""καί σφιν νόος ἐστὶ θεουδής 6.121""},{""biblio"":"""",""quote"":""θεουδέα θυμὸν ἔχοντα""},{""biblio"":""19.364"",""quote"":""θεουδέα θυμὸν ἔχοντα 19.364""},{""biblio"":"""",""quote"":""βασιλῆος . . ὅς τε θεουδής . . εὐδικίας ἀνέχῃσι""},{""biblio"":""19.109"",""quote"":""βασιλῆος . . ὅς τε θεουδής . . εὐδικίας ἀνέχῃσι 19.109""},{""biblio"":"""",""quote"":""-δῶς""},{""biblio"":""Orph. | Fr. | 169"",""quote"":""-δῶς Orph. Fr. 169""}]","[""19.109"",""19.364"",""6.121"",""Orph. | Fr. | 169""]",{},"[{""type"":""ref"",""target"":"""",""text"":""θεοειδής""},{""type"":"""",""target"":"""",""text"":""= θεοειδής""}]",1,1,0,1,1,1,1,0,8
48329,9,634,n48329,θεουργ-ία,,ἡ,790,,"[""divine work, Jul. Or. 7.219a ."",""sacramental rite, 'mystery', Porph. ap. Aug. Civ.D. 10.9 ; ἱερατικὴ θ. Iamb. Myst. 9.6 ; οἱ περὶ θεουργίαν δεινοί Procl. in Alc. p.92C.""]","[""divine work"",""sacramental rite, 'mystery""]",[],"[{""biblio"":"""",""quote"":""ἱερατικὴ θ.""},{""biblio"":""Iamb. | Myst. | 9.6"",""quote"":""ἱερατικὴ θ. Iamb. Myst. 9.6""},{""biblio"":"""",""quote"":""οἱ περὶ θεουργίαν δεινοί""},{""biblio"":""Procl. | in Alc. | p.92C."",""quote"":""οἱ περὶ θεουργίαν δεινοί Procl. in Alc. p.92C.""}]","[""Iamb. | Myst. | 9.6"",""Procl. | in Alc. | p.92C.""]",{},[],1,1,0,1,0,2,2,0,4
48330,9,635,n48330,θεουργ-ίασμα,,τό,790,,"[""θεουργ-ίασμα,ατος,τό,=foreg. 11 , Dam. Isid. 56 .""]",[],[],[],[],{},[],1,0,0,0,0,1,0,0,0
48331,9,636,n48331,θεουργ-ικός,Adv.,,790,,"[""of or for a θεουργός, τελεταί Porph. ap. Aug. Civ.D. 10.9 ; κοινωνία Iamb. Myst. 1.8 ;τέχνη ib. 2.11 .Adv. θεουργ-κῶς Procl. in Cra. p.32P. ; opp.τεχνικῶς, Iamb. Myst. 3.28 : Comp. -ώτερον ib. 2.11 .""]","[""of"",""for a""]",[],"[{""biblio"":"""",""quote"":""θεουργός, τελεταί""},{""biblio"":""Porph."",""quote"":""θεουργός, τελεταί Porph.""},{""biblio"":"""",""quote"":""κοινωνία""},{""biblio"":""Iamb. | Myst. | 1.8"",""quote"":""κοινωνία Iamb. Myst. 1.8""}]","[""Iamb. | Myst. | 1.8"",""Porph.""]",{},[],1,1,0,1,0,1,2,0,4
48332,9,637,n48332,θεουργ-ός,Adj.,ὁ,790,,"[""divine worker, of the δημιουργός, Dam. Pr. 341 ."",""performer of sacramental rites, Jul. Or. 5.173a , Procl. in Alc. p.150C. , Iamb. Myst. 3.18 ."",""as Adj.,ἡ θ. ἐνέργεια ib. 20 .""]","[""divine worker"",""performer of sacramental rites""]",[],[],[],{},[],1,1,0,0,0,3,2,0,0
48333,9,638,n48333,θεοφάν-εια,,ἡ,790,,"[""vision of God, Notiz.Arch. 4.236 (Cyrene).""]","[""vision of God,""]",[],[],[],{},[],1,1,0,0,0,1,1,0,0
48334,9,639,n48334,θεοφάν-ια,,τά,790,,"[""festival at Delphi, at which the statues of Apollo and other gods were shown to the people, Hdt. 1.51 , cf. Poll. 1.34 ; at Chios, SIG 1064.3 (Halic.,i B.C.): generally, θ. ἄγειν τινί Philostr. VA 4.31 ; θ. θύειν Ael. NA 11.10 .""]","[""festival at Delphi, at which the statues of Apollo and other gods were shown to the people""]",[],"[{""biblio"":"""",""quote"":""θ. ἄγειν τινί""},{""biblio"":""Philostr. | VA | 4.31"",""quote"":""θ. ἄγειν τινί Philostr. VA 4.31""},{""biblio"":"""",""quote"":""θ. θύειν""},{""biblio"":""Ael. | NA | 11.10"",""quote"":""θ. θύειν Ael. NA 11.10""}]","[""Ael. | NA | 11.10"",""Philostr. | VA | 4.31""]",{},[],1,1,0,1,0,1,1,0,4
48335,9,640,n48335,θεό-φαντος,,,790,,"[""revealed by God or revealing God, ὄργια Metrod. 38 .""]","[""revealed by God"",""revealing God""]",[],"[{""biblio"":"""",""quote"":""ὄργια""},{""biblio"":""Metrod. | 38"",""quote"":""ὄργια Metrod. 38""}]","[""Metrod. | 38""]",{},[],1,1,0,1,0,1,2,0,2
48336,9,641,n48336,θεο-φάντωρ,,ὁ,790,,"[""a revealer of God, a priest, Suid. s.v. Διονύσιος ὁ Ἀρεωπαγίτης .""]","[""a revealer of God, a priest""]",[],[],[],{},"[{""type"":""ref"",""target"":"""",""text"":""Διονύσιος ὁ Ἀρεωπαγίτης""},{""type"":"""",""target"":"""",""text"":""s.v. Διονύσιος ὁ Ἀρεωπαγίτης""}]",1,1,0,0,1,1,1,0,0
48337,9,642,n48337,θεό-φᾰτος,,,790,,"[""= θέσφατος, θεσφατίζω , Hsch.""]",[],[],[],[],{},"[{""type"":""ref"",""target"":"""",""text"":""θέσφατος, θεσφατίζω""},{""type"":"""",""target"":"""",""text"":""= θέσφατος, θεσφατίζω""}]",1,0,0,0,1,1,0,0,0
48338,9,643,n48338,θεό-φημος,,,790,,"[""declaring God's will, ἀστρολόγοι Man. 1.293 , 4.128 .""]","[""declaring God's will""]",[],"[{""biblio"":"""",""quote"":""ἀστρολόγοι""},{""biblio"":""Man. | 1.293"",""quote"":""ἀστρολόγοι Man. 1.293""}]","[""Man. | 1.293""]",{},[],1,1,0,1,0,1,1,0,2
48339,9,644,n48339,θεό-φθεγκτος,,,790,,"[""uttered by God, Eust. 1381.2 .""]","[""uttered by God""]",[],[],[],{},[],1,1,0,0,0,1,1,0,0
48340,9,645,n48340,θεοφίλ-εια,,ἡ,790,,"[""θεοφίλ-εια[φῐ],ἡ ,=θεοφιλία, Marin. Procl. 32 .""]",[],[],[],[],{},[],1,0,0,0,0,1,0,0,0
48341,9,646,n48341,θεοφιλ-ής,Adv.,,790,,"[""dear to the gods, highly favoured, of persons, Hdt. 1.87 , Democr. 217 , Pl. R. 382e , Phlb. 39e , etc.; of Moses , Ph. 2.218 ( Sup. ); as honorary epith. in Egypt, Sammelb. 421 ( Sup. ), al.; also, of places, etc., πόλις Pi. I. 6(5).66 ; Ἄργος B. 10.60 ; πόλιν . . θεοφιλεστάτην Eup. 307 ; χώρα A. Eu. 869 ( Sup. ); τύχαι Id. Fr. 350.3 ; ἑορτή Ar. Ra. 446 ; μοῖρα X. Ap. 32 ;ἐπιτήδευμα lsoc. 8.35 ( Comp. ), cf. Pl. Euthphr. 7a ;θεοφιλές [ἐστιν] εἰ . .' tis a mark of divine favour, if . . , Plu. 2.30f .Adv. -λῶς, πράττειν to act as the gods will, Pl. Alc. 1.134d : Comp. -έστερον, διαβεβιωκέναι Isoc. 9.70 ."",""Act. ,loving God, Ph. 2.415 , Luc. JTr. 47 ( Sup. ), Agath. 3.13 , Cod.Just. 1.1.5.4 ( Sup. ).Adv. ἡ πόλις οὐ μόνον -λῶς ἀλλὰ καὶ φιλανθρώπως ἔσχεν Isoc. 4.29 , cf. Poll. 1.22 .""]","[""dear to the gods, highly favoured"",""a mark of divine favour"",""as the gods will"",""loving God""]","[""φιλέω""]","[{""biblio"":"""",""quote"":""πόλις""},{""biblio"":""Pi. | I. | 6(5).66"",""quote"":""πόλις Pi. I. 6(5).66""},{""biblio"":"""",""quote"":""Ἄργος""},{""biblio"":""B. | 10.60"",""quote"":""Ἄργος B. 10.60""},{""biblio"":"""",""quote"":""πόλιν . . θεοφιλεστάτην""},{""biblio"":""Eup. | 307"",""quote"":""πόλιν . . θεοφιλεστάτην Eup. 307""},{""biblio"":"""",""quote"":""χώρα""},{""biblio"":""A. | Eu. | 869"",""quote"":""χώρα A. Eu. 869""},{""biblio"":"""",""quote"":""τύχαι""},{""biblio"":""Id. | Fr. | 350.3"",""quote"":""τύχαι Id. Fr. 350.3""},{""biblio"":"""",""quote"":""ἑορτή""},{""biblio"":""Ar. | Ra. | 446"",""quote"":""ἑορτή Ar. Ra. 446""},{""biblio"":"""",""quote"":""μοῖρα""},{""biblio"":""X. | Ap. | 32"",""quote"":""μοῖρα X. Ap. 32""},{""biblio"":"""",""quote"":""διαβεβιωκέναι""},{""biblio"":""Isoc. | 9.70"",""quote"":""διαβεβιωκέναι Isoc. 9.70""},{""biblio"":"""",""quote"":""ἡ πόλις οὐ μόνον -λῶς ἀλλὰ καὶ φιλανθρώπως ἔσχεν""},{""biblio"":""Isoc. | 4.29"",""quote"":""ἡ πόλις οὐ μόνον -λῶς ἀλλὰ καὶ φιλανθρώπως ἔσχεν Isoc. 4.29""}]","[""A. | Eu. | 869"",""Ar. | Ra. | 446"",""B. | 10.60"",""Eup. | 307"",""Id. | Fr. | 350.3"",""Isoc. | 4.29"",""Isoc. | 9.70"",""Pi. | I. | 6(5).66"",""X. | Ap. | 32""]",{},[],1,1,1,1,0,2,4,1,18
48342,9,647,n48342,θεοφίλ-ητος,,,790,,"[""loved by the gods, Phint. ap. Stob. 4.23.61a (hyperdor.-ᾱτος).""]","[""loved by the gods""]",[],[],[],{},[],1,1,0,0,0,1,1,0,0
48343,9,648,n48343,θεοφιλ-ία,,ἡ,790,,"[""the favour of God, Oenom. ap. Eus. PE 5.34 , Sch. S. OT 40 .""]","[""the favour of God""]",[],[],[],{},[],1,1,0,0,0,1,1,0,0
48344,9,649,n48344,θεοφίλ-ιον,,τό,790,,"[""eyesalve invented by Theophilus, Aët. 7.115 , Alex.Trall. 2 .""]","[""eyesalve invented by Theophilus""]",[],[],[],{},[],1,1,0,0,0,1,1,0,0
48345,9,650,n48345,θεόφιλ-ος,,,790,,"[""= θεοφίλητος , epith. of a city, BGU 924.1 (iii A.D.).""]",[],[],[],[],{},"[{""type"":""ref"",""target"":"""",""text"":""θεοφίλητος""},{""type"":"""",""target"":"""",""text"":""= θεοφίλητος""}]",1,0,0,0,1,1,0,0,0
48346,9,651,n48346,θεοφιλ-ότης,,ἡ,790,,"[""a being loved by God, Men.Rh. pp.361,362 S.""]","[""a being loved by God""]",[],[],[],{},[],1,1,0,0,0,1,1,0,0
48347,9,652,n48347,θεόφιν,,,790,,"[""θεόφιν, Ep. gen. and dat., sg. and pl., of θεός.""]",[],[],[],[],{},[],1,0,0,0,0,1,0,0,0
48348,9,653,n48348,θεό-φοβος,,,790,,"[""fearing God, Porph. Abst. 1.1 , Hsch.""]","[""fearing God""]",[],[],[],{},[],1,1,0,0,0,1,1,0,0
48349,9,654,n48349,θεό-φοιτος,,,790,,"[""driven by divine frenzy, of Cassandra, Tryph. 374 .""]","[""driven by divine frenzy""]",[],[],[],{},[],1,1,0,0,0,1,1,0,0
48350,9,655,n48350,θεοφορ-έω,,,790,,"[""deify, τὸ πῦρ S.E. M. 9.32 ."",""Pass. ,to be possessed by a god, inspired, Longin. 13.2 , Ph. 2.146 , al., Luc. Philops. 38 , S.E. P. 1.101 ;Θεοφορουμένη, name of a play of Menander, Ath. 11.504a , cf. Arg. Men. Oxy. 1235.46 .""]","[""deify"",""to be possessed by a god, inspired""]",[],"[{""biblio"":"""",""quote"":""τὸ πῦρ""},{""biblio"":""S.E. | M. | 9.32"",""quote"":""τὸ πῦρ S.E. M. 9.32""}]","[""S.E. | M. | 9.32""]",{},[],1,1,0,1,0,2,2,0,2
48351,9,656,n48351,θεοφόρ-ησις,,ἡ,790,,"[""divine possession, ecstasy, in pl., D.H. 2.19 , Plu. 2.278c .""]","[""divine possession, ecstasy""]",[],[],[],{},[],1,1,0,0,0,1,1,0,0
48352,9,657,n48352,θεοφόρ-ητος,Adv.,,790,,"[""possessed by a god, inspired, A. Ag. 1140 (lyr.), Str. 12.2.3 , Sor. 1.88 , Plu. 2.54c ;Θ., name of a play by Alexis.Adv. -τως Plu. 2.45f ."",""Act. ,carrying a god or goddess, Luc. Asin. 37 .""]","[""possessed by a god, inspired"",""carrying a god"",""goddess""]",[],"[{""biblio"":"""",""quote"":""-τως""},{""biblio"":""Plu. | 2.45f"",""quote"":""-τως Plu. 2.45f""}]","[""Plu. | 2.45f""]",{},[],1,1,0,1,0,2,3,0,2
48353,9,658,n48353,θεοφορ-ία,,ἡ,790,,"[""θεοφορ-ία,ἡ,=θεοφόρησις, Phld. Mus. p.25K. , lamb. Myst. 3.5 ,al.: pl., Phld. Mus. p.49K. , Str. 12.3.32 , 16.2.36 :—sg. in poet. form θευφορίη AP 6.220.4 ( Diosc. ).""]",[],[],[],[],{},[],1,0,0,0,0,1,0,0,0
48354,9,659,n48354,θεόφορ-ος,,,790,,"[""bearing or carrying a god, πόδες A. Fr. 225 ."",""θεόφορος,ον ,possessed by a god, inspired,θ. δύαι the pains of inspiration, Id. Ag. 1150 (lyr.), cf. Phld. D. 1.4 ."",""θ. ὀνόματα names derived from a god, as Διόδωρος, Ath. 10.448e .""]","[""bearing"",""carrying a god"",""possessed by a god, inspired"",""of inspiration"",""derived from a god""]","[""-φόρ-"",""φέρω""]","[{""biblio"":"""",""quote"":""πόδες""},{""biblio"":""A. | Fr. | 225"",""quote"":""πόδες A. Fr. 225""}]","[""A. | Fr. | 225""]",{},[],1,1,1,1,0,3,5,2,2
48355,9,660,n48355,θεοφρᾰδ-ής,,,790,,"[""speaking from God, prophetic, Μουσαῖος Orph. Fr. 271 ."",""Pass. ,indicated by God, κέλευθοι Procl. H. 6.8 .""]","[""speaking from God, prophetic"",""indicated by God""]","[""φράζω""]","[{""biblio"":"""",""quote"":""Μουσαῖος""},{""biblio"":""Orph. | Fr. | 271"",""quote"":""Μουσαῖος Orph. Fr. 271""},{""biblio"":"""",""quote"":""κέλευθοι""},{""biblio"":""Procl. | H. | 6.8"",""quote"":""κέλευθοι Procl. H. 6.8""}]","[""Orph. | Fr. | 271"",""Procl. | H. | 6.8""]",{},[],1,1,1,1,0,2,2,1,4
48356,9,661,n48356,θεοφρᾰδ-ία,,ἡ,790,,"[""a divine saying, oracle, Hsch.""]","[""a divine saying, oracle""]",[],[],[],{},[],1,1,0,0,0,1,1,0,0
48357,9,662,n48357,θεοφρᾰ́δ-μων,,,790,,"[""= θεοφραδής 1 , Ph. 1.516 , 2.176 .""]",[],[],[],[],{},"[{""type"":""ref"",""target"":"""",""text"":""θεοφραδής""},{""type"":"""",""target"":"""",""text"":""= θεοφραδής""}]",1,0,0,0,1,1,0,0,0
48358,9,663,n48358,θεο-φρονέω,,,790,,"[""θεο-φρονέω,=θεῖα φρονέω, Hld. 2.11 .""]",[],[],[],[],{},[],1,0,0,0,0,1,0,0,0
48359,9,664,n48359,θεο-φροσύνη,,ἡ,790,,"[""godliness, Hsch.""]","[""godliness""]",[],[],[],{},[],1,1,0,0,0,1,1,0,0
48360,9,665,n48360,θεό-φρουρος,,,790,,"[""guarded by(or perh.guarding)the gods, IG 12(5).241 (Paros,i B.C.).""]","[""guarded by"",""guarding"",""the gods,""]",[],[],[],{},[],1,1,0,0,0,1,3,0,0
48361,9,666,n48361,θεό-θρων,,,790,,"[""godlyminded, holy, Κάδμος Thebaïs Fr. 2.3 , cf. Pi. O. 6.41 .""]","[""godlyminded, holy""]","[""φρήν""]","[{""biblio"":"""",""quote"":""Κάδμος""},{""biblio"":""Thebaïs | Fr. | 2.3"",""quote"":""Κάδμος Thebaïs Fr. 2.3""}]","[""Thebaïs | Fr. | 2.3""]",{},[],1,1,1,1,0,1,1,1,2
48362,9,667,n48362,θεο-φύλαξ,,ὁ,790,,"[""guardian of a god, gloss on θεωρός , Sch. Pi. N. 3.122 .""]","[""guardian of a god""]",[],[],[],{},"[{""type"":""ref"",""target"":"""",""text"":""θεωρός""},{""type"":"""",""target"":"""",""text"":""gloss on θεωρός""}]",1,1,0,0,1,1,1,0,0
48363,9,668,n48363,θεό-χαρις:,,,790,,"[""deo gratus, Gloss.""]","[""deo gratus,""]",[],[],[],{},[],1,1,0,0,0,1,1,0,0
48364,9,669,n48364,θεο-χολωσία,,ἡ,790,,"[""the wrath of God, Lyd. Ost. 37 , Sch. Od. 8.232 :—also θεο-χολωσύνη, Sch. Luc. Lex. 10 .""]","[""the wrath of God""]",[],[],[],{},[],1,1,0,0,0,1,1,0,0
48365,9,670,n48365,θεο-χόλωτος,,,790,,"[""under God's wrath, Arr. Epict. 2.8.14 , 3.1.37 , Vett. Val. 67.19 .""]","[""under God's wrath""]",[],[],[],{},[],1,1,0,0,0,1,1,0,0
48366,9,671,n48366,θεό-χρηστος,,,790,,"[""delivered by God,λόγια θ., of the Mosaic Law, Ph. 2.577 .""]","[""delivered by God""]",[],[],[],{},[],1,1,0,0,0,1,1,0,0
48367,9,672,n48367,θεόω,,,790,,"[""make into God, deify, Oenom. ap. Eus. PE 5.34 :— Pass. , ἔννοιαι θεωθεῖσαι Iamb. VP 23.103 ."",""become divine, γυῖα θεωθείς Call. Dian. 159 ; καθ' ὅσον πάντα τεθέωται Procl. in Prm. p.490S. , ct. Jul. Or. 5.178b ."",""= θειόω 1 , Arar. 12 .""]","[""make into God, deify"",""become divine""]",[],"[{""biblio"":"""",""quote"":""ἔννοιαι θεωθεῖσαι""},{""biblio"":""Iamb. | VP | 23.103"",""quote"":""ἔννοιαι θεωθεῖσαι Iamb. VP 23.103""},{""biblio"":"""",""quote"":""γυῖα θεωθείς""},{""biblio"":""Call. | Dian. | 159"",""quote"":""γυῖα θεωθείς Call. Dian. 159""},{""biblio"":"""",""quote"":""καθ' ὅσον πάντα τεθέωται""},{""biblio"":""Procl. | in Prm. | p.490S."",""quote"":""καθ' ὅσον πάντα τεθέωται Procl. in Prm. p.490S.""}]","[""Call. | Dian. | 159"",""Iamb. | VP | 23.103"",""Procl. | in Prm. | p.490S.""]",{},"[{""type"":""ref"",""target"":"""",""text"":""θειόω""},{""type"":"""",""target"":"""",""text"":""= θειόω""}]",1,1,0,1,1,3,2,0,6
48368,9,673,n48368,θέπτανος:,,,790,,"[""dáhati, Lith.degù'burn', Lith.degtìnė'brandy').""]","[""dáhati"",""degù"",""degtìnė""]",[],[],[],{},[],1,1,0,0,0,1,3,0,0
48369,9,674,n48369,θεράπαιν-α,,ἡ,790,,"[""handmaid or female slave, Hdt. 3.134 , Pherecyd.Syr. 2 , And. 1.64 , X. Cyr. 6.4.11 , Men. 141 , etc.""]","[""handmaid"",""female slave""]",[],[],[],{},[],1,1,0,0,0,1,2,0,0
48370,9,675,n48370,θεραπαιν-ίδιον,,τό,790,,"[""θεραπαιν-ίδιον,τό, Dim. of sq., Men. Sam. 36 , Parth. 26.2 , Plu. Ant. 29 , Luc. Pisc. 17 , etc.""]",[],[],[],[],{},[],1,0,0,0,0,1,0,0,0
48371,9,676,n48371,θεραπαιν-ίς,,ἡ,790,,"[""= θεράπαινα , Pl. Lg. 808a , Men. 142 , Parth. 10.2 .""]",[],[],[],[],{},"[{""type"":""ref"",""target"":"""",""text"":""θεράπαινα""},{""type"":"""",""target"":"""",""text"":""= θεράπαινα""}]",1,0,0,0,1,1,0,0,0
48372,9,677,n48372,θερᾰπ-εία,,ἡ,790,,"[""service, attendance:"",""of persons,θ. τῶν θεῶν service paid to the gods, Pl. Euthphr. 13d , cf. E. El. 744 (lyr.); θεῶν καὶ ἡρώων θεραπεῖαι Pl. R. 427b , etc.; ἡ περὶ τοὺς θεοὺς θ. Isoc. 11.24 ;ἀγυιάτιδες θ. worship of Apollo Agyieus, E. Ion 187 ; τὴν θ. ἀποδιδόναι τοῖς θεοῖς Arist. Pol. 1329a32 ; θ. τῆς μήνιδος Jul. Or. 5.159b : abs., πᾶσαν θ. ὡς ἰσόθεος θεραπευόμενος Pl. Phdr. 255a , cf. Antipho 4.2.4 ; of parents, γονέων θεραπείας καὶ τιμάς Pl. Lg. 886c , cf. Gorg. Fr. 6 D. ; of children,nurture, care, μικροὺς παῖδας θεραπείας δεομένους Lys. 13.45 ; θ. καὶ ἐσθής X. Mem. 3.11.4 ;θ. σώματος, ψυχῆς, Pl. Grg. 464b , La. 185e ."",""service done to gain favour, paying court, θ. τοῦ κοινοῦ καὶ τῶν αἰεὶ προεστώτων Th. 3.11 ; ἐν θεραπείᾳ ἔχειν πολλῇ Id. 1.55 ; πάσῃ θεραπείᾳ θεραπεύειν τινά X. HG 2.3.14 ; θεραπείαις προσαγαγέσθαι Isoc. 3.22 ; τῇ θ. ψυχαγωγούμενος D. 59.55 ."",""medical or surgical treatment or cure,χειρός, ποδός, Hp.l.c.;αἱ ὑπὸ τῶν ἰατρῶν θ. αἱ διὰ καύσεων γιγνόμεναι cures by cautery, Pl. Prt. 354a ;ἡ ἐκ τῶν γραμμάτων θ. treatment secundum artem, Arist. Pol. 1287a40 , cf. Gal. 1.400 , etc.; τῶν καμνόντων Pl. Prt. 345a , cf. Th. 2.51 , Phld. Ir. p.21 W.; τοῦ σώματος Id. Lib. p.19 O., Vit.Philonid. p.9 C.;healing, θεραπείας ἐπιτυχών Sammelb. 1537b : in pl.,cures, ἰατρὸς ποιεῖ -είας POxy. 1r . 13 ."",""of animals,care, tendance, Pl. Euthphr. 13a , Arist. HA 578a7 (pl.)."",""of plants,cultivation, Pl. Tht. 149e , Thphr. HP 2.2.12 ."",""maintenance or repairs of temples, SIG 1106.49 (Cos,iv/iii B.C.), 1102.8 (ii B.C.)."",""preparation of fat for medical use, Dsc. 2.76 ."",""in collective sense,body of attendants, retinue, Hdt. 1.199 , 5.21 , 7.184 , LXX Ge. 45.16 ; σὺν ἱππικῇ θ. X. Cyr. 4.6.1 ; ὁ ἐπὶ τῆς θ. τεταγμένος Plb. 4.87.5 .""]","[""service, attendance"",""service paid"",""worship"",""nurture, care"",""service done to gain favour, paying court"",""medical"",""surgical treatment"",""cure"",""cures"",""treatment"",""healing"",""cures"",""care, tendance"",""cultivation"",""maintenance"",""repairs"",""preparation"",""body of attendants, retinue""]",[],"[{""biblio"":"""",""quote"":""θεῶν καὶ ἡρώων θεραπεῖαι""},{""biblio"":""Pl. | R. | 427b"",""quote"":""θεῶν καὶ ἡρώων θεραπεῖαι Pl. R. 427b""},{""biblio"":"""",""quote"":""ἡ περὶ τοὺς θεοὺς θ.""},{""biblio"":""Isoc. | 11.24"",""quote"":""ἡ περὶ τοὺς θεοὺς θ. Isoc. 11.24""},{""biblio"":"""",""quote"":""τὴν θ. ἀποδιδόναι τοῖς θεοῖς""},{""biblio"":""Arist. | Pol. | 1329a32"",""quote"":""τὴν θ. ἀποδιδόναι τοῖς θεοῖς Arist. Pol. 1329a32""},{""biblio"":"""",""quote"":""θ. τῆς μήνιδος""},{""biblio"":""Jul. | Or. | 5.159b"",""quote"":""θ. τῆς μήνιδος Jul. Or. 5.159b""},{""biblio"":"""",""quote"":""πᾶσαν θ. ὡς ἰσόθεος θεραπευόμενος""},{""biblio"":""Pl. | Phdr. | 255a"",""quote"":""πᾶσαν θ. ὡς ἰσόθεος θεραπευόμενος Pl. Phdr. 255a""},{""biblio"":"""",""quote"":""γονέων θεραπείας καὶ τιμάς""},{""biblio"":""Pl. | Lg. | 886c"",""quote"":""γονέων θεραπείας καὶ τιμάς Pl. Lg. 886c""},{""biblio"":"""",""quote"":""μικροὺς παῖδας θεραπείας δεομένους""},{""biblio"":""Lys. | 13.45"",""quote"":""μικροὺς παῖδας θεραπείας δεομένους Lys. 13.45""},{""biblio"":"""",""quote"":""θ. καὶ ἐσθής""},{""biblio"":""X. | Mem. | 3.11.4"",""quote"":""θ. καὶ ἐσθής X. Mem. 3.11.4""},{""biblio"":"""",""quote"":""θ. τοῦ κοινοῦ καὶ τῶν αἰεὶ προεστώτων""},{""biblio"":""Th. | 3.11"",""quote"":""θ. τοῦ κοινοῦ καὶ τῶν αἰεὶ προεστώτων Th. 3.11""},{""biblio"":"""",""quote"":""ἐν θεραπείᾳ ἔχειν πολλῇ""},{""biblio"":""Id. | 1.55"",""quote"":""ἐν θεραπείᾳ ἔχειν πολλῇ Id. 1.55""},{""biblio"":"""",""quote"":""πάσῃ θεραπείᾳ θεραπεύειν τινά""},{""biblio"":""X. | HG | 2.3.14"",""quote"":""πάσῃ θεραπείᾳ θεραπεύειν τινά X. HG 2.3.14""},{""biblio"":"""",""quote"":""θεραπείαις προσαγαγέσθαι""},{""biblio"":""Isoc. | 3.22"",""quote"":""θεραπείαις προσαγαγέσθαι Isoc. 3.22""},{""biblio"":"""",""quote"":""τῇ θ. ψυχαγωγούμενος""},{""biblio"":""D. | 59.55"",""quote"":""τῇ θ. ψυχαγωγούμενος D. 59.55""},{""biblio"":"""",""quote"":""τῶν καμνόντων""},{""biblio"":""Pl. | Prt. | 345a"",""quote"":""τῶν καμνόντων Pl. Prt. 345a""},{""biblio"":"""",""quote"":""τοῦ σώματος""},{""biblio"":""Id. | Lib. | p.19"",""quote"":""τοῦ σώματος Id. Lib. p.19""},{""biblio"":"""",""quote"":""θεραπείας ἐπιτυχών""},{""biblio"":""Sammelb. | 1537b"",""quote"":""θεραπείας ἐπιτυχών Sammelb. 1537b""},{""biblio"":"""",""quote"":""ἰατρὸς ποιεῖ -είας""},{""biblio"":""POxy. | 1r"",""quote"":""ἰατρὸς ποιεῖ -είας POxy. 1r""},{""biblio"":"""",""quote"":""σὺν ἱππικῇ θ.""},{""biblio"":""X. | Cyr. | 4.6.1"",""quote"":""σὺν ἱππικῇ θ. X. Cyr. 4.6.1""},{""biblio"":"""",""quote"":""ὁ ἐπὶ τῆς θ. τεταγμένος""},{""biblio"":""Plb. | 4.87.5"",""quote"":""ὁ ἐπὶ τῆς θ. τεταγμένος Plb. 4.87.5""}]","[""Arist. | Pol. | 1329a32"",""D. | 59.55"",""Id. | 1.55"",""Id. | Lib. | p.19"",""Isoc. | 11.24"",""Isoc. | 3.22"",""Jul. | Or. | 5.159b"",""Lys. | 13.45"",""POxy. | 1r"",""Pl. | Lg. | 886c"",""Pl. | Phdr. | 255a"",""Pl. | Prt. | 345a"",""Pl. | R. | 427b"",""Plb. | 4.87.5"",""Sammelb. | 1537b"",""Th. | 3.11"",""X. | Cyr. | 4.6.1"",""X. | HG | 2.3.14"",""X. | Mem. | 3.11.4""]",{},[],1,1,0,1,0,9,18,0,38
48373,9,678,n48373,θερᾰ́π-ευμα,,τό,790,,"[""a service done to another:"",""θ. θεοῦ divine worship, Pl. Def. 415a ."",""service paid to a person, ξενικὰ θ. Id. Lg. 718b , cf. Plu. 2.1117c ."",""care of the body, Pl. Grg. 524b (pl.); of a child, E. Hyps.Fr. 3(1) ii 12 (lyr., pl.)."",""surgical treatment, Hp. Mochl. 40 (pl.), Arist. EN 1181b3 (pl.); Ἀσκλαπιοῦ IG 4.952.96 (Epid.), etc."",""concrete,preparations, drugs, Hp. Morb. 4.34 .""]","[""a service done to another"",""worship"",""service paid"",""care"",""surgical treatment"",""preparations, drugs""]",[],"[{""biblio"":"""",""quote"":""ξενικὰ θ.""},{""biblio"":""Id. | Lg. | 718b"",""quote"":""ξενικὰ θ. Id. Lg. 718b""},{""biblio"":"""",""quote"":""Ἀσκλαπιοῦ""},{""biblio"":""IG | 4.952.96"",""quote"":""Ἀσκλαπιοῦ IG 4.952.96""}]","[""IG | 4.952.96"",""Id. | Lg. | 718b""]",{},[],1,1,0,1,0,6,6,0,4
48374,9,679,n48374,θερᾰπ-ευσία,,ἡ,790,,"[""θεραπεία 11 , Hsch.""]",[],[],"[{""biblio"":"""",""quote"":""θεραπεία""},{""biblio"":""11"",""quote"":""θεραπεία 11""}]","[""11""]",{},[],1,0,0,1,0,1,0,0,2
48375,9,680,n48375,θερᾰ́π-ευσις,,ἡ,790,,"[""treatment, attention, Phld. Lib. p.20O.""]","[""treatment, attention""]",[],[],[],{},[],1,1,0,0,0,1,1,0,0
48376,9,681,n48376,θερᾰπ-ευτέον,Adj.,,790,,"[""one must do service to, τοὺς θεούς X. Mem. 2.1.28 ."",""one must court, flatter, τοὺς ἀκούοντας ἐπαίνῳ Arist. Rh.Al. 1436b32 ."",""one must cultivate,τὴν γῆν X.l.c."",""one must treat medically, Pl. R. 408b , Dsc. Eup. 1.101 ."",""one must prepare fat, Id. 2.76 ."",""Adj. θεραπευτέος,α,ον,to be courted, Luc. Merc.Cond. 38 .""]","[""one must do service to"",""one must court, flatter"",""one must cultivate"",""one must treat medically"",""one must prepare"",""to be courted""]",[],"[{""biblio"":"""",""quote"":""τοὺς θεούς""},{""biblio"":""X. | Mem. | 2.1.28"",""quote"":""τοὺς θεούς X. Mem. 2.1.28""},{""biblio"":"""",""quote"":""τοὺς ἀκούοντας ἐπαίνῳ""},{""biblio"":""Arist. | Rh.Al. | 1436b32"",""quote"":""τοὺς ἀκούοντας ἐπαίνῳ Arist. Rh.Al. 1436b32""}]","[""Arist. | Rh.Al. | 1436b32"",""X. | Mem. | 2.1.28""]",{},[],1,1,0,1,0,6,6,0,4
48377,9,682,n48377,θερᾰπ-ευτήρ,,ὁ,790,,"[""attendant, Aristox. Fr. Hist. 15 , Plu. Lyc. 11 , Charito 4.1 ; ὁ περὶ τὸ σῶμα θ. X. Cyr. 7.5.65 ; τοῦ ἄντρου Max.Tyr. 14.2 (pl.).""]","[""attendant""]",[],"[{""biblio"":"""",""quote"":""ὁ περὶ τὸ σῶμα θ.""},{""biblio"":""X. | Cyr. | 7.5.65"",""quote"":""ὁ περὶ τὸ σῶμα θ. X. Cyr. 7.5.65""},{""biblio"":"""",""quote"":""τοῦ ἄντρου""},{""biblio"":""Max.Tyr. | 14.2"",""quote"":""τοῦ ἄντρου Max.Tyr. 14.2""}]","[""Max.Tyr. | 14.2"",""X. | Cyr. | 7.5.65""]",{},[],1,1,0,1,0,1,1,0,4
48378,9,683,n48378,θερᾰπ-ευτής,,,790,,"[""one who serves the gods, worshipper,θ. Ἄρεως, θεῶν, Pl. Phdr. 252c , Lg. 740c ;ὁσίων τε καὶ ἱερῶν ib. 878a ; τοῦ καλοῦ Ph. 1.261 ;οἱ θ.worshippers of Sarapis or Isis, UPZ 8.19 (ii B.C.), IG 11(4).1226 (Delos,ii B.C.); title of play by Diphilus, ib. 2.992i i9 ; name of certain ascetics, Ph. 2.471 ;θ. ὁσιότητος, of the followers of Moses , ib. 177 ."",""one who serves a great man,courtier, οἱ ἀμφὶ τὸν πάππον θ. X. Cyr. 1.3.7 ."",""one who attends to anything, c. gen., σώματος Pl. Grg. 517e ; τῶν περὶ τὸ σῶμα Id. R. 369d ."",""medical attendant,τῶν καμνόντων ib. 341c .""]","[""one who serves the gods, worshipper"",""one who serves"",""courtier"",""one who attends to anything"",""medical attendant""]",[],"[{""biblio"":"""",""quote"":""τοῦ καλοῦ""},{""biblio"":""Ph. | 1.261"",""quote"":""τοῦ καλοῦ Ph. 1.261""},{""biblio"":"""",""quote"":""οἱ ἀμφὶ τὸν πάππον θ.""},{""biblio"":""X. | Cyr. | 1.3.7"",""quote"":""οἱ ἀμφὶ τὸν πάππον θ. X. Cyr. 1.3.7""},{""biblio"":"""",""quote"":""σώματος""},{""biblio"":""Pl. | Grg. | 517e"",""quote"":""σώματος Pl. Grg. 517e""},{""biblio"":"""",""quote"":""τῶν περὶ τὸ σῶμα""},{""biblio"":""Id. | R. | 369d"",""quote"":""τῶν περὶ τὸ σῶμα Id. R. 369d""}]","[""Id. | R. | 369d"",""Ph. | 1.261"",""Pl. | Grg. | 517e"",""X. | Cyr. | 1.3.7""]",{},[],1,1,0,1,0,4,5,0,8
48379,9,684,n48379,θερᾰπ-ευτικός,Adv.,,790,,"[""inclined to serve, c. gen., τῶν φίλων X. Ages. 8.1 ; εὐσέβεια δύναμις θ. θεῶν Pl. Def. 412e ; θεοῦ Ph. 1.202 (but τὸ θ. γένος, = θεραπευταί , Id. 2.473 );inclined to court,τῶν δυνατῶν, τοῦ πλήθους, Plu. Lys. 2 ,Comp.Lyc. Num. 2 ; τὸ θ. τῆς ὁμιλίας Id. Lys. 4 ."",""abs.,courteous, obsequious, in good and bad sense, X. HG 3.1.28 ( Comp. ), Plu. Luc. 16 ; θ.παρρησία Id. 2.74a .Adv. -κῶς Id. Art. 4 ; θ. ἔχειν τινός Ph. 1.186 , cf. Str. 6.4.2 ."",""inclined to take care of, careful of,λόγου dub. l. in Men. 402.15 ."",""esp. of medical treatment,ἕξις θ.a valetudinarian habit of body, Arist. Pol. 1335b7 ;ἡ -κή, = θεραπεία , Pl. Plt. 282a ; also τὸ -κόν therapeutics, Dsc. Ther.Praef. (but also τὸ περὶ παθῶν θ., title of a work on moral remedies by Chrysippus, Phld. Ir. p.17 W.);περὶ θ. μεθόδου, title of work by Galen.""]","[""inclined to serve"",""inclined to court"",""Comp.Lyc. Num."",""courteous, obsequious"",""inclined to take care of, careful of"",""valetudinarian"",""therapeutics"",""moral remedies""]",[],"[{""biblio"":"""",""quote"":""τῶν φίλων""},{""biblio"":""X. | Ages. | 8.1"",""quote"":""τῶν φίλων X. Ages. 8.1""},{""biblio"":"""",""quote"":""εὐσέβεια δύναμις θ. θεῶν""},{""biblio"":""Pl. | Def. | 412e"",""quote"":""εὐσέβεια δύναμις θ. θεῶν Pl. Def. 412e""},{""biblio"":"""",""quote"":""θεοῦ""},{""biblio"":""Ph. | 1.202"",""quote"":""θεοῦ Ph. 1.202""},{""biblio"":"""",""quote"":""τὸ θ. τῆς ὁμιλίας""},{""biblio"":""Id. | Lys. | 4"",""quote"":""τὸ θ. τῆς ὁμιλίας Id. Lys. 4""},{""biblio"":"""",""quote"":""θ.παρρησία""},{""biblio"":""Id. | 2.74a"",""quote"":""θ.παρρησία Id. 2.74a""},{""biblio"":"""",""quote"":""-κῶς""},{""biblio"":""Id. | Art. | 4"",""quote"":""-κῶς Id. Art. 4""},{""biblio"":"""",""quote"":""θ. ἔχειν τινός""},{""biblio"":""Ph. | 1.186"",""quote"":""θ. ἔχειν τινός Ph. 1.186""}]","[""Id. | 2.74a"",""Id. | Art. | 4"",""Id. | Lys. | 4"",""Ph. | 1.186"",""Ph. | 1.202"",""Pl. | Def. | 412e"",""X. | Ages. | 8.1""]",{},"[{""type"":""ref"",""target"":"""",""text"":""θεραπευταί""},{""type"":"""",""target"":"""",""text"":""= θεραπευταί""},{""type"":""ref"",""target"":"""",""text"":""θεραπεία""},{""type"":"""",""target"":"""",""text"":""= θεραπεία""}]",1,1,0,1,1,4,8,0,14
48380,9,685,n48380,θερᾰπ-ευτός,,,790,,"[""that may be fostered or cultivated, Pl. Prt. 325b ."",""curable, Paul.Aeg. 4.5 .""]","[""that may be fostered"",""cultivated"",""curable""]",[],[],[],{},[],1,1,0,0,0,2,3,0,0
48381,9,686,n48381,θερᾰπ-εύτρια,,ἡ,790,,"[""θεραπευτής EM 47.45 .""]",[],[],"[{""biblio"":"""",""quote"":""θεραπευτής""},{""biblio"":""EM | 47.45"",""quote"":""θεραπευτής EM 47.45""}]","[""EM | 47.45""]",{},[],1,0,0,1,0,1,0,0,2
48382,9,687,n48382,θερᾰπ-ευτρίς,,ἡ,790,,"[""θερᾰπ-ευτρίς,ίδος,ἡ,= foreg., Ph. 1.261 , 655 : pl., as title of certain female ascetics, Id. 2.471 .""]",[],[],[],[],{},[],1,0,0,0,0,1,0,0,0
48383,9,688,n48383,θερᾰπ-εύω,,,790,793,"[""-εύσω Th. 2.51 , etc.:— Med. ,fut. -εύσομαι h.Ap. 390 :aor. ἐθεραπευσάμην Nicostr. ap. Stob. 4.23.65 codd., Gal. 11.295 :— Pass. ,fut. -ευθήσομαι Id. 10.617 :fut. Med. in pass. sense, Antipho 4.2.4 , Pl. Alc. 1.135e :aor. ἐθεραπεύθην Id. Chrm. 157b , etc.:—to be an attendant, do service, once in Hom. , Od. 13.265 :— Med. , h.Ap. 390 ."",""do service to the gods,ἀθανάτους, θεοὺς θ., Hes. Op. 135 , Hdt. 2.37 , X. Mem. 1.4.13 , etc.; δαίμονα Pi. P. 3.109 ;Διόνυσον, Μούσας, E. Ba. 82 (lyr.), IT 1105 (lyr.);θ. Φοίβου ναούς serve them, Id. Ion 111 (anap.): abs.,worship, Lys. 6.51 ;do service or honour to one's parents, E. Ion 183 (lyr.), Pl. R. 467a , Men. 91a ;serve, wait upon a master, Id. Euthphr. 13d , cf. Ar. Eq. 59 , 1261 , etc.;θ. τὰς θήκας reverence men's graves, Pl. R. 469a ."",""in Prose,pay court to, [τινα] Hdt. 3.80 , etc.; in bad sense,flatter, wheedle, Th. 3.12 ;θ. τὸ πλῆθος, τοὺς πολλούς, Id. 1.9 , Plu. Per. 34 ;conciliate, τινὰ χρημάτων δόσει Th. 1.137 , cf. Hdn. 2.2.8 ;τὸ θεραπεῦον,=οἱ θεραπεύοντες, Th. 3.39 ;θ. γυναῖκα pay her attention, X. Cyr. 5.1.18 ; also τὰς θύρας τινὸς θ.wait at a man's door, ib. 8.1.6 ; αὐλὰς θ. καὶ σατράπας Men. 897 ;αὐλὰς βασιλικὰς θ. D.L. 9.63 ."",""of things,consult, attend to, τὸ ξυμφέρον Th. 3.56 ;ἡδονὴν θ.indulge one's love of pleasure, X. Cyr. 5.5.41 ;θ. τὸ παρόν look to, provide for the present, S. Ph. 149 (anap.); τὸ ναυτικόν Th. 2.65 ; τὴν ἄνοιξιν τῶν πυλῶν Id. 4.67 ; θ. τοὺς καιρούς D. 18.307 : c.inf.,take care that . .,θ. τὸ μὴ θορυβεῖν, μὴ λείπεσθαι, Th. 6.61 , 7.70 ; θ. ὅπως πολιτεύσουσι Id. 1.19 ;θ. ὡς. . Longus 4.1 ."",""θ. τὸ σῶμα take care of one's person, Pl. Grg. 513d ; θ. αὑτούς Plu. Eum. 9 ; θ. τὰς τρίχας Longus 4.4 ;μύροις χαίτην θ. Archestr. Fr. 62.3 ; θ. τοὺς πόδας LXX 2 Ki. 19.24 : c. acc. et inf., θ. κόμην φαίνεσθαι λιπαράν Plu. Lyc. 22 ."",""foster,τὴν ψυχήν, τὴν διάνοιαν, Pl. Cra. 440c , R. 403d ;θ. κάδεα brood over sorrows, Pi. I. 8(7).8 ."",""θ. ἡμέρην observe a day,keep it as a feast, Hdt. 3.79 ; ἱερὰ -όμενα Th. 4.98 ."",""treat medically, Hp. VM 9 , Th. 2.47 , 51 ; τοὺς τετρωμένους X. Cyr. 3.2.12 ; τραύματα Phld. Piet. 89 ; μὴ θεραπεύειν βέλτιον: θεραπευόμενοι γὰρ ἀπόλλυνται ταχέως Hp. Aph. 6.38 ; ταύτην τὴν θεραπείαν θεραπεύσεσθαι Antipho 4.2.4 ; θ. νόσημα Isoc. 19.28 ; σώματα -όμενα Pl. Lg. 684c ; ὀφθαλμούς Arist. EN 1102a19 : abs., οἱ θεραπεύοντες Phld. Ir. p.29 W.: metaph., ὁ κοινὸς ἰατρός σε θεραπεύσει χρόνος Philippid. 32 ; λύπην . . οἶδε θεραπεύειν λόγος Men. 591 ; τὰ πονοῦντα μέρη τῆς νεώς D.S. 4.41 ;τὰς ὑποψίας allayed, Plu. Luc. 22 ; ὑπόνοιαν Phlp. in de An. 408.3 ;δυστυχίαν assuage it, Luc. Ind. 6 ."",""of animals,train, ἵππους Pl. Grg. 516e ."",""of land,cultivate, X. Oec. 5.12 ; of trees,train, Hdt. 1.193 ; στέλεχος Thphr. HP 2.7.3 ."",""prepare, dress, food or drugs, Archestr. Fr. 13.4 , al., Dsc. 2.76 ( Pass. )."",""mend garments, PGiss. 79iv3 ( Pass. ,ii A.D.).""]","[""to be an attendant, do service"",""do service to"",""serve"",""worship"",""do service"",""honour to"",""serve, wait upon"",""reverence"",""pay court to"",""flatter, wheedle"",""conciliate"",""pay"",""attention"",""wait at"",""consult, attend to"",""indulge"",""look to, provide for"",""take care that . ."",""take care of"",""foster"",""brood over"",""observe"",""keep"",""as a feast"",""treat medically"",""allayed"",""in de An."",""assuage"",""train"",""cultivate"",""train"",""prepare, dress"",""mend""]",[],"[{""biblio"":"""",""quote"":""-εύσω""},{""biblio"":""Th. | 2.51"",""quote"":""-εύσω Th. 2.51""},{""biblio"":"""",""quote"":""-εύσομαι""},{""biblio"":""h.Ap. | 390"",""quote"":""-εύσομαι h.Ap. 390""},{""biblio"":"""",""quote"":""ἐθεραπευσάμην""},{""biblio"":""Nicostr."",""quote"":""ἐθεραπευσάμην Nicostr.""},{""biblio"":"""",""quote"":""-ευθήσομαι""},{""biblio"":""Id. | 10.617"",""quote"":""-ευθήσομαι Id. 10.617""},{""biblio"":"""",""quote"":""ἐθεραπεύθην""},{""biblio"":""Id. | Chrm. | 157b"",""quote"":""ἐθεραπεύθην Id. Chrm. 157b""},{""biblio"":"""",""quote"":""δαίμονα""},{""biblio"":""Pi. | P. | 3.109"",""quote"":""δαίμονα Pi. P. 3.109""},{""biblio"":"""",""quote"":""τινὰ χρημάτων δόσει""},{""biblio"":""Th. | 1.137"",""quote"":""τινὰ χρημάτων δόσει Th. 1.137""},{""biblio"":"""",""quote"":""αὐλὰς θ. καὶ σατράπας""},{""biblio"":""Men. | 897"",""quote"":""αὐλὰς θ. καὶ σατράπας Men. 897""},{""biblio"":"""",""quote"":""τὸ ξυμφέρον""},{""biblio"":""Th. | 3.56"",""quote"":""τὸ ξυμφέρον Th. 3.56""},{""biblio"":"""",""quote"":""τὸ ναυτικόν""},{""biblio"":""Th. | 2.65"",""quote"":""τὸ ναυτικόν Th. 2.65""},{""biblio"":"""",""quote"":""τὴν ἄνοιξιν τῶν πυλῶν""},{""biblio"":""Id. | 4.67"",""quote"":""τὴν ἄνοιξιν τῶν πυλῶν Id. 4.67""},{""biblio"":"""",""quote"":""θ. τοὺς καιρούς""},{""biblio"":""D. | 18.307"",""quote"":""θ. τοὺς καιρούς D. 18.307""},{""biblio"":"""",""quote"":""θ. ὅπως πολιτεύσουσι""},{""biblio"":""Id. | 1.19"",""quote"":""θ. ὅπως πολιτεύσουσι Id. 1.19""},{""biblio"":"""",""quote"":""θ. αὑτούς""},{""biblio"":""Plu. | Eum. | 9"",""quote"":""θ. αὑτούς Plu. Eum. 9""},{""biblio"":"""",""quote"":""θ. τὰς τρίχας""},{""biblio"":""Longus | 4.4"",""quote"":""θ. τὰς τρίχας Longus 4.4""},{""biblio"":"""",""quote"":""θ. τοὺς πόδας""},{""biblio"":""LXX | 2 Ki. | 19.24"",""quote"":""θ. τοὺς πόδας LXX 2 Ki. 19.24""},{""biblio"":"""",""quote"":""θ. κόμην φαίνεσθαι λιπαράν""},{""biblio"":""Plu. | Lyc. | 22"",""quote"":""θ. κόμην φαίνεσθαι λιπαράν Plu. Lyc. 22""},{""biblio"":"""",""quote"":""ἱερὰ -όμενα""},{""biblio"":""Th. | 4.98"",""quote"":""ἱερὰ -όμενα Th. 4.98""},{""biblio"":"""",""quote"":""τοὺς τετρωμένους""},{""biblio"":""X. | Cyr. | 3.2.12"",""quote"":""τοὺς τετρωμένους X. Cyr. 3.2.12""},{""biblio"":"""",""quote"":""τραύματα""},{""biblio"":""Phld. | Piet. | 89"",""quote"":""τραύματα Phld. Piet. 89""},{""biblio"":"""",""quote"":""μὴ θεραπεύειν βέλτιον: θεραπευόμενοι γὰρ ἀπόλλυνται ταχέως""},{""biblio"":""Hp. | Aph. | 6.38"",""quote"":""μὴ θεραπεύειν βέλτιον: θεραπευόμενοι γὰρ ἀπόλλυνται ταχέως Hp. Aph. 6.38""},{""biblio"":"""",""quote"":""ταύτην τὴν θεραπείαν θεραπεύσεσθαι""},{""biblio"":""Antipho | 4.2.4"",""quote"":""ταύτην τὴν θεραπείαν θεραπεύσεσθαι Antipho 4.2.4""},{""biblio"":"""",""quote"":""θ. νόσημα""},{""biblio"":""Isoc. | 19.28"",""quote"":""θ. νόσημα Isoc. 19.28""},{""biblio"":"""",""quote"":""σώματα -όμενα""},{""biblio"":""Pl. | Lg. | 684c"",""quote"":""σώματα -όμενα Pl. Lg. 684c""},{""biblio"":"""",""quote"":""ὀφθαλμούς""},{""biblio"":""Arist. | EN | 1102a19"",""quote"":""ὀφθαλμούς Arist. EN 1102a19""},{""biblio"":"""",""quote"":""οἱ θεραπεύοντες""},{""biblio"":""Phld. | Ir. | p.29"",""quote"":""οἱ θεραπεύοντες Phld. Ir. p.29""},{""biblio"":"""",""quote"":""ὁ κοινὸς ἰατρός σε θεραπεύσει χρόνος""},{""biblio"":""Philippid. | 32"",""quote"":""ὁ κοινὸς ἰατρός σε θεραπεύσει χρόνος Philippid. 32""},{""biblio"":"""",""quote"":""λύπην . . οἶδε θεραπεύειν λόγος""},{""biblio"":""Men. | 591"",""quote"":""λύπην . . οἶδε θεραπεύειν λόγος Men. 591""},{""biblio"":"""",""quote"":""τὰ πονοῦντα μέρη τῆς νεώς""},{""biblio"":""D.S. | 4.41"",""quote"":""τὰ πονοῦντα μέρη τῆς νεώς D.S. 4.41""},{""biblio"":"""",""quote"":""ὑπόνοιαν""},{""biblio"":""Phlp."",""quote"":""ὑπόνοιαν Phlp.""},{""biblio"":"""",""quote"":""ἵππους""},{""biblio"":""Pl. | Grg. | 516e"",""quote"":""ἵππους Pl. Grg. 516e""},{""biblio"":"""",""quote"":""στέλεχος""},{""biblio"":""Thphr. | HP | 2.7.3"",""quote"":""στέλεχος Thphr. HP 2.7.3""}]","[""Antipho | 4.2.4"",""Arist. | EN | 1102a19"",""D. | 18.307"",""D.S. | 4.41"",""Hp. | Aph. | 6.38"",""Id. | 1.19"",""Id. | 10.617"",""Id. | 4.67"",""Id. | Chrm. | 157b"",""Isoc. | 19.28"",""LXX | 2 Ki. | 19.24"",""Longus | 4.4"",""Men. | 591"",""Men. | 897"",""Nicostr."",""Philippid. | 32"",""Phld. | Ir. | p.29"",""Phld. | Piet. | 89"",""Phlp."",""Pi. | P. | 3.109"",""Pl. | Grg. | 516e"",""Pl. | Lg. | 684c"",""Plu. | Eum. | 9"",""Plu. | Lyc. | 22"",""Th. | 1.137"",""Th. | 2.51"",""Th. | 2.65"",""Th. | 3.56"",""Th. | 4.98"",""Thphr. | HP | 2.7.3"",""X. | Cyr. | 3.2.12"",""h.Ap. | 390""]",{},[],1,1,0,1,0,12,33,0,64
48384,9,689,n48384,θερᾰπ-ηί̈η,,ἡ,790,,"[""θερᾰπ-ηί̈η,ἡ, Ion. for θεραπεία(q.v.):—also θεραπηί̈ας:βωμολοχίας, Hsch.""]",[],[],[],[],{},[],1,0,0,0,0,1,0,0,0
48385,9,690,n48385,θερᾰπ-ήϊος,,,790,,"[""-ήϊα, νούσων AP 7.158.8 :— fem.θεραπηί̈ς,ί̈δος, Orac. ap. Jul. Ep. 88b .""]",[],[],"[{""biblio"":"""",""quote"":""-ήϊα, νούσων""},{""biblio"":""AP | 7.158.8"",""quote"":""-ήϊα, νούσων AP 7.158.8""}]","[""AP | 7.158.8""]",{},[],1,0,0,1,0,1,0,0,2
48386,9,691,n48386,θερᾰπ-ίδιον,,τό,790,,"[""means of cure, Sch. Luc. Alex. 21 .""]","[""means of cure""]",[],[],[],{},[],1,1,0,0,0,1,1,0,0
48387,9,692,n48387,θερᾰ́π-ιον,,τό,790,,"[""θερᾰ́π-ιον,τό, Dim. of θέραψ, Hyp. Fr. 99 .""]",[],[],[],[],{},[],1,0,0,0,0,1,0,0,0
48388,9,693,n48388,θερᾰπ-ίς,,ἡ,790,,"[""paying court to, favouring,πόλις τοῦ ἥττονος θ. Pl. Mx. 244e .""]","[""paying court to, favouring""]",[],[],[],{},[],1,1,0,0,0,1,1,0,0
48389,9,694,n48389,θερᾰ́π-νη,,ἡ,790,,"[""handmaid,Ἑκατηβελέταο θ. h.Ap. 157 ;Εὐρώπας θ. E. Hec. 482 (lyr.), cf. A.R. 1.786 ."",""dwelling, abode, E. Tr. 211 (lyr.), Ba. 1043 (pl.), HF 370 (lyr.), Nic. Th. 486 (unless it be pr. n. in these places)."",""as pr. n.Θεράπνη, a Laconian city, Pi. P. 11.63 , Hdt. 6.61 , etc.; Lacon. Σεράπνα Alcm. 4 : in pl.Θεράπναι Isoc. 10.63 .""]","[""handmaid"",""dwelling, abode""]",[],[],[],{},[],1,1,0,0,0,3,2,0,0
48390,9,695,n48390,θερᾰ́π-νιον,,τό,790,,"[""θερᾰ́π-νιον,τό, Dim. of foreg. 1 , Hsch.""]",[],[],[],[],{},[],1,0,0,0,0,1,0,0,0
48391,9,696,n48391,θερᾰπ-νίς,,ἡ,790,,"[""= θεραπαινίς , AP 9.603 (Antip.).""]",[],[],[],[],{},"[{""type"":""ref"",""target"":"""",""text"":""θεραπαινίς""},{""type"":"""",""target"":"""",""text"":""= θεραπαινίς""}]",1,0,0,0,1,1,0,0,0
48392,9,697,n48392,θερᾰπ-όντιον,,τό,790,,"[""θερᾰπ-όντιον,τό, Dim. of θεράπων, D.L. 4.59 .""]",[],[],[],[],{},[],1,0,0,0,0,1,0,0,0
48393,9,698,n48393,θερᾰπ-οντίς,,ἡ,790,,"[""of a waiting-maid, θ. φερνή A. Supp. 979 (anap.).""]","[""of a waiting-maid""]",[],"[{""biblio"":"""",""quote"":""θ. φερνή""},{""biblio"":""A. | Supp. | 979"",""quote"":""θ. φερνή A. Supp. 979""}]","[""A. | Supp. | 979""]",{},[],1,1,0,1,0,1,1,0,2
48394,9,699,n48394,θερᾰπ-ουσία,,ἡ,790,,"[""θερᾰπ-ουσία,ἡ,=θεραπεία IV, condemned by Poll. 3.75 .""]",[],[],[],[],{},[],1,0,0,0,0,1,0,0,0
48395,9,700,n48395,θερᾰ́π-ων,,ὁ,790,,"[""θεραπόντεσσι Pi. P. 4.41 ; Aeol. θεράπων Sapph. 74 , gen.θερράπονος Choerob.in An Ox. 2.242 (θεράπονος cod., cf. Hdn.Gr. 2.302 ):—henchman, attendant, Od. 16.253 , etc.;companion in arms, squire, 4.23 , etc.;ἡνίοχος θ. Il. 5.580 , 8.119 ; τώ οἱ ἔσαν κήρυκε . . καὶ θεράποντε 1.321 ; θεράποντε Διός Od. 11.255 ; θεράποντες Ἄρηος Il. 2.110 , etc.; Μουσάων θεράποντες h.Hom. 32.20 , cf. Hes. Th. 100 , Thgn. 769 , Ar. Av. 909 (lyr.);Ἔρως Ἀφροδίτης θ. Pl. Smp. 203c , cf. Sapph. l.c.;worshipper, Ἀπόλλωνος Pi. O. 3.16 , cf. Pl. Phd. 85a ; Ἄρεος BMus.Inscr. 971 ( Cypr. ,v B.C.): c. dat.,οἶκος ξένοισι θεράπων devoted to the service of its guests, Pi. O. 13.3 ;λωτὸς . . Μουσᾶν θ. E. El. 717 (lyr.): c. gen.,attending upon, τῶν ἀδίκως δυστυχούντων Gorg. Fr. 6 D."",""servant, Hdt. 1.30 , 5.105 , Ar. Pl. 3 , 5 , And. 1.12 , Lys. 7.34 , etc.; at Chios,slave, Eust. ad D.P. 533 .""]","[""An Ox."",""henchman, attendant"",""companion in arms, squire"",""worshipper"",""devoted to the service of"",""attending upon"",""servant"",""slave""]",[],"[{""biblio"":"""",""quote"":""θεραπόντεσσι""},{""biblio"":""Pi. | P. | 4.41"",""quote"":""θεραπόντεσσι Pi. P. 4.41""},{""biblio"":"""",""quote"":""θεράπων""},{""biblio"":""Sapph. | 74"",""quote"":""θεράπων Sapph. 74""},{""biblio"":"""",""quote"":""τώ οἱ ἔσαν κήρυκε . . καὶ θεράποντε""},{""biblio"":""1.321"",""quote"":""τώ οἱ ἔσαν κήρυκε . . καὶ θεράποντε 1.321""},{""biblio"":"""",""quote"":""θεράποντε Διός""},{""biblio"":""Od. | 11.255"",""quote"":""θεράποντε Διός Od. 11.255""},{""biblio"":"""",""quote"":""θεράποντες Ἄρηος""},{""biblio"":""Il. | 2.110"",""quote"":""θεράποντες Ἄρηος Il. 2.110""},{""biblio"":"""",""quote"":""Μουσάων θεράποντες""},{""biblio"":""h.Hom. | 32.20"",""quote"":""Μουσάων θεράποντες h.Hom. 32.20""},{""biblio"":"""",""quote"":""Ἀπόλλωνος""},{""biblio"":""Pi. | O. | 3.16"",""quote"":""Ἀπόλλωνος Pi. O. 3.16""},{""biblio"":"""",""quote"":""Ἄρεος""},{""biblio"":""BMus.Inscr. | 971"",""quote"":""Ἄρεος BMus.Inscr. 971""},{""biblio"":"""",""quote"":""τῶν ἀδίκως δυστυχούντων""},{""biblio"":""Gorg. | Fr. | 6"",""quote"":""τῶν ἀδίκως δυστυχούντων Gorg. Fr. 6""}]","[""1.321"",""BMus.Inscr. | 971"",""Gorg. | Fr. | 6"",""Il. | 2.110"",""Od. | 11.255"",""Pi. | O. | 3.16"",""Pi. | P. | 4.41"",""Sapph. | 74"",""h.Hom. | 32.20""]",{},[],1,1,0,1,0,2,8,0,18
48396,9,701,n48396,θέραψ,,ὁ,790,,"[""θέραπες E. Ion 94 (anap.), Supp. 762 , Ion Eleg. 2.2, Maiist. 14 , AP 12.229 (Strato): acc. pl.θέραπας in late Prose, Ant.Lib. 13.4 , 20.5 .""]",[],[],"[{""biblio"":"""",""quote"":""θέραπες""},{""biblio"":""E. | Ion | 94"",""quote"":""θέραπες E. Ion 94""}]","[""E. | Ion | 94""]",{},[],1,0,0,1,0,1,0,0,2
48397,9,702,n48397,θερεία,,ἡ,790,,"[""summer; v. θέρειος .""]","[""summer""]",[],[],[],{},"[{""type"":""ref"",""target"":"""",""text"":""θέρειος""},{""type"":"""",""target"":"""",""text"":""v. θέρειος""}]",1,1,0,0,1,1,1,0,0
48398,9,703,n48398,θερεί-αυλος,,,790,,"[""living in villeggiatura, Theognost. Can. 96 .""]","[""living in villeggiatura""]",[],[],[],{},[],1,1,0,0,0,1,1,0,0
48399,9,704,n48399,θερεί-βοτος,,,790,,"[""serving for a summer-pasture, Eust. 222.20 .""]","[""serving for a summer-pasture""]","[""βόσκω""]",[],[],{},[],1,1,1,0,0,1,1,1,0
48400,9,705,n48400,θερει-γενής,,,790,,"[""growing in summer, Nic. Th. 601 ."",""hot, ὕδατα Nonn. D. 26.229 .""]","[""growing in summer"",""hot""]",[],"[{""biblio"":"""",""quote"":""ὕδατα""},{""biblio"":""Nonn. | D. | 26.229"",""quote"":""ὕδατα Nonn. D. 26.229""}]","[""Nonn. | D. | 26.229""]",{},[],1,1,0,1,0,2,2,0,2
48401,9,706,n48401,θερει-λεχής,,,790,,"[""for sleeping under in summer, πλάτανος Nic. Th. 584 .""]","[""for sleeping under in summer""]",[],"[{""biblio"":"""",""quote"":""πλάτανος""},{""biblio"":""Nic. | Th. | 584"",""quote"":""πλάτανος Nic. Th. 584""}]","[""Nic. | Th. | 584""]",{},[],1,1,0,1,0,1,1,0,2
48402,9,707,n48402,θερει-νόμος,,,790,,"[""feeding in summer,θ. πόα summer-pasture, D.H. 2.2 .""]","[""feeding in summer"",""summer""]",[],[],[],{},[],1,1,0,0,0,1,2,0,0
48403,9,708,n48403,θέρειος,,ἡ,790,,"[""of summer, in summer,αὐχμὸς θ.summer-drought, Emp. 111.7 ; δρέπανον Orph. H. 40.11 ;καρποί ib. 18 ; θέρειος ὥρα Ael. NA 2.25 ."",""θερεία, Ion. -είη(sc.ὥρα),ἡ,=θέρος,summer-time, summer, Hdt. 1.189 , Arist. Mir. 841a25 , Plb. 5.1.3 , al., PTeb. 27.60 (ii B.C.), D.S. 19.58 (θερίᾳ) ; θερείης in summer, Nic. Fr. 81 ;μεσούσης θ. D.H. 1.63 ; ὑπὸ τὴν θερείαν D.S. 3.24 : pl., θερείαις Pi. I. 2.41 ."",""Sup. θερείτατος,η,ον ,very hot, Arat. 149 , Nic. Th. 460 .—In Prose θερινός is the more common form.""]","[""of summer, in summer"",""summer"",""summer-time, summer"",""in summer"",""very hot""]","[""θέρος"",""θερίᾳ""]","[{""biblio"":"""",""quote"":""δρέπανον""},{""biblio"":""Orph. | H. | 40.11"",""quote"":""δρέπανον Orph. H. 40.11""},{""biblio"":"""",""quote"":""θέρειος ὥρα""},{""biblio"":""Ael. | NA | 2.25"",""quote"":""θέρειος ὥρα Ael. NA 2.25""},{""biblio"":"""",""quote"":""ὑπὸ τὴν θερείαν""},{""biblio"":""D.S. | 3.24"",""quote"":""ὑπὸ τὴν θερείαν D.S. 3.24""},{""biblio"":"""",""quote"":""θερείαις""},{""biblio"":""Pi. | I. | 2.41"",""quote"":""θερείαις Pi. I. 2.41""}]","[""Ael. | NA | 2.25"",""D.S. | 3.24"",""Orph. | H. | 40.11"",""Pi. | I. | 2.41""]",{},[],1,1,1,1,0,3,5,2,8
48404,9,709,n48404,θερείποτος,,,790,,"[""watered in summer, γύαι Lyc. 847 .""]","[""watered in summer""]","[""πίνω""]","[{""biblio"":"""",""quote"":""γύαι""},{""biblio"":""Lyc. | 847"",""quote"":""γύαι Lyc. 847""}]","[""Lyc. | 847""]",{},[],1,1,1,1,0,1,1,1,2
48405,9,710,n48405,θερείω,,,790,,"[""θερείω, later poet. form of θέρω, in Med. , Nic. Th. 124 , Al. 567 .""]",[],[],[],[],{},[],1,0,0,0,0,1,0,0,0
48406,9,711,n48406,θερέσιμον:,,,790,,"[""θερέσιμον: θεριστικόν, Hsch.""]",[],[],[],[],{},[],1,0,0,0,0,1,0,0,0
48407,9,712,n48407,θέρετρον,,τό,790,,"[""summer-abode, dub. in Hp. Epid. 1.20 , cf. Gal. 17(1).197 .""]","[""summer-abode""]","[""θέρος""]",[],[],{},[],1,1,1,0,0,1,1,1,0
48408,9,713,n48408,θερήγᾰνον,,τό,790,,"[""wicker body of the harvestcart, Hsch.,EM 447.14 ; perh. to be read in E. Fr. 781.1 .""]","[""wicker body of the harvestcart""]","[""θέρος""]",[],[],{},[],1,1,1,0,0,1,1,1,0
48409,9,714,n48409,θεριακός,,,790,,"[""for summer, ἱμάτια POxy. 1901.37 (vi A.D.).""]","[""for summer""]",[],"[{""biblio"":"""",""quote"":""ἱμάτια""},{""biblio"":""POxy. | 1901.37"",""quote"":""ἱμάτια POxy. 1901.37""}]","[""POxy. | 1901.37""]",{},[],1,1,0,1,0,1,1,0,2
48410,9,715,n48410,θερίδιον,,τό,790,,"[""summer residence, Jul. Ep. 4 .""]","[""summer residence""]",[],[],[],{},[],1,1,0,0,0,1,1,0,0
48411,9,716,n48411,θερίζω,,,790,,"[""θερίδδειν Ar. Ach. 947 (lyr.):fut. Att. -ιῶ Arist. HA 601b17 :aor. ἐθέρισα S. Aj. 239 (anap.), syncop. ἔθρισα A. Ag. 536 (cf.ἀποθρίζω); poet. ἐθέρισσα AP 9.451 ; later (subj.) ἐκθερίξω Anacreont. 9.7 :— Med. (v. infr.):— Pass. ,aor. ἐθερίσθην:pf. τεθέρισμαι(v. infr.): (θέρος):— do summer-work, mow, reap,σῖτον, κριθάς, Hdt. 4.42 , Ar. Av. 506 , etc.: abs.,harvest, Phld. Mus. p.71 K.: freq. metaph., joined with σπείρω, αἰσχρῶς μὲν ἔσπειρας κακῶς δὲ ἐθέρισας Gorg. Fr. 16 D. , cf. Plu. 2.394e ; ἡ ῥητορικὴ καρπὸν ὧν ἔσπειρε θερίζει Pl. Phdr. 260d ; οὐκ ἔστι μὴ σπείραντα θερίσαι κάρπιμα Epigr.Gr. 1039.15 :— Med. , καρπὸν Δηοῦς θερίσασθαι Ar. Pl. 515 :— Pass. , ἃ [δράγματα] ἔτυχεν . . τεθερισμένα X. HG 7.2.8 ."",""metaph.,mow down, Ἄρη τὸν . . θερίζοντα βροτούς A. Supp. 637 (lyr.), cf. Ag. 536 ; βίον θ. ὥστε κάρπιμον στάχυν E. Hyps.Fr. 34(60).94 ;θ. Ἀσίαν to plunder it, Plu. 2.182a ."",""cut off, κεφαλὴν καὶ γλῶσσαν ἄκραν S. Aj. 239 ; κυνέας E. Supp. 717 ; γλῶσσαν AP 9.451 : metaph.,σελίδος νεαρῆς θ. στάχυν ib. 4.2.3 ( Phil. ): — Pass. ,ἥτις [πῶλος] . . θέρος θερισθῇ ξανθὸν αὐχένων ἄπο who had her crop of yellow mane cut off, S. Fr. 659.4 ."",""metaph.,reap a good harvest, Ar. Ach. 947 (lyr.); of bribes, Lib. Or. 47.26 ."",""ὁ θερίζων(with or without λόγος), a logical fallacy, Chrysipp.Stoic. 2.94 , D.L. 7.25 : pl., ib. 44 ."",""intr.,pass the summer, X. An. 3.5.15 ; θ. ἐν τοῖς ψυχροῖς, χειμάζουσι δ' ἐν τοῖς ἀλεεινοῖς Arist. HA 596b26 , cf. 598a25 .""]","[""do summer-work, mow, reap"",""harvest"",""mow down"",""to plunder"",""cut off"",""had her crop"",""cut off"",""reap a good harvest"",""pass the summer""]","[""θέρος""]","[{""biblio"":"""",""quote"":""θερίδδειν""},{""biblio"":""Ar. | Ach. | 947"",""quote"":""θερίδδειν Ar. Ach. 947""},{""biblio"":"""",""quote"":""-ιῶ""},{""biblio"":""Arist. | HA | 601b17"",""quote"":""-ιῶ Arist. HA 601b17""},{""biblio"":"""",""quote"":""ἐθέρισα""},{""biblio"":""S. | Aj. | 239"",""quote"":""ἐθέρισα S. Aj. 239""},{""biblio"":"""",""quote"":""ἔθρισα""},{""biblio"":""A. | Ag. | 536"",""quote"":""ἔθρισα A. Ag. 536""},{""biblio"":"""",""quote"":""ἐθέρισσα""},{""biblio"":""AP | 9.451"",""quote"":""ἐθέρισσα AP 9.451""},{""biblio"":"""",""quote"":""ἐκθερίξω""},{""biblio"":""Anacreont. | 9.7"",""quote"":""ἐκθερίξω Anacreont. 9.7""},{""biblio"":"""",""quote"":""σπείρω, αἰσχρῶς μὲν ἔσπειρας κακῶς δὲ ἐθέρισας""},{""biblio"":""Gorg. | Fr. | 16"",""quote"":""σπείρω, αἰσχρῶς μὲν ἔσπειρας κακῶς δὲ ἐθέρισας Gorg. Fr. 16""},{""biblio"":"""",""quote"":""ἡ ῥητορικὴ καρπὸν ὧν ἔσπειρε θερίζει""},{""biblio"":""Pl. | Phdr. | 260d"",""quote"":""ἡ ῥητορικὴ καρπὸν ὧν ἔσπειρε θερίζει Pl. Phdr. 260d""},{""biblio"":"""",""quote"":""οὐκ ἔστι μὴ σπείραντα θερίσαι κάρπιμα""},{""biblio"":""Epigr.Gr. | 1039.15"",""quote"":""οὐκ ἔστι μὴ σπείραντα θερίσαι κάρπιμα Epigr.Gr. 1039.15""},{""biblio"":"""",""quote"":""καρπὸν Δηοῦς θερίσασθαι""},{""biblio"":""Ar. | Pl. | 515"",""quote"":""καρπὸν Δηοῦς θερίσασθαι Ar. Pl. 515""},{""biblio"":"""",""quote"":""ἃ [δράγματα] ἔτυχεν . . τεθερισμένα""},{""biblio"":""X. | HG | 7.2.8"",""quote"":""ἃ [δράγματα] ἔτυχεν . . τεθερισμένα X. HG 7.2.8""},{""biblio"":"""",""quote"":""Ἄρη τὸν . . θερίζοντα βροτούς""},{""biblio"":""A. | Supp. | 637"",""quote"":""Ἄρη τὸν . . θερίζοντα βροτούς A. Supp. 637""},{""biblio"":"""",""quote"":""βίον θ. ὥστε κάρπιμον στάχυν""},{""biblio"":""E. | Hyps.Fr. | 34(60).94"",""quote"":""βίον θ. ὥστε κάρπιμον στάχυν E. Hyps.Fr. 34(60).94""},{""biblio"":"""",""quote"":""κεφαλὴν καὶ γλῶσσαν ἄκραν""},{""biblio"":""S. | Aj. | 239"",""quote"":""κεφαλὴν καὶ γλῶσσαν ἄκραν S. Aj. 239""},{""biblio"":"""",""quote"":""κυνέας""},{""biblio"":""E. | Supp. | 717"",""quote"":""κυνέας E. Supp. 717""},{""biblio"":"""",""quote"":""γλῶσσαν""},{""biblio"":""AP | 9.451"",""quote"":""γλῶσσαν AP 9.451""},{""biblio"":"""",""quote"":""θ. ἐν τοῖς ψυχροῖς, χειμάζουσι δ' ἐν τοῖς ἀλεεινοῖς""},{""biblio"":""Arist. | HA | 596b26"",""quote"":""θ. ἐν τοῖς ψυχροῖς, χειμάζουσι δ' ἐν τοῖς ἀλεεινοῖς Arist. HA 596b26""}]","[""A. | Ag. | 536"",""A. | Supp. | 637"",""AP | 9.451"",""Anacreont. | 9.7"",""Ar. | Ach. | 947"",""Ar. | Pl. | 515"",""Arist. | HA | 596b26"",""Arist. | HA | 601b17"",""E. | Hyps.Fr. | 34(60).94"",""E. | Supp. | 717"",""Epigr.Gr. | 1039.15"",""Gorg. | Fr. | 16"",""Pl. | Phdr. | 260d"",""S. | Aj. | 239"",""X. | HG | 7.2.8""]",{},[],1,1,1,1,0,6,9,1,34
48412,9,717,n48412,θερίκλειον:,,,790,,"[""θερίκλειον: ποτήριον, κόνδυ, Hsch. (i.e.Θηρίκλειον).""]",[],[],[],[],{},[],1,0,0,0,0,1,0,0,0
48413,9,718,n48413,θερῐνός,,,790,,"[""ἀνατολή Hp. Aër. 4 , cf. Aph. 2.25 , Plb. 3.37.4 ;θ. δύσεις, ἀνατολαί, Cleom. 1.9 ;θ. ζῴδια ib. 6 ; μεσημβρία X. Cyn. 6.26 ; ἥλιος Pl. Lg. 915d ;θ. τροπαί or τροπή, the summer solstice, ib. 767c , Arist. Mete. 364b2 ; τροπέων τῶν θερινέων Hdt. 2.19 ;θ. κύκλος, Tropic of Cancer, Ph. 1.27 ;θ. τροπικός(sc.κύκλος) Euc. Phaen. p.34 M., Cleom. 1.7 , Gem. 5.39 , al.;θερινὸν ὑπηχεῖν to echo summer-like, Pl. Phdr. 230c ;θερινά the summer-haunts of the sun, Id. Lg. 683c ;ὄμβροι θ. Arist. HA 601b24 ; θ. ἄνεσις καὶ ἀπόλαυσις D.S. 4.84 ;θ. ὥρα Oenopid.ib. 1.41 ;for summer use, ἱμάτιον PCair.Zen. 148 (iii B.C.);νομαί, opp.χειμεριναί, PLond. 3.842.12 (ii A.D.).""]","[""Aër."",""summer-like"",""summer-haunts"",""for summer use""]",[],"[{""biblio"":"""",""quote"":""ἀνατολή""},{""biblio"":""Hp."",""quote"":""ἀνατολή Hp.""},{""biblio"":"""",""quote"":""μεσημβρία""},{""biblio"":""X. | Cyn. | 6.26"",""quote"":""μεσημβρία X. Cyn. 6.26""},{""biblio"":"""",""quote"":""ἥλιος""},{""biblio"":""Pl. | Lg. | 915d"",""quote"":""ἥλιος Pl. Lg. 915d""},{""biblio"":"""",""quote"":""τροπέων τῶν θερινέων""},{""biblio"":""Hdt. | 2.19"",""quote"":""τροπέων τῶν θερινέων Hdt. 2.19""},{""biblio"":"""",""quote"":""θ. ἄνεσις καὶ ἀπόλαυσις""},{""biblio"":""D.S. | 4.84"",""quote"":""θ. ἄνεσις καὶ ἀπόλαυσις D.S. 4.84""},{""biblio"":"""",""quote"":""ἱμάτιον""},{""biblio"":""PCair.Zen. | 148"",""quote"":""ἱμάτιον PCair.Zen. 148""}]","[""D.S. | 4.84"",""Hdt. | 2.19"",""Hp."",""PCair.Zen. | 148"",""Pl. | Lg. | 915d"",""X. | Cyn. | 6.26""]",{},[],1,1,0,1,0,1,4,0,12
48414,9,719,n48414,θερ-ισμός,,ὁ,790,,"[""mowing, reaping, X. Oec. 18.3 , PHib. 1.90.5 (iii B.C.), PFlor. 101.4 (i A.D.)."",""reaping-time, harvest, Eup. 202 , Plb. 5.95.5 , Ev.Matt. 13.30 , al."",""harvest, crop, LXX Le. 19.9 , Ev.Matt. 9.37 .""]","[""mowing, reaping"",""reaping-time, harvest"",""harvest, crop""]",[],[],[],{},[],1,1,0,0,0,3,3,0,0
48415,9,720,n48415,θερ-ιστήρ,,ὁ,790,,"[""mower, reaper, Lyc. 840 .""]","[""mower, reaper""]",[],[],[],{},[],1,1,0,0,0,1,1,0,0
48416,9,721,n48416,θερ-ιστήριον,,τό,790,,"[""reaping-hook, LXX 1 Ki. 13.20 ( v.l. θέριστρον ), Max.Tyr. 30.6 .""]","[""reaping-hook""]",[],[],[],{},"[{""type"":""ref"",""target"":"""",""text"":""θέριστρον""},{""type"":"""",""target"":"""",""text"":""v.l. θέριστρον""}]",1,1,0,0,1,1,1,0,0
48417,9,722,n48417,θερ-ιστής,,ὁ,790,,"[""θερ-ιστής,οῦ,ὁ,=θεριστήρ, X. Hier. 6.10 , D. 18.51 , Arist. HA 580b20 , PCair.Zen. 292.486 (iii B.C.):θερισταί,οἱ , a satyric play of Euripides, Arg. E. Med.""]",[],[],[],[],{},[],1,0,0,0,0,1,0,0,0
48418,9,723,n48418,θερ-ιστικός,Subst.,τό,790,,"[""of or for reaping, δρέπανον PMagd. 8.6 (iii B.C.); ὕμνος Suid. s.v. Λιτυέρσης : as Subst. θ.,τό ,crop, Str. 17.3.11 .""]","[""of"",""for reaping"",""crop""]",[],"[{""biblio"":"""",""quote"":""δρέπανον""},{""biblio"":""PMagd. | 8.6"",""quote"":""δρέπανον PMagd. 8.6""},{""biblio"":"""",""quote"":""ὕμνος""},{""biblio"":""Suid."",""quote"":""ὕμνος Suid.""}]","[""PMagd. | 8.6"",""Suid.""]",{},"[{""type"":""ref"",""target"":"""",""text"":""Λιτυέρσης""},{""type"":"""",""target"":"""",""text"":""s.v. Λιτυέρσης""}]",1,1,0,1,1,1,3,0,4
48419,9,724,n48419,θερ-ιστός,,,790,,"[""balsam, Dsc. 1.19 codd. (εὐθέριστον Wellm.).""]","[""balsam""]",[],[],[],{},[],1,1,0,0,0,1,1,0,0
48420,9,725,n48420,θέριστος,,ὁ,790,,"[""v. θέριτος .""]",[],[],[],[],{},"[{""type"":""ref"",""target"":"""",""text"":""θέριτος""},{""type"":"""",""target"":"""",""text"":""v. θέριτος""}]",1,0,0,0,1,1,0,0,0
48421,9,726,n48421,θέριστρα,,τά,790,,"[""cost of reaping, POxy. 277.8 (i B.C.).""]","[""cost of reaping,""]",[],[],[],{},[],1,1,0,0,0,1,1,0,0
48422,9,727,n48422,θερίστρια,,ἡ,790,,"[""θερίστρια,ἡ, fem. of θεριστήρ, Ar. Fr. 788 .""]",[],[],[],[],{},[],1,0,0,0,0,1,0,0,0
48423,9,728,n48423,θερίστριον,,τό,790,,"[""light summer garment, Theoc. 15.69 , Aristaenet. 1.27 .""]","[""light summer garment""]",[],[],[],{},[],1,1,0,0,0,1,1,0,0
48424,9,729,n48424,θέριστρον,,τό,790,,"[""sickle, LXX 1 Ki. 13.20 (v.l.).""]","[""sickle""]",[],[],[],{},[],1,1,0,0,0,1,1,0,0
48425,9,730,n48425,θέριτος,,ὁ,790,,"[""harvest, and θεριτός,ὁ,harvest-time, Tz.ad Hes. Op. 571 (θέριστος and θεριστός cj. Spohn ad Niceph. Blemm. p.40 ).""]","[""harvest"",""harvest-time""]",[],[],[],{},[],1,1,0,0,0,1,2,0,0
48426,9,731,n48426,θερίτροπος,,,790,,"[""turning in summer, of the solstice, Tz.ad Hes. Op. 596 .""]","[""turning in summer""]",[],[],[],{},[],1,1,0,0,0,1,1,0,0
48427,9,732,n48427,θέρμᾰ,,,790,,"[""pl.θέρματα, v. θρέμμα .""]",[],[],[],[],{},"[{""type"":""ref"",""target"":"""",""text"":""θρέμμα""},{""type"":"""",""target"":"""",""text"":""v. θρέμμα""}]",1,0,0,0,1,1,0,0,0
48428,9,733,n48428,θερμάζω,,,790,,"[""θερμάσσαιο Nic. Al. 587 .""]",[],[],"[{""biblio"":"""",""quote"":""θερμάσσαιο""},{""biblio"":""Nic. | Al. | 587"",""quote"":""θερμάσσαιο Nic. Al. 587""}]","[""Nic. | Al. | 587""]",{},[],1,0,0,1,0,1,0,0,2
48429,9,734,n48429,θερμαίνω,,,790,,"[""ἐθέρμηνα Il. 14.7 , etc., later ἐθέρμᾱνα Arist. GA 730a16 :pf. τεθέρμαγκα Hsch. s.v. κεχλίαγκα :pf. Pass. τεθέρμασμαι Apollod. Poliorc. 147.4 , Eust. 1573.47 , (δια-) Hp. Vict. 2.64 : (θερμός): — warm, heat, εἰς ὅ κε θερμὰ λοετρὰ . . Ἑκαμήδη θερμήνῃ Il. 14.7 ; ἥλιος θερμαίνων χθόνα E. Ba. 679 , cf. A. Pers. 505 ; τὸ χαλκίον θέρμαινε Eup. 108 :— Med. ,cause to be warmed, τῇ ἐρωμένῃ χαλκία δύο ὕδατος PSI 4.406.37 (iii B.C.):— Pass. ,to be heated, Od. 9.376 , Pl. Phd. 63d ; τὸ θερμαῖνον ψύχεται ὑπὸ τοῦ θερμαινομένου Arist. GA 768b18 ;feel the sensation of heat, Pl. Tht. 186d ;to be or grow feverish, Hp. Epid. 1.26 .ιβ́;to be parched, of roots, X. Oec. 19.11 ."",""metaph., θ. φιλότατι νόον Pi. O. 10(11).87 ; ἕως ἐθέρμην' αὐτὸν φλὸξ οἴνου E. Alc. 758 ; σπλάγχν' ἐθέρμαινον ποτῷ Id. Cyc. 424 ; σπλάγχνα θ. κότῳ Ar. Ra. 844 ;πολλὰ θερμαίνοι φρενί is prob. f.l. for π. θ. φρένα , A. Ch. 990(1004) ; οὐ τοῦτο μή σε θερμήνῃ Herod. 1.20 :— Pass. ,κεναῖσιν ἐλπίσιν θερμαίνεται glows with hope, S. Aj. 478 ;χαρᾷ θ. καρδίαν have one's heart warm with joy, E. El. 402 .""]","[""warm, heat"",""cause to be warmed"",""to be heated"",""feel the sensation of heat"",""to be"",""grow feverish"",""to be parched"",""glows"",""have"",""warm""]","[""δια-"",""θερμός""]","[{""biblio"":"""",""quote"":""ἐθέρμηνα""},{""biblio"":""Il. | 14.7"",""quote"":""ἐθέρμηνα Il. 14.7""},{""biblio"":"""",""quote"":""ἐθέρμᾱνα""},{""biblio"":""Arist. | GA | 730a16"",""quote"":""ἐθέρμᾱνα Arist. GA 730a16""},{""biblio"":"""",""quote"":""τεθέρμαγκα""},{""biblio"":""Hsch."",""quote"":""τεθέρμαγκα Hsch.""},{""biblio"":"""",""quote"":""τεθέρμασμαι""},{""biblio"":""Apollod. | Poliorc. | 147.4"",""quote"":""τεθέρμασμαι Apollod. Poliorc. 147.4""},{""biblio"":"""",""quote"":""εἰς ὅ κε θερμὰ λοετρὰ . . Ἑκαμήδη θερμήνῃ""},{""biblio"":""Il. | 14.7"",""quote"":""εἰς ὅ κε θερμὰ λοετρὰ . . Ἑκαμήδη θερμήνῃ Il. 14.7""},{""biblio"":"""",""quote"":""ἥλιος θερμαίνων χθόνα""},{""biblio"":""E. | Ba. | 679"",""quote"":""ἥλιος θερμαίνων χθόνα E. Ba. 679""},{""biblio"":"""",""quote"":""τὸ χαλκίον θέρμαινε""},{""biblio"":""Eup. | 108"",""quote"":""τὸ χαλκίον θέρμαινε Eup. 108""},{""biblio"":"""",""quote"":""τῇ ἐρωμένῃ χαλκία δύο ὕδατος""},{""biblio"":""PSI | 4.406.37"",""quote"":""τῇ ἐρωμένῃ χαλκία δύο ὕδατος PSI 4.406.37""},{""biblio"":"""",""quote"":""τὸ θερμαῖνον ψύχεται ὑπὸ τοῦ θερμαινομένου""},{""biblio"":""Arist. | GA | 768b18"",""quote"":""τὸ θερμαῖνον ψύχεται ὑπὸ τοῦ θερμαινομένου Arist. GA 768b18""},{""biblio"":"""",""quote"":""θ. φιλότατι νόον""},{""biblio"":""Pi. | O. | 10(11).87"",""quote"":""θ. φιλότατι νόον Pi. O. 10(11).87""},{""biblio"":"""",""quote"":""ἕως ἐθέρμην' αὐτὸν φλὸξ οἴνου""},{""biblio"":""E. | Alc. | 758"",""quote"":""ἕως ἐθέρμην' αὐτὸν φλὸξ οἴνου E. Alc. 758""},{""biblio"":"""",""quote"":""σπλάγχν' ἐθέρμαινον ποτῷ""},{""biblio"":""Id. | Cyc. | 424"",""quote"":""σπλάγχν' ἐθέρμαινον ποτῷ Id. Cyc. 424""},{""biblio"":"""",""quote"":""σπλάγχνα θ. κότῳ""},{""biblio"":""Ar. | Ra. | 844"",""quote"":""σπλάγχνα θ. κότῳ Ar. Ra. 844""},{""biblio"":"""",""quote"":""οὐ τοῦτο μή σε θερμήνῃ""},{""biblio"":""Herod. | 1.20"",""quote"":""οὐ τοῦτο μή σε θερμήνῃ Herod. 1.20""}]","[""Apollod. | Poliorc. | 147.4"",""Ar. | Ra. | 844"",""Arist. | GA | 730a16"",""Arist. | GA | 768b18"",""E. | Alc. | 758"",""E. | Ba. | 679"",""Eup. | 108"",""Herod. | 1.20"",""Hsch."",""Id. | Cyc. | 424"",""Il. | 14.7"",""PSI | 4.406.37"",""Pi. | O. | 10(11).87""]",{},"[{""type"":""ref"",""target"":"""",""text"":""κεχλίαγκα""},{""type"":"""",""target"":"""",""text"":""s.v. κεχλίαγκα""},{""type"":""ref"",""target"":"""",""text"":""π. θ. φρένα""},{""type"":"""",""target"":"""",""text"":""f.l. for π. θ. φρένα""}]",1,1,1,1,1,2,10,2,28
48430,9,735,n48430,θέρμαν-σις,,ἡ,790,,"[""heating, Arist. Metaph. 1067b12 , Gal. 1.253 ,f.l. in Hp. Liqu. 1 .""]","[""heating""]",[],[],[],{},[],1,1,0,0,0,1,1,0,0
48431,9,736,n48431,θερμαν-τέον,Adj.,,790,,"[""one must heat, Gal. 10.104 ."",""Adj. θερμαν-τέος,α,ον,to be heated, Hp. Art. 11 .""]","[""one must heat"",""to be heated""]",[],[],[],{},[],1,1,0,0,0,2,2,0,0
48432,9,737,n48432,θερμαν-τήρ,,ὁ,790,,"[""kettle or pot for boiling water, Poll. 6.89 , 10.66 .""]","[""kettle"",""pot for boiling water""]",[],[],[],{},[],1,1,0,0,0,1,2,0,0
48433,9,738,n48433,θερμαν-τήριος,,,790,794,"[""promoting warmth, φάρμακα Hp. Loc.Hom. 17 ."",""χαλκίον θ.,=θερμαντήρ, IG 4.39 (Aegina), 22.1416 , Gal. 13.663 .""]","[""promoting warmth""]",[],"[{""biblio"":"""",""quote"":""φάρμακα""},{""biblio"":""Hp. | Loc.Hom. | 17"",""quote"":""φάρμακα Hp. Loc.Hom. 17""}]","[""Hp. | Loc.Hom. | 17""]",{},[],1,1,0,1,0,2,1,0,2
48434,9,739,n48434,θερμαν-τικός,,,790,,"[""capable of heating, calorific, τὸ πῦρ θ. Arist. Int. 22b38 ; ὁ οἶνος Epicur. Fr. 58 , cf. 60 ; τὸ θ. πρὸς τὸ -τὸν Arist. Metaph. 1020b29 , cf. Thphr. HP 6.3.6 : Sup. , Arist. Cael. 307a1 , Dsc. 1.19.4 : c. gen., τὸ τῆς ψυχῆς θ. οἶνος Pl. Ti. 60a .""]","[""capable of heating, calorific""]",[],"[{""biblio"":"""",""quote"":""τὸ πῦρ θ.""},{""biblio"":""Arist. | Int. | 22b38"",""quote"":""τὸ πῦρ θ. Arist. Int. 22b38""},{""biblio"":"""",""quote"":""ὁ οἶνος""},{""biblio"":""Epicur. | Fr. | 58"",""quote"":""ὁ οἶνος Epicur. Fr. 58""},{""biblio"":"""",""quote"":""τὸ θ. πρὸς τὸ -τὸν""},{""biblio"":""Arist. | Metaph. | 1020b29"",""quote"":""τὸ θ. πρὸς τὸ -τὸν Arist. Metaph. 1020b29""},{""biblio"":"""",""quote"":""τὸ τῆς ψυχῆς θ. οἶνος""},{""biblio"":""Pl. | Ti. | 60a"",""quote"":""τὸ τῆς ψυχῆς θ. οἶνος Pl. Ti. 60a""}]","[""Arist. | Int. | 22b38"",""Arist. | Metaph. | 1020b29"",""Epicur. | Fr. | 58"",""Pl. | Ti. | 60a""]",{},[],1,1,0,1,0,1,1,0,8
48435,9,740,n48435,θερμαν-τός,,,790,,"[""capable of being heated, Arist. Ph. 224a30 .""]","[""capable of being heated""]",[],[],[],{},[],1,1,0,0,0,1,1,0,0
48436,9,741,n48436,θερμᾰσία,,ἡ,790,,"[""warmth, heat, Hp. Aph. 5.63 , Arist. Pr. 860a19 , Epicur. Ep. 2p.40U. , Thphr. HP 8.11.7 . LXX Je. 28(51).39 , D.S. 3.34 , Paus. 2.34.6 ;heating, opp.ψῦξις, Arist. GA 764b7 : pl., Plu. 2.128f . (The pure Att. words are θερμότης and θέρμη, Thom.Mag. p.179R. , but θερμασία is used by X. An. 5.8.15 .)""]","[""warmth, heat"",""heating""]",[],[],[],{},[],1,1,0,0,0,1,2,0,0
48437,9,742,n48437,θέρμασμα,,τό,790,,"[""warm fomentation, Hp. Acut. 16 (pl.), Gal. UP 4.8 .""]","[""warm fomentation""]",[],[],[],{},[],1,1,0,0,0,1,1,0,0
48438,9,743,n48438,θέρμασσα,,ἡ,790,,"[""θέρμασσα,ἡ,=κάμινος, Hdn.Gr. 1.267 .""]",[],[],[],[],{},[],1,0,0,0,0,1,0,0,0
48439,9,744,n48439,θερμάστιον,,τό,790,,"[""θερμαστρίς 1 , Aen.Tact. 18.6 , IG 22.1425.379 (pl.).""]",[],[],"[{""biblio"":"""",""quote"":""θερμαστρίς""},{""biblio"":""1"",""quote"":""θερμαστρίς 1""}]","[""1""]",{},[],1,0,0,1,0,1,0,0,2
48440,9,745,n48440,θέρμαστις,,ἡ,790,,"[""= θέρμαστρις, παρυφὴν ἔχει θέρμαστιν , of a garment, IG 22.1514.29 , 1515.21 , 1516.8 (iv B.C.).""]",[],[],[],[],{},"[{""type"":""ref"",""target"":"""",""text"":""θέρμαστρις, παρυφὴν ἔχει θέρμαστιν""},{""type"":"""",""target"":"""",""text"":""= θέρμαστρις, παρυφὴν ἔχει θέρμαστιν""}]",1,0,0,0,1,1,0,0,0
48441,9,746,n48441,θερμάστρα,Adv.,ἡ,790,,"[""oven, furnace, Call. Del. 144 (-αυστραι codd.), Euph. 51.8 (pl.), Hsch. (nom. pl. proparox. cod. Hsch. , codd. Call. vary in accent):—Adv. θερμαστρῆθεν,from the furnace, Hsch. (-στῆθεν cod.).""]","[""oven, furnace"",""from the furnace""]",[],[],[],{},[],1,1,0,0,0,1,2,0,0
48442,9,747,n48442,θερμαστρίς,,ἡ,790,,"[""Cultes Égyptiens 220 (Delos,ii B.C.); gen. θερμαστρίδος Arist. Mech. 854a24 : acc. pl. θερμάστρεις LXX 3 Ki. 7.26(40) , 31(45) : for forms with-αυστρ- v.infr.:—tongs used by smiths to take hold of hot metal, Hsch. : generally,pincers, pliers, Arist.l.c."",""metaph.,a violent dance, in which the legs were crossed tong-fashion, Poll. 4.102 , Ath. 14.630a , Hsch. (θερμαυστρίς codd. Poll. ,θαυυαστρεις cod. A Ath. , θέρμαστρις Hsch. ); cf.θερμαυστρίζω."",""spike, clamp, Ath.Mech. 34.4 ."",""= θερμαντήρ, τὰς θερμάστρεις LXX Il.cc.;θερμαυστρίς and θερμαστρίς Poll. 10.66 ; acc.θέρμαυστριν(prob. in this signf.) Eup. 228 : in IG and Roussel Il. cc. the signf. may be 1.1 or 111 . (In signf. 1 prob. fr.θερμός, αὔω(A), cf.ἐξ-αύω: but the origin of signf. 111 and the form-αστρ-is not clear.)""]","[""Cultes Égyptiens"",""tongs"",""pincers, pliers"",""a violent dance"",""tong-fashion"",""spike, clamp""]",[],"[{""biblio"":"""",""quote"":""θερμαστρίδος""},{""biblio"":""Arist. | Mech. | 854a24"",""quote"":""θερμαστρίδος Arist. Mech. 854a24""},{""biblio"":"""",""quote"":""θερμάστρεις""},{""biblio"":""LXX | 3 Ki. | 7.26(40)"",""quote"":""θερμάστρεις LXX 3 Ki. 7.26(40)""},{""biblio"":"""",""quote"":""θέρμαστρις""},{""biblio"":""Hsch."",""quote"":""θέρμαστρις Hsch.""},{""biblio"":"""",""quote"":""θερμαστρίς""},{""biblio"":""Poll. | 10.66"",""quote"":""θερμαστρίς Poll. 10.66""}]","[""Arist. | Mech. | 854a24"",""Hsch."",""LXX | 3 Ki. | 7.26(40)"",""Poll. | 10.66""]",{},"[{""type"":""ref"",""target"":"""",""text"":""θερμαντήρ, τὰς θερμάστρεις""},{""type"":"""",""target"":"""",""text"":""= θερμαντήρ, τὰς θερμάστρεις""}]",1,1,0,1,1,4,6,0,8
48443,9,748,n48443,θερμαύστρα,,ἡ,790,,"[""f.l. for θερμάστρα (q.v.).""]",[],[],[],[],{},"[{""type"":""ref"",""target"":"""",""text"":""θερμάστρα""},{""type"":"""",""target"":"""",""text"":""f.l. for θερμάστρα""}]",1,0,0,0,1,1,0,0,0
48444,9,749,n48444,θερμαυστρίζω,,,790,,"[""dance the θερμαυστρίς(v. θερμαστρίς 1.2 ), Critias Fr. 36 D. , Luc. Salt. 34 .""]","[""dance the""]",[],"[{""biblio"":"""",""quote"":""θερμαστρίς""},{""biblio"":""1.2"",""quote"":""θερμαστρίς 1.2""}]","[""1.2""]",{},[],1,1,0,1,0,1,1,0,2
48445,9,750,n48445,θερμαψίς,,,790,,"[""fornax, Gloss.""]","[""fornax,""]",[],[],[],{},[],1,1,0,0,0,1,1,0,0
48446,9,751,n48446,θέρμη,,ἡ,790,,"[""heat, Hp. VM 19 , LXX Si. 38.28 , Act.Ap. 28.3 ;τῆς θ. when it is hot, Olymp. in Mete. 98.20 ;feverish heat, Pherecr. 158 , Pl. Tht. 178c (θερμά codd.), Arist. Pr. 862a18 : Pl. , Hp. Epid. 7.51 , Th. 2.49 , Arr. An. 2.4.8 ."",""θέρμαι,αἱ ,hot springs, IG 14.455 (Catana), cf. 1055 : name of a town in Sicily, Plb. 1.24.4 ."",""hot baths, POxy. 473.5 (ii A.D.), etc.""]","[""heat"",""when it is hot"",""feverish heat"",""hot springs,"",""hot baths,""]",[],[],[],{},[],1,1,0,0,0,3,5,0,0
48447,9,752,n48447,θερμ-ηγορέω,,,790,,"[""speak warmly, hotly, Orac. ap. Luc. Peregr. 30 .""]","[""speak warmly, hotly""]",[],[],[],{},[],1,1,0,0,0,1,1,0,0
48448,9,753,n48448,θερμ-ημερίαι,,αἱ,790,,"[""hot season, summer-time, Hp. Nat.Hom. 7 , Arist. HA 544b11 , Thphr. HP 7.1.7 .""]","[""hot season, summer-time""]",[],[],[],{},[],1,1,0,0,0,1,1,0,0
48449,9,754,n48449,θερμηρός,,,790,,"[""for hot liquid,ποτήριον Hsch. s.v. κελέβη :θερμηρόν(and θέρμ-ητρον), expld. by miliarium, Gloss.""]","[""for hot liquid"",""miliarium,""]",[],[],[],{},"[{""type"":""ref"",""target"":"""",""text"":""κελέβη""},{""type"":"""",""target"":"""",""text"":""s.v. κελέβη""}]",1,1,0,0,1,1,2,0,0
48450,9,755,n48450,θερμίζω,,,790,,"[""fall ill with fever, IG 12(9).1240.15 (Aedepsus).""]","[""fall ill with fever,""]",[],[],[],{},[],1,1,0,0,0,1,1,0,0
48451,9,756,n48451,θέρμῐνος,,,790,,"[""of lupines, ἄλευρα Dsc. 2.110 ; πανοπλία Luc. VH 1.27 .""]","[""of lupines""]","[""θέρμος""]","[{""biblio"":"""",""quote"":""ἄλευρα""},{""biblio"":""Dsc. | 2.110"",""quote"":""ἄλευρα Dsc. 2.110""},{""biblio"":"""",""quote"":""πανοπλία""},{""biblio"":""Luc. | VH | 1.27"",""quote"":""πανοπλία Luc. VH 1.27""}]","[""Dsc. | 2.110"",""Luc. | VH | 1.27""]",{},[],1,1,1,1,0,1,1,1,4
48452,9,757,n48452,θέρμιον,,τό,790,,"[""θέρμιον,τό, Dim. of θέρμος, Stud.Pal. 22.75.11 (iii A.D.),Gloss., condemned by Thom.Mag. p.183 R.""]",[],[],[],[],{},[],1,0,0,0,0,1,0,0,0
48453,9,758,n48453,θερμο-βᾰφής,,,790,,"[""dyed hot, opp.ψυχροβαφής, Thphr. Od. 22 .""]","[""dyed hot""]",[],[],[],{},[],1,1,0,0,0,1,1,0,0
48454,9,759,n48454,θερμό-βουλος,,,790,,"[""hot-tempered, rash, σπλάγχνον E. Fr. 858 ; parodied in Ar. Ach. 119 ; ἄνθρωπος Ael. NA 8.17 .""]","[""hot-tempered, rash""]",[],"[{""biblio"":"""",""quote"":""σπλάγχνον""},{""biblio"":""E. | Fr. | 858"",""quote"":""σπλάγχνον E. Fr. 858""},{""biblio"":"""",""quote"":""ἄνθρωπος""},{""biblio"":""Ael. | NA | 8.17"",""quote"":""ἄνθρωπος Ael. NA 8.17""}]","[""Ael. | NA | 8.17"",""E. | Fr. | 858""]",{},[],1,1,0,1,0,1,1,0,4
48455,9,760,n48455,θερμο-δότης,,ὁ,790,,"[""one who brought the hot water atbaths, Gloss. :—fem.θερμο-δότις,ιδος,ἡ,female bath-attendant, AP 9.183 ( Pall. ):""]","[""one who brought the hot water atbaths,"",""female bath-attendant,""]",[],[],[],{},[],1,1,0,0,0,1,2,0,0
48456,9,761,n48456,θερμο-δοσία,,ἡ,790,,"[""θερμο-δοσία,ἡ, Herod.Med. ap. Orib. 5.30.19 .""]",[],[],[],[],{},[],1,0,0,0,0,1,0,0,0
48457,9,762,n48457,θερμο-ειδής,,,790,,"[""of warm nature, EM 557.23 .""]","[""of warm nature,""]",[],[],[],{},[],1,1,0,0,0,1,1,0,0
48458,9,763,n48458,θερμο-εργός,,,790,,"[""θερμο-εργός,ον,f.l. in A. Eu. 560 .""]",[],[],[],[],{},[],1,0,0,0,0,1,0,0,0
48459,9,764,n48459,θερμο-κοίλιος,,,790,,"[""hot-stomached, Hp. Epid. 6.4.19 .""]","[""hot-stomached""]",[],[],[],{},[],1,1,0,0,0,1,1,0,0
48460,9,765,n48460,θερμο-κρᾱσία,,ἡ,790,,"[""mixing of hot drink, Aët. 9.30 .""]","[""mixing of hot drink""]",[],[],[],{},[],1,1,0,0,0,1,1,0,0
48461,9,766,n48461,θερμο-κύᾰμος,,ἡ,790,,"[""leguminous plant, of a kind between the θέρμος and the κύαμος, Diph. 87 .""]","[""leguminous plant""]",[],[],[],{},[],1,1,0,0,0,1,1,0,0
48462,9,767,n48462,Θερμολαῖος,,ὁ,790,,"[""Θερμολαῖος,ὁ(sc.μήν), name of month in Crete, GDI 5075 B 3 .""]",[],[],[],[],{},[],1,0,0,0,0,1,0,0,0
48463,9,768,n48463,θερμο-λουσία,,ἡ,790,,"[""hot bathing, Hp. Insomn. 93 , Aret. CD 1.3 , Com.Adesp. 56 , Thphr. Sud. 16 , Ph. 2.548 , Agathin. ap. Orib. 10.7 tit.""]","[""hot bathing""]",[],[],[],{},[],1,1,0,0,0,1,1,0,0
48464,9,769,n48464,θερμο-λουτέω,,,790,,"[""use hotbaths, Hermipp. 76 , Alex. 75 , Herod.Med. ap. Orib. 10.39.6 (θερμο-λουτρέω is incorrect in Arist. Pr. 863a4 ).""]","[""use hotbaths""]",[],[],[],{},[],1,1,0,0,0,1,1,0,0
48465,9,770,n48465,θερμο-λούτης,,ὁ,790,,"[""one who uses hot baths, Agathin. ap. Orib. 10.7.9 .""]","[""one who uses hot baths""]",[],[],[],{},[],1,1,0,0,0,1,1,0,0
48466,9,771,n48466,θερμο-λουτία,,ἡ,790,,"[""f.l. for -λουσίη , Hp. Insomn. 93 .""]",[],[],[],[],{},"[{""type"":""ref"",""target"":"""",""text"":""-λουσίη""},{""type"":"""",""target"":"""",""text"":""f.l. for -λουσίη""}]",1,0,0,0,1,1,0,0,0
48467,9,772,n48467,θερμό-λυχνον,,τό,790,,"[""lamp-oil, IG 22.1368.151 .""]","[""lamp-oil,""]",[],[],[],{},[],1,1,0,0,0,1,1,0,0
48468,9,773,n48468,θερμο-μῐγής,,,790,,"[""half-hot, ἀήρ Placit. 2.20.13 .""]","[""half-hot""]",[],"[{""biblio"":"""",""quote"":""ἀήρ""},{""biblio"":""Placit. | 2.20.13"",""quote"":""ἀήρ Placit. 2.20.13""}]","[""Placit. | 2.20.13""]",{},[],1,1,0,1,0,1,1,0,2
48469,9,774,n48469,θερμό-νους,,,790,,"[""heated in mind, A. Ag. 1172 (dub.).""]","[""heated in mind""]",[],[],[],{},[],1,1,0,0,0,1,1,0,0
48470,9,775,n48470,θερμοπλ-άω,,,790,,"[""have inflammation in the hoof, of horses, Hippiatr. 53 :""]","[""have inflammation in the hoof""]",[],[],[],{},[],1,1,0,0,0,1,1,0,0
48471,9,776,n48471,θερμόπλ-ησις,,ἡ,790,,"[""θερμόπλ-ησις,εως,ἡ, the disease itself, ibid.:θερμόπλα is dub. in Hsch.""]",[],[],[],[],{},[],1,0,0,0,0,1,0,0,0
48472,9,777,n48472,θερμο-περίπᾰτος,,ὁ,790,,"[""sunny promenade, Rev.Arch. 1907 ii 418 (Nicopolis ad Istrum).""]","[""sunny promenade,""]",[],[],[],{},[],1,1,0,0,0,1,1,0,0
48473,9,778,n48473,θερμο-ποιός,,,790,,"[""producing heat, Olymp. in Mete. 136.1 , 244.14 .""]","[""producing heat""]",[],[],[],{},[],1,1,0,0,0,1,1,0,0
48474,9,779,n48474,θερμο-ποσία,,ἡ,790,,"[""drinking of hot liquid, Sor. 1.117 .""]","[""drinking of hot liquid""]",[],[],[],{},[],1,1,0,0,0,1,1,0,0
48475,9,780,n48475,θερμο-πότης,,ὁ,790,,"[""one who drinks hot drinks, Ath. 8.352b , Gal. 10.828 :—fem.πότις,ιδος,cup for such drinks, Pamphil. ap. Ath. 11.475d , cf. Hsch. s.v. σκαμβίς .""]","[""one who drinks hot drinks"",""cup for such drinks""]",[],[],[],{},"[{""type"":""ref"",""target"":"""",""text"":""σκαμβίς""},{""type"":"""",""target"":"""",""text"":""s.v. σκαμβίς""}]",1,1,0,0,1,1,2,0,0
48476,9,781,n48476,θερμό-πρωκτος,,,790,,"[""lascivious, Sch. Ar. V. 1030 .""]","[""lascivious""]",[],[],[],{},[],1,1,0,0,0,1,1,0,0
48477,9,782,n48477,θερμο-πύλαι,,αἱ,790,,"[""Thermopylae, 'gate of hot springs', Hdt. 7.176 , 201 , Str. 9.4.12 .""]","[""Thermopylae, 'gate of hot springs""]",[],[],[],{},[],1,1,0,0,0,1,1,0,0
48478,9,783,n48478,θερμο-πώλιον,,τό,790,,"[""cook-shop, in Lat. form thermopolium, Plaut. Curc. 292 , Trin. 1013 , but θερμοπωλεῖον is expld. by lupinarium, Gloss.""]","[""cook-shop"",""thermopolium"",""lupinarium,""]",[],[],[],{},[],1,1,0,0,0,1,3,0,0
48479,9,784,n48479,θερμός,Adv.,τό,790,,"[""θερμὸς ἀϋτμή h.Merc. 110 , Hes. Th. 696 ): (θέρω):— hot, θ. λοετρά Il. 14.6 , cf. Od. 8.249 ; θ. λουτρά Pi. O. 12.19 , S. Tr. 634 (lyr.), Pl. Lg. 761c , etc.; δάκρυα Od. 19.362 ; of water, ib. 388 ; of glowing wood, 9.388 ; θ. καύματα Hdt. 3.104 ( Sup. );ἦν ἄρα πυρὸς ἕτερα -ότερα Ar. Eq. 382 : freq. in Att. , of hot meals or drinks, Telecl Id. 1.8 , 32 , Pherecr. 130.8 , etc.; of blood, S. OC 622 , Aj. 1411 (anap.); -οτάταν αἱμάδα Id. Ph. 696 ; of fever, θ. νόσοι Pi. P. 3.66 ;θ. σῶμα feverish, Th. 2.49 ."",""metaph.,hot-headed, hasty, freq. of persons, A. Th. 603 , Eu. 560 (lyr.), Ar. V. 918 , etc.; θ. καὶ ἀνδρεῖος Antipho 2.4.5 ; of actions, πολλὰ καὶ θ. μοχθήσας S. Tr. 1046 ; θ. ἔργον Ar. Pl. 415 ; δρᾶν τι νεανικὸν καὶ θ. Amphis 33.10 ; θ. ἐπὶ ψυχροῖσι καρδίαν ἔχεις S. Ant. 88 ; θ. πόθος AP 5.114 ( Phld. ); φάρμακον Alciphr. 1.37 ( Comp. ): c.inf., θερμότερος ἐπιχειρεῖν Antipho 2.1.7 : Sup. , ὦ θερμόταται γυναῖκες Ar. Th. 735 ."",""still warm, fresh, ἴχνη AP 9.371 ; ἀτυχήματα Plu. 2.798f ;θ. κακά, opp.ἕωλα, ib. 517f ; γάμοι θ. καὶ ἴσως αὔριον Philostr. VA 4.25 ."",""τὸ θ.,=θερμότης,heat, Hdt. 1.142 , Pl. Cra. 413c , etc."",""θ.(sc.ὕδωρ),τό,hot water,θερμῷ λοῦσθαι, βάπτειν, Ar. Nu. 1044 , Ec. 216 ; θερμῷ κεκραμένος οἶνος Gal. 11.56 ; also,hot drink, Arr. Epict. 1.13.2 ."",""θερμόν,τό ,grace, favour, θ. εὑρεῖν ἐν ἐρήμῳ LXX Je. 38(31).2 ."",""τὰ θ.(sc.χωρία) Hdt. 4.29 ; but (sc.λουτρά),hot springs, X. HG 4.5.3 ; τὰ θ. τοῦ Ἡρακλέους Str. 9.4.2 ."",""Adv. -μῶς Pl. Euthd. 284e : Comp. -ότερον, ἔχειν Eub. 7.1 : neut. pl. as Adv., θερμὰ θερμὰ πηδῶσαι Herod. 4.61 .""]","[""hot"",""hot"",""feverish"",""hot-headed, hasty"",""still warm, fresh"",""heat"",""hot water"",""hot drink"",""grace, favour"",""hot springs""]","[""θέρω""]","[{""biblio"":"""",""quote"":""θερμὸς ἀϋτμή""},{""biblio"":""h.Merc. | 110"",""quote"":""θερμὸς ἀϋτμή h.Merc. 110""},{""biblio"":"""",""quote"":""θ. λοετρά""},{""biblio"":""Il. | 14.6"",""quote"":""θ. λοετρά Il. 14.6""},{""biblio"":"""",""quote"":""θ. λουτρά""},{""biblio"":""Pi. | O. | 12.19"",""quote"":""θ. λουτρά Pi. O. 12.19""},{""biblio"":"""",""quote"":""δάκρυα""},{""biblio"":""Od. | 19.362"",""quote"":""δάκρυα Od. 19.362""},{""biblio"":"""",""quote"":""θ. καύματα""},{""biblio"":""Hdt. | 3.104"",""quote"":""θ. καύματα Hdt. 3.104""},{""biblio"":"""",""quote"":""ἕτερα -ότερα""},{""biblio"":""Ar. | Eq. | 382"",""quote"":""ἕτερα -ότερα Ar. Eq. 382""},{""biblio"":"""",""quote"":""-οτάταν αἱμάδα""},{""biblio"":""Id. | Ph. | 696"",""quote"":""-οτάταν αἱμάδα Id. Ph. 696""},{""biblio"":"""",""quote"":""θ. νόσοι""},{""biblio"":""Pi. | P. | 3.66"",""quote"":""θ. νόσοι Pi. P. 3.66""},{""biblio"":"""",""quote"":""θ. καὶ ἀνδρεῖος""},{""biblio"":""Antipho | 2.4.5"",""quote"":""θ. καὶ ἀνδρεῖος Antipho 2.4.5""},{""biblio"":"""",""quote"":""πολλὰ καὶ θ. μοχθήσας""},{""biblio"":""S. | Tr. | 1046"",""quote"":""πολλὰ καὶ θ. μοχθήσας S. Tr. 1046""},{""biblio"":"""",""quote"":""θ. ἔργον""},{""biblio"":""Ar. | Pl. | 415"",""quote"":""θ. ἔργον Ar. Pl. 415""},{""biblio"":"""",""quote"":""δρᾶν τι νεανικὸν καὶ θ.""},{""biblio"":""Amphis | 33.10"",""quote"":""δρᾶν τι νεανικὸν καὶ θ. Amphis 33.10""},{""biblio"":"""",""quote"":""θ. ἐπὶ ψυχροῖσι καρδίαν ἔχεις""},{""biblio"":""S. | Ant. | 88"",""quote"":""θ. ἐπὶ ψυχροῖσι καρδίαν ἔχεις S. Ant. 88""},{""biblio"":"""",""quote"":""θ. πόθος""},{""biblio"":""AP | 5.114"",""quote"":""θ. πόθος AP 5.114""},{""biblio"":"""",""quote"":""φάρμακον""},{""biblio"":""Alciphr. | 1.37"",""quote"":""φάρμακον Alciphr. 1.37""},{""biblio"":"""",""quote"":""θερμότερος ἐπιχειρεῖν""},{""biblio"":""Antipho | 2.1.7"",""quote"":""θερμότερος ἐπιχειρεῖν Antipho 2.1.7""},{""biblio"":"""",""quote"":""ὦ θερμόταται γυναῖκες""},{""biblio"":""Ar. | Th. | 735"",""quote"":""ὦ θερμόταται γυναῖκες Ar. Th. 735""},{""biblio"":"""",""quote"":""ἴχνη""},{""biblio"":""AP | 9.371"",""quote"":""ἴχνη AP 9.371""},{""biblio"":"""",""quote"":""ἀτυχήματα""},{""biblio"":""Plu. | 2.798f"",""quote"":""ἀτυχήματα Plu. 2.798f""},{""biblio"":"""",""quote"":""γάμοι θ. καὶ ἴσως αὔριον""},{""biblio"":""Philostr. | VA | 4.25"",""quote"":""γάμοι θ. καὶ ἴσως αὔριον Philostr. VA 4.25""},{""biblio"":"""",""quote"":""θερμῷ κεκραμένος οἶνος""},{""biblio"":""Gal. | 11.56"",""quote"":""θερμῷ κεκραμένος οἶνος Gal. 11.56""},{""biblio"":"""",""quote"":""θ. εὑρεῖν ἐν ἐρήμῳ""},{""biblio"":""LXX | Je. | 38(31).2"",""quote"":""θ. εὑρεῖν ἐν ἐρήμῳ LXX Je. 38(31).2""},{""biblio"":"""",""quote"":""τὰ θ. τοῦ Ἡρακλέους""},{""biblio"":""Str. | 9.4.2"",""quote"":""τὰ θ. τοῦ Ἡρακλέους Str. 9.4.2""},{""biblio"":"""",""quote"":""-μῶς""},{""biblio"":""Pl. | Euthd. | 284e"",""quote"":""-μῶς Pl. Euthd. 284e""},{""biblio"":"""",""quote"":""-ότερον, ἔχειν""},{""biblio"":""Eub. | 7.1"",""quote"":""-ότερον, ἔχειν Eub. 7.1""},{""biblio"":"""",""quote"":""θερμὰ θερμὰ πηδῶσαι""},{""biblio"":""Herod. | 4.61"",""quote"":""θερμὰ θερμὰ πηδῶσαι Herod. 4.61""}]","[""AP | 5.114"",""AP | 9.371"",""Alciphr. | 1.37"",""Amphis | 33.10"",""Antipho | 2.1.7"",""Antipho | 2.4.5"",""Ar. | Eq. | 382"",""Ar. | Pl. | 415"",""Ar. | Th. | 735"",""Eub. | 7.1"",""Gal. | 11.56"",""Hdt. | 3.104"",""Herod. | 4.61"",""Id. | Ph. | 696"",""Il. | 14.6"",""LXX | Je. | 38(31).2"",""Od. | 19.362"",""Philostr. | VA | 4.25"",""Pi. | O. | 12.19"",""Pi. | P. | 3.66"",""Pl. | Euthd. | 284e"",""Plu. | 2.798f"",""S. | Ant. | 88"",""S. | Tr. | 1046"",""Str. | 9.4.2"",""h.Merc. | 110""]",{},[],1,1,1,1,0,8,10,1,52
48480,9,785,n48480,θέρμος,,ὁ,790,,"[""lupine, Lupinus albus, Alex. 162.11 , 266.2 (pl.), Timocl. 18.4 (pl.), Thphr. HP 8.11.2 , Dsc. 2.109 , PFlor. 379.47 (ii A.D.), AP 11.413 ( Ammian. );εἰς τοὺς θ.to the lupine-market, Teles p.13 H.""]","[""lupine, Lupinus albus"",""lupine-market""]",[],[],[],{},[],1,1,0,0,0,1,2,0,0
48481,9,786,n48481,θερμοσποδιά,,ἡ,790,,"[""hot ashes, Dsc. 2.170 , Erot. s.v. μαρίλην , Archig. ap. Orib. 8.2.30 , Philum. ap. Aët. 5.120 .""]","[""hot ashes""]",[],[],[],{},"[{""type"":""ref"",""target"":"""",""text"":""μαρίλην""},{""type"":"""",""target"":"""",""text"":""s.v. μαρίλην""}]",1,1,0,0,1,1,1,0,0
48482,9,787,n48482,θερμότης,,ἡ,790,,"[""heat, Hp. VM 16 , Pl. R. 335d , etc.: pl., Id. Cra. 432c , Diocl.Fr. 112 ."",""metaph.,heat, passion, τοῦ Ἀχιλλέως Philostr. Her. 12b ; ἐν τῷ λέγειν Ath. 1.1b .""]","[""heat"",""heat, passion""]","[""θερμός""]","[{""biblio"":"""",""quote"":""τοῦ Ἀχιλλέως""},{""biblio"":""Philostr. | Her. | 12b"",""quote"":""τοῦ Ἀχιλλέως Philostr. Her. 12b""},{""biblio"":"""",""quote"":""ἐν τῷ λέγειν""},{""biblio"":""Ath. | 1.1b"",""quote"":""ἐν τῷ λέγειν Ath. 1.1b""}]","[""Ath. | 1.1b"",""Philostr. | Her. | 12b""]",{},[],1,1,1,1,0,2,2,1,4
48483,9,788,n48483,θερμοτρᾰγέω,,,790,,"[""eat lupines, Luc. Lex. 5 .""]","[""eat lupines""]",[],[],[],{},[],1,1,0,0,0,1,1,0,0
48484,9,789,n48484,θερμουργ-ία,,ἡ,790,,"[""hasty act, App. Mith. 108 .""]","[""hasty act""]",[],[],[],{},[],1,1,0,0,0,1,1,0,0
48485,9,790,n48485,θερμουργ-ός,,,790,,"[""doing hot and hasty acts, reckless, X. Mem. 1.3.9 ( Sup. ), Luc. Tim. 2 .""]","[""doing hot and hasty acts, reckless""]",[],[],[],{},[],1,1,0,0,0,1,1,0,0
48486,9,791,n48486,θέρμουθις,,ἡ,790,,"[""asp, PMag.Par. 1.2387 , PMag.Lond. 121.782 , Ael. NA 10.31 .""]","[""asp,""]",[],[],[],{},[],1,1,0,0,0,1,1,0,0
48487,9,792,n48487,θερμο-φόρον,,τό,790,,"[""saucepan, Gloss. :""]","[""saucepan,""]",[],[],[],{},[],1,1,0,0,0,1,1,0,0
48488,9,793,n48488,θερμο-φόρος,,ὁ,790,,"[""boiler, ib., POxy. 2145.15 (ii A.D.).""]","[""boiler""]",[],[],[],{},[],1,1,0,0,0,1,1,0,0
48489,9,794,n48489,θερμό-φρων,,,790,,"[""= δαήμων , Hsch. s.v. δαίμων .""]",[],[],[],[],{},"[{""type"":""ref"",""target"":"""",""text"":""δαήμων""},{""type"":"""",""target"":"""",""text"":""= δαήμων""},{""type"":""ref"",""target"":"""",""text"":""δαίμων""},{""type"":"""",""target"":"""",""text"":""s.v. δαίμων""}]",1,0,0,0,1,1,0,0,0
48490,9,795,n48490,θερμο-φύλαξ,,ὁ,790,,"[""kettle, Gloss.""]","[""kettle,""]",[],[],[],{},[],1,1,0,0,0,1,1,0,0
48491,9,796,n48491,θερμο-χύτης,,ὁ,790,,"[""vessel for hot drinks, AP 9.587 tit.""]","[""vessel for hot drinks,""]",[],[],[],{},[],1,1,0,0,0,1,1,0,0
48492,9,797,n48492,θερμόω,,,790,,"[""= θέρμω , An.Ox. 2.448 ( Pass. );τεθερμῶσθαι dub. l. in Ar. Lys. 1079 .""]",[],[],[],[],{},"[{""type"":""ref"",""target"":"""",""text"":""θέρμω""},{""type"":"""",""target"":"""",""text"":""= θέρμω""}]",1,0,0,0,1,1,0,0,0
48493,9,798,n48493,θέρμυδρον,,τό,790,,"[""a place with hot springs, name of a harbour of Rhodes, Tz. H. 2.385 :—also θερμό-υδρα,τά, St.Byz. ;θερμο-υδραί,αἱ, Apollod. 2.5.11 .""]","[""a place with hot springs""]",[],[],[],{},[],1,1,0,0,0,1,1,0,0
48494,9,799,n48494,θέρμ-ω,,,790,,"[""heat, make hot, only in pres.or impf.forms, θέρμετε δ' ὕδωρ Od. 8.426 , Ar. Ra. 1339 :— Pass. ,grow hot, θέρμετο δ' ὕδωρ Od. 8.437 , Il. 18.348 ; πνοιῇ . . μετάφρενον εὐρέε τ' ὤμω θέρμετ' 23.381 ; θέρμετο δὲ χθών Call. Fr.anon. 24 ;μή πού τις ἐνὶ χροὶ̈ θέρμετ'( Ep. for θέρμηται) ἀϋτμή Opp. H. 3.522 .""]","[""heat, make hot"",""grow hot"",""Fr.anon.""]","[""θέρω""]","[{""biblio"":"""",""quote"":""θέρμετε δ' ὕδωρ""},{""biblio"":""Od. | 8.426"",""quote"":""θέρμετε δ' ὕδωρ Od. 8.426""},{""biblio"":"""",""quote"":""θέρμετο δ' ὕδωρ""},{""biblio"":""Od. | 8.437"",""quote"":""θέρμετο δ' ὕδωρ Od. 8.437""},{""biblio"":"""",""quote"":""πνοιῇ . . μετάφρενον εὐρέε τ' ὤμω θέρμετ'""},{""biblio"":""23.381"",""quote"":""πνοιῇ . . μετάφρενον εὐρέε τ' ὤμω θέρμετ' 23.381""},{""biblio"":"""",""quote"":""θέρμετο δὲ χθών""},{""biblio"":""Call."",""quote"":""θέρμετο δὲ χθών Call.""},{""biblio"":"""",""quote"":""ἀϋτμή""},{""biblio"":""Opp. | H. | 3.522"",""quote"":""ἀϋτμή Opp. H. 3.522""}]","[""23.381"",""Call."",""Od. | 8.426"",""Od. | 8.437"",""Opp. | H. | 3.522""]",{},[],1,1,1,1,0,1,3,1,10
48495,9,800,n48495,θερμ-ώδης,,,790,,"[""lukewarm, Aret. CA 2.3 .""]","[""lukewarm""]",[],[],[],{},[],1,1,0,0,0,1,1,0,0
48496,9,801,n48496,θερμ-ωλή,,ἡ,790,,"[""feverish heat, Hp. Loc.Hom. 19 ,al.""]","[""feverish heat""]",[],[],[],{},[],1,1,0,0,0,1,1,0,0
48497,9,802,n48497,θερόεις,,,790,,"[""of or in summer, Nic. Al. 570 .""]","[""of"",""in summer""]",[],[],[],{},[],1,1,0,0,0,1,2,0,0
48498,9,803,n48498,θέρος,,τό,790,,"[""summer, χείματος οὐδὲ θέρευς Od. 7.118 ; οὔτ' ἐν θέρει οὔτ' ἐν ὀπώρῃ 12.76 ;ἐν θέρει, opp.ἐνψύχει, S. Ph. 18 ;θέρεϊ or θέρει, Il. 22.151 , Hes. Op. 640 ;τὸ θέρος during the summer, Hdt. 1.202 ;τοῦ θέρεος in the course of it, Id. 2.24 ; τοῦ θέρους Ar. Fr. 463 ;θέρεος or θέρους(without the Art.), Hes. Op. 462 , Pl. Phdr. 276b , al.; τοῦ παρεστῶτος θέρους S. Ph. 1340 ; τοῦ θ. εὐθὺς ἀρχομένου Th. 2.47 ; κατὰ θέρους ἀκμήν X. HG 5.3.19 ;θ. μεσοῦντος about mid summer, Luc. Hist.Conscr. 1 ; esp. in Th. ,campaigning-season, ἅμα ἦρι τοῦ ἐπιγιγνομένου θέρους 4.117 , cf. 2.31 , 6.8 ; τοσαῦτα μὲν ἐν τῷ θ. ἐγένετο 2.68 ."",""summerfruits, harvest, crop, θ. ἀλλότριον ἀμᾶν Ar. Eq. 392 , cf. D. 53.21 , AP 11.365.3 ( Agath. ): pl., θέρη crops, PFlor. 150.5 (iii A.D.);θέρη σταχύων the ripe ears, Plu. Fab. 2 : metaph., πάγκλαυτον ἐξαμᾷ θέρος A. Pers. 822 , cf. Ag. 1655 ; τὸ γηγενὲς δράκοντος . . θ. E. Ba. 1026 ; of a horse's mane, v. θερίζω 1.3; of a youth's beard, Call. Del. 298 , AP 10.19 ( Apollonid. ); also τέμνεται τὸ ἱερὸν καὶ ἀπόρρητον θ. τοῦ θεοῦ Τάλλου Jul. Or. 5.168d ."",""Astron., τὸ μέγα θ., ὅταν πάντες οἱ πλάνητες ἐν θερινῷ ζῳδίῳ γένωνται Olymp. in Mete. 111.30 ."",""metaph., in an epitaph for a year of life, Supp.Epigr. 2.874.4 (Egypt).""]","[""summer"",""during the summer"",""in the course of it"",""about"",""summer"",""campaigning-season"",""summerfruits, harvest, crop"",""crops,"",""ripe"",""year""]","[""θέρω""]","[{""biblio"":"""",""quote"":""χείματος οὐδὲ θέρευς""},{""biblio"":""Od. | 7.118"",""quote"":""χείματος οὐδὲ θέρευς Od. 7.118""},{""biblio"":"""",""quote"":""οὔτ' ἐν θέρει οὔτ' ἐν ὀπώρῃ""},{""biblio"":""12.76"",""quote"":""οὔτ' ἐν θέρει οὔτ' ἐν ὀπώρῃ 12.76""},{""biblio"":"""",""quote"":""τοῦ θέρους""},{""biblio"":""Ar. | Fr. | 463"",""quote"":""τοῦ θέρους Ar. Fr. 463""},{""biblio"":"""",""quote"":""τοῦ παρεστῶτος θέρους""},{""biblio"":""S. | Ph. | 1340"",""quote"":""τοῦ παρεστῶτος θέρους S. Ph. 1340""},{""biblio"":"""",""quote"":""τοῦ θ. εὐθὺς ἀρχομένου""},{""biblio"":""Th. | 2.47"",""quote"":""τοῦ θ. εὐθὺς ἀρχομένου Th. 2.47""},{""biblio"":"""",""quote"":""κατὰ θέρους ἀκμήν""},{""biblio"":""X. | HG | 5.3.19"",""quote"":""κατὰ θέρους ἀκμήν X. HG 5.3.19""},{""biblio"":"""",""quote"":""ἅμα ἦρι τοῦ ἐπιγιγνομένου θέρους""},{""biblio"":""4.117"",""quote"":""ἅμα ἦρι τοῦ ἐπιγιγνομένου θέρους 4.117""},{""biblio"":"""",""quote"":""τοσαῦτα μὲν ἐν τῷ θ. ἐγένετο""},{""biblio"":""2.68"",""quote"":""τοσαῦτα μὲν ἐν τῷ θ. ἐγένετο 2.68""},{""biblio"":"""",""quote"":""θ. ἀλλότριον ἀμᾶν""},{""biblio"":""Ar. | Eq. | 392"",""quote"":""θ. ἀλλότριον ἀμᾶν Ar. Eq. 392""},{""biblio"":"""",""quote"":""θέρη""},{""biblio"":""PFlor. | 150.5"",""quote"":""θέρη crops, PFlor. 150.5""},{""biblio"":"""",""quote"":""πάγκλαυτον ἐξαμᾷ θέρος""},{""biblio"":""A. | Pers. | 822"",""quote"":""πάγκλαυτον ἐξαμᾷ θέρος A. Pers. 822""},{""biblio"":"""",""quote"":""τὸ γηγενὲς δράκοντος . . θ.""},{""biblio"":""E. | Ba. | 1026"",""quote"":""τὸ γηγενὲς δράκοντος . . θ. E. Ba. 1026""},{""biblio"":"""",""quote"":""τέμνεται τὸ ἱερὸν καὶ ἀπόρρητον θ. τοῦ θεοῦ Τάλλου""},{""biblio"":""Jul. | Or. | 5.168d"",""quote"":""τέμνεται τὸ ἱερὸν καὶ ἀπόρρητον θ. τοῦ θεοῦ Τάλλου Jul. Or. 5.168d""},{""biblio"":"""",""quote"":""τὸ μέγα θ., ὅταν πάντες οἱ πλάνητες ἐν θερινῷ ζῳδίῳ γένωνται""},{""biblio"":""Olymp. | in Mete. | 111.30"",""quote"":""τὸ μέγα θ., ὅταν πάντες οἱ πλάνητες ἐν θερινῷ ζῳδίῳ γένωνται Olymp. in Mete. 111.30""}]","[""12.76"",""2.68"",""4.117"",""A. | Pers. | 822"",""Ar. | Eq. | 392"",""Ar. | Fr. | 463"",""E. | Ba. | 1026"",""Jul. | Or. | 5.168d"",""Od. | 7.118"",""Olymp. | in Mete. | 111.30"",""PFlor. | 150.5"",""S. | Ph. | 1340"",""Th. | 2.47"",""X. | HG | 5.3.19""]",{},"[{""type"":""ref"",""target"":"""",""text"":""θερίζω""},{""type"":"""",""target"":"""",""text"":""v. θερίζω""}]",1,1,1,1,1,4,10,1,28
48499,9,804,n48499,θερσῐεπής,,ὁ,790,,"[""bold of speech, B. 12.199 :—so Θερσίτης,ὁ, as pr. n. in Hom. : pl., Ph. 2.472 .""]","[""bold of speech""]","[""θέρσος""]",[],[],{},[],1,1,1,0,0,1,1,1,0
48500,9,805,n48500,θέρσος,,,790,,"[""θέρσος, Aeol. for θάρσος, Choerob. in Theod. 1.166 , EM 447.24 .""]",[],[],[],[],{},[],1,0,0,0,0,1,0,0,0
48501,9,806,n48501,θερσός,,ὁ,790,,"[""ταρσός 11.1 , BGU 350.2 (ii A.D.).""]",[],[],"[{""biblio"":"""",""quote"":""ταρσός""},{""biblio"":""11.1"",""quote"":""ταρσός 11.1""}]","[""11.1""]",{},[],1,0,0,1,0,1,0,0,2
48502,9,807,n48502,θερτήρια:,,,790,,"[""θερτήρια: ἑορτή τις, Hsch.""]",[],[],[],[],{},[],1,0,0,0,0,1,0,0,0
48503,9,808,n48503,θέρω,,,790,,"[""heat, make hot, θέρον αὐγαὶ ἠελίου Λιβύην A.R. 4.1312 ;θέρων ἕλκος,=θεραπεύων, Nic. Th. 687 :—elsewh. only in Pass. θέρομαι,fut. Med. θέρσομαι Od. 19.507 :aor. 2 ἐθέρην(in Ep. subj. θερέω 17.23 ): poet. and later Prose,become hot or warm, νήησαν ξύλα πολλά, φόως ἔμεν ἠδὲ θέρεσθαι 19.64 , cf. 507 ;ἐπεί κε πυρὸς θερέω at the fire, 17.23 ;θέρου warm your self, Ar. Pl. 953 ; ὁπόταν . . τις . . ποτὲ ῥιγῶν θέρηται Pl. Phlb. 46c ; εἶδον [ἡράκλειτον] θερόμενον πρὸς τῷ ἰπνῷ Arist. PA 645a19 :impf. ἐθέροντο Philostr. VA 2.18 , Alciphr. 1.23 ; θέρεσθαι πρὸς τὴν εἵλην Luc. Lex. 2 : metaph.,θέρεσθαι πυρί, of love, Call. Epigr. 27 , cf. APl. 4.167 (Antip. Sid.)."",""of things,become warm, τὰ ψυχρὰ θέρεται Heraclit. 126 , cf. Archel. ap. Plu. 2.954f ;μὴ . . ἄστυ πυρὸς δηί̈οιο θέρηται be burnt by fire, Il. 6.331 , cf. 11.667 ;melt, ἁ πέτρα θρυπτομένα θέρεται AP 12.61 . (g[uglide]her-, cf.θερμός, Lat.formus and prob. Engl.warm.)""]","[""heat, make hot"",""become hot"",""warm"",""at"",""warm your self"",""become warm"",""be burnt"",""melt"",""g[uglide]her-"",""formus"",""warm.""]",[],"[{""biblio"":"""",""quote"":""θέρον αὐγαὶ ἠελίου Λιβύην""},{""biblio"":""A.R. | 4.1312"",""quote"":""θέρον αὐγαὶ ἠελίου Λιβύην A.R. 4.1312""},{""biblio"":"""",""quote"":""θέρσομαι""},{""biblio"":""Od. | 19.507"",""quote"":""θέρσομαι Od. 19.507""},{""biblio"":"""",""quote"":""θερέω""},{""biblio"":""17.23"",""quote"":""θερέω 17.23""},{""biblio"":"""",""quote"":""νήησαν ξύλα πολλά, φόως ἔμεν ἠδὲ θέρεσθαι""},{""biblio"":""19.64"",""quote"":""νήησαν ξύλα πολλά, φόως ἔμεν ἠδὲ θέρεσθαι 19.64""},{""biblio"":"""",""quote"":""ὁπόταν . . τις . . ποτὲ ῥιγῶν θέρηται""},{""biblio"":""Pl. | Phlb. | 46c"",""quote"":""ὁπόταν . . τις . . ποτὲ ῥιγῶν θέρηται Pl. Phlb. 46c""},{""biblio"":"""",""quote"":""εἶδον [ἡράκλειτον] θερόμενον πρὸς τῷ ἰπνῷ""},{""biblio"":""Arist. | PA | 645a19"",""quote"":""εἶδον [ἡράκλειτον] θερόμενον πρὸς τῷ ἰπνῷ Arist. PA 645a19""},{""biblio"":"""",""quote"":""ἐθέροντο""},{""biblio"":""Philostr. | VA | 2.18"",""quote"":""ἐθέροντο Philostr. VA 2.18""},{""biblio"":"""",""quote"":""θέρεσθαι πρὸς τὴν εἵλην""},{""biblio"":""Luc. | Lex. | 2"",""quote"":""θέρεσθαι πρὸς τὴν εἵλην Luc. Lex. 2""},{""biblio"":"""",""quote"":""τὰ ψυχρὰ θέρεται""},{""biblio"":""Heraclit. | 126"",""quote"":""τὰ ψυχρὰ θέρεται Heraclit. 126""},{""biblio"":"""",""quote"":""ἁ πέτρα θρυπτομένα θέρεται""},{""biblio"":""AP | 12.61"",""quote"":""ἁ πέτρα θρυπτομένα θέρεται AP 12.61""}]","[""17.23"",""19.64"",""A.R. | 4.1312"",""AP | 12.61"",""Arist. | PA | 645a19"",""Heraclit. | 126"",""Luc. | Lex. | 2"",""Od. | 19.507"",""Philostr. | VA | 2.18"",""Pl. | Phlb. | 46c""]",{},[],1,1,0,1,0,2,11,0,20
48504,9,809,n48504,θέσις,,ἡ,790,795,"[""setting, placing,ἐπέων θ. setting of words in verse, Pi. O. 3.8 ; πλίνθων καὶ λίθων Pl. R. 333b , cf. IG 7.3073.33 (Lebad.);θ. νόμων law giving, X. Ath. 3.2 , Pl. Lg. 690d : in pl., νόμων θέσεις D. 18.309 , Arist. Pol. 1289a22 ;θ. ὀνόματος giving of a name, Pl. Cra. 390d ;ἐπί τινος application of word to object, Demetr. Eloc. 145 ;θ. ἀγώνων institution of games, D.S. 4.53 ;ordinance, disposition, S. Ichn. 277 (only here in Trag.);setting forth in legal form, ἀσφαλειῶν POxy. 1027.12 (i A.D.)."",""laying down,ὅπλων, opp.ἀναίρεσις, Pl. Lg. 814a ; of diggers,plunging of the spade, opp.ἄρσις, Gp. 2.45.5 ."",""deposit of money, preparatory to a law-suit, Ar. Nu. 1191 (pl.): generally,sum deposited in a temple, Inscr.Délos 365.14 (iii B.C.), IG 12(3).322 (pl., Thera)."",""pledging, giving as security, D. 33.12 , Lys. 8.10 ."",""payment, τελῶν Pl. R. 425d (pl.)."",""adoption of a child, κατὰ θέσιν υἱωνός Plb. 18.35.9 , cf. Ph. 2.36 , Philostr. VA 6.11 ; Κρινοτέλην Πινδάρου, θέσει δὲ Φιλοξένου IG 12(3).274 (Anaphe), cf. 12(7).50 (Amorgos);adoption as a citizen of a foreign state,Ἁλεξανδρεὺς θέσει, Ἁθηναῖος θ. (opp.φύσει), Suid. s.v. Ἀρίσταρχος, Ἀριστοφάνης Π̔όδιος ."",""situation, of a city, Hp. Aër. 6 ; πόλις αὐτάρκη θ. κειμένη Th. 1.37 , cf. 5.7 ; ἡ θ. τῆς χώρας πρὸς τὰ πνεύματα Thphr. CP 3.23.5 ;τόπων θ. Plb. 1.41.7 : Astron., θ. τῶν ἄστρων Herm. in Phdr. p.149A. ;position, arrangement, λεγομένων καὶ γραφομένων Pl. Tht. 206a ; τῶν μερῶν θέσεις Id. Lg. 668e , cf. Epicur. Ep. 1p.11U. , Fr. 30 (pl.)."",""Math.,local position, Arist. GC 322b33 ;ἔχειν θ. Id. APo. 88a34 ;θ. ἔχειν πρὸς ἄλληλα to have a local relation, Id. Cat. 4b21 , cf. Pl. R. 586c ; τῇ θ. μέσον Arist. APr. 25b36 : Geom.,θέσει δεδόσθαι or εἶναι, to be given in position, Archim. Sph.Cyl. 2.3 , Euc. Dat. 4 , Apollon.Perg. Con. 2.46 , al.;παρὰ θέσει parallel to a straight line given in position, [ Euc. ] Dat.Def. 15 ;εἰς δύο θέσεις τὰς AB, AT to meet the two straight lines AB, AT given in position, Hero Metr. 3.10 ; κατὰ τὴν θ. τὴν πρὸς ἡμᾶς Arist. Ph. 208b23 , etc.;οὐ τῇ θ. διαφέροντα μόνον, ἀλλὰ καὶ τῇ δυνάμει ib. 22 ; so in Music, of notes in a scale,κατὰ θέσιν, opp.κατὰ δύναμιν, Ptol. Harm. 2.5 ."",""Philos.,thesis, position, assumed and requiring proof, Pl. R. 335a , Arist. Top. 104b19 , APo. 72a15 ;θέσιν διαφυλάττειν to maintain a thesis, Id. EN 1096a2 ;κινεῖν to controvert it, Plu. 2.687b , cf. 328a , etc."",""general question, opp.ὑπόθεσις(special case), Aphth. Prog. 13 , Theon Prog. 12 , cf. Cic. Top. 21.79 , Quint. 3.5.5 (but θ. includes ὑπόθεσις and ὁρισμός, Phlp. in APo. 35.1 ; opp.ἀξίωμα, ib. 34.9 )."",""arbitrary determination, esp. in dat. θέσει, τὰ ὀνόματα μὴ θ. γενέσθαι Epicur. Ep. 1p.27U. ; opp.φύσει, Chrysipp.Stoic. 3.76 , Str. 2.3.7 , etc.;τὰ θ. δίκαια, νόμιμα, Ph. 1.50 , 112 ;σημαίνειν θ. S.E. P. 2.256 ."",""affirmation, opp.ἄρσις, ib. 1.192 , cf. 2.244 , Plot. 5.5.6 , etc."",""a setting down, opp.ἄρσις(lifting), πᾶσα πορεία ἐξ ἄρσεως καὶ θέσεως συντελεῖται Arist. Pr. 885b6 : hence, in rhythm,downward beat, opp. the upward(ἄρσις), Aristid.Quint. 1.13 , Bacch. Harm. 98 , etc."",""in prosody,θέσει μακρὰ συλλαβή long by position, opp.φύσει, D.T. 632.30 , Heph. 1.3 : orig. prob. in signf. v. 3 , cf. Sch.D.T. p.206H."",""θέσεις,αἱ , in punctuation,stops, Donat.in Gramm.Lat. 4.372 K."",""part of a horse's hoof, ἡ θ. τοῦ ποδός Hippiatr. 82 .""]","[""setting, placing"",""setting"",""giving"",""giving"",""application"",""institution"",""ordinance, disposition"",""setting forth"",""laying down"",""plunging"",""deposit"",""sum deposited"",""pledging, giving as security"",""payment"",""adoption"",""adoption"",""situation"",""Aër."",""position, arrangement"",""local position"",""local"",""in position"",""given in position"",""straight lines"",""given in position"",""thesis, position"",""a thesis"",""general question"",""special case"",""arbitrary determination"",""affirmation"",""a setting down"",""lifting"",""downward beat"",""upward"",""position"",""stops""]","[""τίθημι"",""ἄρσις""]","[{""biblio"":"""",""quote"":""πλίνθων καὶ λίθων""},{""biblio"":""Pl. | R. | 333b"",""quote"":""πλίνθων καὶ λίθων Pl. R. 333b""},{""biblio"":"""",""quote"":""νόμων θέσεις""},{""biblio"":""D. | 18.309"",""quote"":""νόμων θέσεις D. 18.309""},{""biblio"":"""",""quote"":""ἀσφαλειῶν""},{""biblio"":""POxy. | 1027.12"",""quote"":""ἀσφαλειῶν POxy. 1027.12""},{""biblio"":"""",""quote"":""τελῶν""},{""biblio"":""Pl. | R. | 425d"",""quote"":""τελῶν Pl. R. 425d""},{""biblio"":"""",""quote"":""κατὰ θέσιν υἱωνός""},{""biblio"":""Plb. | 18.35.9"",""quote"":""κατὰ θέσιν υἱωνός Plb. 18.35.9""},{""biblio"":"""",""quote"":""Κρινοτέλην Πινδάρου, θέσει δὲ Φιλοξένου""},{""biblio"":""IG | 12(3).274"",""quote"":""Κρινοτέλην Πινδάρου, θέσει δὲ Φιλοξένου IG 12(3).274""},{""biblio"":"""",""quote"":""πόλις αὐτάρκη θ. κειμένη""},{""biblio"":""Th. | 1.37"",""quote"":""πόλις αὐτάρκη θ. κειμένη Th. 1.37""},{""biblio"":"""",""quote"":""ἡ θ. τῆς χώρας πρὸς τὰ πνεύματα""},{""biblio"":""Thphr. | CP | 3.23.5"",""quote"":""ἡ θ. τῆς χώρας πρὸς τὰ πνεύματα Thphr. CP 3.23.5""},{""biblio"":"""",""quote"":""θ. τῶν ἄστρων""},{""biblio"":""Herm. | in Phdr. | p.149A."",""quote"":""θ. τῶν ἄστρων Herm. in Phdr. p.149A.""},{""biblio"":"""",""quote"":""λεγομένων καὶ γραφομένων""},{""biblio"":""Pl. | Tht. | 206a"",""quote"":""λεγομένων καὶ γραφομένων Pl. Tht. 206a""},{""biblio"":"""",""quote"":""τῶν μερῶν θέσεις""},{""biblio"":""Id. | Lg. | 668e"",""quote"":""τῶν μερῶν θέσεις Id. Lg. 668e""},{""biblio"":"""",""quote"":""τῇ θ. μέσον""},{""biblio"":""Arist. | APr. | 25b36"",""quote"":""τῇ θ. μέσον Arist. APr. 25b36""},{""biblio"":"""",""quote"":""κατὰ τὴν θ. τὴν πρὸς ἡμᾶς""},{""biblio"":""Arist. | Ph. | 208b23"",""quote"":""κατὰ τὴν θ. τὴν πρὸς ἡμᾶς Arist. Ph. 208b23""},{""biblio"":"""",""quote"":""θέσει, τὰ ὀνόματα μὴ θ. γενέσθαι""},{""biblio"":""Epicur. | Ep. | 1p.27U."",""quote"":""θέσει, τὰ ὀνόματα μὴ θ. γενέσθαι Epicur. Ep. 1p.27U.""},{""biblio"":"""",""quote"":""πᾶσα πορεία ἐξ ἄρσεως καὶ θέσεως συντελεῖται""},{""biblio"":""Arist. | Pr. | 885b6"",""quote"":""πᾶσα πορεία ἐξ ἄρσεως καὶ θέσεως συντελεῖται Arist. Pr. 885b6""},{""biblio"":"""",""quote"":""ἡ θ. τοῦ ποδός""},{""biblio"":""Hippiatr. | 82"",""quote"":""ἡ θ. τοῦ ποδός Hippiatr. 82""}]","[""Arist. | APr. | 25b36"",""Arist. | Ph. | 208b23"",""Arist. | Pr. | 885b6"",""D. | 18.309"",""Epicur. | Ep. | 1p.27U."",""Herm. | in Phdr. | p.149A."",""Hippiatr. | 82"",""IG | 12(3).274"",""Id. | Lg. | 668e"",""POxy. | 1027.12"",""Pl. | R. | 333b"",""Pl. | R. | 425d"",""Pl. | Tht. | 206a"",""Plb. | 18.35.9"",""Th. | 1.37"",""Thphr. | CP | 3.23.5""]",{},"[{""type"":""ref"",""target"":"""",""text"":""Ἀρίσταρχος, Ἀριστοφάνης Π̔όδιος""},{""type"":"""",""target"":"""",""text"":""s.v. Ἀρίσταρχος, Ἀριστοφάνης Π̔όδιος""}]",1,1,1,1,1,16,37,2,32
48505,9,810,n48505,θέσκελος,Adj.,,790,,"[""set in motion by God(κέλλω), and so marvellous, wondrous, always of things,θ. ἔργα deeds or works of wonder, Il. 3.130 , Od. 11.610 ; θέσκελα εἰδώς Call. Fr.anon. 385 : neut.Adv.,ἔϊκτο δὲ θέσκελον αὐτῷ it was wondrous like him, Il. 23.107 ; prob. taken by later poets as,=God-inspired(κελεύω) , θ. Ἑρμῆς Coluth. 126 .""]","[""set in motion by God"",""marvellous, wondrous"",""of wonder"",""Fr.anon."",""wondrous"",""God-inspired""]","[""κέλλω"",""κελεύω""]","[{""biblio"":"""",""quote"":""θέσκελα εἰδώς""},{""biblio"":""Call."",""quote"":""θέσκελα εἰδώς Call.""},{""biblio"":"""",""quote"":"", θ. Ἑρμῆς""},{""biblio"":""Coluth. | 126"",""quote"":"", θ. Ἑρμῆς Coluth. 126""}]","[""Call."",""Coluth. | 126""]",{},[],1,1,1,1,0,1,6,2,4
48506,9,811,n48506,θέσμιος,,τό,790,,"[""fixed, settled, lawful, ἑορτὰ τέθμιος Pi. N. 11.27 ; τέθμιαι ὧραι Call. Ap. 87 ;θέσμια τάδε καὶ πάτρια Lex ap. Arist. Ath. 16.10 ;θέσμιον(sc.ἐστί) A. Ag. 1564 (lyr.);θέσμιόν ἐστι, = θέμις ἐστί , A.R. 2.12 ;fitting, θηρευτῆρσι σιγὴ τέθμιός ἐστι Opp. C. 1.450 ."",""θέσμιον, Dor. and Ep. τέθμιον,τό , esp. in pl.,laws, customs, rites, Hdt. 1.59 , A. Eu. 491 (lyr.), S. Aj. 712 (lyr.); θ. ἀναγράψαι Arist. Ath. 3.4 ;προγόνων παλαιὰ θ. E. Fr. 360.45 , cf. Call. Dian. 174 : sg. in Pi. I. 6(5).20 , E. Tr. 267 (anap.):—in form θέθμιον IG 9(1).334.46 ( Locr. ,v B.C.)."",""agreement,τῶ τεθμίω ϝίστωρ ib. 7.3172.165 (Orchom. Boeot. )."",""Θέσμιος, title of Apollo, Paus. 5.15.7 ; of Demeter, Id. 8.15.4 .""]","[""fixed, settled, lawful"",""fitting"",""laws, customs, rites"",""agreement""]","[""θεσμός""]","[{""biblio"":"""",""quote"":""ἑορτὰ τέθμιος""},{""biblio"":""Pi. | N. | 11.27"",""quote"":""ἑορτὰ τέθμιος Pi. N. 11.27""},{""biblio"":"""",""quote"":""τέθμιαι ὧραι""},{""biblio"":""Call. | Ap. | 87"",""quote"":""τέθμιαι ὧραι Call. Ap. 87""},{""biblio"":"""",""quote"":""θηρευτῆρσι σιγὴ τέθμιός ἐστι""},{""biblio"":""Opp. | C. | 1.450"",""quote"":""θηρευτῆρσι σιγὴ τέθμιός ἐστι Opp. C. 1.450""},{""biblio"":"""",""quote"":""θ. ἀναγράψαι""},{""biblio"":""Arist. | Ath. | 3.4"",""quote"":""θ. ἀναγράψαι Arist. Ath. 3.4""}]","[""Arist. | Ath. | 3.4"",""Call. | Ap. | 87"",""Opp. | C. | 1.450"",""Pi. | N. | 11.27""]",{},"[{""type"":""ref"",""target"":"""",""text"":""θέμις ἐστί""},{""type"":"""",""target"":"""",""text"":""= θέμις ἐστί""}]",1,1,1,1,1,4,4,1,8
48507,9,812,n48507,θεσμο-δότης,,ὁ,790,,"[""lawgiver, cj. for-θέτης, Longin. 9.9 :—fem.θεσμο-δότειρα Orph. Εὐχή 25 .""]","[""lawgiver""]",[],"[{""biblio"":"""",""quote"":""Εὐχή""},{""biblio"":""25"",""quote"":""Εὐχή 25""}]","[""25""]",{},[],1,1,0,1,0,1,1,0,2
48508,9,813,n48508,θεσμο-θεσία,,ἡ,790,,"[""office of θεσμοθέτης at Athens, IG 22.1368.133 ."",""decree of fate, Plu. 2.573f .""]","[""office of"",""decree""]",[],[],[],{},[],1,1,0,0,0,2,2,0,0
48509,9,814,n48509,θεσμοθετ-εῖον,,τό,790,,"[""hall in which the θεσμοθέται met, Arist. Ath. 3.5 , Plu. 2.613b (-θέτιον Suid. s.v. Πρυτανεῖον ):—also θεσμοθέσιον,τό, Plu. 2.714c , Sch. Pl. Prt. 337d , Suid. s.v. ἄρχων .""]","[""hall in which the"",""met""]",[],[],[],{},"[{""type"":""ref"",""target"":"""",""text"":""Πρυτανεῖον""},{""type"":"""",""target"":"""",""text"":""s.v. Πρυτανεῖον""},{""type"":""ref"",""target"":"""",""text"":""ἄρχων""},{""type"":"""",""target"":"""",""text"":""s.v. ἄρχων""}]",1,1,0,0,1,1,2,0,0
48510,9,815,n48510,θεσμοθετ-έω,,,790,,"[""to be a θεσμοθέτης, Is. 7.34 , D. 59.65 .""]","[""to be a""]",[],[],[],{},[],1,1,0,0,0,1,1,0,0
48511,9,816,n48511,θεσμοθέτ-ης,,ὁ,790,,"[""lawgiver, legislator, of Moses , Longin. 9.9 ."",""esp. at Athens,θεσμοθέται,οἱ , the six junior archons, IG 12.39.75 , al., Ar. V. 775 (sg.), al., Antipho 6.35 , Arist. Ath. 3.4 , al., Aeschin. 3.38 ; also, title of magistrate in Amorgos, IG 12(7).57.12 (iii B.C.).""]","[""lawgiver, legislator"",""six junior archons,""]","[""τίθημι""]",[],[],{},[],1,1,1,0,0,2,2,1,0
48512,9,817,n48512,θεσμόθετ-ις,,ἡ,790,,"[""θεσμόθετ-ις,ιδος,ἡ,=θεσμοφόρος, title of Demeter, Corn. ND 28 ; of Isis, Hymn.Is. 20 .""]",[],[],[],[],{},[],1,0,0,0,0,1,0,0,0
48513,9,818,n48513,θεσμο-ποιέω,,,790,,"[""make laws, E. Ph. 1645 .""]","[""make laws""]",[],[],[],{},[],1,1,0,0,0,1,1,0,0
48514,9,819,n48514,θεσμο-πόλος,,,790,,"[""= θεμιστοπόλος , AP 5.292.3 (Paul. Sil.).""]",[],[],[],[],{},"[{""type"":""ref"",""target"":"""",""text"":""θεμιστοπόλος""},{""type"":"""",""target"":"""",""text"":""= θεμιστοπόλος""}]",1,0,0,0,1,1,0,0,0
48515,9,820,n48515,θεσμός,,ὁ,790,,"[""θεσμά S. Fr. 92 : (τίθημι):— that which is laid down, law, ordinance, once in Hom. , λέκτροιο παλαιοῦ θεσμὸν ἵκοντο Od. 23.296 ;εἰρήνης θεσμοί the order of peace, h.Hom. 8.16 ; esp. of divine laws, θ. τὸν μοιρόκραντον ἐκ θεῶν A. Eu. 391 ;ἵμερος . . τῶν μεγάλων πάρεδρος θ. S. Ant. 800 (lyr.);οἱ τῶν θεῶν θ. X. Cyr. 1.6.6 ;θ. Ἀδραστείας, οἱ τῆς εἱμαρμένης θ., Pl. Phdr. 248c , Plu. 2.111d ; παρέβη θ. ἀρχαίους Ar. Av. 331 (lyr.)."",""of human law,οἱ πάτριοι θ. Hdt. 3.31 ; at Athens, esp. of the laws of Draco, IG 12.115.20 , And. 1.81 , Decr. ib. 83 , Arist. Ath. 4.1 , etc., cf. Ael. VH 8.10 : used by Solon of his own laws, Sol. 36.16 , cf. 31.2 , Plu. Sol. 19 ; ὁ ταῦτα ἀπεργαζόμενος θ. νόμος ἂν ὀρθῶς εἴη κείμενος Pl. Ep. 355c ;ὁ τοῖς ἄλλοις τιθέμενος θεσμοὺς Δημήτριος Duris 10J. ; ὅδ' ὁ τεθμὸς πὲρ τῶν ἐντοφηί̈ων GDI 2561 C 19 (Delph.): in later poetry,θεσμοί,=law, jurisprudence, Epigr.Gr. 434.4 , al.;θεσμῶν ταμίης, πρόμαχος, IG 3.637 , 638 ."",""generally,rule, precept, rite, S. Tr. 682 ;θ. πυρός the law of the beacon-fire, A. Ag. 304 ; τεθμὸς ἀέθλων Pi. O. 6.69 ;στεφάνων τ. the appointed crowns, ib. 13.29 ;θ. ὅδ' εὔφρων the cheering strain(cf.νόμος), A. Supp. 1034 (lyr.); ὕμνου τεθμὸν Ὀλυμπιονίκαν Pi. O. 7.88 ; μακάρων Id. Pae. 4.47 ."",""institution, as the tribunal of the Areopagus, A. Eu. 615 ;τεθμὸς Ἡρακλέος, Ποτειδᾶνος τεθμοί, the Olympian, Isthmian games, Pi. N. 10.33 , O. 13.40 ."",""= θησαυρός , Anacr. 58 ."",""θεσμοί: αἱ συνθέσεις τῶν ξύλων, Hsch.""]","[""that which is laid down, law, ordinance"",""the order"",""laws"",""law"",""law, jurisprudence,"",""rule, precept, rite"",""the law"",""appointed"",""strain"",""institution"",""tribunal""]","[""τίθημι""]","[{""biblio"":"""",""quote"":""θεσμά""},{""biblio"":""S. | Fr. | 92"",""quote"":""θεσμά S. Fr. 92""},{""biblio"":"""",""quote"":""λέκτροιο παλαιοῦ θεσμὸν ἵκοντο""},{""biblio"":""Od. | 23.296"",""quote"":""λέκτροιο παλαιοῦ θεσμὸν ἵκοντο Od. 23.296""},{""biblio"":"""",""quote"":""θ. τὸν μοιρόκραντον ἐκ θεῶν""},{""biblio"":""A. | Eu. | 391"",""quote"":""θ. τὸν μοιρόκραντον ἐκ θεῶν A. Eu. 391""},{""biblio"":"""",""quote"":""παρέβη θ. ἀρχαίους""},{""biblio"":""Ar. | Av. | 331"",""quote"":""παρέβη θ. ἀρχαίους Ar. Av. 331""},{""biblio"":"""",""quote"":""ὁ ταῦτα ἀπεργαζόμενος θ. νόμος ἂν ὀρθῶς εἴη κείμενος""},{""biblio"":""Pl. | Ep. | 355c"",""quote"":""ὁ ταῦτα ἀπεργαζόμενος θ. νόμος ἂν ὀρθῶς εἴη κείμενος Pl. Ep. 355c""},{""biblio"":"""",""quote"":""Δημήτριος""},{""biblio"":""Duris | 10J."",""quote"":""Δημήτριος Duris 10J.""},{""biblio"":"""",""quote"":""ὅδ' ὁ τεθμὸς πὲρ τῶν ἐντοφηί̈ων""},{""biblio"":""GDI | 2561"",""quote"":""ὅδ' ὁ τεθμὸς πὲρ τῶν ἐντοφηί̈ων GDI 2561""},{""biblio"":"""",""quote"":""τεθμὸς ἀέθλων""},{""biblio"":""Pi. | O. | 6.69"",""quote"":""τεθμὸς ἀέθλων Pi. O. 6.69""},{""biblio"":"""",""quote"":""ὕμνου τεθμὸν Ὀλυμπιονίκαν""},{""biblio"":""Pi. | O. | 7.88"",""quote"":""ὕμνου τεθμὸν Ὀλυμπιονίκαν Pi. O. 7.88""},{""biblio"":"""",""quote"":""μακάρων""},{""biblio"":""Id. | Pae. | 4.47"",""quote"":""μακάρων Id. Pae. 4.47""}]","[""A. | Eu. | 391"",""Ar. | Av. | 331"",""Duris | 10J."",""GDI | 2561"",""Id. | Pae. | 4.47"",""Od. | 23.296"",""Pi. | O. | 6.69"",""Pi. | O. | 7.88"",""Pl. | Ep. | 355c"",""S. | Fr. | 92""]",{},"[{""type"":""ref"",""target"":"""",""text"":""θησαυρός""},{""type"":"""",""target"":"""",""text"":""= θησαυρός""}]",1,1,1,1,1,6,11,1,20
48516,9,821,n48516,θεσμοσύνη,,ἡ,790,,"[""justice, AP 7.593 ( Agath. ).""]","[""justice,""]",[],[],[],{},[],1,1,0,0,0,1,1,0,0
48517,9,822,n48517,θεσμο-φόρια,,τά,790,,"[""at the Th., Is. 3.80 ; at Ephesus, Hdt. 6.16 .""]","[""at the Th.""]",[],[],[],{},[],1,1,0,0,0,1,1,0,0
48518,9,823,n48518,θεσμο-φοριάζω,,,790,,"[""keep the Thesmophoria, X. HG 5.2.29 , Gloss.Oxy. 1802.35 ;Θεσμοφοριάζουσαι, name of a play by Aristophanes.""]","[""keep the Thesmophoria""]",[],[],[],{},[],1,1,0,0,0,1,1,0,0
48519,9,824,n48519,θεσμο-φόριον,,τό,790,,"[""temple of Demeter Θεσμοφόρος, Ar. Th. 278 , 880 , IG 2.1059.12 ; at Delos, ib. 11(2).159 A 17 (iii B.C.):— also θεσμο-εῖον Theon Prog. 5 :""]","[""temple of Demeter""]",[],[],[],{},[],1,1,0,0,0,1,1,0,0
48520,9,825,n48520,θεσμο-φόριον,,,790,,"[""θεσμο-φόριον μέτρον, a form of dactylic metre, Mar.Vict. 6.145 K.:""]",[],[],[],[],{},[],1,0,0,0,0,1,0,0,0
48521,9,826,n48521,θεσμο-φόριος,,ὁ,790,,"[""(sc.μήν) name of month at Rhodes, IG 12(1).3.5 ; in Crete, GDI 5149.58 .""]",[],[],[],[],{},[],1,0,0,0,0,1,0,0,0
48522,9,827,n48522,θεσμο-φοριών,,ὁ,790,,"[""θεσμο-φοριών,ῶνος,ὁ, name of month at Heraclea ad Latmum, SIG 633.55 (ii B.C.); in Crete,Hemerolog.Flor.""]",[],[],[],[],{},[],1,0,0,0,0,1,0,0,0
48523,9,828,n48523,θεσμο-φόρος,,,790,,"[""law-giving, epith. of Demeter, Hdt. 6.91 , 134 , IPE 2.13 (Panticapaeum,iv B.C.), Call. Aet.Oxy. 2079.10 , D.S. 1.14 , etc.;σεμνὴ Θ. AP 5.149 ( Asclep. ), cf. Luc. Tim. 17 ;τὼ Θεσμοφόρω Demeter and Persephone, Ar. Th. 83 , al.; αἱ Θεσμοφόροι App. BC 2.70 , Plu. Dio 56 , etc.;πότνια Θ., of Persephone, Pi. Fr. 37 ; also, as a title of Dionysus, Orph. H. 42.1 .""]","[""law-giving""]",[],"[{""biblio"":"""",""quote"":""αἱ Θεσμοφόροι""},{""biblio"":""App. | BC | 2.70"",""quote"":""αἱ Θεσμοφόροι App. BC 2.70""}]","[""App. | BC | 2.70""]",{},[],1,1,0,1,0,1,1,0,2
48524,9,829,n48524,θεσμο-φύλαξ,,ὁ,790,,"[""guardian of the law, of Moses , Ph. 1.171 :—usu. in pl.θεσμο-φύλακες,οἱ, a magistracy at Elis, Th. 5.47 , cf. D.S. 5.67 ; at Alexandria, PHal. 1.239 (iii B.C.); in Ceos, IG 12(5).595 B 16 (iii/ii B.C.); at Ptolemais, PFay. 22.11 (i A.D.); Boeot. τεθμοφούλαξ IG 7.3172.178 (Orchom.): —hence θεσμο-φῠλάκιον[ᾰ],τό , their office, PHal. 1.234 (iii B.C.):""]","[""guardian of the law""]",[],[],[],{},[],1,1,0,0,0,1,1,0,0
48525,9,830,n48525,θεσμο-φῠλᾰκι<κ>ός,,,790,,"["", νόμος Plu. 2.292d .""]",[],[],"[{""biblio"":"""",""quote"":"", νόμος""},{""biblio"":""Plu. | 2.292d"",""quote"":"", νόμος Plu. 2.292d""}]","[""Plu. | 2.292d""]",{},[],1,0,0,1,0,1,0,0,2
48526,9,831,n48526,θεσμῳδ-έω,,,790,,"[""deliver oracular precepts:τὰ θεσμῳδούμενα oracles, Ph. 1.650 .""]","[""deliver oracular precepts"",""oracles""]",[],[],[],{},[],1,1,0,0,0,1,2,0,0
48527,9,832,n48527,θεσμῳδ-ός,,ὁ,790,,"[""giver of θεσμοί, Id. ap. Eus. PE 8.7 , BMus.Inscr. 4.481 *. 457 (pl.).""]","[""giver of""]",[],[],[],{},[],1,1,0,0,0,1,1,0,0
48528,9,833,n48528,θέσπαλαι:,,,790,,"[""θέσπαλαι: αἱ Κῷαι, παρὰ Φιλητᾷ, καὶ αἱ φαρμακίδες, Hsch. (prob.Θεσσαλαί).""]",[],[],[],[],{},[],1,0,0,0,0,1,0,0,0
48529,9,834,n48529,θεσπεσιανή,,ἡ,790,,"[""θεσπεσιανή,ἡ, name of an antidote, Orib. Fr. 82 .""]",[],[],[],[],{},[],1,0,0,0,0,1,0,0,0
48530,9,835,n48530,θεσπέσιος,Adv.,,790,,"[""divinely sounding, divinely sweet, ἀοιδή Il. 2.600 ; Σειρῆνες Od. 12.158 ; ἔπεα Pi. I. 4(3).39 ; ἀχέτας Ar. Av. 1095 (lyr.)."",""divinely uttered or decreed, dat. sg. fem.θεσπεσίῃ as Adv., Il. 2.367 ."",""oracular, γένος Pi. P. 12.13 (of the Graiae); δάφνα E. l.c.;θ. ὁδός the way of divination, of Cassandra, A. Ag. 1154 (lyr.);εὐχαῖς ὑπὸ θ. with prayers to the gods, Pi. I. 6(5).44 ."",""= θεῖος, βηλός Il. 1.591 ; ἄντρον Od. 13.363 ."",""more than human: hence,awful, of natural phenomena, θ. νέφος Il. 15.669 ; ἀχλύς Od. 7.42 ; λαῖλαψ 9.68 ;marvellous, χάρις 2.12 ;θ. ἄωτον, χαλκός, 9.434 , Il. 2.457 ;θ. ὀδμή a smell divinely sweet, Od. 9.211 ;ὀσμὴ θ. Hermipp. 82.9 ; of human affairs,θ. φύζα, φόβος, Il. 9.2 , 17.118 ; πλοῦτος 2.670 ; ἠχή 8.159 ; βοή Od. 24.49 ; θ. ὅμιλος Theoc. 15.66 : also in Prose, τέχνη θ. τις καὶ ὑψηλή Pl. Euthd. 289e ; θ. βίος Id. R. 365b ;θ. καὶ ἡδεῖα ἡ διαγωγή ib. 558a ; σοφοὶ καὶ θ. ἄνδρες Id. Tht. 151b , cf. Philostr. Dial. 1 ; φύσεις Id. VS 2.9.2 ; θ. τὴν γνώμην Luc. Alex. 4 ."",""Adv. -ίως, θ. ἐφόβηθεν they trembled unspeakably, Il. 15.637 : neut.θεσπέσιον as Adv., θ. ὑλᾶν Theoc. 25.70 ; also ἀπόζει θ. ὡς ἡδύ Hdt. 3.113 ; ὠδώδει θ. οἷον Plu. Alex. 20 ;θεσπεσίηθεν divinely, ἀρηρότα Emp. 96.4 . —Chiefly Ep. , once in Hdt. , twice in Trag. (lyr.), once in Ar. (lyr.).""]","[""divinely sounding, divinely sweet"",""divinely uttered"",""decreed"",""oracular"",""of divination"",""to the gods"",""more than human"",""awful"",""marvellous"",""divinely sweet"",""unspeakably"",""divinely""]",[],"[{""biblio"":"""",""quote"":""ἀοιδή""},{""biblio"":""Il. | 2.600"",""quote"":""ἀοιδή Il. 2.600""},{""biblio"":"""",""quote"":""Σειρῆνες""},{""biblio"":""Od. | 12.158"",""quote"":""Σειρῆνες Od. 12.158""},{""biblio"":"""",""quote"":""ἔπεα""},{""biblio"":""Pi. | I. | 4(3).39"",""quote"":""ἔπεα Pi. I. 4(3).39""},{""biblio"":"""",""quote"":""ἀχέτας""},{""biblio"":""Ar. | Av. | 1095"",""quote"":""ἀχέτας Ar. Av. 1095""},{""biblio"":"""",""quote"":""γένος""},{""biblio"":""Pi. | P. | 12.13"",""quote"":""γένος Pi. P. 12.13""},{""biblio"":"""",""quote"":""δάφνα""},{""biblio"":""E."",""quote"":""δάφνα E.""},{""biblio"":"""",""quote"":""ἄντρον""},{""biblio"":""Od. | 13.363"",""quote"":""ἄντρον Od. 13.363""},{""biblio"":"""",""quote"":""θ. νέφος""},{""biblio"":""Il. | 15.669"",""quote"":""θ. νέφος Il. 15.669""},{""biblio"":"""",""quote"":""ἀχλύς""},{""biblio"":""Od. | 7.42"",""quote"":""ἀχλύς Od. 7.42""},{""biblio"":"""",""quote"":""λαῖλαψ""},{""biblio"":""9.68"",""quote"":""λαῖλαψ 9.68""},{""biblio"":"""",""quote"":""χάρις""},{""biblio"":""2.12"",""quote"":""χάρις 2.12""},{""biblio"":"""",""quote"":""πλοῦτος""},{""biblio"":""2.670"",""quote"":""πλοῦτος 2.670""},{""biblio"":"""",""quote"":""ἠχή""},{""biblio"":""8.159"",""quote"":""ἠχή 8.159""},{""biblio"":"""",""quote"":""βοή""},{""biblio"":""Od. | 24.49"",""quote"":""βοή Od. 24.49""},{""biblio"":"""",""quote"":""θ. ὅμιλος""},{""biblio"":""Theoc. | 15.66"",""quote"":""θ. ὅμιλος Theoc. 15.66""},{""biblio"":"""",""quote"":""τέχνη θ. τις καὶ ὑψηλή""},{""biblio"":""Pl. | Euthd. | 289e"",""quote"":""τέχνη θ. τις καὶ ὑψηλή Pl. Euthd. 289e""},{""biblio"":"""",""quote"":""θ. βίος""},{""biblio"":""Id. | R. | 365b"",""quote"":""θ. βίος Id. R. 365b""},{""biblio"":"""",""quote"":""σοφοὶ καὶ θ. ἄνδρες""},{""biblio"":""Id. | Tht. | 151b"",""quote"":""σοφοὶ καὶ θ. ἄνδρες Id. Tht. 151b""},{""biblio"":"""",""quote"":""φύσεις""},{""biblio"":""Id. | VS | 2.9.2"",""quote"":""φύσεις Id. VS 2.9.2""},{""biblio"":"""",""quote"":""θ. τὴν γνώμην""},{""biblio"":""Luc. | Alex. | 4"",""quote"":""θ. τὴν γνώμην Luc. Alex. 4""},{""biblio"":"""",""quote"":""θ. ὑλᾶν""},{""biblio"":""Theoc. | 25.70"",""quote"":""θ. ὑλᾶν Theoc. 25.70""},{""biblio"":"""",""quote"":""ἀπόζει θ. ὡς ἡδύ""},{""biblio"":""Hdt. | 3.113"",""quote"":""ἀπόζει θ. ὡς ἡδύ Hdt. 3.113""},{""biblio"":"""",""quote"":""ὠδώδει θ. οἷον""},{""biblio"":""Plu. | Alex. | 20"",""quote"":""ὠδώδει θ. οἷον Plu. Alex. 20""},{""biblio"":"""",""quote"":""ἀρηρότα""},{""biblio"":""Emp. | 96.4"",""quote"":""ἀρηρότα Emp. 96.4""}]","[""2.12"",""2.670"",""8.159"",""9.68"",""Ar. | Av. | 1095"",""E."",""Emp. | 96.4"",""Hdt. | 3.113"",""Id. | R. | 365b"",""Id. | Tht. | 151b"",""Id. | VS | 2.9.2"",""Il. | 15.669"",""Il. | 2.600"",""Luc. | Alex. | 4"",""Od. | 12.158"",""Od. | 13.363"",""Od. | 24.49"",""Od. | 7.42"",""Pi. | I. | 4(3).39"",""Pi. | P. | 12.13"",""Pl. | Euthd. | 289e"",""Plu. | Alex. | 20"",""Theoc. | 15.66"",""Theoc. | 25.70""]",{},"[{""type"":""ref"",""target"":"""",""text"":""θεῖος, βηλός""},{""type"":"""",""target"":"""",""text"":""= θεῖος, βηλός""}]",1,1,0,1,1,6,12,0,48
48531,9,836,n48531,θεσπεσιότης,,ἡ,790,,"[""θεσπεσιότης,ητος,ἡ,=θειότης, Eust. 240.8 .""]",[],[],[],[],{},[],1,0,0,0,0,1,0,0,0
48532,9,837,n48532,θεσπῐ-ᾰοιδός,,,790,,"[""θεσπῐ-ᾰοιδός,όν, (θέσπις) poet. for θεσπιῳδός, Hsch.""]",[],"[""θέσπις""]",[],[],{},[],1,0,1,0,0,1,0,1,0
48533,9,838,n48533,θεσπῐ-δᾰής,,,790,,"[""kindled by a god,θ. πῦρ portentous fire, Il. 12.177 , 441 , Od. 4.418 , etc. ( Ep. word.)""]","[""kindled by a god"",""portentous""]",[],[],[],{},[],1,1,0,0,0,1,2,0,0
48534,9,839,n48534,θεσπῐ-έπεια,Adj.,,790,,"[""oracular, prophetic, S. OT 463 (lyr.).""]","[""oracular, prophetic""]","[""ἔπος""]",[],[],{},[],1,1,1,0,0,1,1,1,0
48535,9,840,n48535,θεσπίζω,,,790,,"[""ἐθέσπιξα Theoc. 15.63 : (θέσπις):— prophesy, foretell,τι Hdt. 1.47 , al.; τινί τι A. Ag. 1210 , E. Andr. 1161 :— Pass. ,τί δὲ τεθέσπισται; S. OC 388 , cf. Parth. 35.2 ."",""Pass. , c. acc., [ χρησμοί,] οὓς ἐθεσπίσθη Μωυσῆς Ph. 2.38 ."",""of the Emperors,= Lat.sancire, decree, Jul. Ep. 75b , Wilcken Chr. 6.8 (v A.D.), OGI 521.9 (Abydus), Cod.Just. 1.12.3 Intr.""]","[""prophesy, foretell"",""sancire, decree""]","[""θέσπις""]","[{""biblio"":"""",""quote"":""ἐθέσπιξα""},{""biblio"":""Theoc. | 15.63"",""quote"":""ἐθέσπιξα Theoc. 15.63""},{""biblio"":"""",""quote"":""τινί τι""},{""biblio"":""A. | Ag. | 1210"",""quote"":""τινί τι A. Ag. 1210""},{""biblio"":"""",""quote"":""χρησμοί,] οὓς ἐθεσπίσθη Μωυσῆς""},{""biblio"":""Ph. | 2.38"",""quote"":""χρησμοί,] οὓς ἐθεσπίσθη Μωυσῆς Ph. 2.38""}]","[""A. | Ag. | 1210"",""Ph. | 2.38"",""Theoc. | 15.63""]",{},[],1,1,1,1,0,3,2,1,6
48536,9,841,n48536,θεσπῐόμαντις,Adj.,,790,,"[""oracular, ἕδρα Aristonous 1.3 .""]","[""oracular""]",[],"[{""biblio"":"""",""quote"":""ἕδρα""},{""biblio"":""Aristonous | 1.3"",""quote"":""ἕδρα Aristonous 1.3""}]","[""Aristonous | 1.3""]",{},[],1,1,0,1,0,1,1,0,2
48537,9,842,n48537,θέσπιος,,,790,,"[""= θεσπέσιος , Hes. Fr. 197 , Orac. ap. Ar. Av. 977 .""]",[],[],[],[],{},"[{""type"":""ref"",""target"":"""",""text"":""θεσπέσιος""},{""type"":"""",""target"":"""",""text"":""= θεσπέσιος""}]",1,0,0,0,1,1,0,0,0
48538,9,843,n48538,θεσπιόφημον:,,,790,,"[""θεσπιόφημον: παροιμίαν τινά, Hsch.""]",[],[],[],[],{},[],1,0,0,0,0,1,0,0,0
48539,9,844,n48539,θέσπ-ις,,ὁ,790,,"[""θέσπιδα Nonn. D. 25.452 , dat.ιδι ib. 45.133 ): (cf.θεσπέσιος):—filled with the words of God, inspired, Hom. only in Od. in acc. θέσπιν; ἀοιδός 17.385 ; ἀοιδή 1.328 , 8.498 , E. Med. 425 (lyr.); also θέσπιν αὐδάν S. Ichn. 244 (lyr.)."",""generally,wondrous, awful, θέσπις ἄελλα h.Ven. 208 ."",""θέσπιδες: θυσίαι, θεοσέβειαι, Hsch.""]","[""filled with the words of God, inspired"",""wondrous, awful""]",[],"[{""biblio"":"""",""quote"":""θέσπιδα""},{""biblio"":""Nonn. | D. | 25.452"",""quote"":""θέσπιδα Nonn. D. 25.452""},{""biblio"":"""",""quote"":""θέσπιν; ἀοιδός""},{""biblio"":""17.385"",""quote"":""θέσπιν; ἀοιδός 17.385""},{""biblio"":"""",""quote"":""ἀοιδή""},{""biblio"":""1.328"",""quote"":""ἀοιδή 1.328""},{""biblio"":"""",""quote"":""θέσπιν αὐδάν""},{""biblio"":""S. | Ichn. | 244"",""quote"":""θέσπιν αὐδάν S. Ichn. 244""},{""biblio"":"""",""quote"":""θέσπις ἄελλα""},{""biblio"":""h.Ven. | 208"",""quote"":""θέσπις ἄελλα h.Ven. 208""}]","[""1.328"",""17.385"",""Nonn. | D. | 25.452"",""S. | Ichn. | 244"",""h.Ven. | 208""]",{},[],1,1,0,1,0,3,2,0,10
48540,9,845,n48540,θέσπ-ισις,,ἡ,790,,"[""oracular utterance, Sch. Ar. Pl. 11 .""]","[""oracular utterance""]",[],[],[],{},[],1,1,0,0,0,1,1,0,0
48541,9,846,n48541,θέσπ-ισμα,,τό,790,,"[""oracles, oracular sayings, Hdt. 2.29 , A. Fr. 86 , S. OT 971 : sg., E. Ion 405 ."",""Imperial constitution, Wilcken Chr. 6.12 (pl.,v A.D.), Just. Nov. 113.1.1 .""]","[""oracles, oracular sayings"",""Imperial constitution""]",[],[],[],{},[],1,1,0,0,0,2,2,0,0
48542,9,847,n48542,θεσπ-ιστής,,ὁ,790,,"[""prophet, Man. 6.378 .""]","[""prophet""]",[],[],[],{},[],1,1,0,0,0,1,1,0,0
48543,9,848,n48543,θεσπῐῳδ-έω,,,790,796,"[""to be a θεσπιῳδός,sing in prophetic strain, A. Ag. 1161 , E. Ph. 959 , Ar. Pl. 9 , Pl. Ax. 367d ; χρησμοὶ τὸ κράτος τῆς οἰκουμένης -ῳδοῦσι Posidon. 36J."",""hold office of θεσπιῳδός, i. e.versifier of oracles, OGI 530.6 (Amisus), IGRom. 4.1588 (Claros), etc.""]","[""to be a"",""sing in prophetic strain"",""hold office of"",""versifier of oracles""]",[],"[{""biblio"":"""",""quote"":""χρησμοὶ τὸ κράτος τῆς οἰκουμένης -ῳδοῦσι""},{""biblio"":""Posidon. | 36J."",""quote"":""χρησμοὶ τὸ κράτος τῆς οἰκουμένης -ῳδοῦσι Posidon. 36J.""}]","[""Posidon. | 36J.""]",{},[],1,1,0,1,0,2,4,0,2
48544,9,849,n48544,θεσπῐῳδ-ός,Subst.,ἡ,790,,"[""singing in prophetic strain, of persons, S. Fr. 456 , E. Hel. 145 ; also ὀμφαλὸς γῆς θ. Id. Med. 668 ; μαντική Philostr. VS 1 Praef.:Subst. θεσπιῳδός,ἡ ,= Lat.Carmenta, D.H. 1.31 ."",""θ. φόβον caused by prophecy, A. Ag. 1134 (lyr., s.v.l.).""]","[""singing in prophetic strain"",""caused by prophecy""]",[],"[{""biblio"":"""",""quote"":""μαντική""},{""biblio"":""Philostr. | VS | 1"",""quote"":""μαντική Philostr. VS 1""}]","[""Philostr. | VS | 1""]",{},[],1,1,0,1,0,2,2,0,2
48545,9,850,n48545,Θεσσάλ-ειος,,,790,,"[""v. Θεσσαλός 11 .""]",[],[],[],[],{},"[{""type"":""ref"",""target"":"""",""text"":""Θεσσαλός""},{""type"":"""",""target"":"""",""text"":""v. Θεσσαλός""}]",1,0,0,0,1,1,0,0,0
48546,9,851,n48546,Θεσσαλ-ία,,ἡ,790,,"[""Θεσσαλ-ία,ἡ,Thessaly, Hdt. 3.96 , etc.""]",[],[],[],[],{},[],1,0,0,0,0,1,0,0,0
48547,9,852,n48547,Θεσσαλ-ίζω,,,790,,"[""imitate the Thessalians, Ael. VH 4.15 , St.Byz. s.v. Θεσσαλία ;speak like them, Parth. 24.2 , D.Chr. 11.23 .""]","[""imitate the Thessalians"",""speak like them""]",[],[],[],{},"[{""type"":""ref"",""target"":"""",""text"":""Θεσσαλία""},{""type"":"""",""target"":"""",""text"":""s.v. Θεσσαλία""}]",1,1,0,0,1,1,2,0,0
48548,9,853,n48548,Θεσσαλ-ῐκέτης,,ὁ,790,,"[""serf in Thessaly, Philocr.Hist. 1 .""]","[""serf in Thessaly""]",[],[],[],{},[],1,1,0,0,0,1,1,0,0
48549,9,854,n48549,Θεσσαλ-ικός,Adv.,,790,,"[""chair or couch, Hp. Art. 7 ; ὄρεα Hdt. 7.128 ; δίφρος Eup. 58 , cf. Poll. 7.112 ; Θ. ἔνθεσις Hermipp. 41 ; Θ. δεῖπνα Ar. Fr. 492 , cf. Antiph. 34.3 .Adv. -κῶς Crates Com. 19 ."",""of the Thessalian dialect, ἔθος A.D. Synt. 214.6 ;διαίρεσις ib. 50.9 .Adv. -κῶς Id. Pron. 109.1 : Comp. -ώτερον Id. Synt. 159.9 .""]","[""chair"",""couch"",""of the Thessalian dialect""]",[],"[{""biblio"":"""",""quote"":""ὄρεα""},{""biblio"":""Hdt. | 7.128"",""quote"":""ὄρεα Hdt. 7.128""},{""biblio"":"""",""quote"":""δίφρος""},{""biblio"":""Eup. | 58"",""quote"":""δίφρος Eup. 58""},{""biblio"":"""",""quote"":""Θ. ἔνθεσις""},{""biblio"":""Hermipp. | 41"",""quote"":""Θ. ἔνθεσις Hermipp. 41""},{""biblio"":"""",""quote"":""Θ. δεῖπνα""},{""biblio"":""Ar. | Fr. | 492"",""quote"":""Θ. δεῖπνα Ar. Fr. 492""},{""biblio"":"""",""quote"":""-κῶς""},{""biblio"":""Crates Com. | 19"",""quote"":""-κῶς Crates Com. 19""},{""biblio"":"""",""quote"":""ἔθος""},{""biblio"":""A.D. | Synt. | 214.6"",""quote"":""ἔθος A.D. Synt. 214.6""},{""biblio"":"""",""quote"":""-κῶς""},{""biblio"":""Id. | Pron. | 109.1"",""quote"":""-κῶς Id. Pron. 109.1""},{""biblio"":"""",""quote"":""-ώτερον""},{""biblio"":""Id. | Synt. | 159.9"",""quote"":""-ώτερον Id. Synt. 159.9""}]","[""A.D. | Synt. | 214.6"",""Ar. | Fr. | 492"",""Crates Com. | 19"",""Eup. | 58"",""Hdt. | 7.128"",""Hermipp. | 41"",""Id. | Pron. | 109.1"",""Id. | Synt. | 159.9""]",{},[],1,1,0,1,0,2,3,0,16
48550,9,855,n48550,Θεσσαλ-ιῶτις,,ἡ,790,,"[""Θεσσαλ-ιῶτις,ιδος,ἡ, one of the four districts of Thessaly, Hellanic. 52J. , Hdt. 1.57 , Str. 9.5.3 .""]",[],[],[],[],{},[],1,0,0,0,0,1,0,0,0
48551,9,856,n48551,Θεσσαλ-ός,Adj.,ἡ,790,,"[""pr. n. of a physician of the Methodic School:—hence Adj. Θεσσάλειος,α,ον, Gal. 15.763 ,al."",""fem.Θεσσαλίς,ίδος,Thessalian, κυνῆ S. OC 314 : as Subst. Θετταλίς,ἡ , a kind of shoe, Lysipp. 2 .""]","[""shoe""]",[],"[{""biblio"":"""",""quote"":""κυνῆ""},{""biblio"":""S. | OC | 314"",""quote"":""κυνῆ S. OC 314""}]","[""S. | OC | 314""]",{},[],1,1,0,1,0,2,1,0,2
48552,9,857,n48552,θέσσασθαι,Adj.,,790,,"[""pray for, c. acc. θεσσάμενος γενεήν Hes. Fr. 201 ; γλυκερὸν νόστον Archil. 11 ; παίδων γένος A.R. 1.824 , cf. Euph. 136 : c.inf.,τάν ποτ' εὔανδρον [εἶναι] . . θέσσαντο prayed that this land might be . . , Pi. N. 5.10 ( Hsch. also has θέσσεσθαι, θεσσόμενος, θήσω, θησόμενοι, θησάμενοι):—hence Adj. θεστός, only in compds.ἀπόθεστος, πολύθεστος(q.v.), Boeot. pr. n.Θεόφειστος, Ion. Ἐρμόθεστος. (Perh.g[uglide]hedh-, cf.πόθος(fr.φόθος), OIr.-guidiu, Welsh gweddïo'pray', Lith.gedėti'mourn';θήσω, θησόμενοι, θησάμενοι seem to be analogical formations.)""]","[""pray for"",""prayed that"",""g[uglide]hedh-"",""-guidiu"",""gweddïo"",""gedėti""]",[],"[{""biblio"":"""",""quote"":""θεσσάμενος γενεήν""},{""biblio"":""Hes. | Fr. | 201"",""quote"":""θεσσάμενος γενεήν Hes. Fr. 201""},{""biblio"":"""",""quote"":""γλυκερὸν νόστον""},{""biblio"":""Archil. | 11"",""quote"":""γλυκερὸν νόστον Archil. 11""},{""biblio"":"""",""quote"":""παίδων γένος""},{""biblio"":""A.R. | 1.824"",""quote"":""παίδων γένος A.R. 1.824""}]","[""A.R. | 1.824"",""Archil. | 11"",""Hes. | Fr. | 201""]",{},[],1,1,0,1,0,1,6,0,6
48553,9,858,n48553,θεσφᾰτηλόγος,,,790,,"[""prophetic, A. Ag. 1441 .""]","[""prophetic""]",[],[],[],{},[],1,1,0,0,0,1,1,0,0
48554,9,859,n48554,θεσφᾰτ-ίζω,,,790,,"[""prophesy, Hsch. :—also θεσφᾰτ-όομαι, Id.""]","[""prophesy""]",[],[],[],{},[],1,1,0,0,0,1,1,0,0
48555,9,860,n48555,θέσφᾰτ-ος,Subst.,τά,790,,"[""spoken by God, decreed, μόρος A. Ag. 1321 ; ἥκει θ. βίου τελευτή S. OC 1472 : mostly in phrase θέσφατόν ἐστι, it is ordained, ὣς γὰρ θ. ἐστι Il. 8.477 , cf. E. IA 1556 : c. dat. pers. et inf., σοὶ δ' οὐ θ. ἐστι . . θανέειν Od. 4.561 , cf. 10.473 , Pi. P. 4.71 , Orac.in Ar. Pax 1073 ; so εἴ τι θ. πατρὶ . . ἱκνεῖθ', ὥστε πρὸς παίδων θανεῖν S. OC 969 ."",""Subst. θέσφατα,τά ,divine decrees, oracles, Od. 11.151 , 297 ;παλαίφατα θ. 13.172 , cf. Pi. I. 8(7).34 : sg., E. IT 121 ."",""generally,wonderful, mighty, ἀήρ Od. 7.143 .—Cf.θεσπέσιος, θέσκελος.""]","[""spoken by God, decreed"",""ordained"",""divine decrees, oracles"",""wonderful, mighty""]","[""θεός, φημί""]","[{""biblio"":"""",""quote"":""μόρος""},{""biblio"":""A. | Ag. | 1321"",""quote"":""μόρος A. Ag. 1321""},{""biblio"":"""",""quote"":""ἥκει θ. βίου τελευτή""},{""biblio"":""S. | OC | 1472"",""quote"":""ἥκει θ. βίου τελευτή S. OC 1472""},{""biblio"":"""",""quote"":""ὣς γὰρ θ. ἐστι""},{""biblio"":""Il. | 8.477"",""quote"":""ὣς γὰρ θ. ἐστι Il. 8.477""},{""biblio"":"""",""quote"":""σοὶ δ' οὐ θ. ἐστι . . θανέειν""},{""biblio"":""Od. | 4.561"",""quote"":""σοὶ δ' οὐ θ. ἐστι . . θανέειν Od. 4.561""},{""biblio"":"""",""quote"":""εἴ τι θ. πατρὶ . . ἱκνεῖθ', ὥστε πρὸς παίδων θανεῖν""},{""biblio"":""S. | OC | 969"",""quote"":""εἴ τι θ. πατρὶ . . ἱκνεῖθ', ὥστε πρὸς παίδων θανεῖν S. OC 969""},{""biblio"":"""",""quote"":""ἀήρ""},{""biblio"":""Od. | 7.143"",""quote"":""ἀήρ Od. 7.143""}]","[""A. | Ag. | 1321"",""Il. | 8.477"",""Od. | 4.561"",""Od. | 7.143"",""S. | OC | 1472"",""S. | OC | 969""]",{},[],1,1,1,1,0,3,4,1,12
48556,9,861,n48556,θετέος,,,790,,"[""to be countedas, Pl. Epin. 984a , Arist. Pol. 1277b38 ."",""θετέον,one must establish, ἆθλα Pl. Lg. 832e ;one must assume, X. Mem. 4.2.15 ;one must reckon, count, τοὺς βαναύσους πολίτας Arist. Pol. 1277b35 , cf. Satyr. Vit.Eur.Fr. 39xv6 , etc.; ἐν ἁμαρτίᾳ Ph. 2.171 .""]","[""to be countedas"",""one must establish"",""one must assume"",""one must reckon, count""]",[],"[{""biblio"":"""",""quote"":""ἆθλα""},{""biblio"":""Pl. | Lg. | 832e"",""quote"":""ἆθλα Pl. Lg. 832e""},{""biblio"":"""",""quote"":""τοὺς βαναύσους πολίτας""},{""biblio"":""Arist. | Pol. | 1277b35"",""quote"":""τοὺς βαναύσους πολίτας Arist. Pol. 1277b35""},{""biblio"":"""",""quote"":""ἐν ἁμαρτίᾳ""},{""biblio"":""Ph. | 2.171"",""quote"":""ἐν ἁμαρτίᾳ Ph. 2.171""}]","[""Arist. | Pol. | 1277b35"",""Ph. | 2.171"",""Pl. | Lg. | 832e""]",{},[],1,1,0,1,0,2,4,0,6
48557,9,862,n48557,θετήρ,,ὁ,790,,"[""θετήρ,ῆρος,ὁ, EM 177.24 ;=τολμητής, πράκτης, Hsch. : pl., etym. of θεοί, Corn. ND 1 .""]",[],[],[],[],{},[],1,0,0,0,0,1,0,0,0
48558,9,863,n48558,θέτης,,ὁ,790,,"[""one who places,ὀνομάτων θ. name-giver, Pl. Cra. 389d ."",""mortgagor, χωρίων Is. 10.24 ."",""adoptive father of a child, Did. ap. Harp.""]","[""one who places"",""giver"",""mortgagor"",""adoptive father of a child""]","[""τίθημι""]","[{""biblio"":"""",""quote"":""χωρίων""},{""biblio"":""Is. | 10.24"",""quote"":""χωρίων Is. 10.24""}]","[""Is. | 10.24""]",{},[],1,1,1,1,0,3,4,1,2
48559,9,864,n48559,Θετίδειον,,τό,790,,"[""temple of Thetis, E. Andr. 20 , Plb. 18.20.6 , Str. 9.5.6 .""]","[""temple of Thetis""]",[],[],[],{},[],1,1,0,0,0,1,1,0,0
48560,9,865,n48560,θετικός,Adv.,,790,,"[""fit for placing,ὀνομάτων θ.prompt at giving names, D.H. Comp. 16 , cf. Ph. 2.101 .Adv. -κῶς appositely, D.H. Rh. 3.5 ."",""concerning adoption, νόμοι Arist. Pol. 1274b4 ."",""belonging to a θέσις,disputable, ὑπόθεσις Philostr. VS 2.6 ;τὰ θ. τῶν χωρίων ib. 29 ; so τὰ θ. alone, Phld. Rh. 1.206S. ; θ. κεφάλαιον Theon Prog. 2 ;τὴν ζήτησιν θ. ποιεῖσθαι to make the question a matter of argument, Str. 2.3.7 ; Lat.genus instituendi θετικώτερον,addressed to reason rather than feeling, Cic. QF 3.3.4 .Adv. Comp. -κώτερον Aps. p.333H."",""positive, affirmative, opp.negative(ἀρνητικός), Numen. ap. Eus. PE 14.8 .Adv. -κῶς positively, affirmatively, D.L. 9.75 ;οὐ λίαν θ. not very positively, Phld. Rh. 1.371S."",""Gramm.,positive,τὸ θετικόν the positive degree, Sch.D Il. 4.277 ."",""expressing obligation, of verbals in-τέον, D.T. 642.16 ;θετικῶς: τὸ ὀφειλόμενον γενέσθαι, Hsch."",""arbitrary, χρῆσις τῶν ὀνομάτων S.E. P. 2.256 .Adv. -κῶς ib. 1.38 .""]","[""fit for placing"",""prompt at giving"",""appositely"",""concerning adoption"",""belonging to a"",""disputable"",""a matter of argument"",""genus instituendi"",""addressed to reason rather"",""positive, affirmative"",""negative"",""positively, affirmatively"",""positively"",""positive"",""positive degree"",""expressing obligation"",""arbitrary""]","[""ἀρνητικός""]","[{""biblio"":"""",""quote"":""νόμοι""},{""biblio"":""Arist. | Pol. | 1274b4"",""quote"":""νόμοι Arist. Pol. 1274b4""},{""biblio"":"""",""quote"":""ὑπόθεσις""},{""biblio"":""Philostr. | VS | 2.6"",""quote"":""ὑπόθεσις Philostr. VS 2.6""},{""biblio"":"""",""quote"":""θ. κεφάλαιον""},{""biblio"":""Theon | Prog. | 2"",""quote"":""θ. κεφάλαιον Theon Prog. 2""},{""biblio"":"""",""quote"":""-κώτερον""},{""biblio"":""Aps. | p.333H."",""quote"":""-κώτερον Aps. p.333H.""},{""biblio"":"""",""quote"":""χρῆσις τῶν ὀνομάτων""},{""biblio"":""S.E. | P. | 2.256"",""quote"":""χρῆσις τῶν ὀνομάτων S.E. P. 2.256""}]","[""Aps. | p.333H."",""Arist. | Pol. | 1274b4"",""Philostr. | VS | 2.6"",""S.E. | P. | 2.256"",""Theon | Prog. | 2""]",{},[],1,1,1,1,0,7,17,1,10
48561,9,866,n48561,Θέτις,,ἡ,790,,"[""Θέτῑ Il. 24.88 , acc.Θέτιν, gen.ιδος 4.512 , Dor. ιος Pi. I. 8(7).30 , dat.Θέτῑ:ἡ:—Thetis, Hom. , etc.""]",[],[],"[{""biblio"":"""",""quote"":""Θέτῑ""},{""biblio"":""Il. | 24.88"",""quote"":""Θέτῑ Il. 24.88""}]","[""Il. | 24.88""]",{},[],1,0,0,1,0,1,0,0,2
48562,9,867,n48562,θετός,,ὁ,790,,"[""placed, set, E. IA 251 (lyr.);having position, στιγμὴ οὐσία θετός Arist. APo. 87a36 ."",""taken as one's child, adopted, Pi. O. 9.62 , E. Fr. 359 , etc.; θετὸν παῖδα ποιεῖσθαι Hdt. 6.57 , cf. Pl. Lg. 929c ;θετὸς γενέσθαι τινί or ὑπό τινος, Plu. Thes. 13 , App. BC 1.5 ;θετός,ὁ ,adopted son, dub. in Is. 3.69 ;θετή adopted daughter, Hsch. ; also θ. πατήρ adoptive father, D.S. 10.11 .""]","[""placed, set"",""having position"",""taken as one's child, adopted"",""adopted son"",""adopted daughter"",""adoptive""]","[""τίθημι""]","[{""biblio"":"""",""quote"":""στιγμὴ οὐσία θετός""},{""biblio"":""Arist. | APo. | 87a36"",""quote"":""στιγμὴ οὐσία θετός Arist. APo. 87a36""},{""biblio"":"""",""quote"":""θετὸν παῖδα ποιεῖσθαι""},{""biblio"":""Hdt. | 6.57"",""quote"":""θετὸν παῖδα ποιεῖσθαι Hdt. 6.57""}]","[""Arist. | APo. | 87a36"",""Hdt. | 6.57""]",{},[],1,1,1,1,0,2,6,1,4
48563,9,868,n48563,Θεττᾰλός,,,790,,"[""Θεττᾰλός,Θετταλικός, etc., Att. for Θεσσ-.""]",[],[],[],[],{},[],1,0,0,0,0,1,0,0,0
48564,9,869,n48564,Θεττᾰλότμητον,,,790,,"[""such as you would cut for a hungry Thessalian, Philetaer. 10 .""]","[""such as you would cut for a hungry Thessalian""]",[],[],[],{},[],1,1,0,0,0,1,1,0,0
48565,9,870,n48565,θεῦ,,,790,,"[""θεῦ, Dor. and Ion. for θέο, θοῦ, imper.aor. 2 Med. of τίθημι.""]",[],[],[],[],{},[],1,0,0,0,0,1,0,0,0
48566,9,871,n48566,θευ-,,τά,790,,"[""θευ-, Dor. and Ion. for θεο-, cf.Θεοδαίσιος, θεομορία, θεόμορος:— hence θευ-εργέσια,τά, festival of a θεὸς εὐεργέτης, Inscr.Délos 363.53 (iii B.C.).""]",[],[],[],[],{},[],1,0,0,0,0,1,0,0,0
48567,9,872,n48567,θευ-κολέω,,,790,,"[""= θεοκολέω , IG 9(1).421 (Aetolia).""]",[],[],[],[],{},"[{""type"":""ref"",""target"":"""",""text"":""θεοκολέω""},{""type"":"""",""target"":"""",""text"":""= θεοκολέω""}]",1,0,0,0,1,1,0,0,0
48568,9,873,n48568,θευ-ξένια,,,790,,"[""= θεοξένια , Hsch.""]",[],[],[],[],{},"[{""type"":""ref"",""target"":"""",""text"":""θεοξένια""},{""type"":"""",""target"":"""",""text"":""= θεοξένια""}]",1,0,0,0,1,1,0,0,0
48569,9,874,n48569,θευ-προπία,,ἡ,790,,"[""θευ-προπία,ἡ,=θεοπροπία, B. 9.41 .""]",[],[],[],[],{},[],1,0,0,0,0,1,0,0,0
48570,9,875,n48570,θευ-φορία,,ἡ,790,,"[""θευ-φορία,ἡ,=θεοφορία, AP 6.220.4 ( Diosc. ).""]",[],[],[],[],{},[],1,0,0,0,0,1,0,0,0
48571,9,876,n48571,θεύγεσθαι,,,790,,"[""v. θεωρός .""]",[],[],[],[],{},"[{""type"":""ref"",""target"":"""",""text"":""θεωρός""},{""type"":"""",""target"":"""",""text"":""v. θεωρός""}]",1,0,0,0,1,1,0,0,0
48572,9,877,n48572,θεῦσις,,ἡ,790,,"[""running, coined as etym. of θεός, Corn. ND 1 .""]","[""running""]",[],[],[],{},[],1,1,0,0,0,1,1,0,0
48573,9,878,n48573,θεῦτις,,,790,,"[""= τευθίς , Hippon. 115 .""]",[],[],[],[],{},"[{""type"":""ref"",""target"":"""",""text"":""τευθίς""},{""type"":"""",""target"":"""",""text"":""= τευθίς""}]",1,0,0,0,1,1,0,0,0
48574,9,879,n48574,θέω,,,790,,"[""θέῃσι 22.23 ;3 sg. impf. ἔθει Od. 12.407 and later, ἔθεε Il. 1.483 , Hdt. 1.43 (and in later Prose, D.S. 16.94 ); Ep. θέε Il. 20.275 , Hes. Sc. 224 ; Ion. impf. θέεσκον Il. 20.229 :fut. θεύσομαι 23.623 , Ar. Eq. 485 , Av. 205 , (ὑπο-) Pi. P. 2.84 , (ἀντι-) Hdt. 5.22 , (μετα-) X. Cyn. 6.22 ; θεύσω Lyc. 1119 :aor. 1 ἔθευσα(δι-) Vett.Val. 345.35 ,part. θεύσας IGRom. 4.1740 (Cyme):—the other tenses are supplied by τρέχω and Δρέμω: (θεϝ-, Skt.dhávate):—run,ποσί, πόδεσσι, Od. 8.247 , Il. 23.623 ; βῆ δὲ θέειν 17.698 ; θέῃσι τιταινόμενος πεδίοιο 22.23 ;ποῖθεῖς; Ar. V. 854 ;θᾶττον θανάτου θεῖ [ἡ πονηρία] Pl. Ap. 39b ; ὁ βραδέως θέων Id. Hp.Mi. 373d ; of horses, Id. Cra. 423a ; ἐν Ὀλυμπίᾳ θεόντων ἵππων Id. Lg. 822b : in part.with another Verb,ἦλθε θέων, ἦλθε θέουσα, came running, Il. 6.54 , 394 , etc.;ἷξε θέων, of a person on ship-board, Od. 3.288 ;θέων Αἴαντα κάλεσσον run and call him, Il. 12.343 , etc."",""περὶ τρίποδος γὰρ ἔμελλον θεύσεσθαι to run for a tripod, 11.701 : metaph. (cf. τρέχω 11.2 ),περὶ ψυχῆς θέον Ἕκτορος they were running for Hector's life, 22.161 ; θ. περὶ ὑμέων αὐτῶν Hdt. 8.140 .ά; θ. <τον> περὶ τοῦ παντὸς δρόμον ib. 74 ; περὶ γυναικῶν καὶ παίδων Paus. 6.18.3 ."",""metaph., θ. ἐς νόσους Pl. Lg. 691c ; θ. ἐγγύτατα ὀλέθρου Id. R. 417b ; θεῖν παρὰ τὸν ἔσχατον κίνδυνον Plu. Fab. 26 ."",""of other kinds of motion, as,"",""of birds, θεύσονται δρόμῳ Ar. Av. 205 ."",""of things,run; of ships, ἡ δ' ἔθεεν κατὰ κῦμα Il. 1.483 , cf. X. HG 6.2.29 ; of a potter's wheel, Il. 18.601 ; of a rolling stone, 13.141 ; of a quoit,ῥίμφα θέων ἀπὸ χειρός flying lightly . . , Od. 8.193 ."",""metaph., δύναμις θαυμαστὴ ἐκεῖ θεῖ Plot. 2.9.8 , cf. 6.5.11 ."",""of things not actually in motion, [ φλὲψ] ἀνὰ νῶτα θέουσα διαμπερές Il. 13.547 ; ἄντυξ ἣ πυμάτη θέεν ἀσπίδος 6.118 ; ἀμφὶ δέ μιν κίβισις θέε Hes. Sc. 224 ; γραμμῆς περὶ [σημεῖον] θεούσης Plot. 6.5.11 ."",""c. acc. loci,run over, τὰ ὄρη X. Cyn. 4.6 , cf. 5.17 ; μέσσα θέων πελάγευς AP 7.273 ( Leon. ), cf. 10.23 ( Autom. ); πλωτῶν γένος ὑγρὰ θεόντων Opp. H. 3.183 .—The simple Verb is used in Trag. only by E. Ion 1217 .""]","[""dhávate"",""run"",""running"",""run and"",""to run"",""were running"",""run"",""rolling"",""flying"",""run over""]","[""ὑπο-"",""ἀντι-"",""μετα-"",""δι-""]","[{""biblio"":"""",""quote"":""θέῃσι""},{""biblio"":""22.23"",""quote"":""θέῃσι 22.23""},{""biblio"":"""",""quote"":""ἔθει""},{""biblio"":""Od. | 12.407"",""quote"":""ἔθει Od. 12.407""},{""biblio"":"""",""quote"":""ἔθεε""},{""biblio"":""Il. | 1.483"",""quote"":""ἔθεε Il. 1.483""},{""biblio"":"""",""quote"":""θέε""},{""biblio"":""Il. | 20.275"",""quote"":""θέε Il. 20.275""},{""biblio"":"""",""quote"":""θέεσκον""},{""biblio"":""Il. | 20.229"",""quote"":""θέεσκον Il. 20.229""},{""biblio"":"""",""quote"":""θεύσομαι""},{""biblio"":""23.623"",""quote"":""θεύσομαι 23.623""},{""biblio"":"""",""quote"":""θεύσω""},{""biblio"":""Lyc. | 1119"",""quote"":""θεύσω Lyc. 1119""},{""biblio"":"""",""quote"":""θεύσας""},{""biblio"":""IGRom. | 4.1740"",""quote"":""θεύσας IGRom. 4.1740""},{""biblio"":"""",""quote"":""βῆ δὲ θέειν""},{""biblio"":""17.698"",""quote"":""βῆ δὲ θέειν 17.698""},{""biblio"":"""",""quote"":""θέῃσι τιταινόμενος πεδίοιο""},{""biblio"":""22.23"",""quote"":""θέῃσι τιταινόμενος πεδίοιο 22.23""},{""biblio"":"""",""quote"":""ὁ βραδέως θέων""},{""biblio"":""Id. | Hp.Mi. | 373d"",""quote"":""ὁ βραδέως θέων Id. Hp.Mi. 373d""},{""biblio"":"""",""quote"":""ἐν Ὀλυμπίᾳ θεόντων ἵππων""},{""biblio"":""Id. | Lg. | 822b"",""quote"":""ἐν Ὀλυμπίᾳ θεόντων ἵππων Id. Lg. 822b""},{""biblio"":"""",""quote"":""τρέχω""},{""biblio"":""11.2"",""quote"":""τρέχω 11.2""},{""biblio"":"""",""quote"":""θ. περὶ ὑμέων αὐτῶν""},{""biblio"":""Hdt. | 8.140"",""quote"":""θ. περὶ ὑμέων αὐτῶν Hdt. 8.140""},{""biblio"":"""",""quote"":""περὶ γυναικῶν καὶ παίδων""},{""biblio"":""Paus. | 6.18.3"",""quote"":""περὶ γυναικῶν καὶ παίδων Paus. 6.18.3""},{""biblio"":"""",""quote"":""θ. ἐς νόσους""},{""biblio"":""Pl. | Lg. | 691c"",""quote"":""θ. ἐς νόσους Pl. Lg. 691c""},{""biblio"":"""",""quote"":""θ. ἐγγύτατα ὀλέθρου""},{""biblio"":""Id. | R. | 417b"",""quote"":""θ. ἐγγύτατα ὀλέθρου Id. R. 417b""},{""biblio"":"""",""quote"":""θεῖν παρὰ τὸν ἔσχατον κίνδυνον""},{""biblio"":""Plu. | Fab. | 26"",""quote"":""θεῖν παρὰ τὸν ἔσχατον κίνδυνον Plu. Fab. 26""},{""biblio"":"""",""quote"":""θεύσονται δρόμῳ""},{""biblio"":""Ar. | Av. | 205"",""quote"":""θεύσονται δρόμῳ Ar. Av. 205""},{""biblio"":"""",""quote"":""ἡ δ' ἔθεεν κατὰ κῦμα""},{""biblio"":""Il. | 1.483"",""quote"":""ἡ δ' ἔθεεν κατὰ κῦμα Il. 1.483""},{""biblio"":"""",""quote"":""δύναμις θαυμαστὴ ἐκεῖ θεῖ""},{""biblio"":""Plot. | 2.9.8"",""quote"":""δύναμις θαυμαστὴ ἐκεῖ θεῖ Plot. 2.9.8""},{""biblio"":"""",""quote"":""φλὲψ] ἀνὰ νῶτα θέουσα διαμπερές""},{""biblio"":""Il. | 13.547"",""quote"":""φλὲψ] ἀνὰ νῶτα θέουσα διαμπερές Il. 13.547""},{""biblio"":"""",""quote"":""ἄντυξ ἣ πυμάτη θέεν ἀσπίδος""},{""biblio"":""6.118"",""quote"":""ἄντυξ ἣ πυμάτη θέεν ἀσπίδος 6.118""},{""biblio"":"""",""quote"":""ἀμφὶ δέ μιν κίβισις θέε""},{""biblio"":""Hes. | Sc. | 224"",""quote"":""ἀμφὶ δέ μιν κίβισις θέε Hes. Sc. 224""},{""biblio"":"""",""quote"":""γραμμῆς περὶ [σημεῖον] θεούσης""},{""biblio"":""Plot. | 6.5.11"",""quote"":""γραμμῆς περὶ [σημεῖον] θεούσης Plot. 6.5.11""},{""biblio"":"""",""quote"":""τὰ ὄρη""},{""biblio"":""X. | Cyn. | 4.6"",""quote"":""τὰ ὄρη X. Cyn. 4.6""},{""biblio"":"""",""quote"":""μέσσα θέων πελάγευς""},{""biblio"":""AP | 7.273"",""quote"":""μέσσα θέων πελάγευς AP 7.273""},{""biblio"":"""",""quote"":""πλωτῶν γένος ὑγρὰ θεόντων""},{""biblio"":""Opp. | H. | 3.183"",""quote"":""πλωτῶν γένος ὑγρὰ θεόντων Opp. H. 3.183""}]","[""11.2"",""17.698"",""22.23"",""23.623"",""6.118"",""AP | 7.273"",""Ar. | Av. | 205"",""Hdt. | 8.140"",""Hes. | Sc. | 224"",""IGRom. | 4.1740"",""Id. | Hp.Mi. | 373d"",""Id. | Lg. | 822b"",""Id. | R. | 417b"",""Il. | 1.483"",""Il. | 13.547"",""Il. | 20.229"",""Il. | 20.275"",""Lyc. | 1119"",""Od. | 12.407"",""Opp. | H. | 3.183"",""Paus. | 6.18.3"",""Pl. | Lg. | 691c"",""Plot. | 2.9.8"",""Plot. | 6.5.11"",""Plu. | Fab. | 26"",""X. | Cyn. | 4.6""]",{},[],1,1,1,1,0,9,10,4,56
48575,9,880,n48575,θέω,,,790,,"[""shine, gleam, ὀδόντων λευκὰ θεόντων Hes. Sc. 146 (λευκαθεόντων cj. Wackernagel);ὕλῃ χλωρὰ θεούσῃ cj. in Theoc. 25.158 ; ποίην . . χλωρὰ θέουσαν IG 14.1389i i 24 ; cf.θοός(B),Λευκαθέα, λευκαθίζω.""]","[""shine, gleam""]",[],"[{""biblio"":"""",""quote"":""ὀδόντων λευκὰ θεόντων""},{""biblio"":""Hes. | Sc. | 146"",""quote"":""ὀδόντων λευκὰ θεόντων Hes. Sc. 146""},{""biblio"":"""",""quote"":""ποίην . . χλωρὰ θέουσαν""},{""biblio"":""IG | 14.1389i"",""quote"":""ποίην . . χλωρὰ θέουσαν IG 14.1389i""}]","[""Hes. | Sc. | 146"",""IG | 14.1389i""]",{},[],1,1,0,1,0,1,1,0,4
48576,9,881,n48576,θεῶ,,,790,,"[""behold!""]","[""behold!""]",[],[],[],{},[],1,1,0,0,0,1,1,0,0
48577,9,882,n48577,θεώματα:,,,790,,"[""θεώματα: περικαθαρτήρια, Hsch. (leg.θειώματα).""]",[],[],[],[],{},[],1,0,0,0,0,1,0,0,0
48578,9,883,n48578,θεωρ-εῖον,,τό,790,,"[""place for seeing, Hsch. s.v. θαυσήκρι .""]","[""place for seeing""]",[],[],[],{},"[{""type"":""ref"",""target"":"""",""text"":""θαυσήκρι""},{""type"":"""",""target"":"""",""text"":""s.v. θαυσήκρι""}]",1,1,0,0,1,1,1,0,0
48579,9,884,n48579,θεωρ-έω,,,790,,"[""-ηθήσομαι S.E. M. 8.280 :fut. Med. in pass.sense, ib. 1.70 , Ael. VH 7.10 : (θεωρός):— to be a θεωρός 1 (q.v.),μαντεύεσθαι καὶ θ. Th. 5.18 ; ἐγὼ δὲ τεθεώρηκα πώποτ' οὐδαμοῖ πλὴν ἐς Πάρον Ar. V. 1188 ; of the states which sent θεωροί, οἱ Ἀθηναῖοι ἐθεώρουν ἐς τὰ Ἴσθμια Th. 8.10 ."",""to be sent to consult an oracle, Pl. Ep. 315b ."",""of spectators at games, τὰ Ὀλύμπια Hdt. 1.59 ; ἀγῶνα Id. 8.26 , X. An. 1.2.10 ;θ. τινά to see him act, Thphr. Char. 11.3 : abs., And. 4.20 , D. 18.265 ;to go as a spectator, ἐς τὰ Ἐφέσια Th. 3.104 ; ἐς Ὀλυμπίαν Luc. Tim. 50 ;v.sub ὀβολός 1 ."",""look at, behold, γῆν πολλήν Hdt. 4.76 ; τύχας τινός A. Pr. 304 ; τὰ περὶ τὸν πόλεμον Pl. R. 467c ;inspect, review soldiers, X. An. 1.2.16 , HG 4.5.6 : abs.,gaze, gape,ἑστηκὼς θ. Thphr. Char. 4.5 : Astrol., = ἐπιθεωρέω 5 , τὴν σελήνην Gal. 19.542 ."",""of the mind,contemplate, consider,αὐτῇ τῇ ψυχῇ αὐτὴν τὴν ψυχὴν θ. Pl. Grg. 523e ; τὰ ὄντα ᾗ ὄντα Arist. Metaph. 1003b15 , cf. D. 1.12 , Epicur. Nat. 2.6 , etc.: folld. by an interrog., τοῦτο θ., εἰ τἀληθῆ λέγω D. 3.3 ; θ. τινά, ὁποτέρου τοῦ βίου ἐστίν Aeschin. 3.168 ; πόσας ἔχουσι διαφοράς Arist. GA 761a11 ; θ. τίνας λέγομεν τοὺς φρονίμους Id. EN 1140a24 ;θ. τι ἔκ τινος to judge of one thing by another, τὴν ἔννοιαν ἐκ τῶν ἔργων Is. 1.13 , cf. Aeschin. 3.160 ;θ. τι πρός τι compare one thing with another, D. 18.17 ;πρὸς τοὺς πρὸ ἐμαυτοῦ . . κρίνωμαι καὶ θεωρῶμαι; ib. 315 ; τοὺς πρέσβεις θ. πρὸς τὸν καιρὸν καθ' ὃν ἐπρές βευον Aeschin. 2.80 ;θ. [τι τεκμηρίοις] D. 21.199 ."",""observe, θ. μᾶλλον τοὺς πέλας δυνάμεθα ἢ ἑαυτούς Arist. EN 1169b33 , cf. Pol. 1263b25 ,al.; ταῦτα ἐμοῦ ἐθεωρήσατε, ὡς . . ποιουμένου Lycurg. 28 :— Pass. , τεθεώρηται τοῦτο μάλιστα ἐπὶ τῶν περιστερῶν Arist. HA 562a23 , cf. 540b19 ,al.;λόγῳ θεωρεῖσθαι, of objects not accessible to sense, Phld. D. 3.10 : abs.,ὡς καὶ ἐπ' ἄλλων θεωρεῖται ib. 1.13 ."",""perceive, c.inf., ἀναγκαῖον ὑπάρχειν D.S. 13.88 ."",""abs.,speculate, theorize,ἀκριβῶς, φορτικῶς, Arist. Pol. 1280b28 , Metaph. 1001b14 ;λογικῶς, φυσικῶς, Id. APo. 88a19 , Cael. 304a25 ; περί τινος Id. Metaph. 1004b1 , 983a33 ( Pass. );θ. ἔκ τινος to conclude by observation from . . , ib. 1029a26 ; διά τινος Id. Mete. 353b18 :— Pass. ,ἡ παρὰ τοῖς Ἕλλησι τεθεωρημένη μάθησις Ael.Tact.Prooem.(θεωρήσασα is prob. corrupt for ἐωρ-in S. OC 1084 (lyr.).)""]","[""to be a"",""to be sent to consult an oracle"",""to see"",""act"",""to go as a spectator"",""look at, behold"",""inspect, review"",""gaze, gape"",""contemplate, consider"",""to judge of"",""compare"",""with"",""observe"",""perceive"",""speculate, theorize"",""to conclude by observation""]","[""θεωρός""]","[{""biblio"":"""",""quote"":""-ηθήσομαι""},{""biblio"":""S.E. | M. | 8.280"",""quote"":""-ηθήσομαι S.E. M. 8.280""},{""biblio"":"""",""quote"":""θεωρός""},{""biblio"":""1"",""quote"":""θεωρός 1""},{""biblio"":"""",""quote"":""ἐγὼ δὲ τεθεώρηκα πώποτ' οὐδαμοῖ πλὴν ἐς Πάρον""},{""biblio"":""Ar. | V. | 1188"",""quote"":""ἐγὼ δὲ τεθεώρηκα πώποτ' οὐδαμοῖ πλὴν ἐς Πάρον Ar. V. 1188""},{""biblio"":"""",""quote"":""θεωροί, οἱ Ἀθηναῖοι ἐθεώρουν ἐς τὰ Ἴσθμια""},{""biblio"":""Th. | 8.10"",""quote"":""θεωροί, οἱ Ἀθηναῖοι ἐθεώρουν ἐς τὰ Ἴσθμια Th. 8.10""},{""biblio"":"""",""quote"":""τὰ Ὀλύμπια""},{""biblio"":""Hdt. | 1.59"",""quote"":""τὰ Ὀλύμπια Hdt. 1.59""},{""biblio"":"""",""quote"":""ἀγῶνα""},{""biblio"":""Id. | 8.26"",""quote"":""ἀγῶνα Id. 8.26""},{""biblio"":"""",""quote"":""ἐς τὰ Ἐφέσια""},{""biblio"":""Th. | 3.104"",""quote"":""ἐς τὰ Ἐφέσια Th. 3.104""},{""biblio"":"""",""quote"":""ἐς Ὀλυμπίαν""},{""biblio"":""Luc. | Tim. | 50"",""quote"":""ἐς Ὀλυμπίαν Luc. Tim. 50""},{""biblio"":"""",""quote"":""ὀβολός""},{""biblio"":""1"",""quote"":""ὀβολός 1""},{""biblio"":"""",""quote"":""γῆν πολλήν""},{""biblio"":""Hdt. | 4.76"",""quote"":""γῆν πολλήν Hdt. 4.76""},{""biblio"":"""",""quote"":""τύχας τινός""},{""biblio"":""A. | Pr. | 304"",""quote"":""τύχας τινός A. Pr. 304""},{""biblio"":"""",""quote"":""τὰ περὶ τὸν πόλεμον""},{""biblio"":""Pl. | R. | 467c"",""quote"":""τὰ περὶ τὸν πόλεμον Pl. R. 467c""},{""biblio"":"""",""quote"":""τὴν σελήνην""},{""biblio"":""Gal. | 19.542"",""quote"":""τὴν σελήνην Gal. 19.542""},{""biblio"":"""",""quote"":""τὰ ὄντα ᾗ ὄντα""},{""biblio"":""Arist. | Metaph. | 1003b15"",""quote"":""τὰ ὄντα ᾗ ὄντα Arist. Metaph. 1003b15""},{""biblio"":"""",""quote"":""τοῦτο θ., εἰ τἀληθῆ λέγω""},{""biblio"":""D. | 3.3"",""quote"":""τοῦτο θ., εἰ τἀληθῆ λέγω D. 3.3""},{""biblio"":"""",""quote"":""θ. τινά, ὁποτέρου τοῦ βίου ἐστίν""},{""biblio"":""Aeschin. | 3.168"",""quote"":""θ. τινά, ὁποτέρου τοῦ βίου ἐστίν Aeschin. 3.168""},{""biblio"":"""",""quote"":""πόσας ἔχουσι διαφοράς""},{""biblio"":""Arist. | GA | 761a11"",""quote"":""πόσας ἔχουσι διαφοράς Arist. GA 761a11""},{""biblio"":"""",""quote"":""θ. τίνας λέγομεν τοὺς φρονίμους""},{""biblio"":""Id. | EN | 1140a24"",""quote"":""θ. τίνας λέγομεν τοὺς φρονίμους Id. EN 1140a24""},{""biblio"":"""",""quote"":""τὴν ἔννοιαν ἐκ τῶν ἔργων""},{""biblio"":""Is. | 1.13"",""quote"":""τὴν ἔννοιαν ἐκ τῶν ἔργων Is. 1.13""},{""biblio"":"""",""quote"":""τοὺς πρέσβεις θ. πρὸς τὸν καιρὸν καθ' ὃν ἐπρές βευον""},{""biblio"":""Aeschin. | 2.80"",""quote"":""τοὺς πρέσβεις θ. πρὸς τὸν καιρὸν καθ' ὃν ἐπρές βευον Aeschin. 2.80""},{""biblio"":"""",""quote"":""θ. μᾶλλον τοὺς πέλας δυνάμεθα ἢ ἑαυτούς""},{""biblio"":""Arist. | EN | 1169b33"",""quote"":""θ. μᾶλλον τοὺς πέλας δυνάμεθα ἢ ἑαυτούς Arist. EN 1169b33""},{""biblio"":"""",""quote"":""ταῦτα ἐμοῦ ἐθεωρήσατε, ὡς . . ποιουμένου""},{""biblio"":""Lycurg. | 28"",""quote"":""ταῦτα ἐμοῦ ἐθεωρήσατε, ὡς . . ποιουμένου Lycurg. 28""},{""biblio"":"""",""quote"":""τεθεώρηται τοῦτο μάλιστα ἐπὶ τῶν περιστερῶν""},{""biblio"":""Arist. | HA | 562a23"",""quote"":""τεθεώρηται τοῦτο μάλιστα ἐπὶ τῶν περιστερῶν Arist. HA 562a23""},{""biblio"":"""",""quote"":""ἀναγκαῖον ὑπάρχειν""},{""biblio"":""D.S. | 13.88"",""quote"":""ἀναγκαῖον ὑπάρχειν D.S. 13.88""},{""biblio"":"""",""quote"":""περί τινος""},{""biblio"":""Id. | Metaph. | 1004b1"",""quote"":""περί τινος Id. Metaph. 1004b1""},{""biblio"":"""",""quote"":""διά τινος""},{""biblio"":""Id. | Mete. | 353b18"",""quote"":""διά τινος Id. Mete. 353b18""}]","[""1"",""A. | Pr. | 304"",""Aeschin. | 2.80"",""Aeschin. | 3.168"",""Ar. | V. | 1188"",""Arist. | EN | 1169b33"",""Arist. | GA | 761a11"",""Arist. | HA | 562a23"",""Arist. | Metaph. | 1003b15"",""D. | 3.3"",""D.S. | 13.88"",""Gal. | 19.542"",""Hdt. | 1.59"",""Hdt. | 4.76"",""Id. | 8.26"",""Id. | EN | 1140a24"",""Id. | Metaph. | 1004b1"",""Id. | Mete. | 353b18"",""Is. | 1.13"",""Luc. | Tim. | 50"",""Lycurg. | 28"",""Pl. | R. | 467c"",""S.E. | M. | 8.280"",""Th. | 3.104"",""Th. | 8.10""]",{},"[{""type"":""ref"",""target"":"""",""text"":""ἐπιθεωρέω""},{""type"":"""",""target"":"""",""text"":""= ἐπιθεωρέω""}]",1,1,1,1,1,8,16,1,52
48580,9,885,n48580,θεώρ-ημα,,τό,790,,"[""sight, spectacle, λόγοι καὶ θεωρήματα D. 18.68 ; θ. καὶ ἀκροάματα Aristox. Fr. Hist. 15 ; θ. καὶ ἀκούσματα D.C. 52.30 : generally,festival, ὅσα Μουσῶν ὠσὶν ἔχεται θεωρήματα Pl. Lg. 953a ."",""object of contemplation,τὸ ἐν ἡμῖν φάντασμα δεῖ ὑπολαβεῖν . . εἶναι θ. Arist. Mem. 450b25 ;vision, Id. Div.Somn. 463b19 ;intuition, θ. κοινά Chrysipp.Stoic. 3.72 ,al., cf. Phld. Po. 5.25 (pl.)."",""of the mind,speculation, theory, Arist. Metaph. 1083b18 , Top. 104b1 ;τὰ κατὰ φυσιολογίαν θ. Metrod. Herc. 831.8 ;speculative proposition, M.Ant. 1.8 ."",""datum or rule of art, Cic. Fam. 6.11 (pl.);τέχνης θ. Phld. Rh. 2.94S. ,al.(pl.), cf. Stoic. 3.51 ;ἰατρικῆς θ. Corn. ND 33 (pl.);scheme, plan, Plb. 6.26.10 : pl.,θεωρήματα,τά ,arts and sciences, Id. 10.47.12 ; αἱ τέχναι ἐκ -ημάτων εἰσίν Gal. 1.106 ."",""Math.,theorem, Archim. Sph.Cyl. 1 Prooem., al., Papp. 30.6 , al., Procl. in Euc. p.201 F.; also ἀστρονομικὰ θ. Phlp. in Mete. 104.19 ."",""subject of investigation, Plb. 1.2.1 , D.H. Comp. 2 ."",""investigation, Plu. 2.1131c .""]","[""sight, spectacle"",""festival"",""object of contemplation"",""vision"",""intuition"",""speculation, theory"",""speculative proposition"",""datum"",""rule of art"",""scheme, plan"",""arts and sciences"",""theorem"",""subject of investigation"",""investigation""]",[],"[{""biblio"":"""",""quote"":""λόγοι καὶ θεωρήματα""},{""biblio"":""D. | 18.68"",""quote"":""λόγοι καὶ θεωρήματα D. 18.68""},{""biblio"":"""",""quote"":""θ. καὶ ἀκροάματα""},{""biblio"":""Aristox. | Fr. Hist. | 15"",""quote"":""θ. καὶ ἀκροάματα Aristox. Fr. Hist. 15""},{""biblio"":"""",""quote"":""θ. καὶ ἀκούσματα""},{""biblio"":""D.C. | 52.30"",""quote"":""θ. καὶ ἀκούσματα D.C. 52.30""},{""biblio"":"""",""quote"":""ὅσα Μουσῶν ὠσὶν ἔχεται θεωρήματα""},{""biblio"":""Pl. | Lg. | 953a"",""quote"":""ὅσα Μουσῶν ὠσὶν ἔχεται θεωρήματα Pl. Lg. 953a""},{""biblio"":"""",""quote"":""θ. κοινά""},{""biblio"":""Chrysipp.Stoic. | 3.72"",""quote"":""θ. κοινά Chrysipp.Stoic. 3.72""},{""biblio"":"""",""quote"":""αἱ τέχναι ἐκ -ημάτων εἰσίν""},{""biblio"":""Gal. | 1.106"",""quote"":""αἱ τέχναι ἐκ -ημάτων εἰσίν Gal. 1.106""}]","[""Aristox. | Fr. Hist. | 15"",""Chrysipp.Stoic. | 3.72"",""D. | 18.68"",""D.C. | 52.30"",""Gal. | 1.106"",""Pl. | Lg. | 953a""]",{},[],1,1,0,1,0,7,14,0,12
48581,9,886,n48581,θεωρ-ημᾰτικός,,,790,797,"[""to be interpreted as seen,ὄνειροι, opp.ἀλληγορικοί, Artem. 4.1 ."",""theoretic, ἀρετή Stoic. 3.48 , cf. lamb. Protr. 21 .λβ́, D.L. 3.49 ;dogmatic, epith. of Metrodorus , Id. 2.113 ;contemplative, βίος Jul. ad Them. 265b ; opp.πρακτικός, Id. Or. 6.190a .""]","[""to be interpreted as seen"",""theoretic"",""dogmatic"",""contemplative"",""ad Them.""]",[],"[{""biblio"":"""",""quote"":""ἀρετή""},{""biblio"":""Stoic. | 3.48"",""quote"":""ἀρετή Stoic. 3.48""},{""biblio"":"""",""quote"":""βίος""},{""biblio"":""Jul."",""quote"":""βίος Jul.""}]","[""Jul."",""Stoic. | 3.48""]",{},[],1,1,0,1,0,2,5,0,4
48582,9,887,n48582,θεωρ-ημάτιον,,τό,790,,"[""θεωρ-ημάτιον,τό, Dim. of θεώρημα, Arr. Epict. 2.21.17 , 3.5.15 .""]",[],[],[],[],{},[],1,0,0,0,0,1,0,0,0
48583,9,888,n48583,θεωρ-ήμων,,ὁ,790,,"[""contemplative, Choerob. in An.Ox. 2.220 .""]","[""contemplative""]",[],[],[],{},[],1,1,0,0,0,1,1,0,0
48584,9,889,n48584,θεώρ-ησις,,ἡ,790,,"[""viewing,τραγικαὶ θ. Pl. Phlb. 48a .""]","[""viewing""]",[],[],[],{},[],1,1,0,0,0,1,1,0,0
48585,9,890,n48585,θεωρ-ητέον,,,790,,"[""one must consider, investigate, εἴτε . . εἴτε . . Id. Lg. 815b ; τίνι διαφέρει . . Arist. Ph. 193b23 , etc.""]","[""one must consider, investigate""]",[],"[{""biblio"":"""",""quote"":""εἴτε . . εἴτε . .""},{""biblio"":""Id. | Lg. | 815b"",""quote"":""εἴτε . . εἴτε . . Id. Lg. 815b""},{""biblio"":"""",""quote"":""τίνι διαφέρει . .""},{""biblio"":""Arist. | Ph. | 193b23"",""quote"":""τίνι διαφέρει . . Arist. Ph. 193b23""}]","[""Arist. | Ph. | 193b23"",""Id. | Lg. | 815b""]",{},[],1,1,0,1,0,1,1,0,4
48586,9,891,n48586,θεωρ-ητήριον,,τό,790,,"[""seat in a theatre, Plu. CG 12 (pl.), CIG 2782.20 (Aphrodisias).""]","[""seat in a theatre""]",[],[],[],{},[],1,1,0,0,0,1,1,0,0
48587,9,892,n48587,θεωρ-ητής,,ὁ,790,,"[""spectator,ἐργάται τῶν καλῶν καὶ θ. Phld. Oec. p.63J. , cf. Hsch. s.v. θεωρούς ."",""overseer, director, Sch. Opp. H. 3.257 .""]","[""spectator"",""overseer, director""]",[],[],[],{},"[{""type"":""ref"",""target"":"""",""text"":""θεωρούς""},{""type"":"""",""target"":"""",""text"":""s.v. θεωρούς""}]",1,1,0,0,1,2,2,0,0
48588,9,893,n48588,θεωρ-ητικός,Adv.,,790,,"[""able to perceive, τοῦ περὶ τὰ σώματα κάλλους Arist. Pol. 1338b1 ; μὴ πάντων θ. ἀλλὰ ἐνίων Phld. Rh. 2.108S. ; τῆς ἀφροσύνης S.E. M. 11.256 ."",""of the mind,contemplative, speculative,ὁ περὶ τὴν . . οὐσίαν θ. Arist. Metaph. 1005a35 ;ὁ περὶ φύσεως θ. Id. PA 641a29 : c. gen., μαντικὴ ἐπιστήμη θ. τοῦ . . μέλλοντος Pl. Def. 414b ;ἐπιστήμη θ., διάνοια, opp.πρακτική, ποιητική, Arist. Metaph. 1064a17 , 1025b25 ; νοῦς Id. de An. 415a11 ;θ. βίος a contemplative or speculative life (opp.ἀπολαυστικός, πολιτικός), Id. EN 1095b19 , cf. Plu. Cic. 3 ; θ. φιλόσοφος Id. Per. 16 : Comp. -ώτερος Herm. in Phdr. p.59A. Adv. -κῶς Epicur. Nat. 28.7 , Poll. 4.8 , Iamb. Comm.Math. 20 ."",""= θεωρικός , Cod.Just. 10.56.1.1 .""]","[""able to perceive"",""contemplative, speculative"",""a contemplative"",""speculative""]",[],"[{""biblio"":"""",""quote"":""τοῦ περὶ τὰ σώματα κάλλους""},{""biblio"":""Arist. | Pol. | 1338b1"",""quote"":""τοῦ περὶ τὰ σώματα κάλλους Arist. Pol. 1338b1""},{""biblio"":"""",""quote"":""μὴ πάντων θ. ἀλλὰ ἐνίων""},{""biblio"":""Phld. | Rh. | 2.108S."",""quote"":""μὴ πάντων θ. ἀλλὰ ἐνίων Phld. Rh. 2.108S.""},{""biblio"":"""",""quote"":""τῆς ἀφροσύνης""},{""biblio"":""S.E. | M. | 11.256"",""quote"":""τῆς ἀφροσύνης S.E. M. 11.256""},{""biblio"":"""",""quote"":""μαντικὴ ἐπιστήμη θ. τοῦ . . μέλλοντος""},{""biblio"":""Pl. | Def. | 414b"",""quote"":""μαντικὴ ἐπιστήμη θ. τοῦ . . μέλλοντος Pl. Def. 414b""},{""biblio"":"""",""quote"":""νοῦς""},{""biblio"":""Id. | de An. | 415a11"",""quote"":""νοῦς Id. de An. 415a11""},{""biblio"":"""",""quote"":""θ. φιλόσοφος""},{""biblio"":""Id. | Per. | 16"",""quote"":""θ. φιλόσοφος Id. Per. 16""},{""biblio"":"""",""quote"":""-ώτερος""},{""biblio"":""Herm. | in Phdr. | p.59A."",""quote"":""-ώτερος Herm. in Phdr. p.59A.""},{""biblio"":"""",""quote"":""-κῶς""},{""biblio"":""Epicur. | Nat. | 28.7"",""quote"":""-κῶς Epicur. Nat. 28.7""}]","[""Arist. | Pol. | 1338b1"",""Epicur. | Nat. | 28.7"",""Herm. | in Phdr. | p.59A."",""Id. | Per. | 16"",""Id. | de An. | 415a11"",""Phld. | Rh. | 2.108S."",""Pl. | Def. | 414b"",""S.E. | M. | 11.256""]",{},"[{""type"":""ref"",""target"":"""",""text"":""θεωρικός""},{""type"":"""",""target"":"""",""text"":""= θεωρικός""}]",1,1,0,1,1,3,4,0,16
48589,9,894,n48589,θεωρ-ητός,Adv.,,790,,"[""that may be seen, D.S. 14.60 ;ὄψει θ. Ael. NA 9.4 ; θ. κατασκεύασμα Secund. Sent. 1 ; of certain days in disease,to be watched(cf. ἐπίδηλος 11.1 ), Hp. Aph. 2.24 ."",""of the mind,to be reached by contemplation, τοὺς διὰ λόγου θ. χρόνους Epicur. Ep. 1p.10U. ;θεοὺς λόγῳ θ. Id. Fr. 355 , cf. Phld. Sign. 37 ; opp.ἐμφανής, Plu. 2.722d ;λόγῳ ib. 876c .Adv. -τῶς Gal. 18(1).363 .""]","[""that may be seen"",""to be watched"",""to be reached by contemplation""]",[],"[{""biblio"":"""",""quote"":""θ. κατασκεύασμα""},{""biblio"":""Secund. | Sent. | 1"",""quote"":""θ. κατασκεύασμα Secund. Sent. 1""},{""biblio"":"""",""quote"":""ἐπίδηλος""},{""biblio"":""11.1"",""quote"":""ἐπίδηλος 11.1""},{""biblio"":"""",""quote"":""τοὺς διὰ λόγου θ. χρόνους""},{""biblio"":""Epicur. | Ep. | 1p.10U."",""quote"":""τοὺς διὰ λόγου θ. χρόνους Epicur. Ep. 1p.10U.""},{""biblio"":"""",""quote"":""-τῶς""},{""biblio"":""Gal. | 18(1).363"",""quote"":""-τῶς Gal. 18(1).363""}]","[""11.1"",""Epicur. | Ep. | 1p.10U."",""Gal. | 18(1).363"",""Secund. | Sent. | 1""]",{},[],1,1,0,1,0,2,3,0,8
48590,9,895,n48590,θεώρ-ητρα,,τά,790,,"[""presents made by the bridegroom to the bride,when she first unveiled herself, Eust. 881.31 , Harp.""]","[""presents made by the bridegroom"",""when she first unveiled""]",[],[],[],{},[],1,1,0,0,0,1,2,0,0
48591,9,896,n48591,θεωρ-ία,,ἡ,790,,"[""sending of θεωροί or state-ambassadors to the oracles or games, or, collectively,the θεωροί themselves, embassy, mission, θεωρίαν ἀπάγειν εἰς Δῆλον Pl. Phd. 58b : pl., opp.στρατεῖαι, Id. R. 556c ;ἄγειν τῷ Διὶ τῷ Νεμείῳ τὴν κοινὴν ὑπὲρ τῆς πόλεως θ. D. 21.115 , cf. X. Mem. 4.8.2 , Decr.Byz. ap. D. 18.91 (θεᾱρία), Plb. 28.19.4 ."",""office of θεωρός,discharge of that office,τῆς Ὀλυμπίαζε θ. Th. 6.16 , cf. Isoc. 19.10 , etc."",""being a spectator at the theatre or games, S. OT 1491 ; οὔτ' ἐπὶ θεωρίαν πώποτε ἐκ τῆς πόλεως ἐξῆλθες Pl. Cri. 52b ; personified in Ar. Pax 523 ,al."",""viewing, beholding,θεωρίης εἵνεκεν ἐκδημεῖν to go abroad to see the world, Hdt. 1.30 ;κατὰ θεωρίης πρόφασιν ib. 29 ; ἐκπέμπειν τινὰ κατ' ἐμπορίαν καὶ κατὰ θεωρίαν Isoc. 17.4 , cf. Arist. Ath. 11.1 , Th. 6.24 ;pilgrimage, E. Ba. 1047 ."",""of the mind,contemplation, consideration, Pl. Phlb. 38b : pl.,θεῖαι θ. Id. R. 517d : c. gen.,παντὸς μὲν χρόνου πάσης δὲ οὐσίας ib. 486a ;ἡ τῶν ἀρχῶν, ἡ τῶν ὅλων θ., Epicur. Ep. 2p.55U. , Phld. Rh. 1.288S. ; θ. ποιεῖσθαι περί τινος Arist. Metaph. 989b25 ;ἡ περὶ φύσεως θ. Epicur. Ep. 1p.3U. , etc.: pl.,τὰς σαθρὰς αὐτοῦ θ. Demetr. Lac. Herc. 124.12 ."",""theory, speculation, opp. practice, Plb. 1.5.3 ;ἡ περὶ τὰ στρατόπεδα θ. Id. 6.42.6 ;αἱ νυκτεριναὶ καὶ ἡμεριναὶ θ.theoretic reckoning of night and day, Id. 9.14.6 ;ἡ μαθηματικὴ θ. Plu. Rom. 12 ."",""Pass. ,sight, spectacle, A. Pr. 802 , etc.; esp.public spectacle at the theatre or games, Ar. V. 1005 , X. Hier. 1.12 ;ἡ τοῦ Διονύσου θ. the Dionysia, Pl. Lg. 650a ."",""Rhet.,explanatory preface to a μελέτη, Chor. in Hermes 17.208 , etc.: so in Philos.,continuous exposition, Olymp. in Mete. 18.30 , al.""]","[""sending of"",""state-ambassadors"",""the"",""themselves, embassy, mission"",""office of"",""discharge of that office"",""being a spectator at the theatre"",""games"",""viewing, beholding"",""to see the world"",""pilgrimage"",""contemplation, consideration"",""theory, speculation"",""theoretic reckoning"",""sight, spectacle"",""public spectacle at the theatre"",""games"",""explanatory preface"",""continuous exposition""]","[""θεᾱρία""]","[{""biblio"":"""",""quote"":""θεωρίαν ἀπάγειν εἰς Δῆλον""},{""biblio"":""Pl. | Phd. | 58b"",""quote"":""θεωρίαν ἀπάγειν εἰς Δῆλον Pl. Phd. 58b""},{""biblio"":"""",""quote"":""οὔτ' ἐπὶ θεωρίαν πώποτε ἐκ τῆς πόλεως ἐξῆλθες""},{""biblio"":""Pl. | Cri. | 52b"",""quote"":""οὔτ' ἐπὶ θεωρίαν πώποτε ἐκ τῆς πόλεως ἐξῆλθες Pl. Cri. 52b""},{""biblio"":"""",""quote"":""ἐκπέμπειν τινὰ κατ' ἐμπορίαν καὶ κατὰ θεωρίαν""},{""biblio"":""Isoc. | 17.4"",""quote"":""ἐκπέμπειν τινὰ κατ' ἐμπορίαν καὶ κατὰ θεωρίαν Isoc. 17.4""},{""biblio"":"""",""quote"":""θ. ποιεῖσθαι περί τινος""},{""biblio"":""Arist. | Metaph. | 989b25"",""quote"":""θ. ποιεῖσθαι περί τινος Arist. Metaph. 989b25""}]","[""Arist. | Metaph. | 989b25"",""Isoc. | 17.4"",""Pl. | Cri. | 52b"",""Pl. | Phd. | 58b""]",{},[],1,1,1,1,0,8,19,1,8
48592,9,897,n48592,θεωρ-ικός,Adv.,ὁ,790,,"[""of or for θεωρία(signfs. 1 and 11 ),πεπλώματ' οὐ θεωρικά no festal robes, E. Supp. 97 ;θ. σκηνή the tent used by the θεωροί, Henioch. 5.8 ;θ. ὁδός,= θεωρίς 1.2 , Poll. 2.55 .Adv. -κῶς Hsch."",""θεωρικόν, τό(θεωρικός,ὁ , seems to be an error in Phld. Rh. 2.208 S. ), at Athens,fund for providing free seats at public spectacles,οἱ ἐπὶ τὸ θ. Arist. Ath. 43.1 , cf. 47.2 , D. 18.113 , IG 22.223 C 5 ;ἡ ἀρχὴ ἡ ἐπὶ τῷ θ. Aeschin. 3.24 : pl. (sc.χρήματα), D. 3.11 , Harp. , etc., cf. Plu. Per. 9 : so elsewh.θεωρικά, with or without χρήματα,fund for festivals, POxy. 1333 (ii/iii A.D.), 473.4 (ii A.D.).""]","[""of"",""for"",""festal"",""used by the"",""fund for providing free seats at public spectacles"",""fund for festivals,""]",[],"[{""biblio"":"""",""quote"":""θεωρίς""},{""biblio"":""1.2"",""quote"":""θεωρίς 1.2""},{""biblio"":"""",""quote"":""-κῶς""},{""biblio"":""Hsch."",""quote"":""-κῶς Hsch.""}]","[""1.2"",""Hsch.""]",{},[],1,1,0,1,0,2,6,0,4
48593,9,898,n48593,θεώρ-ιος,,τό,790,,"[""v. θεάριος ."",""θεώριον,τό ,box at the amphitheatre, PSI 8.953.62 (vi A.D.).""]","[""box""]",[],[],[],{},"[{""type"":""ref"",""target"":"""",""text"":""θεάριος""},{""type"":"""",""target"":"""",""text"":""v. θεάριος""}]",1,1,0,0,1,2,1,0,0
48594,9,899,n48594,θεωρ-ίς,,ἡ,790,,"[""(with and without ναῦς)sacred ship, which carried the θεωροί to their destination, Hdt. 6.87 , cf. Call. Del. 314 : metaph.,ἄστολος θ., of Charon's bark, A. Th. 858 (lyr.)."",""(sc.ὁδός)road by which the θεωροί went, Hsch."",""pl.,=Βάκχαι, Id., cf. Plb. 30.25.12 ; of attendants of Apollo, Nonn. D. 9.261 .""]","[""sacred ship, which carried the"",""Charon's bark"",""road by which the"",""went""]",[],[],[],{},[],1,1,0,0,0,3,4,0,0
48595,9,900,n48595,θεωροδοκ-έω,,,790,,"[""act as θεωροδόκος, SIG 562.50 (Paros, from Magn. Mae.).""]","[""act as""]",[],[],[],{},[],1,1,0,0,0,1,1,0,0
48596,9,901,n48596,θεωροδοκ-ία,,ἡ,790,,"[""office of θεωροδόκος, BCH 49.91 (Delph.,iii B.C.), SIG 608.5 , 10 (ib.,ii B.C.): Dor. θεᾱροδοκία, τῶν Δηλίων CIG 2329 (Delos).""]","[""office of""]",[],"[{""biblio"":"""",""quote"":""τῶν Δηλίων""},{""biblio"":""CIG | 2329"",""quote"":""τῶν Δηλίων CIG 2329""}]","[""CIG | 2329""]",{},[],1,1,0,1,0,1,1,0,2
48597,9,902,n48597,θεωρόδοκ-ος,,ὁ,790,,"[""one who receives the θεωροί, IG 4.727 (Hermione,iv B.C.), 5(2).389 (Lusi), SIG 608.7 (Delph.,ii B.C.), etc.""]","[""one who receives the""]",[],[],[],{},[],1,1,0,0,0,1,1,0,0
48598,9,903,n48598,θεωρός,,ὁ,790,,"[""envoy sent to consult an oracle, S. OT 114 , OC 413 ;to present an offering, Orac. ap. D. 21.53 ;to be present at festivals, θεωροὺς εἰς τὰ Πύθια πέμψαι D. 19.128 , cf. D.H. Lys. 29 , etc."",""generally,envoy, sent to kings regarded as divine, Plu. Demetr. 11 , Ath. 13.607c ."",""title of a magistrate at Mantinea, Th. 5.47 ; at Naupactus, IG 9(1).360 (pl.), cf. ib. 12(5).527 (found in Ceos); at Thasos, ib. 12(8).267 , etc."",""spectator, Thgn. 805 , A. Pr. 118 , Ch. 246 , Fr. 289 ; πολέμου Pl. R. 467c , etc.; opp.ἀγωνιστής, Achae. 3 ;one who travels to see men and things, Pl. Lg. 951a , 953c ; also λαμπάδα θ. εἰκάδων E. Ion 1076 (lyr., s.v.l.). (Un contr. θεαορός Schwyzer 664.30 (Orchom. Arc. ,iv B.C.): contr. θεᾱρός in Dor. ( SIG 558.24 , etc.), Arc. ( IG 5(2).4 (Tegea), etc.):θεουρός Thess. ( Inscr.Magn. 26 ):θευρός Thas. ( IG 12(8) . l.c.);θιᾱρός Corc. ( Inscr.Magn. 44 ).) (Perh. fr.θεᾱ-ηορϝος, cf.θεη-κόλος and θυρωρός(θυρουρός) fr. θυρᾰ-ηορϝος.)""]","[""envoy sent to consult an oracle"",""to present an offering"",""to be present at festivals"",""envoy"",""magistrate"",""spectator"",""one who travels to see""]","[""θυρουρός""]","[{""biblio"":"""",""quote"":""θεωροὺς εἰς τὰ Πύθια πέμψαι""},{""biblio"":""D. | 19.128"",""quote"":""θεωροὺς εἰς τὰ Πύθια πέμψαι D. 19.128""},{""biblio"":"""",""quote"":""πολέμου""},{""biblio"":""Pl. | R. | 467c"",""quote"":""πολέμου Pl. R. 467c""},{""biblio"":"""",""quote"":""λαμπάδα θ. εἰκάδων""},{""biblio"":""E. | Ion | 1076"",""quote"":""λαμπάδα θ. εἰκάδων E. Ion 1076""}]","[""D. | 19.128"",""E. | Ion | 1076"",""Pl. | R. | 467c""]",{},[],1,1,1,1,0,4,7,1,6
48599,9,904,n48599,θεωροσύνη,,ἡ,790,,"[""= θεωρία , Man. 4.460 .""]",[],[],[],[],{},"[{""type"":""ref"",""target"":"""",""text"":""θεωρία""},{""type"":"""",""target"":"""",""text"":""= θεωρία""}]",1,0,0,0,1,1,0,0,0
48600,9,905,n48600,θέωσις,,ἡ,790,,"[""making divine, Dam. Pr. 100 (pl.).""]","[""making divine""]","[""θεόω""]",[],[],{},[],1,1,1,0,0,1,1,1,0
48601,9,906,n48601,θεώτερος,,,790,,"[""v. θεός 111 .""]",[],[],[],[],{},"[{""type"":""ref"",""target"":"""",""text"":""θεός""},{""type"":"""",""target"":"""",""text"":""v. θεός""}]",1,0,0,0,1,1,0,0,0
48602,9,907,n48602,Θηβᾱγενής,,,790,,"[""sprung from Thebes, Theban, Hes. Th. 530 : distd. fr.Θηβαῖος, Ephor. 21 J. :—also Θηβαιγενής, E. Supp. 136 , D.P. 623 .""]","[""sprung from Thebes, Theban""]",[],[],[],{},[],1,1,0,0,0,1,1,0,0
48603,9,908,n48603,Θῆβαι,Adj.,αἱ,790,,"[""Θ. Αἰγύπτιαι . . αἳ ἑκατ όμπυλοί εἰσι Il. 9.381 : also sg.,Θήβης ἑπταπύλοιο(Boeotia) 4.406 :—hence Θήβασδε to Thebes, 23.679 ; Att. Θήβαζε Sch. Il. 3.29 , al.;Θήβησιν at Thebes, Il. 22.479 , Arist. Rh. 1398b2 , Θήβησι Il. 14.114 : from the sg.,Θήβηθεν from Thebes, Ephipp. 15.7 ; poet.θεωρόδοκ-θε APl. 4.185 ; Boeot. Θείβᾱθεν from Thebes, Ar. Ach. 862 , also-ᾱθε(θεωροδόκ-αθι codd.) ib. 868 :—Adj. Θηβαιεύς,έως, Ion. έος,ὁ, epith. of Zeus,Theban, Hdt. 1.182 , etc.:Θηβαῖος,α,ον,Theban, Od. 10.492 , etc.;Θηβαί̈ας(metri gr.) S. Ant. 1135 (lyr.):Θηβαϊκός,ή,όν, Hdt. 2.4 , etc.""]","[""to Thebes"",""at Thebes"",""from Thebes"",""from Thebes""]",[],"[{""biblio"":"""",""quote"":""Θ. Αἰγύπτιαι . . αἳ ἑκατ όμπυλοί εἰσι""},{""biblio"":""Il. | 9.381"",""quote"":""Θ. Αἰγύπτιαι . . αἳ ἑκατ όμπυλοί εἰσι Il. 9.381""},{""biblio"":"""",""quote"":""Θήβησι""},{""biblio"":""Il. | 14.114"",""quote"":""Θήβησι Il. 14.114""}]","[""Il. | 14.114"",""Il. | 9.381""]",{},[],1,1,0,1,0,1,4,0,4
48604,9,909,n48604,Θηβᾱί̈ς,,ἡ,790,,"[""dweller in the Egyptian Thebais, Str. 17.1.40 ."",""Thebaid, a poem on the siege of Thebes, which formed a portion of the Epic cycle, Paus. 8.25.8 .""]","[""dweller in the Egyptian Thebais""]",[],[],[],{},[],1,1,0,0,0,2,1,0,0
48605,9,910,n48605,Θηβάνας,,ὁ,790,,"[""the north-east wind(καικίας) in Lesbos, Arist. Vent. 973a9 :—also Θήβανις,ὁ, St.Byz. s.v. Ἄδανα (because it blew from Hypoplacian Thebes), Hdn.Gr. 1.95 .""]","[""the north-east wind""]","[""καικίας""]",[],[],{},"[{""type"":""ref"",""target"":"""",""text"":""Ἄδανα""},{""type"":"""",""target"":"""",""text"":""s.v. Ἄδανα""}]",1,1,1,0,1,1,1,1,0
48606,9,911,n48606,Θηβάρχης,,ὁ,790,,"[""governor of the Thebaid, OGI 139.6 (pl., Philae,ii B.C.), 190.7 (ibid.,i B.C.).""]","[""governor of the Thebaid""]",[],[],[],{},[],1,1,0,0,0,1,1,0,0
48607,9,912,n48607,θῆβος,,,790,,"[""θῆβος(i.e.θῆϝος): θαῦμα, and θήγεια(i.e.θήϝεια): θαυμαστά, ψευδῆ, Hsch.""]",[],[],[],[],{},[],1,0,0,0,0,1,0,0,0
48608,9,913,n48608,θηγᾰλέος,,,790,,"[""pointed, sharp, στάλικες AP 6.109 (Antip.);τρύφος ib. 7.542 (Flacc.)."",""Act. ,sharpening, c. gen. rei, ib. 6.68 ( Jul. Aegypt.):—also θηγάνεος, Hsch.""]","[""pointed, sharp"",""sharpening""]","[""θήγω""]","[{""biblio"":"""",""quote"":""στάλικες""},{""biblio"":""AP | 6.109"",""quote"":""στάλικες AP 6.109""}]","[""AP | 6.109""]",{},[],1,1,1,1,0,2,2,1,2
48609,9,914,n48609,θηγάν-η,,ἡ,790,,"[""whetstone, A. Ag. 1536 (lyr.), S. Aj. 820 : metaph.,αἱματηρὰς θηγάνας incentives to bloodshed, A. Eu. 859 ; θ. λάλης Luc. Lex. 14 :—also θήγανον,τό, Hsch.""]","[""whetstone"",""incentives""]",[],"[{""biblio"":"""",""quote"":""θ. λάλης""},{""biblio"":""Luc. | Lex. | 14"",""quote"":""θ. λάλης Luc. Lex. 14""}]","[""Luc. | Lex. | 14""]",{},[],1,1,0,1,0,1,2,0,2
48610,9,915,n48610,θηγαν-ίτης,,ὁ,790,,"[""whetstones, gen.θηγανείτα, IG 14.317 (Therm. Himer.).""]","[""whetstones""]",[],[],[],{},[],1,1,0,0,0,1,1,0,0
48611,9,916,n48611,θηγάν-ω,,,790,,"[""= θήγω , restored by Herm. in A. Ag. 1535 from Hsch. , cf. EM 450.13 .""]",[],[],[],[],{},"[{""type"":""ref"",""target"":"""",""text"":""θήγω""},{""type"":"""",""target"":"""",""text"":""= θήγω""}]",1,0,0,0,1,1,0,0,0
48612,9,917,n48612,θήγη,,ἡ,790,,"[""θήγη,ἡ, softer form of θήκη, Hsch. (v.διαθιγή).""]",[],[],[],[],{},[],1,0,0,0,0,1,0,0,0
48613,9,918,n48613,θηγός,,,790,,"[""sharp, Hsch.""]","[""sharp""]",[],[],[],{},[],1,1,0,0,0,1,1,0,0
48614,9,919,n48614,θήγω,,,790,,"[""θήξω E. Cyc. 242 :aor. ἔθηξα Pi. O. 10(11).20 , E. Or. [51] :— Med. ,aor. ἐθηξάμην(v. infr.):— Pass. ,pf. τέθηγμαι(v. infr.):—poet. Verb (used by X. and later,v.infr.),sharpen, whet, Hom. (only in Il. ), θήγων λευκὸν ὀδόντα 11.416 , cf. 13.475 , Hes. Sc. 388 ; ὀδόντα Ar. Ra. 815 (hex.); γένυν E. Ph. 1380 ;θ. φάσγανον, ξίφος, μαχαίρας, A. Ag. 1262 , E. Or. 1036 , Cyc. 242 ; ξίφη Onos. 28 ; ὀϊστούς Jul. Or. 7.229a :— Med. ,δόρυ θηξάσθω let him whet his spear, Il. 2.382 , cf. Phanocl. 1.8 ."",""metaph.,sharpen, excite, Pi. O. 10(11).20 ; ἰάμβων τοὺς ὀδόντας Babr. Prooem. 2.14 ;provoke, τὰς ψυχὰς εἰς τὰ πολεμικά X. Cyr. 2.1.20 , cf. 1.2.10 ( Pass. ), Mem. 3.3.7 ; τεθηγμένον τοί μ' οὐκ ἀπαμβλυνεῖς λόγῳ A. Th. 715 ;λόγοι τεθηγμένοι sharp, biting words. Id. Pr. 313 ; οὐ γάρ μ' ἀρέσκει γλῶσσά σου τεθηγμένη S. Aj. 584 ;λῆμα τεθ. E. Or. 1625 ;τῆς διανοίας ὀργῇ τεθ. Alcid. ap. Arist. Rh. 1406a10 ."",""intr.,ὀργὴ γέροντος . . ἐν χειρὶ θήγει σὺν τάχει δ' ἀμβλύνεται dub. in S. Fr. 894 .""]","[""sharpen, whet"",""let him whet his"",""sharpen, excite"",""provoke"",""sharp, biting""]",[],"[{""biblio"":"""",""quote"":""θήξω""},{""biblio"":""E. | Cyc. | 242"",""quote"":""θήξω E. Cyc. 242""},{""biblio"":"""",""quote"":""ἔθηξα""},{""biblio"":""Pi. | O. | 10(11).20"",""quote"":""ἔθηξα Pi. O. 10(11).20""},{""biblio"":"""",""quote"":""θήγων λευκὸν ὀδόντα""},{""biblio"":""11.416"",""quote"":""θήγων λευκὸν ὀδόντα 11.416""},{""biblio"":"""",""quote"":""ὀδόντα""},{""biblio"":""Ar. | Ra. | 815"",""quote"":""ὀδόντα Ar. Ra. 815""},{""biblio"":"""",""quote"":""γένυν""},{""biblio"":""E. | Ph. | 1380"",""quote"":""γένυν E. Ph. 1380""},{""biblio"":"""",""quote"":""ξίφη""},{""biblio"":""Onos. | 28"",""quote"":""ξίφη Onos. 28""},{""biblio"":"""",""quote"":""ὀϊστούς""},{""biblio"":""Jul. | Or. | 7.229a"",""quote"":""ὀϊστούς Jul. Or. 7.229a""},{""biblio"":"""",""quote"":""ἰάμβων τοὺς ὀδόντας""},{""biblio"":""Babr. | Prooem. | 2.14"",""quote"":""ἰάμβων τοὺς ὀδόντας Babr. Prooem. 2.14""},{""biblio"":"""",""quote"":""τὰς ψυχὰς εἰς τὰ πολεμικά""},{""biblio"":""X. | Cyr. | 2.1.20"",""quote"":""τὰς ψυχὰς εἰς τὰ πολεμικά X. Cyr. 2.1.20""},{""biblio"":"""",""quote"":""τεθηγμένον τοί μ' οὐκ ἀπαμβλυνεῖς λόγῳ""},{""biblio"":""A. | Th. | 715"",""quote"":""τεθηγμένον τοί μ' οὐκ ἀπαμβλυνεῖς λόγῳ A. Th. 715""},{""biblio"":"""",""quote"":""οὐ γάρ μ' ἀρέσκει γλῶσσά σου τεθηγμένη""},{""biblio"":""S. | Aj. | 584"",""quote"":""οὐ γάρ μ' ἀρέσκει γλῶσσά σου τεθηγμένη S. Aj. 584""}]","[""11.416"",""A. | Th. | 715"",""Ar. | Ra. | 815"",""Babr. | Prooem. | 2.14"",""E. | Cyc. | 242"",""E. | Ph. | 1380"",""Jul. | Or. | 7.229a"",""Onos. | 28"",""Pi. | O. | 10(11).20"",""S. | Aj. | 584"",""X. | Cyr. | 2.1.20""]",{},[],1,1,0,1,0,3,5,0,22
48615,9,920,n48615,θηέομαι,,,790,,"[""v. τίθημι .""]",[],[],[],[],{},"[{""type"":""ref"",""target"":"""",""text"":""τίθημι""},{""type"":"""",""target"":"""",""text"":""v. τίθημι""}]",1,0,0,0,1,1,0,0,0
48616,9,921,n48616,θηητ-ήρ,,ὁ,790,,"[""one who gazes at, an admirer, θ. τόξων Od. 21.397 ; ἀκρασίης Perict. ap. Stob. 4.28.19 .""]","[""one who gazes at, an admirer""]",[],"[{""biblio"":"""",""quote"":""θ. τόξων""},{""biblio"":""Od. | 21.397"",""quote"":""θ. τόξων Od. 21.397""},{""biblio"":"""",""quote"":""ἀκρασίης""},{""biblio"":""Perict."",""quote"":""ἀκρασίης Perict.""}]","[""Od. | 21.397"",""Perict.""]",{},[],1,1,0,1,0,1,1,0,4
48617,9,922,n48617,θηητ-ής:,,,790,,"[""θηητ-ής: ἀπατεών(cf.θηπητής), θεωρός, Hsch.""]",[],[],[],[],{},[],1,0,0,0,0,1,0,0,0
48618,9,923,n48618,θηητ-ός,,,790,,"[""gazed at, wondrous, admirable, Hes. Th. 31 , Tyrt. 10.29 , Call. Dian. 141 ;θ. ἀγών, γυῖα, Pi. O. 3.36 , P. 4.80 : in later Ion. Prose θεητός Aret. CD 1.4 .""]","[""gazed at, wondrous, admirable""]",[],[],[],{},[],1,1,0,0,0,1,1,0,0
48619,9,924,n48619,θήϊον,,τό,790,,"[""brimstone, Od. 22.493 .θήϊος, Ep. for θεῖος(A); cf.θῇος.""]","[""brimstone""]",[],[],[],{},[],1,1,0,0,0,1,1,0,0
48620,9,925,n48620,θηκ-αῖος,Subst.,τό,790,,"[""like a chest or coffin,οἴκημα θ.burial vault, Hdt. 2.86 ; perh. to be read in Plu. 2.359a ."",""Subst. θηκαῖον,τό ,=θήκη, SIG 1120 (pl., Cos).""]","[""like a chest"",""coffin"",""burial""]",[],[],[],{},[],1,1,0,0,0,2,3,0,0
48621,9,926,n48621,θηκ-άριον,,τό,790,,"[""θηκ-άριον,τό, Dim. of θήκη, Sch. Opp. H. 2.356 .""]",[],[],[],[],{},[],1,0,0,0,0,1,0,0,0
48622,9,927,n48622,θηκ-εῖον,,τό,790,,"[""θηκ-εῖον,τό,=θηκίον, IG 5(1).813 (inc. loc.).""]",[],[],[],[],{},[],1,0,0,0,0,1,0,0,0
48623,9,928,n48623,θήκ-η,,ἡ,790,,"[""case, chest,χρυσοῦ θ. a money-chest, Hdt. 3.130 , 9.83 , E. Hec. 1147 , cf. X. Oec. 8.17 , etc."",""grave, tomb, A. Pers. 405 , S. OC 1763 (anap.); νεκρῶν θήκας ἀνοίγειν Hdt. 1.187 , cf. 67 , al.; αἱ θ. τῶν τεθνεώτων Th. 1.8 , 3.104 ;εἰς ἀναισχύντους θ. ἐτράποντο modes of burial, Id. 2.52 , cf. Pl. R. 427b ; θήκην ὀρύττειν X. Cyr. 7.3.5 ."",""ξίφους θ. sword-sheath, Poll. 10.144 ;τόξου bow-case, EM 333.41 .""]","[""case, chest"",""chest"",""grave, tomb"",""modes of burial"",""sheath"",""case,""]","[""τίθημι""]","[{""biblio"":"""",""quote"":""νεκρῶν θήκας ἀνοίγειν""},{""biblio"":""Hdt. | 1.187"",""quote"":""νεκρῶν θήκας ἀνοίγειν Hdt. 1.187""},{""biblio"":"""",""quote"":""αἱ θ. τῶν τεθνεώτων""},{""biblio"":""Th. | 1.8"",""quote"":""αἱ θ. τῶν τεθνεώτων Th. 1.8""},{""biblio"":"""",""quote"":""θήκην ὀρύττειν""},{""biblio"":""X. | Cyr. | 7.3.5"",""quote"":""θήκην ὀρύττειν X. Cyr. 7.3.5""}]","[""Hdt. | 1.187"",""Th. | 1.8"",""X. | Cyr. | 7.3.5""]",{},[],1,1,1,1,0,3,6,1,6
48624,9,929,n48624,θηκ-ίον,,τό,790,,"[""θηκ-ίον,τό, Dim. of θήκη, PFay. 104.5 (iii A.D.), IG 12(3).1238 (Melos,iii/iv A.D.), Hsch.""]",[],[],[],[],{},[],1,0,0,0,0,1,0,0,0
48625,9,930,n48625,θηκο-ποιέω,,,790,,"[""store up, BGU 757.15 (i A.D.):— Pass. , χόρτος τεθηκοποιημένος PRyl. 142.16 (i A.D.).""]","[""store up""]",[],"[{""biblio"":"""",""quote"":""χόρτος τεθηκοποιημένος""},{""biblio"":""PRyl. | 142.16"",""quote"":""χόρτος τεθηκοποιημένος PRyl. 142.16""}]","[""PRyl. | 142.16""]",{},[],1,1,0,1,0,1,1,0,2
48626,9,931,n48626,θηκο-ποιός,,ὁ,790,,"[""scabbard-maker, Lyd. Mag. 1.46 .""]","[""scabbard-maker""]",[],[],[],{},[],1,1,0,0,0,1,1,0,0
48627,9,932,n48627,θηκο-φόρος,,ὁ,790,,"[""cistophorus, ib. 3.8 .""]","[""cistophorus""]",[],[],[],{},[],1,1,0,0,0,1,1,0,0
48628,9,933,n48628,θηκτός,,,790,,"[""sharpened, whetted, A. Th. 942 (lyr.), E. Med. 40 , AP 6.110 ( Leon. or Mnasalc. ), Pancrat. Oxy. 1085.23 .""]","[""sharpened, whetted""]","[""θήγω""]",[],[],{},[],1,1,1,0,0,1,1,1,0
48629,9,934,n48629,θηλάζω,,,790,,"[""ἐθήλαξα Theoc. 3.16 ( v.l. -αζε ): (θηλή):"",""of the mother or nurse,suckle, Phryn.Com. 29 , Lys. 1.9 , Arist. HA 576b10 : abs.,give suck, οἱ μαστοί, οἳ οὐκ ἐθήλασαν Ev.Luc. 23.29 :—also in Med. , ἐπιμελεῖσθαι, ὅπως μέτριον χρόνον θηλάσονται Pl. R. 460d , cf. Arist. HA 566b17 ; οὐ συλλαμβάνουσι θηλαζόμεναι Id. GA 777a13 , cf. IG 5(2).514.12 (Lycosura):— Pass. ,to be sucked, ὁ δελφὶς . . θηλάζεται ὑπὸ τῶν τέκνων Arist. HA 504b25 ."",""of the young animal,suck, Id. GA 733b29 , etc.; ἐλέφαντος ὁ σκύμνος θ. τῷ στόματι Id. HA 578a22 ;θηλάζων χοῖρος a sucking pig, Theoc. 14.15 ; seldom of an infant, Orph. Fr. 49.87 ."",""c. acc., λεαίνας μασδὸν ἐθήλαξεν Theoc. 3.16 ; ἐὰν μὴ τύχῃ τεθηλακὼς ὁ ὄνος ἵππον Arist. HA 577b16 . (Written θελάσζ- PSI 4.368.19 (iii B.C.).)""]","[""suckle"",""give suck"",""to be sucked"",""suck"",""sucking""]","[""θηλή""]","[{""biblio"":"""",""quote"":""ἐθήλαξα""},{""biblio"":""Theoc. | 3.16"",""quote"":""ἐθήλαξα Theoc. 3.16""},{""biblio"":"""",""quote"":""οἱ μαστοί, οἳ οὐκ ἐθήλασαν""},{""biblio"":""Ev.Luc. | 23.29"",""quote"":""οἱ μαστοί, οἳ οὐκ ἐθήλασαν Ev.Luc. 23.29""},{""biblio"":"""",""quote"":""ἐπιμελεῖσθαι, ὅπως μέτριον χρόνον θηλάσονται""},{""biblio"":""Pl. | R. | 460d"",""quote"":""ἐπιμελεῖσθαι, ὅπως μέτριον χρόνον θηλάσονται Pl. R. 460d""},{""biblio"":"""",""quote"":""οὐ συλλαμβάνουσι θηλαζόμεναι""},{""biblio"":""Id. | GA | 777a13"",""quote"":""οὐ συλλαμβάνουσι θηλαζόμεναι Id. GA 777a13""},{""biblio"":"""",""quote"":""ὁ δελφὶς . . θηλάζεται ὑπὸ τῶν τέκνων""},{""biblio"":""Arist. | HA | 504b25"",""quote"":""ὁ δελφὶς . . θηλάζεται ὑπὸ τῶν τέκνων Arist. HA 504b25""},{""biblio"":"""",""quote"":""ἐλέφαντος ὁ σκύμνος θ. τῷ στόματι""},{""biblio"":""Id. | HA | 578a22"",""quote"":""ἐλέφαντος ὁ σκύμνος θ. τῷ στόματι Id. HA 578a22""},{""biblio"":"""",""quote"":""λεαίνας μασδὸν ἐθήλαξεν""},{""biblio"":""Theoc. | 3.16"",""quote"":""λεαίνας μασδὸν ἐθήλαξεν Theoc. 3.16""},{""biblio"":"""",""quote"":""ἐὰν μὴ τύχῃ τεθηλακὼς ὁ ὄνος ἵππον""},{""biblio"":""Arist. | HA | 577b16"",""quote"":""ἐὰν μὴ τύχῃ τεθηλακὼς ὁ ὄνος ἵππον Arist. HA 577b16""},{""biblio"":"""",""quote"":""θελάσζ-""},{""biblio"":""PSI | 4.368.19"",""quote"":""θελάσζ- PSI 4.368.19""}]","[""Arist. | HA | 504b25"",""Arist. | HA | 577b16"",""Ev.Luc. | 23.29"",""Id. | GA | 777a13"",""Id. | HA | 578a22"",""PSI | 4.368.19"",""Pl. | R. | 460d"",""Theoc. | 3.16""]",{},"[{""type"":""ref"",""target"":"""",""text"":""-αζε""},{""type"":"""",""target"":"""",""text"":""v.l. -αζε""}]",1,1,1,1,1,4,5,1,18
48630,9,935,n48630,θηλᾰμινός,,ὁ,790,,"[""a suckling, Hsch. (nisi leg.θηλαμόνος).""]","[""a suckling""]",[],[],[],{},[],1,1,0,0,0,1,1,0,0
48631,9,936,n48631,θηλᾰμών,,ἡ,798,,"[""θηλᾰμών,όνος,ἡ,=θηλάστρια, Sophr. 43 , Thespis 4.2 , Lyc. 31 ; prob. for θηλονάς, Plu. 2.278d .""]",[],[],[],[],{},[],1,0,0,0,0,1,0,0,0
48632,9,937,n48632,θήλ-ασμα,,τό,798,,"[""mother's nursing, suckling, PMasp. 5.24 (vi A.D.), PLond. 5.1708.82 (vi A.D.).""]","[""mother's nursing, suckling,""]",[],[],[],{},[],1,1,0,0,0,1,1,0,0
48633,9,938,n48633,θηλ-ασμός,,ὁ,798,,"[""giving suck, suckling, Plu. Rom. 4 , Aem. 14 .""]","[""giving suck, suckling""]",[],[],[],{},[],1,1,0,0,0,1,1,0,0
48634,9,939,n48634,θηλ-άστρια,,ἡ,798,,"[""one who suckles, wet-nurse, S. Fr. 98 , Cratin. 418 , Eup. 417 .""]","[""one who suckles, wet-nurse""]",[],[],[],{},[],1,1,0,0,0,1,1,0,0
48635,9,940,n48635,θήλεα,,,798,,"[""v. θῆλυς .θηλεογονία,= θηλυγονία 11 ,Gloss.""]",[],[],"[{""biblio"":"""",""quote"":""θηλυγονία""},{""biblio"":""11"",""quote"":""θηλυγονία 11""}]","[""11""]",{},"[{""type"":""ref"",""target"":"""",""text"":""θῆλυς""},{""type"":"""",""target"":"""",""text"":""v. θῆλυς""}]",1,0,0,1,1,1,0,0,2
48636,9,941,n48636,θηλέω,,,798,,"[""θήλεον Od. 5.73 :fut. θηλήσω(ἀνα-) Il. 1.236 : Dor. poet.aor. θάλησα Pi. N. 4.88 ;part. θηλήσας AP 9.363 ( Mel. ): (τεθηλημένα is f.l. in Hp. Insomn. 90 ):—poet. for θάλλω,to be full of, abound in, c. gen.,λειμῶνες μαλακοὶ ἴου ἠδὲ σελίνου θήλεον Od.l.c.: c. dat.,θάλησε σελίνοις Pi.l.c.;νικοφορίαις ἄστυ θάλησε ib. 10.42 ."",""abs.,grow luxuriantly, flourish, A.R. 3.221 ,AP l.c.; of a child, IG 14.1971 ; prob. for ἐθάλλεον, Epigr. ap. Plu. 2.110b ."",""causal,make to bloom, Alex.Aet. 3.9 .""]","[""to be full of, abound in"",""grow luxuriantly, flourish"",""make to bloom""]","[""ἀνα-""]","[{""biblio"":"""",""quote"":""θήλεον""},{""biblio"":""Od. | 5.73"",""quote"":""θήλεον Od. 5.73""},{""biblio"":"""",""quote"":""θάλησα""},{""biblio"":""Pi. | N. | 4.88"",""quote"":""θάλησα Pi. N. 4.88""},{""biblio"":"""",""quote"":""θηλήσας""},{""biblio"":""AP | 9.363"",""quote"":""θηλήσας AP 9.363""}]","[""AP | 9.363"",""Od. | 5.73"",""Pi. | N. | 4.88""]",{},[],1,1,1,1,0,3,3,1,6
48637,9,942,n48637,θηλή,,ἡ,798,,"[""teat, nipple, E. Cyc. 56 (lyr.), Hp. Epid. 5.101 , Pl. Cra. 414a ; τῶν μαστῶν ἡ θ., δι' ἧς . . τὸ γάλα διηθεῖται Arist. HA 493a13 ; of animals, ib. 500a24 ;θ. πεφιλοτεχνημέναι dumb teats, Sor. 1.115 ."",""head of a pole, κοντοὶ σὺν θηλαῖς σιδηραῖς PLond. 3.1164h9 (iii A.D.).""]","[""teat, nipple"",""teats"",""head""]","[""θῆσαι""]","[{""biblio"":"""",""quote"":""τῶν μαστῶν ἡ θ., δι' ἧς . . τὸ γάλα διηθεῖται""},{""biblio"":""Arist. | HA | 493a13"",""quote"":""τῶν μαστῶν ἡ θ., δι' ἧς . . τὸ γάλα διηθεῖται Arist. HA 493a13""},{""biblio"":"""",""quote"":""κοντοὶ σὺν θηλαῖς σιδηραῖς""},{""biblio"":""PLond. | 3.1164h9"",""quote"":""κοντοὶ σὺν θηλαῖς σιδηραῖς PLond. 3.1164h9""}]","[""Arist. | HA | 493a13"",""PLond. | 3.1164h9""]",{},[],1,1,1,1,0,2,3,1,4
48638,9,943,n48638,θηληνός,,,798,,"[""quiet, Cyr. θηλητήρ: κυνηγός, Hsch.""]","[""quiet""]",[],[],[],{},[],1,1,0,0,0,1,1,0,0
48639,9,944,n48639,θηλοειδής,,,798,,"[""nipple-shaped, Gloss.""]","[""nipple-shaped,""]",[],[],[],{},[],1,1,0,0,0,1,1,0,0
48640,9,945,n48640,θηλονή,,,798,,"[""v. θηλαμών .""]",[],[],[],[],{},"[{""type"":""ref"",""target"":"""",""text"":""θηλαμών""},{""type"":"""",""target"":"""",""text"":""v. θηλαμών""}]",1,0,0,0,1,1,0,0,0
48641,9,946,n48641,θηλῠ-γενής,Adv.,,798,,"[""of female sex, womanish, στόλος A. Supp. 28 , cf. E. Ba. 1156 ;ὄχλος ib. 117 : Comp. , Pl. Lg. 802e .Adv. -νῶς Eust. 10.27 .""]","[""of female sex, womanish""]",[],"[{""biblio"":"""",""quote"":""στόλος""},{""biblio"":""A. | Supp. | 28"",""quote"":""στόλος A. Supp. 28""},{""biblio"":"""",""quote"":""-νῶς""},{""biblio"":""Eust. | 10.27"",""quote"":""-νῶς Eust. 10.27""}]","[""A. | Supp. | 28"",""Eust. | 10.27""]",{},[],1,1,0,1,0,1,1,0,4
48642,9,947,n48642,θηλῠ́-γλωσσος,,,798,,"[""with woman's tongue, Νοσσίς AP 9.26.7 (Antip. Thess.).""]","[""with woman's tongue""]",[],"[{""biblio"":"""",""quote"":""Νοσσίς""},{""biblio"":""AP | 9.26.7"",""quote"":""Νοσσίς AP 9.26.7""}]","[""AP | 9.26.7""]",{},[],1,1,0,1,0,1,1,0,2
48643,9,948,n48643,θηλῠ-γονέω,,,798,,"[""generate or promote the generation of females, Thphr. HP 9.18.5 , Ph. 1.262 , Dsc. 3.126 .""]","[""generate"",""promote the generation of females""]",[],[],[],{},[],1,1,0,0,0,1,2,0,0
48644,9,949,n48644,θηλῠ-γονία,,ἡ,798,,"[""generation of females, opp.κουρογονίη, Hp. Genit. 8 ; opp.ἀρρενογονία, Arist. HA 585b11 , GA 765a30 , S.E. M. 5.7 ."",""kin by the mother's side, Hdn. 1.7.4 ;= Lat.cognatio, Just. Nov. 115.3.14 .""]","[""generation of females"",""kin by the mother's side"",""cognatio""]",[],[],[],{},[],1,1,0,0,0,2,3,0,0
48645,9,950,n48645,θηλῠ-γόνος,,τό,798,,"[""generating females, Hp. Steril. 230 ; καὶ γυναῖκες καὶ ἄνδρες . . θ. εἰσίν Arist. HA 585b13 ; of animals, ib. 573b32 , GA 766b32 ."",""θηλυγόνον,τό , a plant supposed to promote the generation of females, dog-mercury, Mercurialis perennis, Thphr. HP 9.18.5 ;a variety of φύλλον, Dsc. 3.125 ;=λινόζωστις θήλεια, Ps.- Dsc. 4.189 .""]","[""generating females"",""to promote the generation of females, dog-mercury, Mercurialis perennis"",""a variety of""]",[],"[{""biblio"":"""",""quote"":""καὶ γυναῖκες καὶ ἄνδρες . . θ. εἰσίν""},{""biblio"":""Arist. | HA | 585b13"",""quote"":""καὶ γυναῖκες καὶ ἄνδρες . . θ. εἰσίν Arist. HA 585b13""}]","[""Arist. | HA | 585b13""]",{},[],1,1,0,1,0,2,3,0,2
48646,9,951,n48646,θηλυδρί-ας,,ὁ,798,,"[""effeminate person, Hdt. 7.153 , Ph. 1.262 , Luc. DDeor. 5.3 , S.E. P. 3.217 (pl.), Lib. Or. 64.83 (pl.); of animals, Arist. HA 631b17 :—hence θηλυδριάω,Gloss.""]","[""effeminate person""]",[],[],[],{},[],1,1,0,0,0,1,1,0,0
48647,9,952,n48647,θηλυδρι-ώδης,Adv.,,798,,"[""effeminate, μέλος Ar. Th. 131 ;λόγοι Sch. E. Andr. 757 .Adv. -δῶς Sch.D.T. p. 247 H.""]","[""effeminate""]",[],"[{""biblio"":"""",""quote"":""μέλος""},{""biblio"":""Ar. | Th. | 131"",""quote"":""μέλος Ar. Th. 131""}]","[""Ar. | Th. | 131""]",{},[],1,1,0,1,0,1,1,0,2
48648,9,953,n48648,θηλυδρι-ῶτις,Adj.,,798,,"[""ῥᾳστώνη Prisc. p.332 D.""]",[],[],"[{""biblio"":"""",""quote"":""ῥᾳστώνη""},{""biblio"":""Prisc. | p.332"",""quote"":""ῥᾳστώνη Prisc. p.332""}]","[""Prisc. | p.332""]",{},[],1,0,0,1,0,1,0,0,2
48649,9,954,n48649,θηλῠκός,Adv.,,798,,"[""woman-like, ἄνδρες Arist. GA 747a1 ;like the female, of male animals, Id. HA 589b30 : Comp. , Id. Pr. 961a6 ."",""of women,womanish, ultra-feminine, opp.ἀρρενωπός, Id. GA 728a3 ."",""Gramm.,feminine, γένος D.T. 634.17 , D.H. Amm. 2.11 ;μόριον ibid.; ὄνομα Ph. 1.294 .Adv. -κῶς Arist. Fr. 499 , Phld. Piet. 12 , Str. 6.1.10 , A.D. Synt. 222.6 , Alex.Aphr. in Sens. 151.1 ."",""= θῆλυς ,female, PCair.Zen. 166.2 (iii B.C.), LXX Nu. 5.3 , IG 14.872 (Cumae), Sor. 1.32 ."",""θ. κεντήματα bites of female vipers, Philum. Ven. 16.3 ."",""Astrol., applied to certain planets or figures of the Zodiac, Ptol. Tetr. 20 , 33 .""]","[""woman-like"",""like the female"",""womanish, ultra-feminine"",""feminine"",""female,"",""of female""]",[],"[{""biblio"":"""",""quote"":""ἄνδρες""},{""biblio"":""Arist. | GA | 747a1"",""quote"":""ἄνδρες Arist. GA 747a1""},{""biblio"":"""",""quote"":""γένος""},{""biblio"":""D.T. | 634.17"",""quote"":""γένος D.T. 634.17""},{""biblio"":"""",""quote"":""ὄνομα""},{""biblio"":""Ph. | 1.294"",""quote"":""ὄνομα Ph. 1.294""},{""biblio"":"""",""quote"":""-κῶς""},{""biblio"":""Arist. | Fr. | 499"",""quote"":""-κῶς Arist. Fr. 499""}]","[""Arist. | Fr. | 499"",""Arist. | GA | 747a1"",""D.T. | 634.17"",""Ph. | 1.294""]",{},"[{""type"":""ref"",""target"":"""",""text"":""θῆλυς""},{""type"":"""",""target"":"""",""text"":""= θῆλυς""}]",1,1,0,1,1,6,6,0,8
48650,9,955,n48650,θηλυ-κράνεια,,,798,,"[""the female κράνεια,dogwood, Cornus sanguinea, Thphr. HP 1.8.2 , 3.3.1 .""]","[""the female"",""dogwood, Cornus sanguinea""]",[],[],[],{},[],1,1,0,0,0,1,2,0,0
48651,9,956,n48651,θηλυ-κρᾰτής,,,798,,"[""swaying women, ἔρως A. Ch. 599 (lyr.).""]","[""swaying women""]",[],"[{""biblio"":"""",""quote"":""ἔρως""},{""biblio"":""A. | Ch. | 599"",""quote"":""ἔρως A. Ch. 599""}]","[""A. | Ch. | 599""]",{},[],1,1,0,1,0,1,1,0,2
48652,9,957,n48652,θηλυ-κτόνος,,,798,,"[""slaying by woman's hand,[ροοτ ]αρης θ. Id. Pr. 860 .""]","[""slaying by woman's hand""]",[],[],[],{},[],1,1,0,0,0,1,1,0,0
48653,9,958,n48653,θηλῠκώδης,,,798,,"[""of effeminate nature, Procl. Par.Ptol. 265 .""]","[""of effeminate nature""]",[],[],[],{},[],1,1,0,0,0,1,1,0,0
48654,9,959,n48654,θηλύ-λᾰλος,,,798,,"[""θηλύ-λᾰλος[ῠ],ον ,=θηλύγλωσσος, Man. 4.322 .""]",[],[],[],[],{},[],1,0,0,0,0,1,0,0,0
48655,9,960,n48655,θηλυ-μᾰνέω,,,798,,"[""to be mad after women, Ph. 2.20 , Man. 4.164 .""]","[""to be mad after women""]",[],[],[],{},[],1,1,0,0,0,1,1,0,0
48656,9,961,n48656,θηλυ-μᾰνής,,ἡ,798,,"[""mad after women, AP 5.18 ( Rufin. ); Πόθοι Id. 9.16 ( Mel. ); of animals,ἵπποι θ. LXX Je. 5.8 ."",""Act. ,maddening women, κροτάλων θ. ὄτοβοι Antim. Eleg. 17 :—hence θηλυ-μᾰνία,ἡ, Sch. Opp. H. 1.536 , Cat.Cod.Astr. 2.177 .""]","[""mad after women,"",""maddening women""]",[],"[{""biblio"":"""",""quote"":""Πόθοι""},{""biblio"":""Id. | 9.16"",""quote"":""Πόθοι Id. 9.16""},{""biblio"":"""",""quote"":""κροτάλων θ. ὄτοβοι""},{""biblio"":""Antim. | Eleg. | 17"",""quote"":""κροτάλων θ. ὄτοβοι Antim. Eleg. 17""}]","[""Antim. | Eleg. | 17"",""Id. | 9.16""]",{},[],1,1,0,1,0,2,2,0,4
48657,9,962,n48657,θηλυ-μελής,,,798,,"[""singing in soft strain, Ἀλκμᾶνος ἀηδόνες AP 9.184 .""]","[""singing in soft strain""]",[],"[{""biblio"":"""",""quote"":""Ἀλκμᾶνος ἀηδόνες""},{""biblio"":""AP | 9.184"",""quote"":""Ἀλκμᾶνος ἀηδόνες AP 9.184""}]","[""AP | 9.184""]",{},[],1,1,0,1,0,1,1,0,2
48658,9,963,n48658,θηλυ-μίτρης,,ὁ,798,,"[""with a woman's μίτρα,in woman's clothes, Luc. DDeor. 18.1 : acc.-μίτρην prob. cj. for-μητριν, -μιτριν, Id. Bacch. 3 .""]","[""with a woman's"",""in woman's clothes""]",[],[],[],{},[],1,1,0,0,0,1,2,0,0
48659,9,964,n48659,θηλύ-μορφος,,,798,,"[""woman-shaped, E. Ba. 353 ;female in type, Arist. Phgn. 809b37 ( Comp. ); ἰδέα Ph. 2.261 ; θεότης Dam. Pr. 204 ; of the number 4 , Nicom. ap. Phot. Bibl. p.144B.""]","[""woman-shaped"",""female in type""]",[],"[{""biblio"":"""",""quote"":""ἰδέα""},{""biblio"":""Ph. | 2.261"",""quote"":""ἰδέα Ph. 2.261""},{""biblio"":"""",""quote"":""θεότης""},{""biblio"":""Dam. | Pr. | 204"",""quote"":""θεότης Dam. Pr. 204""}]","[""Dam. | Pr. | 204"",""Ph. | 2.261""]",{},[],1,1,0,1,0,1,2,0,4
48660,9,965,n48660,θηλύ-νοος,,,798,,"[""of womanish mind, A. Pr. 1003 .""]","[""of womanish mind""]",[],[],[],{},[],1,1,0,0,0,1,1,0,0
48661,9,966,n48661,θηλύνω,,,798,,"[""ἐθήλῡνα E. Fr. 360.29 , Babr. Prooem. 1.19 , (ἐξ-) Str. 5.4.13 :pf. τεθήλῠκα Arist. ap. Stob. 4.279M. :— Pass. ,aor. ἐθηλύνθην(v. infr.), (ἐξ-) D.H. 14.8 :pf. τεθήλυσμαι Hp. Aër. 15 , J. AJ 4.8.40 , (ἐκ-) Gal. 10.354 ; but-υμμαι(ἐκ-) Plb. 36.15.2 , Luc. DDeor. 5.3 ;3 sg. -υνται D.C. 50.27 ;inf. -ύνθαι(ἐκ-) Plb. 31.21.3 : (θῆλυς):— make womanish, enervate, E. l.c.; τὴν ἡδονήν Plu. l.c.; τοὺς ἄνδρας Vett.Val. 76.6 ;soften, Ζέφυρος κῦμα θηλύνει AP 10.4 ( Marc.Arg. ):— Pass. , τῶν σωμάτων -ομένων X. Oec. 4.2 , cf. Porph. Abst. 1.34 ;become soft, αἱ σάρκες -ονται Hp. Art. 52 ; βαφῇ σίδηρος ὥς, ἐθηλύνθην στόμα S. Aj. 651 ;οὔπω ἐθηλύνθης gav'st not yet a sign of yielding, AP 5.250 ( Iren. );θ. οἴκτοις ib. 299 (Paul. Sil.);play the coquette, Bion 2.18 ; τᾷ μορφᾷ θηλύνετο Theoc. 20.14 ;muliebria pati, Vett.Val. 7.26 , al.: Astrol., of planets, Ptol. Tetr. 20 .—Rare in Att.""]","[""Aër."",""make womanish, enervate"",""soften"",""become soft"",""gav'st"",""a sign of yielding,"",""play the coquette"",""muliebria pati""]","[""ἐξ-"",""ἐξ-"",""ἐκ-"",""ἐκ-"",""ἐκ-"",""θῆλυς""]","[{""biblio"":"""",""quote"":""ἐθήλῡνα""},{""biblio"":""E. | Fr. | 360.29"",""quote"":""ἐθήλῡνα E. Fr. 360.29""},{""biblio"":"""",""quote"":""τεθήλῠκα""},{""biblio"":""Arist."",""quote"":""τεθήλῠκα Arist.""},{""biblio"":"""",""quote"":""τεθήλυσμαι""},{""biblio"":""Hp."",""quote"":""τεθήλυσμαι Hp.""},{""biblio"":"""",""quote"":""-υνται""},{""biblio"":""D.C. | 50.27"",""quote"":""-υνται D.C. 50.27""},{""biblio"":"""",""quote"":""τὴν ἡδονήν""},{""biblio"":""Plu."",""quote"":""τὴν ἡδονήν Plu.""},{""biblio"":"""",""quote"":""τοὺς ἄνδρας""},{""biblio"":""Vett.Val. | 76.6"",""quote"":""τοὺς ἄνδρας Vett.Val. 76.6""},{""biblio"":"""",""quote"":""Ζέφυρος κῦμα θηλύνει""},{""biblio"":""AP | 10.4"",""quote"":""Ζέφυρος κῦμα θηλύνει AP 10.4""},{""biblio"":"""",""quote"":""τῶν σωμάτων -ομένων""},{""biblio"":""X. | Oec. | 4.2"",""quote"":""τῶν σωμάτων -ομένων X. Oec. 4.2""},{""biblio"":"""",""quote"":""αἱ σάρκες -ονται""},{""biblio"":""Hp. | Art. | 52"",""quote"":""αἱ σάρκες -ονται Hp. Art. 52""},{""biblio"":"""",""quote"":""βαφῇ σίδηρος ὥς, ἐθηλύνθην στόμα""},{""biblio"":""S. | Aj. | 651"",""quote"":""βαφῇ σίδηρος ὥς, ἐθηλύνθην στόμα S. Aj. 651""},{""biblio"":"""",""quote"":""τᾷ μορφᾷ θηλύνετο""},{""biblio"":""Theoc. | 20.14"",""quote"":""τᾷ μορφᾷ θηλύνετο Theoc. 20.14""}]","[""AP | 10.4"",""Arist."",""D.C. | 50.27"",""E. | Fr. | 360.29"",""Hp."",""Hp. | Art. | 52"",""Plu."",""S. | Aj. | 651"",""Theoc. | 20.14"",""Vett.Val. | 76.6"",""X. | Oec. | 4.2""]",{},[],1,1,1,1,0,1,8,6,22
48662,9,967,n48662,θηλύ-πᾰθεω,,,798,,"[""muliebria pati, prob. in Phld. Herc. 312.4 .""]","[""muliebria pati""]",[],[],[],{},[],1,1,0,0,0,1,1,0,0
48663,9,968,n48663,θηλύ-παις,,ἡ,798,,"[""having borne a girl, Lyc. 851 .""]","[""having borne a girl""]",[],[],[],{},[],1,1,0,0,0,1,1,0,0
48664,9,969,n48664,θηλυ-ποιός,,,798,,"[""making weak, of the number 8 , Nicom. ap. Phot. Bibl. p.144 B.""]","[""making weak""]",[],[],[],{},[],1,1,0,0,0,1,1,0,0
48665,9,970,n48665,θηλύ-πους,,ὁ,798,,"[""of female foot, [ E. ] IA 421 .""]","[""of female foot""]",[],[],[],{},[],1,1,0,0,0,1,1,0,0
48666,9,971,n48666,θηλυ-πρεπής,,,798,,"[""befitting a woman, ποικίλματα Agath. 3.28 ;womanish, οἰνοχόοι AP 12.175 ( Strat. ), cf. Chor. Lyd. 7 : metaph.,θεότης θ., of Difference, Dam. Pr. 192 .""]","[""befitting a woman"",""womanish""]",[],"[{""biblio"":"""",""quote"":""ποικίλματα""},{""biblio"":""Agath. | 3.28"",""quote"":""ποικίλματα Agath. 3.28""},{""biblio"":"""",""quote"":""οἰνοχόοι""},{""biblio"":""AP | 12.175"",""quote"":""οἰνοχόοι AP 12.175""}]","[""AP | 12.175"",""Agath. | 3.28""]",{},[],1,1,0,1,0,1,2,0,4
48667,9,972,n48667,θηλύ-πρῑνος,,ἡ,798,,"[""θηλύ-πρῑνος,ἡ, Arc. name for φελλός, Eust. 302.30 .""]",[],[],[],[],{},[],1,0,0,0,0,1,0,0,0
48668,9,973,n48668,θηλυ-πρόσωπος,,,798,,"[""with woman's face, Suid. s.v. Σειρῆνας .""]","[""with woman's face""]",[],[],[],{},"[{""type"":""ref"",""target"":"""",""text"":""Σειρῆνας""},{""type"":"""",""target"":"""",""text"":""s.v. Σειρῆνας""}]",1,1,0,0,1,1,1,0,0
48669,9,974,n48669,θηλυ-πτερίς,,ἡ,798,,"[""bracken, Pteris aquilina, Thphr. HP 9.18.8 , Dsc. 4.185 , Plin. HN 27.78 :—also θηλυ-πτέριον,τό, Alex.Trall. Verm. p.597 P.""]","[""bracken, Pteris aquilina""]",[],[],[],{},[],1,1,0,0,0,1,1,0,0
48670,9,975,n48670,θῆλυς,,αἱ,798,,"[""-εας Il. 5.269 ( Hom. has regul. fem. θήλεια Il. 8.7 ,al., but also θῆλυς as fem., 10.216 ,al., as in other poets,v.infr.): Ion. fem.θήλεα, θήλεαν, θηλέης, θηλέῃ, pl.θήλεαι, θηλέας, θηλέων, Hdt. and Hp. : gen. θήλυδος S. Fr. 1054 ; acc. fem.θηλείην dub. l. in Nic. Al. 42 , neut. pl. θήλεια Arat. 1068 : Ep. also θηλύτερος indicating opposition rather than comparison (cf.ἀρρέντερος) ; θηλύτεραι δὲ γυναῖκες Il. 8.520 ; θηλύτεραι δὲ θεαί Od. 8.324 ; μάτε ἐρσεναιτέραν μάτε θηλυτέραν Schwyzer 424 (Elis,iv B.C.); in late Prose θηλύτερος, -ύτατος occur as Comp. and Sup. (v. infr. 11 ): (θη-'suckle', cf.θῆσαι):—female,θήλεια θεός a goddess, Il. 8.7 ;Ἥρη θῆλυς ἐοῦσα being female, 19.97 , cf. A. Ag. 1231 , S. Tr. 1062 , E. IT 621 ;θήλειαι ἵπποι mares, Od. 4.636 , etc.;σύες θήλειαι sows, 14.16 ;ὄϊς θῆλυς a ewe, Il. 10.216 ; θήλεια μῆλα Arat. 1068 ;θήλεια ἔλαφος a hind, Pi. O. 3.29 ; θήλεα κάμηλος Hdt. 3.102 ;ἡ θ. ἵππος ib. 86 ; θ. ὄρνις S. Fr. 477 ;ζῷα θ. Pl. Criti. 110c ;ἄπαις θήλεος γόνου without female issue, Hdt. 3.66 ; θῆλυς σπορά E. Hec. 659 ; θήλειαι γυναῖκες Id. Or. 1205 ; θ. κόραι Pl. Lg. 764d : with masc. nouns,ὁ θῆλυς ὀρεύς the she-mule, Arist. HA 577b22 ; ἄνθρωπος θῆλυς Id. PA 688b31 : masc. pl., θήλεις χοροί Critias 1.8D. ; but μὴ εἶναι θεοὺς ἄρρενας μηδὲ θηλείας Phld. Piet. 12 ."",""ἡ θήλεα, Att. -εια,the female, Hdt. 3.109 , X. Mem. 2.1.4 ; ἀλέκτωρ ὥστε θηλείας πέλας A. Ag. 1671 (troch.)."",""τὸ θ. γένος the female sex,woman-kind, E. Hec. 885 ;τὸ θ. alone, Id. HF 536 , etc.; opp.τὸ ἄρρεν, Pl. R. 454d , Arist. Metaph. 988a5 ; [ ἡ δεῖνα] τέτοκεν θῆλυ PTeb. 422.18 (iii A.D.),al."",""of plants and trees, Thphr. HP 3.9.1 ; θ. κάλαμος Dsc. 1.85 ; θῆλυς φοῖνιξ Ach.Tat. 1.17 ; θῆλυ βούτομον Thphr. HP 4.10.4 ."",""of or belonging to women, κουράων θῆλυς ἀϋτή Od. 6.122 ;θήλεα νοῦσος among the Scythians (cf.Ἐνάρεες), Hdt. 1.105 ; νόμος A. Ch. 821 (lyr.); φύσις Pl. R. 453a ; χάρις APl. 4 .<*> 87 ( Leont. );θ. φόνος murder by women, E. Ba. 796 ."",""metaph., of persons and things,"",""soft, gentle, θῆλυς ἐέρση Od. 5.467 , Hes. Sc. 395 ;θ. νύξ( = ὕπομβρος ) S. Fr. 1053 ."",""ὕδωρ θ. καὶ μαλακόν Thphr. CP 2.6.3 ;θηλυτέρα ὀσμή ib. 6.15.4 ;θηλύτατον πεδίον most fruitful, Call. Fr. 296 ;θηλύτατον ὕδωρ of the Nile, Id. Sos. vii 5 ."",""tender, delicate, Φοίβου θήλειαι . . παρειαί Id. Ap. 37 ;θῆλυς ἀπὸ χροιῆς delicate of skin, Theoc. 16.49 ; of temper or character,soft, yielding, weak, θῆλυς ηὕρημαι τάλας S. Tr. 1075 ; γυνὴ δὲ θῆλυ κἀπὶ δακρύοις ἔφυ E. Med. 928 ; θήλεια φρήν Ar. Lys. 708 , cf. E. Andr. 181 ; δίαιτα θηλυτέρα ἢ κατ' ἄνδρα Plu. Mar. 34 ; θηλύτατος Luc. Im. 13 ; παλλακὴ -υτάτη Philostr. VS 2.21.2 ;τὸ θῆλυ τῆς ψυχῆς effeminacy, Men. 599 ."",""in mechanics, those parts were called female into which others fitted, as the female vertebra, Poll. 2.180 ; γίγγλυμος J. AJ 3.6.3 ."",""Gramm.,feminine,θήλεα [ὀνόματα] Ar. Nu. 682 ; θήλεα Arist. Po. 1458a10 ."",""Pythag. , of even numbers, Plu. 2.264a , 288d ."",""Astrol., of planets, Ptol. Tetr. 19 ; cf. θηλυκός 3c ."",""θήλειαι,αἱ , kind of cheese made in Crete, Seleuc. ap. Ath. 14.650d .""]","[""female"",""female"",""female"",""she"",""the female"",""female"",""woman"",""of"",""belonging to women"",""by women"",""soft, gentle"",""most fruitful"",""tender, delicate"",""delicate"",""soft, yielding, weak"",""effeminacy"",""into which others fitted"",""female"",""feminine"",""even""]",[],"[{""biblio"":"""",""quote"":""-εας""},{""biblio"":""Il. | 5.269"",""quote"":""-εας Il. 5.269""},{""biblio"":"""",""quote"":""θήλεια""},{""biblio"":""Il. | 8.7"",""quote"":""θήλεια Il. 8.7""},{""biblio"":"""",""quote"":""θήλυδος""},{""biblio"":""S. | Fr. | 1054"",""quote"":""θήλυδος S. Fr. 1054""},{""biblio"":"""",""quote"":""θήλεια""},{""biblio"":""Arat. | 1068"",""quote"":""θήλεια Arat. 1068""},{""biblio"":"""",""quote"":""; θηλύτεραι δὲ γυναῖκες""},{""biblio"":""Il. | 8.520"",""quote"":""; θηλύτεραι δὲ γυναῖκες Il. 8.520""},{""biblio"":"""",""quote"":""θηλύτεραι δὲ θεαί""},{""biblio"":""Od. | 8.324"",""quote"":""θηλύτεραι δὲ θεαί Od. 8.324""},{""biblio"":"""",""quote"":""μάτε ἐρσεναιτέραν μάτε θηλυτέραν""},{""biblio"":""Schwyzer | 424"",""quote"":""μάτε ἐρσεναιτέραν μάτε θηλυτέραν Schwyzer 424""},{""biblio"":"""",""quote"":""θήλεια μῆλα""},{""biblio"":""Arat. | 1068"",""quote"":""θήλεια μῆλα Arat. 1068""},{""biblio"":"""",""quote"":""θήλεα κάμηλος""},{""biblio"":""Hdt. | 3.102"",""quote"":""θήλεα κάμηλος Hdt. 3.102""},{""biblio"":"""",""quote"":""θ. ὄρνις""},{""biblio"":""S. | Fr. | 477"",""quote"":""θ. ὄρνις S. Fr. 477""},{""biblio"":"""",""quote"":""θῆλυς σπορά""},{""biblio"":""E. | Hec. | 659"",""quote"":""θῆλυς σπορά E. Hec. 659""},{""biblio"":"""",""quote"":""θήλειαι γυναῖκες""},{""biblio"":""Id. | Or. | 1205"",""quote"":""θήλειαι γυναῖκες Id. Or. 1205""},{""biblio"":"""",""quote"":""θ. κόραι""},{""biblio"":""Pl. | Lg. | 764d"",""quote"":""θ. κόραι Pl. Lg. 764d""},{""biblio"":"""",""quote"":""ἄνθρωπος θῆλυς""},{""biblio"":""Id. | PA | 688b31"",""quote"":""ἄνθρωπος θῆλυς Id. PA 688b31""},{""biblio"":"""",""quote"":""θήλεις χοροί""},{""biblio"":""Critias | 1.8D."",""quote"":""θήλεις χοροί Critias 1.8D.""},{""biblio"":"""",""quote"":""μὴ εἶναι θεοὺς ἄρρενας μηδὲ θηλείας""},{""biblio"":""Phld. | Piet. | 12"",""quote"":""μὴ εἶναι θεοὺς ἄρρενας μηδὲ θηλείας Phld. Piet. 12""},{""biblio"":"""",""quote"":""ἀλέκτωρ ὥστε θηλείας πέλας""},{""biblio"":""A. | Ag. | 1671"",""quote"":""ἀλέκτωρ ὥστε θηλείας πέλας A. Ag. 1671""},{""biblio"":"""",""quote"":""ἡ δεῖνα] τέτοκεν θῆλυ""},{""biblio"":""PTeb. | 422.18"",""quote"":""ἡ δεῖνα] τέτοκεν θῆλυ PTeb. 422.18""},{""biblio"":"""",""quote"":""θ. κάλαμος""},{""biblio"":""Dsc. | 1.85"",""quote"":""θ. κάλαμος Dsc. 1.85""},{""biblio"":"""",""quote"":""θῆλυς φοῖνιξ""},{""biblio"":""Ach.Tat. | 1.17"",""quote"":""θῆλυς φοῖνιξ Ach.Tat. 1.17""},{""biblio"":"""",""quote"":""θῆλυ βούτομον""},{""biblio"":""Thphr. | HP | 4.10.4"",""quote"":""θῆλυ βούτομον Thphr. HP 4.10.4""},{""biblio"":"""",""quote"":""κουράων θῆλυς ἀϋτή""},{""biblio"":""Od. | 6.122"",""quote"":""κουράων θῆλυς ἀϋτή Od. 6.122""},{""biblio"":"""",""quote"":""νόμος""},{""biblio"":""A. | Ch. | 821"",""quote"":""νόμος A. Ch. 821""},{""biblio"":"""",""quote"":""φύσις""},{""biblio"":""Pl. | R. | 453a"",""quote"":""φύσις Pl. R. 453a""},{""biblio"":"""",""quote"":""χάρις""},{""biblio"":""APl. | 4"",""quote"":""χάρις APl. 4""},{""biblio"":"""",""quote"":""θῆλυς ἐέρση""},{""biblio"":""Od. | 5.467"",""quote"":""θῆλυς ἐέρση Od. 5.467""},{""biblio"":"""",""quote"":""ὕδωρ θ. καὶ μαλακόν""},{""biblio"":""Thphr. | CP | 2.6.3"",""quote"":""ὕδωρ θ. καὶ μαλακόν Thphr. CP 2.6.3""},{""biblio"":"""",""quote"":""Φοίβου θήλειαι . . παρειαί""},{""biblio"":""Id. | Ap. | 37"",""quote"":""Φοίβου θήλειαι . . παρειαί Id. Ap. 37""},{""biblio"":"""",""quote"":""θῆλυς ηὕρημαι τάλας""},{""biblio"":""S. | Tr. | 1075"",""quote"":""θῆλυς ηὕρημαι τάλας S. Tr. 1075""},{""biblio"":"""",""quote"":""γυνὴ δὲ θῆλυ κἀπὶ δακρύοις ἔφυ""},{""biblio"":""E. | Med. | 928"",""quote"":""γυνὴ δὲ θῆλυ κἀπὶ δακρύοις ἔφυ E. Med. 928""},{""biblio"":"""",""quote"":""θήλεια φρήν""},{""biblio"":""Ar. | Lys. | 708"",""quote"":""θήλεια φρήν Ar. Lys. 708""},{""biblio"":"""",""quote"":""δίαιτα θηλυτέρα ἢ κατ' ἄνδρα""},{""biblio"":""Plu. | Mar. | 34"",""quote"":""δίαιτα θηλυτέρα ἢ κατ' ἄνδρα Plu. Mar. 34""},{""biblio"":"""",""quote"":""θηλύτατος""},{""biblio"":""Luc. | Im. | 13"",""quote"":""θηλύτατος Luc. Im. 13""},{""biblio"":"""",""quote"":""παλλακὴ -υτάτη""},{""biblio"":""Philostr. | VS | 2.21.2"",""quote"":""παλλακὴ -υτάτη Philostr. VS 2.21.2""},{""biblio"":"""",""quote"":""γίγγλυμος""},{""biblio"":""J. | AJ | 3.6.3"",""quote"":""γίγγλυμος J. AJ 3.6.3""},{""biblio"":"""",""quote"":""θήλεα""},{""biblio"":""Arist. | Po. | 1458a10"",""quote"":""θήλεα Arist. Po. 1458a10""},{""biblio"":"""",""quote"":""θηλυκός""},{""biblio"":""3c"",""quote"":""θηλυκός 3c""}]","[""3c"",""A. | Ag. | 1671"",""A. | Ch. | 821"",""APl. | 4"",""Ach.Tat. | 1.17"",""Ar. | Lys. | 708"",""Arat. | 1068"",""Arist. | Po. | 1458a10"",""Critias | 1.8D."",""Dsc. | 1.85"",""E. | Hec. | 659"",""E. | Med. | 928"",""Hdt. | 3.102"",""Id. | Ap. | 37"",""Id. | Or. | 1205"",""Id. | PA | 688b31"",""Il. | 5.269"",""Il. | 8.520"",""Il. | 8.7"",""J. | AJ | 3.6.3"",""Luc. | Im. | 13"",""Od. | 5.467"",""Od. | 6.122"",""Od. | 8.324"",""PTeb. | 422.18"",""Philostr. | VS | 2.21.2"",""Phld. | Piet. | 12"",""Pl. | Lg. | 764d"",""Pl. | R. | 453a"",""Plu. | Mar. | 34"",""S. | Fr. | 1054"",""S. | Fr. | 477"",""S. | Tr. | 1075"",""Schwyzer | 424"",""Thphr. | CP | 2.6.3"",""Thphr. | HP | 4.10.4""]",{},"[{""type"":""ref"",""target"":"""",""text"":""ὕπομβρος""},{""type"":"""",""target"":"""",""text"":""= ὕπομβρος""}]",1,1,0,1,1,14,20,0,74
48671,9,976,n48671,θηλύσπορος,,,798,,"[""of female kind,γέννα, of the daughters of Danaus, A. Pr. 855 .""]","[""of female kind""]",[],[],[],{},[],1,1,0,0,0,1,1,0,0
48672,9,977,n48672,θηλυστολ-έω,,,798,,"[""wear women's clothes, Str. 10.3.8 , 11.13.9 .""]","[""wear women's clothes""]",[],[],[],{},[],1,1,0,0,0,1,1,0,0
48673,9,978,n48673,θηλυστολ-ία,,ἡ,798,,"[""women's dress, Eust. 782.47 .""]","[""women's dress""]",[],[],[],{},[],1,1,0,0,0,1,1,0,0
48674,9,979,n48674,θηλύστολ-ος,,,798,,"[""clad in women's clothes:τὸ θ.effeminacy, Id. 10.24 .""]","[""clad in women's clothes"",""effeminacy""]",[],[],[],{},[],1,1,0,0,0,1,2,0,0
48675,9,980,n48675,θηλύτεκνος,,,798,,"[""producing female children, γάμοι TAM 2(1).174 Db.""]","[""producing female children""]",[],"[{""biblio"":"""",""quote"":""γάμοι""},{""biblio"":""TAM | 2(1).174"",""quote"":""γάμοι TAM 2(1).174""}]","[""TAM | 2(1).174""]",{},[],1,1,0,1,0,1,1,0,2
48676,9,981,n48676,θηλύτης,,ἡ,798,,"[""womanhood, female nature, Arist. GA 775a16 ;sexual characters of the female, Gal. 4.570 ."",""womanishness, delicacy, Corn. ND 20 , Plu. Crass. 32 ;ἡ θ. τοῦ κάλλους the womanish nature of . . , ib. 24 ; also,effeminacy, ἐσθήτων Id. Alc. 16 (pl.).""]","[""womanhood, female nature"",""sexual characters"",""womanishness, delicacy"",""the womanish nature"",""effeminacy""]","[""θῆλυς""]","[{""biblio"":"""",""quote"":""ἐσθήτων""},{""biblio"":""Id. | Alc. | 16"",""quote"":""ἐσθήτων Id. Alc. 16""}]","[""Id. | Alc. | 16""]",{},[],1,1,1,1,0,2,5,1,2
48677,9,982,n48677,θηλῠτοκ-έω,,,798,,"[""bear females, Hp. Genit. 7 , Arist. HA 574a1 , GA 765a24 .""]","[""bear females""]",[],[],[],{},[],1,1,0,0,0,1,1,0,0
48678,9,983,n48678,θηλῠτοκ-ία,,ἡ,798,,"[""bearing of females, ib. 767a35 : pl., J. AJ 3.11.5 .""]","[""bearing of females""]",[],[],[],{},[],1,1,0,0,0,1,1,0,0
48679,9,984,n48679,θηλῠ́τοκ-ος,,,798,,"[""bearing females, Arist. GA 723a27 , Pol. 1335a13 , Theoc. 25.125 .""]","[""bearing females""]",[],[],[],{},[],1,1,0,0,0,1,1,0,0
48680,9,985,n48680,θηλύ-τροπος,,,798,,"[""of womanish habit: metaph., of the planet Venus, Cat.Cod.Astr. 1.136 .""]","[""of womanish habit""]",[],[],[],{},[],1,1,0,0,0,1,1,0,0
48681,9,986,n48681,θηλυ-φᾰνής,,,798,,"[""like a woman, νεανίσκοι Plu. Thes. 23 ; πάθος AP 11.285 ( Pall. ).""]","[""like a woman""]",[],"[{""biblio"":"""",""quote"":""νεανίσκοι""},{""biblio"":""Plu. | Thes. | 23"",""quote"":""νεανίσκοι Plu. Thes. 23""},{""biblio"":"""",""quote"":""πάθος""},{""biblio"":""AP | 11.285"",""quote"":""πάθος AP 11.285""}]","[""AP | 11.285"",""Plu. | Thes. | 23""]",{},[],1,1,0,1,0,1,1,0,4
48682,9,987,n48682,θηλυ-φθόριον,,τό,798,,"[""θηλυ-φθόριον,τό,=ἀβρότονον, Ps.- Dsc. 3.24 .""]",[],[],[],[],{},[],1,0,0,0,0,1,0,0,0
48683,9,988,n48683,θηλυ-φόνος,,τό,798,,"[""killing women:θηλυφόνον,τό ,leopard's bane, Aconitum Anthora, Thphr. HP 9.18.2 , Nic. Al. 41 , Plin. HN 25.122 , Dsc. 4.76 ( v.l. θηρο- ).""]","[""killing women"",""leopard's bane, Aconitum Anthora""]",[],[],[],{},"[{""type"":""ref"",""target"":"""",""text"":""θηρο-""},{""type"":"""",""target"":"""",""text"":""v.l. θηρο-""}]",1,1,0,0,1,1,2,0,0
48684,9,989,n48684,θηλύ-φρων,,,798,,"[""effeminate, Ar. Ec. 110 (= Trag.Adesp. 51 ), Vett.Val. 104.21 .""]","[""effeminate""]",[],[],[],{},[],1,1,0,0,0,1,1,0,0
48685,9,990,n48685,θηλύ-φωνος,,,798,,"[""with woman's voice, Ael. NA 6.19 ;εὐγενὴς φιλοσοφία φεύγουσα τὸ θ. Eust. 10.22 .""]","[""with woman's voice""]",[],[],[],{},[],1,1,0,0,0,1,1,0,0
48686,9,991,n48686,θηλύ-χειρ,,ὁ,798,,"[""with woman's hand, Id. 550.37 .""]","[""with woman's hand""]",[],[],[],{},[],1,1,0,0,0,1,1,0,0
48687,9,992,n48687,θηλυ-χίτων,,ὁ,798,,"[""with woman's frock, AP 6.219 (Antip.), Orac. ap. Luc. Alex. 27 .""]","[""with woman's frock,""]",[],[],[],{},[],1,1,0,0,0,1,1,0,0
48688,9,993,n48688,θηλυ-χοίρα,,ἡ,798,,"[""θηλυ-χοίρα,ἡ,=ὕαινα, Sch. Opp. H. 5.31 .""]",[],[],[],[],{},[],1,0,0,0,0,1,0,0,0
48689,9,994,n48689,θηλύ-ψῡχος,,,798,,"[""of woman's spirit, Ptol. Tetr. 162 .""]","[""of woman's spirit""]",[],[],[],{},[],1,1,0,0,0,1,1,0,0
48690,9,995,n48690,θηλώ,,ἡ,798,,"[""wet-nurse, Hsch. ;= Lat.Rumina, Plu. 2.278d .""]","[""wet-nurse""]",[],[],[],{},[],1,1,0,0,0,1,1,0,0
48691,9,996,n48691,θῆμα,,τό,798,,"[""tomb, S. Fr. 541 ."",""= prooemium, Gloss.""]","[""tomb"",""prooemium,""]","[""τίθημι""]",[],[],{},[],1,1,1,0,0,2,2,1,0
48692,9,997,n48692,θημολογέω,,,798,,"[""collect in a heap, shortd. from θημωνολογέω(metri.gr.), ψαμμίτην δόρπον AP 9.551 ( Antiphil. ).""]","[""collect in a heap""]",[],"[{""biblio"":"""",""quote"":""ψαμμίτην δόρπον""},{""biblio"":""AP | 9.551"",""quote"":""ψαμμίτην δόρπον AP 9.551""}]","[""AP | 9.551""]",{},[],1,1,0,1,0,1,1,0,2
48693,9,998,n48693,θημών,,ὁ,798,,"[""heap, ἠί̈ων θημῶνα . . καρφαλέων Od. 5.368 ; θ. ἀχύρων Arist. Mete. 344a26 ; θημῶνα νηῆσαι Opp. H. 4.496 , cf. Ph. ap. Eus. PE 8.7 : pl., Ph. 2.97 .""]","[""heap""]","[""τίθημι""]","[{""biblio"":"""",""quote"":""ἠί̈ων θημῶνα . . καρφαλέων""},{""biblio"":""Od. | 5.368"",""quote"":""ἠί̈ων θημῶνα . . καρφαλέων Od. 5.368""},{""biblio"":"""",""quote"":""θ. ἀχύρων""},{""biblio"":""Arist. | Mete. | 344a26"",""quote"":""θ. ἀχύρων Arist. Mete. 344a26""},{""biblio"":"""",""quote"":""θημῶνα νηῆσαι""},{""biblio"":""Opp. | H. | 4.496"",""quote"":""θημῶνα νηῆσαι Opp. H. 4.496""}]","[""Arist. | Mete. | 344a26"",""Od. | 5.368"",""Opp. | H. | 4.496""]",{},[],1,1,1,1,0,1,1,1,6
48694,9,999,n48694,θημωνιά,,ἡ,798,,"[""θ. ἅλωνος LXX Jb. 5.26 ;συνήγαγον αὐτοὺς θημωνιὰς θημωνιάς ib. Ex. 8.14(10) , cf. Eust. 1539.16 :— also θειμωνείαι and θημονιαί, Hsch.""]",[],[],"[{""biblio"":"""",""quote"":""θ. ἅλωνος""},{""biblio"":""LXX | Jb. | 5.26"",""quote"":""θ. ἅλωνος LXX Jb. 5.26""}]","[""LXX | Jb. | 5.26""]",{},[],1,0,0,1,0,1,0,0,2
48695,9,1000,n48695,θημωνοθετέω,,,798,,"[""put in a heap, Sch. Theoc. 10.46 .""]","[""put in a heap""]",[],[],[],{},[],1,1,0,0,0,1,1,0,0
48696,9,1001,n48696,θην,,,798,799,"[""in truth, I ween, freq. ironical, λείψετέ θ. νέας Il. 13.620 ; ὥς θ. καὶ σὸν ἐγὼ λύσω μένος 17.29 , cf. 21.568 ; strengthd.,ἦ θ.in very truth, 11.365 , 13.813 ;οὔ θ.surely not, 2.276 , Od. 5.211 ;οὔ θ. δή 3.352 ;καὶ γάρ θ. Il. 21.568 : coupled with γα, Epich. 34 , Sophr. 24 : freq. in Theoc.,1.97 , al.; once in Call.,Aet.Oxy. 2079.46 .""]","[""in truth, I ween"",""in very truth"",""surely""]",[],"[{""biblio"":"""",""quote"":""λείψετέ θ. νέας""},{""biblio"":""Il. | 13.620"",""quote"":""λείψετέ θ. νέας Il. 13.620""},{""biblio"":"""",""quote"":""ὥς θ. καὶ σὸν ἐγὼ λύσω μένος""},{""biblio"":""17.29"",""quote"":""ὥς θ. καὶ σὸν ἐγὼ λύσω μένος 17.29""},{""biblio"":"""",""quote"":""θ. δή""},{""biblio"":""3.352"",""quote"":""θ. δή 3.352""}]","[""17.29"",""3.352"",""Il. | 13.620""]",{},[],1,1,0,1,0,1,3,0,6
48697,9,1002,n48697,θήνιον:,,,798,,"[""θήνιον: γάλα, Hsch.""]",[],[],[],[],{},[],1,0,0,0,0,1,0,0,0
48698,9,1003,n48698,θῆξις,,ἡ,798,,"[""= ῥοπή, στιγμή, τάχος , Hsch. ;θήξει,=Lat.momento, Gloss. ; but κατὰ θῆξιν is f.l. for κατὰ θίξιν in Archig. ap. Gal. 12.577 .""]","[""momento,""]",[],[],[],{},"[{""type"":""ref"",""target"":"""",""text"":""ῥοπή, στιγμή, τάχος""},{""type"":"""",""target"":"""",""text"":""= ῥοπή, στιγμή, τάχος""},{""type"":""ref"",""target"":"""",""text"":""κατὰ θίξιν""},{""type"":"""",""target"":"""",""text"":""f.l. for κατὰ θίξιν""}]",1,1,0,0,1,1,1,0,0
48699,9,1004,n48699,θηοῖο,,,798,,"[""θηοῖο, Ep. for θεῷο,2 sg. pres.opt. o<*>θηέομαι.""]",[],[],[],[],{},[],1,0,0,0,0,1,0,0,0
48700,9,1005,n48700,θῇος,,,798,,"[""θῇος,α,ον, Dor. for θεῖος(A), Callicr. ap. Stob. 4.28.17 , Euryph. ap. eund. 4.39.27 .""]",[],[],[],[],{},[],1,0,0,0,0,1,0,0,0
48701,9,1006,n48701,θηπαλέος:,,ὁ,798,,"[""to be astonished, Id.θηπητής,οῦ,ὁ,deceiver, Id.θηπόν: καταθύμιον, θαυμαστόν, Id.θήπω,deceive, Hippon. 14.1 ; but also, = θαυμάζω , Hsch. ; cf.θηπέω.""]","[""to be astonished"",""deceiver"",""deceive""]",[],[],[],{},"[{""type"":""ref"",""target"":"""",""text"":""θαυμάζω""},{""type"":"""",""target"":"""",""text"":""= θαυμάζω""}]",1,1,0,0,1,1,3,0,0
48702,9,1007,n48702,θήρ,,ἡ,798,,"[""beast of prey, esp. a lion (so used in Cephallenia, Sch. Il. 15.324 ), Il. 15.586 , etc.;ὁ Νέμειος θ. E. HF 153 : coupled with λέων, ib. 465 , Epimenid. 2 : with λέαινα, AP 14.63.4 ( Mesom. ); of the wild boar,Ἐρυμάνθιος θ. S. Tr. 1097 ; of Cerberus, Id. OC 1569 (lyr.);ὁ θ., of a hind, Id. El. 572 : pl., generally,beasts, opp. birds and fishes, ἠέ που ἐν πόντῳ φάγον ἰσθύες, ἢ ἐπὶ χέρσου θηρσὶ καὶ οἰωνοῖσιν ἕλωρ γένετ' Od. 24.291 ; ἰχθύσι μὲν καὶ θηρσὶ καὶ οἰωνοῖς πετεηνοῖς Hes. Op. 277 ; ἐν θηρσίν, ἐν βροτοῖσιν, ἐν θεοῖς ἄνω S. Fr. 941.12 ; ἐν ἄγρῃ θηρῶν Hdt. 3.129 ; ἄφοβοι θῆρες S. Aj. 366 : metaph.,θῆρες ξιφήρεις, of Orestes and Pylades, E. Or. 1272 , cf. Ph. 1296 (lyr.);ἡ σφοδρότης . . θηρός(sc.Ἔρωτος) Alex. 245.12 : prov., ἔγνω θὴρ θῆρα Arist. Rh. 1371b16 ."",""of any living creature,πλωτοὶ θῆρες, i.e. dolphins, Arion 1.5 ; of vermin killed by birds, Ar. Av. 1064 (lyr.); of gnats, AP 5.150 ( Mel. ); of the sacred animals in Egypt, ἀρχιστολιστὴς θηρῶν Sammelb. 4011.4 ."",""any fabulous monster, as the Sphinx, A. Th. 558 codd.; esp. of a centaur, S. Tr. 556 , 568 (cf.φήρ); of Satyrs, E. Cyc. 624 ;οὐ θεῶν τις οὐδ' ἄνθρωπος οὐδὲ θ. A. Eu. 70 .—Less freq. than θηρίον in Prose, but found in Hdt. l.c. ( v.l. θηρίων ), X. Cyr. 4.6.4 , Pl. R. 559d , Sph. 235a , Ael. l.c., etc.; ἄγριοι θῆρες Arist. EE 1229a25 . (I.- E. ĝh[uglide]ēr-, cf.φήρ, Lith.žvėrìs'wild beast'.)""]","[""beast of prey"",""beasts"",""living creature"",""vermin"",""sacred animals"",""monster"",""ĝh[uglide]ēr-"",""žvėrìs""]",[],"[{""biblio"":"""",""quote"":""ἠέ που ἐν πόντῳ φάγον ἰσθύες, ἢ ἐπὶ χέρσου θηρσὶ καὶ οἰωνοῖσιν ἕλωρ γένετ'""},{""biblio"":""Od. | 24.291"",""quote"":""ἠέ που ἐν πόντῳ φάγον ἰσθύες, ἢ ἐπὶ χέρσου θηρσὶ καὶ οἰωνοῖσιν ἕλωρ γένετ' Od. 24.291""},{""biblio"":"""",""quote"":""ἰχθύσι μὲν καὶ θηρσὶ καὶ οἰωνοῖς πετεηνοῖς""},{""biblio"":""Hes. | Op. | 277"",""quote"":""ἰχθύσι μὲν καὶ θηρσὶ καὶ οἰωνοῖς πετεηνοῖς Hes. Op. 277""},{""biblio"":"""",""quote"":""ἐν θηρσίν, ἐν βροτοῖσιν, ἐν θεοῖς ἄνω""},{""biblio"":""S. | Fr. | 941.12"",""quote"":""ἐν θηρσίν, ἐν βροτοῖσιν, ἐν θεοῖς ἄνω S. Fr. 941.12""},{""biblio"":"""",""quote"":""ἐν ἄγρῃ θηρῶν""},{""biblio"":""Hdt. | 3.129"",""quote"":""ἐν ἄγρῃ θηρῶν Hdt. 3.129""},{""biblio"":"""",""quote"":""ἄφοβοι θῆρες""},{""biblio"":""S. | Aj. | 366"",""quote"":""ἄφοβοι θῆρες S. Aj. 366""},{""biblio"":"""",""quote"":""ἔγνω θὴρ θῆρα""},{""biblio"":""Arist. | Rh. | 1371b16"",""quote"":""ἔγνω θὴρ θῆρα Arist. Rh. 1371b16""},{""biblio"":"""",""quote"":""ἀρχιστολιστὴς θηρῶν""},{""biblio"":""Sammelb. | 4011.4"",""quote"":""ἀρχιστολιστὴς θηρῶν Sammelb. 4011.4""},{""biblio"":"""",""quote"":""ἄγριοι θῆρες""},{""biblio"":""Arist. | EE | 1229a25"",""quote"":""ἄγριοι θῆρες Arist. EE 1229a25""}]","[""Arist. | EE | 1229a25"",""Arist. | Rh. | 1371b16"",""Hdt. | 3.129"",""Hes. | Op. | 277"",""Od. | 24.291"",""S. | Aj. | 366"",""S. | Fr. | 941.12"",""Sammelb. | 4011.4""]",{},"[{""type"":""ref"",""target"":"""",""text"":""θηρίων""},{""type"":"""",""target"":"""",""text"":""v.l. θηρίων""}]",1,1,0,1,1,3,8,0,16
48703,9,1008,n48703,Θήρα,,ἡ,798,,"[""from Thera, Abh.Berl.Akad. 1925(5).20 :Θήρανδε,to Thera, ib. 21 .""]","[""from Thera,"",""to Thera""]",[],[],[],{},[],1,1,0,0,0,1,2,0,0
48704,9,1009,n48704,θήρα,,ἡ,798,,"[""hunting of wild beasts, the chase, βάν ῥ' ἴμεν ἐς θήρην Od. 19.429 ; αἵμονα θήρης Il. 5.49 ; ἰέναι ἐπὶ τὴν θήρην Hdt. 1.37 , 4.114 , cf. Ar. Fr. 2 D. ;ζῶσι ἀπὸ θ. Hdt. 4.22 , cf. Arist. Pol. 1256a35 ; ἐποίησε μεγάλην θήραν X. Cyr. 1.4.14 ; θ. ποιεῖσθαι Arist. HA 541a20 ; τὰς θ. τῶν ὀρτύγων ἐποιοῦντο D.S. 1.60 ;τοῦ πτηνοῦ γένους θ., = ὀρνιθευτική , Pl. Sph. 220b ;ἡ περὶ θάλατταν θ.fishing, Id. Lg. 823d ;κυνηγεσία καὶ ἡ ἄλλη θ. ib. 763b : pl.,πέρδικες εἰς τὰς θ. ἀγόμεναι, of decoy birds, Arist. GA 751a14 , cf. Phld. Ir. p.42 W., Ant.Lib. 41.2 ."",""in Ptolemaic Egypt, στρατηγὸς ἐπὶ τὴν θ. τῶν ἐλεφάντων OGI 82 , 86 (iii B.C.), cf. Str. 16.4.5 , 7 , Wilcken Chr. 385.14 (iii B.C.), PPetr. 3p.292 (iii B.C.), etc."",""metaph.,eager pursuit of anything,θήραν . . ἔχομεν τόξων, = θηρῶμεν τὰ τόξα , S. Ph. 840 ; δυσμενῶν θήραν ἔχειν Id. Aj. 564 ; θ. ἀνθρώπων Pl. Sph. 222b , 222c ; τοῦ ἡδέος Id. Grg. 500d ; ἐπιστημῶν Id. Tht. 198a , etc."",""prey, game, αἶψα δ' ἔδωκε θεὸς μενοεικέα θήρην Od. 9.158 , cf. A. Ch. 251 , E. Ba. 1144 ;πρὶν κινεῖσθαι τὴν θ. X. Cyr. 2.4.25 ;θήραν καλήν, of a prisoner, S. Ph. 609 : in pl.,ὦ πταναὶ θῆραι, of birds, ib. 1146 (lyr.);τὴν θ. ἐπὶ τοῦ μέσου τηροῦσα watching its prey, of a spider, Arist. HA 623a13 ."",""hunting-ground, preserve, Ἁδριανοῦ θῆραι D.C. 69.10 ."",""in Roman times,the games of the Circus, Epigr.Gr. 351.3 (Nicaea).""]","[""hunting of wild beasts, the chase"",""fishing"",""eager pursuit"",""prey, game"",""prey"",""hunting-ground, preserve"",""the games of the Circus,""]",[],"[{""biblio"":"""",""quote"":""βάν ῥ' ἴμεν ἐς θήρην""},{""biblio"":""Od. | 19.429"",""quote"":""βάν ῥ' ἴμεν ἐς θήρην Od. 19.429""},{""biblio"":"""",""quote"":""αἵμονα θήρης""},{""biblio"":""Il. | 5.49"",""quote"":""αἵμονα θήρης Il. 5.49""},{""biblio"":"""",""quote"":""ἰέναι ἐπὶ τὴν θήρην""},{""biblio"":""Hdt. | 1.37"",""quote"":""ἰέναι ἐπὶ τὴν θήρην Hdt. 1.37""},{""biblio"":"""",""quote"":""ἐποίησε μεγάλην θήραν""},{""biblio"":""X. | Cyr. | 1.4.14"",""quote"":""ἐποίησε μεγάλην θήραν X. Cyr. 1.4.14""},{""biblio"":"""",""quote"":""θ. ποιεῖσθαι""},{""biblio"":""Arist. | HA | 541a20"",""quote"":""θ. ποιεῖσθαι Arist. HA 541a20""},{""biblio"":"""",""quote"":""τὰς θ. τῶν ὀρτύγων ἐποιοῦντο""},{""biblio"":""D.S. | 1.60"",""quote"":""τὰς θ. τῶν ὀρτύγων ἐποιοῦντο D.S. 1.60""},{""biblio"":"""",""quote"":""στρατηγὸς ἐπὶ τὴν θ. τῶν ἐλεφάντων""},{""biblio"":""OGI | 82"",""quote"":""στρατηγὸς ἐπὶ τὴν θ. τῶν ἐλεφάντων OGI 82""},{""biblio"":"""",""quote"":""δυσμενῶν θήραν ἔχειν""},{""biblio"":""Id. | Aj. | 564"",""quote"":""δυσμενῶν θήραν ἔχειν Id. Aj. 564""},{""biblio"":"""",""quote"":""θ. ἀνθρώπων""},{""biblio"":""Pl. | Sph. | 222b"",""quote"":""θ. ἀνθρώπων Pl. Sph. 222b""},{""biblio"":"""",""quote"":""τοῦ ἡδέος""},{""biblio"":""Id. | Grg. | 500d"",""quote"":""τοῦ ἡδέος Id. Grg. 500d""},{""biblio"":"""",""quote"":""ἐπιστημῶν""},{""biblio"":""Id. | Tht. | 198a"",""quote"":""ἐπιστημῶν Id. Tht. 198a""},{""biblio"":"""",""quote"":""αἶψα δ' ἔδωκε θεὸς μενοεικέα θήρην""},{""biblio"":""Od. | 9.158"",""quote"":""αἶψα δ' ἔδωκε θεὸς μενοεικέα θήρην Od. 9.158""},{""biblio"":"""",""quote"":""Ἁδριανοῦ θῆραι""},{""biblio"":""D.C. | 69.10"",""quote"":""Ἁδριανοῦ θῆραι D.C. 69.10""}]","[""Arist. | HA | 541a20"",""D.C. | 69.10"",""D.S. | 1.60"",""Hdt. | 1.37"",""Id. | Aj. | 564"",""Id. | Grg. | 500d"",""Id. | Tht. | 198a"",""Il. | 5.49"",""OGI | 82"",""Od. | 19.429"",""Od. | 9.158"",""Pl. | Sph. | 222b"",""X. | Cyr. | 1.4.14""]",{},"[{""type"":""ref"",""target"":"""",""text"":""ὀρνιθευτική""},{""type"":"""",""target"":"""",""text"":""= ὀρνιθευτική""},{""type"":""ref"",""target"":"""",""text"":""θηρῶμεν τὰ τόξα""},{""type"":"""",""target"":"""",""text"":""= θηρῶμεν τὰ τόξα""}]",1,1,0,1,1,6,7,0,26
48705,9,1010,n48705,θηραγρ-έτης,,ὁ,798,,"[""hunter, E. Ba. 1020 (lyr., s.v.l.), AP 6.184 ( Zos. ).""]","[""hunter""]",[],[],[],{},[],1,1,0,0,0,1,1,0,0
48706,9,1011,n48706,θηραγρ-ία,,ἡ,798,,"[""chase of wild beasts, Poll. 5.12 .""]","[""chase of wild beasts""]",[],[],[],{},[],1,1,0,0,0,1,1,0,0
48707,9,1012,n48707,θήραγρ-ος,,,798,,"[""for catching wild beasts or game,πέδη Ion Trag. 40 : name of a hound, dub. in AP 7.304 ( Pisand. ).""]","[""for catching wild beasts"",""game""]","[""ἄγρα""]",[],[],{},[],1,1,1,0,0,1,2,1,0
48708,9,1013,n48708,Θηραϊκόν,,τό,798,,"[""invented in the island Thera, Thphr. Fr. 119 .""]","[""invented in the island Thera""]",[],[],[],{},[],1,1,0,0,0,1,1,0,0
48709,9,1014,n48709,θήρ-ᾱμα,,τό,798,,"[""prey, spoil, E. Ba. 869 (lyr., s.v.l.), Hel. 192 (lyr.), AP 6.105 (pl., Apollonid. ), Plu. Luc. 17 : metaph., ἀρετὰ . . , θ. κάλλιστον βίῳ Arist. Fr. 675 .""]","[""prey, spoil""]",[],"[{""biblio"":"""",""quote"":""ἀρετὰ . . , θ. κάλλιστον βίῳ""},{""biblio"":""Arist. | Fr. | 675"",""quote"":""ἀρετὰ . . , θ. κάλλιστον βίῳ Arist. Fr. 675""}]","[""Arist. | Fr. | 675""]",{},[],1,1,0,1,0,1,1,0,2
48710,9,1015,n48710,θήρ-αρχος,,ὁ,798,,"[""commander of two elephants, Ascl. Tact. 9 , Ael. Tact. 23 :—hence θηρ-αρχία,ἡ,his command, Ascl. Tact. 9 .""]","[""commander of two elephants"",""his command""]",[],[],[],{},[],1,1,0,0,0,1,2,0,0
48711,9,1016,n48711,θηρ-άσιμος,,,798,,"[""to be hunted down, θηρεύοντες οὐ θηρασίμους γάμους A. Pr. 858 .""]","[""to be hunted down""]",[],"[{""biblio"":"""",""quote"":""θηρεύοντες οὐ θηρασίμους γάμους""},{""biblio"":""A. | Pr. | 858"",""quote"":""θηρεύοντες οὐ θηρασίμους γάμους A. Pr. 858""}]","[""A. | Pr. | 858""]",{},[],1,1,0,1,0,1,1,0,2
48712,9,1017,n48712,θηρ-άτειρα,,,798,,"[""huntress, Call. Del. 230 .""]","[""huntress""]",[],[],[],{},[],1,1,0,0,0,1,1,0,0
48713,9,1018,n48713,θηρ-ᾱτέος,,,798,,"[""to be pursued, sought eagerly, S. Ph. 116 , X. Mem. 2.6.8 ."",""θηρατέον one must pursue, Id. Cyr. 2.4.10 .""]","[""to be pursued, sought eagerly"",""one must pursue""]",[],[],[],{},[],1,1,0,0,0,2,2,0,0
48714,9,1019,n48714,θηρ-ᾱτήρ,,ὁ,798,,"[""ἀνδρὸς θηρητῆρος 21.574 ;κοῦροι θ. 17.726 .""]",[],[],"[{""biblio"":"""",""quote"":""ἀνδρὸς θηρητῆρος""},{""biblio"":""21.574"",""quote"":""ἀνδρὸς θηρητῆρος 21.574""}]","[""21.574""]",{},[],1,0,0,1,0,1,0,0,2
48715,9,1020,n48715,θηρ-ᾱτήριος,Subst.,τό,798,,"[""= θηρατικός , c. gen., ἴυγγα θ. ἔρωτος S. Fr. 474.1 ."",""Subst. -ατήριον,τό ,hunting implement, Hsch. s.v. ἄγκιστρον .""]","[""hunting implement""]",[],"[{""biblio"":"""",""quote"":""ἴυγγα θ. ἔρωτος""},{""biblio"":""S. | Fr. | 474.1"",""quote"":""ἴυγγα θ. ἔρωτος S. Fr. 474.1""}]","[""S. | Fr. | 474.1""]",{},"[{""type"":""ref"",""target"":"""",""text"":""θηρατικός""},{""type"":"""",""target"":"""",""text"":""= θηρατικός""},{""type"":""ref"",""target"":"""",""text"":""ἄγκιστρον""},{""type"":"""",""target"":"""",""text"":""s.v. ἄγκιστρον""}]",1,1,0,1,1,2,1,0,2
48716,9,1021,n48716,θηρ-ᾱτής,,ὁ,798,,"[""hunter, Ael. NA 13.12 , PSI 3.222.7 (iii A.D.): metaph., θ. λόγων Ar. Nu. 358 ; δόξης D.L. 8.8 ; τῶν ἀδήλων Philostr.Jun. Im. 1 .""]","[""hunter""]","[""θηράω""]","[{""biblio"":"""",""quote"":""θ. λόγων""},{""biblio"":""Ar. | Nu. | 358"",""quote"":""θ. λόγων Ar. Nu. 358""},{""biblio"":"""",""quote"":""δόξης""},{""biblio"":""D.L. | 8.8"",""quote"":""δόξης D.L. 8.8""},{""biblio"":"""",""quote"":""τῶν ἀδήλων""},{""biblio"":""Philostr.Jun. | Im. | 1"",""quote"":""τῶν ἀδήλων Philostr.Jun. Im. 1""}]","[""Ar. | Nu. | 358"",""D.L. | 8.8"",""Philostr.Jun. | Im. | 1""]",{},[],1,1,1,1,0,1,1,1,6
48717,9,1022,n48717,θηρ-ᾱτικός,,,798,,"[""θηρεντικός, σκύλακες Ph. 1.628 (s.v.l.), cf. Gal. Protr. 6 ; ἔργα Ael. NA 14.5 ;θ. σημεῖα signals given by the hunter, Plu. 2.593b ;θ. φόρος tax for game-licence, dub. in PSI 3.222 (iii A.D.)."",""fit for winning,τὰ θ. τῶν φίλων the arts for winning friends, X. Mem. 2.6.33 ."",""fond of hunting, Plu. 2.0a , 965b .""]","[""given by the hunter"",""for game-licence"",""fit for winning"",""the arts for winning"",""fond of hunting""]",[],"[{""biblio"":"""",""quote"":""θηρεντικός, σκύλακες""},{""biblio"":""Ph. | 1.628"",""quote"":""θηρεντικός, σκύλακες Ph. 1.628""},{""biblio"":"""",""quote"":""ἔργα""},{""biblio"":""Ael. | NA | 14.5"",""quote"":""ἔργα Ael. NA 14.5""}]","[""Ael. | NA | 14.5"",""Ph. | 1.628""]",{},[],1,1,0,1,0,3,5,0,4
48718,9,1023,n48718,θηρ-ᾱτός,,,798,,"[""to be caught: metaph.,attainable, τὴν ἕξιν ᾗ τὰ καλὰ θ. γίγνεται τοῖς ἀνθρώποις Plb. 10.47.11 ; οὐδ' ὅλως ἐπιστήμῃ θ. ὁ καιρός, ἀλλὰ δόξῃ D.H. Comp. 12 ;κριτήριον οὐδὲ στοχασμῷ θ. Phld. Rh. 1.167S.""]","[""to be caught"",""attainable""]",[],"[{""biblio"":"""",""quote"":""τὴν ἕξιν ᾗ τὰ καλὰ θ. γίγνεται τοῖς ἀνθρώποις""},{""biblio"":""Plb. | 10.47.11"",""quote"":""τὴν ἕξιν ᾗ τὰ καλὰ θ. γίγνεται τοῖς ἀνθρώποις Plb. 10.47.11""},{""biblio"":"""",""quote"":""οὐδ' ὅλως ἐπιστήμῃ θ. ὁ καιρός, ἀλλὰ δόξῃ""},{""biblio"":""D.H. | Comp. | 12"",""quote"":""οὐδ' ὅλως ἐπιστήμῃ θ. ὁ καιρός, ἀλλὰ δόξῃ D.H. Comp. 12""}]","[""D.H. | Comp. | 12"",""Plb. | 10.47.11""]",{},[],1,1,0,1,0,1,2,0,4
48719,9,1024,n48719,θήρ-ᾱτρον,,τό,798,,"[""instrument of the chase, net, trap, etc., X. Mem. 2.1.4 , 3.11.7 , Plu. 2.961c (pl.), Ael. NA 1.21 : pl., of spider's webs, Max. Tyr. 16.5 : metaph., prob. in Lib. Decl. 22.25 .""]","[""instrument of the chase, net, trap"",""webs""]",[],[],[],{},[],1,1,0,0,0,1,2,0,0
48720,9,1025,n48720,θηρ-άτωρ,,ὁ,798,,"[""θηρατήρ, θηρήτορας ἄνδρας Il. 9.544 ; [ κύων] θηράτωρ Nic. Dam. 56J.""]",[],[],"[{""biblio"":"""",""quote"":""θηρατήρ, θηρήτορας ἄνδρας""},{""biblio"":""Il. | 9.544"",""quote"":""θηρατήρ, θηρήτορας ἄνδρας Il. 9.544""},{""biblio"":"""",""quote"":""κύων] θηράτωρ""},{""biblio"":""Nic."",""quote"":""κύων] θηράτωρ Nic.""}]","[""Il. | 9.544"",""Nic.""]",{},[],1,0,0,1,0,1,0,0,4
48721,9,1026,n48721,θηρ-άφιον,,τό,798,,"[""θηρ-άφιον[ᾱ],τό , Dim. of θηρίον, of insects, Damocr. ap. Gal. 14.91 .""]",[],[],[],[],{},[],1,0,0,0,0,1,0,0,0
48722,9,1027,n48722,θηρ-άω,,,798,,"[""ἐθήρᾱσα A. Pers. 233 , E. Ba. 1215 , X. Cyr. 1.4.10 :pf. τεθήρᾱκα ib. 2.4.16 ; Thess.pf. part. πεφειράκοντες IG 9(2).536 :— Med. ,fut. θηράσομαι(which, acc. to Moer. , is the true Att. fut.) E. Ba. 228 , IT 1324 :aor. ἐθηρᾱσάμην S. Ph. 1007 , E. Hipp. 919 :—., Pass. ,fut. -ᾱθήσομαι Gp. 12.9.2 :aor. ἐθηράθην(v. infr. 111 ): (θήρ, θήρα):— hunt, chase,λαγώς, σφῆκας, X. An. l.c., HG 4.2.12 , etc.; καί μ' οὓς ἐθήρων πρόσθε θηράσουσι νῦν S. Ph. 958 ; of fishermen,catch, Arist. Fr. 76 : metaph.,catch or capture, καί ς' εἷλε θηρῶνθ' ἡ τύχη S. OC 1026 , cf. Ph. 1007 , X. An. 5.1.9 :captivate, Id. Mem. 2.6.28 , 3.11.7 ;θ. πόλιν seek to destroy it, A. Pers. 233 ."",""metaph.,hunt after a thing,pursue it eagerly, τυραννίδα S. OT 542 ; θηρᾶν οὐ πρέπει τἀμήχανα Id. Ant. 92 ; μυρίαι κόραι θηρῶσι λέκτρον τοὐμόν E. IA 960 ;ἥμαρτον ἢ θηρῶ τι; have I missed or do I hit the quarry? A. Ag. 1194 ;τί χρῆμα θηρῶν; E. Supp. 115 ;reach, attain to,τι Pi. I. 4(3).46 (s.v.l.)."",""c.inf.,seek, endeavour to do, θηρᾷ γαμεῖν με E. Hel. 63 ; cf. 11.3."",""= ἐκπράσσω 111 , θηρήτω δὲ ἁ θοιναρμόστρια IG 5(1).1498 (Messenia,ii B.C.)."",""Med. like Act. ,hunt for, fish for, ἐγχέλεις Ar. Eq. 864 : abs.,οἱ θηρώμενοι hunters, X. Cyn. 11.2 ."",""more freq. metaph.,seek after, ἐμέτοισι θηρώμενοι τὴν ὑγιείην Hdt. 2.77 ;μαστοῖς ἔλεον θ. E. Or. 568 ; τὴν τῆς σωφροσύνης δόξαν D. 61.21 , etc.;θ. πυρὸς πηγήν find, discover it, A. Pr. 109 ;expect to derive, τι παρά τινων Phld. Rh. 1.263S."",""c.inf.,seek, endeavour, ὅς με θηρᾶται λαβεῖν E. Hel. 545 ; πεῖράν τιν' ἐχθρῶν ἁρπάσαι θηρώμενον S. Aj. 2 ."",""Pass. ,to be hunted, pursued, πρὸς ἄτης θηραθεῖσαι A. Pr. 1072 ; ὑπ' ἀνδρῶν E. Ba. 732 ; Ἀλκιβιάδης διὰ κάλλος ὑπὸ γυναικῶν θηρώμενος X. Mem. 1.2.24 .—Cf.θηρεύω.""]","[""hunt, chase"",""catch"",""catch"",""capture"",""captivate"",""seek to destroy"",""hunt after"",""pursue"",""eagerly"",""do I hit the quarry?"",""reach, attain to"",""seek, endeavour"",""hunt for, fish for"",""hunters"",""seek after"",""find, discover"",""expect to derive"",""seek, endeavour"",""to be hunted, pursued""]","[""θήρ, θήρα""]","[{""biblio"":"""",""quote"":""ἐθήρᾱσα""},{""biblio"":""A. | Pers. | 233"",""quote"":""ἐθήρᾱσα A. Pers. 233""},{""biblio"":"""",""quote"":""πεφειράκοντες""},{""biblio"":""IG | 9(2).536"",""quote"":""πεφειράκοντες IG 9(2).536""},{""biblio"":"""",""quote"":""ἐθηρᾱσάμην""},{""biblio"":""S. | Ph. | 1007"",""quote"":""ἐθηρᾱσάμην S. Ph. 1007""},{""biblio"":"""",""quote"":""-ᾱθήσομαι""},{""biblio"":""Gp. | 12.9.2"",""quote"":""-ᾱθήσομαι Gp. 12.9.2""},{""biblio"":"""",""quote"":""καί μ' οὓς ἐθήρων πρόσθε θηράσουσι νῦν""},{""biblio"":""S. | Ph. | 958"",""quote"":""καί μ' οὓς ἐθήρων πρόσθε θηράσουσι νῦν S. Ph. 958""},{""biblio"":"""",""quote"":""καί ς' εἷλε θηρῶνθ' ἡ τύχη""},{""biblio"":""S. | OC | 1026"",""quote"":""καί ς' εἷλε θηρῶνθ' ἡ τύχη S. OC 1026""},{""biblio"":"""",""quote"":""τυραννίδα""},{""biblio"":""S. | OT | 542"",""quote"":""τυραννίδα S. OT 542""},{""biblio"":"""",""quote"":""θηρᾶν οὐ πρέπει τἀμήχανα""},{""biblio"":""Id. | Ant. | 92"",""quote"":""θηρᾶν οὐ πρέπει τἀμήχανα Id. Ant. 92""},{""biblio"":"""",""quote"":""μυρίαι κόραι θηρῶσι λέκτρον τοὐμόν""},{""biblio"":""E. | IA | 960"",""quote"":""μυρίαι κόραι θηρῶσι λέκτρον τοὐμόν E. IA 960""},{""biblio"":"""",""quote"":""θηρᾷ γαμεῖν με""},{""biblio"":""E. | Hel. | 63"",""quote"":""θηρᾷ γαμεῖν με E. Hel. 63""},{""biblio"":"""",""quote"":""θηρήτω δὲ ἁ θοιναρμόστρια""},{""biblio"":""IG | 5(1).1498"",""quote"":""θηρήτω δὲ ἁ θοιναρμόστρια IG 5(1).1498""},{""biblio"":"""",""quote"":""ἐγχέλεις""},{""biblio"":""Ar. | Eq. | 864"",""quote"":""ἐγχέλεις Ar. Eq. 864""},{""biblio"":"""",""quote"":""ἐμέτοισι θηρώμενοι τὴν ὑγιείην""},{""biblio"":""Hdt. | 2.77"",""quote"":""ἐμέτοισι θηρώμενοι τὴν ὑγιείην Hdt. 2.77""},{""biblio"":"""",""quote"":""τὴν τῆς σωφροσύνης δόξαν""},{""biblio"":""D. | 61.21"",""quote"":""τὴν τῆς σωφροσύνης δόξαν D. 61.21""},{""biblio"":"""",""quote"":""τι παρά τινων""},{""biblio"":""Phld. | Rh. | 1.263S."",""quote"":""τι παρά τινων Phld. Rh. 1.263S.""},{""biblio"":"""",""quote"":""ὅς με θηρᾶται λαβεῖν""},{""biblio"":""E. | Hel. | 545"",""quote"":""ὅς με θηρᾶται λαβεῖν E. Hel. 545""},{""biblio"":"""",""quote"":""πεῖράν τιν' ἐχθρῶν ἁρπάσαι θηρώμενον""},{""biblio"":""S. | Aj. | 2"",""quote"":""πεῖράν τιν' ἐχθρῶν ἁρπάσαι θηρώμενον S. Aj. 2""},{""biblio"":"""",""quote"":""πρὸς ἄτης θηραθεῖσαι""},{""biblio"":""A. | Pr. | 1072"",""quote"":""πρὸς ἄτης θηραθεῖσαι A. Pr. 1072""},{""biblio"":"""",""quote"":""ὑπ' ἀνδρῶν""},{""biblio"":""E. | Ba. | 732"",""quote"":""ὑπ' ἀνδρῶν E. Ba. 732""},{""biblio"":"""",""quote"":""Ἀλκιβιάδης διὰ κάλλος ὑπὸ γυναικῶν θηρώμενος""},{""biblio"":""X. | Mem. | 1.2.24"",""quote"":""Ἀλκιβιάδης διὰ κάλλος ὑπὸ γυναικῶν θηρώμενος X. Mem. 1.2.24""}]","[""A. | Pers. | 233"",""A. | Pr. | 1072"",""Ar. | Eq. | 864"",""D. | 61.21"",""E. | Ba. | 732"",""E. | Hel. | 545"",""E. | Hel. | 63"",""E. | IA | 960"",""Gp. | 12.9.2"",""Hdt. | 2.77"",""IG | 5(1).1498"",""IG | 9(2).536"",""Id. | Ant. | 92"",""Phld. | Rh. | 1.263S."",""S. | Aj. | 2"",""S. | OC | 1026"",""S. | OT | 542"",""S. | Ph. | 1007"",""S. | Ph. | 958"",""X. | Mem. | 1.2.24""]",{},"[{""type"":""ref"",""target"":"""",""text"":""ἐκπράσσω""},{""type"":"""",""target"":"""",""text"":""= ἐκπράσσω""}]",1,1,1,1,1,8,19,1,40
48723,9,1028,n48723,θηρ-εία,,ἡ,798,,"[""hunting, Gloss.""]","[""hunting,""]",[],[],[],{},[],1,1,0,0,0,1,1,0,0
48724,9,1029,n48724,θήρ-ειος,,τά,798,,"[""of wild beasts, δέρμα θ. λέοντος Panyas. 1 , cf. Hanno Peripl. 9 ; μέλεα Emp. 101 ;θήρειον γραφήν the figures of animals worked upon the cloak, A. Ch. 232 ;θ. δάκος,=θήρ, E. Cyc. 325 ;θ. βία, periphr. for ὁ θήρ,the centaur, S. Tr. 1059 ;θ. κρέα game, X. Cyr. 1.3.6 ; so θήρεια,τά , Hp. Aff. 52 ; θ. φύσις Pl. l.c.;θ. αὐλός(ἐκ ϝεβροῦ κώλων εἰργασμένος) Poll. 4.75 ."",""θ. στόματα the entrance of the Circus, IG 4.365 (Corinth).""]","[""of wild beasts"",""of animals"",""the centaur"",""game"",""of the Circus,""]","[""θήρ"",""ἐκ ϝεβροῦ κώλων εἰργασμένος""]","[{""biblio"":"""",""quote"":""δέρμα θ. λέοντος""},{""biblio"":""Panyas. | 1"",""quote"":""δέρμα θ. λέοντος Panyas. 1""},{""biblio"":"""",""quote"":""μέλεα""},{""biblio"":""Emp. | 101"",""quote"":""μέλεα Emp. 101""},{""biblio"":"""",""quote"":""θ. φύσις""},{""biblio"":""Pl."",""quote"":""θ. φύσις Pl.""}]","[""Emp. | 101"",""Panyas. | 1"",""Pl.""]",{},[],1,1,1,1,0,2,5,2,6
48725,9,1030,n48725,θηρ-επῳδός,,,798,,"[""charming wild beasts, Suid. s.v. σοφός .""]","[""charming wild beasts""]",[],[],[],{},"[{""type"":""ref"",""target"":"""",""text"":""σοφός""},{""type"":"""",""target"":"""",""text"":""s.v. σοφός""}]",1,1,0,0,1,1,1,0,0
48726,9,1031,n48726,θήρ-ευμα,,τό,798,,"[""spoil, prey, S. Ichn. 285 , E. IA 1162 ."",""pl.,hunting, Pl. Lg. 823b .""]","[""spoil, prey"",""hunting""]","[""θηρεύω""]",[],[],{},[],1,1,1,0,0,2,2,1,0
48727,9,1032,n48727,θήρ-ευσις,,ἡ,798,,"[""hunting, the chase,πεζῶν ib. 824a : metaph., ὀνομάτων θηρεύσεις Id. Tht. 166c .""]","[""hunting, the chase""]",[],"[{""biblio"":"""",""quote"":""ὀνομάτων θηρεύσεις""},{""biblio"":""Id. | Tht. | 166c"",""quote"":""ὀνομάτων θηρεύσεις Id. Tht. 166c""}]","[""Id. | Tht. | 166c""]",{},[],1,1,0,1,0,1,1,0,2
48728,9,1033,n48728,θηρ-ευτέον,,,798,,"[""one must hunt after, Plb. 1.35.8 .""]","[""one must hunt after""]",[],[],[],{},[],1,1,0,0,0,1,1,0,0
48729,9,1034,n48729,θηρ-ευτήρ,,ὁ,798,,"[""θηρ-ευτήρ,ῆρος,ὁ,= sq., Opp. C. 1.449 .""]",[],[],[],[],{},[],1,0,0,0,0,1,0,0,0
48730,9,1035,n48730,θηρ-ευτής,Adj.,ὁ,798,,"[""hunter, used by Hom. (only in Il. ) always as Adj.,κύνεσσι καὶ ἀνδράσι θηρευτῇσιν hounds and huntsmen, Il. 12.41 ; ἐν κυσὶ θηρευτῇσι 11.325 ; so θ. ἄνδρες Hes. Sc. 303 , 388 ; κύνες Thgn. 1254 , X. Ages. 9.6 : as Subst., Hdt. 1.123 , Satyr. Vit.Eur.Fr. 39 XX i14 ; of a fisher, Hdt. 2.70 ;θ. πέρδιξ a decoy partridge, Arist. HA 614a10 ; θ. ἰξός birdlime, AP 5.99 ."",""metaph., θ. νέων καὶ πλουσίων Pl. Sph. 231d , cf. Chor. p.67 B. ; καλλίστων ὀνομάτων Ath. 3.122c .""]","[""hunter"",""huntsmen"",""a fisher"",""a decoy"",""birdlime,""]",[],"[{""biblio"":"""",""quote"":""ἐν κυσὶ θηρευτῇσι""},{""biblio"":""11.325"",""quote"":""ἐν κυσὶ θηρευτῇσι 11.325""},{""biblio"":"""",""quote"":""θ. ἄνδρες""},{""biblio"":""Hes. | Sc. | 303"",""quote"":""θ. ἄνδρες Hes. Sc. 303""},{""biblio"":"""",""quote"":""κύνες""},{""biblio"":""Thgn. | 1254"",""quote"":""κύνες Thgn. 1254""},{""biblio"":"""",""quote"":""θ. ἰξός""},{""biblio"":""AP | 5.99"",""quote"":""θ. ἰξός birdlime, AP 5.99""},{""biblio"":"""",""quote"":""θ. νέων καὶ πλουσίων""},{""biblio"":""Pl. | Sph. | 231d"",""quote"":""θ. νέων καὶ πλουσίων Pl. Sph. 231d""},{""biblio"":"""",""quote"":""καλλίστων ὀνομάτων""},{""biblio"":""Ath. | 3.122c"",""quote"":""καλλίστων ὀνομάτων Ath. 3.122c""}]","[""11.325"",""AP | 5.99"",""Ath. | 3.122c"",""Hes. | Sc. | 303"",""Pl. | Sph. | 231d"",""Thgn. | 1254""]",{},[],1,1,0,1,0,2,5,0,12
48731,9,1036,n48731,θηρ-ευτικός,,,798,,"[""of of for hunting,κύνες θ.hounds, Ar. Pl. 157 , X. Lac. 6.3 ;βίος θ. the life of hunters, Arist. Pol. 1256b2 :ἡ -κή(sc.τέχνη)hunting, the chase, Pl. Plt. 289a , cf. Sph. 223b ."",""c. gen.,hunting after, τῆς τροφῆς Arist. HA 488a19 : metaph., θ. τέχνη ἀνθρώπων Pl. Euthd. 290b .""]","[""of"",""for hunting"",""hounds"",""of hunters"",""hunting, the chase"",""hunting after""]",[],"[{""biblio"":"""",""quote"":""τῆς τροφῆς""},{""biblio"":""Arist. | HA | 488a19"",""quote"":""τῆς τροφῆς Arist. HA 488a19""},{""biblio"":"""",""quote"":""θ. τέχνη ἀνθρώπων""},{""biblio"":""Pl. | Euthd. | 290b"",""quote"":""θ. τέχνη ἀνθρώπων Pl. Euthd. 290b""}]","[""Arist. | HA | 488a19"",""Pl. | Euthd. | 290b""]",{},[],1,1,0,1,0,2,6,0,4
48732,9,1037,n48732,θηρ-ευτός,,,798,,"[""= θηρατός , Arist. Pol. 1324b40 .""]",[],[],[],[],{},"[{""type"":""ref"",""target"":"""",""text"":""θηρατός""},{""type"":"""",""target"":"""",""text"":""= θηρατός""}]",1,0,0,0,1,1,0,0,0
48733,9,1038,n48733,θηρ-εύτρια,,,798,,"[""θηρευτήρ, βοῦς PCair.Zen. 292.298 (iii B.C.), cf. Hsch. s.v. θηρότις; θ. κύνες Them. Or. 18.220b .""]",[],[],"[{""biblio"":"""",""quote"":""θηρευτήρ, βοῦς""},{""biblio"":""PCair.Zen. | 292.298"",""quote"":""θηρευτήρ, βοῦς PCair.Zen. 292.298""}]","[""PCair.Zen. | 292.298""]",{},"[{""type"":""ref"",""target"":"""",""text"":""θηρότις; θ. κύνες""},{""type"":"""",""target"":"""",""text"":""s.v. θηρότις; θ. κύνες""}]",1,0,0,1,1,1,0,0,2
48734,9,1039,n48734,θηρ-εύτωρ,,ὁ,798,,"[""hunter,θ. ἄνδρες, of men engaged in Circus games, IG 4.365 (Corinth).""]","[""hunter""]",[],[],[],{},[],1,1,0,0,0,1,1,0,0
48735,9,1040,n48735,θηρ-εύω,,,798,,"[""ἐθήρευσα Pl. Euthd. 290c :pf. τεθήρευκα Id. Tht. 200a :— Med. ,fut. -σομαι Id. Sph. 222a :aor. ἐθηρευσάμην Ar. Fr. 51 , Pl. Tht. 197d :— Pass. ,pf. τεθήρευμαι Lysipp.Com. 7 :aor. ἐθηρεύθην Hdt. 3.102 , A. Ch. 493 , Pl. Sph. 221a : (cf.θηράω):—hunt,θηρεύοντα while hunting, Od. 19.465 , cf. Hdt. 4.112 ;θηρεύειν διὰ κενῆς, of the motions of the hands of dying persons, Hp. Prog. 4 ."",""decoy, Arist. HA 614a13 ."",""c. acc.,hunt after, chase, catch, ἀττελέβους Hdt. 4.172 ;θηρία, ὄρνιθας ἀγρίας, μῦν, X. An. 1.2.7 , Pl. Tht. 197c , PCair.Zen. 300.7 (iii B.C.); ὶχθῦς Arist. HA 603a7 ; [ἐλέφαντας] OGI 54.11 (Adule,iii B.C.); of men, Hdt. 4.183 ; θ. ἀνθρώπους ἐπὶ θοίνην ἤ θυσίαν Arist. Pol. 1324b39 , cf. X. An. 1.2.13 ;Τιτυὸν βέλος θήρευσε it hit, struck him, Pi. P. 4.90 :— Med. , Ar. Fr. 51 , Pl. Grg. 464d , Euthd. 290b :— Pass. ,to be hunted, Hdt. 3.102 ;to be preyed upon, ib. 108 ;to be caught, πέδαις A. Ch. 493 : metaph.,to be captivated, Lysipp.Com. 7 ."",""metaph.,hunt, seek after, κερδέων μέτρον Pi. N. 11.47 ; γάμους A. Pr. 858 ; ἀρετάν E. IA 568 (lyr.); θ. νέους πλουσίους ὀρφανούς Aeschin. 1.170 ;ἡδονάς, ἐπιστήμην, Isoc. 1.16 , Pl. Tht. 200a , al.; [εὐδαιμονίαν] Arist. Pol. 1328b1 ;ὀνόματα, ῥήματα, Pl. Grg. 489b , And. 1.9 , cf. Antipho 6.18 ; τὰς ἀρχὰς τῶν συλλογισμῶν Arist. APr. 46a11 ;θ. τὸν πλησίον, of an orator, Phld. Rh. 2.5 S. , al.—Trag. preferred θηράω, exc. where metre demanded θηρεύω.""]","[""hunt"",""while hunting"",""decoy"",""hunt after, chase, catch"",""hit, struck"",""to be hunted"",""to be preyed upon"",""to be caught"",""to be captivated"",""hunt, seek after""]",[],"[{""biblio"":"""",""quote"":""ἐθήρευσα""},{""biblio"":""Pl. | Euthd. | 290c"",""quote"":""ἐθήρευσα Pl. Euthd. 290c""},{""biblio"":"""",""quote"":""τεθήρευκα""},{""biblio"":""Id. | Tht. | 200a"",""quote"":""τεθήρευκα Id. Tht. 200a""},{""biblio"":"""",""quote"":""-σομαι""},{""biblio"":""Id. | Sph. | 222a"",""quote"":""-σομαι Id. Sph. 222a""},{""biblio"":"""",""quote"":""ἐθηρευσάμην""},{""biblio"":""Ar. | Fr. | 51"",""quote"":""ἐθηρευσάμην Ar. Fr. 51""},{""biblio"":"""",""quote"":""ἐθηρεύθην""},{""biblio"":""Hdt. | 3.102"",""quote"":""ἐθηρεύθην Hdt. 3.102""},{""biblio"":"""",""quote"":""ἀττελέβους""},{""biblio"":""Hdt. | 4.172"",""quote"":""ἀττελέβους Hdt. 4.172""},{""biblio"":"""",""quote"":""ὶχθῦς""},{""biblio"":""Arist. | HA | 603a7"",""quote"":""ὶχθῦς Arist. HA 603a7""},{""biblio"":"""",""quote"":""θ. ἀνθρώπους ἐπὶ θοίνην ἤ θυσίαν""},{""biblio"":""Arist. | Pol. | 1324b39"",""quote"":""θ. ἀνθρώπους ἐπὶ θοίνην ἤ θυσίαν Arist. Pol. 1324b39""},{""biblio"":"""",""quote"":""πέδαις""},{""biblio"":""A. | Ch. | 493"",""quote"":""πέδαις A. Ch. 493""},{""biblio"":"""",""quote"":""κερδέων μέτρον""},{""biblio"":""Pi. | N. | 11.47"",""quote"":""κερδέων μέτρον Pi. N. 11.47""},{""biblio"":"""",""quote"":""γάμους""},{""biblio"":""A. | Pr. | 858"",""quote"":""γάμους A. Pr. 858""},{""biblio"":"""",""quote"":""ἀρετάν""},{""biblio"":""E. | IA | 568"",""quote"":""ἀρετάν E. IA 568""},{""biblio"":"""",""quote"":""θ. νέους πλουσίους ὀρφανούς""},{""biblio"":""Aeschin. | 1.170"",""quote"":""θ. νέους πλουσίους ὀρφανούς Aeschin. 1.170""},{""biblio"":"""",""quote"":""τὰς ἀρχὰς τῶν συλλογισμῶν""},{""biblio"":""Arist. | APr. | 46a11"",""quote"":""τὰς ἀρχὰς τῶν συλλογισμῶν Arist. APr. 46a11""}]","[""A. | Ch. | 493"",""A. | Pr. | 858"",""Aeschin. | 1.170"",""Ar. | Fr. | 51"",""Arist. | APr. | 46a11"",""Arist. | HA | 603a7"",""Arist. | Pol. | 1324b39"",""E. | IA | 568"",""Hdt. | 3.102"",""Hdt. | 4.172"",""Id. | Sph. | 222a"",""Id. | Tht. | 200a"",""Pi. | N. | 11.47"",""Pl. | Euthd. | 290c""]",{},[],1,1,0,1,0,4,10,0,28
48736,9,1041,n48736,θηρεφόνος,,,798,,"[""θηρεφόνος,ον,=θηροφόνος, Hdn.Gr. 2.260 .""]",[],[],[],[],{},[],1,0,0,0,0,1,0,0,0
48737,9,1042,n48737,θήρημα,,,798,,"[""θήρημα,θηρητήρ,θηρ-ήτειρα,θηρ-ήτωρ, Ion. for θήρᾱμα, etc.""]",[],[],[],[],{},[],1,0,0,0,0,1,0,0,0
48738,9,1043,n48738,θηρῐ-άζομαι,,,798,,"[""pass into a beast, of the soul, Corp.Herm. 10.20 .""]","[""pass into a beast""]",[],[],[],{},[],1,1,0,0,0,1,1,0,0
48739,9,1044,n48739,θηρῐ-ᾰκός,,,798,,"[""concerning venomous beasts, λόγος Dsc. Ther.Praef. ;Φιλῖνος<ὁ> θ., the writer on this subject, Philum. Ven. 6.1 :ἡ -κή(sc.ἀντίδοτος) and antidote against a poisonous bite, Androm. ap. Gal. 14.32 , etc.; θ. φάρμακα Id. 17(2).337 ;θηριακά, title of Nicander's poem on such antidotes; of other works, Gal. 14.7 ; θ. ἄμπελος Gp. 4.8.1 , cf. Plin. HN 14.117 ;θ. [οἶνος] Dsc. 5.53 .""]","[""concerning venomous beasts"",""against a poisonous bite""]","[""θηρίον""]","[{""biblio"":"""",""quote"":""λόγος""},{""biblio"":""Dsc. | Ther.Praef."",""quote"":""λόγος Dsc. Ther.Praef.""},{""biblio"":"""",""quote"":""θ. φάρμακα""},{""biblio"":""Id. | 17(2).337"",""quote"":""θ. φάρμακα Id. 17(2).337""},{""biblio"":"""",""quote"":""θ. ἄμπελος""},{""biblio"":""Gp. | 4.8.1"",""quote"":""θ. ἄμπελος Gp. 4.8.1""}]","[""Dsc. | Ther.Praef."",""Gp. | 4.8.1"",""Id. | 17(2).337""]",{},[],1,1,1,1,0,1,2,1,6
48740,9,1045,n48740,θηρῐ-άλωσις,,ἡ,798,,"[""capture of wild beasts, Sm. Ge. 49.9 .""]","[""capture of wild beasts""]",[],[],[],{},[],1,1,0,0,0,1,1,0,0
48741,9,1046,n48741,θηρῐ-άλωτος,,,798,,"[""caught by wild beasts, LXX Le. 5.2 , Ph. 2.355 .""]","[""caught by wild beasts""]",[],[],[],{},[],1,1,0,0,0,1,1,0,0
48742,9,1047,n48742,θηρίαμβος,,,798,,"[""θηρίαμβος, coined as etym. of θρίαμβος, Suid.""]",[],[],[],[],{},[],1,0,0,0,0,1,0,0,0
48743,9,1048,n48743,θηριάνθρωπος,,,798,,"[""beast-man, ἔθνος Hdn. Epim. 76 .""]","[""beast-man""]",[],"[{""biblio"":"""",""quote"":""ἔθνος""},{""biblio"":""Hdn. | Epim. | 76"",""quote"":""ἔθνος Hdn. Epim. 76""}]","[""Hdn. | Epim. | 76""]",{},[],1,1,0,1,0,1,1,0,2
48744,9,1049,n48744,θηρίδιον,,τό,798,,"[""animalculae, Thphr. HP 2.8.3 , Arr. Epict. 2.9.6 , Gal. 16.162 , Gp. 5.53.6 .""]","[""animalculae""]",[],[],[],{},[],1,1,0,0,0,1,1,0,0
48745,9,1050,n48745,Θηρίκλειος,,,800,,"[""made by Thericles, a famous Corinthian potter ( Eub. 31 , 43 ), Θ. κύλιξ Alex. 96 , Thphr. HP 5.3.2 (pl.), Cleanth.Stoic. 1.133 ; κρατήρ Alex. 119 , cf. IG 11(2).124.43 , al. (Delos,iii B.C.); ποτήρια Phalar. Ep. 70 ; freq.Θηρικλεία(or-ος) alone, Alex. 5 , Men. 226 , 324 ; Θ. ἡ μεγάλη Diox. 4 ; τῶν Θηρικλείων εὐκύκλωτον ἀσπίδα Aristopho 14 ; ὅσα δ' ἐστὶν εἴδη Θηρικλείων τῶν καλῶν Dionys.Com. 5.1 .""]","[""made by Thericles""]",[],"[{""biblio"":"""",""quote"":""Θ. κύλιξ""},{""biblio"":""Alex. | 96"",""quote"":""Θ. κύλιξ Alex. 96""},{""biblio"":"""",""quote"":""κρατήρ""},{""biblio"":""Alex. | 119"",""quote"":""κρατήρ Alex. 119""},{""biblio"":"""",""quote"":""ποτήρια""},{""biblio"":""Phalar. | Ep. | 70"",""quote"":""ποτήρια Phalar. Ep. 70""},{""biblio"":"""",""quote"":""Θ. ἡ μεγάλη""},{""biblio"":""Diox. | 4"",""quote"":""Θ. ἡ μεγάλη Diox. 4""},{""biblio"":"""",""quote"":""τῶν Θηρικλείων εὐκύκλωτον ἀσπίδα""},{""biblio"":""Aristopho | 14"",""quote"":""τῶν Θηρικλείων εὐκύκλωτον ἀσπίδα Aristopho 14""},{""biblio"":"""",""quote"":""ὅσα δ' ἐστὶν εἴδη Θηρικλείων τῶν καλῶν""},{""biblio"":""Dionys.Com. | 5.1"",""quote"":""ὅσα δ' ἐστὶν εἴδη Θηρικλείων τῶν καλῶν Dionys.Com. 5.1""}]","[""Alex. | 119"",""Alex. | 96"",""Aristopho | 14"",""Dionys.Com. | 5.1"",""Diox. | 4"",""Phalar. | Ep. | 70""]",{},[],1,1,0,1,0,1,1,0,12
48746,9,1051,n48746,θηριό-βρωτος,,,800,,"[""θηριό-βρωτος,ον,=θηρόβορος, D.S. 18.36 .""]",[],[],[],[],{},[],1,0,0,0,0,1,0,0,0
48747,9,1052,n48747,θηριο-δεῖκται,,οἱ,800,,"[""exhibitors of wild beasts, Antioch.Astr. in Cat.Cod.Astr. 7.118 , 8(4).212 .""]","[""exhibitors of wild beasts""]",[],[],[],{},[],1,1,0,0,0,1,1,0,0
48748,9,1053,n48748,θηριό-δηγμα,,τό,800,,"[""bite of a serpent, Dsc. 2.79 .""]","[""bite of a serpent""]",[],[],[],{},[],1,1,0,0,0,1,1,0,0
48749,9,1054,n48749,θηριο-δήκτης,,,800,,"[""marsus, Gloss.""]","[""marsus,""]",[],[],[],{},[],1,1,0,0,0,1,1,0,0
48750,9,1055,n48750,θηριό-δηκτος,,,800,,"[""bitten by a wild beast, esp.by a serpent, Damocr. ap. Gal. 14.122 , Dsc. 1.103 , 4.24 .""]","[""bitten by a wild beast"",""by a serpent""]",[],[],[],{},[],1,1,0,0,0,1,2,0,0
48751,9,1056,n48751,θηριο-ειδής,,,800,,"[""like a wild beast, Adam. 1.4 .""]","[""like a wild beast""]",[],[],[],{},[],1,1,0,0,0,1,1,0,0
48752,9,1057,n48752,θηριο-κόμος,,ὁ,800,,"[""keeper of wild beasts, Procop. Arc. 9 .""]","[""keeper of wild beasts""]",[],[],[],{},[],1,1,0,0,0,1,1,0,0
48753,9,1058,n48753,θηριο-κτόνος,,,800,,"[""θηροκτόνος, φάρμακον Eust. 1416.14 .""]",[],[],"[{""biblio"":"""",""quote"":""θηροκτόνος, φάρμακον""},{""biblio"":""Eust. | 1416.14"",""quote"":""θηροκτόνος, φάρμακον Eust. 1416.14""}]","[""Eust. | 1416.14""]",{},[],1,0,0,1,0,1,0,0,2
48754,9,1059,n48754,θηριο-μᾰχέω,,,800,,"[""fight with wild beasts, D.S. 3.43 , 1 Ep.Cor. 15.32 , Vett.Val. 129.33 , Ptol. Tetr. 200 , Artem. 2.54 .""]","[""fight with wild beasts""]",[],[],[],{},[],1,1,0,0,0,1,1,0,0
48755,9,1060,n48755,θηριο-μάχης,,ὁ,800,,"[""one who fights with beasts, D.S. 36.10 .""]","[""one who fights with beasts""]",[],[],[],{},[],1,1,0,0,0,1,1,0,0
48756,9,1061,n48756,θηριο-μᾰχία,,ἡ,800,,"[""fighting with wild beasts, in pl.,= Lat.venationes, Str. 2.5.33 , Ph. 1.602 .""]","[""fighting with wild beasts"",""venationes""]",[],[],[],{},[],1,1,0,0,0,1,2,0,0
48757,9,1062,n48757,θηριο-μάχος,,,800,,"[""fighting with wild beasts, M.Ant. 10.8 , Luc. Lex. 19 .""]","[""fighting with wild beasts""]",[],[],[],{},[],1,1,0,0,0,1,1,0,0
48758,9,1063,n48758,θηριο-μῐγής,,,800,,"[""half man half beast, as Scylla, Tz.ad Lyc. 45 .""]","[""half man half beast""]",[],[],[],{},[],1,1,0,0,0,1,1,0,0
48759,9,1064,n48759,θηριό-μορφος,,,800,,"[""in the form of a beast, κώδων Eust. 1139.57 , cf. Procl. Par.Ptol. 278 .""]","[""in the form of a beast""]","[""μορφή""]","[{""biblio"":"""",""quote"":""κώδων""},{""biblio"":""Eust. | 1139.57"",""quote"":""κώδων Eust. 1139.57""}]","[""Eust. | 1139.57""]",{},[],1,1,1,1,0,1,1,1,2
48760,9,1065,n48760,θηρίον,,τό,800,,"[""wild animal, esp. of such as are hunted,μάλα γὰρ μέγα θηρίον ἦεν, of a stag, Od. 10.171 , 180 (never in Il. ); in Trag. only in Satyric drama, S. Ichn. 147 (dub. in A. Fr. 26 ): used in Prose for θήρ, X. An. 1.2.7 , Isoc. 12.163 , etc.; of the spider's prey, Arist. HA 623a27 ; freq. of elephants, Plb. 11.1.12 , al.: pl.,beasts, opp. men, birds, and fishes, h.Ven. 4 , Hdt. 3.108 ."",""generally,animal, Id. 1.119 ; νενόμισται πῦρ θ. εἶναι ἔμψυχον Id. 3.16 ; of men, ἄνθρωπος πάντων θ. θεειδέστατον Antipho Soph. 48 ; εἰς θηρίου βίον ἀφικνεῖσθαι Pl. Phdr. 249b ; also θ. ὕειον Id. R. 535e ; of the dog, Theoc. 25.79 ; of fishes, Arist. HA 598b1 ; of eels, Antiph. 147.7 ; of leeches, IG 4.951.101 (Epid.); of other small creatures, Arist. HA 552b11 , 625b32 , Hp. ap. Gal. 19.103 , Theoc. 19.6 ; οὐκ ἔστιν οὐδὲν θ. τῶν ἰχθύων ἀτυχέστερον Antiph. 161.1 ; opp. plants, Pl. Smp. 188b : prov.,ἢ θηρίον ἢ θεός, either above or below the nature of man, Arist. Pol. 1253a29 , cf. EN 1145a25 ."",""beast, esp. as hostile and odious to man,θηρία τε καὶ βοτά carnivora and graminivora, Pl. Mx. 237d ;monster, creature, of sharks, etc., Hdt. 6.44 ; of Typhon, etc., Pl. Phdr. 230a , R. 588e ; of the Satyrs, S. Ichn. l.c.;ταυτὶ ποδαπὰ τὰ θ.; Ar. Nu. 184 , cf. Av. 93 ."",""poisonous animal, Dsc. 1.75 , Act.Ap. 28.4 ."",""Medic.,=θηρίωμα, Hp. Coac. 459 , Loc.Hom. 29 , cf. Gal. l.c."",""as a term of reproach,beast, creature, ὦ δειλότατον σὺ θηρίον Ar. Pl. 439 , cf. Eq. 273 ; κόλακι, δεινῷ θηρίῳ Pl. Phdr. 240b ; Κρῆτες, κακὰ θ. Epimenid. 1 ;δυσνουθέτητον θ., of poverty, Men. Georg. 78 ; ἡ μουσικὴ ἀεί τι καινὸν θηρίον τίκτει Anaxil. 27 , cf. Eup. 132 ;τί δέ, εἰ αὐτοῦ τοῦ θηρίου ἠκούσατε; said by Aeschines of Demosthenes, Plin. Ep. 2.3.10 ;θ. συνεστιώμενον, of woman, Secund. Sent. 8 ."",""Astron., the constellation Lupus, Eudox. ap. Hipparch. 1.2.20 , Vett. Val. 6.13 .""]","[""wild animal"",""prey"",""beasts"",""animal"",""beast"",""carnivora"",""monster, creature"",""poisonous animal"",""beast, creature""]",[],"[{""biblio"":"""",""quote"":""νενόμισται πῦρ θ. εἶναι ἔμψυχον""},{""biblio"":""Id. | 3.16"",""quote"":""νενόμισται πῦρ θ. εἶναι ἔμψυχον Id. 3.16""},{""biblio"":"""",""quote"":""ἄνθρωπος πάντων θ. θεειδέστατον""},{""biblio"":""Antipho Soph. | 48"",""quote"":""ἄνθρωπος πάντων θ. θεειδέστατον Antipho Soph. 48""},{""biblio"":"""",""quote"":""εἰς θηρίου βίον ἀφικνεῖσθαι""},{""biblio"":""Pl. | Phdr. | 249b"",""quote"":""εἰς θηρίου βίον ἀφικνεῖσθαι Pl. Phdr. 249b""},{""biblio"":"""",""quote"":""θ. ὕειον""},{""biblio"":""Id. | R. | 535e"",""quote"":""θ. ὕειον Id. R. 535e""},{""biblio"":"""",""quote"":""οὐκ ἔστιν οὐδὲν θ. τῶν ἰχθύων ἀτυχέστερον""},{""biblio"":""Antiph. | 161.1"",""quote"":""οὐκ ἔστιν οὐδὲν θ. τῶν ἰχθύων ἀτυχέστερον Antiph. 161.1""},{""biblio"":"""",""quote"":""ὦ δειλότατον σὺ θηρίον""},{""biblio"":""Ar. | Pl. | 439"",""quote"":""ὦ δειλότατον σὺ θηρίον Ar. Pl. 439""},{""biblio"":"""",""quote"":""κόλακι, δεινῷ θηρίῳ""},{""biblio"":""Pl. | Phdr. | 240b"",""quote"":""κόλακι, δεινῷ θηρίῳ Pl. Phdr. 240b""},{""biblio"":"""",""quote"":""Κρῆτες, κακὰ θ.""},{""biblio"":""Epimenid. | 1"",""quote"":""Κρῆτες, κακὰ θ. Epimenid. 1""},{""biblio"":"""",""quote"":""ἡ μουσικὴ ἀεί τι καινὸν θηρίον τίκτει""},{""biblio"":""Anaxil. | 27"",""quote"":""ἡ μουσικὴ ἀεί τι καινὸν θηρίον τίκτει Anaxil. 27""}]","[""Anaxil. | 27"",""Antiph. | 161.1"",""Antipho Soph. | 48"",""Ar. | Pl. | 439"",""Epimenid. | 1"",""Id. | 3.16"",""Id. | R. | 535e"",""Pl. | Phdr. | 240b"",""Pl. | Phdr. | 249b""]",{},[],1,1,0,1,0,7,9,0,18
48761,9,1066,n48761,θηριο-νάρκη,,ἡ,800,,"[""that benumbs serpents, Nerium Oleander, Plin. HN 24.163 , 25.113 .""]","[""that benumbs serpents, Nerium Oleander""]",[],[],[],{},[],1,1,0,0,0,1,1,0,0
48762,9,1067,n48762,θηριό-πληκτος,,,800,,"[""struck by a poisonous animal, Cat.Cod.Astr. 8(4).150 .""]","[""struck by a poisonous animal,""]",[],[],[],{},[],1,1,0,0,0,1,1,0,0
48763,9,1068,n48763,θηριο-ποιέω,,,800,,"[""make into wild beasts, Tz.ad Lyc. 815 .""]","[""make into wild beasts""]",[],[],[],{},[],1,1,0,0,0,1,1,0,0
48764,9,1069,n48764,θηριότης,,ἡ,800,,"[""brutality, Arist. EN 1145a17 , Metop. ap. Stob. 3.1.115 .""]","[""brutality""]",[],[],[],{},[],1,1,0,0,0,1,1,0,0
48765,9,1070,n48765,θηριοτροφ-εῖον,,τό,800,,"[""park where wild beasts are kept, Hortens. in Varro RR 3.13.2 (thero-codd.).""]","[""park where wild beasts are kept"",""thero-""]",[],[],[],{},[],1,1,0,0,0,1,2,0,0
48766,9,1071,n48766,θηριοτροφ-έω,,,800,,"[""train as a wild beast, Alciphr. Fr. 5 ( Pass. ).""]","[""train as a wild beast""]",[],[],[],{},[],1,1,0,0,0,1,1,0,0
48767,9,1072,n48767,θηριότροφ-ος,,,800,,"[""abounding in wild beasts, of a country, Str. 2.5.33 ;keeping wild beasts, Procl. Par.Ptol. 250 ."",""proparox.,θηριότροφος,ον , Pass. ,fed on reptiles, Gal. 11.143 .""]","[""abounding in wild beasts"",""keeping wild beasts"",""fed on reptiles""]",[],[],[],{},[],1,1,0,0,0,2,3,0,0
48768,9,1073,n48768,θηριόω,,,800,,"[""make into a wild beast, τοὺς πρὸς αὐτὴν ἀφικνουμένους ἡ Κίρκη θηριοῖ Phld. Piet. 144 :— Pass. , IG 14.1291 ."",""Pass. ,come to the full size of a beast, πρὶν θηριοῦσθαι τὸν γόνον Eub. 107.14 ."",""become brutal, θηριούμενος Pl. Lg. 935a ; πρός τινας Phld. Lib. p.25O. ; πρὸς ἀγριότητα Ph. 2.53 ."",""of seeds,to be infested with worms, Thphr. CP 5.18.1 ."",""of places,to be infested with reptiles, Paul.Aeg. 5.1 ."",""Medic.,become malignant, ἕλκη ἐᾶσαι θηριωθῆναι Thphr. Char. 19.3 ; τεθηριωμένον ἕλκος Dsc. 3.9 .""]","[""make into a wild beast"",""come to the full size of a beast"",""become brutal"",""to be infested with worms"",""to be infested with reptiles"",""become malignant""]",[],"[{""biblio"":"""",""quote"":""τοὺς πρὸς αὐτὴν ἀφικνουμένους ἡ Κίρκη θηριοῖ""},{""biblio"":""Phld. | Piet. | 144"",""quote"":""τοὺς πρὸς αὐτὴν ἀφικνουμένους ἡ Κίρκη θηριοῖ Phld. Piet. 144""},{""biblio"":"""",""quote"":""πρὶν θηριοῦσθαι τὸν γόνον""},{""biblio"":""Eub. | 107.14"",""quote"":""πρὶν θηριοῦσθαι τὸν γόνον Eub. 107.14""},{""biblio"":"""",""quote"":""θηριούμενος""},{""biblio"":""Pl. | Lg. | 935a"",""quote"":""θηριούμενος Pl. Lg. 935a""},{""biblio"":"""",""quote"":""πρός τινας""},{""biblio"":""Phld. | Lib. | p.25O."",""quote"":""πρός τινας Phld. Lib. p.25O.""},{""biblio"":"""",""quote"":""πρὸς ἀγριότητα""},{""biblio"":""Ph. | 2.53"",""quote"":""πρὸς ἀγριότητα Ph. 2.53""},{""biblio"":"""",""quote"":""ἕλκη ἐᾶσαι θηριωθῆναι""},{""biblio"":""Thphr. | Char. | 19.3"",""quote"":""ἕλκη ἐᾶσαι θηριωθῆναι Thphr. Char. 19.3""},{""biblio"":"""",""quote"":""τεθηριωμένον ἕλκος""},{""biblio"":""Dsc. | 3.9"",""quote"":""τεθηριωμένον ἕλκος Dsc. 3.9""}]","[""Dsc. | 3.9"",""Eub. | 107.14"",""Ph. | 2.53"",""Phld. | Lib. | p.25O."",""Phld. | Piet. | 144"",""Pl. | Lg. | 935a"",""Thphr. | Char. | 19.3""]",{},[],1,1,0,1,0,6,6,0,14
48769,9,1074,n48769,Θηρίτας,,ὁ,800,,"[""Θηρίτας,α,ὁ, Lacon. name of Ares, Paus. 3.19.8 , Hsch. ( Lacon. for Θερσίτης).""]",[],[],[],[],{},[],1,0,0,0,0,1,0,0,0
48770,9,1075,n48770,θηρῐ-ώδης,Adv.,,800,,"[""full of wild beasts, infested by them, of countries, ἡ θ. Αιβύη Hdt. 4.181 ; ὄρεα -έστατα Id. 1.110 ;ἐν τῇ θ. [χώρῃ] Id. 4.174 , cf. 2.32 ;-εστάτης ἐούσης τῆς θαλάσσης ταύτης full of ravenous fishes, Id. 6.44 ."",""of beasts,savage, Arist. PA 663a13 ; ἐπὶ τὸ -έστερον Id. HA 502b4 ;τὸ θ., of a colt, E. Tr. 671 ."",""of men and manners,brutal, δίαιτα Hp. VM 3 ; [βίοτος] E. Supp. 202 , cf. SIG 704 E 11 (Delph.,ii B.C.); ἡδονή Pl. R. 591c ; βρίμωσις Phld. Ir. p.58W. ; κατάστασις OGI 424.3 (Palestine,i A.D.); ὁ θ. ἐν τοῖς ἀνθρώποις σπάνιος Arist. EN 1145a30 ;οἱ Αάκωνες . . θηριώδεις ἀπεργάζονται [τοὺς παῖδας] Id. Pol. 1338b12 ; ἡ θ. ἕξις Id. EN 1145a24 : Comp. -έστερος, ἄνθρωπος Plb. 30.12.3 ;τὸ θ. brutality, Pl. Cra. 394e , al.Adv. -ωδῶς, διακεῖσθαι πρὸς ὰλλήλους Isoc. 11.25 , cf. Plb. 15.20.3 ."",""ζῴδια θ.,=θηριόμορφα, Ptol. Tetr. 200 ."",""Medic.,malignant, of ulcers, Phld. Ir. p.44W. , Dsc. 2.108 , Plu. 2.165e , Aret. SA 2.8 ; also of intestinal worms, Hp. Epid. 6.1.11 , 6.2.11 .""]","[""full of wild beasts, infested by them"",""full of ravenous fishes"",""savage"",""brutal"",""brutality"",""malignant""]",[],"[{""biblio"":"""",""quote"":""ἡ θ. Αιβύη""},{""biblio"":""Hdt. | 4.181"",""quote"":""ἡ θ. Αιβύη Hdt. 4.181""},{""biblio"":"""",""quote"":""ὄρεα -έστατα""},{""biblio"":""Id. | 1.110"",""quote"":""ὄρεα -έστατα Id. 1.110""},{""biblio"":"""",""quote"":""ἐπὶ τὸ -έστερον""},{""biblio"":""Id. | HA | 502b4"",""quote"":""ἐπὶ τὸ -έστερον Id. HA 502b4""},{""biblio"":"""",""quote"":""δίαιτα""},{""biblio"":""Hp. | VM | 3"",""quote"":""δίαιτα Hp. VM 3""},{""biblio"":"""",""quote"":""ἡδονή""},{""biblio"":""Pl. | R. | 591c"",""quote"":""ἡδονή Pl. R. 591c""},{""biblio"":"""",""quote"":""βρίμωσις""},{""biblio"":""Phld. | Ir. | p.58W."",""quote"":""βρίμωσις Phld. Ir. p.58W.""},{""biblio"":"""",""quote"":""κατάστασις""},{""biblio"":""OGI | 424.3"",""quote"":""κατάστασις OGI 424.3""},{""biblio"":"""",""quote"":""ὁ θ. ἐν τοῖς ἀνθρώποις σπάνιος""},{""biblio"":""Arist. | EN | 1145a30"",""quote"":""ὁ θ. ἐν τοῖς ἀνθρώποις σπάνιος Arist. EN 1145a30""},{""biblio"":"""",""quote"":""ἡ θ. ἕξις""},{""biblio"":""Id. | EN | 1145a24"",""quote"":""ἡ θ. ἕξις Id. EN 1145a24""},{""biblio"":"""",""quote"":""-έστερος, ἄνθρωπος""},{""biblio"":""Plb. | 30.12.3"",""quote"":""-έστερος, ἄνθρωπος Plb. 30.12.3""},{""biblio"":"""",""quote"":""-ωδῶς, διακεῖσθαι πρὸς ὰλλήλους""},{""biblio"":""Isoc. | 11.25"",""quote"":""-ωδῶς, διακεῖσθαι πρὸς ὰλλήλους Isoc. 11.25""}]","[""Arist. | EN | 1145a30"",""Hdt. | 4.181"",""Hp. | VM | 3"",""Id. | 1.110"",""Id. | EN | 1145a24"",""Id. | HA | 502b4"",""Isoc. | 11.25"",""OGI | 424.3"",""Phld. | Ir. | p.58W."",""Pl. | R. | 591c"",""Plb. | 30.12.3""]",{},[],1,1,0,1,0,5,6,0,22
48771,9,1076,n48771,θηρῐ-ωδία,,ἡ,800,,"[""θηρῐ-ωδία,ἡ,=θηριότης,v.l. in Arist. EN 1145a24 , cf. Sch. E. Or. 518 (written θηρῐ-ώδεια Asp. in EN 130.7 ).""]",[],[],[],[],{},[],1,0,0,0,0,1,0,0,0
48772,9,1077,n48772,θηρῐ́-ωμα,,τό,800,,"[""malignant ulcer(cf. θηρίον 11 ), Cels. 5.28.3 , Dsc. 2.109 , Erot. s.v. τὸ θηριῶδες , Gal. 17(1).948 .""]","[""malignant ulcer""]",[],"[{""biblio"":"""",""quote"":""θηρίον""},{""biblio"":""11"",""quote"":""θηρίον 11""}]","[""11""]",{},"[{""type"":""ref"",""target"":"""",""text"":""τὸ θηριῶδες""},{""type"":"""",""target"":"""",""text"":""s.v. τὸ θηριῶδες""}]",1,1,0,1,1,1,1,0,2
48773,9,1078,n48773,θηρῐ-ώνῠμος,,,800,,"[""named after a wild beast, Eust.ad D.P. 976 .""]","[""named after a wild beast""]",[],[],[],{},[],1,1,0,0,0,1,1,0,0
48774,9,1079,n48774,θηρῐ́-ωσις,,ἡ,800,,"[""turning into a beast, Luc. Salt. 48 .""]","[""turning into a beast""]",[],[],[],{},[],1,1,0,0,0,1,1,0,0
48775,9,1080,n48775,θηρο-βολέω,,,800,,"[""slay wild beasts, S. Ph. 165 (anap.),v.l. in AP 6.186 ( Diocl. ).""]","[""slay wild beasts""]",[],[],[],{},[],1,1,0,0,0,1,1,0,0
48776,9,1081,n48776,θηρό-βορος,,,800,,"[""eaten or torn by wild beasts,κρέας Ps. Phoc. 147 ;θ. θάνατος death by wild beasts, Man. 4.614 .""]","[""eaten"",""torn by wild beasts"",""by wild beasts""]",[],[],[],{},[],1,1,0,0,0,1,3,0,0
48777,9,1082,n48777,θηρό-βοτος,,,800,,"[""where wild beasts feed, ἐρημοσύνη AP 9.4 ( Cyllen. ), cf. Phalar. Ep. 34 .""]","[""where wild beasts feed""]",[],"[{""biblio"":"""",""quote"":""ἐρημοσύνη""},{""biblio"":""AP | 9.4"",""quote"":""ἐρημοσύνη AP 9.4""}]","[""AP | 9.4""]",{},[],1,1,0,1,0,1,1,0,2
48778,9,1083,n48778,θηρό-βρομος,,,800,,"[""heralded by the roar of wild beasts, epith. of Hecate, Orph. H. 1.6 .""]","[""heralded by the roar of wild beasts""]",[],[],[],{},[],1,1,0,0,0,1,1,0,0
48779,9,1084,n48779,θηρό-βρωτος,,,800,,"[""v.l. θηριοβρ- ).""]",[],[],[],[],{},"[{""type"":""ref"",""target"":"""",""text"":""θηριοβρ-""},{""type"":"""",""target"":"""",""text"":""v.l. θηριοβρ-""}]",1,0,0,0,1,1,0,0,0
48780,9,1085,n48780,θηρό-δηκτος,,,800,,"[""stung by a serpent, Sch. S. Ph. 696 .""]","[""stung by a serpent""]",[],[],[],{},[],1,1,0,0,0,1,1,0,0
48781,9,1086,n48781,θηρο-δῐδασκᾰλία,,ἡ,800,,"[""taming, training of wild beasts, Man. 4.245 .""]","[""taming, training of wild beasts""]",[],[],[],{},[],1,1,0,0,0,1,1,0,0
48782,9,1087,n48782,θηρο-δίωξ,,ὁ,800,,"[""hunter, Choerob. in Theod. 1.296 , EM 451.23 .""]","[""hunter""]",[],[],[],{},[],1,1,0,0,0,1,1,0,0
48783,9,1088,n48783,θηρο-ειδής,,,800,,"[""having the forms of wild beasts, Hsch.""]","[""having the forms of wild beasts""]",[],[],[],{},[],1,1,0,0,0,1,1,0,0
48784,9,1089,n48784,θηρο-ζῠγοκαμψῐμέτωπος,,,800,,"[""= ὁ θῆρας ζυγῶν καὶ κάμπτων τὰ μέτωπα , a word formed as part of a verse containing all the letters, AP 9.538 .""]",[],[],[],[],{},"[{""type"":""ref"",""target"":"""",""text"":""ὁ θῆρας ζυγῶν καὶ κάμπτων τὰ μέτωπα""},{""type"":"""",""target"":"""",""text"":""= ὁ θῆρας ζυγῶν καὶ κάμπτων τὰ μέτωπα""}]",1,0,0,0,1,1,0,0,0
48785,9,1090,n48785,θηρο-θήρας,,ὁ,800,,"[""hunter, Hsch.""]","[""hunter""]",[],[],[],{},[],1,1,0,0,0,1,1,0,0
48786,9,1091,n48786,θηρό-θῡμος,,,800,,"[""with brutal mind, brutal, APl. 3.25 ( Phil. ).""]","[""with brutal mind, brutal,""]",[],[],[],{},[],1,1,0,0,0,1,1,0,0
48787,9,1092,n48787,θηρο-κόμος,,,800,,"[""keeping wild beasts or camels, Hld. 10.27 .""]","[""keeping wild beasts"",""camels""]",[],[],[],{},[],1,1,0,0,0,1,2,0,0
48788,9,1093,n48788,θηρο-κτόνος,,,800,,"[""killing wild beasts, epith. of Heracles, IG 5(2).91 (Tegea); of Artemis, E. IA 1570 , Corn. ND 3 , Porph. Abst. 1.22 ;ἐν φοναῖς θ.in the chase, E. Hel. 154 .""]","[""killing wild beasts""]",[],[],[],{},[],1,1,0,0,0,1,1,0,0
48789,9,1094,n48789,θηρο-λέξης,,ὁ,800,,"[""word-chaser, Hsch.""]","[""word-chaser""]",[],[],[],{},[],1,1,0,0,0,1,1,0,0
48790,9,1095,n48790,θηρ-ολετέω,,,800,,"[""destroy wild beasts, Eust. 561.3 , Dosith. p.432 K.""]","[""destroy wild beasts""]",[],[],[],{},[],1,1,0,0,0,1,1,0,0
48791,9,1096,n48791,θηρ-ολέτης,,ὁ,800,,"[""slayer of beasts, Hsch. ;ὄζος ὁ θ., of the club of Heracles, APl. 4.104 ( Phil. ):—fem.θηρ-ολέτις,ιδος, cj. for θηρότις, Hsch.""]","[""slayer of beasts""]",[],[],[],{},[],1,1,0,0,0,1,1,0,0
48792,9,1097,n48792,θηρο-μᾰχία,,ἡ,800,,"[""venatio, Mon.Anc.Gr. 19.7 , OGI 533.48 (Ancyra), IGRom. 3.631 (Xanthus).""]","[""venatio,""]",[],[],[],{},[],1,1,0,0,0,1,1,0,0
48793,9,1098,n48793,θηρο-μῐγής,,,800,,"[""half-beast,φῦλα θ., of centaurs, Opp. C. 2.6 ;θ. τις ὠρυγή a cry as of beasts, Plu. Mar. 20 .""]","[""half-beast"",""as of beasts""]",[],[],[],{},[],1,1,0,0,0,1,2,0,0
48794,9,1099,n48794,θηρό-μικτος,,,800,,"[""δαίμων Lyc. 963 .""]",[],[],"[{""biblio"":"""",""quote"":""δαίμων""},{""biblio"":""Lyc. | 963"",""quote"":""δαίμων Lyc. 963""}]","[""Lyc. | 963""]",{},[],1,0,0,1,0,1,0,0,2
48795,9,1100,n48795,θηρο-νόμος,,,800,,"[""feeding or tending wild beasts, of a mountain, AP 6.111 (Antip.); of Pan, Castorio 2 ."",""guiding them, μάστιξ Nonn. D. 11.122 .""]","[""feeding"",""tending wild beasts"",""guiding them""]",[],"[{""biblio"":"""",""quote"":""μάστιξ""},{""biblio"":""Nonn. | D. | 11.122"",""quote"":""μάστιξ Nonn. D. 11.122""}]","[""Nonn. | D. | 11.122""]",{},[],1,1,0,1,0,2,3,0,2
48796,9,1101,n48796,θηρό-πεπλος,,,800,,"[""clad in the skins of beasts, Orph. H. 69.7 ;θ. μανία the mad fancy of wearing skins, Cerc. 10 , Stratonic. ap. Timae. 80 .""]","[""clad in the skins of beasts"",""of wearing skins""]",[],[],[],{},[],1,1,0,0,0,1,2,0,0
48797,9,1102,n48797,θηρο-πλαστέω,,,800,,"[""to make beasts, Tz.ad Lyc. 673 .""]","[""to make beasts""]",[],[],[],{},[],1,1,0,0,0,1,1,0,0
48798,9,1103,n48798,θηρό-πλαστος,,,800,,"[""changing into beasts, of Circe, Lyc. 673 .""]","[""changing into beasts""]",[],[],[],{},[],1,1,0,0,0,1,1,0,0
48799,9,1104,n48799,θηρο-σκόπος,,,800,,"[""looking out for wild beasts, epith. of Artemis, h.Hom. 27.11 , B. 10.107 , AP 6.240 ( Phil. ).""]","[""looking out for wild beasts""]",[],[],[],{},[],1,1,0,0,0,1,1,0,0
48800,9,1105,n48800,θηροσύνη,,ἡ,800,,"[""the chase, Opp. C. 4.43 (pl.), AP 6.167 ( Agath. ).""]","[""the chase""]",[],[],[],{},[],1,1,0,0,0,1,1,0,0
48801,9,1106,n48801,θηρότις:,,,800,,"[""θηρότις: θηρεύτρια, Hsch.""]",[],[],[],[],{},[],1,0,0,0,0,1,0,0,0
48802,9,1107,n48802,θηρο-τόκος,,,800,,"[""producing beasts, ἄγκεα AP 6.186 ( Diocl. ).""]","[""producing beasts""]",[],"[{""biblio"":"""",""quote"":""ἄγκεα""},{""biblio"":""AP | 6.186"",""quote"":""ἄγκεα AP 6.186""}]","[""AP | 6.186""]",{},[],1,1,0,1,0,1,1,0,2
48803,9,1108,n48803,θηρο-τροφέω,,,800,,"[""= θηριοτροφέω , Aristaenet. 2.20 .""]",[],[],[],[],{},"[{""type"":""ref"",""target"":"""",""text"":""θηριοτροφέω""},{""type"":"""",""target"":"""",""text"":""= θηριοτροφέω""}]",1,0,0,0,1,1,0,0,0
48804,9,1109,n48804,θηρο-τρόφος,,,800,,"[""feeding wild beasts, ἀνήρ IGRom. 4.826 (Hierapolis); of places, E. Ba. 556 (lyr.), A.R. 4.1561 , Longus 1.1 ; of Tethys, Orph. H. 22.6 ."",""proparox.,θηρότροφος, Pass. ,feeding on beasts, δράκων E. Ph. 820 (hex.).""]","[""feeding wild beasts"",""feeding on beasts""]",[],"[{""biblio"":"""",""quote"":""ἀνήρ""},{""biblio"":""IGRom. | 4.826"",""quote"":""ἀνήρ IGRom. 4.826""},{""biblio"":"""",""quote"":""δράκων""},{""biblio"":""E. | Ph. | 820"",""quote"":""δράκων E. Ph. 820""}]","[""E. | Ph. | 820"",""IGRom. | 4.826""]",{},[],1,1,0,1,0,2,2,0,4
48805,9,1110,n48805,θηρό-τῠπος,,,800,,"[""in the form of a beast, Orph. H. 24.5 , 39.8 .""]","[""in the form of a beast""]",[],[],[],{},[],1,1,0,0,0,1,1,0,0
48806,9,1111,n48806,θηρο-φᾰνής,,,800,,"[""appearing like a beast, Procl.ad Hes. Op. 151 .""]","[""appearing like a beast""]",[],[],[],{},[],1,1,0,0,0,1,1,0,0
48807,9,1112,n48807,θηρο-φονεύς,,ὁ,800,,"[""slayer of beasts, Opp. C. 1.538 .""]","[""slayer of beasts""]",[],[],[],{},[],1,1,0,0,0,1,1,0,0
48808,9,1113,n48808,θηρο-φονέω,,,800,,"[""slay beasts, ib. 4.24 .""]","[""slay beasts""]",[],[],[],{},[],1,1,0,0,0,1,1,0,0
48809,9,1114,n48809,θηρο-φόνος,,τό,800,,"[""killing wild beasts, epith. of Artemis, Thgn. l.c., Ar. l.c.; θεά E. HF 378 (lyr.); of Apollo, AP 9.525.9 ;θεός, i.e. Hadrian, Pancrat. Oxy. 1085.31 ; κύνες E. Hipp. 216 (anap.)."",""θ.,τό , v.l. for θηλυφόνον , Dsc. 4.76 .""]","[""killing wild beasts""]",[],"[{""biblio"":"""",""quote"":""θεά""},{""biblio"":""E. | HF | 378"",""quote"":""θεά E. HF 378""},{""biblio"":"""",""quote"":""κύνες""},{""biblio"":""E. | Hipp. | 216"",""quote"":""κύνες E. Hipp. 216""}]","[""E. | HF | 378"",""E. | Hipp. | 216""]",{},"[{""type"":""ref"",""target"":"""",""text"":""θηλυφόνον""},{""type"":"""",""target"":"""",""text"":""v.l. for θηλυφόνον""}]",1,1,0,1,1,2,1,0,4
48810,9,1115,n48810,θηρο-φόρος,,,800,,"[""producing game, prob. l. AP 14.24 .""]","[""producing game""]",[],[],[],{},[],1,1,0,0,0,1,1,0,0
48811,9,1116,n48811,θηρο-φύλαξ,,ὁ,800,,"[""huntsman, PPetr. 3p.321 (iii B.C.), Sammelb. 286.3 .""]","[""huntsman,""]",[],[],[],{},[],1,1,0,0,0,1,1,0,0
48812,9,1117,n48812,θηρό-χλαινος,,,800,,"[""clad in the skins of beasts, Lyc. 871 .""]","[""clad in the skins of beasts""]",[],[],[],{},[],1,1,0,0,0,1,1,0,0
48813,9,1118,n48813,θής,Adj.,ὁ,800,,"[""serf, bondsman, θῆτές τε δμῶές τε Od. 4.644 ; later,hired labourer, θῆτά τ' ἄοικον ποιεῖσθαι Hes. Op. 602 ; μισθωτοὺς καὶ θῆτας Pl. Plt. 290a ;βάναυσοι καὶ θ.(opp.δοῦλοι) Arist. Pol. 1278a13 ."",""at Athens, members of the fourth class in the constitution of Solon, IG 12.45 , Arist. Ath. 7.3 , Th. 6.43 , Poll. 3.82 ."",""v. θάτας."",""fem.θῆσσα, later Att. θῆττα,ἡ,hired servant-girl, opp.ἐπίκληρος, Posidipp. 35 ; θ. γυνή A.R. 1.193 , cf. Ant.Lib. 25.3 ."",""as Adj.,=θητική, θῆσσα τράπεζα menial fare, E. Alc. 2 ; θ. ἑστία Id. El. 205 (lyr.).""]","[""serf, bondsman"",""hired labourer"",""hired servant-girl"",""menial""]",[],"[{""biblio"":"""",""quote"":""θῆτές τε δμῶές τε""},{""biblio"":""Od. | 4.644"",""quote"":""θῆτές τε δμῶές τε Od. 4.644""},{""biblio"":"""",""quote"":""θῆτά τ' ἄοικον ποιεῖσθαι""},{""biblio"":""Hes. | Op. | 602"",""quote"":""θῆτά τ' ἄοικον ποιεῖσθαι Hes. Op. 602""},{""biblio"":"""",""quote"":""μισθωτοὺς καὶ θῆτας""},{""biblio"":""Pl. | Plt. | 290a"",""quote"":""μισθωτοὺς καὶ θῆτας Pl. Plt. 290a""},{""biblio"":"""",""quote"":""θ. γυνή""},{""biblio"":""A.R. | 1.193"",""quote"":""θ. γυνή A.R. 1.193""},{""biblio"":"""",""quote"":""θ. ἑστία""},{""biblio"":""Id. | El. | 205"",""quote"":""θ. ἑστία Id. El. 205""}]","[""A.R. | 1.193"",""Hes. | Op. | 602"",""Id. | El. | 205"",""Od. | 4.644"",""Pl. | Plt. | 290a""]",{},"[{""type"":""ref"",""target"":"""",""text"":""θάτας.""},{""type"":"""",""target"":"""",""text"":""v. θάτας.""}]",1,1,0,1,1,5,4,0,10
48814,9,1119,n48814,θῆσαι,,,800,,"[""suckle, Hsch. ; elsewh. Med. ,suck; Hom. has pres. inf.,ἀλλ' αἰεὶ παρέχουσιν ἐπηετανὸν γάλα θῆσθαι they give milk to suck the year round, Od. 4.89 :aor. 1,θήσατο μαζόν he sucked the breast, Il. 24.58 , cf. Call. Jov. 48 ;part., θησάμενος having sucked, h.Cer. 236 ; γάλα Call. Sos. vii. 4 ; but,"",""suckle, Ἀπόλλωνα θήσατο μήτηρ h.Ap. 123 . (I.- E. dhē-'suck', cf.θηλή, θῆλυς, Lett.dēt'suck', Skt.dháyati, Goth.daddjan'suckle', Lat.fēlare, filius.)""]","[""suckle"",""suck"",""to suck"",""sucked"",""having sucked,"",""suckle"",""dhē-"",""dēt"",""dháyati"",""daddjan"",""fēlare, filius.""]",[],"[{""biblio"":"""",""quote"":""θησάμενος""},{""biblio"":""h.Cer. | 236"",""quote"":""θησάμενος having sucked, h.Cer. 236""},{""biblio"":"""",""quote"":""γάλα""},{""biblio"":""Call. | Sos."",""quote"":""γάλα Call. Sos.""},{""biblio"":"""",""quote"":""Ἀπόλλωνα θήσατο μήτηρ""},{""biblio"":""h.Ap. | 123"",""quote"":""Ἀπόλλωνα θήσατο μήτηρ h.Ap. 123""}]","[""Call. | Sos."",""h.Ap. | 123"",""h.Cer. | 236""]",{},[],1,1,0,1,0,2,11,0,6
48815,9,1120,n48815,θησαυρ-ίζω,,,800,,"[""store, treasure up, ἐν ἀσφαλείῃ τὰ χρήματα θ. Hdt. 2.121 .ά; θ. τὸν νεκρὸν ἐν οἰκήματι to lay it by, ib. 86 ;φάρμακα, σῖτα θ. παρ' αὑτῷ, X. Cyr. 8.2.24 , etc.; of fruits,lay up in store, preserve, pickle, [ καυλοὺς] ἐν ἅλμῃ Thphr. HP 6.4.10 ;τὸ ἔλαιον θ. [τὰς ὀσμάς]preserves its smell, Id. CP 6.19.3 :— Pass. , ῥὰξ εὖ τεθησαυρισμένη S. Fr. 398.2 ; [ ἡ ἐβένη] τὴν χρόαν οὐ -ομένη λαμβάνει τὴν εὔχρουν ἀλλ' εὐθὺς τῇ φύσει Thphr. HP 4.4.6 , cf. 3.12.5 ; ἡ τεθησαυρισμένη τῶν ἀρωμάτων ἀπόλαυσις Agatharch. 97 ; τὸ θησαυρισθέν IG 14.423 ii 37 (Tauromenium)."",""abs.,hoard, lay up treasure, Phld. Oec. p.71J. , Ep.Jac. 5.3 ; ἑαυτῷ Ev.Luc. 12.21 ."",""metaph., θ. σεαυτῷ ὀργήν Ep.Rom. 2.5 ; θ. θησαυροὺς ἐν οὐρανῷ Ev.Matt. 6.20 ;θ. εὐτυχίαν lay up a store of . ., App. Sam. 4.3 :— Med. ,store up for oneself, ἑαυτῷ ὑπομνήματα Pl. Phdr. 276d , cf. Isoc. 15.229 :— Pass. , τεθησαυρισμένος κατά τινος φθόνος D.S. 20.36 ; χάριτας -ισθησομένας Id. 1.90 ;to be reserved, πυρί 2 Ep.Pet. 3.7 .""]","[""store, treasure up"",""to lay"",""by"",""lay up in store, preserve, pickle"",""preserves"",""hoard, lay up treasure"",""lay up a store of . ."",""store up for oneself"",""to be reserved""]",[],"[{""biblio"":"""",""quote"":""ἐν ἀσφαλείῃ τὰ χρήματα θ.""},{""biblio"":""Hdt. | 2.121"",""quote"":""ἐν ἀσφαλείῃ τὰ χρήματα θ. Hdt. 2.121""},{""biblio"":"""",""quote"":""καυλοὺς] ἐν ἅλμῃ""},{""biblio"":""Thphr. | HP | 6.4.10"",""quote"":""καυλοὺς] ἐν ἅλμῃ Thphr. HP 6.4.10""},{""biblio"":"""",""quote"":""ῥὰξ εὖ τεθησαυρισμένη""},{""biblio"":""S. | Fr. | 398.2"",""quote"":""ῥὰξ εὖ τεθησαυρισμένη S. Fr. 398.2""},{""biblio"":"""",""quote"":""ἡ ἐβένη] τὴν χρόαν οὐ -ομένη λαμβάνει τὴν εὔχρουν ἀλλ' εὐθὺς τῇ φύσει""},{""biblio"":""Thphr. | HP | 4.4.6"",""quote"":""ἡ ἐβένη] τὴν χρόαν οὐ -ομένη λαμβάνει τὴν εὔχρουν ἀλλ' εὐθὺς τῇ φύσει Thphr. HP 4.4.6""},{""biblio"":"""",""quote"":""ἡ τεθησαυρισμένη τῶν ἀρωμάτων ἀπόλαυσις""},{""biblio"":""Agatharch. | 97"",""quote"":""ἡ τεθησαυρισμένη τῶν ἀρωμάτων ἀπόλαυσις Agatharch. 97""},{""biblio"":"""",""quote"":""τὸ θησαυρισθέν""},{""biblio"":""IG | 14.423"",""quote"":""τὸ θησαυρισθέν IG 14.423""},{""biblio"":"""",""quote"":""ἑαυτῷ""},{""biblio"":""Ev.Luc. | 12.21"",""quote"":""ἑαυτῷ Ev.Luc. 12.21""},{""biblio"":"""",""quote"":""θ. σεαυτῷ ὀργήν""},{""biblio"":""Ep.Rom. | 2.5"",""quote"":""θ. σεαυτῷ ὀργήν Ep.Rom. 2.5""},{""biblio"":"""",""quote"":""θ. θησαυροὺς ἐν οὐρανῷ""},{""biblio"":""Ev.Matt. | 6.20"",""quote"":""θ. θησαυροὺς ἐν οὐρανῷ Ev.Matt. 6.20""},{""biblio"":"""",""quote"":""ἑαυτῷ ὑπομνήματα""},{""biblio"":""Pl. | Phdr. | 276d"",""quote"":""ἑαυτῷ ὑπομνήματα Pl. Phdr. 276d""},{""biblio"":"""",""quote"":""τεθησαυρισμένος κατά τινος φθόνος""},{""biblio"":""D.S. | 20.36"",""quote"":""τεθησαυρισμένος κατά τινος φθόνος D.S. 20.36""},{""biblio"":"""",""quote"":""χάριτας -ισθησομένας""},{""biblio"":""Id. | 1.90"",""quote"":""χάριτας -ισθησομένας Id. 1.90""},{""biblio"":"""",""quote"":""πυρί""},{""biblio"":""2 Ep.Pet. | 3.7"",""quote"":""πυρί 2 Ep.Pet. 3.7""}]","[""2 Ep.Pet. | 3.7"",""Agatharch. | 97"",""D.S. | 20.36"",""Ep.Rom. | 2.5"",""Ev.Luc. | 12.21"",""Ev.Matt. | 6.20"",""Hdt. | 2.121"",""IG | 14.423"",""Id. | 1.90"",""Pl. | Phdr. | 276d"",""S. | Fr. | 398.2"",""Thphr. | HP | 4.4.6"",""Thphr. | HP | 6.4.10""]",{},[],1,1,0,1,0,3,9,0,26
48816,9,1121,n48816,θησαυρ-ικός,,τό,800,,"[""of the public granary, μέτρον PLips. 97v7 (iv A.D.)."",""θησαυρικόν,τό ,charge for use of granary, PRyl. 213.3 (ii A.D.), al."",""v. θησαυριστικός .""]","[""of the public granary"",""charge for use of granary,""]",[],"[{""biblio"":"""",""quote"":""μέτρον""},{""biblio"":""PLips. | 97v7"",""quote"":""μέτρον PLips. 97v7""}]","[""PLips. | 97v7""]",{},"[{""type"":""ref"",""target"":"""",""text"":""θησαυριστικός""},{""type"":"""",""target"":"""",""text"":""v. θησαυριστικός""}]",1,1,0,1,1,3,2,0,2
48817,9,1122,n48817,θησαύρ-ισμα,,τό,800,,"[""store, treasure, S. Ph. 37 , E. El. 497 , Ion 1394 , Vett.Val. 352.5 : metaph., θ. κακῶν Democr. 149 .""]","[""store, treasure""]",[],"[{""biblio"":"""",""quote"":""θ. κακῶν""},{""biblio"":""Democr. | 149"",""quote"":""θ. κακῶν Democr. 149""}]","[""Democr. | 149""]",{},[],1,1,0,1,0,1,1,0,2
48818,9,1123,n48818,θησαυρ-ισμός,,ὁ,800,,"[""laying up in store, χρημάτων Arist. Pol. 1256b28 , cf. Phld. Oec. p.71 J. ;preservation, keeping, ὀσμῶν Thphr. Od. 14 , cf. HP 8.11.1 ;θ. φαντασιῶν, definition of memory, Zeno Stoic. 1.19 .""]","[""laying up in store"",""preservation, keeping""]",[],"[{""biblio"":"""",""quote"":""χρημάτων""},{""biblio"":""Arist. | Pol. | 1256b28"",""quote"":""χρημάτων Arist. Pol. 1256b28""},{""biblio"":"""",""quote"":""ὀσμῶν""},{""biblio"":""Thphr. | Od. | 14"",""quote"":""ὀσμῶν Thphr. Od. 14""}]","[""Arist. | Pol. | 1256b28"",""Thphr. | Od. | 14""]",{},[],1,1,0,1,0,1,2,0,4
48819,9,1124,n48819,θησαυρ-ιστέον,,,800,,"[""one must store up, τὸ πλεονάζον τοῦ καρποῦ Ph. 2.57 .""]","[""one must store up""]",[],"[{""biblio"":"""",""quote"":""τὸ πλεονάζον τοῦ καρποῦ""},{""biblio"":""Ph. | 2.57"",""quote"":""τὸ πλεονάζον τοῦ καρποῦ Ph. 2.57""}]","[""Ph. | 2.57""]",{},[],1,1,0,1,0,1,1,0,2
48820,9,1125,n48820,θησαυρ-ιστής,,ὁ,800,,"[""one who lays up in store, Poll. 3.115 .""]","[""one who lays up in store""]",[],[],[],{},[],1,1,0,0,0,1,1,0,0
48821,9,1126,n48821,θησαυρ-ιστικός,,,800,,"[""accustomed to lay up in store, [ ζῷα] τροφῆς θησαυριστικά Arist. HA 488a20 ; prob.l. for θησαυρικός(=miserly), Ptol. Tetr. 158 .""]","[""accustomed to lay up in store"",""miserly""]",[],"[{""biblio"":"""",""quote"":""ζῷα] τροφῆς θησαυριστικά""},{""biblio"":""Arist. | HA | 488a20"",""quote"":""ζῷα] τροφῆς θησαυριστικά Arist. HA 488a20""}]","[""Arist. | HA | 488a20""]",{},[],1,1,0,1,0,1,2,0,2
48822,9,1127,n48822,θησαυρο-ποιέω,,,801,,"[""make stores, Poll. 3.116 .""]","[""make stores""]",[],[],[],{},[],1,1,0,0,0,1,1,0,0
48823,9,1128,n48823,θησαυρο-ποιός,,,801,,"[""laying up in store, Pl. R. 554a .""]","[""laying up in store""]",[],[],[],{},[],1,1,0,0,0,1,1,0,0
48824,9,1129,n48824,θησαυρός,,ὁ,801,,"[""store, treasure, Ar. Av. 599 , etc.;θ. χθονός, of the silvermines of Laureion, A. Pers. 238 (troch.); θ. εὑρεῖν Arist. Pol. 1303b35 ;ἄνθρακες ὁ θ., prov., 'apples of Sodom', freq. in Luc. Zeux. 2 , al.; σποδὸς οἱ θ. γενήσονται Alciphr. 2.3.13 : metaph., θ. γλώσσης φειδωλῆς Hes. Op. 719 ; θ. ὕμνων Pi. P. 6.8 ; κακῶν E. Ion 923 , cf. Hp. Lex ;κόμας . . , ἱκτήριον θ. S. Aj. 1175 ;Διὸς θ., of a tomb marking the fall of a thunderbolt, E. Supp. 1010 ;οἰωνοῖς γλυκὺν θ., of a dead body, S. Ant. 30 ; of learning, θ., οὓς κατέλιπον ἐν βιβλίοις X. Mem. 1.6.14 ;σοφίας θ. Pl. Phlb. 15e , Ep.Col. 2.3 ; χρημάτων καὶ τιμῶν Pl. Mx. 247b ; καλὸς θ. παρ' ἀνδρὶ σπουδαίῳ χάρις Isoc. 1.29 ; ἐκ τοῦ ἀγαθοῦ θ. τῆς καρδίας Ev.Luc. 6.45 ."",""strong-room, magazine, Hdt. 2.150 , SIG 419.17 (Delph.,iii B.C.), LXX De. 32.34 , etc.; esp. of the treasuries built at Delphi by Greek cities, SIG 8 (vi B.C.), Hdt. 1.14 , al., X. An. 5.3.5 , Str. 4.1.13 , etc.;vaults of a bank, PLips. 62ii 14 (iv A.D.)."",""granary, PCair.Zen. 232.4 (iii B.C.), Wilcken Chr. 385.27 (iii B.C.), 192 (i A.D.), etc.;οἱ δημόσιοι θ. PRyl. 90.9 (iii A.D.), cf. POxy. 2119.3 (iii A.D.)."",""receptacle for valuables,safe, casket, Hdt. 7.190 , 9.106 , Ev.Matt. 2.11 ;θ. βελέεσσιν, of a quiver, A. Pers. 1022 (lyr.)."",""offertory-box(for its form,v. IG 9(2).590 ), IG 7.235.23 (Oropus,iv B.C.), 12(3).443 (Thera,iii B.C.), Jahrb. 16.162 note 13 (Rhodes,iii B.C.), Schwyzer 89 (Argos,iii B.C.), SIG 1015.30 (Halic.), PTeb. 6.27 (ii B.C.), IG 5(1).1390.89 (Andania,i B.C.);σπονδεῖον ἢ θ.coin-in-the-slot machine which sold holy water, Hero Spir. 1.21 ."",""cavern, S. Ichn. 276 ;subterranean dungeon, Plu. Phil. 19 .""]","[""store, treasure"",""strong-room, magazine"",""treasuries"",""vaults"",""granary,"",""receptacle"",""safe, casket"",""offertory-box"",""coin-in-the-slot machine"",""cavern"",""subterranean dungeon""]",[],"[{""biblio"":"""",""quote"":""θ. εὑρεῖν""},{""biblio"":""Arist. | Pol. | 1303b35"",""quote"":""θ. εὑρεῖν Arist. Pol. 1303b35""},{""biblio"":"""",""quote"":""σποδὸς οἱ θ. γενήσονται""},{""biblio"":""Alciphr. | 2.3.13"",""quote"":""σποδὸς οἱ θ. γενήσονται Alciphr. 2.3.13""},{""biblio"":"""",""quote"":""θ. γλώσσης φειδωλῆς""},{""biblio"":""Hes. | Op. | 719"",""quote"":""θ. γλώσσης φειδωλῆς Hes. Op. 719""},{""biblio"":"""",""quote"":""θ. ὕμνων""},{""biblio"":""Pi. | P. | 6.8"",""quote"":""θ. ὕμνων Pi. P. 6.8""},{""biblio"":"""",""quote"":""κακῶν""},{""biblio"":""E. | Ion | 923"",""quote"":""κακῶν E. Ion 923""},{""biblio"":"""",""quote"":""θ., οὓς κατέλιπον ἐν βιβλίοις""},{""biblio"":""X. | Mem. | 1.6.14"",""quote"":""θ., οὓς κατέλιπον ἐν βιβλίοις X. Mem. 1.6.14""},{""biblio"":"""",""quote"":""χρημάτων καὶ τιμῶν""},{""biblio"":""Pl. | Mx. | 247b"",""quote"":""χρημάτων καὶ τιμῶν Pl. Mx. 247b""},{""biblio"":"""",""quote"":""καλὸς θ. παρ' ἀνδρὶ σπουδαίῳ χάρις""},{""biblio"":""Isoc. | 1.29"",""quote"":""καλὸς θ. παρ' ἀνδρὶ σπουδαίῳ χάρις Isoc. 1.29""},{""biblio"":"""",""quote"":""ἐκ τοῦ ἀγαθοῦ θ. τῆς καρδίας""},{""biblio"":""Ev.Luc. | 6.45"",""quote"":""ἐκ τοῦ ἀγαθοῦ θ. τῆς καρδίας Ev.Luc. 6.45""}]","[""Alciphr. | 2.3.13"",""Arist. | Pol. | 1303b35"",""E. | Ion | 923"",""Ev.Luc. | 6.45"",""Hes. | Op. | 719"",""Isoc. | 1.29"",""Pi. | P. | 6.8"",""Pl. | Mx. | 247b"",""X. | Mem. | 1.6.14""]",{},[],1,1,0,1,0,6,11,0,18
48825,9,1130,n48825,θησαυρο-φῠλᾰκέω,,,801,,"[""lay by, store up, ἀργύριον Ph. 2.215 ; μνήμας Id. 1.237 :— Pass. , ib. 338 ."",""to be a treasurer, D.S. 19.15 .""]","[""lay by, store up"",""to be a treasurer""]",[],"[{""biblio"":"""",""quote"":""ἀργύριον""},{""biblio"":""Ph. | 2.215"",""quote"":""ἀργύριον Ph. 2.215""},{""biblio"":"""",""quote"":""μνήμας""},{""biblio"":""Id. | 1.237"",""quote"":""μνήμας Id. 1.237""}]","[""Id. | 1.237"",""Ph. | 2.215""]",{},[],1,1,0,1,0,2,2,0,4
48826,9,1131,n48826,θησαυρο-φῠλᾰκικόν,,τό,801,,"[""tax levied for the protection of granaries, PTeb. 68.89 , 61 (b). 317 (ii B.C.).""]","[""tax levied for the protection of granaries,"",""b""]",[],[],[],{},[],1,1,0,0,0,1,2,0,0
48827,9,1132,n48827,θησαυρο-φῠλάκιον,,τό,801,,"[""treasury, Artem. 1.74 , Them. Or. 7.91d .""]","[""treasury""]",[],[],[],{},[],1,1,0,0,0,1,1,0,0
48828,9,1133,n48828,θησαυρο-φύλαξ,,ὁ,801,,"[""treasurer, LXX Es. 5.14 , D.S. 18.58 , Polyaen. 4.9.4 , Arr. Ind. 12.7 (pl.), Vett.Val. 85.23 ."",""guard of the state-granaries, PCair.Zen. 292.155 (iii B.C.), PTeb. 90.40 (i B.C.), POxy. 522.9 (ii A.D.).""]","[""treasurer"",""guard of the state-granaries,""]",[],[],[],{},[],1,1,0,0,0,2,2,0,0
48829,9,1134,n48829,θησαυρώδης,,,801,,"[""filled with treasure, τάφοι Philostr. VA 7.23.1 .""]","[""filled with treasure""]",[],"[{""biblio"":"""",""quote"":""τάφοι""},{""biblio"":""Philostr. | VA | 7.23.1"",""quote"":""τάφοι Philostr. VA 7.23.1""}]","[""Philostr. | VA | 7.23.1""]",{},[],1,1,0,1,0,1,1,0,2
48830,9,1135,n48830,Θησεῖδαι,,οἱ,801,,"[""sons of Theseus, i.e.Athenians, S. OC 1066 (lyr.).""]","[""sons of Theseus""]",[],[],[],{},[],1,1,0,0,0,1,1,0,0
48831,9,1136,n48831,θησειομύζων,,,801,,"[""θησειομύζων, sine expl., Ar. Fr. 459 (Et.Gen.).""]",[],[],[],[],{},[],1,0,0,0,0,1,0,0,0
48832,9,1137,n48832,Θησεῖον,,τό,801,,"[""temple of Theseus, a sanctuary (ἄσυλον) for criminals and slaves, Ar. Eq. 1312 , Fr. 567 :—also Θησέον, Pherecr. 49 (cf.Et.Gen.)."",""Θησεῖα,τά,festival of Theseus, Ar. Pl. 627 :—also Θησέα, SIG 1029.78 (iv B.C.)."",""θησεῖον,τό,holewort, Corydalis densiflora, Thphr. HP 7.12.3 , Plin. HN 21.107 .""]","[""temple of Theseus"",""festival of Theseus"",""holewort, Corydalis densiflora""]","[""ἄσυλον""]",[],[],{},[],1,1,1,0,0,3,3,1,0
48833,9,1138,n48833,Θησειότριψ,,ὁ,801,,"[""one who is always in the Theseum, i.e.a runaway slave, Ar. Fr. 458 .""]","[""one who is always in the Theseum"",""a runaway slave""]","[""τρίβω""]",[],[],{},[],1,1,1,0,0,1,2,1,0
48834,9,1139,n48834,θησεύμεθα,,,801,,"[""θησεύμεθα, Dor. fut. Med. of τίθημι.""]",[],[],[],[],{},[],1,0,0,0,0,1,0,0,0
48835,9,1140,n48835,Θησεύς,,ὁ,801,,"[""Θησέες Pl. Tht. 169b ; Θησεῖς Alciphr. 2.4 .""]",[],[],"[{""biblio"":"""",""quote"":""Θησέες""},{""biblio"":""Pl. | Tht. | 169b"",""quote"":""Θησέες Pl. Tht. 169b""},{""biblio"":"""",""quote"":""Θησεῖς""},{""biblio"":""Alciphr. | 2.4"",""quote"":""Θησεῖς Alciphr. 2.4""}]","[""Alciphr. | 2.4"",""Pl. | Tht. | 169b""]",{},[],1,0,0,1,0,1,0,0,4
48836,9,1141,n48836,Θησηί̈ς,Subst.,,801,,"[""of Theseus, χθών A. Eu. 1026 ."",""Subst.,Theseid, a poem on Theseus, Arist. Po. 1451a20 , D.L. 2.59 ."",""name of a mode of hair-cutting, used by Theseus, Plu. Thes. 5 .""]","[""of Theseus""]",[],"[{""biblio"":"""",""quote"":""χθών""},{""biblio"":""A. | Eu. | 1026"",""quote"":""χθών A. Eu. 1026""}]","[""A. | Eu. | 1026""]",{},[],1,1,0,1,0,3,1,0,2
48837,9,1142,n48837,θῆσθαι,,,801,,"[""v. θῆσαι .""]",[],[],[],[],{},"[{""type"":""ref"",""target"":"""",""text"":""θῆσαι""},{""type"":"""",""target"":"""",""text"":""v. θῆσαι""}]",1,0,0,0,1,1,0,0,0
48838,9,1143,n48838,θησομύζειν,,,801,,"[""f.l. for θησειομύζων , EM 451.52 .""]",[],[],[],[],{},"[{""type"":""ref"",""target"":"""",""text"":""θησειομύζων""},{""type"":"""",""target"":"""",""text"":""f.l. for θησειομύζων""}]",1,0,0,0,1,1,0,0,0
48839,9,1144,n48839,θῆσσα,,,801,,"[""=Lat.tensa, sacred car, Plu. Cor. 25 .""]","[""tensa, sacred car""]",[],[],[],{},[],1,1,0,0,0,1,1,0,0
48840,9,1145,n48840,θήσω:,,,801,,"[""θήσω: ἥσω, αἰτήσω( Boeot. ), Hsch. ;θησόμενοι: αἰτούμενοι, Id.;θησάμενοι: αἰτησάμενοι(Cret.), Id. (Prob. forms of θέσσασθαι, q.v.)""]",[],[],[],[],{},[],1,0,0,0,0,1,0,0,0
48841,9,1146,n48841,θῆτα,,τό,801,,"[""the letter Θ(Hebr.[tnull ]êth), Ar. Ec. 685 , etc.: gen. θήτατος Democr. 20 : nom. pl.θήτατες(tetates) Wessely Schrifttaf. zur ält. lat. Paläogr.No. 8 (ii A.D.); nickname of Aesop (who was a θής), Ptol. Heph. ap. Phot. Bibl. p.151 B.""]","[""the letter"",""[tnull ]êth"",""tetates"",""Schrifttaf. zur ält. lat. Paläogr.""]",[],"[{""biblio"":"""",""quote"":""θήτατος""},{""biblio"":""Democr. | 20"",""quote"":""θήτατος Democr. 20""}]","[""Democr. | 20""]",{},[],1,1,0,1,0,1,4,0,2
48842,9,1147,n48842,θηταλά:,,,801,,"[""θηταλά: θαυμαστά, ψεύδεσιν ὅμοια, Hsch.""]",[],[],[],[],{},[],1,0,0,0,0,1,0,0,0
48843,9,1148,n48843,θητ-εία,,ἡ,801,,"[""hired service, service, S. OT 1029 , Isoc. 14.48 : in pl., ib. 11.38 , D.H. 2.19 ."",""servility, sycophancy, c. gen., θ. ὄχλων ἢ δυναστῶν Epicur. Sent.Vat. 67 .""]","[""hired service, service"",""servility, sycophancy""]","[""θητεύω""]","[{""biblio"":"""",""quote"":""θ. ὄχλων ἢ δυναστῶν""},{""biblio"":""Epicur. | Sent.Vat. | 67"",""quote"":""θ. ὄχλων ἢ δυναστῶν Epicur. Sent.Vat. 67""}]","[""Epicur. | Sent.Vat. | 67""]",{},[],1,1,1,1,0,2,2,1,2
48844,9,1149,n48844,θητ-εῖον,,τό,801,,"[""θητ-εῖον,τό,=μίσθωμα, Μυστάκου θ., title of play by Sopatros, Ath. 4.175c , al. (θητίον codd.).""]",[],[],[],[],{},[],1,0,0,0,0,1,0,0,0
48845,9,1150,n48845,θητ-εύω,,,801,,"[""to be a serf or labourer, Λαομέδοντι . . θητεύσαμεν εἰς ἐνιαυτόν Il. 21.444 , cf. Od. 18.357 ; θητευέμεν ἄλλῳ, ἀνδρὶ παρ' ἀκλήρῳ 11.489 , cf. E. Alc. 6 , Cyc. 77 (lyr.), Pl. Euthphr. 4c , R. 359d , Phld. Piet. 63 ; θ. ἐπὶ μισθῷ παρά τινι Hdt. 8.137 ;θ. εἰς τὸ τεῖχος labour at it, Philostr. Her. 12a . 3 ; θ. Παλλάδι καὶ Παφίῃ serve, AP 5.292.12 (Paul. Sil.).""]","[""to be a serf"",""labourer"",""labour"",""serve,""]",[],"[{""biblio"":"""",""quote"":""Λαομέδοντι . . θητεύσαμεν εἰς ἐνιαυτόν""},{""biblio"":""Il. | 21.444"",""quote"":""Λαομέδοντι . . θητεύσαμεν εἰς ἐνιαυτόν Il. 21.444""},{""biblio"":"""",""quote"":""θητευέμεν ἄλλῳ, ἀνδρὶ παρ' ἀκλήρῳ""},{""biblio"":""11.489"",""quote"":""θητευέμεν ἄλλῳ, ἀνδρὶ παρ' ἀκλήρῳ 11.489""},{""biblio"":"""",""quote"":""θ. ἐπὶ μισθῷ παρά τινι""},{""biblio"":""Hdt. | 8.137"",""quote"":""θ. ἐπὶ μισθῷ παρά τινι Hdt. 8.137""},{""biblio"":"""",""quote"":""θ. Παλλάδι καὶ Παφίῃ""},{""biblio"":""AP | 5.292.12"",""quote"":""θ. Παλλάδι καὶ Παφίῃ serve, AP 5.292.12""}]","[""11.489"",""AP | 5.292.12"",""Hdt. | 8.137"",""Il. | 21.444""]",{},[],1,1,0,1,0,1,4,0,8
48846,9,1151,n48846,θητ-ικός,,,801,,"[""of or for a hireling, menial, ἔργον Arist. Rh. 1367a31 ; βάναυσος ἢ θ. βίος Id. Pol. 1278a21 ;-ωτέρα ργασία ib. 1341b14 ;θ. καὶ δουλικὸν πράττειν ib. 1337b21 ."",""τὸ θ.,=οἱ θῆτες,the class of θῆτες, ib. 1274a21 ,al.;θ. τελεῖν pay on the assessment of a θής at Athens, Id. Ath. 7.4 , Lex ap. D. 43.54 ;θ. τέλος Epigr. ap. Arist. Ath. 7.4 ;τὸ θ. in an army,servants, camp-followers, etc., Arr. Tact. 2.1 ."",""like a θής,servile,πάντες οἱ κόλακες θ. Arist. EN 1125a2 , cf. Luc. Fug. 12 .""]","[""of"",""for a hireling, menial"",""the class of"",""on the assessment of a"",""servants, camp-followers"",""like a"",""servile""]",[],"[{""biblio"":"""",""quote"":""ἔργον""},{""biblio"":""Arist. | Rh. | 1367a31"",""quote"":""ἔργον Arist. Rh. 1367a31""},{""biblio"":"""",""quote"":""βάναυσος ἢ θ. βίος""},{""biblio"":""Id. | Pol. | 1278a21"",""quote"":""βάναυσος ἢ θ. βίος Id. Pol. 1278a21""}]","[""Arist. | Rh. | 1367a31"",""Id. | Pol. | 1278a21""]",{},[],1,1,0,1,0,3,7,0,4
48847,9,1152,n48847,θητόν:,,ἡ,801,,"[""v. θῆσσα .""]",[],[],[],[],{},"[{""type"":""ref"",""target"":"""",""text"":""θῆσσα""},{""type"":"""",""target"":"""",""text"":""v. θῆσσα""}]",1,0,0,0,1,1,0,0,0
48848,9,1153,n48848,θητώνιον,,τό,801,,"[""hire, wages, Suid. :—hence θητωνέω,receive wages, prob. in IG 22.1013.54 .""]","[""hire, wages"",""receive wages""]","[""θής, ὦνος""]",[],[],{},[],1,1,1,0,0,1,2,1,0
48849,9,1154,n48849,θῆτ-θῐ,,,801,,"[""Ἰλιόθι πρό Il. 8.561 ; ἠῶθι πρό 11.50 ."",""termin. of several locative Advs. formed from Substs., Adjs., and Prons.,ἀγρόθι, οἴκοθι, ἄλλοθι, etc., cf. A.D. Adv. 205.35 , al.""]",[],[],"[{""biblio"":"""",""quote"":""Ἰλιόθι πρό""},{""biblio"":""Il. | 8.561"",""quote"":""Ἰλιόθι πρό Il. 8.561""},{""biblio"":"""",""quote"":""ἠῶθι πρό""},{""biblio"":""11.50"",""quote"":""ἠῶθι πρό 11.50""}]","[""11.50"",""Il. | 8.561""]",{},[],1,0,0,1,0,2,0,0,4
48850,9,1155,n48850,θιαγών,,ὁ,801,,"[""θιαγών,όνος,ὁ, an Aetol. sacrificial cake, Nic. Fr. 136 , Hsch.""]",[],[],[],[],{},[],1,0,0,0,0,1,0,0,0
48851,9,1156,n48851,θιακχά:,,,801,,"[""v. θεωρός .θιάσαι: χορεῦσαι, Id.""]",[],[],[],[],{},"[{""type"":""ref"",""target"":"""",""text"":""θεωρός""},{""type"":"""",""target"":"""",""text"":""v. θεωρός""}]",1,0,0,0,1,1,0,0,0
48852,9,1157,n48852,θῐᾰσ-αρχέω,,,801,,"[""to be leader of a θίασος, OGI 529.5 (Sebastopolis,ii A.D.).""]","[""to be leader of a""]",[],[],[],{},[],1,1,0,0,0,1,1,0,0
48853,9,1158,n48853,θῐᾰσ-άρχης,,ὁ,801,,"[""leader of a θίασος, Luc. Peregr. 11 .""]","[""leader of a""]",[],[],[],{},[],1,1,0,0,0,1,1,0,0
48854,9,1159,n48854,θῐᾰσ-εία,,ἡ,801,,"[""revel, Procl. H. 1.21 .""]","[""revel""]",[],[],[],{},[],1,1,0,0,0,1,1,0,0
48855,9,1160,n48855,θῐᾰσ-εύω,,,801,,"[""initiate into the θίασος, Epic.Alex.Adesp. 9i2 ; ὅς με . . κόραις ἐθιάσευς' E. Ion 552 ; θ. χοροῖς Id. Ba. 379 (lyr.):— Pass. ,-εύεται ψυχάν ib. 75 ."",""celebrate Bacchic rites, Str. 12.4.3 .""]","[""initiate into the"",""celebrate Bacchic rites""]",[],"[{""biblio"":"""",""quote"":""ὅς με . . κόραις ἐθιάσευς'""},{""biblio"":""E. | Ion | 552"",""quote"":""ὅς με . . κόραις ἐθιάσευς' E. Ion 552""},{""biblio"":"""",""quote"":""θ. χοροῖς""},{""biblio"":""Id. | Ba. | 379"",""quote"":""θ. χοροῖς Id. Ba. 379""}]","[""E. | Ion | 552"",""Id. | Ba. | 379""]",{},[],1,1,0,1,0,2,2,0,4
48856,9,1161,n48856,θῐᾰσ-ίτης,,ὁ,801,,"[""θῐᾰσ-ίτης[σῑ],ου,ὁ ,=θιασώτης, IG 12(5).872.60 (Tenos), SIG 1108 (Callatis), etc.:—fem.θῐᾰσ-ῖτις,ιδος,ἡ, Kastriotis Κατάλ. περιγραφικός, Γλυπτὰ τοῦ Ἐθνικοῦ Μους. ( 1908 ) No. 1485 (pl., Nicaea,iii/iv A.D.).""]",[],[],[],[],{},[],1,0,0,0,0,1,0,0,0
48857,9,1162,n48857,θῐᾰσ-ῑτικός,,,801,,"[""belonging to a θίασος, χρήματα SIG 1108.9 (Callatis).""]","[""belonging to a""]",[],"[{""biblio"":"""",""quote"":""θίασος, χρήματα""},{""biblio"":""SIG | 1108.9"",""quote"":""θίασος, χρήματα SIG 1108.9""}]","[""SIG | 1108.9""]",{},[],1,1,0,1,0,1,1,0,2
48858,9,1163,n48858,θῐ́ᾰσ-ος,,ὁ,801,,"[""Bacchic revel, rout, Hdt. 4.79 , E. Ba. 680 , Ar. Ra. 156 , etc.; θ. ἄγειν E. Ba. 115 (lyr.); τοὺς . . θ. ἄγων διὰ τῶν ὁδῶν τοὺς ἐστεφανωμένους τῷ μαράθῳ καὶ τῇ λεύκῃ D. 18.260 , cf. Ath. 5.185c , 8.362e ."",""religious guild, confraternity, IG 2.986 , 1663 , 22.1177 , SIG 1044.45 (Halic.), etc."",""generally,company, troop, used by Trag. in lyr., Κενταύρων E. IA 1059 ; ἡλίκων Id. IT 1146 ; Μουσῶν Ar. Th. 41 ;ἐνόπλιος θ., of warriors, E. Ph. 796 ; Κενταυρικὸς καὶ Σατυρικός Pl. Plt. 303d ;τοῦ σοῦ θ. of your company, X. Mem. 2.1.31 ;Ἀσιανῶν ἀκροαμάτων θ. Plu. Ant. 24 ."",""feast, banquet, Id. 2.301f , Cleom. 34 .""]","[""Bacchic revel, rout"",""religious guild, confraternity,"",""company, troop"",""company"",""feast, banquet""]",[],"[{""biblio"":"""",""quote"":""θ. ἄγειν""},{""biblio"":""E. | Ba. | 115"",""quote"":""θ. ἄγειν E. Ba. 115""},{""biblio"":"""",""quote"":""τοὺς . . θ. ἄγων διὰ τῶν ὁδῶν τοὺς ἐστεφανωμένους τῷ μαράθῳ καὶ τῇ λεύκῃ""},{""biblio"":""D. | 18.260"",""quote"":""τοὺς . . θ. ἄγων διὰ τῶν ὁδῶν τοὺς ἐστεφανωμένους τῷ μαράθῳ καὶ τῇ λεύκῃ D. 18.260""},{""biblio"":"""",""quote"":""Κενταύρων""},{""biblio"":""E. | IA | 1059"",""quote"":""Κενταύρων E. IA 1059""},{""biblio"":"""",""quote"":""ἡλίκων""},{""biblio"":""Id. | IT | 1146"",""quote"":""ἡλίκων Id. IT 1146""},{""biblio"":"""",""quote"":""Μουσῶν""},{""biblio"":""Ar. | Th. | 41"",""quote"":""Μουσῶν Ar. Th. 41""},{""biblio"":"""",""quote"":""Κενταυρικὸς καὶ Σατυρικός""},{""biblio"":""Pl. | Plt. | 303d"",""quote"":""Κενταυρικὸς καὶ Σατυρικός Pl. Plt. 303d""}]","[""Ar. | Th. | 41"",""D. | 18.260"",""E. | Ba. | 115"",""E. | IA | 1059"",""Id. | IT | 1146"",""Pl. | Plt. | 303d""]",{},[],1,1,0,1,0,4,5,0,12
48859,9,1164,n48859,θῐᾰσ-ώδης,,ὁ,801,,"[""festive, ἀμφίπολοι Βρομίου Nonn. D. 45.270 .-ών,ῶνος,ὁ ,meeting-place of a θίασος, Hsch.""]","[""festive"",""meeting-place of a""]",[],"[{""biblio"":"""",""quote"":""ἀμφίπολοι Βρομίου""},{""biblio"":""Nonn. | D. | 45.270"",""quote"":""ἀμφίπολοι Βρομίου Nonn. D. 45.270""}]","[""Nonn. | D. | 45.270""]",{},[],1,1,0,1,0,1,2,0,2
48860,9,1165,n48860,θῐᾰσ-ώτης,,ὁ,801,,"[""member of a θίασος, Ar. Ra. 327 (lyr.), Is. 9.30 , IG 22.1237.95 ; θ. καὶ ἐρανισταί Arist. EN 1160a19 ."",""c. gen.,θιασῶται τοῦ θεοῦ τούτου(sc.Ἔρωτος)worshippers of Love, X. Smp. 8.1 ;Ἀφροδίτης οἱ θ. IG 22.1261.23 ;ὁ ἐμὸς θ. my fellow-reveller, E. Ba. 548 (lyr.);οἱ ἑαυτοῦ θ.fellow-members of his θ., IG 22.1237.73 ."",""of Bacchus,leader of θίασοι, AP 9.524.9 ."",""generally,follower, disciple, Luc. Fug. 4 ; Πλάτωνος Them. Or. 2.33c .""]","[""member of a"",""worshippers"",""fellow-reveller"",""fellow-members"",""leader of"",""follower, disciple""]",[],"[{""biblio"":"""",""quote"":""θ. καὶ ἐρανισταί""},{""biblio"":""Arist. | EN | 1160a19"",""quote"":""θ. καὶ ἐρανισταί Arist. EN 1160a19""},{""biblio"":"""",""quote"":""Πλάτωνος""},{""biblio"":""Them. | Or. | 2.33c"",""quote"":""Πλάτωνος Them. Or. 2.33c""}]","[""Arist. | EN | 1160a19"",""Them. | Or. | 2.33c""]",{},[],1,1,0,1,0,4,6,0,4
48861,9,1166,n48861,θῐᾰσ-ωτικός,,,801,,"[""belonging to a θίασος, Arist. Oec. 1346b15 , BCH 50.233 (Thasos).""]","[""belonging to a""]",[],[],[],{},[],1,1,0,0,0,1,1,0,0
48862,9,1167,n48862,θῐᾰσ-ῶτις,,ἡ,801,,"[""θῐᾰσ-ῶτις,ιδος,ἡ, fem. of θιασώτης, Opp. C. 4.298 .""]",[],[],[],[],{},[],1,0,0,0,0,1,0,0,0
48863,9,1168,n48863,θίβεις:,,,801,,"[""θίβεις: γυναῖκές τινες, Hsch.""]",[],[],[],[],{},[],1,0,0,0,0,1,0,0,0
48864,9,1169,n48864,θῖβις,,ἡ,801,,"[""basket plaited from papyrus, PPetr. 3p.145 (iii B.C.), PCair.Zen. 69 (iii B.C.), PGrenf. 1.14.10 (ii B.C.), LXX Ex. 2.3 , 6 , Suid. : the form θίβη given by Hsch. , Phot. ,v.l. in Suid. , is false:θῆβις(sic)τῶν ἄρτων, correction of πρόθεσις τ. ἄ., UPZ 149.21 (iii B.C.):— Hsch. also gives θίβωνος(extra ordinem): κιβωτός( Cypr. ), and θίγωνος: κιβωτοῦ. (Hebr.tēbhāh, from Egypt.dbet'box'.)""]","[""basket"",""tēbhāh"",""dbet""]",[],[],[],{},[],1,1,0,0,0,1,3,0,0
48865,9,1170,n48865,θιβρός,,,801,,"[""hot,ὠεὰ θ. χελύνης(ἑψηθέντα ἐπ' ἀνθράκων Sch., cf. Hsch. ), Nic. Al. 555 , cf. Th. 35 ."",""delicate, dainty, luxurious, Κύπρις Call. Fr. 267 ; θ. Σεμίραμις Euph. 81 .—Only in Alex. poets. [ῐ in the Spartan pr. n.Θίβρων, Philosteph. Com. 1 .]""]","[""hot"",""delicate, dainty, luxurious""]",[],"[{""biblio"":"""",""quote"":""Κύπρις""},{""biblio"":""Call. | Fr. | 267"",""quote"":""Κύπρις Call. Fr. 267""},{""biblio"":"""",""quote"":""θ. Σεμίραμις""},{""biblio"":""Euph. | 81"",""quote"":""θ. Σεμίραμις Euph. 81""}]","[""Call. | Fr. | 267"",""Euph. | 81""]",{},[],1,1,0,1,0,2,2,0,4
48866,9,1171,n48866,θιγάνα,,ἡ,801,,"[""cover, lid, dub. in Schwyzer 323 C 39 (Delph.).""]","[""cover, lid""]",[],[],[],{},[],1,1,0,0,0,1,1,0,0
48867,9,1172,n48867,θιγγάνω,,,801,,"[""-εις E. Heracl. 652 : 2 fut. τεθίξομαι Id. Hipp. 1086 :aor.2 ἔθῐγον Archil. 71 , E. Ba. 304 , etc.; Lacon. inf. σιγῆν Ar. Lys. 1004 :— Pass. ,aor. θιχθῆναι S.E. M. 9.258 :—touch, handle: abs., μὴ θίγγανε IG 12(3).451 (Thera), etc.: usu. c. gen., οἴακος A. Ag. 663 , etc.;χερσὶ or χερὶ θ. τινός, Id. Th. 44 , E. Ba. 1318 ; δι' ὁσίων χειρῶν S. OC 470 : c. acc.,χεῖρα(s. v.l.) Νεοβούλης θιγεῖν Archil. l.c.;χερσὶ γλαυκᾶς ἐλαίας θιγοῦ[ς' ὄζον] Limen. 6 (dub. l.):— Pass. ,to be touched, Arist. HA 495a6 ."",""take hold of,τινος S. Aj. 1410 (anap.), etc.;θ. ὠλέναισιν τέκνου embrace, E. Ph. 300 (lyr.);θ. γυναικός have intercourse with . ., Id. Hipp. 1044 ;θ. εὐνῆς ib. 885 , cf. S. OC 329 : abs., E. El. 51 ;γλίχεται θιγεῖν καὶ συνεῖναι, of man's aspiration after God, Phld. D. 3.1 ."",""touch, attempt,παντὸς . . λόγου κακοῦ γλώσσῃ θ. S. Ph. 408 ; μή μοι λεπτῶν θίγγανε μύθων E. Fr. 924 ; θ. πονηρίας Isyll. 5 ; in hostile sense,attack, θηρός E. Ba. 1183 (lyr.); σώματος τοῦ σοῦ Id. IA 1351 (troch.)."",""metaph., of the feelings,touch,θιγγάνει σέθεν τόδε; Id. Hipp. 310 ;ψυχᾶς, φρενῶν, Id. Alc. 108 ;πολλὰ θ. πρὸς ἧπαρ reach to the heart, A. Ag. 432 (lyr.)."",""touch upon, in speaking or discussion, Arist. Metaph. 988a23 ,al., Pol. 1323b38 ; also of the mind,apprehend, νοῦς . . θιγγάνων καὶ νοῶν Id. Metaph. 1072b21 , al."",""reach, win, ἀγώνων Pi. I. 1.18 , etc. also c. dat.,θ. ἡσυχίᾳ, ἀρεταῖς, ψεύδει, Id. P. 4.296 , 8.24 , 9.42 ;reach, hit, διαβολὴ θ. τινός Plu. Alex. 10 .—Not found in pure Att. Prose (ἅπτομαι being used), but used by X. Cyr. 1.3.5 ,al.:aor. 1 inf. θίξαι v.l. for ψαῦσαι in Suid. s.v. θιγεῖν, θῖξαι v.l. for δεῖξαι in Arist. EN 1111a14 .""]","[""touch, handle"",""to be touched"",""take hold of"",""embrace"",""have intercourse with . ."",""touch, attempt"",""attack"",""touch"",""reach"",""touch upon"",""apprehend"",""reach, win"",""reach, hit""]",[],"[{""biblio"":"""",""quote"":""-εις""},{""biblio"":""E. | Heracl. | 652"",""quote"":""-εις E. Heracl. 652""},{""biblio"":"""",""quote"":""τεθίξομαι""},{""biblio"":""Id. | Hipp. | 1086"",""quote"":""τεθίξομαι Id. Hipp. 1086""},{""biblio"":"""",""quote"":""ἔθῐγον""},{""biblio"":""Archil. | 71"",""quote"":""ἔθῐγον Archil. 71""},{""biblio"":"""",""quote"":""σιγῆν""},{""biblio"":""Ar. | Lys. | 1004"",""quote"":""σιγῆν Ar. Lys. 1004""},{""biblio"":"""",""quote"":""θιχθῆναι""},{""biblio"":""S.E. | M. | 9.258"",""quote"":""θιχθῆναι S.E. M. 9.258""},{""biblio"":"""",""quote"":""μὴ θίγγανε""},{""biblio"":""IG | 12(3).451"",""quote"":""μὴ θίγγανε IG 12(3).451""},{""biblio"":"""",""quote"":""οἴακος""},{""biblio"":""A. | Ag. | 663"",""quote"":""οἴακος A. Ag. 663""},{""biblio"":"""",""quote"":""δι' ὁσίων χειρῶν""},{""biblio"":""S. | OC | 470"",""quote"":""δι' ὁσίων χειρῶν S. OC 470""},{""biblio"":"""",""quote"":""Νεοβούλης θιγεῖν""},{""biblio"":""Archil."",""quote"":""Νεοβούλης θιγεῖν Archil.""},{""biblio"":"""",""quote"":""μή μοι λεπτῶν θίγγανε μύθων""},{""biblio"":""E. | Fr. | 924"",""quote"":""μή μοι λεπτῶν θίγγανε μύθων E. Fr. 924""},{""biblio"":"""",""quote"":""θ. πονηρίας""},{""biblio"":""Isyll. | 5"",""quote"":""θ. πονηρίας Isyll. 5""},{""biblio"":"""",""quote"":""θηρός""},{""biblio"":""E. | Ba. | 1183"",""quote"":""θηρός E. Ba. 1183""},{""biblio"":"""",""quote"":""σώματος τοῦ σοῦ""},{""biblio"":""Id. | IA | 1351"",""quote"":""σώματος τοῦ σοῦ Id. IA 1351""},{""biblio"":"""",""quote"":""νοῦς . . θιγγάνων καὶ νοῶν""},{""biblio"":""Id. | Metaph. | 1072b21"",""quote"":""νοῦς . . θιγγάνων καὶ νοῶν Id. Metaph. 1072b21""},{""biblio"":"""",""quote"":""ἀγώνων""},{""biblio"":""Pi. | I. | 1.18"",""quote"":""ἀγώνων Pi. I. 1.18""},{""biblio"":"""",""quote"":""διαβολὴ θ. τινός""},{""biblio"":""Plu. | Alex. | 10"",""quote"":""διαβολὴ θ. τινός Plu. Alex. 10""}]","[""A. | Ag. | 663"",""Ar. | Lys. | 1004"",""Archil."",""Archil. | 71"",""E. | Ba. | 1183"",""E. | Fr. | 924"",""E. | Heracl. | 652"",""IG | 12(3).451"",""Id. | Hipp. | 1086"",""Id. | IA | 1351"",""Id. | Metaph. | 1072b21"",""Isyll. | 5"",""Pi. | I. | 1.18"",""Plu. | Alex. | 10"",""S. | OC | 470"",""S.E. | M. | 9.258""]",{},"[{""type"":""ref"",""target"":"""",""text"":""ψαῦσαι""},{""type"":"""",""target"":"""",""text"":""v.l. for ψαῦσαι""},{""type"":""ref"",""target"":"""",""text"":""θιγεῖν, θῖξαι""},{""type"":"""",""target"":"""",""text"":""s.v. θιγεῖν, θῖξαι""},{""type"":""ref"",""target"":"""",""text"":""δεῖξαι""},{""type"":"""",""target"":"""",""text"":""v.l. for δεῖξαι""}]",1,1,0,1,1,6,13,0,32
48868,9,1173,n48868,θίγ-ημα,,τό,801,,"[""touch, prob. for φιλήματα in AP 12.209 ( Strat. ).""]","[""touch""]",[],[],[],{},[],1,1,0,0,0,1,1,0,0
48869,9,1174,n48869,θίγ-μα,,τό,801,,"[""= μίασμα , Hsch.""]",[],[],[],[],{},"[{""type"":""ref"",""target"":"""",""text"":""μίασμα""},{""type"":"""",""target"":"""",""text"":""= μίασμα""}]",1,0,0,0,1,1,0,0,0
48870,9,1175,n48870,θίγ-ωνος,,,801,,"[""v. θῖβις .""]",[],[],[],[],{},"[{""type"":""ref"",""target"":"""",""text"":""θῖβις""},{""type"":"""",""target"":"""",""text"":""v. θῖβις""}]",1,0,0,0,1,1,0,0,0
48871,9,1176,n48871,θιδρακίνη,,ἡ,801,,"[""θιδρακίνη,ἡ,=θριδακίνη, Hsch.""]",[],[],[],[],{},[],1,0,0,0,0,1,0,0,0
48872,9,1177,n48872,θίδραξ,,,801,,"[""v. θρίδαξ .""]",[],[],[],[],{},"[{""type"":""ref"",""target"":"""",""text"":""θρίδαξ""},{""type"":"""",""target"":"""",""text"":""v. θρίδαξ""}]",1,0,0,0,1,1,0,0,0
48873,9,1178,n48873,θιήϊον,,,801,,"[""θιήϊον(θίκ-cod.): θεῖον τὸ ὀρυκτόν(Cret.), Hsch. θίημι: ποιῶ, and θιῆσαι: ποιῆσαι, φιλῆσαι, Id.θικέλιον: τὴν γογγυλίδα( Lacon. ), Id.θίλα: ὁ θημών, Id.""]",[],[],[],[],{},[],1,0,0,0,0,1,0,0,0
48874,9,1179,n48874,θιμβρός,,,801,,"[""v. θιβρός .""]",[],[],[],[],{},"[{""type"":""ref"",""target"":"""",""text"":""θιβρός""},{""type"":"""",""target"":"""",""text"":""v. θιβρός""}]",1,0,0,0,1,1,0,0,0
48875,9,1180,n48875,θινίον,,τό,801,,"[""θίς 1.2 , dub. in Phld. D. 3.7 ."",""coined as etym. of ἀκροθίνιον, AB 367 .""]",[],[],"[{""biblio"":"""",""quote"":""θίς""},{""biblio"":""1.2"",""quote"":""θίς 1.2""}]","[""1.2""]",{},[],1,0,0,1,0,2,0,0,2
48876,9,1181,n48876,θῖνος,,,801,,"[""sacred, Leg.Gort. 10.42 , SIG 526.29 (iii B.C.),al.""]","[""sacred,""]",[],[],[],{},[],1,1,0,0,0,1,1,0,0
48877,9,1182,n48877,θῑνώδης,,,801,,"[""like a sandy beach, sandy, Str. 8.3.14 ;θ. ἄγκιστρον an anchor on the sand, Trag.Adesp. 379 .""]","[""like a sandy beach, sandy"",""on the sand,""]",[],[],[],{},[],1,1,0,0,0,1,2,0,0
48878,9,1183,n48878,θίξις,,ἡ,801,,"[""touching, Hp. Mul. 1.40 , Arist. GA 751a19 , Ph. 202a7 , Gal. 15.45 , S.E. P. 3.56 ,al.;ἄχρι τῆς Ἐρυθρᾶς θαλάσσης κατὰ θίξιν as far as the Red Sea,which it touches, Vett.Val. 12.20 , cf. 13.19 ;ὁ κατὰ θίξιν περισκυθισμός a scalp operation in which the edges of the wound were made to touch, Arch.Pap. 4.270 (iii A.D.), cf. Archig. ap. Gal. 12.577 (where θῆξιν)."",""metaph.,apprehension of the mind, Plot. 5.3.10 : pl., Procl. in Prm. p.628S.""]","[""touching"",""which it touches"",""apprehension""]",[],[],[],{},[],1,1,0,0,0,2,3,0,0
48879,9,1184,n48879,θῑπόβρωτος,,,801,,"[""v. θριπόβρωτος .""]",[],[],[],[],{},"[{""type"":""ref"",""target"":"""",""text"":""θριπόβρωτος""},{""type"":"""",""target"":"""",""text"":""v. θριπόβρωτος""}]",1,0,0,0,1,1,0,0,0
48880,9,1185,n48880,θίς,,ὁ,801,802,"[""heap, πολὺς ὀστεόφιν θίς Od. 12.45 ; θῖνες νεκρῶν A. Pers. 818 : metaph., θὶς πημάτων Lyc. 812 ; esp. of sand-banks, θῖνες ψάμμου Hdt. 3.26 ;ἄμμου, γῆς, Plu. Fab. 6 , Art. 18 ; τοὺς ἐν ἄμμῳ θῖνας Phld. Piet. 20 ;ἐν ταῖς θ. Arist. HA 548b6 , cf. 537a25 ; θῖνας καὶ ψάμμους Porph. Abst. 4.21 ; of the sandy deserts of Libya, A.R. 4.1384 ;Νασαμώνων αὔλια καὶ δολιχὰς θ. Call. Fr. 126 ."",""usu. in Hom. , etc.,beach, shore, freq. in oblique cases, παρὰ θῖνα . . θαλάσσης Il. 1.34 , cf. Od. 6.236 , etc.; παρὰ θῖν' ἁλὸς ἀτρυγέτοιο Il. 1.316 , cf. 350 , etc.; alone, ἐπὶ θινί Od. 7.290 ; παρὰ θῖνα 9.46 ; later θῖν' ἁλός Ar. V. 1521 (parod.); πόντου S. Ph. 1124 (lyr.); θαλάσσας E. Andr. 109 (eleg.); θαλαττία D.H. 3.44 ."",""sand-bank, bar at the mouth of a river, Plb. 4.41.6 : pl.,banks of a stream, D.S. 1.30 ."",""sand or mud at the bottom of the sea, οἶδμα . . κυλίνδει βυσσόθεν κελαινὰν θῖνα S. Ant. 591 : metaph.,ὥς μου τὸν θῖνα ταράττεις, i.e. trouble the very bottom of my heart, Ar. V. 696 ,v.Sch."",""shore-weed, θίν' ἐν φυκιόεντι Il. 23.693 , cf. Arist. HA 598a5 ;θινὸς ὄζειν ib. 620a15 ."",""ἄκρης [πόλιος] θίς the temple that crowns the Acropolis, dub. in Call. Fr.anon. 332 .""]","[""heap"",""sand-banks"",""sandy deserts"",""beach, shore"",""sand-bank, bar"",""banks"",""sand"",""mud"",""the very bottom"",""shore-weed"",""the temple that crowns"",""Fr.anon.""]",[],"[{""biblio"":"""",""quote"":""πολὺς ὀστεόφιν θίς""},{""biblio"":""Od. | 12.45"",""quote"":""πολὺς ὀστεόφιν θίς Od. 12.45""},{""biblio"":"""",""quote"":""θῖνες νεκρῶν""},{""biblio"":""A. | Pers. | 818"",""quote"":""θῖνες νεκρῶν A. Pers. 818""},{""biblio"":"""",""quote"":""θὶς πημάτων""},{""biblio"":""Lyc. | 812"",""quote"":""θὶς πημάτων Lyc. 812""},{""biblio"":"""",""quote"":""θῖνες ψάμμου""},{""biblio"":""Hdt. | 3.26"",""quote"":""θῖνες ψάμμου Hdt. 3.26""},{""biblio"":"""",""quote"":""τοὺς ἐν ἄμμῳ θῖνας""},{""biblio"":""Phld. | Piet. | 20"",""quote"":""τοὺς ἐν ἄμμῳ θῖνας Phld. Piet. 20""},{""biblio"":"""",""quote"":""θῖνας καὶ ψάμμους""},{""biblio"":""Porph. | Abst. | 4.21"",""quote"":""θῖνας καὶ ψάμμους Porph. Abst. 4.21""},{""biblio"":"""",""quote"":""παρὰ θῖνα . . θαλάσσης""},{""biblio"":""Il. | 1.34"",""quote"":""παρὰ θῖνα . . θαλάσσης Il. 1.34""},{""biblio"":"""",""quote"":""παρὰ θῖν' ἁλὸς ἀτρυγέτοιο""},{""biblio"":""Il. | 1.316"",""quote"":""παρὰ θῖν' ἁλὸς ἀτρυγέτοιο Il. 1.316""},{""biblio"":"""",""quote"":""ἐπὶ θινί""},{""biblio"":""Od. | 7.290"",""quote"":""ἐπὶ θινί Od. 7.290""},{""biblio"":"""",""quote"":""παρὰ θῖνα""},{""biblio"":""9.46"",""quote"":""παρὰ θῖνα 9.46""},{""biblio"":"""",""quote"":""θῖν' ἁλός""},{""biblio"":""Ar. | V. | 1521"",""quote"":""θῖν' ἁλός Ar. V. 1521""},{""biblio"":"""",""quote"":""πόντου""},{""biblio"":""S. | Ph. | 1124"",""quote"":""πόντου S. Ph. 1124""},{""biblio"":"""",""quote"":""θαλάσσας""},{""biblio"":""E. | Andr. | 109"",""quote"":""θαλάσσας E. Andr. 109""},{""biblio"":"""",""quote"":""θαλαττία""},{""biblio"":""D.H. | 3.44"",""quote"":""θαλαττία D.H. 3.44""},{""biblio"":"""",""quote"":""οἶδμα . . κυλίνδει βυσσόθεν κελαινὰν θῖνα""},{""biblio"":""S. | Ant. | 591"",""quote"":""οἶδμα . . κυλίνδει βυσσόθεν κελαινὰν θῖνα S. Ant. 591""},{""biblio"":"""",""quote"":""θίν' ἐν φυκιόεντι""},{""biblio"":""Il. | 23.693"",""quote"":""θίν' ἐν φυκιόεντι Il. 23.693""}]","[""9.46"",""A. | Pers. | 818"",""Ar. | V. | 1521"",""D.H. | 3.44"",""E. | Andr. | 109"",""Hdt. | 3.26"",""Il. | 1.316"",""Il. | 1.34"",""Il. | 23.693"",""Lyc. | 812"",""Od. | 12.45"",""Od. | 7.290"",""Phld. | Piet. | 20"",""Porph. | Abst. | 4.21"",""S. | Ant. | 591"",""S. | Ph. | 1124""]",{},[],1,1,0,1,0,6,12,0,32
48881,9,1186,n48881,θίσβη:,,,801,,"[""θίσβη: σορός, Suid. θισπῶσαι: εἰκάσαι, Hsch.""]",[],[],[],[],{},[],1,0,0,0,0,1,0,0,0
48882,9,1187,n48882,θιώτης,,ὁ,801,,"[""θιώτης(sc.ἄρτος?),ὁ, a kind of food (loaf?), PFay. 117.10 (ii A.D.).""]",[],[],[],[],{},[],1,0,0,0,0,1,0,0,0
48883,9,1188,n48883,θλᾰδί-ας,,ὁ,801,,"[""eunuch, LXX Le. 22.24 , Ph. 2.261 .""]","[""eunuch""]",[],[],[],{},[],1,1,0,0,0,1,1,0,0
48884,9,1189,n48884,θλᾰδι-άω,,,801,,"[""make one an eunuch, Hsch. s.v. φλαδιᾶν .""]","[""make"",""an eunuch""]",[],[],[],{},"[{""type"":""ref"",""target"":"""",""text"":""φλαδιᾶν""},{""type"":"""",""target"":"""",""text"":""s.v. φλαδιᾶν""}]",1,1,0,0,1,1,2,0,0
48885,9,1190,n48885,θλάσις,,ἡ,801,,"[""crushing, bruising, Arist. Mete. 386a18 , Pr. 890a2 , Thphr. Lass. 18 , Dsc. 2.170 (pl.), S.E. M. 6.40 .""]","[""crushing, bruising""]","[""θλάω""]",[],[],{},[],1,1,1,0,0,1,1,1,0
48886,9,1191,n48886,θλάσμα,,τό,801,,"[""bruise, Arist. Mir. 841b11 , LXX Am. 6.12(11) , Ph. 2.488 , Dsc. 2.170 ; = κοίλωμα ἄνευ ῥήξεως ,dint, Sor. Fract. 9 .""]","[""bruise"",""dint""]",[],[],[],{},"[{""type"":""ref"",""target"":"""",""text"":""κοίλωμα ἄνευ ῥήξεως""},{""type"":"""",""target"":"""",""text"":""= κοίλωμα ἄνευ ῥήξεως""}]",1,1,0,0,1,1,2,0,0
48887,9,1192,n48887,θλάσπις,,ἡ,801,,"[""shepherd's purse, Capsella bursapastoris, Hp. Mul. 1.78 , al.:—also θλάσπι,τό, Dsc. 2.156 , Plin. HN 27.140 :— Dim. θλασπίδιον,τό, Ps.- Dsc. 2.156 .""]","[""shepherd's purse, Capsella bursapastoris""]","[""θλάω""]",[],[],{},[],1,1,1,0,0,1,1,1,0
48888,9,1193,n48888,θλάστ-ης,,ὁ,801,,"[""θλάστ-ης,ου,ὁ,=ἐμβρυοθλάστης, Hp. ap. Gal. 19.104 .""]",[],[],[],[],{},[],1,0,0,0,0,1,0,0,0
48889,9,1194,n48889,θλαστ-ικός,,,801,,"[""able to crush, crushing, Arist. Pr. 884b35 .""]","[""able to crush, crushing""]",[],[],[],{},[],1,1,0,0,0,1,1,0,0
48890,9,1195,n48890,θλαστ-ός,,,801,,"[""crushed, bruised, ἐλάα Ar. Fr. 391 , Diph. 14.5 , cf. PSI 5.535.52 ."",""capable of being crushed or compressed, opp.θραυστός(q.v.), Arist. HA 523b7 , cf. Mete. 386a25 .""]","[""crushed, bruised"",""capable of being crushed"",""compressed""]",[],"[{""biblio"":"""",""quote"":""ἐλάα""},{""biblio"":""Ar. | Fr. | 391"",""quote"":""ἐλάα Ar. Fr. 391""}]","[""Ar. | Fr. | 391""]",{},[],1,1,0,1,0,2,3,0,2
48891,9,1196,n48891,θλάττω,,,801,,"[""θλάττω, late form of sq.,f.l. in Gal. UP 10.6 , cf. Paul.Aeg. 6.91 ( Pass. ).""]",[],[],[],[],{},[],1,0,0,0,0,1,0,0,0
48892,9,1197,n48892,θλάω,,,801,,"[""θλῆ Herod. (v. infr.);inf. θλᾶν Gal. UP 13.8 ;part. θλῶσα ib. 13.3 :3 sg. impf. ἔθλα(συγκατ-) Machoap. Ath. 8.348f :fut. θλάσω[ᾰ] (ἐν-) Hp. Int. 44 :aor. ἔθλᾰσα, Ep. θλάσσα(v. infr.):— Pass. ,fut. θλασθήσομαι Gal. UP 12.15 :aor. ἐθλάσθην Hp. Ulc. 6 :pf. τέθλασμαι(συν-) Alex. 270 , Ph. 1.609 , Theoc. 22.45 :—crush, bruise, θλάσσε δέ οἱ κοτύλην Il. 5.307 ; ὀστέα δ' εἴσω ἔθλασεν Od. 18.97 ; οὔτ' ἔρρηξε βαλὼν οὔτ' ἔθλασε Hes. Sc. 140 ; [φωνὴν] ὥσπερ θλῶσαν [τὴν ἀκοήν] S.E. M. 6.40 : sens. obsc., αὐτὸς τὰ σαυτοῦ θλῆ Herod. 2.83 :— Pass. , Arist. Pr. 890a3 , Herod. 3.44 ; τεθλασμένος οὔατα πυγμαῖς Theoc. l.c.; ῥάβδος -μένη LXX 4 Ki. 18.21 ."",""overload(?), τὰς ἅλως PFay. 112.20 (i A.D.)."",""metaph.,oppress, LXX Jd. 10.8 ,al. (Cf.φλάω.)""]","[""crush, bruise"",""overload"",""oppress""]","[""συγκατ-"",""ἐν-"",""συν-""]","[{""biblio"":"""",""quote"":""θλῆ""},{""biblio"":""Herod."",""quote"":""θλῆ Herod.""},{""biblio"":"""",""quote"":""θλᾶν""},{""biblio"":""Gal. | UP | 13.8"",""quote"":""θλᾶν Gal. UP 13.8""},{""biblio"":"""",""quote"":""θλασθήσομαι""},{""biblio"":""Gal. | UP | 12.15"",""quote"":""θλασθήσομαι Gal. UP 12.15""},{""biblio"":"""",""quote"":""ἐθλάσθην""},{""biblio"":""Hp. | Ulc. | 6"",""quote"":""ἐθλάσθην Hp. Ulc. 6""},{""biblio"":"""",""quote"":""θλάσσε δέ οἱ κοτύλην""},{""biblio"":""Il. | 5.307"",""quote"":""θλάσσε δέ οἱ κοτύλην Il. 5.307""},{""biblio"":"""",""quote"":""ὀστέα δ' εἴσω ἔθλασεν""},{""biblio"":""Od. | 18.97"",""quote"":""ὀστέα δ' εἴσω ἔθλασεν Od. 18.97""},{""biblio"":"""",""quote"":""οὔτ' ἔρρηξε βαλὼν οὔτ' ἔθλασε""},{""biblio"":""Hes. | Sc. | 140"",""quote"":""οὔτ' ἔρρηξε βαλὼν οὔτ' ἔθλασε Hes. Sc. 140""},{""biblio"":"""",""quote"":""αὐτὸς τὰ σαυτοῦ θλῆ""},{""biblio"":""Herod. | 2.83"",""quote"":""αὐτὸς τὰ σαυτοῦ θλῆ Herod. 2.83""},{""biblio"":"""",""quote"":""τεθλασμένος οὔατα πυγμαῖς""},{""biblio"":""Theoc."",""quote"":""τεθλασμένος οὔατα πυγμαῖς Theoc.""},{""biblio"":"""",""quote"":""ῥάβδος -μένη""},{""biblio"":""LXX | 4 Ki. | 18.21"",""quote"":""ῥάβδος -μένη LXX 4 Ki. 18.21""},{""biblio"":"""",""quote"":""τὰς ἅλως""},{""biblio"":""PFay. | 112.20"",""quote"":""τὰς ἅλως PFay. 112.20""}]","[""Gal. | UP | 12.15"",""Gal. | UP | 13.8"",""Herod."",""Herod. | 2.83"",""Hes. | Sc. | 140"",""Hp. | Ulc. | 6"",""Il. | 5.307"",""LXX | 4 Ki. | 18.21"",""Od. | 18.97"",""PFay. | 112.20"",""Theoc.""]",{},[],1,1,1,1,0,3,3,3,22
48893,9,1198,n48893,θλῐβ-ερός,,,801,,"[""chafing, rubbing, Paul.Aeg. 6.106 ."",""oppressive, Just. Nov. 135.1 .""]","[""chafing, rubbing"",""oppressive""]","[""θλίβω""]",[],[],{},[],1,1,1,0,0,2,2,1,0
48894,9,1199,n48894,θλῐβ-ή,,ἡ,801,,"[""a rubbing, Gal. 18(2).923 .""]","[""a rubbing""]",[],[],[],{},[],1,1,0,0,0,1,1,0,0
48895,9,1200,n48895,θλῐβ-ίας,,ὁ,801,,"[""θλῐβ-ίας,ου,ὁ,=θλαδίας, Str. 13.4.1 .""]",[],[],[],[],{},[],1,0,0,0,0,1,0,0,0
48896,9,1201,n48896,θλῐ́β-ω,,,801,,"[""ἔθλιψα Pl. Ti. 60c , Call. Del. 35 :pf. τέθλῐφα Crobyl. 4 (cj.), Plb. 18.24.3 :— Med. ,fut. θλίψομαι(v. infr.):— Pass. ,fut. θλῐβήσομαι v.l. in Sor. 1.33 :aor. 1 ἐθλίφθην Pl. Ti. 91a , Arist. Pr. 925b20 :aor. 2 part. θλῐβείς ib. 13 ,v.l. in Dsc. 3.7 (cf.subj. ἐκφλῐβῇ Hp. Loc.Hom. 9 ):pf. τέθλιμμαι Arist. Pr. 925b14 , AP 7.472.5 ( Leon. ):—squeeze, chafe,θλίβει τὸν ὄρρον [ὁ θώραξ] Ar. Pax 1239 , cf. Lys. 314 ; τοὺς ὄφεις θλίβων D. 18.260 ;ὅπου με θλίβει where [the shoe]pinches, Plu. 2.141a : metaph., δούλης ὦτα νωθρίη θλίβει Herod. 4.53 : abs.,exercise pressure, Plot. 3.6.6 :— Pass. , of a person heavy-laden,ὡς θλίβομαι! Ar. Ra. 5 , cf. V. 1289 :— Med. ,πολλῇς φλιῇσι παραστὰς θλίψεται( v.l. φλίψεται )ὤμους he will rub his shoulders against many doorposts, of a beggar, Od. 17.221 :χείλεα θλίβειν, of kissing, Theoc. 20.4 ."",""compress, straiten, Pl. Ti. 60c ;reduce, compress, εἰς τὸ μὴ ὂν τὰ ὄντα θλίβοντες Epicur. Ep. 1p.16U. :— Pass. ,to be compressed, Pl. Ti. 91a ; ὥστε ἐξωθεῖσθαι τὸ ἧσσον θλιβόμενον ὑπὸ τοῦ μᾶλλον θλιβομένου Archim. Fluit. 1 Prooem.;θλιβομένα καλύβα a small, close hut, Theoc. 21.18 ;ὁδὸς τεθλιμμένη, opp.εὐρύχωρος, Ev.Matt. 7.14 ;βίος τεθλ. a scanty subsistence, D.H. 8.73 , cf. AP 7.472.5 ( Leon. )."",""metaph.,oppress, afflict, distress, ἀνάγκη ἔθλιψέ τινα Call. Del. 35 ; θ. καὶ λυμαίνεσθαι τὸ μακάριον Arist. EN 1100b28 ; θ. τὰς πόλεις τοῖς ὀψωνίοις SIG 700.25 (Macedonia,ii B.C.);press hard in battle, Plb. 18.24.3 :— Pass. , θ. διὰ τὸν πόλεμον Arist. Pol. 1307a1 ; ὑπό τινων SIG 685.39 (ii B.C.); ὑπὸ τῆς ἀδοξίας Phld. Lib. p.61 O.—Once in Hom. , never in Trag.""]","[""squeeze, chafe"",""pinches"",""exercise pressure"",""will rub his"",""compress, straiten"",""reduce, compress"",""to be compressed"",""a small, close"",""scanty"",""oppress, afflict, distress"",""press hard""]","[""ἀπο-""]","[{""biblio"":"""",""quote"":""ἔθλιψα""},{""biblio"":""Pl. | Ti. | 60c"",""quote"":""ἔθλιψα Pl. Ti. 60c""},{""biblio"":"""",""quote"":""τέθλῐφα""},{""biblio"":""Crobyl. | 4"",""quote"":""τέθλῐφα Crobyl. 4""},{""biblio"":"""",""quote"":""ἐθλίφθην""},{""biblio"":""Pl. | Ti. | 91a"",""quote"":""ἐθλίφθην Pl. Ti. 91a""},{""biblio"":"""",""quote"":""ἐκφλῐβῇ""},{""biblio"":""Hp. | Loc.Hom. | 9"",""quote"":""ἐκφλῐβῇ Hp. Loc.Hom. 9""},{""biblio"":"""",""quote"":""τέθλιμμαι""},{""biblio"":""Arist. | Pr. | 925b14"",""quote"":""τέθλιμμαι Arist. Pr. 925b14""},{""biblio"":"""",""quote"":""τοὺς ὄφεις θλίβων""},{""biblio"":""D. | 18.260"",""quote"":""τοὺς ὄφεις θλίβων D. 18.260""},{""biblio"":"""",""quote"":""δούλης ὦτα νωθρίη θλίβει""},{""biblio"":""Herod. | 4.53"",""quote"":""δούλης ὦτα νωθρίη θλίβει Herod. 4.53""},{""biblio"":"""",""quote"":""εἰς τὸ μὴ ὂν τὰ ὄντα θλίβοντες""},{""biblio"":""Epicur. | Ep. | 1p.16U."",""quote"":""εἰς τὸ μὴ ὂν τὰ ὄντα θλίβοντες Epicur. Ep. 1p.16U.""},{""biblio"":"""",""quote"":""ὥστε ἐξωθεῖσθαι τὸ ἧσσον θλιβόμενον ὑπὸ τοῦ μᾶλλον θλιβομένου""},{""biblio"":""Archim. | Fluit. | 1"",""quote"":""ὥστε ἐξωθεῖσθαι τὸ ἧσσον θλιβόμενον ὑπὸ τοῦ μᾶλλον θλιβομένου Archim. Fluit. 1""},{""biblio"":"""",""quote"":""ἀνάγκη ἔθλιψέ τινα""},{""biblio"":""Call. | Del. | 35"",""quote"":""ἀνάγκη ἔθλιψέ τινα Call. Del. 35""},{""biblio"":"""",""quote"":""θ. καὶ λυμαίνεσθαι τὸ μακάριον""},{""biblio"":""Arist. | EN | 1100b28"",""quote"":""θ. καὶ λυμαίνεσθαι τὸ μακάριον Arist. EN 1100b28""},{""biblio"":"""",""quote"":""θ. τὰς πόλεις τοῖς ὀψωνίοις""},{""biblio"":""SIG | 700.25"",""quote"":""θ. τὰς πόλεις τοῖς ὀψωνίοις SIG 700.25""},{""biblio"":"""",""quote"":""θ. διὰ τὸν πόλεμον""},{""biblio"":""Arist. | Pol. | 1307a1"",""quote"":""θ. διὰ τὸν πόλεμον Arist. Pol. 1307a1""},{""biblio"":"""",""quote"":""ὑπό τινων""},{""biblio"":""SIG | 685.39"",""quote"":""ὑπό τινων SIG 685.39""},{""biblio"":"""",""quote"":""ὑπὸ τῆς ἀδοξίας""},{""biblio"":""Phld. | Lib. | p.61"",""quote"":""ὑπὸ τῆς ἀδοξίας Phld. Lib. p.61""}]","[""Archim. | Fluit. | 1"",""Arist. | EN | 1100b28"",""Arist. | Pol. | 1307a1"",""Arist. | Pr. | 925b14"",""Call. | Del. | 35"",""Crobyl. | 4"",""D. | 18.260"",""Epicur. | Ep. | 1p.16U."",""Herod. | 4.53"",""Hp. | Loc.Hom. | 9"",""Phld. | Lib. | p.61"",""Pl. | Ti. | 60c"",""Pl. | Ti. | 91a"",""SIG | 685.39"",""SIG | 700.25""]",{},"[{""type"":""ref"",""target"":"""",""text"":""φλίψεται""},{""type"":"""",""target"":"""",""text"":""v.l. φλίψεται""}]",1,1,1,1,1,3,11,1,30
48897,9,1202,n48897,θλῐβ-ώδης,,,801,,"[""oppressive, Aq. Ge. 32.7(8) .""]","[""oppressive""]",[],[],[],{},[],1,1,0,0,0,1,1,0,0
48898,9,1203,n48898,θλιμμός,,ὁ,801,,"[""θλιμμός,ὁ,=θλῖψις, LXX Ex. 3.9 .""]",[],[],[],[],{},[],1,0,0,0,0,1,0,0,0
48899,9,1204,n48899,θλιπτικός,Adv.,,801,,"[""due to pressure, πάθημα Gal. 8.949 .Adv. -κῶς by pressure, S.E. M. 10.83 .""]","[""due to pressure"",""by pressure""]",[],"[{""biblio"":"""",""quote"":""πάθημα""},{""biblio"":""Gal. | 8.949"",""quote"":""πάθημα Gal. 8.949""}]","[""Gal. | 8.949""]",{},[],1,1,0,1,0,1,2,0,2
48900,9,1205,n48900,θλῖψις,,ἡ,801,,"[""pressure, Arist. Mete. 382a13 , Pr. 890a2 ; τῶν νεφῶν Epicur. Ep. 2 P. 49 U.;ἀντέρεισις καὶ θ. Str. 1.3.6 ; of the pulse, Ruf. ap. Orib. 8.24.61 , cf. Gal. 7.306 ; θ. στομάχου Orib. Fr. 42 ;ὑστερικαὶ θ. Sor. 1.42 ."",""crushing, castration, πώλων Hippiatr. 20 ."",""metaph.,oppression, affliction, LXX Ge. 35.3 , al., BGU 1139.4 (i B.C.), Act.Ap. 14.22 (pl.), al., Vett.Val. 71.16 (pl.), POxy. 939.13 (iv A.D.).""]","[""pressure"",""crushing, castration"",""oppression, affliction""]",[],"[{""biblio"":"""",""quote"":""τῶν νεφῶν""},{""biblio"":""Epicur. | Ep. | 2"",""quote"":""τῶν νεφῶν Epicur. Ep. 2""},{""biblio"":"""",""quote"":""θ. στομάχου""},{""biblio"":""Orib. | Fr. | 42"",""quote"":""θ. στομάχου Orib. Fr. 42""},{""biblio"":"""",""quote"":""πώλων""},{""biblio"":""Hippiatr. | 20"",""quote"":""πώλων Hippiatr. 20""}]","[""Epicur. | Ep. | 2"",""Hippiatr. | 20"",""Orib. | Fr. | 42""]",{},[],1,1,0,1,0,3,3,0,6
48901,9,1206,n48901,θνᾴσκω,,,801,,"[""θνᾴσκω,θνᾱτός, Dor. for θνῄσκω, θνητός.""]",[],[],[],[],{},[],1,0,0,0,0,1,0,0,0
48902,9,1207,n48902,θνησ-είδιον,,τό,801,,"[""carcase of an animal,ἐσθίειν κενέβρειόν τε καὶ θ. Ael. NA 6.2 (θν. preferred to κ. by Phryn. PS p.75 B. ); ἐσθῆτα ἀπὸ θνησειδίων φορεῖν Philostr. VA 8.7.4 ; ἅψασθαι θνησειδίων Porph. Abst. 4.16 , cf. D.L. 8.33 :— Aeol. θνᾱσίδιον Schwyzer 633.14 (Eresus,ii/i B.C.).""]","[""carcase of an animal""]",[],"[{""biblio"":"""",""quote"":""ἐσθῆτα ἀπὸ θνησειδίων φορεῖν""},{""biblio"":""Philostr. | VA | 8.7.4"",""quote"":""ἐσθῆτα ἀπὸ θνησειδίων φορεῖν Philostr. VA 8.7.4""},{""biblio"":"""",""quote"":""ἅψασθαι θνησειδίων""},{""biblio"":""Porph. | Abst. | 4.16"",""quote"":""ἅψασθαι θνησειδίων Porph. Abst. 4.16""}]","[""Philostr. | VA | 8.7.4"",""Porph. | Abst. | 4.16""]",{},[],1,1,0,1,0,1,1,0,4
48903,9,1208,n48903,θνησ-ῐμαῖος,Subst.,τό,801,,"[""θνησ-ῐμαῖος,α,ον, neut. as Subst. θνησ-αῖον,τό,= foreg., LXX 3 Ki. 13.25 , al.;τῶν θ. οὐχ ἅψεσθε ib. Le. 11.8 , cf. Hierocl. in CA 26p.480M.""]",[],[],[],[],{},[],1,0,0,0,0,1,0,0,0
48904,9,1209,n48904,θνῆσις,,ἡ,801,,"[""mortality, in a plague, Ruf. Fr. 69 ; πολλὴ θ. γέγονε Stud.Pal. 22.338 (i A.D.); νηπίων Cat.Cod.Astr. 7.126 .""]","[""mortality""]",[],"[{""biblio"":"""",""quote"":""πολλὴ θ. γέγονε""},{""biblio"":""Stud.Pal. | 22.338"",""quote"":""πολλὴ θ. γέγονε Stud.Pal. 22.338""},{""biblio"":"""",""quote"":""νηπίων""},{""biblio"":""Cat.Cod.Astr. | 7.126"",""quote"":""νηπίων Cat.Cod.Astr. 7.126""}]","[""Cat.Cod.Astr. | 7.126"",""Stud.Pal. | 22.338""]",{},[],1,1,0,1,0,1,1,0,4
48905,9,1210,n48905,θνῄσκω,,,801,,"[""θνείσκ- IG 2.4040b ; [ ἀποθν]ήισκειν Pl. Phdr. in PPetr. 1p.18 (iii B.C.), but θνήσκω Did. ap. EM 452.29 , freq. in codd.), Aeol. θναίσκω Hdn.Gr. 2.79 , Dor. θνᾴσκω Sammelb. 6754.22 (iii B.C.):fut. θᾰνοῦμαι Simon. 85.9 , S. Ant. 462 , etc.; Ep. inf. -έεσθαι Il. 4.12 ; later θνήξομαι AP 9.354 ( Leon. ), Polyaen. 5.2.22 codd.:aor. 2 ἔθᾰνον, Ep. θάνον Od. 11.412 , al.;inf. Ep. and Ion. θανέειν, as always in Hom. , exc. Il. 7.52 , θανέμεν Pi. P. 4.72 :pf. τέθνηκα Il. 18.12 , etc.;subj. τεθνήκω Th. 8.74 :plpf. ἐτεθνήκειν Antipho 5.70 , Lys. 19.48 ;3 pl. -ήκεσαν And. 1.52 : short forms of pf.,3 dual τέθνᾰτον X. An. 4.1.19 ,1 pl. τέθνᾰμεν Pl. Grg. 493a ,3 pl. τεθνᾶσι Il. 22.52 , etc.;3 pl. plpf. ἐτέθνᾰσαν Antipho 5.70 , And. 1.59 , X. HG 6.4.16 ; imper. τέθνᾰθι Il. 22.365 , τεθνάτω 15.496 , IG 12.10 , Pl. Lg. 933e , etc.; opt. τεθναίην Il. 18.98 , etc.;inf. τεθνάναι [ᾰ] Semon. 3 , Hdt. 1.31 , Ar. Ra. 1012 , Pl.Com. 68 , Th. 8.92 , etc.,τεθνᾶναι dub.l. in Mimn. 2.10 , A. Ag. 539 ; Ep. τεθνάμεναι, -άμεν, Il. 24.225 , 15.497 , etc.; Aeol. τεθνάκην Sapph. 2.15 ;part. τεθνεώς Hdt. 9.120 , Ar. Av. 476 , etc., fem. τεθνεῶσα Lys. 31.22 , D. 40.27 ( τεθνηκυῖα Hippon. 29 , E. Or. 109 ), neut. τεθνεός Hdt. 1.112 , Hp. Nat.Mul. 32 ( τεθνηκός Pl. Phd. 71d , pl. τεθνεῶτα 72c ); gen.τεθνεῶτος, etc., Hdt. 5.68 , etc. (once in Hom. , dat. τεθνεῶτι Od. 19.331 ); poet.τεθνεότος Archel. ap. Antig. Mir. 89 , Q.S. 7.65 ; Dor. τεθνᾰότα Pi. N. 10.74 ; Ep. τεθνηώς( v.l. -ειώς ) Il. 17.161 , -ηυῖα Od. 4.734 , (κατα-) 11.141 ; gen. τεθνηῶτος Il. 9.633 , etc.; also τεθνηότος 17.435 , Od. 15.23 , al. [τεθνεῶτι is trisyll. Od. 19.331 , τεθνεώτων E. Supp. 272 (hex.): disyll. forms are written in later Gr., nom. τεθνώς BCH 18.438 (Argilus); gen. sg. τεθνῶτος SIG 799.13 (Cyzicus,i A.D.); dat. sg. τεθνῶτι Papers of the Amer. School 3.334 (Pisid.); fem.τεθνώσῃ(and gen. pl.τεθνήτων) Ath.Mitt. 50.134 (Macedonia); acc. pl. fem. τεθνώσας Babr. 45.9 ]: from τέθνηκα arose fut. τεθνήξω Ar. Ach. 325 , A. Ag. 1279 (censured as archaic by Luc. Sol. 7 ), later τεθνήξομαι Diogenian.Epicur. 1.28 , 3.52 , Luc. Pisc. 10 , Ael. NA 2.46 ;part. τεθνηξόμενος Lib. Ep. 438.7 .—The simple Verb is regularly used in early Prose in pf.and plpf.; for pres.,fut., and aor.the compd.ἀποθνῄσκω is substituted:θνῄσκει v.l. in Hp. Mul. 1.9 , σάρκες θνῄσκουσι Art. 69 , ἔθνῃσκον Th. 2.47 , al.,θνῃσκόντων ib. 53 , θνῄσκοι Pl. Phd. 72d , θνῄσκομεν Epicur. Ep. 1p.20U. :aor. part. θανών,subj. θάνῃ, IG 12(5).593.2 , 20 , 23 (Iulis,v B.C.), Berl.Sitzb. 1927.166 (Cyrene), Phld. Herc. 1649.4 :aor. inf. θανεῖν ib. 1418.13 :—in pres.and impf.,die, as well of natural as of violent death; in aor.and pf.,to be dead(cf.τί τοὺς θανὅντας οὐκ ἐᾷς τεθνηκέναι; Eup. 12.3 D. ; τέθνηκ' ἔγωγε πρὶν θανεῖν κακῶν ὕπο E. Hec. 431 ), θανεῖν καὶ πότμον ἐπισπεῖν Il. 7.52 , etc.;ζωὸς ἠὲ θανών alive or dead, Od. 4.553 , cf. 15.350 ; ἦ ἤδη τέθνηκε 4.834 ; ὡς ἄμεινον εἴη τεθνάναι μᾶλλον ἢ ζώειν Hdt. 1.31 , cf. 7.46 ; τεθνάναι κρεῖττον ἤ . . D. 9.65 , cf. 10.25 ; ἄξιος τεθνάναι Ar. Ra. 1012 , etc.;τεθνάτω let him be put to death, IG 12.10.29 ;ἄτιμος τεθ. Lex ap. D. 9.44 : freq. in part., νέκυος πέρι τεθνηῶτος Il. 18.173 ;νεκρὸν . . τεθνηῶτα a dead corpse, Od. 12.10 ;οἱ τεθνηκότες, οἱ θανόντες,the dead, E. Hec. 278 , Eup. l.c., etc.; οὔτε τεθνεῶτα οὔτε ζῶντα Hdt. 4.14 ;οἴχεται θανών(v.οἴχομαι); θανὼν φροῦδος(v.φροῦδος) ; θανόντι συνθανεῖν S. Tr. 798 , Fr. 953 , cf. E. Supp. 1007 (lyr.);ὁ θανών, opp.ὁ κτανών, S. Ph. 336 :pres.with pf.sense,θνῄσκουσι γάρ, for τεθνήκασι, Id. OT 118 , cf. E. Hec. 695 (lyr.), Ba. 1041 (lyr.), etc."",""used like a pass. Verb,χερσὶν ὑπ' Αἴαντος θανέειν to fall by his hand, Il. 15.289 ; θ. ὑπό τινος Pl. Ep. 329c , Arist. HA 625a16 ; ἔκ τινος Pi. P. 4.72 , S. OT 1454 ;πρός τινος ib. 292 , E. Hec. 773 ; θεοῖς τέθνηκε S. Aj. 970 : freq. c. dat. instrumenti,θ. χερί, δορί, Id. OC 1388 , A. Th. 959 (lyr.); φαρμάκοισι E. Fk. 464 ; also ἐν βρόχῳ A. Ch. 558 ;τεθνάναι τῷ δέει, τ. τῷ φόβῳ, c. acc.,to be in mortal fear of, D. 4.45 , 19.81 , cf. Arr. An. 7.9.4 ; προοίμιον σκοτεινὸν καὶ τεθνηκὸς δειλίᾳ Aeschin. 2.34 ;θ. ἐπί τινι to die leaving one as heir, Luc. DMort. 7.1 ."",""metaph., of things,perish, θνᾴσκει σιγαθὲν καλὸν ἔργον Pi. Fr. 121 ; ἐσλῶν ὑπὸ χαρμάτων πῆμα θνᾴσκει . . δαμασθέν Id. O. 2.19 ; λόγοι θνῄσκοντες μάτην A. Ch. 846 ; θ. πίστις S. OC 611 ; τὸ τρύβλιον τέθνηκέ μοι Ar. Ra. 986 (lyr.): in Prose, τέθνηκε τὸ τοὺς ἀδικοῦντας μισεῖν D. 19.289 ; τεθνηκός τι φθέγξασθαι D.C. 40.54 ; τεθνηκὸς ὁρᾶν Callistr. Stat. 14 ;τὸ τεθνηκὸς ὁ λίθος ὑπεδύετο ib. 2 .""]","[""Papers of the Amer. School"",""die"",""to be dead"",""dead"",""let"",""be put to death,"",""dead"",""the dead"",""to fall"",""to be in mortal fear of"",""to die"",""perish""]","[""κατα-""]","[{""biblio"":"""",""quote"":""θνείσκ-""},{""biblio"":""IG | 2.4040b"",""quote"":""θνείσκ- IG 2.4040b""},{""biblio"":"""",""quote"":""ἀποθν]ήισκειν""},{""biblio"":""Pl. | Phdr."",""quote"":""ἀποθν]ήισκειν Pl. Phdr.""},{""biblio"":"""",""quote"":""θνήσκω""},{""biblio"":""Did."",""quote"":""θνήσκω Did.""},{""biblio"":"""",""quote"":""θᾰνοῦμαι""},{""biblio"":""Simon. | 85.9"",""quote"":""θᾰνοῦμαι Simon. 85.9""},{""biblio"":"""",""quote"":""-έεσθαι""},{""biblio"":""Il. | 4.12"",""quote"":""-έεσθαι Il. 4.12""},{""biblio"":"""",""quote"":""θνήξομαι""},{""biblio"":""AP | 9.354"",""quote"":""θνήξομαι AP 9.354""},{""biblio"":"""",""quote"":""θάνον""},{""biblio"":""Od. | 11.412"",""quote"":""θάνον Od. 11.412""},{""biblio"":"""",""quote"":""θανέμεν""},{""biblio"":""Pi. | P. | 4.72"",""quote"":""θανέμεν Pi. P. 4.72""},{""biblio"":"""",""quote"":""τέθνηκα""},{""biblio"":""Il. | 18.12"",""quote"":""τέθνηκα Il. 18.12""},{""biblio"":"""",""quote"":""τεθνήκω""},{""biblio"":""Th. | 8.74"",""quote"":""τεθνήκω Th. 8.74""},{""biblio"":"""",""quote"":""ἐτεθνήκειν""},{""biblio"":""Antipho | 5.70"",""quote"":""ἐτεθνήκειν Antipho 5.70""},{""biblio"":"""",""quote"":""-ήκεσαν""},{""biblio"":""And. | 1.52"",""quote"":""-ήκεσαν And. 1.52""},{""biblio"":"""",""quote"":""τέθνᾰτον""},{""biblio"":""X. | An. | 4.1.19"",""quote"":""τέθνᾰτον X. An. 4.1.19""},{""biblio"":"""",""quote"":""τέθνᾰμεν""},{""biblio"":""Pl. | Grg. | 493a"",""quote"":""τέθνᾰμεν Pl. Grg. 493a""},{""biblio"":"""",""quote"":""τεθνᾶσι""},{""biblio"":""Il. | 22.52"",""quote"":""τεθνᾶσι Il. 22.52""},{""biblio"":"""",""quote"":""ἐτέθνᾰσαν""},{""biblio"":""Antipho | 5.70"",""quote"":""ἐτέθνᾰσαν Antipho 5.70""},{""biblio"":"""",""quote"":""τέθνᾰθι""},{""biblio"":""Il. | 22.365"",""quote"":""τέθνᾰθι Il. 22.365""},{""biblio"":"""",""quote"":""τεθνάτω""},{""biblio"":""15.496"",""quote"":""τεθνάτω 15.496""},{""biblio"":"""",""quote"":""τεθναίην""},{""biblio"":""Il. | 18.98"",""quote"":""τεθναίην Il. 18.98""},{""biblio"":"""",""quote"":""τεθνάκην""},{""biblio"":""Sapph. | 2.15"",""quote"":""τεθνάκην Sapph. 2.15""},{""biblio"":"""",""quote"":""τεθνεώς""},{""biblio"":""Hdt. | 9.120"",""quote"":""τεθνεώς Hdt. 9.120""},{""biblio"":"""",""quote"":""τεθνεῶσα""},{""biblio"":""Lys. | 31.22"",""quote"":""τεθνεῶσα Lys. 31.22""},{""biblio"":"""",""quote"":""τεθνηκυῖα""},{""biblio"":""Hippon. | 29"",""quote"":""τεθνηκυῖα Hippon. 29""},{""biblio"":"""",""quote"":""τεθνεός""},{""biblio"":""Hdt. | 1.112"",""quote"":""τεθνεός Hdt. 1.112""},{""biblio"":"""",""quote"":""τεθνηκός""},{""biblio"":""Pl. | Phd. | 71d"",""quote"":""τεθνηκός Pl. Phd. 71d""},{""biblio"":"""",""quote"":""τεθνεῶτα""},{""biblio"":""72c"",""quote"":""τεθνεῶτα 72c""},{""biblio"":"""",""quote"":""τεθνεῶτι""},{""biblio"":""Od. | 19.331"",""quote"":""τεθνεῶτι Od. 19.331""},{""biblio"":"""",""quote"":""τεθνᾰότα""},{""biblio"":""Pi. | N. | 10.74"",""quote"":""τεθνᾰότα Pi. N. 10.74""},{""biblio"":"""",""quote"":""-ηυῖα""},{""biblio"":""Od. | 4.734"",""quote"":""-ηυῖα Od. 4.734""},{""biblio"":"""",""quote"":""τεθνηῶτος""},{""biblio"":""Il. | 9.633"",""quote"":""τεθνηῶτος Il. 9.633""},{""biblio"":"""",""quote"":""τεθνηότος""},{""biblio"":""17.435"",""quote"":""τεθνηότος 17.435""},{""biblio"":"""",""quote"":""τεθνεώτων""},{""biblio"":""E. | Supp. | 272"",""quote"":""τεθνεώτων E. Supp. 272""},{""biblio"":"""",""quote"":""τεθνώς""},{""biblio"":""BCH | 18.438"",""quote"":""τεθνώς BCH 18.438""},{""biblio"":"""",""quote"":""τεθνῶτος""},{""biblio"":""SIG | 799.13"",""quote"":""τεθνῶτος SIG 799.13""},{""biblio"":"""",""quote"":""τεθνῶτι""},{""biblio"":""3.334"",""quote"":""τεθνῶτι Papers of the Amer. School 3.334""},{""biblio"":"""",""quote"":""τεθνώσας""},{""biblio"":""Babr. | 45.9"",""quote"":""τεθνώσας Babr. 45.9""},{""biblio"":"""",""quote"":""τεθνήξω""},{""biblio"":""Ar. | Ach. | 325"",""quote"":""τεθνήξω Ar. Ach. 325""},{""biblio"":"""",""quote"":""τεθνήξομαι""},{""biblio"":""Diogenian.Epicur. | 1.28"",""quote"":""τεθνήξομαι Diogenian.Epicur. 1.28""},{""biblio"":"""",""quote"":""τεθνηξόμενος""},{""biblio"":""Lib. | Ep. | 438.7"",""quote"":""τεθνηξόμενος Lib. Ep. 438.7""},{""biblio"":"""",""quote"":""σάρκες θνῄσκουσι""},{""biblio"":""Art. | 69"",""quote"":""σάρκες θνῄσκουσι Art. 69""},{""biblio"":"""",""quote"":""ἔθνῃσκον""},{""biblio"":""Th. | 2.47"",""quote"":""ἔθνῃσκον Th. 2.47""},{""biblio"":"""",""quote"":""θνῄσκοι""},{""biblio"":""Pl. | Phd. | 72d"",""quote"":""θνῄσκοι Pl. Phd. 72d""},{""biblio"":"""",""quote"":""θνῄσκομεν""},{""biblio"":""Epicur. | Ep. | 1p.20U."",""quote"":""θνῄσκομεν Epicur. Ep. 1p.20U.""},{""biblio"":"""",""quote"":""τέθνηκ' ἔγωγε πρὶν θανεῖν κακῶν ὕπο""},{""biblio"":""E. | Hec. | 431"",""quote"":""τέθνηκ' ἔγωγε πρὶν θανεῖν κακῶν ὕπο E. Hec. 431""},{""biblio"":"""",""quote"":""θανεῖν καὶ πότμον ἐπισπεῖν""},{""biblio"":""Il. | 7.52"",""quote"":""θανεῖν καὶ πότμον ἐπισπεῖν Il. 7.52""},{""biblio"":"""",""quote"":""ἦ ἤδη τέθνηκε""},{""biblio"":""4.834"",""quote"":""ἦ ἤδη τέθνηκε 4.834""},{""biblio"":"""",""quote"":""ὡς ἄμεινον εἴη τεθνάναι μᾶλλον ἢ ζώειν""},{""biblio"":""Hdt. | 1.31"",""quote"":""ὡς ἄμεινον εἴη τεθνάναι μᾶλλον ἢ ζώειν Hdt. 1.31""},{""biblio"":"""",""quote"":""τεθνάναι κρεῖττον ἤ . .""},{""biblio"":""D. | 9.65"",""quote"":""τεθνάναι κρεῖττον ἤ . . D. 9.65""},{""biblio"":"""",""quote"":""ἄξιος τεθνάναι""},{""biblio"":""Ar. | Ra. | 1012"",""quote"":""ἄξιος τεθνάναι Ar. Ra. 1012""},{""biblio"":"""",""quote"":""νέκυος πέρι τεθνηῶτος""},{""biblio"":""Il. | 18.173"",""quote"":""νέκυος πέρι τεθνηῶτος Il. 18.173""},{""biblio"":"""",""quote"":""οὔτε τεθνεῶτα οὔτε ζῶντα""},{""biblio"":""Hdt. | 4.14"",""quote"":""οὔτε τεθνεῶτα οὔτε ζῶντα Hdt. 4.14""},{""biblio"":"""",""quote"":""; θανόντι συνθανεῖν""},{""biblio"":""S. | Tr. | 798"",""quote"":""; θανόντι συνθανεῖν S. Tr. 798""},{""biblio"":"""",""quote"":""θ. ὑπό τινος""},{""biblio"":""Pl. | Ep. | 329c"",""quote"":""θ. ὑπό τινος Pl. Ep. 329c""},{""biblio"":"""",""quote"":""ἔκ τινος""},{""biblio"":""Pi. | P. | 4.72"",""quote"":""ἔκ τινος Pi. P. 4.72""},{""biblio"":"""",""quote"":""θεοῖς τέθνηκε""},{""biblio"":""S. | Aj. | 970"",""quote"":""θεοῖς τέθνηκε S. Aj. 970""},{""biblio"":"""",""quote"":""φαρμάκοισι""},{""biblio"":""E. | Fk. | 464"",""quote"":""φαρμάκοισι E. Fk. 464""},{""biblio"":"""",""quote"":""ἐν βρόχῳ""},{""biblio"":""A. | Ch. | 558"",""quote"":""ἐν βρόχῳ A. Ch. 558""},{""biblio"":"""",""quote"":""προοίμιον σκοτεινὸν καὶ τεθνηκὸς δειλίᾳ""},{""biblio"":""Aeschin. | 2.34"",""quote"":""προοίμιον σκοτεινὸν καὶ τεθνηκὸς δειλίᾳ Aeschin. 2.34""},{""biblio"":"""",""quote"":""θνᾴσκει σιγαθὲν καλὸν ἔργον""},{""biblio"":""Pi. | Fr. | 121"",""quote"":""θνᾴσκει σιγαθὲν καλὸν ἔργον Pi. Fr. 121""},{""biblio"":"""",""quote"":""ἐσλῶν ὑπὸ χαρμάτων πῆμα θνᾴσκει . . δαμασθέν""},{""biblio"":""Id. | O. | 2.19"",""quote"":""ἐσλῶν ὑπὸ χαρμάτων πῆμα θνᾴσκει . . δαμασθέν Id. O. 2.19""},{""biblio"":"""",""quote"":""λόγοι θνῄσκοντες μάτην""},{""biblio"":""A. | Ch. | 846"",""quote"":""λόγοι θνῄσκοντες μάτην A. Ch. 846""},{""biblio"":"""",""quote"":""θ. πίστις""},{""biblio"":""S. | OC | 611"",""quote"":""θ. πίστις S. OC 611""},{""biblio"":"""",""quote"":""τὸ τρύβλιον τέθνηκέ μοι""},{""biblio"":""Ar. | Ra. | 986"",""quote"":""τὸ τρύβλιον τέθνηκέ μοι Ar. Ra. 986""},{""biblio"":"""",""quote"":""τέθνηκε τὸ τοὺς ἀδικοῦντας μισεῖν""},{""biblio"":""D. | 19.289"",""quote"":""τέθνηκε τὸ τοὺς ἀδικοῦντας μισεῖν D. 19.289""},{""biblio"":"""",""quote"":""τεθνηκός τι φθέγξασθαι""},{""biblio"":""D.C. | 40.54"",""quote"":""τεθνηκός τι φθέγξασθαι D.C. 40.54""},{""biblio"":"""",""quote"":""τεθνηκὸς ὁρᾶν""},{""biblio"":""Callistr. | Stat. | 14"",""quote"":""τεθνηκὸς ὁρᾶν Callistr. Stat. 14""}]","[""15.496"",""17.435"",""3.334"",""4.834"",""72c"",""A. | Ch. | 558"",""A. | Ch. | 846"",""AP | 9.354"",""Aeschin. | 2.34"",""And. | 1.52"",""Antipho | 5.70"",""Ar. | Ach. | 325"",""Ar. | Ra. | 1012"",""Ar. | Ra. | 986"",""Art. | 69"",""BCH | 18.438"",""Babr. | 45.9"",""Callistr. | Stat. | 14"",""D. | 19.289"",""D. | 9.65"",""D.C. | 40.54"",""Did."",""Diogenian.Epicur. | 1.28"",""E. | Fk. | 464"",""E. | Hec. | 431"",""E. | Supp. | 272"",""Epicur. | Ep. | 1p.20U."",""Hdt. | 1.112"",""Hdt. | 1.31"",""Hdt. | 4.14"",""Hdt. | 9.120"",""Hippon. | 29"",""IG | 2.4040b"",""Id. | O. | 2.19"",""Il. | 18.12"",""Il. | 18.173"",""Il. | 18.98"",""Il. | 22.365"",""Il. | 22.52"",""Il. | 4.12"",""Il. | 7.52"",""Il. | 9.633"",""Lib. | Ep. | 438.7"",""Lys. | 31.22"",""Od. | 11.412"",""Od. | 19.331"",""Od. | 4.734"",""Pi. | Fr. | 121"",""Pi. | N. | 10.74"",""Pi. | P. | 4.72"",""Pl. | Ep. | 329c"",""Pl. | Grg. | 493a"",""Pl. | Phd. | 71d"",""Pl. | Phd. | 72d"",""Pl. | Phdr."",""S. | Aj. | 970"",""S. | OC | 611"",""S. | Tr. | 798"",""SIG | 799.13"",""Sapph. | 2.15"",""Simon. | 85.9"",""Th. | 2.47"",""Th. | 8.74"",""X. | An. | 4.1.19""]",{},"[{""type"":""ref"",""target"":"""",""text"":""-ειώς""},{""type"":"""",""target"":"""",""text"":""v.l. -ειώς""}]",1,1,1,1,1,3,12,1,132
48906,9,1211,n48906,θνητάδιος,,,801,,"[""θνητάδιος, sine expl., Hdn.Gr. 2.924 :θνητίδια,=νεκριμαῖα, Hsch. (θνιτ-cod.).""]",[],[],[],[],{},[],1,0,0,0,0,1,0,0,0
48907,9,1212,n48907,θνητο-γᾰμία,,ἡ,801,,"[""marriage with a mortal, Eust. 20.17 .""]","[""marriage with a mortal""]",[],[],[],{},[],1,1,0,0,0,1,1,0,0
48908,9,1213,n48908,θνητο-γενής,,,801,,"[""of mortal race, S. Ant. 835 (anap.), E. HF 799 (lyr.).""]","[""of mortal race""]",[],[],[],{},[],1,1,0,0,0,1,1,0,0
48909,9,1214,n48909,θνητο-ειδής,,,801,,"[""of mortal nature, Pl. Phd. 86a , Plu. 2.1002c , Jul. Or. 6.184a , etc.""]","[""of mortal nature""]",[],[],[],{},[],1,1,0,0,0,1,1,0,0
48910,9,1215,n48910,θνητός,Subst.,,801,,"[""liable to death, mortal, opp.ἀθάνατος, freq. in Hom. , Od. 5.213 , al.; θ. ἄνδρες Hes. Th. 967 ; οὐδὲν . . θνητὸν ἐόν Hdt. 8.98 ; ζῷα πάντα θ. καὶ φυτά Pl. Sph. 265c : as Subst.,θνητοί mortals, Od. 19.593 , etc.;θνηταί mortal women, 5.213 ;πάντων τῶν θ. of all mortal creatures, Hdt. 1.216 , 2.68 ;εἴ τις φθόγγος(φθόγγον cod., but θ. is only used of living persons) εἰσακούεται θνητῶν παρ' Ἅιδῃ E. HF 491 : Comp. , ἐν θνητῷ ὄντες, ἔτι θνητοτέρους ἑαυτοὺς ποιοῦντες Porph. Abst. 4.20 : Sup. , θνητότατος πάντων Plot. 5.1.1 ."",""of things,befitting mortals, human, ἔργματα E. Ba. 1069 ; θνατὰ θνατοῖσι πρέπει Pi. I. 5(4).16 ; θνατὰ χρὴ τὸν θνατὸν . . φρονεῖν Epich. [263] , cf. S. Tr. 473 ; τὸ δαιμόνιον μεταξύ ἐστι θεοῦ τε καὶ θνητοῦ Pl. Smp. 202e .""]","[""liable to death, mortal"",""mortals"",""mortal women"",""mortal creatures"",""befitting mortals, human""]","[""θνῄσκω""]","[{""biblio"":"""",""quote"":""θ. ἄνδρες""},{""biblio"":""Hes. | Th. | 967"",""quote"":""θ. ἄνδρες Hes. Th. 967""},{""biblio"":"""",""quote"":""οὐδὲν . . θνητὸν ἐόν""},{""biblio"":""Hdt. | 8.98"",""quote"":""οὐδὲν . . θνητὸν ἐόν Hdt. 8.98""},{""biblio"":"""",""quote"":""ζῷα πάντα θ. καὶ φυτά""},{""biblio"":""Pl. | Sph. | 265c"",""quote"":""ζῷα πάντα θ. καὶ φυτά Pl. Sph. 265c""},{""biblio"":"""",""quote"":""εἰσακούεται θνητῶν παρ' Ἅιδῃ""},{""biblio"":""E. | HF | 491"",""quote"":""εἰσακούεται θνητῶν παρ' Ἅιδῃ E. HF 491""},{""biblio"":"""",""quote"":""ἐν θνητῷ ὄντες, ἔτι θνητοτέρους ἑαυτοὺς ποιοῦντες""},{""biblio"":""Porph. | Abst. | 4.20"",""quote"":""ἐν θνητῷ ὄντες, ἔτι θνητοτέρους ἑαυτοὺς ποιοῦντες Porph. Abst. 4.20""},{""biblio"":"""",""quote"":""θνητότατος πάντων""},{""biblio"":""Plot. | 5.1.1"",""quote"":""θνητότατος πάντων Plot. 5.1.1""},{""biblio"":"""",""quote"":""ἔργματα""},{""biblio"":""E. | Ba. | 1069"",""quote"":""ἔργματα E. Ba. 1069""},{""biblio"":"""",""quote"":""θνατὰ θνατοῖσι πρέπει""},{""biblio"":""Pi. | I. | 5(4).16"",""quote"":""θνατὰ θνατοῖσι πρέπει Pi. I. 5(4).16""},{""biblio"":"""",""quote"":""θνατὰ χρὴ τὸν θνατὸν . . φρονεῖν""},{""biblio"":""Epich. | [263]"",""quote"":""θνατὰ χρὴ τὸν θνατὸν . . φρονεῖν Epich. [263]""},{""biblio"":"""",""quote"":""τὸ δαιμόνιον μεταξύ ἐστι θεοῦ τε καὶ θνητοῦ""},{""biblio"":""Pl. | Smp. | 202e"",""quote"":""τὸ δαιμόνιον μεταξύ ἐστι θεοῦ τε καὶ θνητοῦ Pl. Smp. 202e""}]","[""E. | Ba. | 1069"",""E. | HF | 491"",""Epich. | [263]"",""Hdt. | 8.98"",""Hes. | Th. | 967"",""Pi. | I. | 5(4).16"",""Pl. | Smp. | 202e"",""Pl. | Sph. | 265c"",""Plot. | 5.1.1"",""Porph. | Abst. | 4.20""]",{},[],1,1,1,1,0,2,5,1,20
48911,9,1216,n48911,θνητότης,,ἡ,801,,"[""mortality, Diog.Oen. 36 , Phlp. in APo. 400.28 .""]","[""mortality""]",[],[],[],{},[],1,1,0,0,0,1,1,0,0
48912,9,1217,n48912,θνητόψῡχος,,,801,,"[""maintaining the mortality of the soul, Tz. H. 8.222 .""]","[""maintaining the mortality of the soul""]",[],[],[],{},[],1,1,0,0,0,1,1,0,0
48913,9,1218,n48913,θοάζω,,,801,803,"[""move quickly, ply rapidly, πτέρυγας E. IT 1142 (lyr.);τίς ὅδ' ἀγών . . θοάζων σε; what task is thus hurrying thee on? Id. Or. 335 ;θοάζω Βρομίῳ πόνον ἡδύν urge it on, Id. Ba. 65 ;θ. σῖτα γένυσι dispatch it quickly, Id. HF 382 (lyr.)."",""intr.,move quickly, rush, dart, θοάζων αἰθέρος ἄνω καπνός Id. Or. 1542 ;ἐν δὲ δασκίοις ὄρεσι θ. Id. Ba. 219 ; θ. δρόμῳ Id. Tr. 307 ; κῆτος θοάζον ἐξ Ἀτλαντικῆς ἁλός Id. Fr. 145 . (Cf.θέω, θοός(A).)""]","[""move quickly, ply rapidly"",""hurrying"",""on?"",""urge"",""on"",""dispatch"",""quickly"",""move quickly, rush, dart""]",[],"[{""biblio"":"""",""quote"":""πτέρυγας""},{""biblio"":""E."",""quote"":""πτέρυγας E.""},{""biblio"":"""",""quote"":""θοάζων αἰθέρος ἄνω καπνός""},{""biblio"":""Id. | Or. | 1542"",""quote"":""θοάζων αἰθέρος ἄνω καπνός Id. Or. 1542""},{""biblio"":"""",""quote"":""θ. δρόμῳ""},{""biblio"":""Id. | Tr. | 307"",""quote"":""θ. δρόμῳ Id. Tr. 307""},{""biblio"":"""",""quote"":""κῆτος θοάζον ἐξ Ἀτλαντικῆς ἁλός""},{""biblio"":""Id. | Fr. | 145"",""quote"":""κῆτος θοάζον ἐξ Ἀτλαντικῆς ἁλός Id. Fr. 145""}]","[""E."",""Id. | Fr. | 145"",""Id. | Or. | 1542"",""Id. | Tr. | 307""]",{},[],1,1,0,1,0,2,8,0,8
48914,9,1219,n48914,θοάζω,,,801,,"[""= θάασσω ,sit, σοφίης ἐπ' ἄκροισι Emp. 4.8 ; ὑπ' ἀρχᾶς οὔτινος θοάζων [ζεὺς] κρατύνει A. Supp. 595 ;τίνας ποθ' ἕδρας τάσδε μοι θοάζετε; why are ye in this suppliant posture? S. OT 2 , cf. Plu. 2.22e . (Cf.ἐπιθοάζω, θόωκος, θῶκος; v. θάσσω .)""]","[""sit"",""are ye in"",""suppliant posture?""]",[],"[{""biblio"":"""",""quote"":""σοφίης ἐπ' ἄκροισι""},{""biblio"":""Emp. | 4.8"",""quote"":""σοφίης ἐπ' ἄκροισι Emp. 4.8""},{""biblio"":"""",""quote"":""ὑπ' ἀρχᾶς οὔτινος θοάζων [ζεὺς] κρατύνει""},{""biblio"":""A. | Supp. | 595"",""quote"":""ὑπ' ἀρχᾶς οὔτινος θοάζων [ζεὺς] κρατύνει A. Supp. 595""}]","[""A. | Supp. | 595"",""Emp. | 4.8""]",{},"[{""type"":""ref"",""target"":"""",""text"":""θάασσω""},{""type"":"""",""target"":"""",""text"":""= θάασσω""},{""type"":""ref"",""target"":"""",""text"":""θάσσω""},{""type"":"""",""target"":"""",""text"":""v. θάσσω""}]",1,1,0,1,1,1,3,0,4
48915,9,1220,n48915,θοάζω,,,801,,"[""v. θῳάζω .""]",[],[],[],[],{},"[{""type"":""ref"",""target"":"""",""text"":""θῳάζω""},{""type"":"""",""target"":"""",""text"":""v. θῳάζω""}]",1,0,0,0,1,1,0,0,0
48916,9,1221,n48916,θόαξος:,,,801,,"[""θόαξος: Ἀπόλλων, Hsch.""]",[],[],[],[],{},[],1,0,0,0,0,1,0,0,0
48917,9,1222,n48917,θοάς,Adj.,ἡ,801,,"[""fleet, swift, prob. in Pi. Fr. 107.7 .""]","[""fleet, swift""]",[],[],[],{},[],1,1,0,0,0,1,1,0,0
48918,9,1223,n48918,θόασμα,,τό,801,,"[""a place for dancing, etc., Orph. H. 49.6 .""]","[""a place for dancing""]",[],[],[],{},[],1,1,0,0,0,1,1,0,0
48919,9,1224,n48919,θοδράκιον,,,801,,"[""v. θρόδαξ .""]",[],[],[],[],{},"[{""type"":""ref"",""target"":"""",""text"":""θρόδαξ""},{""type"":"""",""target"":"""",""text"":""v. θρόδαξ""}]",1,0,0,0,1,1,0,0,0
48920,9,1225,n48920,θοῃρός:,,ἡ,801,,"[""pair of mules, Hsch. , Theognost. Can. 20 .θοίηβος,ὁ,=θαῦμα, Cyr. ; cf.θῆβος.""]","[""pair of mules""]",[],[],[],{},[],1,1,0,0,0,1,1,0,0
48921,9,1226,n48921,θοιν-άζω,,,801,,"[""θοιν-άζω, rare form for θοινάω, X. Ages. 8.7 , Ael. Fr. 267 .""]",[],[],[],[],{},[],1,0,0,0,0,1,0,0,0
48922,9,1227,n48922,θοίν-ᾱμα,,τό,801,,"[""meal, feast, E. Or. 814 , Ion 1495 (both lyr.), Posidon. 12 J.""]","[""meal, feast""]",[],[],[],{},[],1,1,0,0,0,1,1,0,0
48923,9,1228,n48923,θοιν-αρμόστρια,,ἡ,801,,"[""mistress of the banquet, cult-title, esp. in the worship of Demeter and Kore, in Laconia and Messenia, IG 5(1).584 , 1498 , etc.: spelt θυν-ib. 583 ,σειναρμόστρηα ib. 229 .""]","[""mistress of the banquet""]",[],[],[],{},[],1,1,0,0,0,1,1,0,0
48924,9,1229,n48924,θοιν-ᾱτήρ,,ὁ,801,,"[""one who gives a feast,χαλεπὸς θ.lord of a horrid feast, A. Ag. 1502 (anap.).""]","[""one who gives a feast"",""lord of a"",""feast""]",[],[],[],{},[],1,1,0,0,0,1,3,0,0
48925,9,1230,n48925,θοιν-ᾱτήριον,,τό,801,,"[""= θοίνη , E. Rh. 515 .""]",[],[],[],[],{},"[{""type"":""ref"",""target"":"""",""text"":""θοίνη""},{""type"":"""",""target"":"""",""text"":""= θοίνη""}]",1,0,0,0,1,1,0,0,0
48926,9,1231,n48926,θοιν-ᾱτικός,,,801,,"[""of or for a feast, X. Oec. 9.7 ( v.l. -ητικός ).""]","[""of"",""for a feast""]",[],[],[],{},"[{""type"":""ref"",""target"":"""",""text"":""-ητικός""},{""type"":"""",""target"":"""",""text"":""v.l. -ητικός""}]",1,1,0,0,1,1,2,0,0
48927,9,1232,n48927,θοιν-άτωρ,,ὁ,801,,"[""feaster, E. Ion 1206 , 1217 .""]","[""feaster""]",[],[],[],{},[],1,1,0,0,0,1,1,0,0
48928,9,1233,n48928,θοιν-άω,,,801,,"[""feast on, eat,δελφῖνες ἐθοίνων ἰχθῦς dub.l. in Hes. Sc. 212 ."",""Pass. ,to be feasted upon, i.e.sacrificed, ὗς τέλεος θοινῆται IG 12(1).905 (Rhodes)."",""feast, entertain, φίλους E. Ion 982 ;τὸ δεῖπνον, τό μιν ἐκεῖνος σαρξὶ τοῦ παιδὸς ἐθοίνησε( v.l. -ισε ) the feast, which he gave him upon his son's flesh, Hdt. 1.129 ."",""more freq. in Med. and Pass. ,fut. -άσομαι E. El. 836 , Cyc. 550 ,-ήσομαι(ἐκ-) A. Pr. 1025 codd.:aor. 1 ἐθοινήθην(v. infr.):aor. 1 Med. -ησάμην Nonn. D. 5.331 , AP 9.244 ( Apollonid. ):pf. τεθοίνᾱμαι E. Cyc. 377 (prob.)."",""abs.,to be feasted, feast, banquet, once in Hom. ,ἐς δ' αὐτοὺς προτέρω ἄγε θοινηθῆναι lead them in to feast, Od. 4.36 ; παρὰ κλαίουσι θοινᾶσθαι E. Alc. 542 : θ. καλῶς Cratin. 164 ."",""c. acc.,feast on, μῶν τεθοίναται ἑταίρους; E. Cyc. 377 ;σὲ ὕστερον θοινάσομαι ib. 550 ; θ. τὰ ζῷα Porph. Abst. 2.2 : c. acc. cogn., θ. παστήρια E. El. 836 : c. gen., ἅλις λεόντων ἐστί μοι θοινωμένῳ Id. Cyc. 248 ; θοινήσατο θήρης AP 9.244 ( Apollonid. ); of an eating sore, σάρκα θοινᾶται ποδός E. Fr. 792 , cf. Arist. Po. 1458b24 :""]","[""feast on, eat"",""to be feasted upon"",""sacrificed"",""feast, entertain"",""gave"",""upon"",""to be feasted, feast, banquet"",""to feast"",""feast on"",""eating""]","[""ἐκ-""]","[{""biblio"":"""",""quote"":""ὗς τέλεος θοινῆται""},{""biblio"":""IG | 12(1).905"",""quote"":""ὗς τέλεος θοινῆται IG 12(1).905""},{""biblio"":"""",""quote"":""φίλους""},{""biblio"":""E. | Ion | 982"",""quote"":""φίλους E. Ion 982""},{""biblio"":"""",""quote"":""-άσομαι""},{""biblio"":""E. | El. | 836"",""quote"":""-άσομαι E. El. 836""},{""biblio"":"""",""quote"":""-ησάμην""},{""biblio"":""Nonn. | D. | 5.331"",""quote"":""-ησάμην Nonn. D. 5.331""},{""biblio"":"""",""quote"":""τεθοίνᾱμαι""},{""biblio"":""E. | Cyc. | 377"",""quote"":""τεθοίνᾱμαι E. Cyc. 377""},{""biblio"":"""",""quote"":""παρὰ κλαίουσι θοινᾶσθαι""},{""biblio"":""E. | Alc. | 542"",""quote"":""παρὰ κλαίουσι θοινᾶσθαι E. Alc. 542""},{""biblio"":"""",""quote"":""θ. καλῶς""},{""biblio"":""Cratin. | 164"",""quote"":""θ. καλῶς Cratin. 164""},{""biblio"":"""",""quote"":""μῶν τεθοίναται ἑταίρους;""},{""biblio"":""E. | Cyc. | 377"",""quote"":""μῶν τεθοίναται ἑταίρους; E. Cyc. 377""},{""biblio"":"""",""quote"":""θ. τὰ ζῷα""},{""biblio"":""Porph. | Abst. | 2.2"",""quote"":""θ. τὰ ζῷα Porph. Abst. 2.2""},{""biblio"":"""",""quote"":""θ. παστήρια""},{""biblio"":""E. | El. | 836"",""quote"":""θ. παστήρια E. El. 836""},{""biblio"":"""",""quote"":""ἅλις λεόντων ἐστί μοι θοινωμένῳ""},{""biblio"":""Id. | Cyc. | 248"",""quote"":""ἅλις λεόντων ἐστί μοι θοινωμένῳ Id. Cyc. 248""},{""biblio"":"""",""quote"":""θοινήσατο θήρης""},{""biblio"":""AP | 9.244"",""quote"":""θοινήσατο θήρης AP 9.244""},{""biblio"":"""",""quote"":""σάρκα θοινᾶται ποδός""},{""biblio"":""E. | Fr. | 792"",""quote"":""σάρκα θοινᾶται ποδός E. Fr. 792""}]","[""AP | 9.244"",""Cratin. | 164"",""E. | Alc. | 542"",""E. | Cyc. | 377"",""E. | El. | 836"",""E. | Fr. | 792"",""E. | Ion | 982"",""IG | 12(1).905"",""Id. | Cyc. | 248"",""Nonn. | D. | 5.331"",""Porph. | Abst. | 2.2""]",{},"[{""type"":""ref"",""target"":"""",""text"":""-ισε""},{""type"":"""",""target"":"""",""text"":""v.l. -ισε""}]",1,1,1,1,1,6,10,1,26
48929,9,1234,n48929,θοίν-η,,ἡ,801,,"[""meal, feast, Hes. Sc. 114 , Hdt. 1.119 , 9.82 , A. Fr. 350.7 , etc.: in pl., Id. Pr. 530 (lyr.), B. Fr. 18 ; τὰς θ. κὰτ τὰν ὥραν ἀπάγεσθαι Michel 995 D 50 ; θοίνῃς δὲ καὶ εἰλαπίνῃσι Thgn. 239 ;ἐκ θοίνας after dinner, Epich. 148.2 ; εἰς θ. καλεῖν τινα E. Ion 1140 ; ἐπὶ θοίνην ἰέναι Pl. Phdr. 247a ;παρακαλεῖν ἐπὶ τὴν θ. Arist. Fr. 549 ;σκευαζομένης θ. Pl. Tht. 178d , cf. Arist. Pol. 1282a22 ; τραπέζας ἱερὰς πρεπούσης θ. γεμίζων OGI 383.146 (Commagene,i B.C.);ἐν θ. λέγειν τινά to count as a guest, and generally to take into account, Pl. Lg. 649a : metaph., Id. Sph. 251b , Phdr. 236e , X. Cyr. 4.2.39 ."",""food, πτανοῖς E. Ion 504 , cf. Tim. Pers. 150 ; θ. παντοδαπή Parth. 12.2 ."",""feeding upon, c. gen., τῶν σαρκῶν Porph. Abst. 2.47 . (Cf.θῶσθαι.)""]","[""meal, feast"",""dinner"",""food"",""feeding upon""]",[],"[{""biblio"":"""",""quote"":""τὰς θ. κὰτ τὰν ὥραν ἀπάγεσθαι""},{""biblio"":""Michel | 995"",""quote"":""τὰς θ. κὰτ τὰν ὥραν ἀπάγεσθαι Michel 995""},{""biblio"":"""",""quote"":""θοίνῃς δὲ καὶ εἰλαπίνῃσι""},{""biblio"":""Thgn. | 239"",""quote"":""θοίνῃς δὲ καὶ εἰλαπίνῃσι Thgn. 239""},{""biblio"":"""",""quote"":""εἰς θ. καλεῖν τινα""},{""biblio"":""E. | Ion | 1140"",""quote"":""εἰς θ. καλεῖν τινα E. Ion 1140""},{""biblio"":"""",""quote"":""ἐπὶ θοίνην ἰέναι""},{""biblio"":""Pl. | Phdr. | 247a"",""quote"":""ἐπὶ θοίνην ἰέναι Pl. Phdr. 247a""},{""biblio"":"""",""quote"":""τραπέζας ἱερὰς πρεπούσης θ. γεμίζων""},{""biblio"":""OGI | 383.146"",""quote"":""τραπέζας ἱερὰς πρεπούσης θ. γεμίζων OGI 383.146""},{""biblio"":"""",""quote"":""πτανοῖς""},{""biblio"":""E. | Ion | 504"",""quote"":""πτανοῖς E. Ion 504""},{""biblio"":"""",""quote"":""θ. παντοδαπή""},{""biblio"":""Parth. | 12.2"",""quote"":""θ. παντοδαπή Parth. 12.2""},{""biblio"":"""",""quote"":""τῶν σαρκῶν""},{""biblio"":""Porph. | Abst. | 2.47"",""quote"":""τῶν σαρκῶν Porph. Abst. 2.47""}]","[""E. | Ion | 1140"",""E. | Ion | 504"",""Michel | 995"",""OGI | 383.146"",""Parth. | 12.2"",""Pl. | Phdr. | 247a"",""Porph. | Abst. | 2.47"",""Thgn. | 239""]",{},[],1,1,0,1,0,3,4,0,16
48930,9,1235,n48930,θοιν-ήτωρ,,ὁ,801,,"[""= θοινάτωρ , AP 7.241 ( Antip.Sid. ).""]",[],[],[],[],{},"[{""type"":""ref"",""target"":"""",""text"":""θοινάτωρ""},{""type"":"""",""target"":"""",""text"":""= θοινάτωρ""}]",1,0,0,0,1,1,0,0,0
48931,9,1236,n48931,θοιν-ίζω,,,801,,"[""v.l. for θοινάω (q. v.).""]",[],[],[],[],{},"[{""type"":""ref"",""target"":"""",""text"":""θοινάω""},{""type"":"""",""target"":"""",""text"":""v.l. for θοινάω""}]",1,0,0,0,1,1,0,0,0
48932,9,1237,n48932,θοινοδοτέω,,,801,,"[""entertain at a banquet, Supp.Epigr. 3.774 (Crete,i B.C./i A.D.).""]","[""entertain at a banquet,""]",[],[],[],{},[],1,1,0,0,0,1,1,0,0
48933,9,1238,n48933,θοῖτο,,,801,,"[""θοῖτο, for θεῖτο, 3 opt.aor. 2 Med. of τίθημι.""]",[],[],[],[],{},[],1,0,0,0,0,1,0,0,0
48934,9,1239,n48934,θολερεῖν:,,,801,,"[""θολερεῖν: ταραχίζεσθαι, Hsch.""]",[],[],[],[],{},[],1,0,0,0,0,1,0,0,0
48935,9,1240,n48935,θολερ-ός,Adv.,,801,,"[""muddy, foul, turbid, opp.καθαρός or λαμπρός, prop. of troubled water, Hdt. 4.53 , Hp. Aër. 8 , Th. 2.102 ; θ. καὶ πηλώδης Pl. Phd. 113b : metaph., λαμπρὸν δὲ θολερῷ δῶμα συμμείξας E. Supp. 222 ; θ. οὖρα Hp. Epid. 1.7 ; ἀήρ Pl. Ti. 58d ( Sup. -ώτατος) ; αἷμα Arist. Somn.Vig. 458a14 ( Sup. ); χυμοί Thphr. CP 6.3.4 ( Comp. ); νεφέλαι AP 9.277 ( Antiphil. ): χρώς Ael. NA 14.9 ; πλίνθος Theoc. 16.62 ; δύσμορφον ἡ ὗς καὶ θολερόν Plu. 2.670a ."",""θ. πνεῦμα dub. l. in Hp. Prorrh. 1.39 (v.θαλερός)."",""metaph.,troubled by passion or madness,θολεροὶ λόγοι troubled words of passion (compared to a torrent), A. Pr. 885 (anap.);θολερῷ χειμῶνι νοσήσας with turbid storm of madness, S. Aj. 206 (anap.);θολερῷ κυνόδοντι with passionate tooth, Nic. Th. 130 codd. (θαλερῷ cj. Schneider).Adv. -ρῶς dub. in Com.Adesp. 865 .""]","[""muddy, foul, turbid"",""Aër."",""troubled by passion"",""madness"",""troubled"",""turbid"",""passionate""]","[""θολός""]","[{""biblio"":"""",""quote"":""θ. καὶ πηλώδης""},{""biblio"":""Pl. | Phd. | 113b"",""quote"":""θ. καὶ πηλώδης Pl. Phd. 113b""},{""biblio"":"""",""quote"":""λαμπρὸν δὲ θολερῷ δῶμα συμμείξας""},{""biblio"":""E. | Supp. | 222"",""quote"":""λαμπρὸν δὲ θολερῷ δῶμα συμμείξας E. Supp. 222""},{""biblio"":"""",""quote"":""θ. οὖρα""},{""biblio"":""Hp. | Epid. | 1.7"",""quote"":""θ. οὖρα Hp. Epid. 1.7""},{""biblio"":"""",""quote"":""ἀήρ""},{""biblio"":""Pl. | Ti. | 58d"",""quote"":""ἀήρ Pl. Ti. 58d""},{""biblio"":"""",""quote"":""; αἷμα""},{""biblio"":""Arist. | Somn.Vig. | 458a14"",""quote"":""; αἷμα Arist. Somn.Vig. 458a14""},{""biblio"":"""",""quote"":""χυμοί""},{""biblio"":""Thphr. | CP | 6.3.4"",""quote"":""χυμοί Thphr. CP 6.3.4""},{""biblio"":"""",""quote"":""νεφέλαι""},{""biblio"":""AP | 9.277"",""quote"":""νεφέλαι AP 9.277""},{""biblio"":"""",""quote"":""χρώς""},{""biblio"":""Ael. | NA | 14.9"",""quote"":""χρώς Ael. NA 14.9""},{""biblio"":"""",""quote"":""πλίνθος""},{""biblio"":""Theoc. | 16.62"",""quote"":""πλίνθος Theoc. 16.62""},{""biblio"":"""",""quote"":""δύσμορφον ἡ ὗς καὶ θολερόν""},{""biblio"":""Plu. | 2.670a"",""quote"":""δύσμορφον ἡ ὗς καὶ θολερόν Plu. 2.670a""}]","[""AP | 9.277"",""Ael. | NA | 14.9"",""Arist. | Somn.Vig. | 458a14"",""E. | Supp. | 222"",""Hp. | Epid. | 1.7"",""Pl. | Phd. | 113b"",""Pl. | Ti. | 58d"",""Plu. | 2.670a"",""Theoc. | 16.62"",""Thphr. | CP | 6.3.4""]",{},[],1,1,1,1,0,3,7,1,20
48936,9,1241,n48936,θολερ-ότης,,ἡ,801,,"[""turbidity, Hp. Epid. 2.3.11 .""]","[""turbidity""]",[],[],[],{},[],1,1,0,0,0,1,1,0,0
48937,9,1242,n48937,θολερόφρον:,,,801,,"[""θολερόφρον: μέγα, Hsch.""]",[],[],[],[],{},[],1,0,0,0,0,1,0,0,0
48938,9,1243,n48938,θολερώδης,,,801,,"[""θολερώδης,ες, dub. l. for θολώδης, Thphr. Ign. 24 .""]",[],[],[],[],{},[],1,0,0,0,0,1,0,0,0
48939,9,1244,n48939,θολία,,ἡ,801,,"[""conical hat with broad brim, or perh.parasol, Theoc. 15.39 ."",""chest with conical lid, Poll. 10.138 ; cf.θαλιοποιοί.""]","[""conical hat with broad brim"",""parasol"",""chest with conical lid""]","[""θόλος""]",[],[],{},[],1,1,1,0,0,2,3,1,0
48940,9,1245,n48940,θολικός,,,801,,"[""with a dome, στοά Suid. s.v. Δαμιανός .""]","[""with a dome""]",[],"[{""biblio"":"""",""quote"":""στοά""},{""biblio"":""Suid."",""quote"":""στοά Suid.""}]","[""Suid.""]",{},"[{""type"":""ref"",""target"":"""",""text"":""Δαμιανός""},{""type"":"""",""target"":"""",""text"":""s.v. Δαμιανός""}]",1,1,0,1,1,1,1,0,2
48941,9,1246,n48941,θολο-ειδής,Adv.,,801,,"[""like a θόλος, Callix. 1 , Str. 4.4.3 ; of the Roman Pantheon, D.C. 53.27 .Adv. -δῶς, κοιλανθεῖσα Dsc. 4.153 , cf. D.L. 2.9 ."",""like a θολία, cj. Scal. for θηλοειδῆ in Thphr. HP 3.9.6 (fort.θολιοειδής).""]","[""like a"",""like a""]",[],"[{""biblio"":"""",""quote"":""-δῶς, κοιλανθεῖσα""},{""biblio"":""Dsc. | 4.153"",""quote"":""-δῶς, κοιλανθεῖσα Dsc. 4.153""}]","[""Dsc. | 4.153""]",{},[],1,1,0,1,0,2,2,0,2
48942,9,1247,n48942,θολο-μῐγής,,,801,,"[""mixed with dirt, Onat. ap. Stob. 1.1.39 .""]","[""mixed with dirt""]",[],[],[],{},[],1,1,0,0,0,1,1,0,0
48943,9,1248,n48943,θόλος,,ἡ,801,,"[""round building with conical roof, rotunda, Od. 22.442 , al., cf. Hsch."",""at Athens,the Rotunda, in which the Prytaneis, etc., dined, Pl. Ap. 32c , And. 1.45 , D. 19.249 , Arist. Ath. 43.3 , Alexand. Com. 9 , Paus. 1.5.1 ; a similar building at Epidaurus, Id. 2.27.3 ; at Magnesia on Maeander, SIG 589.43 (ii B.C.)."",""θόλος,ὁ , in public baths,vaulted vapour-bath, PMagd. 33.3 (iii B.C.), Asclep.Myrl. ap. Ath. 11.501d , Alciphr. 1.23 , POxy. 2145.6 (ii A.D.), PMag.Osl. 1 . 75 ."",""bandage for the head, invented by Diocles, Heliod. ap. Orib. 48.25 tit.""]","[""round building with conical roof, rotunda"",""the Rotunda"",""vaulted vapour-bath,"",""bandage""]",[],[],[],{},[],1,1,0,0,0,4,4,0,0
48944,9,1249,n48944,θολ-ός,,ὁ,801,,"[""mud, dirt, esp. in water, Arist. Fr. 311 ."",""menses, Orph. L. 490 ."",""ink of the cuttle-fish, Hp. Morb. 2.73 , Arist. HA 524a13 , al. ( v.l. θορόν in 544a4 )."",""the vessel in which this ink is retained, Id. PA 679a1 , 681b26 .—On the accent,v.Hdn.Gr. 1.154 .""]","[""mud, dirt"",""menses"",""ink of the cuttle-fish"",""the vessel in which this ink is retained""]",[],[],[],{},"[{""type"":""ref"",""target"":"""",""text"":""θορόν""},{""type"":"""",""target"":"""",""text"":""v.l. θορόν""}]",1,1,0,0,1,4,4,0,0
48945,9,1250,n48945,θολ-ός,,,801,,"[""= θολερός , Ath. 10.420d , Olymp. in Mete. 127.13 , cf. Hsch.""]",[],[],[],[],{},"[{""type"":""ref"",""target"":"""",""text"":""θολερός""},{""type"":"""",""target"":"""",""text"":""= θολερός""}]",1,0,0,0,1,1,0,0,0
48946,9,1251,n48946,θολ-όω,,,801,,"[""make turbid, prop. of water,θ. ἅπαντα, of the cuttle-fish, Antiph. 26.2 ; of fishermen, Arist. Fr. 311 :— Pass. , τεθολωμένα ὕδατα Hp. Aër. 7 ; τεθ. ἀήρ Philyll. 20 ."",""metaph., θολοῖ δὲ καρδίαν E. Alc. 1067 ;τεθολωμένος confounded by joy, Pherecr. 115 ; θολοῦσθαί τι τῶν σπλάγχνων Philostr. VA 8.7 ; γένος . . τεθολωμένον γειτόνημα Procop. Goth. 4.19 ."",""soak, σπόγγοις διὰ ψυχροῦ ὕδατος . . τεθολωμένοις Orib. 8.6.36 .""]","[""make turbid"",""Aër."",""confounded"",""soak""]",[],"[{""biblio"":"""",""quote"":""τεθολωμένα ὕδατα""},{""biblio"":""Hp."",""quote"":""τεθολωμένα ὕδατα Hp.""},{""biblio"":"""",""quote"":""τεθ. ἀήρ""},{""biblio"":""Philyll. | 20"",""quote"":""τεθ. ἀήρ Philyll. 20""},{""biblio"":"""",""quote"":""θολοῖ δὲ καρδίαν""},{""biblio"":""E. | Alc. | 1067"",""quote"":""θολοῖ δὲ καρδίαν E. Alc. 1067""},{""biblio"":"""",""quote"":""θολοῦσθαί τι τῶν σπλάγχνων""},{""biblio"":""Philostr. | VA | 8.7"",""quote"":""θολοῦσθαί τι τῶν σπλάγχνων Philostr. VA 8.7""},{""biblio"":"""",""quote"":""γένος . . τεθολωμένον γειτόνημα""},{""biblio"":""Procop. | Goth. | 4.19"",""quote"":""γένος . . τεθολωμένον γειτόνημα Procop. Goth. 4.19""},{""biblio"":"""",""quote"":""σπόγγοις διὰ ψυχροῦ ὕδατος . . τεθολωμένοις""},{""biblio"":""Orib. | 8.6.36"",""quote"":""σπόγγοις διὰ ψυχροῦ ὕδατος . . τεθολωμένοις Orib. 8.6.36""}]","[""E. | Alc. | 1067"",""Hp."",""Orib. | 8.6.36"",""Philostr. | VA | 8.7"",""Philyll. | 20"",""Procop. | Goth. | 4.19""]",{},[],1,1,0,1,0,3,4,0,12
48947,9,1252,n48947,θολ-ώδης,,,801,,"[""muddy, turbid, of water, Hp. Aër. 8 ( Sup. -έστατος) ; ἐν τοῖς ἀμμώδεσι ἢ θολώδεσι Arist. HA 620b16 ; also θ. καπνός Vett.Val. 345.21 ;πῦρ lamb. Myst. 2.4 .""]","[""muddy, turbid"",""Aër.""]",[],"[{""biblio"":"""",""quote"":""; ἐν τοῖς ἀμμώδεσι ἢ θολώδεσι""},{""biblio"":""Arist. | HA | 620b16"",""quote"":""; ἐν τοῖς ἀμμώδεσι ἢ θολώδεσι Arist. HA 620b16""},{""biblio"":"""",""quote"":""θ. καπνός""},{""biblio"":""Vett.Val. | 345.21"",""quote"":""θ. καπνός Vett.Val. 345.21""}]","[""Arist. | HA | 620b16"",""Vett.Val. | 345.21""]",{},[],1,1,0,1,0,1,2,0,4
48948,9,1253,n48948,θόλ-ωσις,,ἡ,801,,"[""making turbid, troubling, esp. of water, Arist. PA 679a7 ; also ἀέρος Gal. 16.609 .""]","[""making turbid, troubling""]",[],"[{""biblio"":"""",""quote"":""ἀέρος""},{""biblio"":""Gal. | 16.609"",""quote"":""ἀέρος Gal. 16.609""}]","[""Gal. | 16.609""]",{},[],1,1,0,1,0,1,1,0,2
48949,9,1254,n48949,θολωτός,,,801,,"[""built like a θόλος, τεῖχος Procop. Aed. 4.11 .""]","[""built like a""]",[],"[{""biblio"":"""",""quote"":""θόλος, τεῖχος""},{""biblio"":""Procop. | Aed. | 4.11"",""quote"":""θόλος, τεῖχος Procop. Aed. 4.11""}]","[""Procop. | Aed. | 4.11""]",{},[],1,1,0,1,0,1,1,0,2
48950,9,1255,n48950,θονανία:,,,801,,"[""θονανία: ὀξεῖα, Hsch. (fort.θοὴ ἀνία).""]",[],[],[],[],{},[],1,0,0,0,0,1,0,0,0
48951,9,1256,n48951,θοός,Adj.,,801,,"[""quick, nimble, epith. of Ares and warriors, Il. 5.430 , 571 , 16.422 , 494 , etc.: c.inf., θ. μάχεσθαι 5.536 ; of things, χείρ 12.306 ; βέλος Od. 22.83 ; ἅρμα Il. 17.458 ;μάστιξ ib. 430 ; νῆες 14.410 , etc.; νηυσὶ θοῇσι . . πεποιθότες ὠκείῃσι Od. 7.34 ;νύξ swift night, Il. 10.394 , Od. 12.284 , Hes. Th. 481 ;θοὴν ἀλεγύνετε δαῖτα partake of a hasty meal, i.e.in haste, Od. 8.38 ; later, of animals, Pi. P. 4.17 , E. Ba. 977 (lyr.); also μάχαι Pi. P. 8.26 ; γλῶσσα Id. N. 7.72 ; θοὰ βάξις A. Ag. 476 (lyr.); θ. εἰρεσίας ζυγόν S. Aj. 249 (lyr.), cf. Orph. A. 1037 ; πτέρυξ E. Ion 123 (lyr.), cf. A. Pr. 129 (lyr.); σάκος A.R. 1.743 ; ἀσπίδας . . θοὸν ἔχμα βολάων Id. 4.201 ;πνοαί, αὖραι, E. Andr. 479 (lyr.), Tr. 454 (troch.): used adverbially with Verbs of motion,ἐκπρολιποῦσα θοὸν δόμον quickly, in haste, Antim. 71 (expld. by An.Ox.from τίθημι) ; θοὰν νύμφαν ἄγαγες S. Tr. 857 (lyr.).Adv. -ῶς quickly, in haste, Il. 3.325 , B. 14.59 , A. Pr. 1060 (anap.), Pers. 398 , Hp. Mul. 2.132 ; θοώτερον A.R. 3.1406 ;soon, Od. 15.216 .""]","[""quick, nimble"",""swift"",""hasty"",""in haste"",""quickly, in haste"",""quickly, in haste"",""soon""]","[""θέω""]","[{""biblio"":"""",""quote"":""θ. μάχεσθαι""},{""biblio"":""5.536"",""quote"":""θ. μάχεσθαι 5.536""},{""biblio"":"""",""quote"":""χείρ""},{""biblio"":""12.306"",""quote"":""χείρ 12.306""},{""biblio"":"""",""quote"":""βέλος""},{""biblio"":""Od. | 22.83"",""quote"":""βέλος Od. 22.83""},{""biblio"":"""",""quote"":""ἅρμα""},{""biblio"":""Il. | 17.458"",""quote"":""ἅρμα Il. 17.458""},{""biblio"":"""",""quote"":""νῆες""},{""biblio"":""14.410"",""quote"":""νῆες 14.410""},{""biblio"":"""",""quote"":""νηυσὶ θοῇσι . . πεποιθότες ὠκείῃσι""},{""biblio"":""Od. | 7.34"",""quote"":""νηυσὶ θοῇσι . . πεποιθότες ὠκείῃσι Od. 7.34""},{""biblio"":"""",""quote"":""μάχαι""},{""biblio"":""Pi. | P. | 8.26"",""quote"":""μάχαι Pi. P. 8.26""},{""biblio"":"""",""quote"":""γλῶσσα""},{""biblio"":""Id. | N. | 7.72"",""quote"":""γλῶσσα Id. N. 7.72""},{""biblio"":"""",""quote"":""θοὰ βάξις""},{""biblio"":""A. | Ag. | 476"",""quote"":""θοὰ βάξις A. Ag. 476""},{""biblio"":"""",""quote"":""θ. εἰρεσίας ζυγόν""},{""biblio"":""S. | Aj. | 249"",""quote"":""θ. εἰρεσίας ζυγόν S. Aj. 249""},{""biblio"":"""",""quote"":""πτέρυξ""},{""biblio"":""E. | Ion | 123"",""quote"":""πτέρυξ E. Ion 123""},{""biblio"":"""",""quote"":""σάκος""},{""biblio"":""A.R. | 1.743"",""quote"":""σάκος A.R. 1.743""},{""biblio"":"""",""quote"":""ἀσπίδας . . θοὸν ἔχμα βολάων""},{""biblio"":""Id. | 4.201"",""quote"":""ἀσπίδας . . θοὸν ἔχμα βολάων Id. 4.201""},{""biblio"":"""",""quote"":""; θοὰν νύμφαν ἄγαγες""},{""biblio"":""S. | Tr. | 857"",""quote"":""; θοὰν νύμφαν ἄγαγες S. Tr. 857""},{""biblio"":"""",""quote"":""θοώτερον""},{""biblio"":""A.R. | 3.1406"",""quote"":""θοώτερον A.R. 3.1406""}]","[""12.306"",""14.410"",""5.536"",""A. | Ag. | 476"",""A.R. | 1.743"",""A.R. | 3.1406"",""E. | Ion | 123"",""Id. | 4.201"",""Id. | N. | 7.72"",""Il. | 17.458"",""Od. | 22.83"",""Od. | 7.34"",""Pi. | P. | 8.26"",""S. | Aj. | 249"",""S. | Tr. | 857""]",{},[],1,1,1,1,0,1,7,1,30
48952,9,1257,n48952,θοός,,,801,,"[""pointed, sharp,νῆσοι, name of certain of the Echinades (acc. to Str. 8.3.26 ), Od. 15.299 ; so later θ. γόμφοι, ὀδόντες, πελέκεις, A.R. 2.79 , 3.1281 , 4.1683 ; ξίφος AP 9.157 ; cf. sq.""]","[""pointed, sharp""]",[],"[{""biblio"":"""",""quote"":""ξίφος""},{""biblio"":""AP | 9.157"",""quote"":""ξίφος AP 9.157""}]","[""AP | 9.157""]",{},[],1,1,0,1,0,1,1,0,2
48953,9,1258,n48953,θοόω,,,801,,"[""make sharp or pointed, Od. 9.327 ; τεθοωμένος Nic. Th. 228 ."",""metaph., in Pass. , ἐν πυρὶ φωνὴν τεθοωμένος Hermesian. 7.11 ; λύσσῃ τεθοωμένος Opp. H. 1.557 , 2.525 .""]","[""make sharp"",""pointed""]",[],"[{""biblio"":"""",""quote"":""τεθοωμένος""},{""biblio"":""Nic. | Th. | 228"",""quote"":""τεθοωμένος Nic. Th. 228""},{""biblio"":"""",""quote"":""ἐν πυρὶ φωνὴν τεθοωμένος""},{""biblio"":""Hermesian. | 7.11"",""quote"":""ἐν πυρὶ φωνὴν τεθοωμένος Hermesian. 7.11""},{""biblio"":"""",""quote"":""λύσσῃ τεθοωμένος""},{""biblio"":""Opp. | H. | 1.557"",""quote"":""λύσσῃ τεθοωμένος Opp. H. 1.557""}]","[""Hermesian. | 7.11"",""Nic. | Th. | 228"",""Opp. | H. | 1.557""]",{},[],1,1,0,1,0,2,2,0,6
48954,9,1259,n48954,θοραῖος,,,801,,"[""containing the semen, πηρίν Nic. Th. 586 ;ὁ θοραῖος, epith. of Apollo as god of growth and increase, Lyc. 352 .""]","[""containing the semen"",""god of growth and increase""]","[""θορός""]","[{""biblio"":"""",""quote"":""πηρίν""},{""biblio"":""Nic. | Th. | 586"",""quote"":""πηρίν Nic. Th. 586""}]","[""Nic. | Th. | 586""]",{},[],1,1,1,1,0,1,2,1,2
48955,9,1260,n48955,θοράνας:,,,801,,"[""θοράνας: τὸ ἔξω(Paph.), Hsch.""]",[],[],[],[],{},[],1,0,0,0,0,1,0,0,0
48956,9,1261,n48956,Θοράτης,,ὁ,801,,"[""Θοράτης,ὁ, title of Apollo in Laconia, Hsch. (-τις cod.).""]",[],[],[],[],{},[],1,0,0,0,0,1,0,0,0
48957,9,1262,n48957,θόρε,,,801,,"[""v. θρῴσκω .""]",[],[],[],[],{},"[{""type"":""ref"",""target"":"""",""text"":""θρῴσκω""},{""type"":"""",""target"":"""",""text"":""v. θρῴσκω""}]",1,0,0,0,1,1,0,0,0
48958,9,1263,n48958,θορή,,ἡ,801,,"[""= θορός , Hdt. 3.101 , Alcmaeon Fr. 3D.""]",[],[],[],[],{},"[{""type"":""ref"",""target"":"""",""text"":""θορός""},{""type"":"""",""target"":"""",""text"":""= θορός""}]",1,0,0,0,1,1,0,0,0
48959,9,1264,n48959,Θορῐκόνδε,Adv.,,801,,"[""to Thoricus, h.Cer. 126 .""]","[""to Thoricus,""]",[],[],[],{},[],1,1,0,0,0,1,1,0,0
48960,9,1265,n48960,θορικός,,,801,,"[""of or for the semen,πόροι θ.ductus seminales, Arist. GA 720b13 , al.; [τὰ] θορικά partes seminales, ib. 755b20 ;τροφὴ θ. Ruf. Sat.Gon. 12 .""]","[""of"",""for the semen"",""ductus seminales"",""partes seminales""]",[],[],[],{},[],1,1,0,0,0,1,4,0,0
48961,9,1266,n48961,θορινεῦσαι:,,,801,,"[""θορινεῦσαι: ὁ ξιφίας ἰχθύς, Hsch.""]",[],[],[],[],{},[],1,0,0,0,0,1,0,0,0
48962,9,1267,n48962,θορίσκομαι,,,801,,"[""receive semen, διὰ τῶν ὤτων Ant.Lib. 29.3 .""]","[""receive semen""]",[],"[{""biblio"":"""",""quote"":""διὰ τῶν ὤτων""},{""biblio"":""Ant.Lib. | 29.3"",""quote"":""διὰ τῶν ὤτων Ant.Lib. 29.3""}]","[""Ant.Lib. | 29.3""]",{},[],1,1,0,1,0,1,1,0,2
48963,9,1268,n48963,θόρισμα,,τό,801,,"[""bait for fish, Hsch. θόρναξ: ὑποπόδιον( Cypr. ), Id. (metath. of Θρόναξ).""]","[""bait""]",[],[],[],{},[],1,1,0,0,0,1,1,0,0
48964,9,1269,n48964,θόρνυμαι,,,801,,"[""= θρῴσκω 11 , [ S. ] Fr. 1127.9 , Nic. Th. 130 :3 pl. subj., ἐπεὰν θορνύωνται Hdt. 3.109 .""]",[],[],"[{""biblio"":"""",""quote"":""ἐπεὰν θορνύωνται""},{""biblio"":""Hdt. | 3.109"",""quote"":""ἐπεὰν θορνύωνται Hdt. 3.109""}]","[""Hdt. | 3.109""]",{},"[{""type"":""ref"",""target"":"""",""text"":""θρῴσκω""},{""type"":"""",""target"":"""",""text"":""= θρῴσκω""}]",1,0,0,1,1,1,0,0,2
48965,9,1270,n48965,θορό-εις,,,801,,"[""in embryo,βρέφος θ. Opp. C. 3.522 .""]","[""in embryo""]",[],[],[],{},[],1,1,0,0,0,1,1,0,0
48966,9,1271,n48966,θορο-ποιός,,,801,,"[""gloss on θοῦρις , EM 453.51 ( v.l. φθορο-, θυρο- ).""]",[],[],[],[],{},"[{""type"":""ref"",""target"":"""",""text"":""θοῦρις""},{""type"":"""",""target"":"""",""text"":""gloss on θοῦρις""},{""type"":""ref"",""target"":"""",""text"":""φθορο-, θυρο-""},{""type"":"""",""target"":"""",""text"":""v.l. φθορο-, θυρο-""}]",1,0,0,0,1,1,0,0,0
48967,9,1272,n48967,θορός,,ὁ,801,,"[""semen genitale, Hdt. 2.93 , Hp. Morb. 2.51 , Arist. HA 509b20 , Plu. 2.637f , Porph. Abst. 4.9 ."",""θορός: ἀφροδισιαστής, Hsch.""]","[""semen genitale""]",[],[],[],{},[],1,1,0,0,0,2,1,0,0
48968,9,1273,n48968,θόρραξ,,,801,,"[""v. θώραξ .""]",[],[],[],[],{},"[{""type"":""ref"",""target"":"""",""text"":""θώραξ""},{""type"":"""",""target"":"""",""text"":""v. θώραξ""}]",1,0,0,0,1,1,0,0,0
48969,9,1274,n48969,θορῠβ-άζομαι,,,801,,"[""to be troubled, Ev.Luc. 10.41 ( v.l. τυρβάζῃ ): Act. in Gramm., Dosith. p.432 K., EM 633.34 .""]","[""to be troubled,""]",[],[],[],{},"[{""type"":""ref"",""target"":"""",""text"":""τυρβάζῃ""},{""type"":"""",""target"":"""",""text"":""v.l. τυρβάζῃ""}]",1,1,0,0,1,1,1,0,0
48970,9,1275,n48970,θορῠβ-έω,,,801,,"[""make a noise, uproar or disturbance, esp. of crowds, assemblies, etc., Hp. Ep. 12 , Ar. Eq. 666 , V. 622 , etc.; βλέπων εἰς τὸν ἀεὶ θορυβοῦντα τόπον τῆς ἐκκλησίας D. 21.194 ."",""shout in token of approbation or the contrary:"",""cheer, applaud, Isoc. 12.264 , Pl. Euthd. 303b :— Pass. ,λόγος τεθορυβημένος a loudly cheered speech, Isoc. 12.233 , cf. Arist. Rh. 1356b23 ."",""more freq.raise clamour,καί μοι μὴ θορυβήσητε pray do not interrupt, Pl. Ap. 20e , cf. D. 5.15 ; θ. ἐφ' οἷς ἂν λέγω Pl. Ap. 30c ;ὁ θορυβῶν, opp.ὁ θέλων λέγειν καὶ ἀκούειν, And. 4.7 :— Pass. ,have clamours raised against one, ὑπὸ τοιούτων ἀνδρῶν θορυβῇ S. Aj. 164 (anap.)."",""trans.,confuse by noise or tumult, bewilder, Pl. Phdr. 245b , Prt. 319c , al.;throw[troops]into confusion, in battle, Th. 3.78 ;θ. πρός τινας cause excitement amongst . . , Id. 6.61 :— Pass. ,to be thrown into disorder, confused, Hdt. 3.78 , 4.130 , Th. 4.129 , 8.50 , Pl Ep. 348e , etc.; ὑπὸ τῶν λεγομένων Id. Ly. 210e ;τινι at a thing, D. 18.35 ; ἐπί τινι Bato 7.2 ; περί τι Th. 6.61 ; πρός τι Plu. Cam. 29 .""]","[""make a noise, uproar"",""disturbance"",""shout in token of approbation"",""the contrary"",""cheer, applaud"",""loudly cheered"",""raise clamour"",""do"",""interrupt"",""have clamours raised against one"",""confuse by noise"",""tumult, bewilder"",""throw"",""into confusion"",""cause excitement"",""to be thrown into disorder, confused""]",[],"[{""biblio"":"""",""quote"":""βλέπων εἰς τὸν ἀεὶ θορυβοῦντα τόπον τῆς ἐκκλησίας""},{""biblio"":""D. | 21.194"",""quote"":""βλέπων εἰς τὸν ἀεὶ θορυβοῦντα τόπον τῆς ἐκκλησίας D. 21.194""},{""biblio"":"""",""quote"":""θ. ἐφ' οἷς ἂν λέγω""},{""biblio"":""Pl. | Ap. | 30c"",""quote"":""θ. ἐφ' οἷς ἂν λέγω Pl. Ap. 30c""},{""biblio"":"""",""quote"":""ὑπὸ τοιούτων ἀνδρῶν θορυβῇ""},{""biblio"":""S. | Aj. | 164"",""quote"":""ὑπὸ τοιούτων ἀνδρῶν θορυβῇ S. Aj. 164""},{""biblio"":"""",""quote"":""ὑπὸ τῶν λεγομένων""},{""biblio"":""Id. | Ly. | 210e"",""quote"":""ὑπὸ τῶν λεγομένων Id. Ly. 210e""},{""biblio"":"""",""quote"":""ἐπί τινι""},{""biblio"":""Bato | 7.2"",""quote"":""ἐπί τινι Bato 7.2""},{""biblio"":"""",""quote"":""περί τι""},{""biblio"":""Th. | 6.61"",""quote"":""περί τι Th. 6.61""},{""biblio"":"""",""quote"":""πρός τι""},{""biblio"":""Plu. | Cam. | 29"",""quote"":""πρός τι Plu. Cam. 29""}]","[""Bato | 7.2"",""D. | 21.194"",""Id. | Ly. | 210e"",""Pl. | Ap. | 30c"",""Plu. | Cam. | 29"",""S. | Aj. | 164"",""Th. | 6.61""]",{},[],1,1,0,1,0,5,16,0,14
48971,9,1276,n48971,θορῠ́β-ηθρον,,τό,801,,"[""= λεοντοπέταλον , Ps.- Dsc. 3.96 .""]",[],[],[],[],{},"[{""type"":""ref"",""target"":"""",""text"":""λεοντοπέταλον""},{""type"":"""",""target"":"""",""text"":""= λεοντοπέταλον""}]",1,0,0,0,1,1,0,0,0
48972,9,1277,n48972,θορῠβ-ητικός,,,801,,"[""uproarious, turbulent, Ar. Eq. 1380 .""]","[""uproarious, turbulent""]",[],[],[],{},[],1,1,0,0,0,1,1,0,0
48973,9,1278,n48973,θορῠβοποι-έω,,,801,,"[""make an uproar, Cic. Fam. 16.23.2 , D.S. 13.111 , App. BC 2.74 .""]","[""make an uproar""]",[],[],[],{},[],1,1,0,0,0,1,1,0,0
48974,9,1279,n48974,θορῠβοποι-ός,,,801,,"[""making an uproar, turbulent, πλῆθος Plu. Mar. 28 .""]","[""making an uproar, turbulent""]",[],"[{""biblio"":"""",""quote"":""πλῆθος""},{""biblio"":""Plu. | Mar. | 28"",""quote"":""πλῆθος Plu. Mar. 28""}]","[""Plu. | Mar. | 28""]",{},[],1,1,0,1,0,1,1,0,2
48975,9,1280,n48975,θόρῠβ-ος,,ὁ,801,804,"[""noise, esp.the confused noise of a crowded assembly, uproar, clamour, Pi. O. 10(11).72 , Th. 8.92 , etc.;θόρυβος βοῆς a confused clamour, S. Ph. 1263 ; θ. στρατιωτῶν Ar. Ach. 546 ; θ. Πυκνίτης Com.Adesp. 45D. ; θ. παρέχειν ἐν ταῖς βουλαῖς καὶ ἐν ταῖς ἐκκλησίαις OGI 48.9 (Ptolemais,iii B.C.); less freq. of an individual, E. Or. 905 ;of animals, θόρυβον δ' οὐκ ἐφίλησαν ὄνων Call. Aet.Oxy. 2079.30 ."",""esp. in token of approbation or the contrary, Pl. R. 492b , 492c :"",""applause, θ. Ληναί̈της Ar. Eq. 547 ; θ. καὶ ἔπαινος Pl. Prt. 339d , D. 19.195 ; θόρυβον καὶ κρότον ἐποιήσατε Id. 21.14 ."",""groans, murmurs, And. 2.15 ;μεγάλοι θόρυβοι κατ έχους' ἡμᾶς great murmurs are abroad among us, S. Aj. 142 (anap.)."",""tumult, confusion, θ. παρασχεῖν τινι Hdt. 7.181 ;ἐς θ. ἀπικέσθαι, καταστῆναι, Id. 8.56 , Th. 4.104 ;ἐγένετο ὁ θ. μέγας, in a battle, ib. 14 ;κραυγὴ καὶ θ. Phld. Hom. p.22 O.: pl., θ. ὀχλώδεις καὶ παροινίαι Men. Mon. 239 ."",""confusion of mind, θορύβους ἐνθυμηματικοὺς καὶ ἀποφθεγματικοὺς παρασκευάζειν Epicur. Nat. 14.9 ;ὁ παρὰ κακὰς δόξας θ. Phld. Rh. 2.31 S. , cf. 40S."",""c.inf.,ἐς θόρυβον ἤλυθον . . λευσθῆναι I ran a risk of being stoned, E. IA 1349 (troch.). (Perh. cogn. with τονθορύζω.)""]","[""noise"",""the confused noise of a crowded assembly, uproar, clamour"",""applause"",""groans, murmurs"",""murmurs"",""tumult, confusion"",""confusion"",""risk""]",[],"[{""biblio"":"""",""quote"":""θ. στρατιωτῶν""},{""biblio"":""Ar. | Ach. | 546"",""quote"":""θ. στρατιωτῶν Ar. Ach. 546""},{""biblio"":"""",""quote"":""θ. Πυκνίτης""},{""biblio"":""Com.Adesp. | 45D."",""quote"":""θ. Πυκνίτης Com.Adesp. 45D.""},{""biblio"":"""",""quote"":""θ. παρέχειν ἐν ταῖς βουλαῖς καὶ ἐν ταῖς ἐκκλησίαις""},{""biblio"":""OGI | 48.9"",""quote"":""θ. παρέχειν ἐν ταῖς βουλαῖς καὶ ἐν ταῖς ἐκκλησίαις OGI 48.9""},{""biblio"":"""",""quote"":""θόρυβον δ' οὐκ ἐφίλησαν ὄνων""},{""biblio"":""Call. | Aet.Oxy. | 2079.30"",""quote"":""θόρυβον δ' οὐκ ἐφίλησαν ὄνων Call. Aet.Oxy. 2079.30""},{""biblio"":"""",""quote"":""θ. Ληναί̈της""},{""biblio"":""Ar. | Eq. | 547"",""quote"":""θ. Ληναί̈της Ar. Eq. 547""},{""biblio"":"""",""quote"":""θ. καὶ ἔπαινος""},{""biblio"":""Pl. | Prt. | 339d"",""quote"":""θ. καὶ ἔπαινος Pl. Prt. 339d""},{""biblio"":"""",""quote"":""θόρυβον καὶ κρότον ἐποιήσατε""},{""biblio"":""Id. | 21.14"",""quote"":""θόρυβον καὶ κρότον ἐποιήσατε Id. 21.14""},{""biblio"":"""",""quote"":""θ. παρασχεῖν τινι""},{""biblio"":""Hdt. | 7.181"",""quote"":""θ. παρασχεῖν τινι Hdt. 7.181""},{""biblio"":"""",""quote"":""θ. ὀχλώδεις καὶ παροινίαι""},{""biblio"":""Men. | Mon. | 239"",""quote"":""θ. ὀχλώδεις καὶ παροινίαι Men. Mon. 239""},{""biblio"":"""",""quote"":""θορύβους ἐνθυμηματικοὺς καὶ ἀποφθεγματικοὺς παρασκευάζειν""},{""biblio"":""Epicur. | Nat. | 14.9"",""quote"":""θορύβους ἐνθυμηματικοὺς καὶ ἀποφθεγματικοὺς παρασκευάζειν Epicur. Nat. 14.9""}]","[""Ar. | Ach. | 546"",""Ar. | Eq. | 547"",""Call. | Aet.Oxy. | 2079.30"",""Com.Adesp. | 45D."",""Epicur. | Nat. | 14.9"",""Hdt. | 7.181"",""Id. | 21.14"",""Men. | Mon. | 239"",""OGI | 48.9"",""Pl. | Prt. | 339d""]",{},[],1,1,0,1,0,7,8,0,20
48976,9,1281,n48976,θορῠβ-ώδης,Adv.,,801,,"[""uproarious, turbulent, Pl. Lg. 671a ;clamorous, -ῶδες φθέγγεσθαι Arist. HA 632b18 ; θορυβώδεα ἐνυπνιάζεσθαι Hp. VM 10 .Adv. -δῶς Poll. 5.123 , Iamb. Myst. 3.25 (prob.): Comp. -έστερον, διατίθενται Plu. 2.656f ."",""causing alarm, τῷ ἵππῳ θ. μηδὲν προσφέρειν X. Eq. 9.15 ."",""confusing, δόξαι Demetr.Lac. Herc. 1696.4 .""]","[""uproarious, turbulent"",""clamorous"",""causing alarm"",""confusing""]",[],"[{""biblio"":"""",""quote"":""-ῶδες φθέγγεσθαι""},{""biblio"":""Arist. | HA | 632b18"",""quote"":""-ῶδες φθέγγεσθαι Arist. HA 632b18""},{""biblio"":"""",""quote"":""θορυβώδεα ἐνυπνιάζεσθαι""},{""biblio"":""Hp. | VM | 10"",""quote"":""θορυβώδεα ἐνυπνιάζεσθαι Hp. VM 10""},{""biblio"":"""",""quote"":""-δῶς""},{""biblio"":""Poll. | 5.123"",""quote"":""-δῶς Poll. 5.123""},{""biblio"":"""",""quote"":""-έστερον, διατίθενται""},{""biblio"":""Plu. | 2.656f"",""quote"":""-έστερον, διατίθενται Plu. 2.656f""},{""biblio"":"""",""quote"":""τῷ ἵππῳ θ. μηδὲν προσφέρειν""},{""biblio"":""X. | Eq. | 9.15"",""quote"":""τῷ ἵππῳ θ. μηδὲν προσφέρειν X. Eq. 9.15""},{""biblio"":"""",""quote"":""δόξαι""},{""biblio"":""Demetr.Lac. | Herc. | 1696.4"",""quote"":""δόξαι Demetr.Lac. Herc. 1696.4""}]","[""Arist. | HA | 632b18"",""Demetr.Lac. | Herc. | 1696.4"",""Hp. | VM | 10"",""Plu. | 2.656f"",""Poll. | 5.123"",""X. | Eq. | 9.15""]",{},[],1,1,0,1,0,3,4,0,12
48977,9,1282,n48977,θορώδης,,,801,,"[""θορώδης,ες,=θοραῖος, Gal. 4.556 , al.""]",[],[],[],[],{},[],1,0,0,0,0,1,0,0,0
48978,9,1283,n48978,θοῦ,,,801,,"[""θοῦ,aor. 2 imper. Med. of τίθημι.""]",[],[],[],[],{},[],1,0,0,0,0,1,0,0,0
48979,9,1284,n48979,θουρ-αῖος,,,801,,"[""violent, lustful, Hsch. :—fem.θουράς,άδος, Nic. Th. 131 , Lyc. 612 .""]","[""violent, lustful""]",[],[],[],{},[],1,1,0,0,0,1,1,0,0
48980,9,1285,n48980,θουρ-άω,,,801,,"[""rush or leap upon, c. acc., Id. 85 :—also θουριῶν: ἐνεργῶν, Hsch.""]","[""rush"",""leap upon""]",[],[],[],{},[],1,1,0,0,0,1,2,0,0
48981,9,1286,n48981,θουρ-ήεις,,,801,,"[""θουρ-ήεις,εσσα,εν,=θουραῖος, Id.""]",[],[],[],[],{},[],1,0,0,0,0,1,0,0,0
48982,9,1287,n48982,θούρ-ης,,ὁ,801,,"[""male, of animals, Id. (s.v.l.).""]","[""male""]",[],[],[],{},[],1,1,0,0,0,1,1,0,0
48983,9,1288,n48983,θουρ-ηταῖς:,,,801,,"[""θουρ-ηταῖς: αἱ τῶν ζῴων μίξεις, Id.""]",[],[],[],[],{},[],1,0,0,0,0,1,0,0,0
48984,9,1289,n48984,θούρ-ητρα:,,,801,,"[""θούρ-ητρα: ὀχεῖα, Id.""]",[],[],[],[],{},[],1,0,0,0,0,1,0,0,0
48985,9,1290,n48985,Θουριό-μαντις,,ὁ,801,,"[""a Thurian prophet, of the seer Lampon, Ar. Nu. 332 (pl.);v.Sch. ad loc.""]","[""a Thurian prophet"",""seer""]",[],[],[],{},[],1,1,0,0,0,1,2,0,0
48986,9,1291,n48986,Θουριο-πέρσαι,,οἱ,801,,"[""Θουριο-πέρσαι,οἱ, title of play by Metagenes, Ath. 6.270a .""]",[],[],[],[],{},[],1,0,0,0,0,1,0,0,0
48987,9,1292,n48987,θούριος,,,801,,"[""Αἴας S. Aj. 212 (anap.); λῆμα Ar. Eq. 757 (lyr.).""]",[],[],"[{""biblio"":"""",""quote"":""Αἴας""},{""biblio"":""S. | Aj. | 212"",""quote"":""Αἴας S. Aj. 212""},{""biblio"":"""",""quote"":""λῆμα""},{""biblio"":""Ar. | Eq. | 757"",""quote"":""λῆμα Ar. Eq. 757""}]","[""Ar. | Eq. | 757"",""S. | Aj. | 212""]",{},[],1,0,0,1,0,1,0,0,4
48988,9,1293,n48988,θοῦρις,,ἡ,801,,"[""θοῦρις,ιδος,ἡ, fem. of sq. (q.v.): in pl.θούριδες: νύμφαι, Μοῦσαι( Maced. ), Hsch.""]",[],[],[],[],{},[],1,0,0,0,0,1,0,0,0
48989,9,1294,n48989,θοῦρος,,ἡ,801,,"[""rushing, impetuous, furious, Hom. (only in Il. ), as epith. of Ares, 15.127 ,al. (of the planet Mars, Doroth. ap. Heph.Astr. 1.1 ); Τυφών A. Pr. 356 , cf. Fr. 199 ; δόρυ E. Rh. 492 ; ἀνὴρ Γαλάτης Eleg.Alex.Adesp. 2.14 :—fem.θοῦρις,ῐδος,ἡ, epith. of ἀλκή, Od. 4.527 , Il. 7.164 , al.;θ. ἀσπίς, prob. the shield with which one rushes to the fight, 11.32 ; αἰγίς 15.308 .""]","[""rushing, impetuous, furious"",""with which one rushes to the fight""]","[""θρῴσκω""]","[{""biblio"":"""",""quote"":""Τυφών""},{""biblio"":""A. | Pr. | 356"",""quote"":""Τυφών A. Pr. 356""},{""biblio"":"""",""quote"":""δόρυ""},{""biblio"":""E. | Rh. | 492"",""quote"":""δόρυ E. Rh. 492""},{""biblio"":"""",""quote"":""ἀνὴρ Γαλάτης""},{""biblio"":""Eleg.Alex.Adesp. | 2.14"",""quote"":""ἀνὴρ Γαλάτης Eleg.Alex.Adesp. 2.14""},{""biblio"":"""",""quote"":""αἰγίς""},{""biblio"":""15.308"",""quote"":""αἰγίς 15.308""}]","[""15.308"",""A. | Pr. | 356"",""E. | Rh. | 492"",""Eleg.Alex.Adesp. | 2.14""]",{},[],1,1,1,1,0,1,2,1,8
48990,9,1295,n48990,θούσχοινοι,,,801,,"[""θούσχοινοι ἢ""]",[],[],[],[],{},[],1,0,0,0,0,1,0,0,0
48991,9,1296,n48991,θόσχοινοι:,,,801,,"[""θόσχοινοι: ἅρπαγες, πλανῆτες, Hsch.""]",[],[],[],[],{},[],1,0,0,0,0,1,0,0,0
48992,9,1297,n48992,θόωκος,,ὁ,801,,"[""v. θᾶκος .""]",[],[],[],[],{},"[{""type"":""ref"",""target"":"""",""text"":""θᾶκος""},{""type"":"""",""target"":"""",""text"":""v. θᾶκος""}]",1,0,0,0,1,1,0,0,0
48993,9,1298,n48993,θόωσα,,ἡ,801,,"[""speedy, swift, as pr. n., Od. 1.71 , Emp. 122.3 .""]","[""speedy, swift""]",[],[],[],{},[],1,1,0,0,0,1,1,0,0
48994,9,1299,n48994,θραγμός,,ὁ,801,,"[""crackling, κυάμων ἐρεικομένων S.E. P. 1.58 ; cf.θραύω.""]","[""crackling""]",[],"[{""biblio"":"""",""quote"":""κυάμων ἐρεικομένων""},{""biblio"":""S.E. | P. | 1.58"",""quote"":""κυάμων ἐρεικομένων S.E. P. 1.58""}]","[""S.E. | P. | 1.58""]",{},[],1,1,0,1,0,1,1,0,2
48995,9,1300,n48995,θράζω,,,801,,"[""θράζω,aor. 1 ἔθρᾰσα,=θραύω, Tz. H. 9.34 .""]",[],[],[],[],{},[],1,0,0,0,0,1,0,0,0
48996,9,1301,n48996,θραίειν:,,,801,,"[""θραίειν: λοιδορεῖν( Lacon. ), Hsch.""]",[],[],[],[],{},[],1,0,0,0,0,1,0,0,0
48997,9,1302,n48997,Θρᾴκ-η,,ἡ,801,,"[""from Thrace, Il. 9.5 , 72 :Θῄκηνδε,to Thrace, Od. 8.361 .""]","[""from Thrace"",""to Thrace""]",[],[],[],{},[],1,1,0,0,0,1,2,0,0
48998,9,1303,n48998,Θρᾳκ-ίας,,ὁ,801,,"[""(sc.λίθος) stone said to take fire in water, Dsc. 5.129 , cf. Plin. HN 33.94 .""]",[],[],[],[],{},[],1,0,0,0,0,1,0,0,0
48999,9,1304,n48999,Θρᾳκ-ίζω,,,801,,"[""speak Thracian dialect, A.D. Adv. 162.4 , St.Byz. s.v. Θράκη .""]","[""speak Thracian dialect""]",[],[],[],{},"[{""type"":""ref"",""target"":"""",""text"":""Θράκη""},{""type"":"""",""target"":"""",""text"":""s.v. Θράκη""}]",1,1,0,0,1,1,1,0,0
49000,9,1305,n49000,Θρᾳκ-ικός,,,801,,"[""Θρᾳκ-ικός,ή,όν,=sq., Luc. JTr. 21 .""]",[],[],[],[],{},[],1,0,0,0,0,1,0,0,0
49001,9,1306,n49001,Θρᾴκ-ιος,,,801,,"[""Θρηῐκιος Hom. ; Θρηῑκιος Phanocl. 1.1 , A.R. 4.905 .]""]",[],[],"[{""biblio"":"""",""quote"":""Θρηῐκιος""},{""biblio"":""Hom."",""quote"":""Θρηῐκιος Hom.""},{""biblio"":"""",""quote"":""Θρηῑκιος""},{""biblio"":""Phanocl. | 1.1"",""quote"":""Θρηῑκιος Phanocl. 1.1""}]","[""Hom."",""Phanocl. | 1.1""]",{},[],1,0,0,1,0,1,0,0,4
49002,9,1307,n49002,Θρᾳκ-ιστί,Adv.,,801,,"[""in Thracian fashion, κέκαρμαι Theoc. 14.46 ."",""in the Thracian dialect, Str. 7.6.1 , A.D. Adv. 162.4 .""]","[""in Thracian fashion"",""in the Thracian dialect""]",[],"[{""biblio"":"""",""quote"":""κέκαρμαι""},{""biblio"":""Theoc. | 14.46"",""quote"":""κέκαρμαι Theoc. 14.46""}]","[""Theoc. | 14.46""]",{},[],1,1,0,1,0,2,2,0,2
49003,9,1308,n49003,Θρᾳκοφοίτης,,ὁ,801,,"[""one who keeps going to Thrace, like Ἁιδοφοίτης , Ar. Fr. 149.7 .""]","[""one who keeps going to Thrace""]",[],[],[],{},"[{""type"":""ref"",""target"":"""",""text"":""Ἁιδοφοίτης""},{""type"":"""",""target"":"""",""text"":""like Ἁιδοφοίτης""}]",1,1,0,0,1,1,1,0,0
49004,9,1309,n49004,θρακτικόν:,,,801,,"[""θρακτικόν: πορευτόν, and θραξεῖται: πορεύσεται, Hsch. : dial. forms for θρεκτ-, θρεξ-.θραμβόν: καπυρόν, Id.θράμις: κριός, Id.""]",[],[],[],[],{},[],1,0,0,0,0,1,0,0,0
49005,9,1310,n49005,θρᾱνεύομαι,,,801,,"[""to be stretched on the tanner's board, tanned, Ar. Eq. 369 ; also,to be crushed, Hsch. , Phot.""]","[""to be stretched on the tanner's board, tanned"",""to be crushed""]","[""θρᾶνος""]",[],[],{},[],1,1,1,0,0,1,2,1,0
49006,9,1311,n49006,θρᾰνίας,,ὁ,801,,"[""θρᾰνίας,ου,ὁ, a kind of fish,ξιφίαι θρανίαι τε Marcell.S Id. 29 (cf.θρανίς):—also θρανίαι: θρόμβοι, Hsch.""]",[],[],[],[],{},[],1,0,0,0,0,1,0,0,0
49007,9,1312,n49007,θρᾱν-ίδιον,,τό,801,,"[""θρᾱν-ίδιον,τό, Dim. of θρᾶνος, Ar. Fr. 399 .""]",[],[],[],[],{},[],1,0,0,0,0,1,0,0,0
49008,9,1313,n49008,θρᾱν-ίον,,τό,801,,"[""the rower's bench, Poll. 1.94 (pl., with v.l. θρανεῖα)."",""close-stool, Hsch."",""= θρᾶνος 11.1 , 2 , Id.""]","[""the rower's bench"",""close-stool""]",[],[],[],{},"[{""type"":""ref"",""target"":"""",""text"":""θρᾶνος""},{""type"":"""",""target"":"""",""text"":""= θρᾶνος""}]",1,1,0,0,1,3,2,0,0
49009,9,1314,n49009,θρᾰνίς,,ἡ,801,,"[""sword-fish,=ξιφίας, Xenocr. 17 ; cf.θρανίας.""]","[""sword-fish""]",[],[],[],{},[],1,1,0,0,0,1,1,0,0
49010,9,1315,n49010,θρᾱν-ίτης,Adj.,ὁ,801,,"[""rower on the topmost of the three benches in a trireme, Th. 6.31 , Ar. Ach. 162 , cf. Sch. Ar. Ra. 1106 ."",""Adj. of the topmost bench,σκαλμὸς θ. the topmost bench, Plb. 16.3.4 :- fem.θρᾱνῖτις κώπη the oar of a θρανίτης, IG 22.1604.52 (pl.), EM 454.12 (pl.).""]","[""rower on the topmost of the three benches"",""of the topmost bench"",""topmost"",""of a""]","[""θρᾶνος""]",[],[],{},[],1,1,1,0,0,2,4,1,0
49011,9,1316,n49011,θρᾱν-ῑτικός,,,801,,"[""of a θρανίτης, κώπη Callix. 1 .""]","[""of a""]",[],"[{""biblio"":"""",""quote"":""θρανίτης, κώπη""},{""biblio"":""Callix. | 1"",""quote"":""θρανίτης, κώπη Callix. 1""}]","[""Callix. | 1""]",{},[],1,1,0,1,0,1,1,0,2
49012,9,1317,n49012,θραννομένη:,,,801,,"[""θραννομένη: προορῶσα, Hsch.""]",[],[],[],[],{},[],1,0,0,0,0,1,0,0,0
49013,9,1318,n49013,θρᾱνογράφος,,ὁ,801,,"[""θρᾱνογράφος[γρᾰ],ὁ ,=τοιχογράφος, Plb. 15.25.32 , Hsch.""]",[],[],[],[],{},[],1,0,0,0,0,1,0,0,0
49014,9,1319,n49014,θρᾶνος,,ὁ,801,,"[""bench, form, Ar. Pl. 545 (gen.θράνους codd., θράνου Poll. )."",""close-stool, Hp. ap. Gal. 19.104 ."",""Archit.,"",""wooden beam, ὅσα κατέρρωγεν τοῦ τείχους ἐνδήσει θράνοις IG 22.463.75 ;θράνους ἐπιθήσει διανεκεῖς, of beams supporting floors, ib. 1668.81 , cf. 1672.208 ."",""ὁ θ. τοῦ νεώ the top course of masonry in a temple, ib. 11(2).161 A 49 (Delos,iii B.C.); θ. ποικίλος PCair.Zen. 445.5 (iii B.C.).""]","[""bench, form"",""close-stool"",""wooden beam"",""beams"",""top course""]","[""θράομαι""]","[{""biblio"":"""",""quote"":""θράνου""},{""biblio"":""Poll."",""quote"":""θράνου Poll.""},{""biblio"":"""",""quote"":""ὅσα κατέρρωγεν τοῦ τείχους ἐνδήσει θράνοις""},{""biblio"":""IG | 22.463.75"",""quote"":""ὅσα κατέρρωγεν τοῦ τείχους ἐνδήσει θράνοις IG 22.463.75""},{""biblio"":"""",""quote"":""θ. ποικίλος""},{""biblio"":""PCair.Zen. | 445.5"",""quote"":""θ. ποικίλος PCair.Zen. 445.5""}]","[""IG | 22.463.75"",""PCair.Zen. | 445.5"",""Poll.""]",{},[],1,1,1,1,0,5,5,1,6
49015,9,1320,n49015,θρᾶνυξ,,,801,,"[""v. θρῆνυξ .""]",[],[],[],[],{},"[{""type"":""ref"",""target"":"""",""text"":""θρῆνυξ""},{""type"":"""",""target"":"""",""text"":""v. θρῆνυξ""}]",1,0,0,0,1,1,0,0,0
49016,9,1321,n49016,θρᾱνύσσω,,,801,,"[""break in pieces, Lyc. 664 . (Cf.συνθρανόω, prob. cogn. with θραύω.)""]","[""break in pieces""]",[],[],[],{},[],1,1,0,0,0,1,1,0,0
49017,9,1322,n49017,Θρᾷξ,,ὁ,801,,"[""Θρᾷξ,Θρᾳκός,ὁ ,Thracian: Ep. and Ion. Θρήϊξ,ϊκος [ῐ, but ῑ in Nic. Th. 49 , Call. Aet.Oxy. 2079.13 , A.R. 1.24 , 632 , etc.], Il. 4.533 , Hdt. 1.28 , etc.: Ep. and Trag. contr. Θρῇξ,Θρῃκός, Il. 24.234 , etc., to be read for Θρᾷξ in E. Hec. 428 , Fr. 360.48 ; Ion. dat. pl.Θρήϊξιν[̆̄̆] Archil. Supp. 4.48 :—fem.Θρᾷσσα(q.v.).""]",[],[],[],[],{},[],1,0,0,0,0,1,0,0,0
49018,9,1323,n49018,θρᾶξαι,,,801,,"[""v. θράσσω .""]",[],[],[],[],{},"[{""type"":""ref"",""target"":"""",""text"":""θράσσω""},{""type"":"""",""target"":"""",""text"":""v. θράσσω""}]",1,0,0,0,1,1,0,0,0
49019,9,1324,n49019,θράομαι,,,801,,"[""to be seated, in Ion. aor. 1 Med. θρήσασθαι, πλατάνῳ γ<ρ>αίῃ ὕπο Philet. 14 .""]","[""to be seated""]",[],"[{""biblio"":"""",""quote"":""θρήσασθαι, πλατάνῳ γ<ρ>αίῃ ὕπο""},{""biblio"":""Philet. | 14"",""quote"":""θρήσασθαι, πλατάνῳ γ<ρ>αίῃ ὕπο Philet. 14""}]","[""Philet. | 14""]",{},[],1,1,0,1,0,1,1,0,2
49020,9,1325,n49020,θράσις,,ἡ,801,,"[""θράσις,εως,ἡ,=θραῦσις, Hsch. θράσκειν: ἀναμιμνῄσκειν, Id.""]",[],[],[],[],{},[],1,0,0,0,0,1,0,0,0
49021,9,1326,n49021,Θρασκίας,,ὁ,801,,"[""the wind from NNW., Arist. Mete. 363b29 , Mu. 394b30 , Thphr. Vent. 42 , Agathem. 2.7 , Lyd. Mag. 3.32 :—written Θρᾳκίας, Arist. Vent. 973b17 , Thphr. Sign. 35 ;Θρᾱκίας IG 14.1308 : —hence θρασκικός,ή,όν,facing NNW., of windows, Zos.Alch. p.141 B.""]","[""the wind from NNW."",""facing NNW.""]",[],[],[],{},[],1,1,0,0,0,1,2,0,0
49022,9,1327,n49022,θράσος,,τό,801,,"[""= θάρσος (q.v.),courage, Il. 14.416 , A. Pers. 394 , E. Med. 469 , Ar. Lys. 545 (lyr.);θ. πολέμων courage in war, Pi. P. 2.63 ;θράσει boldly, B. 16.63 ; but more freq.ἰσχύος θ.confidence in strength, S. Ph. 104 ."",""in bad sense,over-boldness, rashness, insolence,ἐς τοῦτο θράσεος( v.l. θάρσεος ) ἀνήκει Hdt. 7.9 .γ', cf. A. Pr. 42 , D. 21.194 , etc.; παμμάχῳ θράσει βρύων A. Ag. 169 (lyr.), cf. Pers. 831 ; προβᾶς' ἐπ' ἔσχατον θράσους S. Ant. 853 (lyr.); τόλμαις καὶ φρενῶν θράσει Id. Aj. 46 ; πεπύργωσαι θράσει E. Or. 1568 ; πανουργίᾳ τε καὶ θράσει Ar. Eq. 331 , cf. 637 ; θράσει ἀπίστῳ ἐπαιρόμενος Th. 1.120 ; τοῦ θράσους ἐπισχεῖν τινα Pl. Hp.Ma. 298a ; τὸ τὴν τοῦ βελτίονος δόξαν μὴ φοβεῖσθαι διὰ θράσος Id. Lg. 701b ;ἀναίδεια καὶ θ. Aeschin. 1.189 ; opp.αἰδώς, Arist. Cael. 291b26 ; θράσος μὲν γάρ ἐστιν ἄλογος ὁρμή, θάρσος δὲ ἔλλογος ὁρμή Ammon. Diff. p.71 V.; οἷον πέπονθε τὸ θάρσος πρὸς τὸ θράσος Arist. EE 1234b12 , cf. Eus.Mynd. 56 , Luc. Musc.Enc. 5 .—This distn. holds good in Att. Prose:θάρσος is not found in Com.;θαρσύνω and θρασύνω are used indifferently;θρασέω and θαρσύς are not found; cf.θρασύς fin.,θρασύτης.""]","[""courage"",""courage"",""boldly"",""confidence"",""over-boldness, rashness, insolence""]",[],"[{""biblio"":"""",""quote"":""ἀνήκει""},{""biblio"":""Hdt. | 7.9"",""quote"":""ἀνήκει Hdt. 7.9""},{""biblio"":"""",""quote"":""παμμάχῳ θράσει βρύων""},{""biblio"":""A. | Ag. | 169"",""quote"":""παμμάχῳ θράσει βρύων A. Ag. 169""},{""biblio"":"""",""quote"":""προβᾶς' ἐπ' ἔσχατον θράσους""},{""biblio"":""S. | Ant. | 853"",""quote"":""προβᾶς' ἐπ' ἔσχατον θράσους S. Ant. 853""},{""biblio"":"""",""quote"":""τόλμαις καὶ φρενῶν θράσει""},{""biblio"":""Id. | Aj. | 46"",""quote"":""τόλμαις καὶ φρενῶν θράσει Id. Aj. 46""},{""biblio"":"""",""quote"":""πεπύργωσαι θράσει""},{""biblio"":""E. | Or. | 1568"",""quote"":""πεπύργωσαι θράσει E. Or. 1568""},{""biblio"":"""",""quote"":""πανουργίᾳ τε καὶ θράσει""},{""biblio"":""Ar. | Eq. | 331"",""quote"":""πανουργίᾳ τε καὶ θράσει Ar. Eq. 331""},{""biblio"":"""",""quote"":""θράσει ἀπίστῳ ἐπαιρόμενος""},{""biblio"":""Th. | 1.120"",""quote"":""θράσει ἀπίστῳ ἐπαιρόμενος Th. 1.120""},{""biblio"":"""",""quote"":""τοῦ θράσους ἐπισχεῖν τινα""},{""biblio"":""Pl. | Hp.Ma. | 298a"",""quote"":""τοῦ θράσους ἐπισχεῖν τινα Pl. Hp.Ma. 298a""},{""biblio"":"""",""quote"":""τὸ τὴν τοῦ βελτίονος δόξαν μὴ φοβεῖσθαι διὰ θράσος""},{""biblio"":""Id. | Lg. | 701b"",""quote"":""τὸ τὴν τοῦ βελτίονος δόξαν μὴ φοβεῖσθαι διὰ θράσος Id. Lg. 701b""},{""biblio"":"""",""quote"":""θράσος μὲν γάρ ἐστιν ἄλογος ὁρμή, θάρσος δὲ ἔλλογος ὁρμή""},{""biblio"":""Ammon. | Diff. | p.71"",""quote"":""θράσος μὲν γάρ ἐστιν ἄλογος ὁρμή, θάρσος δὲ ἔλλογος ὁρμή Ammon. Diff. p.71""},{""biblio"":"""",""quote"":""οἷον πέπονθε τὸ θάρσος πρὸς τὸ θράσος""},{""biblio"":""Arist. | EE | 1234b12"",""quote"":""οἷον πέπονθε τὸ θάρσος πρὸς τὸ θράσος Arist. EE 1234b12""}]","[""A. | Ag. | 169"",""Ammon. | Diff. | p.71"",""Ar. | Eq. | 331"",""Arist. | EE | 1234b12"",""E. | Or. | 1568"",""Hdt. | 7.9"",""Id. | Aj. | 46"",""Id. | Lg. | 701b"",""Pl. | Hp.Ma. | 298a"",""S. | Ant. | 853"",""Th. | 1.120""]",{},"[{""type"":""ref"",""target"":"""",""text"":""θάρσος""},{""type"":"""",""target"":"""",""text"":""= θάρσος""},{""type"":""ref"",""target"":"""",""text"":""θάρσεος""},{""type"":"""",""target"":"""",""text"":""v.l. θάρσεος""}]",1,1,0,1,1,2,5,0,22
49023,9,1328,n49023,Θρᾷσσα,Subst.,ἡ,801,,"[""Thracian slave-girl, Ar. Ach. 273 , Pl. Tht. 174a , etc.:Θράϊσσα [ᾰ] Theoc. Ep. 20.1 ; Ion. Θρέϊσσα Herod. 1.79 .""]","[""Thracian slave-girl""]",[],[],[],{},[],1,1,0,0,0,1,1,0,0
49024,9,1329,n49024,θράσσω,,,801,,"[""θρᾶττον Pl. Phd. 86e :aor.1 inf. θρᾶξαι A. Pr. 628 , E. Fr. 600 :—trouble, disquiet, Pi. I. 7(6).39 ,A.l.c., Cratin. 363 , Pherecr. 39 , S. Fr. 177 , Hp. Mul. 1.70 , E. Rh. 863 , Pl. l.c., Phdr. 242c , etc.:— Pass. , ὑπὸ ἐδωδῆς θράττεσθαι Jul. Or. 6.192a :aor.1 ἐθράχθη S. Fr. 1055 ."",""disturb, destroy, APl. 4.255 ."",""for pf. τέτρηχα, v. ταράσσω 11 .""]","[""trouble, disquiet"",""disturb, destroy,""]",[],"[{""biblio"":"""",""quote"":""θρᾶττον""},{""biblio"":""Pl. | Phd. | 86e"",""quote"":""θρᾶττον Pl. Phd. 86e""},{""biblio"":"""",""quote"":""θρᾶξαι""},{""biblio"":""A. | Pr. | 628"",""quote"":""θρᾶξαι A. Pr. 628""},{""biblio"":"""",""quote"":""ὑπὸ ἐδωδῆς θράττεσθαι""},{""biblio"":""Jul. | Or. | 6.192a"",""quote"":""ὑπὸ ἐδωδῆς θράττεσθαι Jul. Or. 6.192a""},{""biblio"":"""",""quote"":""ἐθράχθη""},{""biblio"":""S. | Fr. | 1055"",""quote"":""ἐθράχθη S. Fr. 1055""}]","[""A. | Pr. | 628"",""Jul. | Or. | 6.192a"",""Pl. | Phd. | 86e"",""S. | Fr. | 1055""]",{},"[{""type"":""ref"",""target"":"""",""text"":""ταράσσω""},{""type"":"""",""target"":"""",""text"":""v. ταράσσω""}]",1,1,0,1,1,3,2,0,8
49025,9,1330,n49025,θρασύ-βουλος,,,801,,"[""bold in counsel, Arist. Rh. 1400b19 .""]","[""bold in counsel""]",[],[],[],{},[],1,1,0,0,0,1,1,0,0
49026,9,1331,n49026,θρασυ-γλωσσής,,,801,,"[""bold of tongue, Man. 4.184 .""]","[""bold of tongue""]",[],[],[],{},[],1,1,0,0,0,1,1,0,0
49027,9,1332,n49027,θρασυ-γλωττία,,ἡ,801,,"[""boldness of tongue, Poll. 2.108 .""]","[""boldness of tongue""]",[],[],[],{},[],1,1,0,0,0,1,1,0,0
49028,9,1333,n49028,θρασύ-γυιος,,,801,,"[""strong of limb,Κλειτομάχοιο νίκα θ. Pi. P. 8.37 .""]","[""strong of limb""]",[],[],[],{},[],1,1,0,0,0,1,1,0,0
49029,9,1334,n49029,θρασύ-δειλος,,ὁ,801,,"[""impudent coward, braggart, poltroon, Arist. EN 1115b32 , Vett.Val. 40.14 ."",""name of a gem, Ps. Plu. Fluv. 17.2 .""]","[""impudent coward, braggart, poltroon""]",[],[],[],{},[],1,1,0,0,0,2,1,0,0
49030,9,1335,n49030,θρασυ-εργός,,,801,,"[""bold of deed, Nonn. D. 35.365 .""]","[""bold of deed""]",[],[],[],{},[],1,1,0,0,0,1,1,0,0
49031,9,1336,n49031,θρασύ-θῡμος,,,801,,"[""bold-hearted, Man. 4.529 ; cf.θρασύμυθος.""]","[""bold-hearted""]",[],[],[],{},[],1,1,0,0,0,1,1,0,0
49032,9,1337,n49032,θρασυ-κάρδιος,,,801,,"[""bold of heart, Il. 10.41 , 13.343 , Hes. Sc. 448 , Anacr. 1.5 , B. 19.5 .""]","[""bold of heart""]",[],[],[],{},[],1,1,0,0,0,1,1,0,0
49033,9,1338,n49033,θρασυ-λογέω,,,801,,"[""speak boldly, Sch.rec. S. Aj. 1258 .""]","[""speak boldly""]",[],[],[],{},[],1,1,0,0,0,1,1,0,0
49034,9,1339,n49034,θρασυ-λόγος,,,801,,"[""bold of speech, EM 133.42 .""]","[""bold of speech,""]",[],[],[],{},[],1,1,0,0,0,1,1,0,0
49035,9,1340,n49035,θρασύ-μᾰχος,Adj.,,801,,"[""bold in battle, Arist. Rh. 1400b20 : as pr. n.,Thrasymachus:—hence Adj. θρασυ-μάχειος,α,ον , ἑρμηνεία style of T., D.H. Dem. 3 .""]","[""bold in battle"",""of T.""]",[],[],[],{},[],1,1,0,0,0,1,2,0,0
49036,9,1341,n49036,θρασυ-μέμνων,,,801,,"[""mánma, OIr.menma'spirit', cf.Ἀγαμέμνων)brave-spirited, epith. of Heracles, Il. 5.639 , Od. 11.267 ; of Meleager, B. 5.69 .""]","[""mánma"",""menma"",""brave-spirited""]",[],[],[],{},[],1,1,0,0,0,1,3,0,0
49037,9,1342,n49037,θρασυ-μήδης,,,801,,"[""bold of thought or plan, daring, resolute, Pi. P. 4.143 , N. 9.13 , B. 15.15 :—in Hom. only as pr. n.""]","[""bold of thought"",""plan, daring, resolute""]",[],[],[],{},[],1,1,0,0,0,1,2,0,0
49038,9,1343,n49038,θρασύ-μητις,,ὁ,801,,"[""θρασύ-μητις,ιδος,ὁ,ἡ,= foreg., AP 6.324 ( Leon. Alex. ).""]",[],[],[],[],{},[],1,0,0,0,0,1,0,0,0
49039,9,1344,n49039,θρασυ-μήχᾰνος,,,801,,"[""bold in contriving, daring in design, Ἡρακλέης Pi. O. 6.67 ; λέοντες Id. N. 4.62 .""]","[""bold in contriving, daring in design""]",[],"[{""biblio"":"""",""quote"":""Ἡρακλέης""},{""biblio"":""Pi. | O. | 6.67"",""quote"":""Ἡρακλέης Pi. O. 6.67""},{""biblio"":"""",""quote"":""λέοντες""},{""biblio"":""Id. | N. | 4.62"",""quote"":""λέοντες Id. N. 4.62""}]","[""Id. | N. | 4.62"",""Pi. | O. | 6.67""]",{},[],1,1,0,1,0,1,1,0,4
49040,9,1345,n49040,θρασύ-μῡθος,,,801,,"[""bold of tongue, saucy, Id. O. 13.10 ( v.l. -θυμος ).""]","[""bold of tongue, saucy""]",[],[],[],{},"[{""type"":""ref"",""target"":"""",""text"":""-θυμος""},{""type"":"""",""target"":"""",""text"":""v.l. -θυμος""}]",1,1,0,0,1,1,1,0,0
49041,9,1346,n49041,θράσῠνος,,,801,,"[""θράσῠνος[ᾰ],=θρασύς, EM 204.17 .""]",[],[],[],[],{},[],1,0,0,0,0,1,0,0,0
49042,9,1347,n49042,θρᾰσύνω,,,801,,"[""= θαρσύνω ,embolden, encourage, A. Ag. 222 (lyr.);πλήθει τὴν ἀμαθίαν θρασύνοντες lending courage to their ignorance by number, Th. 1.142 ."",""c. acc.,boast of, τὴν ἰσηγορίαν Plb. 4.31.4 ."",""Pass. and Med. ,aor. 1 inf. θρασυνθῆναι A. Supp. 772 ; ἐθρασυνάμην Isoc. 4.12 , Ph. 2.557 :—to be bold, confident, take courage, A. Ag. 1188 , etc.; οὐ . . ἀλόγως θρασυνόμεθα Th. 5.104 ;πρὶν ὅρμῳ ναῦν θρασυνθῆναι before the ship had got confidence in her moorings, A. Supp. l.c.;ἐπί τι make a bold bid for . . , Philostr. VS 2.33.2 ;θ. τι πρός τινα carry out a coup de main against, Aen.Tact. 9.1 ; more freq.,"",""in bad sense,to be over-bold, over-confident, S. Ph. 1387 , E. Hec. 1183 , Ar. Ra. 846 , D. 18.136 ;ἀλόγως Polystr. p.30 W.; ἐπί τινι Ar. Ach. 330 ; ᾐσχύνοντο ἐφ' οἷς ἐθρασύναντο Isoc. 5.23 ; πρός τι Plu. 2.794d , Luc. Apol. 6 ;ἔκ τινων Polystr. p.22 W.: c. dat., λαιμαργία ἀθεότητι θρασυνομένη Plu. 2.1125a .""]","[""embolden, encourage"",""lending courage to"",""boast of"",""to be bold, confident, take courage"",""had got confidence in"",""make a bold bid"",""carry out a coup de main"",""to be over-bold, over-confident""]","[""θρασύς""]","[{""biblio"":"""",""quote"":""τὴν ἰσηγορίαν""},{""biblio"":""Plb. | 4.31.4"",""quote"":""τὴν ἰσηγορίαν Plb. 4.31.4""},{""biblio"":"""",""quote"":""θρασυνθῆναι""},{""biblio"":""A. | Supp. | 772"",""quote"":""θρασυνθῆναι A. Supp. 772""},{""biblio"":"""",""quote"":""ἐθρασυνάμην""},{""biblio"":""Isoc. | 4.12"",""quote"":""ἐθρασυνάμην Isoc. 4.12""},{""biblio"":"""",""quote"":""οὐ . . ἀλόγως θρασυνόμεθα""},{""biblio"":""Th. | 5.104"",""quote"":""οὐ . . ἀλόγως θρασυνόμεθα Th. 5.104""},{""biblio"":"""",""quote"":""ἐπί τινι""},{""biblio"":""Ar. | Ach. | 330"",""quote"":""ἐπί τινι Ar. Ach. 330""},{""biblio"":"""",""quote"":""ᾐσχύνοντο ἐφ' οἷς ἐθρασύναντο""},{""biblio"":""Isoc. | 5.23"",""quote"":""ᾐσχύνοντο ἐφ' οἷς ἐθρασύναντο Isoc. 5.23""},{""biblio"":"""",""quote"":""πρός τι""},{""biblio"":""Plu. | 2.794d"",""quote"":""πρός τι Plu. 2.794d""},{""biblio"":"""",""quote"":""λαιμαργία ἀθεότητι θρασυνομένη""},{""biblio"":""Plu. | 2.1125a"",""quote"":""λαιμαργία ἀθεότητι θρασυνομένη Plu. 2.1125a""}]","[""A. | Supp. | 772"",""Ar. | Ach. | 330"",""Isoc. | 4.12"",""Isoc. | 5.23"",""Plb. | 4.31.4"",""Plu. | 2.1125a"",""Plu. | 2.794d"",""Th. | 5.104""]",{},"[{""type"":""ref"",""target"":"""",""text"":""θαρσύνω""},{""type"":"""",""target"":"""",""text"":""= θαρσύνω""}]",1,1,1,1,1,4,8,1,16
49043,9,1348,n49043,θρᾰσυ-ξενία,,ἡ,801,,"[""the boldness of a stranger, Pl. Lg. 879e .""]","[""the boldness of a stranger""]",[],[],[],{},[],1,1,0,0,0,1,1,0,0
49044,9,1349,n49044,θρᾰσύ-πονος,,,801,,"[""bold or ready for toil, ἀκμαὶ ἰσχύος Pi. O. 1.96 .""]","[""bold"",""ready for toil""]",[],"[{""biblio"":"""",""quote"":""ἀκμαὶ ἰσχύος""},{""biblio"":""Pi. | O. | 1.96"",""quote"":""ἀκμαὶ ἰσχύος Pi. O. 1.96""}]","[""Pi. | O. | 1.96""]",{},[],1,1,0,1,0,1,2,0,2
49045,9,1350,n49045,θρᾰσυ-πτόλεμος,,,801,,"[""bold in war, IG 9(1).871 (Corc.).""]","[""bold in war,""]",[],[],[],{},[],1,1,0,0,0,1,1,0,0
49046,9,1351,n49046,θρᾰσύς,Adv.,,801,805,"[""bold, chiefly of persons, Il. 8.89 , etc.; also θ. πόλεμος 6.254 , 10.28 , Od. 4.146 ; θρασειάων ἀπὸ χειρῶν 5.434 , Il. 17.662 , al.; θ. καρδία Pi. P. 10.44 ; πούς Ar. Ra. 330 (lyr.); ἐν τῷ ἔργῳ ἔργῳ θρασύς Hdt. 7.49 ;ἡ ἐλπὶς θρασεῖα τοῦ μέλλοντος full of confidence, Th. 7.77 ; θρασὺς τὸ ἦθος Arist. Pol. 1315a11 ."",""more freq. in bad sense,over-bold, rash, σὺν δ' ὁ θ. εἵπετ' Ὀδυσσεύς Od. 10.436 (Sch.προπετής) ; Γοργόνες Pi. P. 12.7 ;audacious, arrogant, insolent, A. Pr. 180 (lyr.), Ar. Nu. 445 (anap.), etc.;Ἄρης . . πρὸς ἀλλήλους θ., of civil war, A. Eu. 863 ;γλώσσῃ θ. S. Aj. 1142 ; ἐν τοῖς λόγοις Id. Ph. 1307 ; ἐπὶ τῶν λόγων D. Prooem. 32 ;ἀνομίᾳ θ. E. IT 275 ;πονηρὸς εἶ καὶ θ. Ar. Eq. 181 ; θρασεῖς καὶ ἄδικοι καὶ ὑβρισταί Pl. Lg. 630b ; ἀλαζὼν ὁ θ. καὶ προσποιητικὸς ἀνδρείας Arist. EN 1115b29 ; [ὅμοιόν τι ἔχει] ὁ θ. τῷ θαρραλέῳ ib. 1151b7 ;τὸ μὴ θ. modesty, A. Supp. 197 : Comp. -ύτερος Pl. La. 184b , Phld. Lib. p.61 O.: Sup. -ύτατος Isoc. 12.133 , etc."",""of things,to be ventured, c.inf.,θρασύ μοι τόδ' εἰπεῖν this I am bold to say, Pi. N. 7.50 ;οὐκ ἆρ' ἐκείνῳ γ' οὐδὲ προσμεῖξαι θρασύ; S. Ph. 106 ."",""Adv. -έως Ar. V. 1031 , etc.: Aeol. θροσέως Jo.Gramm. Comp. 2.1 : Comp. θρασύτερον too boldly, Th. 8.103 ; -τέρως Phalar. Ep. 34 : Sup. θρασύτατα Th. 8.84 and (with v.l. -άτως ) D.S. 17.44 : neut. as Adv., ἀναιδὲς καὶ θρασὺ βλέπειν Cratin. 24 D. (I.- E. dhers-in θέρσος(older than θάρσος and θράσος),dhṛs-in θρασύς, Skt.dhṛ[snull ]ṇú-'bold', cf. Engl.dare, durst.)""]","[""bold"",""full of confidence"",""over-bold, rash"",""audacious, arrogant, insolent"",""to be ventured"",""bold"",""too boldly"",""dhers-"",""dhṛs-"",""dhṛ[snull ]ṇú-"",""dare, durst.""]",[],"[{""biblio"":"""",""quote"":""θ. πόλεμος""},{""biblio"":""6.254"",""quote"":""θ. πόλεμος 6.254""},{""biblio"":"""",""quote"":""θρασειάων ἀπὸ χειρῶν""},{""biblio"":""5.434"",""quote"":""θρασειάων ἀπὸ χειρῶν 5.434""},{""biblio"":"""",""quote"":""θ. καρδία""},{""biblio"":""Pi. | P. | 10.44"",""quote"":""θ. καρδία Pi. P. 10.44""},{""biblio"":"""",""quote"":""πούς""},{""biblio"":""Ar. | Ra. | 330"",""quote"":""πούς Ar. Ra. 330""},{""biblio"":"""",""quote"":""ἐν τῷ ἔργῳ ἔργῳ θρασύς""},{""biblio"":""Hdt. | 7.49"",""quote"":""ἐν τῷ ἔργῳ ἔργῳ θρασύς Hdt. 7.49""},{""biblio"":"""",""quote"":""θρασὺς τὸ ἦθος""},{""biblio"":""Arist. | Pol. | 1315a11"",""quote"":""θρασὺς τὸ ἦθος Arist. Pol. 1315a11""},{""biblio"":"""",""quote"":""σὺν δ' ὁ θ. εἵπετ' Ὀδυσσεύς""},{""biblio"":""Od. | 10.436"",""quote"":""σὺν δ' ὁ θ. εἵπετ' Ὀδυσσεύς Od. 10.436""},{""biblio"":"""",""quote"":""; Γοργόνες""},{""biblio"":""Pi. | P. | 12.7"",""quote"":""; Γοργόνες Pi. P. 12.7""},{""biblio"":"""",""quote"":""ἐν τοῖς λόγοις""},{""biblio"":""Id. | Ph. | 1307"",""quote"":""ἐν τοῖς λόγοις Id. Ph. 1307""},{""biblio"":"""",""quote"":""ἐπὶ τῶν λόγων""},{""biblio"":""D. | Prooem. | 32"",""quote"":""ἐπὶ τῶν λόγων D. Prooem. 32""},{""biblio"":"""",""quote"":""θρασεῖς καὶ ἄδικοι καὶ ὑβρισταί""},{""biblio"":""Pl. | Lg. | 630b"",""quote"":""θρασεῖς καὶ ἄδικοι καὶ ὑβρισταί Pl. Lg. 630b""},{""biblio"":"""",""quote"":""ἀλαζὼν ὁ θ. καὶ προσποιητικὸς ἀνδρείας""},{""biblio"":""Arist. | EN | 1115b29"",""quote"":""ἀλαζὼν ὁ θ. καὶ προσποιητικὸς ἀνδρείας Arist. EN 1115b29""},{""biblio"":"""",""quote"":""-ύτερος""},{""biblio"":""Pl. | La. | 184b"",""quote"":""-ύτερος Pl. La. 184b""},{""biblio"":"""",""quote"":""-ύτατος""},{""biblio"":""Isoc. | 12.133"",""quote"":""-ύτατος Isoc. 12.133""},{""biblio"":"""",""quote"":""-έως""},{""biblio"":""Ar. | V. | 1031"",""quote"":""-έως Ar. V. 1031""},{""biblio"":"""",""quote"":""-τέρως""},{""biblio"":""Phalar. | Ep. | 34"",""quote"":""-τέρως Phalar. Ep. 34""},{""biblio"":"""",""quote"":""θρασύτατα""},{""biblio"":""Th. | 8.84"",""quote"":""θρασύτατα Th. 8.84""},{""biblio"":"""",""quote"":""ἀναιδὲς καὶ θρασὺ βλέπειν""},{""biblio"":""Cratin. | 24"",""quote"":""ἀναιδὲς καὶ θρασὺ βλέπειν Cratin. 24""}]","[""5.434"",""6.254"",""Ar. | Ra. | 330"",""Ar. | V. | 1031"",""Arist. | EN | 1115b29"",""Arist. | Pol. | 1315a11"",""Cratin. | 24"",""D. | Prooem. | 32"",""Hdt. | 7.49"",""Id. | Ph. | 1307"",""Isoc. | 12.133"",""Od. | 10.436"",""Phalar. | Ep. | 34"",""Pi. | P. | 10.44"",""Pi. | P. | 12.7"",""Pl. | La. | 184b"",""Pl. | Lg. | 630b"",""Th. | 8.84""]",{},"[{""type"":""ref"",""target"":"""",""text"":""-άτως""},{""type"":"""",""target"":"""",""text"":""v.l. -άτως""}]",1,1,0,1,1,4,11,0,36
49047,9,1352,n49047,θρᾰσύσπλαγχνος,Adv.,,801,,"[""bold-hearted, E. Hipp. 424 .Adv. -ως A. Pr. 730 .""]","[""bold-hearted""]",[],"[{""biblio"":"""",""quote"":""-ως""},{""biblio"":""A. | Pr. | 730"",""quote"":""-ως A. Pr. 730""}]","[""A. | Pr. | 730""]",{},[],1,1,0,1,0,1,1,0,2
49048,9,1353,n49048,θρᾰσυστομ-έω,,,801,,"[""to be over-bold of tongue, A. Supp. 203 , S. Ph. 380 , E. Hec. 1286 .""]","[""to be over-bold of tongue""]",[],[],[],{},[],1,1,0,0,0,1,1,0,0
49049,9,1354,n49049,θρᾰσυστομ-ία,,ἡ,801,,"[""insolence, AP 12.141 ( Mel. ).""]","[""insolence,""]",[],[],[],{},[],1,1,0,0,0,1,1,0,0
49050,9,1355,n49050,θρᾰσύστομ-ος,,,801,,"[""over-bold of tongue, insolent, A. Th. 612 , Ag. 1399 , E. Fr. 3 .""]","[""over-bold of tongue, insolent""]",[],[],[],{},[],1,1,0,0,0,1,1,0,0
49051,9,1356,n49051,θρᾰσύτης,,ἡ,801,,"[""over-boldness, Hp. Lex 4 , Th. 2.61 , Lys. 3.45 ;θ., = τὸ σφόδρα θαρρεῖν , Arist. Rh. 1390a31 , cf. EN 1108b31 : pl., Isoc. 4.77 ;ἀνδρεῖαι καὶ θ. D. Prooem. 45 .""]","[""over-boldness""]",[],[],[],{},"[{""type"":""ref"",""target"":"""",""text"":""τὸ σφόδρα θαρρεῖν""},{""type"":"""",""target"":"""",""text"":""= τὸ σφόδρα θαρρεῖν""}]",1,1,0,0,1,1,1,0,0
49052,9,1357,n49052,θρᾰσύ-τολμος,,,801,,"[""bold, Cat.Cod.Astr. 8(4).212 .""]","[""bold,""]",[],[],[],{},[],1,1,0,0,0,1,1,0,0
49053,9,1358,n49053,θρᾰσύ-φρων,,,801,,"[""bold of mind, Opp. H. 1.112 .""]","[""bold of mind""]",[],[],[],{},[],1,1,0,0,0,1,1,0,0
49054,9,1359,n49054,θρᾰσυ-φωνία,,ἡ,801,,"[""θρᾰσυ-φωνία,ἡ,=θρασυστομία, Poll. 2.112 .""]",[],[],[],[],{},[],1,0,0,0,0,1,0,0,0
49055,9,1360,n49055,θρᾰσύ-φωνος,,,801,,"[""θρᾰσύ-φωνος,ον,=θρασύστομος, ibid.""]",[],[],[],[],{},[],1,0,0,0,0,1,0,0,0
49056,9,1361,n49056,θρᾰσυ-χάρμης,,ὁ,801,,"[""bold in fight, Q.S. 4.502 .""]","[""bold in fight""]",[],[],[],{},[],1,1,0,0,0,1,1,0,0
49057,9,1362,n49057,θρᾰσύ-χειρ,,ὁ,801,,"[""bold of hand, AP 7.234 ( Phil. );θ. μ[άχ]α, of boxing, B. 2.4 ; in bad sense, θ. καὶ μιαίφονος Id. Scol.Oxy. 1361 Fr. 5.10 ,= Scol.Oxy. 2081 (e) 10 .""]","[""bold of hand,"",""e""]",[],"[{""biblio"":"""",""quote"":""θ. καὶ μιαίφονος""},{""biblio"":""Id. | Scol.Oxy. | 1361"",""quote"":""θ. καὶ μιαίφονος Id. Scol.Oxy. 1361""}]","[""Id. | Scol.Oxy. | 1361""]",{},[],1,1,0,1,0,1,2,0,2
49058,9,1363,n49058,θρᾰσυ-χειρία,,ἡ,801,,"[""boldness of hand, Poll. 2.148 .""]","[""boldness of hand""]",[],[],[],{},[],1,1,0,0,0,1,1,0,0
49059,9,1364,n49059,Θρᾰσώ,,ἡ,801,,"[""Θρᾰσώ,όος, contr. οῦς,ἡ,Bold, name of Athena, Lyc. 936 .""]",[],[],[],[],{},[],1,0,0,0,0,1,0,0,0
49060,9,1365,n49060,Θράσων,,ὁ,801,,"[""braggart soldier in New Com.""]","[""braggart""]",[],[],[],{},[],1,1,0,0,0,1,1,0,0
49061,9,1366,n49061,Θρᾷττα,,ἡ,801,,"[""Θρᾷττα,ης,ἡ, Att. for Θρᾷσσα.""]",[],[],[],[],{},[],1,0,0,0,0,1,0,0,0
49062,9,1367,n49062,θρᾷττα,,ἡ,801,,"[""a small sea-fish, Arist. GA 785b23 , Antiph. 211 , Mnesim. 4.41 :— Dim. θρᾳττίδιον,τό, Anaxandr. 27 .""]","[""a small sea-fish""]",[],[],[],{},[],1,1,0,0,0,1,1,0,0
49063,9,1368,n49063,θράττης:,,,801,,"[""frangible, brittle, Anon. ap. Suid. ( Comp. ):—also θραῦρος, Hsch.""]","[""frangible, brittle""]",[],[],[],{},[],1,1,0,0,0,1,1,0,0
49064,9,1369,n49064,θραῦμα,,τό,801,,"[""fragment, A. Pers. 425 , IG 7.3498.23 (Oropus,iii/ii B.C.), D.S. 3.12 ."",""breakage, Jul. Or. 2.60a ."",""destruction, ἐχθρῶν LXX Ju. 13.5 ."",""metaph., θραύματ' ἐμοὶ κλύειν A. Ag. 1166 (lyr.). (Cf.θραῦσμα.)""]","[""fragment"",""breakage"",""destruction""]","[""θραύω""]","[{""biblio"":"""",""quote"":""ἐχθρῶν""},{""biblio"":""LXX | Ju. | 13.5"",""quote"":""ἐχθρῶν LXX Ju. 13.5""},{""biblio"":"""",""quote"":""θραύματ' ἐμοὶ κλύειν""},{""biblio"":""A. | Ag. | 1166"",""quote"":""θραύματ' ἐμοὶ κλύειν A. Ag. 1166""}]","[""A. | Ag. | 1166"",""LXX | Ju. | 13.5""]",{},[],1,1,1,1,0,4,3,1,4
49065,9,1370,n49065,θραύπαλος,,ὁ,801,,"[""joint fir, Ephedra campulopoda, Thphr. HP 3.6.4 ;ἡ, ib. 4.1.3 .""]","[""joint fir, Ephedra campulopoda""]",[],[],[],{},[],1,1,0,0,0,1,1,0,0
49066,9,1371,n49066,θραυπίς,,ἡ,801,,"[""a small bird, Arist. HA 592b30 ( v.l. θλυπίς ).""]","[""a small bird""]",[],[],[],{},"[{""type"":""ref"",""target"":"""",""text"":""θλυπίς""},{""type"":"""",""target"":"""",""text"":""v.l. θλυπίς""}]",1,1,0,0,1,1,1,0,0
49067,9,1372,n49067,θραυσάντυξ,,ὁ,801,,"[""breaking chariot-rails, τύχαι Ar. Nu. 1264 .""]","[""breaking"",""rails""]","[""θραύω""]","[{""biblio"":"""",""quote"":""τύχαι""},{""biblio"":""Ar. | Nu. | 1264"",""quote"":""τύχαι Ar. Nu. 1264""}]","[""Ar. | Nu. | 1264""]",{},[],1,1,1,1,0,1,2,1,2
49068,9,1373,n49068,θραῦσις,,ἡ,801,,"[""comminution, opp.κάταξις, Arist. Mete. 386a13 , 390b7 , Placit. 3.3.7 , Sor. Fract. 12 ."",""slaughter, LXX 2 Ki. 17.9 ;destruction by plague, ib. 24.15 , Nu. 16.48 ."",""falling off of hair in patches, Gal. 19.430 ."",""= ὀργή, πληγή, σφῦρα ἡ τοὺς βώλους θραύουσα , Hsch.""]","[""comminution"",""slaughter"",""destruction"",""falling off of hair in patches""]","[""θραύω""]",[],[],{},"[{""type"":""ref"",""target"":"""",""text"":""ὀργή, πληγή, σφῦρα ἡ τοὺς βώλους θραύουσα""},{""type"":"""",""target"":"""",""text"":""= ὀργή, πληγή, σφῦρα ἡ τοὺς βώλους θραύουσα""}]",1,1,1,0,1,4,4,1,0
49069,9,1374,n49069,θραῦσ-μα,,τό,801,,"[""θραῦμα 1 , Agatharch. 25 , Arist. Mu. 394b4 , Luc. Hist.Conscr. 25 ."",""in leprosy,scab, LXX Le. 13.30 ."",""the best kind of ἀμμωνιακόν, Dsc. 3.84 ."",""fracture, Hippiatr. 74 (pl.).""]","[""scab"",""fracture,""]",[],"[{""biblio"":"""",""quote"":""θραῦμα""},{""biblio"":""1"",""quote"":""θραῦμα 1""}]","[""1""]",{},[],1,1,0,1,0,4,2,0,2
49070,9,1375,n49070,θραυσ-μός,,ὁ,801,,"[""breaking, καρδίας LXX Na. 2.10(11) .""]","[""breaking""]",[],"[{""biblio"":"""",""quote"":""καρδίας""},{""biblio"":""LXX | Na. | 2.10(11)"",""quote"":""καρδίας LXX Na. 2.10(11)""}]","[""LXX | Na. | 2.10(11)""]",{},[],1,1,0,1,0,1,1,0,2
49071,9,1376,n49071,θραυσ-τήριος,,,801,,"[""capable of dissolving, λίθων Aët. 2.19 .""]","[""capable of dissolving""]",[],"[{""biblio"":"""",""quote"":""λίθων""},{""biblio"":""Aët. | 2.19"",""quote"":""λίθων Aët. 2.19""}]","[""Aët. | 2.19""]",{},[],1,1,0,1,0,1,1,0,2
49072,9,1377,n49072,θραύσ-της,,ὁ,801,,"[""one who breaks or crushes, POxy. 868.2 (nisi sub θραυστός ponendum).""]","[""one who breaks"",""crushes,""]",[],[],[],{},[],1,1,0,0,0,1,2,0,0
49073,9,1378,n49073,θραυσ-τός,,τό,801,,"[""frangible, brittle, Ti.Locr. 99c , Thphr. HP 5.3.6 ;capable of being broken down, πύργος D.C. 36.18 . Asclep. ap. Gal. 14.698 , S.E. P. 3.33 ."",""broken, crushed, Epigr.in PTeb. 3.4 :θραυστόν,τό ,= θραῦσμα 111 , Plin. HN 12.107 .""]","[""frangible, brittle"",""capable of being broken down"",""broken, crushed""]",[],"[{""biblio"":"""",""quote"":""πύργος""},{""biblio"":""D.C. | 36.18"",""quote"":""πύργος D.C. 36.18""},{""biblio"":"""",""quote"":""θραῦσμα""},{""biblio"":""111"",""quote"":""θραῦσμα 111""}]","[""111"",""D.C. | 36.18""]",{},[],1,1,0,1,0,2,3,0,4
49074,9,1379,n49074,θραύω,,,801,,"[""θραύεσκον Orph. L. 140 :fut. -σω Ar. Av. 466 :aor. 1 ἔθραυσα S. El. 745 , E. HF 779 (lyr.):— Pass. ,fut. θραυσθήσομαι Gal. 10.624 :aor. ἐθραύσθην(v. infr.), (κατ-) Pl. Ti. 56e :pf. τέθραυσμαι Thphr. Sens. 11 , (συν-) X. Ages. 2.14 , (παρα-) Pl. Lg. 757e ( v.l. -τεθραυμένον ) :—break in pieces, shatter, Simon. 57 , A. Pers. 196 , 416 , Tim. Pers. 99 , etc.; θ. σάρκας E. Hipp. 1239 :— Pass. ,θραυομένης τῆς πέτρης flying into pieces, Hdt. 1.174 ; σίδηρον θραυσθέντα καὶ ῥαγέντα S. Ant. 476 ;πτερὰ θραύονται have their wings broken, Pl. Phdr. 248b ."",""metaph.,break down, enfeeble,μὴ θραύσαι(-σοι codd.) χρόνος ὄλβον Pi. O. 6.97 , cf. E. HF 779 (lyr.); διάτορον σφραγῖδα θ. στόματος Tim. Pers. 160 ; ἔπος . . , ὅ τι τὴν τούτων θραύσει ψυχήν Ar. Av. 466 ; θ. τὴν δύναμιν Plu. Alc. 23 ;ἐλπίδα, etc., Hdn. 3.2.2 , etc.; θ. τι τῶν ἐκ χρόνου φυλασσομένων δικαίων Supp.Epigr. 1.329.45 (Istrus,i A.D.), cf. Onos. 32.10 :— Pass. , πόθος θραυσθείς Asp. ap. Ath. 5.219e ;θραυόμενος τὸν λογισμόν, Lat.animo fractus, Plu. Ant. 17 ;θραυσθῆναι ἐπί τινα to be grieved for . . , LXX 1 Ki. 20.34 .—Rare in Att. Prose.""]","[""break in pieces, shatter"",""flying into pieces"",""have their"",""broken"",""break down, enfeeble"",""animo fractus"",""to be grieved""]","[""κατ-"",""συν-"",""παρα-""]","[{""biblio"":"""",""quote"":""θραύεσκον""},{""biblio"":""Orph. | L. | 140"",""quote"":""θραύεσκον Orph. L. 140""},{""biblio"":"""",""quote"":""-σω""},{""biblio"":""Ar. | Av. | 466"",""quote"":""-σω Ar. Av. 466""},{""biblio"":"""",""quote"":""ἔθραυσα""},{""biblio"":""S. | El. | 745"",""quote"":""ἔθραυσα S. El. 745""},{""biblio"":"""",""quote"":""θραυσθήσομαι""},{""biblio"":""Gal. | 10.624"",""quote"":""θραυσθήσομαι Gal. 10.624""},{""biblio"":"""",""quote"":""τέθραυσμαι""},{""biblio"":""Thphr. | Sens. | 11"",""quote"":""τέθραυσμαι Thphr. Sens. 11""},{""biblio"":"""",""quote"":""θ. σάρκας""},{""biblio"":""E. | Hipp. | 1239"",""quote"":""θ. σάρκας E. Hipp. 1239""},{""biblio"":"""",""quote"":""σίδηρον θραυσθέντα καὶ ῥαγέντα""},{""biblio"":""S. | Ant. | 476"",""quote"":""σίδηρον θραυσθέντα καὶ ῥαγέντα S. Ant. 476""},{""biblio"":"""",""quote"":""χρόνος ὄλβον""},{""biblio"":""Pi. | O. | 6.97"",""quote"":""χρόνος ὄλβον Pi. O. 6.97""},{""biblio"":"""",""quote"":""διάτορον σφραγῖδα θ. στόματος""},{""biblio"":""Tim. | Pers. | 160"",""quote"":""διάτορον σφραγῖδα θ. στόματος Tim. Pers. 160""},{""biblio"":"""",""quote"":""ἔπος . . , ὅ τι τὴν τούτων θραύσει ψυχήν""},{""biblio"":""Ar. | Av. | 466"",""quote"":""ἔπος . . , ὅ τι τὴν τούτων θραύσει ψυχήν Ar. Av. 466""},{""biblio"":"""",""quote"":""θ. τὴν δύναμιν""},{""biblio"":""Plu. | Alc. | 23"",""quote"":""θ. τὴν δύναμιν Plu. Alc. 23""},{""biblio"":"""",""quote"":""θ. τι τῶν ἐκ χρόνου φυλασσομένων δικαίων""},{""biblio"":""Supp.Epigr. | 1.329.45"",""quote"":""θ. τι τῶν ἐκ χρόνου φυλασσομένων δικαίων Supp.Epigr. 1.329.45""},{""biblio"":"""",""quote"":""πόθος θραυσθείς""},{""biblio"":""Asp."",""quote"":""πόθος θραυσθείς Asp.""}]","[""Ar. | Av. | 466"",""Asp."",""E. | Hipp. | 1239"",""Gal. | 10.624"",""Orph. | L. | 140"",""Pi. | O. | 6.97"",""Plu. | Alc. | 23"",""S. | Ant. | 476"",""S. | El. | 745"",""Supp.Epigr. | 1.329.45"",""Thphr. | Sens. | 11"",""Tim. | Pers. | 160""]",{},"[{""type"":""ref"",""target"":"""",""text"":""-τεθραυμένον""},{""type"":"""",""target"":"""",""text"":""v.l. -τεθραυμένον""}]",1,1,1,1,1,2,7,3,26
49075,9,1380,n49075,Θρέϊσσα,,ἡ,801,,"[""Θρέϊσσα,ἡ, Ion. for Θρᾷσσα(q. v.).""]",[],[],[],[],{},[],1,0,0,0,0,1,0,0,0
49076,9,1381,n49076,θρεκ-τικός,,,801,,"[""able to run, Att. for τροχαστικός, acc. to Moer. p.187 P.: Sup. -ώτατος Hsch.""]","[""able to run""]","[""τρέχω""]","[{""biblio"":"""",""quote"":""-ώτατος""},{""biblio"":""Hsch."",""quote"":""-ώτατος Hsch.""}]","[""Hsch.""]",{},[],1,1,1,1,0,1,1,1,2
49077,9,1382,n49077,θρεκ-τός,,,801,,"[""f.l. for κρεκτ- , S. Fr. 463 :—also θρεκτός: δρόμος, Phot.""]",[],[],[],[],{},"[{""type"":""ref"",""target"":"""",""text"":""κρεκτ-""},{""type"":"""",""target"":"""",""text"":""f.l. for κρεκτ-""}]",1,0,0,0,1,1,0,0,0
49078,9,1383,n49078,θρέμμ-α,,τό,801,,"[""nursling, creature,θ. Νηρεί̈δων, of dolphins, Arion 1.9 ; mostly of tame animals, esp. sheep and goats, X. Ages. 9.6 , Oec. 20.23 , Plb. 2.26.5 , Ev.Jo. 4.12 , etc.;τὰ ἐν ταῖς ἀγέλαις θ. Pl. Plt. 261d ;τὰ ἀγελαῖα θ. ib. 264a ;ὑηνὰ θ. Id. Lg. 819d ; of game-cocks and quails,ὀρνίθων θ. ib. 789b : generally,animals,τοῖς ἡμέροις καὶ ἀγρίοις . . θ. Id. Criti. 118b , al."",""of men, S. OT 1143 , Ph. 243 ;Χαρίτων θ. Ar. Ec. 973 ; δύσκολον τὸ θ. ἄνθρωπος Pl. Lg. 777b , cf. Tht. 174b ; esp. of domestic slaves,= Lat.verna,τὸ Χρυσίππου θ. GDI 12321.14 (Delph.), cf. CIG 3113 (Teos)."",""generally,creature,ἄπλατον θ. κἀπροσήγορον, of a lion, S. Tr. 1093 (cf. Pl. Chrm. 155e ); of Cerberus, S. Tr. 1099 ;κακὰ θ., of a swarm of gnats, AP 5.150 ( Mel. );θ. Σελινοῦντος, of a fish, Archestr. Fr. 12 ;Καρύστου θ., comic for a cup made at Carystus, Antiph. 182.3 ; as a term of reproach, θρέμματ' οὐκ ἀνασχετά A. Th. 182 ; ὦ θρέμμ' ἀναιδές S. El. 622 , cf. Ar. Lys. 369 ; in periphr.,ὕδρας θ., for ὕδρα, S. Tr. 574 ; νεογενῆ παίδων θρέμματα Pl. Lg. 790d ;θρέμματα παλλακῶν kept mistresses, Plu. Sol. 7 . (Written θέρματα BGU 478.15 (ii A.D.)).""]","[""nursling, creature"",""animals"",""domestic slaves"",""verna"",""creature"",""a swarm"",""kept""]","[""τρέφω""]","[{""biblio"":"""",""quote"":""δύσκολον τὸ θ. ἄνθρωπος""},{""biblio"":""Pl. | Lg. | 777b"",""quote"":""δύσκολον τὸ θ. ἄνθρωπος Pl. Lg. 777b""},{""biblio"":"""",""quote"":""θρέμματ' οὐκ ἀνασχετά""},{""biblio"":""A. | Th. | 182"",""quote"":""θρέμματ' οὐκ ἀνασχετά A. Th. 182""},{""biblio"":"""",""quote"":""ὦ θρέμμ' ἀναιδές""},{""biblio"":""S. | El. | 622"",""quote"":""ὦ θρέμμ' ἀναιδές S. El. 622""},{""biblio"":"""",""quote"":""νεογενῆ παίδων θρέμματα""},{""biblio"":""Pl. | Lg. | 790d"",""quote"":""νεογενῆ παίδων θρέμματα Pl. Lg. 790d""},{""biblio"":"""",""quote"":""θέρματα""},{""biblio"":""BGU | 478.15"",""quote"":""θέρματα BGU 478.15""}]","[""A. | Th. | 182"",""BGU | 478.15"",""Pl. | Lg. | 777b"",""Pl. | Lg. | 790d"",""S. | El. | 622""]",{},[],1,1,1,1,0,3,7,1,10
49079,9,1384,n49079,θρεμμ-ατικός,,,801,,"[""of or for cattledealing,ἐργασία Judeich Altertümer von Hierapolis 227b7 .""]","[""of"",""for cattledealing"",""Altertümer von Hierapolis""]",[],[],[],{},[],1,1,0,0,0,1,3,0,0
49080,9,1385,n49080,θρεμμ-άτιον,,τό,801,,"[""θρέμμα 2 , CIG 2733 (Stratonicea), SIG 1211 (Calymna, pl.), Keil-Premerstein Dritter Bericht 151 (ii/iii A.D.).""]","[""Dritter Bericht""]",[],"[{""biblio"":"""",""quote"":""θρέμμα""},{""biblio"":""2"",""quote"":""θρέμμα 2""}]","[""2""]",{},[],1,1,0,1,0,1,1,0,2
49081,9,1386,n49081,θρεμμ-ᾰτοτροφέω,,,801,,"[""keep cattle, D.S. 2.54 , Str. 15.1.41 .""]","[""keep cattle""]",[],[],[],{},[],1,1,0,0,0,1,1,0,0
49082,9,1387,n49082,θρέξασκον,,,801,,"[""v. τρέχω .""]",[],[],[],[],{},"[{""type"":""ref"",""target"":"""",""text"":""τρέχω""},{""type"":"""",""target"":"""",""text"":""v. τρέχω""}]",1,0,0,0,1,1,0,0,0
49083,9,1388,n49083,θρέομαι,,,801,,"[""cry aloud, shriek, always of women, θρέομαι φοβερὰ μεγάλ' ἄχη A. Th. 78 ; elsewh. only in part., μινυρὰ θρεομένας Id. Ag. 1165 ; πάθεα μέλεα θρεομένα Id. Supp. 112 , cf. E. Hipp. 363 ; αὐτὴ θρεομένη σαυτῇ κακά Id. Med. 51 (trim., elsewh. lyr.).— Act. only in Hsch. (I.- E. dhreu-, cf.θρο-έω, θρῦ-λος.)""]","[""cry aloud, shriek"",""dhreu-""]",[],"[{""biblio"":"""",""quote"":""θρέομαι φοβερὰ μεγάλ' ἄχη""},{""biblio"":""A. | Th. | 78"",""quote"":""θρέομαι φοβερὰ μεγάλ' ἄχη A. Th. 78""},{""biblio"":"""",""quote"":""μινυρὰ θρεομένας""},{""biblio"":""Id. | Ag. | 1165"",""quote"":""μινυρὰ θρεομένας Id. Ag. 1165""},{""biblio"":"""",""quote"":""πάθεα μέλεα θρεομένα""},{""biblio"":""Id. | Supp. | 112"",""quote"":""πάθεα μέλεα θρεομένα Id. Supp. 112""},{""biblio"":"""",""quote"":""αὐτὴ θρεομένη σαυτῇ κακά""},{""biblio"":""Id. | Med. | 51"",""quote"":""αὐτὴ θρεομένη σαυτῇ κακά Id. Med. 51""}]","[""A. | Th. | 78"",""Id. | Ag. | 1165"",""Id. | Med. | 51"",""Id. | Supp. | 112""]",{},[],1,1,0,1,0,1,2,0,8
49084,9,1389,n49084,θρέπτα,,,801,,"[""v. θρέπτρα, τά .""]",[],[],[],[],{},"[{""type"":""ref"",""target"":"""",""text"":""θρέπτρα, τά""},{""type"":"""",""target"":"""",""text"":""v. θρέπτρα, τά""}]",1,0,0,0,1,1,0,0,0
49085,9,1390,n49085,θρεπ-τάριον,,τό,801,,"[""θρεπ-τάριον,τό,=θρεμμάτιον,CIG(add.) 4303h6 (Lycia), PPar. p.422 (ii A.D.).""]",[],[],[],[],{},[],1,0,0,0,0,1,0,0,0
49086,9,1391,n49086,θρέπ-τειρα,,ἡ,801,,"[""Δίκη θ. πολήων Opp. H. 2.680 .""]",[],[],"[{""biblio"":"""",""quote"":""Δίκη θ. πολήων""},{""biblio"":""Opp. | H. | 2.680"",""quote"":""Δίκη θ. πολήων Opp. H. 2.680""}]","[""Opp. | H. | 2.680""]",{},[],1,0,0,1,0,1,0,0,2
49087,9,1392,n49087,θρεπ-τέος,,,801,,"[""to be fed, nurtured, metaph., γυμναστικῇ Pl. R. 403c ."",""θρεπτέον one must feed, keep, Id. Ti. 19a , X. Lac. 9.5 ."",""(from Pass. )ἢ ἐργαστέον ἢ ἀπὸ τῶν εἰργασμένων θρεπτέον one must live on what has been earned, Id. Eq.Mag. 8.8 .""]","[""to be fed, nurtured"",""one must feed, keep"",""one must live""]","[""τρέφω""]","[{""biblio"":"""",""quote"":""γυμναστικῇ""},{""biblio"":""Pl. | R. | 403c"",""quote"":""γυμναστικῇ Pl. R. 403c""}]","[""Pl. | R. | 403c""]",{},[],1,1,1,1,0,3,3,1,2
49088,9,1393,n49088,θρεπ-τήρ,Adj.,ὁ,801,,"[""feeder, rearer, of a parent or foster-parent, IG 3.1401 , JRS 2.91 (Antioch in Pisidia), AP 12.137 ( Mel. ): pl., IG 14.1722 : as Adj., θ. ἀγοστός Nonn. D. 3.387 .""]","[""feeder, rearer""]",[],"[{""biblio"":"""",""quote"":""θ. ἀγοστός""},{""biblio"":""Nonn. | D. | 3.387"",""quote"":""θ. ἀγοστός Nonn. D. 3.387""}]","[""Nonn. | D. | 3.387""]",{},[],1,1,0,1,0,1,1,0,2
49089,9,1394,n49089,θρεπ-τήριος,Subst.,τό,801,,"[""feeding, nourishing, μαστός A. Ch. 545 ."",""πλόκαμος Ἰνάχῳ θ. hair dedicated as a thank-offering to Inachus, ib. 6 ."",""Subst. θρεπτήριον,τό ,=θρεπτάριον, PLond. 5.1708.248 (vi A.D.)."",""pl.,θρεπτήρια,τά ,reward for rearing, made to nurses by parents, h.Cer. 168 , 223 ; also,return made by children for their rearing( Att. τροφεῖα), Hes. Op. 188 , Ael. VH 2.7 ."",""nourishment,τὰ . . νηδύος θ. S. OC 1263 .""]","[""feeding, nourishing"",""dedicated as a thank-offering"",""reward for rearing"",""return made by children for their rearing"",""nourishment""]",[],"[{""biblio"":"""",""quote"":""μαστός""},{""biblio"":""A. | Ch. | 545"",""quote"":""μαστός A. Ch. 545""}]","[""A. | Ch. | 545""]",{},[],1,1,0,1,0,5,5,0,2
49090,9,1395,n49090,θρεπ-τήτωρ,,ὁ,801,,"[""nourisher, feeder, πενήτων PMasp. 20.11 (pl.,vi A.D.).""]","[""nourisher, feeder""]",[],"[{""biblio"":"""",""quote"":""πενήτων""},{""biblio"":""PMasp. | 20.11"",""quote"":""πενήτων PMasp. 20.11""}]","[""PMasp. | 20.11""]",{},[],1,1,0,1,0,1,1,0,2
49091,9,1396,n49091,θρεπ-τικός,Adv.,,801,,"[""able to feed or rear,τινος Pl. Plt. 267b , cf. 276b , 276c ;nourishing, -ώτερα μῆλα Diph.Siph. ap. Ath. 3.82f ;-ώτατος οἶνος Mnesith.ib. 1.32d ."",""of or promoting growth, ἡ δύναμις τῆς ψυχῆς θ. καὶ γεννητική Arist. de An. 416a19 ;ἡ θ. ψυχή ib. 415a23 ;τὸ θ.the principle of growth, Id. EN 1102b11 ;ἡ θ. καὶ αὐξητικὴ ζωή ib. 1098a1 ; opp.φθαρτικός, Polystr. p.23 W.Adv. -κῶς Porph. Gaur. 1.1 ."",""causing to heal up, ἑλκῶν Dsc. 1.43 .""]","[""able to feed"",""rear"",""nourishing"",""of"",""promoting growth"",""the principle of growth"",""causing to heal up""]",[],"[{""biblio"":"""",""quote"":""-ώτερα μῆλα""},{""biblio"":""Diph.Siph."",""quote"":""-ώτερα μῆλα Diph.Siph.""},{""biblio"":"""",""quote"":""ἡ δύναμις τῆς ψυχῆς θ. καὶ γεννητική""},{""biblio"":""Arist. | de An. | 416a19"",""quote"":""ἡ δύναμις τῆς ψυχῆς θ. καὶ γεννητική Arist. de An. 416a19""},{""biblio"":"""",""quote"":""-κῶς""},{""biblio"":""Porph. | Gaur. | 1.1"",""quote"":""-κῶς Porph. Gaur. 1.1""},{""biblio"":"""",""quote"":""ἑλκῶν""},{""biblio"":""Dsc. | 1.43"",""quote"":""ἑλκῶν Dsc. 1.43""}]","[""Arist. | de An. | 416a19"",""Diph.Siph."",""Dsc. | 1.43"",""Porph. | Gaur. | 1.1""]",{},[],1,1,0,1,0,3,7,0,8
49092,9,1397,n49092,θρεπ-τός,Subst.,,801,,"[""slave bred in the house, Lys. Fr. 215 S. , Pherecr. 125 , LXX Es. 2.7 , IPE 12.709 (Olbia,ii B.C.), POxy. 298.46 (i A.D.), etc.;οἱ θ. καὶ αἱ θ. Inscr.Cos 131 ; also of adopted foundlings,τὴν ἰδίαν θ. SIG 1210 (Calymna), Plin. Ep.ad Traj. 65 , etc."",""pupil, Vett.Val. 157.29 .""]","[""slave bred in the house"",""adopted foundlings"",""Ep.ad Traj."",""pupil""]",[],[],[],{},[],1,1,0,0,0,2,4,0,0
49093,9,1398,n49093,θρέπ-τρα,,τά,801,,"[""θρεπτήριος 111.2 , οὐδὲ τοκεῦσι θ. φίλοις ἀπέδωκε Il. 4.478 , 17.302 ;θρέπτα is dub. in Epigr.Gr. 442.4 (ii A.D.), Q.S. 11.89 , Hsch.""]",[],[],"[{""biblio"":"""",""quote"":""θρεπτήριος""},{""biblio"":""111.2"",""quote"":""θρεπτήριος 111.2""},{""biblio"":"""",""quote"":""οὐδὲ τοκεῦσι θ. φίλοις ἀπέδωκε""},{""biblio"":""Il. | 4.478"",""quote"":""οὐδὲ τοκεῦσι θ. φίλοις ἀπέδωκε Il. 4.478""}]","[""111.2"",""Il. | 4.478""]",{},[],1,0,0,1,0,1,0,0,4
49094,9,1399,n49094,θρέπ-τρα,,ἡ,801,,"[""a nurse,CIG(add.) 4300d (Antiphellos).""]","[""a nurse""]",[],[],[],{},[],1,1,0,0,0,1,1,0,0
49095,9,1400,n49095,θρεσκός,,,801,,"[""v. θρῆσκος .""]",[],[],[],[],{},"[{""type"":""ref"",""target"":"""",""text"":""θρῆσκος""},{""type"":"""",""target"":"""",""text"":""v. θρῆσκος""}]",1,0,0,0,1,1,0,0,0
49096,9,1401,n49096,θρεττᾰνελό,,,801,,"[""sound imitative of the cithara, Ar. Pl. 290 .""]","[""sound imitative of the cithara""]",[],[],[],{},[],1,1,0,0,0,1,1,0,0
49097,9,1402,n49097,θρέττε,,τό,801,,"[""θρέττε,τό,=τὸ θρασύ, οὐκ ἔνι μοι τὸ θ., barbarism in Ar. Eq. 17 .""]",[],[],[],[],{},[],1,0,0,0,0,1,0,0,0
49098,9,1403,n49098,θρεψίππας,,ὁ,801,,"[""θρεψίππας,ου,ὁ,=ἱπποτρόφος, as pr. n. in Apollod. 2.7.8 .""]",[],[],[],[],{},[],1,0,0,0,0,1,0,0,0
49099,9,1404,n49099,θρέψις,,ἡ,801,,"[""nourishing, σωμάτων S.E. M. 11.97 , cf. Alex.Aphr. Pr. 2.66 , Gal. 1.655 , etc.""]","[""nourishing""]",[],"[{""biblio"":"""",""quote"":""σωμάτων""},{""biblio"":""S.E. | M. | 11.97"",""quote"":""σωμάτων S.E. M. 11.97""}]","[""S.E. | M. | 11.97""]",{},[],1,1,0,1,0,1,1,0,2
49100,9,1405,n49100,θρηϊκή:,,,801,,"[""θρηϊκή: ὑποδημάτων εἶδος Περσικῶν, Hsch.""]",[],[],[],[],{},[],1,0,0,0,0,1,0,0,0
49101,9,1406,n49101,Θρηϊκίη,,ὁ,801,,"[""v. Θρᾴκη .Θρῄκιος, v. Θράκιος .""]",[],[],[],[],{},"[{""type"":""ref"",""target"":"""",""text"":""Θρᾴκη""},{""type"":"""",""target"":"""",""text"":""v. Θρᾴκη""},{""type"":""ref"",""target"":"""",""text"":""Θράκιος""},{""type"":"""",""target"":"""",""text"":""v. Θράκιος""}]",1,0,0,0,1,1,0,0,0
49102,9,1407,n49102,θρήν-ερως,,ὁ,801,,"[""a querulous lover, Poll. 6.189 .""]","[""a querulous lover""]",[],[],[],{},[],1,1,0,0,0,1,1,0,0
49103,9,1408,n49103,θρην-εύω,,,801,,"[""= θρηνέω , Epigr.Gr. 406.9 (Iconium).""]",[],[],[],[],{},"[{""type"":""ref"",""target"":"""",""text"":""θρηνέω""},{""type"":"""",""target"":"""",""text"":""= θρηνέω""}]",1,0,0,0,1,1,0,0,0
49104,9,1409,n49104,θρην-έω,,,801,,"[""-ήσω A. Ag. 1541 (anap.), S. Aj. 632 (lyr.):aor. 1 -ησα E. Tr. [111] :— Med. (v. infr. 2 ): impers. in pf. Pass. (v. infr.): (θρῆνος):— sing a dirge, wail, Μοῦσαι δ' ἐννέα πᾶσαι ἀμειβόμεναι ὀπὶ καλῇ θρήνεον Od. 24.61 ;τίς ὁ θρηνήσων; A. Ag. l.c.;τίς . . ἔσθ' ὁ θρηνῶν; Ar. Nu. 1260 ; θ. πρὸς τύμβον A. Ch. 926 ; θ. καὶ ὀδύρεσθαι Pl. Ap. 38d ; πρὸς σφᾶς αὐτούς Isoc. 8.128 : c.acc.cogn.,στονόεσσαν ἀοιδὴν . . ἐθρήνεον were singing a doleful dirge, Il. 24.7221 ;γόον θ. A. Fr. 291 ; ὀξυτόνους ᾠδάς S. Aj. l.c.;ἐπῳδάς ib. 582 ;ὕμνους, of the nightingale, Ar. Av. 211 (lyr.); φθόγγους ἀλύρους Alex. 162.7 :— Pass. , ἅλις μοι τεθρήνηται γόοις S. Ph. 1401 ; ἱκανῶς τεθρήνηται Luc. Cat. 20 ."",""c.acc.,bewail, θ. πόνους A. Pr. 615 ; τὸν θάνατον Pl. Phd. 85a ; ὅσα τὸν . . ἐμὸν θρηνῶ πατέρα S. El. 94 (anap.), cf. 530 , Ev.Luc. 23.27 , etc.; τὸν φύντα E. Fr. 449 :—so also Med. , ἄκος γὰρ οὐδὲν τόνδε θρηνεῖσθαι A. Pr. 43 :— Pass. ,to be lamented, S. Aj. 852 , Fr. 653 .""]","[""sing a dirge, wail"",""were singing"",""bewail"",""to be lamented""]","[""θρῆνος""]","[{""biblio"":"""",""quote"":""-ήσω""},{""biblio"":""A. | Ag. | 1541"",""quote"":""-ήσω A. Ag. 1541""},{""biblio"":"""",""quote"":""-ησα""},{""biblio"":""E. | Tr. | [111]"",""quote"":""-ησα E. Tr. [111]""},{""biblio"":"""",""quote"":""Μοῦσαι δ' ἐννέα πᾶσαι ἀμειβόμεναι ὀπὶ καλῇ θρήνεον""},{""biblio"":""Od. | 24.61"",""quote"":""Μοῦσαι δ' ἐννέα πᾶσαι ἀμειβόμεναι ὀπὶ καλῇ θρήνεον Od. 24.61""},{""biblio"":"""",""quote"":""θ. πρὸς τύμβον""},{""biblio"":""A. | Ch. | 926"",""quote"":""θ. πρὸς τύμβον A. Ch. 926""},{""biblio"":"""",""quote"":""θ. καὶ ὀδύρεσθαι""},{""biblio"":""Pl. | Ap. | 38d"",""quote"":""θ. καὶ ὀδύρεσθαι Pl. Ap. 38d""},{""biblio"":"""",""quote"":""πρὸς σφᾶς αὐτούς""},{""biblio"":""Isoc. | 8.128"",""quote"":""πρὸς σφᾶς αὐτούς Isoc. 8.128""},{""biblio"":"""",""quote"":""ὀξυτόνους ᾠδάς""},{""biblio"":""S. | Aj."",""quote"":""ὀξυτόνους ᾠδάς S. Aj.""},{""biblio"":"""",""quote"":""φθόγγους ἀλύρους""},{""biblio"":""Alex. | 162.7"",""quote"":""φθόγγους ἀλύρους Alex. 162.7""},{""biblio"":"""",""quote"":""ἅλις μοι τεθρήνηται γόοις""},{""biblio"":""S. | Ph. | 1401"",""quote"":""ἅλις μοι τεθρήνηται γόοις S. Ph. 1401""},{""biblio"":"""",""quote"":""ἱκανῶς τεθρήνηται""},{""biblio"":""Luc. | Cat. | 20"",""quote"":""ἱκανῶς τεθρήνηται Luc. Cat. 20""},{""biblio"":"""",""quote"":""θ. πόνους""},{""biblio"":""A. | Pr. | 615"",""quote"":""θ. πόνους A. Pr. 615""},{""biblio"":"""",""quote"":""τὸν θάνατον""},{""biblio"":""Pl. | Phd. | 85a"",""quote"":""τὸν θάνατον Pl. Phd. 85a""},{""biblio"":"""",""quote"":""ὅσα τὸν . . ἐμὸν θρηνῶ πατέρα""},{""biblio"":""S. | El. | 94"",""quote"":""ὅσα τὸν . . ἐμὸν θρηνῶ πατέρα S. El. 94""},{""biblio"":"""",""quote"":""τὸν φύντα""},{""biblio"":""E. | Fr. | 449"",""quote"":""τὸν φύντα E. Fr. 449""},{""biblio"":"""",""quote"":""ἄκος γὰρ οὐδὲν τόνδε θρηνεῖσθαι""},{""biblio"":""A. | Pr. | 43"",""quote"":""ἄκος γὰρ οὐδὲν τόνδε θρηνεῖσθαι A. Pr. 43""}]","[""A. | Ag. | 1541"",""A. | Ch. | 926"",""A. | Pr. | 43"",""A. | Pr. | 615"",""Alex. | 162.7"",""E. | Fr. | 449"",""E. | Tr. | [111]"",""Isoc. | 8.128"",""Luc. | Cat. | 20"",""Od. | 24.61"",""Pl. | Ap. | 38d"",""Pl. | Phd. | 85a"",""S. | Aj."",""S. | El. | 94"",""S. | Ph. | 1401""]",{},[],1,1,1,1,0,2,4,1,30
49105,9,1410,n49105,θρήν-ημα,,τό,801,,"[""lament, dirge, E. Or. 132 , Hel. 174 (lyr.), etc.""]","[""lament, dirge""]",[],[],[],{},[],1,1,0,0,0,1,1,0,0
49106,9,1411,n49106,θρην-ήσιμος,,,801,,"[""flebilis, Gloss.""]","[""flebilis,""]",[],[],[],{},[],1,1,0,0,0,1,1,0,0
49107,9,1412,n49107,θρην-ητέον,,,801,,"[""one must lament, Apollon. ap. Stob. 4.56.35 , Jul. Or. 8.246b .""]","[""one must lament""]",[],[],[],{},[],1,1,0,0,0,1,1,0,0
49108,9,1413,n49108,θρην-ητήρ,,ὁ,801,,"[""mourner, wailer, A. Pers. 938 (lyr.).""]","[""mourner, wailer""]",[],[],[],{},[],1,1,0,0,0,1,1,0,0
49109,9,1414,n49109,θρην-ητήριος,,,801,,"[""θρην-ητήριος,ον,=θρηνητικός, ᾠδαὶ θ. Eust. 1372.26 .""]",[],[],[],[],{},[],1,0,0,0,0,1,0,0,0
49110,9,1415,n49110,θρην-ητής,,ὁ,801,,"[""θρην-ητής,οῦ,ὁ,=θρηνητήρ, A. Ag. 1075 , BGU 34 iv 4 (iii A.D.).""]",[],[],[],[],{},[],1,0,0,0,0,1,0,0,0
49111,9,1416,n49111,θρην-ητικός,Adv.,,801,,"[""inclined to lament, querulous, Arist. EN 1171b10 ."",""of or for a dirge,αὔλημα, μόναυλος, Poll. 4.73 , 75 ;τὸ θ.matter for lament, Plu. 2.623a .Adv. -κῶς Poll. 6.202 .""]","[""inclined to lament, querulous"",""of"",""for a dirge"",""matter for lament""]",[],"[{""biblio"":"""",""quote"":""-κῶς""},{""biblio"":""Poll. | 6.202"",""quote"":""-κῶς Poll. 6.202""}]","[""Poll. | 6.202""]",{},[],1,1,0,1,0,2,4,0,2
49112,9,1417,n49112,θρην-ήτρια,,ἡ,801,,"[""θρην-ήτρια,ἡ, fem. of θρηνητήρ, Sch. E. Ph. 1489 .""]",[],[],[],[],{},[],1,0,0,0,0,1,0,0,0
49113,9,1418,n49113,θρην-ήτωρ,,ὁ,801,,"[""θρην-ήτωρ,ορος,ὁ,=θρηνητήρ, Man. 4.190 .""]",[],[],[],[],{},[],1,0,0,0,0,1,0,0,0
49114,9,1419,n49114,θρηνο-λάλος,,,801,,"[""uttering laments, Σειρῆνες IG 12(8).445.5 (Thasos).""]","[""uttering laments""]",[],"[{""biblio"":"""",""quote"":""Σειρῆνες""},{""biblio"":""IG | 12(8).445.5"",""quote"":""Σειρῆνες IG 12(8).445.5""}]","[""IG | 12(8).445.5""]",{},[],1,1,0,1,0,1,1,0,2
49115,9,1420,n49115,θρηνο-λογέω,,,801,,"[""bewail,τινα IPE 2.197 (Panticapaeum).""]","[""bewail""]",[],[],[],{},[],1,1,0,0,0,1,1,0,0
49116,9,1421,n49116,θρηνο-ποιός,,,801,,"[""luctificus, Gloss.""]","[""luctificus,""]",[],[],[],{},[],1,1,0,0,0,1,1,0,0
49117,9,1422,n49117,θρῆνος,,ὁ,801,806,"[""dirge, lament, Il. 24.721 , Sapph. 136 , Pi. I. 8(7).64 , Hdt. 2.79 , 85 , etc.;θ. οὑμός for me, A. Pr. 390 ; εἰπεῖν . . θ. θέλω ἐμὸν τὸν αὐτῆς Id. Ag. 1322 ."",""complaint, sad strain, h.Pan. 18 ;Τοργόνων οὔλιον θ. Pi. P. 12.8 ; θρῆνοι καὶ ὀδυρμοί Pl. R. 398d , etc.: pl., lamentations, θρήνων ᾠδάς S. El. 88 (lyr.), etc.; title of poems by Pindar, Stob. 4.39.6 , etc. (Distd. fr.ἐπικήδειον by Trypho ap. Ammon. Diff. p.54 V. (cf. Ptol.Asc. p.404H. ),ἐπικήδειον τὸ ἐπὶ τῷ κήδει, θ. δὲ ἐν ᾡδήποτε χρόνῳ.)""]","[""dirge, lament"",""for"",""complaint, sad strain,"",""lamentations""]","[""θρέομαι""]","[{""biblio"":"""",""quote"":""εἰπεῖν . . θ. θέλω ἐμὸν τὸν αὐτῆς""},{""biblio"":""Id. | Ag. | 1322"",""quote"":""εἰπεῖν . . θ. θέλω ἐμὸν τὸν αὐτῆς Id. Ag. 1322""},{""biblio"":"""",""quote"":""θρῆνοι καὶ ὀδυρμοί""},{""biblio"":""Pl. | R. | 398d"",""quote"":""θρῆνοι καὶ ὀδυρμοί Pl. R. 398d""},{""biblio"":"""",""quote"":""θρήνων ᾠδάς""},{""biblio"":""S. | El. | 88"",""quote"":""θρήνων ᾠδάς S. El. 88""}]","[""Id. | Ag. | 1322"",""Pl. | R. | 398d"",""S. | El. | 88""]",{},[],1,1,1,1,0,2,4,1,6
49118,9,1423,n49118,θρῆνυξ,,ὁ,801,,"[""θρῆνυξ,υκος,ὁ,= sq., Euph. 39 ; Boeot. θρᾶνυξ Corinn. 38 .""]",[],[],[],[],{},[],1,0,0,0,0,1,0,0,0
49119,9,1424,n49119,θρῆνυς,,ὁ,801,,"[""footstool, ὑπὸ δὲ θρῆνυν ποσὶν ἥσει Il. 14.240 , cf. Od. 19.57 ."",""θ. ἑπταπόδης the seven-foot bench, perh.helmsman's bench or bridge, Il. 15.729 .""]","[""footstool"",""bench"",""helmsman's bench"",""bridge""]","[""θράομαι""]","[{""biblio"":"""",""quote"":""ὑπὸ δὲ θρῆνυν ποσὶν ἥσει""},{""biblio"":""Il. | 14.240"",""quote"":""ὑπὸ δὲ θρῆνυν ποσὶν ἥσει Il. 14.240""}]","[""Il. | 14.240""]",{},[],1,1,1,1,0,2,4,1,2
49120,9,1425,n49120,θρηνῳδ-έω,,,801,,"[""sing a dirge over,τινα E. IA 1176 .""]","[""sing a dirge over""]",[],[],[],{},[],1,1,0,0,0,1,1,0,0
49121,9,1426,n49121,θρηνῴδ-ημα,,τό,801,,"[""dirge, lament, Sch. S. El. 92 (ed. T. Johnson, Oxon. 1705 ).""]","[""dirge, lament""]",[],[],[],{},[],1,1,0,0,0,1,1,0,0
49122,9,1427,n49122,θρηνῴδ-ης,,,801,,"[""like a dirge, fit for a dirge, ἁρμονίαι Pl. R. 398e , 411a ; ὀδυρμός Tim. Pers. 113 ;φθόγγος, μέλος, Plu. Sull. 7 , Hdn. 4.2.5 ;τὸ θ. τῆς ψυχῆς mournful mood, Plu. 2.822c ."",""= θρηνητικός , of persons, Pl. Lg. 792b ;τὸ θ. Id. R. 606b .""]","[""like a dirge, fit for a dirge"",""mournful mood""]",[],"[{""biblio"":"""",""quote"":""ἁρμονίαι""},{""biblio"":""Pl. | R. | 398e"",""quote"":""ἁρμονίαι Pl. R. 398e""},{""biblio"":"""",""quote"":""ὀδυρμός""},{""biblio"":""Tim. | Pers. | 113"",""quote"":""ὀδυρμός Tim. Pers. 113""}]","[""Pl. | R. | 398e"",""Tim. | Pers. | 113""]",{},"[{""type"":""ref"",""target"":"""",""text"":""θρηνητικός""},{""type"":"""",""target"":"""",""text"":""= θρηνητικός""}]",1,1,0,1,1,2,2,0,4
49123,9,1428,n49123,θρηνῳδ-ία,,ἡ,801,,"[""lamentation, ib. 604d , Plu. 2.657a .""]","[""lamentation""]",[],[],[],{},[],1,1,0,0,0,1,1,0,0
49124,9,1429,n49124,θρηνῳδ-ικός,,,801,,"[""appropriate to a dirge,ἁρμονία ib. 1136e .""]","[""appropriate to a dirge""]",[],[],[],{},[],1,1,0,0,0,1,1,0,0
49125,9,1430,n49125,θρηνῳδ-ός,,ὁ,801,,"[""one who sings a dirge, mourner, Alciphr. 1.36 , Ptol. Tetr. 180 , Anon. Oxy. 864 , cf. Poll. 6.202 .""]","[""one who sings a dirge, mourner""]",[],[],[],{},[],1,1,0,0,0,1,1,0,0
49126,9,1431,n49126,θρήνωμα,,τό,801,,"[""θρῆνος, εἰς τὸν Ὀσῖριν PTeb. 140 (pl.,i B.C.).""]",[],[],"[{""biblio"":"""",""quote"":""θρῆνος, εἰς τὸν Ὀσῖριν""},{""biblio"":""PTeb. | 140"",""quote"":""θρῆνος, εἰς τὸν Ὀσῖριν PTeb. 140""}]","[""PTeb. | 140""]",{},[],1,0,0,1,0,1,0,0,2
49127,9,1432,n49127,Θρῇξ,,ὁ,801,,"[""Θρῇξ,ῃκός,ὁ , Ion. for Θρᾷξ(q. v.); fem.Θρῇσσα, ἡ(q. v.).""]",[],[],[],[],{},[],1,0,0,0,0,1,0,0,0
49128,9,1433,n49128,θρήσασθαι,,,801,,"[""v. θράομαι .""]",[],[],[],[],{},"[{""type"":""ref"",""target"":"""",""text"":""θράομαι""},{""type"":"""",""target"":"""",""text"":""v. θράομαι""}]",1,0,0,0,1,1,0,0,0
49129,9,1434,n49129,θρησκ-εία,,ἡ,801,,"[""religious worship, cult, ritual,ἡ περὶ τὰ ἱρὰ θ. Hdt. 2.18 , IG 12(5).141.5 (Paros,iii B.C.), J. AJ 17.9.3 , etc.; τοῦ Ἀπόλλωνος SIG 801 D(Delph.,i A.D.);ἡ περί τινος θ. ib. 867.48 (Ephesus,ii A.D.): pl.,rites, Hdt. 2.37 , D.H. 2.63 , PGnom. 185 (ii A.D.), Wilcken Chr. 72 (iii A.D.)."",""religion, service of God, LXX Wi. 14.18 , Act.Ap. 26.5 , Ep.Jac. 1.26 ; θ. τοῦ θεοῦ μία ἐστί, μὴ εἶναι κακόν Corp.Herm. 12 fin.;ἑκατέρα θ., i.e. Christianity and Paganism, Them. Or. 5.69c ;θ. τῶν ἀγγέλων worshipping of angels, Ep.Col. 2.18 ."",""in bad sense,religious formalism, ἀντὶ ὁσιότητος Ph. 1.195 ;θ. βιωτική vulgar superstition, Sor. 1.4 .""]","[""religious worship, cult, ritual"",""rites"",""religion, service of God"",""worshipping"",""religious formalism"",""superstition""]","[""θρησκεύω""]","[{""biblio"":"""",""quote"":""τοῦ Ἀπόλλωνος""},{""biblio"":""SIG | 801"",""quote"":""τοῦ Ἀπόλλωνος SIG 801""},{""biblio"":"""",""quote"":""θ. τοῦ θεοῦ μία ἐστί, μὴ εἶναι κακόν""},{""biblio"":""Corp.Herm. | 12"",""quote"":""θ. τοῦ θεοῦ μία ἐστί, μὴ εἶναι κακόν Corp.Herm. 12""},{""biblio"":"""",""quote"":""ἀντὶ ὁσιότητος""},{""biblio"":""Ph. | 1.195"",""quote"":""ἀντὶ ὁσιότητος Ph. 1.195""}]","[""Corp.Herm. | 12"",""Ph. | 1.195"",""SIG | 801""]",{},[],1,1,1,1,0,3,6,1,6
49130,9,1435,n49130,θρήσκ-ευμα,,τό,801,,"[""religious worship, IG 22.1099.29 (Plotina), Just. Nov. 103.2 (pl.).""]","[""religious worship,""]",[],[],[],{},[],1,1,0,0,0,1,1,0,0
49131,9,1436,n49131,θρήσκ-ευσις,,ἡ,801,,"[""θρήσκ-ευσις εως,ἡ,= foreg., Phint. ap. Stob. 4.23.61a (pl.).""]",[],[],[],[],{},[],1,0,0,0,0,1,0,0,0
49132,9,1437,n49132,θρησκ-ευτήριον,,τό,801,,"[""place of worship, Sch. Pi. O. 7.33 .""]","[""place of worship""]",[],[],[],{},[],1,1,0,0,0,1,1,0,0
49133,9,1438,n49133,θρησκ-ευτής,,ὁ,801,,"[""worshipper, BCH 37.94 (Thessalonica), Ptol. Tetr. 159 , Sch. Pi. O. 3.28 .""]","[""worshipper""]",[],[],[],{},[],1,1,0,0,0,1,1,0,0
49134,9,1439,n49134,θρησκ-εύω,,,801,,"[""perform religious observances, Hdt. 2.64 , Sammelb. 991 (iii A.D.)."",""c. acc.,worship, θεούς D.H. 2.23 , IG 5(2).268.42 (Mantinea), Porph. Abst. 4.9 , Hdn. 1.11.1 :— Pass. , Dinon 17 , LXX Wi. 14.16 , Porph. ap. Eus. PE 3.11 : impers., εἴ τι ἄλλο -εύεσθαι νόμιμον ἦν D.H. 1.76 ."",""to be a devotee, Plu. Alex. 2 .""]","[""perform religious observances"",""worship"",""to be a devotee""]",[],"[{""biblio"":"""",""quote"":""θεούς""},{""biblio"":""D.H. | 2.23"",""quote"":""θεούς D.H. 2.23""},{""biblio"":"""",""quote"":""εἴ τι ἄλλο -εύεσθαι νόμιμον ἦν""},{""biblio"":""D.H. | 1.76"",""quote"":""εἴ τι ἄλλο -εύεσθαι νόμιμον ἦν D.H. 1.76""}]","[""D.H. | 1.76"",""D.H. | 2.23""]",{},[],1,1,0,1,0,3,3,0,4
49135,9,1440,n49135,θρήσκ-ια,,τά,801,,"[""religious observances, OGI 210.9 (Nubia,iii A.D.).""]","[""religious observances""]",[],[],[],{},[],1,1,0,0,0,1,1,0,0
49136,9,1441,n49136,θρῆσκ-ος,,,801,,"[""religious, Ep.Jac. 1.26 ; in bad sense,superstitious, Hsch. ( Hsch. has also θρεσκός.)""]","[""religious,"",""superstitious""]",[],[],[],{},[],1,1,0,0,0,1,2,0,0
49137,9,1442,n49137,θρησκ-ώδης,,,801,,"[""θρησκ-ώδης,ες,= foreg., Vett.Val. 104.14 .""]",[],[],[],[],{},[],1,0,0,0,0,1,0,0,0
49138,9,1443,n49138,Θρῇσσα,,ἡ,801,,"[""Θρῇσσα,ἡ, Ion. for Θρᾷσσα.""]",[],[],[],[],{},[],1,0,0,0,0,1,0,0,0
49139,9,1444,n49139,θρήττανον:,,,801,,"[""θρήττανον: τῆς ἁμάξης ἐφ' ᾧ τὰ ἀγόμενα ἐπιτίθεται, Hsch.""]",[],[],[],[],{},[],1,0,0,0,0,1,0,0,0
49140,9,1445,n49140,Θρῖα,Adj.,ἡ,801,,"[""at Thria, IG 12.329 , but Θριᾶσι X. HG 5.4.21 , Is. 11.42 :Θριῶζε to Thria, Th. 1.114 , BCH 50.529 (ii A.D.):Θριῶθεν from Thria, IG 22.1672.109 :—Adj. Θριάσιος,α,ον , πεδίον Hdt. 8.65 , etc.; πύλαι Plu. Per. 30 .""]","[""at Thria,"",""to Thria"",""from Thria,""]",[],"[{""biblio"":"""",""quote"":"", πεδίον""},{""biblio"":""Hdt. | 8.65"",""quote"":"", πεδίον Hdt. 8.65""},{""biblio"":"""",""quote"":""πύλαι""},{""biblio"":""Plu. | Per. | 30"",""quote"":""πύλαι Plu. Per. 30""}]","[""Hdt. | 8.65"",""Plu. | Per. | 30""]",{},[],1,1,0,1,0,1,3,0,4
49141,9,1446,n49141,θρῑάζω,,,801,,"[""to be rapt, possessed, S. Fr. 466 , E. Fr. 478 ; also glossed by φυλλολογεῖν(as if from θρῖον), Hsch.,EM 455.45 :—also θριάομαι, = μαντεύομαι , AB 265 ; cf. sq.""]","[""to be rapt, possessed""]","[""θριαί""]",[],[],{},"[{""type"":""ref"",""target"":"""",""text"":""μαντεύομαι""},{""type"":"""",""target"":"""",""text"":""= μαντεύομαι""}]",1,1,1,0,1,1,1,1,0
49142,9,1447,n49142,θρῑαί,,αἱ,801,,"[""pebbles used in divination, Philoch. 196 , Call. Ap. 45 , cf. Sch. ad loc., EM 455.34 ."",""personified as nymphs of Parnassus, Philoch. l.c., Sch.Call.l.c., dub. cj. in h.Merc. 552 .""]","[""pebbles used in divination""]",[],[],[],{},[],1,1,0,0,0,2,1,0,0
49143,9,1448,n49143,θρῐαμβ-ευτής,,ὁ,801,,"[""one who enjoys a triumph, Suid.""]","[""one who enjoys a triumph""]",[],[],[],{},[],1,1,0,0,0,1,1,0,0
49144,9,1449,n49144,θρῐαμβ-ευτικός,,,801,,"[""v.l. for θριαμβικός , Plu. Cat.Ma. 24 .""]",[],[],[],[],{},"[{""type"":""ref"",""target"":"""",""text"":""θριαμβικός""},{""type"":"""",""target"":"""",""text"":""v.l. for θριαμβικός""}]",1,0,0,0,1,1,0,0,0
49145,9,1450,n49145,θρῐαμβ-εύω,,,801,,"[""τεθριάμβευκα Id. Ant. 34 : (θρίαμβος):— triumph, Plb. 6.53.7 , Posidon. 1 J. , Plu. Pomp. 45 , etc.;ἀπό τινος triumph over, Id. Rom. 25 , App. Gall. 1 ; κατὰ τῆς πατρίδος Plu. Cor. 35 , cf. App. BC 1.80 ;ἐπί τινι ib. 4.31 ; also θ. ἐπὶ νίκῃ Hdn. 3.9.1 ; ἀπὸ μάχης Plu. Publ. 9 : c. acc. cogn., θ. νίκην ἄδακρυν Id. 2.318b ; δεύτερον θρίαμβον Id. Fab. 23 ."",""lead in triumph, of conquered enemies,τινα Id. Comp.Thes.Rom. 4 , Ep.Col. 2.15 :— Pass. , -εύεσθαι ὑπό τινος Plu. Cor. 35 ; μηδ' ἐν ἐμοὶ περιίδῃς -εύομενον σεαυτόν Id. Ant. 84 ."",""lead in triumph, as a general does his army, metaph., ἡμᾶς ἐν Χριστῷ 2 Ep.Cor. 2.14 ."",""divulge, noise abroad, Phot. , cf. Suid. s.v. ἐξεφοίτα .""]","[""triumph"",""triumph over"",""lead in triumph"",""lead in triumph"",""divulge, noise abroad""]","[""θρίαμβος""]","[{""biblio"":"""",""quote"":""τεθριάμβευκα""},{""biblio"":""Id. | Ant. | 34"",""quote"":""τεθριάμβευκα Id. Ant. 34""},{""biblio"":"""",""quote"":""κατὰ τῆς πατρίδος""},{""biblio"":""Plu. | Cor. | 35"",""quote"":""κατὰ τῆς πατρίδος Plu. Cor. 35""},{""biblio"":"""",""quote"":""θ. ἐπὶ νίκῃ""},{""biblio"":""Hdn. | 3.9.1"",""quote"":""θ. ἐπὶ νίκῃ Hdn. 3.9.1""},{""biblio"":"""",""quote"":""ἀπὸ μάχης""},{""biblio"":""Plu. | Publ. | 9"",""quote"":""ἀπὸ μάχης Plu. Publ. 9""},{""biblio"":"""",""quote"":""θ. νίκην ἄδακρυν""},{""biblio"":""Id. | 2.318b"",""quote"":""θ. νίκην ἄδακρυν Id. 2.318b""},{""biblio"":"""",""quote"":""δεύτερον θρίαμβον""},{""biblio"":""Id. | Fab. | 23"",""quote"":""δεύτερον θρίαμβον Id. Fab. 23""},{""biblio"":"""",""quote"":""-εύεσθαι ὑπό τινος""},{""biblio"":""Plu. | Cor. | 35"",""quote"":""-εύεσθαι ὑπό τινος Plu. Cor. 35""},{""biblio"":"""",""quote"":""μηδ' ἐν ἐμοὶ περιίδῃς -εύομενον σεαυτόν""},{""biblio"":""Id. | Ant. | 84"",""quote"":""μηδ' ἐν ἐμοὶ περιίδῃς -εύομενον σεαυτόν Id. Ant. 84""},{""biblio"":"""",""quote"":""ἡμᾶς ἐν Χριστῷ""},{""biblio"":""2 Ep.Cor. | 2.14"",""quote"":""ἡμᾶς ἐν Χριστῷ 2 Ep.Cor. 2.14""}]","[""2 Ep.Cor. | 2.14"",""Hdn. | 3.9.1"",""Id. | 2.318b"",""Id. | Ant. | 34"",""Id. | Ant. | 84"",""Id. | Fab. | 23"",""Plu. | Cor. | 35"",""Plu. | Publ. | 9""]",{},"[{""type"":""ref"",""target"":"""",""text"":""ἐξεφοίτα""},{""type"":"""",""target"":"""",""text"":""s.v. ἐξεφοίτα""}]",1,1,1,1,1,4,5,1,18
49146,9,1451,n49146,θρῐαμβ-ικός,Adv.,,801,,"[""triumphal, ἐσθής D.H. 5.35 , J. BJ 7.5.4 ; κόσμος Str. 5.2.2 ;πομπή, τιμαί, Plu. Aem. 30 , Sert. 18 ;κηδεύματα connexions with triumphal families, Id. Cat. Ma. 24 ( v.l. -ευτικῶν ); ἄνδρες θ., Lat.viri triumphales, Id. Cam. 21 , cf. Crass. 1 .Adv. -κῶς, ἠμφιεσμένος App. BC 2.106 .""]","[""triumphal"",""with triumphal families"",""viri triumphales""]",[],"[{""biblio"":"""",""quote"":""ἐσθής""},{""biblio"":""D.H. | 5.35"",""quote"":""ἐσθής D.H. 5.35""},{""biblio"":"""",""quote"":""κόσμος""},{""biblio"":""Str. | 5.2.2"",""quote"":""κόσμος Str. 5.2.2""},{""biblio"":"""",""quote"":""-κῶς, ἠμφιεσμένος""},{""biblio"":""App. | BC | 2.106"",""quote"":""-κῶς, ἠμφιεσμένος App. BC 2.106""}]","[""App. | BC | 2.106"",""D.H. | 5.35"",""Str. | 5.2.2""]",{},"[{""type"":""ref"",""target"":"""",""text"":""-ευτικῶν""},{""type"":"""",""target"":"""",""text"":""v.l. -ευτικῶν""}]",1,1,0,1,1,1,3,0,6
49147,9,1452,n49147,θρῐαμβ-ίς,,,801,,"[""θριαμβικός, στολή Anon. ap. Suid.""]",[],[],"[{""biblio"":"""",""quote"":""θριαμβικός, στολή""},{""biblio"":""Anon."",""quote"":""θριαμβικός, στολή Anon.""}]","[""Anon.""]",{},[],1,0,0,1,0,1,0,0,2
49148,9,1453,n49148,θρῐαμβοδῑθύραμβος,,,801,,"[""θρῐαμβοδῑθύραμβος[ῠ],ον , epith. of Bacchus, Pratin.Lyr. 1.16 .""]",[],[],[],[],{},[],1,0,0,0,0,1,0,0,0
49149,9,1454,n49149,θρίαμβος,,ὁ,801,,"[""hymn to Dionysus, sung in festal processions to his honour, Cratin. 36 ."",""epith. of Dionysus, Trag.Adesp. 140 , D.S. 4.5 , Ath. 1.30b , Plu. Marc. 22 , Arr. An. 6.28.2 ."",""metaph.,scandal,δεδιὼς τὸν ἐκ λόγων θ. Conon 31.1 ."",""=Lat.triumphus(which is borrowed fr.θ. through Etruscan), Plb. 6.15.8 , D.S. 12.64 ,Mon. Anc.Gr. 2.20 , SIG 804.9 (Cos,i A.D.), Plu. Publ. 20 , etc.;ὁ μέγας θ. the triumph, opp.ὁ ἐλάττων θ.ovatio, Id. Marc. 22 , cf. D.H. 8.67 ;ὁ πεζὸς θ.,=ovatio, Id. 9.36 . (For the termination perh. cf.ἴαμβος, διθύραμβος, but the origin of θρι-is unknown.)""]","[""hymn to Dionysus"",""scandal"",""triumphus"",""Mon. Anc.Gr."",""triumph"",""ovatio"",""ovatio""]",[],[],[],{},[],1,1,0,0,0,4,7,0,0
49150,9,1455,n49150,θρίᾰσις,,ἡ,801,,"[""poetic rapture. Suid. s.v. θρίαμβος .""]","[""poetic rapture.""]","[""θριάζω""]",[],[],{},"[{""type"":""ref"",""target"":"""",""text"":""θρίαμβος""},{""type"":"""",""target"":"""",""text"":""s.v. θρίαμβος""}]",1,1,1,0,1,1,1,1,0
49151,9,1456,n49151,θρῑαστής,,ὁ,801,,"[""planter of fig-trees, Poll. 7.140 .""]","[""planter of fig-trees""]","[""θρῖον""]",[],[],{},[],1,1,1,0,0,1,1,1,0
49152,9,1457,n49152,θριάτιον:,,,801,,"[""θριάτιον: ἁπαλωτέρα τροφή, Hsch.""]",[],[],[],[],{},[],1,0,0,0,0,1,0,0,0
49153,9,1458,n49153,θριγγίον,,,801,,"[""θριγγίον,θρῐαμβ-γός,θρῐαμβ-γόω, later forms for θριγκίον, etc.""]",[],[],[],[],{},[],1,0,0,0,0,1,0,0,0
49154,9,1459,n49154,θριγκ-ίον,,τό,801,,"[""θριγκ-ίον,τό, Dim. of sq., Luc. Gall. 22 , App. Mith. 71 , Just. Nov. 133.1 .""]",[],[],[],[],{},[],1,0,0,0,0,1,0,0,0
49155,9,1460,n49155,θριγκ-ός,,ὁ,801,,"[""topmost course of stones in a wall, cornice, coping, mostly in pl., Od. 17.267 , S. Fr. 506 , Arist. Ph. 246a18 , IG 7.3073.68 (Lebad.); of the row of slabs behind the frieze, SIG 244ii61 (Delph.,iv B.C.); δῶμα περιφερὲς θριγκοῖς E. Hel. 430 : sg., Id. IT 47 ."",""frieze, θ. κυάνοιο Od. 7.87 ; χρυσοῦς D.S. 18.26 ."",""metaph.,coping-stone, last finish, θ. ἀθλίων κακῶν E. Tr. 489 ; δοκεῖ ὥσπερ θ. τοῖς μαθήμασιν ἡ διαλεκτικὴ . . ἐπάνω κεῖσθαι Pl. R. 534e ."",""wall, fence of any sort, E. Ion 1321 , Ar. Th. 58 (anap.), Paus. 1.42.7 , Plu. 2.85f ."",""row, ὀδόντων Hp. Ep. 23 .—Later forms are θριγγός v.l. in Plu. l.c.;θριγχός v.l. in Dsc. 4.85 ;τριγχός, Sch. Il. 11.774 , Eust. 1570.17 , SIG 1231.6 (Nicomedia,iii/iv A.D.).""]","[""topmost course of stones in a wall, cornice, coping"",""frieze"",""coping-stone, last finish"",""wall, fence"",""row""]",[],"[{""biblio"":"""",""quote"":""δῶμα περιφερὲς θριγκοῖς""},{""biblio"":""E. | Hel. | 430"",""quote"":""δῶμα περιφερὲς θριγκοῖς E. Hel. 430""},{""biblio"":"""",""quote"":""θ. κυάνοιο""},{""biblio"":""Od. | 7.87"",""quote"":""θ. κυάνοιο Od. 7.87""},{""biblio"":"""",""quote"":""χρυσοῦς""},{""biblio"":""D.S. | 18.26"",""quote"":""χρυσοῦς D.S. 18.26""},{""biblio"":"""",""quote"":""θ. ἀθλίων κακῶν""},{""biblio"":""E. | Tr. | 489"",""quote"":""θ. ἀθλίων κακῶν E. Tr. 489""},{""biblio"":"""",""quote"":""δοκεῖ ὥσπερ θ. τοῖς μαθήμασιν ἡ διαλεκτικὴ . . ἐπάνω κεῖσθαι""},{""biblio"":""Pl. | R. | 534e"",""quote"":""δοκεῖ ὥσπερ θ. τοῖς μαθήμασιν ἡ διαλεκτικὴ . . ἐπάνω κεῖσθαι Pl. R. 534e""},{""biblio"":"""",""quote"":""ὀδόντων""},{""biblio"":""Hp. | Ep. | 23"",""quote"":""ὀδόντων Hp. Ep. 23""}]","[""D.S. | 18.26"",""E. | Hel. | 430"",""E. | Tr. | 489"",""Hp. | Ep. | 23"",""Od. | 7.87"",""Pl. | R. | 534e""]",{},[],1,1,0,1,0,5,5,0,12
49156,9,1461,n49156,θριγκ-όω,,,801,,"[""surround with a θριγκός, [αὐλὴν] ἐθρίγκωσεν ἀχέρδῳ fenced it with thorn-bushes, Od. 14.10 , dub. in IG 12.111 ."",""build even to the coping-stone: metaph.,complete, make an end of, ἄτας τάσδε θριγκώσων φίλοις A. Ag. 1283 ;δῶμα -ῶσαι κακοῖς to bring the house to the height of misery, E. HF 1280 ; θριγκουμένη . . οἰκία Arist. Ph. 246a19 .""]","[""surround with a"",""fenced"",""build even to the coping-stone"",""complete, make an end of"",""to bring"",""to the height""]",[],"[{""biblio"":"""",""quote"":""ἄτας τάσδε θριγκώσων φίλοις""},{""biblio"":""A. | Ag. | 1283"",""quote"":""ἄτας τάσδε θριγκώσων φίλοις A. Ag. 1283""},{""biblio"":"""",""quote"":""θριγκουμένη . . οἰκία""},{""biblio"":""Arist. | Ph. | 246a19"",""quote"":""θριγκουμένη . . οἰκία Arist. Ph. 246a19""}]","[""A. | Ag. | 1283"",""Arist. | Ph. | 246a19""]",{},[],1,1,0,1,0,2,6,0,4
49157,9,1462,n49157,θριγκ-ώδης,,,801,,"[""like a coping, Hsch. s.v. αἱμασιαί .""]","[""like a coping""]",[],[],[],{},"[{""type"":""ref"",""target"":"""",""text"":""αἱμασιαί""},{""type"":"""",""target"":"""",""text"":""s.v. αἱμασιαί""}]",1,1,0,0,1,1,1,0,0
49158,9,1463,n49158,θρίγκ-ωμα,,τό,801,,"[""coping, cornice, cj. for τριχώμασιν, J. AJ 15.11.3 : metaph.,θ. τῆς τροφῆς, of salt, Plu. 2.685b .""]","[""coping, cornice""]",[],[],[],{},[],1,1,0,0,0,1,1,0,0
49159,9,1464,n49159,θρῐδᾰκ-ηί̈ς,Adj.,,801,,"[""of the lettuce, χαίτη Nic. Th. 838 .""]","[""of the lettuce""]",[],"[{""biblio"":"""",""quote"":""χαίτη""},{""biblio"":""Nic. | Th. | 838"",""quote"":""χαίτη Nic. Th. 838""}]","[""Nic. | Th. | 838""]",{},[],1,1,0,1,0,1,1,0,2
49160,9,1465,n49160,θρῐδᾰκ-ίας,,ὁ,801,,"[""θρῐδᾰκ-ίας,ου,ὁ,=μανδραγόρας θῆλυς, Dsc. 4.75 .""]",[],[],[],[],{},[],1,0,0,0,0,1,0,0,0
49161,9,1466,n49161,θρῐδᾰκ-ίνη,Adj.,ἡ,801,,"[""lettuce, Cratin. 330 , Hp. Mul. 2.136 , Amphis 20 , Eub. 14 , Thphr. HP 1.12.2 ;θ. ἥμερος ib. 7.6.2 ."",""wild lettuce, Lactuca Scariola, Id.l.c.;ἡ πικρὰ θ. ib. 9.11.10 ; in this signf., opp.θρίδαξ, Gal. 13.387 , Hellad. ap. Phot. Bibl. p.532B."",""sea-lettuce, a kind of sea-weed, Aët. 12.42 (pl.)."",""fem.Adj.(sc.μᾶζα), a kind of cake, Luc. Lex. 3 , Ath. 3.114f , Hellad.l.c.""]","[""lettuce"",""wild lettuce, Lactuca Scariola"",""sea-lettuce"",""cake""]",[],[],[],{},[],1,1,0,0,0,4,4,0,0
49162,9,1467,n49162,θρῐδᾰκ-ῑνίς,,ἡ,801,,"[""θρῐδᾰκ-ῑνίς,ίδος,ἡ,= foreg., Stratt. 66.6 (lyr.).""]",[],[],[],[],{},[],1,0,0,0,0,1,0,0,0
49163,9,1468,n49163,θρῐδᾰ́κ-ιον,,τό,801,,"[""θρῐδᾰ́κ-ιον,τό, Dim. of θρίδαξ, Plu. 2.349a (pl.).""]",[],[],[],[],{},[],1,0,0,0,0,1,0,0,0
49164,9,1469,n49164,θρῐδᾰκ-ίσκα,,,801,,"[""θρῐδᾰκ-ίσκα,ἁ, Lacon. for θριδακίνη, Alcm. 20 .""]",[],[],[],[],{},[],1,0,0,0,0,1,0,0,0
49165,9,1470,n49165,θρῐδᾰκ-ώδης,,,801,,"[""lettuce-like, Dsc. 2.132 ( Comp. ).""]","[""lettuce-like""]",[],[],[],{},[],1,1,0,0,0,1,1,0,0
49166,9,1471,n49166,θρίδαξ,,ἡ,801,,"[""lettuce, Epich. 158 , Hdt. 3.32 , Hp. Mul. 1.78 , Thphr. HP 7.2.4 , BGU 1118.13 (i B.C.), IG 4.955.8 (Epid.), etc.:—also θρύδαξ, POxy. 1212 (ii A.D.);θίδραξ, Hsch. s.v. θιδρακίνη. [ῐ , Epich. l.c., AP 9.412 ( Phld. ), 11.295 ( Lucill. ), 413 ( Ammian. ), cf.θριδακηί̈ς, -ίνη, -ινίς: the accentuation θρῖδαξ lacks authority.]""]","[""lettuce""]",[],[],[],{},"[{""type"":""ref"",""target"":"""",""text"":""θιδρακίνη. [ῐ""},{""type"":"""",""target"":"""",""text"":""s.v. θιδρακίνη. [ῐ""}]",1,1,0,0,1,1,1,0,0
49167,9,1472,n49167,θρίζω,,,801,,"[""θρίζω, poet. syncop. for θερίζω, A. Ag. 536 .θριήλοοι: ἱερεῖς, Hsch.""]",[],[],[],[],{},[],1,0,0,0,0,1,0,0,0
49168,9,1473,n49168,θριῆσαι:,,,801,,"[""θριῆσαι: καπρίσαι, Hsch. θριληδεῖν: θρυλλεῖν, Id. (prob.θρυλίδδην).θριμμός: γογγυσμός, Id.""]",[],[],[],[],{},[],1,0,0,0,0,1,0,0,0
49169,9,1474,n49169,θρῐνάκη,,,801,,"[""θρῐνάκη,=θρῖναξ. Call. Fr. 46P. (nisi leg.θρίνακ' ἤν).""]",[],[],[],[],{},[],1,0,0,0,0,1,0,0,0
49170,9,1475,n49170,Θρῑνᾰκίη,Adj.,ἡ,801,,"[""ῥίζα Nic. Th. 529 .""]",[],"[""θρῖναξ""]","[{""biblio"":"""",""quote"":""ῥίζα""},{""biblio"":""Nic. | Th. | 529"",""quote"":""ῥίζα Nic. Th. 529""}]","[""Nic. | Th. | 529""]",{},[],1,0,1,1,0,1,0,1,2
49171,9,1476,n49171,"Θρ<>͂ναξ,",,ἡ,801,,"[""trident, three-pronged fork, used to stir grain, etc., Ar. Pax 567 , Nic. Th. 114 , PFay. 120.3 (i/ii A.D.); as a signet, Tab.Heracl. 1.5 . [ῑ: later ῐ, AP 6.95 codd. ( Antiphil. ).]""]","[""trident, three-pronged fork""]",[],[],[],{},[],1,1,0,0,0,1,1,0,0
49172,9,1477,n49172,θρινία:,,,801,,"[""θρινία: ἄμπελος ἐν Κρήτῃ, Hsch.""]",[],[],[],[],{},[],1,0,0,0,0,1,0,0,0
49173,9,1478,n49173,θρίξ,,ἡ,801,,"[""τρίχεσιν J. AJ 16.7.3 is f.l. for τρύχ- ): -hair, Hom. only in pl., ὀρθαὶ τρίχες ἔσταν ἐνὶ . . μέλεσσι Il. 24.359 ; mostly,hair of the head, 22.77 , Od. 13.431 ; αἱ ἐν τῇ κεφαλῇ τρίχες Th. 1.6 ; sheep's wool, Il. 3.273 , Hes. Op. 517 ; pig's bristles, Il. 19.254 , Od. 10.239 ;τρίχες ἄκραι οὐραῖαι, of a horse's tail, Il. 23.519 ;ἀνάστασις τῶν τριχῶν, of a lark's crest, Gal. 12.361 ."",""later in sg. collectively, A. Th. 535 , Ag. 562 , S. El. 451 ;τριχὸς πλόκαμος, βόστρυχος, A. Th. 564 (lyr.), Ch. 229 ; γενείον θρίξ Id. Pers. 1056 ; κόμη θρίξ LXX Nu. 6.6 ;Ἐπαφρόδιτον . . τὴν παιδικὴν τρίχα Ὑγίᾳ(sc.ἀνέθηκεν) IG 12(5).173 (Paros,i A.D.); of a horse's mane, S. Fr. 475 ; of dogs, X. Cyn. 4.8 (sg. and pl.)."",""a single hair,οὐδὲ τρίχ[α] Alc. Supp. 14.10 : prov.,θρὶξ ἀνὰ μέσσον only a hair's breadth wanting, Theoc. 14.9 , cf. X. Smp. 6.2 ;ἄξιον τριχός, i.e. good for nothing, Ar. Ra. 614 ; οὐδ' ἂν τριχὸς πριαίμην Eup. 7.18D. ;ἐκ τριχὸς κρέμασθαι to hang by a hair, Aristaenet. 2.1 , Zen. 3.47 ; ἀπὸ τ. ἠερτῆσθαι AP 5.229 (Paul. Sil.); ἐπὶ τριχὸς ἦν ἡ σωτηρία Procop. Aed. 6.6 ;εἰς ἱερὴν τρίχα ἐλθεῖν, i.e. to come to life's end,v.l. in AP 7.164 (Antip. Sid.), but cf. Epigr.Gr. 248.13 ;μόνον οὐχὶ τῶν τ., φασί, λαμβάνεται'saute aux yeux', S.E. M. 7.257 ."",""Medic.,vein on the right lobe of the liver, Hp. Mul. 1.43 ( v.l. ἡ σῦριγξ ), Gal. 19.104 .""]","[""hair"",""hair of the head"",""wool"",""bristles"",""crest"",""mane"",""a single hair"",""only a hair's breadth"",""a hair"",""vein""]",[],"[{""biblio"":"""",""quote"":""τρίχεσιν""},{""biblio"":""J. | AJ | 16.7.3"",""quote"":""τρίχεσιν J. AJ 16.7.3""},{""biblio"":"""",""quote"":""ὀρθαὶ τρίχες ἔσταν ἐνὶ . . μέλεσσι""},{""biblio"":""Il. | 24.359"",""quote"":""ὀρθαὶ τρίχες ἔσταν ἐνὶ . . μέλεσσι Il. 24.359""},{""biblio"":"""",""quote"":""αἱ ἐν τῇ κεφαλῇ τρίχες""},{""biblio"":""Th. | 1.6"",""quote"":""αἱ ἐν τῇ κεφαλῇ τρίχες Th. 1.6""},{""biblio"":"""",""quote"":""γενείον θρίξ""},{""biblio"":""Id. | Pers. | 1056"",""quote"":""γενείον θρίξ Id. Pers. 1056""},{""biblio"":"""",""quote"":""κόμη θρίξ""},{""biblio"":""LXX | Nu. | 6.6"",""quote"":""κόμη θρίξ LXX Nu. 6.6""},{""biblio"":"""",""quote"":""οὐδ' ἂν τριχὸς πριαίμην""},{""biblio"":""Eup. | 7.18D."",""quote"":""οὐδ' ἂν τριχὸς πριαίμην Eup. 7.18D.""},{""biblio"":"""",""quote"":""ἀπὸ τ. ἠερτῆσθαι""},{""biblio"":""AP | 5.229"",""quote"":""ἀπὸ τ. ἠερτῆσθαι AP 5.229""},{""biblio"":"""",""quote"":""ἐπὶ τριχὸς ἦν ἡ σωτηρία""},{""biblio"":""Procop. | Aed. | 6.6"",""quote"":""ἐπὶ τριχὸς ἦν ἡ σωτηρία Procop. Aed. 6.6""}]","[""AP | 5.229"",""Eup. | 7.18D."",""Id. | Pers. | 1056"",""Il. | 24.359"",""J. | AJ | 16.7.3"",""LXX | Nu. | 6.6"",""Procop. | Aed. | 6.6"",""Th. | 1.6""]",{},"[{""type"":""ref"",""target"":"""",""text"":""τρύχ-""},{""type"":"""",""target"":"""",""text"":""f.l. for τρύχ-""},{""type"":""ref"",""target"":"""",""text"":""ἡ σῦριγξ""},{""type"":"""",""target"":"""",""text"":""v.l. ἡ σῦριγξ""}]",1,1,0,1,1,4,10,0,16
49174,9,1479,n49174,Θριξάλλιος,,ὁ,801,,"[""Θριξάλλιος,ὁ(sc.μήν), name of month at Lamia, IG 9(2).74 .""]",[],[],[],[],{},[],1,0,0,0,0,1,0,0,0
49175,9,1480,n49175,θρῑοβόλος,,ὁ,801,,"[""one who throws pebbles into the divining-urn, soothsayer, Epic. ap. St.Byz. s.v. Θρῖα , Suid.""]","[""one who throws pebbles into the divining-urn, soothsayer""]","[""θριαί""]",[],[],{},"[{""type"":""ref"",""target"":"""",""text"":""Θρῖα""},{""type"":"""",""target"":"""",""text"":""s.v. Θρῖα""}]",1,1,1,0,1,1,1,1,0
49176,9,1481,n49176,θρῖον,,τό,801,,"[""fig-leaf, Ar. Ec. 707 , Sotad.Com. 1.27 : generally,leaf, Nic. Al. 55 ;petal, ib. 407 ."",""prov.,θρίου ψόφος, of empty threats, Ar. V. 436 ."",""mixture of eggs, milk, lard, flour, honey, cheese, etc., wrapped in fig-leaves,θ. ταρίχους, δημοῦ, Id. Ach. 1101 , 1102 ; δημοῦ βοείου θρῖον Id. Eq. 954 ;ἐγκεφάλου θρίω δύο(a pun on the figleaf-like hemispheres of the brain) Id. Ra. 134 , cf. Sch. ll. cc. [ῑ, Ar. Eq. 954 , al., Men. 518.11 ;θρῐα , θρῐον are ff. ll. for θρύα, θρύον in Theoc. 13.40 , AP 9.723 (Antip. Sid.); cf.λεπτόθρῐος.]""]","[""fig-leaf"",""leaf"",""petal"",""mixture of eggs, milk, lard, flour, honey, cheese""]",[],"[{""biblio"":"""",""quote"":""δημοῦ βοείου θρῖον""},{""biblio"":""Id. | Eq. | 954"",""quote"":""δημοῦ βοείου θρῖον Id. Eq. 954""}]","[""Id. | Eq. | 954""]",{},[],1,1,0,1,0,3,4,0,2
49177,9,1482,n49177,θρῑπήδεστος,,,801,,"[""worm-eaten, ῥίζαι Thphr. HP 9.14.3 , cf. IG 22.1628.163 , al., 1672.306 ;κεραῖαι θριπήδεσται ib. 1628.205 , but -οι 1629.328 ."",""σφραγίδια θ. seals made of worm-eaten wood, Ar. Th. 427 , cf. Sch."",""metaph.,=διεφθαρμένη, Hyp. Fr. 82 . (Freq. corrupted to-έστατος, as in Ar. Th. l.c. (ap. Suid. ), Hyp. l.c. (v.l.), Luc. Lex. 13 (v.l.), cf. Paus.Gr. Fr. 205 , but a Sup. is never necessary exc. in Thphr. HP 3.8.5 (v.θριπώδης).)""]","[""worm-eaten"",""made of worm-eaten wood""]","[""θρίψ, ἐδήδεσμαι""]","[{""biblio"":"""",""quote"":""ῥίζαι""},{""biblio"":""Thphr. | HP | 9.14.3"",""quote"":""ῥίζαι Thphr. HP 9.14.3""},{""biblio"":"""",""quote"":""-οι""},{""biblio"":""1629.328"",""quote"":""-οι 1629.328""}]","[""1629.328"",""Thphr. | HP | 9.14.3""]",{},[],1,1,1,1,0,3,2,1,4
49178,9,1483,n49178,θρῑπό-βρωτος,,,801,,"[""θρῑπό-βρωτος,ον, (βιβρώσκω) =foreg., Philosteph. ap. Hsch. , Lyc. 508 :—a form θιπόβρωτος(dissim.) is condemned by Hsch.""]",[],"[""βιβρώσκω""]",[],[],{},[],1,0,1,0,0,1,0,1,0
49179,9,1484,n49179,θρῑπο-φάγος,,,801,,"[""eating wood-worms, Arist. HA 616b29 .""]","[""eating wood-worms""]",[],[],[],{},[],1,1,0,0,0,1,1,0,0
49180,9,1485,n49180,θρῑπώδης,,,801,,"[""full of wood-worms, in Sup. -έστατον, ξύλον Thphr. HP 3.8.5 vulg.;θριπηδέστατον cod. Urb. (v.θριπήδεστος).""]","[""full of wood-worms""]",[],"[{""biblio"":"""",""quote"":""-έστατον, ξύλον""},{""biblio"":""Thphr. | HP | 3.8.5"",""quote"":""-έστατον, ξύλον Thphr. HP 3.8.5""}]","[""Thphr. | HP | 3.8.5""]",{},[],1,1,0,1,0,1,1,0,2
49181,9,1486,n49181,θρίσκειν:,,,807,,"[""θρίσκειν: τὸν θροῦν, Hsch.""]",[],[],[],[],{},[],1,0,0,0,0,1,0,0,0
49182,9,1487,n49182,θρίσσα,,ἡ,807,,"[""a fish,=τριχίας, Anaxandr. 41.52 , Ephipp. 12.5 , Arist. HA 621b16 , PCair.Zen. 40 (iii B.C.), al., Gp. 20.7.1 :θρείσσα, BGU 816.20 (iii A.D.):θρίσσος,ὁ, is v.l. in AP 6.304 ( Phan. ).""]","[""a fish""]",[],[],[],{},[],1,1,0,0,0,1,1,0,0
49183,9,1488,n49183,θρισσ-έμπορος,,ὁ,807,,"[""dealer in θρίσσαι, PCair.Zen. 261 (iii B.C.).""]","[""dealer in""]",[],[],[],{},[],1,1,0,0,0,1,1,0,0
49184,9,1489,n49184,θρισσ-ίον,,τό,807,,"[""θρισσ-ίον,τό, Dim. of θρίσσα, POxy. 1923.9 (v/vi A.D.).""]",[],[],[],[],{},[],1,0,0,0,0,1,0,0,0
49185,9,1490,n49185,θρίσσω,,,807,,"[""θρίσσω,=τὸ κατὰ ψυχὴν ἐξίστασθαι, Ar.Byz. (?) ap. Erot. ; Ion. acc. to Greg.Cor. p.571 S.""]",[],[],[],[],{},[],1,0,0,0,0,1,0,0,0
49186,9,1491,n49186,θρίττε,,,807,,"[""θρίττε,=θρέττε, Hsch.""]",[],[],[],[],{},[],1,0,0,0,0,1,0,0,0
49187,9,1492,n49187,θρίψ,,ἡ,807,,"[""wood-worm, Thphr. HP 5.4.4 , AP 12.190 ( Strat. );ὁ θ. τὸ ξύλον(sc.λυμαίνεται) Men. l.c."",""metaph.,skinflint, miser, Hsch. (Perh. connected with τρίβω.)""]","[""wood-worm"",""skinflint, miser""]",[],[],[],{},[],1,1,0,0,0,2,2,0,0
49188,9,1493,n49188,Θριώ:,,τό,807,,"[""Θριώ: λίπος: ἑορτὴ Ἀπόλλωνος, καὶ ἡ σύντροφος αὐτοῦ, Hsch. θρόδαξ, Cypr. for θρίδαξ, Id.:— Dim. θοδράκιον,τό, Choerob. in An.Ox. 2.218 (sic cod.).""]",[],[],[],[],{},[],1,0,0,0,0,1,0,0,0
49189,9,1494,n49189,θροέω,,,807,,"[""θρο- B. 3.9 , S. Aj. 947 , (δι-) Th. 6.46 :— Med. and Pass. (v. infr.): (θρόος):— cry aloud, B. l.c., S. El. 1410 ;παρὰ νοῦν θ. Id. Ph. 1195 (lyr.);πᾶσιν to all, Id. Aj. 67 , cf. Tr. 531 ;speak, say, A. Pr. 608 (lyr.);θρόει, τίς . .; E. Or. 187 (lyr.): c. acc. cogn., θ. αὐδάν A. Ch. 829 (lyr.), E. Or. 1248 (lyr.); λόγον S. Ant. 1287 (lyr.); πολλά Id. Aj. 592 ;εὔφημα, ψευδῆ, E. IA 143 (lyr.), 1345 (troch.):— Med. , τοῦτ' ἔπος -ούμενος A. Eu. 510 (lyr.)."",""c. acc.,tell out, utter aloud, τοὐμὸν πάθος Id. Ag. 1137 (lyr.);νόμον ἄνομον ib. 1141 (lyr.), cf. 104 ; πᾶς τοῦτό γ' Ἑλλήνων θροεῖ S. OC 597 ;θάνατόν τινι θ. ib. 1425 .—Rare. exc. in Trag.; in late Prose, J. AJ 18.6.10 , 19.1.16 ."",""causal,scare, terrify, Sch. E. Hec. 180 , al.:— Pass. ,to be stirred. moved, of joy, ἡ κοιλία μου ἐθροήθη ἐπ' αὐτόν LXX Ca. 5.4 ; of fear, μὴ θροεῖσθε Ev.Matt. 24.6 , cf. 2 Ep.Thess. 2.2 .""]","[""cry aloud"",""speak, say"",""tell out, utter aloud"",""scare, terrify"",""to be stirred. moved""]","[""δι-"",""θρόος""]","[{""biblio"":"""",""quote"":""θρο-""},{""biblio"":""B. | 3.9"",""quote"":""θρο- B. 3.9""},{""biblio"":"""",""quote"":""θ. αὐδάν""},{""biblio"":""A. | Ch. | 829"",""quote"":""θ. αὐδάν A. Ch. 829""},{""biblio"":"""",""quote"":""λόγον""},{""biblio"":""S. | Ant. | 1287"",""quote"":""λόγον S. Ant. 1287""},{""biblio"":"""",""quote"":""πολλά""},{""biblio"":""Id. | Aj. | 592"",""quote"":""πολλά Id. Aj. 592""},{""biblio"":"""",""quote"":""τοῦτ' ἔπος -ούμενος""},{""biblio"":""A. | Eu. | 510"",""quote"":""τοῦτ' ἔπος -ούμενος A. Eu. 510""},{""biblio"":"""",""quote"":""τοὐμὸν πάθος""},{""biblio"":""Id. | Ag. | 1137"",""quote"":""τοὐμὸν πάθος Id. Ag. 1137""},{""biblio"":"""",""quote"":""πᾶς τοῦτό γ' Ἑλλήνων θροεῖ""},{""biblio"":""S. | OC | 597"",""quote"":""πᾶς τοῦτό γ' Ἑλλήνων θροεῖ S. OC 597""},{""biblio"":"""",""quote"":""ἡ κοιλία μου ἐθροήθη ἐπ' αὐτόν""},{""biblio"":""LXX | Ca. | 5.4"",""quote"":""ἡ κοιλία μου ἐθροήθη ἐπ' αὐτόν LXX Ca. 5.4""},{""biblio"":"""",""quote"":""μὴ θροεῖσθε""},{""biblio"":""Ev.Matt. | 24.6"",""quote"":""μὴ θροεῖσθε Ev.Matt. 24.6""}]","[""A. | Ch. | 829"",""A. | Eu. | 510"",""B. | 3.9"",""Ev.Matt. | 24.6"",""Id. | Ag. | 1137"",""Id. | Aj. | 592"",""LXX | Ca. | 5.4"",""S. | Ant. | 1287"",""S. | OC | 597""]",{},[],1,1,1,1,0,3,5,2,18
49190,9,1495,n49190,θρομβ-εῖον,,τό,807,,"[""θρομβ-εῖον, Ion. θρομβ-ήϊον,τό, Dim. of θρόμβος, Nic. Al. 295 :—also θρομβ-ίον,τό, Dsc. Alex. 25 .""]",[],[],[],[],{},[],1,0,0,0,0,1,0,0,0
49191,9,1496,n49191,θρομβο-ειδής,,,807,,"[""full of clots or lumps, Hp. Mul. 1.11 , 38 .""]","[""full of clots"",""lumps""]",[],[],[],{},[],1,1,0,0,0,1,2,0,0
49192,9,1497,n49192,θρομβό-ομαι,,,807,,"[""to become clotted, curdled, of blood, Nic. Al. 315 , Gal. 18(1).33 ; of honey, Id. 14.22 ."",""contain clots, ἢν θρομβωθέωσιν αἱ μῆτραι Hp. Mul. 2.165 ; of the breasts, Dsc. Eup. 1.128 :— Act. ,cause to coagulate, only as v.l. in Sch. Nic. Th. 709 .""]","[""to become clotted, curdled"",""contain clots"",""cause to coagulate""]",[],"[{""biblio"":"""",""quote"":""ἢν θρομβωθέωσιν αἱ μῆτραι""},{""biblio"":""Hp. | Mul. | 2.165"",""quote"":""ἢν θρομβωθέωσιν αἱ μῆτραι Hp. Mul. 2.165""}]","[""Hp. | Mul. | 2.165""]",{},[],1,1,0,1,0,2,3,0,2
49193,9,1498,n49193,θρόμβ-ος,,ὁ,807,,"[""lump, Hdt. 1.179 ;clot of blood, A. Ch. 533 , al., Pl. Criti. 120a , etc.; χολῆς Hp. Morb. 2.75 ; of milk,curd,αἰγῶν ἀπόρρους θ. Antiph. 52.8 ;θρόμβοι ἁλῶν coarse salt, Suid."",""drop, θρόμβοι αἵματος καταβαίνοντες . . Ev.Luc. 22.44 ."",""nipple, PLond. 1821.42 ."",""θ.: ὑψηλὸς τόπος, Hsch.""]","[""lump"",""clot"",""curd"",""coarse"",""drop"",""nipple,""]","[""τρέφω, τέτροφα""]","[{""biblio"":"""",""quote"":""χολῆς""},{""biblio"":""Hp. | Morb. | 2.75"",""quote"":""χολῆς Hp. Morb. 2.75""},{""biblio"":"""",""quote"":""θρόμβοι αἵματος καταβαίνοντες . .""},{""biblio"":""Ev.Luc. | 22.44"",""quote"":""θρόμβοι αἵματος καταβαίνοντες . . Ev.Luc. 22.44""}]","[""Ev.Luc. | 22.44"",""Hp. | Morb. | 2.75""]",{},[],1,1,1,1,0,4,6,1,4
49194,9,1499,n49194,θρομβ-ώδης,,,807,,"[""θρομβοειδής, οὖρα Hp. Aph. 4.69 ; ἀφροί S. Tr. 702 ; σπέρματα Arist. HA 582a31 .""]",[],[],"[{""biblio"":"""",""quote"":""θρομβοειδής, οὖρα""},{""biblio"":""Hp. | Aph. | 4.69"",""quote"":""θρομβοειδής, οὖρα Hp. Aph. 4.69""},{""biblio"":"""",""quote"":""ἀφροί""},{""biblio"":""S. | Tr. | 702"",""quote"":""ἀφροί S. Tr. 702""},{""biblio"":"""",""quote"":""σπέρματα""},{""biblio"":""Arist. | HA | 582a31"",""quote"":""σπέρματα Arist. HA 582a31""}]","[""Arist. | HA | 582a31"",""Hp. | Aph. | 4.69"",""S. | Tr. | 702""]",{},[],1,0,0,1,0,1,0,0,6
49195,9,1500,n49195,θρόμβ-ωσις,,ἡ,807,,"[""becoming curdled, αἵματος καὶ γάλακτος Dsc. 5.13 ; αἵματος Antyll. ap. Orib. 7.7.9 , cf. Gal. 8.408 , Lyd. Mens. 4.116 ."",""blocked vein, thrombosis, Cael.Aur. TP 4.40 .""]","[""becoming curdled"",""blocked vein, thrombosis""]",[],"[{""biblio"":"""",""quote"":""αἵματος καὶ γάλακτος""},{""biblio"":""Dsc. | 5.13"",""quote"":""αἵματος καὶ γάλακτος Dsc. 5.13""},{""biblio"":"""",""quote"":""αἵματος""},{""biblio"":""Antyll."",""quote"":""αἵματος Antyll.""}]","[""Antyll."",""Dsc. | 5.13""]",{},[],1,1,0,1,0,2,2,0,4
49196,9,1501,n49196,θρον-ίζομαι,,,807,,"[""to be enthroned, LXX Es. 1.2 ."",""to be initiated, consecrated,τισι PMag.Lond. 121.747 .""]","[""to be enthroned"",""to be initiated, consecrated""]",[],[],[],{},[],1,1,0,0,0,2,2,0,0
49197,9,1502,n49197,θρόν-ιον,,τό,807,,"[""part of the constellation Cassiopea, Ptol. Alm. 8.2 .""]",[],[],[],[],{},[],1,0,0,0,0,1,0,0,0
49198,9,1503,n49198,θρον-ίς,,ἡ,807,,"[""θρον-ίς,ίδος,ἡ,= foreg. 1 , Them. Or. 31.353d .""]",[],[],[],[],{},[],1,0,0,0,0,1,0,0,0
49199,9,1504,n49199,θρον-ισμός,,ὁ,807,,"[""enthronement, D.Chr. 12.33 , Man. 4.104 (pl.).""]","[""enthronement""]",[],[],[],{},[],1,1,0,0,0,1,1,0,0
49200,9,1505,n49200,θρον-ιστής,,ὁ,807,,"[""enthroner, POxy. 1380.251 (ii A.D.).""]","[""enthroner,""]",[],[],[],{},[],1,1,0,0,0,1,1,0,0
49201,9,1506,n49201,θρον-ῑτικός,,,807,,"[""throne-shaped, συνψέλιον TAM 2(1).210 (Sidyma).""]","[""throne-shaped""]",[],"[{""biblio"":"""",""quote"":""συνψέλιον""},{""biblio"":""TAM | 2(1).210"",""quote"":""συνψέλιον TAM 2(1).210""}]","[""TAM | 2(1).210""]",{},[],1,1,0,1,0,1,1,0,2
49202,9,1507,n49202,θρονίτις:,,,807,,"[""θρονίτις: πρώτιστος, Hsch.""]",[],[],[],[],{},[],1,0,0,0,0,1,0,0,0
49203,9,1508,n49203,θρόνον,,τό,807,,"[""flowers embroidered on cloth, ἐν δὲ θρόνα ποικίλ' ἔπασσε Il. 22.441 , cf. Sch. Theoc. 2.59 , and v. τρόνα ."",""herbs used as drugs and charms, Theoc. 2.59 , Nic. Th. 493 , 936 , Lyc. 674 , Aglaïas 7 ; used in sacrificial offering, UPZ 96.4 (ii B.C.).""]","[""flowers embroidered on cloth"",""herbs used as drugs and charms""]",[],"[{""biblio"":"""",""quote"":""ἐν δὲ θρόνα ποικίλ' ἔπασσε""},{""biblio"":""Il. | 22.441"",""quote"":""ἐν δὲ θρόνα ποικίλ' ἔπασσε Il. 22.441""}]","[""Il. | 22.441""]",{},"[{""type"":""ref"",""target"":"""",""text"":""τρόνα""},{""type"":"""",""target"":"""",""text"":""v. τρόνα""}]",1,1,0,1,1,2,2,0,2
49204,9,1509,n49204,θρονοποιός,,,807,,"[""making thrones or seats, Poll. 7.182 .""]","[""making thrones"",""seats""]",[],[],[],{},[],1,1,0,0,0,1,2,0,0
49205,9,1510,n49205,θρόνος,,ὁ,807,,"[""seat, chair, Od. 1.145 , Ath. 5.192e , PMasp. 6 ii 63 (vi A.D.), etc."",""throne, chair of state, θ. βασιλήϊος Hdt. 1.14 , cf. X. HG 1.5.3 , etc.; Ζηνὸς ἐπὶ θρόνον Theoc. 7.93 : metaph., Pl. R. 553c : pl., ἐν θρόνοις ἥμενοι A. Ch. 975 ; ἐκ τυραννίδος θρόνων τ' ἄϊστον ἐκβαλεῖν Id. Pr. 910 ; Διὸς θρόνοι S. Ant. 1041 , cf. Ar. Av. 1732 ;king's estate or dignity, σκῆπτρα καὶ θρόνους S. OC 425 , cf. 448 ; [ γῆς] κράτη τε καὶ θρόνους νέμω Id. OT 237 , cf. Ant. 166 , etc.; in the Prytaneum, τῷ [ἀπόλλωνι] θ. ἐξελεῖν IG 12.78 ."",""oracular seat of Apollo, E. IT 1254 , 1282 (both lyr.);μαντικοὶ θ. A. Eu. 616 , etc."",""chair of a teacher, Pl. Prt. 315c , Philostr. VS 2.2 , Lib. Ep. 819 , AP 9.174 ( Pall. )."",""judge's bench, Plu. 2.807b , Him. Ecl. 10.9 , 13.16 ."",""Astrol.,=ὕψωμα,PMich.in Class.Phil. 22.22 (pl.)."",""favourable combination of planetary positions, Ptol. Tetr. 51 ."",""a kind of bread, Neanth. 1 J."",""name of a lozenge, Paul.Aeg. 3.42 , 7.12 .""]","[""seat, chair"",""throne, chair of state"",""king's estate"",""dignity"",""oracular seat"",""chair of a teacher"",""judge's bench"",""favourable combination of planetary positions"",""bread""]",[],"[{""biblio"":"""",""quote"":""θ. βασιλήϊος""},{""biblio"":""Hdt. | 1.14"",""quote"":""θ. βασιλήϊος Hdt. 1.14""},{""biblio"":"""",""quote"":""Ζηνὸς ἐπὶ θρόνον""},{""biblio"":""Theoc. | 7.93"",""quote"":""Ζηνὸς ἐπὶ θρόνον Theoc. 7.93""},{""biblio"":"""",""quote"":""ἐν θρόνοις ἥμενοι""},{""biblio"":""A. | Ch. | 975"",""quote"":""ἐν θρόνοις ἥμενοι A. Ch. 975""},{""biblio"":"""",""quote"":""ἐκ τυραννίδος θρόνων τ' ἄϊστον ἐκβαλεῖν""},{""biblio"":""Id. | Pr. | 910"",""quote"":""ἐκ τυραννίδος θρόνων τ' ἄϊστον ἐκβαλεῖν Id. Pr. 910""},{""biblio"":"""",""quote"":""Διὸς θρόνοι""},{""biblio"":""S. | Ant. | 1041"",""quote"":""Διὸς θρόνοι S. Ant. 1041""},{""biblio"":"""",""quote"":""σκῆπτρα καὶ θρόνους""},{""biblio"":""S. | OC | 425"",""quote"":""σκῆπτρα καὶ θρόνους S. OC 425""},{""biblio"":"""",""quote"":""γῆς] κράτη τε καὶ θρόνους νέμω""},{""biblio"":""Id. | OT | 237"",""quote"":""γῆς] κράτη τε καὶ θρόνους νέμω Id. OT 237""},{""biblio"":"""",""quote"":""τῷ [ἀπόλλωνι] θ. ἐξελεῖν""},{""biblio"":""IG | 12.78"",""quote"":""τῷ [ἀπόλλωνι] θ. ἐξελεῖν IG 12.78""}]","[""A. | Ch. | 975"",""Hdt. | 1.14"",""IG | 12.78"",""Id. | OT | 237"",""Id. | Pr. | 910"",""S. | Ant. | 1041"",""S. | OC | 425"",""Theoc. | 7.93""]",{},[],1,1,0,1,0,9,9,0,16
49206,9,1511,n49206,θρόνωσις,,ἡ,807,,"[""enthronement of the newly initiated, at the mysteries of the Corybantes, Pl. Euthd. 277d .""]","[""enthronement of the newly initiated""]",[],[],[],{},[],1,1,0,0,0,1,1,0,0
49207,9,1512,n49207,θρόος,,ὁ,807,,"[""noise as of many voices,οὐ γὰρ πάντων ἦεν ὁμὸς θ. Il. 4.437 ; poet. of musical sounds, πολύφατος θ. ὕμνων Pi. N. 7.81 ;θ. αὐλῶν Epic. ap. Plu. 2.654f ."",""murmur of a crowd or assembly, Th. 4.66 , 8.79 , D.H. 6.57 , etc."",""report, rumour, X. Cyr. 6.1.37 , Plu. Galb. 26 , D.C. 44.18 .""]","[""noise"",""murmur"",""report, rumour""]","[""θρέομαι""]","[{""biblio"":"""",""quote"":""πολύφατος θ. ὕμνων""},{""biblio"":""Pi. | N. | 7.81"",""quote"":""πολύφατος θ. ὕμνων Pi. N. 7.81""}]","[""Pi. | N. | 7.81""]",{},[],1,1,1,1,0,3,3,1,2
49208,9,1513,n49208,θροσέως,,,807,,"[""v. θρασύς .""]",[],[],[],[],{},"[{""type"":""ref"",""target"":"""",""text"":""θρασύς""},{""type"":"""",""target"":"""",""text"":""v. θρασύς""}]",1,0,0,0,1,1,0,0,0
49209,9,1514,n49209,θρῠαλλ-ίδιον,,τό,807,,"[""θρῠαλλ-ίδιον,τό, Dim. of sq., Luc. Tim. 14 .""]",[],[],[],[],{},[],1,0,0,0,0,1,0,0,0
49210,9,1515,n49210,θρῠαλλ-ίς,,ἡ,807,,"[""plantain, Plantago crassifolia, used for making wicks, Thphr. HP 7.11.2 , Nic. Th. 899 , BGU 1118.15 (i B.C.)."",""wick, Ar. Ach. 874 ,al., Philyll. 26 ."",""κηρίνη θ. wax-candle, Archipp. 3D."",""= φλόμος , Ps.- Dsc. 4.103 , Plin. HN 25.121 .""]","[""plantain, Plantago crassifolia"",""wick"",""candle""]",[],[],[],{},"[{""type"":""ref"",""target"":"""",""text"":""φλόμος""},{""type"":"""",""target"":"""",""text"":""= φλόμος""}]",1,1,0,0,1,4,3,0,0
49211,9,1516,n49211,θρύαλλον,,τό,807,,"[""shower of smuts from a distant bonfire, Vett.Val. 345.22 .""]","[""shower of smuts""]",[],[],[],{},[],1,1,0,0,0,1,1,0,0
49212,9,1517,n49212,θρυαρίς:,,,807,,"[""θρυαρίς: ψιασθής, Hsch. θρυασμός: φωνή, Id. (fort.θρυλισμός).""]",[],[],[],[],{},[],1,0,0,0,0,1,0,0,0
49213,9,1518,n49213,θρύβω,,,807,,"[""θρύβω, late form,=θρύπτω, Mich. in PN 14.16 .""]",[],[],[],[],{},[],1,0,0,0,0,1,0,0,0
49214,9,1519,n49214,θρῡγονάω,,,807,,"[""tap at, τὴν θύραν Ar. Ec. 34 (v.l.τρυγον-, τρυγαν-); perh. to be read in Pherecr. 10 : cf.θρυγανᾶ: κνᾶται, ξύει, Hsch. ,θρυγονᾶν τὸ ξύειν Theognost. Can. 20 .""]","[""tap at""]",[],"[{""biblio"":"""",""quote"":""τὴν θύραν""},{""biblio"":""Ar. | Ec. | 34"",""quote"":""τὴν θύραν Ar. Ec. 34""},{""biblio"":"""",""quote"":""τὸ ξύειν""},{""biblio"":""Theognost. | Can. | 20"",""quote"":""τὸ ξύειν Theognost. Can. 20""}]","[""Ar. | Ec. | 34"",""Theognost. | Can. | 20""]",{},[],1,1,0,1,0,1,1,0,4
49215,9,1520,n49215,θρύ-ϊνος,,,807,,"[""rushy, Anon. ap. Suid. , dub. in PFlor. 383.28 (iii A.D.).""]","[""rushy""]","[""θρύον""]",[],[],{},[],1,1,1,0,0,1,1,1,0
49216,9,1521,n49216,θρυ-ῖτις,,ἡ,807,,"[""planted with rush, γῆ PFlor. 64.22 (iv A.D.), etc.""]","[""planted with rush""]",[],"[{""biblio"":"""",""quote"":""γῆ""},{""biblio"":""PFlor. | 64.22"",""quote"":""γῆ PFlor. 64.22""}]","[""PFlor. | 64.22""]",{},[],1,1,0,1,0,1,1,0,2
49217,9,1522,n49217,θρῡλ-έω,,,807,,"[""make a confused noise, chatter, babble, τὴν νύκτα θρυλῶν καὶ λαλῶν Ar. Eq. 348 ;θρυλέοιμι trisyll., Theoc. 2.142 ."",""c. acc.,repeat over and over, θρυλοῦς' ἅ γ' εἰπεῖν ἤθελον E. El. 910 ; τὰ τοιαῦτα οἱ ποιηταὶ ἡμῖν ἀεὶ -οῦσιν, ὅτι . . Pl. Phd. 65b ; τὰ μυθώδη . . , ὰ̀ πάντες -οῦσιν Isoc. 12.237 ; ὃ πάντες ἐθρύλουν τέως, δεῖν . . D. 1.7 , cf. 19.156 ; [τὴν τριήρη] θρυλήσει will keep talking of it, Id. 21.160 : abs., καθάπερ πάλαι θρυλῶ Epicur. Nat. 109 G.;περὶ ἀγαθοῦ θ. Id. Fr. 423 : c.inf., PSI 5.452.20 (iv A.D.):— Pass. ,to be common talk,τὸ -ούμενον, τὸ . . πανταχοῦ θ. E. Fr. 285.1 , cf. Isoc. Ep. 6.7 , Theopomp.Com. 35 , Antiph. 246.2 ; τὸ θ. ποτε ἀπόρρητον D. 2.6 ; ἡ ὑπὸ πάντων θρυλουμένη εἰρήνη Id. 19.273 ;τὰ μὲν παλαιὰ καὶ θ. Anaxipp. 1.4 ; περὶ τεθρυλημένου πολλοῖς Arist. Rh. 1415a3 ;αἱ τεθρ. καὶ κοιναὶ γνῶμαι ib. 1395a10 ; τὰ θ. περὶ τὸν βάτραχον Id. HA 620b11 ;τινῶν λόγων ὑπὸ τῆς μητρός μου θρυλησθέντων(sic) UPZ 144.45 (ii B.C.).""]","[""make a confused noise, chatter, babble"",""repeat over and over"",""will keep talking of"",""to be common talk""]","[""θρῦλος""]","[{""biblio"":"""",""quote"":""τὴν νύκτα θρυλῶν καὶ λαλῶν""},{""biblio"":""Ar. | Eq. | 348"",""quote"":""τὴν νύκτα θρυλῶν καὶ λαλῶν Ar. Eq. 348""},{""biblio"":"""",""quote"":""θρυλοῦς' ἅ γ' εἰπεῖν ἤθελον""},{""biblio"":""E. | El. | 910"",""quote"":""θρυλοῦς' ἅ γ' εἰπεῖν ἤθελον E. El. 910""},{""biblio"":"""",""quote"":""τὰ τοιαῦτα οἱ ποιηταὶ ἡμῖν ἀεὶ -οῦσιν, ὅτι . .""},{""biblio"":""Pl. | Phd. | 65b"",""quote"":""τὰ τοιαῦτα οἱ ποιηταὶ ἡμῖν ἀεὶ -οῦσιν, ὅτι . . Pl. Phd. 65b""},{""biblio"":"""",""quote"":""τὰ μυθώδη . . , ὰ̀ πάντες -οῦσιν""},{""biblio"":""Isoc. | 12.237"",""quote"":""τὰ μυθώδη . . , ὰ̀ πάντες -οῦσιν Isoc. 12.237""},{""biblio"":"""",""quote"":""ὃ πάντες ἐθρύλουν τέως, δεῖν . .""},{""biblio"":""D. | 1.7"",""quote"":""ὃ πάντες ἐθρύλουν τέως, δεῖν . . D. 1.7""},{""biblio"":"""",""quote"":""καθάπερ πάλαι θρυλῶ""},{""biblio"":""Epicur. | Nat. | 109"",""quote"":""καθάπερ πάλαι θρυλῶ Epicur. Nat. 109""},{""biblio"":"""",""quote"":""τὸ θ. ποτε ἀπόρρητον""},{""biblio"":""D. | 2.6"",""quote"":""τὸ θ. ποτε ἀπόρρητον D. 2.6""},{""biblio"":"""",""quote"":""ἡ ὑπὸ πάντων θρυλουμένη εἰρήνη""},{""biblio"":""Id. | 19.273"",""quote"":""ἡ ὑπὸ πάντων θρυλουμένη εἰρήνη Id. 19.273""},{""biblio"":"""",""quote"":""περὶ τεθρυλημένου πολλοῖς""},{""biblio"":""Arist. | Rh. | 1415a3"",""quote"":""περὶ τεθρυλημένου πολλοῖς Arist. Rh. 1415a3""},{""biblio"":"""",""quote"":""τὰ θ. περὶ τὸν βάτραχον""},{""biblio"":""Id. | HA | 620b11"",""quote"":""τὰ θ. περὶ τὸν βάτραχον Id. HA 620b11""}]","[""Ar. | Eq. | 348"",""Arist. | Rh. | 1415a3"",""D. | 1.7"",""D. | 2.6"",""E. | El. | 910"",""Epicur. | Nat. | 109"",""Id. | 19.273"",""Id. | HA | 620b11"",""Isoc. | 12.237"",""Pl. | Phd. | 65b""]",{},[],1,1,1,1,0,2,4,1,20
49218,9,1523,n49218,θρῡ́λ-ημα,,τό,807,,"[""common talk, by-word, LXX Jb. 17.6 .""]","[""common talk, by-word""]",[],[],[],{},[],1,1,0,0,0,1,1,0,0
49219,9,1524,n49219,θρῡλ-ητής,,ὁ,807,,"[""babbler, Gloss.""]","[""babbler,""]",[],[],[],{},[],1,1,0,0,0,1,1,0,0
49220,9,1525,n49220,θρῡλ-ητός,,,807,,"[""generally talked of, Tz. H. 12.36 .""]","[""generally talked of""]",[],[],[],{},[],1,1,0,0,0,1,1,0,0
49221,9,1526,n49221,θρύλ-ιγμα,,τό,807,,"[""fragment, Lyc. 880 .""]","[""fragment""]",[],[],[],{},[],1,1,0,0,0,1,1,0,0
49222,9,1527,n49222,θρυλ-ιγμός,,ὁ,807,,"[""unmusical sound, false note, D.H. Comp. 11 ; ὅταν αὐλητὴς μὴ πιέσας τὸ στόμα θρυλισμὸν ἢ ἐκμελές τι αὐλήσῃ Porph. in Harm. p.204 W.""]","[""unmusical sound, false note""]",[],"[{""biblio"":"""",""quote"":""ὅταν αὐλητὴς μὴ πιέσας τὸ στόμα θρυλισμὸν ἢ ἐκμελές τι αὐλήσῃ""},{""biblio"":""Porph. | in Harm. | p.204"",""quote"":""ὅταν αὐλητὴς μὴ πιέσας τὸ στόμα θρυλισμὸν ἢ ἐκμελές τι αὐλήσῃ Porph. in Harm. p.204""}]","[""Porph. | in Harm. | p.204""]",{},[],1,1,0,1,0,1,1,0,2
49223,9,1528,n49223,θρυλ-ίζω,,,807,,"[""make a false note, h.Merc. 488 (θρυαλ-codd.).""]","[""make a false note,""]",[],[],[],{},[],1,1,0,0,0,1,1,0,0
49224,9,1529,n49224,θρῡλίσσω,,,807,,"[""crush, shiver, smash, θρυλίξας Lyc. 487 :— Pass. , θρυλίχθη δὲ μέτωπον Il. 23.396 .""]","[""crush, shiver, smash""]",[],"[{""biblio"":"""",""quote"":""θρυλίξας""},{""biblio"":""Lyc. | 487"",""quote"":""θρυλίξας Lyc. 487""},{""biblio"":"""",""quote"":""θρυλίχθη δὲ μέτωπον""},{""biblio"":""Il. | 23.396"",""quote"":""θρυλίχθη δὲ μέτωπον Il. 23.396""}]","[""Il. | 23.396"",""Lyc. | 487""]",{},[],1,1,0,1,0,1,1,0,4
49225,9,1530,n49225,θρῦλος,,ὁ,807,,"[""noise as of many voices, murmur, Batr. 135 , Orph. Fr. 286 (pl.,= Cat.Cod.Astr. 2.199 ), Demetr.Lac. Herc. 1786.1 F., Anon. ap. Suid. —This word and its cognates are written with one λ in Papyri and best codd. (cf. Eust. 1307.42 ), with λλ(as Batr.l.c.) in inferior codd., also in PLips. 40 ii 10 (iv A.D.).""]","[""noise as of many voices, murmur""]",[],[],[],{},[],1,1,0,0,0,1,1,0,0
49226,9,1531,n49226,θρυμίς:,,,807,,"[""θρυμίς: ἰχθὺς ποιός, Hsch.""]",[],[],[],[],{},[],1,0,0,0,0,1,0,0,0
49227,9,1532,n49227,θρύμμα,,τό,807,,"[""that which is broken off, bit, Hp. Mul. 1.75 , Ar. Fr. 160 , Aglaïas 20 , Gal. 6.343 ; ῥοιῆς θρύμματα AP 6.232 ( Crin. ).""]","[""that which is broken off, bit""]","[""θρύπτω""]","[{""biblio"":"""",""quote"":""ῥοιῆς θρύμματα""},{""biblio"":""AP | 6.232"",""quote"":""ῥοιῆς θρύμματα AP 6.232""}]","[""AP | 6.232""]",{},[],1,1,1,1,0,1,1,1,2
49228,9,1533,n49228,θρυμμᾰτίς,,ἡ,807,,"[""a sort of cake, Antiph. 183.4 , Philox. 2.18 , Luc. Lex. 6 .""]","[""a sort of cake""]",[],[],[],{},[],1,1,0,0,0,1,1,0,0
49229,9,1534,n49229,θρυμνεύεται,,,807,,"[""θρύπτω 11.2 .""]",[],[],"[{""biblio"":"""",""quote"":""θρύπτω""},{""biblio"":""11.2"",""quote"":""θρύπτω 11.2""}]","[""11.2""]",{},[],1,0,0,1,0,1,0,0,2
49230,9,1535,n49230,θρῠό-εις,,,807,,"[""rushy, Nic. Th. 200 .""]","[""rushy""]",[],[],[],{},[],1,1,0,0,0,1,1,0,0
49231,9,1536,n49231,θρῠο-κάλᾰμος,,ὁ,807,,"[""θρύον 1 , BGU 890 i 20 .""]",[],[],"[{""biblio"":"""",""quote"":""θρύον""},{""biblio"":""1"",""quote"":""θρύον 1""}]","[""1""]",{},[],1,0,0,1,0,1,0,0,2
49232,9,1537,n49232,θρῠο-κοπέω,,,807,,"[""cut rushes, PLond. 1.131.80 (i A.D.), POxy. 910.40 (ii A.D., Pass. ).""]","[""cut rushes,""]",[],[],[],{},[],1,1,0,0,0,1,1,0,0
49233,9,1538,n49233,θρῠο-κοπία,,ἡ,807,,"[""cutting of rushes, PLond. 3.1171.58 (i B.C.), POxy. 1628.18 (i B.C.).""]","[""cutting of rushes,""]",[],[],[],{},[],1,1,0,0,0,1,1,0,0
49234,9,1539,n49234,θρύον,,τό,807,,"[""reed, rush, Il. 21.351 , Hp. Steril. 246 , Thphr. HP 4.11.12 , Arist. Mir. 844a27 : in sg. collectively, ἔπλεκεν Call. Aet. 3.1.24 , cf. D.S. 3.10 , Theoc. 13.40 (pl.), AP 9.723 (Antip. Sid.); [γῆν] καθαρὰν ἀπὸ θρύου(Pap.θροίου) PTeb. 105.26 (ii B.C.), POxy. 910.41 (ii A.D.): pl. written θροία UPZ 98.12 (ii B.C.)."",""= στρύχνον μανικόν ,thornapple, Datura Stramonium, Orph. A. 916 , Thphr. HP 9.11.6 (θρύορον, βρύορον codd.), Dsc. 4.73 .""]","[""reed, rush"",""thornapple, Datura Stramonium""]",[],"[{""biblio"":"""",""quote"":""ἔπλεκεν""},{""biblio"":""Call. | Aet. | 3.1.24"",""quote"":""ἔπλεκεν Call. Aet. 3.1.24""},{""biblio"":"""",""quote"":""θροία""},{""biblio"":""UPZ | 98.12"",""quote"":""θροία UPZ 98.12""}]","[""Call. | Aet. | 3.1.24"",""UPZ | 98.12""]",{},"[{""type"":""ref"",""target"":"""",""text"":""στρύχνον μανικόν""},{""type"":"""",""target"":"""",""text"":""= στρύχνον μανικόν""}]",1,1,0,1,1,2,2,0,4
49235,9,1540,n49235,θρῠο-πώλης,,ὁ,807,,"[""rush-seller, PLond. 1.125.39 (iv A.D.).""]","[""rush-seller,""]",[],[],[],{},[],1,1,0,0,0,1,1,0,0
49236,9,1541,n49236,θρῠο-πώλιον,,τό,807,,"[""rush-seller's shop, UPZ 12.13 (ii B.C.).""]","[""rush-seller's shop""]",[],[],[],{},[],1,1,0,0,0,1,1,0,0
49237,9,1542,n49237,θρῠο-τίλλω,,,807,,"[""pluck rushes, PLond. 1.131.80 (i A.D., an incorrect formation).""]","[""pluck rushes,""]",[],[],[],{},[],1,1,0,0,0,1,1,0,0
49238,9,1543,n49238,θρύπτακον:,,,807,,"[""θρύπτακον: κλάσμα ἄρτου(Cret.), Hsch.""]",[],[],[],[],{},[],1,0,0,0,0,1,0,0,0
49239,9,1544,n49239,θρυπτέον,,,807,,"[""one must crumble, Aët. 9.12 (s.v.l.).""]","[""one must crumble""]",[],[],[],{},[],1,1,0,0,0,1,1,0,0
49240,9,1545,n49240,θρυπτικός,Adv.,,807,,"[""able to break or crush, λίθων Dsc. 1.121 , cf. Gal. 8.409 ."",""Pass. ,easily broken: metaph.,delicate, effeminate, X. Cyr. 8.8.15 ( Comp. ), Mem. 1.2.5 ;σώματα cj. in Max.Tyr. 10.2 ; θ. τι προσφθέγγεσθαι D.C. 51.12 .Adv. -κῶς Ael. NA 2.11 , Poll. 6.185 ."",""saucy, πρὸς τοὺς ἐραστάς Ael. VH 3.12 .""]","[""able to break"",""crush"",""easily broken"",""delicate, effeminate"",""saucy""]",[],"[{""biblio"":"""",""quote"":""λίθων""},{""biblio"":""Dsc. | 1.121"",""quote"":""λίθων Dsc. 1.121""},{""biblio"":"""",""quote"":""θ. τι προσφθέγγεσθαι""},{""biblio"":""D.C. | 51.12"",""quote"":""θ. τι προσφθέγγεσθαι D.C. 51.12""},{""biblio"":"""",""quote"":""-κῶς""},{""biblio"":""Ael. | NA | 2.11"",""quote"":""-κῶς Ael. NA 2.11""},{""biblio"":"""",""quote"":""πρὸς τοὺς ἐραστάς""},{""biblio"":""Ael. | VH | 3.12"",""quote"":""πρὸς τοὺς ἐραστάς Ael. VH 3.12""}]","[""Ael. | NA | 2.11"",""Ael. | VH | 3.12"",""D.C. | 51.12"",""Dsc. | 1.121""]",{},[],1,1,0,1,0,3,5,0,8
49241,9,1546,n49241,θρύπτω,,,807,808,"[""θρυφθήσομαι Arr. An. 4.19.2 ; θρύψομαι Ar. (v. infr. 11.2c ), Luc. Symp. 4 :aor. 1 ἐθρύφθην Arist. de An. 419b26 , (ὑπ-) dub. in AP 5.293.15 ( Agath. ):aor. 2 ἐτρύφην[ῠ] (δι-) Il. 3.363 , ἐθρύβην Dsc. 5.123 :pf. τέθρυμμαι Hp. Vict. 2.48 : (akin to θραύω):—break in pieces, break small, Pl. Cra. 426e , A. Ag. 1595 ;Νεῖλος βώλακα θ. Theoc. 17.80 :— Pass. ,to be broken small, θρύπτεσθαι κερματιζόμενον ἀνάγκη πᾶν τὸ ὄν Pl. Prm. 165b , cf. AP 12.61 ;χιόνος τὰ μάλιστα θρυφθησόμενα Arr.l.c.; of dried leguminous seeds,split, Thphr. HP 8.11.3 , cf. Sens. 51 ; of air,to be dispersed, Arist. de An. l.c., Theo Sm. p.50 H.: the literal sense is more common in compds.ἀπο-, διαθρύπτω, etc."",""metaph. in moral sense,enfeeble, esp. by debauchery and luxury, θ. τὰν ψυχάν Ti.Locr. 103b ;corrupt, [τινα] Pl. Lg. 778a , Phld. Mus. p.79K. ; θ. τὰς ψυχὰς καὶ τὰ σώματα Jul. Or. 1.10c ; [ οἱ κόλακες] ἀποκναίουσι τῶν κολακευομένων τὰ ὦτα θρύπτοντες Ph. 1.453 ;θ. ἑαυτόν,=θρύπτεσθαι(v. infr.), Ael. Ep. 9 ."",""more freq. in Pass. , with fut. Med. ,to be enervated, unmanned, μαλακίᾳ θρύπτεσθαι X. Smp. 8.8 ; ἁπαλός τε καὶ τεθρυμμένος Luc. Charid. 4 ;θρύπτεται ἡ ὄψις is enfeebled, Plu. 2.936f ;οἱ τεθρυμμένοι τὰς ὄψεις weak-sighted people, A.D. Synt. 199.5 ."",""wanton, riot,ὅλην ἐκείνην εὐφρόνην ἐθρύπτετο f.l. in[ S. ] Fr. 1127.9 , cf. Luc. Pisc. 31 , Anach. 29 ;display moral weakness, POxy. 471.80 (ii A.D.);ἡδοναῖς ἀνάνδροις θ. Plu. 2.751b ; ἐπὶ τῷ κάλλει Phld. Hom. p.55 O.;ὄμμα θρυπτόμενον a languishing eye, AP 5.286.8 ( Agath. )."",""to be coy and prudish, bridle up, esp. when asked a favour, θρύψομαι Ar. Eq. 1163 ; ὡρᾳζομένη καὶ θρυπτομένη Eup. 358 ;ἁβρὰ καὶ θ. Charito 5.3 ; ἐθρύπτετο ὡς οὐκ ἐπιθυμῶν λέγειν Pl. Phdr. 228c , cf. 236c , X. Smp. 8.4 ; or when one pretends to decline an offer, Plu. Mar. 14 , Ant. 12 ;θρύπτεσθαι πρός τινα give oneself airs to ward him, Id.Flam. 18 , Luc. DMeretr. 12.1 ."",""grow conceited,τινι in or of a thing, AP 7.218.2 (Antip. Sid.); ἐσθῆτι πολυτελεῖ Ael. VH 1.19 , etc.;brag, Hld. 2.10 .""]","[""break in pieces, break small"",""to be broken small"",""split"",""to be dispersed"",""enfeeble"",""corrupt"",""to be enervated, unmanned"",""is enfeebled"",""weak"",""wanton, riot"",""display moral weakness,"",""languishing"",""to be coy and prudish, bridle up"",""pretends to decline"",""give oneself airs"",""grow conceited"",""in"",""of"",""brag""]","[""ἐν-"",""ὑπ-"",""δι-""]","[{""biblio"":"""",""quote"":""θρυφθήσομαι""},{""biblio"":""Arr. | An. | 4.19.2"",""quote"":""θρυφθήσομαι Arr. An. 4.19.2""},{""biblio"":"""",""quote"":""θρύψομαι""},{""biblio"":""Ar."",""quote"":""θρύψομαι Ar.""},{""biblio"":"""",""quote"":""ἐθρύφθην""},{""biblio"":""Arist. | de An. | 419b26"",""quote"":""ἐθρύφθην Arist. de An. 419b26""},{""biblio"":"""",""quote"":""ἐθρύβην""},{""biblio"":""Dsc. | 5.123"",""quote"":""ἐθρύβην Dsc. 5.123""},{""biblio"":"""",""quote"":""τέθρυμμαι""},{""biblio"":""Hp. | Vict. | 2.48"",""quote"":""τέθρυμμαι Hp. Vict. 2.48""},{""biblio"":"""",""quote"":""θρύπτεσθαι κερματιζόμενον ἀνάγκη πᾶν τὸ ὄν""},{""biblio"":""Pl. | Prm. | 165b"",""quote"":""θρύπτεσθαι κερματιζόμενον ἀνάγκη πᾶν τὸ ὄν Pl. Prm. 165b""},{""biblio"":"""",""quote"":""θ. τὰν ψυχάν""},{""biblio"":""Ti.Locr. | 103b"",""quote"":""θ. τὰν ψυχάν Ti.Locr. 103b""},{""biblio"":"""",""quote"":""θ. τὰς ψυχὰς καὶ τὰ σώματα""},{""biblio"":""Jul. | Or. | 1.10c"",""quote"":""θ. τὰς ψυχὰς καὶ τὰ σώματα Jul. Or. 1.10c""},{""biblio"":"""",""quote"":""οἱ κόλακες] ἀποκναίουσι τῶν κολακευομένων τὰ ὦτα θρύπτοντες""},{""biblio"":""Ph. | 1.453"",""quote"":""οἱ κόλακες] ἀποκναίουσι τῶν κολακευομένων τὰ ὦτα θρύπτοντες Ph. 1.453""},{""biblio"":"""",""quote"":""μαλακίᾳ θρύπτεσθαι""},{""biblio"":""X. | Smp. | 8.8"",""quote"":""μαλακίᾳ θρύπτεσθαι X. Smp. 8.8""},{""biblio"":"""",""quote"":""ἁπαλός τε καὶ τεθρυμμένος""},{""biblio"":""Luc. | Charid. | 4"",""quote"":""ἁπαλός τε καὶ τεθρυμμένος Luc. Charid. 4""},{""biblio"":"""",""quote"":""ἐπὶ τῷ κάλλει""},{""biblio"":""Phld. | Hom. | p.55"",""quote"":""ἐπὶ τῷ κάλλει Phld. Hom. p.55""},{""biblio"":"""",""quote"":""θρύψομαι""},{""biblio"":""Ar. | Eq. | 1163"",""quote"":""θρύψομαι Ar. Eq. 1163""},{""biblio"":"""",""quote"":""ὡρᾳζομένη καὶ θρυπτομένη""},{""biblio"":""Eup. | 358"",""quote"":""ὡρᾳζομένη καὶ θρυπτομένη Eup. 358""},{""biblio"":"""",""quote"":""ἐθρύπτετο ὡς οὐκ ἐπιθυμῶν λέγειν""},{""biblio"":""Pl. | Phdr. | 228c"",""quote"":""ἐθρύπτετο ὡς οὐκ ἐπιθυμῶν λέγειν Pl. Phdr. 228c""},{""biblio"":"""",""quote"":""ἐσθῆτι πολυτελεῖ""},{""biblio"":""Ael. | VH | 1.19"",""quote"":""ἐσθῆτι πολυτελεῖ Ael. VH 1.19""}]","[""Ael. | VH | 1.19"",""Ar."",""Ar. | Eq. | 1163"",""Arist. | de An. | 419b26"",""Arr. | An. | 4.19.2"",""Dsc. | 5.123"",""Eup. | 358"",""Hp. | Vict. | 2.48"",""Jul. | Or. | 1.10c"",""Luc. | Charid. | 4"",""Ph. | 1.453"",""Phld. | Hom. | p.55"",""Pl. | Phdr. | 228c"",""Pl. | Prm. | 165b"",""Ti.Locr. | 103b"",""X. | Smp. | 8.8""]",{},[],1,1,1,1,0,6,19,3,32
49242,9,1547,n49242,θρυσέλινον,,τό,807,,"[""θρυσέλινον,τό, an umbelliferous plant, Plin. HN 25.141 .""]",[],[],[],[],{},[],1,0,0,0,0,1,0,0,0
49243,9,1548,n49243,θρύσιος,,ὁ,807,,"[""θρύσιος,ὁ,=θρύον, EM 456.31 :—written θρύσις, Sch.D Il. 21.351 .θρύσκα,τά, glossed by ἄγρια λάχανα, Hsch.""]",[],[],[],[],{},[],1,0,0,0,0,1,0,0,0
49244,9,1549,n49244,θρύψις,,ἡ,807,,"[""breaking in small pieces,οὔτε . . εἴη ἂν ἄπειρος ἡ θ. Arist. GC 316b30 ;dispersion, ἡ θ. τοῦ ἀέρος Id. de An. 419b23 ; coupled with διάλυσις, Chrysipp.Stoic. 2.173 ."",""softness, weakness, σώματος Plu. Dem. 4 : esp. metaph.,debauchery, X. Cyr. 8.8.16 , Plu. Lyc. 14 : pl., Id. 2.732e ."",""daintiness,κόμης ib. 693b ;θ. (cj. for τρίψις) ἐπικρατίδων Hp. Praec. 10 .""]","[""breaking in small pieces"",""dispersion"",""softness, weakness"",""debauchery"",""daintiness""]",[],"[{""biblio"":"""",""quote"":""ἡ θ. τοῦ ἀέρος""},{""biblio"":""Id. | de An. | 419b23"",""quote"":""ἡ θ. τοῦ ἀέρος Id. de An. 419b23""},{""biblio"":"""",""quote"":""σώματος""},{""biblio"":""Plu. | Dem. | 4"",""quote"":""σώματος Plu. Dem. 4""},{""biblio"":"""",""quote"":""ἐπικρατίδων""},{""biblio"":""Hp. | Praec. | 10"",""quote"":""ἐπικρατίδων Hp. Praec. 10""}]","[""Hp. | Praec. | 10"",""Id. | de An. | 419b23"",""Plu. | Dem. | 4""]",{},[],1,1,0,1,0,3,5,0,6
49245,9,1550,n49245,θρύψιχος,,,807,,"[""= θρυπτικός , Theognost. Can. 20 , Hsch.""]",[],[],[],[],{},"[{""type"":""ref"",""target"":"""",""text"":""θρυπτικός""},{""type"":"""",""target"":"""",""text"":""= θρυπτικός""}]",1,0,0,0,1,1,0,0,0
49246,9,1551,n49246,θρυψίχρως,,ὁ,807,,"[""of delicate skin, Hsch.""]","[""of delicate skin""]",[],[],[],{},[],1,1,0,0,0,1,1,0,0
49247,9,1552,n49247,θρῠώδης,,,807,,"[""full of rushes, rushy, Str. 8.3.24 , Sch. Il. 11.155 .""]","[""full of rushes, rushy""]","[""θρύον""]",[],[],{},[],1,1,1,0,0,1,1,1,0
49248,9,1553,n49248,θρῶναξ,,ὁ,807,,"[""θρῶναξ,ακος,ὁ, Lacon. for κηφήν, Hsch. θρώπτει: σκώπτει, Id""]",[],[],[],[],{},[],1,0,0,0,0,1,0,0,0
49249,9,1554,n49249,θρῶσις,,ἡ,807,,"[""cord, line, Theognost. Can. 20 , Hsch.""]","[""cord, line""]",[],[],[],{},[],1,1,0,0,0,1,1,0,0
49250,9,1555,n49250,θρῴσκω,,,807,,"[""θρώσκω Did. ap. Hdn.Gr. 2.522 ), Il. 13.589 , A. Ch. 846 , Eu. 660 : Ep. impf. θρῷσκον Il. 15.314 :fut. θοροῦμαι, Ion. 3 pl. θορέονται(ὑπερ-) 8.179 , cf. A. Supp. 873 (lyr.):aor. ἔθορον(ἐκ-) Il. 7.182 , etc., Ep. θόρον Il. (v. infr. 2 ), Hes. Sc. 321 ,subj. θόρω Od. 22.303 ;inf. θορεῖν(ἀνα-) X. Lac. 2.3 , Ion. θορέειν(ὑπερ-) Il. 12.53 ; later ἔθρωξα(ἀν-) Opp. H. 3.293 :pf. part.fem.τεθορυίης prob. in Antim. 65 : (cf.θορός: for the form cf.βλώσκω):—poet. Verb,leap, spring, χαμᾶζε θορών Il. 10.528 ; ἐκ δίφροιο 8.320 ; ἀπὸ λέκτροιο Od. 23.32 ; ἰχθὺς θρῴσκων κατὰ κῦμα Il. 21.126 ; of arrows, ἀπὸ νευρῆφι δ' ὀϊστοὶ θρῷσκον 15.314 , cf. 470 , 16.773 ; of beans tossed from the winnowing shovel, ἀπὸ πτυόφιν θρῴσκωσιν κύαμοι 13.589 ; of the oar, S. OC 718 (lyr.)."",""folld. by Prep.,leap upon, assault, ἐπὶ Τρώεσσι θόρον Il. 8.252 , cf. 15.380 ; εἴς τινα A.R. 1.1296 ; πλησίον τινός E. Or. 257 (in this sense Hom. always uses aor.); of a recurring illness,attack, S. Tr. 1028 (lyr.)."",""rush, dart, Pi. P. 9.119 ;πεδίον over the plain, E. Ba. 873 (lyr.);δόμους to the house, S. Tr. 58 : metaph.,λόγοι πεδάρσιοι θρῴσκουσι leap up into air, i.e.melt away, A. Ch. 846 ."",""trans.,=θόρνυμαι,mount, impregnate, κνώδαλα Id. Fr. 15 ;ὁ θρῴσκων the sire, Id. Eu. 660 ; cf.θορός, θορή.""]","[""leap, spring"",""tossed"",""leap upon, assault"",""attack"",""rush, dart"",""over"",""to"",""leap up"",""melt"",""mount, impregnate"",""the sire""]","[""ὑπερ-"",""ἐκ-"",""ἀνα-"",""ὑπερ-"",""ἀν-""]","[{""biblio"":"""",""quote"":""θρώσκω""},{""biblio"":""Did."",""quote"":""θρώσκω Did.""},{""biblio"":"""",""quote"":""θρῷσκον""},{""biblio"":""Il. | 15.314"",""quote"":""θρῷσκον Il. 15.314""},{""biblio"":"""",""quote"":""θόρον""},{""biblio"":""Il."",""quote"":""θόρον Il.""},{""biblio"":"""",""quote"":""θόρω""},{""biblio"":""Od. | 22.303"",""quote"":""θόρω Od. 22.303""},{""biblio"":"""",""quote"":""χαμᾶζε θορών""},{""biblio"":""Il. | 10.528"",""quote"":""χαμᾶζε θορών Il. 10.528""},{""biblio"":"""",""quote"":""ἐκ δίφροιο""},{""biblio"":""8.320"",""quote"":""ἐκ δίφροιο 8.320""},{""biblio"":"""",""quote"":""ἀπὸ λέκτροιο""},{""biblio"":""Od. | 23.32"",""quote"":""ἀπὸ λέκτροιο Od. 23.32""},{""biblio"":"""",""quote"":""ἰχθὺς θρῴσκων κατὰ κῦμα""},{""biblio"":""Il. | 21.126"",""quote"":""ἰχθὺς θρῴσκων κατὰ κῦμα Il. 21.126""},{""biblio"":"""",""quote"":""ἀπὸ νευρῆφι δ' ὀϊστοὶ θρῷσκον""},{""biblio"":""15.314"",""quote"":""ἀπὸ νευρῆφι δ' ὀϊστοὶ θρῷσκον 15.314""},{""biblio"":"""",""quote"":""ἀπὸ πτυόφιν θρῴσκωσιν κύαμοι""},{""biblio"":""13.589"",""quote"":""ἀπὸ πτυόφιν θρῴσκωσιν κύαμοι 13.589""},{""biblio"":"""",""quote"":""ἐπὶ Τρώεσσι θόρον""},{""biblio"":""Il. | 8.252"",""quote"":""ἐπὶ Τρώεσσι θόρον Il. 8.252""},{""biblio"":"""",""quote"":""εἴς τινα""},{""biblio"":""A.R. | 1.1296"",""quote"":""εἴς τινα A.R. 1.1296""},{""biblio"":"""",""quote"":""πλησίον τινός""},{""biblio"":""E. | Or. | 257"",""quote"":""πλησίον τινός E. Or. 257""},{""biblio"":"""",""quote"":""κνώδαλα""},{""biblio"":""Id. | Fr. | 15"",""quote"":""κνώδαλα Id. Fr. 15""}]","[""13.589"",""15.314"",""8.320"",""A.R. | 1.1296"",""Did."",""E. | Or. | 257"",""Id. | Fr. | 15"",""Il."",""Il. | 10.528"",""Il. | 15.314"",""Il. | 21.126"",""Il. | 8.252"",""Od. | 22.303"",""Od. | 23.32""]",{},[],1,1,1,1,0,4,11,5,28
49251,9,1556,n49251,θρωσμός,,ὁ,807,,"[""springing; of ground rising from the plain, ἐπὶ θρωσμῷ πεδίοιο Il. - 0.160 , 11.56 ; ποταμοῖο A.R. 2.823 (pl.).""]","[""springing"",""ground rising""]",[],"[{""biblio"":"""",""quote"":""ἐπὶ θρωσμῷ πεδίοιο""},{""biblio"":""Il."",""quote"":""ἐπὶ θρωσμῷ πεδίοιο Il.""},{""biblio"":"""",""quote"":""ποταμοῖο""},{""biblio"":""A.R. | 2.823"",""quote"":""ποταμοῖο A.R. 2.823""}]","[""A.R. | 2.823"",""Il.""]",{},[],1,1,0,1,0,1,2,0,4
49252,9,1557,n49252,θρώσσει:,,,807,,"[""θρώσσει: γεννᾷ, φοβεῖται, Hsch.""]",[],[],[],[],{},[],1,0,0,0,0,1,0,0,0
49253,9,1558,n49253,θύα,,ἡ,807,,"[""θύον 1 , Thphr. HP 5.3.7 .""]",[],[],"[{""biblio"":"""",""quote"":""θύον""},{""biblio"":""1"",""quote"":""θύον 1""}]","[""1""]",{},[],1,0,0,1,0,1,0,0,2
49254,9,1559,n49254,θυάκτας,,ὁ,807,,"[""sacrificing priest, IG 4.757 B(Troezen,ii B.C.).""]","[""sacrificing priest,""]",[],[],[],{},[],1,1,0,0,0,1,1,0,0
49255,9,1560,n49255,θυάλημα,,,807,,"[""v. θυήλημα .θυαλόν: τὸ θυτοῖς διαλαβεῖν, θυμιᾶσαι, Hsch. θυάματα: τὸ θύμον, καὶ θυμιάματα, Id.""]",[],[],[],[],{},"[{""type"":""ref"",""target"":"""",""text"":""θυήλημα""},{""type"":"""",""target"":"""",""text"":""v. θυήλημα""}]",1,0,0,0,1,1,0,0,0
49256,9,1561,n49256,θυανία,,ἡ,807,,"[""f.l. for ὑανία , Dor. for ὑην-, Epich. 148 .""]",[],[],[],[],{},"[{""type"":""ref"",""target"":"""",""text"":""ὑανία""},{""type"":"""",""target"":"""",""text"":""f.l. for ὑανία""}]",1,0,0,0,1,1,0,0,0
49257,9,1562,n49257,θύανον:,,,807,,"[""θύανον: τὴν""]",[],[],[],[],{},[],1,0,0,0,0,1,0,0,0
49258,9,1563,n49258,θυώνην,,,807,,"[""θυώνην(q. v.),ἐστὶ δὲ πέμμα ἀντὶ βοός, Hsch.""]",[],[],[],[],{},[],1,0,0,0,0,1,0,0,0
49259,9,1564,n49259,θύαρος,,ὁ,807,,"[""αἶρα 11 , Ps.- Dsc. 2.100 .""]",[],[],"[{""biblio"":"""",""quote"":""αἶρα""},{""biblio"":""11"",""quote"":""αἶρα 11""}]","[""11""]",{},[],1,0,0,1,0,1,0,0,2
49260,9,1565,n49260,θῠά<ρ>παξ,,ὁ,807,,"[""θῠά<ρ>παξ,ᾰγος,ὁ,ἡ,=ἱερόσυλος, Hsch.""]",[],[],[],[],{},[],1,0,0,0,0,1,0,0,0
49261,9,1566,n49261,θυάς,,ἡ,807,,"[""= θυιάς (q. v.)."",""attack, πλευρωνίας Mich. in PN 30.20 ."",""θύας: πηδήσας, Hsch. ; cf.θύασσε: ἐπήδησε, Cyr.""]","[""attack""]",[],"[{""biblio"":"""",""quote"":""πλευρωνίας""},{""biblio"":""Mich. | in PN | 30.20"",""quote"":""πλευρωνίας Mich. in PN 30.20""}]","[""Mich. | in PN | 30.20""]",{},"[{""type"":""ref"",""target"":"""",""text"":""θυιάς""},{""type"":"""",""target"":"""",""text"":""= θυιάς""}]",1,1,0,1,1,3,1,0,2
49262,9,1567,n49262,θῠαφόρος,,ὁ,807,,"[""thurifer, SIG 1025.52 (Cos,iv/iii B.C.).""]","[""thurifer""]",[],[],[],{},[],1,1,0,0,0,1,1,0,0
49263,9,1568,n49263,θυάω,,,807,,"[""rut, of swine, Arist. HA 546a27 , 573b7 .""]","[""rut""]",[],[],[],{},[],1,1,0,0,0,1,1,0,0
49264,9,1569,n49264,Θυβριάς,,ἡ,807,,"[""Θυβριάς,άδος,ἡ,=Θυμβριάς, IG 14.1389i1 .""]",[],[],[],[],{},[],1,0,0,0,0,1,0,0,0
49265,9,1570,n49265,θῠγᾰτερεί̈ς,,ἡ,807,,"[""θῠγᾰτερεί̈ς,ίδος,ἡ,=θυγατριδῆ, Inscr.Magn. 196.9 .""]",[],[],[],[],{},[],1,0,0,0,0,1,0,0,0
49266,9,1571,n49266,θῠγάτηρ,,ἡ,807,,"[""θύγατρα Il. 1.13 ; voc.θύγᾰτερ: nom. pl.θυγατέρες, Ep. and lyr. θύγατρες 9.144 , Sapph. Supp. 20a . 16 : gen. pl. -τέρων IG 22.832.19 , Pl. R. 461c , poet.-τρῶν: dat. pl.-τράσι Ep. -τέρεσσι Il. 15.197 ; both sets of forms are found in poetry,θυγατρός, -τρί, -τράσι are used in Prose:—daughter, Il. 9.148 , 290 , Od. 4.4 , etc.;θύγατρες ἵππων, of mules, Simon. 7 ;θ. ταύρων, of bees, Philo Tars. ap. Gal. 13.269 : metaph.,Μοισᾶν θυγατέρες, of Odes, Pi. N. 4.3 ;πλάστιγξ ἡ χαλκοῦ θ. Critias 1.9D. ;θ. Σειληνοῦ, of the vine, Jul. Caes. 25 ;ψήφου συμβολικῆς θ., of a λάγυνος, AP 6.248 (Marc. Arg.); of villages dependent on a city, LXX Jd. 1.27 , 1 Ma. 5.8 ."",""later,maidservant, slave, Phalar. Ep. 142.3 . [ῡ in Ep. in the longer forms, metri gr.] (Cf. Skt.duhitár-, Engl.daughter, etc.)""]","[""daughter"",""maidservant, slave"",""duhitár-"",""daughter""]",[],"[{""biblio"":"""",""quote"":""θύγατρα""},{""biblio"":""Il. | 1.13"",""quote"":""θύγατρα Il. 1.13""},{""biblio"":"""",""quote"":""θύγατρες""},{""biblio"":""9.144"",""quote"":""θύγατρες 9.144""},{""biblio"":"""",""quote"":""-τέρων""},{""biblio"":""IG | 22.832.19"",""quote"":""-τέρων IG 22.832.19""},{""biblio"":"""",""quote"":""-τέρεσσι""},{""biblio"":""Il. | 15.197"",""quote"":""-τέρεσσι Il. 15.197""}]","[""9.144"",""IG | 22.832.19"",""Il. | 1.13"",""Il. | 15.197""]",{},[],1,1,0,1,0,2,4,0,8
49267,9,1572,n49267,θῠγατρ-ῐδῆ,,ἡ,807,,"[""daughter's daughter, granddaughter, And. 1.128 , Lys. 32.2 , D.H. Lys. 21 : un contr. nom. pl.θῠγατρ-δέαι Euph. 94.2 .""]","[""daughter's daughter, granddaughter""]",[],[],[],{},[],1,1,0,0,0,1,1,0,0
49268,9,1573,n49268,θῠγατρ-ῐδοῦς,,ὁ,807,,"[""daughter's son, grandson, Is. 8.17 , Arist. Fr. 473 , Ph. 2.82 , 425 , OGI 529.23 (Sebastopolis): acc.-δῆ, as though from nom.-δεύς, ib. 377.5 (Smyrna,i A.D.):— Ion. θῠγατρ-ιδέος Hdt. 5.67 , 69 .""]","[""daughter's son, grandson""]",[],[],[],{},[],1,1,0,0,0,1,1,0,0
49269,9,1574,n49269,θῠγατρ-ίζω,,,807,,"[""call one daughter, Araros 7 .""]","[""call one daughter""]",[],[],[],{},[],1,1,0,0,0,1,1,0,0
49270,9,1575,n49270,θῠγάτρ-ιον,,τό,807,,"[""little daughter or girl, Stratt. 63 , Men. 428 , PPetr. 3p.155 (iii B.C.), Macho ap. Ath. 13.581c , Com.Adesp. 14.19 D.,SIG 364.55 (Ephesus,iii B.C.), Plu. Ant. 33 , Jul. Or. 7.226b .""]","[""little daughter"",""girl""]",[],[],[],{},[],1,1,0,0,0,1,2,0,0
49271,9,1576,n49271,θῠγατρό-γᾰμος,,,807,,"[""married to one's own daughter, Nonn. D. 12.73 .""]","[""married to one's own daughter""]",[],[],[],{},[],1,1,0,0,0,1,1,0,0
49272,9,1577,n49272,θῠγατρο-γόνος,,,807,,"[""begetting or bearing daughters, ib. 7.212 , al.""]","[""begetting"",""bearing daughters""]",[],[],[],{},[],1,1,0,0,0,1,2,0,0
49273,9,1578,n49273,θῠγατρο-θετέω,,,807,,"[""adopt as daughter, Tz.ad Lyc. 183 ( Pass. ).""]","[""adopt as daughter""]",[],[],[],{},[],1,1,0,0,0,1,1,0,0
49274,9,1579,n49274,θῠγατρο-μιξία,,ἡ,807,,"[""incest with a daughter, POxy. 237 vii 26 (ii A.D.).""]","[""incest with a daughter,""]",[],[],[],{},[],1,1,0,0,0,1,1,0,0
49275,9,1580,n49275,θῠγατρο-ποιία,,ἡ,807,,"[""adoption of a daughter, GDI 3706 vi 61 (Cos):—written θῠγατρο-ποία, IG 12(1).818 (Rhodes).""]","[""adoption of a daughter""]",[],[],[],{},[],1,1,0,0,0,1,1,0,0
49276,9,1581,n49276,θῠγατρο-ποιός,,,807,,"[""begetting daughters, of Lot, Ph. 1.382 .""]","[""begetting daughters""]",[],[],[],{},[],1,1,0,0,0,1,1,0,0
49277,9,1582,n49277,θῠγατρό-τεκνον,,τό,807,,"[""a daughter's child, Tz. H. 1.595 .""]","[""a daughter's child""]",[],[],[],{},[],1,1,0,0,0,1,1,0,0
49278,9,1583,n49278,θῠεία,,ἡ,807,,"[""mortar, Ar. Nu. 676 , Ra. 124 , al., Lys. Fr. 62a ."",""cup of the cottabus, Pl.Com. 46.3 .—Later θυία,θυί̈α, Ph. Bel. 88.49 , Dsc. 2.76.3 and 4 ; in the sense of oil-press, PFay. 42 (a) i 10 (ii A.D.):θυίη [ῐ], Androm. ap. Gal. 14.41 :θυεῖον,τό, PLond. 2.193.23 (ii A.D.)."",""θύεια, v. θυία 1 .""]","[""mortar"",""cup"",""oil-press,"",""a""]",[],[],[],{},"[{""type"":""ref"",""target"":"""",""text"":""θυία""},{""type"":"""",""target"":"""",""text"":""v. θυία""}]",1,1,0,0,1,3,4,0,0
49279,9,1584,n49279,θῠείδιον,,τό,807,,"[""θῠείδιον,τό, Dim. of θυεία, Ar. Pl. 710 ; wrongly written θυί̈διον in cod. Rav., as in Damocr. ap. Gal. 14.118 .""]",[],[],[],[],{},[],1,0,0,0,0,1,0,0,0
49280,9,1585,n49280,θύελλ-α,,ἡ,807,,"[""hurricane, squall(cf. Arist. Mu. 395a6 ), κακὴ ἀνέμοιο Il. 6.346 , al.;μισγομένων ἀνέμων . . θ. Od. 5.317 ;πυρός τ' ὀλοοῖο θύελλαι, prob.thunderstorms, 12.68 ;κούρας ἀνέλοντο θ. 20.66 ;τοὺς δ' αἶψ' ἁρπάξασα φέρεν πόντονδε θ. 10.48 , cf. S. El. 1151 ;ποντία θ. Id. OC 1660 ; in similes, φλογὶ ἶσοι ἠὲ θυέλλῃ Il. 13.39 ;ἴκελοι πυρὶ ἠὲ θ. Hes. Sc. 345 : metaph.,ἄτης θύελλαι(nisi leg.θυηλαί, q. v.) A. Ag. 819 ;ὀχλικὴ θ. Phld. Rh. 1.184S.""]","[""hurricane, squall"",""thunderstorms""]",[],"[{""biblio"":"""",""quote"":""κακὴ ἀνέμοιο""},{""biblio"":""Il. | 6.346"",""quote"":""κακὴ ἀνέμοιο Il. 6.346""},{""biblio"":"""",""quote"":""φλογὶ ἶσοι ἠὲ θυέλλῃ""},{""biblio"":""Il. | 13.39"",""quote"":""φλογὶ ἶσοι ἠὲ θυέλλῃ Il. 13.39""}]","[""Il. | 13.39"",""Il. | 6.346""]",{},[],1,1,0,1,0,1,2,0,4
49281,9,1586,n49281,θυέλλ-ειος,,,807,,"[""s.v. Ἰουλιανός .""]",[],[],[],[],{},"[{""type"":""ref"",""target"":"""",""text"":""Ἰουλιανός""},{""type"":"""",""target"":"""",""text"":""s.v. Ἰουλιανός""}]",1,0,0,0,1,1,0,0,0
49282,9,1587,n49282,θυελλ-ήεις,,,807,,"[""stormy, Nonn. D. 1.22 , 2.532 .""]","[""stormy""]",[],[],[],{},[],1,1,0,0,0,1,1,0,0
49283,9,1588,n49283,θυελλ-ίζω,,,807,,"[""θυελλ-ίζω,pf. part. Pass. -ισμένον(-θυλλιαμένον cod.): τεταραγμένον, Hsch.""]",[],[],[],[],{},[],1,0,0,0,0,1,0,0,0
49284,9,1589,n49284,θῠελλό-πους,,ὁ,807,,"[""storm-footed, storm-swift, Nonn. D. 37.441 .""]","[""storm-footed, storm-swift""]",[],[],[],{},[],1,1,0,0,0,1,1,0,0
49285,9,1590,n49285,θῠελλο-τόκος,,,807,,"[""producing storms, ib. 28.277 .""]","[""producing storms""]",[],[],[],{},[],1,1,0,0,0,1,1,0,0
49286,9,1591,n49286,θῠελλο-φορέομαι,,,807,,"[""to be carried by a storm, D.S. 16.80 .""]","[""to be carried by a storm""]",[],[],[],{},[],1,1,0,0,0,1,1,0,0
49287,9,1592,n49287,θῠελλώδης,,,807,,"[""stormy, Sch. S. Ant. 418 .""]","[""stormy""]",[],[],[],{},[],1,1,0,0,0,1,1,0,0
49288,9,1593,n49288,Θῠέστειος,,,807,,"[""of Thyestes, ῥάκη Ar. Ach. 433 ; δεῖπνον Porph. Chr. 69 .""]","[""of Thyestes""]",[],"[{""biblio"":"""",""quote"":""ῥάκη""},{""biblio"":""Ar. | Ach. | 433"",""quote"":""ῥάκη Ar. Ach. 433""},{""biblio"":"""",""quote"":""δεῖπνον""},{""biblio"":""Porph. | Chr. | 69"",""quote"":""δεῖπνον Porph. Chr. 69""}]","[""Ar. | Ach. | 433"",""Porph. | Chr. | 69""]",{},[],1,1,0,1,0,1,1,0,4
49289,9,1594,n49289,θῠέστης,,ὁ,807,,"[""pestle, Dionys.Trag. 12 .""]","[""pestle""]",[],[],[],{},[],1,1,0,0,0,1,1,0,0
49290,9,1595,n49290,θύ-εστον,,τό,807,,"[""drink made from bruised spices, Hsch. :""]","[""drink made from bruised spices""]",[],[],[],{},[],1,1,0,0,0,1,1,0,0
49291,9,1596,n49291,θυ-ευτός:,,,807,,"[""θυ-ευτός: ὁ ἐξ ὄμβρων ποταμός, dub. l. in Theognost. Can. 20 .""]",[],[],[],[],{},[],1,0,0,0,0,1,0,0,0
49292,9,1597,n49292,θῠ-ήεις,,,807,,"[""smoking with incense, fragrant, Ep. epith. of βωμός, Il. 8.48 , Od. 8.363 , Hes. Th. 557 ; σπάργανα h.Merc. 237 .""]","[""smoking with incense, fragrant""]","[""θύος""]","[{""biblio"":"""",""quote"":""σπάργανα""},{""biblio"":""h.Merc. | 237"",""quote"":""σπάργανα h.Merc. 237""}]","[""h.Merc. | 237""]",{},[],1,1,1,1,0,1,1,1,2
49293,9,1598,n49293,θῠ-ηκόος,,ὁ,807,,"[""θῠ-ηκόος,ὁ,=θυοσκόος, Hsch. ; cf.θυηχόος.""]",[],[],[],[],{},[],1,0,0,0,0,1,0,0,0
49294,9,1599,n49294,θῠ-ηλέομαι,,,807,,"[""= θυλέομαι , prob. in Poll. 1.27 .""]",[],[],[],[],{},"[{""type"":""ref"",""target"":"""",""text"":""θυλέομαι""},{""type"":"""",""target"":"""",""text"":""= θυλέομαι""}]",1,0,0,0,1,1,0,0,0
49295,9,1600,n49295,θῠ-ηλή,,ἡ,807,,"[""part of a victim offered in burntsacrifice, usu. in pl., ὁ δ' ἐν πυρὶ βάλλε θυηλάς Il. 9.220 , cf. Philoch. 172 , Nic. Fr. 62 , Ath. 13.566a : generally,sacrifice, ἄνευ θυηλῶν Ar. Av. 1520 ; θυηλαὶ ἀναίμακτοι AP 6.324.3 ( Leon. Alex. );θυσίαι καὶ θ. D.S. 3.62 , Porph. Abst. 2.59 : metaph.,θυηλὴ Ἄρεος an offering to Ares, i.e. the blood of the slain, S. El. 1423 ;ἄτης θυηλαί cj. Herm. for θύελλαι, A. Ag. 819 ; cf.θυάλημα, θύλημα.""]","[""part of a victim offered in burntsacrifice"",""sacrifice"",""an offering""]","[""θύω""]","[{""biblio"":"""",""quote"":""ὁ δ' ἐν πυρὶ βάλλε θυηλάς""},{""biblio"":""Il. | 9.220"",""quote"":""ὁ δ' ἐν πυρὶ βάλλε θυηλάς Il. 9.220""},{""biblio"":"""",""quote"":""ἄνευ θυηλῶν""},{""biblio"":""Ar. | Av. | 1520"",""quote"":""ἄνευ θυηλῶν Ar. Av. 1520""},{""biblio"":"""",""quote"":""θυηλαὶ ἀναίμακτοι""},{""biblio"":""AP | 6.324.3"",""quote"":""θυηλαὶ ἀναίμακτοι AP 6.324.3""}]","[""AP | 6.324.3"",""Ar. | Av. | 1520"",""Il. | 9.220""]",{},[],1,1,1,1,0,1,3,1,6
49296,9,1601,n49296,θῠ-ήλημα,,τό,807,,"[""sacrificial offering, Thphr. Char. 10.13 :— Ion. θυαλήματα SIG 57.38 (Milet.,v B.C.); cf.θύλημα.""]","[""sacrificial offering""]",[],[],[],{},[],1,1,0,0,0,1,1,0,0
49297,9,1602,n49297,θῠ́-ημα,,τό,807,,"[""θῠ́-ημα,ατος,τό, (θύω) =foreg., in pl., Tim. Lex. :=ἀρώματα, Hp. ap. Erot.""]",[],"[""θύω""]",[],[],{},[],1,0,1,0,0,1,0,1,0
49298,9,1603,n49298,θῠηπολ-έω,,,807,,"[""perform sacrifices, A. Ag. 262 , E. Tr. 330 (lyr.), Pl. R. 364e , Polystr. p.9 W.; θεοῖς E. El. 665 ."",""trans.,sacrifice,γέρας βρότειον τῷ Κρόνῳ θ. S. Fr. 126 , cf. 522 , Maiist. 13 :— Pass. ,θυηπολεῖται δ' ἄστυ μάντεων ὕπο is filled with sacrifices by them, E. Heracl. 401 .""]","[""perform sacrifices"",""sacrifice"",""is filled with sacrifices""]",[],"[{""biblio"":"""",""quote"":""θεοῖς""},{""biblio"":""E. | El. | 665"",""quote"":""θεοῖς E. El. 665""}]","[""E. | El. | 665""]",{},[],1,1,0,1,0,2,3,0,2
49299,9,1604,n49299,θῠηπολ-ία,,ἡ,807,,"[""sacrificing, A.R. 1.1124 , AP 5.16 ( Gaet. ), D.H. 1.21 , Hld. 3.2 , prob. in Puchstein Epigr.Gr. 36 (pl., Nubia): generally,mystic rites, Orph. A. 470 .""]","[""sacrificing"",""mystic rites""]",[],[],[],{},[],1,1,0,0,0,1,2,0,0
49300,9,1605,n49300,θῠηπολ-ικός,,,807,,"[""sacrificial,πῦρ, μέρος, Iamb. Myst. 5.11 , 18 ; θεσμός Zos. 4.59 .""]","[""sacrificial""]",[],"[{""biblio"":"""",""quote"":""θεσμός""},{""biblio"":""Zos. | 4.59"",""quote"":""θεσμός Zos. 4.59""}]","[""Zos. | 4.59""]",{},[],1,1,0,1,0,1,1,0,2
49301,9,1606,n49301,θῠηπόλ-ιον,,τό,807,,"[""altar, Dorieus ap. Ath. 10.413a :—also θῠηπολ-εῖον,τό, Rev.Ét.Gr. 19.234 (Aphrodisias).""]","[""altar""]",[],[],[],{},[],1,1,0,0,0,1,1,0,0
49302,9,1607,n49302,θῠηπόλος,Subst.,,807,,"[""performing sacrifices, sacrificial, χείρ A. Pers. 202 :Subst.,diviner, soothsayer, E. IA 746 , Ar. Pax 1124 ;priest, Εὐμόλποιο IG 3.1337.9 , cf. Phld. D. 1.4 ;αἱ θ. παρθένοι, of the Vestal Virgins, D.H. 2.64 , al.""]","[""performing sacrifices, sacrificial"",""diviner, soothsayer"",""priest""]","[""τελέω, τέλλω""]","[{""biblio"":"""",""quote"":""χείρ""},{""biblio"":""A. | Pers. | 202"",""quote"":""χείρ A. Pers. 202""},{""biblio"":"""",""quote"":""Εὐμόλποιο""},{""biblio"":""IG | 3.1337.9"",""quote"":""Εὐμόλποιο IG 3.1337.9""}]","[""A. | Pers. | 202"",""IG | 3.1337.9""]",{},[],1,1,1,1,0,1,3,1,4
49303,9,1608,n49303,θύ[η]σις,,ἡ,807,,"[""sacrifice, IG 5(2).514 (Lycosura, nisi leg.θύ[ω]σις).""]","[""sacrifice,""]",[],[],[],{},[],1,1,0,0,0,1,1,0,0
49304,9,1609,n49304,θυητά,,τά,807,,"[""fumigations, Aret. CD 1.4 , CA 2.10 .""]","[""fumigations""]",[],[],[],{},[],1,1,0,0,0,1,1,0,0
49305,9,1610,n49305,θῠη-φάγος,,,807,,"[""devouring offerings, φλόξ A. Ag. 597 .""]","[""devouring offerings""]",[],"[{""biblio"":"""",""quote"":""φλόξ""},{""biblio"":""A. | Ag. | 597"",""quote"":""φλόξ A. Ag. 597""}]","[""A. | Ag. | 597""]",{},[],1,1,0,1,0,1,1,0,2
49306,9,1611,n49306,θῠη-χόος,,ὁ,807,,"[""θῠη-χόος, contr. θῠη-χοῦς,ὁ,=θυηκόος, IG 12.372.203 , 3.244 , Eust. 1601.3 .""]",[],[],[],[],{},[],1,0,0,0,0,1,0,0,0
49307,9,1612,n49307,θυία,,ἡ,807,,"[""odorous cedar, Juniperus foetidissima, Thphr. HP 1.9.3 , 4.1.3 ; or θύεια, ib. 3.4.2 , 6 ."",""= θύον 1 (q. v.), Dsc. 1.26 ."",""v. θυεία .""]","[""odorous cedar, Juniperus foetidissima""]",[],[],[],{},"[{""type"":""ref"",""target"":"""",""text"":""θύον""},{""type"":"""",""target"":"""",""text"":""= θύον""},{""type"":""ref"",""target"":"""",""text"":""θυεία""},{""type"":"""",""target"":"""",""text"":""v. θυεία""}]",1,1,0,0,1,3,1,0,0
49308,9,1613,n49308,Θυῖα,,τά,807,,"[""Θυῖα,τά, (θύω) festival of Dionysus at Elis, Paus. 6.26.1 .""]",[],"[""θύω""]",[],[],{},[],1,0,1,0,0,1,0,1,0
49309,9,1614,n49309,Θυῖαι,,αἱ,807,,"[""Θυῖαι,αἱ,=Θυιάδες, Str. 10.3.10 , prob. l. for Θυιάσιν, S. Ant. 1151 (lyr.).""]",[],[],[],[],{},[],1,0,0,0,0,1,0,0,0
49310,9,1615,n49310,θυιάς,Adj.,,807,,"[""inspired, possessed woman, esp.Bacchante, ll. cc., cf. A. Th. 836 , Supp. 564 (both lyr.), Plu. 2.293f , etc.; cf. foreg."",""fem.Adj.,frantic, mad for love, Lyc. 143 .""]","[""inspired, possessed woman"",""frantic, mad for love""]","[""θύω""]",[],[],{},[],1,1,1,0,0,2,2,1,0
49311,9,1616,n49311,θυί̈δῐον,,,807,,"[""v. θυείδιον .""]",[],[],[],[],{},"[{""type"":""ref"",""target"":"""",""text"":""θυείδιον""},{""type"":"""",""target"":"""",""text"":""v. θυείδιον""}]",1,0,0,0,1,1,0,0,0
49312,9,1617,n49312,θύϊνος,,,807,,"[""of the tree θύον(q. v.),δένδρα, ξύλον, Str. 4.6.2 ,v.l. in Dsc. 1.22 ;made of this wood, Callix. 1 , Apoc. 18.12 .""]","[""of the tree"",""made of this wood""]",[],[],[],{},[],1,1,0,0,0,1,2,0,0
49313,9,1618,n49313,θυϊόεν:,,,807,,"[""θυϊόεν: πλῆρες, and θυϊόεντες: ἀνθοῦντες, Hsch.""]",[],[],[],[],{},[],1,0,0,0,0,1,0,0,0
49314,9,1619,n49314,θυῖον,,τό,807,,"[""resin, Thphr. HP 5.2.1 .""]","[""resin""]",[],[],[],{},[],1,1,0,0,0,1,1,0,0
49315,9,1620,n49315,Θυῖος,,ὁ,807,,"[""Θυῖος,ὁ(sc.μήν), name of a month in Thessaly and Boeotia, IG 9(2).109b57 (Halus), 7.341 , etc.; in Naupactus, ib. 9(1).357 :—also Θῦος, ib. 9(2).515.3 (Larissa), al.:— Boeot. Θούιος or Θιούιος, ib. 7.517 , 3172.116 .""]",[],[],[],[],{},[],1,0,0,0,0,1,0,0,0
49316,9,1621,n49316,θυιόω,,,807,,"[""θυιόω,aor. part. Pass. θυιωθείς: μανείς, ὁρμήσας, Hsch.""]",[],[],[],[],{},[],1,0,0,0,0,1,0,0,0
49317,9,1622,n49317,θῠί̈ς,,ἡ,807,,"[""θῠί̈ς,ῖδος(-ί̈δος codd.),ἡ,=θυεία, Damocr. ap. Gal. 14.130 .""]",[],[],[],[],{},[],1,0,0,0,0,1,0,0,0
49318,9,1623,n49318,θῠί̈σκη,,ἡ,807,,"[""censer, LXX 1 Ma. 1.22 , al., J. AJ 3.6.8 , 3.8.10 :—θῠί̈σκος,ὁ, v.l., ib. 3.6.8 :—also θύσκη, POxy. 1657.13 (iii A.D.), Suid.,EM 458.53 :θύσκος, ib. 52 (θύκος cod.).""]","[""censer""]",[],[],[],{},[],1,1,0,0,0,1,1,0,0
49319,9,1624,n49319,θῠί̈της,,ὁ,807,,"[""an Ethiopian stone, Dsc. 5.136 , Gal. 12.198 .""]","[""an Ethiopian stone""]",[],[],[],{},[],1,1,0,0,0,1,1,0,0
49320,9,1625,n49320,θυίω,,,807,,"[""= θύω ,to be inspired,subj. θυίωσι h.Merc. 560 ."",""= θύω (B), Hes. Th. 131 (Pap.),v.l. in A.R. 3.755 , Nic. Th. 129 .""]","[""to be inspired""]",[],"[{""biblio"":"""",""quote"":""θυίωσι""},{""biblio"":""h.Merc. | 560"",""quote"":""θυίωσι h.Merc. 560""}]","[""h.Merc. | 560""]",{},"[{""type"":""ref"",""target"":"""",""text"":""θύω""},{""type"":"""",""target"":"""",""text"":""= θύω""},{""type"":""ref"",""target"":"""",""text"":""θύω""},{""type"":"""",""target"":"""",""text"":""= θύω""}]",1,1,0,1,1,2,1,0,2
49321,9,1626,n49321,θῡλάκ-η,,ἡ,807,,"[""scrotum, Hippiatr. 50 .""]","[""scrotum,""]",[],[],[],{},[],1,1,0,0,0,1,1,0,0
49322,9,1627,n49322,θῡλακ-ίζω,,,807,,"[""collect scraps in a wallet: hence, at Tarentum,beg, Hsch.""]","[""collect"",""in a wallet"",""beg""]",[],[],[],{},[],1,1,0,0,0,1,3,0,0
49323,9,1628,n49323,θῡλάκ-ιον,,τό,807,,"[""seed-capsule, Sch. Nic. Th. 852 .""]","[""seed-capsule""]",[],[],[],{},[],1,1,0,0,0,1,1,0,0
49324,9,1629,n49324,θῡλακ-ίς,,ἡ,807,,"[""θυλάκιον 11 , Ael. NA 6.43 , Nic. Th. 852 .""]",[],[],"[{""biblio"":"""",""quote"":""θυλάκιον""},{""biblio"":""11"",""quote"":""θυλάκιον 11""}]","[""11""]",{},[],1,0,0,1,0,1,0,0,2
49325,9,1630,n49325,θῡλακ-ίσκος,,ὁ,807,,"[""θυλάκιον 1 ,bread-basket, Ar. Fr. 545 , Crates Com. 14 ."",""= θυλάκιον 11 , Dsc. 2.106 .""]","[""bread-basket""]",[],"[{""biblio"":"""",""quote"":""θυλάκιον""},{""biblio"":""1"",""quote"":""θυλάκιον 1""}]","[""1""]",{},"[{""type"":""ref"",""target"":"""",""text"":""θυλάκιον""},{""type"":"""",""target"":"""",""text"":""= θυλάκιον""}]",1,1,0,1,1,2,1,0,2
49326,9,1631,n49326,θῡλακ-ίτης,,ὁ,807,,"[""common poppy (cf.θυλακίς), Dsc. 4.64 ;θ. νάρδος,=ὀρεινὴ ν., Id. 1.9 .""]","[""common""]",[],[],[],{},[],1,1,0,0,0,1,1,0,0
49327,9,1632,n49327,θῡλᾰκό-βολον,,,809,,"[""verrutum Gloss.""]","[""verrutum""]",[],[],[],{},[],1,1,0,0,0,1,1,0,0
49328,9,1633,n49328,θῡλᾰκο-ειδής,,,809,,"[""like a bag, Arist. HA 543b13 .""]","[""like a bag""]",[],[],[],{},[],1,1,0,0,0,1,1,0,0
49329,9,1634,n49329,θῡλᾰκό-εις,,,809,,"[""θῡλᾰκό-εις,εσσα,εν,= foreg., Nic. Al. 403 .""]",[],[],[],[],{},[],1,0,0,0,0,1,0,0,0
49330,9,1635,n49330,θῡλᾰκό-ομαι,,,809,,"[""become a bag, Sch. Ar. Pax 198 .""]","[""become a bag""]",[],[],[],{},[],1,1,0,0,0,1,1,0,0
49331,9,1636,n49331,θύλᾰκος,,ὁ,809,,"[""sack, esp. to carry meal in, Hdt. 3.46 ; ἄλφιτ' οὐκ ἔνεστιν ἐν τῷ θυλάκῳ Ar. Pl. 763 ; θ. δορκαδέων ἀστραγάλων PCair.Zen. 69.18 (iii B.C.);δερῶ σε θύλακον I'll make a bag of your skin, Ar. Eq. 370 ; contemptuous word for a garment,ὁ Τηλαύγους θ. prob. in Aeschin.Socr. 42 : metaph., of a person,θ. τις λόγων'wind-bag', Pl. Tht. 161a ;τῇ χειρὶ δεῖν σπείρειν, ἀλλὰ μὴ ὅλῳ τῷ θ. Corinn. ap. Plu. 2.348a ."",""sack in which the eggs of the tunny are enveloped, Arist. HA 571a14 , cf. 552b19 ."",""in pl., slang term for the loose trousers of Persians and other Orientals, E. Cyc. 182 , Ar. V. 1087 ."",""ball used for physical exercise, Antyll. ap. Orib. 6.32.12 .""]","[""sack"",""a bag"",""sack in which the eggs of the tunny are enveloped"",""loose trousers"",""ball""]",[],"[{""biblio"":"""",""quote"":""ἄλφιτ' οὐκ ἔνεστιν ἐν τῷ θυλάκῳ""},{""biblio"":""Ar. | Pl. | 763"",""quote"":""ἄλφιτ' οὐκ ἔνεστιν ἐν τῷ θυλάκῳ Ar. Pl. 763""},{""biblio"":"""",""quote"":""θ. δορκαδέων ἀστραγάλων""},{""biblio"":""PCair.Zen. | 69.18"",""quote"":""θ. δορκαδέων ἀστραγάλων PCair.Zen. 69.18""}]","[""Ar. | Pl. | 763"",""PCair.Zen. | 69.18""]",{},[],1,1,0,1,0,4,5,0,4
49332,9,1637,n49332,θῡλᾰκο-τρώξ,,ὁ,809,,"[""gnawing sacks, Hsch. , Hdn.Gr. 2.37 .""]","[""gnawing sacks""]",[],[],[],{},[],1,1,0,0,0,1,1,0,0
49333,9,1638,n49333,θῡλᾰκο-φορέω,,,809,,"[""carry a sack or pouch, Ar. Fr. 789 .""]","[""carry a sack"",""pouch""]",[],[],[],{},[],1,1,0,0,0,1,2,0,0
49334,9,1639,n49334,θῡλᾰκο-φόρος,,,809,,"[""carrying a bag, name for prospectors, Hsch. , Phot.""]","[""carrying a bag""]",[],[],[],{},[],1,1,0,0,0,1,1,0,0
49335,9,1640,n49335,θῡλᾰκώδης,,,809,,"[""θῡλᾰκώδης,ες,=θυλακοειδής, Thphr. HP 3.7.3 , Dsc. 1.90 , Mnesith. Cyz. ap. Orib. inc. 15.8 .""]",[],[],[],[],{},[],1,0,0,0,0,1,0,0,0
49336,9,1641,n49336,θῦλαξ,,ὁ,809,,"[""θῦλαξ,ᾰκος,ὁ,=θύλακος, Arcesil.Com. 1 D. , Aesop. 15 ;=προσκεφάλαιον, Hsch. ; cited fr. Hom. by Poll. 10.172 ; cj. in Sor. 1.57 .""]",[],[],[],[],{},[],1,0,0,0,0,1,0,0,0
49337,9,1642,n49337,θῡλάς,,ἡ,809,,"[""v. οὐλάς .""]",[],[],[],[],{},"[{""type"":""ref"",""target"":"""",""text"":""οὐλάς""},{""type"":"""",""target"":"""",""text"":""v. οὐλάς""}]",1,0,0,0,1,1,0,0,0
49338,9,1643,n49338,θῡλ-έομαι,,,809,,"[""offer in sacrifice, ἀλφίτων ὀλίγας δράκας Porph. Abst. 2.17 ;θυηλήσασθαι shd. be read in Poll. 1.27 .""]","[""offer in sacrifice""]",[],"[{""biblio"":"""",""quote"":""ἀλφίτων ὀλίγας δράκας""},{""biblio"":""Porph. | Abst. | 2.17"",""quote"":""ἀλφίτων ὀλίγας δράκας Porph. Abst. 2.17""}]","[""Porph. | Abst. | 2.17""]",{},[],1,1,0,1,0,1,1,0,2
49339,9,1644,n49339,θῡ́λ-ημα,,τό,809,,"[""that which is offered: mostly in pl.,θυλήματα,cakes, incense, etc., Ar. Pax 1040 , Thphr. Fr. 97.3 , Pherecr. 23.6 , Telecl. 33 , Porph. Abst. 2.6 , 29 ; cf.θυάλημα, θυήλημα. (Cf.θύος, θύω(A), Lett.dūlēt'smoke (bees)', Lat.fuligo.) [ῡ, Pherecr. l.c.]""]","[""that which is offered"",""cakes, incense"",""dūlēt"",""fuligo.""]",[],[],[],{},[],1,1,0,0,0,1,4,0,0
49340,9,1645,n49340,θύλλα:,,,809,,"[""θύλλα: κλάδους ἢ φύλλα, ἢ ἑορτὴ Ἀφροδίτης, Hsch. :—hence Θυλλοφόρος, title of Dionysus at Cos, SIG 1012.7 (ii/i B.C.).""]",[],[],[],[],{},[],1,0,0,0,0,1,0,0,0
49341,9,1646,n49341,θυλλίς,,ἡ,809,,"[""θυλλίς,ίδος,ἡ , -θύλακος, Hdn.Gr. 1.89 , Hsch. θύλον:ὀλέθριον(leg.οὖλον), Id.""]",[],[],[],[],{},[],1,0,0,0,0,1,0,0,0
49342,9,1647,n49342,θῦμα,,τό,809,,"[""victim, sacrifice, SIG 56.31 (Argos,v B.C.), A. Ag. 1310 , S. Ph. 8 , Ar. Av. 901 , Wilcken Chr. 1 iii 3 (iii B.C.), etc.; τὸ θ. τοῦ Ἀπόλλωνος Th. 5.53 ;θ. θύειν, θύσασθαι, Pl. Plt. 290e , R. 378a , etc.; usu. of animals, but πάγκαρπα θ.offerings of all fruits, S. El. 634 ; <ἁγνὰ> θ., opp.ἱερεῖα, expld. by Sch. as cakes in the form of animals, Th. 1.126 , cf. Pl. Lg. 782c , Poll. 1.26 : prov.,θ. Δελφόν'Barmecide's feast', Call. Iamb. 1.98 ."",""pl., of animals slaughtered for food, LXX Ge. 43.16 ."",""metaph., of persons,θ. λεύσιμον, prob. of Clytemnestra, A. Ag. 1118 (lyr.); πρόκεισθε θύματα τῆς ἡμετέρας ἐξουσίας Hdn. 2.13.5 ."",""act of sacrifice,ὧδ' ἦν τὰ κείνης θ. S. El. 573 . [θῠμα only Supp.Epigr. 2.518 (Rome,iv A.D.), cf. Hdn.Gr. 2.15 .]""]","[""victim, sacrifice"",""offerings"",""cakes in the form of animals"",""animals slaughtered"",""act of sacrifice""]",[],"[{""biblio"":"""",""quote"":""τὸ θ. τοῦ Ἀπόλλωνος""},{""biblio"":""Th. | 5.53"",""quote"":""τὸ θ. τοῦ Ἀπόλλωνος Th. 5.53""},{""biblio"":"""",""quote"":""πρόκεισθε θύματα τῆς ἡμετέρας ἐξουσίας""},{""biblio"":""Hdn. | 2.13.5"",""quote"":""πρόκεισθε θύματα τῆς ἡμετέρας ἐξουσίας Hdn. 2.13.5""}]","[""Hdn. | 2.13.5"",""Th. | 5.53""]",{},[],1,1,0,1,0,4,5,0,4
49343,9,1648,n49343,θῡμάγροικος,,,809,,"[""of clownish spirit, Ar. Fr. 790 .""]","[""of clownish spirit""]",[],[],[],{},[],1,1,0,0,0,1,1,0,0
49344,9,1649,n49344,θυμαδέων,,,809,,"[""θυμαδέων, Dor. for-ηδέων,=ἀθυμῶν(scr.εὐθ-), Hsch.""]",[],[],[],[],{},[],1,0,0,0,0,1,0,0,0
49345,9,1650,n49345,θῡμ-αίνω,,,809,,"[""θυμαίνεσκον A.R. 3.1326 : (θυμός):— to bewroth, angry, Hes. Sc. 262 , Ar. Nu. 610 ;τινι at one, ib. 1478 , Eup. 191 .""]","[""to bewroth, angry"",""at""]","[""θυμός""]","[{""biblio"":"""",""quote"":""θυμαίνεσκον""},{""biblio"":""A.R. | 3.1326"",""quote"":""θυμαίνεσκον A.R. 3.1326""}]","[""A.R. | 3.1326""]",{},[],1,1,1,1,0,1,2,1,2
49346,9,1651,n49346,θῡμ-αλγής,,,809,,"[""heart-grieving, χόλος Il. 4.513 ; λώβη 9.387 , Od. 20.285 ;μῦθος, ἔπος, 8.272 , 16.69 , Hdt. 1.129 ; μέρμηραι IG 14.1942.11 ."",""Pass. ,inly grieving, [καρδία] A. Ag. 1031 (lyr.).""]","[""heart-grieving"",""inly grieving""]","[""ἀλγέω""]","[{""biblio"":"""",""quote"":""χόλος""},{""biblio"":""Il. | 4.513"",""quote"":""χόλος Il. 4.513""},{""biblio"":"""",""quote"":""λώβη""},{""biblio"":""9.387"",""quote"":""λώβη 9.387""},{""biblio"":"""",""quote"":""μέρμηραι""},{""biblio"":""IG | 14.1942.11"",""quote"":""μέρμηραι IG 14.1942.11""}]","[""9.387"",""IG | 14.1942.11"",""Il. | 4.513""]",{},[],1,1,1,1,0,2,2,1,6
49347,9,1652,n49347,θῠμαλίς,,,809,,"[""v.l. for τιθύμαλλος in Nic. Th. 617 .""]",[],[],[],[],{},"[{""type"":""ref"",""target"":"""",""text"":""τιθύμαλλος""},{""type"":"""",""target"":"""",""text"":""v.l. for τιθύμαλλος""}]",1,0,0,0,1,1,0,0,0
49348,9,1653,n49348,θύμαλλος,,ὁ,809,,"[""fish, Ael. NA 14.22 .""]","[""fish""]",[],[],[],{},[],1,1,0,0,0,1,1,0,0
49349,9,1654,n49349,θῡμάλωψ,,ὁ,809,,"[""piece of burning wood or charcoal, Ar. Ach. 321 , Th. 729 , Stratt. 55 , Luc. Lex. 24 . (τύφω: for the termin., cf.αἱμάλωψ.)""]","[""piece of burning wood"",""charcoal""]",[],[],[],{},[],1,1,0,0,0,1,2,0,0
49350,9,1655,n49350,θυμαμοργάς:,,,809,,"[""animosus, Gloss. :""]","[""animosus,""]",[],[],[],{},[],1,1,0,0,0,1,1,0,0
49351,9,1656,n49351,θῡμ-άντρια,,ἡ,809,,"[""θῡμ-άντρια,ἡ, dub. sens.,φασγάνων θ. PMag.Par. 1.2267 .""]",[],[],[],[],{},[],1,0,0,0,0,1,0,0,0
49352,9,1657,n49352,θυμάρεστος,,,809,,"[""gloss on θυμαρής , Apollon. Lex.""]",[],[],[],[],{},"[{""type"":""ref"",""target"":"""",""text"":""θυμαρής""},{""type"":"""",""target"":"""",""text"":""gloss on θυμαρής""}]",1,0,0,0,1,1,0,0,0
49353,9,1658,n49353,θῡμᾱρ-έω,,,809,,"[""to be well-pleased, Theoc. 26.9 .""]","[""to be well-pleased""]",[],[],[],{},[],1,1,0,0,0,1,1,0,0
49354,9,1659,n49354,θῡμᾱρ-ής,Adv.,,809,,"[""suiting the heart, i.e.well-pleasing, delightful, ἄλοχον θυμαρέα Il. 9.336 , Od. 23.232 ; σκῆπτρον θ. ἔδωκεν 17.199 : irreg. acc. θυμάρην ὄλβον IG 14.433 (Tauromenium):—also θυμήρης,ες(on the accent v.Hdn.Gr. 2.65 , al.), Hom. only in neut. as Adv., θυμῆρες κεράσασα Od. 10.362 : as Adj., ἔπος A.R. 1.705 ; ἑταῖραι Mosch. 2.29 : also in later Prose, Luc. Am. 43 , Hdn. 8.5.9 : Comp. , LXX Wi. 3.14 : Sup. , Ph. 2.36 , Sch. Nic. Al. 577 , and in form θυμερέστατος(sic) BCH 27.330 (Bithynia).Adv. -ήρως Heph.Astr. 3.11 .""]","[""suiting the heart"",""well-pleasing, delightful""]","[""θυμός, ἀραρίσκω""]","[{""biblio"":"""",""quote"":""ἄλοχον θυμαρέα""},{""biblio"":""Il. | 9.336"",""quote"":""ἄλοχον θυμαρέα Il. 9.336""},{""biblio"":"""",""quote"":""σκῆπτρον θ. ἔδωκεν""},{""biblio"":""17.199"",""quote"":""σκῆπτρον θ. ἔδωκεν 17.199""},{""biblio"":"""",""quote"":""θυμάρην ὄλβον""},{""biblio"":""IG | 14.433"",""quote"":""θυμάρην ὄλβον IG 14.433""},{""biblio"":"""",""quote"":""θυμῆρες κεράσασα""},{""biblio"":""Od. | 10.362"",""quote"":""θυμῆρες κεράσασα Od. 10.362""},{""biblio"":"""",""quote"":""ἔπος""},{""biblio"":""A.R. | 1.705"",""quote"":""ἔπος A.R. 1.705""},{""biblio"":"""",""quote"":""ἑταῖραι""},{""biblio"":""Mosch. | 2.29"",""quote"":""ἑταῖραι Mosch. 2.29""},{""biblio"":"""",""quote"":""-ήρως""},{""biblio"":""Heph.Astr. | 3.11"",""quote"":""-ήρως Heph.Astr. 3.11""}]","[""17.199"",""A.R. | 1.705"",""Heph.Astr. | 3.11"",""IG | 14.433"",""Il. | 9.336"",""Mosch. | 2.29"",""Od. | 10.362""]",{},[],1,1,1,1,0,1,2,1,14
49355,9,1660,n49355,θῡμάρμενος,,,809,,"[""τέρας B. 16.71 , cf. Nic. Al. 577 , Call. Dian. 167 .""]",[],[],"[{""biblio"":"""",""quote"":""τέρας""},{""biblio"":""B. | 16.71"",""quote"":""τέρας B. 16.71""}]","[""B. | 16.71""]",{},[],1,0,0,1,0,1,0,0,2
49356,9,1661,n49356,θύμαρνον,,τό,809,,"[""θύμαρνον,τό,=ἱππομάραθον, Ps.- Dsc. 3.71 .""]",[],[],[],[],{},[],1,0,0,0,0,1,0,0,0
49357,9,1662,n49357,θῡμάτιον,,τό,809,,"[""θῡμάτιον,τό, Dim. of θῦμα,Gloss.""]",[],[],[],[],{},[],1,0,0,0,0,1,0,0,0
49358,9,1663,n49358,θυματῖτις,,ἡ,809,,"[""θυματῖτις,ιδος,ἡ,=πεντάφυλλον,v.l. in Ps.- Dsc. 4.42 .""]",[],[],[],[],{},[],1,0,0,0,0,1,0,0,0
49359,9,1664,n49359,θύμβρα,,ἡ,809,,"[""savory, Satureia Thymbra, Eup. 14.5 , Thphr. CP 3.1.4 , Dsc. 3.37 , Plin. HN 19.165 :—also θυμβραία,ἡ, Hp. ap. Gal. 19.104 (but θύμβρη or -ίην Nat.Mul. 32 codd.).""]","[""savory, Satureia Thymbra""]",[],"[{""biblio"":"""",""quote"":""-ίην""},{""biblio"":""Nat.Mul. | 32"",""quote"":""-ίην Nat.Mul. 32""}]","[""Nat.Mul. | 32""]",{},[],1,1,0,1,0,1,1,0,2
49360,9,1665,n49360,θυμβρεπίδειπνος,,,809,,"[""supping on bitter herbs, i.e.living poorly, Ar. Nu. 421 .""]","[""supping on bitter herbs"",""living poorly""]",[],[],[],{},[],1,1,0,0,0,1,2,0,0
49361,9,1666,n49361,Θύμβρις,,ἡ,809,,"[""the Tiber, AP 9.352 ( Leon. Alex. ), D.P. 352 sq.; cf.Θυβριάς.""]","[""the Tiber,""]",[],[],[],{},[],1,1,0,0,0,1,1,0,0
49362,9,1667,n49362,θυμβρίτης,,ὁ,809,,"[""flavoured with savory, Dsc. 5.50 .""]","[""flavoured with savory""]",[],[],[],{},[],1,1,0,0,0,1,1,0,0
49363,9,1668,n49363,θύμβρον,,τό,809,,"[""θύμβρον,τό,=θύμβρα, Thphr. HP 7.1.2 , Sch. Ar. Ach. 253 .""]",[],[],[],[],{},[],1,0,0,0,0,1,0,0,0
49364,9,1669,n49364,θυμβροφάγος,,,809,,"[""eating savory,θυμβροφάγον βλέπειν to look as if one had eaten savory, 'make a verjuice face', Ar. Ach. 254 .""]","[""eating savory"",""as if one had eaten savory"",""verjuice face""]",[],[],[],{},[],1,1,0,0,0,1,3,0,0
49365,9,1670,n49365,θυμβρώδης,,,809,,"[""like savory, Thphr. HP 6.7.5 .""]","[""like savory""]",[],[],[],{},[],1,1,0,0,0,1,1,0,0
49366,9,1671,n49366,θῠμελαία,,ἡ,809,,"[""spurge-flax, Daphne Cnidium, Dsc. 4.172 , Plin. HN 13.114 :—hence θῡμᾱρ-αί̈της[ῑ] οἶνος,ὁ , wine flavoured with θυμελαία, Dsc. 5.68 .""]","[""spurge-flax, Daphne Cnidium"",""flavoured with""]",[],[],[],{},[],1,1,0,0,0,1,2,0,0
49367,9,1672,n49367,θῠμέλ-η,,ἡ,809,,"[""place of burning, hearth, θυμέλαι οἴκων E. Rh. 234 (lyr.), cf. A. Supp. 669 (lyr.); Κυκλώπων θυμέλαι E. IA 152 (anap.); but usu. of sacrificial hearths or altars,δεξίπυροι θεῶν θ. Id. Supp. 64 (lyr.);ἁ Φοίβου θ. Id. Ion 114 (lyr.), cf. 46 , al.;Ἑστία, δίδου . . ἀμφὶ σὰν θ. χορεύειν Aristonous 2.17 ; also of braziers, θυμέλαι ἐπίτναντο χρυσήλατοι E. El. 713 (lyr.);ἡ θ. τοῦ βωμοῦ the surface on which fire was kindled, IG 11(2).161 A 95 (Delos,iii B.C.)."",""esp. of the altar of Dionysus which stood in the orchestra of the theatre,Διονυσιὰς θ. Pratin.Lyr. 1.2 , cf. EM 743.37 , etc.: hence in later writers,"",""the orchestra, Phryn. 142 , Sch.Arist Id. p.536 D. : hence of the chorus, opp. actors,θυμέλῃσι καὶ ἐν σκηνῇσι τεθηλώς, of Sophocles, AP 7.21 ( Simm. ); cf. sq."",""the stage, Phryn. PS p.74 B.,EM 653.8 , etc. (hence generally,platform, stage, Plu. Alex. 67 ); so ὁ ἀπὸ τῆς θ., of a dramatic poet, Id. Demetr. 12 , etc.;ὥσπερ ἐκ θ., i.e. theatrical, Id. 2.405d ; actuarii thymelae equorumque currulium, Cod.Theod. 8.7.21 ."",""αἱ ἐτήσιοι θ. annual stage-performances, Alciphr. 2.3 , cf. POxy. 1143.3 (i A.D.), IG 14.2342 ."",""of the θόλος at Epidaurus (containing a hearth or altar), ib. 4.1485 B 162 ."",""= θυλήματα , Pherecr. 214 .""]","[""place of burning, hearth"",""sacrificial hearths"",""altars"",""braziers"",""altar"",""orchestra"",""stage"",""platform, stage"",""stage-performances"",""hearth"",""altar""]",[],"[{""biblio"":"""",""quote"":""θυμέλαι οἴκων""},{""biblio"":""E. | Rh. | 234"",""quote"":""θυμέλαι οἴκων E. Rh. 234""},{""biblio"":"""",""quote"":""Κυκλώπων θυμέλαι""},{""biblio"":""E. | IA | 152"",""quote"":""Κυκλώπων θυμέλαι E. IA 152""},{""biblio"":"""",""quote"":""χορεύειν""},{""biblio"":""Aristonous | 2.17"",""quote"":""χορεύειν Aristonous 2.17""},{""biblio"":"""",""quote"":""θυμέλαι ἐπίτναντο χρυσήλατοι""},{""biblio"":""E. | El. | 713"",""quote"":""θυμέλαι ἐπίτναντο χρυσήλατοι E. El. 713""}]","[""Aristonous | 2.17"",""E. | El. | 713"",""E. | IA | 152"",""E. | Rh. | 234""]",{},"[{""type"":""ref"",""target"":"""",""text"":""θυλήματα""},{""type"":"""",""target"":"""",""text"":""= θυλήματα""}]",1,1,0,1,1,7,11,0,8
49368,9,1673,n49368,θῠμελ-ικός,,,809,,"[""of or belonging to the thymele, theatrical,θέαι, ἄνθρωποι, Plu. Fab. 4 , Sull. 36 ; θ. ἔρις Com.Adesp. 57 ;τὸ θ.theatrical, vulgar style, Plu. 2.853b ; of performances of music, dancing, etc.,in the orchestra(cf. foreg. 11 .b); θ. ἀγών SIG 457.1 (Thespiae,iii B.C.), cf. D.S. 4.5 , CIG 3493.11 (Thyatira), etc.; θ. ἀκροάματα Corn. ND 30 ;οἱ θ.the musicians, opp.οἱ σκηνικοί, the actors, Plu. Cat.Mi. 46 ; opp.ὑποκριταί, Ptol. Tetr. 180 (but later of actors, Jul. Ep. 89b , Cod.Just. 1.4.14 );ἡ θ. σύνοδος the company of θ., IG 22.1350 , OGI 713 , etc.""]","[""of"",""belonging to the thymele, theatrical"",""theatrical, vulgar"",""in the orchestra"",""the musicians"",""actors""]",[],"[{""biblio"":"""",""quote"":""θ. ἔρις""},{""biblio"":""Com.Adesp. | 57"",""quote"":""θ. ἔρις Com.Adesp. 57""},{""biblio"":"""",""quote"":""θ. ἀγών""},{""biblio"":""SIG | 457.1"",""quote"":""θ. ἀγών SIG 457.1""},{""biblio"":"""",""quote"":""θ. ἀκροάματα""},{""biblio"":""Corn. | ND | 30"",""quote"":""θ. ἀκροάματα Corn. ND 30""}]","[""Com.Adesp. | 57"",""Corn. | ND | 30"",""SIG | 457.1""]",{},[],1,1,0,1,0,1,6,0,6
49369,9,1674,n49369,θῠμελο-ποιοί,,οἱ,809,,"[""board of curators of the θυμέλη 111 at Epidaurus, IG 4.1485 B 142 : also dat. pl.-ποίαις(from θῠμελο-ποίης) ib. 134 , 139 .""]","[""board of curators of the""]",[],"[{""biblio"":"""",""quote"":""θυμέλη""},{""biblio"":""111"",""quote"":""θυμέλη 111""}]","[""111""]",{},[],1,1,0,1,0,1,1,0,2
49370,9,1675,n49370,θῡμ-ηγερέων,,,809,,"[""gathering breath, collecting oneself, Od. 7.283 .""]","[""gathering breath, collecting oneself""]","[""θυμός, ἀγείρω""]",[],[],{},[],1,1,1,0,0,1,1,1,0
49371,9,1676,n49371,θῡμ-ηδέω,,,809,,"[""to be glad-hearted, Semon. 7.103 ; ἐπί τινι Hld. 10.3 .""]","[""to be glad-hearted""]",[],"[{""biblio"":"""",""quote"":""ἐπί τινι""},{""biblio"":""Hld. | 10.3"",""quote"":""ἐπί τινι Hld. 10.3""}]","[""Hld. | 10.3""]",{},[],1,1,0,1,0,1,1,0,2
49372,9,1677,n49372,θῡμ-ηδής,,ἡ,809,,"[""well-pleasing, dear, χρήματα Od. 16.389 ; νόστοιο τέλος A.R. 1.249 ; τὰ λῷστα καὶ τὰ -έστατα A. Supp. 962 ; παῖδας Epigr.Gr. 403.7 (Sebastopolis);θ. ἀναθυμιάσεις cj. for θυμώδεις in Herod.Med. ap. Orib. 10.40.1 .-ηδία, Ion. -ιη, ἡ,gladness of heart, rejoicing, Eup. 161 , Call. Fr. 2 P., Plu. 2.713d , Aret. SD 1.5 , Chor.in Rev.Phil. 1.225 : pl., Ph. 2.548 , Luc. Abd. 5 , D.C. 47.1 .""]","[""well-pleasing, dear"",""gladness of heart, rejoicing""]","[""ἦδος""]","[{""biblio"":"""",""quote"":""χρήματα""},{""biblio"":""Od. | 16.389"",""quote"":""χρήματα Od. 16.389""},{""biblio"":"""",""quote"":""νόστοιο τέλος""},{""biblio"":""A.R. | 1.249"",""quote"":""νόστοιο τέλος A.R. 1.249""},{""biblio"":"""",""quote"":""τὰ λῷστα καὶ τὰ -έστατα""},{""biblio"":""A. | Supp. | 962"",""quote"":""τὰ λῷστα καὶ τὰ -έστατα A. Supp. 962""},{""biblio"":"""",""quote"":""παῖδας""},{""biblio"":""Epigr.Gr. | 403.7"",""quote"":""παῖδας Epigr.Gr. 403.7""}]","[""A. | Supp. | 962"",""A.R. | 1.249"",""Epigr.Gr. | 403.7"",""Od. | 16.389""]",{},[],1,1,1,1,0,1,2,1,8
49373,9,1678,n49373,θῡμ-ήρης,,,809,,"[""v. θυμαρής .""]",[],[],[],[],{},"[{""type"":""ref"",""target"":"""",""text"":""θυμαρής""},{""type"":"""",""target"":"""",""text"":""v. θυμαρής""}]",1,0,0,0,1,1,0,0,0
49374,9,1679,n49374,θῡμία,,ἡ,809,,"[""θυμίαμα, -ίῃσι κακώδεσι Aret. SD 2.11 .""]",[],[],"[{""biblio"":"""",""quote"":""θυμίαμα, -ίῃσι κακώδεσι""},{""biblio"":""Aret. | SD | 2.11"",""quote"":""θυμίαμα, -ίῃσι κακώδεσι Aret. SD 2.11""}]","[""Aret. | SD | 2.11""]",{},[],1,0,0,1,0,1,0,0,2
49375,9,1680,n49375,θῡμι-άζω,,,809,,"[""θῡμι-άζω,=-ιάω, Gp. 12.8.8 .""]",[],[],[],[],{},[],1,0,0,0,0,1,0,0,0
49376,9,1681,n49376,θῡμι-αίνω,,,809,,"[""θῡμι-αίνω,=-ιάω,Gloss.""]",[],[],[],[],{},[],1,0,0,0,0,1,0,0,0
49377,9,1682,n49377,θῡμί-ᾱμα,,τό,809,,"[""incense, Hdt. 1.198 , Amphis 27 , PTeb. 112.22 (ii B.C.), Phld. Vit. p.37J. ; name of a particular kind (perh.=ἀμμωνιακόν),Edict.Diocl, in Ἀθηνᾶ 18.6 (Tegea): usu. in pl.,fragrant stuffs for burning, Hdt. 2.130 , 7.54 , S. OT 4 , Ar. Av. 1716 , Pl. R. 373c , IG 5(2).514 (Lycosura), Apoc. 5.8 ;-ιάματα ἑρπετῶν fumigations, Philum. Ven. 6 tit."",""stuff for embalming, Hdt. 2.86 , 4.71 .""]","[""incense"",""fragrant stuffs"",""fumigations"",""stuff for embalming""]",[],"[{""biblio"":"""",""quote"":""Ἀθηνᾶ""},{""biblio"":""18.6"",""quote"":""Ἀθηνᾶ 18.6""}]","[""18.6""]",{},[],1,1,0,1,0,2,4,0,2
49378,9,1683,n49378,θῡμί-ᾱσις,,ἡ,809,,"[""fumigating, Dsc. 1.98 , Antyll. ap. Orib. 10.19.1 ."",""passing off in fumes, Arist. Mete. 387a30 ; τῶν ἀπὸ γῆς Porph. Abst. 2.5 .""]","[""fumigating"",""passing off in fumes""]",[],"[{""biblio"":"""",""quote"":""τῶν ἀπὸ γῆς""},{""biblio"":""Porph. | Abst. | 2.5"",""quote"":""τῶν ἀπὸ γῆς Porph. Abst. 2.5""}]","[""Porph. | Abst. | 2.5""]",{},[],1,1,0,1,0,2,2,0,2
49379,9,1684,n49379,θῡμι-ᾱτέον,,,809,,"[""one must fumigate, Gp. 6.10 , Paul.Aeg. 6.75 .""]","[""one must fumigate,""]",[],[],[],{},[],1,1,0,0,0,1,1,0,0
49380,9,1685,n49380,θῡμι-ᾱτεύω,,,809,,"[""fumigate,τὴν ἐκκλησίαν Sch. Aeschin. 1.23 .""]","[""fumigate""]",[],[],[],{},[],1,1,0,0,0,1,1,0,0
49381,9,1686,n49381,θῡμι-ᾱτήριον,,τό,809,,"[""censer, Hdt. 4.162 , Th. 6.46 , And. 4.29 , POxy. 521.19 (ii A.D.), etc."",""vessel for fumigation, Aë. 9.41 ."",""name of the constellation Ara, Eudox. ap. Hipparch. 1.11.6 , Ptol. Tetr. 28 , etc.""]","[""censer"",""vessel for fumigation""]",[],[],[],{},[],1,1,0,0,0,3,2,0,0
49382,9,1687,n49382,θῡμι-ᾱτίζω,,,809,,"[""good for burning as incense, σώματα Pl. Ti. 61c .""]","[""good for burning as incense""]",[],"[{""biblio"":"""",""quote"":""σώματα""},{""biblio"":""Pl. | Ti. | 61c"",""quote"":""σώματα Pl. Ti. 61c""}]","[""Pl. | Ti. | 61c""]",{},[],1,1,0,1,0,1,1,0,2
49383,9,1688,n49383,θῡμι-ᾱτός,,,809,,"[""to be burnt as incense, Hp. Mul. 2.114 ;πᾶν τὸ θ. Thphr. Od. 12 ;capable of giving off fumes, Arist. Mete. 387b7 : pl.,θυμιητά,=θυμιάματα, Aret. SD 2.11 .""]","[""to be burnt as incense"",""capable of giving off fumes""]",[],[],[],{},[],1,1,0,0,0,1,2,0,0
49384,9,1689,n49384,θῡμι-ᾱτρίς,,ἡ,809,,"[""θῡμι-ᾱτρίς,ίδος,ἡ,=θυμιατήριον, Dam. Isid. 188 .""]",[],[],[],[],{},[],1,0,0,0,0,1,0,0,0
49385,9,1690,n49385,θῡμί-ατρον,,τό,809,,"[""θῡμί-ατρον,τό,=foreg., SIG 577.31 (Milet.,iii/ii B.C.).""]",[],[],[],[],{},[],1,0,0,0,0,1,0,0,0
49386,9,1691,n49386,θῡμι-άω,,,809,,"[""ἐθυμίησα Hippon. 92 , Hdt. 6.97 :— Med. , Ion. fut. -ήσομαι Hp. Mul. 2.126 :aor. ἐθυμιησάμην ib. 146 , Nat.Mul. 7 (but -ασάμην Morb. 2.27 ):— Pass. ,fut. -ᾱθήσομαι Dsc. 1.68.6 :aor. ἐθυμιάθην ib. 5 :—burn so as to produce smoke, θ. τὴν στύρακα Hdt. 3.107 ; λιβανωτοῦ τριηκόσια τάλαντα Id. 6.97 ; θυμιήματα Id. 8.99 ; λιβάνου δάκρυα Pi. Fr. 122.4 : abs.,burn incense, Hermipp. 8 , Men. Sam. 264 , LXX 4 Ki. 22.17 , al., OGI 352.37 (ii B.C.), etc.;τινι in honour of any one, Ath. 7.289f :— Med. , Ael. VH 12.51 :— Pass. ,to be burnt, [τὸ σπέρμα τῆς καννάβιος] θυμιᾶται( v.l. -ῆται ) Hdt. 4.75 ; λίθος . . τεθυμιαμένος Ar. Fr. 635 ;pass off in fumes, Arist. Mete. 362a11 ; θυμιωμένων τινῶν Pl. Ti. 66d ."",""smoke, fumigate, τί τινι PMag.Par. 1.2970 :— Med. , Hp.ll.cc.:— Pass. , θυμιώμεναι μέλισσαι Arist. HA 623b20 ."",""intr.,smoke, ἄνθρακες θυμιῶντες Thphr. Ign. 75 .""]","[""burn so as to produce smoke"",""burn incense"",""to be burnt"",""pass off in fumes"",""smoke, fumigate"",""smoke""]",[],"[{""biblio"":"""",""quote"":""ἐθυμίησα""},{""biblio"":""Hippon. | 92"",""quote"":""ἐθυμίησα Hippon. 92""},{""biblio"":"""",""quote"":""-ήσομαι""},{""biblio"":""Hp. | Mul. | 2.126"",""quote"":""-ήσομαι Hp. Mul. 2.126""},{""biblio"":"""",""quote"":""-ασάμην""},{""biblio"":""Morb. | 2.27"",""quote"":""-ασάμην Morb. 2.27""},{""biblio"":"""",""quote"":""-ᾱθήσομαι""},{""biblio"":""Dsc. | 1.68.6"",""quote"":""-ᾱθήσομαι Dsc. 1.68.6""},{""biblio"":"""",""quote"":""θ. τὴν στύρακα""},{""biblio"":""Hdt. | 3.107"",""quote"":""θ. τὴν στύρακα Hdt. 3.107""},{""biblio"":"""",""quote"":""λιβανωτοῦ τριηκόσια τάλαντα""},{""biblio"":""Id. | 6.97"",""quote"":""λιβανωτοῦ τριηκόσια τάλαντα Id. 6.97""},{""biblio"":"""",""quote"":""θυμιήματα""},{""biblio"":""Id. | 8.99"",""quote"":""θυμιήματα Id. 8.99""},{""biblio"":"""",""quote"":""λιβάνου δάκρυα""},{""biblio"":""Pi. | Fr. | 122.4"",""quote"":""λιβάνου δάκρυα Pi. Fr. 122.4""},{""biblio"":"""",""quote"":""λίθος . . τεθυμιαμένος""},{""biblio"":""Ar. | Fr. | 635"",""quote"":""λίθος . . τεθυμιαμένος Ar. Fr. 635""},{""biblio"":"""",""quote"":""θυμιωμένων τινῶν""},{""biblio"":""Pl. | Ti. | 66d"",""quote"":""θυμιωμένων τινῶν Pl. Ti. 66d""},{""biblio"":"""",""quote"":""τί τινι""},{""biblio"":""PMag.Par. | 1.2970"",""quote"":""τί τινι PMag.Par. 1.2970""},{""biblio"":"""",""quote"":""θυμιώμεναι μέλισσαι""},{""biblio"":""Arist. | HA | 623b20"",""quote"":""θυμιώμεναι μέλισσαι Arist. HA 623b20""},{""biblio"":"""",""quote"":""ἄνθρακες θυμιῶντες""},{""biblio"":""Thphr. | Ign. | 75"",""quote"":""ἄνθρακες θυμιῶντες Thphr. Ign. 75""}]","[""Ar. | Fr. | 635"",""Arist. | HA | 623b20"",""Dsc. | 1.68.6"",""Hdt. | 3.107"",""Hippon. | 92"",""Hp. | Mul. | 2.126"",""Id. | 6.97"",""Id. | 8.99"",""Morb. | 2.27"",""PMag.Par. | 1.2970"",""Pi. | Fr. | 122.4"",""Pl. | Ti. | 66d"",""Thphr. | Ign. | 75""]",{},"[{""type"":""ref"",""target"":"""",""text"":""-ῆται""},{""type"":"""",""target"":"""",""text"":""v.l. -ῆται""}]",1,1,0,1,1,3,6,0,26
49387,9,1692,n49387,θῡμίδιον,,τό,809,,"[""θῡμίδιον,τό, Dim. of θυμός, Ar. V. 878 .""]",[],[],[],[],{},[],1,0,0,0,0,1,0,0,0
49388,9,1693,n49388,θῠμίζω,,,809,,"[""taste of thyme, Archig. ap. Orib. 8.1.32 :— Pass. ,to be embittered,θυμιχθείς: πικρανθείς, Hsch.""]","[""taste of thyme"",""to be embittered""]",[],[],[],{},[],1,1,0,0,0,1,2,0,0
49389,9,1694,n49389,θῡμικός,Adv.,,809,,"[""high-spirited, of the dog, Arist. HA 488b21 : τὸ ἄρρεν -ώτερον Id. PA 661b33 : Sup. , D.C. 49.36 ."",""= θυμοειδής 3 , Pl. Def. 415e , Arist. de An. 432a25 , Phld. Oec. p.33 J. , Hierocl. in CA 26p.480M."",""irascible, Ath. 2.38b ; θ. καὶ ὀξύθυμοι οἱ νέοι Arist. Rh. 1389a9 ."",""Adv. -κῶς Plb. 18.37.12 : Comp. -ώτερον Id. 7.13.3 , Cic. Att. 10.11.5 .""]","[""high-spirited"",""irascible""]","[""θυμός""]","[{""biblio"":"""",""quote"":""τὸ ἄρρεν -ώτερον""},{""biblio"":""Id. | PA | 661b33"",""quote"":""τὸ ἄρρεν -ώτερον Id. PA 661b33""},{""biblio"":"""",""quote"":""θ. καὶ ὀξύθυμοι οἱ νέοι""},{""biblio"":""Arist. | Rh. | 1389a9"",""quote"":""θ. καὶ ὀξύθυμοι οἱ νέοι Arist. Rh. 1389a9""},{""biblio"":"""",""quote"":""-κῶς""},{""biblio"":""Plb. | 18.37.12"",""quote"":""-κῶς Plb. 18.37.12""},{""biblio"":"""",""quote"":""-ώτερον""},{""biblio"":""Id. | 7.13.3"",""quote"":""-ώτερον Id. 7.13.3""}]","[""Arist. | Rh. | 1389a9"",""Id. | 7.13.3"",""Id. | PA | 661b33"",""Plb. | 18.37.12""]",{},"[{""type"":""ref"",""target"":"""",""text"":""θυμοειδής""},{""type"":"""",""target"":"""",""text"":""= θυμοειδής""}]",1,1,1,1,1,4,2,1,8
49390,9,1695,n49390,θύμινον,,,809,,"[""honey made from thyme, Colum. 6.33 ,Gloss., Apul. Herb. p.294 H.- S.""]","[""honey made from thyme""]",[],[],[],{},[],1,1,0,0,0,1,1,0,0
49391,9,1696,n49391,θύμιον,,τό,809,,"[""large wart, Hp. Ulc. 14 , Dsc. 5.1 , Plin. HN 32.128 .""]","[""large wart""]",[],[],[],{},[],1,1,0,0,0,1,1,0,0
49392,9,1697,n49392,θῠμίτης,,ὁ,809,,"[""flavoured with thyme, ἅλες Ar. Ach. 1099 ; οἶνος Dsc. 5.49 .""]","[""flavoured with thyme""]","[""θύμον""]","[{""biblio"":"""",""quote"":""ἅλες""},{""biblio"":""Ar. | Ach. | 1099"",""quote"":""ἅλες Ar. Ach. 1099""},{""biblio"":"""",""quote"":""οἶνος""},{""biblio"":""Dsc. | 5.49"",""quote"":""οἶνος Dsc. 5.49""}]","[""Ar. | Ach. | 1099"",""Dsc. | 5.49""]",{},[],1,1,1,1,0,1,1,1,4
49393,9,1698,n49393,θῡμο-βᾰρής,,,809,,"[""heavy at heart, AP 7.146 (Antip. Sid.):—fem.θῡμο-βάρεια EM 458.24 .""]","[""heavy at heart,""]",[],[],[],{},[],1,1,0,0,0,1,1,0,0
49394,9,1699,n49394,θῡμο-βορέω,,,809,,"[""gnaw, vex the heart, Hes. Op. 799 .""]","[""gnaw, vex the heart""]",[],[],[],{},[],1,1,0,0,0,1,1,0,0
49395,9,1700,n49395,θῡμο-βόρος,,,809,,"[""eating the heart, θυμοβόρῳ ἔριδι Il. 19.58 , al.; λύα Alc. Supp. 23.10 ; Κῆρες A.R. 4.1666 ;τῆς θυμοβόρου φρένα λύπης cj. for θυμοφθόρον in A. Ag. 103 (anap.).""]","[""eating the heart""]","[""βιβρώσκω, βορά""]","[{""biblio"":"""",""quote"":""θυμοβόρῳ ἔριδι""},{""biblio"":""Il. | 19.58"",""quote"":""θυμοβόρῳ ἔριδι Il. 19.58""},{""biblio"":"""",""quote"":""λύα""},{""biblio"":""Alc. | Supp. | 23.10"",""quote"":""λύα Alc. Supp. 23.10""},{""biblio"":"""",""quote"":""Κῆρες""},{""biblio"":""A.R. | 4.1666"",""quote"":""Κῆρες A.R. 4.1666""}]","[""A.R. | 4.1666"",""Alc. | Supp. | 23.10"",""Il. | 19.58""]",{},[],1,1,1,1,0,1,1,1,6
49396,9,1701,n49396,θῡμο-δᾰκής,,,809,810,"[""biting the heart, θ. γὰρ μῦθος Od. 8.185 ; ζάλου κέντρον AP 9.77 (Antip. Thess.): in late Prose, μῦθοι Aret. CA 1.1 , cf. Jul. Or. 2 . 96a .""]","[""biting the heart""]",[],"[{""biblio"":"""",""quote"":""θ. γὰρ μῦθος""},{""biblio"":""Od. | 8.185"",""quote"":""θ. γὰρ μῦθος Od. 8.185""},{""biblio"":"""",""quote"":""ζάλου κέντρον""},{""biblio"":""AP | 9.77"",""quote"":""ζάλου κέντρον AP 9.77""},{""biblio"":"""",""quote"":""μῦθοι""},{""biblio"":""Aret. | CA | 1.1"",""quote"":""μῦθοι Aret. CA 1.1""}]","[""AP | 9.77"",""Aret. | CA | 1.1"",""Od. | 8.185""]",{},[],1,1,0,1,0,1,1,0,6
49397,9,1702,n49397,θῡμο-ειδής,Adv.,,809,,"[""high-spirited,τὸ θ. Hp. Aër. 12 ; opp.ἄθυμος, Pl. R. 456a ; opp.ὀργίλος, ib. 411c ."",""passionate, hot-tempered, opp.πραύ̈ς, ib. 375c ."",""of horses,mettled, X. Mem. 4.1.3 ; opp.εὐπειθέστατος, Id. Smp. 2.10 : Comp. , opp.βλακωδέστερος, Id. Eq. 9.1 ."",""Philos.,τὸ θ.spirit, passion, opp.τὸ λογιστικόν, τὸ ἐπιθυμητικόν, Pl. R. 440e , al., cf. D.L. 3.67 .Adv. -δῶς Hdn. 4.3.3 .""]","[""high-spirited"",""Aër."",""passionate, hot-tempered"",""mettled"",""spirit, passion""]",[],"[{""biblio"":"""",""quote"":""-δῶς""},{""biblio"":""Hdn. | 4.3.3"",""quote"":""-δῶς Hdn. 4.3.3""}]","[""Hdn. | 4.3.3""]",{},[],1,1,0,1,0,4,5,0,2
49398,9,1703,n49398,θῠμόεις,,,809,,"[""thymy, Choeril. 8 .""]","[""thymy""]",[],[],[],{},[],1,1,0,0,0,1,1,0,0
49399,9,1704,n49399,θῡμο-κατοχέω,,,809,,"[""nurse anger, cj. for θυμω κατοχουντα in Epicur. Sent.Vat. 62 ( Rh.Mus. 61.421 ).""]","[""nurse anger""]",[],[],[],{},[],1,1,0,0,0,1,1,0,0
49400,9,1705,n49400,θῡμο-κάτοχος,Subst.,,809,,"[""restraining anger: neut. as Subst.,spell for this purpose, PMag.Lond. 121.941 ,PMag. Osl. 1.35 . PMag.Par. 1.467 , 831 ; θ. πρὸς βασιλέας PMag.Leid.W. 6.38 .""]","[""restraining anger"",""spell for this purpose,"",""PMag. Osl.""]",[],"[{""biblio"":"""",""quote"":""θ. πρὸς βασιλέας""},{""biblio"":""PMag.Leid.W. | 6.38"",""quote"":""θ. πρὸς βασιλέας PMag.Leid.W. 6.38""}]","[""PMag.Leid.W. | 6.38""]",{},[],1,1,0,1,0,1,3,0,2
49401,9,1706,n49401,θῡμο-λέαινα,,ἡ,809,,"[""θῡμο-λέαινα,ἡ, fem. of θυμολέων, AP 5.299 (Paul. Sil.).""]",[],[],[],[],{},[],1,0,0,0,0,1,0,0,0
49402,9,1707,n49402,θῡμο-λεοντοφθόρος,,,809,,"[""bold enough to slay a lion, PMasp. 2iii22 (vi A.D.).""]","[""bold enough to slay a lion,""]",[],[],[],{},[],1,1,0,0,0,1,1,0,0
49403,9,1708,n49403,θῡμο-λέων,,ὁ,809,,"[""lion-hearted, of Achilles, Il. 7.228 , Hes. Th. 1007 ; of Ulysses,πόσιν ἀπώλεσα θ. Od. 4.724 ; of Hercules, 11.267 , cf. Ar. Ra. 1041 (anap.).""]","[""lion-hearted""]",[],[],[],{},[],1,1,0,0,0,1,1,0,0
49404,9,1709,n49404,θῡμο-λῐπής,,,809,,"[""= λιπόθυμος , Call. Fr. 1.55P. , Nonn. D. 37.540 .""]",[],[],[],[],{},"[{""type"":""ref"",""target"":"""",""text"":""λιπόθυμος""},{""type"":"""",""target"":"""",""text"":""= λιπόθυμος""}]",1,0,0,0,1,1,0,0,0
49405,9,1710,n49405,θῡμό-μαντις,,ὁ,809,,"[""prophesying from one's own soul, A. Pers. 224 (troch.); cf.θυμόσοφος.""]","[""prophesying from one's own soul""]",[],[],[],{},[],1,1,0,0,0,1,1,0,0
49406,9,1711,n49406,θῡμο-μᾰχέω,,,809,,"[""to be angry, Plb. 9.40.4 ; ἐπί τινι Id. 27.8.4 ; πρός τινας Plu. Demetr. 22 ;τισι Act.Ap. 12.20 ."",""fight desperately, D.S. 17.33 ;contend obstinately,τινι D.H. 5.11 .""]","[""to be angry"",""fight desperately"",""contend obstinately""]",[],"[{""biblio"":"""",""quote"":""ἐπί τινι""},{""biblio"":""Id. | 27.8.4"",""quote"":""ἐπί τινι Id. 27.8.4""},{""biblio"":"""",""quote"":""πρός τινας""},{""biblio"":""Plu. | Demetr. | 22"",""quote"":""πρός τινας Plu. Demetr. 22""}]","[""Id. | 27.8.4"",""Plu. | Demetr. | 22""]",{},[],1,1,0,1,0,2,3,0,4
49407,9,1712,n49407,θῡμο-μᾰχία,,ἡ,809,,"[""desperate fight, Polyaen. 2.1.19 .""]","[""desperate fight""]",[],[],[],{},[],1,1,0,0,0,1,1,0,0
49408,9,1713,n49408,θύμον,,τό,809,,"[""θύμω Pherecr. 167 : pl., θύμα Eup. 14.5 , Antiph. 179.4 : gen. θύμων Ar. Pl. 283 ; θυμέων AP 9.226.2 (Zonas):—also θύμος,ὁ, Dsc. 3.36 :—Cretan thyme, Thymbra capitata, ll.cc., Hp. Vict. 2.54 , al.; τὸ μύρον φάσκειν οὐδὲν τοῦ θ. ἥδιον ὄζειν Thphr. Char. 4.1 ."",""a marine plant, Id. HP 4.7.2 ."",""mixture of thyme with honey and vinegar, eaten by the poor of Attica, Ar. Pl. 253 , cf. 283 , Antiph. 226.7 , Luc. Fug. 14 , Hsch.""]","[""Cretan thyme, Thymbra capitata"",""mixture of thyme with honey and vinegar""]",[],"[{""biblio"":"""",""quote"":""θύμω""},{""biblio"":""Pherecr. | 167"",""quote"":""θύμω Pherecr. 167""},{""biblio"":"""",""quote"":""θύμα""},{""biblio"":""Eup. | 14.5"",""quote"":""θύμα Eup. 14.5""},{""biblio"":"""",""quote"":""θύμων""},{""biblio"":""Ar. | Pl. | 283"",""quote"":""θύμων Ar. Pl. 283""},{""biblio"":"""",""quote"":""θυμέων""},{""biblio"":""AP | 9.226.2"",""quote"":""θυμέων AP 9.226.2""},{""biblio"":"""",""quote"":""τὸ μύρον φάσκειν οὐδὲν τοῦ θ. ἥδιον ὄζειν""},{""biblio"":""Thphr. | Char. | 4.1"",""quote"":""τὸ μύρον φάσκειν οὐδὲν τοῦ θ. ἥδιον ὄζειν Thphr. Char. 4.1""}]","[""AP | 9.226.2"",""Ar. | Pl. | 283"",""Eup. | 14.5"",""Pherecr. | 167"",""Thphr. | Char. | 4.1""]",{},[],1,1,0,1,0,3,2,0,10
49409,9,1714,n49409,θῠμ-οξ-άλμη,,ἡ,809,,"[""drink of thyme, vinegar, and brine, Dsc. 5.16 .""]","[""drink of thyme, vinegar, and brine""]",[],[],[],{},[],1,1,0,0,0,1,1,0,0
49410,9,1715,n49410,θῡμο-πληθής,,,809,,"[""wrathful, A. Th. 686 (lyr.).""]","[""wrathful""]",[],[],[],{},[],1,1,0,0,0,1,1,0,0
49411,9,1716,n49411,θῡμο-ποιέω,,,809,,"[""hearten, encourage, τὸ πλῆθος Satyr. Vit.Eur.Fr. 39iv31 .""]","[""hearten, encourage""]",[],"[{""biblio"":"""",""quote"":""τὸ πλῆθος""},{""biblio"":""Satyr. | Vit.Eur.Fr. | 39iv31"",""quote"":""τὸ πλῆθος Satyr. Vit.Eur.Fr. 39iv31""}]","[""Satyr. | Vit.Eur.Fr. | 39iv31""]",{},[],1,1,0,1,0,1,1,0,2
49412,9,1717,n49412,θῡμο-ρᾰϊστής,,ὁ,809,,"[""life-destroying, θάνατος Il. 13.544 , 16.414 ;δηί̈ων ὕπο θυμοραϊστέων ib. 591 . (θῡμο-ρραίστης Glauc. ap. Sch.B Il. 16.414 .)""]","[""life-destroying""]","[""ῥαίω""]","[{""biblio"":"""",""quote"":""θάνατος""},{""biblio"":""Il. | 13.544"",""quote"":""θάνατος Il. 13.544""}]","[""Il. | 13.544""]",{},[],1,1,1,1,0,1,1,1,2
49413,9,1718,n49413,θύμος,,ὁ,809,,"[""v. θύμον .""]",[],[],[],[],{},"[{""type"":""ref"",""target"":"""",""text"":""θύμον""},{""type"":"""",""target"":"""",""text"":""v. θύμον""}]",1,0,0,0,1,1,0,0,0
49414,9,1719,n49414,θύμος,,ὁ,809,,"[""warty excrescence, Hp. Alim. 17 , Dsc. 2.28 , Paul.Aeg. 6.71 ; esp. in the anal or genital regions, Gal. 7.731 ."",""the thymus gland in the neck or breast of young animals, Ruf. Onom. 168 , Gal. UP 6.4 .""]","[""warty excrescence"",""the thymus gland in the neck or breast""]",[],[],[],{},[],1,1,0,0,0,2,2,0,0
49415,9,1720,n49415,θῡμός,,ὁ,809,,"[""soul, spirit, as the principle of life, feeling and thought, esp.of strong feeling and passion(rightly derived from θύω(B) by Pl. Cra. 419e ἀπὸ τῆς θύσεως καὶ ζέσεως τῆς ψυχῆς):"",""in physical sense,breath, life,θ. ἀπηύρα, ἀφελέσθαι, ἐξαίνυσθαι, ὀλέσαι, freq. in Hom. , Il. 6.17 , 5.852 , 155 , 1.205 : c. dupl. acc., ἄμφω θ. ἀπηύρα 6.17 ; ἐπεί κε . . ῥεθέων ἐκ θ. ἕληται 22.68 ;λίπε δ' ὀστέα θ. 12.386 ;ἀπὸ δ' ἔπτατο θ. Od. 10.163 ; ὀλίγος δ' ἔτι θ. ἐνῆεν Il. 1.593 ; μόγις δ' ἐσαγείρετο θυμόν 21.417 ; ἄψορρόν οἱ θ. ἐνὶ στήθεσσιν ἀγέρθη 4.152 ; θυμοῦ καὶ ψυχῆς κεκαδών 11.334 ; of animals, 3.294 , 12.150 , etc.: less freq. in Trag., A. Ag. 1388 , E. Ba. 620 (troch.)."",""spirit, strength, τείρετο δ' ἀνδρῶν θ. ὑπ' εἰρεσίης Od. 10.78 ; ἐν δέ τε θ. τείρεθ' ὁμοῦ καμάτῳ τε καὶ ἱδρῷ Il. 17.744 ."",""πάτασσε δὲ θ. ἑκάστου each man's heart beat high, 23.370 , cf. 7.216 ."",""soul, as shown by the feelings and passions; and so,"",""desire or inclination, esp. desire for meat and drink,appetite, πιέειν ὅτε θ. ἀνώγοι Il. 4.263 ; πλησάμενος . . θυμὸν ἐδητύος ἠδὲ ποτῆτος Od. 17.603 : generally, τά με θ. ἐνὶ στήθεσσι κελεύει Il. 7.68 ;βαλέειν δέ ἑ ἵετο θ. 8.301 ; αἲ γάρ με μένος καὶ θ. ἀνείη 22.346 ;θ. ἐποτρύνῃ [τινά] Od. 9.139 ;θ. ἐπέσσυταί τινι, ἐφορμᾶται, Il. 1.173 , 13.73 ;ἤθελε θυμῷ he wished in his heart or with all his heart, 16.255 , 21.65 ; ἵετο θυμῷ 2.589 ; so later θυμῷ βουλόμενοι wishing with all their heart, Hdt. 5.49 ; [ ὄσσα ϝ] οι θ. κε θέλῃ γένεσθαι Sapph. Supp. 1.3 ; θυμὸς ὥρμα Pi. O. 3.25 , cf. 38 ; θυμὸς ἡδονὴν φέρει S. El. 286 ; ὧν ἐρᾷ θυμός Herod. 7.61 ; τῶν σφι θ. ἦν μάλιστα Hdt. 1.1 ; ἄλλως σφι θ. ἐγένετο θεήσασθαι τὸν πόλεμον Id. 8.116 , etc.: with Verb omitted, σὲ γάρ μοι θῦμος ὔμνην Alc. 5 ;ἄρχ' αὐτὸς ὥς σοι θ. S. El. 1319 ;ὅπου ὑμῖν θ. X. Cyr. 3.1.37 ; βῆξαι θυμός ἐγγίνεται Hp. Prog. 8 ."",""mind, temper, will,θ. πρόφρων, ἵλαος, Il. 8.39 , 9.639 ;θ. ὑπερφίαλος καὶ ἀπηνής, νηλέα θ. ἔχοντας, σιδήρεος θ., 15.94 , 19.229 , Od. 5.191 ;ἕνα θ. ἔχειν to be of one mind, Il. 15.710 , etc.; οὐδὲ λύκοι τε καὶ ἄρνες ὁμόφρονα θ. ἔχουσιν 22.263 ; ἕτερος δέ με θ. ἔρυκε Od. 9.302 ;ἐμὸν θ. ἔπειθεν ib. 33 ; θωπείας κολακικάς, αἳ . . τοὺς θ. ποιοῦσιν κηρίνους Pl. Lg. 633d ."",""spirit, courage,μένος καὶ θ. Il. 20.174 ; θ. ἐνὶ στήθεσσι λαβεῖν Od. 10.461 ;πᾶσιν δὲ παραὶ ποσὶ κάππεσε θ. Il. 15.280 ;ψῦχρος ἔγεντο θ., of doves, Sapph. 16 ; θ. ἔχειν ἀγαθόν Hdt. 1.120 ; θ. οὐκ ἀπώλεσεν S. El. 26 ; ὁ θυμὸς εὐθὺς ἦν Ἀμυνίας Ar. Eq. 570 ;ἴωμεν ῥώμῃ καὶ θυμῷ ἐπί. . X. Cyr. 4.2.21 ; φρονήματός τε καὶ θυμοῦ ἐμπίπλασθαι Pl. R. 411c : so in Philos., opp.λόγος, ἐπιθυμία, ib. 440b , al., cf. Arist. Pol. 1328a7 , 1327b24 , Phld. Mus. p.26K. , etc.; personified,Passion, Emotion, opp.Λογισμός, Cleanth.Stoic. 1.129 ."",""the seat of anger, χωόμενον κατὰ θυμόν Il. 1.429 ; νεμεσιζέσθω ἐνὶ θυμῷ 17.254 ; θυμὸν ἐχώσατο 16.616 , etc.: hence,anger, wrath, δάμασον θυμόν 9.496 ;εἴξας ᾧ θυμῷ ib. 598 ; θυμὸς μέγας ἐστὶ . . βασιλήων 2.196 ; θ. ὀξύς S. OC 1193 ; θ. κρείσσων τῶν ἐμῶν βουλευμάτων E. Med. 1079 , etc.;θυμῷ f.l. for θυμοῦ in S. Ant. 718 ; οἱ τῷ θ. πραχθέντες φόνοι Pl. Lg. 867b ; opp.λογισμός, Th. 2.11 , etc.;ἐπανάγειν τὸν θ. Hdt. 7.160 ; ἐκτείνειν And. 3.31 ; καταθέσθαι Ar. V. 567 ; δακεῖν Id. Nu. 1369 ; θυμῷ χρᾶσθαι Hdt. 1.137 , al.; ὀργῆς καὶ θυμοῦ μεστοί Isoc. 12.81 (so τὴν ὀργὴν καὶ τὸν θ., i.e. the outward manifestation of ὀ., Phld. Ir. p.90W. ); of horses, X. Eq. 9.2 : pl. (not earlier than Pl. ,f.l. in S. Aj. 718 (lyr.)),fits of anger, passions, περὶ φόβων τε καὶ θυμῶν Pl. Phlb. 40e ; οἵ τε θ. καὶ αἱ κολάσεις Id. Prt. 323e , cf. Arist. Rh. 1390a11 ."",""the heart, as the seat of the emotions, esp. joy or grief,χαῖρε, γήθησε δὲ θυμῷ, Il. 14.156 , 7.189 ; θ. ἐνὶ στήθεσσι γεγήθει 13.494 ; μιν ἄχος κραδίην καὶ θ. ἵκανεν 2.171 ;ἄχνυτο θ. 14.39 , etc.;δόκησε δ' ἄρα σφίσι θ. ὣς ἔμεν ὡς εἰ. . they felt as glad at heart as if . . , Od. 10.415 ;μηδ' ὀνίαισι δάμνα . . θ. Sapph. 1.4 ; of fear, δέος ἔμπεσε θυμῷ Il. 17.625 , cf. 8.138 ; of love, τὴν ἐκ θυμοῦ φίλεον 9.343 ; ἐκ θυμοῦ στέργοισα Theoc. 17.130 ;ἐμῷ κεχαρισμένε θυμῷ my heart's beloved, Il. 5.243 ; reversely,ἀπὸ θ. μᾶλλον ἐμοὶ ἔσεαι wilt be alien from my heart, 1.562 ;ἐκ θ. πεσέειν, i.e. to lose thy favour, 23.595 ; ἔρωτι θυμὸν ἐκπλαγεῖσα E. Med. 8 ; ἐκ θ. κλαῦσαι Philet. 11 ."",""mind, soul, as the seat of thought,ταῦθ' ὥρμαινε κατὰ φρένα καὶ κατὰ θ. Il. 1.193 , etc.;ᾔδεε γὰρ κατὰ θ. 2.409 , cf. 4.163 , etc.; φράζετο θυμῷ 16.646 ; ἐν θ. ἐβάλοντο ἔπος 15.566 ; τοὺς λόγους θυμῷ βάλε A. Pr. 706 ; εἰς θ. βαλεῖν τι S. OT 975 ;οὐκ ἐς θ. φέρω I bring him not into my mind or thoughts, Id. El. 1347 .""]","[""soul, spirit"",""the principle of life, feeling and thought"",""of strong feeling and passion"",""breath, life"",""spirit, strength"",""heart"",""soul"",""desire"",""inclination"",""appetite"",""in his heart"",""with all his heart"",""with all their heart"",""mind, temper, will"",""mind"",""spirit, courage"",""Passion, Emotion"",""the seat of anger"",""anger, wrath"",""fits of anger, passions"",""the heart"",""heart"",""heart's"",""heart"",""mind, soul, as the seat of thought"",""mind"",""thoughts""]",[],"[{""biblio"":"""",""quote"":""ἄμφω θ. ἀπηύρα""},{""biblio"":""6.17"",""quote"":""ἄμφω θ. ἀπηύρα 6.17""},{""biblio"":"""",""quote"":""ἐπεί κε . . ῥεθέων ἐκ θ. ἕληται""},{""biblio"":""22.68"",""quote"":""ἐπεί κε . . ῥεθέων ἐκ θ. ἕληται 22.68""},{""biblio"":"""",""quote"":""ὀλίγος δ' ἔτι θ. ἐνῆεν""},{""biblio"":""Il. | 1.593"",""quote"":""ὀλίγος δ' ἔτι θ. ἐνῆεν Il. 1.593""},{""biblio"":"""",""quote"":""μόγις δ' ἐσαγείρετο θυμόν""},{""biblio"":""21.417"",""quote"":""μόγις δ' ἐσαγείρετο θυμόν 21.417""},{""biblio"":"""",""quote"":""ἄψορρόν οἱ θ. ἐνὶ στήθεσσιν ἀγέρθη""},{""biblio"":""4.152"",""quote"":""ἄψορρόν οἱ θ. ἐνὶ στήθεσσιν ἀγέρθη 4.152""},{""biblio"":"""",""quote"":""θυμοῦ καὶ ψυχῆς κεκαδών""},{""biblio"":""11.334"",""quote"":""θυμοῦ καὶ ψυχῆς κεκαδών 11.334""},{""biblio"":"""",""quote"":""τείρετο δ' ἀνδρῶν θ. ὑπ' εἰρεσίης""},{""biblio"":""Od. | 10.78"",""quote"":""τείρετο δ' ἀνδρῶν θ. ὑπ' εἰρεσίης Od. 10.78""},{""biblio"":"""",""quote"":""ἐν δέ τε θ. τείρεθ' ὁμοῦ καμάτῳ τε καὶ ἱδρῷ""},{""biblio"":""Il. | 17.744"",""quote"":""ἐν δέ τε θ. τείρεθ' ὁμοῦ καμάτῳ τε καὶ ἱδρῷ Il. 17.744""},{""biblio"":"""",""quote"":""πιέειν ὅτε θ. ἀνώγοι""},{""biblio"":""Il. | 4.263"",""quote"":""πιέειν ὅτε θ. ἀνώγοι Il. 4.263""},{""biblio"":"""",""quote"":""πλησάμενος . . θυμὸν ἐδητύος ἠδὲ ποτῆτος""},{""biblio"":""Od. | 17.603"",""quote"":""πλησάμενος . . θυμὸν ἐδητύος ἠδὲ ποτῆτος Od. 17.603""},{""biblio"":"""",""quote"":""τά με θ. ἐνὶ στήθεσσι κελεύει""},{""biblio"":""Il. | 7.68"",""quote"":""τά με θ. ἐνὶ στήθεσσι κελεύει Il. 7.68""},{""biblio"":"""",""quote"":""αἲ γάρ με μένος καὶ θ. ἀνείη""},{""biblio"":""22.346"",""quote"":""αἲ γάρ με μένος καὶ θ. ἀνείη 22.346""},{""biblio"":"""",""quote"":""ἵετο θυμῷ""},{""biblio"":""2.589"",""quote"":""ἵετο θυμῷ 2.589""},{""biblio"":"""",""quote"":""ὄσσα ϝ] οι θ. κε θέλῃ γένεσθαι""},{""biblio"":""Sapph. | Supp. | 1.3"",""quote"":""ὄσσα ϝ] οι θ. κε θέλῃ γένεσθαι Sapph. Supp. 1.3""},{""biblio"":"""",""quote"":""θυμὸς ὥρμα""},{""biblio"":""Pi. | O. | 3.25"",""quote"":""θυμὸς ὥρμα Pi. O. 3.25""},{""biblio"":"""",""quote"":""θυμὸς ἡδονὴν φέρει""},{""biblio"":""S. | El. | 286"",""quote"":""θυμὸς ἡδονὴν φέρει S. El. 286""},{""biblio"":"""",""quote"":""ὧν ἐρᾷ θυμός""},{""biblio"":""Herod. | 7.61"",""quote"":""ὧν ἐρᾷ θυμός Herod. 7.61""},{""biblio"":"""",""quote"":""τῶν σφι θ. ἦν μάλιστα""},{""biblio"":""Hdt. | 1.1"",""quote"":""τῶν σφι θ. ἦν μάλιστα Hdt. 1.1""},{""biblio"":"""",""quote"":""ἄλλως σφι θ. ἐγένετο θεήσασθαι τὸν πόλεμον""},{""biblio"":""Id. | 8.116"",""quote"":""ἄλλως σφι θ. ἐγένετο θεήσασθαι τὸν πόλεμον Id. 8.116""},{""biblio"":"""",""quote"":""σὲ γάρ μοι θῦμος ὔμνην""},{""biblio"":""Alc. | 5"",""quote"":""σὲ γάρ μοι θῦμος ὔμνην Alc. 5""},{""biblio"":"""",""quote"":""βῆξαι θυμός ἐγγίνεται""},{""biblio"":""Hp. | Prog. | 8"",""quote"":""βῆξαι θυμός ἐγγίνεται Hp. Prog. 8""},{""biblio"":"""",""quote"":""οὐδὲ λύκοι τε καὶ ἄρνες ὁμόφρονα θ. ἔχουσιν""},{""biblio"":""22.263"",""quote"":""οὐδὲ λύκοι τε καὶ ἄρνες ὁμόφρονα θ. ἔχουσιν 22.263""},{""biblio"":"""",""quote"":""ἕτερος δέ με θ. ἔρυκε""},{""biblio"":""Od. | 9.302"",""quote"":""ἕτερος δέ με θ. ἔρυκε Od. 9.302""},{""biblio"":"""",""quote"":""θωπείας κολακικάς, αἳ . . τοὺς θ. ποιοῦσιν κηρίνους""},{""biblio"":""Pl. | Lg. | 633d"",""quote"":""θωπείας κολακικάς, αἳ . . τοὺς θ. ποιοῦσιν κηρίνους Pl. Lg. 633d""},{""biblio"":"""",""quote"":""θ. ἐνὶ στήθεσσι λαβεῖν""},{""biblio"":""Od. | 10.461"",""quote"":""θ. ἐνὶ στήθεσσι λαβεῖν Od. 10.461""},{""biblio"":"""",""quote"":""θ. ἔχειν ἀγαθόν""},{""biblio"":""Hdt. | 1.120"",""quote"":""θ. ἔχειν ἀγαθόν Hdt. 1.120""},{""biblio"":"""",""quote"":""θ. οὐκ ἀπώλεσεν""},{""biblio"":""S. | El. | 26"",""quote"":""θ. οὐκ ἀπώλεσεν S. El. 26""},{""biblio"":"""",""quote"":""ὁ θυμὸς εὐθὺς ἦν Ἀμυνίας""},{""biblio"":""Ar. | Eq. | 570"",""quote"":""ὁ θυμὸς εὐθὺς ἦν Ἀμυνίας Ar. Eq. 570""},{""biblio"":"""",""quote"":""φρονήματός τε καὶ θυμοῦ ἐμπίπλασθαι""},{""biblio"":""Pl. | R. | 411c"",""quote"":""φρονήματός τε καὶ θυμοῦ ἐμπίπλασθαι Pl. R. 411c""},{""biblio"":"""",""quote"":""χωόμενον κατὰ θυμόν""},{""biblio"":""Il. | 1.429"",""quote"":""χωόμενον κατὰ θυμόν Il. 1.429""},{""biblio"":"""",""quote"":""νεμεσιζέσθω ἐνὶ θυμῷ""},{""biblio"":""17.254"",""quote"":""νεμεσιζέσθω ἐνὶ θυμῷ 17.254""},{""biblio"":"""",""quote"":""θυμὸν ἐχώσατο""},{""biblio"":""16.616"",""quote"":""θυμὸν ἐχώσατο 16.616""},{""biblio"":"""",""quote"":""δάμασον θυμόν""},{""biblio"":""9.496"",""quote"":""δάμασον θυμόν 9.496""},{""biblio"":"""",""quote"":""θυμὸς μέγας ἐστὶ . . βασιλήων""},{""biblio"":""2.196"",""quote"":""θυμὸς μέγας ἐστὶ . . βασιλήων 2.196""},{""biblio"":"""",""quote"":""θ. ὀξύς""},{""biblio"":""S. | OC | 1193"",""quote"":""θ. ὀξύς S. OC 1193""},{""biblio"":"""",""quote"":""θ. κρείσσων τῶν ἐμῶν βουλευμάτων""},{""biblio"":""E. | Med. | 1079"",""quote"":""θ. κρείσσων τῶν ἐμῶν βουλευμάτων E. Med. 1079""},{""biblio"":"""",""quote"":""οἱ τῷ θ. πραχθέντες φόνοι""},{""biblio"":""Pl. | Lg. | 867b"",""quote"":""οἱ τῷ θ. πραχθέντες φόνοι Pl. Lg. 867b""},{""biblio"":"""",""quote"":""ἐκτείνειν""},{""biblio"":""And. | 3.31"",""quote"":""ἐκτείνειν And. 3.31""},{""biblio"":"""",""quote"":""καταθέσθαι""},{""biblio"":""Ar. | V. | 567"",""quote"":""καταθέσθαι Ar. V. 567""},{""biblio"":"""",""quote"":""δακεῖν""},{""biblio"":""Id. | Nu. | 1369"",""quote"":""δακεῖν Id. Nu. 1369""},{""biblio"":"""",""quote"":""θυμῷ χρᾶσθαι""},{""biblio"":""Hdt. | 1.137"",""quote"":""θυμῷ χρᾶσθαι Hdt. 1.137""},{""biblio"":"""",""quote"":""ὀργῆς καὶ θυμοῦ μεστοί""},{""biblio"":""Isoc. | 12.81"",""quote"":""ὀργῆς καὶ θυμοῦ μεστοί Isoc. 12.81""},{""biblio"":"""",""quote"":""περὶ φόβων τε καὶ θυμῶν""},{""biblio"":""Pl. | Phlb. | 40e"",""quote"":""περὶ φόβων τε καὶ θυμῶν Pl. Phlb. 40e""},{""biblio"":"""",""quote"":""οἵ τε θ. καὶ αἱ κολάσεις""},{""biblio"":""Id. | Prt. | 323e"",""quote"":""οἵ τε θ. καὶ αἱ κολάσεις Id. Prt. 323e""},{""biblio"":"""",""quote"":""θ. ἐνὶ στήθεσσι γεγήθει""},{""biblio"":""13.494"",""quote"":""θ. ἐνὶ στήθεσσι γεγήθει 13.494""},{""biblio"":"""",""quote"":""μιν ἄχος κραδίην καὶ θ. ἵκανεν""},{""biblio"":""2.171"",""quote"":""μιν ἄχος κραδίην καὶ θ. ἵκανεν 2.171""},{""biblio"":"""",""quote"":""δέος ἔμπεσε θυμῷ""},{""biblio"":""Il. | 17.625"",""quote"":""δέος ἔμπεσε θυμῷ Il. 17.625""},{""biblio"":"""",""quote"":""τὴν ἐκ θυμοῦ φίλεον""},{""biblio"":""9.343"",""quote"":""τὴν ἐκ θυμοῦ φίλεον 9.343""},{""biblio"":"""",""quote"":""ἐκ θυμοῦ στέργοισα""},{""biblio"":""Theoc. | 17.130"",""quote"":""ἐκ θυμοῦ στέργοισα Theoc. 17.130""},{""biblio"":"""",""quote"":""ἔρωτι θυμὸν ἐκπλαγεῖσα""},{""biblio"":""E. | Med. | 8"",""quote"":""ἔρωτι θυμὸν ἐκπλαγεῖσα E. Med. 8""},{""biblio"":"""",""quote"":""ἐκ θ. κλαῦσαι""},{""biblio"":""Philet. | 11"",""quote"":""ἐκ θ. κλαῦσαι Philet. 11""},{""biblio"":"""",""quote"":""φράζετο θυμῷ""},{""biblio"":""16.646"",""quote"":""φράζετο θυμῷ 16.646""},{""biblio"":"""",""quote"":""ἐν θ. ἐβάλοντο ἔπος""},{""biblio"":""15.566"",""quote"":""ἐν θ. ἐβάλοντο ἔπος 15.566""},{""biblio"":"""",""quote"":""τοὺς λόγους θυμῷ βάλε""},{""biblio"":""A. | Pr. | 706"",""quote"":""τοὺς λόγους θυμῷ βάλε A. Pr. 706""},{""biblio"":"""",""quote"":""εἰς θ. βαλεῖν τι""},{""biblio"":""S. | OT | 975"",""quote"":""εἰς θ. βαλεῖν τι S. OT 975""}]","[""11.334"",""13.494"",""15.566"",""16.616"",""16.646"",""17.254"",""2.171"",""2.196"",""2.589"",""21.417"",""22.263"",""22.346"",""22.68"",""4.152"",""6.17"",""9.343"",""9.496"",""A. | Pr. | 706"",""Alc. | 5"",""And. | 3.31"",""Ar. | Eq. | 570"",""Ar. | V. | 567"",""E. | Med. | 1079"",""E. | Med. | 8"",""Hdt. | 1.1"",""Hdt. | 1.120"",""Hdt. | 1.137"",""Herod. | 7.61"",""Hp. | Prog. | 8"",""Id. | 8.116"",""Id. | Nu. | 1369"",""Id. | Prt. | 323e"",""Il. | 1.429"",""Il. | 1.593"",""Il. | 17.625"",""Il. | 17.744"",""Il. | 4.263"",""Il. | 7.68"",""Isoc. | 12.81"",""Od. | 10.461"",""Od. | 10.78"",""Od. | 17.603"",""Od. | 9.302"",""Philet. | 11"",""Pi. | O. | 3.25"",""Pl. | Lg. | 633d"",""Pl. | Lg. | 867b"",""Pl. | Phlb. | 40e"",""Pl. | R. | 411c"",""S. | El. | 26"",""S. | El. | 286"",""S. | OC | 1193"",""S. | OT | 975"",""Sapph. | Supp. | 1.3"",""Theoc. | 17.130""]",{},"[{""type"":""ref"",""target"":"""",""text"":""θυμοῦ""},{""type"":"""",""target"":"""",""text"":""f.l. for θυμοῦ""}]",1,1,0,1,1,11,27,0,110
49416,9,1721,n49416,θῡμο-σοφικός,,,809,,"[""clever, Ar. V. 1280 ( Sup. ).""]","[""clever""]",[],[],[],{},[],1,1,0,0,0,1,1,0,0
49417,9,1722,n49417,θῡμό-σοφος,,,809,,"[""wise from one's own soul, i.e.naturally clever, Id. Nu. 877 , Plu. Art. 17 ; of animals, Arr. Ind. 14.4 , Ael. NA 16.15 ;ὄρνεον -ώτερον ib. 3 ;τὸ θ. Plu. 2.970e .""]","[""wise from one's own soul"",""naturally clever""]",[],[],[],{},[],1,1,0,0,0,1,2,0,0
49418,9,1723,n49418,θῡμο-φθορέω,,,809,,"[""to be tormented in soul, S. Tr. 142 .""]","[""to be tormented in soul""]",[],[],[],{},[],1,1,0,0,0,1,1,0,0
49419,9,1724,n49419,θῡμο-φθόρος,,,809,,"[""destroying the soul, life-destroying, φάρμακα Od. 2.329 (so, metaph. γράψας ἐν πίνακι θυμοφθόρα πολλά Il. 6.169 ); ἰός Nic. Th. 140 ( v.l. γυιοφθ- )."",""heart-breaking,τὴν δ' ἄχος ἀμφεχύθη θ. Od. 4.716 ; κάματος 10.363 ; πενίη Hes. Op. 717 ; of persons,troublesome, annoying, Od. 19.323 ; cf.θυμοβόρος.""]","[""destroying the soul, life-destroying"",""heart-breaking"",""troublesome, annoying""]",[],"[{""biblio"":"""",""quote"":""φάρμακα""},{""biblio"":""Od. | 2.329"",""quote"":""φάρμακα Od. 2.329""},{""biblio"":"""",""quote"":""γράψας ἐν πίνακι θυμοφθόρα πολλά""},{""biblio"":""Il. | 6.169"",""quote"":""γράψας ἐν πίνακι θυμοφθόρα πολλά Il. 6.169""},{""biblio"":"""",""quote"":""ἰός""},{""biblio"":""Nic. | Th. | 140"",""quote"":""ἰός Nic. Th. 140""},{""biblio"":"""",""quote"":""κάματος""},{""biblio"":""10.363"",""quote"":""κάματος 10.363""},{""biblio"":"""",""quote"":""πενίη""},{""biblio"":""Hes. | Op. | 717"",""quote"":""πενίη Hes. Op. 717""}]","[""10.363"",""Hes. | Op. | 717"",""Il. | 6.169"",""Nic. | Th. | 140"",""Od. | 2.329""]",{},"[{""type"":""ref"",""target"":"""",""text"":""γυιοφθ-""},{""type"":"""",""target"":"""",""text"":""v.l. γυιοφθ-""}]",1,1,0,1,1,2,3,0,10
49420,9,1725,n49420,θῡμοφονέω,,,809,,"[""to be in the death-agony, gloss on βεβρυχότες , Hsch.""]","[""to be in the death-agony""]",[],[],[],{},"[{""type"":""ref"",""target"":"""",""text"":""βεβρυχότες""},{""type"":"""",""target"":"""",""text"":""gloss on βεβρυχότες""}]",1,1,0,0,1,1,1,0,0
49421,9,1726,n49421,θῠμοφόρος,,,809,,"[""bearing thyme, Eust.ad D.P. 791 ;θ. ἡ Ἀττική Sch. Ar. Pl. 283 .""]","[""bearing thyme""]",[],[],[],{},[],1,1,0,0,0,1,1,0,0
49422,9,1727,n49422,θυμοχεύων,,,809,,"[""= θυμὸν ἀχεύων (v.ἀχεύω), Et.Gud. 267.34 .""]",[],[],[],[],{},"[{""type"":""ref"",""target"":"""",""text"":""θυμὸν ἀχεύων""},{""type"":"""",""target"":"""",""text"":""= θυμὸν ἀχεύων""}]",1,0,0,0,1,1,0,0,0
49423,9,1728,n49423,θῡμόω,,,809,,"[""make angry, provoke, LXX Ho. 12.14(15) : once in Trag., ὥστε θυμῶσαι φρένας E. Supp. 581 ."",""Med. and Pass. ,2 sg. θυμοῖ Ar. Ra. 584 :fut. -ώσομαι A. Ag. 1069 , -ωθήσομαι LXX Jb. 21.4 , Phld. Ir. p.89W. :aor. ἐθυμωσάμην E. Hel. 1343 (lyr.), more freq. ἐθυμώθην Hdt. 3.1 , al.;part. -θείς E. Ph. 461 , Pl. Lg. 931b :pf. inf. τεθυμῶσθαι Hdt. 3.52 , A. Fr. 478 , Pl. Ep. 346a :—to be wroth or angry, abs., Hdt. 3.1 , A. Ag. l.c., Sor. 1.88 , etc.; θυμοῦ δι' ὀργῆς ἥτις ἀγριωτάτη S. OT 344 ;εἰς ἔριν θ. Id. Aj. 1018 ; of animals,to be wild, restive, Id. Ant. 477 , X. Eq. 1.10 ;θυμοῦσθαι εἰς κέρας vent fury with the horns, Virgil's irasci in cornua, E. Ba. 743 ; cf. ἀοιδὸς ἐς κέρας τεθύμωται Call. Iamb. 1.321 ;τὸ θυμούμενον passion, Antipho 2.3.3 , Th. 7.68 ;θυμοῦσθαί τινι to be angry with one, A. Eu. 733 , S. Tr. 543 , 1230 , Pl. Prt. 324a ; ἔς τινα Hdt. 3.52 ; περί τινος A. Ag. 1368 (prob. for μυθοῦσθαι) ; βοῦς πρὸς τὸν ἐλαύνοντα -ωθείς Plu. Dio 38 ; σοι θυγατέρος -ούμενος E. Or. 751 (troch.): c. dat. rei, τῇ ξυντυχίᾳ Ar. Ra. 1006 .""]","[""make angry, provoke"",""to be wroth"",""angry"",""to be wild, restive"",""vent fury"",""irasci in cornua"",""passion"",""to be angry with""]",[],"[{""biblio"":"""",""quote"":""ὥστε θυμῶσαι φρένας""},{""biblio"":""E. | Supp. | 581"",""quote"":""ὥστε θυμῶσαι φρένας E. Supp. 581""},{""biblio"":"""",""quote"":""θυμοῖ""},{""biblio"":""Ar. | Ra. | 584"",""quote"":""θυμοῖ Ar. Ra. 584""},{""biblio"":"""",""quote"":""-ώσομαι""},{""biblio"":""A. | Ag. | 1069"",""quote"":""-ώσομαι A. Ag. 1069""},{""biblio"":"""",""quote"":""-ωθήσομαι""},{""biblio"":""LXX | Jb. | 21.4"",""quote"":""-ωθήσομαι LXX Jb. 21.4""},{""biblio"":"""",""quote"":""ἐθυμωσάμην""},{""biblio"":""E. | Hel. | 1343"",""quote"":""ἐθυμωσάμην E. Hel. 1343""},{""biblio"":"""",""quote"":""ἐθυμώθην""},{""biblio"":""Hdt. | 3.1"",""quote"":""ἐθυμώθην Hdt. 3.1""},{""biblio"":"""",""quote"":""-θείς""},{""biblio"":""E. | Ph. | 461"",""quote"":""-θείς E. Ph. 461""},{""biblio"":"""",""quote"":""τεθυμῶσθαι""},{""biblio"":""Hdt. | 3.52"",""quote"":""τεθυμῶσθαι Hdt. 3.52""},{""biblio"":"""",""quote"":""θυμοῦ δι' ὀργῆς ἥτις ἀγριωτάτη""},{""biblio"":""S. | OT | 344"",""quote"":""θυμοῦ δι' ὀργῆς ἥτις ἀγριωτάτη S. OT 344""},{""biblio"":"""",""quote"":""ἀοιδὸς ἐς κέρας τεθύμωται""},{""biblio"":""Call. | Iamb. | 1.321"",""quote"":""ἀοιδὸς ἐς κέρας τεθύμωται Call. Iamb. 1.321""},{""biblio"":"""",""quote"":""ἔς τινα""},{""biblio"":""Hdt. | 3.52"",""quote"":""ἔς τινα Hdt. 3.52""},{""biblio"":"""",""quote"":""περί τινος""},{""biblio"":""A. | Ag. | 1368"",""quote"":""περί τινος A. Ag. 1368""},{""biblio"":"""",""quote"":""; βοῦς πρὸς τὸν ἐλαύνοντα -ωθείς""},{""biblio"":""Plu. | Dio | 38"",""quote"":""; βοῦς πρὸς τὸν ἐλαύνοντα -ωθείς Plu. Dio 38""},{""biblio"":"""",""quote"":""σοι θυγατέρος -ούμενος""},{""biblio"":""E. | Or. | 751"",""quote"":""σοι θυγατέρος -ούμενος E. Or. 751""},{""biblio"":"""",""quote"":""τῇ ξυντυχίᾳ""},{""biblio"":""Ar. | Ra. | 1006"",""quote"":""τῇ ξυντυχίᾳ Ar. Ra. 1006""}]","[""A. | Ag. | 1069"",""A. | Ag. | 1368"",""Ar. | Ra. | 1006"",""Ar. | Ra. | 584"",""Call. | Iamb. | 1.321"",""E. | Hel. | 1343"",""E. | Or. | 751"",""E. | Ph. | 461"",""E. | Supp. | 581"",""Hdt. | 3.1"",""Hdt. | 3.52"",""LXX | Jb. | 21.4"",""Plu. | Dio | 38"",""S. | OT | 344""]",{},[],1,1,0,1,0,2,8,0,30
49424,9,1729,n49424,θῡμώδης,Adv.,,809,,"[""θῡμοειδής 2 , Arist. Rh. 1389a26 , EN 1149b14 , Plu. 2.462a ; of animals,fierce, Arist. HA 488b14 ; θ. τὸ ἦθος Id. PA 650b34 ; = ὰνδρεῖοι , opp.ὀξύθυμοι and ὀργίλοι, Gal. 17(1).188 : Sup. -έστατος Ael. NA 3.2 .Adv. -δῶς, f.l. for μυθ- , Aristeas 168 .""]","[""fierce""]",[],"[{""biblio"":"""",""quote"":""θῡμοειδής""},{""biblio"":""2"",""quote"":""θῡμοειδής 2""},{""biblio"":"""",""quote"":""θ. τὸ ἦθος""},{""biblio"":""Id. | PA | 650b34"",""quote"":""θ. τὸ ἦθος Id. PA 650b34""},{""biblio"":"""",""quote"":""-έστατος""},{""biblio"":""Ael. | NA | 3.2"",""quote"":""-έστατος Ael. NA 3.2""}]","[""2"",""Ael. | NA | 3.2"",""Id. | PA | 650b34""]",{},"[{""type"":""ref"",""target"":"""",""text"":""ὰνδρεῖοι""},{""type"":"""",""target"":"""",""text"":""= ὰνδρεῖοι""},{""type"":""ref"",""target"":"""",""text"":""μυθ-""},{""type"":"""",""target"":"""",""text"":""f.l. for μυθ-""}]",1,1,0,1,1,1,1,0,6
49425,9,1730,n49425,θῠμώδης,,,809,,"[""like thyme, Thphr. HP 6.7.2 .""]","[""like thyme""]",[],[],[],{},[],1,1,0,0,0,1,1,0,0
49426,9,1731,n49426,θύμ-ωμα,,τό,809,,"[""wrath, passion, A. Eu. 860 (pl.); θ. τὸ πόντου Epigr.Gr. 339.6 (Cyzicus).""]","[""wrath, passion""]",[],"[{""biblio"":"""",""quote"":""θ. τὸ πόντου""},{""biblio"":""Epigr.Gr. | 339.6"",""quote"":""θ. τὸ πόντου Epigr.Gr. 339.6""}]","[""Epigr.Gr. | 339.6""]",{},[],1,1,0,1,0,1,1,0,2
49427,9,1732,n49427,θύμ-ωσις,,ἡ,809,,"[""ebullition of anger, Cic. Tusc. 4.9.21 .""]","[""ebullition of anger""]",[],[],[],{},[],1,1,0,0,0,1,1,0,0
49428,9,1733,n49428,θῡναρμόστρια,,,809,,"[""= θοιν- (q.v.).""]",[],[],[],[],{},"[{""type"":""ref"",""target"":"""",""text"":""θοιν-""},{""type"":"""",""target"":"""",""text"":""= θοιν-""}]",1,0,0,0,1,1,0,0,0
49429,9,1734,n49429,θυνάσαι:,,,809,,"[""θυνάσαι: ἀπολαῦσαι, ἐνθουσιάσαι, Hsch.""]",[],[],[],[],{},[],1,0,0,0,0,1,0,0,0
49430,9,1735,n49430,θῡνέω,,,809,,"[""dart along,δελφῖνες τῇ καὶ τῇ ἐθύνεον Hes Sc. [210] ;ἐν δ' Ἔρις, ἐν δὲ Κυδοιμὸς ἐθ. ib. 156 , cf. 257 ;νῶθ' ἵππων ἐπιβάντες ἐθύνεον ib. 286 , cf. eund. Cat.Oxy. 1358 Fr. 2.20 . (Cf. Skt.dhūnoti'shake', past part. dhūtás.)""]","[""dart along"",""dhūnoti"",""dhūtás.""]",[],[],[],{},[],1,1,0,0,0,1,3,0,0
49431,9,1736,n49431,θύνν-α,,ἡ,809,,"[""female tunny,θύνναν f.l. in Hippon. 35.2 : θύννης Antiph. 129.4 , Archestr. Fr. 37.1 .""]","[""female tunny""]",[],"[{""biblio"":"""",""quote"":""θύννης""},{""biblio"":""Antiph. | 129.4"",""quote"":""θύννης Antiph. 129.4""}]","[""Antiph. | 129.4""]",{},[],1,1,0,1,0,1,1,0,2
49432,9,1737,n49432,θυνν-άζω,,,809,,"[""spear a tunny-fish, strike with a harpoon, metaph., ἐς τοὺς θυλάκους Ar. V. 1087 .""]","[""spear a tunny-fish, strike with a harpoon""]",[],"[{""biblio"":"""",""quote"":""ἐς τοὺς θυλάκους""},{""biblio"":""Ar. | V. | 1087"",""quote"":""ἐς τοὺς θυλάκους Ar. V. 1087""}]","[""Ar. | V. | 1087""]",{},[],1,1,0,1,0,1,1,0,2
49433,9,1738,n49433,θυνν-αῖος,,,809,,"[""an offering of the first tunny-fish caught, Antig. Car. ap. Ath. 7.297e .""]","[""an offering of the first tunny-fish caught""]",[],[],[],{},[],1,1,0,0,0,1,1,0,0
49434,9,1739,n49434,θύνν-αξ,,ὁ,809,,"[""θύνν-αξ,ᾱκος,ὁ, Dim. of θύννος, Eriph. 3 .""]",[],[],[],[],{},[],1,0,0,0,0,1,0,0,0
49435,9,1740,n49435,θυνν-άς,,ἡ,809,,"[""θυνν-άς,άδος,ἡ, Dim. of θύννα, Antiph. 181 .""]",[],[],[],[],{},[],1,0,0,0,0,1,0,0,0
49436,9,1741,n49436,θύνν-ειος,,τό,809,,"[""of the tunny-fish,ταρίχη θ. pickled tunny, Hices. ap. Ath. 3.116e ;τὸ θ. (sc.κρέας) Clearch. 65 ;τὰ θ. (sc.κρέα) Ar. Eq. 354 ."",""θυννεῖον,τό,tunny-fishery, IG 4.752.7 (Troezen, pl.).""]","[""of the tunny-fish"",""tunny"",""tunny-fishery,""]",[],[],[],{},[],1,1,0,0,0,2,3,0,0
49437,9,1742,n49437,θυνν-ευτικός,,,809,,"[""for tunny-fishing, σαγήνη Luc. Sat. 24 .""]","[""for tunny-fishing""]",[],"[{""biblio"":"""",""quote"":""σαγήνη""},{""biblio"":""Luc. | Sat. | 24"",""quote"":""σαγήνη Luc. Sat. 24""}]","[""Luc. | Sat. | 24""]",{},[],1,1,0,1,0,1,1,0,2
49438,9,1743,n49438,θυνν-ίζω,,,809,,"[""θυνν-ίζω,=θυννάζω, Suid.""]",[],[],[],[],{},[],1,0,0,0,0,1,0,0,0
49439,9,1744,n49439,θυνν-ίς,,ἡ,809,,"[""young female tunny, prob. l. in Hippon. 35.2 , Epich. 74 , Cratin. 161 , Stratt. 12 , Archestr. Fr. 37.1 , Arist. HA 543a9 , al.""]","[""young female tunny""]",[],[],[],{},[],1,1,0,0,0,1,1,0,0
49440,9,1745,n49440,θυνν-ίτης,,ὁ,809,,"[""tunny-fisher, Rev.Arch. 28(1928).393 (Varna,θυνεῖται lapis).""]","[""tunny-fisher,""]",[],[],[],{},[],1,1,0,0,0,1,1,0,0
49441,9,1746,n49441,θυννο-θήρας,,ὁ,809,,"[""tunny-fisher, title of Mime by Sophron, Ath. 7.303c , 306d , Ael. NA 15.6 .""]","[""tunny-fisher""]",[],[],[],{},[],1,1,0,0,0,1,1,0,0
49442,9,1747,n49442,θυννο-κέφᾰλος,,ὁ,809,,"[""with the head of a tunny-fish, Luc. VH 1.35 .""]","[""with the head of a tunny-fish""]",[],[],[],{},[],1,1,0,0,0,1,1,0,0
49443,9,1748,n49443,θυννο-λογέω,,,809,,"[""speak of the tunny-fish, Eust. 994.47 .""]","[""speak of the tunny-fish""]",[],[],[],{},[],1,1,0,0,0,1,1,0,0
49444,9,1749,n49444,θύννος,,ὁ,809,,"[""tunny-fish, Orac. ap. Hdt. 1.62 , A. Pers. 424 , Arist. HA 571a12 , al., Ath. 7.301e sqq.; θηρεύειν θύννον Phld. Rh. 1.251S. (The connexion with θύνω, suggested by the line θύννοι μὲν θύνοντες, ἐν ἰχθύσιν ἔξοχοι ὁρμήν Opp. H. 1.181 , is dub.)""]","[""tunny-fish""]",[],"[{""biblio"":"""",""quote"":""θηρεύειν θύννον""},{""biblio"":""Phld. | Rh. | 1.251S."",""quote"":""θηρεύειν θύννον Phld. Rh. 1.251S.""},{""biblio"":"""",""quote"":""θύννοι μὲν θύνοντες, ἐν ἰχθύσιν ἔξοχοι ὁρμήν""},{""biblio"":""Opp. | H. | 1.181"",""quote"":""θύννοι μὲν θύνοντες, ἐν ἰχθύσιν ἔξοχοι ὁρμήν Opp. H. 1.181""}]","[""Opp. | H. | 1.181"",""Phld. | Rh. | 1.251S.""]",{},[],1,1,0,1,0,1,1,0,4
49445,9,1750,n49445,θυννοσκοπ-εῖον,,τό,809,,"[""look-out to watch for shoals of tunnies, Str. 5.2.6 .""]","[""look-out to watch for shoals of tunnies""]",[],[],[],{},[],1,1,0,0,0,1,1,0,0
49446,9,1751,n49446,θυννοσκοπ-έω,,,809,,"[""watch for tunnies, metaph.,τοὺς φόρους θ. Ar. Eq. 313 .""]","[""watch for tunnies""]",[],[],[],{},[],1,1,0,0,0,1,1,0,0
49447,9,1752,n49447,θυννοσκοπ-ία,,ἡ,809,,"[""watch for tunnies, Str. 17.3.16 (s.v.l.).""]","[""watch for tunnies""]",[],[],[],{},[],1,1,0,0,0,1,1,0,0
49448,9,1753,n49448,θυννόσκοπ-ος,,,809,,"[""watcher for tunnies, Arist. HA 537a19 , Plu. 2.980a .""]","[""watcher for tunnies""]",[],[],[],{},[],1,1,0,0,0,1,1,0,0
49449,9,1754,n49449,θυννώδης,,,809,,"[""like a tunny-fish, i.e.stupid, Luc. JTr. 25 .""]","[""like a tunny-fish"",""stupid""]",[],[],[],{},[],1,1,0,0,0,1,2,0,0
49450,9,1755,n49450,θῦνος:,,,809,,"[""θῦνος: πόλεμος, ὁρμή, δρόμος, Hsch. :θυνός acc. to Hdn.Gr. 2.938 .""]",[],[],[],[],{},[],1,0,0,0,0,1,0,0,0
49451,9,1756,n49451,θύνω,,,809,811,"[""rush, dart along, θῦνε διὰ προμάχων Il. 5.250 , etc.; πάντῃ θῦνε σὺν ἔγχεϊ 20.493 ; ἀν' ὑλῆεν ὠκὺς ἔθυνεν ὄρος AP 6.217.8 ([ Simon. ]): c.part.,βασιλῆες θῦνον κρίνοντες they flitted to and fro ordering the ranks, Il. 2.446 ; μνηστῆρας ὀρίνων θῦνε κατὰ μέγαρον Od. 24.449 : c. acc. cogn., θ. ἀτραπὸν ἰθεῖαν Nic. Th. 264 : metaph.,ἐπ' ἄλλοτ' ἄλλον ὥτε μέλισσα θύνει λόγον flits from one tale to another, Pi. P. 10.54 (θύνων: ὁρμῶν, Erot. is not in our text of Hp. )."",""= θύω (B),Τρώων καὶ Ἀχαιῶν θῦνε μεσηγὺ ἱστάμενος raged, Il. 11.570 ;οἱ δὲ λύκοι ὣς θῦνον ib. 73 ; θῦνε γὰρ ἂμ πεδίον ποταμῷ πλήθοντι ἐοικώς 5.87 .""]","[""rush, dart along"",""flitted"",""flits"",""raged""]",[],"[{""biblio"":"""",""quote"":""θῦνε διὰ προμάχων""},{""biblio"":""Il. | 5.250"",""quote"":""θῦνε διὰ προμάχων Il. 5.250""},{""biblio"":"""",""quote"":""πάντῃ θῦνε σὺν ἔγχεϊ""},{""biblio"":""20.493"",""quote"":""πάντῃ θῦνε σὺν ἔγχεϊ 20.493""},{""biblio"":"""",""quote"":""ἀν' ὑλῆεν ὠκὺς ἔθυνεν ὄρος""},{""biblio"":""AP | 6.217.8"",""quote"":""ἀν' ὑλῆεν ὠκὺς ἔθυνεν ὄρος AP 6.217.8""},{""biblio"":"""",""quote"":""μνηστῆρας ὀρίνων θῦνε κατὰ μέγαρον""},{""biblio"":""Od. | 24.449"",""quote"":""μνηστῆρας ὀρίνων θῦνε κατὰ μέγαρον Od. 24.449""},{""biblio"":"""",""quote"":""θ. ἀτραπὸν ἰθεῖαν""},{""biblio"":""Nic. | Th. | 264"",""quote"":""θ. ἀτραπὸν ἰθεῖαν Nic. Th. 264""},{""biblio"":"""",""quote"":""θῦνε γὰρ ἂμ πεδίον ποταμῷ πλήθοντι ἐοικώς""},{""biblio"":""5.87"",""quote"":""θῦνε γὰρ ἂμ πεδίον ποταμῷ πλήθοντι ἐοικώς 5.87""}]","[""20.493"",""5.87"",""AP | 6.217.8"",""Il. | 5.250"",""Nic. | Th. | 264"",""Od. | 24.449""]",{},"[{""type"":""ref"",""target"":"""",""text"":""θύω""},{""type"":"""",""target"":"""",""text"":""= θύω""}]",1,1,0,1,1,2,4,0,12
49452,9,1757,n49452,θῠο-δόκος,,,809,,"[""receiving incense, full thereof, of the Delphic temple, E. Ion 511 , 1549 ; ἀνακτόρων Id. Andr. 1157 , cf. Hsch.""]","[""receiving incense, full thereof""]","[""θύος""]","[{""biblio"":"""",""quote"":""ἀνακτόρων""},{""biblio"":""Id. | Andr. | 1157"",""quote"":""ἀνακτόρων Id. Andr. 1157""}]","[""Id. | Andr. | 1157""]",{},[],1,1,1,1,0,1,1,1,2
49453,9,1758,n49453,θῠό-εις,,,809,,"[""laden with incense, fragrant, νέφος Il. 15.153 ; epith. of Eleusis, h.Cer. 97 , 318 ;ἄστεος ὀμφαλός, of an altar, Pi. Fr. 75.3 ; βωμός Id. Pae. 3.8 , E. Tr. 1061 (lyr.); Ἀστερίη Call. Del. 300 ; ἀνάκτορον AP 6.277 ( Damag. ).""]","[""laden with incense, fragrant""]","[""θύος""]","[{""biblio"":"""",""quote"":""νέφος""},{""biblio"":""Il. | 15.153"",""quote"":""νέφος Il. 15.153""},{""biblio"":"""",""quote"":""βωμός""},{""biblio"":""Id. | Pae. | 3.8"",""quote"":""βωμός Id. Pae. 3.8""},{""biblio"":"""",""quote"":""Ἀστερίη""},{""biblio"":""Call. | Del. | 300"",""quote"":""Ἀστερίη Call. Del. 300""},{""biblio"":"""",""quote"":""ἀνάκτορον""},{""biblio"":""AP | 6.277"",""quote"":""ἀνάκτορον AP 6.277""}]","[""AP | 6.277"",""Call. | Del. | 300"",""Id. | Pae. | 3.8"",""Il. | 15.153""]",{},[],1,1,1,1,0,1,1,1,8
49454,9,1759,n49454,θυοκόχθεις,,,809,,"[""θυοκόχθεις:μάντεις, Hsch.""]",[],[],[],[],{},[],1,0,0,0,0,1,0,0,0
49455,9,1760,n49455,θύον,,τό,809,,"[""thyine-wood, citron-wood, Callitris quadrivalvis, Od. 5.60 , Thphr. HP 5.3.7 , BCH 6.26 (Delos,ii B.C.), Moschio ap. Ath. 5.207e , Plin. HN 13.100 , Ael. VH 5.6 ; cf.θυία, θύα."",""= θύος , in pl.θύα,τά ,burnt-offerings or incense, Sapph. Supp. 8.2 , prob. in IG 5(1) . p.vii (Delos,v B.C.), Pi. Fr. 129.7 (θύματα codd. Plu. ), BCH 37.195 (Chios,iv B.C.), SIG 1003.10 (Priene,ii B.C.), D.P. 936 , EM 457.6 .""]","[""thyine-wood, citron-wood, Callitris quadrivalvis"",""burnt-offerings"",""incense""]",[],[],[],{},"[{""type"":""ref"",""target"":"""",""text"":""θύος""},{""type"":"""",""target"":"""",""text"":""= θύος""}]",1,1,0,0,1,2,3,0,0
49456,9,1761,n49456,θύος,,τό,809,,"[""burnt sacrifice, A. Ag. 1409 ; θύος ὅττι πάχιστον Call. Aet.Oxy. 2079.23 : but usu. in pl., σὺν θυέεσσι Il. 6.270 , cf. 9.499 ; σπονδῇσι θύεσσί τε ἱλάσκεσθαι Hes. Op. 338 , cf. Maiist. 11 ; λίσσομ' ὑπὲρ θυέων Od. 15.261 ; θύη πρὸ παίδων A. Eu. 835 , cf. IG 12(5).593.17 (Iulis, V B.C.), Berl.Sitzb. 1927.170 (Cyrene); νιν ἐκ θυέων καταδήσομαι Theoc. 2.10 , cf. Euph. 129 ."",""later in pl.,=θυμιάματα, Hp. ap. Gal. 19.104 ."",""a cake, θύη πέττειν Eup. 108 .""]","[""burnt sacrifice"",""a cake""]",[],"[{""biblio"":"""",""quote"":""θύος ὅττι πάχιστον""},{""biblio"":""Call. | Aet.Oxy. | 2079.23"",""quote"":""θύος ὅττι πάχιστον Call. Aet.Oxy. 2079.23""},{""biblio"":"""",""quote"":""σὺν θυέεσσι""},{""biblio"":""Il. | 6.270"",""quote"":""σὺν θυέεσσι Il. 6.270""},{""biblio"":"""",""quote"":""σπονδῇσι θύεσσί τε ἱλάσκεσθαι""},{""biblio"":""Hes. | Op. | 338"",""quote"":""σπονδῇσι θύεσσί τε ἱλάσκεσθαι Hes. Op. 338""},{""biblio"":"""",""quote"":""λίσσομ' ὑπὲρ θυέων""},{""biblio"":""Od. | 15.261"",""quote"":""λίσσομ' ὑπὲρ θυέων Od. 15.261""},{""biblio"":"""",""quote"":""θύη πρὸ παίδων""},{""biblio"":""A. | Eu. | 835"",""quote"":""θύη πρὸ παίδων A. Eu. 835""},{""biblio"":"""",""quote"":""νιν ἐκ θυέων καταδήσομαι""},{""biblio"":""Theoc. | 2.10"",""quote"":""νιν ἐκ θυέων καταδήσομαι Theoc. 2.10""},{""biblio"":"""",""quote"":""θύη πέττειν""},{""biblio"":""Eup. | 108"",""quote"":""θύη πέττειν Eup. 108""}]","[""A. | Eu. | 835"",""Call. | Aet.Oxy. | 2079.23"",""Eup. | 108"",""Hes. | Op. | 338"",""Il. | 6.270"",""Od. | 15.261"",""Theoc. | 2.10""]",{},[],1,1,0,1,0,3,2,0,14
49457,9,1762,n49457,θῠοσκέω,,,809,,"[""make burnt-offerings, Hsch. ;περίπεμπτα θυοσκεῖς prob. in A. Ag. 87 (θυοσκινεῖς codd.). (For θυο-σκοέω, cf. sq.)""]","[""make burnt-offerings""]",[],[],[],{},[],1,1,0,0,0,1,1,0,0
49458,9,1763,n49458,θυο-σκόος,,ὁ,809,,"[""sacrificing priest, Od. 21.145 , 22.318 , 321 , E. Rh. 68 ;μάντιες θ.distd. from ἱερῆες, Il. 24.221 : fem., Μαινάδες θ. E. Ba. 224 : neut.,θ. ἱρά sacrificial implements, IG 14.1389i2 ."",""pl.,= Lat.haruspices, D.H. 1.30 . (θύος, σ-κοϝ-, cf.κοέω,caveo: the initial σ-is found in O E. scéawian, OHG.scauwôn'look at'.)""]","[""sacrificing priest"",""sacrificial"",""haruspices"",""caveo"",""scéawian"",""scauwôn""]",[],"[{""biblio"":"""",""quote"":""Μαινάδες θ.""},{""biblio"":""E. | Ba. | 224"",""quote"":""Μαινάδες θ. E. Ba. 224""}]","[""E. | Ba. | 224""]",{},[],1,1,0,1,0,2,6,0,2
49459,9,1764,n49459,θυο-σκοπία,,ἡ,809,,"[""haruspicina, used as etym. of Θοῦσκος, Lyd. Mag.Prooem.""]","[""haruspicina""]",[],[],[],{},[],1,1,0,0,0,1,1,0,0
49460,9,1765,n49460,θυο-σκόπος,,ὁ,809,,"[""inspecting the entrails, Hsch. , Phot. ,v.l. in E. Rh. 68 .""]","[""inspecting the entrails""]",[],[],[],{},[],1,1,0,0,0,1,1,0,0
49461,9,1766,n49461,θῠόω,,,809,,"[""fill with sweet smells:pf. part. Pass. ἔλαιον τεθυωμένον fragrant oil, Il. 14.172 ;εἵματα τεθ. Cypria Fr. 4 , cj. in h.Ap. 184 ; τεθ. ἄλσος Call. Lav.Pall. 63 :aor. part. θυωθέν Hedyl. ap. Ath. 11.486b .— Ep. word.""]","[""fill with sweet smells"",""fragrant""]","[""θύος""]","[{""biblio"":"""",""quote"":""τεθ. ἄλσος""},{""biblio"":""Call. | Lav.Pall. | 63"",""quote"":""τεθ. ἄλσος Call. Lav.Pall. 63""},{""biblio"":"""",""quote"":""θυωθέν""},{""biblio"":""Hedyl."",""quote"":""θυωθέν Hedyl.""}]","[""Call. | Lav.Pall. | 63"",""Hedyl.""]",{},[],1,1,1,1,0,1,2,1,4
49462,9,1767,n49462,θύπτης,,,809,,"[""θύπτης:ὁ τυρός, Hsch. ; cf.χθύπτης.""]",[],[],[],[],{},[],1,0,0,0,0,1,0,0,0
49463,9,1768,n49463,θύρα,,ἡ,809,,"[""θυρέων Archil. 127 , Hdt. 1.9 :—door, Il. 24.317 , etc.: freq. in pl. of double or folding doors, θ. δικλίδες Od. 17.267 ; θ. φαειναί 6.19 , al.; θυρῶν ζεῦγος καινῶν IG 12.313.123 , cf. 4.1488.25 (Epid.);ἡ δεξιὰ θ.the right valve, ib. 22.1457.16 ;θ. μονόθυρος ib. 1627.418 ;θύραι λίθιναι(including the framework) ib. 12.372.195 ;θύραι αὔλειαι, v. αὔλειος; ἡ θ. ἡ εἰς τὸν κῆπον φέρονσα D. 47.53 , cf. κηπαῖος 11 ; rarely for πύλαι,gates, Plu. Cat.Mi. 65 ; of the carceres in the Roman circus,barriers, Tab.Defix.Aud. 187.59 . —Phrases:προσθεῖναι τὰς θ., προστιθέναι τὴν θ., Hdt. 3.78 , Lys. 1.13 ; ἐπισπάσαι X. HG 6.4.36 ; κλείειν Aristopho 7 , Pl. Prt. 314d ; ἐφέλκεσθαι Luc. Am. 16 ;τὴν θ. βαλανοῦν, μοχλοῦν, bar the door, Ar. Fr. 251 , 369 ;θύραν κόπτειν, πατάσσειν, κρούειν, knock, rap at the door, Id. Nu. 132 , Ra. 38 , Pl. Prt. 310b ;ἀράττειν, ἐπαράξαι, Ar. Ec. 977 , Pl. Prt. 314d ;τὴν θ. ἀνοιγνύναι open it, v. ἀνοίγνυμι; ὦσαι push it open, Lys. 1.24 ;μικρὸν ἐνδοῦναι open it a little, Plu. 2.597d ; δόμου ἐν πρώτῃσι θύρῃσι στῆναι Od. 1.255 ; ἷζε δ' ἐπὶ . . οὐδοῦ ἔντοσθε θυράων 17.339 ; θυρῶν ἔνδον S. El. 78 ;πρὸ θυρῶν ib. 109 (anap.);ἐπί or παρὰ Πριάμοιο θύρῃσι at Priam's door, i.e. before his dwelling, Il. 2.788 , 7.346 : metaph., ἐπὶ ταῖς θύραις τῆς Ἑλλάδος εἶναι X. An. 6.5.23 , cf. D. 10.34 ; τῆς πατρίδος Plu. Sull. 29 , Arat. 37 ; ἐπὶ θύραις τῆς Πίσης Philostr. VA 8.15 ;πυρετοῦ περὶ θύρας ὄντος being at the door, Plu. 2.128f (but χειμῶνος ἐπὶ θύραις ὄντος Phlp. in Mete. 130.25 )."",""esp. of kings and potentates,οἱ τῶν ἀρίστων Περσῶν παῖδες ἐπὶ ταῖς Βα<>σιλέως θύραις παιδεύονται are educated at court, X. An. 1.9.3 ;γυνὴ φοιτῶσα ἐπὶ τὰς θύρας τοῦ βασιλέος, of a petitioner, Hdt. 3.119 , cf. X. An. 2.1.8 ;αἱ ἐπὶ τὰς θ. φοιτήσεις dangling after the court, Id. HG 1.6.7 ; ἐπὶ ταῖς τῶν πλουσίων θ. διατρίβειν Arist. Rh. 1391a12 ; περὶ θύρας διατρίβειν Id. Pol. 1313b7 , Theopomp.Hist. 121 ; applied also to lovers, clients, disciples, etc.,ἐπὶ τὴν θύραν(or τὰς θύρας)τινὸς βαδίζειν, ἰέναι, etc., Ar. Pl. 1007 , Pl. R. 364b , cf. Phdr. 233e , etc.; ἐπὶ ταῖσι θύραις ἀεὶ καθῆσθαι Ar. Nu. 467 : metaph., Μουσῶν ἐπὶ ποιητικὰς θ. ἀφικέσθαι Pl. Phdr. 245a ."",""prov., γλώσσῃ θύραι οὐκ ἐπίκεινται Thgn. 421 ;οὐδέποτ' ἴσχει θ., of admirers of the Demos, Eup. 265 ;ἐπὶ θύραις τὴν ὑδρίαν to break the pitcher at the very door, 'there's many a slip 'twixt cup and lip', Arist. Rh. 1363a7 ;τίς ἂν θύρας ἁμάρτοι; Id. Metaph. 993b5 ; λόγος δικαστηρίου ἢ ἀγορᾶς οὐδὲ θύρας ἰδών D.H. Dem. 23 ;τὸ κατὰ θύραν τερπνόν vulgar pleasures, Eun. VS p.496 B. ; παρὰ θύραν πλανᾶσθαι S.E. M. 1.43 ;ἐκ θυρῶν εὐθέως τῆς . . ἀκροάσεως at the very beginning, Olymp. in Mete. 2.1 ."",""shutter of a window, τὰς θ. τὰς ἐπὶ τῶν θυρίδων IG 12(5).872.37 (Tenos), cf. 22.1668.60 ."",""pl.,door of a chariot, X. Cyr. 6.4.9 ."",""pl.,axle-trees, Poll. 1.146 ( v.l. εὑραί )."",""θύρη καταπακτή trap-door, Hdt. 5.16 ."",""frame of planks, raft, Id. 2.96 ;φραξάμενοι τὴν ἀκρόπολιν θύρῃσί τε καὶ ξύλοισι with hurdles and logs, Id. 8.51 , cf. Th. 6.101 ."",""in war,fenced works to obstruct landingparties, in pl., Ph. Bel. 94.37 , 100.7 ."",""generally,entrance, as to a grotto, in pl., Od. 9.243 , al."",""sluice-gate, PPetr. 3p.134 : pl., ib. 2p.41 (iii B.C.)."",""metaph., senses, as the entrances to the soul, τὸ σῶμα πολλαῖς θυρίσι καὶ θύραις ἀνοίγοντες Seren. ap. Stob. 3.6.17 ; ἐγγὺς τοῦ στόματος ἡ καρδία, ἡ δὲ ψυχὴ τῶν θ. Aristaenet. 2.7 . (I.- E. dhur-, cf. Lat.foras, fores, O E. duru'door', etc.)""]","[""door"",""double"",""folding doors"",""valve"",""gates"",""carceres"",""barriers,"",""the door"",""the door"",""it"",""it"",""door"",""at the door"",""court"",""the court"",""at the"",""door"",""vulgar"",""beginning"",""shutter"",""door"",""axle-trees"",""door"",""frame of planks, raft"",""hurdles"",""fenced works"",""entrance"",""sluice-gate,"",""the entrances to the soul"",""dhur-"",""foras, fores"",""duru""]",[],"[{""biblio"":"""",""quote"":""θυρέων""},{""biblio"":""Archil. | 127"",""quote"":""θυρέων Archil. 127""},{""biblio"":"""",""quote"":""θ. δικλίδες""},{""biblio"":""Od. | 17.267"",""quote"":""θ. δικλίδες Od. 17.267""},{""biblio"":"""",""quote"":""θ. φαειναί""},{""biblio"":""6.19"",""quote"":""θ. φαειναί 6.19""},{""biblio"":"""",""quote"":""θυρῶν ζεῦγος καινῶν""},{""biblio"":""IG | 12.313.123"",""quote"":""θυρῶν ζεῦγος καινῶν IG 12.313.123""},{""biblio"":"""",""quote"":""κηπαῖος""},{""biblio"":""11"",""quote"":""κηπαῖος 11""},{""biblio"":"""",""quote"":""ἐπισπάσαι""},{""biblio"":""X. | HG | 6.4.36"",""quote"":""ἐπισπάσαι X. HG 6.4.36""},{""biblio"":"""",""quote"":""κλείειν""},{""biblio"":""Aristopho | 7"",""quote"":""κλείειν Aristopho 7""},{""biblio"":"""",""quote"":""ἐφέλκεσθαι""},{""biblio"":""Luc. | Am. | 16"",""quote"":""ἐφέλκεσθαι Luc. Am. 16""},{""biblio"":"""",""quote"":""δόμου ἐν πρώτῃσι θύρῃσι στῆναι""},{""biblio"":""Od. | 1.255"",""quote"":""δόμου ἐν πρώτῃσι θύρῃσι στῆναι Od. 1.255""},{""biblio"":"""",""quote"":""ἷζε δ' ἐπὶ . . οὐδοῦ ἔντοσθε θυράων""},{""biblio"":""17.339"",""quote"":""ἷζε δ' ἐπὶ . . οὐδοῦ ἔντοσθε θυράων 17.339""},{""biblio"":"""",""quote"":""θυρῶν ἔνδον""},{""biblio"":""S. | El. | 78"",""quote"":""θυρῶν ἔνδον S. El. 78""},{""biblio"":"""",""quote"":""ἐπὶ ταῖς θύραις τῆς Ἑλλάδος εἶναι""},{""biblio"":""X. | An. | 6.5.23"",""quote"":""ἐπὶ ταῖς θύραις τῆς Ἑλλάδος εἶναι X. An. 6.5.23""},{""biblio"":"""",""quote"":""τῆς πατρίδος""},{""biblio"":""Plu. | Sull. | 29"",""quote"":""τῆς πατρίδος Plu. Sull. 29""},{""biblio"":"""",""quote"":""ἐπὶ θύραις τῆς Πίσης""},{""biblio"":""Philostr. | VA | 8.15"",""quote"":""ἐπὶ θύραις τῆς Πίσης Philostr. VA 8.15""},{""biblio"":"""",""quote"":""χειμῶνος ἐπὶ θύραις ὄντος""},{""biblio"":""Phlp. | in Mete. | 130.25"",""quote"":""χειμῶνος ἐπὶ θύραις ὄντος Phlp. in Mete. 130.25""},{""biblio"":"""",""quote"":""ἐπὶ ταῖς τῶν πλουσίων θ. διατρίβειν""},{""biblio"":""Arist. | Rh. | 1391a12"",""quote"":""ἐπὶ ταῖς τῶν πλουσίων θ. διατρίβειν Arist. Rh. 1391a12""},{""biblio"":"""",""quote"":""περὶ θύρας διατρίβειν""},{""biblio"":""Id. | Pol. | 1313b7"",""quote"":""περὶ θύρας διατρίβειν Id. Pol. 1313b7""},{""biblio"":"""",""quote"":""ἐπὶ ταῖσι θύραις ἀεὶ καθῆσθαι""},{""biblio"":""Ar. | Nu. | 467"",""quote"":""ἐπὶ ταῖσι θύραις ἀεὶ καθῆσθαι Ar. Nu. 467""},{""biblio"":"""",""quote"":""Μουσῶν ἐπὶ ποιητικὰς θ. ἀφικέσθαι""},{""biblio"":""Pl. | Phdr. | 245a"",""quote"":""Μουσῶν ἐπὶ ποιητικὰς θ. ἀφικέσθαι Pl. Phdr. 245a""},{""biblio"":"""",""quote"":""γλώσσῃ θύραι οὐκ ἐπίκεινται""},{""biblio"":""Thgn. | 421"",""quote"":""γλώσσῃ θύραι οὐκ ἐπίκεινται Thgn. 421""},{""biblio"":"""",""quote"":""λόγος δικαστηρίου ἢ ἀγορᾶς οὐδὲ θύρας ἰδών""},{""biblio"":""D.H. | Dem. | 23"",""quote"":""λόγος δικαστηρίου ἢ ἀγορᾶς οὐδὲ θύρας ἰδών D.H. Dem. 23""},{""biblio"":"""",""quote"":""παρὰ θύραν πλανᾶσθαι""},{""biblio"":""S.E. | M. | 1.43"",""quote"":""παρὰ θύραν πλανᾶσθαι S.E. M. 1.43""},{""biblio"":"""",""quote"":""τὰς θ. τὰς ἐπὶ τῶν θυρίδων""},{""biblio"":""IG | 12(5).872.37"",""quote"":""τὰς θ. τὰς ἐπὶ τῶν θυρίδων IG 12(5).872.37""},{""biblio"":"""",""quote"":""τὸ σῶμα πολλαῖς θυρίσι καὶ θύραις ἀνοίγοντες""},{""biblio"":""Seren."",""quote"":""τὸ σῶμα πολλαῖς θυρίσι καὶ θύραις ἀνοίγοντες Seren.""},{""biblio"":"""",""quote"":""ἐγγὺς τοῦ στόματος ἡ καρδία, ἡ δὲ ψυχὴ τῶν θ.""},{""biblio"":""Aristaenet. | 2.7"",""quote"":""ἐγγὺς τοῦ στόματος ἡ καρδία, ἡ δὲ ψυχὴ τῶν θ. Aristaenet. 2.7""}]","[""11"",""17.339"",""6.19"",""Ar. | Nu. | 467"",""Archil. | 127"",""Arist. | Rh. | 1391a12"",""Aristaenet. | 2.7"",""Aristopho | 7"",""D.H. | Dem. | 23"",""IG | 12(5).872.37"",""IG | 12.313.123"",""Id. | Pol. | 1313b7"",""Luc. | Am. | 16"",""Od. | 1.255"",""Od. | 17.267"",""Philostr. | VA | 8.15"",""Phlp. | in Mete. | 130.25"",""Pl. | Phdr. | 245a"",""Plu. | Sull. | 29"",""S. | El. | 78"",""S.E. | M. | 1.43"",""Seren."",""Thgn. | 421"",""X. | An. | 6.5.23"",""X. | HG | 6.4.36""]",{},"[{""type"":""ref"",""target"":"""",""text"":""αὔλειος; ἡ θ. ἡ εἰς τὸν κῆπον φέρονσα""},{""type"":"""",""target"":"""",""text"":""v. αὔλειος; ἡ θ. ἡ εἰς τὸν κῆπον φέρονσα""},{""type"":""ref"",""target"":"""",""text"":""ἀνοίγνυμι; ὦσαι""},{""type"":"""",""target"":"""",""text"":""v. ἀνοίγνυμι; ὦσαι""},{""type"":""ref"",""target"":"""",""text"":""εὑραί""},{""type"":"""",""target"":"""",""text"":""v.l. εὑραί""}]",1,1,0,1,1,12,32,0,50
49464,9,1769,n49464,θῠραβάθρα,,ἡ,809,,"[""companion-ladder in a ship, PLond. 3.1164h9 (iii A.D.).""]","[""companion-ladder""]",[],[],[],{},[],1,1,0,0,0,1,1,0,0
49465,9,1770,n49465,θῠράγματα,,τά,809,,"[""θῠράγματα,τά , ̔θυράζὦἀφοδεύματα, Hsch.""]",[],[],[],[],{},[],1,0,0,0,0,1,0,0,0
49466,9,1771,n49466,θύρ-αζε,Adv.,,809,,"[""to the door, and so,out of doors, ἐκ δὲ θ. ἔδραμον Il. 18.29 , cf. 416 , Od. 15.62 ;δόμων ἐξῆγε θ.ib. 465 ."",""generally,out, Il. 5.694 , Od. 15.451 , etc.;ἔκβασις . . ἁλὸς πολιοῖο θ.a way of getting out of the sea, 5.410 ;ἰχθὺν ἐκ πόντοιο θ. [ἕλκειν] Il. 16.408 , cf. 21.237 ; ἐπὶ πρύμνῃσιν ἐείλεον οὐδὲ θ. εἴων ἐξιέναι 18.447 ; ἐξενεγκὼν θ. Ar. Ach. 359 ; ἐξέλκειν τινὰ θ. Id. Eq. 365 ; θ. ἐξιέναι Id. V. 70 ;ἐκχεῖν θ.empty outside, Id. Fr. 306 ; καρδίαν θ. ἔχειν E. Fr. 1063.12 ;τὰ θ. outside, opp.τὰ ἔνδον, Id. Or. 604 ;θ. ζῳοτοκεῖν or ᾠοτοκεῖν, Arist. GA 718b32 , 719b19 ;ῥεῖ διὰ τῶ σώματος ἔξω θ. τὰ πνεύματα Ti. Locr. 102a ."",""c. gen.,θ. τῶν νόμων without the law, E. Ba. 331 ;θ. Ἀττικῶς, ἔξω Ἑλληνικῶς Moer. p. 185 P.""]","[""to the door"",""out of doors"",""out"",""out of"",""outside"",""outside"",""without""]",[],"[{""biblio"":"""",""quote"":""ἐκ δὲ θ. ἔδραμον""},{""biblio"":""Il. | 18.29"",""quote"":""ἐκ δὲ θ. ἔδραμον Il. 18.29""},{""biblio"":"""",""quote"":""ἐπὶ πρύμνῃσιν ἐείλεον οὐδὲ θ. εἴων ἐξιέναι""},{""biblio"":""18.447"",""quote"":""ἐπὶ πρύμνῃσιν ἐείλεον οὐδὲ θ. εἴων ἐξιέναι 18.447""},{""biblio"":"""",""quote"":""ἐξενεγκὼν θ.""},{""biblio"":""Ar. | Ach. | 359"",""quote"":""ἐξενεγκὼν θ. Ar. Ach. 359""},{""biblio"":"""",""quote"":""ἐξέλκειν τινὰ θ.""},{""biblio"":""Id. | Eq. | 365"",""quote"":""ἐξέλκειν τινὰ θ. Id. Eq. 365""},{""biblio"":"""",""quote"":""θ. ἐξιέναι""},{""biblio"":""Id. | V. | 70"",""quote"":""θ. ἐξιέναι Id. V. 70""},{""biblio"":"""",""quote"":""καρδίαν θ. ἔχειν""},{""biblio"":""E. | Fr. | 1063.12"",""quote"":""καρδίαν θ. ἔχειν E. Fr. 1063.12""}]","[""18.447"",""Ar. | Ach. | 359"",""E. | Fr. | 1063.12"",""Id. | Eq. | 365"",""Id. | V. | 70"",""Il. | 18.29""]",{},[],1,1,0,1,0,3,7,0,12
49467,9,1772,n49467,θυρ-άζω,,,809,,"[""thrust out of doors, Hsch.""]","[""thrust out of doors""]",[],[],[],{},[],1,1,0,0,0,1,1,0,0
49468,9,1773,n49468,θύρ-ᾱθεν,Adv.,,809,,"[""from outside the door: and generally,from without, αἱ θ. εἴσοδοι E. Andr. 952 ; θ. εἰκάσαι Id. HF 713 ; θ. ἐπεισιέναι Arist. GA 736b28 ."",""outside the door, outside, ἡ θ. ἡδονή E. Fr. 1063.4 ; ὁ ἀὴρ ὁ θ. Arist. Resp. 480a30 , cf. PA 642b1 ,οἱ θ. foreigners, the enemy, A. Th. 68 , 193 ."",""metaph., opp.ἔνδοθεν(q.v.), S. Tr. 1021 (hex.).""]","[""from outside the door"",""from without"",""outside the door, outside"",""foreigners, the enemy""]",[],"[{""biblio"":"""",""quote"":""αἱ θ. εἴσοδοι""},{""biblio"":""E. | Andr. | 952"",""quote"":""αἱ θ. εἴσοδοι E. Andr. 952""},{""biblio"":"""",""quote"":""θ. εἰκάσαι""},{""biblio"":""Id. | HF | 713"",""quote"":""θ. εἰκάσαι Id. HF 713""},{""biblio"":"""",""quote"":""θ. ἐπεισιέναι""},{""biblio"":""Arist. | GA | 736b28"",""quote"":""θ. ἐπεισιέναι Arist. GA 736b28""},{""biblio"":"""",""quote"":""ἡ θ. ἡδονή""},{""biblio"":""E. | Fr. | 1063.4"",""quote"":""ἡ θ. ἡδονή E. Fr. 1063.4""},{""biblio"":"""",""quote"":""ὁ ἀὴρ ὁ θ.""},{""biblio"":""Arist. | Resp. | 480a30"",""quote"":""ὁ ἀὴρ ὁ θ. Arist. Resp. 480a30""}]","[""Arist. | GA | 736b28"",""Arist. | Resp. | 480a30"",""E. | Andr. | 952"",""E. | Fr. | 1063.4"",""Id. | HF | 713""]",{},[],1,1,0,1,0,3,4,0,10
49469,9,1774,n49469,θύρ-ᾱθι,Adv.,,809,,"[""at the door, EM 25.17 :— Ep. θύρηθι,outside,μάλα δ' ὦκα θύρηθ' ἔα I was soon out(of the sea), Od. 14.352 .""]","[""at the door,"",""outside"",""out""]",[],[],[],{},[],1,1,0,0,0,1,3,0,0
49470,9,1775,n49470,θυρ-αῖος,,ἡ,809,,"[""at the door or just outside the door, A. Ag. 1055 , S. Aj. 793 ;θ. οἰχνεῖν to go to the door, go out, Id. El. 313 ; τόνδε βλέπω θ. ἤδη Id. Tr. 595 ;θ. στίβος, opp.ἔναυλος, Id. Ph. 158 (lyr.); θ. ἔστω πόλεμος A. Eu. 864 : metaph.,θ. ἀμφὶ μηρόν round the exposed, naked thigh, S. Fr. 872 (lyr.); θ. δόξα Plu. Cat.Ma. 18 ; θ. ὑποψίαι Id. 2.38c ."",""absent, abroad, A. Ag. 1608 , Ch. 115 ;θ. ἐλθεῖν to come from abroad, E. Ion 702 (lyr.);τοὺς δ' ἐν θυραίοις in the public eye, opp.τοὺς μὲν ὀμμάτων ἄπο, Id. Med. 217 ."",""from out of doors, from abroad,ἄνδρες θ. strangers, Id. Hipp. 409 ;θυραῖα φρονήματ' ἀνδρῶν the thoughts of strangers, ib. 395 ."",""= ἀλλότριος, ὄλβος θ. the luck of others, A. Ag. 837 ; πῆμα E. Alc. 778 ; χείρ Id. Ph. 848 ;παῖδες, i.e.adoptive, Id. Fr. 491 ."",""containing a door,θ. τοῖχος entrance-wall, IG 11(2).165.6 (Delos,iii B.C.), 12 l.c.(pl.), Milet. 7.56 (Didyma)."",""θυραία,ἡ,doorway, opening, Men. 389 , IG 22.1668.61 (pl.).""]","[""at the door"",""just outside the door"",""to"",""door"",""out"",""exposed, naked"",""absent, abroad"",""from abroad"",""the public eye"",""from out of doors, from abroad"",""strangers"",""of strangers"",""of others"",""adoptive"",""containing a door"",""entrance"",""doorway, opening""]","[""θύρα""]","[{""biblio"":"""",""quote"":""τόνδε βλέπω θ. ἤδη""},{""biblio"":""Id. | Tr. | 595"",""quote"":""τόνδε βλέπω θ. ἤδη Id. Tr. 595""},{""biblio"":"""",""quote"":""θ. ἔστω πόλεμος""},{""biblio"":""A. | Eu. | 864"",""quote"":""θ. ἔστω πόλεμος A. Eu. 864""},{""biblio"":"""",""quote"":""θ. δόξα""},{""biblio"":""Plu. | Cat.Ma. | 18"",""quote"":""θ. δόξα Plu. Cat.Ma. 18""},{""biblio"":"""",""quote"":""θ. ὑποψίαι""},{""biblio"":""Id. | 2.38c"",""quote"":""θ. ὑποψίαι Id. 2.38c""},{""biblio"":"""",""quote"":""πῆμα""},{""biblio"":""E. | Alc. | 778"",""quote"":""πῆμα E. Alc. 778""},{""biblio"":"""",""quote"":""χείρ""},{""biblio"":""Id. | Ph. | 848"",""quote"":""χείρ Id. Ph. 848""}]","[""A. | Eu. | 864"",""E. | Alc. | 778"",""Id. | 2.38c"",""Id. | Ph. | 848"",""Id. | Tr. | 595"",""Plu. | Cat.Ma. | 18""]",{},"[{""type"":""ref"",""target"":"""",""text"":""ἀλλότριος, ὄλβος θ.""},{""type"":"""",""target"":"""",""text"":""= ἀλλότριος, ὄλβος θ.""}]",1,1,1,1,1,6,17,1,12
49471,9,1776,n49471,θῠρᾱμάχος,,,809,,"[""assaulting doors,κῶμοι prob. l. in Pratin.Lyr. 1.8 .""]","[""assaulting doors""]",[],[],[],{},[],1,1,0,0,0,1,1,0,0
49472,9,1777,n49472,θῠρᾰνοίκτης,,ὁ,809,,"[""door-opener, A.D. Synt. 324.8 .""]","[""door-opener""]",[],[],[],{},[],1,1,0,0,0,1,1,0,0
49473,9,1778,n49473,θύραξ,,,809,,"[""θύραξ:πύργος, χιτών, Hsch. (cf.θώραξ).""]",[],[],[],[],{},[],1,0,0,0,0,1,0,0,0
49474,9,1779,n49474,θύρᾱσι,Adv.,,809,,"[""at the door, without, Ar. V. 891 , Pax 942 , 1023 ,al."",""abroad(written θύραισι in codd.), E. El. 1074 , S. OC 401 .""]","[""at the door, without"",""abroad""]","[""θύρα""]",[],[],{},[],1,1,1,0,0,2,2,1,0
49475,9,1780,n49475,θῠραυλ-έω,,,809,,"[""live in the open air, camp out, Pl. Plt. 272a , Lg. 695a , X. Oec. 7.30 , Isoc. 6.76 , etc.; esp. in war,keep the field, Arist. Pol. 1319a24 , D.H. 9.15 , Plu. Caes. 17 , etc."",""wait at another's door, of visitors, POxy. 471.72 (ii A.D.); freq. of lovers waiting on their mistresses, Plu. 2.759b , Ph. 1.306 , etc.; ὁ θυραυλῶν Ἔρως Plot. 6.5.10 .""]","[""live in the open air, camp out"",""keep the field"",""wait at another's door""]","[""αὐλή""]","[{""biblio"":"""",""quote"":""ὁ θυραυλῶν Ἔρως""},{""biblio"":""Plot. | 6.5.10"",""quote"":""ὁ θυραυλῶν Ἔρως Plot. 6.5.10""}]","[""Plot. | 6.5.10""]",{},[],1,1,1,1,0,2,3,1,2
49476,9,1781,n49476,θῠραυλ-ία,,ἡ,809,,"[""living out of doors, camping out, Ti.Locr. 103b (pl.), etc.; of soldiers, Plu. 2.498c ; of wild animals, Arist. GA 783a19 ."",""waiting at the door, of lovers, in pl., Ph. 1.155 , Philostr. Ep. 29 : sg., Luc. Merc.Cond. 10 .""]","[""living out of doors, camping out"",""waiting at the door""]",[],[],[],{},[],1,1,0,0,0,2,2,0,0
49477,9,1782,n49477,θῠ́ραυλ-ος,,,809,,"[""living out of doors, of shepherds, Hsch.""]","[""living out of doors""]",[],[],[],{},[],1,1,0,0,0,1,1,0,0
49478,9,1783,n49478,θῠρᾰωρός,,,809,,"[""warder of the gate, v.l. for πυλαωρός , Il. 22.69 (pl.); cf.θυρωρός.""]","[""warder of the gate""]",[],[],[],{},"[{""type"":""ref"",""target"":"""",""text"":""πυλαωρός""},{""type"":"""",""target"":"""",""text"":""v.l. for πυλαωρός""}]",1,1,0,0,1,1,1,0,0
49479,9,1784,n49479,θυργανᾶν,,,809,,"[""θυργανᾶν:κρίνειν(fort.θρυγανᾶν:κρούειν), Hsch.""]",[],[],[],[],{},[],1,0,0,0,0,1,0,0,0
49480,9,1785,n49480,θύρδα,,,809,,"[""θύρδα, Arc. for θύραζε,=ἔξω, Hsch.""]",[],[],[],[],{},[],1,0,0,0,0,1,0,0,0
49481,9,1786,n49481,θῠρεᾱμᾰχία,,ἡ,809,,"[""contest in which shields were borne, SIG 1061.12 (Samos,ii B.C.).""]","[""contest in which shields were borne""]",[],[],[],{},[],1,1,0,0,0,1,1,0,0
49482,9,1787,n49482,θῠρέασπις,,ἡ,809,,"[""large shield, AP 6.131 ( Leon. ).""]","[""large shield,""]",[],[],[],{},[],1,1,0,0,0,1,1,0,0
49483,9,1788,n49483,θυρεᾱτικοὶ,,,809,,"[""worn to commemorate the victory at Thyrea, Sosib. 5 .""]","[""worn to commemorate the victory at Thyrea""]",[],[],[],{},[],1,1,0,0,0,1,1,0,0
49484,9,1789,n49484,θῠρεᾱφόρος,,,809,,"[""θῠρεᾱφόρος,ον,=θυρεοφόρος, Supp.Epigr. 3.351 (Thisbe,iii B.C.), Plb. 5.53.8 , Plu. Aem. 19 , Arr. Tact. 4.4 .""]",[],[],[],[],{},[],1,0,0,0,0,1,0,0,0
49485,9,1790,n49485,θύρεθρα,,,809,,"[""θύρεθρα:θύραι, Hsch.""]",[],[],[],[],{},[],1,0,0,0,0,1,0,0,0
49486,9,1791,n49486,θῠρεο-ειδής,,,809,,"[""shield-shaped:χόνδρος θυρεοειδής(male θυροειδής) the thyroid cartilage (in the larynx), Gal. 2.839 , UP 7.11 , al.; νῆσος θ. Str. 17.2.2 ;θ. τόπος prob. for θυρο-in Hippiatr. 40 .""]","[""shield-shaped"",""thyroid""]",[],"[{""biblio"":"""",""quote"":""νῆσος θ.""},{""biblio"":""Str. | 17.2.2"",""quote"":""νῆσος θ. Str. 17.2.2""}]","[""Str. | 17.2.2""]",{},[],1,1,0,1,0,1,2,0,2
49487,9,1792,n49487,θῠρεο-κοιλίτης,,ὁ,809,,"[""soldier armed with hollow θυρεός, IPE 12.687 (Olbia).""]","[""soldier armed with hollow""]",[],[],[],{},[],1,1,0,0,0,1,1,0,0
49488,9,1793,n49488,θῠρεός,,ὁ,809,,"[""stone put against a door to keep it shut, Od. 9.240 , 313 ."",""oblong shield (shaped like a door), PSI 4.428.36 (iii B.C.), Inscr. ap. Plu. Pyrrh. 26 , Callix. 2 ; hence, of the Roman scutum(opp.ἀσπίς,=clipeus), Plb. 2.30.3 , 6.23.2 , D.H. 4.16 , cf. Ep.Eph. 6.16 , Apollod. Poliorc. 163.2 , Arr. Tact. 3.2 , etc."",""disk forming part of καθετήρ, IG 11(2).287 B 68 (Delos,iii B.C.)."",""Math.,oval, Procl. in Euc. 1 Deff. 3 , 8 .""]","[""stone put against a door"",""oblong shield (shaped like a door)"",""scutum"",""clipeus"",""disk"",""oval""]","[""θύρα""]",[],[],{},[],1,1,1,0,0,4,6,1,0
49489,9,1794,n49489,θῠρεοφορ-έω,,,809,,"[""to be armed with the oblong shield, Plb. 10.13.2 .""]","[""to be armed with the oblong shield""]",[],[],[],{},[],1,1,0,0,0,1,1,0,0
49490,9,1795,n49490,θῠρεόφορ-ος,,,809,,"[""armed with such a shield, LXX 1 Ch. 12.24 , Plb. 10.29.6 , Ascl. Tact. 1.3 , Plu. Crass. 25 ; cf.θυρεαφόρος.""]","[""armed with such a shield""]",[],[],[],{},[],1,1,0,0,0,1,1,0,0
49491,9,1796,n49491,θυρεόω,,,809,,"[""cover with a shield, Aq. Is. 31.5 .""]","[""cover with a shield""]",[],[],[],{},[],1,1,0,0,0,1,1,0,0
49492,9,1797,n49492,θῠρεπᾰνοίκτης,,ὁ,809,,"[""door-opener, of the philosopher Crates,for whom all doors were open, Plu. 2.632e ; or,who forced all doors, D.L. 6.86 : pl.,burglars, Vett.Val. 202.6 ; cf.θυρανοίκτης.""]","[""door-opener"",""for whom all doors were open"",""who forced all doors"",""burglars""]",[],[],[],{},[],1,1,0,0,0,1,4,0,0
49493,9,1798,n49493,θύρετρ-α,,τά,809,,"[""door, in pl., Il. 2.415 , Od. 18.385 , 21.49 , Pi. I. 7(6).6 , E. Ba. 448 , Or. 1474 (lyr.), Call. Ap. 3 , etc.; prop. the door-casing,frame, IG 11(2).161 A 66 (Delos,iii B.C.);θύραις ἁρμοζοίσαις τοῖς θυρέτροισι ib. 12(2).14.7 ;θ. μαρμάρινα ib. 6 : so in sg., ib. 4.1484.30 (Epid.), BCH 6.24 (Delos,ii B.C.), Plb. 30.18.5 , AP 5.293.7 ( Agath. ), Ps.- Luc. Philopatr. 4 :—hence θυρετρ-εᾶς:φλιᾶς, Hsch.""]","[""door"",""door-casing,frame,""]",[],[],[],{},[],1,1,0,0,0,1,2,0,0
49494,9,1799,n49494,θυρετρ-ικός,,,809,,"[""belonging to a door-frame, πῆγμα BCH 1.82 (Chios).""]","[""belonging to a door-frame""]",[],"[{""biblio"":"""",""quote"":""πῆγμα""},{""biblio"":""BCH | 1.82"",""quote"":""πῆγμα BCH 1.82""}]","[""BCH | 1.82""]",{},[],1,1,0,1,0,1,1,0,2
49495,9,1800,n49495,θυρευτής,,ὁ,809,,"[""door-keeper, Gloss. (dub.).""]","[""door-keeper,""]",[],[],[],{},[],1,1,0,0,0,1,1,0,0
49496,9,1801,n49496,θύρη,,,812,,"[""θύρη,θύρηθι, Ion. and Ep. for θύρα, θύραθι.""]",[],[],[],[],{},[],1,0,0,0,0,1,0,0,0
49497,9,1802,n49497,θῠρη-βόλιον,,,812,,"[""θῠρη-βόλιον:τὴν ἐπ' ἀγρῷ οἴκησιν, Hsch. ;=ἔπαυλις, EM 459.13 :""]",[],[],[],[],{},[],1,0,0,0,0,1,0,0,0
49498,9,1803,n49498,θῠρη-βόλος:,,,812,,"[""θῠρη-βόλος: τέκτων, Suid.""]",[],[],[],[],{},[],1,0,0,0,0,1,0,0,0
49499,9,1804,n49499,θύρηφι,Adv.,,812,,"[""outside, Od. 9.238 , Hp. Superf. 2 , etc.;τὰ θ., opp.τὰ ἔνδοθι, Od. 22.220 ;τὸ or τὰ θ., Hes. Op. 365 , Naumach. ap. Stob. 4.23.7 .""]","[""outside""]",[],[],[],{},[],1,1,0,0,0,1,1,0,0
49500,9,1805,n49500,θῠρῐδεύς,,ὁ,812,,"[""window-frame, Inscr.Délos 290.212 (iii B.C.).""]","[""window-frame,""]",[],[],[],{},[],1,1,0,0,0,1,1,0,0
49501,9,1806,n49501,θῠρίδιον,,τό,812,,"[""θῠρίδιον,τό, Dim. of θύρα, Gp. 15.6.2 .""]",[],[],[],[],{},[],1,0,0,0,0,1,0,0,0
49502,9,1807,n49502,θῠρῐδ-όω,,,812,,"[""make a window, PTheb.Bank 11.10 (ii B.C.):— Pass. ,οἰκία τεθυριδωμένη furnished with windows, BGU 1116.15 (i B.C.).""]","[""make a window,"",""furnished with windows""]",[],[],[],{},[],1,1,0,0,0,1,2,0,0
49503,9,1808,n49503,θῠρῐδ-ωτός,,,812,,"[""having apertures,κιβωτός Demioprat. ap. Poll. 10.137 ; καταπάλτης IG 22.1487.89 .""]","[""having apertures""]",[],"[{""biblio"":"""",""quote"":""καταπάλτης""},{""biblio"":""IG | 22.1487.89"",""quote"":""καταπάλτης IG 22.1487.89""}]","[""IG | 22.1487.89""]",{},[],1,1,0,1,0,1,1,0,2
49504,9,1809,n49504,θῠριοβόλος,,ὁ,812,,"[""θῠριοβόλος,ὁ, dub. sens. in Cat.Cod.Astr. 8(4).126 .""]",[],[],[],[],{},[],1,0,0,0,0,1,0,0,0
49505,9,1810,n49505,θύριον,,τό,812,,"[""little door, wicket, Ar. Nu. 92 , Th. 26 , IG 11(2).154 A 26 (Delos,iii B.C.), Plu. Cleom. 8 , Alciphr. 3.30 : metaph.,τὸ τοῦ λόγου θ. παραβαλοῦ close the door of discourse, Plu. 2.94o f, cf. 965b ."",""small sluice, PLond. 3.1177.243 (ii A.D.).""]","[""little door, wicket"",""the door"",""small sluice,""]",[],[],[],{},[],1,1,0,0,0,2,3,0,0
49506,9,1811,n49506,θῠρίς,,ἡ,812,,"[""window, Praxill. 5 , Ar. V. 379 , Th. 797 , Pl. R. 359d , Arist. de An. 404a4 , Ath. 50.2 , IG 11(2).161 D 101 (Delos,iii B.C.), BGU 1116.23 (i B.C.), Plu. 2.273b ;window-frame,ἐναρμόσαι εἰς ἑκάστην τὴν θ. (opening)χαλκᾶς θ. (frames) IG 22.1668.37 ."",""audience-window of the king or high officials in Egypt, UPZ 15.7 , 16.20 , 53.5 (ii B.C.), Heraclid.Cum. 4 ."",""opening at each end of a bee's cell, Arist. HA 624a7 ."",""valve of a bivalve fish, ib. 529b7 ."",""in pl.,embrasures in battlements, IG 22.463.55 , al.; for artillery, D.S. 20.91 , D.C. 74.10 ."",""in pl.,planks, boards, Heraclid. Pont. ap. Ath. 12.521f ;tablets, Hsch."",""cell of wasps, Arist. HA 628a20 , 629a30 .""]","[""window"",""window-frame"",""opening"",""frames"",""audience-window"",""opening"",""valve"",""embrasures"",""planks, boards"",""tablets"",""cell""]",[],[],[],{},[],1,1,0,0,0,7,11,0,0
49507,9,1812,n49507,θυριώτης,,ὁ,812,,"[""one found at the door, Suid.""]","[""one found at the door""]",[],[],[],{},[],1,1,0,0,0,1,1,0,0
49508,9,1813,n49508,θυρξεύς,,ὁ,812,,"[""θυρξεύς,έως,ὁ, title of Apollo in Achaea, Paus. 7.21.13 .""]",[],[],[],[],{},[],1,0,0,0,0,1,0,0,0
49509,9,1814,n49509,θῠροειδής,,,812,,"[""like a door,τόπος dub. in Hippiatr. 40 (v.θυρεοειδής); τὸ θ. τρῆμα the opening in the os pubis, Gal. 2.414 .""]","[""like a door"",""the opening in the os pubis""]",[],[],[],{},[],1,1,0,0,0,1,2,0,0
49510,9,1815,n49510,θῠροιγός,,ὁ,812,,"[""door-keeper, Hsch.""]","[""door-keeper""]","[""οἴγνυμι""]",[],[],{},[],1,1,1,0,0,1,1,1,0
49511,9,1816,n49511,θῠροκιγκλίδες,,αἱ,812,,"[""latticed doors, IG 22.1672.168 .""]","[""latticed doors,""]",[],[],[],{},[],1,1,0,0,0,1,1,0,0
49512,9,1817,n49512,θῠροκοπ-έω,,,812,,"[""knock at the door, break it open, esp. as a drunken feat,ἀπὸ γὰρ οἴνου γίγνεται καὶ θυροκοπῆσαι κτλ. Ar. V. 1254 ; θυροκοπῶν ὦφλεν δἰκην Antiph. 239 , cf. Chor.in Hermes 17.232 ."",""metaph.,knock as at a door,θ. τῇ χειρὶ τὴν πλευράν [τινος] Plu. 2.503a ;ὁ λιμὸς τὴν γαστέρα θ. Alciphr. 3.70 .""]","[""knock at the door, break it open"",""knock as at a door""]",[],"[{""biblio"":"""",""quote"":""θυροκοπῶν ὦφλεν δἰκην""},{""biblio"":""Antiph. | 239"",""quote"":""θυροκοπῶν ὦφλεν δἰκην Antiph. 239""}]","[""Antiph. | 239""]",{},[],1,1,0,1,0,2,2,0,2
49513,9,1818,n49513,θῠροκοπ-ία,,ἡ,812,,"[""knocking at the door, Diph. 128 , Lib. Or. 11.47 .""]","[""knocking at the door""]",[],[],[],{},[],1,1,0,0,0,1,1,0,0
49514,9,1819,n49514,θῠροκοπ-ικός,,τό,812,,"[""of or like θυροκοπία:θυροκοπικόν,τό ,tune played on the flute( = κρουσίθυρον ), Trypho ap. Ath. 14.618c :— also θῠροκοπ-ιστικόν,τό, Hsch.""]","[""of"",""like"",""tune played on the flute""]",[],[],[],{},"[{""type"":""ref"",""target"":"""",""text"":""κρουσίθυρον""},{""type"":"""",""target"":"""",""text"":""= κρουσίθυρον""}]",1,1,0,0,1,1,3,0,0
49515,9,1820,n49515,θῠρόκοπ-ος,,,812,,"[""knocking at the door, begging, ψευδόμαντις A. Ag. 1195 .""]","[""knocking at the door, begging""]",[],"[{""biblio"":"""",""quote"":""ψευδόμαντις""},{""biblio"":""A. | Ag. | 1195"",""quote"":""ψευδόμαντις A. Ag. 1195""}]","[""A. | Ag. | 1195""]",{},[],1,1,0,1,0,1,1,0,2
49516,9,1821,n49516,θῠροκρουστία,,ἡ,812,,"[""knocking at a door, dub. in Sammelb. 4425 ii 24 (ii A.D.).""]","[""knocking at a door""]",[],[],[],{},[],1,1,0,0,0,1,1,0,0
49517,9,1822,n49517,θυρουρός,,ὁ,812,,"[""v. θυρωρός .""]",[],[],[],[],{},"[{""type"":""ref"",""target"":"""",""text"":""θυρωρός""},{""type"":"""",""target"":"""",""text"":""v. θυρωρός""}]",1,0,0,0,1,1,0,0,0
49518,9,1823,n49518,θῠρο-πηγία,,ἡ,812,,"[""making of doors, Thphr. HP 5.7.6 .""]","[""making of doors""]",[],[],[],{},[],1,1,0,0,0,1,1,0,0
49519,9,1824,n49519,θῠρο-ποιός,,ὁ,812,,"[""door-maker, Poll. 7.111 ; nickname of the Comic poet Aristomenes, Hsch. , Suid.""]","[""door-maker""]",[],[],[],{},[],1,1,0,0,0,1,1,0,0
49520,9,1825,n49520,θυρουλλεῖν,,,812,,"[""θυρουλλεῖν, written for θυραυλεῖν, Hsch.""]",[],[],[],[],{},[],1,0,0,0,0,1,0,0,0
49521,9,1826,n49521,θῠροφύλαξ,,ὁ,812,,"[""door-keeper, Sch. Il. 22.69 , prob. in Fronto Epig.Gr. 5.1 .""]","[""door-keeper""]",[],[],[],{},[],1,1,0,0,0,1,1,0,0
49522,9,1827,n49522,θῠρόω,,,812,,"[""furnish with doors, ἱερόν IG 12.24.7 ;πρόπυλον ib. 22.1046.16 ; νεὼς . . θυρῶσαι χρυσαῖσι θύραις Ar. Av. 614 (anap.): metaph., βλεφάροις θυρῶσαι τὴν ὄψιν X. Mem. 1.4.6 :— Pass. ,στεγόμενα καὶ τεθυρωμένα roofed and furnished with doors, Tab.Heracl. 1.142 , cf. IG 11(2).287 A 172 (Delos,iii B.C.), PAmh. 2.51.14 , 24 (i B.C.);furnished with apertures, πίναξ JHS 41.195 (Delos,ii B.C.);πολλαῖς ἐξόδοις τεθυρῶσθαι to be furnished with many outlets, Luc. Hipp. 8 .""]","[""furnish with doors"",""furnished with doors,"",""furnished with apertures"",""to be furnished""]","[""θύρα""]","[{""biblio"":"""",""quote"":""ἱερόν""},{""biblio"":""IG | 12.24.7"",""quote"":""ἱερόν IG 12.24.7""},{""biblio"":"""",""quote"":""νεὼς . . θυρῶσαι χρυσαῖσι θύραις""},{""biblio"":""Ar. | Av. | 614"",""quote"":""νεὼς . . θυρῶσαι χρυσαῖσι θύραις Ar. Av. 614""},{""biblio"":"""",""quote"":""βλεφάροις θυρῶσαι τὴν ὄψιν""},{""biblio"":""X. | Mem. | 1.4.6"",""quote"":""βλεφάροις θυρῶσαι τὴν ὄψιν X. Mem. 1.4.6""},{""biblio"":"""",""quote"":""πίναξ""},{""biblio"":""JHS | 41.195"",""quote"":""πίναξ JHS 41.195""}]","[""Ar. | Av. | 614"",""IG | 12.24.7"",""JHS | 41.195"",""X. | Mem. | 1.4.6""]",{},[],1,1,1,1,0,1,4,1,8
49523,9,1828,n49523,θυρσ-άζω,,,812,,"[""bear or brandish the thyrsus,θυρσαδδωᾶν Lacon. part.gen. pl. fem. for θυρσαζουσῶν, Ar. Lys. 1313 .""]","[""bear"",""brandish the thyrsus""]",[],[],[],{},[],1,1,0,0,0,1,2,0,0
49524,9,1829,n49524,θυρσ-άριον,,τό,812,,"[""head, Orib. Fr. 55 .""]","[""head""]",[],[],[],{},[],1,1,0,0,0,1,1,0,0
49525,9,1830,n49525,θυρσ-εχθής,,,812,,"[""with thyrsus-spear, Orph. H. 45.5 (Ruhnk.).""]","[""with thyrsus-spear""]",[],[],[],{},[],1,1,0,0,0,1,1,0,0
49526,9,1831,n49526,θυρσ-ίαμβος,,ὁ,812,,"[""θυρσ-ίαμβος[ῐ],ὁ , coined as etym. of θρίαμβος, Lyd. Mens. 1.2 .""]",[],[],[],[],{},[],1,0,0,0,0,1,0,0,0
49527,9,1832,n49527,θυρσ-ίνη,,,812,,"[""θυρσ-ίνη,=ὀροβάγχη, Dsc. 2.142 (nisi leg.θυρσῖτιν, cf.θυρσίτης).""]",[],[],[],[],{},[],1,0,0,0,0,1,0,0,0
49528,9,1833,n49528,θύρσ-ιον,,τό,812,,"[""θυρσίον, Dim. of θύρσος, Hero Spir. 2.9 .""]",[],[],[],[],{},[],1,0,0,0,0,1,0,0,0
49529,9,1834,n49529,θυρσ-ίτης,,ὁ,812,,"[""v.l. -ῖτις ).""]",[],[],[],[],{},"[{""type"":""ref"",""target"":"""",""text"":""-ῖτις""},{""type"":"""",""target"":"""",""text"":""v.l. -ῖτις""}]",1,0,0,0,1,1,0,0,0
49530,9,1835,n49530,θυρσίων,,ὁ,812,,"[""tursio(v.l. thurs-),= a dolphin-like fish, Plin. HN 9.34 .""]","[""tursio"",""thurs-""]",[],[],[],{},[],1,1,0,0,0,1,2,0,0
49531,9,1836,n49531,θυρσο-ειδής,,,812,,"[""thyrsus-like, Dsc. 3.17 .""]","[""thyrsus-like""]",[],[],[],{},[],1,1,0,0,0,1,1,0,0
49532,9,1837,n49532,θυρσο-κόμος,,ὁ,812,,"[""thyrsuskeeper, a play of Lysippus, Suid.""]","[""thyrsuskeeper""]",[],[],[],{},[],1,1,0,0,0,1,1,0,0
49533,9,1838,n49533,θυρσό-λογχος,Adj.,ὁ,812,,"[""thyrsus-lance, Callix. 2 ."",""as Adj.,θ. ὅπλα thyrsus-like arms, Str. 1.2.8 .""]","[""thyrsus-lance"",""thyrsus-like""]",[],[],[],{},[],1,1,0,0,0,2,2,0,0
49534,9,1839,n49534,θυρσο-μᾰνής,,,812,,"[""he who raves with the thyrsus, epith. of Bacchus, E. Ph. 792 (lyr.), Orph. H. 50.8 .""]","[""he who raves with the thyrsus""]",[],[],[],{},[],1,1,0,0,0,1,1,0,0
49535,9,1840,n49535,θυρσο-πλήξ,,ὁ,812,,"[""thyrsus-stricken, frantic, [ ἑσμὸς] τεχνιτῶν Limen. 19 , cf. Hsch.""]","[""thyrsus-stricken, frantic""]",[],"[{""biblio"":"""",""quote"":""ἑσμὸς] τεχνιτῶν""},{""biblio"":""Limen. | 19"",""quote"":""ἑσμὸς] τεχνιτῶν Limen. 19""}]","[""Limen. | 19""]",{},[],1,1,0,1,0,1,1,0,2
49536,9,1841,n49536,θύρσος,,ὁ,812,,"[""θύρσα AP 6.158 (Sabin.): —wand wreathed in ivy and vine-leaves with a pine-cone at the top, carried by the devotees of Dionysus, E. Ba. 80 (lyr.), SIG 1109.138 , Hero Spir. 2.9 , etc.; also of the devotees themselves, Sch. E. Hec. 261 ."",""= κλάδος, ῥάβδος , Hsch. (Prob. a loan-word.)""]","[""wand wreathed in ivy and vine-leaves with a pine-cone at the top"",""devotees""]",[],"[{""biblio"":"""",""quote"":""θύρσα""},{""biblio"":""AP | 6.158"",""quote"":""θύρσα AP 6.158""}]","[""AP | 6.158""]",{},"[{""type"":""ref"",""target"":"""",""text"":""κλάδος, ῥάβδος""},{""type"":"""",""target"":"""",""text"":""= κλάδος, ῥάβδος""}]",1,1,0,1,1,2,2,0,2
49537,9,1842,n49537,θυρσο-τῐνάκτης,,ὁ,812,,"[""thyrsus-shaker, of Bacchus, Orph. H. 52.4 .""]","[""thyrsus-shaker""]",[],[],[],{},[],1,1,0,0,0,1,1,0,0
49538,9,1843,n49538,θυρσο-φορέω,,,812,,"[""bear the thyrsus, D.S. 4.3 ."",""θ. θιάσους assemble or lead companies with the thyrsus, E. Ba. 557 (lyr.).""]","[""bear the thyrsus"",""assemble"",""lead"",""with the thyrsus""]",[],[],[],{},[],1,1,0,0,0,2,4,0,0
49539,9,1844,n49539,θυρσο-φορία,,ἡ,812,,"[""bearing of the thyrsus, Plu. 2.671e .""]","[""bearing of the thyrsus""]",[],[],[],{},[],1,1,0,0,0,1,1,0,0
49540,9,1845,n49540,θυρσο-φόρος,,,812,,"[""thyrsus-bearing, Βάκχαι E. Cyc. 64 (lyr.), cf. AP 9.524.9 .""]","[""thyrsus-bearing""]",[],"[{""biblio"":"""",""quote"":""Βάκχαι""},{""biblio"":""E. | Cyc. | 64"",""quote"":""Βάκχαι E. Cyc. 64""}]","[""E. | Cyc. | 64""]",{},[],1,1,0,1,0,1,1,0,2
49541,9,1846,n49541,θυρσο-χᾰρής,,,812,,"[""delighting in the thyrsus, Inscr.Magn. 215a . 23 , AP 3.1 (Inscr. Cyzic.).""]","[""delighting in the thyrsus,""]",[],[],[],{},[],1,1,0,0,0,1,1,0,0
49542,9,1847,n49542,θυρσόω,,,812,,"[""make into thyrsi, λόγχαι τεθυρσωμέναι D.S. 4.4 .""]","[""make into thyrsi""]",[],"[{""biblio"":"""",""quote"":""λόγχαι τεθυρσωμέναι""},{""biblio"":""D.S. | 4.4"",""quote"":""λόγχαι τεθυρσωμέναι D.S. 4.4""}]","[""D.S. | 4.4""]",{},[],1,1,0,1,0,1,1,0,2
49543,9,1848,n49543,θύρ-ωμα,,τό,812,,"[""doorway(including posts, sill, and lintel), IG 12.372.78 , 11(2).287 A 77 (Delos,iii B.C.), Thphr. HP 3.14.1 , Callix. 2 , Hsch. s.v. θύρετρα; τὸ μέγα θ . OGI 193.10 (Branchidae);τὸ πρόπυλον καὶ τὸ θ. ib. 734 (Egypt,ii B.C.);διξὰ θ. Hdt. 2.169 : pl., also in Th. 3.68 , Lys. 19.31 , Pl. Plt. 280d , D. 21.167 ; τὰ θ. ἀποσπάσας Id. 29.3 ."",""panel, tablet, Diotog. ap. Stob. 4.1.96 ; τὸν νόμον οὐκ ἐν οἰκήμασι καὶ θυρώμασι ἐνῆμεν δεῖ, ἀλλ' ἐν τοῖς ἤθεσι Archyt. ap. eund. 4.1.138 ."",""in pl.,planks, boards, D.S. 20.86 ."",""window, LXX 3 Ki. 7.42(5) (pl.).""]","[""doorway"",""panel, tablet"",""planks, boards"",""window""]",[],"[{""biblio"":"""",""quote"":""τὰ θ. ἀποσπάσας""},{""biblio"":""Id. | 29.3"",""quote"":""τὰ θ. ἀποσπάσας Id. 29.3""},{""biblio"":"""",""quote"":""τὸν νόμον οὐκ ἐν οἰκήμασι καὶ θυρώμασι ἐνῆμεν δεῖ, ἀλλ' ἐν τοῖς ἤθεσι""},{""biblio"":""Archyt."",""quote"":""τὸν νόμον οὐκ ἐν οἰκήμασι καὶ θυρώμασι ἐνῆμεν δεῖ, ἀλλ' ἐν τοῖς ἤθεσι Archyt.""}]","[""Archyt."",""Id. | 29.3""]",{},"[{""type"":""ref"",""target"":"""",""text"":""θύρετρα; τὸ μέγα θ""},{""type"":"""",""target"":"""",""text"":""s.v. θύρετρα; τὸ μέγα θ""}]",1,1,0,1,1,4,4,0,4
49544,9,1849,n49544,θυρ-ών,,ὁ,812,,"[""hall, antechamber, S. El. 328 , OT 1242 , Fr. 649.23 , IG 11(2).158 A 57 (Delos,iii B.C.), Plu. Pyrrh. 34 , etc.""]","[""hall, antechamber""]",[],[],[],{},[],1,1,0,0,0,1,1,0,0
49545,9,1850,n49545,θῠρωρ-εῖον,,τό,812,,"[""porter's lodge, Vitr. 6.7.1 (dub.).""]","[""porter's lodge""]",[],[],[],{},[],1,1,0,0,0,1,1,0,0
49546,9,1851,n49546,θῠρωρ-έω,,,812,,"[""to be a àoor-keeper, Plu. 2.830b .""]","[""to be a àoor-keeper""]",[],[],[],{},[],1,1,0,0,0,1,1,0,0
49547,9,1852,n49547,θῠρωρ-ός,,ὁ,812,,"[""door-keeper, porter, Sapph. 98 , Hdt. 1.120 , A. Ch. 565 , Pl. Phlb. 62c , Ev.Marc. 13.34 , BGU 1061.10 (i A.D.), Luc. Vit.Auct. 7 , etc.:—also θυρουρός PCair.Zen. 292.76 (iii B.C.), PRyl. 136.6 (i A.D.), IG 3.1137 (ii A.D.), PFlor. 71.380 (iv A.D.). (From θυρα-ho ρϝος, cf.οὖρος, ἐρύω(B): connected with ὠρέω by Corn. ND 1 .)""]","[""door-keeper, porter"",""ho""]",[],[],[],{},[],1,1,0,0,0,1,2,0,0
49548,9,1853,n49548,θύρ-ωσις,,ἡ,812,,"[""furnishing with a door, τοῦ ἐργαστηρίου IG 4.1484.38 (Epid.).""]","[""furnishing with a door""]",[],"[{""biblio"":"""",""quote"":""τοῦ ἐργαστηρίου""},{""biblio"":""IG | 4.1484.38"",""quote"":""τοῦ ἐργαστηρίου IG 4.1484.38""}]","[""IG | 4.1484.38""]",{},[],1,1,0,1,0,1,1,0,2
49549,9,1854,n49549,θυρ-ωτός,Subst.,τό,812,,"[""with a door or aperture, στήθη Babr. 59.11 : neut. as Subst.,θυρ-ωτόν,τό,doorway, IG 4.1484.304 (Epid., dual).""]","[""with a door"",""aperture"",""doorway,""]",[],"[{""biblio"":"""",""quote"":""στήθη""},{""biblio"":""Babr. | 59.11"",""quote"":""στήθη Babr. 59.11""}]","[""Babr. | 59.11""]",{},[],1,1,0,1,0,1,3,0,2
49550,9,1855,n49550,θῦσαι,,αἱ,812,,"[""like θυιάδες ,Bacchantes, Lyc. 106 ; v.l. θύστῃσιν , cf.θυστάς, θύστης.""]",[],[],[],[],{},"[{""type"":""ref"",""target"":"""",""text"":""θυιάδες""},{""type"":"""",""target"":"""",""text"":""like θυιάδες""},{""type"":""ref"",""target"":"""",""text"":""θύστῃσιν""},{""type"":"""",""target"":"""",""text"":""v.l. θύστῃσιν""}]",1,0,0,0,1,1,0,0,0
49551,9,1856,n49551,θῠσᾰνηδόν,Adv.,,812,,"[""fringe-like, Ael. NA 16.11 .""]","[""fringe-like""]",[],[],[],{},[],1,1,0,0,0,1,1,0,0
49552,9,1857,n49552,θῠσᾰνο-ειδής,,,812,,"[""fringed:τὸ τῶν στρωμάτων θ. Eun. Hist. p.239 D.""]","[""fringed""]",[],[],[],{},[],1,1,0,0,0,1,1,0,0
49553,9,1858,n49553,θῠσᾰνό-εις,,,812,,"[""tasseled, fringed, Hom. (only in Il. ), αἰγίδα θυσσανόεσσαν 15.229 , 17.593 , al.;ἀσπίδα( v.l. αἰγίδα ) θ. 21.400 .""]","[""tasseled, fringed""]",[],"[{""biblio"":"""",""quote"":""αἰγίδα θυσσανόεσσαν""},{""biblio"":""15.229"",""quote"":""αἰγίδα θυσσανόεσσαν 15.229""},{""biblio"":"""",""quote"":""θ.""},{""biblio"":""21.400"",""quote"":""θ. 21.400""}]","[""15.229"",""21.400""]",{},"[{""type"":""ref"",""target"":"""",""text"":""αἰγίδα""},{""type"":"""",""target"":"""",""text"":""v.l. αἰγίδα""}]",1,1,0,1,1,1,1,0,4
49554,9,1859,n49554,θύσᾰνος,,ὁ,812,,"[""tassel: mostly in pl.,tassels, fringe, Hom. (only in Il. ), of the tassels of the αἰγίς, 2.448 ; ζώνῃ ἑκατὸν θυσάνοις ἀραρυίῃ 14.181 , cf. Hes. Sc. 225 , Hdt. 4.189 ;οἱ τῆς ὀθόνης θ. Ach.Tat. 5.24 ; πέπλος ἄχρι τῶν θ. πεποικιλμένος Them. Or. 18.222c ; of the tufts of the golden fleece, Pi. P. 4.231 ; of the long arms of the cuttle fish, Opp. H. 3.178 ;δικτυωτὸς θ. D.S. 18.26 . (Possibly connected with θύσσομαι, θύω.)""]","[""tassel"",""tassels, fringe"",""tassels of the"",""tufts"",""long arms""]",[],"[{""biblio"":"""",""quote"":""ζώνῃ ἑκατὸν θυσάνοις ἀραρυίῃ""},{""biblio"":""14.181"",""quote"":""ζώνῃ ἑκατὸν θυσάνοις ἀραρυίῃ 14.181""},{""biblio"":"""",""quote"":""πέπλος ἄχρι τῶν θ. πεποικιλμένος""},{""biblio"":""Them. | Or. | 18.222c"",""quote"":""πέπλος ἄχρι τῶν θ. πεποικιλμένος Them. Or. 18.222c""}]","[""14.181"",""Them. | Or. | 18.222c""]",{},[],1,1,0,1,0,1,5,0,4
49555,9,1860,n49555,θῠσάν-ουρος,,,812,,"[""with a ragged tail, Hsch.""]","[""with a ragged tail""]","[""οὐρά""]",[],[],{},[],1,1,1,0,0,1,1,1,0
49556,9,1861,n49556,θῠσαν-ώδης,,,812,,"[""= θυσανόεις ,tassel-like, bunched, ῥίζα Thphr. HP 1.6.4 .""]","[""tassel-like, bunched""]",[],"[{""biblio"":"""",""quote"":""ῥίζα""},{""biblio"":""Thphr. | HP | 1.6.4"",""quote"":""ῥίζα Thphr. HP 1.6.4""}]","[""Thphr. | HP | 1.6.4""]",{},"[{""type"":""ref"",""target"":"""",""text"":""θυσανόεις""},{""type"":"""",""target"":"""",""text"":""= θυσανόεις""}]",1,1,0,1,1,1,1,0,2
49557,9,1862,n49557,θῠσαν-ωτός,,,812,,"[""ἔνδυμα J. BJ 5.5.7 .""]",[],[],"[{""biblio"":"""",""quote"":""ἔνδυμα""},{""biblio"":""J. | BJ | 5.5.7"",""quote"":""ἔνδυμα J. BJ 5.5.7""}]","[""J. | BJ | 5.5.7""]",{},[],1,0,0,1,0,1,0,0,2
49558,9,1863,n49558,θῡσείω,,,812,,"[""θῡσείω, Desiderat. of θύω, Hdn. Epim. 249 .""]",[],[],[],[],{},[],1,0,0,0,0,1,0,0,0
49559,9,1864,n49559,θύσθεν,Adv.,,812,,"[""outside, τᾶς κελεύθω IG 5(2).3.23 (Tegea,iv B.C.).""]","[""outside""]",[],"[{""biblio"":"""",""quote"":""τᾶς κελεύθω""},{""biblio"":""IG | 5(2).3.23"",""quote"":""τᾶς κελεύθω IG 5(2).3.23""}]","[""IG | 5(2).3.23""]",{},[],1,1,0,1,0,1,1,0,2
49560,9,1865,n49560,θύσθλα,,τά,812,,"[""sacred implements of Bacchic orgies, Il. 6.134 ; θύσθλοις παιομένους Jul. Or. 7.209d ."",""the Bacchic festival itself, Opp. C. 1.26 : also in sg., Plu. 2.501f ."",""generally,sacrifice, θ. καταίθειν Lyc. 459 , cf. 720 , 929 , Orph. A. 904 , etc.""]","[""sacred implements of Bacchic orgies"",""the Bacchic festival itself"",""sacrifice""]","[""θύω""]","[{""biblio"":"""",""quote"":""θύσθλοις παιομένους""},{""biblio"":""Jul. | Or. | 7.209d"",""quote"":""θύσθλοις παιομένους Jul. Or. 7.209d""},{""biblio"":"""",""quote"":""θ. καταίθειν""},{""biblio"":""Lyc. | 459"",""quote"":""θ. καταίθειν Lyc. 459""}]","[""Jul. | Or. | 7.209d"",""Lyc. | 459""]",{},[],1,1,1,1,0,3,3,1,4
49561,9,1866,n49561,θῠσί-α,,ἡ,812,,"[""burnt-offering, sacrifice, mostly in pl.,v.l. in Batr. 176 , cf. Emp. 128.6 , etc.; ἐν θυσίησι εἶναι Hdt. 8.99 ; θυσίαισι δέκεσθαί τινα Pi. P. 5.86 , cf. I. 5(4).30 ; θυσίῃσι ἱλάσκεσθαι τὸν θεόν Hdt. 1.50 , cf. 6.105 ;θυσίας ἔρδειν, ἐπιτελέειν, ἀνάγειν, Id. 1.131 , 2.63 , 60 : also in sg.,θυσίαν ποιεῖσθαι, θύειν, Pl. Smp. 174c , R. 362c ; ἄγειν Id. Alc. 2.148e ;θ. σωτηρίου, αἰνέσεως, τῆς τελειώσεως, LXX Le. 3.1 , 7.2 , Ex. 29.34 ; of the gods, θυσίαν δέχεσθαι A. Th. 701 (lyr.)."",""mode of sacrifice, θ. ἡ αὐτὴ πᾶσι κατέστηκε Hdt. 4.60 , cf. 2.39 ."",""festival, at which sacrifices were offered, Pl. Phd. 61b , Ti. 26e , al.; θ. καὶ διαγωγαὶ τοῦ συζῆν Arist. Pol. 1280b37 , cf. EN 1160a20 ;περὶ τῶν ἐν Ῥόδῳ θ., title of work by Theognis Hist."",""generally,rite, ceremony, Plu. 2.693f , Thes. 20 ."",""victim, offering, Plu. 2.184f , Luc. Sacr. 12 .""]","[""burnt-offering, sacrifice"",""mode of sacrifice"",""festival, at which sacrifices were offered"",""rite, ceremony"",""victim, offering""]","[""θύω""]","[{""biblio"":"""",""quote"":""ἐν θυσίησι εἶναι""},{""biblio"":""Hdt. | 8.99"",""quote"":""ἐν θυσίησι εἶναι Hdt. 8.99""},{""biblio"":"""",""quote"":""θυσίαισι δέκεσθαί τινα""},{""biblio"":""Pi. | P. | 5.86"",""quote"":""θυσίαισι δέκεσθαί τινα Pi. P. 5.86""},{""biblio"":"""",""quote"":""θυσίῃσι ἱλάσκεσθαι τὸν θεόν""},{""biblio"":""Hdt. | 1.50"",""quote"":""θυσίῃσι ἱλάσκεσθαι τὸν θεόν Hdt. 1.50""},{""biblio"":"""",""quote"":""ἄγειν""},{""biblio"":""Id. | Alc. | 2.148e"",""quote"":""ἄγειν Id. Alc. 2.148e""},{""biblio"":"""",""quote"":""θυσίαν δέχεσθαι""},{""biblio"":""A. | Th. | 701"",""quote"":""θυσίαν δέχεσθαι A. Th. 701""},{""biblio"":"""",""quote"":""θ. ἡ αὐτὴ πᾶσι κατέστηκε""},{""biblio"":""Hdt. | 4.60"",""quote"":""θ. ἡ αὐτὴ πᾶσι κατέστηκε Hdt. 4.60""},{""biblio"":"""",""quote"":""θ. καὶ διαγωγαὶ τοῦ συζῆν""},{""biblio"":""Arist. | Pol. | 1280b37"",""quote"":""θ. καὶ διαγωγαὶ τοῦ συζῆν Arist. Pol. 1280b37""}]","[""A. | Th. | 701"",""Arist. | Pol. | 1280b37"",""Hdt. | 1.50"",""Hdt. | 4.60"",""Hdt. | 8.99"",""Id. | Alc. | 2.148e"",""Pi. | P. | 5.86""]",{},[],1,1,1,1,0,5,5,1,14
49562,9,1867,n49562,θῠσι-άζω,,αἱ,812,,"[""sacrifice, μῆλα Strato Com. 1.21 ;θυσίαν, θυσίασμα, LXX 2 Ch. 7.5 , 2 Es. 6.3 ;ὑπέρ τινος dub. l. in Lys. 6.4 ; ὑπὲρ τοῦ δήμου OGI 339.36 (Sestos,ii B.C.);τῷ Διὶ ὑπὲρ τῶν πλοϊζομένων ib. 199.36 (Adule); θ. τῷ θεῷ καὶ βακχεύειν D.S. 4.3 : abs., LXX 1 Ch. 21.28 , al., IG 3.74.16 , etc.:θυσιάζουσαι,αἱ , title of mime by Herodas.""]","[""sacrifice""]",[],"[{""biblio"":"""",""quote"":""μῆλα""},{""biblio"":""Strato Com. | 1.21"",""quote"":""μῆλα Strato Com. 1.21""},{""biblio"":"""",""quote"":""ὑπὲρ τοῦ δήμου""},{""biblio"":""OGI | 339.36"",""quote"":""ὑπὲρ τοῦ δήμου OGI 339.36""},{""biblio"":"""",""quote"":""θ. τῷ θεῷ καὶ βακχεύειν""},{""biblio"":""D.S. | 4.3"",""quote"":""θ. τῷ θεῷ καὶ βακχεύειν D.S. 4.3""}]","[""D.S. | 4.3"",""OGI | 339.36"",""Strato Com. | 1.21""]",{},[],1,1,0,1,0,1,1,0,6
49563,9,1868,n49563,θῠσι-άς,Subst.,,812,,"[""frenzied, φωνή Hsch. : pl. as Subst.,=θυιάδες, Id.""]","[""frenzied""]",[],"[{""biblio"":"""",""quote"":""φωνή""},{""biblio"":""Hsch."",""quote"":""φωνή Hsch.""}]","[""Hsch.""]",{},[],1,1,0,1,0,1,1,0,2
49564,9,1869,n49564,θῠσί-ασμα,,τό,812,,"[""θυσία 11 , LXX Ex. 29.18 ( v.l. θυμίαμα ), 2 Es. 6.3 .""]",[],[],"[{""biblio"":"""",""quote"":""θυσία""},{""biblio"":""11"",""quote"":""θυσία 11""}]","[""11""]",{},"[{""type"":""ref"",""target"":"""",""text"":""θυμίαμα""},{""type"":"""",""target"":"""",""text"":""v.l. θυμίαμα""}]",1,0,0,1,1,1,0,0,2
49565,9,1870,n49565,θῠσι-αστήριον,,τό,812,,"[""altar, ib. Ex. 27.1 , al., Ev.Matt. 23.18 , J. AJ 8.4.1 , Cod.Just. 1.12.3.2 .""]","[""altar""]",[],[],[],{},[],1,1,0,0,0,1,1,0,0
49566,9,1871,n49566,θῠσι-αστήριος,,,812,,"[""sacrificial, [ὕμνος] Timae. 154 .""]","[""sacrificial""]",[],[],[],{},[],1,1,0,0,0,1,1,0,0
49567,9,1872,n49567,θῠσι-αστής,,ὁ,812,,"[""a sacrificer, Sch. E. Hec. 224 .""]","[""a sacrificer""]",[],[],[],{},[],1,1,0,0,0,1,1,0,0
49568,9,1873,n49568,θύσῐμος,,,812,,"[""fit for sacrifice, κτήνεα Hdt. 1.50 , cf. Ar. Ach. 784 ;τὸ θ. Plu. 2.437a , cf. Porph. Abst. 2.14 .""]","[""fit for sacrifice""]",[],"[{""biblio"":"""",""quote"":""κτήνεα""},{""biblio"":""Hdt. | 1.50"",""quote"":""κτήνεα Hdt. 1.50""}]","[""Hdt. | 1.50""]",{},[],1,1,0,1,0,1,1,0,2
49569,9,1874,n49569,θῠσῐουργός,,ὁ,812,,"[""sacrificer, slaughterer, Ptol. Tetr. 179 .""]","[""sacrificer, slaughterer""]",[],[],[],{},[],1,1,0,0,0,1,1,0,0
49570,9,1875,n49570,θύσις,,ἡ,812,,"[""raging, ἀπὸ τῆς θ. καὶ ζέσεως τῆς ψυχῆς Pl. Cra. 419e .""]","[""raging""]",[],"[{""biblio"":"""",""quote"":""ἀπὸ τῆς θ. καὶ ζέσεως τῆς ψυχῆς""},{""biblio"":""Pl. | Cra. | 419e"",""quote"":""ἀπὸ τῆς θ. καὶ ζέσεως τῆς ψυχῆς Pl. Cra. 419e""}]","[""Pl. | Cra. | 419e""]",{},[],1,1,0,1,0,1,1,0,2
49571,9,1876,n49571,θύσκα:,,τό,812,,"[""v. θυί̈σκη .""]",[],[],[],[],{},"[{""type"":""ref"",""target"":"""",""text"":""θυί̈σκη""},{""type"":"""",""target"":"""",""text"":""v. θυί̈σκη""}]",1,0,0,0,1,1,0,0,0
49572,9,1877,n49572,θυσμικός,,,812,,"[""sacrificial, ἔτος IG 12(5).141 (Paros), 903 (Tenos).""]","[""sacrificial""]",[],"[{""biblio"":"""",""quote"":""ἔτος""},{""biblio"":""IG | 12(5).141"",""quote"":""ἔτος IG 12(5).141""}]","[""IG | 12(5).141""]",{},[],1,1,0,1,0,1,1,0,2
49573,9,1878,n49573,θυσπολίαι:,,,812,,"[""θυσπολίαι: θυηπολίαι, Hsch.""]",[],[],[],[],{},[],1,0,0,0,0,1,0,0,0
49574,9,1879,n49574,θυσσᾰνόεις,,,812,,"[""θυσσᾰνόεις, Ep. for θυσαν-.""]",[],[],[],[],{},[],1,0,0,0,0,1,0,0,0
49575,9,1880,n49575,θυσσάς,,ὁ,812,,"[""θυσσάς,άδος,ὁ,=θυιάς, epith. of Bacchus, IG 12(5).972 (Tenos).""]",[],[],[],[],{},[],1,0,0,0,0,1,0,0,0
49576,9,1881,n49576,θύσσομαι,,,812,,"[""θύσσομαι,=τινάσσομαι, Hsch.""]",[],[],[],[],{},[],1,0,0,0,0,1,0,0,0
49577,9,1882,n49577,θυστάς,Subst.,ἡ,812,,"[""sacrificial,θ. βοή the cry uttered in sacrificing, A. Th. 269 ;θ. λιταί the prayers accompanying a sacrifice, S. Ant. 1019 ."",""as Subst.,=θυτήρ, Sch. Opp. H. 5.417 ;=θυιάς, Hsch."",""sacrificial robe, E. Fr. 1101 .""]","[""sacrificial"",""uttered in sacrificing"",""accompanying a sacrifice"",""sacrificial robe""]",[],[],[],{},[],1,1,0,0,0,3,4,0,0
49578,9,1883,n49578,θυστήριον:,,ὁ,812,,"[""sacrificing priest(Cret.), Hsch. θύστινον: τρίχινον,οἱ δὲ μεσοτριβῆ, Id.θύστρα,τά,=θύματα, SIG 1026.24 (Cos).""]","[""sacrificing priest""]",[],[],[],{},[],1,1,0,0,0,1,1,0,0
49579,9,1884,n49579,θῠτ-εῖον,,τό,813,,"[""place for sacrificing, Aeschin. 3.122 .""]","[""place for sacrificing""]",[],[],[],{},[],1,1,0,0,0,1,1,0,0
49580,9,1885,n49580,θῠτ-έον,,,813,,"[""one must sacrifice, Ar. Av. 1237 , Pl. R. 365e , Porph. Abst. 2.13 ; τῇ ἀληθείᾳ Luc. Hist.Conscr. 39 .""]","[""one must sacrifice""]",[],"[{""biblio"":"""",""quote"":""τῇ ἀληθείᾳ""},{""biblio"":""Luc. | Hist.Conscr. | 39"",""quote"":""τῇ ἀληθείᾳ Luc. Hist.Conscr. 39""}]","[""Luc. | Hist.Conscr. | 39""]",{},[],1,1,0,1,0,1,1,0,2
49581,9,1886,n49581,θῠτ-ήρ,,ὁ,813,,"[""sacrificer, slayer, A. Ag. 224 , 240 (both lyr.), S. Tr. 613 , al.: coupled with μάντις, Call. Iamb. 1.221 .""]","[""sacrificer, slayer""]",[],[],[],{},[],1,1,0,0,0,1,1,0,0
49582,9,1887,n49582,θῠτ-ήριον,,τό,813,,"[""= θυσιαστήριον , as name of the constellation Ara, Arat. 403 , Q.S. 4.554 ."",""= θυμιατήριον , Phot.""]",[],[],[],[],{},"[{""type"":""ref"",""target"":"""",""text"":""θυσιαστήριον""},{""type"":"""",""target"":"""",""text"":""= θυσιαστήριον""},{""type"":""ref"",""target"":"""",""text"":""θυμιατήριον""},{""type"":"""",""target"":"""",""text"":""= θυμιατήριον""}]",1,0,0,0,1,2,0,0,0
49583,9,1888,n49583,θῠ́τ-ης,,ὁ,813,,"[""sacrificer or diviner, SIG 589.18 ( Magn. Mae.,ii B. C.), D.S. 17.17 , Onos. 10.25 , Arr. Epict. 1.17.18 , IG 14.617.6 (Rhegium), App. Hisp. 85 , Hdn. 4.12.3 : Thess.θύτας IG 9(2).1234 (Phalanna).""]","[""sacrificer"",""diviner""]",[],[],[],{},[],1,1,0,0,0,1,2,0,0
49584,9,1889,n49584,θῠτ-ικός,,,813,,"[""of or for sacrifice, μαχαιρίδιον Luc. Pisc. 45 :ἡ -κή(sc.τέχνη), the art of the diviner, Ph. 2.221 , Onos. 10.28 , Ath. 14.659d , Hdn. 8.3.7 , Porph. Abst. 2.53 ;τὸ θ. Placit. 5.1.3 ;θ. μαντεία Sch. rec. A. Pr. 496 ."",""given to sacrificing, Str. 3.3.6 .""]","[""of"",""for sacrifice"",""art of the diviner"",""given to sacrificing""]",[],"[{""biblio"":"""",""quote"":""μαχαιρίδιον""},{""biblio"":""Luc. | Pisc. | 45"",""quote"":""μαχαιρίδιον Luc. Pisc. 45""}]","[""Luc. | Pisc. | 45""]",{},[],1,1,0,1,0,2,4,0,2
49585,9,1890,n49585,θῠ́τ-ις,,,813,,"[""s.v. ἱρήτειρα :""]",[],[],[],[],{},"[{""type"":""ref"",""target"":"""",""text"":""ἱρήτειρα""},{""type"":"""",""target"":"""",""text"":""s.v. ἱρήτειρα""}]",1,0,0,0,1,1,0,0,0
49586,9,1891,n49586,θῠ́τ-ρια,,,813,,"[""s.v. ἱέρεια .""]",[],[],[],[],{},"[{""type"":""ref"",""target"":"""",""text"":""ἱέρεια""},{""type"":"""",""target"":"""",""text"":""s.v. ἱέρεια""}]",1,0,0,0,1,1,0,0,0
49587,9,1892,n49587,θῦψαι,,,813,,"[""v. τύφω .""]",[],[],[],[],{},"[{""type"":""ref"",""target"":"""",""text"":""τύφω""},{""type"":"""",""target"":"""",""text"":""v. τύφω""}]",1,0,0,0,1,1,0,0,0
49588,9,1893,n49588,θῦψις,,ἡ,813,,"[""burning, Suid. s.v. θυμάλωπες (= Sch. Ar. Ach. 320 ).""]","[""burning""]","[""τύφω""]",[],[],{},"[{""type"":""ref"",""target"":"""",""text"":""θυμάλωπες""},{""type"":"""",""target"":"""",""text"":""s.v. θυμάλωπες""}]",1,1,1,0,1,1,1,1,0
49589,9,1894,n49589,θύω,,,813,,"[""θῦον Od. 15.222 , Ion. θύεσκον Hippon. 37 :fut. θύσω [ῡ] E. El. 1141 , Pl. Lg. 909d , Henioch. 5.10 , Dor. θυσῶ Theoc. 2.33 ;3 pl. θυσέοντι IG 12(3).452 (Thera):aor. ἔθῡσα Od. 9.231 , etc., Ep. θῦσα 14.446 :pf. τέθῠκα Ar. Lys. 1062 , Pl. R. 328c :— Med. ,fut. θύσομαι E. Heracl. 340 (as Pass. , Hdt. 7.197 ):aor. ἐθυσάμην Th. 4.92 , (ἐκ-) Hdt. 6.91 , etc.:— Pass. ,fut. τῠθήσομαι D.S. 16.91 , Luc. DDeor. 4.2 :aor. ἐτύθην [ῠ] Hdt. 1.216 , A. Ch. 242 , Philem. 155.2 (part.written θυθέν Men. Sam. 185 , cf. τὴν βοῦν τὴν θυθεῖσαν IG 12(7).241 (Amorgos,iii B.C.), etc.):pf. τέθῠμαι A. Eu. 341 (lyr.), Ar. Av. 1034 , X. HG 3.5.5 (in med. sense, 5.1.18 , An. 7.8.21 ):plpf. ἐτέθῠτο Id. HG 3.1.23 . [ῡ in fut.and aor.,ῠ in pf. Act. and Pass. , and aor. Pass. ;ῡ generally in pres.and impf., exc. in trisyll. cases of part.,θῠοντα Od. 15.260 , θύ̆οντες h.Ap. 491 , but θύ̆εσκε Hippon. 37 ;ἔθύ̆ε, θύ̆ων, Pi. O. 10(11).57 , 13.69 ;θύ̆ειν, at the end of a line, E. El. 1141 (s.v. l., fort.θύη), Cyc. 334 , Ar. Ach. 792 (spoken by a Megarian);θύ̆εις, θύ̆ω, Strato Com. 1.19 , 20 ;θύ̆ωντι 3 pl. pres. subj., Theoc. 4.21 .]"",""Act. ,offer by burning meat or drink to the gods ( τὸ θύειν δωρεῖσθαί ἐστι τοῖς θεοῖς Pl. Euthphr. 14c ), θεοῖσι δὲ θῦσαι ἀνώγει Πάτροκλον . . , ὁ δ' ἐν πυρὶ βάλλε θυηλάς Il. 9.219 , cf. Aristarch. ap. Sch.adloc., Com.Adesp. 7D. (ap. Phryn. PS p.74 B. );ἦ ῥα καὶ ἄρ γματα θῦσε θεοῖς, of a drink-offering, Od. 14.446 , cf. 15.260 ; so ἔνθα δὲ πῦρ κήαντες ἐθύσαμεν(sc.τῶν τυρῶν)made an offering of cheese, 9.231 ; θ. ἀκρόθινα Pi. O. 10(11).57 ;πέλανον, δεῖπνα, A. Pers. 204 , Eu. 109 ;πυρούς, ναστούς, Ar. Av. 565 , 567 : c. dat. rei,θ. τούτῳ ὅ τι ἔχοι ἕκαστος(with v.l. τοῦτο ) Hdt. 1.50 ."",""sacrifice, slay a victim, [τῷ ἡλίῳ] θ. ἵππους( v.l. ἵπποισι ) ib. 216 ; ταῦρον Pi. O. 13.69 ; αὑτοῦ παῖδα A. Ag. 1417 , cf. S. El. 532 , etc.; ἱρά Hdt. 1.59 ; ἱερεῖα Th. 1.126 , etc.;θ. θῦμα, θυσίαν, Pl. Plt. 290e , R. 362c , etc.;θ. διαβατήρια, ἐπινίκια, etc., Plu. Luc. 24 , Pl. Smp. 173a , etc.:— Pass. ,τὰ τεθυμένα the flesh of the victim, X. HG 4.3.14 , etc.;τὰ τεθ. ἱερά ib. 3.5.5 ; τὰ θυόμενα Id. Lac. 15.3 ."",""simply,slaughter, Hdt. 1.126 , Ar. Lys. 1062 , LXX Is. 22.13 ."",""abs.,offer sacrifice, Hdt. 1.31 .al., A. Ag. 594 , Fr. 161.2 , S. OC 1159 ;τοῖσι θεοῖσι θ. Pherecr. 23 , cf. Hdt. 4.60 , 8.138 ; θεῶν ἕνεκα Men. 129.1 ."",""celebrate with offerings or sacrifices,σῶστρα θ. Hdt. 1.118 ; γενέθλια Pl. Alc. 1.121c ; Λύκαια, Ἡράκλεια X. An. 1.2.10 , D. 19.86 ; ἐλευθέρια Henioch. 5.10 ; γάμους Plu. Pomp. 55 ."",""c. dupl.acc.,εὐαγγέλια θ. ἑκατὸν βοῦς sacrifice a hundred oxen for the good news, Ar. Eq. 656 ."",""Ἑστίᾳ θύειν, prov. of niggards, because sacrifices to Hestia admitted no one to share the offering, Theopomp.Com. 28 ."",""Med. ,cause a victim to be offered, τῶν θυμάτων ὧν δεῖ θύεσθαι καὶ παρίστασθαι IG 5(1).1390.65 (Andania,i B.C.), etc.: hence freq. abs.,consult the gods, Hdt. 7.189 , E. Heracl. 340 ;ἐπὶ Κρότωνα, ἐπὶ τῷ Πέρσῃ, i.e. on marching against . ., Hdt. 5.44 , 9.10 , cf. X. An. 7.8.21 ;θύεσθαι ἐπ' ἐξόδῳ ib. 6.4.9 ;ὑπὲρ τῆς μονῆς ib. 5.6.27 : c.inf.,θ. ἰέναι offer sacrifice[to learn] whether to go or not, ib. 2.2.3 ; also ἐθυόμην εἰ βέλτιον εἴη ib. 6.1.31 (so in Act. ,ἔθυε( v.l. ἐθύετο )τῷ Διί . . πότερά οἱ λῷον καὶ ἄμεινον εἴη . .ib. 7.6.44 );διαβατήρια θύεσθαι, as in Act. , Th. 5.54 ."",""metaph.,tear in pieces, of wild beasts, A. Ag. 137 (lyr.). (Hence θυμός, cf. Skt.dhūmás, Lat.fumus'smoke',θυμιάω, θύος, θυήλημα, τύφω, perh.θεῖον(A), Lat.suffire; cf. sq.)""]","[""offer by burning"",""made an offering"",""sacrifice, slay"",""the flesh of the victim"",""slaughter"",""offer sacrifice"",""celebrate"",""sacrifice"",""for"",""cause"",""to be offered"",""consult the gods"",""against . ."",""offer sacrifice"",""tear in pieces"",""dhūmás"",""fumus"",""suffire""]","[""ἐκ-""]","[{""biblio"":"""",""quote"":""θῦον""},{""biblio"":""Od. | 15.222"",""quote"":""θῦον Od. 15.222""},{""biblio"":"""",""quote"":""θύεσκον""},{""biblio"":""Hippon. | 37"",""quote"":""θύεσκον Hippon. 37""},{""biblio"":"""",""quote"":""θυσῶ""},{""biblio"":""Theoc. | 2.33"",""quote"":""θυσῶ Theoc. 2.33""},{""biblio"":"""",""quote"":""θυσέοντι""},{""biblio"":""IG | 12(3).452"",""quote"":""θυσέοντι IG 12(3).452""},{""biblio"":"""",""quote"":""ἔθῡσα""},{""biblio"":""Od. | 9.231"",""quote"":""ἔθῡσα Od. 9.231""},{""biblio"":"""",""quote"":""θῦσα""},{""biblio"":""14.446"",""quote"":""θῦσα 14.446""},{""biblio"":"""",""quote"":""τέθῠκα""},{""biblio"":""Ar. | Lys. | 1062"",""quote"":""τέθῠκα Ar. Lys. 1062""},{""biblio"":"""",""quote"":""θύσομαι""},{""biblio"":""E. | Heracl. | 340"",""quote"":""θύσομαι E. Heracl. 340""},{""biblio"":"""",""quote"":""ἐθυσάμην""},{""biblio"":""Th. | 4.92"",""quote"":""ἐθυσάμην Th. 4.92""},{""biblio"":"""",""quote"":""τῠθήσομαι""},{""biblio"":""D.S. | 16.91"",""quote"":""τῠθήσομαι D.S. 16.91""},{""biblio"":"""",""quote"":""θυθέν""},{""biblio"":""Men. | Sam. | 185"",""quote"":""θυθέν Men. Sam. 185""},{""biblio"":"""",""quote"":""τὴν βοῦν τὴν θυθεῖσαν""},{""biblio"":""IG | 12(7).241"",""quote"":""τὴν βοῦν τὴν θυθεῖσαν IG 12(7).241""},{""biblio"":"""",""quote"":""τέθῠμαι""},{""biblio"":""A. | Eu. | 341"",""quote"":""τέθῠμαι A. Eu. 341""},{""biblio"":"""",""quote"":""ἐτέθῠτο""},{""biblio"":""Id. | HG | 3.1.23"",""quote"":""ἐτέθῠτο Id. HG 3.1.23""},{""biblio"":"""",""quote"":""θύ̆οντες""},{""biblio"":""h.Ap. | 491"",""quote"":""θύ̆οντες h.Ap. 491""},{""biblio"":"""",""quote"":""θύ̆εσκε""},{""biblio"":""Hippon. | 37"",""quote"":""θύ̆εσκε Hippon. 37""},{""biblio"":"""",""quote"":""τὸ θύειν δωρεῖσθαί ἐστι τοῖς θεοῖς""},{""biblio"":""Pl. | Euthphr. | 14c"",""quote"":""τὸ θύειν δωρεῖσθαί ἐστι τοῖς θεοῖς Pl. Euthphr. 14c""},{""biblio"":"""",""quote"":""θεοῖσι δὲ θῦσαι ἀνώγει Πάτροκλον . . , ὁ δ' ἐν πυρὶ βάλλε θυηλάς""},{""biblio"":""Il. | 9.219"",""quote"":""θεοῖσι δὲ θῦσαι ἀνώγει Πάτροκλον . . , ὁ δ' ἐν πυρὶ βάλλε θυηλάς Il. 9.219""},{""biblio"":"""",""quote"":""θ. ἀκρόθινα""},{""biblio"":""Pi. | O. | 10(11).57"",""quote"":""θ. ἀκρόθινα Pi. O. 10(11).57""},{""biblio"":"""",""quote"":""ταῦρον""},{""biblio"":""Pi. | O. | 13.69"",""quote"":""ταῦρον Pi. O. 13.69""},{""biblio"":"""",""quote"":""αὑτοῦ παῖδα""},{""biblio"":""A. | Ag. | 1417"",""quote"":""αὑτοῦ παῖδα A. Ag. 1417""},{""biblio"":"""",""quote"":""ἱρά""},{""biblio"":""Hdt. | 1.59"",""quote"":""ἱρά Hdt. 1.59""},{""biblio"":"""",""quote"":""ἱερεῖα""},{""biblio"":""Th. | 1.126"",""quote"":""ἱερεῖα Th. 1.126""},{""biblio"":"""",""quote"":""τὰ θυόμενα""},{""biblio"":""Id. | Lac. | 15.3"",""quote"":""τὰ θυόμενα Id. Lac. 15.3""},{""biblio"":"""",""quote"":""θεῶν ἕνεκα""},{""biblio"":""Men. | 129.1"",""quote"":""θεῶν ἕνεκα Men. 129.1""},{""biblio"":"""",""quote"":""γενέθλια""},{""biblio"":""Pl. | Alc. | 1.121c"",""quote"":""γενέθλια Pl. Alc. 1.121c""},{""biblio"":"""",""quote"":""Λύκαια, Ἡράκλεια""},{""biblio"":""X. | An. | 1.2.10"",""quote"":""Λύκαια, Ἡράκλεια X. An. 1.2.10""},{""biblio"":"""",""quote"":""ἐλευθέρια""},{""biblio"":""Henioch. | 5.10"",""quote"":""ἐλευθέρια Henioch. 5.10""},{""biblio"":"""",""quote"":""γάμους""},{""biblio"":""Plu. | Pomp. | 55"",""quote"":""γάμους Plu. Pomp. 55""},{""biblio"":"""",""quote"":""τῶν θυμάτων ὧν δεῖ θύεσθαι καὶ παρίστασθαι""},{""biblio"":""IG | 5(1).1390.65"",""quote"":""τῶν θυμάτων ὧν δεῖ θύεσθαι καὶ παρίστασθαι IG 5(1).1390.65""}]","[""14.446"",""A. | Ag. | 1417"",""A. | Eu. | 341"",""Ar. | Lys. | 1062"",""D.S. | 16.91"",""E. | Heracl. | 340"",""Hdt. | 1.59"",""Henioch. | 5.10"",""Hippon. | 37"",""IG | 12(3).452"",""IG | 12(7).241"",""IG | 5(1).1390.65"",""Id. | HG | 3.1.23"",""Id. | Lac. | 15.3"",""Il. | 9.219"",""Men. | 129.1"",""Men. | Sam. | 185"",""Od. | 15.222"",""Od. | 9.231"",""Pi. | O. | 10(11).57"",""Pi. | O. | 13.69"",""Pl. | Alc. | 1.121c"",""Pl. | Euthphr. | 14c"",""Plu. | Pomp. | 55"",""Th. | 1.126"",""Th. | 4.92"",""Theoc. | 2.33"",""X. | An. | 1.2.10"",""h.Ap. | 491""]",{},"[{""type"":""ref"",""target"":"""",""text"":""τοῦτο""},{""type"":"""",""target"":"""",""text"":""v.l. τοῦτο""},{""type"":""ref"",""target"":"""",""text"":""ἵπποισι""},{""type"":"""",""target"":"""",""text"":""v.l. ἵπποισι""},{""type"":""ref"",""target"":"""",""text"":""ἐθύετο""},{""type"":"""",""target"":"""",""text"":""v.l. ἐθύετο""}]",1,1,1,1,1,10,18,1,60
49590,9,1895,n49590,θύω,,,813,,"[""ἔθῡσα Call. Fr. 82 :—rage, seethe, ἄνεμος μὲν ἐπαύσατο λαίλαπι θύων Od. 12.400 ;Ζέφυρος μεγάλῃ σὺν λαίλαπι θύων ib. 408 , cf. Hes. Op. 621 , Th. 874 ; of a swollen river,ὁ δ' ἐπέσσυτο οἴδματι θύων seething, Il. 21.234 ;ὑψόσε θύων ib. 324 ; of a wind-swept sea, ὁ δ' ἔστενεν οἴδματι θύων 23.230 , cf. Hes. Th. 109 , 131 ; of the wake of a ship, κῦμα δ' ὄπισθε πορφύρεον μέγα θῦε Od. 13.85 ;δάπεδον δ' ἅπαν αἵματι θῦεν the ground seethed with blood, 11.420 , 22.309 ; of persons,storm, rage, ἦ γὰρ ὅ γ' ὀλοιῇσι φρεσὶ θύει Il. 1.342 ; ἔγχεϊ θῦεν 11.180 ; κασιγνήτα μένει θύοισα Pi. P. 3.33 ; θύουσαν Ἅιδου μητέρα A. Ag. 1235 ; πυκνὰ δέ οἱ κραδίη ἔντοσθεν ἔθυεν A.R. 3.755 ( v.l. ἔθυιεν ): c.inf.,desire eagerly,ἐνισπεῖν ib. 685 ; of a horse, Call. Fr. 82 ; of a serpent, Nic. Th. 129 ( v.l. θυίῃσι ). [ῡ always: for θύμενος [ῠ] is f.l. for σύμενος in Pratin.Lyr. 1.4 .]θυίω(q. v.) should perh. be preferred in later Ep. , and is cj. in Pi.l.c. (Cf. Lett.dusmas(pl.) 'anger',dusēt'puff', 'pant', Lat.f[ucaron]ro(fr.dh[ucaron]s-),θύελλα, θυίω, θυιάς(orig.madwoman); prob. cogn. with foreg.)""]","[""rage, seethe"",""seething"",""seethed"",""storm, rage"",""desire eagerly"",""dusmas"",""dusēt"",""f[ucaron]ro"",""dh[ucaron]s-"",""madwoman""]",[],"[{""biblio"":"""",""quote"":""ἔθῡσα""},{""biblio"":""Call. | Fr. | 82"",""quote"":""ἔθῡσα Call. Fr. 82""},{""biblio"":"""",""quote"":""ἄνεμος μὲν ἐπαύσατο λαίλαπι θύων""},{""biblio"":""Od. | 12.400"",""quote"":""ἄνεμος μὲν ἐπαύσατο λαίλαπι θύων Od. 12.400""},{""biblio"":"""",""quote"":""ὁ δ' ἔστενεν οἴδματι θύων""},{""biblio"":""23.230"",""quote"":""ὁ δ' ἔστενεν οἴδματι θύων 23.230""},{""biblio"":"""",""quote"":""κῦμα δ' ὄπισθε πορφύρεον μέγα θῦε""},{""biblio"":""Od. | 13.85"",""quote"":""κῦμα δ' ὄπισθε πορφύρεον μέγα θῦε Od. 13.85""},{""biblio"":"""",""quote"":""ἦ γὰρ ὅ γ' ὀλοιῇσι φρεσὶ θύει""},{""biblio"":""Il. | 1.342"",""quote"":""ἦ γὰρ ὅ γ' ὀλοιῇσι φρεσὶ θύει Il. 1.342""},{""biblio"":"""",""quote"":""ἔγχεϊ θῦεν""},{""biblio"":""11.180"",""quote"":""ἔγχεϊ θῦεν 11.180""},{""biblio"":"""",""quote"":""κασιγνήτα μένει θύοισα""},{""biblio"":""Pi. | P. | 3.33"",""quote"":""κασιγνήτα μένει θύοισα Pi. P. 3.33""},{""biblio"":"""",""quote"":""θύουσαν Ἅιδου μητέρα""},{""biblio"":""A. | Ag. | 1235"",""quote"":""θύουσαν Ἅιδου μητέρα A. Ag. 1235""},{""biblio"":"""",""quote"":""πυκνὰ δέ οἱ κραδίη ἔντοσθεν ἔθυεν""},{""biblio"":""A.R. | 3.755"",""quote"":""πυκνὰ δέ οἱ κραδίη ἔντοσθεν ἔθυεν A.R. 3.755""}]","[""11.180"",""23.230"",""A. | Ag. | 1235"",""A.R. | 3.755"",""Call. | Fr. | 82"",""Il. | 1.342"",""Od. | 12.400"",""Od. | 13.85"",""Pi. | P. | 3.33""]",{},"[{""type"":""ref"",""target"":"""",""text"":""ἔθυιεν""},{""type"":"""",""target"":"""",""text"":""v.l. ἔθυιεν""},{""type"":""ref"",""target"":"""",""text"":""θυίῃσι""},{""type"":"""",""target"":"""",""text"":""v.l. θυίῃσι""},{""type"":""ref"",""target"":"""",""text"":""σύμενος""},{""type"":"""",""target"":"""",""text"":""f.l. for σύμενος""}]",1,1,0,1,1,1,10,0,18
49591,9,1896,n49591,θῠ-ώδης,,,813,,"[""smelling of incense, fragrant, εἵματα . . θυώδεα Od. 5.264 ; θαλάμοιο θυώδεος 4.121 ; βωμός h.Ap. 87 ; νηός h.Ven. 59 ; ναοί Theoc. 17.123 ; Οὔλυμπος h.Merc. 322 ; λίβανος Emp. 128.6 ; καπνός E. Andr. 1026 (lyr.): Comp. -έστερος, τέρμινθος Thphr. HP 3.15.3 ."",""( θύον 1 )belonging to the tree θύον, ib. 5.4.2 .""]","[""smelling of incense, fragrant"",""belonging to the tree""]",[],"[{""biblio"":"""",""quote"":""εἵματα . . θυώδεα""},{""biblio"":""Od. | 5.264"",""quote"":""εἵματα . . θυώδεα Od. 5.264""},{""biblio"":"""",""quote"":""θαλάμοιο θυώδεος""},{""biblio"":""4.121"",""quote"":""θαλάμοιο θυώδεος 4.121""},{""biblio"":"""",""quote"":""βωμός""},{""biblio"":""h.Ap. | 87"",""quote"":""βωμός h.Ap. 87""},{""biblio"":"""",""quote"":""νηός""},{""biblio"":""h.Ven. | 59"",""quote"":""νηός h.Ven. 59""},{""biblio"":"""",""quote"":""ναοί""},{""biblio"":""Theoc. | 17.123"",""quote"":""ναοί Theoc. 17.123""},{""biblio"":"""",""quote"":""Οὔλυμπος""},{""biblio"":""h.Merc. | 322"",""quote"":""Οὔλυμπος h.Merc. 322""},{""biblio"":"""",""quote"":""λίβανος""},{""biblio"":""Emp. | 128.6"",""quote"":""λίβανος Emp. 128.6""},{""biblio"":"""",""quote"":""καπνός""},{""biblio"":""E. | Andr. | 1026"",""quote"":""καπνός E. Andr. 1026""},{""biblio"":"""",""quote"":""-έστερος, τέρμινθος""},{""biblio"":""Thphr. | HP | 3.15.3"",""quote"":""-έστερος, τέρμινθος Thphr. HP 3.15.3""},{""biblio"":"""",""quote"":""θύον""},{""biblio"":""1"",""quote"":""θύον 1""}]","[""1"",""4.121"",""E. | Andr. | 1026"",""Emp. | 128.6"",""Od. | 5.264"",""Theoc. | 17.123"",""Thphr. | HP | 3.15.3"",""h.Ap. | 87"",""h.Merc. | 322"",""h.Ven. | 59""]",{},[],1,1,0,1,0,2,2,0,20
49592,9,1897,n49592,θῠ-ώεις,,,813,,"[""θῠ-ώεις,εσσα,εν,=θυόεις, Hsch.""]",[],[],[],[],{},[],1,0,0,0,0,1,0,0,0
49593,9,1898,n49593,θῠ́-ωμα,,τό,813,,"[""that which is burnt as incense: pl.,spices, Heraclit. 67 , Semon. 16 , Hdt. 2.40 , 86 , Luc. Syr.D. 20 .""]","[""that which"",""is burnt as incense"",""spices""]",[],[],[],{},[],1,1,0,0,0,1,3,0,0
49594,9,1899,n49594,Θῠώνη,Adj.,ἡ,813,,"[""Διόνυσος Opp. C. 1.27 ."",""θῠώνη, Dor. θῠ́-ᾱ,ἡ,portion of sacrifice, acc. pl. -ας Abh. Berl.Akad. 1928(6).12 (Cos); cf. Hsch. s.v. θύανον .""]","[""portion of sacrifice"",""Abh. Berl.Akad.""]",[],"[{""biblio"":"""",""quote"":""Διόνυσος""},{""biblio"":""Opp. | C. | 1.27"",""quote"":""Διόνυσος Opp. C. 1.27""},{""biblio"":"""",""quote"":""-ας""},{""biblio"":""1928(6).12"",""quote"":""-ας Abh. Berl.Akad. 1928(6).12""}]","[""1928(6).12"",""Opp. | C. | 1.27""]",{},"[{""type"":""ref"",""target"":"""",""text"":""θύανον""},{""type"":"""",""target"":"""",""text"":""s.v. θύανον""}]",1,1,0,1,1,2,2,0,4
49595,9,1900,n49595,θῠωρ-εῖσθαι:,,,813,,"[""θῠωρ-εῖσθαι: θυωθεῖσθαι, εὐωχεῖσθαι, Hsch.""]",[],[],[],[],{},[],1,0,0,0,0,1,0,0,0
49596,9,1901,n49596,θῠωρ-ίς,,ἡ,813,,"[""a table for offerings, Poll. 4.123 ; cf.θυωρός.""]","[""a table for offerings""]",[],[],[],{},[],1,1,0,0,0,1,1,0,0
49597,9,1902,n49597,θῠωρ-ίτης:,,,813,,"[""an examiner of beauty, of Paris, Lyc. 93 ; expld. by ἀργυρογνώμων, EM 457.50 .""]","[""an examiner""]",[],[],[],{},[],1,1,0,0,0,1,1,0,0
49598,9,1903,n49598,θῠωρ-ός,Subst.,,813,,"[""taking care of offerings: as Subst.(sc.τράπεζα),=θυωρίς, Call. Dian. 134 , BCH 11.161 (Lagina); οἱ θεοὶ τὴν τράπεζαν θυωρὸν καλοῦσιν Pherecyd.Syr. 12 ."",""(θύος) perfumer, Nic. Th. 103 .""]","[""taking care of offerings"",""perfumer""]","[""θύος"",""θύος""]","[{""biblio"":"""",""quote"":""οἱ θεοὶ τὴν τράπεζαν θυωρὸν καλοῦσιν""},{""biblio"":""Pherecyd.Syr. | 12"",""quote"":""οἱ θεοὶ τὴν τράπεζαν θυωρὸν καλοῦσιν Pherecyd.Syr. 12""}]","[""Pherecyd.Syr. | 12""]",{},[],1,1,1,1,0,2,2,2,2
49599,9,1904,n49599,θώ,,ὁ,813,,"[""θώ,ὁ, apocop. for θώραξ, AP 6.85 ( Pall. ).""]",[],[],[],[],{},[],1,0,0,0,0,1,0,0,0
49600,9,1905,n49600,θωάζω,,,813,,"[""pay the penalty, βοί̈ Schwyzer 412.1 (Elis):θωάω,penalize, fine, IG 12.4.7 , 12 :—Delph.θωέω Michel 995 D 19 :—Cret.θωαίω GDI 4977 (Gortyn):— Pass. ,διπλείῳ θωιήστω(imper.), IG 9(1).333.9 ( Locr. ,v B.C.).""]","[""pay the penalty"",""penalize, fine,""]","[""θωή""]","[{""biblio"":"""",""quote"":""βοί̈""},{""biblio"":""Schwyzer | 412.1"",""quote"":""βοί̈ Schwyzer 412.1""}]","[""Schwyzer | 412.1""]",{},[],1,1,1,1,0,1,2,1,2
49601,9,1906,n49601,θωή,,ἡ,813,,"[""penalty, θωὴν ἐπιθήσομεν Od. 2.192 ;θωὴν ἀλέεινεν Ἀχαιῶν a penalty imposed by them, Il. 13.669 :— Att. θωά,ἡ, IG 12.114.42 :— Ion. also θωϊή Archil. 109 , BCH 50.214 (Thasos, V B.C.), prob. l. in Democr. 262 :θωιιή, SIG 58.12 (Milet., V B.C.): Att. gen. pl.θῳῶν with ι acc. to Choerob. in Theod. 1.405 , but v.supr. and cf.θωάω. (I.- E. dhō-, in O E. dóm'doom', cf.dhē-in τίθημι.)""]","[""penalty"",""penalty"",""dhō-"",""dóm"",""dhē-""]",[],"[{""biblio"":"""",""quote"":""θωὴν ἐπιθήσομεν""},{""biblio"":""Od. | 2.192"",""quote"":""θωὴν ἐπιθήσομεν Od. 2.192""}]","[""Od. | 2.192""]",{},[],1,1,0,1,0,1,5,0,2
49602,9,1907,n49602,θωίασις,,ἡ,813,,"[""infliction of penalty, Michel 995 D 23 (Delph.).""]","[""infliction of penalty,""]",[],[],[],{},[],1,1,0,0,0,1,1,0,0
49603,9,1908,n49603,θωκέω,,,813,,"[""establish, settle, Hsch. θῶκος, Ion. for θᾶκος.θῶμα,θωμάζω,θωμάσιος, Ion. for θαυμ-, Hdt. θῶμαι, v. θῶσθαι .""]","[""establish, settle""]",[],[],[],{},"[{""type"":""ref"",""target"":"""",""text"":""θῶσθαι""},{""type"":"""",""target"":"""",""text"":""v. θῶσθαι""}]",1,1,0,0,1,1,1,0,0
49604,9,1909,n49604,θωμεύω,,,813,,"[""heap up, Hsch.""]","[""heap up""]","[""θωμός""]",[],[],{},[],1,1,1,0,0,1,1,1,0
49605,9,1910,n49605,θῶμιγξ,,ἡ,813,,"[""cord, string, Hdt. 1.199 , AP 9.343 ( Arch. ), Polyaen. 6.50 , Ael. VH 3.26 ;bow-string, A. Pers. 461 , Eu. 182 , Trag.Adesp. 215 ;a fishing-line, Opp. H. 3.76 , etc. (Perh. cognate with Lat.fūnis.)""]","[""cord, string"",""bow-string"",""a fishing-line"",""fūnis.""]",[],[],[],{},[],1,1,0,0,0,1,4,0,0
49606,9,1911,n49606,θωμίζω,,,813,,"[""whip, scourge, νῶτον μάστιγι θωμιχθείς Anacr. 21.10 , cf. EM 459.54 :—also,bind, Hsch. , Suid.""]","[""whip, scourge"",""bind""]",[],"[{""biblio"":"""",""quote"":""νῶτον μάστιγι θωμιχθείς""},{""biblio"":""Anacr. | 21.10"",""quote"":""νῶτον μάστιγι θωμιχθείς Anacr. 21.10""}]","[""Anacr. | 21.10""]",{},[],1,1,0,1,0,1,2,0,2
49607,9,1912,n49607,θώμισσον:,,,813,,"[""θώμισσον: τὸν μισθόν, Hsch. (leg.θὤμισσον: τὸ ἥμισσον).""]",[],[],[],[],{},[],1,0,0,0,0,1,0,0,0
49608,9,1913,n49608,θωμός,,ὁ,813,,"[""heap, A. Ag. 295 , Ar. Lys. 973 , Thphr. HP 8.11.4 , AP 6.299 ( Phan. ): metaph., θ. ψηφισμάτων Ar. Fr. 217 . (Like θημών, fr. I.- E. dhē-,τί-θημι.)""]","[""heap"",""dhē""]",[],"[{""biblio"":"""",""quote"":""θ. ψηφισμάτων""},{""biblio"":""Ar. | Fr. | 217"",""quote"":""θ. ψηφισμάτων Ar. Fr. 217""}]","[""Ar. | Fr. | 217""]",{},[],1,1,0,1,0,1,2,0,2
49609,9,1914,n49609,θωός,,ὁ,813,,"[""bird, Hsch.""]","[""bird""]",[],[],[],{},[],1,1,0,0,0,1,1,0,0
49610,9,1915,n49610,θωπ-εία,,ἡ,813,,"[""flattery, E. Or. 670 , Jul. Or. 3.102c , etc.: pl., Ar. Eq. 890 ; θωπεῖαι λόγων Pl. Lg. 906b ;θ. κολακικαί ib. 633d .""]","[""flattery""]",[],"[{""biblio"":"""",""quote"":""θωπεῖαι λόγων""},{""biblio"":""Pl. | Lg. | 906b"",""quote"":""θωπεῖαι λόγων Pl. Lg. 906b""}]","[""Pl. | Lg. | 906b""]",{},[],1,1,0,1,0,1,1,0,2
49611,9,1916,n49611,θώπ-ευμα,,τό,813,,"[""piece of flattery, Ar. V. 563 : in pl.,endearments, E. Supp. 1103 ;flatteries, Pl. R. 590c , Plu. 2.823c :— Dim. θωπ-ευμάτια,τά,bits of flattery, Ar. Eq. 788 .""]","[""piece of flattery"",""endearments"",""flatteries"",""bits of flattery""]",[],[],[],{},[],1,1,0,0,0,1,4,0,0
49612,9,1917,n49612,θωπ-ευτικός,Adv.,,813,,"[""disposed to flatter, fuwning, of dogs, Arist. HA 488b21 ;τὰ θωπευτικά flattery, Pl. Lg. 634a .Adv. θωπ-κῶς D.C. 69.6 , Gal. 14.600 .""]","[""disposed to flatter, fuwning"",""flattery""]",[],[],[],{},[],1,1,0,0,0,1,2,0,0
49613,9,1918,n49613,θωπ-εύω,,,813,,"[""flatter, wheedle,τινα S. OC 1003 , 1336 , E. Heracl. 983 , Ar. Ach. 657 , Eq. 48 ;σὺ ταῦτα θώπευ' be it thine to flatter thus, S. El. 397 ; θ. τὸν δεσπότην λόγῳ Pl. Tht. 173a ; τὸν δῆμον Aeschin. 3.226 ; τὰς πόλεις Phld. Rh. 2.170S. ;καιρὸν θ.to be a time-server, Ps.-Phoc. 93 ;ἵνα μὴ ἄλλους θωπεύωμεν σοῦ ὑγιαίνοντος serve others (in good sense), PSI 5.525.16 (iii B.C.); of dogs,fawn, Arist. Phgn. 811b38 ;caress, pat a horse, X. Eq. 10.13 , Cyn. 6.21 ; of disease,soothe, τὴν χολήν Sever. Clyst. p.37 D. :— Pass. , Ar. Eq. 1116 .""]","[""flatter, wheedle"",""be it"",""flatter"",""to be a"",""server"",""serve"",""fawn"",""caress, pat"",""soothe""]","[""θώψ""]","[{""biblio"":"""",""quote"":""θ. τὸν δεσπότην λόγῳ""},{""biblio"":""Pl. | Tht. | 173a"",""quote"":""θ. τὸν δεσπότην λόγῳ Pl. Tht. 173a""},{""biblio"":"""",""quote"":""τὸν δῆμον""},{""biblio"":""Aeschin. | 3.226"",""quote"":""τὸν δῆμον Aeschin. 3.226""},{""biblio"":"""",""quote"":""τὰς πόλεις""},{""biblio"":""Phld. | Rh. | 2.170S."",""quote"":""τὰς πόλεις Phld. Rh. 2.170S.""},{""biblio"":"""",""quote"":""τὴν χολήν""},{""biblio"":""Sever. | Clyst. | p.37"",""quote"":""τὴν χολήν Sever. Clyst. p.37""}]","[""Aeschin. | 3.226"",""Phld. | Rh. | 2.170S."",""Pl. | Tht. | 173a"",""Sever. | Clyst. | p.37""]",{},[],1,1,1,1,0,1,9,1,8
49614,9,1919,n49614,θωπ-ικός,Adv.,,813,,"[""= θωπευτικός , Id. Lys. 1037 , Max.Tyr. 9.7 .Adv. -κῶς Suid.""]",[],[],"[{""biblio"":"""",""quote"":""-κῶς""},{""biblio"":""Suid."",""quote"":""-κῶς Suid.""}]","[""Suid.""]",{},"[{""type"":""ref"",""target"":"""",""text"":""θωπευτικός""},{""type"":"""",""target"":"""",""text"":""= θωπευτικός""}]",1,0,0,1,1,1,0,0,2
49615,9,1920,n49615,θώπ-τω,,,813,,"[""θῶπτε τὸν κρατοῦντ' ἀεί A. Pr. 937 :fut. θώψεις Id. Fr. 234 .""]",[],[],"[{""biblio"":"""",""quote"":""θῶπτε τὸν κρατοῦντ' ἀεί""},{""biblio"":""A. | Pr. | 937"",""quote"":""θῶπτε τὸν κρατοῦντ' ἀεί A. Pr. 937""},{""biblio"":"""",""quote"":""θώψεις""},{""biblio"":""Id. | Fr. | 234"",""quote"":""θώψεις Id. Fr. 234""}]","[""A. | Pr. | 937"",""Id. | Fr. | 234""]",{},[],1,0,0,1,0,1,0,0,4
49616,9,1921,n49616,θωρᾱκ-εῖον,,τό,813,,"[""θωράκιον 11 ,breastwork, parapet, or dwarf-wall of an enclosure, A. Th. 32 , IG 22.463.86 , IGRom. 4.293a i39 (Pergam.,ii B.C.), 1465 , 1474 (Smyrna), D.S. 17.44 ( v.l. -ίοις ); the breast-high part of a wall-surface, ἵνα γραφῇ . . θ. ὀροβοειδές PCair.Zen. 445 (iii B.C.)."",""gunwale of a trireme, IG 22.1604.31 ."",""cuirass, PCair. Zen. 14.12 (iii B.C.).""]","[""breastwork, parapet"",""dwarf-wall"",""breast-high part"",""gunwale"",""cuirass, PCair. Zen.""]",[],"[{""biblio"":"""",""quote"":""θωράκιον""},{""biblio"":""11"",""quote"":""θωράκιον 11""},{""biblio"":"""",""quote"":""ἵνα γραφῇ . . θ. ὀροβοειδές""},{""biblio"":""PCair.Zen. | 445"",""quote"":""ἵνα γραφῇ . . θ. ὀροβοειδές PCair.Zen. 445""}]","[""11"",""PCair.Zen. | 445""]",{},"[{""type"":""ref"",""target"":"""",""text"":""-ίοις""},{""type"":"""",""target"":"""",""text"":""v.l. -ίοις""}]",1,1,0,1,1,3,5,0,4
49617,9,1922,n49617,θωρᾱκ-ίζω,,,813,,"[""arm with a breastplate or corslet, θωρακίσας αὐτοὺς καὶ ἵππους X. Cyr. 8.8.22 :— Med. ,put on one's breastplate, Id. An. 2.2.14 :— Pass. ,θωρακισθείς ib. 3.4.35 ;τεθωρακισμένοι cuirassiers, Th. 2.100 , X. An. 2.5.35 ;ἄγαλμα τεθ. OGI 332.7 (Elaea,ii B.C.)."",""generally,cover with defensive armour, τοὺς ἡνιόχους ἐθωράκισε πλὴν τῶν ὀφθαλμῶν X. Cyr. 6.1.29 ; ὄγκῳ . . χλανίδος εὖ τεθωρακισμένος Ephipp. 14.10 : metaph.,θ. ἑαυτούς, of wild boars,to sheathe themselves in mud, preparatory to fighting, Arist. HA 571b16 ; of the ichneumon, θωρακισθεὶς πηλῷ Str. 17.1.39 .""]","[""arm with a breastplate"",""corslet"",""put on one's breastplate"",""cuirassiers"",""cover with defensive armour"",""to sheathe"",""in mud""]",[],"[{""biblio"":"""",""quote"":""θωρακίσας αὐτοὺς καὶ ἵππους""},{""biblio"":""X. | Cyr. | 8.8.22"",""quote"":""θωρακίσας αὐτοὺς καὶ ἵππους X. Cyr. 8.8.22""},{""biblio"":"""",""quote"":""τοὺς ἡνιόχους ἐθωράκισε πλὴν τῶν ὀφθαλμῶν""},{""biblio"":""X. | Cyr. | 6.1.29"",""quote"":""τοὺς ἡνιόχους ἐθωράκισε πλὴν τῶν ὀφθαλμῶν X. Cyr. 6.1.29""},{""biblio"":"""",""quote"":""ὄγκῳ . . χλανίδος εὖ τεθωρακισμένος""},{""biblio"":""Ephipp. | 14.10"",""quote"":""ὄγκῳ . . χλανίδος εὖ τεθωρακισμένος Ephipp. 14.10""},{""biblio"":"""",""quote"":""θωρακισθεὶς πηλῷ""},{""biblio"":""Str. | 17.1.39"",""quote"":""θωρακισθεὶς πηλῷ Str. 17.1.39""}]","[""Ephipp. | 14.10"",""Str. | 17.1.39"",""X. | Cyr. | 6.1.29"",""X. | Cyr. | 8.8.22""]",{},[],1,1,0,1,0,2,7,0,8
49618,9,1923,n49618,θωρᾱκ-ικός,,τά,813,,"[""suffering in the chest, Aët. 8.63 ."",""-ικά,τά , with or without μόρια,region of the thorax, Pall. in Hp. 2.97 , 102 D.""]","[""suffering in the chest"",""region of the thorax""]",[],[],[],{},[],1,1,0,0,0,2,2,0,0
49619,9,1924,n49619,θωρᾱ́κ-ιον,,τό,813,,"[""breastwork, parapet, Plb. 8.4.4 , D.S. 17.44 ( v.l. for -είοις ), J. BJ 5.7.4 , Ph. 2.324 ;shield for those who worked the battering-ram, Ath.Mech. 18.11 ; or for those who attempted to burn the enemy's engines, D.S. 14.51 ;λύγου θ. Menodot. 1 ; also,the tower on the back of elephants, or rather the upper part thereof, [ Plb. ] Fr. 162b , D.S. 2.17 , Ael. NA 13.9 ;a crow's-nest at the masthead, in which javelin-men were stationed, Asclep.Myrl. ap. Ath. 11.475a ."",""δυστυχὲς θ. dub. sens. in Com.Adesp. 15.29 D.""]","[""breastwork, parapet"",""shield"",""the tower on the back of elephants"",""the upper part thereof"",""a crow's-nest at the masthead""]",[],[],[],{},"[{""type"":""ref"",""target"":"""",""text"":""-είοις""},{""type"":"""",""target"":"""",""text"":""v.l. for -είοις""}]",1,1,0,0,1,2,5,0,0
49620,9,1925,n49620,θωρᾱκ-ίς,,,813,,"[""= θώραξ ,Gloss.""]",[],[],[],[],{},"[{""type"":""ref"",""target"":"""",""text"":""θώραξ""},{""type"":"""",""target"":"""",""text"":""= θώραξ""}]",1,0,0,0,1,1,0,0,0
49621,9,1926,n49621,θωρᾱκ-ισμός,,ὁ,813,,"[""arming with breastplates, LXX 2 Ma. 5.3 .""]","[""arming with breastplates""]",[],[],[],{},[],1,1,0,0,0,1,1,0,0
49622,9,1927,n49622,θωρᾱκ-ίτης,Adj.,ὁ,813,,"[""soldier with breast-armour only, Plb. 10.29.6 , al.:—fem.θωρᾱκ-ῖτις, as Adj.,ζώνη cuirass-belt, prob. in PPetr. 3p.12 (iii B.C.).""]","[""soldier with breast-armour only"",""cuirass""]",[],[],[],{},[],1,1,0,0,0,1,2,0,0
49623,9,1928,n49623,θωρᾱκο-ειδής,,,813,,"[""breastplate-shaped, ὕφασμα Ph. 2.226 .""]","[""breastplate-shaped""]",[],"[{""biblio"":"""",""quote"":""ὕφασμα""},{""biblio"":""Ph. | 2.226"",""quote"":""ὕφασμα Ph. 2.226""}]","[""Ph. | 2.226""]",{},[],1,1,0,1,0,1,1,0,2
49624,9,1929,n49624,θωρᾱκο-ζώνη,,ἡ,813,,"[""cuirass-belt, Sch. Il. 11.234 .""]","[""cuirass-belt""]",[],[],[],{},[],1,1,0,0,0,1,1,0,0
49625,9,1930,n49625,θωρᾱκο-ποιός,,ὁ,813,,"[""maker of breastplates, X. Mem. 3.10.9 , IG 22.1261.3 , PTeb. 278i8 (i A.D.).""]","[""maker of breastplates""]",[],[],[],{},[],1,1,0,0,0,1,1,0,0
49626,9,1931,n49626,θωρᾱκο-πώλης,,ὁ,813,,"[""dealer in breastplates, Ar. Pax in Ind. personarum.""]","[""dealer in breastplates""]",[],[],[],{},[],1,1,0,0,0,1,1,0,0
49627,9,1932,n49627,θωρᾱκο-φόρος,,,813,,"[""θωρᾱκο-φόρος, Ion.""]",[],[],[],[],{},[],1,0,0,0,0,1,0,0,0
49628,9,1933,n49628,θωρηκ-,,,814,,"[""wearing a breastplate, cuirassier, Hdt. 7.89 , 92 , 8.113 , X. Cyr. 5.3.36 , Jul. Or. 2.63c ;τὸ θ. D.C. 47.43 .""]","[""wearing a breastplate, cuirassier""]",[],[],[],{},[],1,1,0,0,0,1,1,0,0
49629,9,1934,n49629,θώραξ,,ὁ,814,,"[""corslet, θ. χάλκεος Il. 23.560 ; παναίολος 11.374 ; πολυδαίδαλος 4.136 , cf. 11.19 , etc.; δεκάμνουν θώρηκος κύτος Ar. Pax 1224 ; ἔξαιρε παῖ θώρακα . . τὸν χοᾶ Id. Ach. 1133 ; θ . . . γυάλοισιν ἀρηρώς Il. 15.529 (γύαλα expld. as front- and back-piece fastened with περόναι, Paus. 10.26.5 ); θώρηκος γύαλον Il. 5.99 ;ὅθι διπλόος ἤντετο θ. 4.133 ; κατὰ ζώνην θώρηκος ἔνερθε 11.234 ; linen jerkin(not worn by Homeric Greeks acc. to Sch. Il. 2.529 , but cf.λινοθώρηξ) , θόρρακες νέω λίνω Alc. l.c., cf. Hdt. 2.182 , 3.47 ,Chron.Lind.C. 36 , Paus. 6.19.7 ."",""coat of mail, scale armour, θ. χρύσεος λεπιδωτός Hdt. 9.22 , cf. 74 ; φολιδωτός Posidipp. 26.7 , cf. Paus. 1.21.6 ; of chain mail, v. ἁλυσιδωτός ."",""slough of a serpent,καθάπερ ὄφις παλαιὸν ἀποδύεται θ. Porph. Chr. 88 ."",""part covered by the θώραξ 1 ,trunk, Hp. de Arte 10 , E. HF 1095 , Arist. HA 493a5 ; κεφαλῆς καὶ θώρακος καὶ τῆς κάτω κοιλίας Id. Pr. 962a34 ; sts. taken as extending below the midriff, Pl. Ti. 69e ; ἀπ' αὐχένος μέχρι αἰδοίων Arist. HA 491a30 , cf. PA 686b5 ,ἐν τῷ κάτω θώρακος χωρίῳ, of the abdominal cavity, Gal. 16.448 ; but also of the chest, thorax, Arist. HA 493a17 :—there is a play on signfs. 1 and 11 in Ar. V. 1194 sq."",""thorax of crustaceans, Arist. HA 601a13 , al."",""bandage for the chest, Heliod. ap. Orib. 48.48 tit., Sor. Fasc. 33 , cf. Gal. 18(1).817 ."",""= θωράκιον 11 , Hdt. 1.181 , D.C. 74.10 .""]","[""corslet"",""jerkin"",""coat of mail, scale armour"",""slough"",""part covered by the"",""trunk"",""chest, thorax"",""thorax"",""bandage for the chest""]",[],"[{""biblio"":"""",""quote"":""θ. χάλκεος""},{""biblio"":""Il. | 23.560"",""quote"":""θ. χάλκεος Il. 23.560""},{""biblio"":"""",""quote"":""παναίολος""},{""biblio"":""11.374"",""quote"":""παναίολος 11.374""},{""biblio"":"""",""quote"":""πολυδαίδαλος""},{""biblio"":""4.136"",""quote"":""πολυδαίδαλος 4.136""},{""biblio"":"""",""quote"":""δεκάμνουν θώρηκος κύτος""},{""biblio"":""Ar. | Pax | 1224"",""quote"":""δεκάμνουν θώρηκος κύτος Ar. Pax 1224""},{""biblio"":"""",""quote"":""ἔξαιρε παῖ θώρακα . . τὸν χοᾶ""},{""biblio"":""Id. | Ach. | 1133"",""quote"":""ἔξαιρε παῖ θώρακα . . τὸν χοᾶ Id. Ach. 1133""},{""biblio"":"""",""quote"":""θ . . . γυάλοισιν ἀρηρώς""},{""biblio"":""Il. | 15.529"",""quote"":""θ . . . γυάλοισιν ἀρηρώς Il. 15.529""},{""biblio"":"""",""quote"":""θώρηκος γύαλον""},{""biblio"":""Il. | 5.99"",""quote"":""θώρηκος γύαλον Il. 5.99""},{""biblio"":"""",""quote"":""κατὰ ζώνην θώρηκος ἔνερθε""},{""biblio"":""11.234"",""quote"":""κατὰ ζώνην θώρηκος ἔνερθε 11.234""},{""biblio"":"""",""quote"":"", θόρρακες νέω λίνω""},{""biblio"":""Alc."",""quote"":"", θόρρακες νέω λίνω Alc.""},{""biblio"":"""",""quote"":""θ. χρύσεος λεπιδωτός""},{""biblio"":""Hdt. | 9.22"",""quote"":""θ. χρύσεος λεπιδωτός Hdt. 9.22""},{""biblio"":"""",""quote"":""φολιδωτός""},{""biblio"":""Posidipp. | 26.7"",""quote"":""φολιδωτός Posidipp. 26.7""},{""biblio"":"""",""quote"":""θώραξ""},{""biblio"":""1"",""quote"":""θώραξ 1""},{""biblio"":"""",""quote"":""κεφαλῆς καὶ θώρακος καὶ τῆς κάτω κοιλίας""},{""biblio"":""Id. | Pr. | 962a34"",""quote"":""κεφαλῆς καὶ θώρακος καὶ τῆς κάτω κοιλίας Id. Pr. 962a34""},{""biblio"":"""",""quote"":""ἀπ' αὐχένος μέχρι αἰδοίων""},{""biblio"":""Arist. | HA | 491a30"",""quote"":""ἀπ' αὐχένος μέχρι αἰδοίων Arist. HA 491a30""}]","[""1"",""11.234"",""11.374"",""4.136"",""Alc."",""Ar. | Pax | 1224"",""Arist. | HA | 491a30"",""Hdt. | 9.22"",""Id. | Ach. | 1133"",""Id. | Pr. | 962a34"",""Il. | 15.529"",""Il. | 23.560"",""Il. | 5.99"",""Posidipp. | 26.7""]",{},"[{""type"":""ref"",""target"":"""",""text"":""ἁλυσιδωτός""},{""type"":"""",""target"":"""",""text"":""v. ἁλυσιδωτός""},{""type"":""ref"",""target"":"""",""text"":""θωράκιον""},{""type"":"""",""target"":"""",""text"":""= θωράκιον""}]",1,1,0,1,1,7,9,0,28
49630,9,1935,n49630,θωρηκοφόρος,,,814,,"[""θωρηκοφόρος,ον, Ion. for θωρακοφόρος.""]",[],[],[],[],{},[],1,0,0,0,0,1,0,0,0
49631,9,1936,n49631,θωρηκτής,,ὁ,814,,"[""armed with Θ<>́ραξ, Ἀργείοισι θωρηκτῇσι Il. 21.429 ;Λυκίων, Τρώων πύκα θωρηκτάων armed with stout cuirass, 12.317 , 15.689 .""]","[""armed with"",""armed with"",""cuirass""]","[""θωρήσσω""]",[],[],{},[],1,1,1,0,0,1,3,1,0
49632,9,1937,n49632,θώρηξ,,ὁ,814,,"[""θώρηξ,ηκος,ὁ, Ion. and Ep. for θώραξ.""]",[],[],[],[],{},[],1,0,0,0,0,1,0,0,0
49633,9,1938,n49633,θώρηξις,,ἡ,814,,"[""drinking to intoxication, Hp. Aph. 2.21 , 7.48 , Gal. 17(2).498 , 18(1).154 , Aret. SD 2.6 : pl., Hp. Morb. 2.66 .""]","[""drinking to intoxication""]",[],[],[],{},[],1,1,0,0,0,1,1,0,0
49634,9,1939,n49634,θωρήσσω,,,814,,"[""arm with a θώραξ: generally,arm, θωρῆξαί ἑ κέλευε . . Ἀχαιούς Il. 2.11 ; Μυρμιδόνας . . θώρηξεν Ἀχιλλεύς 16.155 :—more freq. in Med. and Pass. ,θωρήσσομαι,fut. -ξομαι:aor. ἐθωρήχθην:—arm oneself, put one's harness on, αὐτίκα θωρήσσοντο Il. 19.352 ; σὺν τεύχεσι θωρηχθέντες 8.530 , etc.; ἐς πόλεμον ἅμα λαῷ θωρηχθῆναι 1.226 ;τεύχε' ἐνείκω θωρηχθῆναι I will bring you arms to arm yourselves withal, Od. 22.139 ; ἐθωρήσσοντο δὲ χαλκῷ 23.369 ;ἐν τῷδε(sc.θώρακι) πρὸς τοὺς πολεμίους θωρήξομαι Ar. Ach. 1134 ; to which Dicaeopolis replies,ἐν τῷδε(sc.χοὶ̈)πρὸς τοὺς συμπότας θ., with reference to signf. 11 ."",""fortify with drink, Hp. Epid. 2.5.10 ; ποτῷ φρένα θωρηχθέντες Nic. Al. 32 ; τεθωρηγμένος Ruf. ap. Orib. 6.38.23 ;make drunk, intoxicate, Thgn. 842 :— Med. and Pass. ,get drunk, οἴνῳ Id. 470 : abs., Id. 413 , Pi. Fr. 72 ; θωρηχθεὶς ὑπὸ οἴνου Hp. Morb. 4.56 , cf. Duris 27 J."",""Med. in causal sense, τὸν μὲν . . νέκταρι θωρήξαιο Nic. Al. 225 .""]","[""arm with a"",""arm"",""arm oneself, put one's harness on"",""to arm yourselves withal"",""fortify with drink"",""make drunk, intoxicate"",""get drunk""]",[],"[{""biblio"":"""",""quote"":""θωρῆξαί ἑ κέλευε . . Ἀχαιούς""},{""biblio"":""Il. | 2.11"",""quote"":""θωρῆξαί ἑ κέλευε . . Ἀχαιούς Il. 2.11""},{""biblio"":"""",""quote"":""Μυρμιδόνας . . θώρηξεν Ἀχιλλεύς""},{""biblio"":""16.155"",""quote"":""Μυρμιδόνας . . θώρηξεν Ἀχιλλεύς 16.155""},{""biblio"":"""",""quote"":""αὐτίκα θωρήσσοντο""},{""biblio"":""Il. | 19.352"",""quote"":""αὐτίκα θωρήσσοντο Il. 19.352""},{""biblio"":"""",""quote"":""σὺν τεύχεσι θωρηχθέντες""},{""biblio"":""8.530"",""quote"":""σὺν τεύχεσι θωρηχθέντες 8.530""},{""biblio"":"""",""quote"":""ἐς πόλεμον ἅμα λαῷ θωρηχθῆναι""},{""biblio"":""1.226"",""quote"":""ἐς πόλεμον ἅμα λαῷ θωρηχθῆναι 1.226""},{""biblio"":"""",""quote"":""ἐθωρήσσοντο δὲ χαλκῷ""},{""biblio"":""23.369"",""quote"":""ἐθωρήσσοντο δὲ χαλκῷ 23.369""},{""biblio"":"""",""quote"":""πρὸς τοὺς πολεμίους θωρήξομαι""},{""biblio"":""Ar. | Ach. | 1134"",""quote"":""πρὸς τοὺς πολεμίους θωρήξομαι Ar. Ach. 1134""},{""biblio"":"""",""quote"":""ποτῷ φρένα θωρηχθέντες""},{""biblio"":""Nic. | Al. | 32"",""quote"":""ποτῷ φρένα θωρηχθέντες Nic. Al. 32""},{""biblio"":"""",""quote"":""τεθωρηγμένος""},{""biblio"":""Ruf."",""quote"":""τεθωρηγμένος Ruf.""},{""biblio"":"""",""quote"":""οἴνῳ""},{""biblio"":""Id. | 470"",""quote"":""οἴνῳ Id. 470""},{""biblio"":"""",""quote"":""θωρηχθεὶς ὑπὸ οἴνου""},{""biblio"":""Hp. | Morb. | 4.56"",""quote"":""θωρηχθεὶς ὑπὸ οἴνου Hp. Morb. 4.56""},{""biblio"":"""",""quote"":""τὸν μὲν . . νέκταρι θωρήξαιο""},{""biblio"":""Nic. | Al. | 225"",""quote"":""τὸν μὲν . . νέκταρι θωρήξαιο Nic. Al. 225""}]","[""1.226"",""16.155"",""23.369"",""8.530"",""Ar. | Ach. | 1134"",""Hp. | Morb. | 4.56"",""Id. | 470"",""Il. | 19.352"",""Il. | 2.11"",""Nic. | Al. | 225"",""Nic. | Al. | 32"",""Ruf.""]",{},[],1,1,0,1,0,3,7,0,24
49635,9,1940,n49635,θώς,,ὁ,814,,"[""jackal, Canis aureus, Τρῶες ἕπονθ' ὡς εἴ τε δαφοινοὶ θῶες . . ἀμφ' ἔλαφον Il. 11.474 , cf. Arist. HA 610a14 , 630a9 ; θώων παρδαλίων τε λύκων τ' ἤϊα Il. 13.103 ; θ. καὶ πάνθηρες Hdt. 4.192 ; ἔχει ὁ θ. πάντα τὰ ἐντὸς ὅμοια λύκῳ Arist. HA 507b17 ; a large kind in India, Arr. Ind. 15.3 : pl., θώαντες IG 14.1302 (mosaic at Praeneste)."",""hunting dog, Lycaon pictus, Opp. C. 3.338 , al."",""panther, Cyr.""]","[""jackal, Canis aureus"",""hunting dog, Lycaon pictus"",""panther""]",[],"[{""biblio"":"""",""quote"":""Τρῶες ἕπονθ' ὡς εἴ τε δαφοινοὶ θῶες . . ἀμφ' ἔλαφον""},{""biblio"":""Il. | 11.474"",""quote"":""Τρῶες ἕπονθ' ὡς εἴ τε δαφοινοὶ θῶες . . ἀμφ' ἔλαφον Il. 11.474""},{""biblio"":"""",""quote"":""θώων παρδαλίων τε λύκων τ' ἤϊα""},{""biblio"":""Il. | 13.103"",""quote"":""θώων παρδαλίων τε λύκων τ' ἤϊα Il. 13.103""},{""biblio"":"""",""quote"":""θ. καὶ πάνθηρες""},{""biblio"":""Hdt. | 4.192"",""quote"":""θ. καὶ πάνθηρες Hdt. 4.192""},{""biblio"":"""",""quote"":""ἔχει ὁ θ. πάντα τὰ ἐντὸς ὅμοια λύκῳ""},{""biblio"":""Arist. | HA | 507b17"",""quote"":""ἔχει ὁ θ. πάντα τὰ ἐντὸς ὅμοια λύκῳ Arist. HA 507b17""},{""biblio"":"""",""quote"":""θώαντες""},{""biblio"":""IG | 14.1302"",""quote"":""θώαντες IG 14.1302""}]","[""Arist. | HA | 507b17"",""Hdt. | 4.192"",""IG | 14.1302"",""Il. | 11.474"",""Il. | 13.103""]",{},[],1,1,0,1,0,3,3,0,10
49636,9,1941,n49636,θῶσθαι,,,814,,"[""= δαίνυσθαι, εὐωχεῖσθαι ( Dor. ), A. Fr. 49 , EM 461.1 ; cf.θῶται: εὐθηνεῖται, θοινᾶται, and θῶνται: θοινῶνται κτλ., Hsch. :fut. θωσούμεθα Epich. 139 :aor. 1 inf. θώσασθαι: εὐωχηθῆναι, Hsch. :— Pass. ,θωθῆναι: φαγεῖν, γεύσασθαι, Id.""]",[],[],"[{""biblio"":"""",""quote"":""θωσούμεθα""},{""biblio"":""Epich. | 139"",""quote"":""θωσούμεθα Epich. 139""}]","[""Epich. | 139""]",{},"[{""type"":""ref"",""target"":"""",""text"":""δαίνυσθαι, εὐωχεῖσθαι""},{""type"":"""",""target"":"""",""text"":""= δαίνυσθαι, εὐωχεῖσθαι""}]",1,0,0,1,1,1,0,0,2
49637,9,1942,n49637,θώσσω,,,814,,"[""= θωρήσσω 11 ,aor. 1 θῶξαι, Dor. θᾶξαι Hsch. :aor. Pass. part. θωχθείς S. Fr. 173 , Dor. inf. θαχθῆμεν Hsch.""]",[],[],"[{""biblio"":"""",""quote"":""θᾶξαι""},{""biblio"":""Hsch."",""quote"":""θᾶξαι Hsch.""},{""biblio"":"""",""quote"":""θωχθείς""},{""biblio"":""S. | Fr. | 173"",""quote"":""θωχθείς S. Fr. 173""},{""biblio"":"""",""quote"":""θαχθῆμεν""},{""biblio"":""Hsch."",""quote"":""θαχθῆμεν Hsch.""}]","[""Hsch."",""S. | Fr. | 173""]",{},"[{""type"":""ref"",""target"":"""",""text"":""θωρήσσω""},{""type"":"""",""target"":"""",""text"":""= θωρήσσω""}]",1,0,0,1,1,1,0,0,6
49638,9,1943,n49638,θωστήριον,,τό,814,,"[""θωστήριον,τό,=εὐωχητήριον, ἑορτή, Alcm. 23.81 , Hsch. (pl.).""]",[],[],[],[],{},[],1,0,0,0,0,1,0,0,0
49639,9,1944,n49639,θωτάζω,,,814,,"[""= τωθάζω , Hsch.""]",[],[],[],[],{},"[{""type"":""ref"",""target"":"""",""text"":""τωθάζω""},{""type"":"""",""target"":"""",""text"":""= τωθάζω""}]",1,0,0,0,1,1,0,0,0
49640,9,1945,n49640,θωϋκτήρ,,ὁ,814,,"[""barker, roarer, APl. 4.91 .""]","[""barker, roarer,""]",[],[],[],{},[],1,1,0,0,0,1,1,0,0
49641,9,1946,n49641,θωῦμα,,,814,,"[""v. θαυμ- .""]",[],[],[],[],{},"[{""type"":""ref"",""target"":"""",""text"":""θαυμ-""},{""type"":"""",""target"":"""",""text"":""v. θαυμ-""}]",1,0,0,0,1,1,0,0,0
49642,9,1947,n49642,θωύ̈σσω,,,814,,"[""bark, bay, Hom. Fr. 25 ; of a gnat,buzz, A. Ag. 893 : generally,cry aloud, shout, S. Aj. 308 , E. Tr. 153 (anap.), Or. 168 (lyr.): c. acc. cogn., τόνδ' ἐθώϋξας λόγον A. Pr. 395 ;τάσδ' ἀγγελίας ἐθώϋξεν ib. 1041 (anap.); τήνδε θωύ̈σσει βοήν S. Aj. 335 ."",""c. acc. pers.,call on, call, φθέγμα . . τινὸς θώϋξεν αὐτόν Id. OC 1624 : c. dat.,θ. κυσί shout to dogs, E. Hipp. 219 (anap.), cf. Ba. 871 (lyr.)."",""lament, bewail, dub. in IG 12(3).9 (Syme).""]","[""bark, bay"",""buzz"",""cry aloud, shout"",""call on, call"",""shout"",""lament, bewail""]",[],"[{""biblio"":"""",""quote"":""τόνδ' ἐθώϋξας λόγον""},{""biblio"":""A. | Pr. | 395"",""quote"":""τόνδ' ἐθώϋξας λόγον A. Pr. 395""},{""biblio"":"""",""quote"":""τήνδε θωύ̈σσει βοήν""},{""biblio"":""S. | Aj. | 335"",""quote"":""τήνδε θωύ̈σσει βοήν S. Aj. 335""},{""biblio"":"""",""quote"":""φθέγμα . . τινὸς θώϋξεν αὐτόν""},{""biblio"":""Id. | OC | 1624"",""quote"":""φθέγμα . . τινὸς θώϋξεν αὐτόν Id. OC 1624""}]","[""A. | Pr. | 395"",""Id. | OC | 1624"",""S. | Aj. | 335""]",{},[],1,1,0,1,0,3,6,0,6
49643,9,1948,n49643,θώψ,Adj.,ὁ,814,,"[""flatterer, false friend, Hdt. 3.80 ; θ. πλούτου Antipho Soph. 65 , cf. Them. Or. 20.237d ."",""as Adj.,θῶπες λόγοι fawning speeches, Trag.Adesp. 24 , Pl. Tht. 175e , Ph. 2.52 (cf.τέ-θηπα, θάμβος).""]","[""flatterer, false friend"",""fawning""]",[],"[{""biblio"":"""",""quote"":""θ. πλούτου""},{""biblio"":""Antipho Soph. | 65"",""quote"":""θ. πλούτου Antipho Soph. 65""}]","[""Antipho Soph. | 65""]",{},[],1,1,0,1,0,2,2,0,2
