rt_ref_link_id,rt_ref_link_id_old,orig_lang_abbrev,lex_ref_link_id,ref_id,ref_rt_index,word_id,ref_wd_index,reflex,category,gloss_orig,gloss_eng,questionable,notes,expanded_notes,original_text,created_by,last_updated_by,last_updated,rt_master_id,derivation,rt_index,orig_lang_abbrev_raw,lang_map_status
3484,,"ODan.,Norw.",86271,pok,,,67056,ōs,,Pflanzensaft,,0,,,,"TD, AMB",AMB,07_23_2025_1516,,,2186,(älter) dän. norw.,conflict
3617,269,TA,9028,nil,0,,12,pāk,*bʰág-o-,Anteil,,1,,,,"TD, AMB",AMB,07_23_2025_1516,,,,? toch. A,conflict
3654,262,TA,9137,nil,4,,121,arämpāt,*bʰah₂-to-,Erscheinung,,1,,,,"TD, AMB",AMB,07_23_2025_1516,,,,? toch. A,conflict
3697,347,TA,9219,nil,8,,203,pare,*bʰōr-(i)i̯o-,Schuld; zu zahlen (Adj.),,1,,,,"TD, AMB",AMB,07_23_2025_1516,,,,? toch. A,conflict
3761,364,TA,9437,nil,9,,421,pärkär,*bʰr̥ĝʰ-u-,lang,,1,,,,"TD, AMB",AMB,07_23_2025_1516,,,,? toch. A,conflict
3801,388,TA,9535,nil,11,,519,poto,*bʰou̯dʰ-áh₂-,Schmeichelei,,1,,,,"TD, AMB",AMB,07_23_2025_1516,,,,? toch. A,conflict
3813,474,TA,9649,nil,13,,633,pärwāṃ,*bʰruH-,Braue,,1,,,,"TD, AMB",AMB,07_23_2025_1516,,,,? toch. A,conflict
3940,1006,TA,10116,nil,18,,1100,kṣär,? *(ĝʰ)-di̯-es,"morgens, am Morgen",,1,,,,"TD, AMB",AMB,07_23_2025_1516,,,,? toch. A,conflict
3963,1006,TA,10116,nil,18,,1100,kṣär,? *(ĝʰ)-di̯-es,"morgens, am Morgen",,1,,,,"TD, AMB",AMB,07_23_2025_1516,,,,? toch. A,conflict
4250,926,TA,11399,nil,34,,2383,āknats,*ĝn̥h₃-tó-,"dumm, närrisch; Narr",,1,,,,"TD, AMB",AMB,07_23_2025_1516,,,,? toch. A,conflict
4359,1143,TA,11770,nil,41,,2754,śāyu,*gʷih₃-u̯-ii̯o/ah₂-,eine Art Tier,,1,,,,"TD, AMB",AMB,07_23_2025_1516,,,,? toch. A,conflict
4912,215,TA,13634,nil,74,,4618,okäm,*h₂áu̯g-men-,Wachstum,,1,,,,"TD, AMB",AMB,07_23_2025_1516,,,,? toch. A,conflict
5083,2196,TA,14200,nil,86,,5184,trak,ˣh₃okʷ-ih₁,blind,,1,,,,"TD, AMB",AMB,07_23_2025_1516,,,,? toch. A,conflict
5178,1260,TA,14512,nil,94,,5496,muk,*(-)i̯ug-ó-,Joch,,1,,,,"TD, AMB",AMB,07_23_2025_1516,,,,? toch. A,conflict
5339,1668,TA,15000,nil,108,,5984,kᵤciṃ,*k̑u̯it-i-,hell,,1,,,,"TD, AMB",AMB,07_23_2025_1516,,,,? toch. A,conflict
5406,1808,TA,15216,nil,114,,6200,lek,*(-)loi̯kʷ-ó-,fort,,1,,,,"TD, AMB",AMB,07_23_2025_1516,,,,? toch. A,conflict
5493,1938,TA,15498,nil,123,,6482,māk,? *m̥ĝ-h₂-,viel; sehr (Adv.),,1,,,,"TD, AMB",AMB,07_23_2025_1516,,,,? toch. A,conflict
5671,2105,TA,16104,nil,138,,7088,new,*nah₂-u̯-(i)i̯o/ah₂-,Flut,,1,,,,"TD, AMB",AMB,07_23_2025_1516,,,,? toch. A,conflict
6578,208,TA,18986,nil,201,,9970,wär,*uh₁-r-,Wasser,,1,,,,"TD, AMB",AMB,07_23_2025_1516,,,,? toch. A,conflict
4338,1159,TA,11666,nil,40,,2650,kuli,^^x^^gʷn-áh₂-,Frau,,1,,,,"TD, AMB",AMB,07_23_2025_1516,,,,? toch. A ,conflict
4338,1159,TA,11667,nil,40,,2651,kule,^^x^^gʷn-áh₂-,Frau,,1,,,,"TD, AMB",AMB,07_23_2025_1516,,,,? toch. A ,conflict
5722,2254,TA,16318,nil,142,,7302,päts,*(-)ped-ah₂-,Boden,,1,,,,"TD, AMB",AMB,07_23_2025_1516,,,,? toch. A ,conflict
6425,3101,TA,18542,nil,191,,9526,ṣar,*su̯ésor-,Schwester,,1,,,,"TD, AMB",AMB,07_23_2025_1516,,,,? toch. A ,conflict
3617,269,TB,9029,nil,0,,13,pāke,*bʰág-o-,Anteil,,1,,,,"TD, AMB",AMB,07_23_2025_1516,,,,? toch. B,conflict
3654,262,TB,9136,nil,4,,120,erepāte,*bʰah₂-to-,Erscheinung,,1,,,,"TD, AMB",AMB,07_23_2025_1516,,,,? toch. B,conflict
3697,347,TB,9220,nil,8,,204,peri,*bʰōr-(i)i̯o-,Schuld; zu zahlen (Adj.),,1,,,,"TD, AMB",AMB,07_23_2025_1516,,,,? toch. B,conflict
3761,364,TB,9438,nil,9,,422,pärkare,*bʰr̥ĝʰ-u-,lang,,1,,,,"TD, AMB",AMB,07_23_2025_1516,,,,? toch. B,conflict
3801,388,TB,9536,nil,11,,520,pauto,*bʰou̯dʰ-áh₂-,Schmeichelei,,1,,,,"TD, AMB",AMB,07_23_2025_1516,,,,? toch. B,conflict
3813,474,TB,9650,nil,13,,634,pärwāne,*bʰruH-,Braue,,1,,,,"TD, AMB",AMB,07_23_2025_1516,,,,? toch. B,conflict
4017,1004,TB,10520,nil,22,,1504,keñiye,? *dʰĝʰ-ém-ii̯o-,zum Land gehörig,,1,,,,"TD, AMB",AMB,07_23_2025_1516,,,,? toch. B,conflict
4250,926,TB,11400,nil,34,,2384,aknātsa,*ĝn̥h₃-tó-,"dumm, närrisch; Narr",,1,,,,"TD, AMB",AMB,07_23_2025_1516,,,,? toch. B,conflict
4338,1159,TB,11668,nil,40,,2652,kl(y)iye,^^x^^gʷn-áh₂-,Frau,,1,,,,"TD, AMB",AMB,07_23_2025_1516,,,,? toch. B,conflict
4338,1159,TB,11669,nil,40,,2653,klai,^^x^^gʷn-áh₂-,Frau,,1,,,,"TD, AMB",AMB,07_23_2025_1516,,,,? toch. B,conflict
4359,1143,TB,11769,nil,41,,2753,śaiyye,*gʷih₃-u̯-ii̯o/ah₂-,"Schaf, Ziege",,1,,,,"TD, AMB",AMB,07_23_2025_1516,,,,? toch. B,conflict
4628,3511,TB,12712,nil,60,,3696,yṣuw-ar,*h₁u̯és-u-,"freundlich, günstig",,1,,,,"TD, AMB",AMB,07_23_2025_1516,,,,? toch. B,conflict
4691,13,TB,12908,nil,64,,3892,āk,*h₂ōĝ-í-,Eifer,,1,,,,"TD, AMB",AMB,07_23_2025_1516,,,,? toch. B,conflict
4771,65,TB,13187,nil,66,,4171,āk(a),*h₂ak̑-ó/áh₂-,Gerste,,1,,,,"TD, AMB",AMB,07_23_2025_1516,,,,? toch. B,conflict
4893,158,TB,13570,nil,73,,4554,āre,? *h₂arh₃-o-,Staub,,1,,,,"TD, AMB",AMB,07_23_2025_1516,,,,? toch. B,conflict
4912,215,TB,13635,nil,74,,4619,auki,*h₂áu̯g-men-,Wachstum,,1,,,,"TD, AMB",AMB,07_23_2025_1516,,,,? toch. B,conflict
5083,2196,TB,14196,nil,86,,5180,eś-lmau,ˣh₃okʷ-ih₁,geblendet,,1,,,,"TD, AMB",AMB,07_23_2025_1516,,,,? toch. B,conflict
5083,2196,TB,14201,nil,86,,5185,tärrek,ˣh₃okʷ-ih₁,blind,,1,,,,"TD, AMB",AMB,07_23_2025_1516,,,,? toch. B,conflict
5117,1954,TB,14356,nil,87,,5340,miśo,? *h₃miĝʰ-i̯o/ah₂-,Harn,,1,,,,"TD, AMB",AMB,07_23_2025_1516,,,,? toch. B,conflict
5290,1557,TB,14828,nil,106,,5812,kul*,*-k̑lu-t-,Glocke,,1,,,,"TD, AMB",AMB,07_23_2025_1516,,,,? toch. B,conflict
5339,1668,TB,14997,nil,108,,5981,kuśiñ,*k̑u̯it-i-,von Kučā,,1,,,,"TD, AMB",AMB,07_23_2025_1516,,,,? toch. B,conflict
5339,1668,TB,14998,nil,108,,5982,kuśiññe ,*k̑u̯it-i-,zu Kučā gehörig,,1,,,,"TD, AMB",AMB,07_23_2025_1516,,,,? toch. B,conflict
5339,1668,TB,14999,nil,108,,5983,kᵤcaññe ,*k̑u̯it-i-,zu Kučā gehörig,,1,,,,"TD, AMB",AMB,07_23_2025_1516,,,,? toch. B,conflict
5493,1938,TB,15499,nil,123,,6483,māka,? *m̥ĝ-h₂-,viel; sehr (Adv.),,1,,,,"TD, AMB",AMB,07_23_2025_1516,,,,? toch. B,conflict
6166,2854,TB,17681,nil,174,,8665,śiñcatstse* ,*snigʷʰ-én-,verschneit,,1,,,,"TD, AMB",AMB,07_23_2025_1516,,,,? toch. B,conflict
6252,2954,TB,17934,nil,182,,8918,presto*,*-stah₂-,Zeit,,1,,,,"TD, AMB",AMB,07_23_2025_1516,,,,? toch. B,conflict
6264,2954,TB,18008,nil,182,,8992,lesto,? *-sth₂-áh₂-,"Nest, Unterschlupf",,1,,,,"TD, AMB",AMB,07_23_2025_1516,,,,? toch. B,conflict
6425,3101,TB,18543,nil,191,,9527,ṣer,*su̯ésor-,Schwester,,1,,,,"TD, AMB",AMB,07_23_2025_1516,,,,? toch. B,conflict
6431,3042,TB,18572,nil,192,,9556,suwo,*suH-,Schwein,,1,,,,"TD, AMB",AMB,07_23_2025_1516,,,,? toch. B,conflict
6448,3160,TB,18687,nil,194,,9671,tant*,*(-)tn̥-ti-,Macht(bereich),,1,,,,"TD, AMB",AMB,07_23_2025_1516,,,,? toch. B,conflict
6578,208,TB,18987,nil,201,,9971,war,*uh₁-r-,Wasser,,1,,,,"TD, AMB",AMB,07_23_2025_1516,,,,? toch. B,conflict
6594,3356,TB,19027,nil,202,,10011,ime,*u̯id-men-,Bewußtsein,,1,,,,"TD, AMB",AMB,07_23_2025_1516,,,,? toch. B,conflict
6603,3356,TB,19052,nil,202,,10036,uwe,*u̯id-u̯-o-,gelehrt,,1,,,,"TD, AMB",AMB,07_23_2025_1516,,,,? toch. B,conflict
4579,1770,TB,12561,nil,55,,3545,laṅk͡ᵤtse,*h₁ln̥gʷʰ-ú-,leicht,,1,,,,"TD, AMB",AMB,07_23_2025_1516,,,,? toch. B ,conflict
5722,2254,TB,16319,nil,142,,7303,patsa,*(-)ped-ah₂-,Boden,,1,,,,"TD, AMB",AMB,07_23_2025_1516,,,,? toch. B ,conflict
796,,,36512,pok,,,17286,ratь,,Streit,,0,,,,"TD, AMB",AMB,07_23_2025_1516,,,497,abg. russ.,conflict
804,,,36686,pok,,,17460,eru,,Furche,,0,,,,"TD, AMB",AMB,07_23_2025_1516,,,498,abret. mbret.,conflict
2803,,,73664,pok,,,54454,liou,,Farbe,,0,,,,"TD, AMB",AMB,07_23_2025_1516,,,1780,abret. nbret.,conflict
2140,,,61251,pok,,,42041,Nōdonti,,GN,,0,,,,"TD, AMB",AMB,07_23_2025_1516,,,1381,abrit.-lat.,conflict
2140,,,61252,pok,,,42042,Nōdenti,,GN,,0,,,,"TD, AMB",AMB,07_23_2025_1516,,,1381,abrit.-lat.,conflict
2732,,,71887,pok,,,52677,Penno-crucium,,ON,,0,,,,"TD, AMB",AMB,07_23_2025_1516,,,1736,abrit.-lat.,conflict
1228,,,46059,pok,,,26833,iot,,Brei,,0,,,,"TD, AMB",AMB,07_23_2025_1516,,,783,acorn. abret.,conflict
1720,,,54053,pok,,,34843,lagen,,"See, Teich",,0,,,,"TD, AMB",AMB,07_23_2025_1516,,,1116,acorn. bret.,conflict
351,,,26288,pok,,,7066,bern,,Haufe,,0,,,,"TD, AMB",AMB,07_23_2025_1516,,,238,acorn. bret. ,conflict
1107,,,43796,pok,,,24570,grow,,Sand,,0,,,,"TD, AMB",AMB,07_23_2025_1516,,,698,acorn. mcorn. ,conflict
131,,,21748,pok,,,2526,a,,"ex, ab, de",,0,,,,"TD, AMB",AMB,07_23_2025_1516,,,101,acorn. mcorn. bret.,conflict
757,,,35568,pok,,,16342,en,,in,,0,,,,"TD, AMB",AMB,07_23_2025_1516,,,476,acymr. abret. ,conflict
757,,,35569,pok,,,16343,in ,,in,,0,,,,"TD, AMB",AMB,07_23_2025_1516,,,476,acymr. abret. ,conflict
1251,,,46261,pok,,,27035,Jud-,,Kampf,,0,,,,"TD, AMB",AMB,07_23_2025_1516,,,787,acymr. acorn. abret. ,conflict
571,,,30992,pok,,,11766,dou,,zwei,,0,,,,"TD, AMB",AMB,07_23_2025_1516,,,368,acymr. bret.,conflict
60,,,20353,pok,,,1131,ocet,,Egge,,0,,,,"TD, AMB",AMB,07_23_2025_1516,,,47,acymr. corn.,conflict
2311,,,64275,pok,,,45065,rit,,Furt,,0,,,,"TD, AMB",AMB,07_23_2025_1516,,,1485,acymr. corn. ,conflict
2639,,,69924,pok,,,50714,hen,,senex,,0,,,,"TD, AMB",AMB,07_23_2025_1516,,,1690,acymr. corn. bret.,conflict
1431,,,49155,pok,,,29929,cein,,schön,,0,,,,"TD, AMB",AMB,07_23_2025_1516,,,906,acymr. mcymr. ,conflict
131,,,21747,pok,,,2525,o,,"ex, ab, de",,0,,,,"TD, AMB",AMB,07_23_2025_1516,,,101,acymr. ncymr.,conflict
442,,,27859,pok,,,8633,bronn,,Brust,,0,,,,"TD, AMB",AMB,07_23_2025_1516,,,302,acymr. ncymr.,conflict
3464,,,85927,pok,,,66712,warm,,warm,,0,,,,"TD, AMB",AMB,07_23_2025_1516,,,2173,afr. as. ahd. ,conflict
1730,,,54205,pok,,,34995,lippa,,Lippe,,0,,,,"TD, AMB",AMB,07_23_2025_1516,,,1124,afries. ags.,conflict
2529,,,67818,pok,,,48608,rūm,,"geräumig; Raum, Zeitraum, Gelegenheit (m.)",,0,,,,"TD, AMB",AMB,07_23_2025_1516,,,1631,afries. ags.,conflict
3397,,,84794,pok,,,65579,wine,,Freund,,0,,,,"TD, AMB",AMB,07_23_2025_1516,,,2137,afries. ags.,conflict
614,,,32119,pok,,,12893,dimm,,dunkel,,0,,,,"TD, AMB",AMB,07_23_2025_1516,,,390,afries. ags. ,conflict
1541,,,51446,pok,,,32236,hlot,,Los,,0,,,,"TD, AMB",AMB,07_23_2025_1516,,,979,afries. ags. ,conflict
3355,,,83711,pok,,,64496,wāg,,Wand,,0,,,,"TD, AMB",AMB,07_23_2025_1516,,,2115,afries. ags. ,conflict
840,,,37407,pok,,,18181,wan,,"mangelnd, fehlend",,0,,,,"TD, AMB",AMB,07_23_2025_1516,,,527,afries. ags. as. ahd.,conflict
3220,,,81264,pok,,,62049,thorp,,Dorf,,0,,,,"TD, AMB",AMB,07_23_2025_1516,,,2025,afries. as.,conflict
2784,,,73417,pok,,,54207,slēc,,Schlag,,0,,,,"TD, AMB",AMB,07_23_2025_1516,,,1772,afries. as. ,conflict
1000,,,41397,pok,,,22171,gān,,gehen,,0,,,,"TD, AMB",AMB,07_23_2025_1516,,,623,afries. as. ags.,conflict
1504,,,51035,pok,,,31825,scūr,,Schauer,,0,,,,"TD, AMB",AMB,07_23_2025_1516,,,957,afries. as. ags.,conflict
1504,,,51036,pok,,,31826,scéor,,Schauer,,0,,,,"TD, AMB",AMB,07_23_2025_1516,,,957,afries. as. ags.,conflict
1204,,,75179,pok,,,55969,sper,,Speer,,0,,,,"TD, AMB",AMB,07_23_2025_1516,,,1838,afries. as. ahd. ,conflict
1050,,,42790,pok,,,23564,grīs,,grau,,0,,,,"TD, AMB",AMB,07_23_2025_1516,,,656,afries. as. ahd. mhd.,conflict
1636,,,52664,pok,,,33454,hwēti,,Weizen,,0,,,,"TD, AMB",AMB,07_23_2025_1516,,,1064,afries. asächs.,conflict
520,,,32610,pok,,,13384,derve,,"derb, geradezu",,0,,,,"TD, AMB",AMB,07_23_2025_1516,,,404,afries. mnd.,conflict
942,,,40240,pok,,,21014,kopp,,Becher,,0,,,,"TD, AMB",AMB,07_23_2025_1516,,,580,afries. mnd.,conflict
1098,,,43618,pok,,,24392,gristel,,Knorpel,,0,,,,"TD, AMB",AMB,07_23_2025_1516,,,691,afries. mnd.,conflict
239,,,23918,pok,,,4696,pot,,"Pott, Topf",,0,,,,"TD, AMB",AMB,07_23_2025_1516,,,168,afries. mnd. ,conflict
2470,,,66919,pok,,,47709,ridder,,Reiter,,0,,,,"TD, AMB",AMB,07_23_2025_1516,,,1600,afries. mnd. ,conflict
1164,,,45047,pok,,,25821,cú,,Kuh,,0,,,,"TD, AMB",AMB,07_23_2025_1516,,,733,ags. afries.,conflict
1719,,,53763,pok,,,34553,hū,,wie,,0,,,,"TD, AMB",AMB,07_23_2025_1516,,,1098,ags. afries.,conflict
3367,,,83973,pok,,,64758,wāse,,Schlamm,,0,,,,"TD, AMB",AMB,07_23_2025_1516,,,2120,ags. afries.,conflict
666,,,33330,pok,,,14104,dūst,,Staub,,0,,,,"TD, AMB",AMB,07_23_2025_1516,,,415,ags. afries. ,conflict
1754,,,54449,pok,,,35239,lōg,,Platz,,0,,,,"TD, AMB",AMB,07_23_2025_1516,,,1128,ags. afries. ,conflict
1754,,,54450,pok,,,35240,lōgian ,,"disponere, anordnen",,0,,,,"TD, AMB",AMB,07_23_2025_1516,,,1128,ags. afries. ,conflict
1892,,,57006,pok,,,37796,mann ,,Mann,,0,,,,"TD, AMB",AMB,07_23_2025_1516,,,1220,ags. afries. ahd. ,conflict
1023,,,42010,pok,,,22784,gold,,Gold,,0,,,,"TD, AMB",AMB,07_23_2025_1516,,,636,ags. afries. as. ahd. ,conflict
1103,,,43679,pok,,,24453,grimm,,"wild, grausam",,0,,,,"TD, AMB",AMB,07_23_2025_1516,,,694,ags. afries. as. ahd. ,conflict
1636,,,52657,pok,,,33447,hwit,,weiß,,0,,,,"TD, AMB",AMB,07_23_2025_1516,,,1064,ags. afries. asächs.,conflict
335,,,25733,pok,,,6511,beran,,"tragen, hervorbringen, gebären",,0,,,,"TD, AMB",AMB,07_23_2025_1516,,,228,ags. ahd.,conflict
1035,,,42570,pok,,,23344,gang,,Gang,,0,,,,"TD, AMB",AMB,07_23_2025_1516,,,650,ags. ahd.,conflict
1892,,,57009,pok,,,37799,mennisc,,menschlich,,0,,,,"TD, AMB",AMB,07_23_2025_1516,,,1220,ags. ahd.,conflict
2967,,,76839,pok,,,57629,stīgan,,steigen,,0,,,,"TD, AMB",AMB,07_23_2025_1516,,,1880,ags. ahd.,conflict
2998,,,77536,pok,,,58326,stelan,,stehlen,,0,,,,"TD, AMB",AMB,07_23_2025_1516,,,1891,ags. ahd.,conflict
3484,,,86255,pok,,,67040,wist,,Speise,,0,,,,"TD, AMB",AMB,07_23_2025_1516,,,2185,ags. ahd.,conflict
901,,,38397,pok,,,19171,klimban,,"klimmen, klettern",,0,,,,"TD, AMB",AMB,07_23_2025_1516,,,554,ags. ahd. ,conflict
2420,,,66272,pok,,,47062,fūl,,faul,,0,,,,"TD, AMB",AMB,07_23_2025_1516,,,1562,ags. ahd. ,conflict
3018,,,78167,pok,,,58957,swīn,,Schwein,,0,,,,"TD, AMB",AMB,07_23_2025_1516,,,1911,ags. ahd. ,conflict
3355,,,83624,pok,,,64409,wīgan ,,"kämpfen, streiten",,0,,,,"TD, AMB",AMB,07_23_2025_1516,,,2113,ags. ahd. ,conflict
3481,,,86216,pok,,,67001,wist,,"Wesen, Aufenthalt, Dasein",,0,,,,"TD, AMB",AMB,07_23_2025_1516,,,2184,ags. ahd. ,conflict
2639,,,69851,pok,,,50641,singan,,singen,,0,,,,"TD, AMB",AMB,07_23_2025_1516,,,1687,ags. ahd. as.,conflict
2639,,,69852,pok,,,50642,singen,,singen,,0,,,,"TD, AMB",AMB,07_23_2025_1516,,,1687,ags. ahd. as.,conflict
2639,,,69855,pok,,,50645,sang,,"Gesang, Lied",,0,,,,"TD, AMB",AMB,07_23_2025_1516,,,1687,ags. ahd. as.,conflict
511,,,29308,pok,,,10082,lang,,,,0,,,,"TD, AMB",AMB,07_23_2025_1516,,,332,ags. ahd. nhd. ,conflict
3356,,,19360,pok,,,138,til,,bis,,0,,,,"TD, AMB",AMB,07_23_2025_1516,,,7,ags. aisl.,conflict
1578,,,52147,pok,,,32937,hrīm,,Reif,,0,,,,"TD, AMB",AMB,07_23_2025_1516,,,1023,ags. aisl.,conflict
2016,,,59226,pok,,,40016,morð,,Mord,,0,,,,"TD, AMB",AMB,07_23_2025_1516,,,1294,ags. aisl.,conflict
2101,,,60644,pok,,,41434,net,,Netz,,0,,,,"TD, AMB",AMB,07_23_2025_1516,,,1356,ags. aisl.,conflict
2608,,,69370,pok,,,50160,syll,,"Grundbalken, Schwelle",,0,,,,"TD, AMB",AMB,07_23_2025_1516,,,1671,ags. aisl.,conflict
1763,,,54680,pok,,,35470,slīm,,Schleim,,0,,,,"TD, AMB",AMB,07_23_2025_1516,,,1134,ags. aisl. nfries. mnd. ahd. mhd.,conflict
147,,,22173,pok,,,2951,erian,,"pflügen, ackern",,0,,,,"TD, AMB",AMB,07_23_2025_1516,,,108,ags. as.,conflict
493,,,28699,pok,,,9473,tīr ,,"Ehre, Ruhm",,0,,,,"TD, AMB",AMB,07_23_2025_1516,,,321,ags. as.,conflict
526,,,29783,pok,,,10557,torn,,"Zorn, Streit, heftiger Unwille",,0,,,,"TD, AMB",AMB,07_23_2025_1516,,,343,ags. as.,conflict
1096,,,43598,pok,,,24372,grīma,,grīma,,0,,,,"TD, AMB",AMB,07_23_2025_1516,,,691,ags. as.,conflict
1098,,,43623,pok,,,24397,grīpan,,"greifen, ergreifen",,0,,,,"TD, AMB",AMB,07_23_2025_1516,,,692,ags. as.,conflict
1106,,,43716,pok,,,24490,grund,,"Grund, Boden",,0,,,,"TD, AMB",AMB,07_23_2025_1516,,,695,ags. as.,conflict
1508,,,51112,pok,,,31902,hladan,,"aufschichten, laden",,0,,,,"TD, AMB",AMB,07_23_2025_1516,,,967,ags. as.,conflict
1542,,,51530,pok,,,32320,hlūd,,,,0,,,,"TD, AMB",AMB,07_23_2025_1516,,,980,ags. as.,conflict
1718,,,53699,pok,,,34489,hwī,,"wie, wozu, warum",,0,,,,"TD, AMB",AMB,07_23_2025_1516,,,1098,ags. as.,conflict
1757,,,54582,pok,,,35372,lēf,,schwach,,0,,,,"TD, AMB",AMB,07_23_2025_1516,,,1133,ags. as.,conflict
3018,,,78083,pok,,,58873,strang,,"heftig, stark, streng, hart",,0,,,,"TD, AMB",AMB,07_23_2025_1516,,,1907,ags. as.,conflict
3051,,,78621,pok,,,59411,sweltan,,sterben,,0,,,,"TD, AMB",AMB,07_23_2025_1516,,,1927,ags. as.,conflict
3064,,,78835,pok,,,59625,swerian,,"anworten, Bürgschaft leisten",,0,,,,"TD, AMB",AMB,07_23_2025_1516,,,1940,ags. as.,conflict
3274,,,82097,pok,,,62882,or-,,"aus, von",,0,,,,"TD, AMB",AMB,07_23_2025_1516,,,2064,ags. as.,conflict
3515,,,86846,pok,,,67631,wreðian ,,stützen,,0,,,,"TD, AMB",AMB,07_23_2025_1516,,,2221,ags. as.,conflict
719,,,34687,pok,,,15461,wīd,,weit,,0,,,,"TD, AMB",AMB,07_23_2025_1516,,,451,ags. as. ,conflict
801,,,36587,pok,,,17361,rīsan,,sich erheben,,0,,,,"TD, AMB",AMB,07_23_2025_1516,,,497,ags. as. ,conflict
840,,,37343,pok,,,18117,edwīt,,"Schmach, Schimpf",,0,,,,"TD, AMB",AMB,07_23_2025_1516,,,523,ags. as. ,conflict
840,,,37347,pok,,,18121,ed-,,wieder,,0,,,,"TD, AMB",AMB,07_23_2025_1516,,,523,ags. as. ,conflict
1258,,,46372,pok,,,27146,git,,ihr,,0,,,,"TD, AMB",AMB,07_23_2025_1516,,,797,ags. as. ,conflict
1467,,,50227,pok,,,31001,hrōr,,"rührig, stark",,0,,,,"TD, AMB",AMB,07_23_2025_1516,,,937,ags. as. ,conflict
1872,,,56722,pok,,,37512,mōs,,"Brei, Speise",,0,,,,"TD, AMB",AMB,07_23_2025_1516,,,1204,ags. as. ,conflict
2272,,,63153,pok,,,43943,full,,voll,,0,,,,"TD, AMB",AMB,07_23_2025_1516,,,1466,ags. as. ,conflict
2529,,,67853,pok,,,48643,rocc,,Rock,,0,,,,"TD, AMB",AMB,07_23_2025_1516,,,1635,ags. as. ,conflict
2672,,,70538,pok,,,51328,scima,,Schatten,,0,,,,"TD, AMB",AMB,07_23_2025_1516,,,1713,ags. as. ,conflict
2731,,,71840,pok,,,52630,hrissan,,"sich schütteln, zittern",,0,,,,"TD, AMB",AMB,07_23_2025_1516,,,1736,ags. as. ,conflict
2758,,,72918,pok,,,53708,hord,,"Schatz, Hort",,0,,,,"TD, AMB",AMB,07_23_2025_1516,,,1747,ags. as. ,conflict
3380,,,84315,pok,,,65100,wlōh,,"Faser, Franse, Flocke",,0,,,,"TD, AMB",AMB,07_23_2025_1516,,,2129,ags. as. ,conflict
3426,,,85283,pok,,,66068,wrengan,,"fest zusammendrehen, winden, pressen",,0,,,,"TD, AMB",AMB,07_23_2025_1516,,,2155,ags. as. ,conflict
3508,,,86641,pok,,,67426,wulf,,Wolf,,0,,,,"TD, AMB",AMB,07_23_2025_1516,,,2207,ags. as. ,conflict
1017,,,41903,pok,,,22677,galan,,"singen; auch incantare, behexen, bezaubern",,0,,,,"TD, AMB",AMB,07_23_2025_1516,,,635,ags. as. ahd.,conflict
1103,,,43670,pok,,,24444,gram,,"ergrimmt, feindlich",,0,,,,"TD, AMB",AMB,07_23_2025_1516,,,694,ags. as. ahd.,conflict
2294,,,63775,pok,,,44565,findan,,"finden, erfahren, erfinden",,0,,,,"TD, AMB",AMB,07_23_2025_1516,,,1482,ags. as. ahd.,conflict
2654,,,70243,pok,,,51033,sūgan,,saugen,,0,,,,"TD, AMB",AMB,07_23_2025_1516,,,1701,ags. as. ahd.,conflict
2727,,,71753,pok,,,52543,hring,,Ring,,0,,,,"TD, AMB",AMB,07_23_2025_1516,,,1736,ags. as. ahd. ,conflict
2913,,,75642,pok,,,56432,springan,,"springen, hervorbrechen",,0,,,,"TD, AMB",AMB,07_23_2025_1516,,,1847,ags. as. ahd. ,conflict
2916,,,75718,pok,,,56508,spīwan,,speien,,0,,,,"TD, AMB",AMB,07_23_2025_1516,,,1851,ags. as. ahd. ,conflict
3481,,,86210,pok,,,66995,wesan,,"sein, bleiben",,0,,,,"TD, AMB",AMB,07_23_2025_1516,,,2184,ags. as. ahd. ,conflict
729,,,34996,pok,,,15770,îs,,Eis,,0,,,,"TD, AMB",AMB,07_23_2025_1516,,,451,ags. as. ahd. mhd. ,conflict
1394,,,48525,pok,,,29299,hold,,"geneigten Sinnes, gnädig",,0,,,,"TD, AMB",AMB,07_23_2025_1516,,,887,ags. as. ahd. nhd.,conflict
1556,,,51760,pok,,,32550,hindan,,hinten,,0,,,,"TD, AMB",AMB,07_23_2025_1516,,,986,ags. asächs. ,conflict
1720,,,54056,pok,,,34846,lagu,,See,,0,,,,"TD, AMB",AMB,07_23_2025_1516,,,1116,ags. asächs. ,conflict
1464,,,50057,pok,,,30831,horsc,,klug (?),,0,,,,"TD, AMB",AMB,07_23_2025_1516,,,931,ags. asächs. ahd.,conflict
1577,,,52144,pok,,,32934,hrīnan,,"berühren, streifen",,0,,,,"TD, AMB",AMB,07_23_2025_1516,,,1023,ags. asächs. ahd.,conflict
1694,,,53257,pok,,,34047,hwer-gin,,irgendwo,,0,,,,"TD, AMB",AMB,07_23_2025_1516,,,1092,ags. asächs. ahd. ,conflict
125,,,21615,pok,,,2393,and,,und,,0,,,,"TD, AMB",AMB,07_23_2025_1516,,,93,ags. engl.,conflict
622,,,32228,pok,,,13002,dung,,Dünger,,0,,,,"TD, AMB",AMB,07_23_2025_1516,,,395,ags. engl.,conflict
1397,,,48685,pok,,,29459,hem(m),,"Rand, Saum",,0,,,,"TD, AMB",AMB,07_23_2025_1516,,,895,ags. engl. ,conflict
983,,,41134,pok,,,21908,god,,(christlicher) Gott,,0,,,,"TD, AMB",AMB,07_23_2025_1516,,,617,ags. engl. afries. asächs.,conflict
440,,,27817,pok,,,8591,brūn ,,scharf,,0,,,,"TD, AMB",AMB,07_23_2025_1516,,,300,ags. mhd. ,conflict
2216,,,62278,pok,,,43068,ōst,,"Knoten im Holz, Knorren",,0,,,,"TD, AMB",AMB,07_23_2025_1516,,,1438,ags. mnd.,conflict
1200,,,45623,pok,,,26397,gor,,"Mist, Dünger",,0,,,,"TD, AMB",AMB,07_23_2025_1516,,,754,ags. mnd. ahd. ,conflict
1869,,,56556,pok,,,37346,lūs,,Laus,,0,,,,"TD, AMB",AMB,07_23_2025_1516,,,1200,ags. mnd. ahd. aisl.,conflict
1919,,,57452,pok,,,38242,mūta,,Maut,,0,,,,"TD, AMB",AMB,07_23_2025_1516,,,1234,ahd. (bair.) ,conflict
3475,,,86090,pok,,,66875,wirkan,,"arbeiten, tätig sein, wirken",,0,,,,"TD, AMB",AMB,07_23_2025_1516,,,2178,ahd. (fränk.),conflict
3475,,,86091,pok,,,66876,wirchen,,"arbeiten, tätig sein, wirken",,0,,,,"TD, AMB",AMB,07_23_2025_1516,,,2178,ahd. (fränk.),conflict
109,,,21348,pok,,,2126,igil,,Igel,,0,,,,"TD, AMB",AMB,07_23_2025_1516,,,86,ahd. ags.,conflict
189,,,22935,pok,,,3713,wascan,,waschen,,0,,,,"TD, AMB",AMB,07_23_2025_1516,,,135,ahd. ags.,conflict
296,,,24961,pok,,,5739,bill,,Beil,,0,,,,"TD, AMB",AMB,07_23_2025_1516,,,211,ahd. ags.,conflict
1348,,,47653,pok,,,28427,hol,,hohl,,0,,,,"TD, AMB",AMB,07_23_2025_1516,,,858,ahd. ags.,conflict
1945,,,58019,pok,,,38809,missan,,"vermissen, entbehren, verfehlen",,0,,,,"TD, AMB",AMB,07_23_2025_1516,,,1254,ahd. ags.,conflict
2256,,,62898,pok,,,43688,fisk,,Fisch,,0,,,,"TD, AMB",AMB,07_23_2025_1516,,,1462,ahd. ags.,conflict
2289,,,63668,pok,,,44458,fūht,,feucht,,0,,,,"TD, AMB",AMB,07_23_2025_1516,,,1480,ahd. ags.,conflict
2522,,,67513,pok,,,48303,rūh,,"rauh, behaart; ungebildet",,0,,,,"TD, AMB",AMB,07_23_2025_1516,,,1622,ahd. ags.,conflict
2659,,,70317,pok,,,51107,sunu,,Sohn,,0,,,,"TD, AMB",AMB,07_23_2025_1516,,,1702,ahd. ags.,conflict
2785,,,73422,pok,,,54212,slingan,,"schwingen, winden, flechten; sich schlängeln, kriechen (refl.)",,0,,,,"TD, AMB",AMB,07_23_2025_1516,,,1773,ahd. ags.,conflict
2833,,,74216,pok,,,55006,snīwan,,schneien,,0,,,,"TD, AMB",AMB,07_23_2025_1516,,,1804,ahd. ags.,conflict
3018,,,78195,pok,,,58985,sūr,,sauer,,0,,,,"TD, AMB",AMB,07_23_2025_1516,,,1912,ahd. ags.,conflict
3051,,,78685,pok,,,59475,swan,,Schwan,,0,,,,"TD, AMB",AMB,07_23_2025_1516,,,1933,ahd. ags.,conflict
1932,,,57758,pok,,,38548,min ,,"geringer, weniger",,0,,,,"TD, AMB",AMB,07_23_2025_1516,,,1244,ahd. ags. ,conflict
2031,,,59630,pok,,,40420,mos ,,"Moos, Sumpf",,0,,,,"TD, AMB",AMB,07_23_2025_1516,,,1308,ahd. ags. ,conflict
2311,,,64232,pok,,,45022,faran,,fahren,,0,,,,"TD, AMB",AMB,07_23_2025_1516,,,1485,ahd. ags. ,conflict
847,,,68590,pok,,,49380,nest,,Nest,,0,,,,"TD, AMB",AMB,07_23_2025_1516,,,1653,ahd. ags. ,conflict
2672,,,70532,pok,,,51322,scīnan ,,"scheinen, leuchten, glänzen",,0,,,,"TD, AMB",AMB,07_23_2025_1516,,,1713,ahd. ags. ,conflict
3018,,,78154,pok,,,58944,sū,,Sau,,0,,,,"TD, AMB",AMB,07_23_2025_1516,,,1911,ahd. ags. ,conflict
1763,,,54651,pok,,,35441,līm,,"Leim, Kalk (*Erdmasse zum Verkleben)",,0,,,,"TD, AMB",AMB,07_23_2025_1516,,,1134,ahd. ags. aisl. ,conflict
937,,,39961,pok,,,20735,korn,,Korn,,0,,,,"TD, AMB",AMB,07_23_2025_1516,,,577,ahd. ags. anord.,conflict
2710,,,71160,pok,,,51950,skuld,,Schuld,,0,,,,"TD, AMB",AMB,07_23_2025_1516,,,1722,ahd. aisl. ,conflict
1458,,,49910,pok,,,30684,horn,,"Horn, Trinkhorn, Trompete",,0,,,,"TD, AMB",AMB,07_23_2025_1516,,,925,ahd. anord. ,conflict
76,,,20933,pok,,,1711,umbi,,um,,0,,,,"TD, AMB",AMB,07_23_2025_1516,,,68,ahd. as.,conflict
131,,,21761,pok,,,2539,aftar,,"hinten, nach (Adv.); nach, hinter-her, gemäß (Präp. m. Dat.)",,0,,,,"TD, AMB",AMB,07_23_2025_1516,,,101,ahd. as.,conflict
189,,,22934,pok,,,3712,wintar,,Winter,,0,,,,"TD, AMB",AMB,07_23_2025_1516,,,135,ahd. as.,conflict
321,,,25485,pok,,,6263,bano,,"Totschläger, Mörder",,0,,,,"TD, AMB",AMB,07_23_2025_1516,,,224,ahd. as.,conflict
337,,,25756,pok,,,6534,bāra,,Bahre,,0,,,,"TD, AMB",AMB,07_23_2025_1516,,,228,ahd. as.,conflict
346,,,25998,pok,,,6776,borōn,,bohren,,0,,,,"TD, AMB",AMB,07_23_2025_1516,,,230,ahd. as.,conflict
704,,,33949,pok,,,14723,im,,,,0,,,,"TD, AMB",AMB,07_23_2025_1516,,,438,ahd. as.,conflict
707,,,33962,pok,,,14736,es(is),,,,0,,,,"TD, AMB",AMB,07_23_2025_1516,,,438,ahd. as.,conflict
707,,,33971,pok,,,14745,imu,,,,0,,,,"TD, AMB",AMB,07_23_2025_1516,,,438,ahd. as.,conflict
712,,,34321,pok,,,15095,ās,,"Fleisch eines toten Körpers, Köder, Aas",,0,,,,"TD, AMB",AMB,07_23_2025_1516,,,440,ahd. as.,conflict
796,,,36477,pok,,,17251,rinnan,,"fließen, schwimmen, laufen",,0,,,,"TD, AMB",AMB,07_23_2025_1516,,,497,ahd. as.,conflict
947,,,40424,pok,,,21198,kiosan,,"schmecken, prüfen, wählen",,0,,,,"TD, AMB",AMB,07_23_2025_1516,,,583,ahd. as.,conflict
947,,,40440,pok,,,21214,kust,,"Prüfung, Schätzung, Wahl, Vortrefflichkeit",,0,,,,"TD, AMB",AMB,07_23_2025_1516,,,583,ahd. as.,conflict
947,,,40443,pok,,,21217,kostōn,,"kosten, versuchen",,0,,,,"TD, AMB",AMB,07_23_2025_1516,,,583,ahd. as.,conflict
976,,,40983,pok,,,21757,gēr,,Wurfspeer,,0,,,,"TD, AMB",AMB,07_23_2025_1516,,,609,ahd. as.,conflict
1017,,,41910,pok,,,22684,galm,,"Schall, Lärm",,0,,,,"TD, AMB",AMB,07_23_2025_1516,,,635,ahd. as.,conflict
1049,,,42722,pok,,,23496,gern,,"begierig, eifrig nach etwas",,0,,,,"TD, AMB",AMB,07_23_2025_1516,,,654,ahd. as.,conflict
1082,,,43359,pok,,,24133,gast,,"Fremdling, Gast",,0,,,,"TD, AMB",AMB,07_23_2025_1516,,,683,ahd. as.,conflict
1138,,,44383,pok,,,25157,quelan,,Pein leiden,,0,,,,"TD, AMB",AMB,07_23_2025_1516,,,711,ahd. as.,conflict
1138,,,44384,pok,,,25158,qual,,Pein leiden,,0,,,,"TD, AMB",AMB,07_23_2025_1516,,,711,ahd. as.,conflict
1138,,,44395,pok,,,25169,qualm,,"Tod, Verheerung",,0,,,,"TD, AMB",AMB,07_23_2025_1516,,,711,ahd. as.,conflict
1397,,,48618,pok,,,29392,halla,,Наllе,,0,,,,"TD, AMB",AMB,07_23_2025_1516,,,889,ahd. as.,conflict
1569,,,52024,pok,,,32814,heri,,"Heer, Menge",,0,,,,"TD, AMB",AMB,07_23_2025_1516,,,1008,ahd. as.,conflict
1807,,,55392,pok,,,36182,lam,,"lahm, verkrüppelt",,0,,,,"TD, AMB",AMB,07_23_2025_1516,,,1159,ahd. as.,conflict
1790,,,56197,pok,,,36987,lugina,,Lüge,,0,,,,"TD, AMB",AMB,07_23_2025_1516,,,1191,ahd. as.,conflict
1866,,,56468,pok,,,37258,luft,,"Luft, Himmel",,0,,,,"TD, AMB",AMB,07_23_2025_1516,,,1194,ahd. as.,conflict
1875,,,56754,pok,,,37544,magan,,"Macht, Hauptsache",,0,,,,"TD, AMB",AMB,07_23_2025_1516,,,1205,ahd. as.,conflict
1875,,,56755,pok,,,37545,megin ,,"Macht, Hauptsache",,0,,,,"TD, AMB",AMB,07_23_2025_1516,,,1205,ahd. as.,conflict
1875,,,56757,pok,,,37547,maht,,"Macht, Kraft",,0,,,,"TD, AMB",AMB,07_23_2025_1516,,,1205,ahd. as.,conflict
2049,,,59844,pok,,,40634,mā̆sca,,Masche,,0,,,,"TD, AMB",AMB,07_23_2025_1516,,,1316,ahd. as.,conflict
2110,,,60891,pok,,,41681,naht,,Nacht,,0,,,,"TD, AMB",AMB,07_23_2025_1516,,,1369,ahd. as.,conflict
2144,,,61314,pok,,,42104,niuwi,,neu,,0,,,,"TD, AMB",AMB,07_23_2025_1516,,,1385,ahd. as.,conflict
2165,,,61616,pok,,,42406,ahto,,acht,,0,,,,"TD, AMB",AMB,07_23_2025_1516,,,1409,ahd. as.,conflict
2198,,,62042,pok,,,42832,ar(a)m,,"arm, dürftig",,0,,,,"TD, AMB",AMB,07_23_2025_1516,,,1426,ahd. as.,conflict
176,,,62368,pok,,,43158,fāhan,,fangen,,0,,,,"TD, AMB",AMB,07_23_2025_1516,,,1441,ahd. as.,conflict
2253,,,62777,pok,,,43567,fēh,,bunt,,0,,,,"TD, AMB",AMB,07_23_2025_1516,,,1457,ahd. as.,conflict
2259,,,62969,pok,,,43759,fehtan,,fechten,,0,,,,"TD, AMB",AMB,07_23_2025_1516,,,1464,ahd. as.,conflict
2259,,,62971,pok,,,43761,fahs,,(Haupt)-haar,,0,,,,"TD, AMB",AMB,07_23_2025_1516,,,1464,ahd. as.,conflict
2287,,,63575,pok,,,44365,feld,,"Feld, Boden, Ebene",,0,,,,"TD, AMB",AMB,07_23_2025_1516,,,1475,ahd. as.,conflict
2288,,,63598,pok,,,44388,felga,,Radfelge,,0,,,,"TD, AMB",AMB,07_23_2025_1516,,,1477,ahd. as.,conflict
2293,,,63749,pok,,,44539,fingar,,Finger,,0,,,,"TD, AMB",AMB,07_23_2025_1516,,,1481,ahd. as.,conflict
2311,,,64454,pok,,,45244,for(a)ht,,furchtsam,,0,,,,"TD, AMB",AMB,07_23_2025_1516,,,1492,ahd. as.,conflict
2311,,,64456,pok,,,45246,forhta,,Furcht,,0,,,,"TD, AMB",AMB,07_23_2025_1516,,,1492,ahd. as.,conflict
2426,,,66346,pok,,,47136,fallan,,fallen,,0,,,,"TD, AMB",AMB,07_23_2025_1516,,,1570,ahd. as.,conflict
2529,,,67740,pok,,,48530,rost,,Rost,,0,,,,"TD, AMB",AMB,07_23_2025_1516,,,1626,ahd. as.,conflict
2610,,,69448,pok,,,50238,sālig,,"glücklich, selig, gesegnet",,0,,,,"TD, AMB",AMB,07_23_2025_1516,,,1675,ahd. as.,conflict
2639,,,69857,pok,,,50647,Sang,,"Gesang, Lied",,0,,,,"TD, AMB",AMB,07_23_2025_1516,,,1687,ahd. as.,conflict
2998,,,77526,pok,,,58316,sterro,,Stern,,0,,,,"TD, AMB",AMB,07_23_2025_1516,,,1890,ahd. as.,conflict
3057,,,78720,pok,,,59510,swingan,,"(sich) schwingen, fliegen",,0,,,,"TD, AMB",AMB,07_23_2025_1516,,,1935,ahd. as.,conflict
3296,,,82470,pok,,,63255,wē,,wehe!,,0,,,,"TD, AMB",AMB,07_23_2025_1516,,,2078,ahd. as.,conflict
3328,,,82938,pok,,,63723,ohso,,Ochs,,0,,,,"TD, AMB",AMB,07_23_2025_1516,,,2102,ahd. as.,conflict
3510,,,86723,pok,,,67508,wahs,,Wachs,,0,,,,"TD, AMB",AMB,07_23_2025_1516,,,2211,ahd. as.,conflict
335,,,25740,pok,,,6518,barm,,Schoß,,0,,,,"TD, AMB",AMB,07_23_2025_1516,,,228,ahd. as. ,conflict
351,,,26305,pok,,,7083,berg,,Berg,,0,,,,"TD, AMB",AMB,07_23_2025_1516,,,238,ahd. as. ,conflict
355,,,26411,pok,,,7189,bremo,,Bremse,,0,,,,"TD, AMB",AMB,07_23_2025_1516,,,241,ahd. as. ,conflict
1361,,,47860,pok,,,28634,unhiuri,,"unheimlich, grauenhaft",,0,,,,"TD, AMB",AMB,07_23_2025_1516,,,864,ahd. as. ,conflict
1397,,,48609,pok,,,29383,helm,,Helm,,0,,,,"TD, AMB",AMB,07_23_2025_1516,,,889,ahd. as. ,conflict
1444,,,49516,pok,,,30290,scrīan,,schreien,,0,,,,"TD, AMB",AMB,07_23_2025_1516,,,918,ahd. as. ,conflict
1504,,,50961,pok,,,31751,hosc,,"Schmähung, Spott, Hohn",,0,,,,"TD, AMB",AMB,07_23_2025_1516,,,955,ahd. as. ,conflict
1521,,,51268,pok,,,32058,hlēo,,"Grabhügel, Grab",,0,,,,"TD, AMB",AMB,07_23_2025_1516,,,971,ahd. as. ,conflict
1718,,,53650,pok,,,34440,hwār,,wo,,0,,,,"TD, AMB",AMB,07_23_2025_1516,,,1098,ahd. as. ,conflict
1752,,,54430,pok,,,35220,legar,,Lager,,0,,,,"TD, AMB",AMB,07_23_2025_1516,,,1128,ahd. as. ,conflict
1802,,,55308,pok,,,36098,lahan,,tadeln,,0,,,,"TD, AMB",AMB,07_23_2025_1516,,,1155,ahd. as. ,conflict
1802,,,55314,pok,,,36104,lastar,,"Tadel, Schimpf, Fehler",,0,,,,"TD, AMB",AMB,07_23_2025_1516,,,1155,ahd. as. ,conflict
1860,,,56327,pok,,,37117,lioht,,hell; Licht (n.),,0,,,,"TD, AMB",AMB,07_23_2025_1516,,,1193,ahd. as. ,conflict
1887,,,56936,pok,,,37726,māho,,Mohn,,0,,,,"TD, AMB",AMB,07_23_2025_1516,,,1214,ahd. as. ,conflict
1914,,,57315,pok,,,38105,māri ,,"berühmt, glänzend",,0,,,,"TD, AMB",AMB,07_23_2025_1516,,,1232,ahd. as. ,conflict
1950,,,58125,pok,,,38915,mëlo,,Mehl,,0,,,,"TD, AMB",AMB,07_23_2025_1516,,,1256,ahd. as. ,conflict
1977,,,58591,pok,,,39381,smal,,"klein, gering, schmal",,0,,,,"TD, AMB",AMB,07_23_2025_1516,,,1271,ahd. as. ,conflict
1988,,,58781,pok,,,39571,manōn,,mahnen,,0,,,,"TD, AMB",AMB,07_23_2025_1516,,,1278,ahd. as. ,conflict
1988,,,58790,pok,,,39580,minn(e)a,,"Liebe, Minne",,0,,,,"TD, AMB",AMB,07_23_2025_1516,,,1278,ahd. as. ,conflict
2001,,,58932,pok,,,39722,manag,,"viel, manch",,0,,,,"TD, AMB",AMB,07_23_2025_1516,,,1284,ahd. as. ,conflict
2135,,,61141,pok,,,41931,gi-nesan,,"gerettet werden, genesen",,0,,,,"TD, AMB",AMB,07_23_2025_1516,,,1376,ahd. as. ,conflict
2135,,,61144,pok,,,41934,gi-nist,,"Genesung, Heil",,0,,,,"TD, AMB",AMB,07_23_2025_1516,,,1376,ahd. as. ,conflict
2274,,,63184,pok,,,43974,filu,,"viel, sehr",,0,,,,"TD, AMB",AMB,07_23_2025_1516,,,1466,ahd. as. ,conflict
2274,,,63185,pok,,,43975,filo,,"viel, sehr",,0,,,,"TD, AMB",AMB,07_23_2025_1516,,,1466,ahd. as. ,conflict
2298,,,63859,pok,,,44649,firi-,,ver-,,0,,,,"TD, AMB",AMB,07_23_2025_1516,,,1484,ahd. as. ,conflict
2303,,,63941,pok,,,44731,furi,,"vor, für, vorbei",,0,,,,"TD, AMB",AMB,07_23_2025_1516,,,1484,ahd. as. ,conflict
2305,,,64037,pok,,,44827,fora,,"vorn, vorher (Adv.); vorher, voraus, vor (Verbalpräf.); vor (Präp.)",,0,,,,"TD, AMB",AMB,07_23_2025_1516,,,1484,ahd. as. ,conflict
2311,,,64114,pok,,,44904,fruma,,Nutzen,,0,,,,"TD, AMB",AMB,07_23_2025_1516,,,1484,ahd. as. ,conflict
2237,,,65931,pok,,,46721,frī,,"frei, los, frei von",,0,,,,"TD, AMB",AMB,07_23_2025_1516,,,1549,ahd. as. ,conflict
2410,,,66071,pok,,,46861,frost,,Frost,,0,,,,"TD, AMB",AMB,07_23_2025_1516,,,1554,ahd. as. ,conflict
2564,,,68311,pok,,,49101,swās,,"lieb, traut",,0,,,,"TD, AMB",AMB,07_23_2025_1516,,,1652,ahd. as. ,conflict
2580,,,68780,pok,,,49570,sāmo,,Same,,0,,,,"TD, AMB",AMB,07_23_2025_1516,,,1659,ahd. as. ,conflict
2650,,,70145,pok,,,50935,saro,,"Rüstung; Kunstfertigkeit, List",,0,,,,"TD, AMB",AMB,07_23_2025_1516,,,1697,ahd. as. ,conflict
2672,,,70545,pok,,,51335,scīmo,,"Licht, Glanz",,0,,,,"TD, AMB",AMB,07_23_2025_1516,,,1713,ahd. as. ,conflict
2705,,,71007,pok,,,51797,scāla,,Schale,,0,,,,"TD, AMB",AMB,07_23_2025_1516,,,1721,ahd. as. ,conflict
2727,,,71757,pok,,,52547,hringon,,"ringeln, einen Kreis bilden",,0,,,,"TD, AMB",AMB,07_23_2025_1516,,,1736,ahd. as. ,conflict
3334,,,83037,pok,,,63822,waga,,Wiege,,0,,,,"TD, AMB",AMB,07_23_2025_1516,,,2103,ahd. as. ,conflict
3382,,,84341,pok,,,65126,wald,,Wald,,0,,,,"TD, AMB",AMB,07_23_2025_1516,,,2129,ahd. as. ,conflict
2539,,,67961,pok,,,48751,sēr ,,Schmerz,,0,,,,"TD, AMB",AMB,07_23_2025_1516,,,1640,ahd. as. afries.,conflict
2346,,,64966,pok,,,45756,fiur,,Feuer,,0,,,,"TD, AMB",AMB,07_23_2025_1516,,,1514,ahd. as. afries. ,conflict
2539,,,67956,pok,,,48746,sēr,,schmerzerregend,,0,,,,"TD, AMB",AMB,07_23_2025_1516,,,1640,ahd. as. afries. ,conflict
1397,,,48590,pok,,,29364,helan,,verbergen,,0,,,,"TD, AMB",AMB,07_23_2025_1516,,,889,ahd. as. ags.,conflict
1722,,,54091,pok,,,34881,lust,,Lust,,0,,,,"TD, AMB",AMB,07_23_2025_1516,,,1119,ahd. as. ags.,conflict
2089,,,60519,pok,,,41309,ne,,nicht,,0,,,,"TD, AMB",AMB,07_23_2025_1516,,,1351,ahd. as. ags.,conflict
3051,,,78659,pok,,,59449,swimman,,schwimmen,,0,,,,"TD, AMB",AMB,07_23_2025_1516,,,1932,ahd. as. ags.,conflict
3503,,,86618,pok,,,67403,wer,,Mann,,0,,,,"TD, AMB",AMB,07_23_2025_1516,,,2204,ahd. as. ags.,conflict
757,,,35575,pok,,,16349,in,,in,,0,,,,"TD, AMB",AMB,07_23_2025_1516,,,476,ahd. as. ags. ,conflict
1796,,,55226,pok,,,36016,list,,"Kunstfertigkeit, Klugheit, List",,0,,,,"TD, AMB",AMB,07_23_2025_1516,,,1151,ahd. as. ags. ,conflict
2590,,,69014,pok,,,49804,sīgan,,"tröpfelnd fallen, sinken, fließen",,0,,,,"TD, AMB",AMB,07_23_2025_1516,,,1663,ahd. as. ags. ,conflict
3334,,,83025,pok,,,63810,weg,,Weg,,0,,,,"TD, AMB",AMB,07_23_2025_1516,,,2103,ahd. as. ags. ,conflict
3349,,,83500,pok,,,64285,wīs,,weise,,0,,,,"TD, AMB",AMB,07_23_2025_1516,,,2110,ahd. as. ags. ,conflict
3339,,,83147,pok,,,63932,vīn,,Wein,,0,,,,"TD, AMB",AMB,07_23_2025_1516,,,2105,ahd. as. ags. aksl. ,conflict
1470,,,50267,pok,,,31057,hār,,Haar,,0,,,,"TD, AMB",AMB,07_23_2025_1516,,,942,ahd. as. aisl. ,conflict
729,,,34945,pok,,,15719,īsarn,,Eisen,,0,,,,"TD, AMB",AMB,07_23_2025_1516,,,458,ahd. as. anord. ,conflict
750,,,35381,pok,,,16155,lun,,"Achsennagel, Lünse",,0,,,,"TD, AMB",AMB,07_23_2025_1516,,,468,ahd. as. mhd.,conflict
1214,,,45870,pok,,,26644,gehan,,"sagen, sprechen, bekennen",,0,,,,"TD, AMB",AMB,07_23_2025_1516,,,774,ahd. asächs.,conflict
1219,,,45959,pok,,,26733,jāmar,,traurig,,0,,,,"TD, AMB",AMB,07_23_2025_1516,,,778,ahd. asächs. ,conflict
2276,,,63239,pok,,,44029,felm,,Schrecken,,0,,,,"TD, AMB",AMB,07_23_2025_1516,,,1466,ahd. bair. ,conflict
12,,,19784,pok,,,562,eit,,"Glut, Scheiterhaufen",,0,,,,"TD, AMB",AMB,07_23_2025_1516,,,29,ahd. mhd.,conflict
321,,,25451,pok,,,6229,balg,,"Balg, Schlauch, Blasebalg, Schwertscheide",,0,,,,"TD, AMB",AMB,07_23_2025_1516,,,223,ahd. mhd.,conflict
346,,,26066,pok,,,6844,brūn,,"glänzend, braun",,0,,,,"TD, AMB",AMB,07_23_2025_1516,,,232,ahd. mhd.,conflict
440,,,27789,pok,,,8563,broz,,"Knospe, Sprosse",,0,,,,"TD, AMB",AMB,07_23_2025_1516,,,298,ahd. mhd.,conflict
580,,,31144,pok,,,11918,zwī,,zwei,,0,,,,"TD, AMB",AMB,07_23_2025_1516,,,368,ahd. mhd.,conflict
580,,,31145,pok,,,11919,zwīes ,,Zwieg,,0,,,,"TD, AMB",AMB,07_23_2025_1516,,,368,ahd. mhd.,conflict
614,,,32112,pok,,,12886,dempfen,,"durch Dampf ersticken, dämpfen",,0,,,,"TD, AMB",AMB,07_23_2025_1516,,,390,ahd. mhd.,conflict
796,,,36483,pok,,,17257,rennen,,rennen,,0,,,,"TD, AMB",AMB,07_23_2025_1516,,,497,ahd. mhd.,conflict
937,,,39862,pok,,,20636,krol,,kraus,,0,,,,"TD, AMB",AMB,07_23_2025_1516,,,575,ahd. mhd.,conflict
953,,,40699,pok,,,21473,kreiz,,Kreis,,0,,,,"TD, AMB",AMB,07_23_2025_1516,,,596,ahd. mhd.,conflict
1014,,,41839,pok,,,22613,gīt ,,"Gierigkeit, Habgier, Geiz",,0,,,,"TD, AMB",AMB,07_23_2025_1516,,,632,ahd. mhd.,conflict
1035,,,42324,pok,,,23098,galt,,"keine Milch gebend, unfruchtbar",,0,,,,"TD, AMB",AMB,07_23_2025_1516,,,637,ahd. mhd.,conflict
1045,,,42663,pok,,,23437,graz,,"Schößling, Zweig von Nadelhölzern",,0,,,,"TD, AMB",AMB,07_23_2025_1516,,,653,ahd. mhd.,conflict
1107,,,43734,pok,,,24508,grint,,"Grind, Schorf",,0,,,,"TD, AMB",AMB,07_23_2025_1516,,,695,ahd. mhd.,conflict
1432,,,49283,pok,,,30057,henken,,aufhängen,,0,,,,"TD, AMB",AMB,07_23_2025_1516,,,914,ahd. mhd.,conflict
1796,,,55219,pok,,,36009,leist,,"Spur, Leisten",,0,,,,"TD, AMB",AMB,07_23_2025_1516,,,1151,ahd. mhd.,conflict
1842,,,55980,pok,,,36770,liuben,,"lieb sein, gefallen",,0,,,,"TD, AMB",AMB,07_23_2025_1516,,,1184,ahd. mhd.,conflict
1914,,,57368,pok,,,38158,muot,,"Kraft des Empfindens; Geist, Mut, Zorn, Begehren, Entschluß",,0,,,,"TD, AMB",AMB,07_23_2025_1516,,,1233,ahd. mhd.,conflict
2529,,,67819,pok,,,48609,rûm,,"Raum, Öffnung, freie Räumlichkeit",,0,,,,"TD, AMB",AMB,07_23_2025_1516,,,1631,ahd. mhd.,conflict
2591,,,69033,pok,,,49823,seich,,Harn,,0,,,,"TD, AMB",AMB,07_23_2025_1516,,,1663,ahd. mhd.,conflict
2798,,,73573,pok,,,54363,slouf,,"das Schlüpfen, Röhre",,0,,,,"TD, AMB",AMB,07_23_2025_1516,,,1776,ahd. mhd.,conflict
2860,,,74607,pok,,,55397,spiz,,Bratspieß,,0,,,,"TD, AMB",AMB,07_23_2025_1516,,,1823,ahd. mhd.,conflict
1204,,,75192,pok,,,55982,sperren,,"durch einen Sperrbalken verschließen, sperren; ausspreizen",,0,,,,"TD, AMB",AMB,07_23_2025_1516,,,1838,ahd. mhd.,conflict
2964,,,76726,pok,,,57516,stiften,,"feststellen, gründen, bauen, anstiften",,0,,,,"TD, AMB",AMB,07_23_2025_1516,,,1878,ahd. mhd.,conflict
3006,,,77842,pok,,,58632,stoc,,"Stock, Stab, Baumstamm",,0,,,,"TD, AMB",AMB,07_23_2025_1516,,,1898,ahd. mhd.,conflict
3057,,,78716,pok,,,59506,swenken,,"schwingen lassen, schleudern",,0,,,,"TD, AMB",AMB,07_23_2025_1516,,,1935,ahd. mhd.,conflict
287,,,24860,pok,,,5638,beizen,,"zügeln, jagen, beizen",,0,,,,"TD, AMB",AMB,07_23_2025_1516,,,208,ahd. mhd. ,conflict
349,,,26156,pok,,,6934,bort,,"Brett, Tisch",,0,,,,"TD, AMB",AMB,07_23_2025_1516,,,235,ahd. mhd. ,conflict
461,,,28067,pok,,,8841,boc,,Bock,,0,,,,"TD, AMB",AMB,07_23_2025_1516,,,311,ahd. mhd. ,conflict
511,,,29322,pok,,,10096,zumft,,"Schicklichkeit, Regel, Verein, Zunft",,0,,,,"TD, AMB",AMB,07_23_2025_1516,,,333,ahd. mhd. ,conflict
554,,,30550,pok,,,11324,zugil,,Zügel,,0,,,,"TD, AMB",AMB,07_23_2025_1516,,,354,ahd. mhd. ,conflict
554,,,30567,pok,,,11341,zoum,,"Seil, Riemen, Zügel",,0,,,,"TD, AMB",AMB,07_23_2025_1516,,,354,ahd. mhd. ,conflict
554,,,30581,pok,,,11355,zuht,,"Ziehen, Zug, Erziehung, Zucht, Nachkommenschaft",,0,,,,"TD, AMB",AMB,07_23_2025_1516,,,354,ahd. mhd. ,conflict
614,,,32107,pok,,,12881,dampf,,"Dampf, Rauch",,0,,,,"TD, AMB",AMB,07_23_2025_1516,,,390,ahd. mhd. ,conflict
629,,,32387,pok,,,13161,tarnen,,"zudecken, verbergen",,0,,,,"TD, AMB",AMB,07_23_2025_1516,,,398,ahd. mhd. ,conflict
1003,,,41494,pok,,,22268,gil ,,"Bruch, hernia",,0,,,,"TD, AMB",AMB,07_23_2025_1516,,,624,ahd. mhd. ,conflict
1029,,,42122,pok,,,22896,glanz,,glänzend,,0,,,,"TD, AMB",AMB,07_23_2025_1516,,,636,ahd. mhd. ,conflict
1029,,,42125,pok,,,22899,glenzen,,glänzen,,0,,,,"TD, AMB",AMB,07_23_2025_1516,,,636,ahd. mhd. ,conflict
1160,,,44846,pok,,,25620,krūt,,Kraut,,0,,,,"TD, AMB",AMB,07_23_2025_1516,,,722,ahd. mhd. ,conflict
1168,,,45127,pok,,,25901,quāt,,Kot,,0,,,,"TD, AMB",AMB,07_23_2025_1516,,,734,ahd. mhd. ,conflict
1467,,,50229,pok,,,31019,hirmen,,"ruhen, rasten",,0,,,,"TD, AMB",AMB,07_23_2025_1516,,,938,ahd. mhd. ,conflict
1534,,,51369,pok,,,32159,līn-boum,,Leinbaum,,0,,,,"TD, AMB",AMB,07_23_2025_1516,,,975,ahd. mhd. ,conflict
1535,,,51370,pok,,,32160,līm-boum,,Leimbaum,,0,,,,"TD, AMB",AMB,07_23_2025_1516,,,975,ahd. mhd. ,conflict
1763,,,54711,pok,,,35501,sleifen ,,"schleppen, schleifen",,0,,,,"TD, AMB",AMB,07_23_2025_1516,,,1134,ahd. mhd. ,conflict
2311,,,64256,pok,,,45046,fart,,Fahrt,,0,,,,"TD, AMB",AMB,07_23_2025_1516,,,1485,ahd. mhd. ,conflict
2514,,,67444,pok,,,48234,roufen,,rupfen,,0,,,,"TD, AMB",AMB,07_23_2025_1516,,,1622,ahd. mhd. ,conflict
2705,,,71096,pok,,,51886,halb,,Handhabe,,0,,,,"TD, AMB",AMB,07_23_2025_1516,,,1721,ahd. mhd. ,conflict
2798,,,73567,pok,,,54357,sloufen,,"schlüpfen lassen, an- oder ausziehen",,0,,,,"TD, AMB",AMB,07_23_2025_1516,,,1776,ahd. mhd. ,conflict
2953,,,76237,pok,,,57027,stouwen,,(au)klagen; (scheltend) gebieten; (Refl.) sich stauen,,0,,,,"TD, AMB",AMB,07_23_2025_1516,,,1868,ahd. mhd. ,conflict
2953,,,76497,pok,,,57287,stap,,"Stock, Stütze, Stab",,0,,,,"TD, AMB",AMB,07_23_2025_1516,,,1873,ahd. mhd. ,conflict
2975,,,76954,pok,,,57744,stal,,"Wohnort, Stelle, Stall",,0,,,,"TD, AMB",AMB,07_23_2025_1516,,,1885,ahd. mhd. ,conflict
2978,,,77014,pok,,,57804,stolz,,"stattlich, hochmütig",,0,,,,"TD, AMB",AMB,07_23_2025_1516,,,1885,ahd. mhd. ,conflict
3009,,,77952,pok,,,58742,stouf,,Becher,,0,,,,"TD, AMB",AMB,07_23_2025_1516,,,1898,ahd. mhd. ,conflict
3140,,,79817,pok,,,60610,donên,,"sich ausdehnen, schwellen, strotzen",,0,,,,"TD, AMB",AMB,07_23_2025_1516,,,1983,ahd. mhd. ,conflict
3140,,,79818,pok,,,60611,don,,ausgespannt,,0,,,,"TD, AMB",AMB,07_23_2025_1516,,,1983,ahd. mhd. ,conflict
3410,,,85052,pok,,,65837,swār,,"schwer, drückend, schmerzend",,0,,,,"TD, AMB",AMB,07_23_2025_1516,,,2148,ahd. mhd. ,conflict
422,,,27628,pok,,,8402,braht ,,"Lärm, Geschrei",,0,,,,"TD, AMB",AMB,07_23_2025_1516,,,289,ahd. mhd. as.,conflict
2077,,,60310,pok,,,41100,mūs,,"Maus, Muskel",,0,,,,"TD, AMB",AMB,07_23_2025_1516,,,1340,ahd. mhd. as. mnd. aisl. ags.,conflict
121,,,21567,pok,,,2345,ant-,,"ant-, ent-",,0,,,,"TD, AMB",AMB,07_23_2025_1516,,,93,ahd. mhd. nhd.,conflict
1836,,,55846,pok,,,36636,lō,,Lohe,,0,,,,"TD, AMB",AMB,07_23_2025_1516,,,1180,ahd. mnd.,conflict
2654,,,70261,pok,,,51051,sol,,"Schlamm, Pfütze",,0,,,,"TD, AMB",AMB,07_23_2025_1516,,,1701,ahd. mnd.,conflict
2859,,,74574,pok,,,55364,spān,,Holzspan,,0,,,,"TD, AMB",AMB,07_23_2025_1516,,,1821,ahd. mnd.,conflict
3014,,,78047,pok,,,58837,stric,,Strick,,0,,,,"TD, AMB",AMB,07_23_2025_1516,,,1905,ahd. mnd.,conflict
1035,,,42276,pok,,,23050,glau,,"scharfsichtig, klug",,0,,,,"TD, AMB",AMB,07_23_2025_1516,,,636,ahd. ndd. ,conflict
96,,,21161,pok,,,1939,an,,"an, auf, in, bis, gegen",,0,,,,"TD, AMB",AMB,07_23_2025_1516,,,78,ahd. nhd.,conflict
130,,,21743,pok,,,2521,ab-,,"von, von-weg",,0,,,,"TD, AMB",AMB,07_23_2025_1516,,,101,ahd. nhd.,conflict
506,,,29178,pok,,,9952,zelt,,,,0,,,,"TD, AMB",AMB,07_23_2025_1516,,,330,ahd. nhd.,conflict
532,,,29842,pok,,,10616,zart ,,,,0,,,,"TD, AMB",AMB,07_23_2025_1516,,,343,ahd. nhd.,conflict
897,,,38226,pok,,,19000,klemmen,,,,0,,,,"TD, AMB",AMB,07_23_2025_1516,,,554,ahd. nhd.,conflict
935,,,39738,pok,,,20512,Kraft,,,,0,,,,"TD, AMB",AMB,07_23_2025_1516,,,575,ahd. nhd.,conflict
1280,,,46678,pok,,,27452,heizen,,,,0,,,,"TD, AMB",AMB,07_23_2025_1516,,,811,ahd. nhd.,conflict
2580,,,68737,pok,,,49527,seim,,Honigseim,,0,,,,"TD, AMB",AMB,07_23_2025_1516,,,1657,ahd. nhd.,conflict
539,,,30304,pok,,,11078,trog,,Trog,,0,,,,"TD, AMB",AMB,07_23_2025_1516,,,349,ahd. nhd. ,conflict
2294,,,63772,pok,,,44562,pfad ,,"Pfad, Weg",,0,,,,"TD, AMB",AMB,07_23_2025_1516,,,1482,ahd. nhd. ,conflict
2705,,,71093,pok,,,51883,halb,,,,0,,,,"TD, AMB",AMB,07_23_2025_1516,,,1721,ahd. nhd. ,conflict
2975,,,76969,pok,,,57759,stillen,,still machen,,0,,,,"TD, AMB",AMB,07_23_2025_1516,,,1885,ahd. nhd. ,conflict
3290,,,82316,pok,,,63101,wund,,Wunde,,0,,,,"TD, AMB",AMB,07_23_2025_1516,,,2070,ahd. nhd. as. ags.,conflict
2089,,,60536,pok,,,41326,nā,,nicht,,0,,,,"TD, AMB",AMB,07_23_2025_1516,,,1351,ai. (ved.),conflict
2470,,,66888,pok,,,47678,rā-,,geben,,0,,,,"TD, AMB",AMB,07_23_2025_1516,,,1594,ai. av.,conflict
3439,,,86303,pok,,,67088,vastra-,,Kleidung,,0,,,,"TD, AMB",AMB,07_23_2025_1516,,,2188,ai. av.,conflict
173,,,22670,pok,,,3448,vā - vā,,entweder - oder,,0,,,,"TD, AMB",AMB,07_23_2025_1516,,,130,ai. av. ,conflict
168,,,22607,pok,,,3385,ava,,jener,,0,,,,"TD, AMB",AMB,07_23_2025_1516,,,130,ai. av. ap.,conflict
2092,,,60561,pok,,,41351,a-,,Verneinungspartikel ,,0,,,,"TD, AMB",AMB,07_23_2025_1516,,,1351,ai. av. ap. ,conflict
2092,,,60562,pok,,,41352,an-,,Verneinungspartikel ,,0,,,,"TD, AMB",AMB,07_23_2025_1516,,,1351,ai. av. ap. ,conflict
1903,,,57211,pok,,,38001,mā,,prohibitiv: (daß) nicht,,0,,,,"TD, AMB",AMB,07_23_2025_1516,,,1229,ai. av. apers.,conflict
848,,,37533,pok,,,18307,vāghát-,,"der Gelobende, Beter, Veranstalter eines Opfers",,0,,,,"TD, AMB",AMB,07_23_2025_1516,,,534,ai. ved.,conflict
1211,,,45747,pok,,,26521,yā-van-,,"Angreifer, Verfolger",,0,,,,"TD, AMB",AMB,07_23_2025_1516,,,763,ai. ved.,conflict
1211,,,45748,pok,,,26522,yā-tár-,,Rächer,,0,,,,"TD, AMB",AMB,07_23_2025_1516,,,763,ai. ved.,conflict
1211,,,45749,pok,,,26523,r̥ṇa-yā-,,eine Schuld rachend,,0,,,,"TD, AMB",AMB,07_23_2025_1516,,,763,ai. ved.,conflict
1211,,,45750,pok,,,26524,r̥ṇa-yā-van-,,eine Schuld rachend,,0,,,,"TD, AMB",AMB,07_23_2025_1516,,,763,ai. ved.,conflict
1211,,,45751,pok,,,26525,r̥ṇa-yāt-,,eine Schuld rachend,,0,,,,"TD, AMB",AMB,07_23_2025_1516,,,763,ai. ved.,conflict
2558,,,68203,pok,,,48993,súvar,,"Sonne, Licht, Himmel",,0,,,,"TD, AMB",AMB,07_23_2025_1516,,,1651,ai. ved.,conflict
2558,,,68205,pok,,,48995,súraḥ,,"Sonne, Licht, Himmel",,0,,,,"TD, AMB",AMB,07_23_2025_1516,,,1651,ai. ved.,conflict
3344,,,83271,pok,,,64056,vēvīyatē,,fliegt,,0,,,,"TD, AMB",AMB,07_23_2025_1516,,,2107,ai. ved.,conflict
3026,,,78254,pok,,,59044,svādatē,,"ist erfreut, genießt",,0,,,,"TD, AMB",AMB,07_23_2025_1516,,,1915,ai. ved. ,conflict
2305,,,64052,pok,,,44842,ro-,,(Präverb und Intensivpräfix),,0,,,,"TD, AMB",AMB,07_23_2025_1516,,,1484,air. abret. ,conflict
1569,,,52034,pok,,,32824,coll,,Hasel,,0,,,,"TD, AMB",AMB,07_23_2025_1516,,,1009,air. acymr.,conflict
1375,,,48187,pok,,,28961,coll,,"Verderben, Schaden",,0,,,,"TD, AMB",AMB,07_23_2025_1516,,,879,air. cymr.,conflict
1336,,,47372,pok,,,28146,corn,,"Steinhügel, Steingrab",,0,,,,"TD, AMB",AMB,07_23_2025_1516,,,846,air. cymr. bret. ,conflict
1472,,,50293,pok,,,31083,carr,,"Karren, Wagen",,0,,,,"TD, AMB",AMB,07_23_2025_1516,,,943,air. mcymr. ,conflict
322,,,25499,pok,,,6277,bind ,,melodisch,,0,,,,"TD, AMB",AMB,07_23_2025_1516,,,225,air. mir.,conflict
3236,,,81465,pok,,,62250,trēicim,,"verlasse, weiche",,0,,,,"TD, AMB",AMB,07_23_2025_1516,,,2032,air. mir.,conflict
335,,,25710,pok,,,6488,breth,,"das Tragen, Gebären (Verbaln. zu biru); Geburt; Urteil",,0,,,,"TD, AMB",AMB,07_23_2025_1516,,,228,air. mir. ,conflict
335,,,25711,pok,,,6489,brith,,"das Tragen, Gebären (Verbaln. zu biru); Geburt; Urteil",,0,,,,"TD, AMB",AMB,07_23_2025_1516,,,228,air. mir. ,conflict
335,,,25712,pok,,,6490,breith ,,"das Tragen, Gebären (Verbaln. zu biru); Geburt; Urteil",,0,,,,"TD, AMB",AMB,07_23_2025_1516,,,228,air. mir. ,conflict
335,,,25713,pok,,,6491,brithe ,,"das Tragen, Gebären (Verbaln. zu biru); Geburt; Urteil",,0,,,,"TD, AMB",AMB,07_23_2025_1516,,,228,air. mir. ,conflict
969,,,40916,pok,,,21690,gabul,,"gegabelter Ast, Gabel; Gabelungspunkt der Schenkel, vulva",,0,,,,"TD, AMB",AMB,07_23_2025_1516,,,605,air. mir. ,conflict
3204,,,80769,pok,,,61554,telach,,Hügel,,0,,,,"TD, AMB",AMB,07_23_2025_1516,,,2010,air. mir. ,conflict
3204,,,80770,pok,,,61555,t(a)ulach,,Hügel,,0,,,,"TD, AMB",AMB,07_23_2025_1516,,,2010,air. mir. ,conflict
3204,,,80771,pok,,,61556,tuthle ,,Geschwulst,,0,,,,"TD, AMB",AMB,07_23_2025_1516,,,2010,air. mir. ,conflict
3466,,,85987,pok,,,66772,frēn,,Wurzel,,0,,,,"TD, AMB",AMB,07_23_2025_1516,,,2175,air. mir. ,conflict
90,,,21117,pok,,,1895,yst,,Sturm,,0,,,,"TD, AMB",AMB,07_23_2025_1516,,,77,aisl. ags.,conflict
251,,,24346,pok,,,5124,bōt,,"Besserung, Ersatz",,0,,,,"TD, AMB",AMB,07_23_2025_1516,,,181,aisl. ags.,conflict
349,,,26155,pok,,,6933,bord ,,"Brett, Tisch",,0,,,,"TD, AMB",AMB,07_23_2025_1516,,,235,aisl. ags.,conflict
363,,,26529,pok,,,7307,brođ,,Brühe,,0,,,,"TD, AMB",AMB,07_23_2025_1516,,,243,aisl. ags.,conflict
728,,,34846,pok,,,15620,ār,,Ruderstange,,0,,,,"TD, AMB",AMB,07_23_2025_1516,,,451,aisl. ags.,conflict
2596,,,69163,pok,,,49953,segl,,Segel,,0,,,,"TD, AMB",AMB,07_23_2025_1516,,,1666,aisl. ags.,conflict
2658,,,70293,pok,,,51083,sufl,,Zukost,,0,,,,"TD, AMB",AMB,07_23_2025_1516,,,1701,aisl. ags.,conflict
2998,,,77753,pok,,,58543,þorn,,Dorn,,0,,,,"TD, AMB",AMB,07_23_2025_1516,,,1895,aisl. ags.,conflict
3009,,,77939,pok,,,58729,stofn,,"Baumstumpf, Grundlage",,0,,,,"TD, AMB",AMB,07_23_2025_1516,,,1898,aisl. ags.,conflict
3074,,,78941,pok,,,59731,sorg,,Sorge,,0,,,,"TD, AMB",AMB,07_23_2025_1516,,,1946,aisl. ags.,conflict
1003,,,41476,pok,,,22250,gin ,,Schlund,,0,,,,"TD, AMB",AMB,07_23_2025_1516,,,624,aisl. ags. ,conflict
1376,,,48198,pok,,,28972,holt,,"Holz, Wald",,0,,,,"TD, AMB",AMB,07_23_2025_1516,,,879,aisl. ags. ,conflict
1788,,,55179,pok,,,35969,līf ,,Leben,,0,,,,"TD, AMB",AMB,07_23_2025_1516,,,1149,aisl. ags. ,conflict
2577,,,68482,pok,,,49272,sess ,,Sitz,,0,,,,"TD, AMB",AMB,07_23_2025_1516,,,1653,aisl. ags. ,conflict
847,,,68568,pok,,,49358,sōt,,Ruß,,0,,,,"TD, AMB",AMB,07_23_2025_1516,,,1653,aisl. ags. ,conflict
2895,,,75310,pok,,,56100,spor,,Fußspur,,0,,,,"TD, AMB",AMB,07_23_2025_1516,,,1842,aisl. ags. ahd. ,conflict
2282,,,63422,pok,,,44212,full,,Becher,,0,,,,"TD, AMB",AMB,07_23_2025_1516,,,1471,aisl. ags. as. ,conflict
1504,,,51033,pok,,,31823,skūr,,Ungewitter,,0,,,,"TD, AMB",AMB,07_23_2025_1516,,,957,aisl. ahd.,conflict
2020,,,59293,pok,,,40083,mara,,"übernatürliches weibliches Wesen, das sich in der Nacht den Schlafenden auf die Brust setzt",,0,,,,"TD, AMB",AMB,07_23_2025_1516,,,1295,aisl. ahd.,conflict
2604,,,69303,pok,,,50093,saga,,"Aussage, Erzählung",,0,,,,"TD, AMB",AMB,07_23_2025_1516,,,1669,aisl. ahd.,conflict
1182,,,45383,pok,,,26157,gaman,,"Freude, Lustigkeit, Wollust",,0,,,,"TD, AMB",AMB,07_23_2025_1516,,,749,aisl. ahd. ,conflict
2758,,,72913,pok,,,53703,hosa,,Hose,,0,,,,"TD, AMB",AMB,07_23_2025_1516,,,1747,aisl. ahd. ,conflict
2149,,,61394,pok,,,42184,nū̆,,"jetzt, nun",,0,,,,"TD, AMB",AMB,07_23_2025_1516,,,1393,aisl. ahd. ags. ,conflict
322,,,25509,pok,,,6287,bant,,Band,,0,,,,"TD, AMB",AMB,07_23_2025_1516,,,226,aisl. as.,conflict
1086,,,43433,pok,,,24207,gras,,"Gras, Kraut",,0,,,,"TD, AMB",AMB,07_23_2025_1516,,,687,aisl. as.,conflict
1472,,,50299,pok,,,31089,hross,,"Pferd, Roß",,0,,,,"TD, AMB",AMB,07_23_2025_1516,,,943,aisl. as. ,conflict
1402,,,71386,pok,,,52176,skapa,,"anfertigen, einrichten",,0,,,,"TD, AMB",AMB,07_23_2025_1516,,,1733,aisl. aschw. ,conflict
384,,,27051,pok,,,7825,blaka,,"vor und zurück schlagen, fächeln, flattern",,0,,,,"TD, AMB",AMB,07_23_2025_1516,,,256,aisl. nnorw. dial.,conflict
384,,,27052,pok,,,7826,blakra,,Schlag,,0,,,,"TD, AMB",AMB,07_23_2025_1516,,,256,aisl. nnorw. dial.,conflict
1003,,,41492,pok,,,22266,gil,,Felsspalt,,0,,,,"TD, AMB",AMB,07_23_2025_1516,,,624,aisl. norw. ,conflict
1003,,,41506,pok,,,22280,geiga ,,seitwärts abschwenken,,0,,,,"TD, AMB",AMB,07_23_2025_1516,,,624,aisl. norw. dial.,conflict
1035,,,42482,pok,,,23256,gnit,,"Niß, Lausei",,0,,,,"TD, AMB",AMB,07_23_2025_1516,,,647,aisl. norw. dial.,conflict
2917,,,75720,pok,,,56510,spotta,,spotten,,0,,,,"TD, AMB",AMB,07_23_2025_1516,,,1851,aisl. schw. ,conflict
2368,,,65312,pok,,,46102,flett,,Fußboden im Haus,,0,,,,"TD, AMB",AMB,07_23_2025_1516,,,1526,aisl.-ags. ,conflict
1136,,,44364,pok,,,25138,žalь ,,Schmerz,,0,,,,"TD, AMB",AMB,07_23_2025_1516,,,711,aksl.  aruss.,conflict
168,,,22608,pok,,,3386,ovъ- — ovъ-,,der einerseits — der andrerseits; der eine — der andere,,0,,,,"TD, AMB",AMB,07_23_2025_1516,,,130,aksl. aruss.,conflict
168,,,22609,pok,,,3387,ovogda — ovogda,,das eine Mal — das andere Mal,,0,,,,"TD, AMB",AMB,07_23_2025_1516,,,130,aksl. aruss.,conflict
2998,,,77690,pok,,,58480,strojь ,,Ordnung,,0,,,,"TD, AMB",AMB,07_23_2025_1516,,,1893,aksl. aruss. ,conflict
2998,,,77691,pok,,,58481,strojiti ,,parāre,,0,,,,"TD, AMB",AMB,07_23_2025_1516,,,1893,aksl. aruss. ,conflict
134,,,21828,pok,,,2606,pa-,,,,0,,,,"TD, AMB",AMB,07_23_2025_1516,,,101,aksl. lit.,conflict
3456,,,85775,pok,,,66560,rana,,Wunde,,0,,,,"TD, AMB",AMB,07_23_2025_1516,,,2168,aksl. russ.,conflict
901,,,38296,pok,,,19070,glu-ri,,Knie,,0,,,,"TD, AMB",AMB,07_23_2025_1516,,,554,alb. (geg.),conflict
901,,,38297,pok,,,19071,gju-ri ,,Knie,,0,,,,"TD, AMB",AMB,07_23_2025_1516,,,554,alb. (tosk.),conflict
1136,,,44368,pok,,,25142,glimp ,,Dorn,,0,,,,"TD, AMB",AMB,07_23_2025_1516,,,711,alb. gr.,conflict
1383,,,48260,pok,,,29034,qel,,"bringe, trage",,0,,,,"TD, AMB",AMB,07_23_2025_1516,,,881,alb. sizil.,conflict
822,,,37106,pok,,,17880,esvà,,sein,,0,,,,"TD, AMB",AMB,07_23_2025_1516,,,516,alit. lit. dial.,conflict
822,,,37107,pok,,,17881,estaũ ,,sein,,0,,,,"TD, AMB",AMB,07_23_2025_1516,,,516,alit. lit. dial.,conflict
822,,,37108,pok,,,17882,està,,sein,,0,,,,"TD, AMB",AMB,07_23_2025_1516,,,516,alit. lit. dial.,conflict
560,,,30664,pok,,,11438,tunga,,Zunge,,0,,,,"TD, AMB",AMB,07_23_2025_1516,,,360,an. as. ,conflict
570,,,30915,pok,,,11689,tor-,,un-,,0,,,,"TD, AMB",AMB,07_23_2025_1516,,,366,anord. ags.,conflict
1866,,,56488,pok,,,37278,līn,,Flachs,,0,,,,"TD, AMB",AMB,07_23_2025_1516,,,1196,anord. ags. ahd.,conflict
121,,,21566,pok,,,2344,and-,,"ant-, ent-",,0,,,,"TD, AMB",AMB,07_23_2025_1516,,,93,anord. as. ags.,conflict
861,,,37696,pok,,,18470,kanna,,Kanne,,0,,,,"TD, AMB",AMB,07_23_2025_1516,,,540,anord. aschwed. and. ,conflict
165,,,22571,pok,,,3349,au-,,"weg, ab",,0,,,,"TD, AMB",AMB,07_23_2025_1516,,,129,apr. lit. lett.,conflict
1680,,,53076,pok,,,33866,ἐποίϝησε ,,mache; dichte,,0,,,,"TD, AMB",AMB,07_23_2025_1516,,,1085,arg.-böot.,conflict
539,,,30181,pok,,,10955,Δωρι-κλῆς,,,,0,,,,"TD, AMB",AMB,07_23_2025_1516,,,349,ark. dor.,conflict
1133,,,44348,pok,,,25122,ὀδελός,,"Spitze, Bratspieß, Münze",,0,,,,"TD, AMB",AMB,07_23_2025_1516,,,711,ark. dor. ,conflict
539,,,30100,pok,,,10874,δραχμά,,Drachme,,0,,,,"TD, AMB",AMB,07_23_2025_1516,,,347,ark. el.,conflict
134,,,21833,pok,,,2611,ἀπύ,,,,0,,,,"TD, AMB",AMB,07_23_2025_1516,,,101,ark. kypr. lesb. thess.,conflict
2665,,,70419,pok,,,51209,šúrin,,Bruder der Frau,,0,,,,"TD, AMB",AMB,07_23_2025_1516,,,1708,aruss. russ. ,conflict
2391,,,65732,pok,,,46522,palъcъ ,,Daumen,,0,,,,"TD, AMB",AMB,07_23_2025_1516,,,1541,aruss.-ksl.,conflict
2106,,,60733,pok,,,41523,nīth,,"Eifer, Haß, Neid",,0,,,,"TD, AMB",AMB,07_23_2025_1516,,,1361,as. afries.,conflict
584,,,31220,pok,,,11994,te-,,zer-,,0,,,,"TD, AMB",AMB,07_23_2025_1516,,,368,as. afries. ,conflict
584,,,31221,pok,,,11995,ti-,,zer-,,0,,,,"TD, AMB",AMB,07_23_2025_1516,,,368,as. afries. ,conflict
2304,,,64002,pok,,,44792,forth,,"fort, vorwärts",,0,,,,"TD, AMB",AMB,07_23_2025_1516,,,1484,as. afries. ,conflict
2304,,,64003,pok,,,44793,ford,,"fort, vorwärts",,0,,,,"TD, AMB",AMB,07_23_2025_1516,,,1484,as. afries. ,conflict
2978,,,77063,pok,,,57853,stum(m),,stumm,,0,,,,"TD, AMB",AMB,07_23_2025_1516,,,1886,as. afries. ahd. ,conflict
76,,,20938,pok,,,1716,be-,,bei,,0,,,,"TD, AMB",AMB,07_23_2025_1516,,,68,as. ags.,conflict
115,,,21488,pok,,,2266,unnan,,"gönnen, einräumen, wünschen",,0,,,,"TD, AMB",AMB,07_23_2025_1516,,,90,as. ags.,conflict
321,,,25458,pok,,,6236,belgan,,zornig sein,,0,,,,"TD, AMB",AMB,07_23_2025_1516,,,223,as. ags.,conflict
349,,,26150,pok,,,6928,bred,,Brett,,0,,,,"TD, AMB",AMB,07_23_2025_1516,,,235,as. ags.,conflict
387,,,27212,pok,,,7986,blind,,blind,,0,,,,"TD, AMB",AMB,07_23_2025_1516,,,265,as. ags.,conflict
390,,,27217,pok,,,7991,blandan,,"mischen, trüben",,0,,,,"TD, AMB",AMB,07_23_2025_1516,,,265,as. ags.,conflict
1330,,,47295,pok,,,28069,hrōpan,,"rufen, schreien",,0,,,,"TD, AMB",AMB,07_23_2025_1516,,,845,as. ags.,conflict
1397,,,48635,pok,,,29409,helpan,,helfen,,0,,,,"TD, AMB",AMB,07_23_2025_1516,,,890,as. ags.,conflict
2135,,,61148,pok,,,41938,nerian,,"retten, schützen",,0,,,,"TD, AMB",AMB,07_23_2025_1516,,,1376,as. ags.,conflict
2291,,,63693,pok,,,44483,fīf,,fünf,,0,,,,"TD, AMB",AMB,07_23_2025_1516,,,1481,as. ags.,conflict
2296,,,63789,pok,,,44579,fūs,,"schnell, eifrig, willig",,0,,,,"TD, AMB",AMB,07_23_2025_1516,,,1482,as. ags.,conflict
2304,,,63996,pok,,,44786,for,,"vor, für",,0,,,,"TD, AMB",AMB,07_23_2025_1516,,,1484,as. ags.,conflict
2408,,,66013,pok,,,46803,frōd,,"klug, verständig",,0,,,,"TD, AMB",AMB,07_23_2025_1516,,,1552,as. ags.,conflict
2864,,,74687,pok,,,55477,spanan,,"locken, veranlassen, antreiben",,0,,,,"TD, AMB",AMB,07_23_2025_1516,,,1824,as. ags.,conflict
3273,,,82080,pok,,,62865,ūt,,"hinaus, heraus",,0,,,,"TD, AMB",AMB,07_23_2025_1516,,,2064,as. ags.,conflict
3284,,,82234,pok,,,63019,up,,"auf, aufwärts",,0,,,,"TD, AMB",AMB,07_23_2025_1516,,,2068,as. ags.,conflict
3302,,,82612,pok,,,63397,Wōden,,GN,,0,,,,"TD, AMB",AMB,07_23_2025_1516,,,2086,as. ags.,conflict
3395,,,84638,pok,,,65423,wōl,,"Seuche, Pest",,0,,,,"TD, AMB",AMB,07_23_2025_1516,,,2133,as. ags.,conflict
286,,,24856,pok,,,5634,bītan,,beißen,,0,,,,"TD, AMB",AMB,07_23_2025_1516,,,208,as. ags. ,conflict
468,,,28141,pok,,,8915,tīd,,"Zeit, Stunde",,0,,,,"TD, AMB",AMB,07_23_2025_1516,,,313,as. ags. ,conflict
571,,,30978,pok,,,11752,git,,ihr zwei,,0,,,,"TD, AMB",AMB,07_23_2025_1516,,,368,as. ags. ,conflict
587,,,31429,pok,,,12203,dōn,,tun,,0,,,,"TD, AMB",AMB,07_23_2025_1516,,,375,as. ags. ,conflict
668,,,33067,pok,,,13841,dol,,"albern, töricht",,0,,,,"TD, AMB",AMB,07_23_2025_1516,,,412,as. ags. ,conflict
673,,,33436,pok,,,14210,derian,,"verletzen, kränken",,0,,,,"TD, AMB",AMB,07_23_2025_1516,,,419,as. ags. ,conflict
712,,,34249,pok,,,15023,etan,,essen,,0,,,,"TD, AMB",AMB,07_23_2025_1516,,,440,as. ags. ,conflict
840,,,37475,pok,,,18249,ūder,,Euter,,0,,,,"TD, AMB",AMB,07_23_2025_1516,,,531,as. ags. ,conflict
1376,,,48191,pok,,,28965,hild,,"Kampf, Krieg",,0,,,,"TD, AMB",AMB,07_23_2025_1516,,,879,as. ags. ,conflict
1549,,,51640,pok,,,32430,hnīgan,,"sich neigen, sinken",,0,,,,"TD, AMB",AMB,07_23_2025_1516,,,983,as. ags. ,conflict
1577,,,52110,pok,,,32900,hrōst,,Sparrenwerk des Daches,,0,,,,"TD, AMB",AMB,07_23_2025_1516,,,1019,as. ags. ,conflict
1945,,,58015,pok,,,38805,mis-,,"verkehrt, miß-",,0,,,,"TD, AMB",AMB,07_23_2025_1516,,,1254,as. ags. ,conflict
2451,,,66655,pok,,,47445,rinc,,Mann,,0,,,,"TD, AMB",AMB,07_23_2025_1516,,,1588,as. ags. ,conflict
3347,,,83422,pok,,,64207,wītan,,"vorwerfen, tadeln",,0,,,,"TD, AMB",AMB,07_23_2025_1516,,,2110,as. ags. ,conflict
3347,,,83443,pok,,,64228,wiss,,gewiß,,0,,,,"TD, AMB",AMB,07_23_2025_1516,,,2110,as. ags. ,conflict
3358,,,83821,pok,,,64606,wīf,,"Weib, Gattin",,0,,,,"TD, AMB",AMB,07_23_2025_1516,,,2117,as. ags. ,conflict
3439,,,86292,pok,,,67077,Ord-ulf ,,PN,,0,,,,"TD, AMB",AMB,07_23_2025_1516,,,2187,as. ags. ,conflict
76,,,20939,pok,,,1717,bī-,,bei,,0,,,,"TD, AMB",AMB,07_23_2025_1516,,,68,as. ags. ahd.,conflict
2619,,,69631,pok,,,50421,sum,,"quidam, nonnullus",,0,,,,"TD, AMB",AMB,07_23_2025_1516,,,1681,as. ags. ahd.,conflict
60,,,20392,pok,,,1170,aha,,"Fluß, Gewässer",,0,,,,"TD, AMB",AMB,07_23_2025_1516,,,51,as. ahd.,conflict
707,,,33967,pok,,,14741,iro,,,,0,,,,"TD, AMB",AMB,07_23_2025_1516,,,438,as. ahd.,conflict
1786,,,55104,pok,,,35894,farliwan,,verliehen,,0,,,,"TD, AMB",AMB,07_23_2025_1516,,,1148,as. ahd.,conflict
1790,,,56194,pok,,,36984,liogan,,lügen,,0,,,,"TD, AMB",AMB,07_23_2025_1516,,,1191,as. ahd.,conflict
1923,,,57546,pok,,,38336,māg,,Verwandter,,0,,,,"TD, AMB",AMB,07_23_2025_1516,,,1238,as. ahd.,conflict
1937,,,57880,pok,,,38670,mist,,Mist,,0,,,,"TD, AMB",AMB,07_23_2025_1516,,,1248,as. ahd.,conflict
2005,,,59016,pok,,,39806,māno,,Mond,,0,,,,"TD, AMB",AMB,07_23_2025_1516,,,1288,as. ahd.,conflict
2049,,,59910,pok,,,40700,mahal,,"Gerichtsstätte, Gericht, Vertrag",,0,,,,"TD, AMB",AMB,07_23_2025_1516,,,1319,as. ahd.,conflict
2149,,,61407,pok,,,42197,noh ,,"noch, auch jetzt",,0,,,,"TD, AMB",AMB,07_23_2025_1516,,,1393,as. ahd.,conflict
2216,,,62267,pok,,,43057,ōra,,Ohr,,0,,,,"TD, AMB",AMB,07_23_2025_1516,,,1437,as. ahd.,conflict
2257,,,62910,pok,,,43700,fehōn,,verzehren,,0,,,,"TD, AMB",AMB,07_23_2025_1516,,,1463,as. ahd.,conflict
2511,,,67411,pok,,,48201,riomo,,"Riemen, ledernes Band, Gürtel (*abgerissener Hautstreifen)",,0,,,,"TD, AMB",AMB,07_23_2025_1516,,,1622,as. ahd.,conflict
2604,,,69318,pok,,,50108,sehan,,sehen,,0,,,,"TD, AMB",AMB,07_23_2025_1516,,,1669,as. ahd.,conflict
2615,,,69569,pok,,,50359,sin-hīun,,"conjuges, Ehegatten",,0,,,,"TD, AMB",AMB,07_23_2025_1516,,,1681,as. ahd.,conflict
2770,,,73212,pok,,,54002,hwal,,Walfisch,,0,,,,"TD, AMB",AMB,07_23_2025_1516,,,1762,as. ahd.,conflict
2774,,,73259,pok,,,54049,slahan,,schlagen,,0,,,,"TD, AMB",AMB,07_23_2025_1516,,,1766,as. ahd.,conflict
2895,,,75299,pok,,,56089,spurnan,,"treten, mit dem Fuße stoßen",,0,,,,"TD, AMB",AMB,07_23_2025_1516,,,1842,as. ahd.,conflict
3105,,,79293,pok,,,60083,thegan,,"Edelmann, Krieger, Held, Diener",,0,,,,"TD, AMB",AMB,07_23_2025_1516,,,1967,as. ahd.,conflict
3459,,,85828,pok,,,66613,wara,,"Aufmerksamkeit, Obhut",,0,,,,"TD, AMB",AMB,07_23_2025_1516,,,2169,as. ahd.,conflict
3464,,,85907,pok,,,66692,wār,,wahr,,0,,,,"TD, AMB",AMB,07_23_2025_1516,,,2172,as. ahd.,conflict
287,,,24872,pok,,,5650,bittar,,"beißend, scharf, bitter",,0,,,,"TD, AMB",AMB,07_23_2025_1516,,,208,as. ahd. ,conflict
566,,,30880,pok,,,11654,trāgī,,"Trägheit, Verdruß",,0,,,,"TD, AMB",AMB,07_23_2025_1516,,,364,as. ahd. ,conflict
725,,,34776,pok,,,15550,jār,,Jahr,,0,,,,"TD, AMB",AMB,07_23_2025_1516,,,451,as. ahd. ,conflict
831,,,37208,pok,,,17982,sunnea ,,"Hinderung, Not",,0,,,,"TD, AMB",AMB,07_23_2025_1516,,,516,as. ahd. ,conflict
371,,,39751,pok,,,20525,kresso,,Gründling,,0,,,,"TD, AMB",AMB,07_23_2025_1516,,,575,as. ahd. ,conflict
978,,,41017,pok,,,21791,galgo,,"Galgen, Kreuz",,0,,,,"TD, AMB",AMB,07_23_2025_1516,,,612,as. ahd. ,conflict
1023,,,42006,pok,,,22780,gelo,,gelb,,0,,,,"TD, AMB",AMB,07_23_2025_1516,,,636,as. ahd. ,conflict
1035,,,42550,pok,,,23324,biginnan,,"in-cipere, beginnen",,0,,,,"TD, AMB",AMB,07_23_2025_1516,,,648,as. ahd. ,conflict
1491,,,50590,pok,,,31380,hōh,,hoch,,0,,,,"TD, AMB",AMB,07_23_2025_1516,,,949,as. ahd. ,conflict
1829,,,55730,pok,,,36520,lesan,,"auf-, auslesen",,0,,,,"TD, AMB",AMB,07_23_2025_1516,,,1174,as. ahd. ,conflict
1950,,,58123,pok,,,38913,melm ,,"Staub, Sand",,0,,,,"TD, AMB",AMB,07_23_2025_1516,,,1256,as. ahd. ,conflict
2011,,,59138,pok,,,39928,morgan ,,Morgen,,0,,,,"TD, AMB",AMB,07_23_2025_1516,,,1292,as. ahd. ,conflict
2089,,,60530,pok,,,41320,nio,,nie,,0,,,,"TD, AMB",AMB,07_23_2025_1516,,,1351,as. ahd. ,conflict
2304,,,63953,pok,,,44743,furisto,,Fürst,,0,,,,"TD, AMB",AMB,07_23_2025_1516,,,1484,as. ahd. ,conflict
2311,,,64283,pok,,,45073,farn,,Farnkraut (*Federkraut),,0,,,,"TD, AMB",AMB,07_23_2025_1516,,,1485,as. ahd. ,conflict
2440,,,66588,pok,,,47378,reht,,"recht, gerade",,0,,,,"TD, AMB",AMB,07_23_2025_1516,,,1588,as. ahd. ,conflict
2539,,,67976,pok,,,48766,sēo,,See,,0,,,,"TD, AMB",AMB,07_23_2025_1516,,,1640,as. ahd. ,conflict
2639,,,69836,pok,,,50626,sinkan,,sinken,,0,,,,"TD, AMB",AMB,07_23_2025_1516,,,1686,as. ahd. ,conflict
2639,,,69837,pok,,,50627,sinken,,sinken,,0,,,,"TD, AMB",AMB,07_23_2025_1516,,,1686,as. ahd. ,conflict
2862,,,74651,pok,,,55441,spinela,,"Haarnadel, Schnalle",,0,,,,"TD, AMB",AMB,07_23_2025_1516,,,1823,as. ahd. ,conflict
2862,,,74652,pok,,,55442,spenula ,,"Haarnadel, Schnalle",,0,,,,"TD, AMB",AMB,07_23_2025_1516,,,1823,as. ahd. ,conflict
2877,,,74851,pok,,,55641,spāhi,,"klug, geschickt",,0,,,,"TD, AMB",AMB,07_23_2025_1516,,,1826,as. ahd. ,conflict
2930,,,75986,pok,,,56776,stān,,stehen,,0,,,,"TD, AMB",AMB,07_23_2025_1516,,,1868,as. ahd. ,conflict
2930,,,75987,pok,,,56777,stēn ,,stehen,,0,,,,"TD, AMB",AMB,07_23_2025_1516,,,1868,as. ahd. ,conflict
2975,,,76964,pok,,,57754,stilli,,"still, ruhig",,0,,,,"TD, AMB",AMB,07_23_2025_1516,,,1885,as. ahd. ,conflict
3006,,,77868,pok,,,58658,stincan,,"stinken, riechen",,0,,,,"TD, AMB",AMB,07_23_2025_1516,,,1898,as. ahd. ,conflict
3347,,,83392,pok,,,64177,wīsōn ,,besuchen,,0,,,,"TD, AMB",AMB,07_23_2025_1516,,,2110,as. ahd. ,conflict
3382,,,84347,pok,,,65132,wildi,,"wild, unbebaut",,0,,,,"TD, AMB",AMB,07_23_2025_1516,,,2129,as. ahd. ,conflict
3397,,,84793,pok,,,65578,wini,,Freund,,0,,,,"TD, AMB",AMB,07_23_2025_1516,,,2137,as. ahd. ,conflict
3410,,,85129,pok,,,65914,wurm,,"Schlange, Wurm",,0,,,,"TD, AMB",AMB,07_23_2025_1516,,,2151,as. ahd. ,conflict
3426,,,85244,pok,,,66029,war(a)g,,"Räuber, Verbrecher",,0,,,,"TD, AMB",AMB,07_23_2025_1516,,,2155,as. ahd. ,conflict
3459,,,85829,pok,,,66614,wara nëman,,wahrnehmen,,0,,,,"TD, AMB",AMB,07_23_2025_1516,,,2169,as. ahd. ,conflict
30,,,19993,pok,,,771,ērīn,,ehern,,0,,,,"TD, AMB",AMB,07_23_2025_1516,,,39,as. ahd. mhd.,conflict
1664,,,52890,pok,,,33680,horst,,"Gebüsch, Gehölz",,0,,,,"TD, AMB",AMB,07_23_2025_1516,,,1077,as. ahd. mnd. ,conflict
1664,,,52891,pok,,,33681,hurst,,"Gebüsch, Gehölz",,0,,,,"TD, AMB",AMB,07_23_2025_1516,,,1077,as. ahd. mnd. ,conflict
2569,,,68415,pok,,,49205,sō,,,,0,,,,"TD, AMB",AMB,07_23_2025_1516,,,1652,as. ahd. nnd. ,conflict
3475,,,86101,pok,,,66886,werk,,"Werk, Tätigkeit, Arbeit",,0,,,,"TD, AMB",AMB,07_23_2025_1516,,,2178,as. aisl.,conflict
1965,,,58250,pok,,,39040,malt ,,Malz,,0,,,,"TD, AMB",AMB,07_23_2025_1516,,,1256,as. aisl. ,conflict
709,,,34043,pok,,,14817,ef,,ob; wenn,,0,,,,"TD, AMB",AMB,07_23_2025_1516,,,438,as. anord.,conflict
3079,,,78976,pok,,,59766,swiri,,Sohn der Mutterschwester,,0,,,,"TD, AMB",AMB,07_23_2025_1516,,,1947,as. aschwed. ,conflict
125,,,21591,pok,,,2369,unto,,"zu, bis",,0,,,,"TD, AMB",AMB,07_23_2025_1516,,,93,as. engl.,conflict
1953,,,58135,pok,,,38925,mol ,,Eidechse,,0,,,,"TD, AMB",AMB,07_23_2025_1516,,,1256,as. mnd.,conflict
2778,,,73318,pok,,,54108,slac,,"schlaff, schwach",,0,,,,"TD, AMB",AMB,07_23_2025_1516,,,1768,as. mnd. ,conflict
468,,,28167,pok,,,8941,tapa ,,"ein Ende machen, verlieren",,0,,,,"TD, AMB",AMB,07_23_2025_1516,,,313,aschw. aisl.,conflict
1050,,,42796,pok,,,23570,gry,,(vom Tage) grauen,,0,,,,"TD, AMB",AMB,07_23_2025_1516,,,656,aschwed. dän.,conflict
2083,,,60401,pok,,,41191,nōs,,Schnauze,,0,,,,"TD, AMB",AMB,07_23_2025_1516,,,1348,aschwed. norw.,conflict
2282,,,63520,pok,,,44310,fala,,"Ebene, Heide",,0,,,,"TD, AMB",AMB,07_23_2025_1516,,,1475,aschwed. nschwed.,conflict
2740,,,72491,pok,,,53281,hrita,,"ritzen, einritzen",,0,,,,"TD, AMB",AMB,07_23_2025_1516,,,1737,aschwed. run. ,conflict
1361,,,47874,pok,,,28648,hēr ,,"würdig, erhaben",,0,,,,"TD, AMB",AMB,07_23_2025_1516,,,865,asächs. ahd.,conflict
1164,,,45046,pok,,,25820,kō,,Kuh,,0,,,,"TD, AMB",AMB,07_23_2025_1516,,,733,asächs. aschwed.,conflict
1454,,,49828,pok,,,30602,κάρᾱνον,,"Köpfe, Bergesgipfel",,0,,,,"TD, AMB",AMB,07_23_2025_1516,,,925,att. dor. ,conflict
816,,,37059,pok,,,17833,εἰς,,sein,,0,,,,"TD, AMB",AMB,07_23_2025_1516,,,516,att. hom. ,conflict
816,,,37060,pok,,,17834,ἐσσι,,sein,,0,,,,"TD, AMB",AMB,07_23_2025_1516,,,516,att. hom. ,conflict
2187,,,61853,pok,,,42643,ὀνείρατος ,,Traum,,0,,,,"TD, AMB",AMB,07_23_2025_1516,,,1417,att. ion.,conflict
773,,,35984,pok,,,16758,ἔνατος ,,neunte,,0,,,,"TD, AMB",AMB,07_23_2025_1516,,,483,att. äol. ,conflict
128,,,21727,pok,,,2505,apa,,von-weg,,0,,,,"TD, AMB",AMB,07_23_2025_1516,,,101,av. ap.,conflict
132,,,21774,pok,,,2552,apara,,"hinterer, späterer, folgender",,0,,,,"TD, AMB",AMB,07_23_2025_1516,,,101,av. ap.,conflict
163,,,22551,pok,,,3329,ava,,herab,,0,,,,"TD, AMB",AMB,07_23_2025_1516,,,129,av. ap.,conflict
163,,,22552,pok,,,3330,ava,,"worauf zu, heran",,0,,,,"TD, AMB",AMB,07_23_2025_1516,,,129,av. ap.,conflict
163,,,22553,pok,,,3331,ava,,"hin-zu, hin-an",,0,,,,"TD, AMB",AMB,07_23_2025_1516,,,129,av. ap.,conflict
173,,,22669,pok,,,3447,vā,,oder,,0,,,,"TD, AMB",AMB,07_23_2025_1516,,,130,av. ap.,conflict
322,,,25505,pok,,,6283,basta-,,das Binden,,0,,,,"TD, AMB",AMB,07_23_2025_1516,,,226,av. ap.,conflict
367,,,26642,pok,,,7416,būmī-,,Erde,,0,,,,"TD, AMB",AMB,07_23_2025_1516,,,248,av. ap.,conflict
1626,,,52517,pok,,,33307,kšaθra-,,"Herrschaft, Reich; Herrschergewalt",,0,,,,"TD, AMB",AMB,07_23_2025_1516,,,1054,av. ap.,conflict
1905,,,57245,pok,,,38035,mā-,,messen,,0,,,,"TD, AMB",AMB,07_23_2025_1516,,,1231,av. ap.,conflict
1990,,,58836,pok,,,39626,man-,,"bleiben, warten",,0,,,,"TD, AMB",AMB,07_23_2025_1516,,,1280,av. ap.,conflict
2089,,,60491,pok,,,41281,na-,,nicht,,0,,,,"TD, AMB",AMB,07_23_2025_1516,,,1351,av. ap.,conflict
2119,,,60985,pok,,,41775,napāt-,,"Enkel, Nachkomme",,0,,,,"TD, AMB",AMB,07_23_2025_1516,,,1372,av. ap.,conflict
2596,,,69217,pok,,,50007,hačā,,"fort von, von - aus",,0,,,,"TD, AMB",AMB,07_23_2025_1516,,,1668,av. ap.,conflict
2617,,,69618,pok,,,50408,hama-,,"jeder beliebige, omnis",,0,,,,"TD, AMB",AMB,07_23_2025_1516,,,1681,av. ap.,conflict
3374,,,84170,pok,,,64955,var-,,"wählen, wollen",,0,,,,"TD, AMB",AMB,07_23_2025_1516,,,2127,av. ap.,conflict
3374,,,84171,pok,,,64956,vərən[a]-,,"wählen, wollen",,0,,,,"TD, AMB",AMB,07_23_2025_1516,,,2127,av. ap.,conflict
3374,,,84172,pok,,,64957,vərənav-,,"wählen, wollen",,0,,,,"TD, AMB",AMB,07_23_2025_1516,,,2127,av. ap.,conflict
3374,,,84173,pok,,,64958,varəta-,,"der beste, köstlich, wert",,0,,,,"TD, AMB",AMB,07_23_2025_1516,,,2127,av. ap.,conflict
3374,,,84174,pok,,,64959,vairya-,,"der beste, köstlich, wert",,0,,,,"TD, AMB",AMB,07_23_2025_1516,,,2127,av. ap.,conflict
2299,,,63881,pok,,,44671,para- ,,"ulterior, der andere, spätere, künftige",,0,,,,"TD, AMB",AMB,07_23_2025_1516,,,1484,av. ap. ,conflict
2299,,,63882,pok,,,44672,para-tara-,,Feind,,0,,,,"TD, AMB",AMB,07_23_2025_1516,,,1484,av. ap. ,conflict
2569,,,68433,pok,,,49223,had- ,,sich setzen,,0,,,,"TD, AMB",AMB,07_23_2025_1516,,,1653,av. ap. ,conflict
2620,,,69651,pok,,,50441,ha(m)-,,mit,,0,,,,"TD, AMB",AMB,07_23_2025_1516,,,1681,av. ap. ,conflict
2620,,,69669,pok,,,50459,hama-,,"gleich, derselbe",,0,,,,"TD, AMB",AMB,07_23_2025_1516,,,1681,av. ap. ,conflict
2928,,,75961,pok,,,56751,stāya- ,,stellen; (Med.) sich stellen,,0,,,,"TD, AMB",AMB,07_23_2025_1516,,,1868,av. ap. ,conflict
2945,,,76197,pok,,,56987,stāna-,,"Standort, Ort, Platz",,0,,,,"TD, AMB",AMB,07_23_2025_1516,,,1868,av. ap. ,conflict
483,,,28515,pok,,,9289,dim,,"ihn, sie",,0,,,,"TD, AMB",AMB,07_23_2025_1516,,,318,av. apers,conflict
1258,,,46451,pok,,,27225,kāma.,,"Verlangen, Wunsch",,0,,,,"TD, AMB",AMB,07_23_2025_1516,,,799,av. apers,conflict
411,,,27498,pok,,,8272,brātar-,,Bruder,,0,,,,"TD, AMB",AMB,07_23_2025_1516,,,287,av. apers.,conflict
689,,,33783,pok,,,14557,ā,,"an, hinzu",,0,,,,"TD, AMB",AMB,07_23_2025_1516,,,436,av. apers.,conflict
1687,,,53129,pok,,,33919,čašman-,,Auge,,0,,,,"TD, AMB",AMB,07_23_2025_1516,,,1087,av. apers.,conflict
587,,,31364,pok,,,12138,dāta-,,,,0,,,,"TD, AMB",AMB,07_23_2025_1516,,,375,av. apers. ,conflict
804,,,36842,pok,,,17616,aršan,,"Mann, Männchen",,0,,,,"TD, AMB",AMB,07_23_2025_1516,,,507,av. apers. ,conflict
1916,,,57381,pok,,,38171,azdā,,"sicher, fürwah",,0,,,,"TD, AMB",AMB,07_23_2025_1516,,,1234,av. apers. ,conflict
2577,,,68494,pok,,,49284,hadiš-,,"Wohnsitz, Palast",,0,,,,"TD, AMB",AMB,07_23_2025_1516,,,1653,av. apers. ,conflict
3270,,,82037,pok,,,62822,auf,,Uhu,,0,,,,"TD, AMB",AMB,07_23_2025_1516,,,2061,bair.-österr. ,conflict
1046,,,42679,pok,,,23453,grána ,,Zweig,,0,,,,"TD, AMB",AMB,07_23_2025_1516,,,653,bg. skr. ,conflict
1662,,,52872,pok,,,33662,ki ,,Hund,,0,,,,"TD, AMB",AMB,07_23_2025_1516,,,1076,bret. corn. ,conflict
2366,,,65271,pok,,,46061,ledan,,breit,,0,,,,"TD, AMB",AMB,07_23_2025_1516,,,1526,bret. corn. ,conflict
3182,,,80417,pok,,,61210,dre,,durch,,0,,,,"TD, AMB",AMB,07_23_2025_1516,,,1999,bret. corn. ,conflict
1968,,,58312,pok,,,39102,mlâk,,lauwarm,,0,,,,"TD, AMB",AMB,07_23_2025_1516,,,1256,bulg. serb. ,conflict
1086,,,43460,pok,,,24234,grána ,,Zweig,,0,,,,"TD, AMB",AMB,07_23_2025_1516,,,687,bulg. skr. ,conflict
1014,,,41754,pok,,,22528,zíma,,Winter,,0,,,,"TD, AMB",AMB,07_23_2025_1516,,,631,bulg. skr. sloven.,conflict
3410,,,85121,pok,,,65906,ὠρανός,,Himmel,,0,,,,"TD, AMB",AMB,07_23_2025_1516,,,2149,böot. dor. lak. ,conflict
186,,,86482,pok,,,67267,guis,,Sau,,0,,,,"TD, AMB",AMB,07_23_2025_1516,,,2197,corn. abret.,conflict
2732,,,71885,pok,,,52675,cruc,,Hügel,,0,,,,"TD, AMB",AMB,07_23_2025_1516,,,1736,corn. abret. ,conflict
206,,,19255,pok,,,33,aval,,Apfel,,0,,,,"TD, AMB",AMB,07_23_2025_1516,,,2,corn. bret.,conflict
76,,,20929,pok,,,1707,am-,,um,,0,,,,"TD, AMB",AMB,07_23_2025_1516,,,68,corn. bret.,conflict
76,,,20930,pok,,,1708,em-,,um,,0,,,,"TD, AMB",AMB,07_23_2025_1516,,,68,corn. bret.,conflict
645,,,32767,pok,,,13541,den,,Mensch,,0,,,,"TD, AMB",AMB,07_23_2025_1516,,,410,corn. bret.,conflict
1714,,,53554,pok,,,34344,pep,,jeder,,0,,,,"TD, AMB",AMB,07_23_2025_1516,,,1098,corn. bret.,conflict
2817,,,73944,pok,,,54734,mar,,Zweifel,,0,,,,"TD, AMB",AMB,07_23_2025_1516,,,1793,corn. bret.,conflict
3093,,,79172,pok,,,59962,taga,,das Würgen,,0,,,,"TD, AMB",AMB,07_23_2025_1516,,,1955,corn. bret.,conflict
3159,,,80034,pok,,,60827,tana,,anzünden,,0,,,,"TD, AMB",AMB,07_23_2025_1516,,,1994,corn. bret.,conflict
109,,,21368,pok,,,2146,anken,,"Not, Notwendigkeit",,0,,,,"TD, AMB",AMB,07_23_2025_1516,,,87,corn. bret. ,conflict
497,,,28961,pok,,,9735,dek,,zehn,,0,,,,"TD, AMB",AMB,07_23_2025_1516,,,327,corn. bret. ,conflict
757,,,35570,pok,,,16344,en,,in,,0,,,,"TD, AMB",AMB,07_23_2025_1516,,,476,corn. bret. ,conflict
990,,,41248,pok,,,22022,den,,Mensch,,0,,,,"TD, AMB",AMB,07_23_2025_1516,,,619,corn. bret. ,conflict
1866,,,56484,pok,,,37274,lien,,Leinen,,0,,,,"TD, AMB",AMB,07_23_2025_1516,,,1196,corn. bret. ,conflict
2615,,,69560,pok,,,50350,hanter,,Hälfte,,0,,,,"TD, AMB",AMB,07_23_2025_1516,,,1681,corn. bret. ,conflict
2772,,,73220,pok,,,54010,spern,,spinae,,0,,,,"TD, AMB",AMB,07_23_2025_1516,,,1763,corn. bret. ,conflict
2988,,,77260,pok,,,58050,tor,,"Bauch, Unterleib",,0,,,,"TD, AMB",AMB,07_23_2025_1516,,,1889,corn. bret. ,conflict
3182,,,80574,pok,,,61359,tir,,tellus,,0,,,,"TD, AMB",AMB,07_23_2025_1516,,,2006,corn. bret. acymr.,conflict
147,,,22234,pok,,,3012,argant,,Silber,,0,,,,"TD, AMB",AMB,07_23_2025_1516,,,112,corn. mbret.,conflict
429,,,27675,pok,,,8449,bresel,,Streit ,,0,,,,"TD, AMB",AMB,07_23_2025_1516,,,291,corn. mbret.,conflict
2100,,,60630,pok,,,41420,nes,,propior,,0,,,,"TD, AMB",AMB,07_23_2025_1516,,,1356,corn. mbret.,conflict
2121,,,61007,pok,,,41797,nith,,Nichte,,0,,,,"TD, AMB",AMB,07_23_2025_1516,,,1372,cymr. abret.,conflict
685,,,33730,pok,,,14504,dor,,Tür,,0,,,,"TD, AMB",AMB,07_23_2025_1516,,,434,cymr. abret. corn. ,conflict
2198,,,62070,pok,,,42860,onn-en,,Esche,,0,,,,"TD, AMB",AMB,07_23_2025_1516,,,1431,cymr. acorn.,conflict
750,,,35349,pok,,,16123,elin,,Ellenbogen,,0,,,,"TD, AMB",AMB,07_23_2025_1516,,,468,cymr. acorn. ,conflict
1528,,,51335,pok,,,32125,claf,,krank,,0,,,,"TD, AMB",AMB,07_23_2025_1516,,,973,cymr. acorn. ,conflict
2005,,,59011,pok,,,39801,mis,,Monat,,0,,,,"TD, AMB",AMB,07_23_2025_1516,,,1288,cymr. acorn. ,conflict
1969,,,58580,pok,,,39370,mil,,Tier,,0,,,,"TD, AMB",AMB,07_23_2025_1516,,,1271,cymr. acorn. bret.,conflict
3215,,,81200,pok,,,61985,taran,,Donner,,0,,,,"TD, AMB",AMB,07_23_2025_1516,,,2023,cymr. acorn. bret.,conflict
335,,,25719,pok,,,6497,barn,,Urteil,,0,,,,"TD, AMB",AMB,07_23_2025_1516,,,228,cymr. bret.,conflict
712,,,34361,pok,,,15135,dant,,Zahn,,0,,,,"TD, AMB",AMB,07_23_2025_1516,,,440,cymr. bret.,conflict
1270,,,46571,pok,,,27345,cas,,Haß,,0,,,,"TD, AMB",AMB,07_23_2025_1516,,,805,cymr. bret.,conflict
1751,,,54404,pok,,,35194,go-lo,,Versteck,,0,,,,"TD, AMB",AMB,07_23_2025_1516,,,1128,cymr. bret.,conflict
2587,,,68938,pok,,,49728,hud,,Zauber,,0,,,,"TD, AMB",AMB,07_23_2025_1516,,,1660,cymr. bret.,conflict
2601,,,69245,pok,,,50035,hep,,ohne,,0,,,,"TD, AMB",AMB,07_23_2025_1516,,,1668,cymr. bret.,conflict
3282,,,82220,pok,,,63005,gwas,,Diener,,0,,,,"TD, AMB",AMB,07_23_2025_1516,,,2068,cymr. bret.,conflict
427,,,27656,pok,,,8430,brig,,Gipfel,,0,,,,"TD, AMB",AMB,07_23_2025_1516,,,290,cymr. bret. ,conflict
725,,,34770,pok,,,15544,iar,,Henne,,0,,,,"TD, AMB",AMB,07_23_2025_1516,,,451,cymr. bret. ,conflict
2580,,,68786,pok,,,49576,had,,Same,,0,,,,"TD, AMB",AMB,07_23_2025_1516,,,1659,cymr. bret. ,conflict
712,,,34173,pok,,,14947,un,,ein (auch unbestimmter Artikel),,0,,,,"TD, AMB",AMB,07_23_2025_1516,,,438,cymr. bret. corn. ,conflict
419,,,27596,pok,,,8370,bram ,,Furz,,0,,,,"TD, AMB",AMB,07_23_2025_1516,,,289,cymr. corn.,conflict
729,,,35020,pok,,,15794,ebol,,Fohlen,,0,,,,"TD, AMB",AMB,07_23_2025_1516,,,460,cymr. corn.,conflict
770,,,35774,pok,,,16548,nef,,Himmel,,0,,,,"TD, AMB",AMB,07_23_2025_1516,,,480,cymr. corn.,conflict
773,,,35964,pok,,,16738,naw,,neun,,0,,,,"TD, AMB",AMB,07_23_2025_1516,,,483,cymr. corn.,conflict
1037,,,42597,pok,,,23371,cam,,Schritt,,0,,,,"TD, AMB",AMB,07_23_2025_1516,,,650,cymr. corn.,conflict
1719,,,53808,pok,,,34598,pryf,,Wurm,,0,,,,"TD, AMB",AMB,07_23_2025_1516,,,1100,cymr. corn.,conflict
2109,,,60881,pok,,,41671,nos,,Nacht,,0,,,,"TD, AMB",AMB,07_23_2025_1516,,,1369,cymr. corn.,conflict
2128,,,61060,pok,,,41850,nerth,,"Mannhaftigkeit, Heer",,0,,,,"TD, AMB",AMB,07_23_2025_1516,,,1373,cymr. corn.,conflict
2629,,,69762,pok,,,50552,haf,,Sommer,,0,,,,"TD, AMB",AMB,07_23_2025_1516,,,1682,cymr. corn.,conflict
2672,,,70569,pok,,,51359,cam,,krumm,,0,,,,"TD, AMB",AMB,07_23_2025_1516,,,1714,cymr. corn.,conflict
2953,,,76575,pok,,,57365,to,,Dach,,0,,,,"TD, AMB",AMB,07_23_2025_1516,,,1874,cymr. corn.,conflict
3102,,,79270,pok,,,60060,tew,,dick,,0,,,,"TD, AMB",AMB,07_23_2025_1516,,,1963,cymr. corn.,conflict
3134,,,79643,pok,,,60436,tam,,"Bissen, Stück",,0,,,,"TD, AMB",AMB,07_23_2025_1516,,,1979,cymr. corn.,conflict
3215,,,81232,pok,,,62017,tro,,"turn; Wechsel, Zeit",,0,,,,"TD, AMB",AMB,07_23_2025_1516,,,2024,cymr. corn.,conflict
3282,,,82170,pok,,,62955,gor-,,"über, auf (Präverb)",,0,,,,"TD, AMB",AMB,07_23_2025_1516,,,2067,cymr. corn.,conflict
261,,,24455,pok,,,5233,bar,,"Spitze, Gipfel, Laub",,0,,,,"TD, AMB",AMB,07_23_2025_1516,,,189,cymr. corn. ,conflict
977,,,41002,pok,,,21776,galar,,"luctus, planctus",,0,,,,"TD, AMB",AMB,07_23_2025_1516,,,611,cymr. corn. ,conflict
1127,,,44234,pok,,,25008,biw,,Hornvieh,,0,,,,"TD, AMB",AMB,07_23_2025_1516,,,707,cymr. corn. ,conflict
1127,,,44243,pok,,,25017,byw,,lebendig,,0,,,,"TD, AMB",AMB,07_23_2025_1516,,,707,cymr. corn. ,conflict
1547,,,51625,pok,,,32415,clun,,Hüfte,,0,,,,"TD, AMB",AMB,07_23_2025_1516,,,982,cymr. corn. ,conflict
1556,,,51818,pok,,,32608,cul,,"macilentus, macer",,0,,,,"TD, AMB",AMB,07_23_2025_1516,,,989,cymr. corn. ,conflict
1920,,,57468,pok,,,38258,mes,,Eicheln,,0,,,,"TD, AMB",AMB,07_23_2025_1516,,,1235,cymr. corn. ,conflict
1885,,,57616,pok,,,38406,mehin,,Fett,,0,,,,"TD, AMB",AMB,07_23_2025_1516,,,1239,cymr. corn. ,conflict
2028,,,59471,pok,,,40261,brag,,Malz,,0,,,,"TD, AMB",AMB,07_23_2025_1516,,,1304,cymr. corn. ,conflict
3159,,,80036,pok,,,60829,tes,,Hitze,,0,,,,"TD, AMB",AMB,07_23_2025_1516,,,1994,cymr. corn. ,conflict
3356,,,19391,pok,,,169,a,,geht,,0,,,,"TD, AMB",AMB,07_23_2025_1516,,,10,cymr. corn. bret.,conflict
526,,,29768,pok,,,10542,darn ,,"Stück, Teil",,0,,,,"TD, AMB",AMB,07_23_2025_1516,,,343,cymr. corn. bret.,conflict
668,,,33064,pok,,,13838,dall,,blind,,0,,,,"TD, AMB",AMB,07_23_2025_1516,,,412,cymr. corn. bret.,conflict
867,,,37748,pok,,,18522,garm ,,"Ton, Laut",,0,,,,"TD, AMB",AMB,07_23_2025_1516,,,542,cymr. corn. bret.,conflict
774,,,39437,pok,,,20211,gre ,,Pferdeherde,,0,,,,"TD, AMB",AMB,07_23_2025_1516,,,573,cymr. corn. bret.,conflict
1694,,,53234,pok,,,34024,pell,,fern,,0,,,,"TD, AMB",AMB,07_23_2025_1516,,,1089,cymr. corn. bret.,conflict
2026,,,59390,pok,,,40180,bro,,Bezirk,,0,,,,"TD, AMB",AMB,07_23_2025_1516,,,1298,cymr. corn. bret.,conflict
2057,,,59998,pok,,,40788,mor,,Meer,,0,,,,"TD, AMB",AMB,07_23_2025_1516,,,1325,cymr. corn. bret.,conflict
2092,,,60570,pok,,,41360,an-,,Verneinungspartikel ,,0,,,,"TD, AMB",AMB,07_23_2025_1516,,,1351,cymr. corn. bret.,conflict
2971,,,76875,pok,,,57665,tu ,,Seite,,0,,,,"TD, AMB",AMB,07_23_2025_1516,,,1881,cymr. corn. bret.,conflict
3063,,,78789,pok,,,59579,hun,,Schlaf,,0,,,,"TD, AMB",AMB,07_23_2025_1516,,,1938,cymr. corn. bret.,conflict
3159,,,80033,pok,,,60826,tan,,Feuer,,0,,,,"TD, AMB",AMB,07_23_2025_1516,,,1994,cymr. corn. bret.,conflict
351,,,26292,pok,,,7070,bre ,,Hügel,,0,,,,"TD, AMB",AMB,07_23_2025_1516,,,238,cymr. corn. bret. ,conflict
1160,,,44841,pok,,,25615,ber,,"Speer, Spieß",,0,,,,"TD, AMB",AMB,07_23_2025_1516,,,722,cymr. corn. bret. ,conflict
1262,,,46476,pok,,,27250,car,,Freund,,0,,,,"TD, AMB",AMB,07_23_2025_1516,,,799,cymr. corn. bret. ,conflict
1454,,,49901,pok,,,30675,karn,,Huf der Einhufer,,0,,,,"TD, AMB",AMB,07_23_2025_1516,,,925,cymr. corn. bret. ,conflict
1664,,,52885,pok,,,33675,prenn,,Baum,,0,,,,"TD, AMB",AMB,07_23_2025_1516,,,1077,cymr. corn. bret. ,conflict
1712,,,53546,pok,,,34336,nep,,,,0,,,,"TD, AMB",AMB,07_23_2025_1516,,,1098,cymr. corn. bret. ,conflict
1969,,,58547,pok,,,39337,mel,,Honig,,0,,,,"TD, AMB",AMB,07_23_2025_1516,,,1268,cymr. corn. bret. ,conflict
2093,,,60600,pok,,,41390,ni,,wir,,0,,,,"TD, AMB",AMB,07_23_2025_1516,,,1353,cymr. corn. bret. ,conflict
2093,,,60601,pok,,,41391,ny ,,wir,,0,,,,"TD, AMB",AMB,07_23_2025_1516,,,1353,cymr. corn. bret. ,conflict
2296,,,63855,pok,,,44645,er,,,,0,,,,"TD, AMB",AMB,07_23_2025_1516,,,1484,cymr. corn. bret. ,conflict
2580,,,68836,pok,,,49626,hir,,lang,,0,,,,"TD, AMB",AMB,07_23_2025_1516,,,1659,cymr. corn. bret. ,conflict
3125,,,79546,pok,,,60336,tal,,Stirn,,0,,,,"TD, AMB",AMB,07_23_2025_1516,,,1973,cymr. corn. bret. ,conflict
2152,,,61453,pok,,,42243,a,,Vokativpartikel,,0,,,,"TD, AMB",AMB,07_23_2025_1516,,,1398,cymr. corn. bret.  ,conflict
260,,,24436,pok,,,5214,broch,,Dachs,,0,,,,"TD, AMB",AMB,07_23_2025_1516,,,187,cymr. mbr.,conflict
2580,,,68717,pok,,,49507,hael,,"cordial, généreux",,0,,,,"TD, AMB",AMB,07_23_2025_1516,,,1656,cymr. mbret.,conflict
3175,,,80280,pok,,,61073,tru ,,elend,,0,,,,"TD, AMB",AMB,07_23_2025_1516,,,1997,cymr. mbret. ,conflict
773,,,35848,pok,,,16622,διᾱνεκής ,,durch eine Strecke hindurchreichend = ununterbrochen,,0,,,,"TD, AMB",AMB,07_23_2025_1516,,,481,dor. att.,conflict
539,,,30182,pok,,,10956,Δωρί-μαχος,,,,0,,,,"TD, AMB",AMB,07_23_2025_1516,,,349,dor. böot.,conflict
980,,,41040,pok,,,21814,χά̄ν,,Gans,,0,,,,"TD, AMB",AMB,07_23_2025_1516,,,614,dor. böot. ,conflict
94,,,21144,pok,,,1922,ἀν,,"auf, in die Höhe, entlang",,0,,,,"TD, AMB",AMB,07_23_2025_1516,,,78,dor. böot. ark. kypr.,conflict
997,,,41360,pok,,,22134,γὰ,,(enklitisch Partikel),,0,,,,"TD, AMB",AMB,07_23_2025_1516,,,622,dor. böot. el. ,conflict
3375,,,84239,pok,,,65024,ϝηλέω,,"dränge, drücke, presse",,0,,,,"TD, AMB",AMB,07_23_2025_1516,,,2128,dor. el. ,conflict
2809,,,73744,pok,,,54534,μικκός,,klein,,0,,,,"TD, AMB",AMB,07_23_2025_1516,,,1784,dor. ion.,conflict
3240,,,81553,pok,,,62338,τράπω,,wende,,0,,,,"TD, AMB",AMB,07_23_2025_1516,,,2035,dor. ion.,conflict
3171,,,80189,pok,,,60982,τρῶμα,,Wunde,,0,,,,"TD, AMB",AMB,07_23_2025_1516,,,1997,dor. ion. ,conflict
1704,,,53439,pok,,,34229,τετpώκοντα,,vierzig,,0,,,,"TD, AMB",AMB,07_23_2025_1516,,,1097,dor. ion. delph. ,conflict
1553,,,51676,pok,,,32466,κῆνος ,,jener,,0,,,,"TD, AMB",AMB,07_23_2025_1516,,,986,dor. lesb.,conflict
2135,,,61133,pok,,,41923,νᾱός,,"(Götterwohnung =) Tempel, Heiligtum",,0,,,,"TD, AMB",AMB,07_23_2025_1516,,,1376,dor. thess. ,conflict
1700,,,53360,pok,,,34150,τέτορες,,vier,,0,,,,"TD, AMB",AMB,07_23_2025_1516,,,1097,dor. wgr.,conflict
1999,,,58894,pok,,,39684,μάθη,,"Lernen, Unterricht",,0,,,,"TD, AMB",AMB,07_23_2025_1516,,,1283,dor. äol. ,conflict
2132,,,61088,pok,,,41878,ἔνερθα,,von unten,,0,,,,"TD, AMB",AMB,07_23_2025_1516,,,1374,dor. äol. ,conflict
331,,,25648,pok,,,6426,βερνώμεθα,,κληρωσώμεθα,,0,,,,"TD, AMB",AMB,07_23_2025_1516,,,228,dor.-ill. ,conflict
331,,,25649,pok,,,6427,αβήρ,,οἴκημα στοὰς ἔχον,,0,,,,"TD, AMB",AMB,07_23_2025_1516,,,228,dor.-ill. ,conflict
729,,,34856,pok,,,15630,Οἴβαλος,,γενέθλιος,,0,,,,"TD, AMB",AMB,07_23_2025_1516,,,455,dor.-illyr.,conflict
1651,,,52776,pok,,,33566,quander,,Angelica silvestris,,0,,,,"TD, AMB",AMB,07_23_2025_1516,,,1071,dän. färö. ,conflict
1431,,,49133,pok,,,29907,noppe,,"Wollflocke, Zotte, Hechelhede",,0,,,,"TD, AMB",AMB,07_23_2025_1516,,,905,dän. mnd. ,conflict
109,,,21346,pok,,,2124,igle,,ein schmarotzender Blattwurm in den Eingeweiden der Tiere und in der Haut und den Kiemen der Fische,,0,,,,"TD, AMB",AMB,07_23_2025_1516,,,86,dän. norw.,conflict
598,,,31733,pok,,,12507,die,,saugen,,0,,,,"TD, AMB",AMB,07_23_2025_1516,,,380,dän. norw. ,conflict
937,,,39996,pok,,,20770,krabbe ,,"scharren, grapsen; krabbeln, kriechen",,0,,,,"TD, AMB",AMB,07_23_2025_1516,,,578,dän. norw. ,conflict
1831,,,55754,pok,,,36544,las,,Lumpen,,0,,,,"TD, AMB",AMB,07_23_2025_1516,,,1175,dän. norw. ,conflict
1831,,,55755,pok,,,36545,lase ,,Lumpen,,0,,,,"TD, AMB",AMB,07_23_2025_1516,,,1175,dän. norw. ,conflict
2047,,,59798,pok,,,40588,i smug,,verstohlen,,0,,,,"TD, AMB",AMB,07_23_2025_1516,,,1312,dän. norw. ,conflict
2047,,,59801,pok,,,40591,smughandel ,,Schleichhandel,,0,,,,"TD, AMB",AMB,07_23_2025_1516,,,1312,dän. norw. ,conflict
2953,,,76368,pok,,,57158,stirra,,"starren, stieren",,0,,,,"TD, AMB",AMB,07_23_2025_1516,,,1871,dän. schwed.,conflict
3057,,,78712,pok,,,59502,swank,,"Tal, Höhlung",,0,,,,"TD, AMB",AMB,07_23_2025_1516,,,1935,dän. schwed.,conflict
1406,,,48747,pok,,,29521,hammel,,das Querstück vorn am Wagen,,0,,,,"TD, AMB",AMB,07_23_2025_1516,,,897,dän. schwed. ,conflict
2844,,,74340,pok,,,55130,nōr,,"Knirps, ganz kleines Kind",,0,,,,"TD, AMB",AMB,07_23_2025_1516,,,1808,dän. schwed. ,conflict
2844,,,74342,pok,,,55132,snōr,,"Schnur, Band, Seil",,0,,,,"TD, AMB",AMB,07_23_2025_1516,,,1808,dän. schwed. ,conflict
511,,,29241,pok,,,10015,talg,,Talg,,0,,,,"TD, AMB",AMB,07_23_2025_1516,,,331,dän. schwed. norw.,conflict
2639,,,69838,pok,,,50628,sakka,,sinken,,0,,,,"TD, AMB",AMB,07_23_2025_1516,,,1686,dän.-norw.,conflict
261,,,24475,pok,,,5253,borre,,Klette,,0,,,,"TD, AMB",AMB,07_23_2025_1516,,,189,dän.-schwed.,conflict
554,,,30485,pok,,,11259,δά̄ν,,"lange, lange her",,0,,,,"TD, AMB",AMB,07_23_2025_1516,,,353,el. dor. ,conflict
3370,,,84077,pok,,,64862,ϝέπος,,Wort,,0,,,,"TD, AMB",AMB,07_23_2025_1516,,,2124,el. kypr.,conflict
2917,,,75752,pok,,,56542,splinter,,"Splitter, Span",,0,,,,"TD, AMB",AMB,07_23_2025_1516,,,1852,engl. nd. nl. ,conflict
840,,,37358,pok,,,18132,eider,,eider,,0,,,,"TD, AMB",AMB,07_23_2025_1516,,,524,engl. ndl. nhd. ,conflict
3520,,,19455,pok,,,233,ἀγῑνέμεναι,,"führe, bringe",,0,,,,"TD, AMB",AMB,07_23_2025_1516,,,10,ep. ion,conflict
3520,,,19456,pok,,,234,ἀγῑνέω,,"führe, bringe",,0,,,,"TD, AMB",AMB,07_23_2025_1516,,,10,ep. ion,conflict
584,,,31231,pok,,,12005,τέθηπα,,erstaunen,,0,,,,"TD, AMB",AMB,07_23_2025_1516,,,369,ep. ion.,conflict
584,,,31232,pok,,,12006,ταφών,,erstaunen,,0,,,,"TD, AMB",AMB,07_23_2025_1516,,,369,ep. ion.,conflict
587,,,31233,pok,,,12007,θώπτω,,(staune an =) schmeichle,,0,,,,"TD, AMB",AMB,07_23_2025_1516,,,369,ep. ion.,conflict
587,,,31234,pok,,,12008,θωπεύω,,(staune an =) schmeichle,,0,,,,"TD, AMB",AMB,07_23_2025_1516,,,369,ep. ion.,conflict
587,,,31235,pok,,,12009,θάμβος,,"Staunen, Verwunderung, Schrecken",,0,,,,"TD, AMB",AMB,07_23_2025_1516,,,369,ep. ion.,conflict
587,,,31236,pok,,,12010,θαμβέω,,"staune, erstaune, erschrecke",,0,,,,"TD, AMB",AMB,07_23_2025_1516,,,369,ep. ion.,conflict
1295,,,46875,pok,,,27649,ἄκῑκυς,,"schwach, schlapp",,0,,,,"TD, AMB",AMB,07_23_2025_1516,,,824,ep. ion.,conflict
1127,,,44184,pok,,,24958,ζώω,,lebe,,0,,,,"TD, AMB",AMB,07_23_2025_1516,,,707,ep. ion. ,conflict
1335,,,47334,pok,,,28108,κάρτος,,"Stärke, Kraft",,0,,,,"TD, AMB",AMB,07_23_2025_1516,,,846,ep. ion. ,conflict
2587,,,68986,pok,,,49776,ἤν-εικα,,ἤνεγκα,,0,,,,"TD, AMB",AMB,07_23_2025_1516,,,1662,ep. ion. ,conflict
3266,,,81957,pok,,,62742,σειρή,,"Seil, Band",,0,,,,"TD, AMB",AMB,07_23_2025_1516,,,2057,ep. ion. ,conflict
3344,,,83287,pok,,,64072,ἴ̄ρηξ,,Habicht (der schnelle),,0,,,,"TD, AMB",AMB,07_23_2025_1516,,,2107,ep. ion. ,conflict
3375,,,84237,pok,,,65022,εἰλέω,,"dränge, drücke, presse",,0,,,,"TD, AMB",AMB,07_23_2025_1516,,,2128,ep. ion. ,conflict
2243,,,62683,pok,,,43473,ποίη,,"Gras, Rasenplatz",,0,,,,"TD, AMB",AMB,07_23_2025_1516,,,1456,ep.-ion. ,conflict
3339,,,83150,pok,,,63935,uinu,,Wein,,0,,,,"TD, AMB",AMB,07_23_2025_1516,,,2105,falisk. volsk. ,conflict
727,,,34837,pok,,,15611,aisa ,,Stange der Gabeldeichsel,,0,,,,"TD, AMB",AMB,07_23_2025_1516,,,451,finn. wotj.,conflict
1230,,,46072,pok,,,26846,juusto,,Käse,,0,,,,"TD, AMB",AMB,07_23_2025_1516,,,783,finn.-urnord.,conflict
2442,,,66610,pok,,,47400,rak,,"gerade, recht",,0,,,,"TD, AMB",AMB,07_23_2025_1516,,,1588,fries. mnd. ,conflict
2654,,,70224,pok,,,51014,Savus,,FlN ,,0,,,,"TD, AMB",AMB,07_23_2025_1516,,,1701,gall. (illyr.),conflict
535,,,29908,pok,,,10682,dravoca,,Lolch,,0,,,,"TD, AMB",AMB,07_23_2025_1516,,,343,gall. (lat.) ,conflict
2278,,,63298,pok,,,44088,*ulvos,,Staub,,0,,,,"TD, AMB",AMB,07_23_2025_1516,,,1468,gall. (rom.),conflict
539,,,30034,pok,,,10808,Drippia,,,,0,,,,"TD, AMB",AMB,07_23_2025_1516,,,343,gall. (ven.-ill.),conflict
539,,,30035,pok,,,10809,Drippōnius ,,,,0,,,,"TD, AMB",AMB,07_23_2025_1516,,,343,gall. (ven.-ill.),conflict
2253,,,62809,pok,,,43599,Pictones,,Poitou,,0,,,,"TD, AMB",AMB,07_23_2025_1516,,,1458,gall. (ven.-illyr.),conflict
2253,,,62810,pok,,,43600,Pictāvi,,Poitou,,0,,,,"TD, AMB",AMB,07_23_2025_1516,,,1458,gall. (ven.-illyr.),conflict
2642,,,70071,pok,,,50861,Sara,,FlN ,,0,,,,"TD, AMB",AMB,07_23_2025_1516,,,1694,gall. (ven.-illyr.),conflict
2642,,,70072,pok,,,50862,Sarāvus ,,FlN (die Saar),,0,,,,"TD, AMB",AMB,07_23_2025_1516,,,1694,gall. (ven.-illyr.),conflict
2226,,,62467,pok,,,43257,Pusa ,,PN ,,0,,,,"TD, AMB",AMB,07_23_2025_1516,,,1451,gall. (venet.),conflict
2086,,,60433,pok,,,41223,nāvā,,Talschlucht,,0,,,,"TD, AMB",AMB,07_23_2025_1516,,,1349,gall. (vorrom.),conflict
206,,,19241,pok,,,19,Abona,,,,0,,,,"TD, AMB",AMB,07_23_2025_1516,,,1,gall. brit. ,conflict
712,,,34380,pok,,,15154,odocos ,,Attich,,0,,,,"TD, AMB",AMB,07_23_2025_1516,,,441,gall. gallorom. ,conflict
656,,,32899,pok,,,13673,Δοῦνον,,Burg,,0,,,,"TD, AMB",AMB,07_23_2025_1516,,,412,gall. urir.,conflict
804,,,36638,pok,,,17412,*Arvā,,,,0,,,,"TD, AMB",AMB,07_23_2025_1516,,,497,gall.-brit.,conflict
975,,,40973,pok,,,21747,γαῖσον,,schwerer eiserner Wurfspieß,,0,,,,"TD, AMB",AMB,07_23_2025_1516,,,609,gall.-gr.,conflict
2052,,,59966,pok,,,40756,μανιάκης,,Halsband keltischer Völker,,0,,,,"TD, AMB",AMB,07_23_2025_1516,,,1324,gall.-gr.,conflict
2052,,,59967,pok,,,40757,μάννος,,Halsband keltischer Völker,,0,,,,"TD, AMB",AMB,07_23_2025_1516,,,1324,gall.-gr.,conflict
2052,,,59968,pok,,,40758,μαννάκιον ,,Halsband keltischer Völker,,0,,,,"TD, AMB",AMB,07_23_2025_1516,,,1324,gall.-gr.,conflict
324,,,25533,pok,,,6311,bindan,,binden,,0,,,,"TD, AMB",AMB,07_23_2025_1516,,,226,got. ags.,conflict
640,,,32557,pok,,,13331,dragan,,ziehen,,0,,,,"TD, AMB",AMB,07_23_2025_1516,,,402,got. ags.,conflict
1872,,,56739,pok,,,37529,magan,,mögen,,0,,,,"TD, AMB",AMB,07_23_2025_1516,,,1205,got. ags.,conflict
1872,,,56747,pok,,,37537,mag,,,,0,,,,"TD, AMB",AMB,07_23_2025_1516,,,1205,got. ags. ahd.,conflict
3397,,,84866,pok,,,65651,windan,,winden,,0,,,,"TD, AMB",AMB,07_23_2025_1516,,,2139,got. ags. as.,conflict
773,,,35966,pok,,,16740,niun,,neun,,0,,,,"TD, AMB",AMB,07_23_2025_1516,,,483,got. ahd.,conflict
1950,,,58107,pok,,,38897,malan,,mahlen,,0,,,,"TD, AMB",AMB,07_23_2025_1516,,,1256,got. ahd.,conflict
2257,,,62919,pok,,,43709,faginōn,,sich freuen,,0,,,,"TD, AMB",AMB,07_23_2025_1516,,,1463,got. ahd.,conflict
2613,,,69524,pok,,,50314,salbōn,,salben,,0,,,,"TD, AMB",AMB,07_23_2025_1516,,,1679,got. ahd.,conflict
2639,,,70007,pok,,,50797,sibun,,sieben,,0,,,,"TD, AMB",AMB,07_23_2025_1516,,,1693,got. ahd.,conflict
2093,,,60602,pok,,,41392,uns,,uns,,0,,,,"TD, AMB",AMB,07_23_2025_1516,,,1353,got. ahd. ,conflict
2882,,,75060,pok,,,55850,spinnan,,spinnen,,0,,,,"TD, AMB",AMB,07_23_2025_1516,,,1832,got. ahd. ags.,conflict
361,,,26511,pok,,,7289,brinnan,,brennen,,0,,,,"TD, AMB",AMB,07_23_2025_1516,,,243,got. ahd. as.,conflict
2089,,,60518,pok,,,41308,ni,,nicht,,0,,,,"TD, AMB",AMB,07_23_2025_1516,,,1351,got. ahd. as.,conflict
2092,,,60571,pok,,,41361,un-,,Verneinungspartikel ,,0,,,,"TD, AMB",AMB,07_23_2025_1516,,,1351,got. ahd. as.,conflict
712,,,34142,pok,,,14916,ju,,schon,,0,,,,"TD, AMB",AMB,07_23_2025_1516,,,438,got. ahd. as. ags.,conflict
3215,,,81107,pok,,,61892,þar,,dort,,0,,,,"TD, AMB",AMB,07_23_2025_1516,,,2017,got. aisl. ,conflict
2697,,,70831,pok,,,51621,skip,,"Schiff, Boot (*ausgeschnittener, gehöhlter Einbaum)",,0,,,,"TD, AMB",AMB,07_23_2025_1516,,,1718,got. aisl. ags. ,conflict
2758,,,72914,pok,,,53704,hūs,,Haus,,0,,,,"TD, AMB",AMB,07_23_2025_1516,,,1747,got. aisl. ags. as. ahd. ,conflict
335,,,25735,pok,,,6513,barn,,Kind,,0,,,,"TD, AMB",AMB,07_23_2025_1516,,,228,got. aisl. ahd. as.,conflict
2542,,,68061,pok,,,48851,salt,,Salz,,0,,,,"TD, AMB",AMB,07_23_2025_1516,,,1643,got. aisl. as.,conflict
1813,,,55477,pok,,,36267,land,,Land,,0,,,,"TD, AMB",AMB,07_23_2025_1516,,,1163,got. aisl. as. ags.,conflict
1692,,,53193,pok,,,33983,hals,,Hals,,0,,,,"TD, AMB",AMB,07_23_2025_1516,,,1088,got. aisl. asächs. ,conflict
571,,,30976,pok,,,11750,wi-t,,wir zwei,,0,,,,"TD, AMB",AMB,07_23_2025_1516,,,368,got. anord. as. ags. afries.,conflict
157,,,22457,pok,,,3235,ak,,aber,,0,,,,"TD, AMB",AMB,07_23_2025_1516,,,125,got. as. ,conflict
2930,,,75992,pok,,,56782,standan,,stehen,,0,,,,"TD, AMB",AMB,07_23_2025_1516,,,1868,got. as. ,conflict
2112,,,60947,pok,,,41737,niman,,nehmen,,0,,,,"TD, AMB",AMB,07_23_2025_1516,,,1370,got. as. ags.,conflict
504,,,29046,pok,,,9820,hund,,ein Hundert,,0,,,,"TD, AMB",AMB,07_23_2025_1516,,,327,got. as. ags. ,conflict
1238,,,46103,pok,,,26877,juk,,Joch,,0,,,,"TD, AMB",AMB,07_23_2025_1516,,,784,got. asächs. ,conflict
1014,,,41727,pok,,,22501,gain- ,,Waffe,,0,,,,"TD, AMB",AMB,07_23_2025_1516,,,630,got. langob.,conflict
1014,,,41728,pok,,,22502,Gainhard,,,,0,,,,"TD, AMB",AMB,07_23_2025_1516,,,630,got. langob.,conflict
1014,,,41729,pok,,,22503,Gainwald,,,,0,,,,"TD, AMB",AMB,07_23_2025_1516,,,630,got. langob.,conflict
778,,,36069,pok,,,16843,ὅνε ,,ὅδε,,0,,,,"TD, AMB",AMB,07_23_2025_1516,,,485,gr thess.,conflict
778,,,36070,pok,,,16844,τόνε,,ὅδε,,0,,,,"TD, AMB",AMB,07_23_2025_1516,,,485,gr thess.,conflict
778,,,36071,pok,,,16845,τάνε,,ὅδε,,0,,,,"TD, AMB",AMB,07_23_2025_1516,,,485,gr thess.,conflict
778,,,36072,pok,,,16846,τοῖνεος ,,ὅδε,,0,,,,"TD, AMB",AMB,07_23_2025_1516,,,485,gr thess.,conflict
1769,,,54816,pok,,,35606,λῆν,,wollen,,0,,,,"TD, AMB",AMB,07_23_2025_1516,,,1136,gr. (dor.),conflict
2774,,,73232,pok,,,54022,λάζομαι,,"nehme, fasse, ergreife",,0,,,,"TD, AMB",AMB,07_23_2025_1516,,,1765,gr. (ep. ion.),conflict
108,,,21322,pok,,,2100,ἄβεις,,ἔχεις,,0,,,,"TD, AMB",AMB,07_23_2025_1516,,,86,gr. (illyr.),conflict
2103,,,60685,pok,,,41475,Νέδα ,,FlN ,,0,,,,"TD, AMB",AMB,07_23_2025_1516,,,1357,gr. (illyr.),conflict
2103,,,60686,pok,,,41476,Νέδων ,,FlN ,,0,,,,"TD, AMB",AMB,07_23_2025_1516,,,1357,gr. (illyr.),conflict
497,,,28850,pok,,,9624,δέκομαι,,nehme an,,0,,,,"TD, AMB",AMB,07_23_2025_1516,,,325,gr. (ion. äol. kret.),conflict
707,,,34010,pok,,,14784,ὅτερος,,welcher von beiden,,0,,,,"TD, AMB",AMB,07_23_2025_1516,,,438,gr. (kret. gort.),conflict
1508,,,51087,pok,,,31877,κίκερροι ,,ὠχροί. Μακεδόνες,,0,,,,"TD, AMB",AMB,07_23_2025_1516,,,963,gr. (maked.),conflict
754,,,35552,pok,,,16326,ἔνι,,in,,0,,,,"TD, AMB",AMB,07_23_2025_1516,,,476,gr. (poet.),conflict
754,,,35553,pok,,,16327,ἐνί ,,in,,0,,,,"TD, AMB",AMB,07_23_2025_1516,,,476,gr. (poet.),conflict
1466,,,50085,pok,,,30859,κῆρ,,Herz,,0,,,,"TD, AMB",AMB,07_23_2025_1516,,,933,gr. (poet.),conflict
1944,,,57993,pok,,,38783,μοῖτος,,"Vergeltung, Dank",,0,,,,"TD, AMB",AMB,07_23_2025_1516,,,1254,gr. (sizil.) ,conflict
2261,,,63062,pok,,,43852,πόλις,,"Burg, Stadt, Staat",,0,,,,"TD, AMB",AMB,07_23_2025_1516,,,1466,gr. (äol.),conflict
3136,,,79680,pok,,,60473,Τέμμῑκες,,VN ,,0,,,,"TD, AMB",AMB,07_23_2025_1516,,,1981,gr. (äol.),conflict
1903,,,57207,pok,,,37997,μέστε,,bis,,0,,,,"TD, AMB",AMB,07_23_2025_1516,,,1228,gr. arkad. ,conflict
535,,,29905,pok,,,10679,δαράτα ,,Brot,,0,,,,"TD, AMB",AMB,07_23_2025_1516,,,343,gr. delph.,conflict
2212,,,62237,pok,,,43027,ὦς ,,Ohr,,0,,,,"TD, AMB",AMB,07_23_2025_1516,,,1437,gr. dor.,conflict
2218,,,62287,pok,,,43077,πανία,,πλησμονή,,0,,,,"TD, AMB",AMB,07_23_2025_1516,,,1440,gr. dor.,conflict
2218,,,62288,pok,,,43078,πάνια ,,τὰπλήσμια,,0,,,,"TD, AMB",AMB,07_23_2025_1516,,,1440,gr. dor.,conflict
729,,,34920,pok,,,15694,ἱαρός,,"kräftig, rüstig",,0,,,,"TD, AMB",AMB,07_23_2025_1516,,,458,gr. dor. ,conflict
3247,,,81727,pok,,,62512,τύ,,du,,0,,,,"TD, AMB",AMB,07_23_2025_1516,,,2047,gr. dor. ,conflict
554,,,30456,pok,,,11230,δέω,,"ermangle, fehle, entbehre",,0,,,,"TD, AMB",AMB,07_23_2025_1516,,,353,gr. dor. att. ,conflict
990,,,41262,pok,,,22036,σερ-ός,,χθές ,,0,,,,"TD, AMB",AMB,07_23_2025_1516,,,620,gr. eleisch,conflict
2357,,,65175,pok,,,45965,πλάγος ,,Seite,,0,,,,"TD, AMB",AMB,07_23_2025_1516,,,1524,gr. herakl.,conflict
2357,,,65176,pok,,,45966,τὰ πλάγια,,"die Seiten, Flanken",,0,,,,"TD, AMB",AMB,07_23_2025_1516,,,1524,gr. herakl.,conflict
2357,,,65177,pok,,,45967,πλάγιος,,"(*die Seite zuwendend =) quer, schief",,0,,,,"TD, AMB",AMB,07_23_2025_1516,,,1524,gr. herakl.,conflict
816,,,37055,pok,,,17829,εἰμί,,sein,,0,,,,"TD, AMB",AMB,07_23_2025_1516,,,516,gr. hom. att.,conflict
264,,,24574,pok,,,5352,φήνη ,,"eine Adlerart, wahrscheinlich Vultur monachus",,0,,,,"TD, AMB",AMB,07_23_2025_1516,,,194,gr. hom. att. ,conflict
822,,,37177,pok,,,17951,ἔστω,,,,0,,,,"TD, AMB",AMB,07_23_2025_1516,,,516,gr. hom. att. ,conflict
1061,,,43020,pok,,,23794,χείλιοι,,Tausend,,0,,,,"TD, AMB",AMB,07_23_2025_1516,,,667,gr. ion.,conflict
2003,,,58946,pok,,,39736,μάσσω ,,"drücke, knete, streiche, wische",,0,,,,"TD, AMB",AMB,07_23_2025_1516,,,1285,gr. ion.,conflict
1347,,,47630,pok,,,28404,κήλη,,"Geschwulst, bes. Leibschaden",,0,,,,"TD, AMB",AMB,07_23_2025_1516,,,857,gr. ion. ,conflict
2165,,,61625,pok,,,42415,ὄγδο(ϝ)ος,,der achte,,0,,,,"TD, AMB",AMB,07_23_2025_1516,,,1409,gr. ion. att. ,conflict
2930,,,76008,pok,,,56798,στανύω,,stelle,,0,,,,"TD, AMB",AMB,07_23_2025_1516,,,1868,gr. kret. ,conflict
2031,,,59552,pok,,,40342,μυλάσασθαι,,sich waschen,,0,,,,"TD, AMB",AMB,07_23_2025_1516,,,1308,gr. kypr. ,conflict
2212,,,62244,pok,,,43034,αὖς ,,Ohr,,0,,,,"TD, AMB",AMB,07_23_2025_1516,,,1437,gr. lak.,conflict
520,,,32673,pok,,,13447,θέρσος,,"Mut, Kühnheit",,0,,,,"TD, AMB",AMB,07_23_2025_1516,,,407,gr. lesb.,conflict
796,,,36554,pok,,,17328,ὀρί̄νω,,"setze in Bewegung, errege, reize zum Zorn",,0,,,,"TD, AMB",AMB,07_23_2025_1516,,,497,gr. lesb.,conflict
1258,,,46386,pok,,,27160,ὔμμε ,,ihr,,0,,,,"TD, AMB",AMB,07_23_2025_1516,,,797,gr. lesb.,conflict
346,,,25944,pok,,,6722,βερρόν,,δασύ,,0,,,,"TD, AMB",AMB,07_23_2025_1516,,,230,gr. lesb. thess.,conflict
1508,,,51094,pok,,,31884,κίφος ,,στέφανος,,0,,,,"TD, AMB",AMB,07_23_2025_1516,,,965,gr. messenisch ,conflict
836,,,37296,pok,,,18070,ἔαρ,,Blut,,0,,,,"TD, AMB",AMB,07_23_2025_1516,,,520,gr. poet.,conflict
836,,,37297,pok,,,18071,εἰ̃αρ ,,Blut,,0,,,,"TD, AMB",AMB,07_23_2025_1516,,,520,gr. poet.,conflict
1581,,,52169,pok,,,32959,κρέων,,Partiz. 'hervorleuchtend' (?),,0,,,,"TD, AMB",AMB,07_23_2025_1516,,,1025,gr. poet.,conflict
1626,,,52524,pok,,,33314,κτέαρ,,"Besitz, Eigentum, Vermögen",,0,,,,"TD, AMB",AMB,07_23_2025_1516,,,1054,gr. poet.,conflict
1626,,,52525,pok,,,33315,κτεάτεσσιν,,"Besitz, Vermögen",,0,,,,"TD, AMB",AMB,07_23_2025_1516,,,1054,gr. poet.,conflict
1872,,,56735,pok,,,37525,μῆχαρ ,,Hilfsmittel,,0,,,,"TD, AMB",AMB,07_23_2025_1516,,,1205,gr. poet.,conflict
2346,,,64960,pok,,,45750,πυρσός,,feuerrot,,0,,,,"TD, AMB",AMB,07_23_2025_1516,,,1514,gr. poet.,conflict
3397,,,84862,pok,,,65647,ἄθρας,,Wagen,,0,,,,"TD, AMB",AMB,07_23_2025_1516,,,2139,gr. rhod. ,conflict
2362,,,66547,pok,,,47337,ῥογός,,Getreidescheune,,0,,,,"TD, AMB",AMB,07_23_2025_1516,,,1588,gr. sizil. ,conflict
2052,,,59961,pok,,,40751,μολγός,,Sack aus Rindsleder,,0,,,,"TD, AMB",AMB,07_23_2025_1516,,,1323,gr. tarent.,conflict
3215,,,81100,pok,,,61885,τῆ-δε,,hier,,0,,,,"TD, AMB",AMB,07_23_2025_1516,,,2017,gr. ther. megar. ,conflict
598,,,31723,pok,,,12497,dithë,,Käse,,0,,,,"TD, AMB",AMB,07_23_2025_1516,,,380,gr.-alb. ,conflict
554,,,30615,pok,,,11389,δίζα,,αἴξ. Λάκωνες,,0,,,,"TD, AMB",AMB,07_23_2025_1516,,,357,gr.-thrak. ,conflict
2699,,,70851,pok,,,51641,schepp,,schief,,0,,,,"TD, AMB",AMB,07_23_2025_1516,,,1719,hess.-fränk. ,conflict
70,,,20685,pok,,,1463,āṭā ,,Mehl,,0,,,,"TD, AMB",AMB,07_23_2025_1516,,,56,hindi bengali ,conflict
2231,,,62515,pok,,,43305,pata-,,Fuß,,0,,,,"TD, AMB",AMB,07_23_2025_1516,,,1453,hitt. luv. ,conflict
1211,,,45793,pok,,,26567,jagen,,,,0,,,,"TD, AMB",AMB,07_23_2025_1516,,,766,holl. nhd. ,conflict
629,,,32356,pok,,,13130,θρῆνυς,,"Schemel, Ruderbank",,0,,,,"TD, AMB",AMB,07_23_2025_1516,,,398,hom. (ion.) ,conflict
3375,,,84248,pok,,,65033,ἀελλής,,dicht zusammengezogen (κονίσαλος),,0,,,,"TD, AMB",AMB,07_23_2025_1516,,,2128,hom. (äol.),conflict
483,,,28525,pok,,,9299,δέω,,binde,,0,,,,"TD, AMB",AMB,07_23_2025_1516,,,319,hom. att.,conflict
822,,,37147,pok,,,17921,ἦσθα,,sein,,0,,,,"TD, AMB",AMB,07_23_2025_1516,,,516,hom. att.,conflict
322,,,25521,pok,,,6299,φάτνη,,Krippe,,0,,,,"TD, AMB",AMB,07_23_2025_1516,,,226,hom. att. ,conflict
1253,,,46301,pok,,,27075,ζειαί,,Spelt,,0,,,,"TD, AMB",AMB,07_23_2025_1516,,,790,hom. att. ,conflict
3197,,,80677,pok,,,61462,σώζω,,"retten, erhalten",,0,,,,"TD, AMB",AMB,07_23_2025_1516,,,2010,hom. att. ,conflict
3397,,,84656,pok,,,65441,οὐλή,,"Wunde, Narbe",,0,,,,"TD, AMB",AMB,07_23_2025_1516,,,2133,hom. att. ,conflict
571,,,30972,pok,,,11746,δύ(ϝ)ο,,zwei,,0,,,,"TD, AMB",AMB,07_23_2025_1516,,,368,hom. att. dor.,conflict
2391,,,65801,pok,,,46591,ποτί ,,"πρός; gegen - hin, gegen, gegenüber; an, zu; an - hin, von-",,0,,,,"TD, AMB",AMB,07_23_2025_1516,,,1544,hom. böot. lak.,conflict
539,,,30090,pok,,,10864,δραίνω ,,tue,,0,,,,"TD, AMB",AMB,07_23_2025_1516,,,346,hom. ion.,conflict
1458,,,49954,pok,,,30728,κοῦρος,,adulescens,,0,,,,"TD, AMB",AMB,07_23_2025_1516,,,926,hom. ion. ,conflict
1458,,,49958,pok,,,30732,κούρη,,"Mädchen, Jungfrau; Augenstern",,0,,,,"TD, AMB",AMB,07_23_2025_1516,,,926,hom. ion. ,conflict
3451,,,85644,pok,,,66429,ῥύ̆ομαι,,"schirme, errette; halte fest, halte zurück",,0,,,,"TD, AMB",AMB,07_23_2025_1516,,,2166,hom. ion. ,conflict
3249,,,81764,pok,,,62549,σός ,,dein,,0,,,,"TD, AMB",AMB,07_23_2025_1516,,,2047,hom. ion. att.,conflict
3247,,,81728,pok,,,62513,σύ,,du,,0,,,,"TD, AMB",AMB,07_23_2025_1516,,,2047,hom. ion. att. ,conflict
3134,,,79610,pok,,,60403,τάμνω,,schneide,,0,,,,"TD, AMB",AMB,07_23_2025_1516,,,1979,hom. ion. dor. ,conflict
2261,,,63063,pok,,,43853,πτόλις,,"Burg, Stadt, Staat",,0,,,,"TD, AMB",AMB,07_23_2025_1516,,,1466,hom. kypr. ,conflict
3249,,,81765,pok,,,62550,τεός,,dein,,0,,,,"TD, AMB",AMB,07_23_2025_1516,,,2047,hom. lesb. dor. ,conflict
1581,,,52168,pok,,,32958,κρείων,,"edel, fürstlich, Herrscher",,0,,,,"TD, AMB",AMB,07_23_2025_1516,,,1025,hom. poet.,conflict
560,,,30705,pok,,,11479,δόμεν ,,,,0,,,,"TD, AMB",AMB,07_23_2025_1516,,,361,hom. thess.,conflict
564,,,30825,pok,,,11599,δοῦναι,,,,0,,,,"TD, AMB",AMB,07_23_2025_1516,,,361,hom.-att. ,conflict
2226,,,62466,pok,,,43256,Pausō,,PN ,,0,,,,"TD, AMB",AMB,07_23_2025_1516,,,1451,illyr. (messap.) ,conflict
523,,,29676,pok,,,10450,Dravos ,,,,0,,,,"TD, AMB",AMB,07_23_2025_1516,,,342,illyr.-pannon.,conflict
2200,,,62078,pok,,,42868,Osi,,VN ,,0,,,,"TD, AMB",AMB,07_23_2025_1516,,,1431,illyr.-pannon.,conflict
2200,,,62079,pok,,,42869,Osones,,ON ,,0,,,,"TD, AMB",AMB,07_23_2025_1516,,,1431,illyr.-pannon.,conflict
520,,,32675,pok,,,13449,θάρσος,,"Mut, Kühnheit",,0,,,,"TD, AMB",AMB,07_23_2025_1516,,,407,ion. altatt.,conflict
1698,,,53357,pok,,,34147,τέσσερες,,vier,,0,,,,"TD, AMB",AMB,07_23_2025_1516,,,1097,ion. ark. hellen. ,conflict
2311,,,64173,pok,,,44963,πρός,,"noch dazu, überdies (Adv.); gegen - hin, zu, gegen (Präp.); an; nach einem Bereich hin; bei (in Schwüren); von - her, von",,0,,,,"TD, AMB",AMB,07_23_2025_1516,,,1484,ion. att. lesb. ,conflict
1885,,,57576,pok,,,38366,μέζων,,größer,,0,,,,"TD, AMB",AMB,07_23_2025_1516,,,1239,ion. dor. ark. ,conflict
1204,,,75212,pok,,,56002,ψήρ,,Star,,0,,,,"TD, AMB",AMB,07_23_2025_1516,,,1839,ion. ep.,conflict
2362,,,66530,pok,,,47320,ὀργυιή,,Klafter,,0,,,,"TD, AMB",AMB,07_23_2025_1516,,,1588,ion. ep. ,conflict
804,,,36845,pok,,,17619,ἔρσην,,männlich,,0,,,,"TD, AMB",AMB,07_23_2025_1516,,,507,ion. äol. kret. ,conflict
1425,,,49039,pok,,,29813,cnes,,Haut,,0,,,,"TD, AMB",AMB,07_23_2025_1516,,,905,ir. cymr. ,conflict
1023,,,41990,pok,,,22764,glan,,rein,,0,,,,"TD, AMB",AMB,07_23_2025_1516,,,636,ir. cymr. corn. bret.,conflict
1869,,,56639,pok,,,37429,mam ,,Mutter,,0,,,,"TD, AMB",AMB,07_23_2025_1516,,,1203,ir. cymr. corn. bret.,conflict
3106,,,79382,pok,,,60172,*taḫša-,,"Pfeil, Bogen",,0,,,,"TD, AMB",AMB,07_23_2025_1516,,,1971,iran. (skyth.),conflict
190,,,22962,pok,,,3740,vār ,,regnen,,0,,,,"TD, AMB",AMB,07_23_2025_1516,,,135,iran. av.,conflict
2368,,,65322,pok,,,46112,flas,,"Schinn, Schuppe",,0,,,,"TD, AMB",AMB,07_23_2025_1516,,,1527,isl. aschwed.,conflict
424,,,27646,pok,,,8420,brok,,"steifes Gras, Borstengras",,0,,,,"TD, AMB",AMB,07_23_2025_1516,,,290,isl. norw.,conflict
1727,,,54170,pok,,,34960,lapa,,schlaff herabhängen,,0,,,,"TD, AMB",AMB,07_23_2025_1516,,,1124,isl. norw.,conflict
1733,,,54222,pok,,,35012,slapa,,schlaffherabhängen,,0,,,,"TD, AMB",AMB,07_23_2025_1516,,,1124,isl. norw.,conflict
3051,,,78664,pok,,,59454,svamla,,plätschern,,0,,,,"TD, AMB",AMB,07_23_2025_1516,,,1932,isl. norw.,conflict
3051,,,78665,pok,,,59455,sumla,,plätschern,,0,,,,"TD, AMB",AMB,07_23_2025_1516,,,1932,isl. norw.,conflict
2529,,,67667,pok,,,48457,rok,,"Stieben, Treiben, Sturm",,0,,,,"TD, AMB",AMB,07_23_2025_1516,,,1625,isl. norw. ,conflict
1318,,,47157,pok,,,27931,havald,,Band,,0,,,,"TD, AMB",AMB,07_23_2025_1516,,,838,isl. norw. dial. ,conflict
415,,,25302,pok,,,6080,bulla,,"babbeln, schwatzen",,0,,,,"TD, AMB",AMB,07_23_2025_1516,,,218,isl.-norw.,conflict
587,,,31345,pok,,,12119,deda,,Tante(?),,0,,,,"TD, AMB",AMB,07_23_2025_1516,,,374,ital. (venet.),conflict
1336,,,47365,pok,,,28139,scaranto,,steiniger Bergbach,,0,,,,"TD, AMB",AMB,07_23_2025_1516,,,846,ital.-venezian. (ven.) ,conflict
1336,,,47366,pok,,,28140,caranto,,steiniger Bergbach,,0,,,,"TD, AMB",AMB,07_23_2025_1516,,,846,ital.-venezian. (ven.) ,conflict
291,,,24930,pok,,,5708,Boii,,,,0,,,,"TD, AMB",AMB,07_23_2025_1516,,,211,kelt.-ill.,conflict
2740,,,72773,pok,,,53563,cucullus ,,Kapuze,,0,,,,"TD, AMB",AMB,07_23_2025_1516,,,1747,kelt.-lat. ,conflict
351,,,26282,pok,,,7060,Πέργαμος,,,,0,,,,"TD, AMB",AMB,07_23_2025_1516,,,238,kleinas. maked. kret.,conflict
996,,,41351,pok,,,22125,#NAME?,,(enklitisch Partikel),,0,,,,"TD, AMB",AMB,07_23_2025_1516,,,622,klr. bulg. serb. ,conflict
1903,,,57208,pok,,,37998,μέστα,,bis,,0,,,,"TD, AMB",AMB,07_23_2025_1516,,,1228,kret. kyren. ,conflict
1214,,,45905,pok,,,26679,ikra,,Scholle,,0,,,,"TD, AMB",AMB,07_23_2025_1516,,,776,ksl. russ.,conflict
1406,,,48741,pok,,,29515,komár,,Mücke,,0,,,,"TD, AMB",AMB,07_23_2025_1516,,,896,ksl. russ.,conflict
629,,,32361,pok,,,13135,θόρ-ναξ,,ὑποπόδιον ,,0,,,,"TD, AMB",AMB,07_23_2025_1516,,,398,kypr. lak.,conflict
666,,,33283,pok,,,14057,dischöl,,Teufel,,0,,,,"TD, AMB",AMB,07_23_2025_1516,,,415,lad. eng.,conflict
691,,,33832,pok,,,14606,ἐγών-η,,,,0,,,,"TD, AMB",AMB,07_23_2025_1516,,,437,lak. tar. ,conflict
3520,,,19454,pok,,,232,ἀγνέω,,"führe, bringe",,0,,,,"TD, AMB",AMB,07_23_2025_1516,,,10,lak. ätol. kret.,conflict
848,,,37532,pok,,,18306,Vesuvius,,,,0,,,,"TD, AMB",AMB,07_23_2025_1516,,,533,lat. (osk.),conflict
2005,,,59042,pok,,,39832,mamphur,,ein Stück der Drehbank,,0,,,,"TD, AMB",AMB,07_23_2025_1516,,,1289,lat. (osk.),conflict
219,,,23554,pok,,,4332,bl-ae-sus,,"lispelnd, lallend",,0,,,,"TD, AMB",AMB,07_23_2025_1516,,,149,lat. osk.,conflict
3282,,,82168,pok,,,62953,super,,"über, drüber (Präverb); über, über - hin, über - hinaus (Akk.), über’ (‘Abl.’ = Lok.) (Präp.)",,0,,,,"TD, AMB",AMB,07_23_2025_1516,,,2067,lat. umbr.,conflict
2,,,19532,pok,,,310,ager,,Feld,,0,,,,"TD, AMB",AMB,07_23_2025_1516,,,10,lat. umbr. ,conflict
2879,,,74933,pok,,,55723,spelta,,Spelt,,0,,,,"TD, AMB",AMB,07_23_2025_1516,,,1828,lat. vlat.,conflict
368,,,26695,pok,,,7469,#NAME?,,,,0,,,,"TD, AMB",AMB,07_23_2025_1516,,,248,lat.-fal.,conflict
483,,,28467,pok,,,9241,ἔνδοι ,,,,0,,,,"TD, AMB",AMB,07_23_2025_1516,,,318,lesb. dor.,conflict
729,,,34922,pok,,,15696,ἶρος,,"kräftig, rüstig",,0,,,,"TD, AMB",AMB,07_23_2025_1516,,,458,lesb. ion. ,conflict
94,,,21145,pok,,,1923,ὀν,,"auf, in die Höhe, entlang",,0,,,,"TD, AMB",AMB,07_23_2025_1516,,,78,lesb. thess. ark.,conflict
696,,,33877,pok,,,14651,ἴα,,,,0,,,,"TD, AMB",AMB,07_23_2025_1516,,,438,lesb. thess. hom. ,conflict
2972,,,76932,pok,,,57722,στάλλα,,Säule,,0,,,,"TD, AMB",AMB,07_23_2025_1516,,,1885,lesb.-thess. ,conflict
714,,,34548,pok,,,15322,is,,aus,,0,,,,"TD, AMB",AMB,07_23_2025_1516,,,448,lett. apr.,conflict
1719,,,53976,pok,,,34766,labs,,gut,,0,,,,"TD, AMB",AMB,07_23_2025_1516,,,1107,lett. apr.,conflict
2938,,,76101,pok,,,56891,stāt,,"sich stellen, treten",,0,,,,"TD, AMB",AMB,07_23_2025_1516,,,1868,lett. apr. ,conflict
349,,Lith.samo.,26172,pok,,,6950,burgė́ti,,"brummen, zanken, unfreundlich sein",,0,,,,"TD, AMB",AMB,07_23_2025_1516,,,236,lit. (žem.),conflict
349,,Lith.samo.,26173,pok,,,6951,burgèsus,,Brummbart,,0,,,,"TD, AMB",AMB,07_23_2025_1516,,,236,lit. (žem.),conflict
2821,,Lith.samo.,74044,pok,,,54834,smagùs ,,schwer zu tragen oder zu ziehen,,0,,,,"TD, AMB",AMB,07_23_2025_1516,,,1798,lit. (žem.),conflict
786,,,36268,pok,,,17042,dievíe-p,,bei Gott,,0,,,,"TD, AMB",AMB,07_23_2025_1516,,,491,lit. dial. alit. ostlit.,conflict
786,,,36269,pok,,,17043,sūnaũs-pi,,zum Sohne,,0,,,,"TD, AMB",AMB,07_23_2025_1516,,,491,lit. dial. alit. ostlit.,conflict
2560,,,68238,pok,,,49028,sáulė,,Sonne,,0,,,,"TD, AMB",AMB,07_23_2025_1516,,,1651,lit. lett.,conflict
2654,,,70257,pok,,,51047,sulà,,abfließender Baumsaft,,0,,,,"TD, AMB",AMB,07_23_2025_1516,,,1701,lit. lett.,conflict
636,,Lith.samo.,32465,pok,,,13239,drúktas,,"dick, umfangreich, stark",,0,,,,"TD, AMB",AMB,07_23_2025_1516,,,398,lit. žem,conflict
636,,Lith.samo.,32466,pok,,,13240,driúktas ,,"dick, umfangreich, stark",,0,,,,"TD, AMB",AMB,07_23_2025_1516,,,398,lit. žem,conflict
4798,65,Lith.samo.,13269,nil,66,,4253,ašnìs,? *h₂ak̑-n-i-,"Schneide, aufkeimende Saat",,0,,,,"TD, AMB",AMB,07_23_2025_1516,,,,lit. žem. dial.,conflict
2642,,,70076,pok,,,50866,Szar-upa,,FlN ,,0,,,,"TD, AMB",AMB,07_23_2025_1516,,,1694,lit.-poln. ,conflict
950,,,40662,pok,,,21436,γράβιον ,,Fackel,,0,,,,"TD, AMB",AMB,07_23_2025_1516,,,595,maked. (illyr.) ,conflict
1059,,,42992,pok,,,23766,herna,,saxa,,0,,,,"TD, AMB",AMB,07_23_2025_1516,,,664,mars. sabin.,conflict
2347,,,65011,pok,,,45801,patre,,Vater,,0,,,,"TD, AMB",AMB,07_23_2025_1516,,,1516,mars.-lat.,conflict
666,,,33223,pok,,,13997,dupl’ь ,,"hohl, leicht",,0,,,,"TD, AMB",AMB,07_23_2025_1516,,,413,mbg. russ.-ksl. ,conflict
1914,,,57334,pok,,,38124,ment,,Größe,,0,,,,"TD, AMB",AMB,07_23_2025_1516,,,1232,mbret. nbret.,conflict
2639,,,69951,pok,,,50741,hent,,Weg,,0,,,,"TD, AMB",AMB,07_23_2025_1516,,,1691,mbret. nbret.,conflict
2305,,,64055,pok,,,44845,ra-,,(Präverb und Intensivpräfix),,0,,,,"TD, AMB",AMB,07_23_2025_1516,,,1484,mbret. nbret. ,conflict
3228,,,81309,pok,,,62094,teir,,drei,,0,,,,"TD, AMB",AMB,07_23_2025_1516,,,2027,mcymr. bret.,conflict
1569,,,51954,pok,,,32744,gan,,"mit, bei, längs",,0,,,,"TD, AMB",AMB,07_23_2025_1516,,,998,mcymr. bret. ,conflict
3374,,,84190,pok,,,64975,guell ,,besser,,0,,,,"TD, AMB",AMB,07_23_2025_1516,,,2127,mcymr. corn. bret. ,conflict
967,,,40866,pok,,,21640,caffael,,das Erlangen,,0,,,,"TD, AMB",AMB,07_23_2025_1516,,,604,mcymr. cymr.,conflict
2291,,,63685,pok,,,44475,pump,,fünf,,0,,,,"TD, AMB",AMB,07_23_2025_1516,,,1481,mcymr. nc.,conflict
491,,,28661,pok,,,9435,duw,,Gott,,0,,,,"TD, AMB",AMB,07_23_2025_1516,,,321,mcymr. ncymr.,conflict
1157,,,44748,pok,,,25522,krīgen,,"sich anstrengen, trachten, kämpfen, bekommen",,0,,,,"TD, AMB",AMB,07_23_2025_1516,,,718,md. mnd.,conflict
2485,,,67158,pok,,,47948,rump,,Rumpf (*abgehacktes Stück),,0,,,,"TD, AMB",AMB,07_23_2025_1516,,,1612,md. mnd. ,conflict
526,,,29776,pok,,,10550,terren ,,zanken,,0,,,,"TD, AMB",AMB,07_23_2025_1516,,,343,mengl. mnd.,conflict
775,,,36006,pok,,,16780,nēre,,Niere,,0,,,,"TD, AMB",AMB,07_23_2025_1516,,,484,mengl. mnd.,conflict
904,,,38754,pok,,,19528,knagge,,"Knorren, dickes Stück",,0,,,,"TD, AMB",AMB,07_23_2025_1516,,,564,mengl. mnd. ,conflict
2767,,,73037,pok,,,53827,schokken,,stoßen,,0,,,,"TD, AMB",AMB,07_23_2025_1516,,,1753,mengl. mnl.,conflict
3440,,,85505,pok,,,66290,wrikken,,"hin und her drehen, rütteln, wackeln",,0,,,,"TD, AMB",AMB,07_23_2025_1516,,,2162,mengl. nd. ndl. ,conflict
239,,,23910,pok,,,4688,podde,,Kröte,,0,,,,"TD, AMB",AMB,07_23_2025_1516,,,168,mengl. ndd. ,conflict
431,,,27716,pok,,,8490,brink,,"Rand, Kante, Ufer",,0,,,,"TD, AMB",AMB,07_23_2025_1516,,,292,mengl. nengl.,conflict
640,,,32547,pok,,,13321,dirt,,"Dreck, Kot",,0,,,,"TD, AMB",AMB,07_23_2025_1516,,,401,mengl. nengl.,conflict
244,,,23985,pok,,,4763,big,,"dick, groß, aufgeblasen",,0,,,,"TD, AMB",AMB,07_23_2025_1516,,,168,mengl. nengl. ,conflict
2998,,,77405,pok,,,58195,to struggle,,"sich abmühen, kämpfen",,0,,,,"TD, AMB",AMB,07_23_2025_1516,,,1889,mengl. nengl. ,conflict
85,,,21005,pok,,,1783,ana,,πότνια,,0,,,,"TD, AMB",AMB,07_23_2025_1516,,,75,messap. illyr.,conflict
2699,,,70850,pok,,,51640,schief,,schief,,0,,,,"TD, AMB",AMB,07_23_2025_1516,,,1719,mhd. (md. nd.),conflict
128,,,21722,pok,,,2500,uover,,Ufer,,0,,,,"TD, AMB",AMB,07_23_2025_1516,,,100,mhd. (md.),conflict
2787,,,73452,pok,,,54242,slumen,,schlummern,,0,,,,"TD, AMB",AMB,07_23_2025_1516,,,1775,mhd. (md.),conflict
2787,,,73453,pok,,,54243,slummern,,schlummern,,0,,,,"TD, AMB",AMB,07_23_2025_1516,,,1775,mhd. (md.),conflict
2672,,,70555,pok,,,51345,schīr,,lauter,,0,,,,"TD, AMB",AMB,07_23_2025_1516,,,1713,mhd. (md.) ,conflict
521,,,29631,pok,,,10405,treppe,,,,0,,,,"TD, AMB",AMB,07_23_2025_1516,,,342,mhd. (nd.),conflict
521,,,29632,pok,,,10406,trappe,,,,0,,,,"TD, AMB",AMB,07_23_2025_1516,,,342,mhd. (nd.),conflict
521,,,29640,pok,,,10414,trampeln,,derb auftreten,,0,,,,"TD, AMB",AMB,07_23_2025_1516,,,342,mhd. (ndd.),conflict
422,,,27627,pok,,,8401,brach ,,"Krach, Lärm",,0,,,,"TD, AMB",AMB,07_23_2025_1516,,,289,mhd. ags.,conflict
3243,,,81671,pok,,,62456,drőschel,,Drossel,,0,,,,"TD, AMB",AMB,07_23_2025_1516,,,2042,mhd. bair.,conflict
937,,,40011,pok,,,20785,kribeln,,kitzeln (von der Sinuenlust),,0,,,,"TD, AMB",AMB,07_23_2025_1516,,,578,mhd. md. ,conflict
2762,,,72975,pok,,,53765,schiuren,,"scheuern, reinigen, fegen",,0,,,,"TD, AMB",AMB,07_23_2025_1516,,,1751,mhd. md. ,conflict
2762,,,72976,pok,,,53766,schūren ,,"scheuern, reinigen, fegen",,0,,,,"TD, AMB",AMB,07_23_2025_1516,,,1751,mhd. md. ,conflict
113,,,21461,pok,,,2239,enkel,,Knöchel am Fuß,,0,,,,"TD, AMB",AMB,07_23_2025_1516,,,88,mhd. mnd.,conflict
145,,,22023,pok,,,2801,rām,,Ziel,,0,,,,"TD, AMB",AMB,07_23_2025_1516,,,103,mhd. mnd.,conflict
277,,,24774,pok,,,5552,bungen,,trommeln,,0,,,,"TD, AMB",AMB,07_23_2025_1516,,,204,mhd. mnd.,conflict
937,,,39853,pok,,,20627,krūs,,"kraus, lockig",,0,,,,"TD, AMB",AMB,07_23_2025_1516,,,575,mhd. mnd.,conflict
1103,,,43684,pok,,,24458,grummen,,"brummen, murren",,0,,,,"TD, AMB",AMB,07_23_2025_1516,,,694,mhd. mnd.,conflict
3057,,,78708,pok,,,59498,swanc,,"biegsam, schlank, fein, schmächtig",,0,,,,"TD, AMB",AMB,07_23_2025_1516,,,1935,mhd. mnd.,conflict
1058,,,42943,pok,,,23717,garst,,"verdorben, ranzig",,0,,,,"TD, AMB",AMB,07_23_2025_1516,,,662,mhd. mnd. ,conflict
1136,,,44375,pok,,,25149,kīl ,,Keil,,0,,,,"TD, AMB",AMB,07_23_2025_1516,,,711,mhd. mnd. ,conflict
2705,,,71030,pok,,,51820,schelm(e),,Bösewicht,,0,,,,"TD, AMB",AMB,07_23_2025_1516,,,1721,mhd. mnd. ,conflict
1402,,,71310,pok,,,52100,schinden,,"enthäuten, ausplündern, mißhandeln",,0,,,,"TD, AMB",AMB,07_23_2025_1516,,,1729,mhd. mnd. ,conflict
2917,,,75761,pok,,,56551,vlins,,"Kiesel, harter Stein",,0,,,,"TD, AMB",AMB,07_23_2025_1516,,,1852,mhd. mnd. ,conflict
2998,,,77558,pok,,,58348,strieme,,"Streifen, Strahl",,0,,,,"TD, AMB",AMB,07_23_2025_1516,,,1892,mhd. mnl.,conflict
2025,,,59356,pok,,,40146,mursch,,morsch,,0,,,,"TD, AMB",AMB,07_23_2025_1516,,,1295,mhd. nd. ,conflict
2025,,,59357,pok,,,40147,murs,,morsch,,0,,,,"TD, AMB",AMB,07_23_2025_1516,,,1295,mhd. nd. ,conflict
2368,,,65279,pok,,,46069,flunder,,Flunder,,0,,,,"TD, AMB",AMB,07_23_2025_1516,,,1526,mhd. nd. ,conflict
840,,,37416,pok,,,18190,waste,,Wüste,,0,,,,"TD, AMB",AMB,07_23_2025_1516,,,527,mhd. nengl. ,conflict
72,,,20769,pok,,,1547,Alp,,,,0,,,,"TD, AMB",AMB,07_23_2025_1516,,,60,mhd. nhd.,conflict
504,,,29050,pok,,,9824,hundert ,,Großhundert (120),,0,,,,"TD, AMB",AMB,07_23_2025_1516,,,327,mhd. nhd.,conflict
895,,,38195,pok,,,18969,Klammer,,,,0,,,,"TD, AMB",AMB,07_23_2025_1516,,,554,mhd. nhd.,conflict
1008,,,41596,pok,,,22370,gaffen ,,mit offenem Munde anschauen,,0,,,,"TD, AMB",AMB,07_23_2025_1516,,,624,mhd. nhd.,conflict
1618,,,52468,pok,,,33258,serben,,"verdorren, welk werden",,0,,,,"TD, AMB",AMB,07_23_2025_1516,,,1050,mhd. nhd.,conflict
2149,,,61395,pok,,,42185,nū̆,,"jetzt, nun",,0,,,,"TD, AMB",AMB,07_23_2025_1516,,,1393,mhd. nhd.,conflict
2672,,,70503,pok,,,51293,heie,,"Schlägel, hölzerner Hammer, Ramme",,0,,,,"TD, AMB",AMB,07_23_2025_1516,,,1712,mhd. nhd.,conflict
2699,,,70874,pok,,,51664,geschehen,,,,0,,,,"TD, AMB",AMB,07_23_2025_1516,,,1720,mhd. nhd.,conflict
2766,,,73013,pok,,,53803,schupfen,,schupfen,,0,,,,"TD, AMB",AMB,07_23_2025_1516,,,1753,mhd. nhd.,conflict
2767,,,73085,pok,,,53875,schützen,,,,0,,,,"TD, AMB",AMB,07_23_2025_1516,,,1755,mhd. nhd.,conflict
2900,,,75370,pok,,,56160,spreiten,,,,0,,,,"TD, AMB",AMB,07_23_2025_1516,,,1843,mhd. nhd.,conflict
3401,,,84921,pok,,,65706,wanken,,,,0,,,,"TD, AMB",AMB,07_23_2025_1516,,,2142,mhd. nhd.,conflict
121,,,21569,pok,,,2347,ent-,,"ant-, ent-",,0,,,,"TD, AMB",AMB,07_23_2025_1516,,,93,mhd. nhd. ,conflict
321,,,25397,pok,,,6175,blinken,,blinzeln ,,0,,,,"TD, AMB",AMB,07_23_2025_1516,,,221,mhd. nhd. ,conflict
726,,,34794,pok,,,15568,ei,,,,0,,,,"TD, AMB",AMB,07_23_2025_1516,,,452,mhd. nhd. ,conflict
371,,,39782,pok,,,20556,Krume,,,,0,,,,"TD, AMB",AMB,07_23_2025_1516,,,575,mhd. nhd. ,conflict
942,,,40186,pok,,,20960,Kober,,Korb,,0,,,,"TD, AMB",AMB,07_23_2025_1516,,,580,mhd. nhd. ,conflict
953,,,40691,pok,,,21465,kratzen,,kratzen,,0,,,,"TD, AMB",AMB,07_23_2025_1516,,,596,mhd. nhd. ,conflict
1035,,,42303,pok,,,23077,glotzen,,,,0,,,,"TD, AMB",AMB,07_23_2025_1516,,,636,mhd. nhd. ,conflict
1087,,,43497,pok,,,24271,Garbe,,,,0,,,,"TD, AMB",AMB,07_23_2025_1516,,,688,mhd. nhd. ,conflict
1316,,,47130,pok,,,27904,heben,,,,0,,,,"TD, AMB",AMB,07_23_2025_1516,,,838,mhd. nhd. ,conflict
1404,,,48721,pok,,,29495,hummen,,summen,,0,,,,"TD, AMB",AMB,07_23_2025_1516,,,896,mhd. nhd. ,conflict
1494,,,50643,pok,,,31433,hüpfen,,,,0,,,,"TD, AMB",AMB,07_23_2025_1516,,,949,mhd. nhd. ,conflict
1584,,,52204,pok,,,32994,ragen,,,,0,,,,"TD, AMB",AMB,07_23_2025_1516,,,1029,mhd. nhd. ,conflict
1584,,,52207,pok,,,32997,regen,,"ragen machen, aufrichten",,0,,,,"TD, AMB",AMB,07_23_2025_1516,,,1029,mhd. nhd. ,conflict
1719,,,53955,pok,,,34745,lappen,,"lecken, schlürfen",,0,,,,"TD, AMB",AMB,07_23_2025_1516,,,1106,mhd. nhd. ,conflict
2057,,,60045,pok,,,40835,murren,,,,0,,,,"TD, AMB",AMB,07_23_2025_1516,,,1326,mhd. nhd. ,conflict
2529,,,67792,pok,,,48582,Rüster,,,,0,,,,"TD, AMB",AMB,07_23_2025_1516,,,1628,mhd. nhd. ,conflict
2662,,,70362,pok,,,51152,sieden,,,,0,,,,"TD, AMB",AMB,07_23_2025_1516,,,1704,mhd. nhd. ,conflict
1402,,,71350,pok,,,52140,Schenkel,,,,0,,,,"TD, AMB",AMB,07_23_2025_1516,,,1731,mhd. nhd. ,conflict
2735,,,72006,pok,,,52796,scharte,,Bruchstück,,0,,,,"TD, AMB",AMB,07_23_2025_1516,,,1737,mhd. nhd. ,conflict
2740,,,72638,pok,,,53428,raffen,,raffen,,0,,,,"TD, AMB",AMB,07_23_2025_1516,,,1741,mhd. nhd. ,conflict
2998,,,77432,pok,,,58222,strotzen,,,,0,,,,"TD, AMB",AMB,07_23_2025_1516,,,1889,mhd. nhd. ,conflict
3006,,,77846,pok,,,58636,stocken,,steif werden,,0,,,,"TD, AMB",AMB,07_23_2025_1516,,,1898,mhd. nhd. ,conflict
3006,,,77901,pok,,,58691,stutzen,,"mit den Hörnern Stoßen, plötzlich stillestehen, zurückprallen",,0,,,,"TD, AMB",AMB,07_23_2025_1516,,,1898,mhd. nhd. ,conflict
3317,,,82855,pok,,,63640,wickeln,,,,0,,,,"TD, AMB",AMB,07_23_2025_1516,,,2100,mhd. nhd. ,conflict
3355,,,83759,pok,,,64544,wechseln,,,,0,,,,"TD, AMB",AMB,07_23_2025_1516,,,2115,mhd. nhd. ,conflict
3362,,,83929,pok,,,64714,wischen,,,,0,,,,"TD, AMB",AMB,07_23_2025_1516,,,2119,mhd. nhd. ,conflict
2833,,,74196,pok,,,54986,nuofer ,,"munter, frisch, nüchtern",,0,,,,"TD, AMB",AMB,07_23_2025_1516,,,1802,mhd. nhd. alem.,conflict
3265,,,81932,pok,,,62717,drumeln,,"sich im Wirbel drehen, taumeln",,0,,,,"TD, AMB",AMB,07_23_2025_1516,,,2056,mhd. nhd. dial.,conflict
3265,,,81935,pok,,,62720,durmel,,"Schwindel, Taumel, Wirbel",,0,,,,"TD, AMB",AMB,07_23_2025_1516,,,2056,mhd. nhd. dial.,conflict
3265,,,81936,pok,,,62721,dürmel,,"Schwindel, Taumel, Wirbel",,0,,,,"TD, AMB",AMB,07_23_2025_1516,,,2056,mhd. nhd. dial.,conflict
922,,,39304,pok,,,20078,kanker ,,Spinne,,0,,,,"TD, AMB",AMB,07_23_2025_1516,,,569,mhd. nhd. dial. ,conflict
1826,,,55669,pok,,,36459,laffe,,"flache Hand, Schulter",,0,,,,"TD, AMB",AMB,07_23_2025_1516,,,1171,mhd. nhd. dial. ,conflict
2705,,,71082,pok,,,51872,schelfe ,,häutige Schale,,0,,,,"TD, AMB",AMB,07_23_2025_1516,,,1721,mhd. nhd. dial. ,conflict
1457,,,49902,pok,,,30676,corn,,Trinkhorn,,0,,,,"TD, AMB",AMB,07_23_2025_1516,,,925,mir. corn. bret. ,conflict
2311,,,64414,pok,,,45204,orn,,"Morden, Zerstören",,0,,,,"TD, AMB",AMB,07_23_2025_1516,,,1489,mir. cymr.,conflict
2740,,,72427,pok,,,53217,corr ,,"verkümmert, zwerghaft",,0,,,,"TD, AMB",AMB,07_23_2025_1516,,,1737,mir. cymr.,conflict
1171,,,45183,pok,,,25957,bras,,"groß, dick",,0,,,,"TD, AMB",AMB,07_23_2025_1516,,,739,mir. cymr. corn. bret. ,conflict
2475,,,66965,pok,,,47755,ve-rēdus,,Beipferd,,0,,,,"TD, AMB",AMB,07_23_2025_1516,,,1600,mlat.-gall.,conflict
2475,,,66966,pok,,,47756,para-ve-rēdus,,Beipferd,,0,,,,"TD, AMB",AMB,07_23_2025_1516,,,1600,mlat.-gall.,conflict
1511,,,51159,pok,,,31949,clocca,,Schelle,,0,,,,"TD, AMB",AMB,07_23_2025_1516,,,970,mlat.-rom. ,conflict
3247,,,81705,pok,,,62490,tūten,,tuten,,0,,,,"TD, AMB",AMB,07_23_2025_1516,,,2046,mnd. (nhd.),conflict
3355,,,83637,pok,,,64422,wīch,,Kampf,,0,,,,"TD, AMB",AMB,07_23_2025_1516,,,2113,mnd. afr. ,conflict
2038,,,59664,pok,,,40454,smudden ,,beschmutzen,,0,,,,"TD, AMB",AMB,07_23_2025_1516,,,1308,mnd. afries.,conflict
2593,,,69063,pok,,,49853,sēver ,,"Schleim, Geifer",,0,,,,"TD, AMB",AMB,07_23_2025_1516,,,1664,mnd. afries.,conflict
584,,,31203,pok,,,11977,twist,,Zwist (Entzweiung),,0,,,,"TD, AMB",AMB,07_23_2025_1516,,,368,mnd. afries. ,conflict
740,,,35125,pok,,,15899,elm,,Ulme,,0,,,,"TD, AMB",AMB,07_23_2025_1516,,,461,mnd. ags.,conflict
3443,,,85510,pok,,,66295,wrist,,Fußgelenk,,0,,,,"TD, AMB",AMB,07_23_2025_1516,,,2162,mnd. ags. ,conflict
2296,,,63817,pok,,,44607,prūsten,,spritzen,,0,,,,"TD, AMB",AMB,07_23_2025_1516,,,1483,mnd. ahd. ,conflict
3397,,,84796,pok,,,65581,winne,,Weideplatz,,0,,,,"TD, AMB",AMB,07_23_2025_1516,,,2137,mnd. ahd. ,conflict
614,,,32108,pok,,,12882,damp,,"Dampf, feuchter Nebel",,0,,,,"TD, AMB",AMB,07_23_2025_1516,,,390,mnd. engl.,conflict
937,,,40122,pok,,,20896,kogel,,Kugel,,0,,,,"TD, AMB",AMB,07_23_2025_1516,,,580,mnd. holl. ,conflict
1211,,,45796,pok,,,26570,jacht,,Jagd,,0,,,,"TD, AMB",AMB,07_23_2025_1516,,,766,mnd. holl. ,conflict
1160,,,44905,pok,,,25679,quispel,,"Quast, Wedel",,0,,,,"TD, AMB",AMB,07_23_2025_1516,,,724,mnd. md. ,conflict
1826,,,55667,pok,,,36457,lōf,,Windseite,,0,,,,"TD, AMB",AMB,07_23_2025_1516,,,1171,mnd. mengl.,conflict
3488,,,86347,pok,,,67132,wase,,Bündel,,0,,,,"TD, AMB",AMB,07_23_2025_1516,,,2190,mnd. mengl. ,conflict
308,,,25134,pok,,,5912,bole,,Planke,,0,,,,"TD, AMB",AMB,07_23_2025_1516,,,215,mnd. mhd.,conflict
1336,,,47404,pok,,,28178,scharren,,"kratzen, scharren",,0,,,,"TD, AMB",AMB,07_23_2025_1516,,,848,mnd. mhd.,conflict
1351,,,47688,pok,,,28462,hacken,,hacken,,0,,,,"TD, AMB",AMB,07_23_2025_1516,,,862,mnd. mhd.,conflict
2358,,,65209,pok,,,45999,vlage,,"Stoß, Angriff, Sturm",,0,,,,"TD, AMB",AMB,07_23_2025_1516,,,1525,mnd. mhd.,conflict
847,,,68635,pok,,,49425,senkel,,Schnürriemen,,0,,,,"TD, AMB",AMB,07_23_2025_1516,,,1655,mnd. mhd.,conflict
2591,,,69031,pok,,,49821,seiger,,"langsam oder zäh tröpfelnd, matt, schal",,0,,,,"TD, AMB",AMB,07_23_2025_1516,,,1663,mnd. mhd.,conflict
2639,,,69885,pok,,,50675,sengen,,sengen,,0,,,,"TD, AMB",AMB,07_23_2025_1516,,,1689,mnd. mhd.,conflict
2710,,,71182,pok,,,51972,schal,,"schal von Geschmack; trüb, unklar",,0,,,,"TD, AMB",AMB,07_23_2025_1516,,,1723,mnd. mhd.,conflict
2710,,,71183,pok,,,51973,schaln,,trüb werden,,0,,,,"TD, AMB",AMB,07_23_2025_1516,,,1723,mnd. mhd.,conflict
3182,,,80397,pok,,,61190,trāme,,"Balken, Riegel, Stück, Splitter",,0,,,,"TD, AMB",AMB,07_23_2025_1516,,,1998,mnd. mhd.,conflict
1003,,,41512,pok,,,22286,gīge,,Geige,,0,,,,"TD, AMB",AMB,07_23_2025_1516,,,624,mnd. mhd. ,conflict
1831,,,55756,pok,,,36546,lasche,,"Lappen, Fetzen",,0,,,,"TD, AMB",AMB,07_23_2025_1516,,,1175,mnd. mhd. ,conflict
2727,,,71704,pok,,,52494,schrage,,kreuzweisestehende Holzfüße,,0,,,,"TD, AMB",AMB,07_23_2025_1516,,,1736,mnd. mhd. ,conflict
2727,,,71741,pok,,,52531,schrank(e),,"Gitter, Zaun, Verschluß",,0,,,,"TD, AMB",AMB,07_23_2025_1516,,,1736,mnd. mhd. ,conflict
2727,,,71744,pok,,,52534,schrenken,,"verschränken, beschränken, hindern",,0,,,,"TD, AMB",AMB,07_23_2025_1516,,,1736,mnd. mhd. ,conflict
2727,,,71761,pok,,,52551,runge,,Wagenrunge,,0,,,,"TD, AMB",AMB,07_23_2025_1516,,,1736,mnd. mhd. ,conflict
3018,,,78191,pok,,,58981,sūr,,Bitterkeit,,0,,,,"TD, AMB",AMB,07_23_2025_1516,,,1912,mnd. mhd. ,conflict
3035,,,78347,pok,,,59137,swade,,"Reihe von gemähtem Gras, Schwaden",,0,,,,"TD, AMB",AMB,07_23_2025_1516,,,1918,mnd. mhd. ,conflict
3050,,,78578,pok,,,59368,swalch,,Schlund,,0,,,,"TD, AMB",AMB,07_23_2025_1516,,,1926,mnd. mhd. ,conflict
3057,,,78728,pok,,,59518,swengel,,Schwengel,,0,,,,"TD, AMB",AMB,07_23_2025_1516,,,1935,mnd. mhd. ,conflict
3334,,,83052,pok,,,63837,wāgen,,"in die Wage legen, aufs Geratewohl dransetzen, wagen",,0,,,,"TD, AMB",AMB,07_23_2025_1516,,,2103,mnd. mhd. ,conflict
3392,,,84519,pok,,,65304,wellen,,"zum Sieden oder Schmelzen bringen, zusammenschweißen",,0,,,,"TD, AMB",AMB,07_23_2025_1516,,,2132,mnd. mhd. ,conflict
3426,,,85282,pok,,,66067,(ge)ringi,,"leicht, schnell bereit",,0,,,,"TD, AMB",AMB,07_23_2025_1516,,,2155,mnd. mhd. ,conflict
2511,,,67414,pok,,,48204,rūn,,"Wallach, Gaul",,0,,,,"TD, AMB",AMB,07_23_2025_1516,,,1622,mnd. mndl.,conflict
2511,,,67415,pok,,,48205,rūne,,"Wallach, Gaul",,0,,,,"TD, AMB",AMB,07_23_2025_1516,,,1622,mnd. mndl.,conflict
411,,,27494,pok,,,8268,bracke,,Spürhund,,0,,,,"TD, AMB",AMB,07_23_2025_1516,,,286,mnd. mnl.,conflict
2998,,,77605,pok,,,58395,strīpen,,(ab)streifen,,0,,,,"TD, AMB",AMB,07_23_2025_1516,,,1892,mnd. mnl.,conflict
3426,,,85287,pok,,,66072,wrang,,bitter,,0,,,,"TD, AMB",AMB,07_23_2025_1516,,,2155,mnd. mnl. ,conflict
774,,,39398,pok,,,20172,kibbelen,,laut schwatzen,,0,,,,"TD, AMB",AMB,07_23_2025_1516,,,572,mnd. nd.,conflict
774,,,39399,pok,,,20173,kabbelen,,laut schwatzen,,0,,,,"TD, AMB",AMB,07_23_2025_1516,,,572,mnd. nd.,conflict
774,,,39400,pok,,,20174,kevelen,,laut schwatzen,,0,,,,"TD, AMB",AMB,07_23_2025_1516,,,572,mnd. nd.,conflict
2917,,,75762,pok,,,56552,vlîse,,Steinplättchen,,0,,,,"TD, AMB",AMB,07_23_2025_1516,,,1852,mnd. nd. ,conflict
3270,,,82029,pok,,,62814,ūle,,Eule,,0,,,,"TD, AMB",AMB,07_23_2025_1516,,,2061,mnd. nd. ags. ,conflict
904,,,38779,pok,,,19553,knicken,,,,0,,,,"TD, AMB",AMB,07_23_2025_1516,,,564,mnd. nd. nhd. ,conflict
415,,,25311,pok,,,6089,balderen,,lärmen,,0,,,,"TD, AMB",AMB,07_23_2025_1516,,,218,mnd. ndl.,conflict
415,,,25314,pok,,,6092,bulderen,,lärmen,,0,,,,"TD, AMB",AMB,07_23_2025_1516,,,218,mnd. ndl.,conflict
415,,,25315,pok,,,6093,bolderen,,lärmen,,0,,,,"TD, AMB",AMB,07_23_2025_1516,,,218,mnd. ndl.,conflict
521,,,29627,pok,,,10401,trappen,,stampfen,,0,,,,"TD, AMB",AMB,07_23_2025_1516,,,342,mnd. ndl.,conflict
1733,,,54219,pok,,,35009,slap,,schlaff,,0,,,,"TD, AMB",AMB,07_23_2025_1516,,,1124,mnd. ndl.,conflict
2778,,,73305,pok,,,54095,lak,,"schlaff, lose",,0,,,,"TD, AMB",AMB,07_23_2025_1516,,,1768,mnd. ndl.,conflict
2786,,,73442,pok,,,54232,slinken,,zusammenschrumpfen,,0,,,,"TD, AMB",AMB,07_23_2025_1516,,,1773,mnd. ndl.,conflict
3237,,,81471,pok,,,62256,dreigen,,drohen,,0,,,,"TD, AMB",AMB,07_23_2025_1516,,,2032,mnd. ndl. ,conflict
1336,,,47395,pok,,,28169,harsch,,"hart, rauh",,0,,,,"TD, AMB",AMB,07_23_2025_1516,,,848,mnd. nhd.,conflict
308,,,25140,pok,,,5918,Bulle,,,,0,,,,"TD, AMB",AMB,07_23_2025_1516,,,215,mnd. nhd. ,conflict
2971,,,76894,pok,,,57684,stallen,,harnen,,0,,,,"TD, AMB",AMB,07_23_2025_1516,,,1883,mnd. nhd. ,conflict
3067,,,78867,pok,,,59657,surren,,,,0,,,,"TD, AMB",AMB,07_23_2025_1516,,,1941,mnd. nhd. ,conflict
764,,,35710,pok,,,16484,inser ,,eßbare innere Teile von Tieren,,0,,,,"TD, AMB",AMB,07_23_2025_1516,,,476,mnd. nhd. dial. ,conflict
2860,,,74625,pok,,,55415,spīker,,eiserner Nagel,,0,,,,"TD, AMB",AMB,07_23_2025_1516,,,1823,mnd. nnd.,conflict
666,,,33333,pok,,,14107,dust,,"Staub, Spreu, Hülse",,0,,,,"TD, AMB",AMB,07_23_2025_1516,,,415,mnd. nnd. ,conflict
890,,,38105,pok,,,18879,klint,,"Fels, Klippe",,0,,,,"TD, AMB",AMB,07_23_2025_1516,,,554,mnd. nnd. ,conflict
947,,,40358,pok,,,21132,kūse,,"Kolben, Keule; Backenzahn",,0,,,,"TD, AMB",AMB,07_23_2025_1516,,,580,mnd. nnd. ,conflict
2860,,,74638,pok,,,55428,spīle,,Bratspieß,,0,,,,"TD, AMB",AMB,07_23_2025_1516,,,1823,mnd. nnd. ,conflict
2997,,,77388,pok,,,58178,strif,,"steif, fest",,0,,,,"TD, AMB",AMB,07_23_2025_1516,,,1889,mnd. nnd. ,conflict
2997,,,77389,pok,,,58179,stref ,,"steif, fest",,0,,,,"TD, AMB",AMB,07_23_2025_1516,,,1889,mnd. nnd. ,conflict
3355,,,83709,pok,,,64494,wīchele,,Weidenbaum,,0,,,,"TD, AMB",AMB,07_23_2025_1516,,,2115,mnd. nnd. ,conflict
610,,,31939,pok,,,12713,dīger,,,,0,,,,"TD, AMB",AMB,07_23_2025_1516,,,383,mnd. norw.,conflict
3204,,,80749,pok,,,61534,dülle,,Beule,,0,,,,"TD, AMB",AMB,07_23_2025_1516,,,2010,mnd. westfäl. ,conflict
612,,,32014,pok,,,12788,delven,,"graben, begraben",,0,,,,"TD, AMB",AMB,07_23_2025_1516,,,387,mndd. ndl.,conflict
242,,,23968,pok,,,4746,pogge,,"Frosch, Kröte; Geschwulst am Unterleib bei Kühen und Stuten",,0,,,,"TD, AMB",AMB,07_23_2025_1516,,,168,mndd. nndd. ,conflict
242,,,23969,pok,,,4747,pugge ,,"Frosch, Kröte; Geschwulst am Unterleib bei Kühen und Stuten",,0,,,,"TD, AMB",AMB,07_23_2025_1516,,,168,mndd. nndd. ,conflict
890,,,38116,pok,,,18890,cloet,,"Stock; Ball, Knauf des Schwertes",,0,,,,"TD, AMB",AMB,07_23_2025_1516,,,554,mndl. holl.,conflict
890,,,38117,pok,,,18891,kloet,,"Stock; Ball, Knauf des Schwertes",,0,,,,"TD, AMB",AMB,07_23_2025_1516,,,554,mndl. holl.,conflict
2917,,,75726,pok,,,56516,spuwen,,"spucken, speien",,0,,,,"TD, AMB",AMB,07_23_2025_1516,,,1851,mndl. holl. ,conflict
2767,,,73196,pok,,,53986,schuderen,,"schaudern, zittern (*sich schütteln)",,0,,,,"TD, AMB",AMB,07_23_2025_1516,,,1761,mndl. mengl.,conflict
1564,,,51909,pok,,,32699,helen,,kleben,,0,,,,"TD, AMB",AMB,07_23_2025_1516,,,996,mndl. mnd.,conflict
901,,,38395,pok,,,19169,klippe,,Klippe,,0,,,,"TD, AMB",AMB,07_23_2025_1516,,,554,mndl. mnd. ,conflict
1373,,,48074,pok,,,28848,huls,,Hulst,,0,,,,"TD, AMB",AMB,07_23_2025_1516,,,878,mndl. mnd. ,conflict
640,,,32544,pok,,,13318,drīten,,cacāre,,0,,,,"TD, AMB",AMB,07_23_2025_1516,,,401,mndl. ndd.,conflict
321,,,25391,pok,,,6169,blaken,,"flammen, glühen",,0,,,,"TD, AMB",AMB,07_23_2025_1516,,,221,mndl. nndl. ,conflict
2490,,,67174,pok,,,47964,runde,,Wundschorf,,0,,,,"TD, AMB",AMB,07_23_2025_1516,,,1613,mnl. hess.,conflict
387,,,27192,pok,,,7966,blei(g) ,,Fischnamen,,0,,,,"TD, AMB",AMB,07_23_2025_1516,,,264,mnl. mnd.,conflict
387,,,27193,pok,,,7967,bleger,,Fischnamen,,0,,,,"TD, AMB",AMB,07_23_2025_1516,,,264,mnl. mnd.,conflict
2993,,,77323,pok,,,58113,straffen,,strafen,,0,,,,"TD, AMB",AMB,07_23_2025_1516,,,1889,mnl. mnd. ,conflict
3006,,,77833,pok,,,58623,stūken,,"stoßen, aufschichten, erstaunen",,0,,,,"TD, AMB",AMB,07_23_2025_1516,,,1898,mnl. nnd.,conflict
1102,,,43647,pok,,,24421,grom,,"Eingeweide, Schmutz",,0,,,,"TD, AMB",AMB,07_23_2025_1516,,,693,mnl. nnl.,conflict
2920,,,75863,pok,,,56653,rān,,Schenkel,,0,,,,"TD, AMB",AMB,07_23_2025_1516,,,1862,mp. np. ,conflict
1204,,,75162,pok,,,55952,pistān,,weibliche Brust,,0,,,,"TD, AMB",AMB,07_23_2025_1516,,,1837,mpers. np. ,conflict
2529,,,67782,pok,,,48572,rōɣan,,(ausgelassene) Butter,,0,,,,"TD, AMB",AMB,07_23_2025_1516,,,1627,mpers. npers.,conflict
804,,,36888,pok,,,17662,arašk,,"Neid, Eifer",,0,,,,"TD, AMB",AMB,07_23_2025_1516,,,507,mpers. npers. ,conflict
411,,,27502,pok,,,8276,braterais,,,,0,,,,"TD, AMB",AMB,07_23_2025_1516,,,287,mys.-phryg. ,conflict
788,,,36322,pok,,,17096,er,,Adler ,,0,,,,"TD, AMB",AMB,07_23_2025_1516,,,495,nbret. corn.,conflict
2953,,,76330,pok,,,57120,stean,,,,0,,,,"TD, AMB",AMB,07_23_2025_1516,,,1869,ncorn. bret.,conflict
1204,,,75221,pok,,,56011,sprehe,,Star,,0,,,,"TD, AMB",AMB,07_23_2025_1516,,,1839,nd. (nhd.),conflict
2880,,,74992,pok,,,55782,flink,,"rasch, schnell",,0,,,,"TD, AMB",AMB,07_23_2025_1516,,,1829,nd. (nhd.) ,conflict
2880,,,74993,pok,,,55783,flinkern ,,"glänzen, schimmern’,",,0,,,,"TD, AMB",AMB,07_23_2025_1516,,,1829,nd. (nhd.) ,conflict
1425,,,49070,pok,,,29844,nippen,,nippen,,0,,,,"TD, AMB",AMB,07_23_2025_1516,,,905,nd. ndl. ,conflict
1458,,,49914,pok,,,30688,rund,,Horntier,,0,,,,"TD, AMB",AMB,07_23_2025_1516,,,925,nd. ndl. ,conflict
2021,,,59323,pok,,,40113,smarten,,schmerzen,,0,,,,"TD, AMB",AMB,07_23_2025_1516,,,1295,nd. ndl. ,conflict
2038,,,59673,pok,,,40463,smullen,,"schmausen; sudeln, beschmutzen",,0,,,,"TD, AMB",AMB,07_23_2025_1516,,,1308,nd. ndl. ,conflict
2885,,,75117,pok,,,55907,spatten,,"zucken, zappeln",,0,,,,"TD, AMB",AMB,07_23_2025_1516,,,1835,nd. ndl. ,conflict
1413,,,48857,pok,,,29631,Hummer,,,,0,,,,"TD, AMB",AMB,07_23_2025_1516,,,903,nd. nhd.,conflict
2910,,,75598,pok,,,56388,Sprenkel,,Vogelfalle,,0,,,,"TD, AMB",AMB,07_23_2025_1516,,,1846,nd. nhd.,conflict
1102,,,43648,pok,,,24422,groom,,"Eingeweide, Schmutz",,0,,,,"TD, AMB",AMB,07_23_2025_1516,,,693,nd. nl.,conflict
2917,,,75745,pok,,,56535,splitten ,,sich spalten,,0,,,,"TD, AMB",AMB,07_23_2025_1516,,,1852,nd. nl. ,conflict
2705,,,71024,pok,,,51814,schalm,,dünnes Brett,,0,,,,"TD, AMB",AMB,07_23_2025_1516,,,1721,nd. ostfries ndl. ,conflict
2349,,,65117,pok,,,45907,flappen,,"schlagen, klatschen, schwatzen",,0,,,,"TD, AMB",AMB,07_23_2025_1516,,,1523,ndd. mengl.,conflict
1003,,,41497,pok,,,22271,gillen,,schräg abschneiden,,0,,,,"TD, AMB",AMB,07_23_2025_1516,,,624,ndd. ndl. ,conflict
937,,,40057,pok,,,20831,Kote,,"Knöchel, Fessel der Pferde",,0,,,,"TD, AMB",AMB,07_23_2025_1516,,,580,ndd. nhd.,conflict
937,,,40058,pok,,,20832,Köte,,"Knöchel, Fessel der Pferde",,0,,,,"TD, AMB",AMB,07_23_2025_1516,,,580,ndd. nhd.,conflict
937,,,40085,pok,,,20859,kot,,"Schuppen, Stall, Hütte",,0,,,,"TD, AMB",AMB,07_23_2025_1516,,,580,ndd. nhd.,conflict
937,,,40086,pok,,,20860,kote,,"Schuppen, Stall, Hütte",,0,,,,"TD, AMB",AMB,07_23_2025_1516,,,580,ndd. nhd.,conflict
745,,,35241,pok,,,16015,olm,,"Fäulnis, bes. im Holz",,0,,,,"TD, AMB",AMB,07_23_2025_1516,,,463,ndd. ostfries. ,conflict
745,,,35242,pok,,,16016,ulm ,,"Fäulnis, bes. im Holz",,0,,,,"TD, AMB",AMB,07_23_2025_1516,,,463,ndd. ostfries. ,conflict
1941,,,57968,pok,,,38758,mijzelen,,Staub regnen,,0,,,,"TD, AMB",AMB,07_23_2025_1516,,,1252,ndl. (fläm.),conflict
1941,,,57969,pok,,,38759,mīzelen ,,Staub regnen,,0,,,,"TD, AMB",AMB,07_23_2025_1516,,,1252,ndl. (fläm.),conflict
231,,,23754,pok,,,4532,pal,,"unbeweglich, fest",,0,,,,"TD, AMB",AMB,07_23_2025_1516,,,165,ndl. ndd. fries.,conflict
1476,,,50376,pok,,,31166,Hede,,Werg,,0,,,,"TD, AMB",AMB,07_23_2025_1516,,,945,ndl. nhd. ,conflict
1466,,,50132,pok,,,30906,rams,,Waldknoblauch,,0,,,,"TD, AMB",AMB,07_23_2025_1516,,,934,nhd. (bair.),conflict
1542,,,51567,pok,,,32357,losen,,"zuhören, horchen",,0,,,,"TD, AMB",AMB,07_23_2025_1516,,,980,nhd. (bair.) alem.,conflict
3360,,,83865,pok,,,64650,wippen,,hüpfen,,0,,,,"TD, AMB",AMB,07_23_2025_1516,,,2117,nhd. (eig. nd.) mnd. mengl. ,conflict
946,,,40290,pok,,,21064,Kaule,,"Kugel, kugelförmiger Gegenstand",,0,,,,"TD, AMB",AMB,07_23_2025_1516,,,580,nhd. (md.),conflict
1491,,,50595,pok,,,31385,Hügel,,,,0,,,,"TD, AMB",AMB,07_23_2025_1516,,,949,nhd. (md.),conflict
3270,,,82033,pok,,,62818,Uhu ,,,,0,,,,"TD, AMB",AMB,07_23_2025_1516,,,2061,nhd. (md.),conflict
521,,,29629,pok,,,10403,trappeln,,,,0,,,,"TD, AMB",AMB,07_23_2025_1516,,,342,nhd. (nd.),conflict
521,,,29630,pok,,,10404,trippeln,,,,0,,,,"TD, AMB",AMB,07_23_2025_1516,,,342,nhd. (nd.),conflict
897,,,38230,pok,,,19004,klamm ,,steif (krampfig) vor Kälte,,0,,,,"TD, AMB",AMB,07_23_2025_1516,,,554,nhd. (nd.),conflict
1727,,,54181,pok,,,34971,Ohr-läppchen,,,,0,,,,"TD, AMB",AMB,07_23_2025_1516,,,1124,nhd. (nd.),conflict
2349,,,65086,pok,,,45876,piepen,,,,0,,,,"TD, AMB",AMB,07_23_2025_1516,,,1521,nhd. (nd.),conflict
2676,,,70586,pok,,,51376,humpen,,,,0,,,,"TD, AMB",AMB,07_23_2025_1516,,,1714,nhd. (nd.),conflict
2676,,,70587,pok,,,51377,humpeln ,,,,0,,,,"TD, AMB",AMB,07_23_2025_1516,,,1714,nhd. (nd.),conflict
2975,,,76980,pok,,,57770,stelpen,,sistere sanguinem,,0,,,,"TD, AMB",AMB,07_23_2025_1516,,,1885,nhd. (nd.) ,conflict
2975,,,76989,pok,,,57779,stolpern,,,,0,,,,"TD, AMB",AMB,07_23_2025_1516,,,1885,nhd. (nd.) ,conflict
3009,,,77910,pok,,,58700,stottern,,,,0,,,,"TD, AMB",AMB,07_23_2025_1516,,,1898,nhd. (nd.) ,conflict
3309,,,82699,pok,,,63484,wabbelig,,"wackelnd, z. B. von Gallertigem",,0,,,,"TD, AMB",AMB,07_23_2025_1516,,,2095,nhd. (nd.) ,conflict
415,,,25276,pok,,,6054,Block,,"Klotz, Bohle",,0,,,,"TD, AMB",AMB,07_23_2025_1516,,,217,nhd. (ndd.),conflict
361,,,26504,pok,,,7282,Born,,,,0,,,,"TD, AMB",AMB,07_23_2025_1516,,,243,nhd. (ndd.),conflict
666,,,33304,pok,,,14078,Dusel ,,,,0,,,,"TD, AMB",AMB,07_23_2025_1516,,,415,nhd. (ndd.),conflict
1106,,,43727,pok,,,24501,Grand,,Sand,,0,,,,"TD, AMB",AMB,07_23_2025_1516,,,695,nhd. (ndd.),conflict
1734,,,54236,pok,,,35026,schlappern,,,,0,,,,"TD, AMB",AMB,07_23_2025_1516,,,1124,nhd. (ndd.),conflict
1734,,,54237,pok,,,35027,schlabbern,,,,0,,,,"TD, AMB",AMB,07_23_2025_1516,,,1124,nhd. (ndd.),conflict
1744,,,54310,pok,,,35100,leck,,,,0,,,,"TD, AMB",AMB,07_23_2025_1516,,,1125,nhd. (ndd.),conflict
1502,,,50778,pok,,,31568,Humpen,,,,0,,,,"TD, AMB",AMB,07_23_2025_1516,,,949,nhd. (ndd.) ,conflict
1738,,,54260,pok,,,35050,Lumpen,,Fetzen,,0,,,,"TD, AMB",AMB,07_23_2025_1516,,,1124,nhd. (ndd.) ,conflict
2691,,,70734,pok,,,51524,schitter,,,,0,,,,"TD, AMB",AMB,07_23_2025_1516,,,1718,nhd. (obd. schles.),conflict
2844,,,74330,pok,,,55120,narr,,krampfartige Spannung,,0,,,,"TD, AMB",AMB,07_23_2025_1516,,,1808,nhd. (schweiz.),conflict
2945,,,76147,pok,,,56937,Stadel,,,,0,,,,"TD, AMB",AMB,07_23_2025_1516,,,1868,nhd. (süddt.) ,conflict
1041,,,42631,pok,,,23405,grǟtsə,,"weinen, jammern",,0,,,,"TD, AMB",AMB,07_23_2025_1516,,,651,nhd. alem.,conflict
1869,,,56641,pok,,,37431,mamme,,Mutter,,0,,,,"TD, AMB",AMB,07_23_2025_1516,,,1203,nhd. alem.,conflict
2703,,,70910,pok,,,51700,Schachen,,Stückeinzelstehenden Waldes,,0,,,,"TD, AMB",AMB,07_23_2025_1516,,,1720,nhd. bair. schweiz.,conflict
2767,,,73116,pok,,,53906,schopf,,"Gebäude ohne Vorderwand, Scheune",,0,,,,"TD, AMB",AMB,07_23_2025_1516,,,1756,nhd. bair. schweiz. ,conflict
712,,,34460,pok,,,15234,aich,,ich,,0,,,,"TD, AMB",AMB,07_23_2025_1516,,,445,nhd. fränk.,conflict
1969,,,58516,pok,,,39306,melχ,,Milch,,0,,,,"TD, AMB",AMB,07_23_2025_1516,,,1266,nhd. hess. ,conflict
2103,,,60662,pok,,,41452,Schnatz,,"das geflochtene und um die Haarnadel gewickelte Haar der Frauen, Kopfputz der Bräute",,0,,,,"TD, AMB",AMB,07_23_2025_1516,,,1356,nhd. hess. ,conflict
3337,,,83130,pok,,,63915,wīmeln,,wanken,,0,,,,"TD, AMB",AMB,07_23_2025_1516,,,2105,nhd. hess. ,conflict
3355,,,83742,pok,,,64527,wicken,,rasch und heftig hin und her bewegen,,0,,,,"TD, AMB",AMB,07_23_2025_1516,,,2115,nhd. hess. ,conflict
1469,,,50259,pok,,,31049,harder,,Meer-Asche,,0,,,,"TD, AMB",AMB,07_23_2025_1516,,,941,nhd. holl. ,conflict
1470,,,50260,pok,,,31050,herder ,,Meer-Asche,,0,,,,"TD, AMB",AMB,07_23_2025_1516,,,941,nhd. holl. ,conflict
539,,,30056,pok,,,10830,zirbeln ,,"sich im Kreise drehen, wirbeln",,0,,,,"TD, AMB",AMB,07_23_2025_1516,,,344,nhd. mdartl. schweiz.,conflict
2075,,,60240,pok,,,41030,mucken,,mit halboffenem Munde reden,,0,,,,"TD, AMB",AMB,07_23_2025_1516,,,1337,nhd. mnd.,conflict
2905,,,75422,pok,,,56212,spriegel,,Schnellbogen; gespannter Bogen zu einer Überdeckung; Sprenkel beim Vogelfang,,0,,,,"TD, AMB",AMB,07_23_2025_1516,,,1843,nhd. nd. ,conflict
2905,,,75423,pok,,,56213,sprügel,,Schnellbogen; gespannter Bogen zu einer Überdeckung; Sprenkel beim Vogelfang,,0,,,,"TD, AMB",AMB,07_23_2025_1516,,,1843,nhd. nd. ,conflict
2905,,,75424,pok,,,56214,sprugel,,Schnellbogen; gespannter Bogen zu einer Überdeckung; Sprenkel beim Vogelfang,,0,,,,"TD, AMB",AMB,07_23_2025_1516,,,1843,nhd. nd. ,conflict
2905,,,75425,pok,,,56215,sprogel ,,Schnellbogen; gespannter Bogen zu einer Überdeckung; Sprenkel beim Vogelfang,,0,,,,"TD, AMB",AMB,07_23_2025_1516,,,1843,nhd. nd. ,conflict
1058,,,42944,pok,,,23718,garstig,,"verdorben, ranzig",,0,,,,"TD, AMB",AMB,07_23_2025_1516,,,662,nhd. nl. ,conflict
937,,,39870,pok,,,20644,kraust,,kraus,,0,,,,"TD, AMB",AMB,07_23_2025_1516,,,575,nhd. obd. ,conflict
554,,,30590,pok,,,11364,zauche ,,Hündin,,0,,,,"TD, AMB",AMB,07_23_2025_1516,,,354,nhd. schwäb.,conflict
327,,,27365,pok,,,8139,blūsche(n),,"langsam, träge",,0,,,,"TD, AMB",AMB,07_23_2025_1516,,,272,nhd. schwäb. ,conflict
3018,,,78187,pok,,,58977,suge,,Sau,,0,,,,"TD, AMB",AMB,07_23_2025_1516,,,1911,nhd. schwäb. ,conflict
3156,,,79935,pok,,,60728,dahen,,"trocknen, dorren",,0,,,,"TD, AMB",AMB,07_23_2025_1516,,,1991,nhd. steir.,conflict
497,,,28824,pok,,,9598,zēwe ,,Zehe,,0,,,,"TD, AMB",AMB,07_23_2025_1516,,,324,nhd. südd.,conflict
1868,,,56509,pok,,,37299,lorg,,mythischer Riese,,0,,,,"TD, AMB",AMB,07_23_2025_1516,,,1198,nhd. tirol. ,conflict
1869,,,56510,pok,,,37300,lork ,,mythischer Riese,,0,,,,"TD, AMB",AMB,07_23_2025_1516,,,1198,nhd. tirol. ,conflict
2987,,,77183,pok,,,57973,stork,,"Knorren, Stumpf eines Baumes",,0,,,,"TD, AMB",AMB,07_23_2025_1516,,,1889,nhd. tirol. ,conflict
2988,,,77311,pok,,,58101,storfn,,"Strunk, Baumstumpf",,0,,,,"TD, AMB",AMB,07_23_2025_1516,,,1889,nhd. tirol. ,conflict
666,,,33284,pok,,,14058,dūs,,Teufel,,0,,,,"TD, AMB",AMB,07_23_2025_1516,,,415,nhd. westfäl.,conflict
928,,,39508,pok,,,20282,krūne,,Kranich,,0,,,,"TD, AMB",AMB,07_23_2025_1516,,,574,nhd. westfäl. ,conflict
3401,,,84938,pok,,,65723,Wang,,Aue,,0,,,,"TD, AMB",AMB,07_23_2025_1516,,,2143,nhd.-bair.-österr.,conflict
1978,,,58608,pok,,,39398,blas,,Geschmack,,0,,,,"TD, AMB",AMB,07_23_2025_1516,,,1273,nir. cymr.,conflict
1719,,,53952,pok,,,34742,lepja,,schlürfend lecken wie ein Hund,,0,,,,"TD, AMB",AMB,07_23_2025_1516,,,1106,nisl. norw.,conflict
2860,,,74589,pok,,,55379,sprækja,,Span,,0,,,,"TD, AMB",AMB,07_23_2025_1516,,,1821,nisl. norw. ,conflict
1636,,,52659,pok,,,33449,witt,,weiß,,0,,,,"TD, AMB",AMB,07_23_2025_1516,,,1064,nld. ndd.,conflict
1739,,,54269,pok,,,35059,slump ,,Zufall,,0,,,,"TD, AMB",AMB,07_23_2025_1516,,,1124,norw. (mnd.) ,conflict
1014,,,41812,pok,,,22586,gimber,,einjähriges Lamm,,0,,,,"TD, AMB",AMB,07_23_2025_1516,,,631,norw. dial. schwed. dial.,conflict
473,,,28251,pok,,,9025,tæse ,,"entwirren, auffasern, aufzupfen",,0,,,,"TD, AMB",AMB,07_23_2025_1516,,,313,norw. dän.,conflict
1394,,,48503,pok,,,29277,lum,,"mild, lau",,0,,,,"TD, AMB",AMB,07_23_2025_1516,,,886,norw. dän.,conflict
1394,,,48504,pok,,,29278,lummer,,"mild, lau",,0,,,,"TD, AMB",AMB,07_23_2025_1516,,,886,norw. dän.,conflict
2157,,,61485,pok,,,42275,os,,"Dunst, erstickender Dampf",,0,,,,"TD, AMB",AMB,07_23_2025_1516,,,1401,norw. dän.,conflict
2784,,,73410,pok,,,54200,sluntre,,unordentlich sein,,0,,,,"TD, AMB",AMB,07_23_2025_1516,,,1771,norw. dän.,conflict
3018,,,78093,pok,,,58883,strunk,,"aufgerichtet, gerade, stolz",,0,,,,"TD, AMB",AMB,07_23_2025_1516,,,1907,norw. dän.,conflict
922,,,39225,pok,,,19999,kamp,,Bergkuppe,,0,,,,"TD, AMB",AMB,07_23_2025_1516,,,567,norw. dän. ,conflict
1160,,,44883,pok,,,25657,kvas,,"kleine, abgehauene Zweige",,0,,,,"TD, AMB",AMB,07_23_2025_1516,,,724,norw. dän. ,conflict
1160,,,44896,pok,,,25670,kost ,,"Laubbüschel, Reisbesen",,0,,,,"TD, AMB",AMB,07_23_2025_1516,,,724,norw. dän. ,conflict
2740,,,72629,pok,,,53419,rape ,,Zwergbirke (*verkrüppelt),,0,,,,"TD, AMB",AMB,07_23_2025_1516,,,1741,norw. dän. ,conflict
2812,,,73866,pok,,,54656,smǣre ,,Klee,,0,,,,"TD, AMB",AMB,07_23_2025_1516,,,1790,norw. dän. ,conflict
1109,,,43804,pok,,,24578,grugg,,Bodensatz,,0,,,,"TD, AMB",AMB,07_23_2025_1516,,,698,norw. isl. ,conflict
2910,,,75571,pok,,,56361,frekna,,Sommersprosse,,0,,,,"TD, AMB",AMB,07_23_2025_1516,,,1846,norw. nisl.,conflict
2910,,,75561,pok,,,56351,sprekla,,(Haut)-fleck,,0,,,,"TD, AMB",AMB,07_23_2025_1516,,,1846,norw. nisl. ,conflict
745,,,35213,pok,,,15987,ula,,,,0,,,,"TD, AMB",AMB,07_23_2025_1516,,,463,norw. schw. ,conflict
12,,,19785,pok,,,563,id,,leuciscus idus,,0,,,,"TD, AMB",AMB,07_23_2025_1516,,,29,norw. schwed.,conflict
851,,,37563,pok,,,18337,kaka,,"kleines, rundes und flaches Brot",,0,,,,"TD, AMB",AMB,07_23_2025_1516,,,536,norw. schwed.,conflict
937,,,40094,pok,,,20868,kunt,,Ranzen (von Birkenrinde),,0,,,,"TD, AMB",AMB,07_23_2025_1516,,,580,norw. schwed.,conflict
979,,,41032,pok,,,21806,gan,,"Schlund, Rachen; Kiemen, Kopf und Eingeweide kleinerer Fische",,0,,,,"TD, AMB",AMB,07_23_2025_1516,,,613,norw. schwed.,conflict
1826,,,55671,pok,,,36461,labb,,Pfote,,0,,,,"TD, AMB",AMB,07_23_2025_1516,,,1171,norw. schwed.,conflict
2842,,,74280,pok,,,55070,snerka,,"prusten, schnarchen",,0,,,,"TD, AMB",AMB,07_23_2025_1516,,,1807,norw. schwed.,conflict
2843,,,74306,pok,,,55096,snarva,,"knurren, die Zähne fletschen",,0,,,,"TD, AMB",AMB,07_23_2025_1516,,,1807,norw. schwed.,conflict
1035,,,42258,pok,,,23032,glīsa,,"glänzen, schimmern",,0,,,,"TD, AMB",AMB,07_23_2025_1516,,,636,norw. schwed. ,conflict
2705,,,71001,pok,,,51791,skalle,,Kahlkopf,,0,,,,"TD, AMB",AMB,07_23_2025_1516,,,1721,norw. schwed. ,conflict
2717,,,71532,pok,,,52322,skare,,hart gefrorene Kruste auf dem Schnee,,0,,,,"TD, AMB",AMB,07_23_2025_1516,,,1734,norw. schwed. ,conflict
2740,,,72639,pok,,,53429,rappa,,"an sich reißen, schnappen",,0,,,,"TD, AMB",AMB,07_23_2025_1516,,,1741,norw. schwed. ,conflict
2789,,,73490,pok,,,54280,slugga,,schwerfällig gehen,,0,,,,"TD, AMB",AMB,07_23_2025_1516,,,1775,norw. schwed. ,conflict
2806,,,73698,pok,,,54488,slurk,,"Schluck, Mundvoll",,0,,,,"TD, AMB",AMB,07_23_2025_1516,,,1782,norw. schwed. ,conflict
2806,,,73699,pok,,,54489,slurka ,,in großen Zügen schlürfen,,0,,,,"TD, AMB",AMB,07_23_2025_1516,,,1782,norw. schwed. ,conflict
3018,,,78188,pok,,,58978,sugga,,Sau,,0,,,,"TD, AMB",AMB,07_23_2025_1516,,,1911,norw. schwed. ,conflict
3098,,,79225,pok,,,60015,tātte ,,"Frauenbrust, Zitze",,0,,,,"TD, AMB",AMB,07_23_2025_1516,,,1959,norw. schwed. ,conflict
2406,,,65979,pok,,,46769,frak,,"schnell, mutig",,0,,,,"TD, AMB",AMB,07_23_2025_1516,,,1550,norw. schwed. dial. ,conflict
1466,,,50128,pok,,,30902,rams,,Waldknoblauch,,0,,,,"TD, AMB",AMB,07_23_2025_1516,,,934,norw. schwed. dän.,conflict
614,,,32096,pok,,,12870,dunken ,,"feucht, dumpfig, schwül",,0,,,,"TD, AMB",AMB,07_23_2025_1516,,,390,norw. schwed. mdartl.,conflict
891,,,38125,pok,,,18899,klatra,,hudeln,,0,,,,"TD, AMB",AMB,07_23_2025_1516,,,554,norw. schwed. mdartl.,conflict
1336,,,47422,pok,,,28196,jase,,Hase,,0,,,,"TD, AMB",AMB,07_23_2025_1516,,,849,norw. schwed. mdartl. ,conflict
2591,,,69018,pok,,,49808,sil,,Seite,,0,,,,"TD, AMB",AMB,07_23_2025_1516,,,1663,norw.-schwed. ,conflict
2591,,,69019,pok,,,49809,sila ,,seihen,,0,,,,"TD, AMB",AMB,07_23_2025_1516,,,1663,norw.-schwed. ,conflict
712,,,34469,pok,,,15243,ja,,ich,,0,,,,"TD, AMB",AMB,07_23_2025_1516,,,445,nsloven. russ. poln. ,conflict
707,,,34032,pok,,,14806,e-co,,hic,,0,,,,"TD, AMB",AMB,07_23_2025_1516,,,438,osk. päl. ,conflict
264,,,24549,pok,,,5327,far,,"Dinkel, Spelt; Schrot, Mehl",,0,,,,"TD, AMB",AMB,07_23_2025_1516,,,192,osk. umbr.,conflict
2092,,,60566,pok,,,41356,an-,,Verneinungspartikel ,,0,,,,"TD, AMB",AMB,07_23_2025_1516,,,1351,osk. umbr.,conflict
3432,,,85396,pok,,,66181,vorsus,,ein Ackermaß ist ein Terminus der röm. Siedler in Campanien,,0,,,,"TD, AMB",AMB,07_23_2025_1516,,,2158,osk. umbr. ,conflict
154,,,22410,pok,,,3188,akno-,,"Jahr, Festzeit, Opferzeit",,0,,,,"TD, AMB",AMB,07_23_2025_1516,,,122,osk.-umbr.,conflict
986,,,41204,pok,,,21978,*homi-teros,,,,0,,,,"TD, AMB",AMB,07_23_2025_1516,,,619,osk.-umbr.,conflict
986,,,41205,pok,,,21979,*homi-temos,,,,0,,,,"TD, AMB",AMB,07_23_2025_1516,,,619,osk.-umbr.,conflict
988,,,41229,pok,,,22003,*homōn-,,,,0,,,,"TD, AMB",AMB,07_23_2025_1516,,,619,osk.-umbr.,conflict
1542,,,51505,pok,,,32295,Kluvatiis,,Clovatius,,0,,,,"TD, AMB",AMB,07_23_2025_1516,,,980,osk.-umbr.,conflict
1542,,,51506,pok,,,32296,Kluviier,,Cluvii,,0,,,,"TD, AMB",AMB,07_23_2025_1516,,,980,osk.-umbr.,conflict
2289,,,63680,pok,,,44470,*pompe,,fünf,,0,,,,"TD, AMB",AMB,07_23_2025_1516,,,1481,osk.-umbr.,conflict
2305,,,64050,pok,,,44840,pro-,,,,0,,,,"TD, AMB",AMB,07_23_2025_1516,,,1484,osk.-umbr.,conflict
2305,,,64051,pok,,,44841,pru-,,,,0,,,,"TD, AMB",AMB,07_23_2025_1516,,,1484,osk.-umbr.,conflict
3197,,,80687,pok,,,61472,tūfera ,,,,0,,,,"TD, AMB",AMB,07_23_2025_1516,,,2010,osk.-umbr.,conflict
714,,,34525,pok,,,15299,ē-,,aus,,0,,,,"TD, AMB",AMB,07_23_2025_1516,,,448,osk.-umbr. ,conflict
1666,,,52930,pok,,,33720,nep,,neque,,0,,,,"TD, AMB",AMB,07_23_2025_1516,,,1081,osk.-umbr. ,conflict
1666,,,52931,pok,,,33721,neip ,,neque,,0,,,,"TD, AMB",AMB,07_23_2025_1516,,,1081,osk.-umbr. ,conflict
2296,,,63850,pok,,,44640,per-,,,,0,,,,"TD, AMB",AMB,07_23_2025_1516,,,1484,osk.-umbr. ,conflict
2296,,,63851,pok,,,44641,pert ,,,,0,,,,"TD, AMB",AMB,07_23_2025_1516,,,1484,osk.-umbr. ,conflict
475,,,28267,pok,,,9041,teisteren,,reißen,,0,,,,"TD, AMB",AMB,07_23_2025_1516,,,313,ostfries. holl. ,conflict
1630,,,52578,pok,,,33368,schoft ,,"Vorderschulterblat einer Kuh, eines Pferdes",,0,,,,"TD, AMB",AMB,07_23_2025_1516,,,1059,ostfries. ndl.,conflict
3240,,,81533,pok,,,62318,drempel,,Schwelle,,0,,,,"TD, AMB",AMB,07_23_2025_1516,,,2034,ostfries. ndl. ,conflict
2642,,,70069,pok,,,50859,Śrem,,ON ,,0,,,,"TD, AMB",AMB,07_23_2025_1516,,,1694,poln. (ven.),conflict
2161,,,61562,pok,,,42352,jadro ,,"sinus; velum, Segel; Netz",,0,,,,"TD, AMB",AMB,07_23_2025_1516,,,1405,poln. kaschub.,conflict
2031,,,59569,pok,,,40359,muɫ,,Schlamm,,0,,,,"TD, AMB",AMB,07_23_2025_1516,,,1308,poln. klr. ,conflict
774,,,39471,pok,,,20245,gromada,,"Haufen, Masse; Dorfgemeinde, Gemeindeversammlung",,0,,,,"TD, AMB",AMB,07_23_2025_1516,,,573,poln. nsorb. ,conflict
774,,,39472,pok,,,20246,gramada ,,"Haufen, Masse; Dorfgemeinde, Gemeindeversammlung",,0,,,,"TD, AMB",AMB,07_23_2025_1516,,,573,poln. nsorb. ,conflict
726,,,34798,pok,,,15572,ej,,ei!,,0,,,,"TD, AMB",AMB,07_23_2025_1516,,,452,poln. russ. ,conflict
804,,,36666,pok,,,17440,ruch,,Bewegung,,0,,,,"TD, AMB",AMB,07_23_2025_1516,,,497,poln. čech.,conflict
521,,,29622,pok,,,10396,drop,,Leiter,,0,,,,"TD, AMB",AMB,07_23_2025_1516,,,342,poln. čech. ,conflict
521,,,29623,pok,,,10397,drop(i)a,,Leiter,,0,,,,"TD, AMB",AMB,07_23_2025_1516,,,342,poln. čech. ,conflict
2758,,,72896,pok,,,53686,ḱaušis,,Ei,,0,,,,"TD, AMB",AMB,07_23_2025_1516,,,1747,preuß.-lett. ,conflict
852,,,37581,pok,,,18355,coca,,Kuchen,,0,,,,"TD, AMB",AMB,07_23_2025_1516,,,536,prov. katal.,conflict
840,,,37334,pok,,,18108,et,,"und auch, und",,0,,,,"TD, AMB",AMB,07_23_2025_1516,,,523,päl. umbr. ,conflict
419,,,27584,pok,,,8358,brodъ ,,Furt,,0,,,,"TD, AMB",AMB,07_23_2025_1516,,,288,r.-ksl. russ.,conflict
419,,,27585,pok,,,8359,broditi ,,waten,,0,,,,"TD, AMB",AMB,07_23_2025_1516,,,288,r.-ksl. russ.,conflict
764,,,35731,pok,,,16505,lo-ni ,,letztjährig,,0,,,,"TD, AMB",AMB,07_23_2025_1516,,,477,russ. dial. čech.,conflict
2470,,,66832,pok,,,47622,ribyj,,bunt,,0,,,,"TD, AMB",AMB,07_23_2025_1516,,,1592,russ. klr.,conflict
4421,1249,,12009,nil,47,,2993,jatry,^^x^^Hi̯(e)nh₂-tr-,"Schwägerin, des Mannesbruders Frau",,0,,,,"TD, AMB",AMB,07_23_2025_1516,,,,russ. ksl.,conflict
886,,,38071,pok,,,18845,glez-nъ,,Knöchel,,0,,,,"TD, AMB",AMB,07_23_2025_1516,,,554,russ. ksl. ,conflict
886,,,38072,pok,,,18846,glez-na,,Knöchel,,0,,,,"TD, AMB",AMB,07_23_2025_1516,,,554,russ. ksl. ,conflict
886,,,38073,pok,,,18847,glez-no,,Knöchel,,0,,,,"TD, AMB",AMB,07_23_2025_1516,,,554,russ. ksl. ,conflict
1071,,,43220,pok,,,23994,gъbežь,,Biegung,,0,,,,"TD, AMB",AMB,07_23_2025_1516,,,673,russ. ksl. ,conflict
3464,,,85943,pok,,,66728,vrana,,Krähe,,0,,,,"TD, AMB",AMB,07_23_2025_1516,,,2173,russ. ksl. ,conflict
2422,,,66304,pok,,,47094,puch,,"Flaumfedern, Daunen, feines wolliges Haar an Tieren",,0,,,,"TD, AMB",AMB,07_23_2025_1516,,,1564,russ. poln.,conflict
1662,,,52879,pok,,,33669,suka,,Hündin,,0,,,,"TD, AMB",AMB,07_23_2025_1516,,,1076,russ. poln. ,conflict
1719,,,53908,pok,,,34698,lelek,,Nachtrabe,,0,,,,"TD, AMB",AMB,07_23_2025_1516,,,1104,russ. poln. čech.,conflict
1504,,,50893,pok,,,31683,sunica,,Himbeere,,0,,,,"TD, AMB",AMB,07_23_2025_1516,,,951,russ. skr. ,conflict
1182,,,45414,pok,,,26188,zvuk,,"Ton, Laut, Schall",,0,,,,"TD, AMB",AMB,07_23_2025_1516,,,750,russ. čech,conflict
296,,,24983,pok,,,5761,boj,,Schlacht,,0,,,,"TD, AMB",AMB,07_23_2025_1516,,,211,russ. čech.,conflict
2307,,,64069,pok,,,44859,pro ,,wegen,,0,,,,"TD, AMB",AMB,07_23_2025_1516,,,1484,russ. čech.,conflict
1182,,,45397,pok,,,26171,zvon,,"Schall, Glocke",,0,,,,"TD, AMB",AMB,07_23_2025_1516,,,750,russ. čech. ,conflict
1525,,,51309,pok,,,32099,sloj ,,"Schicht, Lager",,0,,,,"TD, AMB",AMB,07_23_2025_1516,,,971,russ. čech. ,conflict
2133,,,61107,pok,,,41897,nyrjati,,se immergere,,0,,,,"TD, AMB",AMB,07_23_2025_1516,,,1375,russ.-aksl. ,conflict
2133,,,61108,pok,,,41898,nura ,,janua,,0,,,,"TD, AMB",AMB,07_23_2025_1516,,,1375,russ.-aksl. ,conflict
251,,,24291,pok,,,5069,baju,,"erzählen, besprechen, heilen",,0,,,,"TD, AMB",AMB,07_23_2025_1516,,,179,russ.-serb.-ksl.,conflict
1336,,,47411,pok,,,28185,cas-cus,,alt,,0,,,,"TD, AMB",AMB,07_23_2025_1516,,,849,sabin.-lat.,conflict
308,,,25161,pok,,,5939,bulk,,"Buckel, Knollen",,0,,,,"TD, AMB",AMB,07_23_2025_1516,,,215,schwed. dän.,conflict
1050,,,42794,pok,,,23568,grīs,,"Ferkel, Schwein",,0,,,,"TD, AMB",AMB,07_23_2025_1516,,,656,schwed. dän.,conflict
335,,,25738,pok,,,6516,barm,,"Brust, Schoß",,0,,,,"TD, AMB",AMB,07_23_2025_1516,,,228,schwed. dän. ,conflict
2953,,,76498,pok,,,57288,staver,,Zaunpfahl,,0,,,,"TD, AMB",AMB,07_23_2025_1516,,,1873,schwed. dän. ,conflict
942,,,40217,pok,,,20991,kubba,,abhauen,,0,,,,"TD, AMB",AMB,07_23_2025_1516,,,580,schwed. isl. norw.,conflict
181,,,22727,pok,,,3505,vad,,Zugnetz,,0,,,,"TD, AMB",AMB,07_23_2025_1516,,,131,schwed. norw.,conflict
666,,,33240,pok,,,14014,dubb,,Pflock,,0,,,,"TD, AMB",AMB,07_23_2025_1516,,,414,schwed. norw.,conflict
1035,,,42545,pok,,,23319,gissa,,"raten, vermuten",,0,,,,"TD, AMB",AMB,07_23_2025_1516,,,648,schwed. norw. ,conflict
1039,,,42610,pok,,,23384,garpa,,"lärmen, prahlen",,0,,,,"TD, AMB",AMB,07_23_2025_1516,,,651,schwed. norw. ,conflict
1469,,,50256,pok,,,31046,harr,,Äsche,,0,,,,"TD, AMB",AMB,07_23_2025_1516,,,941,schwed. norw. ,conflict
2382,,,65524,pok,,,46314,fly,,"Moor, Pfütze",,0,,,,"TD, AMB",AMB,07_23_2025_1516,,,1531,schwed. norw. ,conflict
2761,,,72964,pok,,,53754,skȳr,,gebrechlich,,0,,,,"TD, AMB",AMB,07_23_2025_1516,,,1751,schwed. norw. ,conflict
3006,,,77909,pok,,,58699,stota,,"stottern, stolpern",,0,,,,"TD, AMB",AMB,07_23_2025_1516,,,1898,schwed. norw. ,conflict
3488,,,86344,pok,,,67129,vase,,Laubbündel,,0,,,,"TD, AMB",AMB,07_23_2025_1516,,,2190,schwed. norw. ,conflict
3488,,,86345,pok,,,67130,vasa ,,"verwickeln, faseln",,0,,,,"TD, AMB",AMB,07_23_2025_1516,,,2190,schwed. norw. ,conflict
876,,,37881,pok,,,18655,kīsa,,"schielen, blinzeln",,0,,,,"TD, AMB",AMB,07_23_2025_1516,,,547,schwed. norw. dial.,conflict
1775,,,54863,pok,,,35653,#NAME?,,Ortsnamenendung ,,0,,,,"TD, AMB",AMB,07_23_2025_1516,,,1137,schwed.-dän.,conflict
1775,,,54864,pok,,,35654,#NAME?,,Ortsnamenendung ,,0,,,,"TD, AMB",AMB,07_23_2025_1516,,,1137,schwed.-dän.,conflict
3243,,,81672,pok,,,62457,drostlə,,Drossel,,0,,,,"TD, AMB",AMB,07_23_2025_1516,,,2042,schwäb.-alem.,conflict
534,,,29868,pok,,,10642,raz-drьtь,,zerrissen,,0,,,,"TD, AMB",AMB,07_23_2025_1516,,,343,serb ksl. ,conflict
707,,,34038,pok,,,14812,e-to,,da,,0,,,,"TD, AMB",AMB,07_23_2025_1516,,,438,serb. bulg. ,conflict
4421,1249,CSl.,12010,nil,47,,2994,jetry,^^x^^Hi̯(e)nh₂-tr-,"Schwägerin, des Mannesbruders Frau",,0,,,,"TD, AMB",AMB,07_23_2025_1516,,,,serb. ksl.,conflict
5193,1260,CSl.,14536,nil,94,,5520,igo,? *i̯ug-es-,Joch,,0,,,,"TD, AMB",AMB,07_23_2025_1516,,,,serb.-ksl.,conflict
6109,2645,CSl.,17567,nil,168,,8551,sędra,*sendʰh₁-rah₂-,gerinnender (Bluts)tropfen,,0,,,,"TD, AMB",AMB,07_23_2025_1516,,,,serb.-ksl.,conflict
,3062,CSl.,18468,nil,189,,9452,svekrъ,*su̯ék̑uro- 'Schwiegervater',"Schwiegervater, Vater des Gatten",,0,,,,"TD, AMB",AMB,07_23_2025_1516,,,,serb.-ksl.,conflict
214,,CSl.,23505,pok,,,4283,bъbl’u,,stammeln,,0,,,,"TD, AMB",AMB,07_23_2025_1516,,,149,serb.-ksl.,conflict
640,,CSl.,32572,pok,,,13346,draga,,Tal,,0,,,,"TD, AMB",AMB,07_23_2025_1516,,,402,serb.-ksl.,conflict
713,,CSl.,34482,pok,,,15256,jazь,,Kanal,,0,,,,"TD, AMB",AMB,07_23_2025_1516,,,446,serb.-ksl.,conflict
778,,CSl.,36048,pok,,,16822,onakъ,,von jener Art,,0,,,,"TD, AMB",AMB,07_23_2025_1516,,,485,serb.-ksl.,conflict
834,,CSl.,37284,pok,,,18058,jesenь,,Herbst,,0,,,,"TD, AMB",AMB,07_23_2025_1516,,,519,serb.-ksl.,conflict
947,,CSl.,40553,pok,,,21327,glogъ,,Dorn,,0,,,,"TD, AMB",AMB,07_23_2025_1516,,,589,serb.-ksl.,conflict
2639,,CSl.,69827,pok,,,50617,sedry krьvьnyje,,geronnene Blutmassen,,0,,,,"TD, AMB",AMB,07_23_2025_1516,,,1685,serb.-ksl.,conflict
2961,,CSl.,76655,pok,,,57445,ostežь,,"Kleid, Mantel",,0,,,,"TD, AMB",AMB,07_23_2025_1516,,,1876,serb.-ksl.,conflict
3067,,CSl.,78906,pok,,,59696,svrъdьlъ ,,Bohrer,,0,,,,"TD, AMB",AMB,07_23_2025_1516,,,1943,serb.-ksl.,conflict
1035,,CSl.,42342,pok,,,23116,žlъždǫ,,desiderare,,0,,,,"TD, AMB",AMB,07_23_2025_1516,,,639,serb.-ksl. ,conflict
1327,,CSl.,47269,pok,,,28043,kara ,,,,0,,,,"TD, AMB",AMB,07_23_2025_1516,,,844,serb.-ksl. ,conflict
2179,,CSl.,61747,pok,,,42537,okno,,Fenster,,0,,,,"TD, AMB",AMB,07_23_2025_1516,,,1411,serb.-ksl. ,conflict
2665,,CSl.,70417,pok,,,51207,šurь,,Bruder der Frau,,0,,,,"TD, AMB",AMB,07_23_2025_1516,,,1708,serb.-ksl. ,conflict
2988,,CSl.,77278,pok,,,58068,utrъpěti,,erstarren,,0,,,,"TD, AMB",AMB,07_23_2025_1516,,,1889,serb.-ksl. ,conflict
2073,,CSl.,60226,pok,,,41016,mukati,,brüllen,,0,,,,"TD, AMB",AMB,07_23_2025_1516,,,1337,skr. slov. čech.,conflict
1953,,CSl.,58169,pok,,,38959,mlán,,Griff an der Handmühle,,0,,,,"TD, AMB",AMB,07_23_2025_1516,,,1256,skr. čak. ,conflict
3813,474,CSl.,9648,nil,13,,632,obrьvь,*bʰruH-,Augenbraue,,0,,,,"TD, AMB",AMB,07_23_2025_1516,,,,skr.-ksl.,conflict
5582,2029,CSl.,15759,nil,129,,6743,mora,? *mor-ah₂-,Hexe,,0,,,,"TD, AMB",AMB,07_23_2025_1516,,,,skr.-ksl.,conflict
442,,CSl.,27846,pok,,,8620,brutъ ,,Nagel,,0,,,,"TD, AMB",AMB,07_23_2025_1516,,,301,skr.-ksl.,conflict
691,,CSl.,33821,pok,,,14595,ja-skudъ,,häßlich,,0,,,,"TD, AMB",AMB,07_23_2025_1516,,,436,skr.-ksl.,conflict
4469,715,CSl.,12121,nil,49,,3105,desna,*h₁d-n̥t-,Zahnfleisch,,0,,,,"TD, AMB",AMB,07_23_2025_1516,,,,skr.-ksl. ,conflict
450,,CSl.,27988,pok,,,8762,obrъvъ,,Braue,,0,,,,"TD, AMB",AMB,07_23_2025_1516,,,306,skr.-ksl. ,conflict
1754,,CSl.,54460,pok,,,35250,sulogъ,,,,0,,,,"TD, AMB",AMB,07_23_2025_1516,,,1128,skr.-ksl. ,conflict
1866,,CSl.,56478,pok,,,37268,ĺutiti sę,,saevire,,0,,,,"TD, AMB",AMB,07_23_2025_1516,,,1195,skr.-ksl. ,conflict
2020,,CSl.,59297,pok,,,40087,mora,,Hexe,,0,,,,"TD, AMB",AMB,07_23_2025_1516,,,1295,skr.-ksl. ,conflict
1754,,,54490,pok,,,35280,lězǫ,,"kriechen, schreiten, steigen",,0,,,,"TD, AMB",AMB,07_23_2025_1516,,,1130,slav. abg. ,conflict
728,,,34851,pok,,,15625,oje,,Deichsel,,0,,,,"TD, AMB",AMB,07_23_2025_1516,,,451,sloven. skr. čech.,conflict
2920,,,75846,pok,,,56636,Strudel,,,,0,,,,"TD, AMB",AMB,07_23_2025_1516,,,1859,spät mhd. nhd.,conflict
118,,,21503,pok,,,2281,Öse,,,,0,,,,"TD, AMB",AMB,07_23_2025_1516,,,91,spätmhd. nhd.,conflict
901,,,38336,pok,,,19110,klēpi,,küssen,,0,,,,"TD, AMB",AMB,07_23_2025_1516,,,554,sylt. fries.,conflict
1295,,,46872,pok,,,27646,σίκιν(ν)ις,,Tanz der Satyrn zu Ehren desDionysos,,0,,,,"TD, AMB",AMB,07_23_2025_1516,,,824,thrak.-phryg.,conflict
3410,,,85115,pok,,,65900,βρία,,Festung,,0,,,,"TD, AMB",AMB,07_23_2025_1516,,,2149,thrak.-phryg. ,conflict
2357,,,65191,pok,,,45981,flecken,,"Brett, Bohle",,0,,,,"TD, AMB",AMB,07_23_2025_1516,,,1524,tirol.-kärnt.,conflict
1272,,TA,46586,pok,,,27360,kat,,Zerstörung,,0,,,,"TD, AMB",AMB,07_23_2025_1516,,,805,toch A,conflict
6968,522,TA,749,liv,87,,749,tsmālune,perfect,Abstr,[abstract],0,,,"toch. B Konj. tsmāntär ‘werden wachsen’, A Abstr. tsmālune","TD, AMB",AMB,07_23_2025_1516,366,perfect,,toch. A,conflict
7560,1131,TA,2041,liv,255,,2041,śmäṣ,root aorist,wird kommen,,0,,,"toch. Konj. B śman-, A śmäṣ ‘wird kommen’{7}; [Prät. B kameṃ ‘kamen’{8}","TD, AMB",AMB,07_23_2025_1516,806,root aorist,,toch. A,conflict
8841,1819,TA,4731,liv,613,,4731,letaṣ,perfect,soll/wird weggehen,,0,,,"[toch. Konj. B laitaṃ, A letaṣ ‘soll/wird weggehen’","TD, AMB",AMB,07_23_2025_1516,1320,perfect,,toch. A,conflict
9068,2036,TA,5250,liv,669,,5250,märs,root aorist,vergaß,forgot,0,,,"[toch. B marsa, A märs ‘vergaß’{2}","TD, AMB",AMB,07_23_2025_1516,1482,root aorist,,toch. A,conflict
9242,2265,TA,5616,liv,715,,5616,pekat,perfect,"malte, schrieb",,0,,,"toch. B paiyka, A Med. pekat ‘malte, schrieb’{5} Konj. B paikatär, A pekatär","TD, AMB",AMB,07_23_2025_1516,1656,perfect,,toch. A,conflict
9242,2265,TA,5618,liv,715,,5618,pekatär,perfect,"malen, schreiben",,0,,,"toch. B paiyka, A Med. pekat ‘malte, schrieb’{5} Konj. B paikatär, A pekatär","TD, AMB",AMB,07_23_2025_1516,1656,perfect,,toch. A,conflict
10613,3368,TA,8543,liv,1111,,8543,wekaṣ,perfect,wird schwinden,,1,,,"?[toch. Konj. B wikātär, A wekaṣ ‘wird schwinden’","TD, AMB",AMB,07_23_2025_1516,2437,perfect,,toch. A,conflict
10615,3368,TA,8547,liv,1111,,8547,wikäṣt,se-present,vermeidest,Avoidance,0,,,"toch.B wikṣeñca ‘sich fernhaltend’, A wikäṣt ‘vermeidest’{8}","TD, AMB",AMB,07_23_2025_1516,2437,se-present,,toch. A,conflict
10616,3368,TA,8549,liv,1111,,8549,wikatär,essive,schwindet,swear,0,,,"toch.B wiketär, A wikatär ‘schwindet’","TD, AMB",AMB,07_23_2025_1516,2437,essive,,toch. A,conflict
3639,301,TA,9092,nil,3,,76,pkänt,*bʰeg-n̥to-,Hindernis,,0,,,,"TD, AMB",AMB,07_23_2025_1516,,,,toch. A,conflict
3699,347,TA,9226,nil,8,,210,kupre,*ku-bʰr-o-,ob?,,0,,,,"TD, AMB",AMB,07_23_2025_1516,,,,toch. A,conflict
3699,347,TA,9227,nil,8,,211,kuprene,*ku-bʰr-o-,wenn,,0,,,,"TD, AMB",AMB,07_23_2025_1516,,,,toch. A,conflict
3700,347,TA,9232,nil,8,,216,ewär,*oi̯-bʰr-ó-,wild (Tier),,0,,,,"TD, AMB",AMB,07_23_2025_1516,,,,toch. A,conflict
3701,347,TA,9234,nil,8,,218,täpreṃ,*to-bʰr-o-,so sehr,,0,,,,"TD, AMB",AMB,07_23_2025_1516,,,,toch. A,conflict
3804,441,TA,9592,nil,12,,576,pracar,*bʰráh₂ter-,Bruder,,0,,,,"TD, AMB",AMB,07_23_2025_1516,,,,toch. A,conflict
3804,441,TA,9593,nil,12,,577,pracri,*bʰráh₂ter-,Bruder,,0,,,,"TD, AMB",AMB,07_23_2025_1516,,,,toch. A,conflict
3804,441,TA,9594,nil,12,,578,pratri,*bʰráh₂ter-,Bruder,,0,,,,"TD, AMB",AMB,07_23_2025_1516,,,,toch. A,conflict
3804,441,TA,9595,nil,12,,579,pracre,*bʰráh₂ter-,Bruder,,0,,,,"TD, AMB",AMB,07_23_2025_1516,,,,toch. A,conflict
3804,441,TA,9596,nil,12,,580,pracres,*bʰráh₂ter-,Bruder,,0,,,,"TD, AMB",AMB,07_23_2025_1516,,,,toch. A,conflict
4006,1004,TA,10468,nil,22,,1452,tkaṃ,*dʰéĝʰ-om-,"Erde, Boden",,0,,,,"TD, AMB",AMB,07_23_2025_1516,,,,toch. A,conflict
4137,674,TA,10910,nil,28,,1894,tpär,*dʰub-ro/ah₂-,hoch,,0,,,,"TD, AMB",AMB,07_23_2025_1516,,,,toch. A,conflict
4142,603,TA,10935,nil,29,,1919,tāṃ,*dʰoh₁-náh₂-,(Samen)korn,,0,,,,"TD, AMB",AMB,07_23_2025_1516,,,,toch. A,conflict
4144,701,TA,10996,nil,30,,1980,ckācar,*dʰugh₂tér-,"Tochter, Mädchen",,0,,,,"TD, AMB",AMB,07_23_2025_1516,,,,toch. A,conflict
4294,1080,TA,11529,nil,36,,2513,tsar,*ĝʰes-r-,Hand,,0,,,,"TD, AMB",AMB,07_23_2025_1516,,,,toch. A,conflict
4337,1159,TA,11649,nil,40,,2633,śäṃ,*gʷén-h₂-,(Ehe)Frau,,0,,,,"TD, AMB",AMB,07_23_2025_1516,,,,toch. A,conflict
4366,1181,TA,11861,nil,42,,2845,kayurṣ,? *gʷóu̯-,Stier,,0,,,,"TD, AMB",AMB,07_23_2025_1516,,,,toch. A,conflict
4463,715,TA,12093,nil,49,,3077,yats,*h₁ēd-s-o-,(äußere) Haut,,0,,,,"TD, AMB",AMB,07_23_2025_1516,,,,toch. A,conflict
4498,730,TA,12238,nil,50,,3222,ytār,*h₁i-tor/n-,"Weg, Straße",,0,,,,"TD, AMB",AMB,07_23_2025_1516,,,,toch. A,conflict
4498,730,TA,12239,nil,50,,3223,ytāräṃ,*h₁i-tor/n-,"Weg, Straße",,0,,,,"TD, AMB",AMB,07_23_2025_1516,,,,toch. A,conflict
4505,730,TA,12252,nil,50,,3236,yme,*h₁éi̯-men-,Straße,,0,,,,"TD, AMB",AMB,07_23_2025_1516,,,,toch. A,conflict
4540,749,TA,12394,nil,51,,3378,yuk,*h₁ék̑u̯o-,Pferd,,0,,,,"TD, AMB",AMB,07_23_2025_1516,,,,toch. A,conflict
4590,759,TA,12591,nil,56,,3575,lyutār,? *h₁ludʰ-ōr-,mehr,,0,,,,"TD, AMB",AMB,07_23_2025_1516,,,,toch. A,conflict
4626,3478,TA,12692,nil,59,,3676,wärts,*h₁u̯r̥H-ti̯o-,breit,,0,,,,"TD, AMB",AMB,07_23_2025_1516,,,,toch. A,conflict
4749,61,TA,13094,nil,65,,4078,yusār,*h₂i̯-eu̯-s-ōr,Jahreszeit,,0,,,,"TD, AMB",AMB,07_23_2025_1516,,,,toch. A,conflict
4768,65,TA,13181,nil,66,,4165,āk,? *h₂ák̑-es-,"Ende, Spitze, Gipfel",,0,,,,"TD, AMB",AMB,07_23_2025_1516,,,,toch. A,conflict
4815,122,TA,13317,nil,67,,4301,eṃts,*h₂omĝʰ-so-,"Gier, Neid",,0,,,,"TD, AMB",AMB,07_23_2025_1516,,,,toch. A,conflict
4869,164,TA,13497,nil,72,,4481,ārki,**h₂arĝ-u-,weiß,,0,,,,"TD, AMB",AMB,07_23_2025_1516,,,,toch. A,conflict
4869,164,TA,13498,nil,72,,4482,ārkyañc,**h₂arĝ-u-,weiß,,0,,,,"TD, AMB",AMB,07_23_2025_1516,,,,toch. A,conflict
5001,3003,TA,13929,nil,80,,4913,śre*,? *h₂ster-ih₂-,Stern,,0,,,,"TD, AMB",AMB,07_23_2025_1516,,,,toch. A,conflict
5001,3003,TA,13930,nil,80,,4914,śreñ,? *h₂ster-ih₂-,Stern,,0,,,,"TD, AMB",AMB,07_23_2025_1516,,,,toch. A,conflict
5072,3343,TA,14147,nil,84,,5131,opsi,*h₂uks-é/ón-,Ochse,,0,,,,"TD, AMB",AMB,07_23_2025_1516,,,,toch. A,conflict
5082,2196,TA,14183,nil,86,,5167,ak,*(-)h₃okʷ-,Auge,,0,,,,"TD, AMB",AMB,07_23_2025_1516,,,,toch. A,conflict
5082,2196,TA,14184,nil,86,,5168,smakk,*(-)h₃okʷ-,gleich(-mäßig),,0,,,,"TD, AMB",AMB,07_23_2025_1516,,,,toch. A,conflict
5083,2196,TA,14197,nil,86,,5181,aśäṃ,ˣh₃okʷ-ih₁,beide Augen,,0,,,,"TD, AMB",AMB,07_23_2025_1516,,,,toch. A,conflict
5096,2196,TA,14299,nil,86,,5283,pratsak,*-h₃ōkʷ-ah₂-,Brust,,0,,,,"TD, AMB",AMB,07_23_2025_1516,,,,toch. A,conflict
5186,1260,TA,14521,nil,94,,5505,yokäm,? *i̯ou̯g-men-,"Tür, Tor",,0,,,,"TD, AMB",AMB,07_23_2025_1516,,,,toch. A,conflict
5271,1477,TA,14767,nil,103,,5751,mälkärteṃ,*-kr̥d-on-,großherzig,,0,,,,"TD, AMB",AMB,07_23_2025_1516,,,,toch. A,conflict
5273,1477,TA,14776,nil,103,,5760,kri,*k̑r̥d-i̯ah₂-,Wille,,0,,,,"TD, AMB",AMB,07_23_2025_1516,,,,toch. A,conflict
5293,1557,TA,14831,nil,106,,5815,klyom,? *k̑leu̯-mon-,vornehm,,0,,,,"TD, AMB",AMB,07_23_2025_1516,,,,toch. A,conflict
5318,1557,TA,14929,nil,106,,5913,klots,? *k̑lou̯-ti̯-(a)h₂-,Ohr,,0,,,,"TD, AMB",AMB,07_23_2025_1516,,,,toch. A,conflict
5348,1688,TA,15052,nil,109,,6036,ku,*k̑u̯ón-,Hund,,0,,,,"TD, AMB",AMB,07_23_2025_1516,,,,toch. A,conflict
5392,1773,TA,15183,nil,113,,6167,lykäly,*legʰ-l(i)i̯o-,"klein, fein",,0,,,,"TD, AMB",AMB,07_23_2025_1516,,,,toch. A,conflict
5442,1915,TA,15332,nil,117,,6316,mācar,*máh₂ter-,Mutter,,0,,,,"TD, AMB",AMB,07_23_2025_1516,,,,toch. A,conflict
5486,1933,TA,15461,nil,121,,6445,mäcr-im,*medʰ-i-ro-,Süden,,0,,,,"TD, AMB",AMB,07_23_2025_1516,,,,toch. A,conflict
5522,1906,TA,15600,nil,124,,6584,mok,? *mah₂k̑-on-,"alt (von Menschen, auch als Titel)",,0,,,,"TD, AMB",AMB,07_23_2025_1516,,,,toch. A,conflict
5656,2136,TA,16029,nil,136,,7013,nokte,? *nokʷ-t-ou̯-,bei Nacht,,0,,,,"TD, AMB",AMB,07_23_2025_1516,,,,toch. A,conflict
5658,2136,TA,16031,nil,136,,7015,nakcu,*nokʷt-eu̯-i̯o-,"nachts, letzte Nacht",,0,,,,"TD, AMB",AMB,07_23_2025_1516,,,,toch. A,conflict
5690,2163,TA,16194,nil,141,,7178,ñu,*néu̯-o/ah₂-,neu,,0,,,,"TD, AMB",AMB,07_23_2025_1516,,,,toch. A,conflict
5702,2254,TA,16242,nil,142,,7226,pe,*pod-,Fuß,,0,,,,"TD, AMB",AMB,07_23_2025_1516,,,,toch. A,conflict
5702,2254,TA,16244,nil,142,,7228,posac,*pod-,"unterhalb, neben",,0,,,,"TD, AMB",AMB,07_23_2025_1516,,,,toch. A,conflict
5702,2254,TA,16245,nil,142,,7229,posaṁ,*pod-,"unterhalb, neben",,0,,,,"TD, AMB",AMB,07_23_2025_1516,,,,toch. A,conflict
5784,2264,TA,16489,nil,146,,7473,pśär,*pik̑-er-o-,"stechend, bitter",,0,,,,"TD, AMB",AMB,07_23_2025_1516,,,,toch. A,conflict
5799,2279,TA,16519,nil,147,,7503,pukäl,? *pékʷ-l̥-,Jahr,,0,,,,"TD, AMB",AMB,07_23_2025_1516,,,,toch. A,conflict
5827,2369,TA,16654,nil,150,,7638,pācar,*ph₂tér-,Vater,,0,,,,"TD, AMB",AMB,07_23_2025_1516,,,,toch. A,conflict
5827,2369,TA,16655,nil,150,,7639,pācär,*ph₂tér-,Vater,,0,,,,"TD, AMB",AMB,07_23_2025_1516,,,,toch. A,conflict
5827,2369,TA,16656,nil,150,,7640,pācri,*ph₂tér-,Vater,,0,,,,"TD, AMB",AMB,07_23_2025_1516,,,,toch. A,conflict
5829,2369,TA,16677,nil,150,,7661,ṣomapācär,*(somo)-ph₂tor-,von demselben Vater,,0,,,,"TD, AMB",AMB,07_23_2025_1516,,,,toch. A,conflict
5891,2476,TA,16913,nil,155,,7897,arkant-,? *r̥gʷ-ont-,schwarz,,0,,,,"TD, AMB",AMB,07_23_2025_1516,,,,toch. A,conflict
5916,2523,TA,16997,nil,157,,7981,ratäk,? *rot-iko-,Heer,,0,,,,"TD, AMB",AMB,07_23_2025_1516,,,,toch. A,conflict
6090,2578,TA,17501,nil,164,,8485,swāñceṃ,*suh₂n̥-to-n-,Strahl,,0,,,,"TD, AMB",AMB,07_23_2025_1516,,,,toch. A,conflict
6095,2635,TA,17525,nil,166,,8509,ṣälyp,*selp-es-,"Öl, Salbe, Fett",,0,,,,"TD, AMB",AMB,07_23_2025_1516,,,,toch. A,conflict
6252,2954,TA,17933,nil,182,,8917,praṣt,*-stah₂-,Zeit,,0,,,,"TD, AMB",AMB,07_23_2025_1516,,,,toch. A,conflict
6256,2954,TA,17956,nil,182,,8940,opäśśi,*-sth₂-ú-,"kunstfertig, geschickt",,0,,,,"TD, AMB",AMB,07_23_2025_1516,,,,toch. A,conflict
6285,2954,TA,18069,nil,182,,9053,ṣtām,*sth₂-(s)mn̥-,Baum,,0,,,,"TD, AMB",AMB,07_23_2025_1516,,,,toch. A,conflict
6309,2954,TA,18155,nil,182,,9139,ṣtār,? *sth₂-ró-,"fest, unbeweglich",,0,,,,"TD, AMB",AMB,07_23_2025_1516,,,,toch. A,conflict
6353,2989,TA,18300,nil,184,,9284,yäslyi,? *(-)stl-o-,"Streit, Zwietracht",,0,,,,"TD, AMB",AMB,07_23_2025_1516,,,,toch. A,conflict
6353,2989,TA,18302,nil,184,,9286,äsal,? *(-)stl-o-,Pfosten,,0,,,,"TD, AMB",AMB,07_23_2025_1516,,,,toch. A,conflict
6382,2579,TA,18379,nil,187,,9363,ṣotre,*su̯ēdʰh₁-ru-,"Zeichen, Marke, Tat",,0,,,,"TD, AMB",AMB,07_23_2025_1516,,,,toch. A,conflict
6394,3047,TA,18412,nil,188,,9396,swār,? *su(a)h₂d-ro-,süß,,0,,,,"TD, AMB",AMB,07_23_2025_1516,,,,toch. A,conflict
6410,3085,TA,18484,nil,190,,9468,ṣpäṃ,*su̯ep-n-o-,Schlaf,,0,,,,"TD, AMB",AMB,07_23_2025_1516,,,,toch. A,conflict
6441,2679,TA,18664,nil,193,,9648,seyo,*suH-i̯u-,Sohn,,0,,,,"TD, AMB",AMB,07_23_2025_1516,,,,toch. A,conflict
6622,209,TA,19127,nil,203,,10111,kayurṣ,*u̯ŕ̥s-en-,Stier,,0,,,,"TD, AMB",AMB,07_23_2025_1516,,,,toch. A,conflict
12,,TA,19727,pok,,,505,е-,,geben,,0,,,,"TD, AMB",AMB,07_23_2025_1516,,,24,toch. A,conflict
20,,TA,19867,pok,,,645,ekro,,krank,,0,,,,"TD, AMB",AMB,07_23_2025_1516,,,32,toch. A,conflict
28,,TA,19958,pok,,,736,ākāl,,"Wunsch, Sehnsucht",,0,,,,"TD, AMB",AMB,07_23_2025_1516,,,36,toch. A,conflict
40,,TA,20123,pok,,,901,āym,,"Geist, Leben",,0,,,,"TD, AMB",AMB,07_23_2025_1516,,,45,toch. A,conflict
47,,TA,20217,pok,,,995,āc̨āwe,,rauh,,0,,,,"TD, AMB",AMB,07_23_2025_1516,,,47,toch. A,conflict
60,,TA,20372,pok,,,1150,ākär ,,Träne,,0,,,,"TD, AMB",AMB,07_23_2025_1516,,,49,toch. A,conflict
60,,TA,20373,pok,,,1151,ākrunt ,,Träne,,0,,,,"TD, AMB",AMB,07_23_2025_1516,,,49,toch. A,conflict
64,,TA,20540,pok,,,1318,ālya-k^^ə^^,,ἄλλος τις,,0,,,,"TD, AMB",AMB,07_23_2025_1516,,,52,toch. A,conflict
64,,TA,20542,pok,,,1320,ā̆lak^^ə^^ ,,anderer,,0,,,,"TD, AMB",AMB,07_23_2025_1516,,,52,toch. A,conflict
64,,TA,20543,pok,,,1321,ālam^^ə^^ ,,einander,,0,,,,"TD, AMB",AMB,07_23_2025_1516,,,52,toch. A,conflict
64,,TA,20617,pok,,,1395,ālym-,,"Leben, Geist",,0,,,,"TD, AMB",AMB,07_23_2025_1516,,,53,toch. A,conflict
80,,TA,20959,pok,,,1737,āmpi,,beide,,0,,,,"TD, AMB",AMB,07_23_2025_1516,,,68,toch. A,conflict
80,,TA,20960,pok,,,1738,āmpe,,beide,,0,,,,"TD, AMB",AMB,07_23_2025_1516,,,68,toch. A,conflict
80,,TA,20973,pok,,,1751,omäl,,heiß,,0,,,,"TD, AMB",AMB,07_23_2025_1516,,,71,toch. A,conflict
92,,TA,21128,pok,,,1906,āñcām,,"Leben, Geist",,0,,,,"TD, AMB",AMB,07_23_2025_1516,,,77,toch. A,conflict
97,,TA,21190,pok,,,1968,ānt,,Fläche,,0,,,,"TD, AMB",AMB,07_23_2025_1516,,,79,toch. A,conflict
108,,TA,21307,pok,,,2085,aṃc̨är,,schwach,,0,,,,"TD, AMB",AMB,07_23_2025_1516,,,84,toch. A,conflict
112,,TA,21437,pok,,,2215,añcäl,,Bogen,,0,,,,"TD, AMB",AMB,07_23_2025_1516,,,88,toch. A,conflict
112,,TA,21438,pok,,,2216,āṅkar-,,"Fangzähne, Bollwerk",,0,,,,"TD, AMB",AMB,07_23_2025_1516,,,88,toch. A,conflict
112,,TA,21439,pok,,,2217,oṅkaläm,,Elefant,,0,,,,"TD, AMB",AMB,07_23_2025_1516,,,88,toch. A,conflict
121,,TA,21535,pok,,,2313,antule,,"außerhalb, bis ... vor",,0,,,,"TD, AMB",AMB,07_23_2025_1516,,,93,toch. A,conflict
121,,TA,21536,pok,,,2314,antus,,also,,0,,,,"TD, AMB",AMB,07_23_2025_1516,,,93,toch. A,conflict
128,,TA,21651,pok,,,2429,oppäc̨c̨i,,geschickt,,0,,,,"TD, AMB",AMB,07_23_2025_1516,,,95,toch. A,conflict
134,,TA,21894,pok,,,2672,ārwar,,bereit,,0,,,,"TD, AMB",AMB,07_23_2025_1516,,,103,toch. A,conflict
136,,TA,21897,pok,,,2675,аräm,,Gesicht,,0,,,,"TD, AMB",AMB,07_23_2025_1516,,,103,toch. A,conflict
147,,TA,22239,pok,,,3017,ārkyant,,Silber,,0,,,,"TD, AMB",AMB,07_23_2025_1516,,,112,toch. A,conflict
147,,TA,22274,pok,,,3052,ārki,,weiß,,0,,,,"TD, AMB",AMB,07_23_2025_1516,,,112,toch. A,conflict
147,,TA,22277,pok,,,3055,ārki-śoṣi,,weiße Welt,,0,,,,"TD, AMB",AMB,07_23_2025_1516,,,112,toch. A,conflict
151,,TA,22387,pok,,,3165,āsar ,,trocken,,0,,,,"TD, AMB",AMB,07_23_2025_1516,,,120,toch. A,conflict
163,,TA,22510,pok,,,3288,ātäl,,Mann,,0,,,,"TD, AMB",AMB,07_23_2025_1516,,,126,toch. A,conflict
169,,TA,22614,pok,,,3392,ok,,noch,,0,,,,"TD, AMB",AMB,07_23_2025_1516,,,130,toch. A,conflict
169,,TA,22616,pok,,,3394,oki,,"wie, und",,0,,,,"TD, AMB",AMB,07_23_2025_1516,,,130,toch. A,conflict
169,,TA,22617,pok,,,3395,okāk,,bis zu,,0,,,,"TD, AMB",AMB,07_23_2025_1516,,,130,toch. A,conflict
187,,TA,22828,pok,,,3606,olar,,Genosse,,0,,,,"TD, AMB",AMB,07_23_2025_1516,,,133,toch. A,conflict
187,,TA,22831,pok,,,3609,w-aste ,,Schutz,,0,,,,"TD, AMB",AMB,07_23_2025_1516,,,133,toch. A,conflict
190,,TA,22965,pok,,,3743,wär,,Wasser,,0,,,,"TD, AMB",AMB,07_23_2025_1516,,,135,toch. A,conflict
202,,TA,23261,pok,,,4039,oksiš,,wächst,,0,,,,"TD, AMB",AMB,07_23_2025_1516,,,138,toch. A,conflict
202,,TA,23262,pok,,,4040,okšu,,alt,,0,,,,"TD, AMB",AMB,07_23_2025_1516,,,138,toch. A,conflict
202,,TA,23265,pok,,,4043,okar,,Pflanze,,0,,,,"TD, AMB",AMB,07_23_2025_1516,,,138,toch. A,conflict
211,,TA,23335,pok,,,4113,wäs,,Gold,,0,,,,"TD, AMB",AMB,07_23_2025_1516,,,140,toch. A,conflict
251,,TA,24215,pok,,,4993,paṃ,,klar,,0,,,,"TD, AMB",AMB,07_23_2025_1516,,,178,toch. A,conflict
251,,TA,24216,pok,,,4994,pañi,,Schönheit,,0,,,,"TD, AMB",AMB,07_23_2025_1516,,,178,toch. A,conflict
251,,TA,24218,pok,,,4996,pākär,,"offen, deutlich",,0,,,,"TD, AMB",AMB,07_23_2025_1516,,,178,toch. A,conflict
251,,TA,24221,pok,,,4999,pā-tsänk,,Fenster,,0,,,,"TD, AMB",AMB,07_23_2025_1516,,,178,toch. A,conflict
251,,TA,24225,pok,,,5003,pāt,,Erscheinung,,0,,,,"TD, AMB",AMB,07_23_2025_1516,,,178,toch. A,conflict
251,,TA,24303,pok,,,5081,pā-,,betteln,,0,,,,"TD, AMB",AMB,07_23_2025_1516,,,179,toch. A,conflict
251,,TA,24304,pok,,,5082,pā-c̨-,,betteln,,0,,,,"TD, AMB",AMB,07_23_2025_1516,,,179,toch. A,conflict
253,,TA,24375,pok,,,5153,pāk,,Teil,,0,,,,"TD, AMB",AMB,07_23_2025_1516,,,182,toch. A,conflict
254,,TA,24377,pok,,,5155,pāc̨iṃ,,Schatz,,0,,,,"TD, AMB",AMB,07_23_2025_1516,,,182,toch. A,conflict
264,,TA,24546,pok,,,5324,prākär,,fest,,0,,,,"TD, AMB",AMB,07_23_2025_1516,,,191,toch. A,conflict
276,,TA,24710,pok,,,5488,pat-,,pflügen,,0,,,,"TD, AMB",AMB,07_23_2025_1516,,,202,toch. A,conflict
276,,TA,24711,pok,,,5489,pāt-,,pflügen,,0,,,,"TD, AMB",AMB,07_23_2025_1516,,,202,toch. A,conflict
277,,TA,24741,pok,,,5519,poto ,,Verehrung,,0,,,,"TD, AMB",AMB,07_23_2025_1516,,,203,toch. A,conflict
281,,TA,24809,pok,,,5587,pkänt ,,Hindernis,,0,,,,"TD, AMB",AMB,07_23_2025_1516,,,205,toch. A,conflict
283,,TA,24825,pok,,,5603,pkänt,,"entfernt, getrennt",,0,,,,"TD, AMB",AMB,07_23_2025_1516,,,206,toch. A,conflict
303,,TA,25081,pok,,,5859,päl(t)sk-,,nachdenken,,0,,,,"TD, AMB",AMB,07_23_2025_1516,,,213,toch. A,conflict
315,,TA,25255,pok,,,6033,pält ,,Blatt,,0,,,,"TD, AMB",AMB,07_23_2025_1516,,,216,toch. A,conflict
320,,TA,25367,pok,,,6145,pälk,,Blick,,0,,,,"TD, AMB",AMB,07_23_2025_1516,,,221,toch. A,conflict
320,,TA,25369,pok,,,6147,polkāṃts,,Gestirn,,0,,,,"TD, AMB",AMB,07_23_2025_1516,,,221,toch. A,conflict
343,,TA,25822,pok,,,6600,kos-preṃ,,wieviel?,,0,,,,"TD, AMB",AMB,07_23_2025_1516,,,228,toch. A,conflict
343,,TA,25823,pok,,,6601,ku-pre,,wenn,,0,,,,"TD, AMB",AMB,07_23_2025_1516,,,228,toch. A,conflict
343,,TA,25824,pok,,,6602,täpreṃ,,wenn,,0,,,,"TD, AMB",AMB,07_23_2025_1516,,,228,toch. A,conflict
343,,TA,25825,pok,,,6603,tāpär(k),,jetzt,,0,,,,"TD, AMB",AMB,07_23_2025_1516,,,228,toch. A,conflict
349,,TA,26110,pok,,,6888,parno,,leuchtend,,0,,,,"TD, AMB",AMB,07_23_2025_1516,,,232,toch. A,conflict
353,,TA,26322,pok,,,7100,pärkānt,,das Aufstehen,,0,,,,"TD, AMB",AMB,07_23_2025_1516,,,238,toch. A,conflict
354,,TA,26324,pok,,,7102,pärkär,,lang,,0,,,,"TD, AMB",AMB,07_23_2025_1516,,,238,toch. A,conflict
354,,TA,26327,pok,,,7105,prākär,,fest,,0,,,,"TD, AMB",AMB,07_23_2025_1516,,,238,toch. A,conflict
363,,TA,26589,pok,,,7363,päs,,"ausgießen, besprengen",,0,,,,"TD, AMB",AMB,07_23_2025_1516,,,246,toch. A,conflict
384,,TA,26940,pok,,,7714,pot,,ehren?,,0,,,,"TD, AMB",AMB,07_23_2025_1516,,,249,toch. A,conflict
416,,TA,27551,pok,,,8325,pracar,,,,0,,,,"TD, AMB",AMB,07_23_2025_1516,,,287,toch. A,conflict
434,,TA,27735,pok,,,8509,pratsak,,Brust,,0,,,,"TD, AMB",AMB,07_23_2025_1516,,,293,toch. A,conflict
450,,TA,27990,pok,,,8764,pärwān-,,Augenbrauen,,0,,,,"TD, AMB",AMB,07_23_2025_1516,,,306,toch. A,conflict
471,,TA,28209,pok,,,8983,tāp ,,aß,,0,,,,"TD, AMB",AMB,07_23_2025_1516,,,313,toch. A,conflict
472,,TA,28237,pok,,,9011,tät-k,,"teilen, zerschneiden",,0,,,,"TD, AMB",AMB,07_23_2025_1516,,,313,toch. A,conflict
497,,TA,28901,pok,,,9675,täk-,,"urteilen, entscheiden",,0,,,,"TD, AMB",AMB,07_23_2025_1516,,,325,toch. A,conflict
497,,TA,28902,pok,,,9676,tāskmāṃ,,ähnlich,,0,,,,"TD, AMB",AMB,07_23_2025_1516,,,325,toch. A,conflict
497,,TA,28968,pok,,,9742,śäk,,zehn,,0,,,,"TD, AMB",AMB,07_23_2025_1516,,,327,toch. A,conflict
503,,TA,29025,pok,,,9799,śkänt,,zehnte,,0,,,,"TD, AMB",AMB,07_23_2025_1516,,,327,toch. A,conflict
504,,TA,29055,pok,,,9829,känt,,ein Hundert,,0,,,,"TD, AMB",AMB,07_23_2025_1516,,,327,toch. A,conflict
510,,TA,29210,pok,,,9984,tālo,,unglücklich,,0,,,,"TD, AMB",AMB,07_23_2025_1516,,,330,toch. A,conflict
513,,TA,29389,pok,,,10163,tam-,,"erzeugen, geboren werden",,0,,,,"TD, AMB",AMB,07_23_2025_1516,,,333,toch. A,conflict
514,,TA,29393,pok,,,10167,śam-,,wachsen,,0,,,,"TD, AMB",AMB,07_23_2025_1516,,,333,toch. A,conflict
514,,TA,29394,pok,,,10168,śäm-,,wachsen,,0,,,,"TD, AMB",AMB,07_23_2025_1516,,,333,toch. A,conflict
514,,TA,29396,pok,,,10170,cmol ,,Geburt,,0,,,,"TD, AMB",AMB,07_23_2025_1516,,,333,toch. A,conflict
521,,TA,29605,pok,,,10379,tsārt-,,"klagen, weinen",,0,,,,"TD, AMB",AMB,07_23_2025_1516,,,341,toch. A,conflict
521,,TA,29606,pok,,,10380,śert-,,"klagen, weinen",,0,,,,"TD, AMB",AMB,07_23_2025_1516,,,341,toch. A,conflict
571,,TA,31017,pok,,,11791,wu,,zwei,,0,,,,"TD, AMB",AMB,07_23_2025_1516,,,368,toch. A,conflict
571,,TA,31018,pok,,,11792,we,,zwei,,0,,,,"TD, AMB",AMB,07_23_2025_1516,,,368,toch. A,conflict
597,,TA,31615,pok,,,12389,tsopats,,groß,,0,,,,"TD, AMB",AMB,07_23_2025_1516,,,377,toch. A,conflict
597,,TA,31616,pok,,,12390,tāppo,,Mut,,0,,,,"TD, AMB",AMB,07_23_2025_1516,,,377,toch. A,conflict
597,,TA,31617,pok,,,12391,tpär,,hoch,,0,,,,"TD, AMB",AMB,07_23_2025_1516,,,377,toch. A,conflict
598,,TA,31691,pok,,,12465,tsäk-,,"glänzen, glühen",,0,,,,"TD, AMB",AMB,07_23_2025_1516,,,379,toch. A,conflict
610,,TA,31952,pok,,,12726,tseke ṣi peke ṣi,,figūra sive pictura,,0,,,,"TD, AMB",AMB,07_23_2025_1516,,,383,toch. A,conflict
612,,TA,32073,pok,,,12847,talke,,Opfer,,0,,,,"TD, AMB",AMB,07_23_2025_1516,,,388,toch. A,conflict
640,,TA,32518,pok,,,13292,träṅk-,,sprechen,,0,,,,"TD, AMB",AMB,07_23_2025_1516,,,399,toch. A,conflict
520,,TA,32651,pok,,,13425,tärnā-,,"lassen, entlassen",,0,,,,"TD, AMB",AMB,07_23_2025_1516,,,406,toch. A,conflict
520,,TA,32652,pok,,,13426,tärk-,,"lassen, entlassen",,0,,,,"TD, AMB",AMB,07_23_2025_1516,,,406,toch. A,conflict
520,,TA,32653,pok,,,13427,cärk,,"lassen, entlassen",,0,,,,"TD, AMB",AMB,07_23_2025_1516,,,406,toch. A,conflict
520,,TA,32654,pok,,,13428,carka ,,"lassen, entlassen",,0,,,,"TD, AMB",AMB,07_23_2025_1516,,,406,toch. A,conflict
520,,TA,32704,pok,,,13478,tsär,,rauh,,0,,,,"TD, AMB",AMB,07_23_2025_1516,,,407,toch. A,conflict
520,,TA,32705,pok,,,13479,tsraṣi,,stark,,0,,,,"TD, AMB",AMB,07_23_2025_1516,,,407,toch. A,conflict
660,,TA,32932,pok,,,13706,twe,,Staub,,0,,,,"TD, AMB",AMB,07_23_2025_1516,,,412,toch. A,conflict
666,,TA,33131,pok,,,13905,taur,,Staub (?),,0,,,,"TD, AMB",AMB,07_23_2025_1516,,,412,toch. A,conflict
679,,TA,33653,pok,,,14427,ckācar,,Tochter,,0,,,,"TD, AMB",AMB,07_23_2025_1516,,,431,toch. A,conflict
714,,TA,34554,pok,,,15328,#NAME?,,von wegen,,0,,,,"TD, AMB",AMB,07_23_2025_1516,,,448,toch. A,conflict
714,,TA,34638,pok,,,15412,ymäs ,,wir gehen,,0,,,,"TD, AMB",AMB,07_23_2025_1516,,,451,toch. A,conflict
717,,TA,34664,pok,,,15438,ytār ,,Weg,,0,,,,"TD, AMB",AMB,07_23_2025_1516,,,451,toch. A,conflict
729,,TA,35025,pok,,,15799,yuk,,Pferd,,0,,,,"TD, AMB",AMB,07_23_2025_1516,,,460,toch. A,conflict
773,,TA,35921,pok,,,16695,eṃts-,,"nehmen, fassen",,0,,,,"TD, AMB",AMB,07_23_2025_1516,,,481,toch. A,conflict
778,,TA,36103,pok,,,16877,kus-ne,,welcher,,0,,,,"TD, AMB",AMB,07_23_2025_1516,,,485,toch. A,conflict
782,,TA,36135,pok,,,16909,ñem,,Name,,0,,,,"TD, AMB",AMB,07_23_2025_1516,,,486,toch. A,conflict
788,,TA,36286,pok,,,17060,#NAME?,,,,0,,,,"TD, AMB",AMB,07_23_2025_1516,,,491,toch. A,conflict
796,,TA,36531,pok,,,17305,ar- ,,"hervorbringen, verursachen",,0,,,,"TD, AMB",AMB,07_23_2025_1516,,,497,toch. A,conflict
796,,TA,36533,pok,,,17307,ars-,,"hervorbringen, verursachen",,0,,,,"TD, AMB",AMB,07_23_2025_1516,,,497,toch. A,conflict
804,,TA,36901,pok,,,17675,ārṣal ,,giftiges Gewürm,,0,,,,"TD, AMB",AMB,07_23_2025_1516,,,507,toch. A,conflict
804,,TA,36904,pok,,,17678,yär-s-,,baden,,0,,,,"TD, AMB",AMB,07_23_2025_1516,,,507,toch. A,conflict
804,,TA,36906,pok,,,17680,yär-,,baden,,0,,,,"TD, AMB",AMB,07_23_2025_1516,,,507,toch. A,conflict
815,,TA,37011,pok,,,17785,orto,,empor,,0,,,,"TD, AMB",AMB,07_23_2025_1516,,,512,toch. A,conflict
815,,TA,37028,pok,,,17802,yärk,,Verehrung,,0,,,,"TD, AMB",AMB,07_23_2025_1516,,,514,toch. A,conflict
822,,TA,37129,pok,,,17903,ṣem,,sein,,0,,,,"TD, AMB",AMB,07_23_2025_1516,,,516,toch. A,conflict
822,,TA,37130,pok,,,17904,ṣet ,,sein,,0,,,,"TD, AMB",AMB,07_23_2025_1516,,,516,toch. A,conflict
838,,TA,37304,pok,,,18078,ysār,,Blut,,0,,,,"TD, AMB",AMB,07_23_2025_1516,,,520,toch. A,conflict
840,,TA,37354,pok,,,18128,atas,,von hier (?),,0,,,,"TD, AMB",AMB,07_23_2025_1516,,,523,toch. A,conflict
840,,TA,37355,pok,,,18129,aci,,von da,,0,,,,"TD, AMB",AMB,07_23_2025_1516,,,523,toch. A,conflict
840,,TA,37385,pok,,,18159,atär,,Held,,0,,,,"TD, AMB",AMB,07_23_2025_1516,,,526,toch. A,conflict
872,,TA,37811,pok,,,18585,kāwas ,,Verlangen,,0,,,,"TD, AMB",AMB,07_23_2025_1516,,,544,toch. A,conflict
872,,TA,37812,pok,,,18586,kāwälte ,,schön,,0,,,,"TD, AMB",AMB,07_23_2025_1516,,,544,toch. A,conflict
901,,TA,38712,pok,,,19486,kam,,Zahn,,0,,,,"TD, AMB",AMB,07_23_2025_1516,,,562,toch. A,conflict
920,,TA,39152,pok,,,19926,ā-knats,,unwissend,,0,,,,"TD, AMB",AMB,07_23_2025_1516,,,477,toch. A,conflict
774,,TA,39359,pok,,,20133,kanweṃ,,die Knie,,0,,,,"TD, AMB",AMB,07_23_2025_1516,,,570,toch. A,conflict
774,,TA,39379,pok,,,20153,śanwe-m,,Kinnbacken,,0,,,,"TD, AMB",AMB,07_23_2025_1516,,,571,toch. A,conflict
990,,TA,41251,pok,,,22025,śom,,"Bursche, Jüngling",,0,,,,"TD, AMB",AMB,07_23_2025_1516,,,619,toch. A,conflict
990,,TA,41255,pok,,,22029,tkaṃ,,Erde,,0,,,,"TD, AMB",AMB,07_23_2025_1516,,,619,toch. A,conflict
1000,,TA,41370,pok,,,22144,#NAME?,,Verstärkungspartikel ,,0,,,,"TD, AMB",AMB,07_23_2025_1516,,,622,toch. A,conflict
1008,,TA,41618,pok,,,22392,śpāl-,,Kopf,,0,,,,"TD, AMB",AMB,07_23_2025_1516,,,625,toch. A,conflict
1014,,TA,41699,pok,,,22473,kāck-,,sich erfreuen,,0,,,,"TD, AMB",AMB,07_23_2025_1516,,,627,toch. A,conflict
1062,,TA,43032,pok,,,23806,tsar,,Hand,,0,,,,"TD, AMB",AMB,07_23_2025_1516,,,668,toch. A,conflict
1120,,TA,43997,pok,,,24771,kum-,,kommen,,0,,,,"TD, AMB",AMB,07_23_2025_1516,,,700,toch. A,conflict
1122,,TA,44034,pok,,,24808,käm-,,kommen,,0,,,,"TD, AMB",AMB,07_23_2025_1516,,,700,toch. A,conflict
1122,,TA,44036,pok,,,24810,kumnəṣ,,kommt,,0,,,,"TD, AMB",AMB,07_23_2025_1516,,,700,toch. A,conflict
1122,,TA,44037,pok,,,24811,kumnəṣtər ,,kommt,,0,,,,"TD, AMB",AMB,07_23_2025_1516,,,700,toch. A,conflict
1122,,TA,44038,pok,,,24812,kakmu,,gekommen,,0,,,,"TD, AMB",AMB,07_23_2025_1516,,,700,toch. A,conflict
1145,,TA,44542,pok,,,25316,śäṁ,,Frau,,0,,,,"TD, AMB",AMB,07_23_2025_1516,,,716,toch. A,conflict
1152,,TA,44702,pok,,,25476,kra-marts,,schwer,,0,,,,"TD, AMB",AMB,07_23_2025_1516,,,718,toch. A,conflict
1164,,TA,45053,pok,,,25827,ko,,Kuh,,0,,,,"TD, AMB",AMB,07_23_2025_1516,,,733,toch. A,conflict
1164,,TA,45054,pok,,,25828,kowi,,Kuh,,0,,,,"TD, AMB",AMB,07_23_2025_1516,,,733,toch. A,conflict
1164,,TA,45057,pok,,,25831,kayurṣ,,Stier,,0,,,,"TD, AMB",AMB,07_23_2025_1516,,,733,toch. A,conflict
1210,,TA,45695,pok,,,26469,krāṁ,,Nase,,0,,,,"TD, AMB",AMB,07_23_2025_1516,,,757,toch. A,conflict
1211,,TA,45791,pok,,,26565,yäks-,,umarmen,,0,,,,"TD, AMB",AMB,07_23_2025_1516,,,765,toch. A,conflict
1213,,TA,45822,pok,,,26596,ya-,,machen,,0,,,,"TD, AMB",AMB,07_23_2025_1516,,,770,toch. A,conflict
1214,,TA,45881,pok,,,26655,yāṣṣuce,,Bettler,,0,,,,"TD, AMB",AMB,07_23_2025_1516,,,774,toch. A,conflict
1225,,TA,46016,pok,,,26790,yäs,,sieden,,0,,,,"TD, AMB",AMB,07_23_2025_1516,,,781,toch. A,conflict
1226,,TA,46037,pok,,,26811,yat-,,"erreichen, erlangen",,0,,,,"TD, AMB",AMB,07_23_2025_1516,,,782,toch. A,conflict
1226,,TA,46038,pok,,,26812,yatatär,,,,0,,,,"TD, AMB",AMB,07_23_2025_1516,,,782,toch. A,conflict
1251,,TA,46278,pok,,,27052,yutk-,,besorgt sein,,0,,,,"TD, AMB",AMB,07_23_2025_1516,,,787,toch. A,conflict
1258,,TA,46402,pok,,,27176,yas,,ihr,,0,,,,"TD, AMB",AMB,07_23_2025_1516,,,797,toch. A,conflict
1262,,TA,46479,pok,,,27253,krant,,gut,,0,,,,"TD, AMB",AMB,07_23_2025_1516,,,799,toch. A,conflict
1282,,TA,46751,pok,,,27525,śiśäk,,Löwe,,0,,,,"TD, AMB",AMB,07_23_2025_1516,,,816,toch. A,conflict
1293,,TA,46851,pok,,,27625,kākmart,,Herrschaft,,0,,,,"TD, AMB",AMB,07_23_2025_1516,,,823,toch. A,conflict
1308,,TA,47029,pok,,,27803,kan,,"Melodie, Rhythmus",,0,,,,"TD, AMB",AMB,07_23_2025_1516,,,834,toch. A,conflict
1343,,TA,47529,pok,,,28303,kot-,,spalten,,0,,,,"TD, AMB",AMB,07_23_2025_1516,,,855,toch. A,conflict
1344,,TA,47550,pok,,,28324,ko-,,töten,,0,,,,"TD, AMB",AMB,07_23_2025_1516,,,855,toch. A,conflict
1417,,TA,48926,pok,,,29700,kʿñuk ,,Genick,,0,,,,"TD, AMB",AMB,07_23_2025_1516,,,904,toch. A,conflict
1464,,TA,50015,pok,,,30789,kāryap,,Schaden,,0,,,,"TD, AMB",AMB,07_23_2025_1516,,,928,toch. A,conflict
1542,,TA,51543,pok,,,32333,klots,,"Ohr, Kieme",,0,,,,"TD, AMB",AMB,07_23_2025_1516,,,980,toch. A,conflict
1542,,TA,51557,pok,,,32347,klyw,,Ruhm,,0,,,,"TD, AMB",AMB,07_23_2025_1516,,,980,toch. A,conflict
1544,,TA,51584,pok,,,32374,klyoṣ-,,hören,,0,,,,"TD, AMB",AMB,07_23_2025_1516,,,980,toch. A,conflict
1544,,TA,51586,pok,,,32376,klośäṃ,,Ohren,,0,,,,"TD, AMB",AMB,07_23_2025_1516,,,980,toch. A,conflict
1563,,TA,51903,pok,,,32693,kulmäṃts-,,Schilf,,0,,,,"TD, AMB",AMB,07_23_2025_1516,,,995,toch. A,conflict
1607,,TA,52408,pok,,,33198,kru,,Rohr,,0,,,,"TD, AMB",AMB,07_23_2025_1516,,,1042,toch. A,conflict
1618,,TA,52469,pok,,,33259,ksär(k),,Morgen,,0,,,,"TD, AMB",AMB,07_23_2025_1516,,,1050,toch. A,conflict
1655,,TA,52808,pok,,,33598,kārp-,,herabsteigen,,0,,,,"TD, AMB",AMB,07_23_2025_1516,,,1072,toch. A,conflict
1692,,TA,53208,pok,,,33998,källāš,,bringt,,0,,,,"TD, AMB",AMB,07_23_2025_1516,,,1088,toch. A,conflict
1692,,TA,53224,pok,,,34014,kukäl,,Wagen,,0,,,,"TD, AMB",AMB,07_23_2025_1516,,,1088,toch. A,conflict
1700,,TA,53386,pok,,,34176,śtwar ,,vier,,0,,,,"TD, AMB",AMB,07_23_2025_1516,,,1097,toch. A,conflict
1700,,TA,53389,pok,,,34179,śtwarāk ,,vierzig,,0,,,,"TD, AMB",AMB,07_23_2025_1516,,,1097,toch. A,conflict
1718,,TA,53707,pok,,,34497,kus,,welcher,,0,,,,"TD, AMB",AMB,07_23_2025_1516,,,1098,toch. A,conflict
1719,,TA,53799,pok,,,34589,kuryar,,Handel,,0,,,,"TD, AMB",AMB,07_23_2025_1516,,,1099,toch. A,conflict
1719,,TA,53800,pok,,,34590,kuryart,,Händler,,0,,,,"TD, AMB",AMB,07_23_2025_1516,,,1099,toch. A,conflict
1719,,TA,53939,pok,,,34729,lät-,,hinausgehen,,0,,,,"TD, AMB",AMB,07_23_2025_1516,,,1105,toch. A,conflict
1754,,TA,54462,pok,,,35252,lake,,Lager,,0,,,,"TD, AMB",AMB,07_23_2025_1516,,,1128,toch. A,conflict
1754,,TA,54464,pok,,,35254,läk-,,liegen,,0,,,,"TD, AMB",AMB,07_23_2025_1516,,,1128,toch. A,conflict
1761,,TA,54608,pok,,,35398,lalaṃsk-,,zart,,0,,,,"TD, AMB",AMB,07_23_2025_1516,,,1133,toch. A,conflict
1802,,TA,55299,pok,,,36089,lit-,,"fortgehen, herabfallen",,0,,,,"TD, AMB",AMB,07_23_2025_1516,,,1153,toch. A,conflict
1836,,TA,55864,pok,,,36654,lo,,"entfernt, getrennt",,0,,,,"TD, AMB",AMB,07_23_2025_1516,,,1180,toch. A,conflict
1836,,TA,55866,pok,,,36656,law-,,fortschicken,,0,,,,"TD, AMB",AMB,07_23_2025_1516,,,1180,toch. A,conflict
1836,,TA,55868,pok,,,36658,lot,,"Graben, Loch",,0,,,,"TD, AMB",AMB,07_23_2025_1516,,,1180,toch. A,conflict
1861,,TA,56377,pok,,,37167,lok,,fremd,,0,,,,"TD, AMB",AMB,07_23_2025_1516,,,1193,toch. A,conflict
1861,,TA,56378,pok,,,37168,lokit,,fremd,,0,,,,"TD, AMB",AMB,07_23_2025_1516,,,1193,toch. A,conflict
1895,,TA,57071,pok,,,37861,mācar,,Mutter,,0,,,,"TD, AMB",AMB,07_23_2025_1516,,,1224,toch. A,conflict
1912,,TA,57300,pok,,,38090,me-,,messen,,0,,,,"TD, AMB",AMB,07_23_2025_1516,,,1231,toch. A,conflict
1914,,TA,57353,pok,,,38143,mənt,,wie,,0,,,,"TD, AMB",AMB,07_23_2025_1516,,,1232,toch. A,conflict
1926,,TA,57636,pok,,,38426,mak,,"groß an Zahl, viel",,0,,,,"TD, AMB",AMB,07_23_2025_1516,,,1239,toch. A,conflict
1969,,TA,58524,pok,,,39314,mālklune ,,das Melken,,0,,,,"TD, AMB",AMB,07_23_2025_1516,,,1266,toch. A,conflict
1969,,TA,58525,pok,,,39315,malke,,Milch,,0,,,,"TD, AMB",AMB,07_23_2025_1516,,,1266,toch. A,conflict
1978,,TA,58606,pok,,,39396,malto ,,zuerst,,0,,,,"TD, AMB",AMB,07_23_2025_1516,,,1272,toch. A,conflict
2005,,TA,59029,pok,,,39819,mañ,,Monat,,0,,,,"TD, AMB",AMB,07_23_2025_1516,,,1288,toch. A,conflict
2005,,TA,59030,pok,,,39820,mañ ñkät,,Mond,,0,,,,"TD, AMB",AMB,07_23_2025_1516,,,1288,toch. A,conflict
2065,,TA,60138,pok,,,40928,mäśśunt,,Mark,,0,,,,"TD, AMB",AMB,07_23_2025_1516,,,1332,toch. A,conflict
2107,,TA,60849,pok,,,41639,näk-,,vergehen ,,0,,,,"TD, AMB",AMB,07_23_2025_1516,,,1368,toch. A,conflict
2112,,TA,60905,pok,,,41695,n[a]ktim,,nächtlich,,0,,,,"TD, AMB",AMB,07_23_2025_1516,,,1369,toch. A,conflict
2135,,TA,61161,pok,,,41951,nas-,,sein,,0,,,,"TD, AMB",AMB,07_23_2025_1516,,,1376,toch. A,conflict
2135,,TA,61163,pok,,,41953,naṣu-,,Freund,,0,,,,"TD, AMB",AMB,07_23_2025_1516,,,1376,toch. A,conflict
2165,,TA,61621,pok,,,42411,okät,,acht,,0,,,,"TD, AMB",AMB,07_23_2025_1516,,,1409,toch. A,conflict
2168,,TA,61636,pok,,,42426,oktänt,,der achte,,0,,,,"TD, AMB",AMB,07_23_2025_1516,,,1409,toch. A,conflict
2179,,TA,61754,pok,,,42544,ak ,,Auge,,0,,,,"TD, AMB",AMB,07_23_2025_1516,,,1411,toch. A,conflict
2179,,TA,61756,pok,,,42546,ak-mal,,Gesicht,,0,,,,"TD, AMB",AMB,07_23_2025_1516,,,1411,toch. A,conflict
2187,,TA,61806,pok,,,42596,es,,Schulter,,0,,,,"TD, AMB",AMB,07_23_2025_1516,,,1414,toch. A,conflict
2187,,TA,61842,pok,,,42632,amiśkäññe ,,Unzufriedenheit,,0,,,,"TD, AMB",AMB,07_23_2025_1516,,,1415,toch. A,conflict
2195,,TA,61988,pok,,,42778,opyāc,,Verstand,,0,,,,"TD, AMB",AMB,07_23_2025_1516,,,1423,toch. A,conflict
2218,,TA,62302,pok,,,43092,pās-,,hüten,,0,,,,"TD, AMB",AMB,07_23_2025_1516,,,1440,toch. A,conflict
2231,,TA,62517,pok,,,43307,pe,,Fuß,,0,,,,"TD, AMB",AMB,07_23_2025_1516,,,1453,toch. A,conflict
2252,,TA,62755,pok,,,43545,pik-,,"schreiben, malen",,0,,,,"TD, AMB",AMB,07_23_2025_1516,,,1457,toch. A,conflict
2252,,TA,62756,pok,,,43546,pek-,,"schreiben, malen",,0,,,,"TD, AMB",AMB,07_23_2025_1516,,,1457,toch. A,conflict
2252,,TA,62757,pok,,,43547,pekant- ,,Maler,,0,,,,"TD, AMB",AMB,07_23_2025_1516,,,1457,toch. A,conflict
2261,,TA,63038,pok,,,43828,pukäl,,Jahr,,0,,,,"TD, AMB",AMB,07_23_2025_1516,,,1465,toch. A,conflict
2292,,TA,63703,pok,,,44493,pëñ,,fünf,,0,,,,"TD, AMB",AMB,07_23_2025_1516,,,1481,toch. A,conflict
2293,,TA,63736,pok,,,44526,pant,,fünfte,,0,,,,"TD, AMB",AMB,07_23_2025_1516,,,1481,toch. A,conflict
2311,,TA,64461,pok,,,45251,prask-,,fürchten,,0,,,,"TD, AMB",AMB,07_23_2025_1516,,,1492,toch. A,conflict
2311,,TA,64463,pok,,,45253,praski,,Furcht,,0,,,,"TD, AMB",AMB,07_23_2025_1516,,,1492,toch. A,conflict
2315,,TA,64582,pok,,,45372,prak-,,fragen,,0,,,,"TD, AMB",AMB,07_23_2025_1516,,,1498,toch. A,conflict
2347,,TA,64983,pok,,,45773,por,,Feuer,,0,,,,"TD, AMB",AMB,07_23_2025_1516,,,1514,toch. A,conflict
2349,,TA,65018,pok,,,45808,pācar,,Vater,,0,,,,"TD, AMB",AMB,07_23_2025_1516,,,1516,toch. A,conflict
2353,,TA,65155,pok,,,45945,plākäm,,Erlaubnis,,0,,,,"TD, AMB",AMB,07_23_2025_1516,,,1524,toch. A,conflict
2398,,TA,65839,pok,,,46629,pats,,Ehemann,,0,,,,"TD, AMB",AMB,07_23_2025_1516,,,1545,toch. A,conflict
2409,,TA,66030,pok,,,46820,pratim,,Entschluß,,0,,,,"TD, AMB",AMB,07_23_2025_1516,,,1552,toch. A,conflict
2431,,TA,66362,pok,,,47152,rapurñe ,,Leidenschaft,,0,,,,"TD, AMB",AMB,07_23_2025_1516,,,1572,toch. A,conflict
2452,,TA,66665,pok,,,47455,rak-,,"hinbreiten, bedecken",,0,,,,"TD, AMB",AMB,07_23_2025_1516,,,1588,toch. A,conflict
2452,,TA,66666,pok,,,47456,rkäl,,Decke,,0,,,,"TD, AMB",AMB,07_23_2025_1516,,,1588,toch. A,conflict
2450,,TA,66696,pok,,,47486,orkäm,,Finsternis,,0,,,,"TD, AMB",AMB,07_23_2025_1516,,,1590,toch. A,conflict
2477,,TA,67072,pok,,,47862,rake,,Wort,,0,,,,"TD, AMB",AMB,07_23_2025_1516,,,1608,toch. A,conflict
2529,,TA,67768,pok,,,48558,rätr-ārkyant,,rotglänzend,,0,,,,"TD, AMB",AMB,07_23_2025_1516,,,1626,toch. A,conflict
2529,,TA,67769,pok,,,48559,rtär,,rot,,0,,,,"TD, AMB",AMB,07_23_2025_1516,,,1626,toch. A,conflict
2542,,TA,68057,pok,,,48847,sāle,,Salz,,0,,,,"TD, AMB",AMB,07_23_2025_1516,,,1643,toch. A,conflict
2593,,TA,69080,pok,,,49870,sip-,,salben,,0,,,,"TD, AMB",AMB,07_23_2025_1516,,,1664,toch. A,conflict
2593,,TA,69081,pok,,,49871,sep-,,salben,,0,,,,"TD, AMB",AMB,07_23_2025_1516,,,1664,toch. A,conflict
2593,,TA,69082,pok,,,49872,sepal ,,Salbe,,0,,,,"TD, AMB",AMB,07_23_2025_1516,,,1664,toch. A,conflict
2606,,TA,69336,pok,,,50126,šotre,,Zeichen,,0,,,,"TD, AMB",AMB,07_23_2025_1516,,,1669,toch. A,conflict
2613,,TA,69527,pok,,,50317,ṣälyp,,"Fett, Butter, Öl",,0,,,,"TD, AMB",AMB,07_23_2025_1516,,,1679,toch. A,conflict
2615,,TA,69582,pok,,,50372,sas,,eins,,0,,,,"TD, AMB",AMB,07_23_2025_1516,,,1681,toch. A,conflict
2615,,TA,69585,pok,,,50375,säṃ,,eins,,0,,,,"TD, AMB",AMB,07_23_2025_1516,,,1681,toch. A,conflict
2615,,TA,69586,pok,,,50376,ṣoma-,,,,0,,,,"TD, AMB",AMB,07_23_2025_1516,,,1681,toch. A,conflict
2639,,TA,69881,pok,,,50671,sne,,ohne,,0,,,,"TD, AMB",AMB,07_23_2025_1516,,,1688,toch. A,conflict
2639,,TA,70016,pok,,,50806,ṣpät,,sieben,,0,,,,"TD, AMB",AMB,07_23_2025_1516,,,1693,toch. A,conflict
2659,,TA,70324,pok,,,51114,se,,Sohn,,0,,,,"TD, AMB",AMB,07_23_2025_1516,,,1702,toch. A,conflict
2740,,TA,72428,pok,,,53218,kärṣt-,,"abschneiden, zerstören",,0,,,,"TD, AMB",AMB,07_23_2025_1516,,,1737,toch. A,conflict
2809,,TA,73825,pok,,,54615,smi-,,lächeln,,0,,,,"TD, AMB",AMB,07_23_2025_1516,,,1786,toch. A,conflict
2853,,TA,74500,pok,,,55290,sə-m,,,,0,,,,"TD, AMB",AMB,07_23_2025_1516,,,1816,toch. A,conflict
2853,,TA,74501,pok,,,55291,sā-m,,,,0,,,,"TD, AMB",AMB,07_23_2025_1516,,,1816,toch. A,conflict
2856,,TA,74502,pok,,,55292,tə-m,,,,0,,,,"TD, AMB",AMB,07_23_2025_1516,,,1816,toch. A,conflict
2859,,TA,74564,pok,,,55354,salu,,vollständig,,0,,,,"TD, AMB",AMB,07_23_2025_1516,,,1818,toch. A,conflict
2880,,TA,74979,pok,,,55769,spāltk-,,sich anstrengen,,0,,,,"TD, AMB",AMB,07_23_2025_1516,,,1828,toch. A,conflict
1204,,TA,75227,pok,,,56017,spārāñ,,ein Vogel,,0,,,,"TD, AMB",AMB,07_23_2025_1516,,,1839,toch. A,conflict
2945,,TA,76193,pok,,,56983,ṣtām,,Baum,,0,,,,"TD, AMB",AMB,07_23_2025_1516,,,1868,toch. A,conflict
3046,,TA,78551,pok,,,59341,ṣkäṣt,,sechste,,0,,,,"TD, AMB",AMB,07_23_2025_1516,,,1924,toch. A,conflict
3063,,TA,78807,pok,,,59597,ṣpəⁿ,,"Schlaf, Traum",,0,,,,"TD, AMB",AMB,07_23_2025_1516,,,1938,toch. A,conflict
3092,,TA,79157,pok,,,59947,tāśśi,,Anführer,,0,,,,"TD, AMB",AMB,07_23_2025_1516,,,1954,toch. A,conflict
3121,,TA,79530,pok,,,60320,cacäl,,"heben, tragen",,0,,,,"TD, AMB",AMB,07_23_2025_1516,,,1972,toch. A,conflict
3138,,TA,79737,pok,,,60530,tampe,,Macht,,0,,,,"TD, AMB",AMB,07_23_2025_1516,,,1982,toch. A,conflict
3148,,TA,79877,pok,,,60670,täṅk-,,hindern,,0,,,,"TD, AMB",AMB,07_23_2025_1516,,,1989,toch. A,conflict
3182,,TA,80495,pok,,,61280,tark-,,Ohrring,,0,,,,"TD, AMB",AMB,07_23_2025_1516,,,2004,toch. A,conflict
3215,,TA,81094,pok,,,61879,täm,,dieses,,0,,,,"TD, AMB",AMB,07_23_2025_1516,,,2017,toch. A,conflict
3215,,TA,81179,pok,,,61964,tuṅk-,,Liebe,,0,,,,"TD, AMB",AMB,07_23_2025_1516,,,2020,toch. A,conflict
3228,,TA,81321,pok,,,62106,tre,,drei,,0,,,,"TD, AMB",AMB,07_23_2025_1516,,,2027,toch. A,conflict
3230,,TA,81353,pok,,,62138,taryāk,,dreißig,,0,,,,"TD, AMB",AMB,07_23_2025_1516,,,2027,toch. A,conflict
3236,,TA,81458,pok,,,62243,träm-,,in Zorn geraten,,0,,,,"TD, AMB",AMB,07_23_2025_1516,,,2031,toch. A,conflict
3249,,TA,81746,pok,,,62531,tu,,du,,0,,,,"TD, AMB",AMB,07_23_2025_1516,,,2047,toch. A,conflict
3298,,TA,82572,pok,,,63357,wäl,,König,,0,,,,"TD, AMB",AMB,07_23_2025_1516,,,2081,toch. A,conflict
3298,,TA,82573,pok,,,63358,wälts,,tausend,,0,,,,"TD, AMB",AMB,07_23_2025_1516,,,2081,toch. A,conflict
1011,,TA,82651,pok,,,63436,was,,wir,,0,,,,"TD, AMB",AMB,07_23_2025_1516,,,2089,toch. A,conflict
3370,,TA,84108,pok,,,64893,wak,,Stimme,,0,,,,"TD, AMB",AMB,07_23_2025_1516,,,2124,toch. A,conflict
3394,,TA,84570,pok,,,65355,walyi ,,Würmer,,0,,,,"TD, AMB",AMB,07_23_2025_1516,,,2132,toch. A,conflict
3397,,TA,84856,pok,,,65641,wañi,,Vergnügen,,0,,,,"TD, AMB",AMB,07_23_2025_1516,,,2137,toch. A,conflict
3434,,TA,85444,pok,,,66229,wärt-,,werfen,,0,,,,"TD, AMB",AMB,07_23_2025_1516,,,2158,toch. A,conflict
3434,,TA,85447,pok,,,66232,wërkänt,,Radkranz,,0,,,,"TD, AMB",AMB,07_23_2025_1516,,,2158,toch. A,conflict
3461,,TA,85851,pok,,,66636,wär-,,riechen,,0,,,,"TD, AMB",AMB,07_23_2025_1516,,,2169,toch. A,conflict
3464,,TA,85869,pok,,,66654,wärts,,"weit, breit",,0,,,,"TD, AMB",AMB,07_23_2025_1516,,,2170,toch. A,conflict
3483,,TA,86226,pok,,,67011,wṣeńńe ,,Lager,,0,,,,"TD, AMB",AMB,07_23_2025_1516,,,2184,toch. A,conflict
3483,,TA,86227,pok,,,67012,waṣt,,Haus,,0,,,,"TD, AMB",AMB,07_23_2025_1516,,,2184,toch. A,conflict
3488,,TA,86339,pok,,,67124,wsāl,,Kleid,,0,,,,"TD, AMB",AMB,07_23_2025_1516,,,2188,toch. A,conflict
186,,TA,86451,pok,,,67236,wṣe,,Nacht,,0,,,,"TD, AMB",AMB,07_23_2025_1516,,,2196,toch. A,conflict
3500,,TA,86586,pok,,,67371,wiki,,zwanzig,,0,,,,"TD, AMB",AMB,07_23_2025_1516,,,2201,toch. A,conflict
3503,,TA,86619,pok,,,67404,wir,,jung,,0,,,,"TD, AMB",AMB,07_23_2025_1516,,,2204,toch. A,conflict
4134,674,TA,10890,nil,28,,1874,top,*dʰou̯b-o-,Mine,,0,,,,"TD, AMB",AMB,07_23_2025_1516,,,,toch. A ,conflict
4366,1181,TA,11857,nil,42,,2841,ko,? *gʷóu̯-,Kuh,,0,,,,"TD, AMB",AMB,07_23_2025_1516,,,,toch. A ,conflict
4366,1181,TA,11858,nil,42,,2842,kowi,? *gʷóu̯-,Kuh,,0,,,,"TD, AMB",AMB,07_23_2025_1516,,,,toch. A ,conflict
4366,1181,TA,11859,nil,42,,2843,kos,? *gʷóu̯-,Kuh,,0,,,,"TD, AMB",AMB,07_23_2025_1516,,,,toch. A ,conflict
4839,110,TA,13363,nil,70,,4347,āñcäm-,*h₂ánh₁-men-,Selbst; Seele,,0,,,,"TD, AMB",AMB,07_23_2025_1516,,,,toch. A ,conflict
5300,1557,TA,14864,nil,106,,5848,ñomklyu,*k̑léu̯-es-,Ruhm,,0,,,,"TD, AMB",AMB,07_23_2025_1516,,,,toch. A ,conflict
5939,2540,TA,17082,nil,158,,8066,rtär,*(h₁)rudʰ-ró-,rot,,0,,,,"TD, AMB",AMB,07_23_2025_1516,,,,toch. A ,conflict
6258,2954,TA,17981,nil,182,,8965,wäst,*du̯i-sth₂-o-,"wieder, zweifach",,0,,,,"TD, AMB",AMB,07_23_2025_1516,,,,toch. A ,conflict
6441,2679,TA,18663,nil,193,,9647,se,*suH-i̯u-,Sohn,,0,,,,"TD, AMB",AMB,07_23_2025_1516,,,,toch. A ,conflict
6637,3520,TA,19188,nil,205,,10172,wir,*u̯iH-ró-,"jung, jugendkräftig",,0,,,,"TD, AMB",AMB,07_23_2025_1516,,,,toch. A ,conflict
196,,TA,23100,pok,,,3878,want,,Wind,,0,,,,"TD, AMB",AMB,07_23_2025_1516,,,136,toch. A ,conflict
378,,TA,26841,pok,,,7615,pyotk-,,zustande kommen; med. zustande bringen,,0,,,,"TD, AMB",AMB,07_23_2025_1516,,,248,toch. A ,conflict
493,,TA,28708,pok,,,9482,tiri,,Art und Weise,,0,,,,"TD, AMB",AMB,07_23_2025_1516,,,321,toch. A ,conflict
554,,TA,30609,pok,,,11383,täp-,,"ertönen lassen, verkünden",,0,,,,"TD, AMB",AMB,07_23_2025_1516,,,355,toch. A ,conflict
554,,TA,30610,pok,,,11384,tpässi,,,,0,,,,"TD, AMB",AMB,07_23_2025_1516,,,355,toch. A ,conflict
554,,TA,30611,pok,,,11385,cacpu,,,,0,,,,"TD, AMB",AMB,07_23_2025_1516,,,355,toch. A ,conflict
560,,TA,30675,pok,,,11449,käntu,,tongue,,0,,,,"TD, AMB",AMB,07_23_2025_1516,,,360,toch. A ,conflict
587,,TA,31419,pok,,,12193,tākā,,ich wurde,,0,,,,"TD, AMB",AMB,07_23_2025_1516,,,375,toch. A ,conflict
587,,TA,31458,pok,,,12232,tā-,,legen,,0,,,,"TD, AMB",AMB,07_23_2025_1516,,,375,toch. A ,conflict
587,,TA,31459,pok,,,12233,täs-,,legen,,0,,,,"TD, AMB",AMB,07_23_2025_1516,,,375,toch. A ,conflict
587,,TA,31460,pok,,,12234,tas-,,legen,,0,,,,"TD, AMB",AMB,07_23_2025_1516,,,375,toch. A ,conflict
725,,TA,34762,pok,,,15536,yā ,,er ging,,0,,,,"TD, AMB",AMB,07_23_2025_1516,,,451,toch. A ,conflict
877,,TA,37913,pok,,,18687,kāk,,er rief,,0,,,,"TD, AMB",AMB,07_23_2025_1516,,,548,toch. A ,conflict
1008,,TA,41619,pok,,,22393,śpālyo-,,Kopf,,0,,,,"TD, AMB",AMB,07_23_2025_1516,,,625,toch. A ,conflict
1120,,TA,44005,pok,,,24779,kumnäš,,er kommt,,0,,,,"TD, AMB",AMB,07_23_2025_1516,,,700,toch. A ,conflict
1120,,TA,44006,pok,,,24780,kumnästär,,,,0,,,,"TD, AMB",AMB,07_23_2025_1516,,,700,toch. A ,conflict
1122,,TA,44032,pok,,,24806,kum-,,kommen,,0,,,,"TD, AMB",AMB,07_23_2025_1516,,,700,toch. A ,conflict
1239,,TA,46128,pok,,,26902,yokäm,,"Tür, Tor",,0,,,,"TD, AMB",AMB,07_23_2025_1516,,,784,toch. A ,conflict
1251,,TA,46288,pok,,,27062,yok-,,besiegen,,0,,,,"TD, AMB",AMB,07_23_2025_1516,,,788,toch. A ,conflict
1662,,TA,52880,pok,,,33670,ku,,Hund,,0,,,,"TD, AMB",AMB,07_23_2025_1516,,,1076,toch. A ,conflict
1704,,TA,53434,pok,,,34224,śtärt,,,,0,,,,"TD, AMB",AMB,07_23_2025_1516,,,1097,toch. A ,conflict
1794,,TA,55197,pok,,,35987,lip-,,übrigbleiben,,0,,,,"TD, AMB",AMB,07_23_2025_1516,,,1149,toch. A ,conflict
1794,,TA,55198,pok,,,35988,lyipär ,,Rest,,0,,,,"TD, AMB",AMB,07_23_2025_1516,,,1149,toch. A ,conflict
1772,,TA,55759,pok,,,36549,ljäṣk-,,Weiche,,0,,,,"TD, AMB",AMB,07_23_2025_1516,,,1175,toch. A ,conflict
1956,,TA,58184,pok,,,38974,malywët ,,"du drückst, zertrittst",,0,,,,"TD, AMB",AMB,07_23_2025_1516,,,1256,toch. A ,conflict
1992,,TA,58807,pok,,,39597,mnu ,,Denken,,0,,,,"TD, AMB",AMB,07_23_2025_1516,,,1278,toch. A ,conflict
2005,,TA,58987,pok,,,39777,maṅk,,"Schuld, Fehler",,0,,,,"TD, AMB",AMB,07_23_2025_1516,,,1286,toch. A ,conflict
2781,,TA,73346,pok,,,54136,slākkär,,traurig,,0,,,,"TD, AMB",AMB,07_23_2025_1516,,,1768,toch. A ,conflict
2864,,TA,74664,pok,,,55454,spin-,,"Hacken, Pflock",,0,,,,"TD, AMB",AMB,07_23_2025_1516,,,1823,toch. A ,conflict
3040,,TA,78395,pok,,,59185,wāweku ,,gelogen,,0,,,,"TD, AMB",AMB,07_23_2025_1516,,,1918,toch. A ,conflict
3046,,TA,78522,pok,,,59312,ṣäk,,sechs,,0,,,,"TD, AMB",AMB,07_23_2025_1516,,,1924,toch. A ,conflict
3079,,TA,78981,pok,,,59771,ṣar,,Schwester,,0,,,,"TD, AMB",AMB,07_23_2025_1516,,,1947,toch. A ,conflict
3134,,TA,79608,pok,,,60401,tsälp-,,"gehen, hinübergehen, erlöst werden",,0,,,,"TD, AMB",AMB,07_23_2025_1516,,,1978,toch. A ,conflict
3173,,TA,80238,pok,,,61031,tsru,,wenig,,0,,,,"TD, AMB",AMB,07_23_2025_1516,,,1997,toch. A ,conflict
3215,,TA,81143,pok,,,61928,ku-pre,,wenn,,0,,,,"TD, AMB",AMB,07_23_2025_1516,,,2017,toch. A ,conflict
4857,140,TAB,13433,nil,71,,4417,āp-,*h₂ap-,Wasser,,0,,,,"TD, AMB",AMB,07_23_2025_1516,,,,toch. AB,conflict
5417,1811,TAB,15241,nil,115,,6225,lyipär,*léi̯p-r/n-,Überbleibsel,,0,,,,"TD, AMB",AMB,07_23_2025_1516,,,,toch. AB,conflict
5783,2264,TAB,16488,nil,146,,7472,pikār,? *p(e)ik̑-ōr-,Geste,,0,,,,"TD, AMB",AMB,07_23_2025_1516,,,,toch. AB,conflict
6550,206,TAB,18919,nil,200,,9903,wrīyeṣṣe,*ud-r-(i)i̯o-,zum Wasser gehörig,,0,,,,"TD, AMB",AMB,07_23_2025_1516,,,,toch. AB,conflict
3356,,TAB,19366,pok,,,144,āti,,Gräser,,0,,,,"TD, AMB",AMB,07_23_2025_1516,,,8,toch. AB,conflict
209,,TAB,19400,pok,,,178,āk-,,"reisen, führen",,0,,,,"TD, AMB",AMB,07_23_2025_1516,,,10,toch. AB,conflict
64,,TAB,20414,pok,,,1192,yok-tsi,,trinken,,0,,,,"TD, AMB",AMB,07_23_2025_1516,,,51,toch. AB,conflict
70,,TAB,20669,pok,,,1447,āl-,,"trennen, entfernen",,0,,,,"TD, AMB",AMB,07_23_2025_1516,,,54,toch. AB,conflict
92,,TAB,21126,pok,,,1904,āñm-,,"Leben, Geist",,0,,,,"TD, AMB",AMB,07_23_2025_1516,,,77,toch. AB,conflict
92,,TAB,21127,pok,,,1905,āñme,,Absicht,,0,,,,"TD, AMB",AMB,07_23_2025_1516,,,77,toch. AB,conflict
147,,TAB,22198,pok,,,2976,āre,,Pflug,,0,,,,"TD, AMB",AMB,07_23_2025_1516,,,108,toch. AB,conflict
182,,TAB,22774,pok,,,3552,wätk-,,befehlen,,0,,,,"TD, AMB",AMB,07_23_2025_1516,,,132,toch. AB,conflict
202,,TAB,23264,pok,,,4042,oko,,Frucht,,0,,,,"TD, AMB",AMB,07_23_2025_1516,,,138,toch. AB,conflict
258,,TAB,24419,pok,,,5197,poke,,Arm,,0,,,,"TD, AMB",AMB,07_23_2025_1516,,,186,toch. AB,conflict
415,,TAB,25328,pok,,,6106,päl-,,loben,,0,,,,"TD, AMB",AMB,07_23_2025_1516,,,218,toch. AB,conflict
415,,TAB,25329,pok,,,6107,pāl-,,loben,,0,,,,"TD, AMB",AMB,07_23_2025_1516,,,218,toch. AB,conflict
320,,TAB,25366,pok,,,6144,pälk-,,"brennen, leuchten, sich erhitzen",,0,,,,"TD, AMB",AMB,07_23_2025_1516,,,221,toch. AB,conflict
343,,TAB,25821,pok,,,6599,pär-,,"tragen, bringen, holen",,0,,,,"TD, AMB",AMB,07_23_2025_1516,,,228,toch. AB,conflict
353,,TAB,26321,pok,,,7099,pärk-,,sich erheben,,0,,,,"TD, AMB",AMB,07_23_2025_1516,,,238,toch. AB,conflict
436,,TAB,27752,pok,,,8526,pränk-,,entfernen,,0,,,,"TD, AMB",AMB,07_23_2025_1516,,,294,toch. AB,conflict
513,,TAB,29390,pok,,,10164,täm-,,"erzeugen, geboren werden",,0,,,,"TD, AMB",AMB,07_23_2025_1516,,,333,toch. AB,conflict
514,,TAB,29392,pok,,,10166,tsäm-,,wachsen,,0,,,,"TD, AMB",AMB,07_23_2025_1516,,,333,toch. AB,conflict
548,,TAB,30357,pok,,,11131,or,,Holz,,0,,,,"TD, AMB",AMB,07_23_2025_1516,,,349,toch. AB,conflict
598,,TAB,31693,pok,,,12467,cok,,Lampe,,0,,,,"TD, AMB",AMB,07_23_2025_1516,,,379,toch. AB,conflict
625,,TAB,32304,pok,,,13078,tärkär,,Wolke,,0,,,,"TD, AMB",AMB,07_23_2025_1516,,,397,toch. AB,conflict
750,,TAB,35458,pok,,,16232,lit,,"fortgehen, herabfallen",,0,,,,"TD, AMB",AMB,07_23_2025_1516,,,468,toch. AB,conflict
757,,TAB,35587,pok,,,16361,y-,,in,,0,,,,"TD, AMB",AMB,07_23_2025_1516,,,476,toch. AB,conflict
757,,TAB,35588,pok,,,16362,yn-,,in,,0,,,,"TD, AMB",AMB,07_23_2025_1516,,,476,toch. AB,conflict
773,,TAB,35975,pok,,,16749,ñu,,neun,,0,,,,"TD, AMB",AMB,07_23_2025_1516,,,483,toch. AB,conflict
920,,TAB,39154,pok,,,19928,knā- ,,"wissen, erkennen",,0,,,,"TD, AMB",AMB,07_23_2025_1516,,,477,toch. AB,conflict
947,,TAB,40484,pok,,,21258,św-ā-tsi,,essen,,0,,,,"TD, AMB",AMB,07_23_2025_1516,,,584,toch. AB,conflict
1014,,TAB,41698,pok,,,22472,kātk-,,sich erfreuen,,0,,,,"TD, AMB",AMB,07_23_2025_1516,,,627,toch. AB,conflict
1120,,TAB,43996,pok,,,24770,käm-,,kommen,,0,,,,"TD, AMB",AMB,07_23_2025_1516,,,700,toch. AB,conflict
1122,,TAB,44033,pok,,,24807,kam-,,kommen,,0,,,,"TD, AMB",AMB,07_23_2025_1516,,,700,toch. AB,conflict
1142,,TAB,44450,pok,,,25224,klā-,,fallen,,0,,,,"TD, AMB",AMB,07_23_2025_1516,,,712,toch. AB,conflict
1213,,TAB,45823,pok,,,26597,yäk-,,vernachlässigen,,0,,,,"TD, AMB",AMB,07_23_2025_1516,,,770,toch. AB,conflict
1214,,TAB,45880,pok,,,26654,yask-,,"verlangen, betteln",,0,,,,"TD, AMB",AMB,07_23_2025_1516,,,774,toch. AB,conflict
1226,,TAB,46040,pok,,,26814,yāt-,,"fähig sein, befehlen",,0,,,,"TD, AMB",AMB,07_23_2025_1516,,,782,toch. AB,conflict
1251,,TAB,46289,pok,,,27063,yuk-,,besiegen,,0,,,,"TD, AMB",AMB,07_23_2025_1516,,,788,toch. AB,conflict
1542,,TAB,51542,pok,,,32332,klā̆w-,,verkünden,,0,,,,"TD, AMB",AMB,07_23_2025_1516,,,980,toch. AB,conflict
761,,TAB,56376,pok,,,37166,luk-,,"leuchten, erleuchten",,0,,,,"TD, AMB",AMB,07_23_2025_1516,,,1193,toch. AB,conflict
1901,,TAB,57188,pok,,,37978,ñi,,"mein, von mir",,0,,,,"TD, AMB",AMB,07_23_2025_1516,,,1227,toch. AB,conflict
1969,,TAB,58368,pok,,,39158,mälk-,,zusammenfügen,,0,,,,"TD, AMB",AMB,07_23_2025_1516,,,1260,toch. AB,conflict
2093,,TAB,60575,pok,,,41365,a(n)-,,Verneinungspartikel ,,0,,,,"TD, AMB",AMB,07_23_2025_1516,,,1351,toch. AB,conflict
2093,,TAB,60576,pok,,,41366,am-,,Verneinungspartikel ,,0,,,,"TD, AMB",AMB,07_23_2025_1516,,,1351,toch. AB,conflict
2093,,TAB,60577,pok,,,41367,e(n)-,,Verneinungspartikel ,,0,,,,"TD, AMB",AMB,07_23_2025_1516,,,1351,toch. AB,conflict
2093,,TAB,60578,pok,,,41368,em-,,Verneinungspartikel ,,0,,,,"TD, AMB",AMB,07_23_2025_1516,,,1351,toch. AB,conflict
2093,,TAB,60579,pok,,,41369,on-,,Verneinungspartikel ,,0,,,,"TD, AMB",AMB,07_23_2025_1516,,,1351,toch. AB,conflict
2261,,TAB,63036,pok,,,43826,päk-,,"zum Reifen bringen, kochen",,0,,,,"TD, AMB",AMB,07_23_2025_1516,,,1465,toch. AB,conflict
2311,,TAB,64460,pok,,,45250,pärsk-,,fürchten,,0,,,,"TD, AMB",AMB,07_23_2025_1516,,,1492,toch. AB,conflict
2320,,TAB,64636,pok,,,45426,pärs-,,besprengen,,0,,,,"TD, AMB",AMB,07_23_2025_1516,,,1500,toch. AB,conflict
2353,,TAB,65154,pok,,,45944,plāk-,,einverstanden sein,,0,,,,"TD, AMB",AMB,07_23_2025_1516,,,1524,toch. AB,conflict
2379,,TAB,65494,pok,,,46284,plu-,,"fliegen, schweben",,0,,,,"TD, AMB",AMB,07_23_2025_1516,,,1531,toch. AB,conflict
2452,,TAB,66664,pok,,,47454,räk-,,"hinbreiten, bedecken",,0,,,,"TD, AMB",AMB,07_23_2025_1516,,,1588,toch. AB,conflict
2529,,TAB,67827,pok,,,48617,ru-,,öffnen,,0,,,,"TD, AMB",AMB,07_23_2025_1516,,,1631,toch. AB,conflict
3121,,TAB,79529,pok,,,60319,täl-,,"heben, tragen",,0,,,,"TD, AMB",AMB,07_23_2025_1516,,,1972,toch. AB,conflict
3138,,TAB,79738,pok,,,60531,cämp-,,"können, vermögen",,0,,,,"TD, AMB",AMB,07_23_2025_1516,,,1982,toch. AB,conflict
3165,,TAB,80116,pok,,,60909,trik-,,"in die Irre gehen, fehlen",,0,,,,"TD, AMB",AMB,07_23_2025_1516,,,1997,toch. AB,conflict
3175,,TAB,80258,pok,,,61051,trāsk-,,kauen,,0,,,,"TD, AMB",AMB,07_23_2025_1516,,,1997,toch. AB,conflict
3182,,TAB,80494,pok,,,61279,tsärk-,,quälen,,0,,,,"TD, AMB",AMB,07_23_2025_1516,,,2004,toch. AB,conflict
3182,,TAB,80544,pok,,,61329,tsārw-,,sich freuen,,0,,,,"TD, AMB",AMB,07_23_2025_1516,,,2005,toch. AB,conflict
3321,,TAB,82900,pok,,,63685,wásir,,Blitzstrahl,,0,,,,"TD, AMB",AMB,07_23_2025_1516,,,2101,toch. AB,conflict
3410,,TAB,85116,pok,,,65901,ri,,Stadt,,0,,,,"TD, AMB",AMB,07_23_2025_1516,,,2149,toch. AB,conflict
151,,TAB,22385,pok,,,3163,as-,,austrocknen,,0,,,,"TD, AMB",AMB,07_23_2025_1516,,,120,toch. AB ,conflict
151,,TAB,22386,pok,,,3164,ās- ,,austrocknen,,0,,,,"TD, AMB",AMB,07_23_2025_1516,,,120,toch. AB ,conflict
378,,TAB,26842,pok,,,7616,pyutk-,,zustande kommen; med. zustande bringen,,0,,,,"TD, AMB",AMB,07_23_2025_1516,,,248,toch. AB ,conflict
535,,TAB,29882,pok,,,10656,tsär-,,trennen,,0,,,,"TD, AMB",AMB,07_23_2025_1516,,,343,toch. AB ,conflict
535,,TAB,29883,pok,,,10657,tsrorye ,,"Spalt, Riß",,0,,,,"TD, AMB",AMB,07_23_2025_1516,,,343,toch. AB ,conflict
673,,TAB,33444,pok,,,14218,tsu-,,sich vereinigen (??),,0,,,,"TD, AMB",AMB,07_23_2025_1516,,,420,toch. AB ,conflict
3506,,TAB,86631,pok,,,67416,lek,,"Gestalt, Erscheinung",,0,,,,"TD, AMB",AMB,07_23_2025_1516,,,2206,toch. AB ,conflict
143,,TAB,21983,pok,,,2761,yärm,,Maß,,0,,,,"TD, AMB",AMB,07_23_2025_1516,,,103,toch. AВ,conflict
6968,522,TB,748,liv,87,,748,tsmāntär,perfect,werden wachsen,will grow,0,,,"toch. B Konj. tsmāntär ‘werden wachsen’, A Abstr. tsmālune","TD, AMB",AMB,07_23_2025_1516,366,perfect,,toch. B,conflict
7560,1131,TB,2040,liv,255,,2040,śman-,root aorist,wird kommen,,0,7,"7: < *gʷem-e-t(i); westtoch. teilweise auch mit Übertragung des n-Infixes aus dem Präs., z.B. 3s śanmäṃ, vgl. KRAUSE, Westtoch. Gr. 125 Anm. 1. –","toch. Konj. B śman-, A śmäṣ ‘wird kommen’{7}; [Prät. B kameṃ ‘kamen’{8}","TD, AMB",AMB,07_23_2025_1516,806,root aorist,,toch. B,conflict
7560,1131,TB,2042,liv,255,,2042,kameṃ,root aorist,kamen,come,0,8,"8: Unklar der *ē-Vokal in der 2s/3s B śem, vielleicht aus 1s *gʷēm < *gʷem-m̥, vgl. HACKSTEIN 16420 mit Lit.; zum Prät. *kʷəm- ist das Präs. *kʷəm-nəsk- in B känmaṣṣäṃ, A kumnäṣ neugebildet, s. HACKSTEIN 306-7.","toch. Konj. B śman-, A śmäṣ ‘wird kommen’{7}; [Prät. B kameṃ ‘kamen’{8}","TD, AMB",AMB,07_23_2025_1516,806,root aorist,,toch. B,conflict
7591,1144,TB,2136,liv,260,,2136,śaweṃ,amphidynamic root-present,sie leben,,0,10,"10: Entweder mit durchgeführter R(z) und lautgesetzlichem *ih₃ > *ya, oder mit durchgeführter R(e); aus dem Präsensstamm ist die Neowurzel *śau- abstrahiert, westtoch. auch /śai-/ < *kyaw'ə- aus Formen mit Themavokal *-e-.","[toch.B śaweṃ, A śāweñc ‘sie leben’{10}","TD, AMB",AMB,07_23_2025_1516,814,amphidynamic root-present,,toch. B,conflict
8841,1819,TB,4730,liv,613,,4730,laitaṃ,perfect,soll/wird weggehen,,0,,,"[toch. Konj. B laitaṃ, A letaṣ ‘soll/wird weggehen’","TD, AMB",AMB,07_23_2025_1516,1320,perfect,,toch. B,conflict
9068,2036,TB,5249,liv,669,,5249,marsa,root aorist,vergaß,forgot,0,2,2: Im Toch. sekundär Seṭ-Wurzel.,"[toch. B marsa, A märs ‘vergaß’{2}","TD, AMB",AMB,07_23_2025_1516,1482,root aorist,,toch. B,conflict
9242,2265,TB,5615,liv,715,,5615,paiyka,perfect,"malte, schrieb",,0,5,"5: Das toch. Verbum könnte auch zu 1.*pei̯g- gehören, oder zu beiden Varianten, da im Toch. *k̑ und *g zusammenfallen.","toch. B paiyka, A Med. pekat ‘malte, schrieb’{5} Konj. B paikatär, A pekatär","TD, AMB",AMB,07_23_2025_1516,1656,perfect,,toch. B,conflict
9242,2265,TB,5617,liv,715,,5617,paikatär,perfect,"malen, schreiben",,0,,,"toch. B paiyka, A Med. pekat ‘malte, schrieb’{5} Konj. B paikatär, A pekatär","TD, AMB",AMB,07_23_2025_1516,1656,perfect,,toch. B,conflict
10613,3368,TB,8542,liv,1111,,8542,wikātär,perfect,wird schwinden,,1,,,"?[toch. Konj. B wikātär, A wekaṣ ‘wird schwinden’","TD, AMB",AMB,07_23_2025_1516,2437,perfect,,toch. B,conflict
3639,301,TB,9093,nil,3,,77,pkante,*bʰeg-n̥to-,Hindernis,,0,,,,"TD, AMB",AMB,07_23_2025_1516,,,,toch. B,conflict
3699,347,TB,9228,nil,8,,212,kwri,*ku-bʰr-o-,wenn,,0,,,,"TD, AMB",AMB,07_23_2025_1516,,,,toch. B,conflict
3720,347,TB,9301,nil,8,,285,preṃtsa,*bʰer-n̥t-ih₂-,"schwanger, fruchtbar (von der Frau); potent, zeugungsfähig (vom Mann)",,0,,,,"TD, AMB",AMB,07_23_2025_1516,,,,toch. B,conflict
3804,441,TB,9597,nil,12,,581,procer,*bʰráh₂ter-,Bruder,,0,,,,"TD, AMB",AMB,07_23_2025_1516,,,,toch. B,conflict
3804,441,TB,9598,nil,12,,582,protär,*bʰráh₂ter-,Bruder,,0,,,,"TD, AMB",AMB,07_23_2025_1516,,,,toch. B,conflict
3804,441,TB,9599,nil,12,,583,protri,*bʰráh₂ter-,Bruder,,0,,,,"TD, AMB",AMB,07_23_2025_1516,,,,toch. B,conflict
3804,441,TB,9600,nil,12,,584,procera,*bʰráh₂ter-,Bruder,,0,,,,"TD, AMB",AMB,07_23_2025_1516,,,,toch. B,conflict
3804,441,TB,9601,nil,12,,585,protärñts,*bʰráh₂ter-,Bruder,,0,,,,"TD, AMB",AMB,07_23_2025_1516,,,,toch. B,conflict
4006,1004,TB,10469,nil,22,,1453,keṃ,*dʰéĝʰ-om-,"Erde, Boden",,0,,,,"TD, AMB",AMB,07_23_2025_1516,,,,toch. B,conflict
4134,674,TB,10889,nil,28,,1873,taupe,*dʰou̯b-o-,Mine,,0,,,,"TD, AMB",AMB,07_23_2025_1516,,,,toch. B,conflict
4137,674,TB,10909,nil,28,,1893,tapre,*dʰub-ro/ah₂-,hoch,,0,,,,"TD, AMB",AMB,07_23_2025_1516,,,,toch. B,conflict
4142,603,TB,10936,nil,29,,1920,tāno,*dʰoh₁-náh₂-,"Samenkorn, Korn",,0,,,,"TD, AMB",AMB,07_23_2025_1516,,,,toch. B,conflict
4144,701,TB,10995,nil,30,,1979,tkācer,*dʰugh₂tér-,"Tochter, Mädchen",,0,,,,"TD, AMB",AMB,07_23_2025_1516,,,,toch. B,conflict
4144,701,TB,10997,nil,30,,1981,tkātre,*dʰugh₂tér-,"Tochter, Mädchen",,0,,,,"TD, AMB",AMB,07_23_2025_1516,,,,toch. B,conflict
4144,701,TB,10998,nil,30,,1982,tkātär,*dʰugh₂tér-,"Tochter, Mädchen",,0,,,,"TD, AMB",AMB,07_23_2025_1516,,,,toch. B,conflict
4144,701,TB,10999,nil,30,,1983,tkātärn,*dʰugh₂tér-,"Tochter, Mädchen",,0,,,,"TD, AMB",AMB,07_23_2025_1516,,,,toch. B,conflict
4157,708,TB,11081,nil,31,,2065,twere,*dʰu̯or-o-,Tür,,0,,,,"TD, AMB",AMB,07_23_2025_1516,,,,toch. B,conflict
4337,1159,TB,11650,nil,40,,2634,śana,*gʷén-h₂-,,,0,,,,"TD, AMB",AMB,07_23_2025_1516,,,,toch. B,conflict
4337,1159,TB,11651,nil,40,,2635,śano,*gʷén-h₂-,,,0,,,,"TD, AMB",AMB,07_23_2025_1516,,,,toch. B,conflict
4337,1159,TB,11652,nil,40,,2636,śnoy,*gʷén-h₂-,,,0,,,,"TD, AMB",AMB,07_23_2025_1516,,,,toch. B,conflict
4366,1181,TB,11860,nil,42,,2844,kewän,? *gʷóu̯-,Kuh,,0,,,,"TD, AMB",AMB,07_23_2025_1516,,,,toch. B,conflict
4366,1181,TB,11862,nil,42,,2846,kaurṣe,? *gʷóu̯-,Stier,,0,,,,"TD, AMB",AMB,07_23_2025_1516,,,,toch. B,conflict
4452,715,TB,12058,nil,49,,3042,yolo,? *h₁ed-u̯ol-ōn-,"schlecht, böse; Übel",,0,,,,"TD, AMB",AMB,07_23_2025_1516,,,,toch. B,conflict
4463,715,TB,12092,nil,49,,3076,yetse,*h₁ēd-s-o-,(äußere) Haut,,0,,,,"TD, AMB",AMB,07_23_2025_1516,,,,toch. B,conflict
4498,730,TB,12240,nil,50,,3224,ytārye,*h₁i-tor/n-,"Weg, Straße",,0,,,,"TD, AMB",AMB,07_23_2025_1516,,,,toch. B,conflict
4505,730,TB,12253,nil,50,,3237,ymiye,*h₁éi̯-men-,Straße,,0,,,,"TD, AMB",AMB,07_23_2025_1516,,,,toch. B,conflict
4540,749,TB,12395,nil,51,,3379,yakwe,*h₁ék̑u̯o-,Pferd,,0,,,,"TD, AMB",AMB,07_23_2025_1516,,,,toch. B,conflict
4626,3478,TB,12693,nil,59,,3677,wartstse,*h₁u̯r̥H-ti̯o-,breit,,0,,,,"TD, AMB",AMB,07_23_2025_1516,,,,toch. B,conflict
4724,61,TB,13031,nil,65,,4015,ya-k,? *h₂i̯-u-,"noch, dennoch",,0,,,,"TD, AMB",AMB,07_23_2025_1516,,,,toch. B,conflict
4768,65,TB,13182,nil,66,,4166,āke,? *h₂ák̑-es-,"Ende, Spitze, Gipfel",,0,,,,"TD, AMB",AMB,07_23_2025_1516,,,,toch. B,conflict
4783,65,TB,13217,nil,66,,4201,akwam-,*h₂ak̑-u-men-,~ Spross,,0,,,,"TD, AMB",AMB,07_23_2025_1516,,,,toch. B,conflict
4785,65,TB,13222,nil,66,,4206,akwatse,*h₂ak̑-u-ti̯o-,scharf,,0,,,,"TD, AMB",AMB,07_23_2025_1516,,,,toch. B,conflict
4815,122,TB,13318,nil,67,,4302,entse,*h₂omĝʰ-so-,"Gier, Neid",,0,,,,"TD, AMB",AMB,07_23_2025_1516,,,,toch. B,conflict
4848,110,TB,13388,nil,70,,4372,añiye,? *h₂anh₁-(i)i̯o/i̯ah₂-,Atem,,0,,,,"TD, AMB",AMB,07_23_2025_1516,,,,toch. B,conflict
4869,164,TB,13499,nil,72,,4483,ārkwi,**h₂arĝ-u-,weiß,,0,,,,"TD, AMB",AMB,07_23_2025_1516,,,,toch. B,conflict
5001,3003,TB,13931,nil,80,,4915,ścirye,? *h₂ster-ih₂-,Stern,,0,,,,"TD, AMB",AMB,07_23_2025_1516,,,,toch. B,conflict
5072,3343,TB,14146,nil,84,,5130,okso,*h₂uks-é/ón-,Ochse,,0,,,,"TD, AMB",AMB,07_23_2025_1516,,,,toch. B,conflict
5082,2196,TB,14182,nil,86,,5166,ek*,*(-)h₃okʷ-,Auge,,0,,,,"TD, AMB",AMB,07_23_2025_1516,,,,toch. B,conflict
5082,2196,TB,14185,nil,86,,5169,yn-eś(ne),*(-)h₃okʷ-,offensichtlich,,0,,,,"TD, AMB",AMB,07_23_2025_1516,,,,toch. B,conflict
5083,2196,TB,14198,nil,86,,5182,eśane,ˣh₃okʷ-ih₁,beide Augen,,0,,,,"TD, AMB",AMB,07_23_2025_1516,,,,toch. B,conflict
5083,2196,TB,14199,nil,86,,5183,eśne,ˣh₃okʷ-ih₁,beide Augen,,0,,,,"TD, AMB",AMB,07_23_2025_1516,,,,toch. B,conflict
5096,2196,TB,14300,nil,86,,5284,pratsāko,*-h₃ōkʷ-ah₂-,Brust,,0,,,,"TD, AMB",AMB,07_23_2025_1516,,,,toch. B,conflict
5237,1352,TB,14668,nil,98,,5652,kāswo,*k̑as-u̯o-,eine Hautkrankheit,,0,,,,"TD, AMB",AMB,07_23_2025_1516,,,,toch. B,conflict
5273,1477,TB,14777,nil,103,,5761,käryāñ,*k̑r̥d-i̯ah₂-,Herzen,,0,,,,"TD, AMB",AMB,07_23_2025_1516,,,,toch. B,conflict
5293,1557,TB,14832,nil,106,,5816,klyom(o),? *k̑leu̯-mon-,vornehm,,0,,,,"TD, AMB",AMB,07_23_2025_1516,,,,toch. B,conflict
5318,1557,TB,14930,nil,106,,5914,klautso,? *k̑lou̯-ti̯-(a)h₂-,Ohr,,0,,,,"TD, AMB",AMB,07_23_2025_1516,,,,toch. B,conflict
5318,1557,TB,14931,nil,106,,5915,klautsa-ne,? *k̑lou̯-ti̯-(a)h₂-,Ohr,,0,,,,"TD, AMB",AMB,07_23_2025_1516,,,,toch. B,conflict
5348,1688,TB,15053,nil,109,,6037,ku,*k̑u̯ón-,Hund,,0,,,,"TD, AMB",AMB,07_23_2025_1516,,,,toch. B,conflict
5358,1688,TB,15072,nil,109,,6056,kuñiye,*k̑uu̯n̥-ii̯o-,zum Hund gehörig,,0,,,,"TD, AMB",AMB,07_23_2025_1516,,,,toch. B,conflict
5442,1915,TB,15333,nil,117,,6317,mācer,*máh₂ter-,Mutter,,0,,,,"TD, AMB",AMB,07_23_2025_1516,,,,toch. B,conflict
5487,1935,TB,15485,nil,122,,6469,mit,*médʰu-,Honig,,0,,,,"TD, AMB",AMB,07_23_2025_1516,,,,toch. B,conflict
5522,1906,TB,15601,nil,124,,6585,moko,? *mah₂k̑-on-,"alt (von Menschen, auch als Titel)",,0,,,,"TD, AMB",AMB,07_23_2025_1516,,,,toch. B,conflict
5574,2000,TB,15731,nil,128,,6715,misa,*mems-(a)h₂-,Fleisch,,0,,,,"TD, AMB",AMB,07_23_2025_1516,,,,toch. B,conflict
5630,2088,TB,15894,nil,134,,6878,märkwace,*mreĝʰ-u-ti-,Oberschenkel,,0,,,,"TD, AMB",AMB,07_23_2025_1516,,,,toch. B,conflict
5658,2136,TB,16032,nil,136,,7016,nekcīye,*nokʷt-eu̯-i̯o-,"nachts, letzte Nacht",,0,,,,"TD, AMB",AMB,07_23_2025_1516,,,,toch. B,conflict
5690,2163,TB,16195,nil,141,,7179,ñuwe,*néu̯-o/ah₂-,neu,,0,,,,"TD, AMB",AMB,07_23_2025_1516,,,,toch. B,conflict
5702,2254,TB,16243,nil,142,,7227,paiyye,*pod-,Fuß,,0,,,,"TD, AMB",AMB,07_23_2025_1516,,,,toch. B,conflict
5750,2254,TB,16414,nil,142,,7398,śwerppewä,*-pod-u̯n̥t-,vierfüßig,,0,,,,"TD, AMB",AMB,07_23_2025_1516,,,,toch. B,conflict
5799,2279,TB,16520,nil,147,,7504,pikul,? *pékʷ-l̥-,Jahr,,0,,,,"TD, AMB",AMB,07_23_2025_1516,,,,toch. B,conflict
5827,2369,TB,16657,nil,150,,7641,pācer,*ph₂tér-,Vater,,0,,,,"TD, AMB",AMB,07_23_2025_1516,,,,toch. B,conflict
5827,2369,TB,16658,nil,150,,7642,pātär,*ph₂tér-,Vater,,0,,,,"TD, AMB",AMB,07_23_2025_1516,,,,toch. B,conflict
5827,2369,TB,16659,nil,150,,7643,pātri,*ph₂tér-,Vater,,0,,,,"TD, AMB",AMB,07_23_2025_1516,,,,toch. B,conflict
5827,2369,TB,16660,nil,150,,7644,pācera,*ph₂tér-,Vater,,0,,,,"TD, AMB",AMB,07_23_2025_1516,,,,toch. B,conflict
5834,2369,TB,16706,nil,150,,7690,patarye,*ph₂tr-(i)i̯o/ah₂-,väterlich,,0,,,,"TD, AMB",AMB,07_23_2025_1516,,,,toch. B,conflict
5891,2476,TB,16914,nil,155,,7898,erkent-,? *r̥gʷ-ont-,schwarz,,0,,,,"TD, AMB",AMB,07_23_2025_1516,,,,toch. B,conflict
5916,2523,TB,16998,nil,157,,7982,retke,? *rot-iko-,Heer,,0,,,,"TD, AMB",AMB,07_23_2025_1516,,,,toch. B,conflict
5939,2540,TB,17083,nil,158,,8067,ratre,*(h₁)rudʰ-ró-,rot,,0,,,,"TD, AMB",AMB,07_23_2025_1516,,,,toch. B,conflict
6090,2578,TB,17502,nil,164,,8486,swāñco,*suh₂n̥-to-n-,Strahl,,0,,,,"TD, AMB",AMB,07_23_2025_1516,,,,toch. B,conflict
6095,2635,TB,17526,nil,166,,8510,ṣalype,*selp-es-,"Öl, Salbe, Fett",,0,,,,"TD, AMB",AMB,07_23_2025_1516,,,,toch. B,conflict
6122,2677,TB,17591,nil,170,,8575,s↓↓ä↓↓suwa,*susuH-uos-,Söhne,,0,,,,"TD, AMB",AMB,07_23_2025_1516,,,,toch. B,conflict
6160,2840,TB,17667,nil,173,,8651,ṣmare,? *smer-o/ah₂-,"glatt, geschmeidig; Öl (Subst.)",,0,,,,"TD, AMB",AMB,07_23_2025_1516,,,,toch. B,conflict
6252,2954,TB,17932,nil,182,,8916,istak,*-stah₂-,plötzlich,,0,,,,"TD, AMB",AMB,07_23_2025_1516,,,,toch. B,conflict
6256,2954,TB,17957,nil,182,,8941,epastye,*-sth₂-ú-,"kunstfertig, geschickt",,0,,,,"TD, AMB",AMB,07_23_2025_1516,,,,toch. B,conflict
6256,2954,TB,17958,nil,182,,8942,pest,*-sth₂-ú-,"fort, weg",,0,,,,"TD, AMB",AMB,07_23_2025_1516,,,,toch. B,conflict
6256,2954,TB,17959,nil,182,,8943,postäṃ,*-sth₂-ú-,"schließlich, danach",,0,,,,"TD, AMB",AMB,07_23_2025_1516,,,,toch. B,conflict
6256,2954,TB,17960,nil,182,,8944,päst,*-sth₂-ú-,"fort, weg",,0,,,,"TD, AMB",AMB,07_23_2025_1516,,,,toch. B,conflict
6285,2954,TB,18070,nil,182,,9054,stām,*sth₂-(s)mn̥-,Baum,,0,,,,"TD, AMB",AMB,07_23_2025_1516,,,,toch. B,conflict
6353,2989,TB,18301,nil,184,,9285,ysalye,? *(-)stl-o-,"Streit, Zwietracht",,0,,,,"TD, AMB",AMB,07_23_2025_1516,,,,toch. B,conflict
6353,2989,TB,18303,nil,184,,9287,esale,? *(-)stl-o-,Pfosten,,0,,,,"TD, AMB",AMB,07_23_2025_1516,,,,toch. B,conflict
6382,2579,TB,18380,nil,187,,9364,ṣotri,*su̯ēdʰh₁-ru-,"Zeichen, Marke, Tat",,0,,,,"TD, AMB",AMB,07_23_2025_1516,,,,toch. B,conflict
6394,3047,TB,18413,nil,188,,9397,swāre,? *su(a)h₂d-ro-,süß,,0,,,,"TD, AMB",AMB,07_23_2025_1516,,,,toch. B,conflict
6409,3085,TB,18478,nil,190,,9462,sänmetstse,*sup-n-o-ti̯o-,"in Trance, verzückt",,0,,,,"TD, AMB",AMB,07_23_2025_1516,,,,toch. B,conflict
6410,3085,TB,18485,nil,190,,9469,ṣpane,*su̯ep-n-o-,Schlaf,,0,,,,"TD, AMB",AMB,07_23_2025_1516,,,,toch. B,conflict
6428,3101,TB,18555,nil,191,,9539,ṣerśka,*su̯esor-kikah₂-,kleine Schwester,,0,,,,"TD, AMB",AMB,07_23_2025_1516,,,,toch. B,conflict
6622,209,TB,19128,nil,203,,10112,kaurṣe,*u̯ŕ̥s-en-,Stier,,0,,,,"TD, AMB",AMB,07_23_2025_1516,,,,toch. B,conflict
209,,TB,19399,pok,,,177,ak-,,"reisen, führen",,0,,,,"TD, AMB",AMB,07_23_2025_1516,,,10,toch. B,conflict
12,,TB,19726,pok,,,504,ai- ,,geben,,0,,,,"TD, AMB",AMB,07_23_2025_1516,,,24,toch. B,conflict
28,,TB,19959,pok,,,737,akālk ,,"Wunsch, Sehnsucht",,0,,,,"TD, AMB",AMB,07_23_2025_1516,,,36,toch. B,conflict
60,,TB,20350,pok,,,1128,āc̨-,,"Kopf, Beginn",,0,,,,"TD, AMB",AMB,07_23_2025_1516,,,47,toch. B,conflict
60,,TB,20351,pok,,,1129,āc̨c̨e-,,"Kopf, Beginn",,0,,,,"TD, AMB",AMB,07_23_2025_1516,,,47,toch. B,conflict
64,,TB,20541,pok,,,1319,alye-k^^ə^^,,ἄλλος τις,,0,,,,"TD, AMB",AMB,07_23_2025_1516,,,52,toch. B,conflict
64,,TB,20544,pok,,,1322,āläm ,,anderswo,,0,,,,"TD, AMB",AMB,07_23_2025_1516,,,52,toch. B,conflict
64,,TB,20545,pok,,,1323,aletste ,,Fremder,,0,,,,"TD, AMB",AMB,07_23_2025_1516,,,52,toch. B,conflict
80,,TB,20961,pok,,,1739,ant-api,,beide,,0,,,,"TD, AMB",AMB,07_23_2025_1516,,,68,toch. B,conflict
92,,TB,21129,pok,,,1907,onolme,,Lebewesen,,0,,,,"TD, AMB",AMB,07_23_2025_1516,,,77,toch. B,conflict
92,,TB,21130,pok,,,1908,wnolme,,Lebewesen,,0,,,,"TD, AMB",AMB,07_23_2025_1516,,,77,toch. B,conflict
112,,TB,21440,pok,,,2218,oṅkolmo ,,Elefant,,0,,,,"TD, AMB",AMB,07_23_2025_1516,,,88,toch. B,conflict
139,,TB,21957,pok,,,2735,ar(t)kye,,"reich, wertvoll",,0,,,,"TD, AMB",AMB,07_23_2025_1516,,,103,toch. B,conflict
147,,TB,22137,pok,,,2915,ra-,,emphat. Partikel,,0,,,,"TD, AMB",AMB,07_23_2025_1516,,,106,toch. B,conflict
169,,TB,22615,pok,,,3393,uk,,noch,,0,,,,"TD, AMB",AMB,07_23_2025_1516,,,130,toch. B,conflict
169,,TB,22618,pok,,,3396,om(p)ne,,da,,0,,,,"TD, AMB",AMB,07_23_2025_1516,,,130,toch. B,conflict
169,,TB,22619,pok,,,3397,omte ,,da,,0,,,,"TD, AMB",AMB,07_23_2025_1516,,,130,toch. B,conflict
182,,TB,22773,pok,,,3551,watk-,,befehlen,,0,,,,"TD, AMB",AMB,07_23_2025_1516,,,132,toch. B,conflict
187,,TB,22827,pok,,,3605,au-lāre,,Genosse,,0,,,,"TD, AMB",AMB,07_23_2025_1516,,,133,toch. B,conflict
187,,TB,22829,pok,,,3607,omaute,,Sehnsucht,,0,,,,"TD, AMB",AMB,07_23_2025_1516,,,133,toch. B,conflict
187,,TB,22830,pok,,,3608,w-är(īn)-,,ersehnen,,0,,,,"TD, AMB",AMB,07_23_2025_1516,,,133,toch. B,conflict
190,,TB,22966,pok,,,3744,war,,Wasser,,0,,,,"TD, AMB",AMB,07_23_2025_1516,,,135,toch. B,conflict
196,,TB,23101,pok,,,3879,yente ,,Wind,,0,,,,"TD, AMB",AMB,07_23_2025_1516,,,136,toch. B,conflict
202,,TB,23194,pok,,,3972,waimene,,schwierig,,0,,,,"TD, AMB",AMB,07_23_2025_1516,,,137,toch. B,conflict
202,,TB,23263,pok,,,4041,aukšu,,alt,,0,,,,"TD, AMB",AMB,07_23_2025_1516,,,138,toch. B,conflict
251,,TB,24217,pok,,,4995,peñĳo,,Schönheit,,0,,,,"TD, AMB",AMB,07_23_2025_1516,,,178,toch. B,conflict
251,,TB,24219,pok,,,4997,pākri,,"offen, deutlich",,0,,,,"TD, AMB",AMB,07_23_2025_1516,,,178,toch. B,conflict
251,,TB,24220,pok,,,4998,a-pākärtse,,"offen, deutlich",,0,,,,"TD, AMB",AMB,07_23_2025_1516,,,178,toch. B,conflict
251,,TB,24222,pok,,,5000,pa-tsäṅk,,Fenster,,0,,,,"TD, AMB",AMB,07_23_2025_1516,,,178,toch. B,conflict
251,,TB,24224,pok,,,5002,pate,,Erscheinung,,0,,,,"TD, AMB",AMB,07_23_2025_1516,,,178,toch. B,conflict
259,,TB,24420,pok,,,5198,pauke,,Arm,,0,,,,"TD, AMB",AMB,07_23_2025_1516,,,186,toch. B,conflict
264,,TB,24547,pok,,,5325,prākre,,fest,,0,,,,"TD, AMB",AMB,07_23_2025_1516,,,191,toch. B,conflict
277,,TB,24740,pok,,,5518,peti,,Verehrung,,0,,,,"TD, AMB",AMB,07_23_2025_1516,,,203,toch. B,conflict
281,,TB,24808,pok,,,5586,pakwāre ,,schlecht,,0,,,,"TD, AMB",AMB,07_23_2025_1516,,,205,toch. B,conflict
303,,TB,25079,pok,,,5857,palsk-,,nachdenken,,0,,,,"TD, AMB",AMB,07_23_2025_1516,,,213,toch. B,conflict
303,,TB,25080,pok,,,5858,pälsk,,nachdenken,,0,,,,"TD, AMB",AMB,07_23_2025_1516,,,213,toch. B,conflict
320,,TB,25368,pok,,,6146,pilko,,Blick,,0,,,,"TD, AMB",AMB,07_23_2025_1516,,,221,toch. B,conflict
320,,TB,25370,pok,,,6148,empalkaitte,,nachlässig,,0,,,,"TD, AMB",AMB,07_23_2025_1516,,,221,toch. B,conflict
318,,TB,25571,pok,,,6349,pkante,,Größe,,0,,,,"TD, AMB",AMB,07_23_2025_1516,,,227,toch. B,conflict
318,,TB,25572,pok,,,6350,pkatte ,,Größe,,0,,,,"TD, AMB",AMB,07_23_2025_1516,,,227,toch. B,conflict
349,,TB,26111,pok,,,6889,perne,,leuchtend,,0,,,,"TD, AMB",AMB,07_23_2025_1516,,,232,toch. B,conflict
353,,TB,26323,pok,,,7101,pirko ,,das Aufstehen,,0,,,,"TD, AMB",AMB,07_23_2025_1516,,,238,toch. B,conflict
354,,TB,26325,pok,,,7103,parkre,,lang,,0,,,,"TD, AMB",AMB,07_23_2025_1516,,,238,toch. B,conflict
354,,TB,26326,pok,,,7104,pärkre ,,lang,,0,,,,"TD, AMB",AMB,07_23_2025_1516,,,238,toch. B,conflict
354,,TB,26328,pok,,,7106,prākre ,,fest,,0,,,,"TD, AMB",AMB,07_23_2025_1516,,,238,toch. B,conflict
416,,TB,27552,pok,,,8326,procer,,,,0,,,,"TD, AMB",AMB,07_23_2025_1516,,,287,toch. B,conflict
434,,TB,27736,pok,,,8510,pratsāk-,,Brust,,0,,,,"TD, AMB",AMB,07_23_2025_1516,,,293,toch. B,conflict
436,,TB,27751,pok,,,8525,praṅk-,,entfernen,,0,,,,"TD, AMB",AMB,07_23_2025_1516,,,294,toch. B,conflict
450,,TB,27991,pok,,,8765,pärwāne ,,Augenbrauen,,0,,,,"TD, AMB",AMB,07_23_2025_1516,,,306,toch. B,conflict
483,,TB,28541,pok,,,9315,tek,,berühren,,0,,,,"TD, AMB",AMB,07_23_2025_1516,,,320,toch. B,conflict
483,,TB,28542,pok,,,9316,tak,,berühren,,0,,,,"TD, AMB",AMB,07_23_2025_1516,,,320,toch. B,conflict
483,,TB,28543,pok,,,9317,teteka,,sobald,,0,,,,"TD, AMB",AMB,07_23_2025_1516,,,320,toch. B,conflict
497,,TB,28969,pok,,,9743,śak,,zehn,,0,,,,"TD, AMB",AMB,07_23_2025_1516,,,327,toch. B,conflict
503,,TB,29026,pok,,,9800,śkante,,zehnte,,0,,,,"TD, AMB",AMB,07_23_2025_1516,,,327,toch. B,conflict
503,,TB,29027,pok,,,9801,śkañce,,zehnte,,0,,,,"TD, AMB",AMB,07_23_2025_1516,,,327,toch. B,conflict
504,,TB,29056,pok,,,9830,känte,,ein Hundert,,0,,,,"TD, AMB",AMB,07_23_2025_1516,,,327,toch. B,conflict
510,,TB,29211,pok,,,9985,tallāwo ,,unglücklich,,0,,,,"TD, AMB",AMB,07_23_2025_1516,,,330,toch. B,conflict
510,,TB,29212,pok,,,9986,tsalt-,,kauen,,0,,,,"TD, AMB",AMB,07_23_2025_1516,,,330,toch. B,conflict
510,,TB,29213,pok,,,9987,tsālt- ,,kauen,,0,,,,"TD, AMB",AMB,07_23_2025_1516,,,330,toch. B,conflict
513,,TB,29388,pok,,,10162,tem-,,"erzeugen, geboren werden",,0,,,,"TD, AMB",AMB,07_23_2025_1516,,,333,toch. B,conflict
514,,TB,29391,pok,,,10165,tsam-,,wachsen,,0,,,,"TD, AMB",AMB,07_23_2025_1516,,,333,toch. B,conflict
514,,TB,29395,pok,,,10169,c(o)mel,,Geburt,,0,,,,"TD, AMB",AMB,07_23_2025_1516,,,333,toch. B,conflict
560,,TB,30676,pok,,,11450,käntwo,,tongue,,0,,,,"TD, AMB",AMB,07_23_2025_1516,,,360,toch. B,conflict
571,,TB,31019,pok,,,11793,wi ,,zwei,,0,,,,"TD, AMB",AMB,07_23_2025_1516,,,368,toch. B,conflict
587,,TB,31420,pok,,,12194,takāwā ,,ich wurde,,0,,,,"TD, AMB",AMB,07_23_2025_1516,,,375,toch. B,conflict
587,,TB,31461,pok,,,12235,tes-,,legen,,0,,,,"TD, AMB",AMB,07_23_2025_1516,,,375,toch. B,conflict
597,,TB,31618,pok,,,12392,tappre,,hoch,,0,,,,"TD, AMB",AMB,07_23_2025_1516,,,377,toch. B,conflict
597,,TB,31619,pok,,,12393,täpr-,,hoch,,0,,,,"TD, AMB",AMB,07_23_2025_1516,,,377,toch. B,conflict
598,,TB,31690,pok,,,12464,teki,,Krankheit,,0,,,,"TD, AMB",AMB,07_23_2025_1516,,,379,toch. B,conflict
598,,TB,31692,pok,,,12466,tsak-,,"glänzen, glühen",,0,,,,"TD, AMB",AMB,07_23_2025_1516,,,379,toch. B,conflict
612,,TB,32074,pok,,,12848,telki,,Opfer,,0,,,,"TD, AMB",AMB,07_23_2025_1516,,,388,toch. B,conflict
640,,TB,32519,pok,,,13293,treṅk-,,sprechen,,0,,,,"TD, AMB",AMB,07_23_2025_1516,,,399,toch. B,conflict
520,,TB,32706,pok,,,13480,tsirauñe,,Stärke,,0,,,,"TD, AMB",AMB,07_23_2025_1516,,,407,toch. B,conflict
651,,TB,32837,pok,,,13611,tute ,,gelb (?),,0,,,,"TD, AMB",AMB,07_23_2025_1516,,,412,toch. B,conflict
660,,TB,32933,pok,,,13707,tweye,,Staub,,0,,,,"TD, AMB",AMB,07_23_2025_1516,,,412,toch. B,conflict
666,,TB,33132,pok,,,13906,tor,,Staub (?),,0,,,,"TD, AMB",AMB,07_23_2025_1516,,,412,toch. B,conflict
679,,TB,33654,pok,,,14428,tkācer ,,Tochter,,0,,,,"TD, AMB",AMB,07_23_2025_1516,,,431,toch. B,conflict
642,,TB,33769,pok,,,14543,twere ,,Türe,,0,,,,"TD, AMB",AMB,07_23_2025_1516,,,434,toch. B,conflict
714,,TB,34639,pok,,,15413,yam ,,er geht,,0,,,,"TD, AMB",AMB,07_23_2025_1516,,,451,toch. B,conflict
714,,TB,34640,pok,,,15414,yanem ,,sie gehen,,0,,,,"TD, AMB",AMB,07_23_2025_1516,,,451,toch. B,conflict
717,,TB,34665,pok,,,15439,ytārye ,,Weg,,0,,,,"TD, AMB",AMB,07_23_2025_1516,,,451,toch. B,conflict
725,,TB,34763,pok,,,15537,yatsi ,,gehen,,0,,,,"TD, AMB",AMB,07_23_2025_1516,,,451,toch. B,conflict
725,,TB,34764,pok,,,15538,yopsa ,,er trat ein,,0,,,,"TD, AMB",AMB,07_23_2025_1516,,,451,toch. B,conflict
729,,TB,35028,pok,,,15802,yakwe,,Pferd,,0,,,,"TD, AMB",AMB,07_23_2025_1516,,,460,toch. B,conflict
757,,TB,35589,pok,,,16363,in,,in,,0,,,,"TD, AMB",AMB,07_23_2025_1516,,,476,toch. B,conflict
773,,TB,35922,pok,,,16696,eṅk-,,"nehmen, fassen",,0,,,,"TD, AMB",AMB,07_23_2025_1516,,,481,toch. B,conflict
782,,TB,36136,pok,,,16910,ñom,,Name,,0,,,,"TD, AMB",AMB,07_23_2025_1516,,,486,toch. B,conflict
788,,TB,36287,pok,,,17061,#NAME?,,,,0,,,,"TD, AMB",AMB,07_23_2025_1516,,,491,toch. B,conflict
796,,TB,36532,pok,,,17306,er- ,,"hervorbringen, verursachen",,0,,,,"TD, AMB",AMB,07_23_2025_1516,,,497,toch. B,conflict
796,,TB,36534,pok,,,17308,ers-,,"hervorbringen, verursachen",,0,,,,"TD, AMB",AMB,07_23_2025_1516,,,497,toch. B,conflict
804,,TB,36902,pok,,,17676,arṣāklai ,,Schlange,,0,,,,"TD, AMB",AMB,07_23_2025_1516,,,507,toch. B,conflict
804,,TB,36905,pok,,,17679,yar-s-,,baden,,0,,,,"TD, AMB",AMB,07_23_2025_1516,,,507,toch. B,conflict
815,,TB,37029,pok,,,17803,yarke ,,Verehrung,,0,,,,"TD, AMB",AMB,07_23_2025_1516,,,514,toch. B,conflict
822,,TB,37124,pok,,,17898,ste,,sein,,0,,,,"TD, AMB",AMB,07_23_2025_1516,,,516,toch. B,conflict
822,,TB,37125,pok,,,17899,star-,,sein,,0,,,,"TD, AMB",AMB,07_23_2025_1516,,,516,toch. B,conflict
822,,TB,37126,pok,,,17900,skente,,sein,,0,,,,"TD, AMB",AMB,07_23_2025_1516,,,516,toch. B,conflict
822,,TB,37127,pok,,,17901,stare,,sein,,0,,,,"TD, AMB",AMB,07_23_2025_1516,,,516,toch. B,conflict
822,,TB,37128,pok,,,17902,skentar,,sein,,0,,,,"TD, AMB",AMB,07_23_2025_1516,,,516,toch. B,conflict
822,,TB,37131,pok,,,17905,ṣai(-),,sein,,0,,,,"TD, AMB",AMB,07_23_2025_1516,,,516,toch. B,conflict
840,,TB,37356,pok,,,18130,ecce,,von da,,0,,,,"TD, AMB",AMB,07_23_2025_1516,,,523,toch. B,conflict
840,,TB,37386,pok,,,18160,etär,,Held,,0,,,,"TD, AMB",AMB,07_23_2025_1516,,,526,toch. B,conflict
872,,TB,37809,pok,,,18583,kāw- ,,begehren,,0,,,,"TD, AMB",AMB,07_23_2025_1516,,,544,toch. B,conflict
872,,TB,37810,pok,,,18584,kāwo ,,Verlangen,,0,,,,"TD, AMB",AMB,07_23_2025_1516,,,544,toch. B,conflict
877,,TB,37914,pok,,,18688,kāka ,,er rief,,0,,,,"TD, AMB",AMB,07_23_2025_1516,,,548,toch. B,conflict
877,,TB,37915,pok,,,18689,keneńc ,,sie riefen,,0,,,,"TD, AMB",AMB,07_23_2025_1516,,,548,toch. B,conflict
901,,TB,38713,pok,,,19487,keme,,Zahn,,0,,,,"TD, AMB",AMB,07_23_2025_1516,,,562,toch. B,conflict
920,,TB,39153,pok,,,19927,a-knātsa,,unwissend,,0,,,,"TD, AMB",AMB,07_23_2025_1516,,,477,toch. B,conflict
774,,TB,39360,pok,,,20134,kenīne,,die Knie,,0,,,,"TD, AMB",AMB,07_23_2025_1516,,,570,toch. B,conflict
990,,TB,41252,pok,,,22026,śaumo,,Mensch,,0,,,,"TD, AMB",AMB,07_23_2025_1516,,,619,toch. B,conflict
990,,TB,41253,pok,,,22027,śāmna,,Mensch,,0,,,,"TD, AMB",AMB,07_23_2025_1516,,,619,toch. B,conflict
990,,TB,41256,pok,,,22030,keṃ,,Erde,,0,,,,"TD, AMB",AMB,07_23_2025_1516,,,619,toch. B,conflict
1000,,TB,41371,pok,,,22145,#NAME?,,Verstärkungspartikel ,,0,,,,"TD, AMB",AMB,07_23_2025_1516,,,622,toch. B,conflict
1014,,TB,41700,pok,,,22474,kācc-,,sich erfreuen,,0,,,,"TD, AMB",AMB,07_23_2025_1516,,,627,toch. B,conflict
1062,,TB,43033,pok,,,23807,ṣar ,,Hand,,0,,,,"TD, AMB",AMB,07_23_2025_1516,,,668,toch. B,conflict
1120,,TB,43998,pok,,,24772,kam-,,kommen,,0,,,,"TD, AMB",AMB,07_23_2025_1516,,,700,toch. B,conflict
1120,,TB,43999,pok,,,24773,śem ,,kommen,,0,,,,"TD, AMB",AMB,07_23_2025_1516,,,700,toch. B,conflict
1120,,TB,44007,pok,,,24781,känmasträ,,,,0,,,,"TD, AMB",AMB,07_23_2025_1516,,,700,toch. B,conflict
1122,,TB,44035,pok,,,24809,śem-,,kommen,,0,,,,"TD, AMB",AMB,07_23_2025_1516,,,700,toch. B,conflict
1123,,TB,44039,pok,,,24813,kekamu ,,gekommen,,0,,,,"TD, AMB",AMB,07_23_2025_1516,,,700,toch. B,conflict
1127,,TB,44180,pok,,,24954,śai-,,leben,,0,,,,"TD, AMB",AMB,07_23_2025_1516,,,707,toch. B,conflict
1146,,TB,44543,pok,,,25317,śana,,,,0,,,,"TD, AMB",AMB,07_23_2025_1516,,,716,toch. B,conflict
1164,,TB,45055,pok,,,25829,kau,,Kuh,,0,,,,"TD, AMB",AMB,07_23_2025_1516,,,733,toch. B,conflict
1164,,TB,45056,pok,,,25830,kewän,,Kuh,,0,,,,"TD, AMB",AMB,07_23_2025_1516,,,733,toch. B,conflict
1164,,TB,45058,pok,,,25832,kaurṣe ,,Stier,,0,,,,"TD, AMB",AMB,07_23_2025_1516,,,733,toch. B,conflict
1214,,TB,45882,pok,,,26656,yāṣṣūca,,Bettler,,0,,,,"TD, AMB",AMB,07_23_2025_1516,,,774,toch. B,conflict
1226,,TB,46039,pok,,,26813,yototär,,,,0,,,,"TD, AMB",AMB,07_23_2025_1516,,,782,toch. B,conflict
1258,,TB,46403,pok,,,27177,yes,,ihr,,0,,,,"TD, AMB",AMB,07_23_2025_1516,,,797,toch. B,conflict
1262,,TB,46480,pok,,,27254,krent ,,gut,,0,,,,"TD, AMB",AMB,07_23_2025_1516,,,799,toch. B,conflict
1282,,TB,46752,pok,,,27526,ṣecake,,Löwe,,0,,,,"TD, AMB",AMB,07_23_2025_1516,,,816,toch. B,conflict
1293,,TB,46852,pok,,,27626,kamart,,Herrschaft,,0,,,,"TD, AMB",AMB,07_23_2025_1516,,,823,toch. B,conflict
1454,,TB,49685,pok,,,30459,kark-,,"braten, rösten",,0,,,,"TD, AMB",AMB,07_23_2025_1516,,,920,toch. B,conflict
1454,,TB,49686,pok,,,30460,kärk-,,"braten, rösten",,0,,,,"TD, AMB",AMB,07_23_2025_1516,,,920,toch. B,conflict
1464,,TB,50016,pok,,,30790,karep ,,Schaden,,0,,,,"TD, AMB",AMB,07_23_2025_1516,,,928,toch. B,conflict
1542,,TB,51544,pok,,,32334,klautso,,"Ohr, Kieme",,0,,,,"TD, AMB",AMB,07_23_2025_1516,,,980,toch. B,conflict
1542,,TB,51558,pok,,,32348,kälywe ,,Ruhm,,0,,,,"TD, AMB",AMB,07_23_2025_1516,,,980,toch. B,conflict
1544,,TB,51585,pok,,,32375,klyauṣ-,,hören,,0,,,,"TD, AMB",AMB,07_23_2025_1516,,,980,toch. B,conflict
1544,,TB,51587,pok,,,32377,klausane,,Ohren,,0,,,,"TD, AMB",AMB,07_23_2025_1516,,,980,toch. B,conflict
1571,,TB,52085,pok,,,32875,kraup-,,sammeln,,0,,,,"TD, AMB",AMB,07_23_2025_1516,,,1014,toch. B,conflict
1571,,TB,52086,pok,,,32876,krop-,,sammeln,,0,,,,"TD, AMB",AMB,07_23_2025_1516,,,1014,toch. B,conflict
1655,,TB,52809,pok,,,33599,kā̆rp-,,"sich wenden nach, gehen",,0,,,,"TD, AMB",AMB,07_23_2025_1516,,,1072,toch. B,conflict
1664,,TB,52881,pok,,,33671,ku,,Hund,,0,,,,"TD, AMB",AMB,07_23_2025_1516,,,1076,toch. B,conflict
1686,,TB,53115,pok,,,33905,śāte ,,reich,,0,,,,"TD, AMB",AMB,07_23_2025_1516,,,1086,toch. B,conflict
1692,,TB,53225,pok,,,34015,kokale,,Wagen,,0,,,,"TD, AMB",AMB,07_23_2025_1516,,,1088,toch. B,conflict
1700,,TB,53387,pok,,,34177,ś(t)wār,,vier,,0,,,,"TD, AMB",AMB,07_23_2025_1516,,,1097,toch. B,conflict
1700,,TB,53388,pok,,,34178,ś(t)wer,,vier,,0,,,,"TD, AMB",AMB,07_23_2025_1516,,,1097,toch. B,conflict
1704,,TB,53435,pok,,,34225,śtwerne,,,,0,,,,"TD, AMB",AMB,07_23_2025_1516,,,1097,toch. B,conflict
1718,,TB,53708,pok,,,34498,kuse ,,welcher,,0,,,,"TD, AMB",AMB,07_23_2025_1516,,,1098,toch. B,conflict
1719,,TB,53801,pok,,,34591,karyor,,Kauf,,0,,,,"TD, AMB",AMB,07_23_2025_1516,,,1099,toch. B,conflict
1719,,TB,53802,pok,,,34592,kəryorttau,,Kaufmann,,0,,,,"TD, AMB",AMB,07_23_2025_1516,,,1099,toch. B,conflict
1719,,TB,53940,pok,,,34730,lät-,,hinausgehen,,0,,,,"TD, AMB",AMB,07_23_2025_1516,,,1105,toch. B,conflict
1719,,TB,54040,pok,,,34830,laks,,Fisch,,0,,,,"TD, AMB",AMB,07_23_2025_1516,,,1115,toch. B,conflict
1836,,TB,55865,pok,,,36655,lau,,"entfernt, getrennt",,0,,,,"TD, AMB",AMB,07_23_2025_1516,,,1180,toch. B,conflict
1836,,TB,55867,pok,,,36657,lyu-,,fortschicken,,0,,,,"TD, AMB",AMB,07_23_2025_1516,,,1180,toch. B,conflict
1861,,TB,56379,pok,,,37169,laukito ,,fremd,,0,,,,"TD, AMB",AMB,07_23_2025_1516,,,1193,toch. B,conflict
1861,,TB,56380,pok,,,37170,lauke ,,weit,,0,,,,"TD, AMB",AMB,07_23_2025_1516,,,1193,toch. B,conflict
1869,,TB,56566,pok,,,37356,luwa,,Tier,,0,,,,"TD, AMB",AMB,07_23_2025_1516,,,1200,toch. B,conflict
1895,,TB,57072,pok,,,37862,mācer,,Mutter,,0,,,,"TD, AMB",AMB,07_23_2025_1516,,,1224,toch. B,conflict
1912,,TB,57301,pok,,,38091,mai-,,messen,,0,,,,"TD, AMB",AMB,07_23_2025_1516,,,1231,toch. B,conflict
1914,,TB,57354,pok,,,38144,mantə,,so,,0,,,,"TD, AMB",AMB,07_23_2025_1516,,,1232,toch. B,conflict
1926,,TB,57637,pok,,,38427,makā ,,"groß an Zahl, viel",,0,,,,"TD, AMB",AMB,07_23_2025_1516,,,1239,toch. B,conflict
1932,,TB,57768,pok,,,38558,maiwe,,"klein, jung",,0,,,,"TD, AMB",AMB,07_23_2025_1516,,,1244,toch. B,conflict
1937,,TB,57908,pok,,,38698,miśo ,,Harn,,0,,,,"TD, AMB",AMB,07_23_2025_1516,,,1248,toch. B,conflict
1956,,TB,58185,pok,,,38975,melye ,,sie zertreten,,0,,,,"TD, AMB",AMB,07_23_2025_1516,,,1256,toch. B,conflict
1969,,TB,58526,pok,,,39316,malk-wer,,Milch,,0,,,,"TD, AMB",AMB,07_23_2025_1516,,,1266,toch. B,conflict
1993,,TB,58833,pok,,,39623,menki,,minder,,0,,,,"TD, AMB",AMB,07_23_2025_1516,,,1279,toch. B,conflict
2005,,TB,59031,pok,,,39821,meñe,,Monat,,0,,,,"TD, AMB",AMB,07_23_2025_1516,,,1288,toch. B,conflict
2005,,TB,59032,pok,,,39822,meṃ,,Mond,,0,,,,"TD, AMB",AMB,07_23_2025_1516,,,1288,toch. B,conflict
2107,,TB,60850,pok,,,41640,näk-,,vernichten; vergehen (Med.),,0,,,,"TD, AMB",AMB,07_23_2025_1516,,,1368,toch. B,conflict
2112,,TB,60906,pok,,,41696,nekciye,,abends,,0,,,,"TD, AMB",AMB,07_23_2025_1516,,,1369,toch. B,conflict
2135,,TB,61162,pok,,,41952,nes-,,sein,,0,,,,"TD, AMB",AMB,07_23_2025_1516,,,1376,toch. B,conflict
2165,,TB,61620,pok,,,42410,okt,,acht,,0,,,,"TD, AMB",AMB,07_23_2025_1516,,,1409,toch. B,conflict
2168,,TB,61637,pok,,,42427,oktante,,der achte,,0,,,,"TD, AMB",AMB,07_23_2025_1516,,,1409,toch. B,conflict
2179,,TB,61755,pok,,,42545,ek,,Auge,,0,,,,"TD, AMB",AMB,07_23_2025_1516,,,1411,toch. B,conflict
2187,,TB,61807,pok,,,42597,āntse,,Schulter,,0,,,,"TD, AMB",AMB,07_23_2025_1516,,,1414,toch. B,conflict
2187,,TB,61843,pok,,,42633,omäskeṃ ,,schlecht,,0,,,,"TD, AMB",AMB,07_23_2025_1516,,,1415,toch. B,conflict
2195,,TB,61989,pok,,,42779,еруас,,Verstand,,0,,,,"TD, AMB",AMB,07_23_2025_1516,,,1423,toch. B,conflict
2231,,TB,62518,pok,,,43308,pai,,Fuß,,0,,,,"TD, AMB",AMB,07_23_2025_1516,,,1453,toch. B,conflict
2261,,TB,63037,pok,,,43827,pepakṣu,,,,0,,,,"TD, AMB",AMB,07_23_2025_1516,,,1465,toch. B,conflict
2261,,TB,63039,pok,,,43829,pikul ,,Jahr,,0,,,,"TD, AMB",AMB,07_23_2025_1516,,,1465,toch. B,conflict
2292,,TB,63704,pok,,,44494,piś,,fünf,,0,,,,"TD, AMB",AMB,07_23_2025_1516,,,1481,toch. B,conflict
2293,,TB,63737,pok,,,44527,pinkce,,fünfte,,0,,,,"TD, AMB",AMB,07_23_2025_1516,,,1481,toch. B,conflict
2311,,TB,64462,pok,,,45252,prāsk-,,fürchten,,0,,,,"TD, AMB",AMB,07_23_2025_1516,,,1492,toch. B,conflict
2311,,TB,64464,pok,,,45254,prosko,,Furcht,,0,,,,"TD, AMB",AMB,07_23_2025_1516,,,1492,toch. B,conflict
2311,,TB,64465,pok,,,45255,proskye,,Furcht,,0,,,,"TD, AMB",AMB,07_23_2025_1516,,,1492,toch. B,conflict
2315,,TB,64583,pok,,,45373,prek-,,fragen,,0,,,,"TD, AMB",AMB,07_23_2025_1516,,,1498,toch. B,conflict
2347,,TB,64984,pok,,,45774,puwā̆r,,Feuer,,0,,,,"TD, AMB",AMB,07_23_2025_1516,,,1514,toch. B,conflict
2349,,TB,65019,pok,,,45809,pācer,,Vater,,0,,,,"TD, AMB",AMB,07_23_2025_1516,,,1516,toch. B,conflict
2353,,TB,65156,pok,,,45946,plāki,,Einverständnis,,0,,,,"TD, AMB",AMB,07_23_2025_1516,,,1524,toch. B,conflict
2379,,TB,65495,pok,,,46285,plewe,,Schiff,,0,,,,"TD, AMB",AMB,07_23_2025_1516,,,1531,toch. B,conflict
2409,,TB,66031,pok,,,46821,pratiṃ,,Entschluß,,0,,,,"TD, AMB",AMB,07_23_2025_1516,,,1552,toch. B,conflict
2477,,TB,67073,pok,,,47863,reki,,Wort,,0,,,,"TD, AMB",AMB,07_23_2025_1516,,,1608,toch. B,conflict
2529,,TB,67770,pok,,,48560,rätre,,rot,,0,,,,"TD, AMB",AMB,07_23_2025_1516,,,1626,toch. B,conflict
2542,,TB,68058,pok,,,48848,sālyiye,,Salz,,0,,,,"TD, AMB",AMB,07_23_2025_1516,,,1643,toch. B,conflict
2606,,TB,69337,pok,,,50127,šotri,,Zeichen,,0,,,,"TD, AMB",AMB,07_23_2025_1516,,,1669,toch. B,conflict
2613,,TB,69506,pok,,,50296,sälk-,,"herausziehen, vorführen",,0,,,,"TD, AMB",AMB,07_23_2025_1516,,,1677,toch. B,conflict
2615,,TB,69583,pok,,,50373,ṣe,,eins,,0,,,,"TD, AMB",AMB,07_23_2025_1516,,,1681,toch. B,conflict
2615,,TB,69584,pok,,,50374,ṣes-ka,,allein,,0,,,,"TD, AMB",AMB,07_23_2025_1516,,,1681,toch. B,conflict
2615,,TB,69587,pok,,,50377,somo-,,,,0,,,,"TD, AMB",AMB,07_23_2025_1516,,,1681,toch. B,conflict
2639,,TB,69882,pok,,,50672,snai,,ohne,,0,,,,"TD, AMB",AMB,07_23_2025_1516,,,1688,toch. B,conflict
2639,,TB,70017,pok,,,50807,ṣuk(t),,sieben,,0,,,,"TD, AMB",AMB,07_23_2025_1516,,,1693,toch. B,conflict
2652,,TB,70206,pok,,,50996,swese,,Regen,,0,,,,"TD, AMB",AMB,07_23_2025_1516,,,1701,toch. B,conflict
2652,,TB,70207,pok,,,50997,sū-,,regnen,,0,,,,"TD, AMB",AMB,07_23_2025_1516,,,1701,toch. B,conflict
2652,,TB,70208,pok,,,50998,swās-,,regnen,,0,,,,"TD, AMB",AMB,07_23_2025_1516,,,1701,toch. B,conflict
2659,,TB,70323,pok,,,51113,soyä ,,Sohn,,0,,,,"TD, AMB",AMB,07_23_2025_1516,,,1702,toch. B,conflict
2672,,TB,70566,pok,,,51356,skiyo ,,Schatten,,0,,,,"TD, AMB",AMB,07_23_2025_1516,,,1713,toch. B,conflict
2740,,TB,72429,pok,,,53219,kärst- ,,"abschneiden, zerstören",,0,,,,"TD, AMB",AMB,07_23_2025_1516,,,1737,toch. B,conflict
2856,,TB,74503,pok,,,55293,se,,,,0,,,,"TD, AMB",AMB,07_23_2025_1516,,,1816,toch. B,conflict
2856,,TB,74504,pok,,,55294,sā,,,,0,,,,"TD, AMB",AMB,07_23_2025_1516,,,1816,toch. B,conflict
2856,,TB,74505,pok,,,55295,te,,,,0,,,,"TD, AMB",AMB,07_23_2025_1516,,,1816,toch. B,conflict
2859,,TB,74565,pok,,,55355,sol-me,,ganz,,0,,,,"TD, AMB",AMB,07_23_2025_1516,,,1818,toch. B,conflict
2880,,TB,74980,pok,,,55770,spalk-,,sich anstrengen,,0,,,,"TD, AMB",AMB,07_23_2025_1516,,,1828,toch. B,conflict
2930,,TB,76005,pok,,,56795,ste ,,ist,,0,,,,"TD, AMB",AMB,07_23_2025_1516,,,1868,toch. B,conflict
2945,,TB,76194,pok,,,56984,stām ,,Baum,,0,,,,"TD, AMB",AMB,07_23_2025_1516,,,1868,toch. B,conflict
3018,,TB,78159,pok,,,58949,suwo,,Schwein,,0,,,,"TD, AMB",AMB,07_23_2025_1516,,,1911,toch. B,conflict
3018,,TB,78164,pok,,,58954,swāñana misa,,Schweinefleisch,,0,,,,"TD, AMB",AMB,07_23_2025_1516,,,1911,toch. B,conflict
3040,,TB,78396,pok,,,59186,waike ,,Lüge,,0,,,,"TD, AMB",AMB,07_23_2025_1516,,,1918,toch. B,conflict
3046,,TB,78523,pok,,,59313,ṣkas,,sechs,,0,,,,"TD, AMB",AMB,07_23_2025_1516,,,1924,toch. B,conflict
3046,,TB,78552,pok,,,59342,ṣkaste,,sechste,,0,,,,"TD, AMB",AMB,07_23_2025_1516,,,1924,toch. B,conflict
3063,,TB,78808,pok,,,59598,ṣpäne ,,"Schlaf, Traum",,0,,,,"TD, AMB",AMB,07_23_2025_1516,,,1938,toch. B,conflict
3079,,TB,78982,pok,,,59772,ṣer ,,Schwester,,0,,,,"TD, AMB",AMB,07_23_2025_1516,,,1947,toch. B,conflict
3116,,TB,79446,pok,,,60236,cake,,Fluß,,0,,,,"TD, AMB",AMB,07_23_2025_1516,,,1971,toch. B,conflict
3121,,TB,79531,pok,,,60321,cāla,,"heben, tragen",,0,,,,"TD, AMB",AMB,07_23_2025_1516,,,1972,toch. B,conflict
3148,,TB,79878,pok,,,60671,tank- ,,hindern,,0,,,,"TD, AMB",AMB,07_23_2025_1516,,,1989,toch. B,conflict
3165,,TB,80117,pok,,,60910,traik-,,in die Irre führen,,0,,,,"TD, AMB",AMB,07_23_2025_1516,,,1997,toch. B,conflict
3206,,TB,80803,pok,,,61588,tumane,,zehntausend,,0,,,,"TD, AMB",AMB,07_23_2025_1516,,,2010,toch. B,conflict
3206,,TB,80804,pok,,,61589,tmāne,,zehntausend,,0,,,,"TD, AMB",AMB,07_23_2025_1516,,,2010,toch. B,conflict
3206,,TB,80805,pok,,,61590,tmāṃ ,,zehntausend,,0,,,,"TD, AMB",AMB,07_23_2025_1516,,,2010,toch. B,conflict
3215,,TB,81144,pok,,,61929,kwri ,,wenn,,0,,,,"TD, AMB",AMB,07_23_2025_1516,,,2017,toch. B,conflict
3215,,TB,81145,pok,,,61930,tā-pär(k),,jetzt,,0,,,,"TD, AMB",AMB,07_23_2025_1516,,,2017,toch. B,conflict
3230,,TB,81383,pok,,,62168,trit,,dritte,,0,,,,"TD, AMB",AMB,07_23_2025_1516,,,2027,toch. B,conflict
3236,,TB,81459,pok,,,62244,tremi,,"Zorn, Wut",,0,,,,"TD, AMB",AMB,07_23_2025_1516,,,2031,toch. B,conflict
3249,,TB,81747,pok,,,62532,t(u)we,,du,,0,,,,"TD, AMB",AMB,07_23_2025_1516,,,2047,toch. B,conflict
3309,,TB,82688,pok,,,63473,wāp-,,weben,,0,,,,"TD, AMB",AMB,07_23_2025_1516,,,2094,toch. B,conflict
3309,,TB,82689,pok,,,63474,wapātsa ,,Weber,,0,,,,"TD, AMB",AMB,07_23_2025_1516,,,2094,toch. B,conflict
3309,,TB,82690,pok,,,63475,wpelme ,,Gewebe,,0,,,,"TD, AMB",AMB,07_23_2025_1516,,,2094,toch. B,conflict
3328,,TB,82939,pok,,,63724,okso,,"Rind, Stier",,0,,,,"TD, AMB",AMB,07_23_2025_1516,,,2102,toch. B,conflict
3370,,TB,84109,pok,,,64894,wek,,Stimme,,0,,,,"TD, AMB",AMB,07_23_2025_1516,,,2124,toch. B,conflict
3377,,TB,84285,pok,,,65070,walke,,lange,,0,,,,"TD, AMB",AMB,07_23_2025_1516,,,2128,toch. B,conflict
3397,,TB,84857,pok,,,65642,wīn- ,,Vergnügen,,0,,,,"TD, AMB",AMB,07_23_2025_1516,,,2137,toch. B,conflict
3410,,TB,85036,pok,,,65821,war̃nai ,,mit,,0,,,,"TD, AMB",AMB,07_23_2025_1516,,,2148,toch. B,conflict
3434,,TB,85445,pok,,,66230,wrattsai,,gegen,,0,,,,"TD, AMB",AMB,07_23_2025_1516,,,2158,toch. B,conflict
3434,,TB,85446,pok,,,66231,yerter ,,Radkranz,,0,,,,"TD, AMB",AMB,07_23_2025_1516,,,2158,toch. B,conflict
3434,,TB,85448,pok,,,66233,yerkwantai ,,Radkranz,,0,,,,"TD, AMB",AMB,07_23_2025_1516,,,2158,toch. B,conflict
3451,,TB,85706,pok,,,66491,wärto,,"Garten, Wald",,0,,,,"TD, AMB",AMB,07_23_2025_1516,,,2166,toch. B,conflict
3451,,TB,85707,pok,,,66492,wart(t)o,,"Garten, Wald",,0,,,,"TD, AMB",AMB,07_23_2025_1516,,,2166,toch. B,conflict
3461,,TB,85852,pok,,,66637,wär-sk-,,riechen,,0,,,,"TD, AMB",AMB,07_23_2025_1516,,,2169,toch. B,conflict
3466,,TB,86001,pok,,,66786,witsako ,,Wurzel,,0,,,,"TD, AMB",AMB,07_23_2025_1516,,,2175,toch. B,conflict
3483,,TB,86228,pok,,,67013,ost ,,Haus,,0,,,,"TD, AMB",AMB,07_23_2025_1516,,,2184,toch. B,conflict
3483,,TB,86229,pok,,,67014,waṣamo ,,Freund,,0,,,,"TD, AMB",AMB,07_23_2025_1516,,,2184,toch. B,conflict
3483,,TB,86230,pok,,,67015,wsaṣṣäṃ ,,wohnt,,0,,,,"TD, AMB",AMB,07_23_2025_1516,,,2184,toch. B,conflict
186,,TB,86452,pok,,,67237,yaṣi,,Nacht,,0,,,,"TD, AMB",AMB,07_23_2025_1516,,,2196,toch. B,conflict
4294,1080,,11530,nil,36,,2514,ṣar,*ĝʰes-r-,Hand,,0,,,,"TD, AMB",AMB,07_23_2025_1516,,,,toch. B ,conflict
4372,1181,,11881,nil,42,,2865,kewiye,*gʷou̯-i̯o-,zur Kuh gehörig; Butter,,0,,,,"TD, AMB",AMB,07_23_2025_1516,,,,toch. B ,conflict
4839,110,,13364,nil,70,,4348,āñme,*h₂ánh₁-men-,Wunsch,,0,,,,"TD, AMB",AMB,07_23_2025_1516,,,,toch. B ,conflict
5300,1557,,14865,nil,106,,5849,ñemkälywe ,*k̑léu̯-es-,Ruhm,,0,,,,"TD, AMB",AMB,07_23_2025_1516,,,,toch. B ,conflict
5754,2365,,16433,nil,143,,7417,puwar,ˣph₂u̯ōr,Feuer; Verdauung,,0,,,,"TD, AMB",AMB,07_23_2025_1516,,,,toch. B ,conflict
6258,2954,,17982,nil,182,,8966,wasto,*du̯i-sth₂-o-,"wieder, zweifach",,0,,,,"TD, AMB",AMB,07_23_2025_1516,,,,toch. B ,conflict
6441,2679,,18665,nil,193,,9649,soy,*suH-i̯u-,Sohn,,0,,,,"TD, AMB",AMB,07_23_2025_1516,,,,toch. B ,conflict
6441,2679,,18666,nil,193,,9650,seyi,*suH-i̯u-,Sohn,,0,,,,"TD, AMB",AMB,07_23_2025_1516,,,,toch. B ,conflict
6442,2679,,18667,nil,193,,9651,soṃśke,*suH-nu-kiko/ah₂-,(dear) son,,0,,,,"TD, AMB",AMB,07_23_2025_1516,,,,toch. B ,conflict
125,,TB,21621,pok,,,2399,entwe,,also,,0,,,,"TD, AMB",AMB,07_23_2025_1516,,,93,toch. B ,conflict
128,,TB,21698,pok,,,2476,appakke,,Vater,,0,,,,"TD, AMB",AMB,07_23_2025_1516,,,98,toch. B ,conflict
378,,TB,26840,pok,,,7614,pyautk-,,zustande kommen; med. zustande bringen,,0,,,,"TD, AMB",AMB,07_23_2025_1516,,,248,toch. B ,conflict
384,,TB,26939,pok,,,7713,paut-,,ehren?,,0,,,,"TD, AMB",AMB,07_23_2025_1516,,,249,toch. B ,conflict
598,,TB,31799,pok,,,12573,tāno,,Getreide,,0,,,,"TD, AMB",AMB,07_23_2025_1516,,,380,toch. B ,conflict
673,,TB,33445,pok,,,14219,tsaw ,,sich vereinigen (??),,0,,,,"TD, AMB",AMB,07_23_2025_1516,,,420,toch. B ,conflict
1436,,TB,49429,pok,,,30203,kraṅko ,,Hahn,,0,,,,"TD, AMB",AMB,07_23_2025_1516,,,918,toch. B ,conflict
1449,,TB,49581,pok,,,30355,keru ,,Trommel,,0,,,,"TD, AMB",AMB,07_23_2025_1516,,,918,toch. B ,conflict
1476,,TB,50366,pok,,,31156,kerccīye ,,Palast,,0,,,,"TD, AMB",AMB,07_23_2025_1516,,,944,toch. B ,conflict
1992,,TB,58808,pok,,,39598,mañu ,,Verlangen,,0,,,,"TD, AMB",AMB,07_23_2025_1516,,,1278,toch. B ,conflict
2727,,TB,71673,pok,,,52463,kärss-,,schießen,,0,,,,"TD, AMB",AMB,07_23_2025_1516,,,1735,toch. B ,conflict
2932,,TB,76018,pok,,,56808,stäm-,,stehen,,0,,,,"TD, AMB",AMB,07_23_2025_1516,,,1868,toch. B ,conflict
2144,,TA,61318,pok,,,42108,ñu,,neu,,0,,,,"TD, AMB",AMB,07_23_2025_1516,,,1385,toch. А,conflict
2149,,TA,61400,pok,,,42190,nu,,"aber, denn",,0,,,,"TD, AMB",AMB,07_23_2025_1516,,,1393,toch. А,conflict
2149,,TA,61418,pok,,,42208,añč,,"unten, nach unten",,0,,,,"TD, AMB",AMB,07_23_2025_1516,,,1394,toch. А,conflict
2238,,TA,62621,pok,,,43411,päśśäṃ,,die beiden Brüste,,0,,,,"TD, AMB",AMB,07_23_2025_1516,,,1454,toch. А,conflict
1990,,TAB,58849,pok,,,39639,mäsk-,,sein,,0,,,,"TD, AMB",AMB,07_23_2025_1516,,,1280,toch. АB,conflict
617,,TAB,32153,pok,,,12927,tsän,,fließen,,0,,,,"TD, AMB",AMB,07_23_2025_1516,,,392,toch. АВ,conflict
2485,,TAB,67153,pok,,,47943,räm-,,"sich neigen, beugen",,0,,,,"TD, AMB",AMB,07_23_2025_1516,,,1611,toch. АВ,conflict
20,,TB,19866,pok,,,644,aik(a)re,,krank,,0,,,,"TD, AMB",AMB,07_23_2025_1516,,,32,toch. В,conflict
73,,TB,20843,pok,,,1621,alāsk,,beseitigen,,0,,,,"TD, AMB",AMB,07_23_2025_1516,,,62,toch. В,conflict
80,,TB,20974,pok,,,1752,emalle,,heiß,,0,,,,"TD, AMB",AMB,07_23_2025_1516,,,71,toch. В,conflict
84,,TB,20998,pok,,,1776,ammakki,,Mutter,,0,,,,"TD, AMB",AMB,07_23_2025_1516,,,74,toch. В,conflict
97,,TB,21191,pok,,,1969,ānte,,Fläche,,0,,,,"TD, AMB",AMB,07_23_2025_1516,,,79,toch. В,conflict
135,,TB,21895,pok,,,2673,ārwer,,bereit,,0,,,,"TD, AMB",AMB,07_23_2025_1516,,,103,toch. В,conflict
135,,TB,21896,pok,,,2674,ārwar,,bereit,,0,,,,"TD, AMB",AMB,07_23_2025_1516,,,103,toch. В,conflict
136,,TB,21898,pok,,,2676,ere,,Gesicht,,0,,,,"TD, AMB",AMB,07_23_2025_1516,,,103,toch. В,conflict
143,,TB,21982,pok,,,2760,yarm,,Maß,,0,,,,"TD, AMB",AMB,07_23_2025_1516,,,103,toch. В,conflict
147,,TB,22275,pok,,,3053,ā̆rkwi,,weiß,,0,,,,"TD, AMB",AMB,07_23_2025_1516,,,112,toch. В,conflict
147,,TB,22276,pok,,,3054,ārcune,,Beiwort des königl. Titels,,0,,,,"TD, AMB",AMB,07_23_2025_1516,,,112,toch. В,conflict
173,,TB,22676,pok,,,3454,wa-t,,wo,,0,,,,"TD, AMB",AMB,07_23_2025_1516,,,130,toch. В,conflict
182,,TB,22775,pok,,,3553,yaitk-,,befehlen,,0,,,,"TD, AMB",AMB,07_23_2025_1516,,,132,toch. В,conflict
187,,TB,22834,pok,,,3612,om-palokoññe,,meditation,,0,,,,"TD, AMB",AMB,07_23_2025_1516,,,134,toch. В,conflict
254,,TB,24376,pok,,,5154,pāke,,Teil,,0,,,,"TD, AMB",AMB,07_23_2025_1516,,,182,toch. В,conflict
617,,TB,32154,pok,,,12928,tseńe,,flot,,0,,,,"TD, AMB",AMB,07_23_2025_1516,,,392,toch. В,conflict
619,,TB,32155,pok,,,12929,tsnam,,écoulement,,0,,,,"TD, AMB",AMB,07_23_2025_1516,,,392,toch. В,conflict
729,,TB,34902,pok,,,15676,aik-,,wissen,,0,,,,"TD, AMB",AMB,07_23_2025_1516,,,457,toch. В,conflict
729,,TB,34903,pok,,,15677,aiś-,,wissen,,0,,,,"TD, AMB",AMB,07_23_2025_1516,,,457,toch. В,conflict
774,,TB,35995,pok,,,16769,ñunte,,neunte,,0,,,,"TD, AMB",AMB,07_23_2025_1516,,,483,toch. В,conflict
1210,,TB,45696,pok,,,26470,kor ,,Nase,,0,,,,"TD, AMB",AMB,07_23_2025_1516,,,757,toch. В,conflict
1343,,TB,47530,pok,,,28304,kaut-,,spalten,,0,,,,"TD, AMB",AMB,07_23_2025_1516,,,855,toch. В,conflict
1344,,TB,47551,pok,,,28325,kau-,,töten,,0,,,,"TD, AMB",AMB,07_23_2025_1516,,,855,toch. В,conflict
1530,,TB,51352,pok,,,32142,kleŋke,,Befestigung,,0,,,,"TD, AMB",AMB,07_23_2025_1516,,,974,toch. В,conflict
1754,,TB,54463,pok,,,35253,leke,,Lager,,0,,,,"TD, AMB",AMB,07_23_2025_1516,,,1128,toch. В,conflict
1754,,TB,54465,pok,,,35255,lyśalyñe ,,das Liegen,,0,,,,"TD, AMB",AMB,07_23_2025_1516,,,1128,toch. В,conflict
1761,,TB,54609,pok,,,35399,lalaṃske,,zart,,0,,,,"TD, AMB",AMB,07_23_2025_1516,,,1133,toch. В,conflict
1981,,TB,58643,pok,,,39433,misa,,Fleisch,,0,,,,"TD, AMB",AMB,07_23_2025_1516,,,1275,toch. В,conflict
2144,,TB,61319,pok,,,42109,ñune,,neu,,0,,,,"TD, AMB",AMB,07_23_2025_1516,,,1385,toch. В,conflict
2149,,TB,61401,pok,,,42191,no,,"aber, denn",,0,,,,"TD, AMB",AMB,07_23_2025_1516,,,1393,toch. В,conflict
2218,,TB,62303,pok,,,43093,pāsk-,,hüten,,0,,,,"TD, AMB",AMB,07_23_2025_1516,,,1440,toch. В,conflict
2238,,TB,62622,pok,,,43412,päšcane,,die beiden Brüste,,0,,,,"TD, AMB",AMB,07_23_2025_1516,,,1454,toch. В,conflict
2252,,TB,62758,pok,,,43548,pink-,,schreiben,,0,,,,"TD, AMB",AMB,07_23_2025_1516,,,1457,toch. В,conflict
2252,,TB,62759,pok,,,43549,pai(y)k-,,schreiben,,0,,,,"TD, AMB",AMB,07_23_2025_1516,,,1457,toch. В,conflict
2485,,TB,67154,pok,,,47944,ram-,,"sich neigen, beugen",,0,,,,"TD, AMB",AMB,07_23_2025_1516,,,1611,toch. В,conflict
2613,,TB,69528,pok,,,50318,ṣalype,,"Fett, Butter, Öl",,0,,,,"TD, AMB",AMB,07_23_2025_1516,,,1679,toch. В,conflict
3018,,TB,78199,pok,,,58989,sūrma,,Augenkrankheit,,0,,,,"TD, AMB",AMB,07_23_2025_1516,,,1912,toch. В,conflict
3136,,TB,79709,pok,,,60502,tamāsse,,dunkel,,0,,,,"TD, AMB",AMB,07_23_2025_1516,,,1981,toch. В,conflict
3182,,TB,80496,pok,,,61281,tärk-,,drehen,,0,,,,"TD, AMB",AMB,07_23_2025_1516,,,2004,toch. В,conflict
3215,,TB,81180,pok,,,61965,taṅkw,,Liebe,,0,,,,"TD, AMB",AMB,07_23_2025_1516,,,2020,toch. В,conflict
3228,,TB,81322,pok,,,62107,trai,,drei,,0,,,,"TD, AMB",AMB,07_23_2025_1516,,,2027,toch. В,conflict
3230,,TB,81354,pok,,,62139,täryāka,,dreißig,,0,,,,"TD, AMB",AMB,07_23_2025_1516,,,2027,toch. В,conflict
3298,,TB,82571,pok,,,63356,walo,,König,,0,,,,"TD, AMB",AMB,07_23_2025_1516,,,2081,toch. В,conflict
3298,,TB,82574,pok,,,63359,jältse ,,tausend,,0,,,,"TD, AMB",AMB,07_23_2025_1516,,,2081,toch. В,conflict
1011,,TB,82650,pok,,,63435,wes,,wir,,0,,,,"TD, AMB",AMB,07_23_2025_1516,,,2089,toch. В,conflict
3464,,TB,85870,pok,,,66655,aurtse ,,"weit, breit",,0,,,,"TD, AMB",AMB,07_23_2025_1516,,,2170,toch. В,conflict
3488,,TB,86337,pok,,,67122,wastsi,,Kleid,,0,,,,"TD, AMB",AMB,07_23_2025_1516,,,2188,toch. В,conflict
3488,,TB,86338,pok,,,67123,wästsi,,Kleid,,0,,,,"TD, AMB",AMB,07_23_2025_1516,,,2188,toch. В,conflict
3500,,TB,86587,pok,,,67372,ikə,,zwanzig,,0,,,,"TD, AMB",AMB,07_23_2025_1516,,,2201,toch. В,conflict
1923,,TB,57539,pok,,,38329,mit,,Honig,,0,,,,"TD, AMB",AMB,07_23_2025_1516,,,1237,toch. В ,conflict
2849,,TB,74418,pok,,,55208,ṣñaura,,"Sehnen, Nerven",,0,,,,"TD, AMB",AMB,07_23_2025_1516,,,1811,toch. В ,conflict
331,,,25661,pok,,,6439,mbaj,,"halte an, pflege, beobachte, trage",,0,,,,"TD, AMB",AMB,07_23_2025_1516,,,228,tosk. geg.,conflict
2223,,,62361,pok,,,43151,pacri-,,"propitius, plācātus",,0,,,,"TD, AMB",AMB,07_23_2025_1516,,,1441,umbr. päl. marruc. ,conflict
6904,490,,576,liv,74,,576,dunóti,nasal-infix present,"zündet an, verbrennt","ignites, burns",0,4,"4: Aus *dunā́ti, vgl. z.B. kṣiṇó- AV+ ← kṣiṇā́- RV (s. *dʰgʷʰei̯-).","[ved. (AV) dunóti ‘zündet an, verbrennt’{4}","TD, AMB",AMB,07_23_2025_1516,344,nasal-infix present,,ved. (AV),conflict
7090,639,,1011,liv,118,,1011,daghnuyāt,nasal-infix present,würde knapp verfehlen,,0,9,"9: Mit R(e) nach Aor. dhak, dagh-. Nicht hierher aav. aɣžōnuuamna- (s. 1.*g(ʷ)ʰes- ‘verzehren’), s. LIPP 4.8.7.2.",[ved. (KS) Opt. daghnuyāt ‘würde knapp verfehlen’{9},"TD, AMB",AMB,07_23_2025_1516,443,nasal-infix present,,ved. (KS),conflict
6897,484,,565,liv,72,,565,áva adāt,root aorist,hat abgetrennt,has separated,0,,,"ved. (YV) diṣva ‘teile zu!’, (MS) áva adāt ‘hat abgetrennt’{2}","TD, AMB",AMB,07_23_2025_1516,340,root aorist,,ved. (MS),conflict
6897,484,,564,liv,72,,564,diṣva,root aorist,teile zu!,allot!,0,2,"2: Vgl. EWAiaI 717 mit Lit.,‘abtrennen’ ← ‘abteilen’ nur mit áva; kein Zusammenhangmit iir. *dā- ‘mähen’, s. *deH-.","ved. (YV) diṣva ‘teile zu!’, (MS) áva adāt ‘hat abgetrennt’{2}","TD, AMB",AMB,07_23_2025_1516,340,root aorist,,ved. (YV),conflict
6898,484,,566,liv,72,,566,ava-dyáti,zero-grade é-present,trennt ab,separates,0,3,"3: Mit d statt *dh < *dh₂ nach dem Aor. dā- < *deh₂-; ebenso bei dáyate. Morphologische Analyse (nicht *dh₂-i̯é-) nach KULIKOV, Koll. Erlangen 267-79.",ved. (YV) ava-dyáti ‘trennt ab’{3},"TD, AMB",AMB,07_23_2025_1516,340,zero-grade é-present,,ved. (YV),conflict
2288,,,63596,pok,,,44386,*pella,,Fels,,0,,,,"TD, AMB",AMB,07_23_2025_1516,,,1476,vorrom. (illyr.),conflict
2288,,,63597,pok,,,44387,*palla,,Fels,,0,,,,"TD, AMB",AMB,07_23_2025_1516,,,1476,vorrom. (illyr.),conflict
3480,,,86188,pok,,,66973,ἱστία,,"Herd, Altar; (übertragen) Haus, Familie usw.",,0,,,,"TD, AMB",AMB,07_23_2025_1516,,,2184,äol. böot. lokr. dor. ark. ,conflict
554,,,30457,pok,,,11231,δεύω,,"ermangle, fehle, entbehre",,0,,,,"TD, AMB",AMB,07_23_2025_1516,,,353,äol. hom. ,conflict
402,,,27375,pok,,,8149,φλί̄βω,,"drücke, quetsche",,0,,,,"TD, AMB",AMB,07_23_2025_1516,,,274,äol. ion.,conflict
1638,,,52689,pok,,,33479,Πιτάνη,,,,0,,,,"TD, AMB",AMB,07_23_2025_1516,,,1064,äol. lakon.,conflict
258,,,24414,pok,,,5192,πᾶχυς ,,"Ellbogen, Unterarm",,0,,,,"TD, AMB",AMB,07_23_2025_1516,,,186,äol.-dor. ,conflict
1818,,,55546,pok,,,36336,ἀλακάτᾱ,,Spindel,,0,,,,"TD, AMB",AMB,07_23_2025_1516,,,1166,äol.-dor. ,conflict
153,,,22395,pok,,,3173,ozd,,Malzdarre,,0,,,,"TD, AMB",AMB,07_23_2025_1516,,,120,čech. apoln. ,conflict
2424,,,66308,pok,,,47098,o-puš,,Schwanz,,0,,,,"TD, AMB",AMB,07_23_2025_1516,,,1564,čech. nsorb. ,conflict
2424,,,66309,pok,,,47099,opyš,,Schwanz,,0,,,,"TD, AMB",AMB,07_23_2025_1516,,,1564,čech. nsorb. ,conflict
272,,,24664,pok,,,5442,ba,,"traun, fürwahr",,0,,,,"TD, AMB",AMB,07_23_2025_1516,,,199,čech. poln.,conflict
384,,,27122,pok,,,7896,bli-zna,,Narbe,,0,,,,"TD, AMB",AMB,07_23_2025_1516,,,261,čech. poln.,conflict
1014,,,41755,pok,,,22529,zima,,Winter,,0,,,,"TD, AMB",AMB,07_23_2025_1516,,,631,čech. poln.,conflict
1211,,,45730,pok,,,26504,jelec,,vielleicht der Name des im Schlamm lebenden Weißfisches (Squalius vulgaris),,0,,,,"TD, AMB",AMB,07_23_2025_1516,,,761,čech. poln.,conflict
2416,,,66218,pok,,,47008,pysk ,,"Schnauze, Maul mit dicken Lippen",,0,,,,"TD, AMB",AMB,07_23_2025_1516,,,1561,čech. poln.,conflict
64,,,20433,pok,,,1211,loni,,"im vorigen Sommer, im vorigen Jahre",,0,,,,"TD, AMB",AMB,07_23_2025_1516,,,52,čech. poln. ,conflict
3470,,,86038,pok,,,66823,rano,,"die Zeit frühmorgens, die Frühe",,0,,,,"TD, AMB",AMB,07_23_2025_1516,,,2176,čech. poln. ,conflict
3355,,,83662,pok,,,64447,věk,,"Kraft, Lebensalter",,0,,,,"TD, AMB",AMB,07_23_2025_1516,,,2113,čech. russ.,conflict
764,,,35644,pok,,,16418,níva ,,Acker,,0,,,,"TD, AMB",AMB,07_23_2025_1516,,,476,čech. russ. ,conflict
303,,,25072,pok,,,5850,blána,,"Haut, Häutchen",,0,,,,"TD, AMB",AMB,07_23_2025_1516,,,213,čech. slov.,conflict
153,,,22396,pok,,,3174,ozditi ,,Malz dörren,,0,,,,"TD, AMB",AMB,07_23_2025_1516,,,120,čech. slov. ,conflict
539,,,30033,pok,,,10807,zdraby ,,"Lumpen, Fetzen",,0,,,,"TD, AMB",AMB,07_23_2025_1516,,,343,čech.-mähr.,conflict
2321,,,64674,pok,,,45464,pochva,,Schwanz,,0,,,,"TD, AMB",AMB,07_23_2025_1516,,,1503,čech.-poln. ,conflict
3446,,,85576,pok,,,66361,wrīten,,"drehen, verdrehen, wringen",,0,,,,"TD, AMB",AMB,07_23_2025_1516,,,2164,(älter) ndrhein. ,unmapped
4006,1004,Gheg,10467,nil,22,,1451,dhéna,*dʰéĝʰ-om-,"Erde, Boden, Land",,1,,,,"TD, AMB",AMB,07_23_2025_1516,,,,? geg,unmapped
4044,599,Mit.,10620,nil,23,,1604,Ar-ta-ta-a-ma,*dʰeh₁-men-,PN,,1,,,,"TD, AMB",AMB,07_23_2025_1516,,,,? mitanni,unmapped
4207,923,Mit.,11251,nil,33,,2235,#NAME?,*(-)ĝónh₁-o-,Volk,,1,,,,"TD, AMB",AMB,07_23_2025_1516,,,,? mitanni,unmapped
5829,2369,CSl.,16676,nil,150,,7660,pastorъky,*(somo)-ph₂tor-,Stiefsohn,,1,,,,"TD, AMB",AMB,07_23_2025_1516,,,,? serb.ksl.,unmapped
6422,3085,Wane.,18512,nil,190,,9496,praw,*sup-tó-,eingeschlafen,,1,,,,"TD, AMB",AMB,07_23_2025_1516,,,,? waṇeci ,unmapped
8066,204,,3144,liv,401,,3144,vr̥ṣat,root aorist,regnet,rain,0,,,"[ved. ávarṣit ‘hat geregnet’, (AVP) vr̥ṣat ‘regnet’{2}","TD, AMB",AMB,07_23_2025_1516,148,root aorist,,AVP,unmapped
4017,1004,,10515,nil,22,,1499,ἐπι-χθόνιος,? *dʰĝʰ-ém-ii̯o-,"irdisch, auf der Erde befindlich",,0,,,,"TD, AMB",AMB,07_23_2025_1516,,,,HG,unmapped
4017,1004,,10516,nil,22,,1500,κατα-χθόνιος,? *dʰĝʰ-ém-ii̯o-,unterirdisch,,0,,,,"TD, AMB",AMB,07_23_2025_1516,,,,HG,unmapped
4398,1215,,11945,nil,44,,2929,ā́-ghṛṇi-,*gʷʰr̥-n-i-,glühend,,0,,,,"TD, AMB",AMB,07_23_2025_1516,,,,HG,unmapped
6923,505,Ved.,635,liv,79,,635,diśánt-,root aorist,zeigend,showing,0,2a,2a,"ved. ádiṣṭa ‘hat gezeigt’{2}, [Ptz. diśánt-, diśámāna- ‘zeigend’{2a}","TD, AMB",AMB,07_23_2025_1516,354,root aorist,,Ptz.,unmapped
6923,505,Ved.,636,liv,79,,636,diśámāna-,root aorist,zeigend,showing,0,2a,2a,"ved. ádiṣṭa ‘hat gezeigt’{2}, [Ptz. diśánt-, diśámāna- ‘zeigend’{2a}","TD, AMB",AMB,07_23_2025_1516,354,root aorist,,Ptz.,unmapped
6893,495,,556,liv,70,,556,ni.diiātąm,zero-grade i̯é-present,soll angebunden werden,should be bound,0,4,"4: Graphisch für *°diiatąm; KELLENS, Verbe 21-2 mit Anm. 6, 120-1 mit Anm. 4; BEEKES, Gramm. 46, 171, 206; HUMBACH, Die Gathas I 26, II 78; KELLENS-PIRART I 61; nach HUMBACH, The Gāthās II 201 jedoch Passiv zu av. ni.dā ‘niederlegen’.",aav. Ipv. Präs. Med. ni.diiātąm ‘soll angebunden werden’{4},"TD, AMB",AMB,07_23_2025_1516,347,zero-grade i̯é-present,,Unnamed,unmapped
6927,505,GAv.,645,liv,79,,645,daēdōišt,intensive,zeigt,shows,0,,,aav. 3s Inj. daēdōišt ‘zeigt’,"TD, AMB",AMB,07_23_2025_1516,354,intensive,,aa,unmapped
10657,3393,,8641,liv,1122,,8641,ni-uuarāni,root aorist,will umschließen,,1,3,3: Wie im Ved. ist mit Zusammenfall mehrerer Wurzeln zu rechnen.,?aav. Konj. ni-uuarāni ‘will umschließen’{3},"TD, AMB",AMB,07_23_2025_1516,2455,root aorist,,aa,unmapped
3270,,OBav.,82036,pok,,,62821,ūvo,,Uhu,,0,,,,"TD, AMB",AMB,07_23_2025_1516,,,2061,abair. ,unmapped
3018,,,78208,pok,,,58998,saurr,,"Schmutz, tier. Same",,0,,,,"TD, AMB",AMB,07_23_2025_1516,,,1912,ablaut.,unmapped
8536,1398,,4030,liv,532,,4030,hlōwan,R(o)i̯e-present,brüllen,to roar / bellow,0,6,"6: Rückbildung zum Perf. *hle-hlō mit o-Stufe, vgl. HARÐARSON 82.",ae. (+) hlōwan ‘brüllen’{6},"TD, AMB",AMB,07_23_2025_1516,1007,R(o)i̯e-present,,ae,unmapped
3628,273,OE,9060,nil,1,,44,bēce,*bʰah₂g-i̯ah₂-n-,Buche,,0,,,,"TD, AMB",AMB,07_23_2025_1516,,,,ae,unmapped
5840,2297,OE,16726,nil,151,,7710,feld,*pélh₂-tu-,Feld,,0,,,,"TD, AMB",AMB,07_23_2025_1516,,,,ae,unmapped
2774,,,73237,pok,,,54027,λhαβών,,"nehme, fasse, ergreife",,0,,,,"TD, AMB",AMB,07_23_2025_1516,,,1765,aegin. ,unmapped
1454,,,49821,pok,,,30595,κρά̄ατος,,Kopf,,0,,,,"TD, AMB",AMB,07_23_2025_1516,,,925,aeol.,unmapped
3405,,,84978,pok,,,65763,πεδά̄ορος,,"erhoben, hoch schwebend",,0,,,,"TD, AMB",AMB,07_23_2025_1516,,,2148,aeol. ,unmapped
4390,1215,,11954,nil,44,,2938,zjarrë,*gʷʰér-es-,Feuer,,0,,,,"TD, AMB",AMB,07_23_2025_1516,,,,ageg.,unmapped
1275,,,46606,pok,,,27380,hēcen,,,,0,,,,"TD, AMB",AMB,07_23_2025_1516,,,806,agss.,unmapped
6307,2954,,18248,nil,182,,9232,shtúarë,*(-)stah₂-no-,stehend,,0,,,,"TD, AMB",AMB,07_23_2025_1516,,,,alb.ital.,unmapped
2282,,,63471,pok,,,44261,falch,,"falb, bes. von hellbraunem Vieh",,0,,,,"TD, AMB",AMB,07_23_2025_1516,,,1473,aleman.-rheinfränk. ,unmapped
3182,,,80418,pok,,,61211,tre,,durch,,0,,,,"TD, AMB",AMB,07_23_2025_1516,,,1999,altbret. ,unmapped
3297,,,82546,pok,,,63331,giwald,,"Macht, Herrschaft",,0,,,,"TD, AMB",AMB,07_23_2025_1516,,,2081,alts.,unmapped
3297,,,82551,pok,,,63336,alowaldo,,Alleinherrscher,,0,,,,"TD, AMB",AMB,07_23_2025_1516,,,2081,alts.,unmapped
3301,,,82608,pok,,,63393,wōdian,,"wüten, rasend, verrückt sein",,0,,,,"TD, AMB",AMB,07_23_2025_1516,,,2086,alts.,unmapped
3303,,,82626,pok,,,63411,uuathan,,suras,,0,,,,"TD, AMB",AMB,07_23_2025_1516,,,2087,alts.,unmapped
3512,,,86731,pok,,,67516,wōrig,,müde,,0,,,,"TD, AMB",AMB,07_23_2025_1516,,,2212,alts. ,unmapped
879,,,37944,pok,,,18718,chil,,porrus,,0,,,,"TD, AMB",AMB,07_23_2025_1516,,,549,amhd.,unmapped
2470,,,66868,pok,,,47658,ruohelen,,"wiehern, brüllen, röcheln",,0,,,,"TD, AMB",AMB,07_23_2025_1516,,,1593,amhd. ,unmapped
3156,,,79967,pok,,,60760,thinsan,,"ziehen, reißen",,0,,,,"TD, AMB",AMB,07_23_2025_1516,,,1992,anld.,unmapped
1017,,,41895,pok,,,22669,glīen,,"schreien, bes. von Raubvögeln",,0,,,,"TD, AMB",AMB,07_23_2025_1516,,,635,anmhd. ,unmapped
5819,2360,,16586,nil,149,,7570,piċ-,? *pe/ou̯k̑-ih₂-,ein Nadelbaum Kiefer,,0,,,,"TD, AMB",AMB,07_23_2025_1516,,,,ashkun,unmapped
4474,715,,12149,nil,49,,3133,uoda,*h₁ōd-o(/ah₂)-,Mücke,,0,,,,"TD, AMB",AMB,07_23_2025_1516,,,,auch,unmapped
3429,,,85367,pok,,,66152,varət-,,sich wenden,,0,,,,"TD, AMB",AMB,07_23_2025_1516,,,2158,avest.,unmapped
3284,,,82241,pok,,,63026,upəma-,,"der oberste, höchste, nächste",,0,,,,"TD, AMB",AMB,07_23_2025_1516,,,2068,avs.,unmapped
3940,1006,Bal.,10088,nil,18,,1072,zī(k),? *(ĝʰ)-di̯-es,gestern,,0,,,,"TD, AMB",AMB,07_23_2025_1516,,,,baloči,unmapped
3963,1006,Bal.,10088,nil,18,,1072,zī(k),? *(ĝʰ)-di̯-es,gestern,,0,,,,"TD, AMB",AMB,07_23_2025_1516,,,,baloči,unmapped
5252,1388,Bal.,14699,nil,100,,5683,saγan,ˣk̑e/okʷ-e/on-,"Mist, Dung",,0,,,,"TD, AMB",AMB,07_23_2025_1516,,,,baloči,unmapped
5642,781,Bal.,15943,nil,135,,6927,haur,*n̥bʰ-ro-,Regen,,0,,,,"TD, AMB",AMB,07_23_2025_1516,,,,baloči ,unmapped
5649,781,Bal.,15973,nil,135,,6957,namb,*nembʰ-o-,"Tau, Nebel",,0,,,,"TD, AMB",AMB,07_23_2025_1516,,,,baloči ,unmapped
3509,,Bal.,86686,pok,,,67471,gwabz ,,"Biene, Wespe",,0,,,,"TD, AMB",AMB,07_23_2025_1516,,,2209,baluchi ,unmapped
4962,221,Bal.,14039,nil,83,,5023,pōšī,*h₂au̯s-os-,übermorgen,,0,,,,"TD, AMB",AMB,07_23_2025_1516,,,,baluči,unmapped
5046,221,Bal.,14039,nil,83,,5023,pōšī,*h₂au̯s-os-,übermorgen,,0,,,,"TD, AMB",AMB,07_23_2025_1516,,,,baluči,unmapped
3215,,Bal.,81008,pok,,,61793,tusag,,verlassen werden,,0,,,,"TD, AMB",AMB,07_23_2025_1516,,,2013,baluči ,unmapped
3215,,Bal.,81009,pok,,,61794,thuaɣ ,,verlassen werden,,0,,,,"TD, AMB",AMB,07_23_2025_1516,,,2013,baluči ,unmapped
3314,,,82798,pok,,,63583,wittemo,,Mitgift,,0,,,,"TD, AMB",AMB,07_23_2025_1516,,,2098,burg.,unmapped
3181,,Dard.,80334,pok,,,61127,tūrt ,,Furt,,0,,,,"TD, AMB",AMB,07_23_2025_1516,,,1998,dardisch ,unmapped
7459,995,ON,1828,liv,221,,1828,gana,essive,"mit offenem Mund dastehen, gaffen",,0,2,2: Mit analogischer Vollstufe oder Denom.,"[an. gana sw.3 ‘mit offenem Mund dastehen, gaffen’{2}","TD, AMB",AMB,07_23_2025_1516,705,essive,,de,unmapped
10602,3357,OPruss.,8509,liv,1110,,8509,waisei,perfect,du weißt,,0,13,13: Mit Aufgabe der alten Perfektendungen und durchgeführter R(o).,"[apr. waisei ‘du weißt’, waidimai ‘wir wissen’{13}","TD, AMB",AMB,07_23_2025_1516,2432,perfect,,de,unmapped
10602,3357,OPruss.,8510,liv,1110,,8510,waidimai,perfect,wir wissen,,0,13,13: Mit Aufgabe der alten Perfektendungen und durchgeführter R(o).,"[apr. waisei ‘du weißt’, waidimai ‘wir wissen’{13}","TD, AMB",AMB,07_23_2025_1516,2432,perfect,,de,unmapped
8635,1677,Mod.Swed.dial.,4216,liv,570,,4216,hvälva,full-grade e-present,sich wölben,,0,2,"2: DE VRIES 247; urgerm. *hwelf-a-, starkes Verb vorausgesetzt von Ptz. Prät. an. holfinn ‘gewölbt’, SEEBOLD 281.","nnorw. kvelva, nschw. dial. hvälva ‘sich wölben’{2}","TD, AMB",AMB,07_23_2025_1516,1221,full-grade e-present,,dial.,unmapped
8808,1784,Lith.dial.,4655,liv,606,,4655,lejù,acrodynamic root present,gießen,poured,0,4,"4: Thematisiert mit R(e), lit. schriftsprachlich líeju nach dem Inf.","[lit. dial. lejù, (líeti), lett. leju, (liêt) ‘gießen’{4}","TD, AMB",AMB,07_23_2025_1516,1299,acrodynamic root present,,dial.,unmapped
8808,1784,Lith.dial.,4656,liv,606,,4656,líeti,acrodynamic root present,gießen,,0,,,"[lit. dial. lejù, (líeti), lett. leju, (liêt) ‘gießen’{4}","TD, AMB",AMB,07_23_2025_1516,1299,acrodynamic root present,,dial.,unmapped
9689,2637,Lith.dial.,6584,liv,838,,6584,semù,full-grade e-present,"schöpfe, schaufle",,0,,,"lit. dial. semù ‘schöpfe, schaufle’,## [lit. semiù, (sémti) ‘schöpfen, schaufeln’","TD, AMB",AMB,07_23_2025_1516,1914,full-grade e-present,,dial.,unmapped
10200,3053,Latv.dial.,7703,liv,1000,,7703,pa-svied,full-grade e-present,"werfen, schleudern; schmieren",,0,,,"lett. dial. pa-svied2, [lit. svíedžiu, (svíesti) ‘werfen, schleudern; schmieren’","TD, AMB",AMB,07_23_2025_1516,2211,full-grade e-present,,dial.,unmapped
3632,280,,9078,nil,2,,62,bârzda,*bʰar(s)dʰ-ah₂-,Bart,,0,,,,"TD, AMB",AMB,07_23_2025_1516,,,,dial.,unmapped
3632,280,,9080,nil,2,,64,bârzde,*bʰar(s)dʰ-ah₂-,Bart,,0,,,,"TD, AMB",AMB,07_23_2025_1516,,,,dial.,unmapped
5817,2360,,16600,nil,149,,7584,pùšes,*puk̑-,"Kiefer, Föhre",,0,,,,"TD, AMB",AMB,07_23_2025_1516,,,,dial.,unmapped
5826,2360,,16602,nil,149,,7586,pùšė,*puk̑-ii̯ah₂-,"Kiefer, Föhre",,0,,,,"TD, AMB",AMB,07_23_2025_1516,,,,dial.,unmapped
2355,,,65164,pok,,,45954,lia,,Boden des Backofens,,0,,,,"TD, AMB",AMB,07_23_2025_1516,,,1524,fass.,unmapped
6262,2954,,17999,nil,182,,8983,fyrst,? *pri-sth₂-(o-),"Zeit(spanne), Frist, Aufschub",,0,,,,"TD, AMB",AMB,07_23_2025_1516,,,,fyrst,unmapped
9458,2464,,6068,liv,774,,6068,rand-,nasal-infix present,kratzen,to scratch,0,2,"2: Vgl. BAILEY 357b; ABAEV II 375; Umbildung von *ranad-/*rand- < *Rₑnéd-/*Rend-? Oder ist die Wurzel als *Rend- anzusetzen und iir. *rad- als R(z) zu betrachten, die erst sekundär als R(e) interpretiert wurde?",[mp. (+) rand- ‘kratzen’{2},"TD, AMB",AMB,07_23_2025_1516,1803,nasal-infix present,,ger,unmapped
3397,,,84696,pok,,,65481,Oὐολκαῖα έλη,,ON,,0,,,,"TD, AMB",AMB,07_23_2025_1516,,,2135,gre.,unmapped
415,,,25334,pok,,,6112,blagój,,"starrköpfig, häßlich",,0,,,,"TD, AMB",AMB,07_23_2025_1516,,,219,grruss. ,unmapped
1519,,,51217,pok,,,32007,κλῖτος,,Hügel,,0,,,,"TD, AMB",AMB,07_23_2025_1516,,,971,hellen. ,unmapped
1520,,,51218,pok,,,32008,κλίτος ,,Hügel,,0,,,,"TD, AMB",AMB,07_23_2025_1516,,,971,hellen. ,unmapped
7732,827,Hitt.,2464,liv,296,,2464,ārri,iterative,wäscht,to wash,0,4,4: So nach OETTINGER 438; möglich wäre auch altes Perfekt mit sekundärer Bedeutung.,[heth. ārri ‘wäscht’{4},"TD, AMB",AMB,07_23_2025_1516,589,iterative,,heṭh.,unmapped
1219,,,45968,pok,,,26742,ἐνατρί,,die Frau des Bruders des Gatten,,0,,,,"TD, AMB",AMB,07_23_2025_1516,,,779,inschr. (kleinas.-gr.),unmapped
4921,215,YAv.,13653,nil,74,,4637,aojah-,? *h₂au̯g-és-,"stark, kräftig",,0,,,,"TD, AMB",AMB,07_23_2025_1516,,,,jav,unmapped
5520,1906,YAv.,15597,nil,124,,6581,mas-,*mh₂k̑-h₂-,groß,,0,,,,"TD, AMB",AMB,07_23_2025_1516,,,,jav,unmapped
6403,3062,Kashm.,18463,nil,189,,9447,hahar,*su̯ēk̑uro-,Bruder der Gattin,,0,,,,"TD, AMB",AMB,07_23_2025_1516,,,,kashmiri,unmapped
5819,2360,,16587,nil,149,,7571,pǖċi,? *pe/ou̯k̑-ih₂-,ein Nadelbaum Kiefer,,0,,,,"TD, AMB",AMB,07_23_2025_1516,,,,kati,unmapped
5819,2360,,16588,nil,149,,7572,piċi,? *pe/ou̯k̑-ih₂-,ein Nadelbaum Kiefer,,0,,,,"TD, AMB",AMB,07_23_2025_1516,,,,kati,unmapped
6910,573,,604,liv,75,,604,ðiðonti,e-reduplicated athematic present,geben,to give,1,16a,16a,?keltib. (Konj.?) ðiðonti K.1.1 ‘geben’{16a}; [air. do:rat(a)i ‘kann geben’{16b}; [kymr. rhoddaf ‘gebe’{17},"TD, AMB",AMB,07_23_2025_1516,401,e-reduplicated athematic present,,keltib,unmapped
3282,,,82177,pok,,,62962,ueramos,,summus,,0,,,,"TD, AMB",AMB,07_23_2025_1516,,,2067,keltiber.,unmapped
3290,,,82295,pok,,,63080,Vxama,,ON ,,0,,,,"TD, AMB",AMB,07_23_2025_1516,,,2068,keltiber.,unmapped
2157,,,61523,pok,,,42313,*agraniō,,Schlehe,,0,,,,"TD, AMB",AMB,07_23_2025_1516,,,1404,keltorom.,unmapped
7656,1266,,2270,liv,276,,2270,juvāre,R(z)e-present,kämpfen,to fight,0,8,8: EMMERICK 36.,khot. 3p Med. juvāre ‘kämpfen’{8},"TD, AMB",AMB,07_23_2025_1516,902,R(z)e-present,,khot,unmapped
4638,3511,,12737,nil,60,,3721,wassar,*h₁ué/ós-ro-,Gunst,,0,,,,"TD, AMB",AMB,07_23_2025_1516,,,,kluv,unmapped
4475,715,,12153,nil,49,,3137,pelė́da,*h₁ēd-ah₂-,Eule,,0,,,,"TD, AMB",AMB,07_23_2025_1516,,,,komp.,unmapped
4508,730,,12275,nil,50,,3259,priti,*h₁ei̯-ti-,hinkommen,,0,,,,"TD, AMB",AMB,07_23_2025_1516,,,,komp.,unmapped
2261,,,63056,pok,,,43846,polъ,,Schöpfgefäß,,0,,,,"TD, AMB",AMB,07_23_2025_1516,,,1466,kslov.,unmapped
6910,573,,606,liv,75,,606,rhoddaf,e-reduplicated athematic present,gebe,I give,1,17,17: Aus *ro-dā- ← *pro-dedō- (mit Reduplikationsverlust im Kompositum?) ist Neowurzel *rod- abstrahiert.,?keltib. (Konj.?) ðiðonti K.1.1 ‘geben’{16a}; [air. do:rat(a)i ‘kann geben’{16b}; [kymr. rhoddaf ‘gebe’{17},"TD, AMB",AMB,07_23_2025_1516,401,e-reduplicated athematic present,,kymr,unmapped
2121,,,60990,pok,,,41780,ναφοθ,,"Abkömmling, Sohn",,0,,,,"TD, AMB",AMB,07_23_2025_1516,,,1372,lemnisch-tyrsenisch,unmapped
3211,,,80878,pok,,,61663,thūschunde,,tausend,,0,,,,"TD, AMB",AMB,07_23_2025_1516,,,2010,lex Salica,unmapped
2905,,,75426,pok,,,56216,spriegel,,Sperrholz zum Auseinanderspannen,,0,,,,"TD, AMB",AMB,07_23_2025_1516,,,1843,luxemb.,unmapped
3303,,,82635,pok,,,63420,foddey,,lang,,0,,,,"TD, AMB",AMB,07_23_2025_1516,,,2088,manx ,unmapped
3739,347,,9376,nil,8,,360,quempret,? *(-)bʰr̥-tah₂-,Nehmen,,0,,,,"TD, AMB",AMB,07_23_2025_1516,,,,mbret,unmapped
346,,,26073,pok,,,6851,brynь,,(no direct translation given),,0,,,,"TD, AMB",AMB,07_23_2025_1516,,,232,mdartl.,unmapped
2060,,,60105,pok,,,40895,miere,,Ameise,,0,,,,"TD, AMB",AMB,07_23_2025_1516,,,1329,mddl.,unmapped
2406,,,65942,pok,,,46732,vrīen,,"freien, werben",,0,,,,"TD, AMB",AMB,07_23_2025_1516,,,1549,mdn. ,unmapped
3932,572,,10046,nil,17,,1030,*Suvar-dāta-,*(-)doh₃-to-,PN,,0,,,,"TD, AMB",AMB,07_23_2025_1516,,,,mitanni,unmapped
4540,749,,12364,nil,51,,3348,Bi-ri-da-aš-u̯a ,*h₁ék̑u̯o-,PN,,0,,,,"TD, AMB",AMB,07_23_2025_1516,,,,mitanni,unmapped
4571,845,,12520,nil,54,,3504,šu-ba-an-du-,*h₁s-u-,PN,,0,,,,"TD, AMB",AMB,07_23_2025_1516,,,,mitanni,unmapped
5600,2066,,15813,nil,131,,6797,*miẓḍʰa-,*(-)mis-dʰh₁-ó-,(in hurrit.-akkad. mištannu 'Lohn für die Ergreifung eines Flüchtigen'),,0,,,,"TD, AMB",AMB,07_23_2025_1516,,,,mitanni,unmapped
5603,2014,,15830,nil,132,,6814,*prii̯amazdʰa-,? *mn̥s-dʰh₁-ó-,PN,,0,,,,"TD, AMB",AMB,07_23_2025_1516,,,,mitanni,unmapped
5777,2262,,16478,nil,144,,7462,p/binkara-nnu,*pi-n-g-o-,Pferdeepitheton,,0,,,,"TD, AMB",AMB,07_23_2025_1516,,,,mitanni,unmapped
5876,2417,,16853,nil,154,,7837,Bi-ir-i̯a-ma-aš-da,*priH-ó-,PN,,0,,,,"TD, AMB",AMB,07_23_2025_1516,,,,mitanni,unmapped
5880,2417,,16881,nil,154,,7865,*prītāśu̯a-,*priH-tó-,PN,,0,,,,"TD, AMB",AMB,07_23_2025_1516,,,,mitanni,unmapped
5905,2523,,16965,nil,157,,7949,tu-iš-e-rat-ta,*rot-h₂-ó-,mit ungestümem Streitwagen (PN),,0,,,,"TD, AMB",AMB,07_23_2025_1516,,,,mitanni,unmapped
5907,2523,,16974,nil,157,,7958,a-ra-ti-i̯a-an-ni,*rot-(i)i̯o-,,,0,,,,"TD, AMB",AMB,07_23_2025_1516,,,,mitanni,unmapped
6075,2578,,17454,nil,164,,8438,Šuu̯ar-data,*sah₂u̯el/n-,PN,,0,,,,"TD, AMB",AMB,07_23_2025_1516,,,,mitanni,unmapped
6082,2578,,17479,nil,164,,8463,Šur(i)i̯aš,*suh₂l-(i)i̯o/ah₂-,Name oder Beiname des Sonnengottes,,0,,,,"TD, AMB",AMB,07_23_2025_1516,,,,mitanni,unmapped
6350,2979,,18294,nil,183,,9278,dīssel,*(s)t(e)ig-s-t-,Distel,,0,,,,"TD, AMB",AMB,07_23_2025_1516,,,,n.ostfries.,unmapped
2767,,,73179,pok,,,53969,skēz,,Schatten,,0,,,,"TD, AMB",AMB,07_23_2025_1516,,,1760,neucorn.,unmapped
2801,,,73621,pok,,,54411,Schlaube,,abgestreifte Schlangenhaut,,0,,,,"TD, AMB",AMB,07_23_2025_1516,,,1778,norddt. dial. ,unmapped
2907,,,75483,pok,,,56273,sprent,,"springen, sprengen",,0,,,,"TD, AMB",AMB,07_23_2025_1516,,,1845,nordengl.,unmapped
2907,,,75484,pok,,,56274,sprent,,Schmutzfleck,,0,,,,"TD, AMB",AMB,07_23_2025_1516,,,1845,nordengl.,unmapped
4144,701,,10943,nil,30,,1927,lüšt(ok),*dʰugh₂tér-,Tochter,,0,,,,"TD, AMB",AMB,07_23_2025_1516,,,,nuristani,unmapped
5641,781,,15937,nil,135,,6921,nalī́,*nebʰ-eliko/ah₂-,Wolke,,0,,,,"TD, AMB",AMB,07_23_2025_1516,,,,nuristani,unmapped
5641,781,,15938,nil,135,,6922,nolī,*nebʰ-eliko/ah₂-,Wolke,,0,,,,"TD, AMB",AMB,07_23_2025_1516,,,,nuristani,unmapped
5995,2581,,17251,nil,161,,8235,pәṛ'ī,? *pi-sd-ah₂-,vulva,,0,,,,"TD, AMB",AMB,07_23_2025_1516,,,,nūristānī,unmapped
2833,,,74202,pok,,,54992,žənĳ,,Schnee,,0,,,,"TD, AMB",AMB,07_23_2025_1516,,,1804,pamir. šugni ,unmapped
5454,1915,,15368,nil,117,,6352,mater,*mah₂tr̥-tm̥mo/ah₂-,Stiefmutter,,0,,,,"TD, AMB",AMB,07_23_2025_1516,,,,panjabi,unmapped
3638,301,,9089,nil,3,,73,wat,*bʰeg-tó-,"Bruch, Lücke",,0,,,,"TD, AMB",AMB,07_23_2025_1516,,,,pašto,unmapped
3804,441,,9553,nil,12,,537,vrōr,*bʰráh₂ter-,Bruder,,0,,,,"TD, AMB",AMB,07_23_2025_1516,,,,pašto,unmapped
3887,487,,9875,nil,16,,859,lēwar,*dai̯u̯ér-,Bruder des Gatten,,0,,,,"TD, AMB",AMB,07_23_2025_1516,,,,pašto,unmapped
4144,701,,10952,nil,30,,1936,lūr,*dʰugh₂tér-,Tochter,,0,,,,"TD, AMB",AMB,07_23_2025_1516,,,,pašto,unmapped
4144,701,,10954,nil,30,,1938,tar-lə,*dʰugh₂tér-,Cousine,,0,,,,"TD, AMB",AMB,07_23_2025_1516,,,,pašto,unmapped
4175,919,,11120,nil,32,,2104,zəman,*ĝm̥H-onah₂-,"Lohnzahlung, Stipendium",,0,,,,"TD, AMB",AMB,07_23_2025_1516,,,,pašto,unmapped
4175,919,,11121,nil,32,,2105,zamne,*ĝm̥H-onah₂-,"Lohnzahlung, Stipendium",,0,,,,"TD, AMB",AMB,07_23_2025_1516,,,,pašto,unmapped
4184,923,,11156,nil,33,,2140,zāmə́n,*ĝn̥h₁-mén-,Kinder,,0,,,,"TD, AMB",AMB,07_23_2025_1516,,,,pašto,unmapped
4418,1249,,11996,nil,47,,2980,yor,^^x^^Hi̯n̥h₂ter-,Frau des Bruders des Gatten,,0,,,,"TD, AMB",AMB,07_23_2025_1516,,,,pašto,unmapped
5162,1244,,14467,nil,92,,5451,yī̆na,*i̯e/okʷ-n-ah₂-,Leber,,0,,,,"TD, AMB",AMB,07_23_2025_1516,,,,pašto,unmapped
5235,1352,,14661,nil,98,,5645,sōe,*k̑as-ó-,Hase,,0,,,,"TD, AMB",AMB,07_23_2025_1516,,,,pašto,unmapped
5646,781,,15966,nil,135,,6950,nund,*nebʰ-to-,feucht,,0,,,,"TD, AMB",AMB,07_23_2025_1516,,,,pašto,unmapped
5831,2369,,16681,nil,150,,7665,trə,ph₂tr-(u)u̯-(i)i̯o/ah₂-,Onkel (väterlicherseits),,0,,,,"TD, AMB",AMB,07_23_2025_1516,,,,pašto,unmapped
,3062,,18429,nil,189,,9413,xwāše,*su̯ek̑rúH- 'Schwiegermutter',Schwiegermutter,,0,,,,"TD, AMB",AMB,07_23_2025_1516,,,,pašto,unmapped
5810,2279,,16559,nil,147,,7543,pōx,*pekʷ-u̯ó-,"gekocht, reif",,0,,,,"TD, AMB",AMB,07_23_2025_1516,,,,pašto ,unmapped
5827,2369,,16619,nil,150,,7603,plār,*ph₂tér-,Vater,,0,,,,"TD, AMB",AMB,07_23_2025_1516,,,,pašto ,unmapped
,3062,,18444,nil,189,,9428,sxar,*su̯ék̑uro- 'Schwiegervater',Schwiegervater,,0,,,,"TD, AMB",AMB,07_23_2025_1516,,,,pašto ,unmapped
707,,,34000,pok,,,14774,ιος (νι),,wer immer,,0,,,,"TD, AMB",AMB,07_23_2025_1516,,,438,phryg,unmapped
2833,,,74199,pok,,,54989,siṇeha-,,Schnee,,0,,,,"TD, AMB",AMB,07_23_2025_1516,,,1804,präkrit.,unmapped
3374,,,84195,pok,,,64980,Genauni,,VN ,,0,,,,"TD, AMB",AMB,07_23_2025_1516,,,2127,raet.,unmapped
9623,2600,,6425,liv,824,,6425,apa asaitsam,s-aorist,habe weggejagt,,0,2,,"ved. iṣ-Aor. 2s Inj. mā́ prá sedhiṣ RV 10,27,20 ‘treibe nicht fort!’, s-Aor. 1s apa +asaitsam2 JB ‘habe weggejagt’","TD, AMB",AMB,07_23_2025_1516,1894,s-aorist,,s-Aor.,unmapped
3347,,,83368,pok,,,64153,gindag,,sehen,,0,,,,"TD, AMB",AMB,07_23_2025_1516,,,2110,sbal.,unmapped
2257,,,62905,pok,,,43695,Esk,,FlN ,,0,,,,"TD, AMB",AMB,07_23_2025_1516,,,1462,schott.,unmapped
3029,,,78285,pok,,,59075,swats,,frisch gebrautes Bier,,0,,,,"TD, AMB",AMB,07_23_2025_1516,,,1915,schott.,unmapped
214,,,23482,pok,,,4260,pappe,,Frauenbrust,,0,,,,"TD, AMB",AMB,07_23_2025_1516,,,148,schwed.-norw. mdartl.,unmapped
4345,1159,CSl.,11707,nil,40,,2691,ženinь,*gʷen-ei̯no/ah₂-,weiblich,,0,,,,"TD, AMB",AMB,07_23_2025_1516,,,,serb.ksl.,unmapped
4676,3,CSl.,12873,nil,63,,3857,jablъko,*h₂ab-l-uko/ah₂-,"Apfelbaum, Apfel",,0,,,,"TD, AMB",AMB,07_23_2025_1516,,,,serb.ksl.,unmapped
4809,122,CSl.,13304,nil,67,,4288,ǫzlъ ,*h₂amĝʰ-lo-,"Knoten, Bündel",,0,,,,"TD, AMB",AMB,07_23_2025_1516,,,,serb.ksl.,unmapped
5688,2143,CSl.,16171,nil,140,,7155,netьji,*nept-(i)i̯o-,Neffe,,0,,,,"TD, AMB",AMB,07_23_2025_1516,,,,serb.ksl.,unmapped
5804,2279,CSl.,16535,nil,147,,7519,pekъ,*(-)pekʷ-o/ah₂-,Hitze,,0,,,,"TD, AMB",AMB,07_23_2025_1516,,,,serb.ksl.,unmapped
5804,2279,CSl.,16536,nil,147,,7520,peka,*(-)pekʷ-o/ah₂-,Hitze,,0,,,,"TD, AMB",AMB,07_23_2025_1516,,,,serb.ksl.,unmapped
5831,2369,CSl.,16722,nil,150,,7706,strujь,ph₂tr-(u)u̯-(i)i̯o/ah₂-,"Onkel, Vatersbruder",,0,,,,"TD, AMB",AMB,07_23_2025_1516,,,,serb.ksl.,unmapped
5948,2540,CSl.,17112,nil,158,,8096,rusъ,*(h₁)reu̯dʰ-s-o-,"bräunlich, blond",,0,,,,"TD, AMB",AMB,07_23_2025_1516,,,,serb.ksl.,unmapped
6179,2871,CSl.,17733,nil,175,,8717,snъxa,*snus-ó-,Schwiegertochter,,0,,,,"TD, AMB",AMB,07_23_2025_1516,,,,serb.ksl.,unmapped
6403,3062,Sindh.,18464,nil,189,,9448,hūrā,*su̯ēk̑uro-,Bruder der Gattin/des Gatten,,0,,,,"TD, AMB",AMB,07_23_2025_1516,,,,sindhi,unmapped
3814,474,Slov.,9657,nil,13,,641,obȓva,*bʰruH-ah₂-,Augenbraue,,0,,,,"TD, AMB",AMB,07_23_2025_1516,,,,sloven.,unmapped
4236,926,Slov.,11341,nil,34,,2325,znȃtelj,*ĝnoh₃-tel-,Kenner,,0,,,,"TD, AMB",AMB,07_23_2025_1516,,,,sloven.,unmapped
4391,1215,Slov.,11924,nil,44,,2908,prigòr,*gʷʰor-o-,verbrannte Stelle,,0,,,,"TD, AMB",AMB,07_23_2025_1516,,,,sloven.,unmapped
4663,3,Slov.,12825,nil,63,,3809,jábel,*h₂ab-l-o-,Apfelbaum,,0,,,,"TD, AMB",AMB,07_23_2025_1516,,,,sloven.,unmapped
4787,65,Slov.,13226,nil,66,,4210,ôst,*h₂ak̑-s-ti-,Spitze,,0,,,,"TD, AMB",AMB,07_23_2025_1516,,,,sloven.,unmapped
5193,1260,Slov.,14535,nil,94,,5519,igộ,? *i̯ug-es-,Joch,,0,,,,"TD, AMB",AMB,07_23_2025_1516,,,,sloven.,unmapped
5366,1631,Slov.,15124,nil,111,,6108,krȋ,*kruh₂-,Blut,,0,,,,"TD, AMB",AMB,07_23_2025_1516,,,,sloven.,unmapped
5805,2279,Slov.,16546,nil,147,,7530,opȏka,*(-)pokʷ-o-,Mergelschiefer,,0,,,,"TD, AMB",AMB,07_23_2025_1516,,,,sloven.,unmapped
5848,2297,Slov.,16753,nil,151,,7737,plȃn,*polh₂-no-,frei von Baumwuchs,,0,,,,"TD, AMB",AMB,07_23_2025_1516,,,,sloven.,unmapped
3356,,Slov.,19290,pok,,,68,jáblan,,Apfelbaum,,0,,,,"TD, AMB",AMB,07_23_2025_1516,,,2,sloven.,unmapped
108,,Slov.,21328,pok,,,2106,ogǫ́r,,Aal,,0,,,,"TD, AMB",AMB,07_23_2025_1516,,,86,sloven.,unmapped
143,,Slov.,21979,pok,,,2757,jérmen,,"Jochriemen, Riemen",,0,,,,"TD, AMB",AMB,07_23_2025_1516,,,103,sloven.,unmapped
145,,Slov.,22059,pok,,,2837,rǫ́dim,,"sorgen, sich kümmern",,0,,,,"TD, AMB",AMB,07_23_2025_1516,,,103,sloven.,unmapped
250,,Slov.,24073,pok,,,4851,bûhnem,,"anschwellen, sich aufblasen",,0,,,,"TD, AMB",AMB,07_23_2025_1516,,,168,sloven.,unmapped
250,,Slov.,24074,pok,,,4852,búhor ,,Wasserblase,,0,,,,"TD, AMB",AMB,07_23_2025_1516,,,168,sloven.,unmapped
521,,Slov.,29596,pok,,,10370,drdráti,,"klappern, schnarren",,0,,,,"TD, AMB",AMB,07_23_2025_1516,,,341,sloven.,unmapped
598,,Slov.,31683,pok,,,12457,dę́gniti,,"brennen, wärmen",,0,,,,"TD, AMB",AMB,07_23_2025_1516,,,379,sloven.,unmapped
640,,Slov.,32517,pok,,,13291,drok,,Stößel,,0,,,,"TD, AMB",AMB,07_23_2025_1516,,,399,sloven.,unmapped
676,,Slov.,33557,pok,,,14331,drûzgati,,zerdrücken,,0,,,,"TD, AMB",AMB,07_23_2025_1516,,,426,sloven.,unmapped
750,,Slov.,35334,pok,,,16108,lákati,,hungern,,0,,,,"TD, AMB",AMB,07_23_2025_1516,,,467,sloven.,unmapped
901,,Slov.,38311,pok,,,19085,glûta,,"Beule, beulenartige Geschwulst, Baumknorren",,0,,,,"TD, AMB",AMB,07_23_2025_1516,,,554,sloven.,unmapped
901,,Slov.,38312,pok,,,19086,glúta ,,"Beule, beulenartige Geschwulst, Baumknorren",,0,,,,"TD, AMB",AMB,07_23_2025_1516,,,554,sloven.,unmapped
901,,Slov.,38591,pok,,,19365,glǫ́b-am,,aushöhlen; auswetzen; nagen,,0,,,,"TD, AMB",AMB,07_23_2025_1516,,,558,sloven.,unmapped
901,,Slov.,38600,pok,,,19374,žlę̇biti,,auskehlen,,0,,,,"TD, AMB",AMB,07_23_2025_1516,,,558,sloven.,unmapped
901,,Slov.,38682,pok,,,19456,gomòt,,"Gewühl in einem Haufen, Wirrwarr",,0,,,,"TD, AMB",AMB,07_23_2025_1516,,,561,sloven.,unmapped
907,,Slov.,38811,pok,,,19585,gnjáviti,,"drücken, knüllen, würgen",,0,,,,"TD, AMB",AMB,07_23_2025_1516,,,564,sloven.,unmapped
920,,Slov.,39185,pok,,,19959,znâtelj,,Kenner,,0,,,,"TD, AMB",AMB,07_23_2025_1516,,,477,sloven.,unmapped
933,,Slov.,39692,pok,,,20466,gr̂b,,"Höcker, Buckel, Runzel",,0,,,,"TD, AMB",AMB,07_23_2025_1516,,,575,sloven.,unmapped
933,,Slov.,39693,pok,,,20467,gŕba,,"Höcker, Buckel, Runzel",,0,,,,"TD, AMB",AMB,07_23_2025_1516,,,575,sloven.,unmapped
933,,Slov.,39694,pok,,,20468,grbati,,"buckelig machen, krümmen, runzeln",,0,,,,"TD, AMB",AMB,07_23_2025_1516,,,575,sloven.,unmapped
940,,Slov.,40170,pok,,,20944,gúza,,"Hinterer, Höcker",,0,,,,"TD, AMB",AMB,07_23_2025_1516,,,580,sloven.,unmapped
944,,Slov.,40258,pok,,,21032,gǫ́ba,,"Schwamm, Pilz",,0,,,,"TD, AMB",AMB,07_23_2025_1516,,,580,sloven.,unmapped
944,,Slov.,40259,pok,,,21033,gôbec,,Maul,,0,,,,"TD, AMB",AMB,07_23_2025_1516,,,580,sloven.,unmapped
983,,Slov.,41128,pok,,,21902,zòv ,,Ruf,,0,,,,"TD, AMB",AMB,07_23_2025_1516,,,617,sloven.,unmapped
1003,,Slov.,41440,pok,,,22214,zẹ́vati ,,den Mund geöffnet halten,,0,,,,"TD, AMB",AMB,07_23_2025_1516,,,624,sloven.,unmapped
1035,,Slov.,42489,pok,,,23263,gnjìda,,"Niß, Lausei",,0,,,,"TD, AMB",AMB,07_23_2025_1516,,,647,sloven.,unmapped
1049,,Slov.,42764,pok,,,23538,zrẹ́ti,,"sehen, blicken",,0,,,,"TD, AMB",AMB,07_23_2025_1516,,,656,sloven.,unmapped
1057,,Slov.,42922,pok,,,23696,grâd,,Stadt,,0,,,,"TD, AMB",AMB,07_23_2025_1516,,,661,sloven.,unmapped
1058,,Slov.,42928,pok,,,23702,žr̂d,,Wiesbaum,,0,,,,"TD, AMB",AMB,07_23_2025_1516,,,661,sloven.,unmapped
1107,,Slov.,43778,pok,,,24552,grûh,,Steingeröll,,0,,,,"TD, AMB",AMB,07_23_2025_1516,,,697,sloven.,unmapped
1107,,Slov.,43779,pok,,,24553,grúša,,"grober Sand, Schotter",,0,,,,"TD, AMB",AMB,07_23_2025_1516,,,697,sloven.,unmapped
1147,,Slov.,44599,pok,,,25373,požrèm,,verschlingen,,0,,,,"TD, AMB",AMB,07_23_2025_1516,,,717,sloven.,unmapped
1152,,Slov.,44716,pok,,,25490,žr̂nəv ,,Handmühle,,0,,,,"TD, AMB",AMB,07_23_2025_1516,,,718,sloven.,unmapped
1238,,Slov.,46114,pok,,,26888,ižêsa ,,,,0,,,,"TD, AMB",AMB,07_23_2025_1516,,,784,sloven.,unmapped
1301,,Slov.,46960,pok,,,27734,klánəc,,"Hohlweg, Gebirgsweg, Rinnsal eines Baches, Dorfgasse",,0,,,,"TD, AMB",AMB,07_23_2025_1516,,,829,sloven.,unmapped
1375,,Slov.,48154,pok,,,28928,kɛ̀l ,,"Eckzahn, Hauzahn",,0,,,,"TD, AMB",AMB,07_23_2025_1516,,,879,sloven.,unmapped
1454,,Slov.,49781,pok,,,30555,srė̂n,,"Raureif, gefrorene Schneerinde",,0,,,,"TD, AMB",AMB,07_23_2025_1516,,,923,sloven.,unmapped
1454,,Slov.,49782,pok,,,30556,srė̂nj ,,"Raureif, gefrorene Schneerinde",,0,,,,"TD, AMB",AMB,07_23_2025_1516,,,923,sloven.,unmapped
1466,,Slov.,50150,pok,,,30924,črêm-ha,,"Faulbaum, Ahlkirsche, Prunus padus",,0,,,,"TD, AMB",AMB,07_23_2025_1516,,,934,sloven.,unmapped
1466,,Slov.,50151,pok,,,30925,črêm-sa,,"Faulbaum, Ahlkirsche, Prunus padus",,0,,,,"TD, AMB",AMB,07_23_2025_1516,,,934,sloven.,unmapped
1466,,Slov.,50152,pok,,,30926,srệm-ša,,"Faulbaum, Ahlkirsche, Prunus padus",,0,,,,"TD, AMB",AMB,07_23_2025_1516,,,934,sloven.,unmapped
1466,,Slov.,50153,pok,,,30927,srệm-sa,,"Faulbaum, Ahlkirsche, Prunus padus",,0,,,,"TD, AMB",AMB,07_23_2025_1516,,,934,sloven.,unmapped
1470,,Slov.,50277,pok,,,31067,sr̂st,,Tierhaar,,0,,,,"TD, AMB",AMB,07_23_2025_1516,,,942,sloven.,unmapped
1470,,Slov.,50283,pok,,,31073,sŕhɛk ,,struppig,,0,,,,"TD, AMB",AMB,07_23_2025_1516,,,942,sloven.,unmapped
1476,,Slov.,50356,pok,,,31146,krę́tati,,"wenden, lenken, drehen, rücken",,0,,,,"TD, AMB",AMB,07_23_2025_1516,,,944,sloven.,unmapped
1476,,Slov.,50363,pok,,,31153,krotíca,,Knoten im Gespinst,,0,,,,"TD, AMB",AMB,07_23_2025_1516,,,944,sloven.,unmapped
1486,,Slov.,50515,pok,,,31305,čûha-m,,"spüren, ahnen",,0,,,,"TD, AMB",AMB,07_23_2025_1516,,,948,sloven.,unmapped
1531,,Slov.,51358,pok,,,32148,klę́cati,,hinken,,0,,,,"TD, AMB",AMB,07_23_2025_1516,,,974,sloven.,unmapped
1719,,Slov.,53816,pok,,,34606,čr̂m ,,"Karbunkel, Fingerwurm",,0,,,,"TD, AMB",AMB,07_23_2025_1516,,,1100,sloven.,unmapped
1818,,Slov.,55557,pok,,,36347,lǫ́čiti,,"trennen, sondern; biegen (dies die Grundbed.)",,0,,,,"TD, AMB",AMB,07_23_2025_1516,,,1166,sloven.,unmapped
1826,,Slov.,55651,pok,,,36441,lépen,,Blatt,,0,,,,"TD, AMB",AMB,07_23_2025_1516,,,1169,sloven.,unmapped
1937,,Slov.,57903,pok,,,38693,məzí,,hervordringen (von Flüssigkeiten),,0,,,,"TD, AMB",AMB,07_23_2025_1516,,,1248,sloven.,unmapped
1937,,Slov.,57904,pok,,,38694,məzína,,Moorgrund,,0,,,,"TD, AMB",AMB,07_23_2025_1516,,,1248,sloven.,unmapped
2226,,Slov.,62462,pok,,,43252,delo-pust,,Feierabend,,0,,,,"TD, AMB",AMB,07_23_2025_1516,,,1450,sloven.,unmapped
2282,,Slov.,63392,pok,,,44182,plẹ́na,,"Windel, Tuch, Hülle",,0,,,,"TD, AMB",AMB,07_23_2025_1516,,,1470,sloven.,unmapped
2282,,Slov.,63406,pok,,,44196,plẹ́va,,Augenlid,,0,,,,"TD, AMB",AMB,07_23_2025_1516,,,1470,sloven.,unmapped
2284,,Slov.,63545,pok,,,44335,plân,,frei von Baumwuchs,,0,,,,"TD, AMB",AMB,07_23_2025_1516,,,1475,sloven.,unmapped
2284,,Slov.,63546,pok,,,44336,plánja,,"offene, freie Fläche",,0,,,,"TD, AMB",AMB,07_23_2025_1516,,,1475,sloven.,unmapped
2311,,Slov.,64439,pok,,,45229,prdẹ́ti,,furzen,,0,,,,"TD, AMB",AMB,07_23_2025_1516,,,1490,sloven.,unmapped
2349,,Slov.,65089,pok,,,45879,pípa,,Huhn; Röhre,,0,,,,"TD, AMB",AMB,07_23_2025_1516,,,1521,sloven.,unmapped
2682,,Slov.,70632,pok,,,51422,ščedljìv ,,sparsam (*knauserig = abzwackend),,0,,,,"TD, AMB",AMB,07_23_2025_1516,,,1716,sloven.,unmapped
2959,,Slov.,76623,pok,,,57413,stę̂žja,,Schoberstock,,0,,,,"TD, AMB",AMB,07_23_2025_1516,,,1875,sloven.,unmapped
2961,,Slov.,76624,pok,,,57414,stǫ̂žje ,,Schoberstock,,0,,,,"TD, AMB",AMB,07_23_2025_1516,,,1875,sloven.,unmapped
3297,,Slov.,82570,pok,,,63355,vlâst,,"Grundeigentum, Besitz",,0,,,,"TD, AMB",AMB,07_23_2025_1516,,,2081,sloven.,unmapped
3429,,Slov.,85362,pok,,,66147,vrâpa,,Hautrunzel,,0,,,,"TD, AMB",AMB,07_23_2025_1516,,,2157,sloven.,unmapped
3429,,Slov.,85363,pok,,,66148,rápa ,,Hautrunzel,,0,,,,"TD, AMB",AMB,07_23_2025_1516,,,2157,sloven.,unmapped
199,,Slov.,23115,pok,,,3893,vėvnica,,"Worfschaufel, Kornschwinge",,0,,,,"TD, AMB",AMB,07_23_2025_1516,,,136,sloven. ,unmapped
251,,Slov.,24143,pok,,,4921,br̂knem,,"mit den Füßen stoßen, ausschlagen, mit den Fingern wegschnellen",,0,,,,"TD, AMB",AMB,07_23_2025_1516,,,175,sloven. ,unmapped
251,,Slov.,24144,pok,,,4922,br̂kam,,"mit den Füßen stoßen, ausschlagen, mit den Fingern wegschnellen",,0,,,,"TD, AMB",AMB,07_23_2025_1516,,,175,sloven. ,unmapped
521,,Slov.,29662,pok,,,10436,dŕmati,,"schütteln, rütteln",,0,,,,"TD, AMB",AMB,07_23_2025_1516,,,342,sloven. ,unmapped
521,,Slov.,29663,pok,,,10437,drámiti ,,aus dem Schlaf rütteln,,0,,,,"TD, AMB",AMB,07_23_2025_1516,,,342,sloven. ,unmapped
521,,Slov.,29664,pok,,,10438,drâmpati ,,unsanft rütteln,,0,,,,"TD, AMB",AMB,07_23_2025_1516,,,342,sloven. ,unmapped
534,,Slov.,29865,pok,,,10639,u-dę̂r,,Schlag ,,0,,,,"TD, AMB",AMB,07_23_2025_1516,,,343,sloven. ,unmapped
535,,Slov.,29966,pok,,,10740,dr̂kam,,"gleiten, glitschen, auf dem Eise schleifen; rennen, Trab laufen",,0,,,,"TD, AMB",AMB,07_23_2025_1516,,,343,sloven. ,unmapped
535,,Slov.,29979,pok,,,10753,drásati,,"auflösen, trennen",,0,,,,"TD, AMB",AMB,07_23_2025_1516,,,343,sloven. ,unmapped
539,,Slov.,30037,pok,,,10811,drîpam,,"zerreißen, Durchfall haben",,0,,,,"TD, AMB",AMB,07_23_2025_1516,,,343,sloven. ,unmapped
539,,Slov.,30316,pok,,,11090,drẹvộ,,Baum,,0,,,,"TD, AMB",AMB,07_23_2025_1516,,,349,sloven. ,unmapped
554,,Slov.,30605,pok,,,11379,dûpam,,"auf etwas Hohles schlagen, dumpf rauschen",,0,,,,"TD, AMB",AMB,07_23_2025_1516,,,355,sloven. ,unmapped
554,,Slov.,30606,pok,,,11380,dupotáti,,gebe einem Roß die Sporen,,0,,,,"TD, AMB",AMB,07_23_2025_1516,,,355,sloven. ,unmapped
562,,Slov.,30767,pok,,,11541,dat,,zu geben,,0,,,,"TD, AMB",AMB,07_23_2025_1516,,,361,sloven. ,unmapped
562,,Slov.,30768,pok,,,11542,dodâtɛk,,Zugabe,,0,,,,"TD, AMB",AMB,07_23_2025_1516,,,361,sloven. ,unmapped
564,,Slov.,30850,pok,,,11624,pâzduha,,Achselhöhle,,0,,,,"TD, AMB",AMB,07_23_2025_1516,,,362,sloven. ,unmapped
564,,Slov.,30851,pok,,,11625,pâzuha,,Achselhöhle,,0,,,,"TD, AMB",AMB,07_23_2025_1516,,,362,sloven. ,unmapped
622,,Slov.,32260,pok,,,13034,trǫ̂ska,,"Bodensatz, Hefe",,0,,,,"TD, AMB",AMB,07_23_2025_1516,,,397,sloven. ,unmapped
624,,Slov.,32277,pok,,,13051,sǫ́-draga,,"kleinkörniger Hagel; gefrorene Schneeklümpchen, Graupeln",,0,,,,"TD, AMB",AMB,07_23_2025_1516,,,397,sloven. ,unmapped
624,,Slov.,32278,pok,,,13052,sǫ́-drag,,"kleinkörniger Hagel; gefrorene Schneeklümpchen, Graupeln",,0,,,,"TD, AMB",AMB,07_23_2025_1516,,,397,sloven. ,unmapped
624,,Slov.,32279,pok,,,13053,sǫ́-drga ,,"kleinkörniger Hagel; gefrorene Schneeklümpchen, Graupeln",,0,,,,"TD, AMB",AMB,07_23_2025_1516,,,397,sloven. ,unmapped
635,,Slov.,32438,pok,,,13212,dr̂z,,"kühn, verwegen",,0,,,,"TD, AMB",AMB,07_23_2025_1516,,,398,sloven. ,unmapped
660,,Slov.,32930,pok,,,13704,díjem,,"wehen, duften, leise atmen",,0,,,,"TD, AMB",AMB,07_23_2025_1516,,,412,sloven. ,unmapped
666,,Slov.,33220,pok,,,13994,dúpa,,Erdhöhle,,0,,,,"TD, AMB",AMB,07_23_2025_1516,,,413,sloven. ,unmapped
729,,Slov.,35108,pok,,,15882,ję́ɫša,,Erle,,0,,,,"TD, AMB",AMB,07_23_2025_1516,,,461,sloven. ,unmapped
804,,Slov.,36766,pok,,,17540,jerebíka,,Vogelbeere,,0,,,,"TD, AMB",AMB,07_23_2025_1516,,,501,sloven. ,unmapped
804,,Slov.,36825,pok,,,17599,rệsək,,Gänsedistel,,0,,,,"TD, AMB",AMB,07_23_2025_1516,,,506,sloven. ,unmapped
853,,Slov.,37592,pok,,,18366,gòɫ,,"kahl, nackt",,0,,,,"TD, AMB",AMB,07_23_2025_1516,,,537,sloven. ,unmapped
893,,Slov.,38171,pok,,,18945,glâbim,,raffen,,0,,,,"TD, AMB",AMB,07_23_2025_1516,,,554,sloven. ,unmapped
922,,Slov.,39293,pok,,,20067,gǫ́za,,"Hinterbacke, Hinterer",,0,,,,"TD, AMB",AMB,07_23_2025_1516,,,568,sloven. ,unmapped
922,,Slov.,39294,pok,,,20068,gúza ,,"Hinterer, Höcker",,0,,,,"TD, AMB",AMB,07_23_2025_1516,,,568,sloven. ,unmapped
922,,Slov.,39314,pok,,,20088,gôž,,Riemen,,0,,,,"TD, AMB",AMB,07_23_2025_1516,,,569,sloven. ,unmapped
947,,Slov.,40330,pok,,,21104,žûr ,,Molken,,0,,,,"TD, AMB",AMB,07_23_2025_1516,,,580,sloven. ,unmapped
947,,Slov.,40619,pok,,,21393,gâvəc,,Kiebitz,,0,,,,"TD, AMB",AMB,07_23_2025_1516,,,592,sloven. ,unmapped
955,,Slov.,40741,pok,,,21515,grûh,,Steingerölle,,0,,,,"TD, AMB",AMB,07_23_2025_1516,,,598,sloven. ,unmapped
955,,Slov.,40742,pok,,,21516,grúša ,,grober Sand,,0,,,,"TD, AMB",AMB,07_23_2025_1516,,,598,sloven. ,unmapped
981,,Slov.,41053,pok,,,21827,ĝȯs,,Gans,,0,,,,"TD, AMB",AMB,07_23_2025_1516,,,614,sloven. ,unmapped
1003,,Slov.,41443,pok,,,22217,zẹ̀v,,Rachen,,0,,,,"TD, AMB",AMB,07_23_2025_1516,,,624,sloven. ,unmapped
1027,,Slov.,42064,pok,,,22838,zlât,,golden,,0,,,,"TD, AMB",AMB,07_23_2025_1516,,,636,sloven. ,unmapped
1035,,Slov.,42364,pok,,,23138,žlệd,,Glatteis,,0,,,,"TD, AMB",AMB,07_23_2025_1516,,,641,sloven. ,unmapped
1035,,Slov.,42373,pok,,,23147,žlẹ́za,,Drüse,,0,,,,"TD, AMB",AMB,07_23_2025_1516,,,642,sloven. ,unmapped
1071,,Slov.,43217,pok,,,23991,gánem,,"bewegen, rühren",,0,,,,"TD, AMB",AMB,07_23_2025_1516,,,673,sloven. ,unmapped
1071,,Slov.,43225,pok,,,23999,gúba,,Falte,,0,,,,"TD, AMB",AMB,07_23_2025_1516,,,673,sloven. ,unmapped
1107,,Slov.,43765,pok,,,24539,grę̂d,,Stange,,0,,,,"TD, AMB",AMB,07_23_2025_1516,,,696,sloven. ,unmapped
1113,,Slov.,43868,pok,,,24642,grûst,,Ekel,,0,,,,"TD, AMB",AMB,07_23_2025_1516,,,698,sloven. ,unmapped
1113,,Slov.,43869,pok,,,24643,grûšč ,,"Schotter, Gebirgsschutt",,0,,,,"TD, AMB",AMB,07_23_2025_1516,,,698,sloven. ,unmapped
1147,,Slov.,44614,pok,,,25388,žrẹ́lo,,"Rachen, Schlund",,0,,,,"TD, AMB",AMB,07_23_2025_1516,,,717,sloven. ,unmapped
1171,,Slov.,45193,pok,,,25967,grúže ,,Krätze,,0,,,,"TD, AMB",AMB,07_23_2025_1516,,,740,sloven. ,unmapped
1171,,Slov.,45195,pok,,,25969,grûst,,Ekel,,0,,,,"TD, AMB",AMB,07_23_2025_1516,,,740,sloven. ,unmapped
1194,,Slov.,45532,pok,,,26306,gonóba,,"Schaden, Verderben",,0,,,,"TD, AMB",AMB,07_23_2025_1516,,,752,sloven. ,unmapped
1194,,Slov.,45533,pok,,,26307,ugonóba ,,"Vernichtung, Untergang",,0,,,,"TD, AMB",AMB,07_23_2025_1516,,,752,sloven. ,unmapped
1205,,Slov.,45645,pok,,,26419,górək,,bitter; warm,,0,,,,"TD, AMB",AMB,07_23_2025_1516,,,754,sloven. ,unmapped
1338,,Slov.,47464,pok,,,28238,kotár,,Bezirk,,0,,,,"TD, AMB",AMB,07_23_2025_1516,,,851,sloven. ,unmapped
1353,,Slov.,47712,pok,,,28486,káčiti,,"necken, ärgern",,0,,,,"TD, AMB",AMB,07_23_2025_1516,,,862,sloven. ,unmapped
1361,,Slov.,47885,pok,,,28659,sę̂r,,grau,,0,,,,"TD, AMB",AMB,07_23_2025_1516,,,865,sloven. ,unmapped
1382,,Slov.,48255,pok,,,29029,kalina,,Pfütze,,0,,,,"TD, AMB",AMB,07_23_2025_1516,,,880,sloven. ,unmapped
1466,,Slov.,50192,pok,,,30966,kr̀š,,Strauch,,0,,,,"TD, AMB",AMB,07_23_2025_1516,,,936,sloven. ,unmapped
1470,,Slov.,50281,pok,,,31071,sr̂h,,Schauer,,0,,,,"TD, AMB",AMB,07_23_2025_1516,,,942,sloven. ,unmapped
1525,,Slov.,51308,pok,,,32098,slòj,,"Schicht, Lager",,0,,,,"TD, AMB",AMB,07_23_2025_1516,,,971,sloven. ,unmapped
868,,Slov.,51321,pok,,,32111,klẹ́šče,,Zange,,0,,,,"TD, AMB",AMB,07_23_2025_1516,,,972,sloven. ,unmapped
1542,,Slov.,51540,pok,,,32330,slût ,,Verdacht,,0,,,,"TD, AMB",AMB,07_23_2025_1516,,,980,sloven. ,unmapped
1611,,Slov.,52425,pok,,,33215,kráka,,Schweinefuß,,0,,,,"TD, AMB",AMB,07_23_2025_1516,,,1044,sloven. ,unmapped
1611,,Slov.,52426,pok,,,33216,kráča ,,Schweinefuß,,0,,,,"TD, AMB",AMB,07_23_2025_1516,,,1044,sloven. ,unmapped
1614,,Slov.,52432,pok,,,33222,korák,,Schritt,,0,,,,"TD, AMB",AMB,07_23_2025_1516,,,1044,sloven. ,unmapped
1642,,Slov.,52720,pok,,,33510,ščę̂t,,Bürste,,0,,,,"TD, AMB",AMB,07_23_2025_1516,,,1065,sloven. ,unmapped
1692,,Slov.,53206,pok,,,33996,člện,,"Gelenk, Glied",,0,,,,"TD, AMB",AMB,07_23_2025_1516,,,1088,sloven. ,unmapped
1860,,Slov.,56368,pok,,,37158,lúč,,Lichtspan; Lichtspäne (Pl.),,0,,,,"TD, AMB",AMB,07_23_2025_1516,,,1193,sloven. ,unmapped
1953,,Slov.,58175,pok,,,38965,mláto,,Malztreber,,0,,,,"TD, AMB",AMB,07_23_2025_1516,,,1256,sloven. ,unmapped
1953,,Slov.,58176,pok,,,38966,mláta ,,Malztreber,,0,,,,"TD, AMB",AMB,07_23_2025_1516,,,1256,sloven. ,unmapped
2133,,Slov.,61101,pok,,,41891,po-ndrẹ́ti ,,untertauchen,,0,,,,"TD, AMB",AMB,07_23_2025_1516,,,1375,sloven. ,unmapped
176,,Slov.,62391,pok,,,43181,pâz,,Fuge,,0,,,,"TD, AMB",AMB,07_23_2025_1516,,,1441,sloven. ,unmapped
176,,Slov.,62392,pok,,,43182,pâž,,Bretterwand,,0,,,,"TD, AMB",AMB,07_23_2025_1516,,,1441,sloven. ,unmapped
2319,,Slov.,64633,pok,,,45423,pr̂h,,"Staub, Asche",,0,,,,"TD, AMB",AMB,07_23_2025_1516,,,1500,sloven. ,unmapped
2320,,Slov.,64634,pok,,,45424,pŕhati ,,"streuen, stieben",,0,,,,"TD, AMB",AMB,07_23_2025_1516,,,1500,sloven. ,unmapped
2347,,Slov.,64997,pok,,,45787,pezdë́ti,,leise einen streichen lassen,,0,,,,"TD, AMB",AMB,07_23_2025_1516,,,1515,sloven. ,unmapped
2705,,Slov.,71064,pok,,,51854,skála,,assula tenuis; Lichtspan,,0,,,,"TD, AMB",AMB,07_23_2025_1516,,,1721,sloven. ,unmapped
2705,,Slov.,71068,pok,,,51858,ščalja,,Splitter,,0,,,,"TD, AMB",AMB,07_23_2025_1516,,,1721,sloven. ,unmapped
2717,,Slov.,71485,pok,,,52275,ščáp,,Stock,,0,,,,"TD, AMB",AMB,07_23_2025_1516,,,1733,sloven. ,unmapped
2727,,Slov.,71720,pok,,,52510,u-kroknem,,sich krümmen,,0,,,,"TD, AMB",AMB,07_23_2025_1516,,,1736,sloven. ,unmapped
2727,,Slov.,71721,pok,,,52511,u-kročiti,,sich krümmen,,0,,,,"TD, AMB",AMB,07_23_2025_1516,,,1736,sloven. ,unmapped
2732,,Slov.,71874,pok,,,52664,krúliti,,"verstümmeln, rings behacken",,0,,,,"TD, AMB",AMB,07_23_2025_1516,,,1736,sloven. ,unmapped
2740,,Slov.,72211,pok,,,53001,črė́slo,,Gerberlohe,,0,,,,"TD, AMB",AMB,07_23_2025_1516,,,1737,sloven. ,unmapped
2781,,Slov.,73345,pok,,,54135,preslệgast,,"fadenscheinig, kahl",,0,,,,"TD, AMB",AMB,07_23_2025_1516,,,1768,sloven. ,unmapped
2880,,Slov.,74975,pok,,,55765,oplẹ̀n,,Wagengipfenholz,,0,,,,"TD, AMB",AMB,07_23_2025_1516,,,1828,sloven. ,unmapped
2920,,Slov.,75821,pok,,,56611,srẹ́bati,,schlürfen,,0,,,,"TD, AMB",AMB,07_23_2025_1516,,,1858,sloven. ,unmapped
3344,,Slov.,83225,pok,,,64010,vitika,,Ring,,0,,,,"TD, AMB",AMB,07_23_2025_1516,,,2105,sloven. ,unmapped
3426,,Slov.,85261,pok,,,66046,vrzēl,,"Zaun, Hecke",,0,,,,"TD, AMB",AMB,07_23_2025_1516,,,2155,sloven. ,
544,,Slovinc.,30341,pok,,,11115,drẽvnø,,Holz,,0,,,,"TD, AMB",AMB,07_23_2025_1516,,,349,slovz. ,unmapped
1436,,Slovinc.,49421,pok,,,30195,krẽk,,Rabe,,0,,,,"TD, AMB",AMB,07_23_2025_1516,,,918,slovz. ,unmapped
1815,,Slovinc.,55497,pok,,,36287,lą̃go,,biegsam,,0,,,,"TD, AMB",AMB,07_23_2025_1516,,,1164,slovz. ,unmapped
1815,,Slovinc.,55498,pok,,,36288,lągãc ,,"biegen, krümmen",,0,,,,"TD, AMB",AMB,07_23_2025_1516,,,1164,slovz. ,unmapped
10439,3123,LVed.,8166,liv,1063,,8166,toṣayati,éi̯e-causative–iterative,stellt zufrieden,,1,Sū.,Sū.,?spätved. (Sū.) toṣayati ‘stellt zufrieden’,"TD, AMB",AMB,07_23_2025_1516,2261,éi̯e-causative–iterative,,spätved,unmapped
2849,,SBal.,74441,pok,,,55231,nōd ,,"leichtes Gewölk, Nebel, Regenwolke’",,0,,,,"TD, AMB",AMB,07_23_2025_1516,,,1814,südbaluči ,unmapped
3252,,Theb.,81794,pok,,,62579,σάκτᾱς,,Arzt,,0,,,,"TD, AMB",AMB,07_23_2025_1516,,,2049,theban. ,unmapped
3366,,Thess.,84058,pok,,,64843,ϝεκέδαμος,,,,0,,,,"TD, AMB",AMB,07_23_2025_1516,,,2123,thes. ,unmapped
3510,,Thur.,86702,pok,,,67487,weps-chen,,Wespe,,0,,,,"TD, AMB",AMB,07_23_2025_1516,,,2209,thür.,unmapped
3510,,Thur.,86703,pok,,,67488,wewetz-chen,,Wespe,,0,,,,"TD, AMB",AMB,07_23_2025_1516,,,2209,thür.,unmapped
2988,,Thur.,77192,pok,,,57982,storchen,,wie ein Storch gehen,,0,,,,"TD, AMB",AMB,07_23_2025_1516,,,1889,thüring. ,unmapped
3294,,Toch.,82399,pok,,,63184,wāk- ,,"sich spalten; spalten, unterscheiden (Kaus.)",,0,,,,"TD, AMB",AMB,07_23_2025_1516,,,2075,tochar. ,
3294,,Toch.,82400,pok,,,63185,wākäm ,,"Besonderheit, Vorzug",,0,,,,"TD, AMB",AMB,07_23_2025_1516,,,2075,tochar. ,
3480,,Tsak.,86157,pok,,,66942,vanna,,Lamm,,0,,,,"TD, AMB",AMB,07_23_2025_1516,,,2183,tsakon. ,unmapped
3414,,Ukr.,85134,pok,,,65919,vermányi,,rot,,0,,,,"TD, AMB",AMB,07_23_2025_1516,,,2151,ukrain. ,unmapped
2529,,Umbr.,67698,pok,,,48488,rofu,,rubros,,0,,,,"TD, AMB",AMB,07_23_2025_1516,,,1626,umu.,unmapped
1008,,Gk.,41612,pok,,,22386,γαβαλάν,,ἐγκέφαλονἤ κεφαλήν,,1,,,,"TD, AMB",AMB,07_23_2025_1516,,,625,unklar,unmapped
6771,389,Ved.,271,liv,32,,271,búbodhati,perfect,soll beachten,should pay attention,0,7b,7b,"ved. Konj. búbodhati ‘soll beachten’, Ptz. Med. bubudhāná- ‘erwacht’{7b}","TD, AMB",AMB,07_23_2025_1516,272,perfect,,ved,
6771,389,Ved.,272,liv,32,,272,bubudhāná-,perfect,erwacht,awakens,0,,,"ved. Konj. búbodhati ‘soll beachten’, Ptz. Med. bubudhāná- ‘erwacht’{7b}","TD, AMB",AMB,07_23_2025_1516,272,perfect,,ved,
8342,1543,Ved.,3680,liv,473,,3680,śreṣāma,s-aorist,sollen (ans Herz) legen,,0,17,"17: Vgl. NARTEN 259-60; aśrait AV ist verdeutlicht aus Wurzelaorist aśret, s. NARTEN 260.","ved. Konj. śreṣāma RV 4,43,1 ‘sollen (ans Herz) legen’{17}","TD, AMB",AMB,07_23_2025_1516,1114,s-aorist,,ved,
5819,2360,Waig.,16584,nil,149,,7568,puċ,? *pe/ou̯k̑-ih₂-,ein Nadelbaum Kiefer,,0,,,,"TD, AMB",AMB,07_23_2025_1516,,,,waigali,
5819,2360,Waig.,16585,nil,149,,7569,püċ,? *pe/ou̯k̑-ih₂-,ein Nadelbaum Kiefer,,0,,,,"TD, AMB",AMB,07_23_2025_1516,,,,waigali,
3931,572,Wakh.,10035,nil,17,,1019,δet-,,gab,,0,,,,"TD, AMB",AMB,07_23_2025_1516,,,,waxi,
4013,572,Wakh.,10035,nil,17,,1019,δet-,,gab,,0,,,,"TD, AMB",AMB,07_23_2025_1516,,,,waxi,
4629,572,Wakh.,10035,nil,17,,1019,δet-,,gab,,0,,,,"TD, AMB",AMB,07_23_2025_1516,,,,waxi,
4716,572,Wakh.,10035,nil,17,,1019,δet-,,gab,,0,,,,"TD, AMB",AMB,07_23_2025_1516,,,,waxi,
5687,572,Wakh.,10035,nil,17,,1019,δet-,,gab,,0,,,,"TD, AMB",AMB,07_23_2025_1516,,,,waxi,
5705,572,Wakh.,10035,nil,17,,1019,δet-,,gab,,0,,,,"TD, AMB",AMB,07_23_2025_1516,,,,waxi,
5933,572,Wakh.,10035,nil,17,,1019,δet-,,gab,,0,,,,"TD, AMB",AMB,07_23_2025_1516,,,,waxi,
4184,923,Wakh.,11155,nil,33,,2139,zəmā́n,*ĝn̥h₁-mén-,Kind,,0,,,,"TD, AMB",AMB,07_23_2025_1516,,,,waxi,
4962,221,Wakh.,14038,nil,83,,5022,yišīɣ̌,*h₂au̯s-os-,Morgenfrühe,,0,,,,"TD, AMB",AMB,07_23_2025_1516,,,,waxi ,
5046,221,Wakh.,14038,nil,83,,5022,yišīɣ̌,*h₂au̯s-os-,Morgenfrühe,,0,,,,"TD, AMB",AMB,07_23_2025_1516,,,,waxi ,
5651,2136,Wakh.,15981,nil,136,,6965,naγd ,ˣnókʷ-t-,Nacht,,0,,,,"TD, AMB",AMB,07_23_2025_1516,,,,waxi ,
6422,3085,Wakh.,18511,nil,190,,9495,udə́,*sup-tó-,eingeschlafen,,0,,,,"TD, AMB",AMB,07_23_2025_1516,,,,waxi ,
4956,2227,Wakh.,13785,nil,76,,4769,yobč,*h₂ē/ō̆u̯-i-ko/ah₂-,Schafe,,0,,,,"TD, AMB",AMB,07_23_2025_1516,,,,waxī,
4956,2227,Wakh.,13786,nil,76,,4770,yopč,*h₂ē/ō̆u̯-i-ko/ah₂-,Schafe,,0,,,,"TD, AMB",AMB,07_23_2025_1516,,,,waxī,
2201,,Venet.,62106,pok,,,42896,ostüakon,,ossuārium,,0,,,,"TD, AMB",AMB,07_23_2025_1516,,,1432,wenat.,
3136,,WPhal.,79659,pok,,,60452,dümmeln,,ersticken,,0,,,,"TD, AMB",AMB,07_23_2025_1516,,,1980,westfal. ,
942,,WFlem.,40184,pok,,,20958,küffe,,schlechte Hütte,,0,,,,"TD, AMB",AMB,07_23_2025_1516,,,580,westfl.,
3461,,WOsset.,85856,pok,,,66641,urux,,weit,,0,,,,"TD, AMB",AMB,07_23_2025_1516,,,2170,westoss.,
3887,487,Yagh.,9879,nil,16,,863,sewir,*dai̯u̯ér-,Bruder des Gatten,,0,,,,"TD, AMB",AMB,07_23_2025_1516,,,,yaγnobī,
3887,487,Yagh.,9880,nil,16,,864,siwir,*dai̯u̯ér-,Bruder des Gatten,,0,,,,"TD, AMB",AMB,07_23_2025_1516,,,,yaγnobī,
2917,,ODan.,75768,pok,,,56558,splind,,Splitter,,0,,,,"TD, AMB",AMB,07_23_2025_1516,,,1852,ädän.,
2920,,ODan.,75769,pok,,,56559,splinder,,Splitter,,0,,,,"TD, AMB",AMB,07_23_2025_1516,,,1852,ädän.,
2920,,ODan.,75770,pok,,,56560,splinde,,splittern,,0,,,,"TD, AMB",AMB,07_23_2025_1516,,,1852,ädän.,
2783,,ODan.,73400,pok,,,54190,slinderen,,"gleiten, kriechen",,0,,,,"TD, AMB",AMB,07_23_2025_1516,,,1771,ändl.,
7929,152,GAv.,2873,liv,357,,2873,ārōi,perfect,ist zugeteilt,,1,6,"6: Patientiv zum aktiven Präsens. Ein altes Perf. müßte ‘hat erworben, besitzt’ bedeuten; vgl. KÜMMEL, Perfekt 616-8.",?aav. ārōi ‘ist zugeteilt’{6},"TD, AMB",AMB,07_23_2025_1516,112,perfect,,āav.,
5810,2279,Shug.,16560,nil,147,,7544,a-bōx,*pekʷ-u̯ó-,dumm,,0,,,,"TD, AMB",AMB,07_23_2025_1516,,,,šughni,
6427,3101,Shug.,18549,nil,191,,9533,xǟr,*su̯esr-(i)i̯o/ah₂-,"Neffe, Nichte",,0,,,,"TD, AMB",AMB,07_23_2025_1516,,,,šughni ,
3282,,OPers.,82163,pok,,,62948,upariy,,"über, über - hin, über - hinaus (Akk.); über - hin (Instr); über (Gen.)",,0,,,,"TD, AMB",AMB,07_23_2025_1516,,,2067,аp.,
