lex_ref_link_id,orig_word_id,reflex,gloss_eng,master_lemma,master_entry_str,new_word_id
21714,7280,antarīpa-,island,"antara (अन्तर)","antara (अन्तर) [cf. Goth. anthar, Thema anthara; Lith. antra-s, ‘the second’; Lat. alter].",NULL
50434,41188,kakubhá-,"protruding, towering","kubja (कुब्ज)","kubja (कुब्ज) [cf. nyubja (न्युब्ज) and kanya-kubja (कन्य-कुब्ज); cf. also Lith. kupra, kupotas; Gk. κυϕός, κύπτω; Lat. gibbus, gibba, gibber.]",NULL
52184,46424,kṣiprá-ḥ,quick,"kṣipra (क्षिप्र)","[cf. Gk. κραιπνός]",NULL
60058,80244,nas-ṓḥ,nose,"nas (नस्)","nas (नस्) [cf. nāsā (नासा), nāsikā (नासिका); Lat. nas-turcium, nāres; Lith. nósis; Slav. nosǔ; Germ. Nase; Angl.Sax. nosu; Eng. nose, nostril = nose-thrill, nose-hole.]",NULL
56348,119573,mádati,"surge, bubble, be merry","mad (मद्)","2. mad (मद्) (cf. √ mand (मन्द्)) cl. 4. P. (Dhātup. xxvi, 99) mādyáti (माद्यति॑) (ep. also °te (°ते); Ved. also cl. 1. P. Ā. madati (मदति), °te (°ते); cl. 3. P. mamattí (ममत्ति), °ttu (°त्तु), mamadát (ममदत्), amámaduḥ (अममदु॑ः); Ved. Impv. matsí (मत्सि), °sva (°स्व); pf. mamādá (ममाद); aor. amādiṣuḥ (अमादिषुः), amatsuḥ (अमत्सुः), amatta (अमत्त); Subj. matsáti (मत्सति), °sat (°सत्); fut. maditā (मदिता), madiṣyati (मदिष्यति) Gr.; Ved. inf. maditos (मदितोस्)), to rejoice, be glad, exult, delight or revel in (instr. gen. loc., rarely acc.), be drunk (also fig.) with (instr.), RV. &amp;c. &amp;c.; to enjoy heavenly bliss (said of gods and deceased ancestors), RV.; TBr.; to boil, bubble (as water), RV.; TS.; ŚBr.; Hariv.; to gladden, exhilarate, intoxicate, animate, inspire, RV. : Caus. mādayáti (मादयति) or madayáti (मदयति), °te (°ते) (Dhātup. xxxiii, 31, xix, 54; aor. amī́madat (अमी॑मदत्) or amamadat (अममदत्); Ved. inf. mādayadhyái (मादयध्यै)), to gladden, delight, satisfy, exhilarate, intoxicate, inflame, inspire, RV. &amp;c. &amp;c.; (Ā.) to be glad, rejoice, be pleased or happy or at ease, RV.; VS.; Kauś.; (Ā.) to enjoy heavenly bliss, RV.; TBr.; BhP. : Desid. mimadiṣati (मिमदिषति) Gr.: Intens. māmadyate (मामद्यते), māmatti (मामत्ति), ib.",NULL
56349,119573,mádate,"surge, bubble, be merry","mad (मद्)","2. mad (मद्) (cf. √ mand (मन्द्)) cl. 4. P. (Dhātup. xxvi, 99) mādyáti (माद्यति॑) (ep. also °te (°ते); Ved. also cl. 1. P. Ā. madati (मदति), °te (°ते); cl. 3. P. mamattí (ममत्ति), °ttu (°त्तु), mamadát (ममदत्), amámaduḥ (अममदु॑ः); Ved. Impv. matsí (मत्सि), °sva (°स्व); pf. mamādá (ममाद); aor. amādiṣuḥ (अमादिषुः), amatsuḥ (अमत्सुः), amatta (अमत्त); Subj. matsáti (मत्सति), °sat (°सत्); fut. maditā (मदिता), madiṣyati (मदिष्यति) Gr.; Ved. inf. maditos (मदितोस्)), to rejoice, be glad, exult, delight or revel in (instr. gen. loc., rarely acc.), be drunk (also fig.) with (instr.), RV. &amp;c. &amp;c.; to enjoy heavenly bliss (said of gods and deceased ancestors), RV.; TBr.; to boil, bubble (as water), RV.; TS.; ŚBr.; Hariv.; to gladden, exhilarate, intoxicate, animate, inspire, RV. : Caus. mādayáti (मादयति) or madayáti (मदयति), °te (°ते) (Dhātup. xxxiii, 31, xix, 54; aor. amī́madat (अमी॑मदत्) or amamadat (अममदत्); Ved. inf. mādayadhyái (मादयध्यै)), to gladden, delight, satisfy, exhilarate, intoxicate, inflame, inspire, RV. &amp;c. &amp;c.; (Ā.) to be glad, rejoice, be pleased or happy or at ease, RV.; VS.; Kauś.; (Ā.) to enjoy heavenly bliss, RV.; TBr.; BhP. : Desid. mimadiṣati (मिमदिषति) Gr.: Intens. māmadyate (मामद्यते), māmatti (मामत्ति), ib.",NULL
56350,119573,mā́dyati,"surge, bubble, be merry","mad (मद्)","2. mad (मद्) (cf. √ mand (मन्द्)) cl. 4. P. (Dhātup. xxvi, 99) mādyáti (माद्यति॑) (ep. also °te (°ते); Ved. also cl. 1. P. Ā. madati (मदति), °te (°ते); cl. 3. P. mamattí (ममत्ति), °ttu (°त्तु), mamadát (ममदत्), amámaduḥ (अममदु॑ः); Ved. Impv. matsí (मत्सि), °sva (°स्व); pf. mamādá (ममाद); aor. amādiṣuḥ (अमादिषुः), amatsuḥ (अमत्सुः), amatta (अमत्त); Subj. matsáti (मत्सति), °sat (°सत्); fut. maditā (मदिता), madiṣyati (मदिष्यति) Gr.; Ved. inf. maditos (मदितोस्)), to rejoice, be glad, exult, delight or revel in (instr. gen. loc., rarely acc.), be drunk (also fig.) with (instr.), RV. &amp;c. &amp;c.; to enjoy heavenly bliss (said of gods and deceased ancestors), RV.; TBr.; to boil, bubble (as water), RV.; TS.; ŚBr.; Hariv.; to gladden, exhilarate, intoxicate, animate, inspire, RV. : Caus. mādayáti (मादयति) or madayáti (मदयति), °te (°ते) (Dhātup. xxxiii, 31, xix, 54; aor. amī́madat (अमी॑मदत्) or amamadat (अममदत्); Ved. inf. mādayadhyái (मादयध्यै)), to gladden, delight, satisfy, exhilarate, intoxicate, inflame, inspire, RV. &amp;c. &amp;c.; (Ā.) to be glad, rejoice, be pleased or happy or at ease, RV.; VS.; Kauś.; (Ā.) to enjoy heavenly bliss, RV.; TBr.; BhP. : Desid. mimadiṣati (मिमदिषति) Gr.: Intens. māmadyate (मामद्यते), māmatti (मामत्ति), ib.",NULL
56351,119573,mamátti,"surge, bubble, be merry","mad (मद्)","2. mad (मद्) (cf. √ mand (मन्द्)) cl. 4. P. (Dhātup. xxvi, 99) mādyáti (माद्यति॑) (ep. also °te (°ते); Ved. also cl. 1. P. Ā. madati (मदति), °te (°ते); cl. 3. P. mamattí (ममत्ति), °ttu (°त्तु), mamadát (ममदत्), amámaduḥ (अममदु॑ः); Ved. Impv. matsí (मत्सि), °sva (°स्व); pf. mamādá (ममाद); aor. amādiṣuḥ (अमादिषुः), amatsuḥ (अमत्सुः), amatta (अमत्त); Subj. matsáti (मत्सति), °sat (°सत्); fut. maditā (मदिता), madiṣyati (मदिष्यति) Gr.; Ved. inf. maditos (मदितोस्)), to rejoice, be glad, exult, delight or revel in (instr. gen. loc., rarely acc.), be drunk (also fig.) with (instr.), RV. &amp;c. &amp;c.; to enjoy heavenly bliss (said of gods and deceased ancestors), RV.; TBr.; to boil, bubble (as water), RV.; TS.; ŚBr.; Hariv.; to gladden, exhilarate, intoxicate, animate, inspire, RV. : Caus. mādayáti (मादयति) or madayáti (मदयति), °te (°ते) (Dhātup. xxxiii, 31, xix, 54; aor. amī́madat (अमी॑मदत्) or amamadat (अममदत्); Ved. inf. mādayadhyái (मादयध्यै)), to gladden, delight, satisfy, exhilarate, intoxicate, inflame, inspire, RV. &amp;c. &amp;c.; (Ā.) to be glad, rejoice, be pleased or happy or at ease, RV.; VS.; Kauś.; (Ā.) to enjoy heavenly bliss, RV.; TBr.; BhP. : Desid. mimadiṣati (मिमदिषति) Gr.: Intens. māmadyate (मामद्यते), māmatti (मामत्ति), ib.",NULL
84335,143453,"vápati ","throws, scatters (the seed)","vap (वप्)","2. vap (वप्) cl. 1. P. Ā. (Dhātup. xxiii, 34) vapáti (वपति), °te (°ते) (Pot. upet (उपेत्), GṛS.; pf. uvāpa (उवाप), ūpuḥ (ऊपुः); ūpe (ऊपे), RV. &amp;c.; vavāpa (ववाप), MBh.; -vepe (-वेपे), Kāś. on Pāṇ. vi, 4, 120; aor. avā (अवा)psIt, Br. &amp;c.;avapta (अवप्त) Gr.; Pot. upyāt (उप्यात्), ib.; fut. vaptā (वप्ता), ib.; vapsyatí (वप्स्यति), Br.; vapiṣyati (वपिष्यति), MBh. &amp;c.; inf. vaptum (वप्तुम्) Gr.; ind.p. uptvā (उप्त्वा), MBh.; -upyá (-उप्य), RV. &amp;c.), to strew, scatter (esp. seed), sow, bestrew, RV. &amp;c. &amp;c.; to throw, cast (dice), ib.; to procreate, beget (see vapus (वपुस्) and 2. vaptṛ (वप्तृ)); to throw or heap up, dam up, AV. : Pass. upyaté (उप्यते) (aor. vāpi (वापि), Br.), to be strewn or sown, RV. &amp;c. &amp;c.: Caus. vāpayati (वापयति) (aor. avīvapat (अवीवपत्) Gr.) to sow, plant, put in the ground, MBh. : Desid. vivapsati (विवप्सति), °te (°ते) Gr.: Intens. vāvapyate (वावप्यते), vāvapti (वावप्ति), ib.",NULL
84343,143453,"vāpayati ",NULL,"vap (वप्)","2. vap (वप्) cl. 1. P. Ā. (Dhātup. xxiii, 34) vapáti (वपति), °te (°ते) (Pot. upet (उपेत्), GṛS.; pf. uvāpa (उवाप), ūpuḥ (ऊपुः); ūpe (ऊपे), RV. &amp;c.; vavāpa (ववाप), MBh.; -vepe (-वेपे), Kāś. on Pāṇ. vi, 4, 120; aor. avā (अवा)psIt, Br. &amp;c.;avapta (अवप्त) Gr.; Pot. upyāt (उप्यात्), ib.; fut. vaptā (वप्ता), ib.; vapsyatí (वप्स्यति), Br.; vapiṣyati (वपिष्यति), MBh. &amp;c.; inf. vaptum (वप्तुम्) Gr.; ind.p. uptvā (उप्त्वा), MBh.; -upyá (-उप्य), RV. &amp;c.), to strew, scatter (esp. seed), sow, bestrew, RV. &amp;c. &amp;c.; to throw, cast (dice), ib.; to procreate, beget (see vapus (वपुस्) and 2. vaptṛ (वप्तृ)); to throw or heap up, dam up, AV. : Pass. upyaté (उप्यते) (aor. vāpi (वापि), Br.), to be strewn or sown, RV. &amp;c. &amp;c.: Caus. vāpayati (वापयति) (aor. avīvapat (अवीवपत्) Gr.) to sow, plant, put in the ground, MBh. : Desid. vivapsati (विवप्सति), °te (°ते) Gr.: Intens. vāvapyate (वावप्यते), vāvapti (वावप्ति), ib.",NULL
83198,151564,vip-,"rod, switch","vip (विप्)","vip (विप्) [cf. Lat. vibrare; Goth. weiþan; Germ. wîfen, weifen, Wipfel Eng. whiffle.]",NULL
76390,195347,"sthálā ","earthwork, embankment","sthalā (स्थला)","(sthalā́ (स्थला)), a heap of artificially raised earth, mound, TS.",NULL
41246,200935,jíhītē,"goes up, rides up","hā (हा)","2. hā (हा) (not always separable fr. √ 3. hā (हा)) cl. 3. Ā. (Dhātup. xxv, 7) jihī́te (जिही॑ते) (p. jihā́na (जिहा॑न) [q.v.]; pf. jahire (जहिरे), AV.; aor. ahāsta (अहास्त), RV. &amp;c.; fut. hātā (हाता) Gr.; hāsyate (हास्यते), Br.; MBh.; inf. -hātum (-हातुम्), ib.; ind.p. hātvā (हात्वा) Gr.; -hāyá (-हाय), RV.), to start or spring forward, bound away, give way to (dat.), RV.; to spring or leap upon (?), RV. x, 49, 5; to go or depart or betake one's self to have recourse to (acc.), Nalod. ; to fall or come into any state, Kir. : Pass. hāyate (हायते) (aor. ahāyi (अहायि)) Gr.: Caus. hāpayati (हापयति) (aor. ajīhapat (अजीहपत्)), ib. : Desid. jihāsate (जिहासते), ib. : Intens. jahāyate (जहायते), jāhāti (जाहाति), jāheti (जाहेति), ib.",NULL
45162,202861,hválati,"goes astray, stumbles, errs","hval (ह्वल्)","hval (ह्वल्) (cf. √ hvṛ (ह्वृ)) cl. 1. P. (Dhātup. xix, 44) hvaláti (ह्वलति) (mc. also °te (°ते); pf. jahvāla (जह्वाल) aor. ahvālīt (अह्वालीत्) &amp;c., Gr.; inf. hvalítos (ह्वलितो॑स्), ŚBr.; ind.p. -hvālám (-ह्वालम्), ib. &amp;c.), to go crookedly or astray or wrong or deviously, stumble, fall, fail, ŚBr.; Bhaṭṭ. : Caus. hvalayati (ह्वलयति), or hvālayati (ह्वालयति) (the former when prepositions are prefixed ; aor. ajihvalat (अजिह्वलत्)), to cause to tremble, shake, Bhaṭṭ.",NULL
33815,300002,asyā́ḥ,NULL,"a (अ)","4. a (अ)   the base of some pronouns and pronom. forms, in asya (अस्य), atra (अत्र), &c.",NULL
33969,300002,a-,NULL,"a (अ)","4. a (अ)   the base of some pronouns and pronom. forms, in asya (अस्य), atra (अत्र), &c.",NULL
20462,300006,áka-m,"sorrow, pain","aka (अक)","2. a-ka (अ-क)   n. unhappiness, pain, trouble, TS. sin, L.",NULL
33975,300031,a-dyā́,today,"adya (अद्य)","2. a-dya (अ-द्य)   ind. (Ved. adyā (अद्या)) (fr. pronom. base a (अ), this, with dya (द्य) for dyu (द्यु), q.v., Lat. ho-die), to-day now-a-days now.",NULL
35515,300032,ádhi,"over, on","adhi (अधि)","2. adhí (अधि॑)   ind., as a prefix to verbs and nouns, expresses above, over and above, besides. As a separable adverb or preposition (with abl.) Ved. over from above, from from the presence of after, AitUp. for instead of RV. i, 140, 11, (with loc.) Ved. over on at in comparison with (with acc.) over, upon, concerning.",NULL
21200,300044,ánu,"after (temporal w. acc., abl., gen.); after (sequence), towards, along, behind, according to, concerning, against (w. acc.)","anu (अनु)","3. anú (अनु॑)   ind. (as a prefix to verbs and nouns, expresses) after, along, alongside, lengthwise, near to, under, subordinate to, with. (When prefixed to nouns, especially in adverbial compounds), according to, severally, each by each, orderly, methodically, one after another, repeatedly. (As a separable preposition, with accusative) after, along, over, near to, through, to, towards, at, according to, in order, agreeably to, in regard to, inferior to, Pāṇ. i, 4, 86. (As a separable adverb) after, afterwards, thereupon, again, further, then, next.",NULL
21243,300060,ándhaḥ,"soma plant","andhas (अन्धस्)","2. andhás (अन्धस्)   n. (Gk. ἄνθος), a herb the śoma (शोम) plant śoma (शोम) juice, RV.; VS. juice, ŚBr. grassy ground, RV. vii, 96, 2 food, MBh. iii, 13244; BhP.",NULL
21106,300061,anyá-,other,"anya (अन्य)","2. anya (अन्य)   as (अस्), ā (आ), at (अत्) other, different other than, different from, opposed to (abl. or in comp.) another another person one of a number anya anya (अन्य अन्य) or eka anya (एक अन्य), the one, the other anyac ca (अन्यच् च), and another, besides, moreover",NULL
35937,300061,anyá-,other,"anya (अन्य)","2. anya (अन्य)   as (अस्), ā (आ), at (अत्) other, different other than, different from, opposed to (abl. or in comp.) another another person one of a number anya anya (अन्य अन्य) or eka anya (एक अन्य), the one, the other anyac ca (अन्यच् च), and another, besides, moreover",NULL
61450,300111,"ámīti ","oppressed, assures urgently, swears","am (अम्)","3. am (अम्)   amati (अमति), to go, L.; to go to or towards, L.; to serve or honour, L.; to sound, L.;  (Imper. Ā. 2. sg. amīṣva (अमीष्व); aor. āmīt (आमीत्); cf. abhy-√ am (अभ्य्-√ अम्)) to fix, render firm, TS.;  (perf. p. acc. sg. emuṣam (एमुषम्) for emivāṃsám (एमिवांसम्)) to be pernicious or dangerous, RV. viii, 77, 10 : Caus. āmayáti (आमयति) (impf. āmáyat (आमयत्); aor. Subj. āmamat (आममत्)) to be afflicted or sick, RV.; AV.; VS. (cf. an-āmayat (अन्-आमयत्)).",NULL
61454,300111,"ámatē ",oppressed,"am (अम्)","3. am (अम्)   amati (अमति), to go, L.; to go to or towards, L.; to serve or honour, L.; to sound, L.;  (Imper. Ā. 2. sg. amīṣva (अमीष्व); aor. āmīt (आमीत्); cf. abhy-√ am (अभ्य्-√ अम्)) to fix, render firm, TS.;  (perf. p. acc. sg. emuṣam (एमुषम्) for emivāṃsám (एमिवांसम्)) to be pernicious or dangerous, RV. viii, 77, 10 : Caus. āmayáti (आमयति) (impf. āmáyat (आमयत्); aor. Subj. āmamat (आममत्)) to be afflicted or sick, RV.; AV.; VS. (cf. an-āmayat (अन्-आमयत्)).",NULL
61460,300111,āmáyati,"damages; is defective, sick","am (अम्)","3. am (अम्)   amati (अमति), to go, L.; to go to or towards, L.; to serve or honour, L.; to sound, L.;  (Imper. Ā. 2. sg. amīṣva (अमीष्व); aor. āmīt (आमीत्); cf. abhy-√ am (अभ्य्-√ अम्)) to fix, render firm, TS.;  (perf. p. acc. sg. emuṣam (एमुषम्) for emivāṃsám (एमिवांसम्)) to be pernicious or dangerous, RV. viii, 77, 10 : Caus. āmayáti (आमयति) (impf. āmáyat (आमयत्); aor. Subj. āmamat (आममत्)) to be afflicted or sick, RV.; AV.; VS. (cf. an-āmayat (अन्-आमयत्)).",NULL
20454,300150,"áśram ",tear,"aśra (अश्र)","2. aśra (अश्र)   for asra (अस्र) (a tear, blood) q.v.",NULL
28302,300150,aśra-m,tear,"aśra (अश्र)","2. aśra (अश्र)   for asra (अस्र) (a tear, blood) q.v.",NULL
61081,300161,ási-ta-,"dark-colored, black","asita (असित)","2. asíta (असि॑त)   mf(ā (आ); Ved. asíknī (असि॑क्नी))n. (sita (सित), ‘white’, appears to have been formed from this word, which is probably original, and not a compound of a (अ) and sita (सित); cf. asura (असुर) and sura (सुर)), dark-coloured, black, RV. &c. asíta (असि॑त)   m. the planet Saturn, VarBṛS. a poisonous animal (said to be a kind of mouse), L. N. of the lord of darkness and magic, AV.; ŚBr.; ĀśvŚr. of a descendant of khaśyapa (खśयप) (composer of RV. ix, 5-24), named also dhevala (धेवल) [RAnukr.] or āsita (आसित) dhevala (धेवल) [MBh.; Hariv.] N. of a man (with the patron. Vārṣagaṇa (Vāर्ṣअगṇअ)), ŚBr. xiv of a son of bhharata (भ्हरत), R. of a Ṛṣi (Ṛṣइ), Buddh. of a mountain, MBh. iii, 8364; Kathās. (as (अस्)), a black snake, AV. a ṃantra (ंअन्त्र) (saving from snakes), MBh. i, 2188 asita (असित)   (also) the dark half of a lunar month, L. a partic. intoxicating drink, L.",NULL
61082,300161,ási-knī,"dark-colored, black","asita (असित)","2. asíta (असि॑त)   mf(ā (आ); Ved. asíknī (असि॑क्नी))n. (sita (सित), ‘white’, appears to have been formed from this word, which is probably original, and not a compound of a (अ) and sita (सित); cf. asura (असुर) and sura (सुर)), dark-coloured, black, RV. &c. asíta (असि॑त)   m. the planet Saturn, VarBṛS. a poisonous animal (said to be a kind of mouse), L. N. of the lord of darkness and magic, AV.; ŚBr.; ĀśvŚr. of a descendant of khaśyapa (खśयप) (composer of RV. ix, 5-24), named also dhevala (धेवल) [RAnukr.] or āsita (आसित) dhevala (धेवल) [MBh.; Hariv.] N. of a man (with the patron. Vārṣagaṇa (Vāर्ṣअगṇअ)), ŚBr. xiv of a son of bhharata (भ्हरत), R. of a Ṛṣi (Ṛṣइ), Buddh. of a mountain, MBh. iii, 8364; Kathās. (as (अस्)), a black snake, AV. a ṃantra (ंअन्त्र) (saving from snakes), MBh. i, 2188 asita (असित)   (also) the dark half of a lunar month, L. a partic. intoxicating drink, L.",NULL
37202,300163,asra-,blood,"asra (अस्र)","2. asra (अस्र)   n. blood, Ragh. xvi, 15 (cf. asṛ́j (असृ॑ज्).)",NULL
33736,300171,ā,"to, toward","ā (आ)","4. ā (आ)   (as a prefix to verbs, especially of motion, and their derivatives) near, near to, towards (see ā-√ kram (आ-√ क्रम्) &c.; in the Veda (Vएद), of course, the prefix is separable from the verb; in a few cases, RV. i, 10, 11 and v, 64, 5, a verb in the imperative is to be supplied; with roots like gam (गम्), yā (या), and i (इ), ‘to go’, and 1. dā (दा), ‘to give’, it reverses the action; e.g. ā-gacchati (आ-गच्छति), ‘he comes’; ā-datte (आ-दत्ते), ‘he takes’). (As a prep. with a preceding acc.) near to, towards, to, RV. (with a preceding noun in the acc., as joṣám (जोषम्) or varám (वरम्)) for, RV. (with a following acc.) up to … exclusively, AitBr. (with a preceding abl.) from, RV.; AV. out of, from among (e.g. bahubhyá ā (बहुभ्य आ), ‘from among many’), RV. towards (only in asmad ā́ (अस्मद् आ), ‘towards us’), RV. (with a following abl. cf. Pāṇ. ii, 1, 13 & 3, 10) up to, to, as far as, RV.; AV. &c. from, RV. i, 30, 21 (with a preceding loc.) in, at, on RV.; AV. (As an adv. after words expressing a number or degree) fully, really, indeed (e.g. trir ā́ divas (त्रिर् आ॑ दिवस्), ‘quite or fully three times a day’; mahimā vā́m indrā (महिमा वाम् इ॑न्द्रा)gnI pa/nizWa A/,, ‘your greatness, O īndra (ईन्द्र) and āgni (आग्नि), is most praiseworthy indeed’, &c.), RV. (after a subst. or adj.) ‘as, like’, (or it simply strengthens the sense of the preceding word), RV., (after a verb), RV. v, 7, 7; KenaUp. (as a conjunctive particle) moreover, further, and (it is placed either between the two words connected [rarely after the second, RV. x, 16, 11, or after both, RV. x, 92, 8] or, if there are more, after the last [RV. iv, 57, 1 and x, 75, 5]; see also ā (आ)taS ca s.v.) In classical Sanskṛt it may denote the limit ‘to’, ‘until’, ‘as far as’, ‘from’, either not including the object named or including it (sometimes with acc. or abl. or forming an adv.) e.g. ā-maraṇam (आ-मरणम्) or ā-maraṇāt (आ-मरणात्), ‘till death’, Pañcat. (cf. ā-maraṇā (आ-मरणा)nta &c.) ā-gopālā dvijātayaḥ (आ-गोपाला द्विजातयः), ‘the twice-born including the cowherds’, MBh. ii, 531 ā-samudram (आ-समुद्रम्) or ā-samudrāt (आ-समुद्रात्), ‘as far as the ocean’ or ‘from the ocean’ (but not including it) ā-kumāram (आ-कुमारम्), ‘from a child’ or ‘from childhood’ or ‘to a child’ (cf. Lat. a puero), MBh. iii, 1403 ā-kumāram yaśaḥ pāṇineḥ (आ-कुमारम् यशः पाणिनेः), ‘the fame of phāṇini (फ्āṇइनि) extends even to children’ ā (आ)   ājānu-bāhu (आजानु-बाहु) mfn. ‘one whose arms reach down to the knees’, R. i, 1, 12 ā (आ)   (see also ākarṇa- (आकर्ण-) and ājanma- (आजन्म-)) ā (आ)   (cf. ā-jarasam (आ-जरसम्), ā-vyuṣam (आ-व्युषम्), ā-saptama (आ-सप्तम), o (ओ)tsUrya/m.) Prefixed to adj. [rarely to subst.; cf. ā-kopa (आ-कोप)] it implies diminution, Pāṇ. ii, 2, 18 Comm. ‘a little’ e.g. ā-piñjara (आ-पिञ्जर) mfn. a little red, reddish, Ragh. xvi, 51 ā (आ)   (see also ā-pakva (आ-पक्व), o (ओ)zRa, &c.) Some commentaries (e.g. Comm. on Ragh. iii, 8) occasionally give to ā (आ) in this application the meaning samantāt (समन्तात्), ‘all through, completely’, as ā-nīla (आ-नील), ‘blue all round’.",NULL
37159,300215,ā́stē,"he sits","ās (आस्)","2. ās (आस्)   cl. 2. Ā. āsté (आस्ते॑) (and āsáte (आसते॑), AV. xi, 8, 32, &c.; Impv. 2. sg. ās-sva (आस्-स्व), āsva (आस्व), and āsasva (आसस्व); 2. pl. ādhvam (आध्वम्); p. āsāna (आसान), āsat (आसत्) [R.], and āsīna (आसीन) [see below]; āsāṃ-cakre (आसां-चक्रे) [Pāṇ. iii, 1, 87]; āsiṣyate (आसिष्यते); āsiṣṭa (आसिष्ट); āsitum (आसितुम्)) to sit, sit down, rest, lie, RV.; AV.; ŚBr.; Mn.; MBh.; Śak. &c.; to be present; to exist; to inhabit, dwell in; to make one's abode in RV.; AV.; VS.; MBh. &c.; to sit quietly, abide, remain, continue, RV.; AV. &c.; to cease, have an end, Pañcat.; Daś.; Hit. &c.; to solemnize, celebrate; to do anything without interruption; to continue doing anything; to continue in any situation; to last;  (it is used in the sense of ‘continuing’, with a participle, adj., or subst., e.g. etat sāma gāyann āste (एतत् साम गायन्न् आस्ते), ‘he continues singing this verse’; with an indeclinable participle in tvā (त्वा), ya (य), or am (अम्), e.g. upa-rudhya arim āsīta (उप-रुध्य अरिम् आसीत), ‘he should continue blockading the foe’; with an adverb, e.g. tūṣṇīm āste (तूष्णीम् आस्ते), ‘he continues quiet’; sukham āsva (सुखम् आस्व), ‘continue well’; with an inst. case, e.g. sukhenā (सुखेना)ste, ‘he continues well’; with a dat. case, e.g. āstāṃ tuṣṭaye (आस्तां तुष्टये), ‘may it be to your satisfaction’) : Caus. āsayati (आसयति), to cause any one to sit down Comm. on Pāṇ. : Desid. Ā. āsisiṣate (आसिसिषते), ib.;",NULL
37162,300215,ā́satē,"they sit","ās (आस्)","2. ās (आस्)   cl. 2. Ā. āsté (आस्ते॑) (and āsáte (आसते॑), AV. xi, 8, 32, &c.; Impv. 2. sg. ās-sva (आस्-स्व), āsva (आस्व), and āsasva (आसस्व); 2. pl. ādhvam (आध्वम्); p. āsāna (आसान), āsat (आसत्) [R.], and āsīna (आसीन) [see below]; āsāṃ-cakre (आसां-चक्रे) [Pāṇ. iii, 1, 87]; āsiṣyate (आसिष्यते); āsiṣṭa (आसिष्ट); āsitum (आसितुम्)) to sit, sit down, rest, lie, RV.; AV.; ŚBr.; Mn.; MBh.; Śak. &c.; to be present; to exist; to inhabit, dwell in; to make one's abode in RV.; AV.; VS.; MBh. &c.; to sit quietly, abide, remain, continue, RV.; AV. &c.; to cease, have an end, Pañcat.; Daś.; Hit. &c.; to solemnize, celebrate; to do anything without interruption; to continue doing anything; to continue in any situation; to last;  (it is used in the sense of ‘continuing’, with a participle, adj., or subst., e.g. etat sāma gāyann āste (एतत् साम गायन्न् आस्ते), ‘he continues singing this verse’; with an indeclinable participle in tvā (त्वा), ya (य), or am (अम्), e.g. upa-rudhya arim āsīta (उप-रुध्य अरिम् आसीत), ‘he should continue blockading the foe’; with an adverb, e.g. tūṣṇīm āste (तूष्णीम् आस्ते), ‘he continues quiet’; sukham āsva (सुखम् आस्व), ‘continue well’; with an inst. case, e.g. sukhenā (सुखेना)ste, ‘he continues well’; with a dat. case, e.g. āstāṃ tuṣṭaye (आस्तां तुष्टये), ‘may it be to your satisfaction’) : Caus. āsayati (आसयति), to cause any one to sit down Comm. on Pāṇ. : Desid. Ā. āsisiṣate (आसिसिषते), ib.;",NULL
61833,300217,ā́-ḥ,mouth,"ās (आस्)","4. ās (आस्)   n. (?) mouth, face, (only in abl. and instr.) āsas (आसस्) (with the prep. ā (आ)), from mouth to mouth, in close proximity, RV. vii, 99, 7 āsā (आसा) and āsayā (आसया) (generally used as an adv.), before one's eyes by word of mouth personally present in one's own person immediately, RV. vi, 16, 9, &c.",NULL
34524,300226,ḗmi,go,"i (इ)","5. i (इ)   cl. 2. P. etí (एति॑) (Impv. 2. sg. ihi (इहि)) and 1. P. Ā. ayáti (अयति॑), ayate (अयते) [cf. √ ay (अय्)], (pf. iyāya (इयाय) [2. sg. iyathá (इयथ), AV. viii, 1, 10, and iyethá (इयेथ), RV.] fut. eṣyati (एष्यति); aor. aiṣīt (ऐषीत्); inf. etum (एतुम्), etáve (एतवे॑), RV. & AV., etávai (एतवै॑), RV. etós (एतो॑स्), RV. ityai (इत्यै), RV. i, 113, 6; 124, 1) to go, walk; to flow; to blow; to advance, spread, get about; to go to or towards (with acc.), come, RV.; AV.; ŚBr.; MBh.; R.; Hit.; Ragh. &c.; to go away, escape, pass, retire, RV.; AV.; ŚBr.; R.; to arise from, come from, RV.; ChUp.; to return (in this sense only fut.), MBh.; R.;  (with punar (पुनर्)) to come back again, return, MBh.; R.; Pañcat. &c.; to succeed, Mn. iii, 127; to arrive at, reach, obtain, RV.; AV.; ŚBr.; Śak.; Hit. &c.; to fall into, come to; to approach with prayers, gain by asking (cf. ita (इत)); to undertake anything (with acc.); to be employed in, go on with, continue in any condition or relation (with a part. or instr., e.g. asura-rakṣasāni mṛdyamānāni yanti (असुर-रक्षसानि मृद्यमानानि यन्ति), ‘the āsura (आसुर)s and Rakshases are being continually crushed’, ŚBr. i, 1, 4, 14; gavāmayanene (गवामयनेने)yuH, ‘they, were engaged in the [festival called] ghavāmayana (घव्āमयन)’, KātyŚr. xxv, 5, 2); to appear, be, KaṭhUp. : Intens. Ā. īyáte (ईयते॑) (RV. i, 30, 18; p. iyāna (इयान), RV.; inf. iyadhyái (इयध्यै), RV. vi, 20, 8) to go quickly or repeatedly; to come, wander, run, spread, get about, RV.; AV.; VS.; to appear, make one's appearance, RV.; AV.; BṛĀrUp.; to approach any one with requests (with two acc.), ask, request, RV.; AV.: Pass. īyáte (ईयते॑), to be asked or requested, RV.: Caus. āyayati (आययति), to cause to go or escape, Vop.;",NULL
34527,300226,áya-tē,go,"i (इ)","5. i (इ)   cl. 2. P. etí (एति॑) (Impv. 2. sg. ihi (इहि)) and 1. P. Ā. ayáti (अयति॑), ayate (अयते) [cf. √ ay (अय्)], (pf. iyāya (इयाय) [2. sg. iyathá (इयथ), AV. viii, 1, 10, and iyethá (इयेथ), RV.] fut. eṣyati (एष्यति); aor. aiṣīt (ऐषीत्); inf. etum (एतुम्), etáve (एतवे॑), RV. & AV., etávai (एतवै॑), RV. etós (एतो॑स्), RV. ityai (इत्यै), RV. i, 113, 6; 124, 1) to go, walk; to flow; to blow; to advance, spread, get about; to go to or towards (with acc.), come, RV.; AV.; ŚBr.; MBh.; R.; Hit.; Ragh. &c.; to go away, escape, pass, retire, RV.; AV.; ŚBr.; R.; to arise from, come from, RV.; ChUp.; to return (in this sense only fut.), MBh.; R.;  (with punar (पुनर्)) to come back again, return, MBh.; R.; Pañcat. &c.; to succeed, Mn. iii, 127; to arrive at, reach, obtain, RV.; AV.; ŚBr.; Śak.; Hit. &c.; to fall into, come to; to approach with prayers, gain by asking (cf. ita (इत)); to undertake anything (with acc.); to be employed in, go on with, continue in any condition or relation (with a part. or instr., e.g. asura-rakṣasāni mṛdyamānāni yanti (असुर-रक्षसानि मृद्यमानानि यन्ति), ‘the āsura (आसुर)s and Rakshases are being continually crushed’, ŚBr. i, 1, 4, 14; gavāmayanene (गवामयनेने)yuH, ‘they, were engaged in the [festival called] ghavāmayana (घव्āमयन)’, KātyŚr. xxv, 5, 2); to appear, be, KaṭhUp. : Intens. Ā. īyáte (ईयते॑) (RV. i, 30, 18; p. iyāna (इयान), RV.; inf. iyadhyái (इयध्यै), RV. vi, 20, 8) to go quickly or repeatedly; to come, wander, run, spread, get about, RV.; AV.; VS.; to appear, make one's appearance, RV.; AV.; BṛĀrUp.; to approach any one with requests (with two acc.), ask, request, RV.; AV.: Pass. īyáte (ईयते॑), to be asked or requested, RV.: Caus. āyayati (आययति), to cause to go or escape, Vop.;",NULL
34541,300226,ihí,NULL,"i (इ)","5. i (इ)   cl. 2. P. etí (एति॑) (Impv. 2. sg. ihi (इहि)) and 1. P. Ā. ayáti (अयति॑), ayate (अयते) [cf. √ ay (अय्)], (pf. iyāya (इयाय) [2. sg. iyathá (इयथ), AV. viii, 1, 10, and iyethá (इयेथ), RV.] fut. eṣyati (एष्यति); aor. aiṣīt (ऐषीत्); inf. etum (एतुम्), etáve (एतवे॑), RV. & AV., etávai (एतवै॑), RV. etós (एतो॑स्), RV. ityai (इत्यै), RV. i, 113, 6; 124, 1) to go, walk; to flow; to blow; to advance, spread, get about; to go to or towards (with acc.), come, RV.; AV.; ŚBr.; MBh.; R.; Hit.; Ragh. &c.; to go away, escape, pass, retire, RV.; AV.; ŚBr.; R.; to arise from, come from, RV.; ChUp.; to return (in this sense only fut.), MBh.; R.;  (with punar (पुनर्)) to come back again, return, MBh.; R.; Pañcat. &c.; to succeed, Mn. iii, 127; to arrive at, reach, obtain, RV.; AV.; ŚBr.; Śak.; Hit. &c.; to fall into, come to; to approach with prayers, gain by asking (cf. ita (इत)); to undertake anything (with acc.); to be employed in, go on with, continue in any condition or relation (with a part. or instr., e.g. asura-rakṣasāni mṛdyamānāni yanti (असुर-रक्षसानि मृद्यमानानि यन्ति), ‘the āsura (आसुर)s and Rakshases are being continually crushed’, ŚBr. i, 1, 4, 14; gavāmayanene (गवामयनेने)yuH, ‘they, were engaged in the [festival called] ghavāmayana (घव्āमयन)’, KātyŚr. xxv, 5, 2); to appear, be, KaṭhUp. : Intens. Ā. īyáte (ईयते॑) (RV. i, 30, 18; p. iyāna (इयान), RV.; inf. iyadhyái (इयध्यै), RV. vi, 20, 8) to go quickly or repeatedly; to come, wander, run, spread, get about, RV.; AV.; VS.; to appear, make one's appearance, RV.; AV.; BṛĀrUp.; to approach any one with requests (with two acc.), ask, request, RV.; AV.: Pass. īyáte (ईयते॑), to be asked or requested, RV.: Caus. āyayati (आययति), to cause to go or escape, Vop.;",NULL
34595,300226,étum,NULL,"i (इ)","5. i (इ)   cl. 2. P. etí (एति॑) (Impv. 2. sg. ihi (इहि)) and 1. P. Ā. ayáti (अयति॑), ayate (अयते) [cf. √ ay (अय्)], (pf. iyāya (इयाय) [2. sg. iyathá (इयथ), AV. viii, 1, 10, and iyethá (इयेथ), RV.] fut. eṣyati (एष्यति); aor. aiṣīt (ऐषीत्); inf. etum (एतुम्), etáve (एतवे॑), RV. & AV., etávai (एतवै॑), RV. etós (एतो॑स्), RV. ityai (इत्यै), RV. i, 113, 6; 124, 1) to go, walk; to flow; to blow; to advance, spread, get about; to go to or towards (with acc.), come, RV.; AV.; ŚBr.; MBh.; R.; Hit.; Ragh. &c.; to go away, escape, pass, retire, RV.; AV.; ŚBr.; R.; to arise from, come from, RV.; ChUp.; to return (in this sense only fut.), MBh.; R.;  (with punar (पुनर्)) to come back again, return, MBh.; R.; Pañcat. &c.; to succeed, Mn. iii, 127; to arrive at, reach, obtain, RV.; AV.; ŚBr.; Śak.; Hit. &c.; to fall into, come to; to approach with prayers, gain by asking (cf. ita (इत)); to undertake anything (with acc.); to be employed in, go on with, continue in any condition or relation (with a part. or instr., e.g. asura-rakṣasāni mṛdyamānāni yanti (असुर-रक्षसानि मृद्यमानानि यन्ति), ‘the āsura (आसुर)s and Rakshases are being continually crushed’, ŚBr. i, 1, 4, 14; gavāmayanene (गवामयनेने)yuH, ‘they, were engaged in the [festival called] ghavāmayana (घव्āमयन)’, KātyŚr. xxv, 5, 2); to appear, be, KaṭhUp. : Intens. Ā. īyáte (ईयते॑) (RV. i, 30, 18; p. iyāna (इयान), RV.; inf. iyadhyái (इयध्यै), RV. vi, 20, 8) to go quickly or repeatedly; to come, wander, run, spread, get about, RV.; AV.; VS.; to appear, make one's appearance, RV.; AV.; BṛĀrUp.; to approach any one with requests (with two acc.), ask, request, RV.; AV.: Pass. īyáte (ईयते॑), to be asked or requested, RV.: Caus. āyayati (आययति), to cause to go or escape, Vop.;",NULL
22651,300244,u,"also, on the other hand, in turn, on the contrary","u (उ)","3. u (उ)   ind. an enclitic copula used frequently in the Veda (Vएद)s; (as a particle implying restriction and antithesis, generally after pronominals, prepositions, particles, and before nu (नु) and su (सु), equivalent to) and, also, further; on the other hand (especially in connexion with a relative, e.g. ya u (य उ), he on the contrary who &c.) This particle may serve to give emphasis, like id (इद्) and eva (एव), especially after prepositions or demonstrative pronouns, in conjunction with nu (नु), vai (वै), hi (हि), cid (चिद्), &c. (e.g. ayam ú vām purutamo (अयम् उ वा॑म् पुरुतमो) … johavīti (जोहवीति) [RV. iii, 62, 2], this very person [your worshipper] invokes you &c.) It is especially used in the figure of speech called Anaphora, and particularly when the pronouns are repeated (e.g. tam ú stuṣa indram tam gṛṇīṣe (तम् उ स्तु॑ष इन्द्रम् तम् गृणीषे) [RV. ii, 20, 4], him I praise, īndra (ईन्द्र), him I sing). It may be used in drawing a conclusion, like the English ‘now’ (e.g. tad ú tathā na kuryāt (तद् उ तथा॑ न कुर्यात्) [ŚBr. v, 2, 2, 3], that now he should not do in such a manner), and is frequently found in interrogative sentences (e.g. ka ú tac ciketa (क उ तच् चि॑केत) [RV. i, 164, 48], who, I ask, should know that?) phāṇini (फ्āṇइनि) calls this particle uñ (उञ्) to distinguish it from the interrogative u (उ). In the phada-pāṭha (फद-प्āṭह) it is written ūm (ऊम्). In the classical language u (उ) occurs only after atha (अथ), na (न), and kim (किम्), with a slight modification of the sense, and often only as an expletive (see kim (किम्)); u (उ) — u (उ) or u (उ) — uta (उत), on the one hand — on the other hand; partly — partly; as well — as.",NULL
22657,300248,u-tā,"on the one hand - on the other hand, now - now, both - and; and, also","uta (उत)","2. uta (उत)   ind. and, also, even, or, RV.; AV.; ŚBr.; ChUp. &c. often used for the sake of emphasis, especially at the end of a line after iti (इति) or a verb (e.g. sarva-bhūtāni tam pārtha sadā paribhavanty uta (सर्व-भूतानि तम् पार्थ सदा परिभवन्त्य् उत), all creatures, O king, certainly always despise him, MBh. iii, 1026), MBh.; Bhag. &c. (As an interrogative particle, generally at the beginning of the second or following part of a double interrogation) or, utrum-an (e.g. katham nirṇīyate kiṃ syān niṣkāraṇo bandhur uta viśvāsa-ghātakaḥ (कथम् निर्णीयते किं स्यान् निष्कारणो बन्धुर् उत विश्वास-घातकः), how can it be decided whether he be a friend without a motive or a violator of confidence? Hit.), Kum.; Kathās.; Bhartṛ.; Sāh. &c. in this sense it may be strengthened by āho (आहो) (e.g. kaccit tvam asi mānuṣī utā (कच्चित् त्वम् असि मानुषी उता)ho surANganA, art thou a mortal woman or divine? ṅala (ङल)), or by āho-svit (आहो-स्वित्) (e.g. śālihotraḥ kiṃ nu syād utā (शालिहोत्रः किं नु स्याद् उता)hosvid rAjA nalaH, can it be Śālihotra (Śāलिहोत्र) or king ṅala (ङल)?) Rarely kim (किम्) is repeated before uta (उत) used in this sense (e.g. kim nu svargāt prāptā tasyā rūpeṇa kimutā (किम् नु स्वर्गात् प्राप्ता तस्या रूपेण किमुता)nyAgatA, has she arrived from heaven or has another come in her form? Mṛcch.), Amar.; MBh. &c. (As a particle of wishing, especially at the beginning of a sentence followed by a potential) would that! utinam! (e.g. utā (उता)DIyIta, would that he would read!) (uta (उत) preceded by kim (किम्)) on the contrary, how much more, how much less (e.g. samartho 'si sahasram api jetuṃ kimutai (समर्थो ऽसि सहस्रम् अपि जेतुं किमुतै)kam, thou art able to conquer even a thousand, how much more one, R.), Śak.; Vikr.; Ragh. &c. (uta (उत) preceded by prati (प्रति)) on the contrary, rather (e.g. eṣa pṛṣṭo 'smābhir na jalpati hanti praty-uta pāṣāṇaiḥ (एष पृष्टो ऽस्माभिर् न जल्पति हन्ति प्रत्य्-उत पाषाणैः), this one questioned by us does not speak, but rather throws stones at us), Kathās.; Pañcat. &c. uta vā (उत वा), or else, and (e.g. samudrād uta vā purīṣāt (समुद्राद् उत वा पुरीषात्), from the sea or from the moisture in the air) vā (वा) — uta vā (उत वा) or utā (उता)ho vApi — vā (वा), either — or uta (उत) — uta (उत), both — and (e.g. uta balavān utā (उत बलवान् उता)balaH, both the strong and the weak) kim (किम्) — uta vā (उत वा), whether — or else.",NULL
36279,300308,íy-ar-ti,"sets in motion","ṛ (ऋ)","4. ṛ (ऋ)   cl. 1. 3. 5.P. ṛcchati (ऋच्छति), iyarti (इयर्ति), ṛṇoti (ऋणोति), and ṛṇvati (ऋण्वति) (only Ved.);  āra (आर), ariṣyati (अरिष्यति), ārat (आरत्), and ārṣīt (आर्षीत्), to go, move, rise, tend upwards, RV.; Nir. &c.; to go towards, meet with, fall upon or into, reach, obtain, RV.; AV.; ŚBr.; ChUp.; MBh. &c.; to fall to one's share, occur, befall (with acc.), RV.; AitBr.; ŚBr.; Mn. &c.; to advance towards a foe, attack, invade, ŚBr.; MBh.; Mn.; to hurt, offend, ŚBr. vii; to move, excite, erect, raise, (iyárti vācam (इयर्ति॑ वाचम्), he raises his voice, RV. ii, 42, 2; stomā́n iyarmi (स्तोमा॑न् इयर्मि), I sing hymns, RV. i, 116, 1), RV.; AV. vi, 22, 3 : Caus. arpayati (अर्पयति), to cause to move, throw, cast, AV. x, 9, 1; Ragh. &c.; to cast through, pierce, AV.; to put in or upon, place, insert, fix into or upon, fasten, RV.; Śāk.; Kum.; Bhag. &c.; to place on, apply, Kathās.; Ratnāv.; Ragh. &c.; to direct or turn towards, R.; Bhag. &c.; to deliver up, surrender, offer, reach over, present, give, Yājñ.; Pañcat.; Vikr. &c.; to give back, restore, Mn. viii, 191; Yājñ.; Śak. &c.: Ved. Intens. alarti (अलर्ति), RV. viii, 48, 8;  (2. sg. alarṣi (अलर्षि), RV. viii, 1, 7; Pāṇ. vii, 4, 65); to move or go towards with speed or zeal: Class. Intens. Ā. arāryate (अरार्यते) (Pāṇ. vii, 4, 30), to wander about, hasten towards, Bhaṭṭ.; Pat., Kāś.;",NULL
36282,300308,álarti,"sets in motion","ṛ (ऋ)","4. ṛ (ऋ)   cl. 1. 3. 5.P. ṛcchati (ऋच्छति), iyarti (इयर्ति), ṛṇoti (ऋणोति), and ṛṇvati (ऋण्वति) (only Ved.);  āra (आर), ariṣyati (अरिष्यति), ārat (आरत्), and ārṣīt (आर्षीत्), to go, move, rise, tend upwards, RV.; Nir. &c.; to go towards, meet with, fall upon or into, reach, obtain, RV.; AV.; ŚBr.; ChUp.; MBh. &c.; to fall to one's share, occur, befall (with acc.), RV.; AitBr.; ŚBr.; Mn. &c.; to advance towards a foe, attack, invade, ŚBr.; MBh.; Mn.; to hurt, offend, ŚBr. vii; to move, excite, erect, raise, (iyárti vācam (इयर्ति॑ वाचम्), he raises his voice, RV. ii, 42, 2; stomā́n iyarmi (स्तोमा॑न् इयर्मि), I sing hymns, RV. i, 116, 1), RV.; AV. vi, 22, 3 : Caus. arpayati (अर्पयति), to cause to move, throw, cast, AV. x, 9, 1; Ragh. &c.; to cast through, pierce, AV.; to put in or upon, place, insert, fix into or upon, fasten, RV.; Śāk.; Kum.; Bhag. &c.; to place on, apply, Kathās.; Ratnāv.; Ragh. &c.; to direct or turn towards, R.; Bhag. &c.; to deliver up, surrender, offer, reach over, present, give, Yājñ.; Pañcat.; Vikr. &c.; to give back, restore, Mn. viii, 191; Yājñ.; Śak. &c.: Ved. Intens. alarti (अलर्ति), RV. viii, 48, 8;  (2. sg. alarṣi (अलर्षि), RV. viii, 1, 7; Pāṇ. vii, 4, 65); to move or go towards with speed or zeal: Class. Intens. Ā. arāryate (अरार्यते) (Pāṇ. vii, 4, 30), to wander about, hasten towards, Bhaṭṭ.; Pat., Kāś.;",NULL
36286,300308,āra,"rises, moves","ṛ (ऋ)","4. ṛ (ऋ)   cl. 1. 3. 5.P. ṛcchati (ऋच्छति), iyarti (इयर्ति), ṛṇoti (ऋणोति), and ṛṇvati (ऋण्वति) (only Ved.);  āra (आर), ariṣyati (अरिष्यति), ārat (आरत्), and ārṣīt (आर्षीत्), to go, move, rise, tend upwards, RV.; Nir. &c.; to go towards, meet with, fall upon or into, reach, obtain, RV.; AV.; ŚBr.; ChUp.; MBh. &c.; to fall to one's share, occur, befall (with acc.), RV.; AitBr.; ŚBr.; Mn. &c.; to advance towards a foe, attack, invade, ŚBr.; MBh.; Mn.; to hurt, offend, ŚBr. vii; to move, excite, erect, raise, (iyárti vācam (इयर्ति॑ वाचम्), he raises his voice, RV. ii, 42, 2; stomā́n iyarmi (स्तोमा॑न् इयर्मि), I sing hymns, RV. i, 116, 1), RV.; AV. vi, 22, 3 : Caus. arpayati (अर्पयति), to cause to move, throw, cast, AV. x, 9, 1; Ragh. &c.; to cast through, pierce, AV.; to put in or upon, place, insert, fix into or upon, fasten, RV.; Śāk.; Kum.; Bhag. &c.; to place on, apply, Kathās.; Ratnāv.; Ragh. &c.; to direct or turn towards, R.; Bhag. &c.; to deliver up, surrender, offer, reach over, present, give, Yājñ.; Pañcat.; Vikr. &c.; to give back, restore, Mn. viii, 191; Yājñ.; Śak. &c.: Ved. Intens. alarti (अलर्ति), RV. viii, 48, 8;  (2. sg. alarṣi (अलर्षि), RV. viii, 1, 7; Pāṇ. vii, 4, 65); to move or go towards with speed or zeal: Class. Intens. Ā. arāryate (अरार्यते) (Pāṇ. vii, 4, 30), to wander about, hasten towards, Bhaṭṭ.; Pat., Kāś.;",NULL
36287,300308,ariṣyatí,moves,"ṛ (ऋ)","4. ṛ (ऋ)   cl. 1. 3. 5.P. ṛcchati (ऋच्छति), iyarti (इयर्ति), ṛṇoti (ऋणोति), and ṛṇvati (ऋण्वति) (only Ved.);  āra (आर), ariṣyati (अरिष्यति), ārat (आरत्), and ārṣīt (आर्षीत्), to go, move, rise, tend upwards, RV.; Nir. &c.; to go towards, meet with, fall upon or into, reach, obtain, RV.; AV.; ŚBr.; ChUp.; MBh. &c.; to fall to one's share, occur, befall (with acc.), RV.; AitBr.; ŚBr.; Mn. &c.; to advance towards a foe, attack, invade, ŚBr.; MBh.; Mn.; to hurt, offend, ŚBr. vii; to move, excite, erect, raise, (iyárti vācam (इयर्ति॑ वाचम्), he raises his voice, RV. ii, 42, 2; stomā́n iyarmi (स्तोमा॑न् इयर्मि), I sing hymns, RV. i, 116, 1), RV.; AV. vi, 22, 3 : Caus. arpayati (अर्पयति), to cause to move, throw, cast, AV. x, 9, 1; Ragh. &c.; to cast through, pierce, AV.; to put in or upon, place, insert, fix into or upon, fasten, RV.; Śāk.; Kum.; Bhag. &c.; to place on, apply, Kathās.; Ratnāv.; Ragh. &c.; to direct or turn towards, R.; Bhag. &c.; to deliver up, surrender, offer, reach over, present, give, Yājñ.; Pañcat.; Vikr. &c.; to give back, restore, Mn. viii, 191; Yājñ.; Śak. &c.: Ved. Intens. alarti (अलर्ति), RV. viii, 48, 8;  (2. sg. alarṣi (अलर्षि), RV. viii, 1, 7; Pāṇ. vii, 4, 65); to move or go towards with speed or zeal: Class. Intens. Ā. arāryate (अरार्यते) (Pāṇ. vii, 4, 30), to wander about, hasten towards, Bhaṭṭ.; Pat., Kāś.;",NULL
36296,300308,r̥ccháti,"encounters something, reaches","ṛ (ऋ)","4. ṛ (ऋ)   cl. 1. 3. 5.P. ṛcchati (ऋच्छति), iyarti (इयर्ति), ṛṇoti (ऋणोति), and ṛṇvati (ऋण्वति) (only Ved.);  āra (आर), ariṣyati (अरिष्यति), ārat (आरत्), and ārṣīt (आर्षीत्), to go, move, rise, tend upwards, RV.; Nir. &c.; to go towards, meet with, fall upon or into, reach, obtain, RV.; AV.; ŚBr.; ChUp.; MBh. &c.; to fall to one's share, occur, befall (with acc.), RV.; AitBr.; ŚBr.; Mn. &c.; to advance towards a foe, attack, invade, ŚBr.; MBh.; Mn.; to hurt, offend, ŚBr. vii; to move, excite, erect, raise, (iyárti vācam (इयर्ति॑ वाचम्), he raises his voice, RV. ii, 42, 2; stomā́n iyarmi (स्तोमा॑न् इयर्मि), I sing hymns, RV. i, 116, 1), RV.; AV. vi, 22, 3 : Caus. arpayati (अर्पयति), to cause to move, throw, cast, AV. x, 9, 1; Ragh. &c.; to cast through, pierce, AV.; to put in or upon, place, insert, fix into or upon, fasten, RV.; Śāk.; Kum.; Bhag. &c.; to place on, apply, Kathās.; Ratnāv.; Ragh. &c.; to direct or turn towards, R.; Bhag. &c.; to deliver up, surrender, offer, reach over, present, give, Yājñ.; Pañcat.; Vikr. &c.; to give back, restore, Mn. viii, 191; Yājñ.; Śak. &c.: Ved. Intens. alarti (अलर्ति), RV. viii, 48, 8;  (2. sg. alarṣi (अलर्षि), RV. viii, 1, 7; Pāṇ. vii, 4, 65); to move or go towards with speed or zeal: Class. Intens. Ā. arāryate (अरार्यते) (Pāṇ. vii, 4, 30), to wander about, hasten towards, Bhaṭṭ.; Pat., Kāś.;",NULL
34656,300329,"ḗva- ","course, walk, custom, usage","eva (एव)","2. evá (एव)   mfn. (√ i (इ)), going, moving, speedy, quick, TBr. iii; Uṇ. evá (एव)   (as (अस्)), m. course, way (generally instr. pl.), RV. the earth, world, VS. xv, 4; 5 [Mahīdh.] a horse, RV. i, 158, 3 [Sāy.] evá (एव)   (ās (आस्)), m. pl. way or manner of acting or proceeding, conduct, habit, usage, custom, RV. evá (एव)   m.",NULL
53220,300329,ḗva-,manner,"eva (एव)","2. evá (एव)   mfn. (√ i (इ)), going, moving, speedy, quick, TBr. iii; Uṇ. evá (एव)   (as (अस्)), m. course, way (generally instr. pl.), RV. the earth, world, VS. xv, 4; 5 [Mahīdh.] a horse, RV. i, 158, 3 [Sāy.] evá (एव)   (ās (आस्)), m. pl. way or manner of acting or proceeding, conduct, habit, usage, custom, RV. evá (एव)   m.",NULL
20093,300332,ēṣ̌á-ḥ,"wish, choice","eṣa (एष)","3. eṣá (एष)   mfn. (fr. √ 3. iṣ (इष्)) ifc. seeking, ŚBr. xiii eṣá (एष)   m. the act of seeking or going after, RV. x, 48, 9 (eṣa (एष)), wish, option, RV. i, 180, 4, (cf. svaī (स्वई)za/)",NULL
3856,300361,kālaya-,"drive away, pursue","kal (कल्)","2. kal (कल्)   cl. 10. P. (rarely Ā.) kālayati (कालयति) (°te (°ते)), to push on, drive forward, drive before one's self or away, carry off, MBh.; BhP.; to go after (with hostile intention), persecute, R. iii, 41, 26; to count, tell over, MBh. iii, 14853; to throw, L.; to announce the time (?).",NULL
3920,300361,kālaya-,"drive away, pursue","kal (कल्)","2. kal (कल्)   cl. 10. P. (rarely Ā.) kālayati (कालयति) (°te (°ते)), to push on, drive forward, drive before one's self or away, carry off, MBh.; BhP.; to go after (with hostile intention), persecute, R. iii, 41, 26; to count, tell over, MBh. iii, 14853; to throw, L.; to announce the time (?).",NULL
46259,300370,kā́yamāna-,"fond of","kā (का)","3. kā (का)   = √ kan (कन्) (perf. cake (चके), cakāna (चकान); see kāyámāna (कायमा॑न) s.v.), to seek, desire, yearn, love (with acc. and dat.), RV.; to like, enjoy, be satisfied with (loc. gen. or inst.), RV. : Intens. (p. cākat (चाकत्)) to please, be sought after, be wished for, satisfy, RV. x, 29, 1 (cf. anu- (अनु-), ā- (आ-), saṃ- (सं-) √ 3. kā (का), kāti (काति).)",NULL
46261,300370,cakḗ,"take pleasure in something, love, desire","kā (का)","3. kā (का)   = √ kan (कन्) (perf. cake (चके), cakāna (चकान); see kāyámāna (कायमा॑न) s.v.), to seek, desire, yearn, love (with acc. and dat.), RV.; to like, enjoy, be satisfied with (loc. gen. or inst.), RV. : Intens. (p. cākat (चाकत्)) to please, be sought after, be wished for, satisfy, RV. x, 29, 1 (cf. anu- (अनु-), ā- (आ-), saṃ- (सं-) √ 3. kā (का), kāti (काति).)",NULL
52778,300374,káya-,"body, frame","kāya (काय)","2. kāya (काय)   m. (√ ci (चि), Pāṇ. iii, 3, 41), the body, KātyŚr.; Mn. &c. the trunk of a tree, R. the body of a lute (the whole except the wires), L. assemblage, collection, multitude, SaddhP. principal, capital, Nār.; Bṛh. a house, habitation, L. a butt, mark, L. any object to be attained, L. natural temperament, L.",NULL
53431,300410,kū́,where?,"kū (कू)","2. kū (कू)   ind. (= kva (क्व)) where? RV. v, 74, 1.",NULL
45063,300435,kṣālayati,"washes off","kṣal (क्षल्)","2. kṣal (क्षल्)   (related to √ kṣar (क्षर्)) cl. 10. P. kṣālayati (क्षालयति) to wash, wash off;  purify, cleanse, clean, Śiś. i, 38; Kathās.; Hit.;",NULL
40454,300464,"gavatē ",sounds,"gu (गु)","3. gu (गु)   cl. 1. Ā. gavate (गवते), to sound, Dhātup. xxii, 52 : Intens. Ā. (1. and 3. sg. jogúve (जोगु॑वे), p. jogúvāna (जोगु॑वान)) ‘to cause to sound’, proclaim, RV. i, 61, 14; v, 64, 2; TBr. ii; Kāṭh. xiii, 11 f. : P. (impf. agaṅgūyat (अगङ्गूयत्) for aguṅg° (अगुङ्ग्°)) to shout with joy, TāṇḍyaBr. xiv, 3, 19 (cf. prati- (प्रति-) √ 3. gu (गु) and jogū́ (जोगू॑).)",NULL
40455,300464,"jṓguvē ","make resound loudly, speak loudly","gu (गु)","3. gu (गु)   cl. 1. Ā. gavate (गवते), to sound, Dhātup. xxii, 52 : Intens. Ā. (1. and 3. sg. jogúve (जोगु॑वे), p. jogúvāna (जोगु॑वान)) ‘to cause to sound’, proclaim, RV. i, 61, 14; v, 64, 2; TBr. ii; Kāṭh. xiii, 11 f. : P. (impf. agaṅgūyat (अगङ्गूयत्) for aguṅg° (अगुङ्ग्°)) to shout with joy, TāṇḍyaBr. xiv, 3, 19 (cf. prati- (प्रति-) √ 3. gu (गु) and jogū́ (जोगू॑).)",NULL
44926,300465,"guváti ",defecates,"gu (गु)","4. gu (गु)   (= √ 1. gū (गू), q.v.) cl. 6. P. guvati (गुवति), to void by stool, Dhātup. xxviii, 106 (cf. vi-gūna (वि-गून).)",NULL
44386,300470,giráti,devours,"gṝ (गॄ)","2. gṝ (गॄ)   cl. 6. P. girati (गिरति) or (cf. Pāṇ. viii, 2, 21) gilati (गिलति) (ŚBr. i; MBh.; Suśr.), ep. also Ā. girate (गिरते) (1. sg. girā́mi (गिरा॑मि), AV. vi, 135, 3; perf. jagāra (जगार), RV.; aor. Subj. 3. pl. garan (गरन्), RV. i, 158, 5), to swallow, devour, eat, RV. &c.; to emit or eject from the mouth, MBh. xii, 12872 : Caus. (aor. 2. sg. ajīgar (अजीगर्)) to swallow, RV. i, 163, 7 : Intens. jegilyate (जेगिल्यते), Pāṇ. viii, 2, 20 : Desid. jigariṣati (जिगरिषति), vii, 2, 75;",NULL
44387,300470,giláti,devours,"gṝ (गॄ)","2. gṝ (गॄ)   cl. 6. P. girati (गिरति) or (cf. Pāṇ. viii, 2, 21) gilati (गिलति) (ŚBr. i; MBh.; Suśr.), ep. also Ā. girate (गिरते) (1. sg. girā́mi (गिरा॑मि), AV. vi, 135, 3; perf. jagāra (जगार), RV.; aor. Subj. 3. pl. garan (गरन्), RV. i, 158, 5), to swallow, devour, eat, RV. &c.; to emit or eject from the mouth, MBh. xii, 12872 : Caus. (aor. 2. sg. ajīgar (अजीगर्)) to swallow, RV. i, 163, 7 : Intens. jegilyate (जेगिल्यते), Pāṇ. viii, 2, 20 : Desid. jigariṣati (जिगरिषति), vii, 2, 75;",NULL
44388,300470,gr̥ṇā́ti,devours,"gṝ (गॄ)","2. gṝ (गॄ)   cl. 6. P. girati (गिरति) or (cf. Pāṇ. viii, 2, 21) gilati (गिलति) (ŚBr. i; MBh.; Suśr.), ep. also Ā. girate (गिरते) (1. sg. girā́mi (गिरा॑मि), AV. vi, 135, 3; perf. jagāra (जगार), RV.; aor. Subj. 3. pl. garan (गरन्), RV. i, 158, 5), to swallow, devour, eat, RV. &c.; to emit or eject from the mouth, MBh. xii, 12872 : Caus. (aor. 2. sg. ajīgar (अजीगर्)) to swallow, RV. i, 163, 7 : Intens. jegilyate (जेगिल्यते), Pāṇ. viii, 2, 20 : Desid. jigariṣati (जिगरिषति), vii, 2, 75;",NULL
44389,300470,gariṣyati,NULL,"gṝ (गॄ)","2. gṝ (गॄ)   cl. 6. P. girati (गिरति) or (cf. Pāṇ. viii, 2, 21) gilati (गिलति) (ŚBr. i; MBh.; Suśr.), ep. also Ā. girate (गिरते) (1. sg. girā́mi (गिरा॑मि), AV. vi, 135, 3; perf. jagāra (जगार), RV.; aor. Subj. 3. pl. garan (गरन्), RV. i, 158, 5), to swallow, devour, eat, RV. &c.; to emit or eject from the mouth, MBh. xii, 12872 : Caus. (aor. 2. sg. ajīgar (अजीगर्)) to swallow, RV. i, 163, 7 : Intens. jegilyate (जेगिल्यते), Pāṇ. viii, 2, 20 : Desid. jigariṣati (जिगरिषति), vii, 2, 75;",NULL
46295,300489,can-,"be satisfied, find pleasure","can (चन्)","2. can (चन्)   (cf. √ kan (कन्)), only aor. Subj. 2. du. caniṣṭam (चनिष्टम्) ‘to delight in, be satisfied with (loc.)’, RV. vii, 70, 4;  and 3. sg. caníṣṭhat (चनिष्ठत्) [jan° (जन्°), SV.], ‘to satisfy, please’, RV. viii, 74, 11.",NULL
43196,300511,jakṣiti,"eat, consume","jakṣ (जक्ष्)","2. jakṣ (जक्ष्)   (√ ghas (घस्) redupl.), cl. 2. °kṣiti (°क्षिति) (cf. Pāṇ. vii, 2, 76; 3. pl. °kṣati (°क्षति), vi, 1, 6 and 189; vii, 1, 4; Impv. 2. sg. jagdhi (जग्धि), BhP. iv, 17, 23; impf. (or aor.; cf. iii, 20, 21) ajakṣīt (अजक्षीत्) and °kṣat (°क्षत्) cf. Pāṇ. vii, 3, 98 f.; 3. pl. °kṣur (°क्षुर्), Vop. ix, 28; pf. 3. pl. jajakṣur (जजक्षुर्), Bhaṭṭ. xiii, 28; ind.p. jagdhvā (जग्ध्वा) & °dhvāyá (°ध्वाय) See s.v.; inf. °gdhum (°ग्धुम्)) to wish to eat, BhP. ii, 10, 17; to eat, consume, BhP. (once Ā. iii, 20, 20), Bhaṭṭ.;  cf. pra- (प्र-).",NULL
39363,300528,járatē,"rushes, sounds, crackles, calls","jṝ (जॄ)","2. jṝ (जॄ)   (= √ gṝ (गॄ)) cl. 1. Ā. jaráte (जरते) (p. jarámāṇa (जरमाण)) to crackle (as fire), RV.;  (Naigh. iii, 14) to call out to, address, invoke, praise, RV.;  cf. γῆρυς.",NULL
79332,300542,tañc-,contracts,"tañc (तञ्च्)","2. tañc (तञ्च्)   cl. 7. tanakti (तनक्ति), to contract, Bhaṭṭ. vi, 38;  cf. ā (आ), abhy-ā- (अभ्य्-आ-);  upā (उपा)taNkya;  takman (तक्मन्) and °kra (°क्र).",NULL
76547,300544,tányati,"rushes, sounds, thunders","tan (तन्)","2. tan (तन्)   (= √ stan (स्तन्)) cl. 4. °nyati (°न्यति) (aor. 2. sg. tatanas (ततनस्)) to resound, roar, RV. i, 38, 14; vi, 38, 2;  [cf. τόνος &c.]",NULL
79765,300548,tará-,"crossing over, overcoming","tara (तर)","2. tará (तर)   mfn. (√ tṝ (तॄ); g. pacā (पचा)di) carrying across or beyond, saving (?, said of Śiva (Śइव)), MBh. xii, 10380 ifc. passing over or beyond, W. ‘surpassing, conquering’, see śoka-tara (शोक-तर) cf. rathaṃtara (रथंतर) excelling, w. tará (तर)   m. crossing, passage, RV. ii, 13, 12; viii, 96, 1; Mn. viii, 404 and 407; Yājñ. (ifc.), MBh. xii tará (तर)   m. (a-tara (अ-तर) mfn. ‘impassable’), Bhaṭṭ. vii, 55 (cf. dus- (दुस्-)) tará (तर)   m. ‘excelling, conquering’, see duṣ-ṭará (दुष्-टर), su-tará (सु-तर), dus- (दुस्-) = -paṇya (-पण्य), Mn. viii, 406 a raft, W. a road, L. N. of a magical spell (against evil spirits supposed to possess certain weapons), R. i, 30, 4 fire, W. N. of a man, Rājat. vii, 809",NULL
81137,300561,tú,"but (become an emphasizing and urging particle); you (encl.)","tu (तु)","2. tu (तु)   ind. (never found at the beginning of a sentence or verse; metrically also tū (तू), RV.; cf. Pāṇ. vi, 3, 133) pray! I beg, do, now, then, Lat.dum used (esp. with the Imper.), RV. but (also with eva (एव) or vai (वै) following), AV. iv, 18, 6; TS.; ŚBr. &c. and, Mn. ii, 22 or, i, 68; xi, 202 often incorrectly written for nu (नु), MBh. (i, 6151 B. and C.) sometimes used as a mere expletive ca — na tu (च — न तु) though — still not na — api tu (न — अपि तु) not — but na ca — api tu (न च — अपि तु) not — but kāmaṃ — tu (कामं — तु) though — still kāmaṃ ca — tu (कामं च — तु) though — still kiṃ tu (किं तु) though — still paraṃ tu (परं तु) though — still kāmaṃ — na tu (कामं — न तु) it is true — but not, ere — than bhūyas — na tu (भूयस् — न तु) it is true — but not, ere — than varam — na tu (वरम् — न तु) it is true — but not, ere — than kiṃ tu (किं तु) still, nevertheless na — paraṃ tu (न — परं तु) not — however tu — tu (तु — तु) certainly — but, Hit. i, 2, 33.",NULL
81138,300561,tū́,"but (become an emphasizing and urging particle); you (encl.)","tu (तु)","2. tu (तु)   ind. (never found at the beginning of a sentence or verse; metrically also tū (तू), RV.; cf. Pāṇ. vi, 3, 133) pray! I beg, do, now, then, Lat.dum used (esp. with the Imper.), RV. but (also with eva (एव) or vai (वै) following), AV. iv, 18, 6; TS.; ŚBr. &c. and, Mn. ii, 22 or, i, 68; xi, 202 often incorrectly written for nu (नु), MBh. (i, 6151 B. and C.) sometimes used as a mere expletive ca — na tu (च — न तु) though — still not na — api tu (न — अपि तु) not — but na ca — api tu (न च — अपि तु) not — but kāmaṃ — tu (कामं — तु) though — still kāmaṃ ca — tu (कामं च — तु) though — still kiṃ tu (किं तु) though — still paraṃ tu (परं तु) though — still kāmaṃ — na tu (कामं — न तु) it is true — but not, ere — than bhūyas — na tu (भूयस् — न तु) it is true — but not, ere — than varam — na tu (वरम् — न तु) it is true — but not, ere — than kiṃ tu (किं तु) still, nevertheless na — paraṃ tu (न — परं तु) not — however tu — tu (तु — तु) certainly — but, Hit. i, 2, 33.",NULL
80987,300573,trāsayati,"makes tremble","tras (त्रस्)","2. tras (त्रस्)   cl. 1. trasáti (त्रसति) (Pāṇ. iii, 1, 70), cl. 4. trasyati (त्रस्यति) (MBh. &c.; ep. also Ā.; pf. 3. tatrasur (तत्रसुर्) [BhP. vi] or tresur (त्रेसुर्) [Devīm. ix, 21] Pāṇ. vi, 4, 124) to tremble, quiver, be afraid of (abl. gen., rarely instr.), RV. vi, 14, 4 and (p. f. tarasántī (तरसन्ती)), x, 85, 8; AV. v, 21, 8; ŚBr. &c.: Caus. trāsayati (त्रासयति) (ep. also Ā.) to cause to tremble, frighten, scare, MBh. &c.;",NULL
30660,300582,dattá-ḥ,NULL,"datta (दत्त)","2. datta (दत्त)   mfn. (√ 1. dā (दा)) given, granted, presented, RV. i f., viii, x; AV. &c. placed, extended, W. (with puttra (पुत्त्र)) = °ttrima (°त्त्रिम), MBh. xiii, 2616 datta (दत्त)   m. a short form [Pāṇ. v, 3, 83; Kār.; Pat.] of names so terminating (yajña- (यज्ञ-), deva- (देव-), jaya (जय) &c.) which chiefly are given to Vaiśya (Vअइśय) men, vi, 2, 148; v, 3, 78 ff., Kāś.; Mn. ii, 32; Kull.; Sāh. vi, 141 (Pāṇ. vi, 1, 205, Kāś.) N. of an ascetic, TāṇḍyaBr. xxv, 15, 3 (snake-priest), MBh. xii, 10875; BhP. iv, 19, 6 = °ttā (°त्ता)treya, 1, 15; vi, 15, 14 N. of a son of ṇājādhideya (ण्āज्āद्हिदेय) śūra (श्ūर), Hariv. 2033 of a sage in the 2nd ṃanv-antara (ंअन्व्-अन्तर), 417 of the 7th Vāsudeva (Vāसुदेव), Jain.; L. of the 8th thīrtha-kara (थ्īर्त्ह-कर) of the past ūtsarpiṇī (ऊत्सर्पिṇī), ib. datta (दत्त)   n. a gift, donation, ChUp. v; BhP. i, 5, 22",NULL
28663,300599,dína-m,day,"dina (दिन)","3. diná (दिन)   (accented only, Naigh. i, 9) m. n. (g. ardharcā (अर्धर्चा)di, only occurring as n.) a day, Mn.; Ragh.; Pañcat. &c. (ifc. also in Vedic texts) ifc. f(ā (आ)). , Rājat. i, 347.",NULL
28527,300602,dī́-dē-ti,"shines, gleams; having beautiful shine","dī (दी)","2. dī (दी)   (dīdī (दीदी) or dīdi (दीदि)). cl. 3. P. 3. pl. dīdyati (दीद्यति) (Impv. dīdihi (दीदिहि) and didīhi (दिदीहि), RV.; impf. adī́det (अदी॑देत्), ib.; pf. dīdāya (दीदाय) or (ŚBr.) dīdaya (दीदय); dīdethá (दीदेथ), didiyus (दिदियुस्), ib.; Subj. dīdayáti (दीदयति), °yat (°यत्), ib.; dīdáyat (दीदयत्), RV. x, 30, 4; 95, 12; dīdāyat (दीदायत्), AV. iii, 8, 3; dīdayante (दीदयन्ते), ib. xviii, 3, 23; Prec. dīdyāsam (दीद्यासम्), TBr.; p. Pres. P. dīdíat (दीदि॑अत्) Ā. dīdíāna (दीदि॑आन), p. pf. dīvas (दीवस्)), RV. to shine, be bright; to shine forth, excel, please, be admired, RV.; AV.; Br. ;  bestow upon (loc. or dat.) by shining, RV. ii, 2, 6; i, 93, 10. [Cf. δέατο, δέελος, δῆλος.]",NULL
28528,300602,dīdyati,"shines, gleams; having beautiful shine","dī (दी)","2. dī (दी)   (dīdī (दीदी) or dīdi (दीदि)). cl. 3. P. 3. pl. dīdyati (दीद्यति) (Impv. dīdihi (दीदिहि) and didīhi (दिदीहि), RV.; impf. adī́det (अदी॑देत्), ib.; pf. dīdāya (दीदाय) or (ŚBr.) dīdaya (दीदय); dīdethá (दीदेथ), didiyus (दिदियुस्), ib.; Subj. dīdayáti (दीदयति), °yat (°यत्), ib.; dīdáyat (दीदयत्), RV. x, 30, 4; 95, 12; dīdāyat (दीदायत्), AV. iii, 8, 3; dīdayante (दीदयन्ते), ib. xviii, 3, 23; Prec. dīdyāsam (दीद्यासम्), TBr.; p. Pres. P. dīdíat (दीदि॑अत्) Ā. dīdíāna (दीदि॑आन), p. pf. dīvas (दीवस्)), RV. to shine, be bright; to shine forth, excel, please, be admired, RV.; AV.; Br. ;  bestow upon (loc. or dat.) by shining, RV. ii, 2, 6; i, 93, 10. [Cf. δέατο, δέελος, δῆλος.]",NULL
28529,300602,ádīdēt,"shines, gleams; having beautiful shine","dī (दी)","2. dī (दी)   (dīdī (दीदी) or dīdi (दीदि)). cl. 3. P. 3. pl. dīdyati (दीद्यति) (Impv. dīdihi (दीदिहि) and didīhi (दिदीहि), RV.; impf. adī́det (अदी॑देत्), ib.; pf. dīdāya (दीदाय) or (ŚBr.) dīdaya (दीदय); dīdethá (दीदेथ), didiyus (दिदियुस्), ib.; Subj. dīdayáti (दीदयति), °yat (°यत्), ib.; dīdáyat (दीदयत्), RV. x, 30, 4; 95, 12; dīdāyat (दीदायत्), AV. iii, 8, 3; dīdayante (दीदयन्ते), ib. xviii, 3, 23; Prec. dīdyāsam (दीद्यासम्), TBr.; p. Pres. P. dīdíat (दीदि॑अत्) Ā. dīdíāna (दीदि॑आन), p. pf. dīvas (दीवस्)), RV. to shine, be bright; to shine forth, excel, please, be admired, RV.; AV.; Br. ;  bestow upon (loc. or dat.) by shining, RV. ii, 2, 6; i, 93, 10. [Cf. δέατο, δέελος, δῆλος.]",NULL
28530,300602,didīhí,"shines, gleams; having beautiful shine","dī (दी)","2. dī (दी)   (dīdī (दीदी) or dīdi (दीदि)). cl. 3. P. 3. pl. dīdyati (दीद्यति) (Impv. dīdihi (दीदिहि) and didīhi (दिदीहि), RV.; impf. adī́det (अदी॑देत्), ib.; pf. dīdāya (दीदाय) or (ŚBr.) dīdaya (दीदय); dīdethá (दीदेथ), didiyus (दिदियुस्), ib.; Subj. dīdayáti (दीदयति), °yat (°यत्), ib.; dīdáyat (दीदयत्), RV. x, 30, 4; 95, 12; dīdāyat (दीदायत्), AV. iii, 8, 3; dīdayante (दीदयन्ते), ib. xviii, 3, 23; Prec. dīdyāsam (दीद्यासम्), TBr.; p. Pres. P. dīdíat (दीदि॑अत्) Ā. dīdíāna (दीदि॑आन), p. pf. dīvas (दीवस्)), RV. to shine, be bright; to shine forth, excel, please, be admired, RV.; AV.; Br. ;  bestow upon (loc. or dat.) by shining, RV. ii, 2, 6; i, 93, 10. [Cf. δέατο, δέελος, δῆλος.]",NULL
33333,300610,duháti,milk,"duh (दुह्)","2. duh (दुह्)   (orig. dugh (दुघ्) cf. dughā́na (दुघा॑न), dugha (दुघ) &c., and the initial dh (ध्) of some forms)  cl. 2. P. Ā. dogdhi (दोग्धि); dugdhe (दुग्धे) or duhe (दुहे), RV. &c. (pl. Ā. duhate (दुहते), ix, 19, 5 &c.; duhrate (दुह्रते), i, 134, 6 &c.; duhre (दुह्रे), vii, 101, 1 &c.; impf. P. adhók (अधो॑क्), iii, 19, 7; duhur (दुहुर्), ii, 34, 10 &c.; Ā. adugdha (अदुग्ध) [according to Pāṇ. vii, 3, 73 aor.] pl. aduhran (अदुह्रन्), AV. viii, 10, 14; 3. sg. aduha (अदुह), pl. °hra (°ह्र), MaitrS. [cf. Pāṇ. vii, 1, 8; 41, Kāś.]; Impv. dhukṣva (धुक्ष्व), RV.; AV.; 3 sg. duhām (दुहाम्), RV. i, 164, 27; pl. duhrām (दुह्राम्), °ratā́m (°रताम्), AV.; dhuṅgdhvam (धुङ्ग्ध्वम्), ĀśvŚr.; Subj. dohat (दोहत्) [3. pl. °hān (°हान्), Br.], °hate (°हते), RV.; Pot. duhīyat (दुहीयत्), RV. ii, 11, 21; °yan (°यन्), i, 120, 9; Ā. °hīta (°हीत), ii, 18, 8; p. P. duhat (दुहत्) Ā. duhāna (दुहान), duhā́na (दुहा॑न), and dugh° (दुघ्°), RV.; cl. 6. P. Ā. duhatí (दुहति), °te (°ते), RV. &c.; cl. 4. duhyati (दुह्यति), °te (°ते), MBh.; pf. dudohá (दुदोह) [°hitha (°हिथ), RV. ii, 3, 16], duduhe (दुदुहे), 3. pl. duduhur (दुदुहुर्) [dudūhur (दुदूहुर्), BhP. v, 15, 9] RV. &c.; Ā. duduhre (दुदुह्रे), RV. iii, 57, 2 &c.[ix, 70, 1; SV. °hrire (°ह्रिरे)]; fut. dhokṣyati (धोक्ष्यति), °te (°ते), Pāṇ. viii, 2, 37, Kāś.; aor. adhúkṣat (अधु॑क्षत्), °ṣata (°षत) [3. sg. ix, 2, 3 pl. 110, 8], adukṣat (अदुक्षत्), i, 33, 10; dukṣata (दुक्षत), 3. sg. i, 160, 3; Impv. dhukṣasvá (धुक्षस्व), RV.; Pot. dhukṣīmahí (धुक्षीमहि), TS., i, 6, 4, 3; inf. dogdhum (दोग्धुम्), MBh. &c.; dogdhos (दोग्धोस्), ŚBr.; duhadhyái (दुहध्यै) and dohasé (दोहसे), RV.; ind.p. dugdhvā (दुग्ध्वा), ŚBr.) to milk (a cow or an udder) fig. take advantage of (cf. ἀμέλγεσθαι), enjoy; to milk or squeeze out, extract (milk, śoma (शोम), e.g. any good thing);  draw anything out of another thing (with 2 acc.), RV. &c. &c.;  (mostly Ā.) to give milk, yield any desired object (acc., rarely gen.), RV. &c. &c.: Pass. duhyaté (दुह्यते) aor. adohi (अदोहि) (Pāṇ. iii, 1, 63, Kāś.) to be milked, to be drawn or extracted from, RV.; AV.; MBh. &c.: Caus. dohayáti (दोहयति), °te (°ते) aor. adūduhat (अदूदुहत्) Pass. dohyaté (दोह्यते), to cause to milk or be milked; to milk, milk out, extract, ŚBr.; Vait.; Mn.; BhP. : Desid. dudúkṣati (दुदु॑क्षति) (RV.), dudhukṣati (दुधुक्षति) (Bhartṛ. ii, 38 cf. dudhukṣu (दुधुक्षु)), to wish to milk.",NULL
33334,300610,dógdhi,milks,"duh (दुह्)","2. duh (दुह्)   (orig. dugh (दुघ्) cf. dughā́na (दुघा॑न), dugha (दुघ) &c., and the initial dh (ध्) of some forms)  cl. 2. P. Ā. dogdhi (दोग्धि); dugdhe (दुग्धे) or duhe (दुहे), RV. &c. (pl. Ā. duhate (दुहते), ix, 19, 5 &c.; duhrate (दुह्रते), i, 134, 6 &c.; duhre (दुह्रे), vii, 101, 1 &c.; impf. P. adhók (अधो॑क्), iii, 19, 7; duhur (दुहुर्), ii, 34, 10 &c.; Ā. adugdha (अदुग्ध) [according to Pāṇ. vii, 3, 73 aor.] pl. aduhran (अदुह्रन्), AV. viii, 10, 14; 3. sg. aduha (अदुह), pl. °hra (°ह्र), MaitrS. [cf. Pāṇ. vii, 1, 8; 41, Kāś.]; Impv. dhukṣva (धुक्ष्व), RV.; AV.; 3 sg. duhām (दुहाम्), RV. i, 164, 27; pl. duhrām (दुह्राम्), °ratā́m (°रताम्), AV.; dhuṅgdhvam (धुङ्ग्ध्वम्), ĀśvŚr.; Subj. dohat (दोहत्) [3. pl. °hān (°हान्), Br.], °hate (°हते), RV.; Pot. duhīyat (दुहीयत्), RV. ii, 11, 21; °yan (°यन्), i, 120, 9; Ā. °hīta (°हीत), ii, 18, 8; p. P. duhat (दुहत्) Ā. duhāna (दुहान), duhā́na (दुहा॑न), and dugh° (दुघ्°), RV.; cl. 6. P. Ā. duhatí (दुहति), °te (°ते), RV. &c.; cl. 4. duhyati (दुह्यति), °te (°ते), MBh.; pf. dudohá (दुदोह) [°hitha (°हिथ), RV. ii, 3, 16], duduhe (दुदुहे), 3. pl. duduhur (दुदुहुर्) [dudūhur (दुदूहुर्), BhP. v, 15, 9] RV. &c.; Ā. duduhre (दुदुह्रे), RV. iii, 57, 2 &c.[ix, 70, 1; SV. °hrire (°ह्रिरे)]; fut. dhokṣyati (धोक्ष्यति), °te (°ते), Pāṇ. viii, 2, 37, Kāś.; aor. adhúkṣat (अधु॑क्षत्), °ṣata (°षत) [3. sg. ix, 2, 3 pl. 110, 8], adukṣat (अदुक्षत्), i, 33, 10; dukṣata (दुक्षत), 3. sg. i, 160, 3; Impv. dhukṣasvá (धुक्षस्व), RV.; Pot. dhukṣīmahí (धुक्षीमहि), TS., i, 6, 4, 3; inf. dogdhum (दोग्धुम्), MBh. &c.; dogdhos (दोग्धोस्), ŚBr.; duhadhyái (दुहध्यै) and dohasé (दोहसे), RV.; ind.p. dugdhvā (दुग्ध्वा), ŚBr.) to milk (a cow or an udder) fig. take advantage of (cf. ἀμέλγεσθαι), enjoy; to milk or squeeze out, extract (milk, śoma (शोम), e.g. any good thing);  draw anything out of another thing (with 2 acc.), RV. &c. &c.;  (mostly Ā.) to give milk, yield any desired object (acc., rarely gen.), RV. &c. &c.: Pass. duhyaté (दुह्यते) aor. adohi (अदोहि) (Pāṇ. iii, 1, 63, Kāś.) to be milked, to be drawn or extracted from, RV.; AV.; MBh. &c.: Caus. dohayáti (दोहयति), °te (°ते) aor. adūduhat (अदूदुहत्) Pass. dohyaté (दोह्यते), to cause to milk or be milked; to milk, milk out, extract, ŚBr.; Vait.; Mn.; BhP. : Desid. dudúkṣati (दुदु॑क्षति) (RV.), dudhukṣati (दुधुक्षति) (Bhartṛ. ii, 38 cf. dudhukṣu (दुधुक्षु)), to wish to milk.",NULL
30016,300615,dr̥bháti,"ties together, patches together, winds","dṛbh (दृभ्)","2. dṛbh (दृभ्)   cl. 6. P. dṛbhatí (दृभति) (ŚBr.); 1. 10. P. darbhati (दर्भति) and darbhayati (दर्भयति) (Dhātup. xxxiv, 16), to string or tie together, tie in a bunch.",NULL
29642,300625,"drávati ","runs, also melts away","dru (द्रु)","2. dru (द्रु)   cl. 1. P. (Dhātup. xxii, 47; ep. also Ā.) draváti (द्रवति), °te (°ते), RV. &c. &c. (pf. dudrāva (दुद्राव), Br.; °drotha (°द्रोथ), °druma (°द्रुम), Pāṇ. vii, 2, 13; °druvur (°द्रुवुर्), MBh.; R. &c.; aor. adudruvat (अदुद्रुवत्), Br.; °drot (°द्रोत्), Subj. dudravát (दुद्रवत्), RV.; fut. droṣyati (द्रोष्यति), Br.; inf. -drotum (-द्रोतुम्), Śatr.; ind.p. drutvā (द्रुत्वा) and -drutya (-द्रुत्य), Br.) to run, hasten, flee, RV.; AV.; ŚBr.; MBh.; Kāv. &c.; to run up to (acc.), attack, assault, MBh.; R.; to become fluid, dissolve, melt, Pañc.; Vet.; BhP. : Caus. drāvayáti (द्रावयति) (ep. also °te (°ते); dravayate (द्रवयते) See under drava (द्रव)) to cause to run, make flow, RV. viii, 4, 11; to make fluid, melt, vi, 4, 3; to drive away, put to flight, MBh. (Pass. drāvyate (द्राव्यते), vii, 3515), R.; MBh. : Desid. dudrūṣati (दुद्रूषति) Gr.: Desid. of Caus. dudrā (दुद्रा)vayizati or did° (दिद्°), Pāṇ. vii, 4, 81 : Intens. dodrūyate (दोद्रूयते) or dodroti (दोद्रोति) Gr. (dodrāva (दोद्राव), TS.).",NULL
32110,300632,dhanáyati,"run, race, set in motion","dhan (धन्)","2. dhan (धन्)   cl. 3. P. dadhantí (दधन्ति). (Pāṇ. vi, 1, 192) to cause to run or move quickly (p. dadhanát (दधनत्), dadhanvas (दधन्वस्); Pot. dadhanyur (दधन्युर्), RV.); to bear fruit, Dhātup. xxv, 23 : Caus. dhanayati (धनयति), °te (°ते), to cause to move or run ; to move or run, RV. (cf. dhanv (धन्व्) and dhaníṣṭha (धनिष्ठ)).",NULL
33056,300659,dhvāntá-,dark,"dhvānta (ध्वान्त)","2. dhvānta (ध्वान्त)   mfn. (√ 1. dhvan (ध्वन्) cf. Pāṇ. vii, 2, 18), covered, veiled, dark dhvānta (ध्वान्त)   n. darkness, night, RV.; &c.",NULL
60774,300669,násatē,"joins with, unites with someone","nas (नस्)","2. nas (नस्)   cl. 1. Ā. (Dhātup. xvi, 26) nasáte (नसते) (aor. Pot. nasīmahi (नसीमहि), RV. ii, 16, 8; pf. nese (नेसे); fut. nasitā (नसिता) Gr.) to approach, resort to, join, copulate (esp. as husband and wife), RV.; to be crooked or fraudulent, Dhātup.",NULL
60487,300674,nāśa-,"the coming to nothing","nāśa (नाश)","2. nāśa (नाश)   m. (√ 2. naś (नश्)) the being lost, loss, disappearance, destruction, annihilation, ruin, death, Br.; Mn.; MBh. &c. (ifc. destroying, annihilating, cf. karma-nāśā (कर्म-नाशा), graha-nāśa (ग्रह-नाश), duḥ-svapna-n° (दुः-स्वप्न-न्°)) flight, desertion, W. (arithm.) elimination, ib.",NULL
60838,300696,návatē,"turns, moves","nu (नु)","3. nu (नु)   cl. 1. Ā. navate (नवते) (nauti (नौति) with apa (अप)), to go, Naigh. ii, 14 : Caus. nāvayati (नावयति), to move from the place, remove, ṢaḍvBr.",NULL
60839,300696,nāuti,"turns, moves","nu (नु)","3. nu (नु)   cl. 1. Ā. navate (नवते) (nauti (नौति) with apa (अप)), to go, Naigh. ii, 14 : Caus. nāvayati (नावयति), to move from the place, remove, ṢaḍvBr.",NULL
60840,300696,"nāvayati ","turns, turns around","nu (नु)","3. nu (नु)   cl. 1. Ā. navate (नवते) (nauti (नौति) with apa (अप)), to go, Naigh. ii, 14 : Caus. nāvayati (नावयति), to move from the place, remove, ṢaḍvBr.",NULL
60421,300700,"nēdati ","flows, streams","ned (नेद्)","2. ned (नेद्)   cl. 1. P. nedati (नेदति), to go, flow (cf. ati-ned (अति-नेद्) and Naigh. ii, 14), to censure, blame, Dhātup. xxi, 8 (cf. √ 1. nid (निद्) and nind (निन्द्)); to be near, ib. (prob. an artificial meaning to explain nediṣṭha (नेदिष्ठ) &c.)",NULL
60086,300701,nāu-,"ship, boat","nau (नौ)","2. nau (नौ)   f. a ship, boat, vessel, RV. &c. &c. (in astrol.) N. of a partic. appearance of the moon or of a constellation, Var. = vāc (वाच्), Nir. i, 11 (either because prayer is a vessel leading to heaven or fr. √ 4. nu (नु), ‘to praise’).",NULL
64358,300709,pátati,"flies, throws oneself, falls","pat (पत्)","2. pat (पत्)   cl. 1. P. (Dhātup. xx, 15) patáti (पतति) (ep. also °te (°ते); pf. papāta (पपात), paptima (पप्तिम), petatúr (पेततुर्), paptur (पप्तुर्); paptivas (पप्तिवस्), RV.; papatyāt (पपत्यात्), AV.; aor. apaptat (अपप्तत्), RV.; Pass. apāti (अपाति), Br.; fut. patiṣyatí (पतिष्यति), AV.; °te (°ते), patitā (पतिता), MBh.; Cond. apatiṣyat (अपतिष्यत्), Br.; inf. patitum (पतितुम्), ib. &c. &c.; ind.p. patitvā (पतित्वा), AV.; Br.; -patyá (-पत्य) or -pātám (-पातम्), Br.), to fly, soar, rush on RV. &c. &c.; to fall down or off, alight, descend (with acc. or loc.), fall or sink (with or without adhas (अधस्) or narake (नरके), ‘to go down to hell’; with caraṇau (चरणौ) or °ṇayoḥ (°णयोः), ‘to fall at a person's feet’), Mn.; MBh.; Kāv. &c.; to fall (in a moral sense), lose caste or rank or position, ChUp.; Mn.; Yājñ. &c.; to light or fall upon, fall to a person's share (loc.), MBh.; Kāv. &c.; to fall or get into or among (loc.), Kathās.; Hit.; to occur, come to pass, happen, Pañc. : Caus. patayáti (पतयति), to fly or move rapidly along, RV.; VS.; to speed (trans.; cf. patayat (पतयत्));  °te (°ते), to drive away or throw down (?), RV. i, 169, 7;  pātayáti (पातयति) (ep. also °te (°ते); aor. apīpatat (अपीपतत्), AV.; Pass. pātyate (पात्यते), MBh. &c.), to let fly or cause to fall, to fling, hurl, throw, AV. &c. &c.; to lay low, bring down (lit. and fig.), overthrow, ruin, destroy, MBh.; R. &c. to throw upon or in, lay on (loc.), Kāv.; Suśr.;  (with or scil. ātmānam (आत्मानम्)) to throw one's self, MBh.; Mṛcch.; to cut off (a head), Hariv.; to knock out (teeth), BhP.; to pour out or shed (water, tears), MBh.; Hariv.; to kindle (fire), Pañc.; to cast (dice), Hariv.; Kathās.; to turn, direct, fix (eyes), R.; to impose or inflict (punishment), Mn.; Yājñ.; to set in motion, set on foot, Rājat. v, 173; to seduce to, betray into (loc.), Kathās.;  (with dvedhā (द्वेधा)) to divide in two, ŚBr.; to subtract, Jyot., Sch.;  (Ā.) to rush on, hasten, RV. viii, 46, 8 : Desid. pipatiṣati (पिपतिषति) (AV.; MaitrS.; ŚBr.) and pitsati (पित्सति) (Pāṇ. vii, 4, 54), to be about to fly or fall: Intens. panīpatyate (पनीपत्यते) or pā°patīti (पा°पतीति), Pāṇ. vii, 4, 84.",NULL
64359,300709,patiṣyati,NULL,"pat (पत्)","2. pat (पत्)   cl. 1. P. (Dhātup. xx, 15) patáti (पतति) (ep. also °te (°ते); pf. papāta (पपात), paptima (पप्तिम), petatúr (पेततुर्), paptur (पप्तुर्); paptivas (पप्तिवस्), RV.; papatyāt (पपत्यात्), AV.; aor. apaptat (अपप्तत्), RV.; Pass. apāti (अपाति), Br.; fut. patiṣyatí (पतिष्यति), AV.; °te (°ते), patitā (पतिता), MBh.; Cond. apatiṣyat (अपतिष्यत्), Br.; inf. patitum (पतितुम्), ib. &c. &c.; ind.p. patitvā (पतित्वा), AV.; Br.; -patyá (-पत्य) or -pātám (-पातम्), Br.), to fly, soar, rush on RV. &c. &c.; to fall down or off, alight, descend (with acc. or loc.), fall or sink (with or without adhas (अधस्) or narake (नरके), ‘to go down to hell’; with caraṇau (चरणौ) or °ṇayoḥ (°णयोः), ‘to fall at a person's feet’), Mn.; MBh.; Kāv. &c.; to fall (in a moral sense), lose caste or rank or position, ChUp.; Mn.; Yājñ. &c.; to light or fall upon, fall to a person's share (loc.), MBh.; Kāv. &c.; to fall or get into or among (loc.), Kathās.; Hit.; to occur, come to pass, happen, Pañc. : Caus. patayáti (पतयति), to fly or move rapidly along, RV.; VS.; to speed (trans.; cf. patayat (पतयत्));  °te (°ते), to drive away or throw down (?), RV. i, 169, 7;  pātayáti (पातयति) (ep. also °te (°ते); aor. apīpatat (अपीपतत्), AV.; Pass. pātyate (पात्यते), MBh. &c.), to let fly or cause to fall, to fling, hurl, throw, AV. &c. &c.; to lay low, bring down (lit. and fig.), overthrow, ruin, destroy, MBh.; R. &c. to throw upon or in, lay on (loc.), Kāv.; Suśr.;  (with or scil. ātmānam (आत्मानम्)) to throw one's self, MBh.; Mṛcch.; to cut off (a head), Hariv.; to knock out (teeth), BhP.; to pour out or shed (water, tears), MBh.; Hariv.; to kindle (fire), Pañc.; to cast (dice), Hariv.; Kathās.; to turn, direct, fix (eyes), R.; to impose or inflict (punishment), Mn.; Yājñ.; to set in motion, set on foot, Rājat. v, 173; to seduce to, betray into (loc.), Kathās.;  (with dvedhā (द्वेधा)) to divide in two, ŚBr.; to subtract, Jyot., Sch.;  (Ā.) to rush on, hasten, RV. viii, 46, 8 : Desid. pipatiṣati (पिपतिषति) (AV.; MaitrS.; ŚBr.) and pitsati (पित्सति) (Pāṇ. vii, 4, 54), to be about to fly or fall: Intens. panīpatyate (पनीपत्यते) or pā°patīti (पा°पतीति), Pāṇ. vii, 4, 84.",NULL
64360,300709,pátitum,NULL,"pat (पत्)","2. pat (पत्)   cl. 1. P. (Dhātup. xx, 15) patáti (पतति) (ep. also °te (°ते); pf. papāta (पपात), paptima (पप्तिम), petatúr (पेततुर्), paptur (पप्तुर्); paptivas (पप्तिवस्), RV.; papatyāt (पपत्यात्), AV.; aor. apaptat (अपप्तत्), RV.; Pass. apāti (अपाति), Br.; fut. patiṣyatí (पतिष्यति), AV.; °te (°ते), patitā (पतिता), MBh.; Cond. apatiṣyat (अपतिष्यत्), Br.; inf. patitum (पतितुम्), ib. &c. &c.; ind.p. patitvā (पतित्वा), AV.; Br.; -patyá (-पत्य) or -pātám (-पातम्), Br.), to fly, soar, rush on RV. &c. &c.; to fall down or off, alight, descend (with acc. or loc.), fall or sink (with or without adhas (अधस्) or narake (नरके), ‘to go down to hell’; with caraṇau (चरणौ) or °ṇayoḥ (°णयोः), ‘to fall at a person's feet’), Mn.; MBh.; Kāv. &c.; to fall (in a moral sense), lose caste or rank or position, ChUp.; Mn.; Yājñ. &c.; to light or fall upon, fall to a person's share (loc.), MBh.; Kāv. &c.; to fall or get into or among (loc.), Kathās.; Hit.; to occur, come to pass, happen, Pañc. : Caus. patayáti (पतयति), to fly or move rapidly along, RV.; VS.; to speed (trans.; cf. patayat (पतयत्));  °te (°ते), to drive away or throw down (?), RV. i, 169, 7;  pātayáti (पातयति) (ep. also °te (°ते); aor. apīpatat (अपीपतत्), AV.; Pass. pātyate (पात्यते), MBh. &c.), to let fly or cause to fall, to fling, hurl, throw, AV. &c. &c.; to lay low, bring down (lit. and fig.), overthrow, ruin, destroy, MBh.; R. &c. to throw upon or in, lay on (loc.), Kāv.; Suśr.;  (with or scil. ātmānam (आत्मानम्)) to throw one's self, MBh.; Mṛcch.; to cut off (a head), Hariv.; to knock out (teeth), BhP.; to pour out or shed (water, tears), MBh.; Hariv.; to kindle (fire), Pañc.; to cast (dice), Hariv.; Kathās.; to turn, direct, fix (eyes), R.; to impose or inflict (punishment), Mn.; Yājñ.; to set in motion, set on foot, Rājat. v, 173; to seduce to, betray into (loc.), Kathās.;  (with dvedhā (द्वेधा)) to divide in two, ŚBr.; to subtract, Jyot., Sch.;  (Ā.) to rush on, hasten, RV. viii, 46, 8 : Desid. pipatiṣati (पिपतिषति) (AV.; MaitrS.; ŚBr.) and pitsati (पित्सति) (Pāṇ. vii, 4, 54), to be about to fly or fall: Intens. panīpatyate (पनीपत्यते) or pā°patīti (पा°पतीति), Pāṇ. vii, 4, 84.",NULL
64361,300709,patitá-,NULL,"pat (पत्)","2. pat (पत्)   cl. 1. P. (Dhātup. xx, 15) patáti (पतति) (ep. also °te (°ते); pf. papāta (पपात), paptima (पप्तिम), petatúr (पेततुर्), paptur (पप्तुर्); paptivas (पप्तिवस्), RV.; papatyāt (पपत्यात्), AV.; aor. apaptat (अपप्तत्), RV.; Pass. apāti (अपाति), Br.; fut. patiṣyatí (पतिष्यति), AV.; °te (°ते), patitā (पतिता), MBh.; Cond. apatiṣyat (अपतिष्यत्), Br.; inf. patitum (पतितुम्), ib. &c. &c.; ind.p. patitvā (पतित्वा), AV.; Br.; -patyá (-पत्य) or -pātám (-पातम्), Br.), to fly, soar, rush on RV. &c. &c.; to fall down or off, alight, descend (with acc. or loc.), fall or sink (with or without adhas (अधस्) or narake (नरके), ‘to go down to hell’; with caraṇau (चरणौ) or °ṇayoḥ (°णयोः), ‘to fall at a person's feet’), Mn.; MBh.; Kāv. &c.; to fall (in a moral sense), lose caste or rank or position, ChUp.; Mn.; Yājñ. &c.; to light or fall upon, fall to a person's share (loc.), MBh.; Kāv. &c.; to fall or get into or among (loc.), Kathās.; Hit.; to occur, come to pass, happen, Pañc. : Caus. patayáti (पतयति), to fly or move rapidly along, RV.; VS.; to speed (trans.; cf. patayat (पतयत्));  °te (°ते), to drive away or throw down (?), RV. i, 169, 7;  pātayáti (पातयति) (ep. also °te (°ते); aor. apīpatat (अपीपतत्), AV.; Pass. pātyate (पात्यते), MBh. &c.), to let fly or cause to fall, to fling, hurl, throw, AV. &c. &c.; to lay low, bring down (lit. and fig.), overthrow, ruin, destroy, MBh.; R. &c. to throw upon or in, lay on (loc.), Kāv.; Suśr.;  (with or scil. ātmānam (आत्मानम्)) to throw one's self, MBh.; Mṛcch.; to cut off (a head), Hariv.; to knock out (teeth), BhP.; to pour out or shed (water, tears), MBh.; Hariv.; to kindle (fire), Pañc.; to cast (dice), Hariv.; Kathās.; to turn, direct, fix (eyes), R.; to impose or inflict (punishment), Mn.; Yājñ.; to set in motion, set on foot, Rājat. v, 173; to seduce to, betray into (loc.), Kathās.;  (with dvedhā (द्वेधा)) to divide in two, ŚBr.; to subtract, Jyot., Sch.;  (Ā.) to rush on, hasten, RV. viii, 46, 8 : Desid. pipatiṣati (पिपतिषति) (AV.; MaitrS.; ŚBr.) and pitsati (पित्सति) (Pāṇ. vii, 4, 54), to be about to fly or fall: Intens. panīpatyate (पनीपत्यते) or pā°patīti (पा°पतीति), Pāṇ. vii, 4, 84.",NULL
64362,300709,patáyati,flies,"pat (पत्)","2. pat (पत्)   cl. 1. P. (Dhātup. xx, 15) patáti (पतति) (ep. also °te (°ते); pf. papāta (पपात), paptima (पप्तिम), petatúr (पेततुर्), paptur (पप्तुर्); paptivas (पप्तिवस्), RV.; papatyāt (पपत्यात्), AV.; aor. apaptat (अपप्तत्), RV.; Pass. apāti (अपाति), Br.; fut. patiṣyatí (पतिष्यति), AV.; °te (°ते), patitā (पतिता), MBh.; Cond. apatiṣyat (अपतिष्यत्), Br.; inf. patitum (पतितुम्), ib. &c. &c.; ind.p. patitvā (पतित्वा), AV.; Br.; -patyá (-पत्य) or -pātám (-पातम्), Br.), to fly, soar, rush on RV. &c. &c.; to fall down or off, alight, descend (with acc. or loc.), fall or sink (with or without adhas (अधस्) or narake (नरके), ‘to go down to hell’; with caraṇau (चरणौ) or °ṇayoḥ (°णयोः), ‘to fall at a person's feet’), Mn.; MBh.; Kāv. &c.; to fall (in a moral sense), lose caste or rank or position, ChUp.; Mn.; Yājñ. &c.; to light or fall upon, fall to a person's share (loc.), MBh.; Kāv. &c.; to fall or get into or among (loc.), Kathās.; Hit.; to occur, come to pass, happen, Pañc. : Caus. patayáti (पतयति), to fly or move rapidly along, RV.; VS.; to speed (trans.; cf. patayat (पतयत्));  °te (°ते), to drive away or throw down (?), RV. i, 169, 7;  pātayáti (पातयति) (ep. also °te (°ते); aor. apīpatat (अपीपतत्), AV.; Pass. pātyate (पात्यते), MBh. &c.), to let fly or cause to fall, to fling, hurl, throw, AV. &c. &c.; to lay low, bring down (lit. and fig.), overthrow, ruin, destroy, MBh.; R. &c. to throw upon or in, lay on (loc.), Kāv.; Suśr.;  (with or scil. ātmānam (आत्मानम्)) to throw one's self, MBh.; Mṛcch.; to cut off (a head), Hariv.; to knock out (teeth), BhP.; to pour out or shed (water, tears), MBh.; Hariv.; to kindle (fire), Pañc.; to cast (dice), Hariv.; Kathās.; to turn, direct, fix (eyes), R.; to impose or inflict (punishment), Mn.; Yājñ.; to set in motion, set on foot, Rājat. v, 173; to seduce to, betray into (loc.), Kathās.;  (with dvedhā (द्वेधा)) to divide in two, ŚBr.; to subtract, Jyot., Sch.;  (Ā.) to rush on, hasten, RV. viii, 46, 8 : Desid. pipatiṣati (पिपतिषति) (AV.; MaitrS.; ŚBr.) and pitsati (पित्सति) (Pāṇ. vii, 4, 54), to be about to fly or fall: Intens. panīpatyate (पनीपत्यते) or pā°patīti (पा°पतीति), Pāṇ. vii, 4, 84.",NULL
64363,300709,pātáyati,"lets fly, hurls, lets fall","pat (पत्)","2. pat (पत्)   cl. 1. P. (Dhātup. xx, 15) patáti (पतति) (ep. also °te (°ते); pf. papāta (पपात), paptima (पप्तिम), petatúr (पेततुर्), paptur (पप्तुर्); paptivas (पप्तिवस्), RV.; papatyāt (पपत्यात्), AV.; aor. apaptat (अपप्तत्), RV.; Pass. apāti (अपाति), Br.; fut. patiṣyatí (पतिष्यति), AV.; °te (°ते), patitā (पतिता), MBh.; Cond. apatiṣyat (अपतिष्यत्), Br.; inf. patitum (पतितुम्), ib. &c. &c.; ind.p. patitvā (पतित्वा), AV.; Br.; -patyá (-पत्य) or -pātám (-पातम्), Br.), to fly, soar, rush on RV. &c. &c.; to fall down or off, alight, descend (with acc. or loc.), fall or sink (with or without adhas (अधस्) or narake (नरके), ‘to go down to hell’; with caraṇau (चरणौ) or °ṇayoḥ (°णयोः), ‘to fall at a person's feet’), Mn.; MBh.; Kāv. &c.; to fall (in a moral sense), lose caste or rank or position, ChUp.; Mn.; Yājñ. &c.; to light or fall upon, fall to a person's share (loc.), MBh.; Kāv. &c.; to fall or get into or among (loc.), Kathās.; Hit.; to occur, come to pass, happen, Pañc. : Caus. patayáti (पतयति), to fly or move rapidly along, RV.; VS.; to speed (trans.; cf. patayat (पतयत्));  °te (°ते), to drive away or throw down (?), RV. i, 169, 7;  pātayáti (पातयति) (ep. also °te (°ते); aor. apīpatat (अपीपतत्), AV.; Pass. pātyate (पात्यते), MBh. &c.), to let fly or cause to fall, to fling, hurl, throw, AV. &c. &c.; to lay low, bring down (lit. and fig.), overthrow, ruin, destroy, MBh.; R. &c. to throw upon or in, lay on (loc.), Kāv.; Suśr.;  (with or scil. ātmānam (आत्मानम्)) to throw one's self, MBh.; Mṛcch.; to cut off (a head), Hariv.; to knock out (teeth), BhP.; to pour out or shed (water, tears), MBh.; Hariv.; to kindle (fire), Pañc.; to cast (dice), Hariv.; Kathās.; to turn, direct, fix (eyes), R.; to impose or inflict (punishment), Mn.; Yājñ.; to set in motion, set on foot, Rājat. v, 173; to seduce to, betray into (loc.), Kathās.;  (with dvedhā (द्वेधा)) to divide in two, ŚBr.; to subtract, Jyot., Sch.;  (Ā.) to rush on, hasten, RV. viii, 46, 8 : Desid. pipatiṣati (पिपतिषति) (AV.; MaitrS.; ŚBr.) and pitsati (पित्सति) (Pāṇ. vii, 4, 54), to be about to fly or fall: Intens. panīpatyate (पनीपत्यते) or pā°patīti (पा°पतीति), Pāṇ. vii, 4, 84.",NULL
62167,300711,"pádyate ","goes, falls","pad (पद्)","2. pad (पद्)   cl. 4. Ā. (Dhātup. xxvi, 60) padyate (पद्यते) (°ti (°ति), AitBr.; MBh.; Pot. padyām (पद्याम्), R.; Impv. patsva (पत्स्व), MBh.; pf. papāda (पपाद), RV.; pede (पेदे), Br.; aor. apadmahi (अपद्महि), °dran (°द्रन्), RV. [Subj. padāti (पदाति), ib.]; apatsi (अपत्सि), patthās (पत्थास्), AV.; Prec. padīṣṭa (पदीष्ट), RV.; AV.; fut. patsyati (पत्स्यति), Br.; °te (°ते), Up.; pattā (पत्ता) Gr.; inf. pattáve (पत्तवे), RV.; °tos (°तोस्), °tum (°तुम्), Br.; -padás (-पदस्), RV.; ind.p. -padyá (-पद्य), ib.; -pādám (-पादम्), Br.), to fall, fall down or out, perish, RV.; AV.; VS.; Br.; to go, resort or apply to, participate in (acc.), keep, observe, MBh. : Caus. pādayáti (पादयति), °te (°ते), to cause to fall, AV.; AitBr. (Pass. pādyate (पाद्यते), Br.; Desid. pipādayiṣati (पिपादयिषति), Br. &c.);  padayate (पदयते), to go, Dhātup. xxxv, 44 : Desid. pitsate (पित्सते), Pāṇ. vii, 4, 54 : Intens. panīpadyate (पनीपद्यते), Kāv.;  panīpadīti (पनीपदीति), Pāṇ. vii, 4, 84.",NULL
62287,300746,"páyatē ","swells, is turgid, makes swell, be turgid","pī (पी)","2. pī (पी) or pi (पि)   (connected with √ pyai (प्यै)), cl. 1. Ā. payáte (पयते) (cl. 2. Ā. pr.p. piyā́na (पिया॑न) cl. 3. P. Impv. pīpihī (पीपिही); impf. apī́pet (अपी॑पेत्), apī́payat (अपी॑पयत्); Subj. pipyatam (पिप्यतम्), °tām (°ताम्); pīpayat (पीपयत्) Ā. °yanta (°यन्त), p. Ā. pāpyā́na (पाप्या॑न); pf. P. pīpāyá (पीपाय). 2. sg. pīpetha (पीपेथ), 3. pl. pipyur (पिप्युर्); p. Ā. pīpyāna (पीप्यान)), to swell, overflow, be exuberant, abound, increase, grow;  (trans.) to fatten, cause to swell or be exuberant, surfeit, RV.",NULL
62097,300752,puṣyati,"prospers, grows, makes prosper, nourishes","puṣ (पुष्)","2. puṣ (पुष्)   cl. 1. P. (Dhātup. xvii, 50) poṣati (पोषति) (trans.), only, Nir. x, 34; cl. 4. P. (Dhātup. xxvi, 73) puṣyáti (पुष्यति॑) (trans. and intrans.; mc. also, Ā. °te (°ते)), RV. &c. &c.; cl. 9. P. (Dhātup. xxxi, 57) puṣṇāti (पुष्णाति) (trans.), MBh.; Kāv. &c. (pf. pupoṣá (पुपोष), pupuṣyās (पुपुष्यास्), RV.; aor. apuṣat (अपुषत्) or apoṣīt (अपोषीत्) Gr.; Pot. puṣeyam (पुषेयम्), RV.; Prec. puṣyāsam (पुष्यासम्), °sma (°स्म), Br.; fut. poṣiṣyati (पोषिष्यति), pokṣyati (पोक्ष्यति); poṣitā (पोषिता), poṣṭā (पोष्टा) Gr.; Pass. puṣyate (पुष्यते), Kāv.; aor. apoṣi (अपोषि) Gr.; inf. puṣyasé (पुष्यसे), RV.), to be nourished (with instr., e.g. bhāryayā (भार्यया), MBh. xiii, 4569), to thrive, flourish, prosper (also with poṣám (पोषम्), puṣṭim (पुष्टिम्) or vṛddhim (वृद्धिम्)), RV.; AV.; VS.; ŚBr. (rarely in later language, e.g. MBh. [see above], and sometimes in Bhaṭṭ., where also 3. sg. puṣyati-tarām (पुष्यति-तराम्)); to cause to thrive or prosper, nourish, foster, augment, increase, further, promote, fulfil (e.g. a wish), develop, unfold, display, gain, obtain, enjoy, possess, RV. &c. &c.: Caus. poṣayáti (पोषयति) (aor. apūpuṣat (अपूपुषत्) Gr.), to rear, nourish, feed, cause to thrive or prosper, RV. &c. &c.; to cause to be reared or fed by (instr.), Śak. : Desid. pupoṣiṣati (पुपोषिषति), pupuṣiṣati (पुपुषिषति), pupukṣati (पुपुक्षति) Gr.: Intens. popuṣyate (पोपुष्यते), popoṣṭi (पोपोष्टि), ib.",NULL
62098,300752,puṣṇā́ti,"prospers, grows, makes prosper, nourishes","puṣ (पुष्)","2. puṣ (पुष्)   cl. 1. P. (Dhātup. xvii, 50) poṣati (पोषति) (trans.), only, Nir. x, 34; cl. 4. P. (Dhātup. xxvi, 73) puṣyáti (पुष्यति॑) (trans. and intrans.; mc. also, Ā. °te (°ते)), RV. &c. &c.; cl. 9. P. (Dhātup. xxxi, 57) puṣṇāti (पुष्णाति) (trans.), MBh.; Kāv. &c. (pf. pupoṣá (पुपोष), pupuṣyās (पुपुष्यास्), RV.; aor. apuṣat (अपुषत्) or apoṣīt (अपोषीत्) Gr.; Pot. puṣeyam (पुषेयम्), RV.; Prec. puṣyāsam (पुष्यासम्), °sma (°स्म), Br.; fut. poṣiṣyati (पोषिष्यति), pokṣyati (पोक्ष्यति); poṣitā (पोषिता), poṣṭā (पोष्टा) Gr.; Pass. puṣyate (पुष्यते), Kāv.; aor. apoṣi (अपोषि) Gr.; inf. puṣyasé (पुष्यसे), RV.), to be nourished (with instr., e.g. bhāryayā (भार्यया), MBh. xiii, 4569), to thrive, flourish, prosper (also with poṣám (पोषम्), puṣṭim (पुष्टिम्) or vṛddhim (वृद्धिम्)), RV.; AV.; VS.; ŚBr. (rarely in later language, e.g. MBh. [see above], and sometimes in Bhaṭṭ., where also 3. sg. puṣyati-tarām (पुष्यति-तराम्)); to cause to thrive or prosper, nourish, foster, augment, increase, further, promote, fulfil (e.g. a wish), develop, unfold, display, gain, obtain, enjoy, possess, RV. &c. &c.: Caus. poṣayáti (पोषयति) (aor. apūpuṣat (अपूपुषत्) Gr.), to rear, nourish, feed, cause to thrive or prosper, RV. &c. &c.; to cause to be reared or fed by (instr.), Śak. : Desid. pupoṣiṣati (पुपोषिषति), pupuṣiṣati (पुपुषिषति), pupukṣati (पुपुक्षति) Gr.: Intens. popuṣyate (पोपुष्यते), popoṣṭi (पोपोष्टि), ib.",NULL
62099,300752,"póṣati ","prospers, grows, makes prosper, nourishes","puṣ (पुष्)","2. puṣ (पुष्)   cl. 1. P. (Dhātup. xvii, 50) poṣati (पोषति) (trans.), only, Nir. x, 34; cl. 4. P. (Dhātup. xxvi, 73) puṣyáti (पुष्यति॑) (trans. and intrans.; mc. also, Ā. °te (°ते)), RV. &c. &c.; cl. 9. P. (Dhātup. xxxi, 57) puṣṇāti (पुष्णाति) (trans.), MBh.; Kāv. &c. (pf. pupoṣá (पुपोष), pupuṣyās (पुपुष्यास्), RV.; aor. apuṣat (अपुषत्) or apoṣīt (अपोषीत्) Gr.; Pot. puṣeyam (पुषेयम्), RV.; Prec. puṣyāsam (पुष्यासम्), °sma (°स्म), Br.; fut. poṣiṣyati (पोषिष्यति), pokṣyati (पोक्ष्यति); poṣitā (पोषिता), poṣṭā (पोष्टा) Gr.; Pass. puṣyate (पुष्यते), Kāv.; aor. apoṣi (अपोषि) Gr.; inf. puṣyasé (पुष्यसे), RV.), to be nourished (with instr., e.g. bhāryayā (भार्यया), MBh. xiii, 4569), to thrive, flourish, prosper (also with poṣám (पोषम्), puṣṭim (पुष्टिम्) or vṛddhim (वृद्धिम्)), RV.; AV.; VS.; ŚBr. (rarely in later language, e.g. MBh. [see above], and sometimes in Bhaṭṭ., where also 3. sg. puṣyati-tarām (पुष्यति-तराम्)); to cause to thrive or prosper, nourish, foster, augment, increase, further, promote, fulfil (e.g. a wish), develop, unfold, display, gain, obtain, enjoy, possess, RV. &c. &c.: Caus. poṣayáti (पोषयति) (aor. apūpuṣat (अपूपुषत्) Gr.), to rear, nourish, feed, cause to thrive or prosper, RV. &c. &c.; to cause to be reared or fed by (instr.), Śak. : Desid. pupoṣiṣati (पुपोषिषति), pupuṣiṣati (पुपुषिषति), pupukṣati (पुपुक्षति) Gr.: Intens. popuṣyate (पोपुष्यते), popoṣṭi (पोपोष्टि), ib.",NULL
65784,300752,púṣ́yati,"thrives, makes thrive, grows closed, nourishes","puṣ (पुष्)","2. puṣ (पुष्)   cl. 1. P. (Dhātup. xvii, 50) poṣati (पोषति) (trans.), only, Nir. x, 34; cl. 4. P. (Dhātup. xxvi, 73) puṣyáti (पुष्यति॑) (trans. and intrans.; mc. also, Ā. °te (°ते)), RV. &c. &c.; cl. 9. P. (Dhātup. xxxi, 57) puṣṇāti (पुष्णाति) (trans.), MBh.; Kāv. &c. (pf. pupoṣá (पुपोष), pupuṣyās (पुपुष्यास्), RV.; aor. apuṣat (अपुषत्) or apoṣīt (अपोषीत्) Gr.; Pot. puṣeyam (पुषेयम्), RV.; Prec. puṣyāsam (पुष्यासम्), °sma (°स्म), Br.; fut. poṣiṣyati (पोषिष्यति), pokṣyati (पोक्ष्यति); poṣitā (पोषिता), poṣṭā (पोष्टा) Gr.; Pass. puṣyate (पुष्यते), Kāv.; aor. apoṣi (अपोषि) Gr.; inf. puṣyasé (पुष्यसे), RV.), to be nourished (with instr., e.g. bhāryayā (भार्यया), MBh. xiii, 4569), to thrive, flourish, prosper (also with poṣám (पोषम्), puṣṭim (पुष्टिम्) or vṛddhim (वृद्धिम्)), RV.; AV.; VS.; ŚBr. (rarely in later language, e.g. MBh. [see above], and sometimes in Bhaṭṭ., where also 3. sg. puṣyati-tarām (पुष्यति-तराम्)); to cause to thrive or prosper, nourish, foster, augment, increase, further, promote, fulfil (e.g. a wish), develop, unfold, display, gain, obtain, enjoy, possess, RV. &c. &c.: Caus. poṣayáti (पोषयति) (aor. apūpuṣat (अपूपुषत्) Gr.), to rear, nourish, feed, cause to thrive or prosper, RV. &c. &c.; to cause to be reared or fed by (instr.), Śak. : Desid. pupoṣiṣati (पुपोषिषति), pupuṣiṣati (पुपुषिषति), pupukṣati (पुपुक्षति) Gr.: Intens. popuṣyate (पोपुष्यते), popoṣṭi (पोपोष्टि), ib.",NULL
65785,300752,puṣṇā́ti,"thrives, makes thrive, grows closed, nourishes","puṣ (पुष्)","2. puṣ (पुष्)   cl. 1. P. (Dhātup. xvii, 50) poṣati (पोषति) (trans.), only, Nir. x, 34; cl. 4. P. (Dhātup. xxvi, 73) puṣyáti (पुष्यति॑) (trans. and intrans.; mc. also, Ā. °te (°ते)), RV. &c. &c.; cl. 9. P. (Dhātup. xxxi, 57) puṣṇāti (पुष्णाति) (trans.), MBh.; Kāv. &c. (pf. pupoṣá (पुपोष), pupuṣyās (पुपुष्यास्), RV.; aor. apuṣat (अपुषत्) or apoṣīt (अपोषीत्) Gr.; Pot. puṣeyam (पुषेयम्), RV.; Prec. puṣyāsam (पुष्यासम्), °sma (°स्म), Br.; fut. poṣiṣyati (पोषिष्यति), pokṣyati (पोक्ष्यति); poṣitā (पोषिता), poṣṭā (पोष्टा) Gr.; Pass. puṣyate (पुष्यते), Kāv.; aor. apoṣi (अपोषि) Gr.; inf. puṣyasé (पुष्यसे), RV.), to be nourished (with instr., e.g. bhāryayā (भार्यया), MBh. xiii, 4569), to thrive, flourish, prosper (also with poṣám (पोषम्), puṣṭim (पुष्टिम्) or vṛddhim (वृद्धिम्)), RV.; AV.; VS.; ŚBr. (rarely in later language, e.g. MBh. [see above], and sometimes in Bhaṭṭ., where also 3. sg. puṣyati-tarām (पुष्यति-तराम्)); to cause to thrive or prosper, nourish, foster, augment, increase, further, promote, fulfil (e.g. a wish), develop, unfold, display, gain, obtain, enjoy, possess, RV. &c. &c.: Caus. poṣayáti (पोषयति) (aor. apūpuṣat (अपूपुषत्) Gr.), to rear, nourish, feed, cause to thrive or prosper, RV. &c. &c.; to cause to be reared or fed by (instr.), Śak. : Desid. pupoṣiṣati (पुपोषिषति), pupuṣiṣati (पुपुषिषति), pupukṣati (पुपुक्षति) Gr.: Intens. popuṣyate (पोपुष्यते), popoṣṭi (पोपोष्टि), ib.",NULL
65786,300752,"pṓṣati ","thrives, makes thrive, grows closed, nourishes","puṣ (पुष्)","2. puṣ (पुष्)   cl. 1. P. (Dhātup. xvii, 50) poṣati (पोषति) (trans.), only, Nir. x, 34; cl. 4. P. (Dhātup. xxvi, 73) puṣyáti (पुष्यति॑) (trans. and intrans.; mc. also, Ā. °te (°ते)), RV. &c. &c.; cl. 9. P. (Dhātup. xxxi, 57) puṣṇāti (पुष्णाति) (trans.), MBh.; Kāv. &c. (pf. pupoṣá (पुपोष), pupuṣyās (पुपुष्यास्), RV.; aor. apuṣat (अपुषत्) or apoṣīt (अपोषीत्) Gr.; Pot. puṣeyam (पुषेयम्), RV.; Prec. puṣyāsam (पुष्यासम्), °sma (°स्म), Br.; fut. poṣiṣyati (पोषिष्यति), pokṣyati (पोक्ष्यति); poṣitā (पोषिता), poṣṭā (पोष्टा) Gr.; Pass. puṣyate (पुष्यते), Kāv.; aor. apoṣi (अपोषि) Gr.; inf. puṣyasé (पुष्यसे), RV.), to be nourished (with instr., e.g. bhāryayā (भार्यया), MBh. xiii, 4569), to thrive, flourish, prosper (also with poṣám (पोषम्), puṣṭim (पुष्टिम्) or vṛddhim (वृद्धिम्)), RV.; AV.; VS.; ŚBr. (rarely in later language, e.g. MBh. [see above], and sometimes in Bhaṭṭ., where also 3. sg. puṣyati-tarām (पुष्यति-तराम्)); to cause to thrive or prosper, nourish, foster, augment, increase, further, promote, fulfil (e.g. a wish), develop, unfold, display, gain, obtain, enjoy, possess, RV. &c. &c.: Caus. poṣayáti (पोषयति) (aor. apūpuṣat (अपूपुषत्) Gr.), to rear, nourish, feed, cause to thrive or prosper, RV. &c. &c.; to cause to be reared or fed by (instr.), Śak. : Desid. pupoṣiṣati (पुपोषिषति), pupuṣiṣati (पुपुषिषति), pupukṣati (पुपुक्षति) Gr.: Intens. popuṣyate (पोपुष्यते), popoṣṭi (पोपोष्टि), ib.",NULL
62708,300754,"pr̥ṇṓti ","fills, satisfies, nourishes, gives abundantly, bestows","pṛ (पृ)","2. pṛ (पृ)   cl. 5. P., cl. 6. Ā. pṛṇoti (पृणोति) or priyate (प्रियते) (Dhātup. xxvii, 12; xxviii, 109), to be busy or active (only in ā-√ pṛ (आ-√ पृ) and vy-ā-√ pṛ (व्य्-आ-√ पृ), q.v.)",NULL
62298,300758,pḗru-,"swelling, making swell","peru (पेरु)","3. perú (पेरु॑)   mfn. (√ pī (पी), pyai (प्यै)) swelling or causing to swell, RV.; TĀr. perú (पेरु॑)   m. seed, germ, offspring (with apām (अपाम्) = śoma (शोम)), ib.; VS.; TS.; MaitrS.",NULL
64177,300777,praśná-,"legal question","praśna (प्रश्न)","2. praśna (प्रश्न)   m. (√ prach (प्रछ्)) a question, demand, interrogation, query, inquiry after (comp.; cf. kuśala-p° (कुशल-प्°)), ŚBr. &c. &c. judicial inquiry or examination (cf. sā (सा)kzi-p) astrological inquiry into the future (cf. divya- (दिव्य-), deva- (देव-), daiva-p° (दैव-प्°)) a subject of inquiry, point at issue, controversy, problem, ŚBr. &c. &c. (praśnam pra-√ brū (प्रश्नम् प्र-√ ब्रू), ‘to decide a controverted point’; nam √ i (नम् √ इ), with acc. or °nam ā √ gam (°नम् आ √ गम्), with loc. of pers., ‘to lay a question before any one for decision’; praśnas tava pitari (प्रश्नस् तव पितरि), ‘the point at issue is before thy father’) a task or lesson (in Vedic recitation), RPrāt. a short section or paragraph (in books), Col. &c.",NULL
56650,300826,mákṣa-,fly,"makṣ (मक्ष्)","2. makṣ (मक्ष्)   m. or f. a fly, RV. iv, 45, 4; vii, 32, 2.",NULL
58678,300845,mā́s,"moon, month","mās (मास्)","2. mās (मास्)   m. (√ 3. mā (मा); pl. instr. mādbhis (माद्भिस्), RV.; loc. māssu (मास्सु), PañcavBr., māsu (मासु), TS.) the moon, RV. (cf. candra- (चन्द्र-) and sūrya-mās (सूर्य-मास्)) a month, ib. &c. &c.",NULL
59441,300854,muñcáti,"frees, lets go","muc (मुच्)","2. muc (मुच्)   cl. 6. P. Ā. (Dhātup. xxviii, 136) muñcatí (मुञ्चति), °te (°ते) (RV. also, mucantí (मुचन्ति), mucasva (मुचस्व); p. muñcāna (मुञ्चान), MBh.; pf., mumocá (मुमोच), mumuce (मुमुचे), Ved., also, mumocát (मुमोचत्), mumócati (मुमो॑चति), mumucas (मुमुचस्), mumoktu (मुमोक्तु), amumuktam (अमुमुक्तम्); aor. amók (अमो॑क्), AV.; Impv. mogdhi (मोग्धि), TĀr.; amauk (अमौक्), Br.; amúcat (अमु॑चत्), AV.; amukṣi (अमुक्षि), mukṣata (मुक्षत), RV.; AV.; Prec. mucīṣṭa (मुचीष्ट), RV.; mukṣīya (मुक्षीय), ib.; fut., moktā (मोक्ता), Kālid.; mokṣyati (मोक्ष्यति), °te (°ते), Br. &c.; inf. moktum (मोक्तुम्), Br. &c.; ind.p. muktvā (मुक्त्वा), ib., -mucyá (-मुच्य), RV., mokám (मोकम्), Br.), to loose, let loose, free, let go, slacken, release, liberate (‘from’, abl. or -tas (-तस्); Ā. and Pass. with abl. or instr., rarely with gen. ‘to free one's self, get rid of, escape from’), RV. &c., &c. (with kaṇṭham (कण्ठम्), to relax the throat i.e. raise a cry; with raśmīn (रश्मीन्), to slacken the reins; with prā (प्रा)RAn, to deprive of life, kill); to spare, let live, R.; to set free, allow to depart, dismiss, despatch (‘to’, loc. or dat.), MBh.; Kāv. &c.; to relinquish, abandon, leave, quit, give up, set aside, depose, ib. (with kalevaram (कलेवरम्), deham (देहम्), prā (प्रा)RAn or jīvitam (जीवितम्), to quit the body or give up the ghost i.e. to die); to yield, grant, bestow, Rājat.; Campak.; to send forth, shed, emit, utter, discharge, throw, cast, hurl, shoot (‘at or upon’ loc. dat., or acc. with or without prati (प्रति); with abl. and ātmānam (आत्मानम्), to throw one's self down from), Yājñ.; MBh.; R. &c.;  (Ā.) to put on Bhaṭṭ. (Sch.) : Pass. mucyaté (मुच्यते) (or mucyáte (मुच्यते॑), ep. also °ti (°ति) and fut. mokṣyati (मोक्ष्यति); aor. amóci (अमो॑चि)), to be loosed, to be set free or released, RV. &c. &c.; to deliver one's self from, to get rid of, escape (esp. from sin or the bonds of existence), Mn.; MBh. &c.;  to abstain from (abl.), Pañcat.; to be deprived or destitute of (instr.), MBh. : Caus. mocayati (मोचयति) (mc. also °te (°ते); aor. amūmucat (अमूमुचत्)), to cause to loose or let go or give up or discharge or shed (with two acc.), Megh.; Bhaṭṭ.; to unloose, unyoke, unharness (horses), MBh.; R.; to set free, liberate, absolve from (abl.), Mn.; MBh. &c.; to redeem (a pledge), Yājñ.; to open (a road), Prab.; to give away, spend, bestow, MārkP.; to gladden, delight, yield enjoyment, Dhātup. xxxiii, 66 : Desid. of Caus. mumocayiṣati (मुमोचयिषति), to wish to deliver (from the bondage of existence), Śaṃk. (cf., mumocayiṣu (मुमोचयिषु)) : Desid. mumukṣati (मुमुक्षति), °te (°ते), (P.) to wish or be about to set free, Pāṇ. vii, 4, 57, Sch.; to be about to give up or relinquish (life), Kathās.; to wish or intend to cast or hurl, Ragh.;  (Ā.) to wish to free one's self, Pāṇ. vii, 4, 57, Sch.; to desire final liberation or beatitude, RV.; BhP. (cf. √ mokṣ (मोक्ष्)) : Intens. momucyate (मोमुच्यते) or momokti (मोमोक्ति), Gr.",NULL
59442,300854,"mucáti ","frees, lets go","muc (मुच्)","2. muc (मुच्)   cl. 6. P. Ā. (Dhātup. xxviii, 136) muñcatí (मुञ्चति), °te (°ते) (RV. also, mucantí (मुचन्ति), mucasva (मुचस्व); p. muñcāna (मुञ्चान), MBh.; pf., mumocá (मुमोच), mumuce (मुमुचे), Ved., also, mumocát (मुमोचत्), mumócati (मुमो॑चति), mumucas (मुमुचस्), mumoktu (मुमोक्तु), amumuktam (अमुमुक्तम्); aor. amók (अमो॑क्), AV.; Impv. mogdhi (मोग्धि), TĀr.; amauk (अमौक्), Br.; amúcat (अमु॑चत्), AV.; amukṣi (अमुक्षि), mukṣata (मुक्षत), RV.; AV.; Prec. mucīṣṭa (मुचीष्ट), RV.; mukṣīya (मुक्षीय), ib.; fut., moktā (मोक्ता), Kālid.; mokṣyati (मोक्ष्यति), °te (°ते), Br. &c.; inf. moktum (मोक्तुम्), Br. &c.; ind.p. muktvā (मुक्त्वा), ib., -mucyá (-मुच्य), RV., mokám (मोकम्), Br.), to loose, let loose, free, let go, slacken, release, liberate (‘from’, abl. or -tas (-तस्); Ā. and Pass. with abl. or instr., rarely with gen. ‘to free one's self, get rid of, escape from’), RV. &c., &c. (with kaṇṭham (कण्ठम्), to relax the throat i.e. raise a cry; with raśmīn (रश्मीन्), to slacken the reins; with prā (प्रा)RAn, to deprive of life, kill); to spare, let live, R.; to set free, allow to depart, dismiss, despatch (‘to’, loc. or dat.), MBh.; Kāv. &c.; to relinquish, abandon, leave, quit, give up, set aside, depose, ib. (with kalevaram (कलेवरम्), deham (देहम्), prā (प्रा)RAn or jīvitam (जीवितम्), to quit the body or give up the ghost i.e. to die); to yield, grant, bestow, Rājat.; Campak.; to send forth, shed, emit, utter, discharge, throw, cast, hurl, shoot (‘at or upon’ loc. dat., or acc. with or without prati (प्रति); with abl. and ātmānam (आत्मानम्), to throw one's self down from), Yājñ.; MBh.; R. &c.;  (Ā.) to put on Bhaṭṭ. (Sch.) : Pass. mucyaté (मुच्यते) (or mucyáte (मुच्यते॑), ep. also °ti (°ति) and fut. mokṣyati (मोक्ष्यति); aor. amóci (अमो॑चि)), to be loosed, to be set free or released, RV. &c. &c.; to deliver one's self from, to get rid of, escape (esp. from sin or the bonds of existence), Mn.; MBh. &c.;  to abstain from (abl.), Pañcat.; to be deprived or destitute of (instr.), MBh. : Caus. mocayati (मोचयति) (mc. also °te (°ते); aor. amūmucat (अमूमुचत्)), to cause to loose or let go or give up or discharge or shed (with two acc.), Megh.; Bhaṭṭ.; to unloose, unyoke, unharness (horses), MBh.; R.; to set free, liberate, absolve from (abl.), Mn.; MBh. &c.; to redeem (a pledge), Yājñ.; to open (a road), Prab.; to give away, spend, bestow, MārkP.; to gladden, delight, yield enjoyment, Dhātup. xxxiii, 66 : Desid. of Caus. mumocayiṣati (मुमोचयिषति), to wish to deliver (from the bondage of existence), Śaṃk. (cf., mumocayiṣu (मुमोचयिषु)) : Desid. mumukṣati (मुमुक्षति), °te (°ते), (P.) to wish or be about to set free, Pāṇ. vii, 4, 57, Sch.; to be about to give up or relinquish (life), Kathās.; to wish or intend to cast or hurl, Ragh.;  (Ā.) to wish to free one's self, Pāṇ. vii, 4, 57, Sch.; to desire final liberation or beatitude, RV.; BhP. (cf. √ mokṣ (मोक्ष्)) : Intens. momucyate (मोमुच्यते) or momokti (मोमोक्ति), Gr.",NULL
59251,300855,mṓdatē,"is merry","mud (मुद्)","2. mud (मुद्)   cl. 1. Ā. (Dhātup. ii, 15) modáte (मोदते॑) (ep. and mc. also P. °ti (°ति); pf. mumodá (मुमोद), RV.; mumude (मुमुदे), MBh. &c.; aor. amodiṣṭa (अमोदिष्ट) Gr.; Pot. mudīmahi (मुदीमहि), RV.; Prec. modiṣīṣṭhās (मोदिषीष्ठास्), AV.; fut. moditā (मोदिता) Gr.; modiṣyate (मोदिष्यते), MBh.; ind.p. -modam (-मोदम्), MBh.), to be merry or glad or happy, rejoice, delight in (instr. or loc.), RV. &c. &c.: Caus., modayati (मोदयति), °te (°ते) (aor. amūmudat (अमूमुदत्)), to gladden, give pleasure, exhilarate, MBh.; Bhaṭṭ. : Desid., of Caus. mumodayiṣati (मुमोदयिषति), ŚBr. : Desid. mumodiṣate (मुमोदिषते) or mumudiṣate (मुमुदिषते), Pāṇ. i, 2, 26 : Intens. momudyate (मोमुद्यते), momudīti (मोमुदीति), momotti (मोमोत्ति) Gr.",NULL
59371,300859,muṣṇā́ti,steals,"muṣ (मुष्)","2. muṣ (मुष्)   cl. 9. 1. P. (Dhātup. xxxi, 58 and xvii, 25 v.l.; cf. √ 1. mūṣ (मूष्)) muṣṇātí (मुष्णाति॑), moṣáti (मोषति॑) (ep. also cl. 6. P. muṣati (मुषति); 2. sg. Imp. muṣāṇa (मुषाण), Śiś.; pf. mumoṣa (मुमोष); aor. amoṣīt (अमोषीत्), 2. sg. moṣīs (मोषीस्), RV.; fut. moṣitā (मोषिता), moṣiṣyati (मोषिष्यति) Gr.; ind.p. muṣitvā (मुषित्वा), Daś.; Kathās.; mudṣyá (मुद्ष्य), RV.; inf. muṣe (मुषे), ib. ; moṣitum (मोषितुम्) Gr.), to steal, rob, plunder, carry off (also with two acc. = take away from, deprive of), RV. &c. &c.; to ravish, captivate, enrapture (the eyes or the heart), MBh.; Kāv. &c.; to blind, dazzle (the eyes), ib.; to cloud, obscure (light or the intellect), ib.; to break, destroy, Kāvyād. (cf. √ mus (मुस्)) : Pass., muṣyate (मुष्यते) (ep. also °ti (°ति); aor. amoṣi (अमोषि)), to be stolen or robbed, MBh.; Kāv. &c.: Caus., moṣayati (मोषयति) (aor. amūmuṣat (अमूमुषत्)) Gr.: Desid. mumuṣiṣati (मुमुषिषति), ib. (cf. munuṣiṣu (मुनुषिषु)) : Intens. momuṣyate (मोमुष्यते), momoṣṭi (मोमोष्टि), ib. [For kindred words See under 2. mūṣ (मूष्), p. 827.]",NULL
59372,300859,móṣati,steals,"muṣ (मुष्)","2. muṣ (मुष्)   cl. 9. 1. P. (Dhātup. xxxi, 58 and xvii, 25 v.l.; cf. √ 1. mūṣ (मूष्)) muṣṇātí (मुष्णाति॑), moṣáti (मोषति॑) (ep. also cl. 6. P. muṣati (मुषति); 2. sg. Imp. muṣāṇa (मुषाण), Śiś.; pf. mumoṣa (मुमोष); aor. amoṣīt (अमोषीत्), 2. sg. moṣīs (मोषीस्), RV.; fut. moṣitā (मोषिता), moṣiṣyati (मोषिष्यति) Gr.; ind.p. muṣitvā (मुषित्वा), Daś.; Kathās.; mudṣyá (मुद्ष्य), RV.; inf. muṣe (मुषे), ib. ; moṣitum (मोषितुम्) Gr.), to steal, rob, plunder, carry off (also with two acc. = take away from, deprive of), RV. &c. &c.; to ravish, captivate, enrapture (the eyes or the heart), MBh.; Kāv. &c.; to blind, dazzle (the eyes), ib.; to cloud, obscure (light or the intellect), ib.; to break, destroy, Kāvyād. (cf. √ mus (मुस्)) : Pass., muṣyate (मुष्यते) (ep. also °ti (°ति); aor. amoṣi (अमोषि)), to be stolen or robbed, MBh.; Kāv. &c.: Caus., moṣayati (मोषयति) (aor. amūmuṣat (अमूमुषत्)) Gr.: Desid. mumuṣiṣati (मुमुषिषति), ib. (cf. munuṣiṣu (मुनुषिषु)) : Intens. momuṣyate (मोमुष्यते), momoṣṭi (मोमोष्टि), ib. [For kindred words See under 2. mūṣ (मूष्), p. 827.]",NULL
59355,300861,mūrá-,"pressing, hurrying","mūra (मूर)","2. mūra (मूर)   mfn. (fr. √ 1. mū (मू) = mīv (मीव्)) rushing, impetuous (said of īndra (ईन्द्र)'s horses), RV. iii, 43, 6 (Sāy. = māraka (मारक)).",NULL
33948,300869,yā́,which,"ya (य)","3. ya (य)   the actual base of the relative pronoun in declension [cf. yad (यद्) and Gk. ὅς, ἥ, ὅ].",NULL
33967,300869,yād,"insofar as, as","ya (य)","3. ya (य)   the actual base of the relative pronoun in declension [cf. yad (यद्) and Gk. ὅς, ἥ, ὅ].",NULL
45838,300871,yátati,"joins to, fits together; strives for (according to Pet. Wb.)","yat (यत्)","2. yat (यत्)   cl. 1. Ā. (prob. connected with √ yam (यम्) and orig. meaning, ‘to stretch’, Dhātup. ii, 29) yatáte (यतते) (Ved. and ep. also P. °ti (°ति); p. yatámāna (यतमान), yatā́na (यतान) and yatāna (यतान), RV.; pf. yete (येते), 3. pl. yetire (येतिरे), ib. &c.; aor. ayatiṣṭa (अयतिष्ट), Br.; fut. yatiṣyate (यतिष्यते), Br., °ti (°ति), MBh.; inf. yatitum (यतितुम्), MBh.; ind.p. -yatyá (-यत्य), MBh.), (P.) to place in order, marshal, join, connect, RV.;  (P. or Ā.) to keep pace, be in line, rival or vie with (instr.), ib.;  (Ā.) to join (instr.), associate with (instr.), march or fly together or in line, ib.; to conform or comply with (instr.), ib.; to meet, encounter (in battle), ib.; Br.; to seek to join one's self with, make for, tend towards (loc.), ib.; to endeavour to reach, strive after, be eager or anxious for (with loc. dat. acc. with or without prati (प्रति), once with gen.; also with arthe (अर्थे), arthāya (अर्थाय), artham (अर्थम्) and hetos (हेतोस्) ifc.; or with inf.), Mn.; MBh.; Kāv. &c.; to exert one's self, take pains, endeavour, make effort, persevere, be cautious or watchful, ib.; to be prepared for (acc.), R. : Caus. (or cl. 10. Dhātup. xxxiii, 62) yātayáti (यातयति) (or °te (°ते); aor. ayīyatat (अयीयतत्); Pass. yātyate (यात्यते)), to join, unite (Ā. intrans.), RV.; to join or attach to (loc.) P. PañcavBr.; to cause to fight, AitBr.; to strive to obtain anything (acc.) from (abl.), Mālav.; ;  (rarely Ā.) to requite, return, reward or punish, reprove (as a fault), RV. &c. &c.  (Ā.) to surrender or yield up anything (acc.) to (acc. or gen.), MBh.;  (P. Ā.) to distress, torture, vex, annoy, BhP.;  accord. to Dhātup. also nikāre (निकारे) (others nirākāre (निराकारे) or khede (खेदे)) and upaskāre (उपस्कारे): Desid. yiyatiṣate (यियतिषते) Gr.: Intens. yāyatyate (यायत्यते) and yāyatti (यायत्ति), ib.",NULL
45839,300871,"yātáyati ","allied, united; calls to account, prosecutes, punishes","yat (यत्)","2. yat (यत्)   cl. 1. Ā. (prob. connected with √ yam (यम्) and orig. meaning, ‘to stretch’, Dhātup. ii, 29) yatáte (यतते) (Ved. and ep. also P. °ti (°ति); p. yatámāna (यतमान), yatā́na (यतान) and yatāna (यतान), RV.; pf. yete (येते), 3. pl. yetire (येतिरे), ib. &c.; aor. ayatiṣṭa (अयतिष्ट), Br.; fut. yatiṣyate (यतिष्यते), Br., °ti (°ति), MBh.; inf. yatitum (यतितुम्), MBh.; ind.p. -yatyá (-यत्य), MBh.), (P.) to place in order, marshal, join, connect, RV.;  (P. or Ā.) to keep pace, be in line, rival or vie with (instr.), ib.;  (Ā.) to join (instr.), associate with (instr.), march or fly together or in line, ib.; to conform or comply with (instr.), ib.; to meet, encounter (in battle), ib.; Br.; to seek to join one's self with, make for, tend towards (loc.), ib.; to endeavour to reach, strive after, be eager or anxious for (with loc. dat. acc. with or without prati (प्रति), once with gen.; also with arthe (अर्थे), arthāya (अर्थाय), artham (अर्थम्) and hetos (हेतोस्) ifc.; or with inf.), Mn.; MBh.; Kāv. &c.; to exert one's self, take pains, endeavour, make effort, persevere, be cautious or watchful, ib.; to be prepared for (acc.), R. : Caus. (or cl. 10. Dhātup. xxxiii, 62) yātayáti (यातयति) (or °te (°ते); aor. ayīyatat (अयीयतत्); Pass. yātyate (यात्यते)), to join, unite (Ā. intrans.), RV.; to join or attach to (loc.) P. PañcavBr.; to cause to fight, AitBr.; to strive to obtain anything (acc.) from (abl.), Mālav.; ;  (rarely Ā.) to requite, return, reward or punish, reprove (as a fault), RV. &c. &c.  (Ā.) to surrender or yield up anything (acc.) to (acc. or gen.), MBh.;  (P. Ā.) to distress, torture, vex, annoy, BhP.;  accord. to Dhātup. also nikāre (निकारे) (others nirākāre (निराकारे) or khede (खेदे)) and upaskāre (उपस्कारे): Desid. yiyatiṣate (यियतिषते) Gr.: Intens. yāyatyate (यायत्यते) and yāyatti (यायत्ति), ib.",NULL
66474,300906,rāsatē,gives,"rās (रास्)","1. rā (रा) or rās (रास्)   cl. 2. P. (Dhātup. xxiv, 49) rātí (राति॑) (Ved. also Ā. rāte (राते); Impv. rirīhi (रिरीहि), rarāsva (ररास्व), rarīdhvam (ररीध्वम्); p. rarāṇa (रराण); 3. sg. raráte (ररते) and rāsate (रासते); pf. rarima (ररिम), rare (ररे); aor. arā́sma (अरा॑स्म) Subj. rāsát (रासत्) &c. Pot. rāsīya (रासीय); Class. forms are only pr. rāti (राति); fut. rātā (राता), BhP.; rāsyati (रास्यति), Vop., and inf. rā (रा)tave, BhP.), to grant, give, bestow, impart, yield, surrender, RV.; &c.",NULL
66464,300923,rai-,"possession, wealth","rai (रै)","3. rai (रै)   m. rarely f. (fr. √ rā (रा) nom. rās (रास्) acc. rāyám (रायम्) or rām (राम्) instr. rāyā (राया) dat. rāye (राये); abl. gen. rāyas (रायस्) loc. rāyi (रायि); du. rāyáu (रायौ॑), rābhyām (राभ्याम्), rāyos (रायोस्); pl. nom. rāyás (रायस्); acc. rāyás (रायस्), rāyas (रायस्) or rās (रास्); instr. rābhis (राभिस्); dat. abl. rābhyas (राभ्यस्) gen. rāyām (रायाम्) loc. rāsu (रासु); cf. the cognate stems 3. rā (रा) and rayi (रयि) and Lat. rēs, rēm), property, possessions, goods, wealth, riches, RV.; AV.; Br.; ŚrS.; BhP. rai (रै)   ind. g. cā (चा)di",NULL
66465,300923,rā́ḥ,"possession, wealth","rai (रै)","3. rai (रै)   m. rarely f. (fr. √ rā (रा) nom. rās (रास्) acc. rāyám (रायम्) or rām (राम्) instr. rāyā (राया) dat. rāye (राये); abl. gen. rāyas (रायस्) loc. rāyi (रायि); du. rāyáu (रायौ॑), rābhyām (राभ्याम्), rāyos (रायोस्); pl. nom. rāyás (रायस्); acc. rāyás (रायस्), rāyas (रायस्) or rās (रास्); instr. rābhis (राभिस्); dat. abl. rābhyas (राभ्यस्) gen. rāyām (रायाम्) loc. rāsu (रासु); cf. the cognate stems 3. rā (रा) and rayi (रयि) and Lat. rēs, rēm), property, possessions, goods, wealth, riches, RV.; AV.; Br.; ŚrS.; BhP. rai (रै)   ind. g. cā (चा)di",NULL
66466,300923,rāyáḥ,"possession, wealth","rai (रै)","3. rai (रै)   m. rarely f. (fr. √ rā (रा) nom. rās (रास्) acc. rāyám (रायम्) or rām (राम्) instr. rāyā (राया) dat. rāye (राये); abl. gen. rāyas (रायस्) loc. rāyi (रायि); du. rāyáu (रायौ॑), rābhyām (राभ्याम्), rāyos (रायोस्); pl. nom. rāyás (रायस्); acc. rāyás (रायस्), rāyas (रायस्) or rās (रास्); instr. rābhis (राभिस्); dat. abl. rābhyas (राभ्यस्) gen. rāyām (रायाम्) loc. rāsu (रासु); cf. the cognate stems 3. rā (रा) and rayi (रयि) and Lat. rēs, rēm), property, possessions, goods, wealth, riches, RV.; AV.; Br.; ŚrS.; BhP. rai (रै)   ind. g. cā (चा)di",NULL
82734,300953,váyas-,"vital force, youthful vigor, youth","vayas (वयस्)","3. vayás (वयस्)   n. (√ vī (वी)) enjoyment, food, meal, oblation, RV.; AV. (cf. vīti (वीति)) energy (both bodily and mental), strength, health, vigour, power, might, RV.; AV.; VS. (often with bṛhat (बृहत्); with √ dhā (धा) and dat. or loc. of pers. ‘to bestow vigour or might on’) vigorous age, youth, prime of life, any period of life, age, RV. &c. &c. (sarvāṇi vayāṃsi (सर्वाणि वयांसि), animals of any age; vayasā (वयसा)nvita or vayasā (वयसा)tIta, aged, old) degree, kind (in vayāṃsi pra-brūhi (वयांसि प्र-ब्रूहि)), ŚBr.",NULL
23333,300959,uccháti,"lights up (of the morning)","vas (वस्)","2. vas (वस्)   (a Vedic root connected with √ 1. uṣ (उष्), q.v.; not in Dhātup.) cl. 6. P., ucchatí (उच्छति) (pf. uvāsá (उवास), ūṣuḥ (ऊषुः), RV. &c.; aor. avāt (अवात्) [?] AV.; avasran (अवस्रन्), RV.; Cond. avatsyat (अवत्स्यत्), ŚBr.; Ved. inf. vastáve (वस्तवे), -uṣí (-उषि॑)), to shine, grow bright (esp. applied to the dawn), RV.; to bestow by shining upon (dat.), ib. i, 113, 7;  (with dūre (दूरे)) to drive away by shining, ib. vii, 77, 4 : Caus. vāsayáti (वासयति), to cause to shine, RV.",NULL
23335,300959,uvāsa,"they shone","vas (वस्)","2. vas (वस्)   (a Vedic root connected with √ 1. uṣ (उष्), q.v.; not in Dhātup.) cl. 6. P., ucchatí (उच्छति) (pf. uvāsá (उवास), ūṣuḥ (ऊषुः), RV. &c.; aor. avāt (अवात्) [?] AV.; avasran (अवस्रन्), RV.; Cond. avatsyat (अवत्स्यत्), ŚBr.; Ved. inf. vastáve (वस्तवे), -uṣí (-उषि॑)), to shine, grow bright (esp. applied to the dawn), RV.; to bestow by shining upon (dat.), ib. i, 113, 7;  (with dūre (दूरे)) to drive away by shining, ib. vii, 77, 4 : Caus. vāsayáti (वासयति), to cause to shine, RV.",NULL
23336,300959,avasran,"they shone","vas (वस्)","2. vas (वस्)   (a Vedic root connected with √ 1. uṣ (उष्), q.v.; not in Dhātup.) cl. 6. P., ucchatí (उच्छति) (pf. uvāsá (उवास), ūṣuḥ (ऊषुः), RV. &c.; aor. avāt (अवात्) [?] AV.; avasran (अवस्रन्), RV.; Cond. avatsyat (अवत्स्यत्), ŚBr.; Ved. inf. vastáve (वस्तवे), -uṣí (-उषि॑)), to shine, grow bright (esp. applied to the dawn), RV.; to bestow by shining upon (dat.), ib. i, 113, 7;  (with dūre (दूरे)) to drive away by shining, ib. vii, 77, 4 : Caus. vāsayáti (वासयति), to cause to shine, RV.",NULL
85668,300961,vástē,"dresses oneself, puts on","vas (वस्)","4. vas (वस्)   cl. 2. Ā. (Dhātup. xxiv, 13) vasté (वस्ते) (Impv. vasiṣva (वसिष्व), RV.; vaddhvam (वद्ध्वम्), Kauś.; p. vasā́na (वसान), once usāna (उसान) and usamā́na (उसमान), RV.; pf. vavase (ववसे), Śiś.; vāvase (वावसे), p. °sāna (°सान), RV.; aor. avasiṣṭa (अवसिष्ट), ib.; fut. vasitā (वसिता) Gr.; vasiṣyate (वसिष्यते), ib.; vatsyati (वत्स्यति), Hariv. 11206; inf. vasitum (वसितुम्), MBh.; R.; ind.p. vasitvā (वसित्वा), Mn.; BhP.; -vasya (-वस्य), MBh.), to put on, invest, wear, (clothes &c.), assume (a form &c.), enter into, RV. &c. &c.: Caus. vāsayáti (वासयति), °te (°ते) (Pass. vāsyate (वास्यते)), to cause or allow to put on or wear (clothes), clothe (Ā. ‘one's self’) with (instr.), RV.; GṛŚrS.; Mn. : Desid. vivasiṣate (विवसिषते) Gr.: Intens. vāvasyate (वावस्यते), vāvasti (वावस्ति), ib.",NULL
23107,300966,vāti,blows,"vā (वा)","2. vā (वा)   cl. 2. P. (Dhātup. xxiv, 42) vātí (वाति॑) (pf. vavau (ववौ), Br.; MBh. &c.; aor. avāsīt (अवासीत्), Br.; fut. vāsyati (वास्यति), Megh.; inf. vātum (वातुम्), Hariv.), to blow (as the wind), RV. &c. &c.; to procure or bestow anything (acc.) by blowing, RV. i, 89, 4; to blow towards or upon (acc.), MBh. xii, 2798; to emit an odour, be diffused (as perfume), ŚBr.; to smell (trans.), Vikr. iv, 41 (v.l.); to hurt, injure, Vop. : Caus. vāpayati (वापयति), see nir-√ vā (निर्-√ वा) and cf. vājaya (वाजय): Desid. vivāsati (विवासति) See √ 1. van (वन्).",NULL
23114,300966,vānt-,blowing,"vā (वा)","2. vā (वा)   cl. 2. P. (Dhātup. xxiv, 42) vātí (वाति॑) (pf. vavau (ववौ), Br.; MBh. &c.; aor. avāsīt (अवासीत्), Br.; fut. vāsyati (वास्यति), Megh.; inf. vātum (वातुम्), Hariv.), to blow (as the wind), RV. &c. &c.; to procure or bestow anything (acc.) by blowing, RV. i, 89, 4; to blow towards or upon (acc.), MBh. xii, 2798; to emit an odour, be diffused (as perfume), ŚBr.; to smell (trans.), Vikr. iv, 41 (v.l.); to hurt, injure, Vop. : Caus. vāpayati (वापयति), see nir-√ vā (निर्-√ वा) and cf. vājaya (वाजय): Desid. vivāsati (विवासति) See √ 1. van (वन्).",NULL
22723,300974,vāna-,"the weaving","vāna (वान)","3. vāna (वान)   n. (fr. √ ve (वे)) the act of weaving or sewing, Nyāyam.; Sāy. (reckoned among the 64 khalā (खल्ā)s) a mat of straw, L.",NULL
83561,300989,vāra-,"precious thing, treasure","vāra (वार)","3. vārá (वार)   m. (fr. √ 2. vṛ (वृ)) choice (see vāre-vṛta (वारे-वृत)) anything chosen or choice or exquisite, goods, treasure, RV. (often ifc.; cf. aśasta- (अशस्त-), ṛdhad- (ऋधद्-), dāti-v° (दाति-व्°) &c.) N. of a poet, Cat.",NULL
23175,300997,"vāsayati ","fills with fragrance","vās (वास्)","2. vās (वास्)   cl. 10. P. (Dhātup. xxxv, 32; perhaps only Nom. fr. next) vāsayati (वासयति) (ep. also °te (°ते); aor. -avavāsat (-अववासत्)), to perfume, make fragrant, scent, fumigate, incense, steep, MBh.; Kāv. &c.",NULL
85867,301005,ví-,apart,"vi (वि)","3. vi (वि)   ind. (prob. for an original dvi (द्वि), meaning ‘in two parts’; and opp. to sam (सम्), q.v.) apart, asunder, in different directions, to and fro, about, away, away from, off, without, RV. &c. &c. In RV. it appears also as a prep. with acc. denoting ‘through’ or ‘between’ (with ellipse of the verb, e.g. i, 181, 5; x, 86, 20 &c.) It is esp. used as a prefix to verbs or nouns and other parts of speech derived from verbs, to express ‘division’, ‘distinction’, ‘distribution’, ‘arrangement’, ‘order’, ‘opposition’, or ‘deliberation’ (cf. vi-√ bhid (वि-√ भिद्), -śiṣ (-शिष्), -dhā (-धा), -rudh (-रुध्), -car (-चर्), with their nominal derivatives) sometimes it gives a meaning opposite to the idea contained in the simple root (e.g. √ krī (क्री), ‘to buy’; vi-√ krī (वि-√ क्री), ‘to sell’), or it intensifies that idea (e.g. √ hiṃs (हिंस्), ‘to injure’; vi-√ hiṃs (वि-√ हिंस्), ‘to injure severely’). The above 3. vi (वि) may also be used in forming compounds not immediately referable to verbs, in which cases it may express ‘difference’ (cf. 1. vi-lakṣaṇa (वि-लक्षण)), ‘change’ or ‘variety’ (cf. vi-citra (वि-चित्र)), ‘intensity’ (cf. vi-karāla (वि-कराल)), ‘manifoldness’ (cf. vi-vidha (वि-विध)), ‘contrariety’ (cf. vi-loma (वि-लोम)), ‘deviation from right’ (cf. vi-śīla (वि-शील)), ‘negation’ or ‘privation’ (cf. vi-kaccha (वि-कच्छ), being often used like 3. a (अ), nir (निर्), and nis (निस्) [qq.vv.], and like the Lat. dis, se, and the English a, dis, in, un &c.) in some cases it does not seem to modify the meaning of the simple word at all (cf. vi-jāmi (वि-जामि), vi-jāmātṛ (वि-जामातृ)) it is also used to form proper names out of other proper names (e.g. vi-koka (वि-कोक), vi-pṛthu (वि-पृथु), vi-viṃśa (वि-विंश)). To save space such words are here mostly collected under one article but words having several subordinate compounds will be found s.v.",NULL
46345,301081,śad-,"fall off, fall out","śad (शद्)","2. śad (शद्)   cl. 1. 6. Ā. (Dhātup. xx, 25; xxviii, 134) śīyate (शीयते) (cf. Pāṇ. vii, 3, 78; P. in non-conjugational tenses, i, 3, 60; pf. śaśada (शशद), śeduḥ (शेदुः), Br.; fut. śatsyati (शत्स्यति), AV.; aor. aśadat (अशदत्) Gr.; fut. śattā (शत्ता), ib. ; inf. śattum (शत्तुम्), ib.), to fall, fall off or out, AV.; Br.; Bhaṭṭ. : Caus. śādayati (शादयति), to impel, drive on (cattle), Pāṇ. vii, 3, 42;  śātayáti (शातयति), °te (°ते) (cf. ib.), to cause to fall off or out or asunder, hew or cut off, knock out, AV. &c. &c.; to fell, throw down, slay, kill, MBh.; Hariv.; R.; to disperse, dispel, remove, destroy, Gobh.; Śiś.; Suśr. : Desid. śiśatsati (शिशत्सति) Gr.: Intens. śāśadyate (शाशद्यते), śāśatti (शाशत्ति), ib.",NULL
69191,301175,sá-dhrī,together,"sadhri (सध्रि)","2. sadhri (सध्रि)   (= 2. saha (सह)), with, along with, together with, Pāṇ. vi, 3, 95",NULL
69216,301182,samá-,"even, equal, the same","sama (सम)","2. sama (सम)   mf(ā (आ))n. (prob. originally identical with prec.; cf. samāna (समान)) even, smooth, flat, plain, level, parallel (karṇa-s° (कर्ण-स्°), ‘on a level with the ear’; bhūmi- (भूमि-) or bhūmeḥ samaṃ-√ kṛ (भूमेः समं-√ कृ), ‘to make level with the earth’), RV. &c. &c. same, equal, similar, like, equivalent, like to or identical or homogeneous with (instr., e.g. mayā sama (मया सम), ‘like to me’; or gen., rarely abl.), like in or with regard to anything (instr. gen. loc., or -tas (-तस्), or comp.; samaṃ-√ kṛ (समं-√ कृ), ‘to make equal, balance’), ib. always the same, constant, unchanged, fair, impartial towards (loc. or gen.), ib. even (not ‘odd’), a pair, VarBṛS. having the right measure, regular, normal, right, straight (samaṃ-√ kṛ (समं-√ कृ), ‘to put right or in order’), AitBr. &c. &c. equable, neutral, indifferent, VarBṛS. equally distant from extremes, ordinary, common, middling, Mn.; MBh. &c. just, upright, good, straight, honest, ib. easy, convenient, Pañcat. full, complete, whole, entire, L. sama (सम)   m. peace (perhaps w.r. for śama (शम)), R.; Kām. the point of intersection of the horizon and the meridian line, Gol. N. of partic. zodiacal signs (esp. Vṛṣa (Vṛṣअ), kharkaṭa (खर्कṭअ), khanyā (खन्य्ā), Vṛścika (Vṛśचिक), ṃakara (ंअकर), and ṃīna (ंīन)), MW. a kind of straight line placed over a numerical figure to mark the process of extracting the square root, ib. (in music) a kind of time, Saṃgīt. a grass-conflagration, L. a jhina (झिन), Gal. N. of a son of dhharma (ध्हर्म), VP. of a son of dhhṛtarāṣṭra (ध्ह्ṛतर्āṣṭर), MBh. of a king of the ṅandi-vega (ङन्दि-वेग)s (v.l. śama (शम)), ib. sama (सम)   (am (अम्)), n. level ground, a plain (same bhū́myāḥ (समे भूम्या॑ः), ‘on level ground’), AV.; ŚBr.; Mn.; MBh.; R. equability, equanimity, imperturbability, MBh. likeness, similarity, equality (ena (एन), ‘equally, in the same manner’), Kāś. on Pāṇ. ii, 3, 18 right measure or proportion (ena (एन), ‘exactly, precisely’), ŚBr. settlement, compensation, Mn. viii, 177 good circumstances, Mṛcch. (in rhet.) a partic. figure, sameness of objects compared to one another, Pratāp.; Kuval. (in geom.) a mean proportional segment (described as a fourth proportional to the two perpendiculars and the link or segment, and used for solving problems in a trapezium), Col. = samā (समा) f. a year (see pāpa-s° (पाप-स्°), puṇya-s° (पुण्य-स्°), and su-ṣama (सु-षम))",NULL
61451,301184,sam-amantē,"they vow","samam (समम्)","2. sam-√ am (सम्-√ अम्)   Ā. -amate (-अमते), to ask eagerly, solicit, win over, RV.; to fix or settle firmly, ib.; to ally or connect one's self with, AV.",NULL
69256,301214,sā́man-,"good conciliatory words, mildness, friendly accommodation","sāman (सामन्)","2. sāmán (सामन्)   n. (m. only in TBr.; prob. connected with √ sāntv (सान्त्व्); accord. to some fr. √ 1. sā (सा); cf. 3. sāman (सामन्)) calming, tranquillizing, (esp.) kind or gentle words for winning an adversary, conciliation, negotiation (one of the 4 ūpāya (ऊप्āय)s or means of success against an enemy, the other 3 being dāna (दान), bheda (भेद), and daṇḍa (दण्ड), qq.vv.; ibc. or instr. sg. and pl., ‘by friendly means or in a friendly way, willingly, voluntarily’), TBr.; &c.",NULL
69649,301221,sā́ra-,"pith of a tree (cf. lat. r??bur 'heartwood'), firmness, strength","sāra (सार)","2. sārá (सार)   m. n. (ifc. f(ā (आ)). ; perhaps to be connected with 1. sāra (सार) above; prob. fr. a lost root meaning ‘to be strong’) the core or pith or solid interior of anything, RV. &c. &c. firmness, strength, power, energy, AV. &c. &c. the substance or essence or marrow or cream or heart or essential part of anything, best part, quintessence (ifc. = ‘chiefly consisting of or depending on &c.’ [cf. para (पर)] e.g. dharma-sāraṃ jagat (धर्म-सारं जगत्), ‘the world chiefly depends on justice’; tūṣṇīṃ-sāra (तूष्णीं-सार) mfn. ‘chiefly silent’; sārat sāram (सारत् सारम्), ‘the very best’), AitBr. &c. &c. the real meaning, main point, MW. a compendium, summary, epitome (often ifc. in titles of books) a chief-ingredient or constituent part of the body (causing the peculiarities of temperament; reckoned to be 7, viz. sattva (सत्त्व), śukra (शुक्र), majjan (मज्जन्), asthi (अस्थि), medas (मेदस्), māṃsa (मांस), rakta (रक्त)), Suśr.; VarBṛS. any ingredient, Suśr. nectar, R.; BhP. cream, curds, L. worth, value (eṇa (एण), ‘in consideration of’, ‘according to’), Mn.; Yājñ. &c. wealth, property, goods, riches, Kāv.; Pur.; Rājat. (in rhet.) a kind of climax (uttaro (उत्तरो)ttaram utkarzaH), Sāh.; Kpr. resin used as a perfume, Suśr.; ŚārṅgS. water, Vās. dung, Kṛṣis. the matter formed in a boil or ulcer, pus, MW. impure carbonate of soda, ib. a confederate prince, ally, VarBṛS. (= 1. śāra (शार)) a piece at chess or backgammon &c. sārá (सार)   mf(ā (आ))n. hard, firm solid strong, MBh.; Kāv. &c. precious, valuable, Daś. good, sound, best, excellent, BhP.; Pañcar. sound (as an argument, thoroughly proved), W. full of (instr.), VarBṛS. motley, speckled (= śāra (शार)), Suśr.; Kād.",NULL
7097,301282,smārayati,"reminds (someone of)","smṛ (स्मृ)","2. smṛ (स्मृ)   cl. 1. P. (Dhātup. xxii, 35) smaráti (स्मरति) (mc. also °te (°ते); pf. sasmāra (सस्मार), sasmartha (सस्मर्थ), sasmaruḥ (सस्मरुः), MBh.; R. &c.; aor. asmārṣīt (अस्मार्षीत्), °ṣuḥ (°षुः), ib.; fut. smartā (स्मर्ता), smariṣyati (स्मरिष्यति), ib.; inf. smartum (स्मर्तुम्), ib.; ind.p. smṛtvā (स्मृत्वा), GṛŚrS.; smaritvā (स्मरित्वा), MBh.; -smṛtya (-स्मृत्य), smāram (स्मारम्) [q.v.] ib. &c.), to remember, recollect, bear in mind, call to mind, think of, be mindful of (gen. or acc.; the action remembered is expressed by a p.p. or an impf. with yad (यद्), ‘that’, or by a fut. without yad (यद्); the fut. may stand with yad (यद्), if there are two actions; cf. Pāṇ. ii, 3, 52; iii, 2, 112 &c.), RV. &c. &c.; to remember or think of with sorrow or regret, MBh.; to hand down memoriter, teach, declare, RPrāt., Kāś.; Pañcat.; to recite, Hcat. : Pass. smaryaté (स्मर्यते) (aor. asmāri (अस्मारि); Prec. smṛṣīṣṭa (स्मृषीष्ट) or smariṣīṣṭa (स्मरिषीष्ट)), to be remembered or recorded or declared (as a law) or mentioned in the śmṛti (श्म्ṛति) (with na (न), ‘to be passed over in silence’), Br.; Rājat.; Sarvad.; to be declared or regarded as, pass for (nom. or loc.), Āpast., Kāś. : Caus. smārayati (स्मारयति) (rarely smarayati (स्मरयति); mc. also Ā.; aor. asasmarat (असस्मरत्); Pass. smāryate (स्मार्यते) or smaryate (स्मर्यते)), to cause to remember or be mindful of or regret, MBh.; R. &c. (cf. Pāṇ. i, 3, 67, Sch.); to remind any one of (two acc. or acc. and gen. or rarely gen. of person), MBh.; Kāv. &c.: Desid. susmūrṣate (सुस्मूर्षते) (Pāṇ. i, 3, 57), to wish to remember, Bhaṭṭ. : Intens. sāsmaryate (सास्मर्यते) or sāsmarti (सास्मर्ति) Gr.",NULL
73410,301282,smárati,"remembers, commemorates","smṛ (स्मृ)","2. smṛ (स्मृ)   cl. 1. P. (Dhātup. xxii, 35) smaráti (स्मरति) (mc. also °te (°ते); pf. sasmāra (सस्मार), sasmartha (सस्मर्थ), sasmaruḥ (सस्मरुः), MBh.; R. &c.; aor. asmārṣīt (अस्मार्षीत्), °ṣuḥ (°षुः), ib.; fut. smartā (स्मर्ता), smariṣyati (स्मरिष्यति), ib.; inf. smartum (स्मर्तुम्), ib.; ind.p. smṛtvā (स्मृत्वा), GṛŚrS.; smaritvā (स्मरित्वा), MBh.; -smṛtya (-स्मृत्य), smāram (स्मारम्) [q.v.] ib. &c.), to remember, recollect, bear in mind, call to mind, think of, be mindful of (gen. or acc.; the action remembered is expressed by a p.p. or an impf. with yad (यद्), ‘that’, or by a fut. without yad (यद्); the fut. may stand with yad (यद्), if there are two actions; cf. Pāṇ. ii, 3, 52; iii, 2, 112 &c.), RV. &c. &c.; to remember or think of with sorrow or regret, MBh.; to hand down memoriter, teach, declare, RPrāt., Kāś.; Pañcat.; to recite, Hcat. : Pass. smaryaté (स्मर्यते) (aor. asmāri (अस्मारि); Prec. smṛṣīṣṭa (स्मृषीष्ट) or smariṣīṣṭa (स्मरिषीष्ट)), to be remembered or recorded or declared (as a law) or mentioned in the śmṛti (श्म्ṛति) (with na (न), ‘to be passed over in silence’), Br.; Rājat.; Sarvad.; to be declared or regarded as, pass for (nom. or loc.), Āpast., Kāś. : Caus. smārayati (स्मारयति) (rarely smarayati (स्मरयति); mc. also Ā.; aor. asasmarat (असस्मरत्); Pass. smāryate (स्मार्यते) or smaryate (स्मर्यते)), to cause to remember or be mindful of or regret, MBh.; R. &c. (cf. Pāṇ. i, 3, 67, Sch.); to remind any one of (two acc. or acc. and gen. or rarely gen. of person), MBh.; Kāv. &c.: Desid. susmūrṣate (सुस्मूर्षते) (Pāṇ. i, 3, 57), to wish to remember, Bhaṭṭ. : Intens. sāsmaryate (सास्मर्यते) or sāsmarti (सास्मर्ति) Gr.",NULL
78049,301288,svárati,"shines, appears","svar (स्वर्)","2. svar (स्वर्)   (prob. = a lost √ sur (सुर्); cf. √ svṛ (स्वृ)), cl. 1. P. svarati (स्वरति), Caus. svarayati (स्वरयति), to shine.",NULL
77893,301289,svídyati,sweats,"svid (स्विद्)","2. svid (स्विद्)   cl. 1. Ā. 4. P. (Dhātup. xviii, 4; xxvi, 79) svedate (स्वेदते) or svidyati (स्विद्यति) (Ā. svidyate (स्विद्यते), Yājñ.; p. svidyamāna (स्विद्यमान), Suśr.; pf. siṣveda (सिष्वेद) Gr.; siṣvide (सिष्विदे), MBh.; p. siṣvidāna (सिष्विदान), RV.; aor. asvidat (अस्विदत्), Śiś.; fut. svettā (स्वेत्ता), svetsyati (स्वेत्स्यति) Gr.; ind.p. -svedam (-स्वेदम्), Br.), to sweat, perspire, AitĀr.; ChUp.; KātyŚr.; MBh. &c.;  (svedate (स्वेदते)), to be anointed, Dhātup.; to be disturbed (?), ib. : Caus. svedayati (स्वेदयति) (aor. asiṣvidat (असिष्विदत्)), to cause to sweat, treat with sudorifics, Suśr.; to foment, soften, SāmavBr. : Desid. of Caus. sisvedayiṣati (सिस्वेदयिषति), Gr.: Desid. siṣvitsati (सिष्वित्सति), ib. : Intens. seṣvidyate (सेष्विद्यते), seṣvetti (सेष्वेत्ति), ib.",NULL
77894,301289,svḗdatē,sweats,"svid (स्विद्)","2. svid (स्विद्)   cl. 1. Ā. 4. P. (Dhātup. xviii, 4; xxvi, 79) svedate (स्वेदते) or svidyati (स्विद्यति) (Ā. svidyate (स्विद्यते), Yājñ.; p. svidyamāna (स्विद्यमान), Suśr.; pf. siṣveda (सिष्वेद) Gr.; siṣvide (सिष्विदे), MBh.; p. siṣvidāna (सिष्विदान), RV.; aor. asvidat (अस्विदत्), Śiś.; fut. svettā (स्वेत्ता), svetsyati (स्वेत्स्यति) Gr.; ind.p. -svedam (-स्वेदम्), Br.), to sweat, perspire, AitĀr.; ChUp.; KātyŚr.; MBh. &c.;  (svedate (स्वेदते)), to be anointed, Dhātup.; to be disturbed (?), ib. : Caus. svedayati (स्वेदयति) (aor. asiṣvidat (असिष्विदत्)), to cause to sweat, treat with sudorifics, Suśr.; to foment, soften, SāmavBr. : Desid. of Caus. sisvedayiṣati (सिस्वेदयिषति), Gr.: Desid. siṣvitsati (सिष्वित्सति), ib. : Intens. seṣvidyate (सेष्विद्यते), seṣvetti (सेष्वेत्ति), ib.",NULL
77919,301289,"svēdáyati ","makes sweat","svid (स्विद्)","2. svid (स्विद्)   cl. 1. Ā. 4. P. (Dhātup. xviii, 4; xxvi, 79) svedate (स्वेदते) or svidyati (स्विद्यति) (Ā. svidyate (स्विद्यते), Yājñ.; p. svidyamāna (स्विद्यमान), Suśr.; pf. siṣveda (सिष्वेद) Gr.; siṣvide (सिष्विदे), MBh.; p. siṣvidāna (सिष्विदान), RV.; aor. asvidat (अस्विदत्), Śiś.; fut. svettā (स्वेत्ता), svetsyati (स्वेत्स्यति) Gr.; ind.p. -svedam (-स्वेदम्), Br.), to sweat, perspire, AitĀr.; ChUp.; KātyŚr.; MBh. &c.;  (svedate (स्वेदते)), to be anointed, Dhātup.; to be disturbed (?), ib. : Caus. svedayati (स्वेदयति) (aor. asiṣvidat (असिष्विदत्)), to cause to sweat, treat with sudorifics, Suśr.; to foment, soften, SāmavBr. : Desid. of Caus. sisvedayiṣati (सिस्वेदयिषति), Gr.: Desid. siṣvitsati (सिष्वित्सति), ib. : Intens. seṣvidyate (सेष्विद्यते), seṣvetti (सेष्वेत्ति), ib.",NULL
41185,301292,"ha ","(enclitic particle)","ha (ह)","3. ha (ह)   ind. (prob. orig. identical with 2. gha (घ), and used as a particle for emphasizing a preceding word, esp. if it begins a sentence closely connected with another; very frequent in the bhrāhmaṇa (भ्र्āह्मṇअ)s and śūtra (श्ūत्र)s, and often translatable by) indeed, assuredly, verily, of course, then &c. (often with other particles, e.g. with tv eva (त्व् एव), u (उ), sma (स्म), vai (वै) &c.; na ha (न ह), ‘not indeed’; also with interrogatives and relatives, e.g. yad dha (यद् ध), ‘when indeed’; kad dha (कद् ध), ‘what then?’ sometimes with impf. or pf. [cf. Pāṇ. iii, 2, 116]; in later language very commonly used as a mere expletive, esp. at the end of a verse), RV.; &c.",NULL
40979,301299,háva-,invocation,"hava (हव)","2. havá (हव)   mfn. (fr. √ hve (ह्वे) or hū (हू); for 1. See p. 1293, col. 2) calling, RV. havá (हव)   m. call, invocation, ib.; AV. direction, order, command, L.",NULL
41612,301310,hḗman,"in winter","heman (हेमन्)","2. hemán (हेमन्)   (see hima (हिम) and next), winter (only used in loc., ‘in the winter’), TS.; Kāṭh.; ŚBr.",NULL
