lex_ref_link_id,reflex,gloss_eng,lemma_id,lemma,gloss,entry_str
34816,āgan,"have, possess",1177,AGAN,pres. part,"pres. part, ágende; pres. indic, ic, he áh, ðú áhst, pl. ágon, ágan, águn; p. ic, he áhte, ðú ahtest, pl. áhton; subj. ic, ðú, he áge, pl. ágen; p. ic áhte, pl. áhten; pp. ágen. I. to OWN, possess, have, obtain; possidere, habere, percipere :-- Ðe micel ágan willaþ who desire [will] to possess much, Bt. 14, 2; Fox 44, 13. Nú ic áh mǽste þearfe Now I have the utmost need, Byrht. Th. 136, 60; By. 175. Gesyle eall ðæt ðú age vende quæcumque habes, Mk. Bos. 10, 21. Ðú ðe áhst dóma geweald thou that hast power of dignities, Elen. Kmbl. 1448; El. 726. Áh him lífes geweald he hath power over life, Andr. Kmbl. 1036; An. 518 : Cd. 103; Th. 137, 8 ; Gen. 2270. Wuna ðǽm ðé ágon dwell with those who own thee, Cd. 104; Th. 138, 18; Gen. 2293 : 221; Th. 287, 3; Sat. 361. Ðæt hie heofonríce ágan that they shall possess heaven's kingdom, 22; Th. 27, 33; Gen. 427. Hí águn they possess, Exon. 33 b; Th. 106, 33; Gú. 50. Ðæt ic éce líf áge ut vitam æternam percipiam, Mk. Bos. 10, 17. He sealde eall ðæt he áhte vendidit omnia quæ habuit, Mt. Bos. 13, 46: Ps, Th. 147, 3: Beo. Th. 5210; B. 2608. Hi gewyrhto áhton They possessed merits, Cd. 196; Th. 244, 7; Dan. 444. Áhton, Ps. Th. 118, 79. Ðæt hí sige áhten that they had the victory, Bd. 3, 2 ; S. 524, 28. Dóm ágende possessing power. Andr. Kmbl. 1139; An. 570: Exon. 68 a; Th. 253, 26; Jul. 186. Ðeáh he feoh-gestreón áhte although he possessed riches, Exon. 66b; Th. 245, 13; Jul. 44. II. to make another to own or possess, hence, -- to give, deliver, restore; dare in possessionem, reddere, rependere :-- Éðelstówe ðé ic ágan sceal I shall give thee a dwelling-place, Cd. 130; Th. 164, 34; Gen. 2724. On hand ágan to deliver in hand, Ors. 3, 11? Ágan út to have or find out. Lett ágan ut, hú fela permit to find out, how many, Chr. 1085; Th. 353, 5. Ágan ERROR is the first of the following twelve Anglo-Saxon verbs, -- ágan, cunnan, dugan, durran, magan, mótan, munan, nugan, sculan, þurfan, unnan, witan, which are called præterito-præsentia, because they take their new infinitives and their present tenses from the perfects of strong verbs with their inflections. These new infinitives form their p. tenses regularly in accordance with the weak conjugations. Thus, the new infinitive. ágan has pres. ic, he áh = ág, pl. ágon; p. áhte = ágde, pl. áhton = ágdon. The inf. ágan and the pres. áh, pl. ágon [for igon], retaining preterite inflections, are taken from the p. of a strong verb, ascertained from áh [Goth, áih], which shews the á of the p. singular in the eighth class of Grimm's division of strong verbs [Grm. i. p. 837; Koch i. p. 253], and requires by analogy, with other verbs of the same class, the inf. ígan, the p. pl. igon, and the pp. igen. Thus we find the original verb ígan; p. áh, pl. igon; pp. igen. But in ágan the á of the singular indef. is kept in the pl. inf. and pp. The weak p. áhte = ágde, pl. áhton=ágdon are formed regularly from the weak infin. ágan. The same præterito-præsens may be generally observed in the following cognate words :--inf. pres. pl. p.Engl. owe, possidere, ought.Laym agen,ah,agen,ahte.O. Sax. égan,[éh],égunéhtaO. Frs. ága, hága,ách,ágonáchte.O. H. Ger. eigan,eigumés.Goth. áigan,áih,áigum,áihta.O. Nrs. eiga,á,eigum,átta. ERR???"
20123,ār,"benefit, mercy, honor, fortune",2036,ÁR,"honour, glory, rank, dignity, magnificence, respect, reverence;","honour, glory, rank, dignity, magnificence, respect, reverence; honor, dignitas, gloria, magnificentia, honestas, reverentia :-- Sý him ár and onwald be to him honour and power, Exon. 65 b; Th. 241, 28; Ph. 663. Ne wolde he ǽnige áre wítan nor would he ascribe any honour, Bd. 2, 20; S. 521, 29. He sundor líf wæs fóreberende eallum ðám árum he was preferring a private life to all honours, Bd. 4, 11; S. 579, 8. Nyton náne áre on nánum men they know no respect for any man, Bt. 35, 6; Fox 168, 25. Be ðære cirican áre according to the rank of the church, L. Alf. pol. 42; Th. i. 90, 10. He on his ágenum fæder áre ne wolde gesceáwian he would not look with reverence on his own father, Cd. 76; Th.95, 18; Gen. 1580."
27145,blāc,"pale, pallid",4554,blác,"bright, shining;","bright, shining; lucidus, splendidus :-- On bryne blácan fýres into the burning of the bright fire, Cd. 186; Th. 231, 13; Dan. 246. Lígetta hérgen bláce dýrne Dryhten lightnings bright praise the beloved Lord, Exon. 54 b; Th. 192, 16; Az. 107. Engel ða burh oferbrægd blácan lýge, hátan heaðowealme an angel spread over the town a bright flame, hot warlike floods, Andr. Kmbl. 3081; An. 1543. Blácum leóhte with bright light, Bt. Met. Fox 4, 15; Met. 4, 8. Lígetu bláce lightnings bright, Cd. 192; Th. 340, 3; Dan. 381."
40316,cyst,"object of choice, excellence",7255,cyst,Desirable,"Desirable; desiderabilis :-- Ne hí for áwyht eorþan cyste ða sélestan geseón woldan pro nihilo habuerunt terram desiderabilem, Ps. Th. 105, 20."
61674,earfoþ,"effort, work",8589,earfoþ,"Hardship, trouble","Hardship, trouble; lăbor, tribŭlātio :-- Má earfoða more of troubles, Guthl. 5; Gdwin. 32, 13. v. earfeðe."
36179,ǣfen,evening,385,ǽFEN,The,"The EVEN, evening, eventide; vesper, vespera :-- Syððan ǽfen cwom after evening came, Beo. Th. 2475; B. 1235. ǽfen ǽrest vesperum primum, Cd. 8; Th. 9, 7; Gen. 138. ǽfena gehwám in each of evenings, 148; Th. 184, 16; Exod. 108. Æt ǽfenne, on ǽfenne, or to ǽfenne, at even, in the evening, Ps. Spl. 29, 6. [Laym. aefen: Orm. efen: Gow. Chauc. even: N. Dut. avond: M. Dut. avont, m: Plat, abend, m: O. Sax. áband, m: O. Frs. ávend, m: Ger. abend, m; M. H. Ger. ábent, m: O. H. Ger. ápand, ábant, ábunt, m: Dan. aften, m: Swed. afton, m: Icel. aptan, aftan, m: confr. Grk. GREEK.]"
19586,eax,axle,8784,EAX,"An axis, axle-tree","An axis, axle-tree; axis :-- Neáh ðam norþende ðære eaxe near the north end of the axis, Bt. 39, 3; Fox 214, 20: 39, 13; Fox 232, 33: Bt. Met. Fox 28, 44; Met. 28, 22: 29, 36; Met. 29, 18. On ðære ilcan eaxe hwerfeþ eall rúma ródor all the spacious sky turns on the same axis, 28, 30; Met. 28, 15. Ymb ða eaxe about the axis, Bt. 39, 3; Fox 214, 23. On wǽnes eaxe hwearlaþ ða hweói, and sió eax stent stille the wheels turn on the waggon's axle-tree, and the axle-tree stands still, 39, 7; Fox 220, 27, 30, 31: 39, 8; Fox 224, 5. Sió nafu ferþ néhst ðære eaxe the nave goes nearest to the axle-tree, 39, 7; Fox 222, 2, 12, 20, 21, 22, 28. Twegen steorran synd gehátene axis, ðæt is ex, forðamðe se firmamentum went on ðam twám steorran, swá swá hweogel tyrnþ on eaxe, and forðí hi standaþ symle stille two stars are called axis, that is axle-tree, because the firmament turns on the two stars, as a wheel turns on an axle-tree, and because they always stand still, Bd. de nat. rerum; Wrt. popl. science 16, 12-15; Lchdm. iii. 270, 20-23. [Wyc. ax-tre, ex-tre an axle-tree: Plat, asse: Dut. as, f: Ger. achse, axe, f; M. H. Ger. ahse, f: O. H. Ger. ahsa. f; Dan. axe. m. f; Swed. axel, m; Icel. axull, öxull, m; öxul-tré, n: Lat. axis, m: Grk. GREEK, m: Lith. aszis, f: Sansk. aksha the axle of a wheel, a wheel, car.]"
37257,eð-,again,8832,ed-,"anew, again","anew, again, as the Latin re- meaning rursus, dēnuo, itĕrum. Edniwian to renew, to make new again; renŏvāre. [Wyc. ed-: Plat. O. Frs. et- in etmal: M. H. Ger. ite-: O. H. Ger. it-, ita-: Goth. id-: O. Nrs. ið-.]"
21813,æfter,"behind, after (adv.); after, behind, according to (prep. w. dat.)",444,æfter,dat.,"dat. - AFTER; post :-- Ne far ðú æfter fremdum godum go not thou after strange gods, Deut. 6, 14. Æfter þrím monþum after three months, Gen. 38, 24. Æfter dagum after those days, Lk. Bos. 1, 24. Cumaþ æfter me venite post me, Mt. Bos. 4, 19. Æfter þrým dagum [MS. dagon] ic aríse post tres dies resurgam, Mt. Bos. 27, 63. Ðá eóde ðæt wíf æfter him then the wife went after him, Bt. 35, 6; Fox 170, 13. Hám staðeledon, án æfter ódrum they established a home, one after another, Cd. 213; Th. 266, 22 ; Sat. 26. Æfter ðám wordum werod eall arás after those words all the host rose, Cd. 158; Th. 196, 29; Exod. 299: Exon. 28 b; Th. 86, 24; Cri. 1413. Wunder æfter wundre wonder afer wonder, Beo. Th. 1866; B. 931: Cd. 8; Th. 9, 19; Gen. 144 Cd. 46; Th. 59, 15; Gen. 964: Cd. 143; Th. 178, 1; Exod. 5 : Cd. 148; Th.184,18; Exod. 109: Cd. 227; Th. 304, 14; Sat. 630: Exon. 16 a; Th. 36, 8; Cri. 573: Exon. 18 a; Th. 44. 31; Cri, 711: Exon. 117 a; Th. 449, 32; Dóm. 80: Exon. 117 a; Th. 450, 3; Dóm. 82: Exon. 124 a; Th. 476, 20; Ruin. 10: Beo. Th. 170; B. 85: Beo. Th. 238; B. 119: Apstls. Kmbl. 163; Ap.82: Andr. Kmbl. 175; An. 88: Andr. Kmbl. 265; An. 133: Exon. 39 b ; Th. 130, 22 ; Gú. 442: Exon. 40 b ; Th. 134, 5; Gú. 503: Elen. Kmbl. 859; El. 430: Elen. Kmbl. 977; El 490: Exon. 118 a ; Th. 454, 10 ; Hy. 4, 30."
61793,ǣg,egg,489,ÆG,if he ask for an egg,"if he ask for an egg, Homl. Th. i. 250, 9. Ðæt æg [æig MS.] getácnaþ ðone hálgan hiht the egg betokens the holy hope, i. 250, 11. Gif he bit æg si petierit ovum, Lk. Bos. 11, 12. Gením hænne æges geolocan take the yolk of a hen's egg, L. M. 1, 2; Lchdm, ii. 38, 6. Sceáwa nú on ánum æge, hú ðæt hwíte ne biþ gemenged to ðam geolcan, and biþ hwæðere án æg look now on an egg, how the white is not mingled with the yolk, and yet it is one egg, Homl. Th. i. 40, 27, 28. On æge biþ gioleca on middan in on egg the yolk is in the middle, Bt. Met. Fox 20, 338 ; Met. 20, 169. Of ægerum from eggs, Exon. 59a; Th. 214, 2 ; Ph. 233. Ægru lecgan to lay eggs, Som.121. Æges hwíte white of an egg. Æmettan ægru gením take emmet's eggs, L. M. I, 87; Lchdm, ii. 156, 6. [Ger. ei, n. M. H. Ger. ei, g. eies, eiges, pl. eiger, n: O. H. Ger. ei, g. eies, eiges, pl. eigir, a: Dan. äg, n : Swed, ägg, n: O. Nrs. egg, n.]"
34836,ǣht,"possession, property",542,ǽht,"possessions, property, lands, goods, riches, cattle","possessions, property, lands, goods, riches, cattle; opes, substantia, possessio, greges :-- He hæfde mycele ǽhta erat habens multas possessions, Mk. Bos. 10, 22. Esau nam ealle his ǽhta, and eall ðæt he ǽhte Esau took all his goods, and all that he possessed, Gen. 36, 6. Grúndleás gítsung gilpes and ǽhta bottomless avarice of glory and possessions, Bt. Met. Fox 7, 30; Met. 7, 15. Israéla ǽhta the Israelites' possessions, Cd. 174; Th. 218, 23; Dan. 43. Genam on eallum dǽl ǽhtum sínum he took a part of all his possessions, 74; Th. 90, 23; Gen. 1499. Ealle his ǽhta omnem substantiam ejus, Ps. Th. 108, 11. II. possession, power; possessio, potestas :-- His miht and his ǽht ofer middangeard gebledsod his might and power is blessed throughout the earth. Andr. Kmbl. 3432; An. 1720. Ágan us ðis wuldres leóht eall to ǽhte let us get all this light of glory into our possession, Cd. 219; Th. 280, 11; Sat. 254. On ágene ǽht syllan in possessionem dare, Ps. Th. 104, 10, 39: 110, 4. [Scot. audit: O. H. Ger. éht, f: Goth, aíhts, f: O. Nrs. ǽtt, átt family] DER. gold-, máðum-, staðol-, wan-, won-."
35411,ǣl,awl,561,æl,e;f. An awl,"e;f. An awl; subula :-- Hwanon sceó-wyrhtan æl unde sutori subula, Coll. Monast. Th. 30, 33: L. Alf. 11; Th. i. 46, 10. Æl subula, Ælfc. Gl. 1; Som. 55, 27; Wrt. Voc. 16, 2. v. al."
19938,ǣr,earlier,724,ǽr,"Early, former, preceding, ancient","Early, former, preceding, ancient; prior, præcedens, antiquus :-- On ǽrne mergen in early morning; primo mane, Mt. Bos. 20, 1: Mk. Bos. 16, 9: Jn. Bos. 21, 4: Ps. Spl. 5, 3, 4. Fram ǽrne mergen óþ ǽfen from early morning till evening, Bd. 2, 14; S. 518, 8. Swá he wæs gyrstan dæg and ǽran dæg sicut erat heri et nudius tertius, Gen. 31, 5. Ðæs ǽran tácnes prioris signi, Ex. 4, 8. Forlýst he his ǽrran gód he loses his former good, Bt. 35, 6; Fox 170, 22. Of deáþe woruld awehte in ðæt ǽrre líf awoke the world from death into the former life, Elen. Kmbl. 609; El. 305: Exon. 113b; Th. 436, 11; Rä. 54, 12. On ðysse ǽrran béc præcedente libro, Bd. 4, 1; S. 563, 18. ǽrran dagas dies antiqui, Ps. Th. 142, 5: Beo. Th. 1819; B. 907. Weorpe ǽrest stán primus lapidem mittat, Jn. Bos. 8, 7. Se hér-búendra hearpan ǽrest hlyn awehte who first of dwellers here awoke the sound of the harp, Cd. 52; Th. 66, 5; Gen. 1079. Se ǽresta wæs Enos háten the first was called Enos, 50; Th. 64, 24; Gen. 1055. Wæs seó ǽreste costung ofercumen the first temptation was overcome, Exon. 39a; Th. 128, 32; Gú. 408. In ða ǽrestan ældu in the first age, 34a; Th. 108, 29; Gú. 80. Ða ǽrestan ælda cynnes the first of the race of men, 47a; Th. 160, 23; Gú. 948. Ðú eall oncneówe, ða ǽrestan eác ða néhstan tu cognovisti omnia, antiqua et novissima, Ps. Th. 138, 3. Æt ǽrestan at the first; primo, L. Alf. pol. 1; Th. i. 60, 2: Exon. 19a; Th. 49, 15; Cri. 786. DER. ǽr-ádl, -cwide, -dǽd, -dæg, -deáþ, -fæder, -gestreón, -geweorc, -gewinn, -gewyrht, -ing, -morgen, -mergen, -sceaft, -wéla, -woruld."
19942,ǣrest,first,761,ǽrest,first,"first, ERST ; primus :-- Weorpe ǽrest stán primus lapidem mittat, Jn. Bos. 8, 7: Cd. 52; Th. 66, 5; Gen. 1079. v. ǽr; adj."
36899,ærn,house,790,ærn,"A place, secret place, closet, an habitation, a house, cottage","A place, secret place, closet, an habitation, a house, cottage; locus, locus secretior, domus, casa :-- Bireþ into his ærne beareth into his habitation, L. In. 57; Th. i. 138, 16. [O. Nrs. rann, n.] DER. bere-ærn [-ern] a barley place, barn, blác-, blæc-, blǽc-, breáw-, carc-, cweart-, cwert-, dóm-, eást-, eorþ-, fold-, gæst-, gest-, gyst-, heal-, hédd-, holm-, hord-, mæðel-, medo-, meðel-, mold-, norþ-, slǽp-, súþ-, þryþ-, west-, wín-."
34661,ǣw,"law, sacred custom, marriage",1032,ǽw,law,"law], I, law, what is established by law, hence wedlock, marriage, a marriage vow; lex, matrimonium :-- Ðætte ryht ǽw gefæstnod wǽre that just law might be settled, L. In pref; Th. i. 102, 9: 1; Th. i. 102, 16. Rihtum ǽwe legitimo matrimonio, Bd. 4, 6; S. 573, 7, note. Se man ðæt ǽwe brycþ homo qui adulterium committit, L. M. I. P. 15 ; Th. ii. 268, 28. II. a female bound by the law of marriage, a wife; conjux legitima, uxor justa :-- Se ðe hæfþ ǽwe he who has a wife; qui legitimam uxorem habet, L. M. I. P. 17; Th. ii. 270, 6. Gif ceorl wið óðres riht ǽwe hǽmþ si maritus cum alterius legitima uxore adulteraverit, 18; Th. ii. 270, 10. Se man, ðe his riht"
19762,æx,axe,1067,ÆX,f.,"f. what is brought to an edge, An AXE, a hatchet, pickaxe; securis, ascia :-- Eallunga ys seó æx to ðæra treówa wurtrumum asett jam enim securis ad radicem arborum posita est, Mt. Bos. 3, 10. Mid æxum with axes, Ps. Th. 73, 6. On æxe in securi. Ps. Spl. 73, 7. Forðon seó æx [MS. H. sió æsc; seó eax B.] biþ melda, nalles þeóf because the axe is an informer, not a thief; quia securis acclamatrix potius est, non fur, L. In. 43; Th. i. 128, 23.[O.Sax. acus, f: N. Dut. akse, f: Ger. axt, f: M.H. Ger. ackes, f: O. H. Ger. achus. f; Goth.. aqizi,f; Dan. ökse: Swed, yxa: O. Nrs. öx, f; Lat. ascia, f; Grk.GREEK af-wj.]"
64530,ā-fȳran,castrate,1157,a-fyran,pp. ed,"pp. ed, yd [a, fýran castrare] To castrate; castrare :-- Afýred olfend a dromedary, a kind of swift camel; dromeda MS. Twegen afýryde men duo eunuchi. Gen. 40, 1."
21484,Angel,\N,1807,angel,"A hook, a fishing-hook","A hook, a fishing-hook; hamus :-- Wurp ðínne angel út mitte hamum, Mt. Bos. 17, 27. Swá swá mid angle fisc gefangen biþ as a fish is caught by a hook, Bt. 20; Fox 72, 11. [Plat. Dut. Ger. M. H. Ger. angel, m: O. H. Ger. angul, m: O. Nrs. öngull, m.]"
61149,atol,"dirus, atrox",2560,atol,"Terribleness, terror, horror, wretchedness","Terribleness, terror, horror, wretchedness; diritas, terror, horror, miseria :-- Sceal atol þrówian must suffer terror, Cd. 222; Th. 289, 10; Sat. 395. Is ðes windiga sele atole gefylled this windy hall is filled with horror, 216 ; Th. 273, 16 ; Sat. 137 : Exon. 26 a ; Th. 77. 33; Cri. 1266."
24246,baso,purple,2999,baso,Purple,"Purple; purpura, Cot. 85. DER. brún-baso, wealh-. v. basu."
24245,basu,purple,3003,basu,g. m. n.,"g. m. n. -wes; f. -re: pl. nom. m. f. n. -we: def. m. se baswa; adj. Purple, crimson; purpureus, phœ́niceus, coccineus :-- Sum brún, sum basu part brown, part purple, Exon. 60a; Th. 218, 17; Ph. 296. Baswe bócstafas crimson characters, Cd. 210; Th. 261, 10; Dan. 724. Basu hǽwen of purple colour or hue, of scarlet or crimson colour, Cot. 117. [Grimm, Wrtbch. i. 1243, connects the word with Goth. basi a berry: Ger. beere: A. Sax. berie.]"
25981,bearg,castrated male pig,3149,BEARG,"A castrated boar, a barrow pig","A castrated boar, a barrow pig; majālis :-- Amæsted swín, bearg bellende on bóc-wuda a fattened swine, a barrow pig [castrated boar] grunting in beech woods, Exon. 111 b ; Th. 428, 10 ; Rä. 41, 106. Bearh majalis, Ælfc. Gl. 20; Som. 59, 31; Wrt. Voc. 22, 72. [Plat. borg, m. a castrated boar pig : Dut. barg, m : Frs. baerg, m : Ger. borg-schwein : O. H. Ger. barc, barg, m. porcus castratus.]"
25725,bearn,child,3160,bearn,A,"A BEARN, child, son, issue, offspring, progeny; natus, infans, puer, filius, soboles, proles :-- Bearn Godes Son of God, Elen. Kmbl. 1624; El. 814. Nú is ðæt bearn cymen now is that child come, Exon. 8 b; Th. 5, 8 ; Cri. 66. Híg næfdon nán bearn non erat illis filius, Lk. Bos. 1, 7. Þurh bearnes gebyrd through the birth of a child, Exon. 8 b ; Th. 3, 18 ; Cri. 38. Beón mid bearne gravidam esse, Somn. 370. Bearn soboles vel proles, Ælfc. Gl. 91; Som. 75, 19. Geáta bearn the sons of the Goths, Beo. Th. 4374; B. 2184. He Noe gebletsade and his bearn he blessed Noah and his sons, Cd. 74; Th. 91, 1; Gen. 1505. Ðys synd Israéla bearna naman hæc sunt nomina filiorum Israel, Ex. 1, 1. Geseah his bearna bearn vidit filios filiorum suorum, Job Thw. 168, 35. Ge Godes bearn, bringaþ Gode ramma bearn filii Dei, afferte Domino filios arietum, Ps. Th. 28, 1. [Piers barn a child : Scot. and Northumb. bairn : O. Sax. barn, n : O. Frs. bern, n : O. H, Ger. barn, n : Goth. barn, n : Dan. Swed. Icel. barn, n. a child : what is borne, from beran to bear.] DER. cyne-bearn, dryht-, folc-, freó-, frum-, god-, hǽlu-, húsel-, sige-, þryþ-, woruld-. v. beran."
24695,bedd,bed,3290,bedd,a bed,"a bed; stratum, lectus, Cd. 101; Th. 134, 33; Gen. 2234. v. bed."
26294,beorg,"height, burial mound",3720,beorg,"a hill, mountain;","a hill, mountain; collis, mons :-- On Sýne beorg on Sion's hill, Exon. 20 b; Th. 54, 29; Cri. 876. Óþ ða beorgas ðe man hǽt Alpis to the mountains which they call the Alps, Ors. 1, 1; Bos. 18, 44; 16, 17. ǽlc múnt and beorh byþ genyðerod omnis mons et collis humiliabitur, Lk. Bos. 3, 5. Æt ðæm, beorge ðe man Athlans nemneþ at the mountain which they call Atlas, Ors. 1, 1; Bos. 16, 6."
26524,beorgan,protect,3722,BEORGAN,"cum dat. To save, protect, shelter, defend, fortify, spare, preserve;","cum dat. To save, protect, shelter, defend, fortify, spare, preserve; servare, salvare, custodire, tueri, parcere :-- Beorh ðínum feore salva animam tuam, Gen. 19, 17. Woldon feore beorgan they would save their lives, Andr. Kmbl. 3075; An. 1540. Beorh me, Drihten, swá swá man byrhþ ðám æplum on his eágum mid his brǽwum custodi me, Domine, ut pupillam oculi, Ps. Th. 16, 8. Ðæt se bittra bryne beorgan sceolde ǽfæstum þrím that the bitter burning should spare the pious three, Exon. 53 b; Th. 189, 10; Az. 57."
26293,beorh,"height, burial mound",3727,beorh,"A hill, mountain","A hill, mountain; collis, mons :-- ǽlc múnt and beorh byþ genyðerod omnis mons et collis humiliabitur, Lk. Bos. 3, 5. v. beorg."
26202,beorht,"shining, radiant",3733,BEORHT,BRIGHT,"BRIGHT, light, clear, lucid, splendid, excellent; splendidus, lucidus, coruscus, clarus, formosus :-- Eall ðín líchama biþ beorht totum corpus tuum lucidum erit, Mt. Bos. 6, 22. Beorht éðles wlite the land's bright beauty, Exon. 27 b; Th. 82, 32; Cri. 1347. Beorht sumor bright summer, 54 b; Th. 191, 29; Az. 95. To ðære beorhtan byrg to the bright city, 15 a; Th. 33, 1; Cri. 519. Beorhte burhweallas beorhte scínaþ the lucid city-walls shine brightly, Cd. 220; Th. 282, 31; Sat. 295. Ðá cwom sunnan beorhtra líg then came a fire, brighter than the sun, Elen. Kmbl. 2218; El. 1110. Hí módes eágan beorhtran gedón they make the mind's eye clearer, Bt. Met. Fox 21, 54; Met. 21, 27. Sum hafaþ beorhte stefne one has a clear voice, Exon. 79 b; Th. 298, 32; Crä. 94."
24559,bere,barley,3800,BERE,Barley,"Barley; hordeum :-- Ðá hét he him bere sǽd bringan inde hordeum jussit afferri, Bd. 4, 28; S. 605, 36 : Ælfc. Gr. 8; Som. 7, 63. Hira flex and hira beras [MS. bernas] wǽron fordóne eorum linum et hordea læsa sunt, Ex. 9, 31. [Scot. and North E. bear, bere barley : Goth. barizeins, adj. made of barley; hordeaceus : Swed. Norw. Icel. barr, n. I. spina abietis vel pinus, II. granum, semen, hordeum.]"
24339,betst,best,4086,betst,sup. def.,"sup. def. se betsta, betesta; seó, ðæt beteste; pos. gód [bet good; v. bet-líc good-like] Best, the best, first; optimus, primus :-- Ða þing ðe ge betstan gelífaþ [MS. betst ongelifaþ] ea quæ vos optima credebatis, Bd. 1, 25; S. 487, note 12. Scipio, se besta [Laud MS. betsta] Rómana witena Scipio, the best of the Roman senators, Ors. 5, 4; Bos. 104, 38; Cot. MS. Tib. B. I. fol. 85 b. Se betesta the best, Cot. 153. He sealde ðæt betste hors he gave the best horse, Bd. 3, 14; S. 540, 16. Ðara betstena sumes of some one of the best, Bt. 30, 1; Fox 110, 5. [Goth. bats? good; comp. batiza better; sup. batists best : O. Nrs. comp. betri better; sup. beztr best.]"
24965,bile,beak,4325,bile,A,"A BILL, beak of a bird, a proboscis, the fore part of a ship; rostrum, proboscis = πρoβoσκίs :-- Bile rostrum, Wrt. Voc. 77, 26. Ylpes bile vel wrót an elephant's proboscis, Ælfc. Gl. 18; Som. 58, 128; Wrt. Voc. 22, 42."
25385,blæc,black,4562,BLÆC,f.,"f. blæcre; def. m. se blaca, f. n. blace: bleac; adj. BLACK, swarthy; niger, fuscus :-- He hæfde blæc feax, and blácne andwlitan he had black hair, and a pale [lean, thin] countenance; nigro capillo, facie macilenta, Bd. 2, 16; S. 519, 33. Forðonðe ðú ne mæht ǽnne loc hwítne gewirce oððe blæcne quia non potes unum capillum album facere aut nigrum, Mt. Kmbl. Rush. 5, 36. Ofslógon ðone blacan Heawald they killed the black Heawald, Bd. 5, 10; S. 624, 40. Ða sind blace swíðe they are very black, Exon. 114 b; Th. 438, 28; Rä. 58, 2. Swearte wǽron lástas, swaðu swíðe blacu swart were their footsteps, their tracks very black, 113 b; Th. 434, 19; Rä. 52, 3. [Icel. blakkr niger, Egils. v. A. Sax. blæc ink.] [hand-pint] Observe the difference between blæc; gen. m. n. blaces, se blaca black, swarthy, and blác shining, pallid, bleak, pale, from blác; p. of blícan to shine; remark also blǽc pale, livid, from blǽcan to bleach, whiten. v. blícan, blǽcan."
25202,blǣst,"blowing, breath",4590,blǽst,A blowing,"A blowing, BLAST or gust of wind, a breeze; flatus :-- Sǽgrundas súþwind fornam, bæþweges blǽst the south wind, the sea breeze, dried up the depths of the sea, Cd. 158; Th. 196, 11; Exod. 290. [Chauc. blast: Laym. blæst: Ger. M. H. Ger. blast, m: O. H. Ger. blást, m: Icel. blástr, m.]"
25237,blēd,"shoot, branch, flower, fruit",4622,bléd,"A shoot, branch, flower, fruit","A shoot, branch, flower, fruit; germen, ramus, frons, flos, fructus :-- Ðæt cymen [MS. cyme] gréne bléda that green shoots come, Cd. 200; Th. 248, 24; Dan. 518. On ðæs beámes blédum on the branches of the tree, Cd. 200; Th. 248, 5; Dan. 508. Ne dreósaþ beorhte bléde bright fruits fall not, Exon. 56 a; Th. 200, 3; Ph. 35: 62 b; Th. 230, 2; Ph. 466. God lǽteþ hrusan syllan beorhte bléda beornum and þearfum God lets earth give delightful fruits to rich and poor, Hick. Thes. i. 135, 24. DER. wudu-bléd. v. blǽd."
27101,blēo,"color, appearance, form",4633,bleó,"a colour, hue, complexion","a colour, hue, complexion, Ælfc. Gl. 79; Som. 72, 78; Wrt. Voc. 46, 35. v. bleoh."
25869,brǣdan,"roast, fry",4922,BRǽDAN,"To roast, broil, warm","To roast, broil, warm; assare, fovere :-- We mágon brǽdan ða þing [þingc MS.] ðe to brǽdenne synd nos possumus assare qua assanda sunt, Coll. Monast. Th. 29, 21. Brédan, weormian fovere, Cot. 86. Brǽdende assans, Cot. 195. [Laym. breden: Scot. brade: Plat. braden, braën: Frs. briede: O. Frs. breda: Dut. braden: Ger. braten: M. H. Ger. bráten: O. H. Ger. brátan assare.] DER. gebrǽdan."
26342,brēaw,eyelid,4984,breáw,an eye-lid,"an eye-lid, Ælfc. Gl. 70; Som. 70, 63; Wrt. Voc. 42, 71: Ps. Lamb. 131, 4. v. brǽw."
27615,brēc,buttocks,4987,bréc,"the breech, breeches","the breech, breeches, L. M. 1. 71; Lchdm. ii. 146, 3 : R. Ben. 55 ; acc. s. and nom. pl. of bróc, f."
47091,brēme,famous,5034,BRÉME,"Celebrated, renowned, illustrious, famous, notable","Celebrated, renowned, illustrious, famous, notable, BRIM, glorious, esteemed; celeber, clarus, illustris, famosus, notus, coguitus :-- Og wæs bréme cyning on Basane Og was a celebrated king in Basan, Ps. Th. 135, 21: Menol. Fox 80; Men. 40. Ðæt is heálíc dæg, béntíd brému that is a high day, a celebrated time for supplication, 148; Men. 75. Ðis is anlícnes ðæs brémestan mid ðám burgwarum in ðære ceastre this is the image of the most celebrated amongst the inhabitants in the city. Andr. Kmbl. 1435; An. 718. Beówulf wæs bréme Beowulf was renowned. Beo. Th. 35; B. 18: Cd. 177; Th. 222, 13; Dan. 104. Ðá wearþ se bréma on móde blíðe then was the illustrious one blithe in mind, Judth. 10; Thw. 22, 10; Jud. 57. Ne hýrde ic bisceop brémran I have not heard a more illustrious bishop, Menol. Fox 205; Men. 104. Béc syndon bréme books are famous, Salm. Kmbl. 473; Sal. 237. Salomon wæs brémra, ðeáh ðe Saturnus sumra hæfde bóca cǽga Salomon was the more famous, though Saturn had the keys of some books, 366; Sal. 182. Fram gebyrdtíde brémes Cyninges from the birth-time of the glorious King [Christ], Chr. 973; Erl. 124, 20; Edg. 12. Hí Rómána brýmuste wǽron they were the most esteemed of the Romans, Ors. 2, 2; Bos. 41, 30. [Northumb. bróeme clarus.]"
27598,broc,misery,5173,bróc,"Affliction, misery, tribulation, trouble, labour, adversity, a disease, malady, sickness","Affliction, misery, tribulation, trouble, labour, adversity, a disease, malady, sickness; afflictio, miseria, tribulatio, labor, adversitas, morbus, ægritudo :-- God nyle nán unaberendlíce bróc him ansettan God wishes not to put on them any unbearable affliction, Bt. 39, 10; Fox 228, 4. Mid heardum bróce with severe [hard] affliction, Bt. 39, 11; Fox 228, 25. He on ðæm bróce nyle alǽtan ðás eorþlican wilnunga in affliction he will not give up these earthly desires, Past. 37, 3; Hat. MS. 50 a, 18, 21, 22: 36, 4; Hat. MS. 47 b, 7. Onðám brócum in these afflictions, Th. Diplm. A.D. 880-885; 485, 24. Ðæt hit sý gefreód ǽghwylcere uneáþnesse ealles woroldlíces bróces that it be freed from every annoyance of all worldly trouble, 1061; 389, 30: 864; 125, 13: Past. 37, 3; Hat. MS. 50 a, 7. Ðæt biþ swíðe hefig bróc it is a very severe labour; gravis labor est, 61, 1; Hat. MS. Eucharius wæs þearle geswenct mid langsumum bróce Eucharius was much afflicted with a protracted disease, Homl. Th. ii. 24, 16: 176, 32. Brócu miseriæ, Lye. DER. ge-bróc."
27980,brycg,bridge,5255,BRYCG,A,"A BRIDGE ; pons :-- Ðeós brycg hic pons, Ælfc. Gr. 9, 39; Som. 12, 59. Ðæt he ne myhte to ðære brycge cuman that he could not come to the bridge, Ors. 2, 5; Bos. 48, 14. Eádweard cyning hêt gewyrcan ða brycge ofer Treontan king Edward commanded the bridge over the Trent to be built, Chr. 924; Erl. 110, 10: 887; Erl. 84, 30: 1071; Erl. 210, 17: Ors. 2, 5; Bos. 46, 7. [Chauc. brigge: Piers P. brugg: R,Brun. brigge: R. Glouc. brugg: Plat, brugge, brügge, f: Frs. bregge : O. Frs. bregge, brigge , f: Dut. brug, f: Ger. brÜcke f: M. H. Ger. brucke, brücke, brügge, f: O. H. Ger. brucca, f: Dan. brygge, bro, m. f: Swed. brygga, bro, f: Icel. bryggja, brú, f.] DER. stân-bricg."
26507,bryne,fire,5300,bryne,"A burning, fire, flame, heat","A burning, fire, flame, heat; ustio, ardor, incendium, ignis, flamma, fervor:-- Ne se bryne beót mæcgum the burning did not hurt the youths. Cd. 187; Th. 232, 24; Dan. 265: Exon. 59a; Th. 213, 24; Ph. 229: 53b; Th. 189, 9; Az. 57. Mid ðý me of sweoran forþlifaþ seó reádnes and bryne ðæs swyles dum mihi de collo rubor tumoris ardorque promineat, Bd. 4, 19; S. 589, 31: Exon. 32a; Th. 101, 22; Cri. 1662. On bryne ge gremedon Drihten in incendio provocastis Dominum, Deut. 9, 22: Cd. 186; Th. 231, 12; Dan. 246. Þurh fýres bryne through the fire's burning, 197; Th. 245, 11; Dan. 461: Exon. 642; Th. 236, 16; Ph. 575. Hie sceolon þrówian biterne bryne they shall suffer bitter burning, Andr. Kmbl. 1231; An. 616. ǽr ðam ðe ðæt mynster mid byrne fornumen wáre priusquammonasterium esset incendio consumptum, Bd. 4, 25; S. 599, 18. Sebiscop ða brynas ðara húsa gebiddende adwæscte episcopus incendia domorum orando restinxerit, l, 19; S. 484, 36. Brego Caldéa gewát to ðarn bryne the prince of the Chaldeans went to the fire, Exon. 55b; Th. 196, 27; Az. 180. Hie ðone bryne fandedon they proved the fire, Cd. 196; Th. 244, 29; Dan. 455: Exon. 72b; Th. 270, 31; Jul. 473. Bryne stígeþ heáh to heofonum the flame rises high to heaven, Exon. 63a; Th. 233, 6; Ph. 520: 55b; Th. 196, 23; Az. 178. Beóþ amerede monna gǽstas þurh bryne fýres the souls of men will be proved through the fire's heat, 63b; Th. 234, 25; Ph. 545: Salm. Kmbl. 124; Sal. 61. [Laym, brune: O. Sax. brunni, m: Goth. brunsts, f: Icel. bruni, m.] DER. fær-bryne, helle-, lég-, líg-, mán-, sun-."
27790,brytta,distributor,5342,brytta,"A bestower, dispenser, distributor, prince, lord, God?","A bestower, dispenser, distributor, prince, lord, God? largitor, dispensator, administrator, princeps, dominus, Deus? -- Sinces brytta a dispenser of treasure, Cd. 89; Th. 111, 18; Gen. 1857: Judth. 10; Thw. 21, 22; Jud. 30: Beo. Th. 1219; B. 607: 3849; B. 1922: Exon. 76b; Th. 288, 3; Wand. 25. Goldes brytta a distributor of gold, Cd. 138; Th. 173, 26; Gen. 2867: 93; Th. 120, 20; Gen. 1997. Beága brytta a distributor of rings or bracelets, Beo. Th. 69; B. 35: 709; B. 352: 2978; B. 1487. Synna brytta the prince of sins, the devil. Elen. Kmbl. 1913; El. 958. Morðres brytta the prince of murder, the devil, Andr. Kmbl. 2342; An. 1172. Boldes brytta the lord of a house, Elen. Kmbl. 323; El. 162. Lifes brytta the Lord of life = God, Cd. 6; Th. 8, 10, 24; Gen. 122, 129: Exon. 12b; Th. 21, 14; Cri. 334: Andr. Kmbl. 1644; An. 823. Swægles brytta the Lord of heaven = God, Cd. 215; Th. 272, 24; Sat. 124: Exon. 12a; Th. 18, 10; Cri. 281. Tires brytta the Lord of power = God, 14b; Th. 29, 14; Cri. 462. [Icel. bryti; m. a steward, bailiff.]"
27788,bryttian,"divide, distribute",5346,bryttian,"To divide into fragments, dispense, rule, use","To divide into fragments, dispense, rule, use; dispensare frustatim, gubernare :-- Hí hit him bryttian sceoldon they should dispense it to them, Past. 44, 1; Hat. MS. 61a. 13. Land bryttade ruled the land, Cd. 62; Th. 75, 6; Gen. 1236. Mihton mægyn bryttigan might use force, Cd. 4; Th. 4, 12 ; Gen. 52. [Icel. brytja to chop, cut in pieces.]"
26741,bū,dwelling,5350,bú,"A dwelling, habitation","A dwelling, habitation; habitatio, habitaculum :-- Bearn hér bú námon, and ðǽr eardedon here children obtained a dwelling, and there settled, Ps. Th. 101. 25. Stanford and Deóra bý wǽron under Norþmannum Stamford and Derby [Deóra bý habitation of deer or animals] were under the Northmen, Chr. 942; Th. 210, 4; Edm. 8. Se ðe hús oððe bý hæfde qui domicilium habebat. UNCERTAIN Mk. Skt. Lind. 5, 3. [Plat. buw, m: O. Sax. bú, n: Dut. bouw, m: Ger. bau, m: M. H. Ger. bú, bou, m: O. H. Ger. pú, m: Dan. bo, m. f: Swed. bo, m: Icel. bú, n. domus: Sansk. bhú, f. the earth, site, place.]"
24007,būc,"belly, jug",5354,BÚC,"the belly, stomach;","the belly, stomach; venter, alvus:-- Hit is betwux túðum tocowen and into ðam búce asend it is chewed between the teeth and sent into the stomach, Homl. Th. ii. 270, 34."
26971,būgan,bend,5367,BÚGAN,intrans. To BOW,"intrans. To BOW or bow down oneself, bend, swerve, give way, submit, yield, turn, turn away, flee; se flectere vel inclinare, curvare, declinare, desistere, cedere, vertere, divertere, fugere:-- Hí noldon búgan to nánum deófolgilde they would not bow down to any idol, Homl. Th. ii. 18, 29: Rood Kmbl. 71; Kr. 36: Num. 25, 2. Ne eom ic wyrðe ðæt ic his sceóna þwanga búgende uncnytte, Mk. Bos. l, 7; I knelinge am not worthi for to undo the thwong of his schoon, Wyc. Seó eá, norþ búgende, út on ðone Wendel-sǽ the river, bending northward, [flows] out into the Mediterranean sea, Ors. 1, 1; Bos. 17, 33: Exon. 103a; Th. 390, 24; Rá. 9, 6. Seó eorþe nǽfre ne býhþ ne ufor ne nyðor ðonne se ælmihtiga Scyppend hí gestaðelode the earth never swerves neither higher nor lower than the almighty Creator established it, Bd. de nat. rerum; Wrt. popl. science 10, 19; Lchdm. iii. 254, 18. Hí bugon and flugon they gave way and fled, Chr. 999; Erl. 135, 25. Ic sceolde on bonan willan búgan 7 must submit to a murderer's will, Exon. 126b; Th. 486, 4; Rä. 72, 7: Beo. Th. 5829; B. 2918. Him beág gód dǽl ðæs folces a good part of the people submitted to him, Chr. 913; Erl. 102, 7: 921; Erl. 108, 1. He to fulluhte beáh he submitted to baptism, Homl. Th. i. 386, 32: Ex. 32, 26. Hí bugon to ðam they submitted to that, Jos. 9, 27: Chr. 975; Erl. 125, 24. ǽlc burhwaru wæs búgende to him every city was yielding to him, Jos. 11, 19. Búge ic to eówerum hǽðenscipe I will turn to your heathendom, Homl. Th. i. 70, 28. Híg bugon of ðam wege they have turned out of the way, Ex. 32, 8. Ðæt ge ne bugon eft to woruldþingum that ye turn not again to worldly things, Boutr. Scrd. 22, 46. Se Hǽlend beáh fram ðære gegaderunge the Saviour turned away from the company, Jn. Bos. 5, 13: Beo. Th. 5905; B. 2956. Búh fram yfele and dó oððe wyrc gód diverte a malo et fac bonum, R. Ben. in proœm. He sceal búgan fugere debeat, Ex. 21, 13: Gen. 19, 21: Byrht. Th. 139, 58; By. 276. Hí bugon fram beaduwe they fled from the fight, 137, 12; By. 185: Beo. Th. 5190; B. 2598. [Laym. buȝen, buwen: Orm. buȝhenn: Plat, bögen: Dut. buigen: Kil. buyghen: Ger. M. H. Ger. biegen: O. H. Ger. Goth. biugan: Icel. boginn bent: Sansk. bhuj to bend.] DER. a-búgan, an-, be-, bi-, for-, ge-, in-, on-, under-, ymb-."
26527,byrgan,bury,5590,BYRGAN,"raise a mound, to","raise a mound, to BURY; tumulare, tumulo condere, sepelire :-- Hí his líchaman on cyrican neáh weofode byrgan woldon they would bury his body in the church near the altar, Bd. 3, 19; S. 550, 10: Exon. 82b; Th. 311, 27; Seef. 98. Birge man hine ðæs ilcan dæges sepelietur in eadem die, Deut. 21, 23. Ðǽr hine man birgde ibi sepelierunt eum, Gen. 49, 31. Alýf me ǽrest byrigan mínne fæder permitte mihi primum sepelire patrem meum, Lk. Bos. 9, 59: 9, 60. Hine man byrigde swá him wel gebýrede they buried him as well became him, Chr. 1036; Th. 294, 21: Hy. 10, 29; Hy. Grn. ii. 293, 29. [Wyc. birie: Piers P. yburied, pp: Chauc. buried: R. Glouc. ybured: Laym. burien; Orm. birrȝenn: Dut. bergen: O. Dut. berghen condere, abscondere, servare, tueri: Ger. M. H. Ger. bergen: O. H. Ger. bergan, ga-bergan condere, recondere: Goth. bairgan tueri, conservare: O. Nrs. byrgja includere.] DER. be-byrgan, bi-, ge-: byrgen."
40352,cēace,molar,5884,CEÁCE,The jaw,"The jaw, CHEEK ; maxilla, mala, mandibula, gena :-- Ðæt tácen ðære bærnesse he on his ceácan bær signum incendii in maxilla portavit, Bd. 3, 19; S. 549, 16. He gehrán his ceácan contigit maxillam ejus, 3, 19; S. 549, 1. Ceácan malæ; , maxillæ, Wrt. Voc. 282, 58, 59. On hælftre and bridle ceácan heora gewríþ in camo et freno maxillas eorum constringe, Ps. Lamb. 31, 9. Ceácan mandibulæ, Wrt. Voc. 64, 46. Ceác-bán vel ceácan vel cin-bán mandibula, Ælfc. Gl. 71; Som. 70, 81; Wrt. Voc. 43, 14. Ðæt biþ gód sealf wið ðara ceácna [= ceácena] geswelle that is a good salve for swelling of the cheeks, L. M. 1, 5; Lchdm. ii. 48, 11. [Wye. cheek-boon the jaw: Piers P. R. Brun. cheke: Chauc. cheeke, cheke: Plat. käkel: O. Frs. keke, tziake, f: Dut. kaak, f; Kil. kaecke: Swed. kek, m: Icel. kjálki, m.]"
40163,cēol,"(*roundish) vehicle, ship",6021,CEÓL,The,"The KEEL of a ship, a ship; carina, celox, navis :-- Ðe brontne ceól ofer lagustrǽte lǽoan UNCERTAIN cwómon who came leading a high keel over the water-street, Beo. Th. 482; B. 238. Ðæt ðú us gebrohte brante ceóle, heá hornscipe, ofer hwæles éðel, on ðære mǽgþe that thou wouldst bring us with the steep keel, the high pinnacled ship, over the whale's home, to that tribe, Andr. Kmbl. 545-549; An. 273-275. Ceól celox, Glos. Epnl. Reed. 156, 12: Wrt. Voc. 288, 30. Ceól on lande stód the ship stood on land, Beo. Th. 3829; B. 1912: Exon. 90b; Th. 339, 20; Gn. Ex. 97. Ofer ceóles bord from the vessel's deck, 20b; Th. 54, 2; Cri. 86a: ILLEGIBLE Andr. Kmbl. 620; An. 310. In ðam ceóle wæs cyninga wuldor the glory of kings was in the ship, 1707; An. 856: Exon. 81b; Th. 306, 9; Seef. 5. He ceól gesóhte he sought the ship, Andr. Kmbl. 759; An. 380. Hí cómon on þrím ceólum to Brytene they came in three ships to Britain, Chr. 449; Erl. 13, 3: Bt. Met. Fox 21, 22; Met. 21, 11. Ceólas léton on brime bídan they let the ships abide in the sea, Elen. Kmbl. 500; El. 250. Hwanon cómon ge ceólum líðan whence came ye sailing in ships? Andr. Kmbl. 512; An. 256: Exon. 20a; Th. 53, 18; Cri. 852. [Plat. keel: Dut. kiel, f: Ger. M. H. Ger. kiel, m: O. H. Ger. chiol, cheol, chiel, m: Dan. kiöl, m. f: Swed. köl, m: Icel. kjóll, m.] DER. þriérēþre-ceól."
37827,cīnan,"burst, stand open",6153,cínan,"To gape, to break into chinks","To gape, to break into chinks; hiare, dehiscere, Som. Ben. Lye. DER. to-cínan."
38477,clǣne,pure,6253,CLǽNE,"pure, clear;","pure, clear; mundus, purus, merus, serenus :-- Ðonne án unclǽne gást biþ adrifen of ðæm men, ðonne biþ ðæt hús clǽne when an unclean spirit is driven out of a man, then the house is clean, Past. 39, 1; Hat. MS. 53a, 8. Swá swá clǽne nýten eodorcende in ðæt swéteste leóþ gehwyrfde quasi mundum animal ruminando in carmen dulcissimum convertebat, Bd. 4, 24; S. 598, 6: Homl. Th. i. 138, 20. Clǽne oflete, and clǽne wín, and clǽne wæter a pure oblation, and pure wine, and pure water, L. Edg. C. 39; Th. ii. 252, 13. Wæs seó lyft swíðe cléne the air was very clear, Chr. 1110; Erl. 243, 1. Se clǽna óþscúfeþ scearplíce the pure [bird] files quickly away, Exon. 58a: Th. 209, 8; Ph. 167. Ðæt land ic selle Cynulfe for syxtigum mancesa clǽnes goldes I sell the land to Cynulf for sixty mancuses of pure gold, Cod. Dipl. 313; A. D. 883; Kmbl. ii. 111, 21. Calic on handa Drihtnes wínes [MS. win] clǽnes [MS. clænis] full is calix in manu Domini vini meri plenus, Ps. Spl. 74, 7. Forbærne hit man on clǽnum fíre let a man burn it in a pure fire, L. Edg. C. 38; Th. ii. 252, 8: Exon. 55a; Th. 194, 11; Az. 137: Bt. Met. Fox 12, 9; Met. 12, 5. Clǽnre heortan mundo corde, Ps. Spl. 23, 4. Gebærnedne hláf clǽnne seóþ on ealdum wíne seethe pure toasted bread in old wine, L. M. 2, 2; Lchdm. ii. 180, 26. Cyning [MS. kynincg] sceal on Drihtne clǽne blisse habban a king shall have pure bliss in the Lord, Ps. Th. 62, 9. Ne acyr ðú fram ðínum cnihte ðín clǽne gesihþ ne avertas faciem tuam a puero tuo, 68, 17. Gewát him se hálga sécan ðone clǽnan hám the holy one departed to seek the pure home, Andr. Kmbl. 1956; An. 980. Húslfatu Caldéas clǽne genámon the Chaldeans took the clean vessels of sacrifice, Cd. 210; Th. 260, 10; Dan. 707. Clǽnum stefnum with pure voices, Elen. Kmbl. 1496; El. 750. God ðone ǽrestan ælda cynnes of ðære clǽnestan foldan geworhte God made the first of the race of men from the purest earth, Exon. 44b; Th. 151, 12; Gú. 794."
38310,clām,"sticky substance, clay",6271,clam,n?,"n? I. what is clammy, mud, clay; malagma, lutum :-- Wyrc swá to clame so work to clam [a clammy substance], Herb. 2, 11; Lchdm. i. 84, 3. Mid heardum weorcum clames operibus duris luti, Ex. l, 14. II. a bandage, what holds or retains, as a chain, net, fold, prison; vinculum :-- He ðé clamme belegde he loaded thee with a chain, Andr. Kmbl. 2386; An. 1194. Of ðǽm clammum with tnose chains, Bt. Met. Fox 1, 165; Met. 1, 83: Exon. 112a; Th. 429, 30; Rä. 43, 12. Gebindan ǽrenum clammum to bind with brazen bands, Cd. 200; Th. 248, 28; Dan. 520: Beo. Th. 2675; B. 1335: 1931; B. 963. v. clom; gen. clommes."
39009,cnēow,recognized,6427,cneów,knew; p. of,knew; p. of cnáwan.
32919,dēaf,deaf,7421,DEÁF,adj.,"adj. DEAF; surdus :-- Deáf surdus vel surdaster, Ælfc. Gl. 77; Som. 72, 21; Wrt. Voc. 45, 54. Ic swá swá deáf ne gehýrde ego tamquam surdus non audiēbam, Ps. Lamb. 37, 14. Eart ðú dumb and deáf thou art dumb and deaf, Exon. 99 a; Th. 370, 26; Seel. 65. Næddran deáfne aspĭdis surdæ, Ps. Lamb. 57, 5. Hwá geworhte dumne oððe deáfne quis fabricātus est mutum et surdum? Ex. 4, 11. Hí lǽddon him ǽnne deáfne and dumbne addūcunt ei surdum et mutum, Mk. Bos. 7, 32: Exon. 113 a; Th. 433, 3; Rä. 50, 2. Anlíc nædran seó hí deáfe déþ like an adder which makes herself deaf, Ps. Th. 57, 4. Eálá deáfa and dumba gást surde et mute spīrĭtus, Mk. Bos 9, 25. Deáfe gehýraþ surdi audiunt, Mt. Bos. 11, 5: Mk. Bos. 7, 37: Lk. Bos. 7, 22: Andr.Kmbl. 1154; An. 577. Ðæt ic dumbum and deáfum deófolgieldum gaful onháte that I promise tribute to dumb and deaf idols, Exon. 68 a; Th. 251, 24; Jul. 150. Ne wirige ðú deáfe curse not the deaf, Lev. 19, 14. Deáf corn deaf or barren corn, Past. 52, 9; Hat. MS. [Prompt. deffe surdus: Wyc. def: Piers P. deef, pl. deve: Chauc. deef: R. Glouc. deve: Plat. doov: O. Sax. douf: O. Frs. dáf: Dut. doof: Ger. taub: M. H. Ger. toup: O. H. Ger. toup, doup: Goth. daubs, daufs hardened, obdurate: Dan. döv: Swed. döf: Icel. daufr.] DER. a-deáf: deáfian, a-: deáfu: a-deáfung."
33112,dēop,deep,7576,DEÓP,adj.,"adj. DEEP, profound, stern, awful, solemn; prŏfundus, grăvis, sōlemnis :-- Ðes pytt is deóp this well is deep, Jn. Bos. 4, 11. Deóp wæter the deep water, Exon. 54 b; Th. 193, 19; Az. 124. Fíftena stód deóp ofer dúnum flód elna the flood stood fifteen ells deep over the hills, Cd. 69; Th. 84, 15; Gen. 1398. Noe oferláþ ðone deópestan drencflóda Noah sailed over the deepest of drowning floods, 161; Th. 200, 29; Exod. 364. Hú héh and deóp hell seó how high and deep hell is! 228; Th. 309, 9; Sat. 707. Deópra dolga of deep wounds, Exon. 114 a; Th. 438, 7; Rä. 57, 4. Wǽrun ðíne geþancas þearle deópe nimis profundæ factæ sent cogitatiōnes tuæ, Ps. Th. 91, 4. Deóp leán a deep requital, Cd. 167; Th. 209, 29; Exod. 506. Þurh deópne gedwolan through profound error, Exon. 70 a; Th. 260, 22; Jul. 301. Onguldon deópra firena they atoned for their deep crimes, 45 a; Th. 153, 23; Gú. 830. Þurh deópne dóm through stern doom, 42 a; Th. 142, 8; Gú. 641. On ðam deópan dæge on that awful day, 116 b; Th. 448, 24; Dóm. 59. Ðú míne sáwle ofer deópum deáþe gelǽddest eripuisti anĭmam meam de morte, Ps. Th. 114, 8. Deópne áþ Drihten aswór jurāvit Domĭnus solemne jurāmentum, 131, 11. Moyses sægde hálige spræce, deóp ǽrende Moses delivered a holy speech, a solemn message, Cd. 169; Th. 210, 20; Exod. 518. [Prompt. Wyc. depe: Piers P. dupe: Chauc. R. Glouc. depe: Laym. deop, deap: Orm. deope, depe, deop, dep: Plat. deep, deip: O. Sax O. Frs. diop, diap: Dut. diep: Kil. duyp: Ger. M. H. Ger. tief: O. H. Ger. tiuf: Goth. diups: Dan. dyb: Swed. djup: Icel. djúpr.] DER. un-deóp."
31828,dīc,"drainage ditch, canal",7643,dic,"a ditch, the excavation","a ditch, the excavation or trench made by throwing out the earth, a channel for water; fossa, excavātio vel scrŏbis unde terram fodĕrant :-- Ðonne to ðære díce hyman then to the corner of the ditch, Th. Diplm. A. D. 905; 495, 21. Ðonne on ðone weg, ðe scýt ofer ða díc then to the way, that leads over the ditch, Th. Diplm. A. D. 900; 145, 27. On ða díc to the ditch, Cod. Dipl. Apndx. 441; A. D. 956; Kmbl. iii. 437, 11, 15, 27. Of ðam bróc on ða ealdan díc from the brook to the old ditch, 556; A. D. 969; Kmbl. iii. 48, 21. On ða reádan díc in the reedy ditch, Cod. Dipl. 1172; A. D. 955; Kmbl. v. 332. 13. Binnon lytlum fæce wendon to Lundene; and dulfon ðá áne mycele díc, on ða súþ-healfe, and drógon heora scipa [scypo MS. Cot. Tiber. B. i; scipo MS. Cot. Tiber. B. iv] on west-healfe ðære brycge within a little space they went to London; and they then dug a great ditch, on the south side, and dragged their ships to the west side of the bridge, Chr. 1016; Th. 281, 4-7, col. 1."
33711,dor,gate,7809,DÓR,A large door,"A large door; porta :-- Ðæt ðú ðíne dóru mihtest bedón fæste that thou mightest shut fast thy doors, Ps. Th. 147, 2. Gáþ nú on his dóru intrāte portas ejus, Ps. Th. 99, 3. Hóh ða wyrte on ðam [MS. ðan] dóre hang the herbs on the door, Lchdm. iii. 56, 29. Forðon he ǽren dór eáðe gescéneþ [MS. gesceeneþ] quia contrīvit portas æreas, Ps. Th. 106, 15. Dúru doors, Exon. 97 b; Th. 364, 29. [Prompt. dore: Wyc. Piers P. Chauc. dore: Laym. dure, dore: Plat. döre a door; door a gate: O. Sax. dor, n. a door, gate: Frs. doare, doar: O. Frs. dore, dure a door: Ger. thüre, f. a door; thor, n. a gate: Goth. daúr, n; daúro, f: Dan. dör, n: Swed. dörr, f: Icel. dyrr, f: O. Nrs. dyrr, n: Grk. θύρα: Sansk. dvār, f; dvāra, n.] DER. Fífel-dór, hel-, helle, weall-. v. dúru, f."
33472,drāf,"drifting, drove, herd",7836,dráf,A,"A DROVE, herd, band; armenta, grex, agmen :-- Ðá ðá seó ormǽte micelnyss his orfes on ðære dúne læswede, sum módig fearr wearþ ángencga, and ðære heorde dráfe oferhogode when the immense multitude of his cattle was grazing on the mountain, an unruly bull wandered alone, and despised the companionship of the herd, Homl. Th. i. 502, 10. Oft twegen sǽmen oððe þrý hwílum drífaþ ða dráfe cristenra manna fram sǽ to sǽ sæpe duo tresve a pirātis christianōrum agmen congregātum a mari usque ad mare compellunt, Lupi Serm. i. 15; Hick. Thes. ii. 103, 34. Hí drifon heora dráfa into Medewæge they drove their herds into the Medway, Chr. 1016; Erl. 157, 4, 16."
33704,duru,door opening,8112,dúru,nom.,"nom. a; gen. ena; dat. um; acc. a, u; f: dúre, an; f. An opening, a door, the door of a house; ostium, jānua, fŏris :-- Dúru ymbstandennesse welerum mínum 'keep the door [opening ostium] of my lips,' Eng. versn. Ps. Lamb. 140, 3. Seó dúru wæs belocen clausa erat jānua, Mt. Bos. 25, l0. Dúru sóna on arn soon he rushed on the door, Beo. Th. 1447; B. 721. Dúra, Andr. Kmbl. 1998; An. l001. Ðá ða dúra wǽron belocene cum fores essent clausæ, Jn. Bos. 20, 19. Of ðære dúra from the door, Mt. Bos. 26, 71. Belocenum dúrum januis clausis, Jn. Bos. 20, 26. DER. eág-dúru, fóre-, helle-, hlín-: dúru-leás, -stod, -þegn, m. -þínen = þignen, f. -weard: dýr: ge-dýre, ofer-gedýre. v. dór, n."
31398,dyde,I did,8157,dyde,did,"did, Bt. 25; Fox 88, 36; p. of dón."
33252,dysig,silly,8231,DYSIG,adj.,"adj. DIZZY, foolish, unwise, stupid; stultus, insĭpiens, insānus :-- Dysig ná ongyt ðás ðing stultus non intellĭgit hæc, Ps. Sp1. 91, 6. He biþ swá dysig and swá ungewiss he is so foolish and so ignorant, Bt. 11, 2; Fox 34, 25. Ða dysige men foolish men, 33, 3; Fox 126, 8. Ða dysegan sint on gedwolan wordene the foolish are in error, Bt. Met. Fox 19, 57; Met. 19, 29. Híg sint dysegran they are more foolish, 19, 82; Met. 19, 41. Cyninga dysegast the most foolish of kings, 15, 22 ; Met. 15, 11. Dysegum neátum jumentis insipientĭbus, Ps. Th. 48, 11. Dysgum monnum by unwise men, Bt. 33, 4; Fox 130, 28: Bt. Met. Fox 28, 130; Met. 28, 65: Deut. 32, 21. [Plat. dusig, dösig, düsig giddy: O. Frs. dusig giddy: Dut. duizelig giddy: Ger. dusig, däsig stupid; duselig giddy: O. H. Ger. tusig stultus, hĕbes.]"
22686,ēac,also,8245,eác,"dat. With, in addition to, besides","dat. With, in addition to, besides; cum, præter :-- Gif ðú sunu áge, oððe swǽsne mǽg, oððe freónd ǽnigne eác ðissum idesum, aláide of ðysse leód-byrig if thou have a son, or beloved kinsman, or any friend with [in addition to] these damsels, lead [them] from this city. Cd. 116; Th. 150, 31; Gen. 2500. Ðæt gér wæs ðæt sixte eác feówertigum that year was the six and fortieth, i. e. the sixth with the fortieth, or the sixth increased with forty, Bd. 1, 3; S. 475, 16: 1, 13; S. 481, 35, 39: Bt. Met. Fox 1, 87; Met. 1, 44. DER. to-eác. v. eác; conj."
22745,ēad,"possession, wealth, fortune",8255,EÁD,"A possession, riches, prosperity, happiness, bliss","A possession, riches, prosperity, happiness, bliss; possessio, ŏpes, dīvĭtiæ, prospĕrĭtas, felīcĭtas, beatĭtūdo :-- Se him ðæt eád geféþ who gives the happiness to it, Exon. 60 b: Th. 220, 13; Ph. 319. Se rinc ageaf eorþcunde eád the prince gave up earthly happiness, Cd. 79; Th. 98, 8; Gen. 1627. Niótan ðæs eádes to have enjoyment of the bliss, Cd. 21; Th. 26, 5; Gen. 402. [O. Sax. ód, n. estate, wealth: O. H. Ger. ót, n. prædium: Icel. auðr, m. riches, wealth.]"
20684,ealdor,life,8403,EALDOR,life,"life; vita :-- Ealdres æt ende at life's end, Beo. Th. 5573; B. 2790. Ðe him wolde ealdres geunnan which would grant him life, Andr. Kmbl. 2263; An. 1133. On ðissum ealdre in this life, Ps. Th. 87, 14. Deáþ geþryðeþ ealdor ánra gehwæs death expels the life of every one, Exon. 62 b; Th. 231, 10; Ph. 487. Nalles for ealdre mearn he cared not for life, Beo. Th. 2889; B. 1442. He æt wíge gecrang ealdres scyldig he succumbed in battle, his life forfeiting, 2680; B. 1338: 4128; B. 2061. Ne wæs me feorh ðá gén ealdor in innan there was as yet no soul, no life within me, Exon. 103 a; Th. 391, 10; Rä. UNCERTAIN 10, 3 : Andr. Kmbl. 2276; An. 1139: Salm. Kmbl. 711; Sal. 355. Swá biþ geóguþe þeáw, ðǽr ðæs ealdres egsa ne stýreþ so is the wont of youth, where fear of life checks not, Exon. 38 b; Th. 127, 24; Gú. 391. On ealdre ealre in the whole life, Ps. Th. 126, 6."
23471,ēam,uncle,8541,EÁM,An,"An EAM, uncle chiefly on the mother's side; avuncŭlus :-- Eám avuncŭlus. Wrt. Voc. 72, 42 : Beo. Th. 1766; B. 881: Exon. 112b; Th. 431, 35; Rā. 47, 6: Chr. 1066; Erl. 203, 17. Nim ðé wif of Labanes dóhtrum ðínes eámes accĭpe tĭbi inde uxōrem de fīliābus Labāni avuncŭli tui. Gen. 28, 2: 29, 10: Ors. 1, 12; Bos. 35, 32: 2, 2; Bos. 41, 7: Bd. 5, 19; S. 637, 33. Romŭlus slóh his eám Romulus slew his uncle, Ors. 2, 3; Bos. 41, 43: Chr. 1046; Erl. 175, 5, 23. Mín eám avuncŭlus meus: mínes eámes fæder avuncŭlus meus magnus: mínes eámes yldre fæder proavuncŭlus meus: mínes eámes þridde fæder abavuncŭlus meus, Ælfc. Gl. 93; Som. 75, 65-71; Wrt. Voc. 52, 21-24. [Chauc, eem, eme: Laym. æm, eam, æem, hem: Plat. oom. m: Dut. oom, m: Frs. yem, yeme: O. Frs. em, m: Ger. ohm, oheim, m: M. H. Ger. óheim, oeheim, m: O. H. Ger. óheim, m.] For an uncle on the father's side, v. fædera."
22382,earh,arrow,8621,EARH,An,"An ARROW; sagitta :-- Earh áttre gemǽl the arrow stained with poison, Andr. Recd. 2661; An. 1333. [Laym. Chauc. arwe: Piers P. arwe, pl. arewes: Wyc. arewe, arwe: Goth. arhwazna. f. telum: O. Nrs. ör; gen. örvar. f. sagitta.]"
61682,earm,"poor, meager",8633,EARM,"poor, miserable, helpless, pitiful, wretched;","poor, miserable, helpless, pitiful, wretched; pauper, mĭser :-- Ðá com án earm wuduwe cum vēnisset vĭdua una pauper, Mk. Bos. 12, 42, 43: Bt. 39, 2; Fox 212, 16. Nú eart tú earm sceaða now art thou a miserable wretch, Cd. 214; Th. 268, 19; Sat. 57: 226; Th. 301, 9; Sat. 579: Ps. Th. 136, 8. Earm biþ se him his frýnd geswícaþ miserable is he whom his friends betray, Exon. 89 a; Th. 335, 22; Gn. Ex. 37. Se wæs ord-fruma earmre láfe who was the chief of the poor remnant, Cd. 179; Th. 225, 11; Dan. 152. Gé sindon earme ofer ealle menn you are wretched above all men, Andr. Kmbl. 1351; An. 676. Nó ic gefrægn earmran mannan I have not heard of a more miserable man, Beo. Th. 1159; B. 577. Ic wolde cweðan ðæt hi wǽron earmoste I should say that they were most miserable, Bt. 38, 2; Fox 198, 13: Exon. 110 a; Th. 421, 6; Rä. 40, 14."
36243,earn,eagle,8653,EARN,An eagle,"An eagle; aquĭla :-- Se earn the eagle, Herb. 31, 2; Lchdm. i. 128, 10. Earn aquĭla, Ælfc. Gl. 36; Som. 62, 107; Wrt. Voc. 29, 5: 62, 1: 77, 12: 280, 1. Swá earn his briddas spænþ to flihte and ofer híg fliceraþ, swá he tobrǽdde his feðeru sīcut aquĭla provŏcans ad vŏlandum pullos suos et super eos vŏlĭtans expandit ālas suas, Deut. 32, 11. Úrigfeðera earn sang ahóf the dewy-feathered eagle raised his song, Elen. Kmbl. 58; El. 29: 222; El. 111: Judth. 11; Thw. 24, 27; Jud. 210: Byrht. Th. 134, 60; By. 107: Exon. 111 a; Th. 426, l; Rä. 41, 67. Biþ ge-edniwad swylce earnes geógeþ ðín renŏvābĭtur ut aquĭlæ juventus tua, Ps. Lamb. 102, 5. Earnes brid an eagle's young, Exon. 59 a; Th. 214, 7; Ph. 235. Earnes mearh an eagle's marrow, Lchdm. iii. 14, 24. Se wonna hrefn fela earne secgan the dark raven [shall] say much to the eagle, Beo. Th. 6044; B. 3026: Exon. 59 a; Th. 214, 12; Ph. 338: Ps. Th. 102, 5. Ic onhyrge ðone haswan earn I imitate the dusky eagle, Exon. 106 b; Th. 406, 21; Rä. 25, 4: Chr. 937; Erl. 115, 12; Æðelst. 63. Swá hwǽr swá hold byþ, ðæder beóþ earnas gegaderode ubicumque fuĕrit corpus, illic congrĕgābuntur et aquĭlæ, Mt. Bos. 24, 28. Cómon earnas on flyhte eagles came in flight, Andr. Kmbl. 1725, An. 865. He sende blódige earnas he sent bloody eagles, Salm. Kmbl. 943; Sal. 471. [Chauc. erne: R. Glouc. ern: Laym. ærn, erne: Orm. ærn: Scot. ern, erne, eirne, earn: Plat. arend, aarn, aarnd: Dut. arend, m: Ger. aar, m: M. H. Ger. arn, m: O. H. Ger. arn, aro, m: Goth. ara, m; Dan. örn, m. f: Swed. Icel. örn, m.]"
36561,earwunga,"gratis, frustra",8688,earwunga,Without cause,Without cause; grātis:-- Afuhtan me
19683,ege,fear,9068,EGE,"Fear, terror, dread","Fear, terror, dread, AWE; tĭmor, terror, formīdo :-- Eorþcynincgum se ege standeþ terribĭli ăpŭd rēges terræ, Ps. Th. 75, 9. On ðǽm dagum wæs mycel ege fram ðǽm wífmannan in those days there was a great dread of these women, Ors. 1, 10; Bos. 33, 26: Bt. Met. Fox 1, 143; Met. 1. 72. Ege Drihtnes tĭmor Domĭni, Ps. Spl. 18, 10. Beó eówer ege and óga ofer ealle nítenu terror vester ac trĕmor sit sŭper cuncta anĭmālia terræ. Gen. 9, 2. Nis me ege mannes for áhwæðer non timēbo quid făciat mĭhi hŏmo, Ps. Th. 55, 4: 117, 6. Wearþ hit swá mycel æge fram ðam here there was so great awe of the army, Chr. 1006; Erl. 140, 31. Gefeallaþ [MS. gefeællæþ] ofer hí eige and fyrhto fear and dread shall fall upon them, Cant. Moys. Ex. 15, 19; Thw. 30, 19. Ða Bryttas mid mycclum ege flugon to Lunden-byrig the Britons fled to London in great terror, Chr. 456; Erl. 13, 29: 823; Erl. 63, 24. Ná dú ondrǽdst fram ege nihtlícum non timēbis a tĭmōre nocturno, Ps. Spl. 90, 5: Ps. Th. 118, 38: Bd. 5, 13; S. 632, 24. Ðu hæfdest eorþlícne ege thou hadst earthly awe, Homl. Th. i. 596, 8: Ors. 3, 9; Bos. 64, 9. Syleþ eallum mete, ðam ðe his ege habbaþ escam dĕdit timentĭbus se, Ps. Th. 110, 3: 59, 4. Ðe him Metodes ege, on his dǽdum, Drihten forhtaþ qui tĭmet Dŏmĭnum, 127, 5. [Laym, eȝe, eiȝe, eie, æie, m. awe, dread, anger: Orm. eȝȝe: M. H. Ger. ege, f: O. H. Ger. egi, agi, m. terror: Goth. agei, f: Dan. ave, m. f: Icel. agi, m. terror, discipline. DER. tíd-ege."
19691,egesa,fear,9082,egesa,"Fear, horror, dread","Fear, horror, dread; tĭmor, horror, terror, formīdo :-- Him gásta weardes egesa on breóstum wunode fear of the guardian of spirits dwelt in his breast, Cd. 138; Th. 173, 24; Gen. 2866: Beo. Th. 1572; B. 784: Andr. Kmbl. 789; An. 445: Rood Kmbl. 170; Kr. 86: Judth. 12; Thw. 25, 10; Jud. 252. Bútan Godes egsan [MS. B. egesan] without fear of God, Bd. 4, 12; S. 581, 1: Cd. 178; Th. 223, 23; Dan. 124: Andr. Kmbl. 914; An. 457. Sió dimme niht ofer eldum egesan ne brohte the dim night did not bring terror over men, Bt. Met. Fox 12, 34; Met. 12, 17: Cd. 202; Th. 250, 3; Dan. 541: Ps. Th. 66, 6. Egesan geaclod terrified with fear, Andr. Kmbl. 1609; An. 806: Beo. Th. 5465; B. 2736. [O. Sax. egiso, m: M. H. Ger. egese, eise, f. horror: O. H. Ger. ekiso, m; egis, agis, n. horror: Goth. agis, n. fear, terror, horror.] DER. bǽl-egsa, blód-egesa, flód-, folc-, gléd-, hild-, líg-, niht-, þeód-, wæter-."
35027,ellen,elder,9206,ellen,"Of elder, elder-","Of elder, elder-; sambūceus :-- Genim ellenne sticcan take an elder-stick, L. M. 1, 39; Lchdm. ii. 104, 7."
21319,enge,narrow,9394,enge,from confinement,"from confinement, Cd. 71; Th. 86, 23; Gen. 1435. v. engu."
34561,ēode,went,9430,eóde,"went, delivered.","went, delivered. Ps. Th. 60, 4: 67, 21: 94, 11; p. of gán."
37004,eom,to be,9473,eom,"I am, thou art, he is","I am, thou art, he is; sum, es, est: pl. sind, sindon [synd, sint, synt, sient, sindan, sindun, syndon, syndan, syndun, siendon, seondon, seondan, siondon, siondan, syondon; earon, earun, earan, aron] : pl. we, ye, they are; sŭmus, estis, sunt: subj. sí, sý, [sig, sige, síe, sýe, seó, sió] if I, if thou, if he be; sim, sis, sit; pl. sín, sýn [síe, sien, seón] if we, if ye, if they be; sīmus, sītis, sint :-- Ic eom, sum, is edwistlíc word and gebýraþ to Gode ánum synder-líce, forðanðe God is ǽfre unbegunnen, and unge-endod on him sylfum, and þurh hine sylfne wunigende 'Sum,' I am, is the substantive verb, and belongs exclusively to God alone, because God is ever without beginning, and without end in himself, and existing by himself, Ælfc. Gr. 32; Som. 36, 24-26. Ic eom weg, and sóþfæstnys, and líf ĕgo sum via, et vērĭtas, et vīta, Jn. Bos. 14, 6. Ic sylf hit eom ego ipse sum. Lk. Bos. 24, 39. Ic eom I am, Beo. Th. 676. ; B. 335: Fins. Th. 49; Fin. 24: Exon. 102b; Th. 388, 1; Rä. 6, 1: Cd. 19; Th. 24, 4; Gen. 372: Cd. 215; Th. 270, 28; Sae. 97: Ps. Th. 68, 6: Bd. 5, 19; S. 640, 40. [Orm. amm, arrt, iss, pl. arrn, sinndenn; subj. sí: Laym. eam, am, æm, em; eart, art, ært; his; pl. sunden, sundeþ, senden, sonden; subj. seo, sí; pl. seon, seoþ: O. Sax. is, ist, pl. sind, sint, sindon, sindun; subj. sí, sín: O. Frs. is, send; subj. se, sie: Ger. ist, sind; subj. sei, seien: M. H. Ger. O. H. Ger. ist, sint; subj. sí, sín: Goth im, is, ist, pl. sijum, sijuþ, sind; subj. sijau, sijais, sijai; pl. sijaima, sijaiþ, sijaina: O. Nrs. em, ert, er, erum, eruþ, eru; subj. sé, sér, sé, pl. séim, séiþ, séi: Grk. GREEK; Slav. jesmi, jesti: Sansk, asmi, asti.] DER. neom. v. wesan."
36786,eorre,"angry, embittered",9536,eorre,"Anger, wrath","Anger, wrath; īra :-- Warniaþ eów ðæs Drihtenes eorres and mínes beware of the Lord's anger and of mine, L. Ath. i. prm; Th. i. 196, 33: Ps. Lamb. 101, 11. v. yrre."
61815,ēowe,sheep,9625,eówe,f. A sheep,"f. A sheep, L. In. 55; Th. i. 138, 6, MSS. G. H. v. éwe, es."
62430,fǣcne,"deceitful, evil",9847,fǽcne,"Deceitful, fraudulent, guileful, wicked","Deceitful, fraudulent, guileful, wicked; subdŏlus, dŏlōsus, mălignus, nēquam :-- Swá oft sceaða fǽcne forféhþ eorlas as oft the guileful robber surprises men, Exon. 20 b; Th. 54, 20; Cri. 871. Hæfde fǽcne hyge he had a crafty soul, Cd. 23; Th. 29, 1; Gen. 443. Of firenfulra fǽcnum handum from the deceitful hands of the wicked, Ps. Th. 81, 4: 105, 10: 136, 3. DER. fela-fǽcne, un-."
62553,fæ̆̄ger,beautiful,9883,FÆGER,"Beauty, fairness","Beauty, fairness; pulchrĭtūdo :-- Ðæs líchoman fæger the body's beauty, Bt. 32, 2; Fox 116, 30. [O. H. Ger. fagarí, f.]"
63998,fǣr,"ambush, danger",9926,FǽR,m.,"m. FEAR, danger, peril; tĭmor, terror, pĕrīcŭlum :-- Hie se fǽr begeat the peril overwhelmed them, Beo. Th. 2141; B. 1068. Fǽr ongéton they felt fear, Cd. 166; Th. 206, 16; Exod. 452. [Wyc. R. Glouc. fere: Plat. vare, f. danger: O. Sax. fár, m. insĭdiæ: Dut. gevaar, n. danger: Kil. vaer mĕtus: Ger. fahr, ge-fahr, f. pĕrīcŭlum: M. H. Ger. vár, váre, m. snares: O. H. Ger. fára, f. insĭdiæ, pĕrīcŭlum: Dan. fare, m. f. danger: Swed. fara, f. peril: Icel. fár, n. harm, plague.] v. fǽr; adj. sudden."
62111,fæt,"vessel, barrel",10011,FÆT,"A vessel, cup","A vessel, cup, VAT; vas, călix :-- Swá swá fæt crocwirhtan oððe tygelwirhtan ðú tobrytst híg tamquam vas fĭgŭli confringes eos, Ps. Lamb. 2, 9. Fætes botm the bottom of a vessel; vāsis fundum, Cot. 92. Mid ðam fæte with the vessel, Homl. Th. ii. 158, 19. He oferwríhþ nán man mid fæte his onælede leóhtfæt nēmo autem lucernam accendens, opĕrit eam vāse, Lk. Bos. 8, 16. In seolfren fæt in a silver vessel, Elen. Kmbl. 2050; El. 1026. He mid róde tácne ðæt fæt bletsode he blessed the vessel with the sign of the cross, Homl. Th. ii. 158, 19. On ðæt fæt in călĭcem, Gen. 40, 11. Geseah he fyrnmanna fatu he saw vessels of men of yore, Beo. Th. 5515; B. 2761. Gecuron híg ða gódan on hyra fatu elēgērunt bŏnos in vāsa, Mt. Bos. 13, 48. Adrifene fatu graven or embossed vessels, Ælfc. G1. 67; Som. 69, 99; Wrt. Voc. 41, 49. Ne mæg man ðone strangan his ǽhta and his fatu bereáfian, and on his hús gán nēmo pŏtest vāsa fortis ingressus in dŏmum dirĭpĕre, Mk. Bos. 3, 27. Hú mæg min ingán on stranges hús, and hys fats hyne bereáfian quōmŏdo pŏtest quisquam intrāre in dŏmum fortis, et vāsa ejus dirĭpĕre, Mt. Bos. 12, 29. [Prompt. fate cupa: Scot. fat a cask, barrel: O. Sax. fat, n: Plat. vat, fat, n: Dut. vat, n: Ger. fass, n: M. H. Ger. vaȝ, n: O. H. Ger. faz, n: Dan. fad, n: Swed. Icel. fat, n.] DER. ár-fæt, bán-, drinc-, eorþ-, gold-, hord-, húsel-, lám-, leóht-, líc-, lyft-, máðum-, sealm-, sinc-, sync, -stán-, wǽg-, wæter-."
65452,fēa,little,10112,feá,"Even a little, ever so little","Even a little, ever so little; părum :-- Ne mágon feá gangan they cannot walk even a little, Ps. Th. 134, 18."
63007,fell,skin,10249,fell,"A fell, skin","A fell, skin; pellis :-- Fell pellis, Ælfc. Gr. 9, 28; Som. 11, 56: Wrt. Voc. 71, 18. Cealfes fell vĭtŭli cŏrium, Ex. 29, 14. v. fel a skin."
62274,fēon,hate,10333,feón,To hate,"To hate; ōdisse :-- He feóþ sáwle his ōdit ănĭmam suam, Ps. Spl. C. 10, 6: Cd. 43; Th. 56, 13; Gen. 911: Exon. 31 a; Th. 97, 31; Cri. 1599. Ic unrihta gehwylc feóde inīquĭtātem ŏdio hăbui, Ps. Th. 118, 163. Hie ðé feódon they hated thee, Elen. Kmbl. 711; El. 356. v. feógan."
63643,fierst,ridge (of roof),10633,fierst,The ceiling of a chamber,"The ceiling of a chamber; lăquear :-- Fierst lăquear, Glos. Epnl. Recd. 158, 66. v. fyrst II."
63603,first,"period of time, deadline",10765,first,"A space of time, time","A space of time, time; tempŏris spătium, tempus :-- Ðá wæs first agán then was the time expired, Andr. Kmbl. 393; An. 147. Óþ ðone first ðe hie wurdon swíðe meteleáse until the time that they were very destitute of food, Chr. 918; Erl. 104, 12: Bt. 38, 1; Fox 194, 27. v. fyrst."
61997,fōn,catch,11120,FÓN,"To grasp, catch, seize, to seize with hostile intention, take, undertake, accept, receive","To grasp, catch, seize, to seize with hostile intention, take, undertake, accept, receive; mănu comprehendĕre, captāre, căpĕre, accĭpĕre :-- Ne sceolde fón bíspell should not take a fable, Bt. 35, 5; Fox 166, 20. Mæg man fón folcgesteallan one may take his adherents, Cd. 15; Th. 19, 6; Gen. 287. On óðer weorc to fónne to take to other work, Bt. 39, 4; Fox 218, 4: Chr. 1009; Erl. 142, 28. Heó him to-geánes féng she grasped at him, Beo. Th. 3089; B. 1542. Se ðe mec féhþ ongeán he who is hostile towards me, Exon. 107b; Th. 410, 1; Rä. 28, 9: Beo. Th. 3515; B. 1755. We fóþ nú on ða axunga ðǽr we hí ǽr forléton we will now take up the questions where we before left them, Boutr. Scrd. 18, 44. Féngon Æðelwulfes twegen suna to ríce Æthelwulf's two sons took to the kingdom, Chr. 855; Erl. 70, 17. Ne preóst ne fó to woruldspræcum let not a priest take to worldly conversations, L. Ælf. C. 30; Th. ii. 354, 2. Ðú féhst on uncúþe thou takest to the unknown, Bt. 35, 5; Fox 164, 16. Hér beóþ fangene seólas and hronas here are caught seals and dolphins, Bd. 1, 1; S. 473, 16. Hí feng woldon fón they would take the booty, Chr. 1016; Erl. 156, 28, 12. Ðá féng Ælfred to ðam ríce then Ælfred took to the kingdom, Chr. 871; Erl. 76, 3: Jud. 13, 1. Fóh to me take from me; accipe a me, Cd. 228; Th. 308, 2; Sat. 686. Fóþ him on accĭpĭte eum, Bd. 5, 13? Lye. ǽlas fongene beóþ anguillæ căpiuntur, Bd. 4, 19; S. 590, 5. [Piers P. fangen, fongen: Chauc. fonge: Laym. fon, ifon: Orm. fon: O. Sax. fahan, UNCERTAIN fangan: Frs. fean, fangen: O. Frs. fa: Dut. vangen, vaan: Ger. fangen, fahen: M. H. Ger. váhen: O. H. Ger.fáhan: Goth. fahan: Dan. faa, faae: Swed. få, fånga: Icel. fá, fanga: Lat. pangĕre to fasten: Grk. GREEK to fasten: Sansk. paś to bind.] DER. a-fón, æt-, an-, be-, bi-, for-, fór-, fóre-, ge-, ofer-, on-, þurh-, to-, under-, úta-, wið-, ymb-, ymbe-."
63659,fore,before,11249,fóre,dat. acc.,"dat. acc. I. before; cōram, ante, in conspectu, præsente vel audiente ălĭquo, ante; with the dative; cum dătīvo :-- Se ár Godes ánne wísfæstne wer gehálgode fóre ðam heremægene the messenger of God consecrated a wise man before the host, Andr. Kmbl. 3299; An. 1652. Fela gé fóre monnum míðaþ ye conceal much before men, Exon. 39 a; Th. 130, 10; Gú. 436. Hý fóre leódum leóhte blícaþ they shall shine brightly before the people, 26 a; Th. 76, 13; Cri. 1239. Gehealdne sind sáwle wið synnum fóre sigedéman souls have been preserved from sins before the judge triumphant, Exon. 23 b; Th. 65, 28; Cri. 1061. Fóre Waldende before the Lord, 23 b; Th. 66, 12; Cri. 1070. Fóre onsýne écan Dryhtnes standaþ stíþferhþe the stout-hearted stand before the face of the eternal Lord, Andr. Kmbl. 1441; An. 721. Fóre eágum before the eyes, Exon. 27 a; Th. 81, 15; Cri. 1324. II. before; ante, with the accusative; cum accusātīvo :-- Sendon hira béne fóre bearn Godes they sent their petition before the Son of God, Andr. Kmbl. 2056; An. 1030. Ne sceal ic míne onsýn fóre eówere mengu míðan I shall not conceal my countenance before your multitude, Exon. 43 a; Th. 144, 17; Gú. 679. Fóre þreó niht before three nights, Andr. Kmbl. 369; An. 185. III. sometimes fóre follows its case or is separated from it :-- On ðone Drihten ðe ðes háligdóm is fóre hálig by the Lord before whom this relic is holy, L. O. 1. 2; Th. i. 178, 3, 12. Ðes ár me fóre stondeþ this messenger stands before me, Exon. 69 b; Th. 259, 5; Jul. 277. Cumaþ him fóre come before him, Ps. Th. 94, 6. Scíneþ ðé leóht fóre the light shines before thee, Cd. 29; Th. 38, 30; Gen. 614. Him wépan fóre plōrēmus cōram eo. Ps. Th. 94, 6."
63728,fram,"able, bold",12126,fram,"Valiant, stout, firm","Valiant, stout, firm; strēnuus :-- Geong and fram young and valiant, Bd. 4, 15; S. 583, 25. He wæs fram to Godes compe he was stout for God's battle, Andr. Kmbl. 467; An. 234. v. from."
65589,frēcne,"bold, wild",12192,frécne,"Horribly, savagely, fiercely, severely, insolently, boldly, dangerously","Horribly, savagely, fiercely, severely, insolently, boldly, dangerously; atrōcĭter, dūre, audacter, perīcŭlōse :-- Se wráða boda fylgde him frécne the dire messenger boldly followed him, Cd. 32; Th. 43, 9; Gen. 688: Beo. Th. 1923; B. 959: 3386; B. 1691. Hie hit frécne genéðdon they severely oppressed it, Cd. 170; Th. 214, 17; Exod. 570: Exon. 105 b; Th. 401, 23; Rä. 21, 16: Ps. Th. 67, 2: 103, 33: 104, 25. Ðæt him hit frécne ne meahte sceððan that it might not dangerously wound him, Beo. Th. 2069; B. 1032: Ps. Th. 114, 3."
65519,frēod,love,12241,freód,"Affection, good-will, friendship, peace","Affection, good-will, friendship, peace; ămor, dilectio, amīcĭtia, pax, grātia :-- Næs ðǽr mára fyrst freóde to friclan there was no more time to desire peace, Beo. Th. 5105, note; B. 2556. Swá ðú wið me freóde gecýðdest as thou hast manifested affection to me, Andr. Kmbl. 780; An. 390. Freóde ne woldon healdan they would not hold peace, Beo. Th. 4946; B. 2476. Ic forworht hæbbe ðíne lufan and freóde I have forfeited thy love and good-will, Cd. 48; Th. 63, 2 ; Gen. 1026: Exon. 10 a; Th. 11, 5; Cri. 166: Beo. Th. 3418; B. 1707. Ðæt ðú wille syllan sǽmannum feoh wið freóde that thou wilt give treasures to the seamen for their friendship, Byrht. Th. 132, 60; By. 39."
64582,fȳr,fire,12835,FÝR,n.,"n. FIRE, a fire, hearth; ignis, fŏcus :-- Búton he hæbbe swá scearp andget swá ðæt fýr unless he have an understanding as sharp as the fire, Bt. 39, 4; Fox 216, 28. Fýr ignis, Wrt. Voc. 284, 11 : Mk. Bos. 9, 44, 46 : Ex. 22, 6 : Lev. 10, 2 : Ps. Spl. 49, 4. Fýr ignis vel fŏcus, Wrt. Voc. 82, 51. Him befóran fóron fýr and wolcen fire and cloud journeyed before him, Cd. 146; Th. 183, 18; Exod. 93 : 169; Th. 212, 9; Exod. 536 : 192; Th. 239, 22; Dan. 374. Ðæs fýres gecynd is hát and dríe the nature of fire is hot and dry, Boutr. Scrd. 18, 22, 23. In fýres fæðm into the fire's embrace, Beo. Th. 372; B. 185. Fýres feng grasp of the fire, 3532; B. 1764. Lágon ða óðre fýnd on ðam fýre the other fiends lay in the fire, Cd. 17; Th. 21, 10; Gen. 322 : 24; Th. 31, 19; Gen, 487 : 117; Th. 152, 17; Gen. 2521. Sý hyt forcorfen, and on fýr aworpen excīdētur, et in ignem mittētur, Mt. Bos. 7, 19 : 17, 15 : Mk. Bos. 9, 43 : Lk. Bos. 3, 9 : Jn. Bos. 15, 6. Ne onæle gé nán fýr on ðam dæge non succendētis ignem per diem sabbăti, Ex. 35, 3 : 22, 6. Mid fýre with fire, Bt. 39, 4; Fox 216, 25. He sweartade fýre and áttre he blackened with fire and venom, Cd. 214; Th. 269, 26; Sat. 79 : 220; Th. 284, 21 : Sat. 325 : Beo. Th. 5183; B. 2595. [Wyc. fyr, fire : Piers P. fir : Chauc. fire : R. Glouc. fyur : Laym. fur : Orm. fir : Scot. fyre : Plat. vür, vüer, füer, n : O. Sax. fiur, n : Frs. fjœr : O. Frs. fior, fiur, n : Dut. vuur, n : Ger. feuer, n : M. H. Ger. viur, viuwer, viwer, n : O. H. Ger. fiur, n : Dan. fyr, m. f : Swed. fyr, m. a lighthouse, beacon : Icel. fúrr, m. fire : Lat. prūna, f. a burning coal : Grk. πûρ, n.] DER. ád-fýr, æled-, bǽl-, heáh-, heaðo-, helle-, líg-, wæl-, wælm-, wan-, won-."
65941,fyrs,"couch grass, field weed",12973,FYRS,m.,"m. FURZE, furze-bushes; genista, rhamnus, ulex eurōpæus, Lin: -- Fyrs rhamnus, Wrt. Voc. 80, 21. Fyrses berian arciotidas [ = GREEK juniper-berries], Glos. Brux. Recd. 43, 15; Wrt. Voc. 69, 30. Ær-ðan undergǽton eówre þornas fyrs priusquam intellĭgĕrent spīnæ rhamnum, Ps. Lamb. 57, 10: Lchdm. iii. 86, 17. Swá hwá swá wille sáwan westmbǽre land, atió ǽrest of ða þornas, and ða fyrsas whosoever will sow fertile land, let him first draw out the thorns, and the furze, Bt. 23; Fox 78, 22: Bt. Met. Fox 12, 6; Met. 12, 3. [Wyc. firse, frijse gorst, furze: Piers P. firses, pl.]"
41284,gād,"lack, need, desire",13032,GÁD,"n ? A lack, want, desire","n ? A lack, want, desire; defectus, pēnūria, desīdĕrium, appĕtītus :-- Ðæt ðám géngum þrým gád ne wǽre wiste ne wǽde that there should be no lack of food or clothing to the three youths, Cd. 176; Th. 222, 10; Dan. 102 : Elen. Kmbl. 1981; El. 992. Ne biþ ðé ǽnigra gád wilna there shall not be to thee a lack of any pleasures, Beo. Th. 1903; B. 949. Ne wæs me in healle gád there was not a want to me in the hall, Exon. 94 a; Th. 353, 20; Reim. 15. Ne wyrþ inc wilna gǽd there shall not be to you two a lack of pleasures, Cd. 13; Th. 15, 21; Gen. 236. Nis him wilna gád, ne meara, ne máþma, gif he ðín beneah there is not to him a desire for pleasures, nor horses, nor treasures, if he lacks thee, Exon. 123 b; Th. 475, 6; Bo. 43. [O. Sax. gédea, f. a want, in meti-gédea lack of food : Goth. gaidw, n. a want.]"
41285,gǣd,"lack, need, desire",13050,gǽd,"a lack, want","a lack, want, Col. 13; Th. 15, 21; Gen. 236. v. gád, es; n."
43169,gāl,"merry, lustful, proud",13163,GÁL,"Lust, wantonness, lightness, folly","Lust, wantonness, lightness, folly; lascīvia, lĭbīdo, luxŭria, lĕvĭtas :-- Hie hyra gál beswác their folly deceived them, Cd. 18; Th. 21, 21; Gen. 327. Gódes oððe gáles of good or evil, Exon. 23 a; Th, 64, 9; Cri. 1035. [Cf. Icel. gáll, m. a fit of gaiety.]"
40828,gāt,goat,13299,GÁT,nom. acc; gen.,"nom. acc; gen. gáte, gǽte; dat. gǽt; pl. nom. acc. gǽt, gét; gen. gáta; dat. gátum; f. A she-GOAT; capra :-- Ic blǽte swá gát I bleat as a goat. Exon. 106 b; Th. 406, 17; Rä. 25, 2. Gát capra vel capella, Wrt. Voc. 78, 33 : 287, 36 : 288, 16. Gáte blód goat's blood, Med. ex Quadr. 6, 4; Lchdm. i. 352, 3. Gáte flǽsc goat's flesh, L. M. 1, 31; Lchdm. ii. 72, 8. Gáte horn a goat's horn, Med. ex Quadr. 6, 1; Lchdm. i. 350, 17. Gǽte meolc goat's milk, L. M. 1, 7; Lchdm. ii. 52, 13. Genim ðæt wæter ðe innan gǽt byþ take the water which is inside a goat, Med. ex Quadr. 6, 10; Lchdm. i. 352, 19. Geoffra me áne þríwintre gát sūme mihi capram trīmam, Gen. 15, 9 : Lev. 3, 12 : 4, 28 : 5. 6. Hý beofiaþ fóre Freán, swá fúle swá gǽt they shall tremble before the Lord, as foul as goats, Exon. 26 a; Th. 75, 34; Cri, 1231. He asyndrode twáhund gáta sepărāvit capras ducentas, Gen. 32, 14. Gáta hús a goat-house; caprīle, Ælfc. Gl. 108; Som. 78, 112; Wrt. Voc. 58, 27. Gáta loc an enclosure for goats, Wrt. Voc. 288, 20. Gáta hierde a goat-herd, 288, 21. Gif seó offrung beó of gátum si oblātio est de capris, Lev. 1, 10. Drihten toscǽt hí on twá, swá swá scéphyrde toscǽt scép fram gátum : gelogaþ he ða scép on his swíðran hand, and ða gǽt on his wynstran the Lord will part them into two, as a shepherd parts sheep from goats : he will place the sheep on his right hand, and the goats on his left, Homl. Th. ii. 106, 27-29. Buccan oððe gét geseón ferþrunge getácnaþ to see bucks or goats betokens advancement, Somn. 126; Lchdm. iii. 206, 2. Gif ðú gesihst manega gét, ýdel getácnaþ if thou seest many goats it betokens vanity, 273; Lchdm. iii. 214, 1. Wæterbuca vel gát tippŭla [ = an insect that runs swiftly over the water, the water-spider, water-spinner], Ælfc. Gl. 23; Som. 60, 10; Wrt. Voc. 24, 14. [Chauc. gat : Laym. gat, got : Orm. gat : Dut. geit, f : Ger. geisz, f : M. H. Ger. O. H. Ger. geiz, f : Goth. gaits, f : Dan. ged, m. f : Swed. get, f : Icel. geit, f : Lat. hædus, m. a young goat, kid : Wel. gid, giten, f. a she goat, young goat.] DER. firgen-gát."
34715,geār,year,13427,GEÁR,A,"A YEAR; annus :-- Óðer com geár another year came, Beo. Th. 2272; B. 1134. Ðis wæs feorþes geáres his ríces this was in the fourth year of his reign, Chr. 47; Th. 10, 13, col. 1. On geáre in the year, Menol. Fox 218; Men. 110. Ðríwa on gére thrice a year, Thw. Exod. 23, 17. Hæfde me éce geár ealle on móde annos æternos in mente hăbui, Ps. Th. 76, 5 : Lk. Bos. 2, 36. Þreó and þritig geára three and thirty years, Cd. 224; Th. 296, 16; Sat. 503. Geárum fród old in years, l09; Th. 143, 19; Gen. 2381. Men hátaþ ðysne dæg geáres dæg, swylce ðes dæg fyrmest sý on geáres ymbryne men call this day [new] year's day, as if this day were the first in the year's circuit, Homl. Th. i. 98, 16. [Wyc. ȝeer, ȝer, ȝeers, ȝerys years : Piers P. yere : Chauc. yer, yere : R. Brun. ȝere : Laym. Orm. ȝer : Plat. jaar, jar, n : O. Sax. gér, jár, n : Frs. jier : O. Frs. ier, iar, ger, n : Dut. jaar, n : Ger. jahr, jar, n : M. H. Ger. jár, n : O. H. Ger. jár, n : Goth. yér, n : Dan. aar, n : Swed. år, n : Icel. ár, n : Bohem. gar, m. f. spring : Zend. yáre, n. year.] DER. freóls-geár, fyrn-. v. Grm. D. M. p. 715."
42768,geard,fenced plot of land,13436,GEARD,"An inclosure, inclosed place","An inclosure, inclosed place, YARD, GARDEN, court, dwelling, home, region, land; septum, lŏcus septus, hortus, ārea, habĭtācŭlum, domĭcĭlium, rĕgio :-- Se Godes cwide is weorþmynda geard the word of God is the garden of worship, Salm. Kmbl. 168; Sal. 83. On gearde deáþes sceade in rĕgiōne umbræ mortis, Mt. Bos. 4, 16. Ðæt ǽlc cóme to his ágenum gearde that each should come to his own land, Ors. 5, 14; Bos. 114, 18. On geard at home, Menol. Fox 215; Men. 109. In écne geard into the eternal home, Exon. 44 a; Th. 149, 17; Gú. 763 : 51 a; Th. 178, 8; Gú. 1241. Geard ymbtynde sepem circumdedit, Mt. Kmbl. Rush. 21, 33. Bráde synd on worulde gréne geardas in the world are broad green regions, Cd. 25; Th. 32, 30; Gen. 511. ǽr he on weg hwurfe of geardum ere he went away from his courts, Beo. Th. 535; B. 265 : Exon. 64 a; Th. 236, 23; Ph. 578. In geardum at home, Exon. 10 b; Th. 13, 11; Cri. 201 : 50 b; Th. 175, 13; Gú. 1194 : 61 a; Th. 223, 5; Ph. 355 : Beo. Th. 25; B. 13. Wit forléton on heofonríce gódlíce geardas we two have lost in the heavenly kingdom goodly courts, Cd. 35; Th. 46, 6; Gen. 740 : Beo. Th. 2272; B. 1134. On Fæder geardas in the dwellings of the Father, Salm. Kmbl. 832; Sal. 415 : Exon. 105 b; Th. 401, 7; Rä. 21, 8. [Wyc. ȝerd a field, garden : Piers P. yerd habitation : Chauc. yerde : O. Sax. gard, m : O. Frs. garda, m : Dut. Kil. gærde, gærd hortus : Ger. garten, m : M. H. Ger. garte, m : O. H. Ger. garto, gart, m. hortus, dŏmus : Goth. gards, m. house : Dan. gaard, m. f : Swed. gård, m : Icel. garðr, m : Lat. hortus, m : Grk. χόρτos, m. an inclosed place, feeding-place : Slav. grad, gorod a fence.] DER. eador-geard, eard-, fæder-, friþ-, leód-, middan-, ort-, wín-, wyrm-, wyrt-."
41504,geat,"door, opening",13501,GEAT,"A gate, door","A gate, door; porta, ostium, jānua :-- Ic eom sceápa geat ego sum ostium ŏvium, Jn. Bos. 10, 7, 9 : 10, 1, 2. Gangaþ inn þurh ðæt nearwe geat, forðonðe ðæt geat is swýðe wíd intrāte per angustam portam, quia lāta porta est, Mt. Bos. 7, 13, 14. Ðǽr is geat gylden there is the golden gate, Cd. 227; Th. 305, 19; Sat. 649. Þurh ðæs wealles geat through the gate of the wall, Judth. 11; Thw. 23, 32; Jud. 151 : Exon. 71 b; Th. 266, 21; Jul. 401. Ðá he geneálǽhte ðære ceastre gate cum appropinquāret portæ civĭtātis, Lk. Bos. 7, 12. Heó ðæt geat ðæs mynstres ontýnde illa apĕruit jānuam Monastērii, Bd. 3, 11; S. 536, 18. Ða gyldnan geatu hát ontýnan bid open the golden gates, Exon. I I b; Th. 16, 10; Cri. 251 : 16 a; Th. 36, 15; Cri. 576. Opnyaþ me gatu rihtwísnysse apĕrīte mihi portas justĭtiæ, Ps. Spl. 117, 19 : Exon. 12 b; Th. 20, 15; Cri. 318. On gaton in portis, Ps. Th. 126, 6. [Piers P. yates, pl. gates; gate a way : Chauc. yate a gate; gate a street, way : Laym. ȝæt : Orm. ȝate a gate; gate a way : Scot. yet, yett a gate : O. Sax. gat, n. a hole : Frs. gat : O. Frs. gat, iet, n. a hole : Dut. gat, n. a hole : Ger. gasse. f. a thoroughfare, narrow road : M. H. Ger. gat, n. a hole; gazze, f. a narrow road : O. H. Ger. gaza, f. vīcus, plălea : Goth. gatwo, f. plătea : Dan. gat, m. f. an aperture, opening : Swed. gata, f . a street, lane : Icel. gat, n. a hole; gata, f. a way.] DER. ben-geat, burh-, fæsten-, hord-, weall-."
64194,ge-frǣge,famous,14357,ge-frǽge,"Known, renowned, celebrated, remarkable, noted, famous, notorious, infamous","Known, renowned, celebrated, remarkable, noted, famous, notorious, infamous; nŏtus, mănĭfestus, celĕber, fāmōsus :-- Hæbbe ic gefrugnen ðætte is eástdǽlum on æðelast londa, firum gefrǽge I have heard tell that in eastern parts there is a land most noble, renowned among men, Exon. 55 b; Th. 197, 22; Ph. 3 : 44 b; Th. 151, 8; Gú. 792. Ic eom folcum gefrǽge I am noted among people, 130 b; Th. 500, 7; Rä. 89, 3 : Beo. Th. 109; B. 55. Wæs úre líf fracuþ and gefrǽge our life was vile and infamous, Exon. 53 a; Th. 186, 23; Az. 24 : Cd. 180; Th. 235, 10; Dan. 304. Hæleðum gefrǽgost most famous among men, 162; Th. 202, 27; Dan. 394. [O. Sax. gi-frági : Icel. frægr.]"
55678,ge-lýfan,(originally) make dear,15027,ge-lýfan,To make dear,"To make dear [leóf] :-- Dryhtne gelýfde endeared to the Lord [faithful to the Lord, Th.], Exon. 32 a; Th. 100, 22; Cri. 1645."
57106,ge-met,measuring; appropriate (adj.),15172,ge-met,"Fit, meet, proper","Fit, meet, proper; aptus, congruus, conveniens :-- Wearþ him hýrra hyge ðonne gemet wǽre he had a loftier soul than were meet, Cd. 198; Th. 247, 5; Dan. 492: 186; Th. 231, 21; Dan. 250: Andr. Kmbl. 2358 ; An. 1180, Swá him gemet þince as to him may seem fit, Beo. Th. 1379; B. 687: 6107; B. 3057. Ðæt hit gemet wǽre that it were fit, Ps. Th. 143, 4: Bt. Met.Fox 29, 86; Met. 29, 42. DER. un-ge-met."
46048,geong,young,15508,GEONG,adj.,"adj. YOUNG, youthful, new, recent, fresh; jŭvĕnis, adolescens, nŏvellus, rĕcens :-- Ðeáh ðe he geong sý folces hyrde although he be a young shepherd of his folk, Beo. Th. 3667; B. 1831: Rood Kmbl. 77; Kr. 39. Mǽden, oððe geong wífman puella, Wrt. Voc. 73, 5. Se geonga mann adolescens, Mt. Bos. 19, 22: Lk. Bos. 7, 14: Ors. 2, 4; Bos. 45, 12: Chr. 871; Erl. 75, 23. Ymb ðæs geongan feorh about the young man's life, Andr. Kmbl. 2236; An. 1119, On swá geongum feore in so young a life, Beo. Th. 3690; B. 1843. Me eáden wearþ, geongre it was granted to me young, Exon. 10 b; Th. 13, 11; Cri: 201. Ic ðé geongne gelǽrde I taught thee young, Bt. 8; Fox 24, 27: Andr. Kmbl. 1101; An. 551: 2222; An. 1112. Cýse geongne onfón gestreón getácnaþ to accept new cheese betokens gain, Lchdm. iii. 200, 29. Ðǽr geonge wiste wíc weardian where he knew the young [woman] to be abiding, Exon. 67 a; Th. 248, 6; Jul. 91. Ðæt he feorh geong eft onfón móte that it may again receive a new spirit, 62 a; Th. 228. 4; Ph. 433: 58 b; Th. 211, 3; Ph. 192. Sint geþreáde geonge gúþrincas my young warriors are rebuked, Andr. Kmbl. 783; An. 392: 1715; An. 860: 3060; An. 1533. Ða geongan leomu the young limbs, Exon. 87 a; Th. 327, 18; Vy. 5. Geongra gyfena of recent gifts, 65 a; Th. 239, 20; Ph. 624: 78 a; Th. 293, 16; Crä. 2. Geongum and ealdum to young and old, Beo. Th. 144; B. 72. He héht hine geonge twegen men mid síþian he bade two young men accompany him, Cd. 138; Th. 173, 27; Gen. 2867: Beo. Th. 4040; B. 2018. Geongra ic wæs, witendlíce ic ealdode jūnior fui, etenim sĕnui, Ps. Spl. C. 36, 26. Gingra bróðor a younger brother, Exon. 130 a; Th. 499, 2, note; Rä. 88, 9. Seó gingre the younger, Cd. 123; Th. 158, 5; Gen. 2612. Ic gyngra wæs jūnior fui, Ps. Spl. 36, 26. Gingran bróðor younger brothers, Exon. 129 a; Th. 496, 10; Rä. 85, 12. Ioseph gingst wæs hys gebróðra Joseph was the youngest of his brethren, Ors. 1, 5; Bos. 28, 7. Se gingsta ys mid úrum fæder mĭnĭmus cum patre nostro est, Gen. 42, 13, 32. Fram ðam yldestan óþ ðone gingestan a mājōre usque ad mĭnĭmum, 42, 12. [Wyc. ȝong: Chauc. yong: Laym. ȝunge, ȝenge, ȝeonge: Orm. ȝung, ȝunng: Plat. jung, junk: O. Sax. jung: Dut. jong: Frs. jong: O. Frs. jung, jong: Ger. jung: M. H. Ger. junc: O. H. Ger. jung: Goth. yuggs: Dan. Swed. ung: Icel. ungr: Lat. jŭvĕnis: Sansk. yuvan young.] DER. cild-geong, cniht-, ed-, fela-, heaðo-, magu-."
33996,gif,whether; if,16964,gif,"with indic. or subj. If, though, whether","with indic. or subj. If, though, whether :-- For ðý me þyncþ betre gif iów swǽ þyncþ therefore it seems to me better, if it seems so to you, Past. pref; Swt. 7, 6. Gif hie brecaþ his gebodscipe if they break his commandment, Cd. 22; Th. 28, 3; Gen. 434. Gif ic ǽnegum þegne þeóden-mádmas forgeáfe if to any follower I gave princely treasures, 22; Th. 26, 19; Gen. 409. Gif ðú him wuht hearmes gesprǽce he forgifþ hit ðeáh though thou didst speak to him aught of harm yet will he forgive it, 30; Th. 41, 23; Gen. 661. Frægn gif him wǽre niht getǽse asked whether the night had been pleasant to him, Beo. Th. 2643; B. 1319. Ðú wást gif hit is swá we secgan hýrdon thou knowest if it is as we heard say, 550; B. 272. [Laym. ȝif: Orm. ȝiff: Piers P. Chauc. ȝif, if: O. Frs. jef.]"
43256,gnorn,sorrow,17231,gnorn,"Sorrow, sadness, affliction","Sorrow, sadness, affliction; mæstitia :-- Ne biþ ðǽr ǽngum gódum gnorn ætýwed no sorrow shall there be shewn to any good man, Exon. 31 a; Th. 96, 19; Cri. 1576. Gnorn þrowian to suffer sadness, Beo. Th. 5310; B. 2658."
41548,gōd,good,17245,gód,adj.,"adj. GOOD; bonus :-- Þæs gódan gódnes biþ his ágen gód the goodness of the good is his own good, Bt. 37, 3; Fox 190, 14. Gód mann sóþlíce of gódum goldhorde bringþ gód forþ bonus homo de bono thesauro profert bona, Mt. Bos. 12, 35. Mæg ǽnig þing gódes beón of Nazareth a Nazareth potest aliquid boni esse? Jn. Bos. 1, 46. Crist, seðe ǽfre is gód ðeáh ðe we wáce sindon Christ who is ever good, though we are weak, Homl. Th. ii. 48, 20. Ðǽr wearþ Heáhmund bisceop ofslægen and fela gódra monna there was bishop Heahmund slain and many good men, Chr. 871; Erl. 74, 34. Þa men hie gefliémdon and hira gódne dǽl ofslógon the men put them to flight and slew a good part of them, 921; Erl. 106, 24: 913; Erl. 102, 7. Genim giþcornes leáfa gode handfulle take good handfuls of leaves of githcorn, L. M. ii. 65, 1; Lchdm. ii. 292, 10. Me is on gómum gód and swéte ðín ágen word quam dulcia faucibus meis eloquia tua, Ps. Th. 118, 103. Gód is ðæt man Drihtne andette bonum est confiteri domino, 91, 1: 134, 1. Cyning and cwén sceolon geofum gód wesan a king and queen shall be liberal, Exon. 90 a; Th. 338, 35; Gn. Ex. 84. Nis mon his gifena ðæs gód there is no man so good in his qualities, 82 a; Th. 308, 15; Seef. 40. He is to freónde gód he is good as a friend, 67 a; Th. 248, 28; Jul. 102. We ðǽr góde hwíle stódon we stood there a good while, Rood Kmbl. 140; Kr. 70. Him ðæt geleánaþ lífes waldend gódum dǽdum the ruler of life will repay them that with benefits, Exon. 117 a; Th. 450, 13; Dóm. 87. Þurh góde dǽda Gode lícian to please God by good deeds, Blickl. Homl. 129, 34. Ðám ðe gódes willan sýn to those who are of goodwill, 93, 10: 37, 27. Gódes lífes bysene onstellan to set an example of good life, 81, 6. Wæs he swíðe æþelra gebyrda and gódra he was of very noble and good birth, 211, 19. Góde sangeras good singers, 207, 31. [Goth. góds, góþs: O. Sax. O. Frs. gód: O. H. Ger. guot: Ger. gut: Icel. góðr.]"
43481,gripe,"grip, attack, jewel",17484,gripe,"Gripe, grip, grasp, hold, clutch, seizure:","Gripe, grip, grasp, hold, clutch, seizure: pugillus, prehensio, captus :-- Se gripe ðære hand pugillus, Ælfc. Gl. 72; Som. 71, 1; Wrt. Voc. 43. Gripe pugilla, Recd. 38, 72; Wrt. Voc. 64, 75. Eorþ-gráp heard gripe hrusan earth's grasp, the fast hold of the ground, Exon. 124 a; Th. 476, 15; Ruin. 8. Gripe méces oððe gáres fliht the falchion's clutch or the javelin's flight, Beo. Th. 3534; B. 1735: Andr. Kmbl. 373; An. 187: Exon. 67 b; Th. 250, 10; Jul. 125. Of gromra gripe from the cruel ones' clutch, Exon. 68 b; Th. 255, 16; Jul. 215: 71 b; Th. 265, 34; Jul. 391: Salm. Kmbl. 97; Sal. 48: Elen. Kmbl. 2601; El. 1302: Andr. Kmbl. 433; An. 217: 1901; An. 953. For mínum gripe for my grasp, Exon. 126 a; Th. 484, 11; Rä. 70, 6: Beo. Th. 2300; B. 1148. Staþole strengra ðonne ealra stána gripe stronger in position than the hold of all stones, Salm. Kmbl. 154; Sal. 76. [Laym. gripen; pl. grasps: cf. O. H. Ger. grif: Ger. griff.] DER. fǽr-, mund-, níð-, stán-, sweord-gripe."
70028,hādor,serene; serenity of the sky (n.),17765,hádor,"n [?] The clear, serene sky","n [?] The clear, serene sky; serenum :-- Under heofenes hádor under heaven's serene, Beo. Th. 832; B. 416. [Cf. O. H. Ger. heiteri serenum : Icel. heið the brightness of the sky.] Cf. rodor, and see hádor; adj."
46542,hǣl,"favorable omen, fortune, health",17827,hǽl,"Omen, auspice","Omen, auspice :-- Hǽl sceáwedon they observed the favourable omen (for Beowulf's undertaking), Beo. Th. 414; B. 204. [Icel. heill; n. omen, auspice : O. H. Ger. heil omen, auspicium.]"
51782,hæsel,hazel,17898,hæsel,The hazel,"The hazel :-- Hæsel corilus, Ælfc. Gl. 45; Som. 64. 95; Wrt. Voc. 32, 30. Hæsles ragu the lichen of hazel, L. M. i. 38, 8; Lchdm. ii. 96, 2 : L. M. 2, 52; Lchdm. ii. 270, 22. Hwít hæsel wich hazel; ulmus montana : saginus, Ælfc. Gl. 45; Som. 64, 96; Wrt. Voc. 32, 31. [Prompt. Parv. hesyl corulus, colurnus : Icel. hasl; m : O. H. Ger. hasal; m : hasala; f. corylus, amygdalus : Ger. hasel; f.] For special virtue of the hazel see Grmm. D. M. 927, and cf. hæslen. Cf. also the Icel. hasla völl to challenge to a duel on a field marked out by hazel poles."
47744,hǣst,"violence, vehemence",17904,hǽst,"Violence, fury","Violence, fury :-- Ic þurh hést hríno láðgewinnum I violently touch my foes, Exon. 104 b; Th. 397, 31; Rä. 16, 28. Fære ne móston wætres brógan hǽste hrínan the terrors of the water might not with violence touch the vessel, Cd. 69; Th. 84, 11; Gen. 1396. [Hǽste may also be taken either as adj. agreeing with brógan (v. next word), or as an adverb.] Grein compares with Goth. haifsts."
46583,hǣðen,heathen,17919,hǽðen,adj.,"adj. HEATHEN, pagan, gentile; and subst. a heathen :-- Twá folc ðæt is Iudéisc and hǽðen two peoples, that is Jew and gentile, Homl. Th. i. 206, 32. Ðes wæs hǽðen hic erat samaritanus, Lk. Skt. Rush. 17, 16. Gif ungefullod cild fǽrlíce biþ gebroht tó ðam mæssepreóste hé hit mót fullian sóna ðæt hit ne swelte hǽðen if an unbaptized child be brought to the mass-priest suddenly, he must baptize it at once, that it die not heathen, L. Ælfc. 26; Th. ii. 352, 17 : L. M. I. P. 42; Th. ii. 276, 15. Hér sæt hǽðen here on Tenet in this year a heathen [Danish] army sat in Thanet, Chr. 865; Erl. 70, 31. Óð ðone hǽðenan byrgels up to the heathen tomb, Cod. Dipl. Kmbl. ii. 250, 13. (The same phrase often occurs in the charters in the descriptions of boundaries.) Se hæfde wununge on hǽðenum byrgenum he had his dwelling among the tombs, Homl. Th. ii. 378, 26. Hér hǽðne men ǽrest ofer winter sǽtun in this year heathen [Danish] men first remained through the winter, Chr. 855; Erl. 68, 23 : 851; Erl. 66, 26. Bachsecg and Halfdene ða hǽðenan cyningas Bachsecg and Halfdene the heathen kings, 871; Erl. 74, 17. Ða ealdan Rómání on hǽðenum dagum ongunnon ðæs geáres ymbryne on ðysum dæge the old Romans, in heathen days, began the circuit of the year on this day, Homl.Th. i. 98, 20. Used substantively :-- Ðæt hé forgeáfe gódne willan ðam seócan hǽðenan that he would grant good will to the sick heathen, ii. 24, 33. Sume ða hǽðenan some of the heathens, i. 562, 28 : 560, 8. Ða hǽðenan on Norþhymbrum hergodon the heathens harried in Northumbria, Chr. 794; Erl. 39, 19. Ðyssera hǽðenra fǽrlícan deáþ sudden death from these heathens, Homl. Th. ii. 494, 31. Hǽðinra gentium, Lk. Skt. Lind. 21, 25. Hǽðenra þeównéd thraldom under the heathen, Cd. 189; Th. 235, 17; Dan. 307 : Hé hí on handgeweald hǽðenum sealde tradidit eos in manus gentium, Ps. Th. 105, 30. Hie férdon ongeán ðǽm héðnum they marched against the heathens, Blickl. Homl. 203, 3. [Cf. Goth. haiþno; f. a heathen, gentile woman : O. Sax. héðin : O. Frs. héthen : Icel. heiðinn : O. H. Ger. heidan ethnicus, gentilis, paganus, samaritanus : Ger. heide a heathen.] v. Grmm. D. M. 1198."
46539,hāl,whole,17974,hál,"Whole, hale, well, in good health, sound, safe, without fraud, honest","Whole, hale, well, in good health, sound, safe, without fraud, honest; often used in salutation :-- Iosep áxode hwæðer hira fæder wǽre hál Joseph asked whether their father were well, Gen. 43, 27. Se man wæs sóna hál statim sanus factus est, Jn. Skt. 5, 9. Se biþ hál geworden he shall be saved, Blickl. Homl. 21, 36. Hé þurh ðæt sóna wearþ hál geworden he was at once by that restored to health, 223, 26. Gif hie mon gelácnian mǽge ðæt hie hál síe if it [the broken sinew] can be cured so that it be sound, L. Alf. pol. 75; Th. i. 100, 4. Mannes sunu com sécean and hál dón ðæt forwearþ venit filius hominis quærere et saluare quod perierat, Lk. Skt. 19, 10. Gedó mé hálne salvum me fac, Mt. Kmbl. 14, 30 : Mk. Skt. 5, 34. Hine ðǽm mannum hálne and gesundne ágeaf restored him to the men safe and sound, Blickl. Homl. 219, 21 : 107,17. Ðú mé behéte hál and clǽne ðæt ðæt ðú mé sealdest thou didst declare to me that what thou didst sell me was sound and clean, L. O. 7; Th. i. 180, 22 : 9; Th. i. 182, 4. Hé hyne hálne onféng he hath received him safe and sound, Lk. Skt. 15, 27. Ic geaf hit on mínon hálan lífe intó Cristes cyrcean I gave it while of sound body to Christ's church, Cod. Dipl. Kmbl. iv. 305, 12. Ðá betǽhte Ecgferþ on hálre tungan land and bóc Dunstáne then Ecgferth in plain, unequivocal language delivered land and charter to Dunstan [cf. Icel. með heilum hug sincerely], Th. Chart. 208, 11. Hál wes ðú Iudéa cyning Haue rex Iudæorum, Mt. Kmbl. 27, 29 : Lk. Skt. 1, 28 : Andr. Kmbl. 1827; An. 916 : Beo. Th. 818; B. 407. Hále wese gé Havete, Mt. Kmbl. 28, 9. Sý ðú hál leóf Iudéiscre leóde cyning hail sir, king of the Jewish people, Homl. Th. ii. 252, 28. Hál beó ðú Have, Mt. Kmbl. 26, 49. Beó ðú hál and sig gebletsod se ðe on Dryhtnes naman com Osanna benedictus qui venit in nomine Domini, Nicod. 4; Thw. 2, 32. [Laym. hal, hæl, hæil, hail, hol : Lauerd king wæs hæil [wassayl, later MS.], 14309 : Orm. hal : A. R. hol : Prompt. Parv. hool : Goth. hails : O. Sax. O. Frs. hél : Icel. heill : O. H. Ger. heil : Ger. heil.] v. ge-, un-hál."
47607,hām,"homeland, house, dwelling",18019,ham,"A dwelling, fold","A dwelling, fold, or enclosed possession. 'It is so frequently coupled with words implying the presence of water as to render it probable that, like the Friesic hemmen, it denotes a piece of land surrounded with paling, wicker-work, etc., and so defended against the stream, which would otherwise wash it away.' Cod. Dipl. Kmbl. iii. xxvii, where see instances of the occurrence of the word in local names. It occurs as an independent word in the following passages :-- Ðonne geúðe ic Ælfwine and Beortulfe ðes hammes be norþan ðære littlan díc, iii. 421, 15. Of ðam beorg tó Cwichemhamme; of ðam hamme, v. 157, 24. Ðonne up on æscméres hammas súþewearde; of ðán hammum, 338, 32; Ða hammas ða ðér mid rihte tógebyriaþ, 383, 18."
46488,hāt,hot,18155,hát,"Hot, fervent, fervid, fierce","Hot, fervent, fervid, fierce [of pain, punishment, etc.] :-- Wæs him seó Godes lufu tó ðæs hát and tó ðæs beorht on his heortan the love of God was so fervent and bright in his heart, Blickl. Homl. 225, 36. Hys gecynde is swíðe hát its nature is very hot, Herb. 158, 1; Lchdm. i. 284, 22: 124; Lchdm. i. 236, 11. Hungor se háta fierce hunger, Exon. 64 b; Th. 238, 32; Ph. 613. Wæs seó ádl hát fierce was the disease, 47 a; Th. 161, 1; Gú. 952: Homl. Th. i. 404, 6. Ðeós wyrt byþ cenned on hátum stówum this plant is produced in hot places, Herb. 115, 1; Lchdm. i. 228, 6. Hé háte lét teáras geótan he let hot tears gush forth, Exon. 48 a; Th. 165, 14; Gú. 1029. Swá háttra sumor swá mára þunor and líget on geáre the hotter the summer the more thunder and lightning in the year, Lchdm. iii. 280, 9. [Orm. hat: Laym. hat, hot: A. R. hot: Chauc. hot, hoot: Prompt. Parv. hoot: O. Sax. hét: Icel. heitr: O. H. Ger. heiz: Ger. heiss: cf. Goth. heito; f. a fever.]"
47530,hātan,"order (= urge on), command, invoke, name",18158,HÁTAN,"to bid, order, command, (a) with acc. and infin","to bid, order, command, (a) with acc. and infin :-- Drihten hwæt hǽtst ðú mé dón Lord, what dost thou bid me do? Past. 58; Swt. 443, 24. Drihten háteþ ða eorþan eft ágifan ðæt heó ǽr onféng the Lord shall bid the earth give up what it received before, Blickl. Homl. 21, 30. Mid ðam gemete wé hátaþ óðre men dón sum þingc with that mood [the imperative] we command other men to do something, Ælfc. Gr. 21; Som. 23, 23. Hé héht englas him tó cuman and hie cóman he bade angels come to him and they came, 181, 5: Andr. Kmbl. 729; An. 365. Ðá hét hé mé on ðysne síþ faran then he bade me go on this journey, Cd. 25; Th. 32, 7; Gen. 499. Hie hine héton ðæt áttor etan they bade him eat the poison, Blickl. Homl. 229, 17. Mid ðý ðe ðú mé háte of mínum líchoman gewítan when thou shalt bid me depart from my body, 139, 13. Hát mé cuman tó ðé jube me venire ad te, Mt. Kmbl. 14, 28. (b) with infin. only :-- Ælfréd kyning háteþ grétan Wærferþ biscep and ðé cýðan háte king Alfred bids greet bishop Werferth; and I would that it should be known to you, Past. Pref; Swt. 3, 1-2. Ic Elfréd dux hátu wrítan and cýðan an ðissum gewrite Elfréde regi I alderman Alfred order to be written and made known in this writing to king Alfred, Chart. Th. 480, 13. Ðonne háteþ Sanctus Micahel bláwan ða feówer béman then St. Michael will order the four trumpets to be blown, Blickl. Homl. 95, 12. Hǽt [Cot. hát] fealdan ðæt segl gives order to furl the sail, Bt. 41, 3; Fox 250, 14. Ðá héht hé Simon infeccan beforan hine then he ordered that Simon should be brought in before him, Blickl. Homl. 175, 1: Andr. Kmbl. 2459; An. 1231: Chart. Th. 137, 6. (c) with a clause :-- Ic ðé háte ðæt ðú ðás gesyhþe secge mannum I command thee to tell this vision to men, Rood Kmbl. 187; Kr. 95. Hé hǽt hine ðæt hé hine fealde swá swá bóc he shall bid it fold itself as a book, Ps. Th. 49, 5. Ðé háteþ heofona cyning ðæt ðú onsende Heaven's king bids thee send, Andr. Kmbl. 3008; An. 1507. Héht ðæt hé cuóme tó him he commanded that he should come to him, Chart. Th. 47, 11. Hét ðæt ðú ǽte he bade that thou shouldst eat, Cd. 25; Th. 32, 8; Gen. 500. (d) without an object, or with acc. only :-- Gif ðú hǽtst ðonne mæg ic if thou biddest, then I can, Homl. Th. ii. 390, 31. Wé dydon swá ðú ús héte we have done as thou didst command us, i. 394, 21. Ða mon sceal swá micle má hátan ðonne biddan those are to be so much the more commanded than entreated, Past. 26; Swt. 181, 21. (e) with a verb of motion omitted :-- Héht óðre dæge hie ealle þrý in beforan hine he commanded that next day they should all three come in before him, Blickl. Homl. 175, 18. Ðá héht hé him tó ealle his discipulos he summoned to him all his disciples, 225, 12: Cd. 127; Th. 161, 27; Gen. 2671: Elen. Kmbl. 305; El. 153. Hét tósomne síne leóde summoned his people together, Cd. 197; Th. 245, 26; Dan. 469. Maria héht hý óðre mid Mary bade another accompany her, Exon. 119 b; Th. 459, 35; Hö. 10. Ðá wæs tó ðam dóme Daniel háten then was Daniel summoned to the judgment, Cd. 201; Th. 249,19; Dan. 532."
50354,hēah,high,18256,HEÁH,adj.,"adj. HIGH, tall, lofty, sublime, haughty :-- Heáh on bodige statura sublimis, Bd. 3, 14; S. 540, 7. Gyldenu onlícnes twelf elna heáh a golden image twelve ells high, Shrn. 88, 23. Se beám geweóx heáh the tree grew high, Cd. 202 ; Th. 251, 15; Dan. 564. Hwæt elles getácnaþ se heá torr búton ðone heáh foreþonc and ða gesceádwísnesse ðara gódena manna what else does the high tower signify but the lofty forethought and the sagacity of good men, Past. 56; Swt. 433, 24. Sió heá lár lofty doctrine, 63; Past. 459, 8. Seó heáge dún the high mountain, Homl. Th. ii. 384, 29. Heáh heofoncyning heaven's high king, Cd. 23; Th. 30, 7; Gen. 463. Hé on hrófe gestód heán landes he on the summit stood of the high land, 140: Th. 175, 21; Gen. 2898. Hie be hliðe heáre dúne eorþscræf fundon they found a cavern by the side of a lofty hill, 122; Th. 156, 26; Gen. 2594. Se deófol gesette hine uppan ðam scylfe ðæs heágan temples the devil placed him upon the summit of the lofty temple, Homl. Th. i. 166, 18. Seó eádignes ðæs heán heáhengles tíd the blessedness of the festival of the great archangel, Blickl. Homl. 197, 4, 24. From stæþe heáum from the high shore, Exon. 106 a; Th. 405, 6; Rä. 23, 19. Uppan ánre swíðe heáhre dúne upon a very high mountain, Homl. Th. i. 166, 23. Unriht on heán húse ácwǽdon iniquitatem in excelso locuti sunt, Ps. Th. 72, 6. On heágum in excelso, 9. Hóf ic míne eágan tó ðam heán beorge levavi oculos meos in montes, 120, 1. Fram ðam heágan cederbeáme from the tall cedar, Homl. Th. ii. 578, 4. Hát ðú mé ánne heáhne tor getimbrian order a high tower to be built for me, Blickl. Homl. 183, 3. Hé ásette míne fét on swíðe heánne stán, ðæt ys on swýðe heáh setl statuit super petram pedes meos, Ps. Th. 39, 2. Ofer heáne hróf heofones ðisses beyond the lofty roof of the sky, Bt. Met. Fox 24, 5; Met. 24, 3. Ðone heán heofon high heaven, Cd. 35; Th. 45, 33; Gen. 736. Se ðe gebígde ðone heágan heofonlícan bígels he who bowed the lofty vault of heaven, Homl. Th. i. 170, 23: H. R. 103, 1. Ofer heáh wæter over deep water, Cd. 72; Th. 87, 19; Gen. 1451. Engel drihtnes lét his hand cuman in ðæt heá seld the angel of the Lord brought his hand into that lofty hall, 210; Th. 261, 7; Dan. 722. Wǽron ófras heá streámas stronge the shores were high, the streams, strong, Exon. 106 a; Th. 404, 14; Rä. 23, 7. Wé ceorfaþ heáh treówu on holte altum silvæ lignum succidimus, Past. 58, 6; Swt. 443, 36. Wesan heá mihte handa ðíne áhafen ofer hæleþas may the excellent powers of thy hand be exalted over men, Ps. Th. 88, 12. Heágum þrymmum in excellent majesty, Cd. 1; Th. 1, 16; Gen. 8. Hýð heáum ceólum a haven for the tall ships, Bt. Met. Fox 21, 22; Met. 21, 11. On heán muntum heortas wuniaþ montes excelsi domus cervis, Ps. Th. 103, 17. Ná geþafian ðæt se heárra derige ðam heánran not to permit the higher to hurt the lower, L. I. P. 7; Th. ii. 314, 1. Stól heáhran, heárran a loftier throne, Cd. 15; Th. 18, 16, 26; Gen. 274, 282. Hérra, Exon. 56 a; Th. 199, 20; Ph. 28. Tó hiéran háde to a higher rank, Past. pref. Swt. 7, 15: Chr. 897; Erl. 95, 14. Se mægþ-hád is hírra ðonne se gesinscipe præeminere virginitatem conjugio, Past. 52, 8; Swt. 409, 23. Wearþ him hýrra hyge he had a haughtier mind, Cd. 198; Th. 247, 2; Dan. 491. Hýrre ic eom heofone higher am I than heaven, Exon. 110 b; Th. 424, 12; Rä. 41, 38. Cwæþ ðæt his hergas hýrran wǽron ðonne israela éce drihten said that his gods were superior to the everlasting lord of Israel, Cd. 210; Th. 262, 26; Dan. 715. Ðéh ðe hí selfe wilnien ðæs heáhstan etsi summa appetunt, Past. 16, 4; Swt. 103,16: Ps. Th. 112, 4. Se geworden is hwommona heágost hic factus est in caput anguli, 117, 21. Ðæs héhstan heofonríces, 90, 1. Seó is ealra dúna mǽst and hígest mons maximus et altissimus, Nar, 37, 32. Se hýhsta ealra cyninga cyning the most high king of all kings, Exon. 32 b; Th. 103, 1; Cri. 1682. Goth. hauhs: O. Sax. hóh: O. Frs. hách, hág: Icel. hár: O. H. Ger. hóh altus, excelsus, celsus, excellens, sublimis: Ger. hoch.]"
48300,heald,inclined,18341,heald,"Bent, inclined","Bent, inclined :-- Ðeáh hí síen ásigen tó yfele and ðider healde though they are sunk to evil and thither inclined, Bt. 24, 4; Fox 84, 29. Ealle bióþ of dúne healde wið ðære eorþan all are bent down towards the earth, 41, 6; Fox 254, 28. Ða men lágon áþænede on ðære eorþan mid of dúne healdum ondwleotan the men lay stretched out on the ground with faces turned downwards, Shrn. 81, 26. [Icel. hallr leaning, sloping: O. H. Ger. hald clivus, obliquus, pronus.]"
70626,healf,half,18346,healf,a half,"a half :-- Healfe ðý swétre sweeter by half, Bt. Met. Fox 12, 18; Met. 12, 9."
47306,hēan,"low, miserable, pitiful",18402,heán,"Low, mean, abject, poor, humbled, humble","Low, mean, abject, poor, humbled, humble :-- Hiora heorte wæs heán on gewinnum humiliatum est in laboribus cor eorum, Ps. Th. 106, 11. Ic heán gewearþ hé mé hraðe lýsde humiliatus sum et liberavit me, 114, 6. Nánig eft síðade heán hyhta leás none returned cast down and hopeless, Exon. 46 a; Th. 157, 25; Gú. 897. Ðá ðú heán and earm ǽrest cwóme when abject and poor thou first didst come, 39 a; Th. 129, 23; Gú. 425. Démaþ ðam rícan swá ðam heánan and ðam litlan swá ðam miclan judge the high as the low, and the little as the great, Deut. 1, 17: Homl. Th. i. 64, 30. Hú uncúþ biþ ǽghwylcum ánum men his lífes tíd ǽghweðer ge rícum ge heánum ge geongum ge ealdum how unknown to every single man is the period of his life, both to the rich man and to the poor, to the young and to the old, Blickl. Homl. 125, 8. Habbaþ mé gehnǽged heánne tó eorþan humiliavit in terra vitam meam, Ps. Th. 142, 3. ǽgðer ge welige ge heáne simul in unum dives et pauper, 48, 2. Swá ríce swá heáne vel divites vel pauperes, Bd. 3, 5; S. 526, 30. Se scearpa deáþ ðe ne forlét ne ríce menn ne heáne se hine genam stern death who spares neither rich men nor poor, that seized him, Chr. 1086; Erl. 220, 35. Hí hí sylfe léton ǽgðer ge for heáne ge for unwrǽste ultima propemodum desperatione tabuerunt, Ors. 3, 1; Swt. 98, 22. Hí taliaþ ðé wyrsan for heánan gebyrdan ða ðe heora yldran on worolde ne wurdan welige they account the worse, for their humble birth, those whose forefathers were not rich in a worldly point of view, L. Eth. vii. 21; Th. i. 334, 2. Ne wandige hé ná for rícum ne for heánum non vereri potentes neque humiles, L. Ecg. P. i. 1; Th. ii. 172, 3. Heánra burhwered vulgus vel plebs, Ælfc. Gl. 8; Som. 56, 82; Wrt. Voc. 18, 37. Heánra man vel ceorlíc ǽhta peculium, 13; Som. 57, 122; Wrt. Voc. 22, 59. Se heánra hád the weaker sex, Exon. 9 a; Th. 7, 10; Cri. 99. Ne se heárra derige ðam heánran nor let the higher injure the lower, L. I. P. 7; Th. ii. 314, 1. Ðeáh hit se læsta wǽre and se heánosta though it were the least and the lowest, Blickl. Homl. 169, 23. [Laym. hæne, hene: Goth. hauns: O. H. Ger. hón humilis, infamis.]"
46670,hengest,stallion,18639,hengest,"A gelding, horse, steed","A gelding, horse, steed :-- Hengst canterius, Ælfc. Gl. 20; Som. 59, 46; Wrt. Voc. 23, 8. Án hundred wildra horsa and xvi tame hencgestas a hundred wild horses and sixteen tame steeds, Chart. Th. 548, 11. [Laym. hængest: O. Frs. hengst: Icel. hestr a stallion, horse: O. H. Ger. hengist eunuchus, spado, cantarius, equus castratus: Ger. hengst a stallion.] DER. brim-, faroþ-, fæt-, fríd-, mere-, sǽ-, sund-, wǽg-hengest."
48569,heofon,sky,18653,HEOFON,m.,"m. HEAVEN; cælum :-- Heofon and heofuna heofun and eorþe and ealle ða þing ðe sind on him sind Drihtnes the heaven and the heaven of heavens is the Lord's, the earth with all that therein is, Deut. 10, 14. Heofen and eorþe síde sǽflódas cæli et terra, mare, Ps. Th. 68, 35. Heofon and hel heaven and hell, Exon. 31 a; Th. 97, 17; Cri. 1592. Heben til hrófe heaven for a roof, Swt. A. S. Rdr. 195, 13. Heofonas god the god of heaven, Hy. 3, 58; Hy. Grn. ii. 282, 58: Andr. Kmbl. 3000; An. 1503. Hiofones leóhtes beorhto the brightness of the light of heaven, Bt. Met. Fox 21, 77; Met. 21, 39. Of hefene from heaven, Beo. Th. 3146; B. 1571. Mid his worde synt getrymede heofonas verbo Domini cæli firmati sunt, Ps. Th. 32, 5. Ðá wǽron fullfremode heofenas and eorþe the heavens and the earth were finished, Gen. 2, 1. Heofona ríce regnum cælorum, Mt. Kmbl. 13, 24. Of heofonum ðe of mannum e cælo an ex hominibus, 21, 25. Gif ic on heofenas up ástíge si ascendero in cælum, Ps. Th. 138, 6. [O. Sax. heƀ;an and himil: Icel. hifinn and himinn: Goth. himins: O. Frs. himul, himel: O. H. Ger. himil cælum, lacunar: Ger. himmel.] v. Grmm. D. M. 661."
51504,hēr,here,18790,HÉR,adv.,"adv. HERE, in this world, at this time :-- Hér hic, Ælfc. Gr. 38; Som. 40, 1. Ðá ic hér ǽrest com when I first came here, Cd. 129; Th. 164, 8; Gen. 2711. Hér gehýrþ Drihten ða ðe hine biddaþ and him sylleþ heora synna forgyfnesse. Hér is his mildheortnes ofer ús ac ðér is se éca dóm in this world the Lord heareth those that ask him and giveth them forgiveness of their sins. In this world his mercy is upon us, but in the next is the eternal judgement, L. E. I. prm; Th. ii. 394, 4-16. Hér in this year, Chr. passim. [Goth. hér: O. Sax. hér, hier: O. Frs. hír; Icel. hér: O. H. Ger. hiar, hier: Ger. hier.]"
51768,here,army,18802,HERE,"An army, a host, multitude, a large predatory band","An army, a host, multitude, a large predatory band [it is the word which in the Chronicle is always used of the Danish force in England, while the Egglish troops are always the fyrd], hence the word is used for devastation and robbery :-- Ne dohte hit nú lange inne né úte ac wæs here and hunger bryne and blódgyte it is now long since matters were thriving at home or abroad, but there has been ravaging and famine, burning and bloodshed, Swt. A. S. Rdr. 106, 68. Micel here turba multa, Mt. Kmbl. Lind. 14, 14. Here legio, Lk. Skt. Lind. 8, 30: exercitus, 23, 11. Þeófas wé hátaþ óð viimen from vii. hlóþ óð xxxv siððan biþ here up to seven men we call thieves, from seven to thirty-five a gang, after that it is an army, L. In. 13; Th. i. 110, 14. [Cf. L. In. 15; Th. i. 112, 1, be herige; and L. Alf. 28; Th. i. 52, 2.] Hé gearo wǽre tó ðæs heres þearfe he would be ready to supply the needs of the Danes, Chr. 874; Erl. 76, 32: 878; Erl. 80, 3. Ðæs heriges hám eft ne com ǽnig tó láfe of that host came no remnant back home, Cd. 167; Th. 209, 30; Exod. 507: Elen. Kmbl. 410; El. 205. Herges, 285; El. 143. On Eást-Englum wurdon monige men ofslægene from ðam herige in East Anglia many men were slain by the Danes, Chr. 838; Erl. 66, 15: Andr. Kmbl. 2397; An. 1200. Herge, Cd. 4; Th. 4, 9; Gen. 51: Beo. Th. 2500; B. 1248. Se ðæm here waldeþ who rules that host, Bt. Met. Fox 25, 30; Met. 25, 15. Sió fierd ðone here gefliémde the English force put the Danish to flight, Chr. 894; Erl. 90, 26. Swá oft swá ða óðre hergas mid ealle herige út fóron ðonne fóron hie as often as the other armies marched out in full force then they marched, Erl. 90, 5. Tuelf hergas duodecim legiones, Mt. Kmbl. Lind. 26, 53. Hergia[s] agmina, Rtl. 115, 10. Ðý læs ǽfre cweðan óðre þeóda hǽðene herigeas nequando dicant in gentibus, Ps. Th. 78, 10: Andr. Kmbl. 1304; An. 652. Herigea mǽste with the greatest of hosts, 3001; An. 1503. Herega, Cd. 209; Th. 259, 29; Dan. 699. Heriga, Elen. Kmbl. 295; El. 148. Herga, 230; El. 115. Betwuh ðǽm twám hergum between the two armies, Chr. 894; Erl. 90, 9: Elen. Kmbl. 219; El. 110. Herigum, 811; El. 406. [Laym. Orm. here: Goth. harjis. O. Sax. heri: O. Frs. hiri, here: Icel. herr: O. H. Ger. hari, heri exercitus, agmen: Ger. heer.] DER. æsc-, égor-, flot-, forþ-, gúþ-, inn-, ísern-, sin-, scip-, þeód-, út-, wæl-here."
51401,hnǣgan,humble,19278,hnǽgan,"To cause to bow, bring low, humble, humiliate","To cause to bow, bring low, humble, humiliate :-- Ic bebeóde bearnum mínum ðæt hie ðé hnǽgon æt gúþe I command my sons to humble thee in battle, Andr. Kmbl. 2660; An. 1331. [Goth. hnaiwjan to abase: Icel. hneigja to bow: O. H. Ger. hneigjan subjicere, inclinare: Ger. neigen.] v. ge-hnǽgan, hnáh, hnígan."
47476,hōc,hook,19321,HÓC,A,"A HOOK :-- Hooc arpago vel palum, Ælfc. Gl. 3; Som. 55, 71; Wrt. Voc. 16, 43. Ic eom swá swá fisc on hóce I am as the fish on the hook, Nar. 40, 33. Ðonne biþ hé geteald tó dære fýrenan eá and to ðam ísenan hóce then shall he be assigned to the fiery river and the iron hook, Blickl. Homl. 43, 25, 27. Wíngearda hócas ðe hí mid bindaþ ðæt him néhst biþ capreoli vel cincinni vel uncinuli, Ælfc. Gl. 59; Som. 68, 9; Wrt. Voc. 38, 59. Ðá sóhtan heora gewinnan him sarwe and worhtan him hócas at contra non cessant uncinata hostium tela, Bd. 1, 12; S. 481, 21: Homl. Th. i. 362, 27. v. hinder-hóc."
49035,hōh,heel,19354,hóh,"A heel, hough:","A heel, hough: -- Hóh niþeweard calx, Wrt. Voc. 283, 75. Hó calx, Ælfc. Gr. 9, 72; Som. 14, 17, Hwæt is ðæs wífes hó? ... Ðæs wífes hó getácnode ... what is the woman's heel? ... The woman's heel signified ..., Boutr. Scrd. 20, 13, 19. Hós mínes calcanei mei, Ps. Spl. 48, 5. Dó on ðínne winstran scó under dínum hó put it into thy left shoe under thy heel, Lchdm. i. 396, 2. Áhefþ hys hó ongeán me levabit contra me calcaneum suum, Jn. Skt. 13, 18: Gen. 3, 15. Him on hóh beleác heofonríces weard merehúses múþ God closed the door of the ark behind him, Cd. 69; Th. 82, 16; Gen. 1363. Mínra hóa calcanei mei, Ps. Th. 48, 5. Pharao him filigde æt ðám hón Pharaoh followed at their heels, Homl. Th. ii. 194, 22. Hós míne calcaneum meum, Ps. Spl. 55, 6. [Cf. Icel. há-sin.]"
48231,hōl,slander,19372,hól,"Vain speech, evil speaking without cause, calumny, slander","Vain speech, evil speaking without cause, calumny, slander :-- Hól and hete and rýpera reáflác ús derede slander and hatred and the rapine of robbers hath harmed us, Swt. A. S. Rdr. 106, 70. Hól calumnia, Off. Episc. 8, Lye. Ne teó ic N. ne for hete ne for hóle [MS. H. héle] ne for unrihtre feohgyrnesse I do not accuse N. from hate or with the intention of slandering him or from an unjust desire for money, L. O. 4; Th. i. 180, 11. Ðæs deópne áþ Drihten áswór and ðone mid sóðe swylce gefrymede ðæt hé hine for hóle ǽr ne áswóre gehét Dauide swá hé him dyde syððan juravit Dominus David verítatem, et non frustrabitur eam, Ps. Th. 131, 11; cf. Grff. iv. 849, huolian. [Icel. hól flattery, boasting.] v. holunga, hoelan, hólian."
70553,hold,corpse,19376,hold,"A carcase, body","A carcase, body :-- Swá hwǽr swá hold byþ ubicunque fuerit corpus, Mt. Kmbl. 24, 28. Ðá woldon óðre fugelas fleón tó ðam holde descenderunt volucres super cadavera, Gen. 15, 11. Swá swá grǽdige ræmmas ðar ðar hí hold geseóþ like greedy ravens, where they see a carcase, L. Ælfc. P. 49; Th. ii. 386, 3: L. I. P. 19; Th. ii. 328, 5. Tódǽlon ðæs deádan hold him betwýnan cadaver mortui inter se dispertient, Ex. 21, 35. [Þu fule hold olidum cadaver, O. E. Homl. ii. 183, 15: Icel. hold flesh.]"
48232,hōlian,slander,19388,hólian,"to speak evil of, slander, calumniate","to speak evil of, slander, calumniate :-- Ne sele ðú mé hóliendum mé non tradas me calumniantibus me, Ps. Lamb. 118, 121. [Orm. holen o þe laȝhe leod, 9319, with which compare Goth. holon in Lk. 3, 14: cf. O. H. Ger. huolian, Grff. iv. 849.] v. hól, hólunga."
49050,hōn,hang (trans.),19409,hón,"To hang, suspend, crucify","To hang, suspend, crucify :-- Gé hig hóþ crucifigetis, Mt. Kmbl. 23, 34. Hine man héng ille suspensus est in cruce, Gen. 41, 13. Hig hine héngon crucifixerunt eum, Lk. Skt. 23, 33. Ðóne héngon on heáne beám fæderas ússe, Elen. Kmbl. 847; El. 424. Hóh hine crucifige eum, Mk. Skt. 15, 13. Hóh hyne hóh hyne: Ðá cwæþ pilatus tó him Nime gé hine and hóþ, Jn. Skt. 19, 6. Hóh on earm hang it on to the arm, Med. ex Quadr. 9, 12; Lchdm, i. 362, 27. Ðone óðerne hé hét hón on gealgan alterum suspendit in crucem, Gen. 40, 22. Hét se wælhreówa hine hón on heardre hengene, Homl. Th. ii. 308, 29. Ðǽr wǽron gelǽdde twegen sceaþan for heora synnum tó hónne there were brought two thieves to be crucified for their sins, 254, 22. Tó hóanne ad crucifigendum, Mt. Kmbl. Lind. 20, 19. Ic hæbbe mihte ðé tó hónne, Jn. Skt. 19, 10. Ðǽm hóendum crucifigentibus, Lk. Skt. 11, 7. Frignan ongan on hwylcum ðara beáma bearn wealdendes hangen wǽre. Elen. Kmbl. 1701; El. 851. [Laym. hon; p. heng: Orm. Chauc. Piers P. heng, p: Goth. hahan; p. haihah: Icel. hanga; p. hékk pendere: O. Frs. hua; p. heng; pp. huen: O. H. Ger. hahan; p. hieng figere, crucifigere, suspendere.] DER. a-, be-, bi-, ge-hón."
49262,hræfn,raven,19536,hræfn,A raven,"A raven :-- Hrefn corvus, Wrt. Voc. 280, 33. Hræmn, Ælfc. Gr. 8; Som. 7, 35. Blac hræm niger corvus, 6; Som. 4, 21; Wrt. Voc. 77, 13. Noe ásende út ǽnne hremn se hremn fleáh ðá út and nolde eft ongeán cirran Noe dimisit corvum, qui egrediebatur et non revertebatur, Gen. 8, 7. Ðá wæs sum wild hrem ... hé ðá wearp ðam hremme ðone geǽttrodan hláf there was a wild raven ... he threw the poisoned bread to the raven, Homl. Th. ii. 162, 21, 23. Se wanna hrefn wælgífre fugel, Judth. 11; Thw. 24, 25; Jud. 206: Beo. Th. 6041; B. 3024. Hrefn blaca, 3606; B. 1801. Se swearta hrefn, Soul Kmbl. 108; Seel. 54. Ðǽr him hrefn nimeþ heáfodsýne slíteþ salwigpád sáwelleásne there shall the raven, dark-coated, pluck from him his eyes, shall tear him lifeless, Exon. 87 b; Th. 329, 18; Vy. 36. Hræfen wan, Elen. Kmbl. 104; El. 52: Fins. Th. 69; Fins. 34. Ðǽr wæs se gúðfana genumen ðé hí ræfen héton there was the banner taken which they [the Danes] called the Raven [see Asser's life of Alfred under the year 878 for an account of this banner; and see further references in Cl. and Vig. Icel. Dict. under hrafn], Chr. 878; Erl. 81, 3. Hrefnes briddum pullis corvorum, Ps. Th. 146, 10. His sunu hangaþ hrefne tó hróðre his son hangs a solace for the raven, Beo. Th. 4887; B. 2448. Saluwigpádan ðone sweartan hræfn hyrnednebban the black raven, dusky-coated, hard-beaked, Chr. 937; Erl. 115, 10; Æðelst. 61. Hí læccaþ eallswá gýfre hremnas of holde dóþ they seize just as greedy ravens do from a corpse, L. I. P. 19; Th. ii. 328, 5. Swá swá grǽdige ræmmas, L. Ælfc. P. 49; Th. ii. 386, 3. Besceáwiaþ ða hrefnas considerate corvos, Lk. Skt. 12, 24. [Laym. rem: Icel. hrafn, hramn: O. H. Ger. hraban, hram corvus, corax: Ger. rabe.] DER. niht-hræfn."
52043,hrēaw,raw,19585,hreáw,a body.,a body. v. hrǽw.
43686,grūt,"coarse flour, draff",17540,grút,Fine meal,"Fine meal :-- Grút pollis, Wrt. Voc. 290, 63: L. M. i. 61, 1; Lchdm. ii. 132, 15. VI ambra grúta six measures of meal, Th. Chart. 471, 13. [Cf. grytta, grot, greót, and the preceding word.]"
46330,hædre,"careful, anxious",17782,hædre,"Straitly, hardly, oppressively, anxiously","Straitly, hardly, oppressively, anxiously; arcte, anxie :-- Hyge hædre [hearde, A.] wealleþ my mind is agitated with anxiety, Salm. Kmbl. 126; Sal. 62. [Míne sáwle] hædre gehogode hǽl save [my soul] oppressed by anxious thoughts, Exon. 118 b; Th. 456, 5; Hy. 4, 62."
46448,haga,"hedge, garden",17959,haga,"A place fenced in, an enclosure, a haw, a dwelling in a town","A place fenced in, an enclosure, a haw, a dwelling in a town :-- Haga sæpem, Mk. Skt. Lind. 12, 1. Se haga binnan port ðe Ægelríc himsylfan getimbrod hæfde the messuage within the town that Ægelric had built himself, Cod. Dipl. Kmbl. iv. 86, 26 : Th. Chart. 569, 2, 5 : 514, 13 : Cod. Dipl. ii. 150, 5, 11. Ðis syndon ðæs hagan gemǽru those are the boundaries of the messuage [in the previous part of the charter the gift is spoken of as unam curtem], iii. 240, 18. Ða hagan ealle ðe hé be westan cyrcan hæfde all the messuages that he had west of the church, Th. Chart. 303, 10. ǽnne hagan on porte curtem unum in supradicta civitate, Cod. Dipl. Kmbl. iv. 72, 27 : iii. 213, 13. Quandam hospicii portionem in præfata civitate sitam, quÆ patria lingua haga solet appellari, vi. 134, 24; cf. 135, 14, 25. Tó hagan þrungon they pressed to the entrenchment, Beo. Th. 5913; B. 2960 : Beo. Th. 5777; B. 2892. [Chauc. hawe yard : in Kentish dialect haw a yard, or enclosure : Icel. hagi a hedged field, a pasture.] DER. bord-, cumbol-, fǽr-, swín-, turf-, wíg-haga."
52081,hrēow,grieved,19637,hreów,"Sorrow, regret, penitence, penance, repentance","Sorrow, regret, penitence, penance, repentance :-- Búton him seó sóþe hreów gefultmige unless true penitence help them, Blickl. Homl. 101, 7: Bt. Met. Fox 18, 21; Met. 18, 11. Án hreów ys wydewan and fǽmnan viduæ et puellæ una est pœnitentia, L. Ecg. P. iv. 68, 9; Th. ii. 228, 30. Ic ðec lǽdan sceal tó ðam hálgan hám dær nǽfre hreów cymeþ I shall lead thee to that holy home where sorrow never comes, Exon. 32 b; Th. 102, 20; Cri. 1675: Beo. Th. 4645; B. 2328. Hú langæ ðú on hreówe ǽwunian sceole quamdiu pœnitentiæ insistere, Bd. 4, 25; S. 600, 11. On gódre hreówe in vera pœnitentia, L. Ecg. C. 2; Th. ii. 136, 24. Mid synna hreówe with repentance for sins, L. Wih. 3; Th. i. 36, 18: 5; Th. i. 38, 8. From ðære incundan hreówe ab intentione pœnitentiæ, Past. 53, 5; Swt. 415, 36. Bútan hreówe without regret, 44, 5; Swt. 324, 18. Ðón wé úrum Drihtne sóþe hreówe and bóte, Blickl. Homl. 35, 36. Hreówe and dǽdbóte, 79, 5. Ne hé wihte hafaþ hreówe on móde ðæt him hálig gǽst losige he hath not regret for the loss of his holy spirit, Exon. 30 b; Th. 95, 16; Cri. 1558. Hreówum tornost most grievous of sorrows, Beo. Th. 4265; B. 2129. Hreówum gedreahte afflicted with regrets, Exon. 22 b; Th. 61, 34; Cri. 994. [O. and N. reowe: O. H. Ger. hriuwa, hriuwi pœnitentia, pœnitudo, dolor: Ger. reue.]"
71324,hrið,fever,19742,hrið,Fever,"Fever :-- Fefer ðæt is micel hǽto and hrið [MS. hruð], L. M. 2, 24; Lchdm. ii. 214, 7. [O. H. Ger. rito; m. febris.]"
29029,hundred,long hundred (120),19859,hundred,A hundred,"A hundred :-- Getalu vel heápas vel hundredu centurias, Ælfc. Gl. 96; Som. 76, 25; Wrt. Voc. 53, 34. Ðeáh ðe heora hundred seó though there be a hundred of them, Ps. Th. 89, 10. On lxv and þreó hundræd hi beóþ tódǽlede they are divided into three hundred and sixty-five, Nar. 49, 25. Seox hundred wintra and iii and hundseofenti wintra, Chr. 656; Erl. 33, 34. Hundrað scillinga centum denarios, Mt. Kmbl. Lind. 18, 28. On twegera hundred penega wurþe. Jn. Skt. 6, 7. Wið þrím hundred penegon, 12, 5. Mid twám hundred penegon, Mk. Skt. 6, 40. Hí ðá sǽton hundredon and fíftigon discubuerunt per centenos et per quinquagenos, 37. [O. Frs. hundred, hunderd: Icel. hundrað: O. H. Ger. hundert: Ger. hundert. Two etymologies are suggested for the word; according to one hunder- corresponds to Lat. centur-ia; according to the other -red (Icel. rað) is a suffix akin to the -ræðr which is found in Icel. átt-rædr, etc. v. Grmm. Gesch. D. S. 175-6.]"
72723,hwæl,whale,19956,hwæl,A whale,"A whale :-- Hwæl batena vel cete vel cetus vel pistrix, Ælfc. Gl. 101; Som. 77, 54; Wrt. Voc. 55, 57. Hwæl cætus, Ælfc. Gr. 8; Som. 7, 31. Se hwæl biþ micle læssa ðonne óðre hwalas the walrus is much less than other whales, Ors. 1, 1; Swt. 18, 3. On ðæs hwæles innoþe in venire ceti, Mt. Kmbl. 12, 40. Hwæles éðel the sea, Andr. Kmbl. 548; An. 274: Exon. 82 a; Th. 309, 20; Seef. 60: Chr. 975; Erl. 126, 22; Edg. 48. Bí ðam miclan hwale concerning the great whale, Exon. 96 b; Th. 360, 10; Wal. 3. God ðá gegearcode ǽnne hwæl and hé forswealh ðone wítegan, Homl. Th. i. 246, 12. Wilt ðú fón sumne hwæl? Nic. For hwi? Forðam plyhtlíc þingc hit ys gefón hwæl vis capere aliquem cetum? Nolo. Quare? Quia periculosa res est capere cetum, Coll. Monast. Th. 24, 15-22. Hé gesceóp ða micclan hwalas, Lchdm. iii. 234, 12. [Icel. hvalr: O. H. Ger. wal balæna, cetus, Grff: i. 839.] v. hors-hwæl."
53366,hwǣr,where,19965,hwǽr,Where.,"Where. I. in direct questions :-- Gyf ic cweþe ubi posuisti meum librum, hwǽr lédest ðú míne bóc ðonne is se ubi interrogativum ðæt is áxigendlíc, Ælfc. Gr. 38; Som. 40, 60. Hwǽr ys se Judéa cyning ðe ácenned ys ubi est qui natus est rex Judæorum? Mt. Kmbl. 2, 2. Hwǽr cwom mearg hwǽr cwom mago hwǽr cwom máððumgyfa where is the steed gone, where the rider, where the giver of treasure? Exon. 77 b; Th. 291, 34; Wand. 92: Cd. 213; Th. 267, 11; Sat. 36. II. in dependent clauses :-- Gif ic cweþe tu scis ubi liber tuus est ðonne biþ ubi relativum. Gif ic cweðe nescio ubi inveniam meum librum, nát ic hwǽr ic finde míne bóc, ðonne biþ se ubi infinitivum, Ælfc. Gr. 38; Som. 40, 61. Ic næbbe hwǽr ic mǽge ealle míne wæstmas gegaderian I have not where I may gather together all my fruits, Homl. Th. ii. 104, 16: Mt. Kmbl. 8, 20. Hí gesáwon hwǽr hé ða deádan tó lífe árǽrde, Homl. Th. ii. 414, 8: Cd. 32; Th. 41, 35; Gen. 667. Hwǽr mon unsófte getilaþ on forewearde ða ádle where the treatment is severe in the early stage of the disease, L. M. 2, 46; Lchdm. ii. 260, 15. Lóca hwǽr ðæt blód útwealle see where the blood wells out, Lchdm. iii. 142, 15: 226, 13. Ðá frægn wuldres aldor cain hwǽr abel eorþan wǽre the Prince of glory asked Cain where on earth Abel was, Cd. 48; Th. 61, 26; Gen. 1003. Ic séce míne gebróðru hwar hig healdon hyra heorda, Gen. 37, 16. III. indefinite, anywhere, somewhere :-- Gyf hý hwǽr hit tóbræcaþ if they violate it anywhere, L. Ælfc. C. 34; Th. ii. 356, 16: Homl. Th. i. 170, 18: 482, 26. Gif se líchoma hwǽr mid hefiglícre hǽto sý gebysgod, Herb. 2, 6; Lchdm. i. 82, 8. Swǽ gelǽrede biscepas swǽ swǽ nú wel hwǽr [or welhwǽr] siendon bishops so learned as now are nearly everywhere, Past. pref. Swt. 9, 5: Chr. 897; Erl. 95, 19. Elles hwǽr elsewhere, Beo. Th. 277; B. 138. Hý writon hwǽr ánne dóm hwǽr óðerne they wrote at one place one doom, at another another, L. Alf. 49; Th. i. 58, 16. IV. combined with swá, wheresoever, wherever :-- Swá hwǽr swá hold biþ ubicunque fuerit corpus, Mt. Kmbl. 24, 28. Swá hwǽr swá hé on wíc oððe on túnas eode quocunque introibat in vicos vel in villas, Mk. Skt. 6, 56. Swá hwǽr swá ubicunque, 14, 9. [A. R. hwar; O. and N. hwar, war: Orm. whær: Laym. whær, wher: Chauc. Wick. Piers P. wher: Ayenb. huer: Goth. hwar: O. Sax. hwár: O. Frs. hwér: Icel. hvar: O. H. Ger. hwár.] DER. á-, ǽ-, ǽg-, ge-, gewel-, ná-, nát-, ó-, wel-hwǽr."
52479,hwealf,vaulting,20012,hwealf,An arched,"An arched or vaulted covering :-- Under heofenes hwealf under the vault of heaven, Beo. Th. 1156; B. 576: 4034; B. 2015. Behealde hé hú wídgille ðæs heofenes hwealfa bíþ late patentes ætheris cernat plagas, Bt. 19; Fox 68, 22. Hú wídgil sint heofones hwealfe, Bt. Met. Fox 10, 13; Met. 10, 7. Hwalf clima, Cot. 56, Lye. [Icel. hválf; n. a vault; the concavity of a shield.] v. heofon-hwealf."
52530,hwearf,"exchange, alternation",20016,hwearf,"A turn, space, change, exchange, that which is exchanged","A turn, space, change, exchange, that which is exchanged :-- Be hwearfe. Nán man ne hwyrfe nánes yrfes bútan ðæs geréfan gewitnesse ... Gif hit hwá dó fó se landhláford tó ðam hwearfe Of exchange. Let no man exchange any property without the witness of the reeve ... If any one do so let the lord take possession of the property exchanged, L. Ath. i. 10; Th. i. 204, 16-21. In huarf in spatio, Lk. Skt. Lind. 24, 13. Huelc seles monn hwerf fore sáuel his quam dabit homo commutationem pro anima sua, Mt. Kmbl. 16, 26. Huoerf, Mk. Skt. Lind. 8, 37. Gif huerf gie sellas si mutuum dederitis, Lk. Skt. Lind. 6, 34. Huoerf, 35. Ðæt wharfe and ðæt foreward pactionem et commutationem, Cod. Dipl. Kmbl. iv. 241, 37. [Cf. O. Frs. hwarf, werf (with numerals) achte werf octies: O. H. Ger. sibun warb septies; hwarba motus, vicis, Grff. iv. 1235. Cf. the use of síþ in A. S. and the corresponding forms in other dialects, and the use of gang in Danish and Swedish, with numerals.] v. ge-hwearf, hwearf-líce."
50402,hype,hip,20237,HYPE,The,"The HIP, haunch, upper part of the thigh :-- Hype clunis, Wrt. Voc. 71, 49: ilia, ii. 110, 54. Ánra gehwylc hæfde sweord ofer his hype for nihtlícum ege every man had his sword upon his thigh because of fear in the night [Song of Sol. 3, 8], Blickl. Homl. 11, 18. Dó his sweord tó his hype ponat vir gladium super femur suum, Past. 49, 2; Swt. 383, 2. Hypas clunes, Ælfc. Gl. 74; Som. 71, 70; Wrt. Voc. 44, 52. [A. R. R. Glouc. hupe: Wick. Chauc. hipe, hippe: Goth. hups; m: Icel. huppr: m: O. H. Ger. huf; f. femur, coxa, clunis: Ger. hüfte.]"
50106,hyrst,forest,20282,hyrst,"A hurst, copse, wood.","A hurst, copse, wood. The word occurs most frequently in compounds, e.g. hnut-hyrst, æsc-hyrst, etc. , and is still found as hurst in names of places. See Cod. Dipl. Kmbl. iii. xxxii, and Leo's Anglo-Saxon Names. p. 107 :-- In hyrst sciofingden, Cod. Dipl. Kmbl. i. 273, 6. Wermód hér on hyrstum heasewe standeþ wormwood stands dusky here in the woods [Grein takes hyrstum under the previous word], Exon. 111 a; Th. 425, 24; Rä. 41, 61. v. horst, hurst, Grff. iv. 1042."
19900,īdel,"vain, useless, futile",20335,ÍDEL,empty,"empty :-- Tó hwan mæg ðis eorþlíce hús gif hit ýdel stent? Hit ne biþ ná hús búton hit beó mid híréde áfylled what purpose can this earthly house serve, if it stand empty? It is not a house unless it be filled with a household, Homl. Th. ii. 502, 12. Is nú forðí gehwilcum men tó hogienne ðæt hé ýdel ne cume his Drihtne tógeánes on ðam gemǽnelícum ǽriste now is it therefore for every man to take care that he come not empty-handed to meet his Lord at the general resurrection, 558, 18. Ðonne se geohsa of ðære ídlan wambe cymþ when the hiccup comes from the empty stomach, L. M. 1, 18; Lchdm. ii. 60, 28. Ídelne hine forléton dimiserunt eum inanem, Lk. Skt. 20, 10, 11. Sáwle ídle animam inanem, Ps. Th. 106, 8. Hé forlét ða rícan ídele, Homl. Th. i. 204, 6."
37007,is,to be,20704,is,is.,is. v. eom.
54867,lǣfan,leave over,20852,lǽfan,to leave,"to leave :-- Ic lǽfe eów sibbe percent relinquo vobis, Jn. Skt. 14, 27. Ic léfe lego, Wrt. Voc. ii. 49, 66. Gif hwæs bróðor deád biþ and lǽfþ his wíf si cujus frater mortuus fuerit et dimiserit uxorem, Mk. Skt. 12, 19. Hig ne lǽfaþ on ðé stán ofer stáne non relinquent in te lapidem super lapidem, Lk. Skt. 19, 44. Se forma lǽfde his bróðer his wíf primus reliquit uxorem suam fratri suo, Mt Kmbl. 22, 25. Ða men ðe hé beæftan him lǽfde ǽr those men that before he had left behind him, Chr. 755; Erl. 50, 13. Hié hegeáton welan and ús lǽfdon they got wealth and left it us, Past. pref; Swt. 5, 15. Swá hit his yldran begeáton and létan and lǽfdon ðam tó gewealde ðe hý wel úðan, L. O. 14; Th. i. 184, 3. Ðínum mágum lǽf folc and ríce leave to thy kinsmen people and power. Beo. Th. 2361; B. 1178. Ðonne him forþsíð gebyrige gýme his hláford ðæs hé lǽfe when his death happens, let his lord take charge of what he leaves, L. R. S. 4; Th. i. 434, 28: 5; Th. i. 436, 9. Ne biþ lǽfed stán uppan stáne, Mt. Kmbl. 24, 2. Án byþ genumen and óðer byþ lǽfed, 24, 41. Heora landáre ðe him lǽfed wæs their landed property that was left them, Homl. Skt. 4, 82. Ná lǽfedum sǽde non relicto semine, Mk. Skt. 12, 20. Ðæt ða bán áne beón lǽfed so that the bones only are left, L. Med. ex Quad. 3, 11; Lchdm. i. 340, 26."
54611,læt,"sluggish, late",20911,læt,"Late, slow, sluggish, tardy","Late, slow, sluggish, tardy :-- Wundrodon ðæt hé on ðam temple, læt wæs mirabantur quod tardaret ipse in templo, Lk. Skt. 1, 21. Hræd tó gehiéranne and læt tó sprecenne velox ad audiendum, tardus ad loquendum, Past. 38, 8; Swt. 281, 6. Hlæt, Rtl. 28, 19. Nalas elnes læt not slow of courage, Beo. Th. 3063; B. 1529. Ne sceal se tó sǽne beón, ðissa lárna tó læt, seðe him wile lifgan mid Gode, Exon. 117 a; Th. 450, 17; Dóm. 89: Apstls. Kmbl. 66; Ap. 33. Se mæssepreóst se ðe biþ tó læt ðæt hé ðæt deófol of men ádrífe the priest who is too slow in driving the devil from a man, Blickl. Homl. 43, 22: Exon. 74 a; Th. 276, 29; Jul. 573: 76 a; Th. 285, 11; Jul. 712. Heora behreówsung wæs tó lætt their repentance was too late, Homl. Th. ii. 572, 15. Nis seó stund latu dæt ... the time does not tarry, when ... Andr. Kmbl. 2422; An. 1212. Exon. 46 a; Th. 156, 16; Gú. 875. Nis seó tíd latu, 51 a; Th. 178, 4; Gú. 1239. Be latre meltunge of sluggish digestion, L. M. 2, 33; Lchdm. ii. 238, 6. Wið latre meltunge, 2, 34; Lchdm. i. 238, 27. Late gange gradu lento, Wrt. Voc. ii. 41, 76. Læte dissides, i. tardi, 141, 6. Ne beóþ ǽfre tó late numquam sunt sera, 62, 18. Swæfna gewisse synt oft late dreams are certain, but often late of fulfilment, Lchdm. iii. 186, 27. Ðæt hí ne beón ne wordes ne weorces, ne ealles tó hræde ne tó swíðe læte, L. I. P. 10; Th. ii. 318, 36. Nalæs late wǽron eorre æscberend tó ðam orlege, Andr. Kmbl. 92; An. 46. On heortan læte [hlatto, Lind.] tó gelýfenne tardi corde ad credendum, Lk. Skt. 24, 25. Ðæt hé ðý lætra biþ tó uncystum that it [the body] be the less ready to vices, L. E. I. 3; Th. ii. 404, 20. And á swá hit forþwerdre beón sceolde swá wæs hit lætre and ever as things ought to have been more forward, did they go on more slowly, Chr. 999; Erl. 134, 33. Siððan ðú sprǽce tó ðínum þeówe ic hæfde ðé lætran tungan ex quo locutus es ad servum tuum, impeditioris et tardioris linguæ sum, Ex. 4, 10. [Goth. lats slothful: O. Sax. lat: O. Frs. let: Icel. latr: O. H. Ger. laz piger, segnis, stupidus, tardus: Ger. lass.] v. unlæt, lata; lætemest, lætest."
54563,lǣð,landed property,20920,læð,Land,"Land :-- Ðó swá ic lǽre beó ðé [Lchdm. ðú] be ðínum and lǽt mé be mínum ne gyrne ic ðínes ne lǽðes ne landes ne sace ne sócne ne ðú mínes ne þearft do as I advise; be thou with thine and leave me to mine; I desire nothing of. thine, neither lea nor land, neither 'sac' nor 'socn'; nor needest thou mine, L. O. 14; Th. i. 184, 15; Lchdm. iii. 288, 8. The Icelandic has the same alliterative phrase, e. g. 'deyr fé; deyja frændr; eyðisk land ok láð.'"
54146,lagu,law,20947,lagu,"Law, statute, decree, regulation, rule, fixed custom","Law, statute, decree, regulation, rule, fixed custom :-- Lagu jus, Ælfc. Gr. 9; Som. 12, 22. God him sette ǽ ðæt ys open lagu ðam folce tó steóre God appointed them law, that is a plain rule, for the guidance of the people, Ælfc. T. Grn. 5, 36. Deuteronomium ðæt ys óðer lagu, 39. Gif hé hine ládian wille dó ðæt be ðam deópestan áðe on Engla lage and on Dena lage be ðam ðe heora lagu sí if he will clear himself, let him do it by the most solemn oath in the district under English law; in that under Danish, by what their law may be, L. Eth. vi. 37; Th. i. 324, 20. Manna gehwilc óðrum beóde ðæt riht ðæt hé wille ðæt man him beóde and ðæt is swýðe riht lagu let every man offer that justice to another that he wishes to be offered to himself, and that is a very just rule, 49; Th. i. 326, 32. Nú is seó ealde lagu geendod offer Cristes tócyme and men ne ceósaþ nú on ðissere cristenan lage of nánum biscopcynne óðerne biscop ac of ǽlcum cynne now the old law is ended after Christ's advent, and men do not now under the Christian law choose a bishop from an episcopal race, but from any race, L. Ælfc. P. 40; Th. ii. 380, 24. Hig gesceótaþ tó Aarones dǽle and his suna écre lage cedent in partem Aaron et filiorum ejus jure perpetuo, Ex. 29, 28. Hwí forgýmaþ ðíne leorningcnihtas úre yldrena lage? ... Gé for náht dydon Godes bebod for eówre lage quare discipuli tui transgrediuntur traditionem seniorum? ... Irritum fecistis mandatum Dei propter traditionem vestram, Mt. Kmbl. 15, 2, 6. Ðǽr hæfþ áne lage earm and se welega there poor and rich shall have one law, Dóm. L. I2, 163. Godes lage healdan, Swt. A. S. Rdr. 105, 36, 23. Hé niwade ðǽr Cnutes lage, Chr. 1064; Erl. 196, 2. Ðǽr þegen áge twegen costas lufe oððe lage where a thane has two alternatives love or law [i.e. where a case may be arranged amicably or by appeal to law], L. Eth. iii. 13; Th. i. 298, 6. Ðis synd ða bebodu and dómas and laga ðe drihten gesette hæc sunt judicia atque præcepta et leges quas dedit dominus, Lev. 26, 46. Ðis ys seó ǽ ðe Moises foresette and laga and dómas ista est lex quam proposuit Moyses, et hæc testimonia et ceremoniæ atque judicia, Deut. 4, 44-45. Ic wille ðæt hig beón swá gódera lagana wurðe swá hig betst wǽran on ǽniges cynges dæge I will that they be entitled to as good laws as there ever have been in any king's day, Chart. Th. 416, 24. And ic wille ðæt woruldgerihta mid Denum standan be swá gódum lagum swá hý betst geceósen mǽgen, L. Edg. S. 2; Th. i. 272, 30. Hwilc óðer þeód is swá mǽre ðæt hæbbe laga and rihte dómas and ealle ǽ quæ est alia gens sic inclyta, ut habeat ceremonias justaque judicia et universam legem, Deut. 4, 8. Hé lægde laga ðæt swá hwá swá slóge heort oððe hinde ðæt hine man sceolde blendian, Chr. 1086; Erl. 222, 26. Ic wylle ðæt man rihte laga upp árǽre and ǽghwilce unlage georne áfylle, L. C. S. 1; Th. i. 376, 7. In the phrases on Engla, Dena, &c. lage, which may be compared with the Icel. í þrænda lögum, lagu is nearly equivalent to 'district in which certain [English, Danish, &c.] laws prevail,' and in Cl. & V. Dict. [v. lög ii.] lög is rendered 'law community, communion, also a law district.' So in L. E. G. 7; Th. i. 172, 3 it is said :-- Gif hláford his þeówan freólsdæge nýde tó weorce gylde lahslitte inne on Deone lage and wíte mid Englum. These laws are the first in which lagu or lah- occurs, afterwards these forms are not unfrequent, and are continued in the Laws of William the Conqueror 'en Dene lahe, en Merchene lahe, en West Sexene lahe,' Th. i. 466, and in L. H. I. 'in Dendaga,' 566. From the time of the appearance of the word it would seem that its use was due to Scandinavian influence. v. Steenstrup's Normannerne, iv. 15 sqq. In Icelandic the word is used in the sense of law only in pl. lög: Dan. lov. v. land-, mǽg-, riht-, þegen-, un-, woruld- lagu; laga and lah."
54920,lāst,"footprint, track",21097,lást,"A step, footstep, sole of the foot, track, trace","A step, footstep, sole of the foot, track, trace :-- Lǽst solum, Ælfc. Gl. 75; Som. 71, 98; Wrt. Voc. 45, 6. Ðú ðás werþeóde wræccan láste feorran gesóhtest from far with the foot of an exile this people hast thou sought, Cd. 114; Th. 149, 22; Gen. 2478. Sarran brýde láste beddreste gestáh, 129; Th. 164, 15; Gen. 2715. Of láste e vestigio, statim, Wrt. Voc. ii. 144, 33. On láste e vestigio, 107, 41. Him on láste setl wíde stódan behind them heaven stood spacious, Cd. 5; Th. 6, 10; Gen. 86. Malalehel wæs æfter Jarede yrfes hyrde fæder on láste Mahalaleel was after Jared the guardian of the heritage in succession to his father, 52; Th. 65, 18; Gen. 1068. Him on láste fór sweót Ebréa on their track marched the band of Hebrews, Judth. 12; Thw. 25, 38; Jud. 298. Yldran ússe in forléton ðone wlitigan wong on láste our parents left that beauteous plain behind, Exon. 62 a; Th. 228, 18; Ph. 440. Frætwe léton licgan on láste, 104 a; Th. 394, 30; Rä. 14, 11. Ðá wearþ forht ferþ manig folces on láste then was the mind of many a man of that folk left in fear, Andr. Kmbl. 3191; An. 1598. Hié ðæs láðan lást sceáwedon they marked the track of the foe, Beo. Th. 265; B. 132. Lást weardian [cf. lást-weard] to guard the track of one gone before, to remain behind; also to follow in the steps of another. Cyning úre gewát þurh ðæs temples hróf ðǽr hý tó ségun ða ðe leófes lást weardedun [of the disciples watching the ascension of Christ], Exon. 15 a; Th. 31, 16; Cri. 496. Se ðe his mondryhten lífe bilidene lást weardian wiste who knew his lord, of life bereft, remained behind, 52 a; Th. 182, 19; Gú. 1312. Sceal se líchoma leást weardigan eft on eorþan the body shall again be left in the ground, Bt. Met. Fox 20, 482; Met. 241. Hé his folme forlét lást weardian, Beo. Th. 1947; B. 971. Hýrde ic ðæt ðám frætwum feówer mearas lást weardode I heard that four steeds followed those trappings, 4335; B. 2164. Him arn on lást þýstre genip dark cloud succeeded it, Cd. 8; Th. 9, 8; Gen. 138. Him fleáh on lást earn ǽtes georn, Judth. 11; Thw. 24, 27; Jud. 209. Gescoh nú seolfes swæðe ... Ðá on lást beseah leóflíc cempa 'see now thine own track.' ... Then the good warrior looked behind, Andr. Kmbl. 2880-90; An. 1443-48. On lást faran to return. Beo. Th. 5883; B. 2945. Wesseaxe on lást legdun láþam þeódum the West Saxons hung on the rear of the foe, Chr. 937; Erl. 112, 22; Ædelst. 22. On lást [cf. Icel. á lesti] at last. Ðú sárgige on lásð gemas in novissimis, Past. 36, 2; Swt. 249, 13. Hit on lást of his tungan útábirst tó openum bismere ad extremum usque ad apertas lingua coutumelias erumpat, 38, 7; Swt. 279, 8. Ðæt mód him ǽrest ná ne ondrǽt ða lytlan scylda, ne ðonne on lást ða miclan, 57, 2; Swt. 437, 28: Bt. 7, 20; Fox, 16, 11; Fox 72, 7. Lástas wǽron wíde gesýne, gang ofer grundas, Beo. Th. 2809; B. 1402. Ic sume in bryne sende ðæt him lásta wearþ síðast gesýne some have I sent into the fire, so that no trace of them was left, Exon. 72 b; Th. 270, 33; Jul. 474.Blódgum lástum, 36 b; Th. 119, 25; Gú. 260. Ðonne is ðǽr geworht emb ða lástas... ðæt man mæg tó ðǽm lástum onhnígan and mænige men ða moldan neomaþ on ðǽm lástum the footsteps are built about, yet so that people can stoop down to the footsteps, and many men take the earth from the footsteps, Blickl. Homl. 127, 5-11, 55, 59. Ðæt nǽnig man ða lǽstas sylfe ufan oferwyrcean ne mihte ne mid golde ne mid seolfre so that no man might overlay the footsteps themselves, neither with gold nor with silver, 125, 35. Sceáwian láðes lástas, Beo. Th. 1686; B. 841. Lástas lecgan [cf. colloquial to make tracks] to journey, travel. Ic lástas sceal wíde lecgan wide must I wander, Cd. 49; Th. 63, 3; Gen. 1026. Gewít ðú féran, lástas lecgan, 137; Th. 172, 26; Gen. 2850: 118; Th. 153, 9; Gen. 2536: l09; Th. 145, 3; Gen. 2400. [Goth. laists a footstep.] DER. æf-, feorh-, fét-, féðe-, fót-, sweart-, úríg-, wíd-, wræclást. v. lǽst."
54550,laðian,"invite, summon",21113,laðian,"To invite, call, call upon","To invite, call, call upon :-- Hwílum ic rincas laðige tó wíne at times I invite men to wine, Exon. 104 a; Th. 395, 32; Rä. 15, 16. Ðyder ðe unc laðaþ and cégþ uncer Drihten whither our Lord invites and calls us, Blickl. Homl. 187, 26: Cd. 226; Th. 301, 29; Sat. 589 Loth hig laðode geornlíce Lot compulit illos oppido, Gen. 19, 3. Hé hí laðede ðæt hí onféngon ðam gerýno Cristes geleáfan ad fidei suscipiendæ sacramentum invitaret, Bd. 3, 5; S. 526, 31. Mé of weorulde cígde and laðode me de sæculo evocare dignatus est, 4, 3; S. 568, 18. Heora ða leásan godas hié him laðodan on fultum they called upon their false gods to help them, Blickl. Homl. 201, 31. Hé héht hám laðian Mellitum and Iustum revocavit Mellitum et Justum, Bd. 2, 6; S. 508, 33. Ðá hét hé Willfriþ tó ðam sinoþe laðian vocari jussit Vilfridum, 5, 19; S. 639, 35. Hé sende his þeówan tó laðigenne mancynn tó ðære écan feorme, Homl. Th. ii. 372, 5. [Goth. laþón: O. Sax. lathian: O. Frs. lathia: Icel. laða: O. H. Ger. ladón: Ger. laden.]"
55786,lēod,people,21298,leód,"A people, nation, race, district occupied by a people","A people, nation, race, district occupied by a people [v. preceding word, and cf. mǽgþ], country :-- Hit wæs hwílum on Engla lagum ðæt leód and lagu fór be geþincþum at one time it was in the laws of the English, that the people and the law went according to ranks, L. R. 1; Th. i. 190, 11. Ðæt leód and lagu trumlíce stande, Wulfst. 74, 8. Feówer folccyningas, leóde rǽswan, Cd. 95; Th. 125, 6; Gen. 2075. Ða fǽhþe eówer leóde the hostility of your people, Beo. Th. 1197; B. 596. Tó fela Deniga leóde, 1396; B. 696: 1202; B. 599. Se wæs Cantwara leóde oriundus de gente Cantuariorum, Bd. 3, 14; S. 539, 27. Moyses leóde from the Israelites, Cd. 149; Th. 187, 16; Exod. 152. Wæs his gewuna ðæt hé his ágene leóde Norþanhymbra mǽgþe sóhte solebat suam, id est, Nordanhymbrorum provinciam revisere, Bd. 3, 23; S. 554, 6. Hé wæs ealle ða land and leóde þurhfærende omnia pervagatus, 3, 30; S. 562, 13. Úres hláfordes gerǽdnes is ðæt man cristene menn of earde ne sylle ne húru on hǽðene leóde our lord's ordinance is, that Christian men be not sold out of the land, certainly not into a heathen country [or leóde = men, preceding word], L. Eth. v. 2; Th. i. 304, 16: Beo. Th. 387; B. 192. Ðone Denisca leóda lufiaþ swýðost him [Thor] the Scandinavian peoples love most, Wulfst. 106, 23. Beneuentius and Sepontanus hátton ða twá leóde Benevento and Sepontus were the two places called, Blickl. HomI. 201, 22. Ealle him leóda lácum cwemaþ all nations shall make offerings to please him, Ps. Th. 71, 10. [O. Sax. liud-: O. Frs. liod: Icel. ljóð-; lýðr; m. people, common people: O. H. Ger. liut; m. n. populus, plebs.] v. land-leód, and preceding word."
55675,lēof,dear,21333,leóf,used as a form of address to one,"used as a form of address to one or to many, cf. modern 'dear sir' :-- Wé biddap ðé leóf ðæt ðú hlyste úre sprǽce oramus, domine, ut audias nos, Gen. 43, 20: 3, 10 : Ælfc. Gen. Thw. 1, 5, 14. Ðá cwæþ ðæt wíf tó him leóf ðæs mé þingþ ðú eart wítega dicit ei mulier domine video quia propheta es tu, Jn. Skt. 4, 19. Hí cwǽdon, leóf, wé wyllaþ geseón ðone hǽlend, 12, 21. Seó gegaderung his leorningcnihta cwæþ Drihten leóf wilt ðú nú gesettan ende ðysre worulde the assembly of his disciples said, Lord, wilt thou now put an end to this world, Homl. Th. i. 294, 24. Ic bidde eów leóf ðæt gé gecirron tó mínum húse obsecro, domini, declinate in domum pueri vestri, Gen. 19, 2. Gefyrn ic hine cúðe leóf ... La leóf nele hé gelýfan mínum wordum long ago 1 knew him, Sir ... Ah! Sir, he will not believe my words, Glostr. Frag. 2, 10, 19. Lá leóf O Lord, Gen. 18, 23, 25, 28, 30, 31. Hí cwǽdon tó ðám apostolon lá leóf hwæt is ús tó dónne they said to the apostles, Sirs, what shall we do? Homl. Th. i. 314, 33. v. next word."
55676,lēofian,"be dear, please",21338,leófian,To be dear,"To be dear or pleasant, to delight :-- Him leófedan londes wynne bold on beorhge the pleasures of the country were dear to him, the house on the hill, Exon. 34 b; Th. 110, 19; Gú. 110. [Cf. O. L. Ger. ge-lievan delectari, delectare: O. H Ger. liubjan diligere, affectare, commendare.]"
54808,lēon,lend,21377,león,"To lend, grant for a time","To lend, grant for a time :-- Mín lond ðe is hæbbe, and mé God láh, Chart. Th. 469, 25: Beo. Th. 2916; B. 1456. Líh mé þreó hláfas commoda mihi tres panes, Lk. Skt. Lind. 11, 5. [Goth. leihwan: O. Sax. far-líhan: O. L. Ger. lían: O. Frs. lía: Icel. ljá: O. H. Ger. líhan commodare, fenerare, mutuare: Ger. leihen.] v. on-léon."
55652,lēoþian,sing,21402,leóþian,"To sing, sound","To sing, sound :-- Wóð óðer ne lythwón leóþode ðonne in lyft ástág ceargesta cirm a second cry sounded, nor weakly, when to the heavens rose the wail of the troubled spirits, Exon. 38 a; Th. 125, 32; Gú. 363. Folcum ic leóþode to peoples I sang, 94 b; Th. 354, 4; Reim. 40. [Goth. liuþón to sing: O. H. Ger. liudón canere, jubilare.]"
55427,lesan,gather,21432,lesan,To lease,"To lease [ = glean dialect.], gather, collect :-- Se eorþlíca anweald nǽfre ne sǽwþ cræftas ac lisþ and gadraþ unþeáwas earthly power never sows virtues, but collects and gathers vices, Bt. 27, 1; Fox 94, 25. Gif gé lesaþ wyrte on Sunnandæg if ye gather herbs on Sunday, Wulfst. 231, 18. Ic læs I collected, Elen. Kmbl. 2474; El. 1238. Hí lǽson ǽfre forþ mid heom ealle ða butsecarlas ðe heó gemétton they kept on all the while collecting and joining to themselves all the sailors they found, Chr. 1052; Erl. 184, 15. Ne gé ne gaderion ða eár ðe bæftan eów beóþ ac lǽtaþ þearfan and útácymene hig lesan nec remanentes spicas colligetis, sed pauperibus et peregrinis dimittetis eas, Lev. 23, 22. [Piers P. Wick. lese to glean: Goth. lisan: O. Sax. lesan: O. L. Ger. lesan to read: O. Frs. lesa: Icel. lesa: O. H. Ger. lesan legere, colligere: Ger. lesen.] DER. á-lesan."
45737,lifer,liver,21519,LIFER,The,"The LIVER :-- Lifer jecur, Wrt. Voc. 65, 50: 71, 6. Lifre læppan fibræ, Ælfc. Gl. 76; Som. 71, 110; Wrt. Voc. 45, 16. Ðære lifre nett reticulum jecoris, Ex. 29, 13. Ealle ða þing ðe tó ðære lifre clifiaþ cuncta, quæ adhærent jecori, Lev. 1, 8. Se vultor sceolde forlǽtan ðæt hé ne slát ða lifre Tyties ðæs cyninges, Bt. 35, 6; Fox, 170, 3. [Icel. lifr: O. H. Ger. libara: Ger. leber.]"
35374,lim,"limb, branch",21589,LIM,n.,"n. (but it also occurs with adj. fem.:). A limb, joint, member of a body, branch of a tree :-- Án lim membrum; má lima membra, Wrt. Voc. 70, 20, 21. Gif men cíne hwylc lim, genim regen mela, dó on ðæt lim, L. M. 1, 73; Lchdm. ii, 148, 22. Be ðæs limes (the finger) micelnysse, Homl. Th. ii. 204, 6. Limes dǽl commata (commota, Wrt.) Wrt. Voc. ii. 20, 25. On ǽlcre lime, L. M. 2, 64; Lchdm. ii. 288, 22. Wið foredum lime for a broken limb, 1, 25; Lchdm. ii. 66, 22, 26. Ne biþ nán tó ðæs lytel liþ on lime áweaxen, Soul Kmbl. 192; Seel. 96. Ic nán lim onstyrian ne mihte I could not stir a limb, Bd. 5, 6; S. 619, 26. Hafa ðínne niéxtan swá swá ðín ágen lim, Basil Admn. 5; Norm. 44, 24. Monegu limu beóþ on ánum men, and weorþaþ ðeáh ealle tó ánum líchoman, Bt. 34, 6; Fox 140, 25. Gif wé tó lange sittaþ, slapaþ ða lima, Homl. Th. i. 490, 1. Gé sindon Cristes líchama and leomu (cf. Icel. Guðs, fjándans limir), ii. 276, 19. Unríhtwíse syndon deófles leomo, Blickl. Homl, 33, 8. Ðæs biscopes leoma on ðysse byrigenne syndon betýned, Bd. 2, 1; S. 500, 22. Leomu gnornian the (leafless) branches (shall) mourn, Exon. 89 a; Th. 334, 35; Gn. Ex. 26. Án ðínra lima unum membrorum tuorum, Mt. Kmbl. 5, 29: Bd. 4, 9; S. 577, 17. Hé biþ Cristes lima án, Wulfst. 37, 5. Þurh deófles oððe his lima láre, Cod. Dip. Kmbl. iii. 138, 16. Leoma, Blickl, Homl. 147, 15. Leomena, Salm. Kmbl. 205; Sal. 102. Fram árleásum deófles limum, Honsl. Th. i. 556, 8: Wulfst, 37, 7: Ps. Th. 21, 15. Ic geseó óðre ǽ on mínum leomum... synne ǽ seó is on mínum limum, Bd. 1, 27; S. 497, 35-37. Leomum, Blickl. Homl. 33, 11: 167, 2. Leomum and leáfum with branches and leaves, Beo. Th. 194; B. 97. Hé ongan his limu þræstan, Bd. 3, 11; S. 536, 15. Hé his lima gesette and hine gerestan wolde, 4, 11; S. 579, 32. Limo 4, 24; S, 597, 10, Leomu, 2, 6; S. 508, 11: Ádyde ða leomu and ðæt heáfod on weg ðæs sceápes, Blickl. Homl. 183, 24. Leomo lǽmena, Exon. 8 a; Th. 2, 6; Cri. 15, [Icel. limr; m. a limb, a joint (of an animal): lim; n. a branch; limar; pl. f. branches of a tree.] DER. gecynd-, sceam- lim."
55832,loc,"closure, bolt, prison",21704,loc,"A lock, bolt, bar, that by which anything is closed, an enclosed place, enclosure, fold.","A lock, bolt, bar, that by which anything is closed, an enclosed place, enclosure, fold. :-- Loc clausura, Wrt. Voc. 81, 17. Locc mandra vel ovile, 23, 55. Loc caula, 85, 73. Gáta loc titula, 288, 20. Loce ł fæstene clustello, Hpt. Gl. 527, 72. In scípa locc in ovile ovium, Jn. Skt. Lind. 10, 1 : p. 6, 2. Ic scitte sum loc oððe hæpsige sero, Ælfc. Gr. 37; Som. 39, 21. Uton belúcan ðás circan and ðæt loc inseglian, Homl. Skt. 3, 329. Sceápa locu caule, Ælfc. Gl. 2; Som. 55, 21; Wrt. Voc. 16, 6. Ða locu feóllan, clústor of ðám ceastrum, Exon. 120 a; Th. 461, 22; Hö. 39. Ealle ða ísenan scyttelas helle loca wurdan tóbrocene, Blickl. Homl. 87, 5. Hwylc manna is ðæt his ágene sáwle fram helle locum generige quis eruet animam suam de manu inferi, Ps. Th. 88, 41. Tó helle locum gelǽded beón sceolde ad inferni claustra raperetur, Bd. 3, 13; S. 538, 22 : 5, 13; S. 633, 20. Mid ðám trumestum locum getimbrade seris instructa ftrmissimis, 1, 1; S. 473, 27. Ðonne wé sittaþ innan ceastre ðonne wé ús betýnaþ binnan ðǽm locum úres módes in civitate quippe considemus, si intra mentium nostrarum nos claustra constringimus, Past. 49, 4; Swt. 385, 6 : L. E. I. 45; Th. ii. 442, 13. Heó héht ða róde in seolfren fæt locum belúcan, Elen. Kmbl. 2051; El. 1027. Locu mandras, caulas, Hpt. Gl. 476, 30. Loca caulas, Coll. Monast. Th. 20, 17. Godes engel undyde ða locu ðæs cwearternes, Homl. Th. i. 572, 27 : Exon. 12 b; Th. 20, 21; Cri. 321."
55902,lyge,lie,21852,lyge,"A lie, lig","A lie, lig [provincial], falsehood :-- Ic eów tó sóþe secgan wille and ðæs in lífe lyge ne wyrþeþ in truth I will tell you, and never shall it prove false, Elen. Kmbl. 1147; El. 575. Sóþfæstnysse feóung and seó lufu liges and leásunge odium veritatis amorque mendacii, Bd. 1, 14; S. 482, 24. Liges fýr mendacii ignis, 3, 19; S. 548, 13. Búta lyg verumtamen, Mt. Kmbl. Lind. 11, 24. Hí on lige lange feredon de mendacio compellantur, Ps. Th. 58, 12. Mengan lyge wið sóðe, Elen. Kmbl. 613; El. 307. Ðú ǽr sægdest sóþlíce and nú on lyge cyrrest, 1329; El. 666. Ðú ús gelǽrdæst þurh ðínne lyge thou didst persuade us through thy falsehood, Cd. 214; Th. 268, 11; Sat. 53. Hwæðer him mon sóþ ðe lyge sagaþ, Exon. 27 a; Th. 80, 16; Cri. 1307. Ic ðé tó sóþe secgan wille, nelle ic lyge fremman, 67 b; Th. 250, 27; Jul. 133. Mán on móde, in múþe lyge, 80 b; Th. 302, 13; Fä, 35. [Icel. lygi; f. a lie: O. H. Ger. lugi; f. mendum, falsum, figmentum, fabula: Ger. lüge.]"
59591,mǣlan,speak,22043,mǽlan,To speak,"To speak :-- Se stán mǽlde for mannum the stone spake before men, Andr. Kmbl. 1533; An. 768. Wícinga ár wordum mǽlde, Byrht. Th. 132, 35; By. 26: 133, 1; By. 43: 137, 63; By. 210. Hyre se feónd oncwæþ, wordum mǽlde. Exon. 70 b; Th. 263, 18; Jul. 351. Be eów Essaias for weorodum wordum mǽlde, Elen. Kmbl. 702; El. 351. Him ða tó wuldorgást wordum mǽlde, Cd. 141; Th. 176, 16; Gen. 2913. Him Andreas wið, wine þearfende, wordum mǽlde, Andr. Kmbl. 600; An. 300. Him ðá tógénes ða gleáwestan wordum mǽldon, Elen. Kmbl. 1072; El. 537. Hwæt mé God on mínum módsefan mǽlan wille quid loquatur in me dominus, Ps. Th. 84, 7. [Orm. mælenn: Havel, mele: Icel. mæla to speak.] v. ge-, on-mǽlan."
57644,mǣnan,"mean, say; complain",22057,mǽnan,To mean.,To mean.
56590,maga,stomach,22172,maga,The,"The MAW, stomach:--Maga stomachus, Ælfc. Gl. 76; Som. 71, 114; Wrt. Voc. 45, 19: 65, 54: Wrt. Voc. ii. 121, 40. Fleumon, magan untrymness, 39, 12. Magan masdi, 56, 9. Gif se maga áþened síe, L. M. 2, 2; Lchdm. ii. 158, 4. Be geswelle ðæs magan, 158, 6. Hú ðone cealdan magan ungelíclíce mettas lyste, 2, 16; Lchdm. ii. 160, 7. Hit ðone magan ealne áfeormaþ, Herb. 70; Lchdm. i. 162, 19. Lege ofer ðone magan, L. M. 2, 15; Lchdm. ii. 192, 20. [H. M. mahe: A. R. Chauc. Piers. P. mawe: Icel. magi: Dan. mave: O. H. Ger. mago: Ger. magen.] v. mage."
56451,meaht,"power, strength",22364,meaht,"Might, power, virtue, ability","f. (but mihtes, Ps, Th. 70, 18). Might, power, virtue, ability :-- Meaht eorþlíces ríces potestas terreni imperii, Bd. 2, 9; S. 510, 13. Seó godcunde meht, Blickl. Homl. 19, 20. Gif hǽto oððe meht ne wyrne lǽt him blód if heat, or his ability to bear it do not forbid, let him blood, L. M. 2, 42; Lchdm. ii. 254, 4. Miht is Drihtnes potestas Dei est, Ps. Th. 61, 12. Meahte opis, Wrt. Voc. ii. 65, 26: potentatus, 77, 78. Mihte lufigend amans virtutis, Ælfc. Gr. 43; Zup. 255, 10. His ríces ongin, ne his mehte, ne his mægenþrymmes nǽfre gewonad ne weorþeþ, Blickl. Homl. 9, 17. Ðínes mihtes þrym potentiam tuam, Ps. Th. 70, 18. Meahte nutu, Wrt. Voc. ii. 60, 78: 91, 31. Ungelǽredne fiscere, náwðer ne on worde ne on gebyrdum mid nǽnigre mihte (ability) gewelgode, Blickl. Homl. 179, 15. Hé on mihte (mæhte, Lind.) and on mægene unclǽnum gástum bebýt (in potestate et virtute), Lk. Skt. 4, 36. Bútan ðínre miht abs te, Ps. Th. 138, 10. Maht potentiam, Ps. Surt. 144, 4. Meahte numen, Wrt. Voc. ii. 61, 25. Ðín wuldor ús gecýð, cræft and meaht, Exon. 53 b; Th. 188, 11; Az. 44. Swá swá mæht hæbbende sicut potestatem habens, Mt. Kmbl. Rush. 7, 29. Ða mæhte (ðæt mæht, Lind.) seðe eode from him virtutem quæ exierat de eo, Mk. Skt. Rush. 5, 29. Hé nǽnige mehte wið ús nafaþ, Blickl. Homl. 31, 33. Þurh his godcunde meht, 121, 15. Ðín mægen is áterod and ða mihte ðú næfst, Homl. Skt. 3, 611. Se weard hafaþ miht and strengþo, Cd. 45; Th. 58, 22; Gen. 950. Virtutes sind gecwedene mihta, þurh ða wyrcþ God fela wundra, Homl. Th. i. 342, 27. His meahte synt powers are his, Ps. Th. 98, 10. Þurh ðínra mehta spéd through the abundance of thy powers, Bt. Met. Fox 4, 64; Met. 4, 32. His mihta name nomen majestatis ejus, Ps. Th. 71, 19. Ðú sǽs wealdest mihtum tu dominaris potestati maris, 88, 8. Gástes miehtum, Hy. 8, 12; Hy. Grn. ii. 290, 12. Eallum hire mihtum and mægenum with all her might and main, L. M. 3, 63; Lchdm. ii. 372, 5. Eallum mihtum, L. C. E. 20; Th. i. 372, 9. Mid eallum mægene and eallum mihtum ex omni virtute, et omnibus viribus, L. Ecg. C. pref.; Th. ii. 132, 13. On hyre yldrena mihtum in potestate parentum suorum, 27; Th. ii. 152, 15. Ðæt geþyld oferswíðdum leahtrum sprecþ tó ðám mihton (mægnum, 28 a) patientia devictis vitiis ad virtutes loquitur, Prud. 28 b. On ðíne ða myclan mihte in potentias Domini, Ps. Th. 70, 15. Mihta strange, 102, 6."
57934,mealt,malt,22379,mealt,Malt,"Malt :-- Malt bratium, Ep. Gl. 6 b, 2: Wrt. Voc. ii. 102, 18. Mealt, 11, 44: 127, 15: macetum, 58, 13. [Icel. malt; n. O. H. Ger. malz brasium.] v. alo-malt."
59684,mere,"sea, lake, pond",22553,mere,f(?).,"f(?). I. the sea (mer in mer-maid) :-- Mere swíðe gráp on fǽge folc (of the waters of the deluge), Cd. 69; Th. 83, 18; Gen. 138. Mere (the Red Sea) stille bád, 158; Th. 197, 2; Exod. 300: 166; Th. 206, 27; Exod. 458. Mere sweoðerade, ýða ongin eft oncyrde, Andr. Kmbl. 930; An. 465. Æt meres ende on the shore, 442; An. 221. Ofer wídne mere, 566; An. 283. Ofer sealtne mere, Menol. Fox 203; Men. 103. Mere sécan, mǽwes éþel, Exon. 123 b; Th. 474, 5; Bo. 25. II. a mere, lake :-- Meri stagnum, Ep. Gl. 25 b, 16. Mere stagnum, Wrt. Voc. i. 54, 15: ii. 121, 28. Nis ðæt feor heonon ðæt se mere standeþ, Beo. Th. 2729; B. 1362. In eálonde ðæs myclan meres (stagni), Bd. 4, 29; S. 607, 10. Seó menigeo ðe stód begeondan ðam mere, Jn. Skt. 6, 22. On culfran mere; of ðæm mere ... On weorces mere; of ðære mere, Cod. Dip. Kmbl. iii. 76, 37-77, 3. Wið ðone mere secus stagnum, Lk. Skt. 5, 1, 2: 8, 22. Ðæt wé fundon sumne swíðe micelne mere in ðæm wǽre fersc wæter, Nar. 11, 26. On mære in stagnum, Blickl. Gl. Be norþan hodes mære ... ðonon up on ðone mære, Cod. Dip. Kmbl. iii. 10, 19-26. Ofer burnan ge ofer meras and ofer ealle wæterpyttas super rivos ac paludes et omnes lacus aquarum, Ex. 7, 19. III. an artificial pool, cistern :-- On Syloes mere in natatoria Siloae, Jn. 9, 7, 11. Drinc ðæt wæter of ðínum ágenum mere bibe aquam de cisterna tua, Past. 48, 5; Swt. 373, 4, 8. [Goth. marei; f.: O. Sax. O. L. Ger. meri; f.: Icel. marr; m.: O. H. Ger. mari, meri; m. n.: Ger. meer; n.: Lat. mare.] v. fisc-, hran-, hring-, hwæl-, ís-, sund-, wín-, ýð-mere."
57965,milde,"mild, kind, friendly",22768,MILDE,"gentle, meek, benign, liberal(?)","gentle, meek, benign, liberal(?) :-- Se wæs milde wer and monþwǽre vir omnium mansuetissimus ac simplicissimus, Bd. 4, 27; S. 603, 35. Heora cining cynseþ milde and monþwǽre (mansuetus, cf. Mt. 21, 5), Blickl. Homl. 71, 4. Ic eom milde and eáþmódre heortan mitis sum et humilis corde, Bd. 2, 2; S, 503, 4. Ðæt milde mód (Guthlac), Exon. 43 b; Th. 146, 17; Gú. 711. Of árfæstre heortan and mildre, Blickl. Homl. 37, 27. Milde mitia, Wrt. Voc. ii. 57, 43. Spræc mildum wordum, Beo. Th. 2348; B. 1172. Mildre indulgentior, Ælfc. Gr. 43; Som. 44, 49. Manna mildost (Moses), Cd. 170; Th. 213, 8; Exod. 549. Cwǽdon ðæt hé wǽre manna mildust and monþwǽrost they said that he was kindest and most courteous of men, Beo. Th. 6344; B. 3182. Se leó gewát swá swá ðæt mildoste lamb, Glostr. Frag. 110, 22."
59223,mund,"hand, protection, guardianship",23115,mund,a hand,"a hand :-- Hé cwehte mægenwudu mundum, Beo. Th. 477; B. 236 : 6037; B. 3022. Merestrǽta mundum brugdon (swam), 1033; B. 514. Mundum brugdon scealcas of sceáðum scírःmǽled swyrd, Judth. 11; Thw. 24, 38; Jud. 229. Gif monna hwelc mundum sínum aldre beneóteþ, Cd. 50; Th. 63, 31; Gen. 1040. Ic geféng mid mundum mægenbyrðenne. Beo. Th. 6173; B. 3091."
35816,nēah,near,23370,neáh,"nigh, near","nigh, near :-- On ðam neáhgum mynstre [neáhnunnan-mynstre] de vicino virginum monasterio, Bd. 4, 1 ; S. 564, 4 note. Neágum proximis (cf. O. L. Ger. náan proximum), Germ. 399, 409. Seó ús neárre Ægyptus, Ors. 1, I ; Swt. 14, 3. Seó ús neárre Ispania, Swt. 22, 31 : 24, 9. Síe se láreów eallum monnum se niéhsta and eallum monnum elnþrowiende on hira gesuincum sit rector singulis compassione proximus, Past. 16; Swt. 97, 22. Seó mǽgþ is seó nýhste on súþhalfe Humbre streámes provincia (Lindissi) quae est prima ad meridianam Humbrae fluminis ripam, Bd. 2, 16; S. 519, 19. Níhsta proxima, Ps. Spl. 21, 10. Sió néste hond the nearest relative, Chart. Th. 481, 21. Gif hwylc man wífige on his néhstan mágan (proximam cognatam), L. Ecg. P. ii. 18; Th. ii. 188, 26. Hiera niéhstan friénd, Past. 49 ; Swt. 377, 1. Heora nýhstan mágas, L. Eth. ii. 6; Th. i. 286, 32."
73820,nearu,narrow,23410,nearu,"narrow, strait, confined, not spacious","narrow, strait, confined, not spacious :-- Neara scræf gurgustulum, Wrt. Voc. i. 58, 29. Neare pyt puteus angustus, Kent. Gl. 901. Gangaþ inn þurh ðæt nearwe (MS. B. nearuwe : Lind. nearuo : Rush. naarwe) geat ... Eálá hú neara (MS. A. nearu : Lind. naruu : Rush. naru) is ðæt geat intrate per angustam portam ... Quam angusta porta, Mt. Kmbl. 7, 13-14 : Lk. Skt. 13, 24. Se sǽ ðe ǽgðer is ge nearo ge hreóh, Ors. 1, 1 ; Swt. 28, 12. Alexander him ðæt ondréd for ðære nearwan stówe ðæt hé ðá on wæs timens angustias quibus inerat locorum, 3, 9; Swt. 124, 25. In án nearo fæsten ungeféredra móra in angustias inaccessorum montium, Bd. 4, 26; S. 602, 20. Nearo wíc mansionem angustam, 4, 28 ; S. 605, 23. Tóbrǽdan ofer ða nearwan eorþan (cf. ofer ðás nearowan eorþan sceátas, Met. 10, 16), Bt. 19 ; Fox 68, 25. Binnon nearwum gemǽrum intra fines angustiores, Bd. 4, 26; S. 603, 9. Nearewum artis, Wrt. Voc. ii. 5, 67. Mid ða nearwan arta, 5, 57. Ofereode stíge nearwe, enge ánpaðas, Beo. Th. 2823; B. 1409."
60815,nest,nourishment,23506,nest,"provisions, victuals","provisions, victuals :-- Se him his nest áspringeþ he whose provisions fail him, Exon. Th. 335, 23; Gn. Ex. 38. Sum sceal on feorwegas gongan, and his nest beran, 329, 3 ; Vy. 28. On ðæm fætelse ðe hyre foregenga hyra begea nest þyder lǽdde, Judth. Thw. 23, 19 ; Jud. 128."
60553,nihterne,nightly,23631,nihterne,Nocturnal,"Nocturnal :-- Þurh nihterne besmitenesse per nocturnam pollutionem, Confess. Peccat. v. next word."
60970,nīwe,new,23736,níwe,"new, not yet used","new, not yet used :-- Ne ásend nán scyp of níwum reáfe on eald reáf; elles ðæt níwe slít, and se níwa scyp ne hylp ðam ealdan, Lk. Skt. 5, 36. Smyre mid níre (MS. B. ánre) feþere, Lchdm. i. 234, 13. Hé léde hyne on hys níwan byrgene, Mt. Kmbl. 27, 60. Gé ðǽr gemétaþ níwe byrgenne, Blickl. Homl. 147, 30."
23793,penn,"pen, enclosure",25062,penn,"A pen, fold","A pen, fold :-- On penn ; of ðam penne, Cod. Dip. Kmbl. iii. 456, 3-4 : 25, 21. On hacapenn foreweardne, 412, 13."
66508,rād,"riding, procession, journey; music",25331,rád,"riding, going on horseback","riding, going on horseback or in a carriage. v. rǽdwægen :-- Þeáw wæs ðam ylcan biscope ðæt hé ðæt weorc ðæs godspelles má þurh his fóta gange fremede ðonne on his horsa ráde moris erat eidem antistiti opus evangelii magis ambulando per loca quam equitando perficere, Bd. 4, 3; S. 566, 32. Nán mon for ðý ne rít ðe hine rídan lyste, ac rít for ðý ðe hé mid ðære ráde earnaþ sume earnunga. Sume mid ðære ráde earniaþ ðæt hié síen ðý hálran, Bt. 34, 7; Fox 144, 5-8. Ðá wearð his hors gesíclod, and feóll wealwigende geond ða eorþan ... Hé begann ðá tó gereccenne hú him on ráde getímode, Swt. A. S. Rdr. 101, 178. Gif mon on mycelre ráde oððe on miclum gangum weorðe geteorad, Lchdm. i. 76, 4. Ðæt man funde ǽnne man tó ráde oððe tó gange, L. Ath. v. 4; Th. i. 232, 15. Rynestrong on ráde, Exon. Th. 400, 9; Rä. 20, 7."
66520,rǣde,"ready, easy, clear, simple",25356,rǽde,"Ready, prompt","Ready, prompt :-- On hwan mæg se iunga on gódne weg riht[r]an ne (ðe ?) rǽdran rǽd gemittan ðonne hé ðíne wísan word gehealde in quo corrigit junior viam sitam? in custodiendo sermones tuos, Ps. Th. 118, 9. Rǽdan (?) biionges exercitationis, Wrt. Voc. ii. 29, 59. v. ge-rǽde, rǽde-gafol, rǽde-sceamol, rǽdness."
36771,rǣs,"run, attack",25421,rǽs,"a race, swift","a race, swift or violent running, rush :-- Wæs se þridda hlýp, rodorcyninges rǽs ðá hé on róde ástág, Exon. Th. 45, 30; Cri. 727. Micle rǽse (magno impetu) worn tódrifen wæs on sǽ, Mk. Skt. Rush. 5, 13. Mycelum rǽse, Lk. Skt. 8, 33. Ðæt hors sum slóg on ðam wege mid swíðran rǽse (valentiore impetu) oferhleóp, Bd. 5, 6; S. 619, 17. Ongeán ðam rǽse ðæs forþgotenan streámes contra impetum fluvii decurrentis, 5, 10; S. 625, 7. Hé hét hwílon ða hundas ætstandan ðe urnon on ðam rǽse deórum getenge he sometimes ordered the dogs to stop that were running at full speed close upon the game, Homl. Th. ii. 514, 25."
67288,rēod,red,25574,reód,Red,"Red :-- Se ðe ǽror com, se wæs reód (rufus) and eall rúh, Gen. 25, 25. Ðonne ðú (the body) wǽre glæd and reód and gódes hiwes, ðonne wæs ic (the soul) blác and swýðe unrót, Wulfst. 140, 27 : L. E. I. prm. ; Th. ii. 398, 14. Ðá Moises hæfde gefaren ofer ða Reódan Sǽ, Ex. 15, 1. Hié wǽron sume reóde sume blace sume hwíte quaedam rubentibus scamis erant quaedam nigri et candidi coloris, Nar. 13, 17, [Icel. rjóðr.] v. bleó-reód, reád."
66463,rēðe,"cruel, terrible",25623,réðe,"Fierce, cruel, savage.","Fierce, cruel, savage. It glosses the following Latin words, efferus, Ælfc. Gr. 14; Som. 16, 57 : ferus, 38; Som. 41, 45 : trux, 9, 67; Som. 14, 10 : ferox, 9, 66; Som. 14, 6 : Wet. Voc. ii. 108, 37 : funestus, 34, 12 : infestus, 45, 26 : durus, crudelis, asper, 142, 19 : severus, immansuetus, 142, 44 : austerus, 1, 20 : furibundus, valde iracundus, Hpt. 450, 1 : truculentus, 518, 34. Roeðe asper, Lk. Skt. Lind. 3, 5. I. applied to persons (a) in a bad sense :-- Ðes (Ishmael) byþ réðe (ferus) man and winþ wið ealle and ealle wið hyne, Gen. 16, 12. Ealle his ǽhta ríce réðe mann gedǽle may a rich and cruel man divide all his possessions; scrutetur foenerator omnem substantiam ejus (Grein takes reðemann and compares Gothic raþjo), Ps. Th. 108, 11. Gif hé (a king) his folc ofsit, ðon biþ hé tyrannus, ðæt is réðe, Ælfc. Gr. 50, 20; Som. 51, 47. Grim and grǽdig, reóc and réðe (Grendel), Beo. Th. 244; B. 122. Ðá wæs ellenwód, yrre and réðe, frécne and ferþgrim fæder wið dehter, Exon. Th. 251, 5; Jul. 140. Sum árleás hine wolde sleán on his heáfde, ac ðæt wǽpen wand áweg of ðæs réðan handum, Homl. Th. ii. 510, 23. Burhrúnan, réðe furie, Wrt. Voc. ii. 151, 77. Twegen ðe hæfdon deófolseócnesse wǽron swíðe réðe (saevi nimis), Mt. Bos. 8, 28. Ealle swíðe erre-wǽron. Ðá wæs heora sum réðra and hátheortra ðonne ðá óðre, Blickl. Homl. 223, 6. (b) of justifiable severity, severe, stern, austere, zealous :-- Strang wæs and réðe se ðe wætrum weóld (the Deity at the time of the flood), Cd. Th. 83, 8; Gen. 1376. Biþ ðonne (at the day of judgment) ríces weard réðe and meahtig, yrre and egesful, Exon. Th. 93, 19; 1528. Réðe biþ Dryhten æt ðam dóme, Soul Kmbl. 196; Seel. Verc. 98. Óðer biscop, réðes módes mon austerioris animi vir, Bd. 3, 5; S. 527, 20. Réðe and stræce for ryhtwísnesse justitiae severitate districti, Past. 5, 1; Swt. 41, 19. Ðá wæs se bysceop mycle ðig réðra on gódum weorcum ðe hé ymbe ða cúðlícan méde gehýrde, Shrn. 98, 19. God sylfa ðonne ne gýmeþ nǽnges mannes hreowe . . . ac biþ ðonne réðra and þearlwísra ðonne ǽnig wilde deór, oððe ǽfre ǽnig mód gewurde, Blickl. Homl. 95, 30. Wolde heofona helm helle weallas forbrecan ... réðust ealra cyninga (Christ at the harrowing of hell), Exon. Th. 461, 16; Hö. 36. II. applied to animals, wild, savage, fierce :-- Réðe deór bellua, Wrt. Voc. i. 22, 40. Réðe nýten feralis bestia, ii. 147, 53. Rib reáfiaþ réðe wyrmas, Soul Kmbl. 221; Seel. 113. III. applied to things (punishment, calamity, etc.), severe, cruel, fierce, dire :-- Réðe wyrd fortuna aspera, Bt. 40, 1; Fox 236, 6-7. Wæs þreálíc þing þeódum tóweard, réðe wíte, Cd. Th. 79, 30; Gen. 1319. Wearð him on slǽpe gecýðed ðætte ríces gehwæs réðe sceolde gelimpan eorðan dreámas ende wurðan on sleep was made known to him that of every kingdom a terrible end should befall, an end be of the joy of earth, 223, 4; Dan. 114. Líg reád and reáðe, Dóm. L. 152. Réðe, Exon. Th. 51, 3; Cri. 810. Sprecan réðe word (of the judgment passed on the wicked), 50, 11; Cri. 798. Hé him sylfum réðne ðóm and heardne geearnaþ, Blickl. Homl. 95, 34. Regnas réðe, háte of heofenum, Ps. Th. 104, 28 : Met. 7, 27. Réðum wítum ferocibus cruciatibus, Hpt. Gl. 487, 10. Mid ðý hí cwǽdon ðæt ðæt is wundor ðæt ðú swá réðe forhæfednesse and swá hearde habban wylt andswarede hé : 'Heardran and réðran ic geseah' cum dicerent : 'Mirum quod tam austeram tenere continentiam velis,' respondebat : 'Austeriora ego vidi,' Bd. 5, 12; S. 631, 34. v. un-réðe."
66218,rīce,"mighty, noble, rich",25643,ríce,"powerful, mighty, great, possessed of power","powerful, mighty, great, possessed of power :-- Oft gebyreþ ðæm monþwǽran ðonne hé wierð riéce (ríce, Cott. MSS.) ofer óðre menn nonnunquam mansueti, cum praesunt, Past. 40, 1; Swt. 287, 23. Freá ælmihtig biþ á ríce ofer heofonstólas heágum þrymmum, Cd. Th. 1, 14; Gen. 7. Ríce þeóden (God), 53, 21; Gen. 864 : (Hygelac), Beo. Th. 2422; B. 1209. Ríce randwíga (Æschere), 2600; B. 1298. Ríce Drihten Dominus, Ps. Th. 96, 1. Wite se ríca man (vir potens) ðe him God hæfþ micelne welan and ǽhta ðyses lífes tó forlǽten, L. Ecg. C. 2; Th. ii. 136, 3. Hú mæg ðǽr ánes ríces monnes naman cuman ðonne ðǽr mon furþum ðære burge naman ne geheórþ ðe hé on hámfæst biþ, Bt. 18, 2; Fox 64, 2. Ríccræ wífe hrægl regillum vel peplum vel pella vel amiculum, Wrt. Voc. i. 40, 32. Hé nǽnigum rícum men ǽfre ǽnig feoh syllan wolde nullam potentibus saeculi pecuniam umquam dare solebat, Bd. 3, 5; S. 527, 12. Drihten ne wandaþ for rícum ne for heánum Dominus personam non accipit, Deut. 10, 17. Ne dém nán unriht ne árwurða ðone rícan non injuste judicabis nec honores vultum potentis, Lev. 19, 15. Áhóf ic rícne (riicnæ, Ruth. Cross) cyning (Christ), Rood Kmbl. 88; Kr. 44. Se cyning and se bisceop and monige óðre ǽfæste weras and ríce rex cum antistite et aliis religiosis ac potentibus viris, Bd. 4, 28 ; S. 606, 12. Guman ríce and heáne men, great and small, Exon. Th. 415, 18; Rä. 33, 13. Rícera potentum, Wülck. 253, 29. Ríccra gesetnes senatus consultum, Wrt. Voc. i. 20, 66. Ríccra manna need vis potestatis, 21, 28. Him mon þyngode tó ðám rícum (the judges), Bt. 38, 7; Fox 208, 29. Hé áwearp ða rícan (potentes) of setle, Lk. Skt. 1, 52. Hé (God) hæfþ nǽnne rícran, ne furþum nǽnne gelícan, Bt. 42; Fox 258, 5. Gyf ðú ðæt gerǽdest ðe hér rícost eart if you decide on this who are here in command, Byrht. Th. 132. 55; By. 36. Wæs Alexandreas ealra rícost monna cynnes, Exon. Th. 319, 21; Víd. 15. Monege óðre ðe of Macedonian rícoste wǽron multi Macedoniae principes, Ors. 3, 9; Swt. 130, 24. Hé hér ácwellan ða rícostan witan and ða æðelestan, Met. 9, 25. (b) rich, possessed of wealth :-- Eáðere ys olfende tó farenne þurh nǽdle þyrel ðonne se ríca and se welega on Godes ríce gá facilius est camelum per foramen acus transire quam divitem intrare regnum Dei, Mk. Skt. 10, 25. Ðá ðá se Hǽlend spræc be ðam rícan, ðá cwæþ hé : 'Sum ríce man wæs' ... Cúð is eów ðæt se ríca biþ namcúðre on his leóde ðonne se þearfa, Homl. Th. i. 330, 3-6. 'Hé forlét ða rícan ídele.' Ðæt sind ða rícan ða ðe mid módignysse ða eorþlícan welan lufiaþ swíðor ðonne ða heofonlícan. Fela ríccra manna geþeóþ Gode, ðæra ðe swá dóþ. Swá swá hit áwriten is : 'Ðæs rícan mannes welan sind his sáwle álýsednyss,' 204, 3-7. Be ríccera (rícra manna, W. F.) and þeárfena (bearna) andfenge. Gif hwylc ríce mon and æþelboren his bearn Gode on mynstre geoffrian wile, R. Ben. 103, 9-11. Rícra grundleás gítsung ǽhta, Met. 7, 14. Rícum mannum divitibus, Bd. 3, 5; S. 527, 9."
66173,riht,"right, straight",25675,riht,that which is straight,"that which is straight or erect, a plumb line :-- Reht perpendiculo, Wrt. Voc. ii. 81, 26."
66297,rī̆pan,harvest,25777,rípan,"To reap, cut corn","To reap, cut corn; metaph. to derive advantage :-- Ic rípe meto, Ælfc. Gr. 28, 3; Som. 30, 63. Ðú rípst ðíne æceras tui agros metis, 15; Som. 19, 46. Hláford ðú rípst ðǽr ðú ne seówe.... Ðú wistest ðæt ic rípe (hrippo, Lind.) ðǽr ic ne sáwe, Mt. Kmbl. 25, 24-26. Hrippes, Lk. Skt. Lind. 19, 21. Hú ne secge gé ðæt nú gyt synt feówur mónþas ǽr man rípan mǽge ... geseóþ ðás eardas ðæt hig synt scíre tó rípene (rýpanne, MS. A). And se ðe rípþ (hrioppaþ, Lind.) nimþ méde, Jn. Skt. 4, 35-36. Heofonan fuglas ne sáwaþ ne hig ne rípaþ (rioppas, Lind.), Mt. Kmbl. 6, 26. Eal manna bearn sorgum sáwaþ, swá eft rípaþ, Exon. Th. 6, 19; Cri. 86. Ða hié heora corn ripon, Ors. 4, 8; Swt. 188, 27. Gif wé eów ða gástlícan sǽd sáwaþ, hwónlíc biþ ðæt wé eówere flǽslícan þing rípon, Homl. Th. ii. 534, 27. On ðám man ne mæg náðer ne erian ne rípan, Gen. 45, 6. [O. E. Homl. repen; p. pl. repen : Jul. reopen : Laym. repen; p. pl. : Ayenb. ripe : Wick. repe : Piers P. ropen, repen; p. pl. : Chauc. ropen; p. part.] v. ge-rípan, repan."
66311,rīpe,ripe,25779,rípe,"Ripe, mature","Ripe, mature :-- Rípe deáþ matura mors, Wrt. Voc. i. 39, 19. Swíðe rípe matura satis, ii. 58, 36. Swá swá rípe yrþ quasi maturam segetem, Bd. 1, 12; S. 480, 35. Se westmbǽra hærfest bringþ rípa bléda, Bt. 39, 13; Fox 234, 15 : Met. 29, 63. [O. Sax. rípi : O. H. Ger. rífi.] v. sǽd-, un-rípe."
66032,rōt,"joyful, glad, good",25849,rót,"glad, cheerful","glad, cheerful :-- Ðǽr moncyn mót for Meotude rót sóðne God geseón and aa in sibbe gefeón, Exon. 355, 33; Reim. 86. v. un-rót, rétan, rót-hwíl, rótlíce, rótness."
36873,rōw,rest,25864,rów,"Quiet, rest","Quiet, rest :-- Ðǽr hý bídinge móstun æfter tintergum tídum brúcan, ðonne hý of waþum wérge cwóman restan ryneþrágum, rówe gefégon, Exon. Th. 115, 4; Gú. 184. [Biteache mi gast and mi bodi baðen to ro and to reste, Marh. 20, 5. Cristess resste and Cristess ro, Orm. 7042. O. H. Ger. ruowa quies, requies : Icel. ró.]"
36859,rōwan,to row,25865,rówan,"To go by water, to row","To go by water, to row or sail :-- Ic rówe navigo, Ælfc. Gr. 24; Som. 25, 40. Ic ástíge mín scyp and rówe (navigo) ofer sǽlíce dǽlas, Coll. Monast. Th. 26, 31. Wérig sceal se wið winde róweþ, Exon. Th. 345, 12; Gn. Ex. 187. Drihten tó ðam lande reów, Homl. Th. ii. 378, 31. 'Utun seglian ofer ðisne mere.' And hig seglydan ðá. Ðá hig reówun ðá slép hé (navigantibus illis obdormivit), Lk. Skt. 8, 23, 26. Ða óðre leorningcnihtas reówon navigio venerunt, Jn. Skt. 21, 8. Hí geféngon hine and wurpon hine on ðone bát and reówan tó scipe, Chr. 1046; Erl. 174, 18. Ðá git on sund reón, ðǽr git eagorstreám earmum þehton, mǽton merestrǽta, mundum brugdon, Beo. Th. 1029; B. 512. Ðá wit on sund reón, 1083; B. 539. Ðonne mót hé swá rídan, swá rówan, swá swilce færelde faran swylce tó his wege gebyrige, L. E. I. 24; Th. ii. 420, 24. Seó sǽ is hwíltídum smylte and myrige on tó rówenne, Homl. Th. i. 182, 32. [Icel. róa to row.] v. be-, ofer-, óþ-rówan."
36400,ryne,"course, river",25938,ryne,"A course, run, running","A course, run, running, both in the sense of motion and in that of the path in which motion takes place. I. of a ship :-- Ánes ceóles ryne on London free entrance of one ship into the port of London (cf. ego indico me dedisse unius navis incessum in portu Lundoniae, 220, 18-22), Cod. Dip. B. i. 221, 21. II. of other things, of the heavenly bodies, an orbit :-- Nǽron nó swá gewíslíce ne swá endebyrdlíce hiora (the various members of the created world) stede and hiora ryne funden on hiora stówum and on hiora tídum gif án unáwendendlíc God nǽre non tam certus naturae ordo procederet, nec tam dispositos motus, locis, temporibus explicaret, nisi unus esset qui has mutationum varietates manens ipse disponeret, Bt. 35, 2; Fox 158, 3. Roder firmamentum, ryne cursus, middaneard mundus, Wrt. Voc. i. 41, 57-59. Ðære sunnan ryne is swíðe rúm, and ðæs mónan ryne is swíðe nearo, Lchdm. iii. 248, 7-8. Siððan wæs rodor árǽred and ryne tungla gefæstnad, Exon. Th. 272, 13; Jul. 198. Ryne curriculo, cursu, Hpt. Gl. 457, 18. Ealle gesceafta symle sculon ðone ilcan ryne eft gecyrran, Met. 11, 37. Ða mǽran tungl áwðer óðres rene á ne gehríneþ, 29, 10. Tunglu ða ðe ryne healdaþ, Cd, Th. 239, 13; Dan. 369. II a. metaph. course, uninterrupted progress (cf. that the word of the Lord may have free course, 2 Thes. 3, 1) :-- Se ðe reorda gehwæs ryne gemiclaþ, ðara ðe noman Scyppendes þurh horscne hád hergan willaþ, Exon. Th. 4, 4; Cri. 47. III. of fluids, a course, water-course, a flow, flux of blood :-- Ðá ætstód ðæs b1ódes ryne fluxus sanguinis, Lk. Skt. 8, 44 : Mk. Skt. 5, 29. Seó eá ætstent on hire ryne, Jos. 3, 13. Hí námon twelf stánas on ðæs streámes ryne de medio Iordanis alveo, 4, 8. Plantud néh ryne (rynum, Ps. Th.) wetæra secus decursus aquarum, Ps. Spl. 1, 3. Wæter ða nú under roderum heora ryne healdaþ, Cd. Th. 10, 20; Gen. 159. Wið rynas wætera, Ps. Lamb. 1, 3. IV. of time, course, cycle, lustre :-- Geár annus, tíd tempus, ryne cursus, Wrt. Voc. i. 52, 38-40. Ryne cyclus, rynum cyclis, ii. 20, 64-65 : 137, 73. Ðá se ryne ðissa geára gefylled wæs quo completo annorum curriculo, Bd. 3, 9; S. 533, 9. Ryne lustro, Wrt. Voc. ii. 50, 42. V. course of life :-- Honorius æfter ðon ðe hé ða gemǽro his rynes gefyllde of ðissum leóhte leórde (postquam metas sui cursus implevit), Bd. 3, 20; S. 550, 25. Gif ðú hine lufast on ðínes lífes ryne, ðe ðé is ungewiss, Basil admn. 8; Norm. 52, 8. VI. currus is translated by ryne in Ps. Spl. T. 67, 18 and Cant. Moys, Thw. 29, 10. [Bi his blodi rune þet ron inne monie studen, O. E. Homl. i. 207, 10. Þe stronge rune of þat blodi stream, Marh. 7, 12. Þer is mest neod hold hwon þe tunge is o rune, A. R. 74, 21. Goth. runs : O. Frs. blód-rene : O. H. Ger. run meatus : cf. Icel. runi a flux, stream.] v. blód-, eft-, forþ-, gegn-, on-, riht-, streám-, up-, út-ryne."
67474,sæd,"satiated, weary",26023,sæd,"with gen. Sated, weary, filled, having had one's fill","with gen. Sated, weary, filled, having had one's fill (the word is not used in the sense of modern sad) :-- Sæd effetus, i. plenus, Germ. 396, 215. Ðǽr læg secg mænig ... wérig wíges sæd many a warrior lay dead there ... : of war had had his fill, Chr. 937; Erl. 112, 20. Beadoweorca sæd, Exon. Th. 388, 4; Rä. 6, 2. Wiste wlonc and wínes sæd, 369, 11; Seel. 39. Swíðe ǽtan and sade wurdan manducaverunt et saturati sunt nimis, Ps. Th. 77, 29. Hí sæde wǽron saturaviteos, 80, 15. [Goth. saþs : O. Sax. sad : O. L. Ger. sad : O. H. Ger. sat satur : Icel. saðr (saddr).] v. hilde-, un-, wín-sæd; sadian."
71062,sceaft,"shaft, pole, spear",26364,sceaft,"A smooth, round, straight stick","A smooth, round, straight stick or pole, a shaft. I. generally (1) the shaft of a spear (cf. Icel. skaft the shaft, spjót the point) :-- Spereleás sceaft contus, Wrt. Voc. i. 35, 42. Gif se ord sié þreó fingre ufor ðonne hindeweard sceaft, L. Alf. pol. 36; Th. i. 84, 17, 18. His sceaft ætstód ætforan him, and ðæt hors hine bær forþ, swá ðæt ðæt spere him eode þurh út, Homl. Skt. i. 12, 53. Hé sceáf, mid his scylde, ðæt se sceaft tóbærst, and ðæt spere sprengde, Byrht. Th. 135, 52; By. 136. Gár sceal on sceafte, ecg on sweorde, Exon. Th. 346, 12; Gn. Ex. 202. [He igrap his spere stronge . . . þe scæft al tobrac, Laym. 6494.] Or (2) a spear :-- Sceaft asta, quiris, Wrt. Voc. i. 35, 18: 84, 24. Ðes sceft (scæft, sceaft) cuspis, Ælfc. Gr. 9, 28; Zup. 56, 4. Scyld sceal cempan, sceaft reáfere, Exon. Th. 341, 23; Gn. Ex. 130. Scæftes ł speres ðínes hastae tuae, Cant. Ab. 11. Ðæt yrre ðæt geþyld mid ðam sceafte (mid his spere, B.) slihþ ira patientiam conto percutit, Glos. Prud. A. 18. Scyld sceft oncwyð, Fins. Th. 12; Fin. 7. Hlyn wearð on wícum scylda and sceafta, Cd. Th. 124, 13; Gen. 2062. Deáwig sceaftum, 199, 25; Exod. 344. Hig bǽron lange sceaftas, and ne cóman hig ná tó feohtanne, ac ðæt hig woldan mid hlóþe geniman, Shrn. 38, 9. II. the shaft of an arrow :-- Sceaft feðergearwum fús, Beo. Th. 6228; B. 3118. [Þe ssaft (the arrow that killed William Rufus), þat was wyþoute, gryslych he tobrec, R. Glouc. 419, 2.] III. a pole :-- Fana hwearfode scír on sceafte, Met. 1. 11. Ic gegaderode mé stuþan sceaftas . . . Ic lǽre ǽlcne ðara ðe manigne wǽn hæbbe, ðæt hé menige tó ðam ilcan wuda ðár ic ðás stuþan sceaftas cearf, Shrn. 163, 5-14. [Moyses made a wirme of bras, And henget hege up on a saft, Gen. and Ex. 3899.] III a. something shaped like a shaft, a taper :-- Swá swá eles gecynd biþ ðæt hé beorhtor scíneþ ðonne wex on sceafte (wax in the form of a taper or (?) a wax candle in a candlestick, cf. candelstæf), Blickl. Homl. 129, 1. IV. The word occurs in the passage that defines the distance to which the king's 'grið' extended, but the origin of the phrase, of which it forms part, is not evident :-- Ðus feor sceal beón ðæs cinges grið fram his burhgeate ðǽr hé is sittende on feówer healfe his, ðæt is, .iii. míla, and .iii. furlang, and .iii. æcera brǽde, and .ix. fóta, and .ix. scæfta munda, and .ix. berecorna, L. Ath. iv. 5; Th. i. 224, 7-10. Cf. Tria miliaria, et .iii. quarantene, et .ix. acre latitudine, et .ix. pedes, et .ix. palme, et .ix. grana hordei, L. H. i. 16; Th. i. 526, 15. As the name of a measure of about six inches the phrase continued to exist. Stratmann gives schaftmonde, Nares cites a passage from Harrington's Ariosto in which shaftman occurs; in Ray's Collection (1691) shafman, shafmet, shaftment is explained 'the measure of the fist with the thumb set up.' v. also Halliwell's Dict., and Jamieson's, s.v. schaftmon, shathmont. For the latter form see Sir W. Scott's Antiquary, c. 8 (at the end). [O. Sax. skaft a spear: O. H. Ger. scafe hostile, hasta, jaculum, telum, arundo: Icel. skapt, skaft a shaft, haft (of an axe).] v. deoreþ-, here-, lóh, wæl-sceaft."
71506,scearu,hair-cutting; portion,26461,scearu,"a cutting, shaving:--","a cutting, shaving:--Scaro tonsura, Wrt. Voc. ii. 70, 18. Gif preóst sceare misgýme beardes oððe feaxes, L. N. P. L. 34; Th. ii. 294, 27."
70412,scēon,"happen, hasten",26521,sceón,"To go quickly, fly:","To go quickly, fly: -- Ðonne ic forþ sció when I depart (die), Cd. Th. 67, 20 ; Gen. 1103. Ðæt fýr scýde (scynde ?) tó ðám ðe ða scylde worhton, 232, 26 ; Dan. 266. [Cf. (?) Goth. skéwjan to go: O. H. Ger. scehanto vagendo, Grff. vi. 417; skihtig fugax, 418.] v. sceóh, and next word."
70311,scīd,billet,26556,scíd,A shide,"A shide (v. Halliwell's Dict. ), shingle, a piece of wood split thin, a billet: -- Scíd scindula (in a list de igne), Wrt. Voc! i. 284, 15 : 66, 41. Scídum scindulis, ii. 120, 12 : 80, 21. [Stickes kan ich breken . . . and kindlen ful wel a fyr . . . ful wel kan ich cleuen shides, Havel. . 917. Schyyd or astelle teda, asula, astula, Prompt. Parv. 446, col. I. Go shape a shippe of shides and of bordes, Piers P. 9, 131. O. Frs. skíd: O. H. Ger. scít: M. H. Ger. schít: Ger. scheit; n. : Icel. skíð; n. : a billet, firewood.]"
70377,sciftan,"divide, arrange",26560,sciftan,"to divide, separate into shares:","to divide, separate into shares: -- Fón ða yrfenuman tó lande and tó ǽhtan, and scyftan hit swíðe rihte the heirs shall succeed to the land and property, and shall divide it with perfect justice, L. C. S. 79; Th. i. 420, 17. [Shift to divide, Sussex. A division of land among co-heirs is called a shifting, Halliwell Dict. Cf. Icel. skipta arfi, landi.]"
70086,scīma,"light, brilliance",26599,scíma,"Splendour, brightness, light:?-","Splendour, brightness, light:?-Ðonne ðære sunnan scíma hátast scínþ, Bt. 5, 2 ; Fox 10, 28: Cd. Th. 232, 23; Dan. 264. Ðæs leóhtes scíma wæs swá mycel cujus radius lucis tantus exstitit, Bd. 4, 7; S. 575, 17: 5, 10; S. 625, 9. Se scíma gástlícre beorhtnysse, Guthl. 2; Gdwin. 12, 22: Exon. Th. 44, 4; Cri. 697. Wuldres scíma scán, 179, 12; Gú. 1260. Mín se swétesta sunnan scíma, Iuliana, 252, 21; Jul. 166. Heó nǽnig dǽl leóhtes scíman geseón mihte ne minimam quidem lucis alicujus posset particulam videre, Bd. 4, 10; S. 578, 20. Sió beorhtnes ðære sunnan scíman, Bt. 34, 8; Fox 146, 4: 39, 3; Fox 216, 1: 4; Fox 6, 33. Metod æfter sceáf scírum scíman ǽfen, Cd. Th. 9, 5; Gen. 137. Ðá gesundrode Waldend sceade wið scíman, 8, 22; Gen. 128. Se móna gehrán mid his scíman (splendore) ðǽm treówum ufeweardum, Nar. 30, 7. God hira mód onliéht mid ðæm scíman (radio) his giefe, Past. 35, 4; Swt. 243, 21: 48; Swt. 369, 16. Fore scíman prae fulgure, Ps. Surt. 17, 13. Seó sunne scíman ne hæfde the sun was eclipsed, Bd. 3, 27; S. 558, 11. Swá ðæt ic mihte geseón swíðe lytellne scíman leóhtes, Bt. 35, 3; Fox 158, 29. Niht ne genípþ ðæs heofenlícan leóhtes scíman nox nulla rapit splendorem lucis amoenae, Dóm. L. 16, 254. Þýstro hæfdon bewrigen Wealdendes hrǽw, scírne scíman, Rood Kmbl. 107; Kr. 54. [Goth. skeima GREEK: O. L. Ger. scímo splendor, fulgor, nitor: O. Sax. dag-skímo: O. H. Ger. scímo splendor, fulgor, effulgentia, radius, fax: Icel. skími a gleam of light.] v. ǽfen-scíma."
70094,scīr,"transparent, bright, pure",26690,scír,"Clear, bright","Clear, bright :-- Scír limpidus, Wrt. Voc. i. 46, 54. Sciir sublustris, Txts. 96, 941. I. of living creatures, bright, brilliant, splendid, resplendent: -- Scír Metod (God), Beo. Th. 1962 ; B. 979. Scír cyning (Christ), Exon. Th. 71, 9; Cri. 1153. Is seó womb (of the phenix) wundrum fæger, scír and scýne, 219, 16; Ph. 308; 214, 4; Ph. 234. Ic eom ásceáden from ðære scíran driht (the heavenly host), Cd. Th. 275, 26; Sat. 177. Ðone scíran Scippend, Elen. Kmbl. 740; El. 370. I a. of a quality :-- Gé ða scíran miht (the power of Christ) déman ongunnon, Elen. Kmbl. 620 ; El. 310. II. of inanimate things, (a) of vegetation, bright, brilliant, white :-- Ofer hine scír cymeþ mínre segnunga sððfæst blóstma super ipsum florebit sanctificatio mea, Ps. Th. 131, 19. Geseóþ ðás eardas ðæt hig synt scíre (albae) tó rípene, Jn. Skt. 4, 35. (b) of metals, stones, etc. , bright, lustrous, glittering, brilliant :-- Sceán scír werod (the band with glittering armour), Cd. Th. 185, 19; Exod. 125. Hringíren scír, Beo. Th. 650; B. 322. Scíran goldes, 3393 ; B. 1694. Hé gewyrceþ scírne méce, Exon. Th. 297, 8 ; Crä. 65. Hyrste beorhte, reáde and scíre, 392, 25; Rä. 12, 2. Scíre burstan múras and stánas, 70, 22 ; Cri. 1142. Scíre helmas, Judth. Thw. 24, 17 ; Jud. 193. (c) of glass, clear, transparent :-- Swá ðæt scíre glæs ðæt mon ýþæst mæg eall þurhwlítan, Exon. Th. 78, 33. (d) of water, clear, limpid :-- Ofter Pantan, ofer scír wæter, Byrht. Th. 134, 42 ; By. 98. Ða hlútran and ða scíran wæter liquidas lymphas, Wrt. Voc. ii. 50, 10. [Þurh án scýr wæter Brádan ǽ hátte, Chr. 656; Erl. 31, 16.] (e) of wine, bright, clear, pure, neat :-- Wínes scíres vini meri, Ps. Surt. 74, 9. Syle drincan on scírum wíne, Lchdm. i. 342, 23. Nalles scír wín hí ne druncan, Bt. 15 ; Fox 48, 9: Met. 8, 21. Scír wered. Beo. Th. 996; B. 496. (f) of light and light-giving things, bright, clear, brilliant :-- Heofontorht swegl (the sun) scír. Exon. Th. 351, 2 ; Sch. 74 : 486, 18; Rä. 72, 17. Sunne scír and beorht, Met. 30, 9. Sió scíre scell (the firmament), 20, 174. Metod æfter sceáf scírum scíman ǽfen ǽrest. Cd. Th. 9, 5 ; Gen. 137. Scírne scíman, Rood Kmbl. 107; Kr. 54. Fleógan þurh scírne dæg. Exon. Th. 439, 15 ; Rä. 59, 4. Þurh ða scíran neaht, Met. 20, 229. Bláce stódon ofer sceótendum scíre leóman, Cd. Th. 184, 25 ; Exod. 112. On sumera ðonne ða hátostan weder synd and ða scíran dagas hwítan, Lchdm. iii. 252, 10. Scippend scírra tungla, Met. 4, 1: 20, 8. Hwí hí (stars) ne scínen scírum wederum, 28, 45. (g) of the world :-- Þurh ða scíran gesceaft, Exon. Th. 286, 7; Jul. 728. (h) of a banner :-- Fana hwearfode scír on sceafte the flag fluttered gleaming bright on its staff, Met. l, 11. (i) of the voice, clear :-- Wit Scilling scíran reorde song áófan, Exon. Th. 324, 32 ; Víd. 103. [Iss all þeȝȝre spell shir atter and shir galle, Orm. 15383. Clene off grediȝnesse and off galnesse skir and fre, 8015: Prompt. Parv. schyre, as water and oþer lycure perspicuus, clarus. Þe mihte of schir and of clene bone, A. R. 246, 26. Ðat skie scir, Gen. and Ex. 3848. Goth. skeirs clear, evident: O. Sax. skír, skíri (wín, watar) : O. L. Ger. scíri: O. Frs. skirt: M. H. Ger. schír : Icel. skírr clear, bright,pure.]"
70267,scītan,shit (*excrete),26720,scítan,Cacare.,"Cacare. [He sched out his bowels and his lyf wiþ þe dritt þat he schoote (shote) effudit viscera et vitam cum ipsis stercoribus, Trev. 5, 153. Prompt. Parv. schytyn merdo, stercoro: O. H. Ger. scízan; Icel. skíta.] v. be-scítan."
72487,scorian,reject,26765,scorian,"To refuse, reject","To refuse, reject an offer, repudiate :--Ða ðe ne gelýfab þurh ágenne cyre hí scoriaþ ná þurh gewyrd those who do not believe refuse by their own choice, not by fate, Homl. Th. i. 114, 12. Ðá sceorede ðá gyt se yldesta hǽðengylda mid mycelre þwyrnysse the chief idolater still refused (Christianity) with much perversity, 72, 9. [Cf. O. L. Ger. scurgan avertere, expellere : O. H. Ger. scurgan trudere, impellere, propellere; fer-scurgan repellere.] v. wið-scorian and next word."
69982,sēam,"hem, seam",26993,seám,A seam,"A seam :-- Heáfodpanne capitale, heánnes ðære heáfodpannan cacumen capitalis, seám ðære heáfodpannan cerebrum, brægen cervellum, Wrt. Voc. ii. 22, 51-55. Seam panicenū, 116, 8. His tunece wæs eal búton seáme (inconsutilis, Jn. 19, 23), Homl. Th. ii. 254, 32. Geclǽm ealle ða seámas mid tyrwan, i. 20, 33. [O. Frs. sám: O. H. Ger. saum ora, lacinia, limbus: Icel. saumr.]"
68715,secg,sword; sedge grass,27043,secg,Sedge,"Sedge; carex, gladiolum, lisca:--Ðis secg (segc) haec carex, Ælfc. Gr. 9, 61; Zup. 69, 16. Segg, secg, saecg gladiolum, Txts. 66, 463. Sech carex, 50, 251. Seic, 115, 151. Secg, Wrt. Voc. ii. 13, 28. Segc, i. 79, 65. Segg, 67, 3. Secg gladiolum, ii. 40, 70. Segc, 70, 29. Secgg, i. 67, 55. Secg lisca, ii. 53, 45: carex vel sabium vel lisca) i. 31, 28. Endlefan snǽda reádes secges, Lchdm, ii. 102, 17. Handfulle secges, 356, 1. Wyl neoþoweardne secg, 52, 16: 66, 5.[Eolug-secg papyrus, Wrt. Voc. ii. 67, 58. Ilug-segg, Txts. 86, 781. See also eolhx, hamer-, mór-secgr Grein cites risc-seccas carices.] Cf. secg a sword."
67517,seht,"agreement, peace",27087,seht,:,": e ; f. I. a settlement, an agreement, terms arranged between two parties by an umpire, a peace between two powers :--Se seht ðe Godwine eorl worhte betweónan ðam arcebisceop and ðam híréde æt Sc̃e Augustine, and Leófwine preóste, Chart. Th. 349, 19. Spǽcon ðá Leófríces freónd and Wulfstánes freónd, ðæt hit betere wǽre, ðæt heora seht tógædere wurde, ðonne hý ǽnige sace hym betweónan heóldan; sóhtan ðá hyra seht. (The terms are then given.) Ðis wæs úre ealra seht, 377, 1-13. Syððan ðæs cáseres seht wæs and Baldwines, Chr. 1050 ; Erl. 173, 33. Hí tóhwurfon mid ðisum sehte (the agreement between Edmund and Cnut), 1016 ; Erl. 159, 6. Ða férdon betwux Ródbeard eorl and Eádgár æðeling and þæra cinga sehte swá gemacedon. (The terms are then given.) On ðisum sehte wearð Eádgár eþeling wið ðone cyng gesæhtlad, 1091 ; Erl. 228, 1-8. [Férden þe ærcebiscop and te wíse men betwux heom and makede ðæt sahte ðæt . . ., 1140 ; Erl. 265, 30.] II. peace, friendship :--Syððan seaht and sib mycelre tíde betwyh ða ylcan cyningas and heora ríce áwunode, Bd. 4, 21 ; S. 590, 25 note. Ðæt ða cyningas seht námon (cf. friþ niman) heom betweónan, Chr. 1016 ; Erl. 159, 1. Hí móston mid ealle ðæs cynges wille folgian, gif hí woldon land habban oððe wel his sehta, 1086 ; Erl. 222, 35. [Sib and sæhte sculde bén betwyx heom and on al Engleland, 1140 ; Erl. 265, 32. Betere weore sæhte þene swilc unisibbe, Laym. 9844. God lihte to eorðe uorte makien þreouold seihte, A. R. 250, 2. Taken from the Danes (?) cf. Icel. sátt a settlement, agreement ; peace.] v. un-seht and following words."
69008,sēl,better,27094,sél,Better,(cpve.) Better.
69283,sēman,reconcile,27146,séman,to bring to an agreement,"to bring to an agreement those who have a dispute :-- Ðá hét hé hié séman. Ðá wæs ic ðara monna sum ðe ðǽrtó genemned wǽran . . . Ðá wé hié sémdan then bade the king to bring them (the parties in a dispute about some land) to an agreement. Then was I one of the men who were nominated for the purpose . . . When we had brought them to an agreement. Chart. Th. 170, 6-35. (2) to satisfy a person in a matter of doubt or difficulty :-- Séme ic ðé recene ymb ða wrætlícan wiht, Salm. Kmbl. 504; Sal. 252."
68422,sīde,side,27316,síde,"a side, flank,","a side, flank, of living things :-- Síde latus, Wrt, Voc. i. 44, 24: ii. 51, 72: lumbus, 113, 29. Wið ðære swíðran sídan sáre and ðære winestran, Lchdm. ii. 6, 3. On sídan lama pleuriticus, Wrt. Voc. i. 19, 31. Hé Hǽlend genom be sídan, Cd. Th. 299, 5; Sat. 545. Hit (the horse) ongan walwian and on gehwæðere sídan hit oferःweorpan (in diversum latus vicissim sese volvere), Bd. 3, 9 ; S. 533, 40. Án ðæra cempena geopenode his sídan (sídu, Lind. : sído, Rush.) mid spere, Jn. Skt. 19, 34. Sídan (ða sídu ł ðæt sídu, Lind. : ða sído, Rush.) latus, 20, 20."
70684,slīfan,splice,27657,slífan,To slive,"To slive ('Slive to cut, slip, or slicc off. . . Palsgrave, "" I slyve a gylowfloure or any other floure from his branche or stalke. ""' Baker, Northants Gloss. ) [Slyvyn a-sundyr findo, effisso. Cf. also slyvynge, cuttynge a-wey avulsio, abscissio; slyvynge of a tre or oþer lyke físsula. He al hool or of hym slyvere (a slice, cutting), Chauc. T. and C. iii. 138. Sliver = slice still used in Scotland, v. Jamieson's Dict.] v. tó-slífan."
54453,sliht,"smooth, even",27664,sliht,"Level, smooth","Level, smooth; in the cpd. eorþ-slihtes level with the ground :-- Swá swá oxa gewunaþ tó áwéstenne gærs óþ ða wirttruman eorþslihtes mid tóþum (eats the grass to the root, to the level of the ground'), Num. 22, 4. [Goth. slaihts wigs a level road; O. H. Ger. sleht planus: Icel. sléttr plain, level. ]"
73900,snūd,haste,27881,snúd,"swiftness, quickness:--","swiftness, quickness:--Ús bær naca, snellíc sǽmearh, snúde bewunden (possessed by swiftness), Andr. Kmbl. 534; An. 267."
69279,sōm,"concord, assembly",27922,sóm,"agreement, concord:--","agreement, concord:--Beó eallum mannum sibb and sóm gemǽne, and ǽlc sacu tótwǽmed, L. Eth. vi. 25; Th. i. 320, 28: L. C. E. 17; Th. i. 370, 10: Wulfst. 118, 3. Ðám dómbócum ðe se heofonlíca Wealdend his folce gesette tó sóme and tó sehtnesse, Homl. Th. ii. 198, 19. Tó sibbe and tó sóme, Chart. Th. 231, 35. Hé sceal beón symle ymbe sóme and ymbe sibbe he shall ever be engaged in promoting concord and peace, L. I. P. 7; Th. ii. 312, 13. Sibbe and sóme lufie man georne, Wulfst. 73, 16."
75008,sprǣc,language,28149,sprǽc,Speech.,"Speech. I. in the following glosses :-- Sprǽce disputationis, Wrt. Voc. ii. 28, 49. Godcundra spréca divinorum eloquiorum, Hpt. Gl. 442, 37. Sprǽce faminem, Wrt. Voc. ii. 37, 28: 95, 38. Sprǽce fatu, 38, 6. Spéce wíse scema locutionis, i. 55, 22.Sprǽc loquela, 88, 7. Sprǽce omelias, 288, 53: ii. 64, 16. Spǽc oraculum, spréca oraculorum, 62, 59, 60: Hpt. Gl. 503, 10. Spǽcum oraculis, 518, 33. Spréce procacitate, 506, 2. Sprǽc sermo, Wrt. Voc. ii. 120, 45. Gesmeád sprǽc sermo commentitius, i. 55, 25. II. speech, talking :-- Ne sý ðǽr nán óðer spǽc inne, buton ðæt hig biddan God ..., L. Ath. iv. 7; Th. i. 226, 29. Ðæt hí sín gehýrede on hyra menigfealdan spǽce (sprǽce, MS. A.: spréc, Lind. Rush.) in multiloquio suo, Mt. Kmbl. 6, 7. III. speech, the faculty of speaking :-- Gif sprǽc áwyrd weorð, L. Ethb. 52; Th. i. 16, 5. Be ðam ðe him his sprǽc ofnimþ de eo cui sermo deficit, L. Ecg. P. 1, tit. 3; Th. ii. 170, 6. Gif hwam seó sprǽc óþfylþ, Lchdm. ii. 288, 18. Strong on sprǽce, Exon. Th. 410, 9; Rä. 28, 13. IV. skilful speech, speaking with art, eloquence :-- Sprǽc eloquentia, Hpt. Gl. 529, 57. Sumum men hé forgifþ wísdóm and sprǽce, Homl. Th. i. 322, 25. V. what is said, a speech, saying, collection of words :-- Heard is ðeós sprǽc durus est hic sermo, Jn. Skt. 6, 60. Spéc, Kent. Gl. 503. Ic áhsige eów ánre sprǽce, gif gé mé ða sprǽce secgeaþ interrogabo vos ego unum sermonem, quem si dixeritis mihi, Mt. Kmbl. 21, 24. God geopenude Abrahame, hwæt hé mid ðære sprǽce mǽnde, Gen. 18, 20. For ðære sprǽce ðe ic tó eów spræc, Jn. Skt. 15, 3. 'Ðín sunu leofaþ.' Ðá gelýfde hé ðære sprǽce, 4, 50: Lk. Skt. 1, 29. Hé ásende hí, ðus cweðende: 'Faraþ ...' Hí férdon æfter ðæs cyninges sprǽce, Homl. Th. i. 78, 22: Cd. Th. 144, 3; Gen. 2384. Iudas him andwyrde and cwæð ... Æfter ðyssere sprǽce, Homl. Skt. ii. 86, 317. Engla sum Abraham cýgde, hé stille gebád áres sprǽce, Cd. Th. 176, 11; Gen. 2910. Wiste sprǽca fela, wóra worda, 29, 5; Gen. 445. Ðá se Hǽlend geendode ðás sprǽca, Mt. Kmbl. 19, 1; 26, 1. Spécce, Kent. Gl. 873. VI. speech, language, talk, discourse, words :-- Þreó þing syndon ðe gebringaþ ðone gesǽligan tó heofenan ríce; ðæt is, hálig geþanc and gód spǽc (cf. ídele word, 9) and fullfremed worc, Wulfst. 299, 12. Mé ðin sprǽc cwycade eloquium tuum vivificavit me, Ps. Th. 118, 50; 140. Ne gelýfe wé ná for ðínre sprǽce (spréc, Lind.: spréce, Rush.) propter tuam loquelam, Jn. Skt. 4, 42. Þeáwlícre spǽce tropologium, Hpt. Gl. 410, 44. Ðu him hel sóðan sprǽce conceal the truth from him, Cd. Th. 110, 12; Gen. 1837. Ic on ðisse byrig (Sodom) gehýre yfele sprǽce werod habban, 145, 20; Gen. 2408. Hí habbaþ on múðe milde sprǽce, Ps. Th. 58, 7. Ídele sprǽce, Hy. 7, 108. VI a. of written words :-- For ðære gelícnisse his gelógodan sprǽce from the likeness to his style, Ælfc. T. Grn. 8, 43. VII. a speech, language :-- Ðeóda ungelíca ǽgþer ge on sprǽce ge on ðeáwum ... heora sprǽc is tódǽled on twá and hundseofontig, and ǽlc ðara sprǽca is tódǽled on manega ðeóda, Bt. 18, 2; Fox 62, 28-34. Hé reorde gesette eorðbúendum ungelíce, ðæt hié ðære spǽce spéd ne áhton, Cd. Th. 101, 22; Gen. 1686. On Engliscre sprǽce, Ælfc. T. Grn. 1, 26. Hé sealde heora ǽlcum synderlíce sprǽce, ðæt heora ǽlcum wæs uncúð, hwæt óðer sǽde, 4, 11. Ealle men sprǽcon áne sprǽce. Gen. 11, 1. Ða apostolas cúðan ealle ða sprǽca ðe syndon swá wíde swá middaneard is, Wulfst. 294, 8: 296, 1. Mid sprécum hiá sprecas níuum linguis loquentur nouis, Mk. Skt. Lind. 16, 17. VIII. speech, e.g. to have speech of or with a person, conversation, consultation, conference, discussion :-- Nis ðæt lytulu sprǽc to gehéganne (of the day of judgment), Exon. Th. 445, 17; Dóm. 8. Folc biþ gebonnen tó sprǽce, 451, 10; Dóm. 101. Se déma æfter langsumre sprǽce lét ða módor tó ðam suna. ... 'Bǽde ðú forðí ðínre módor sprǽce, ðæt ðú hí gebígdest fram mé,' Homl. Skt. i. 4, 341-357. Hé hét Agustinum to his sprǽce cuman jussit Augustinum ad suum advenire colloquium, Bd. 1, 25; S. 486, 39: Guthl. 9; Gdwin. 48, 21: 11; Gdwin. 54, 4: Cd. Th. 33, 6; Gen. 516. Æt sprǽce ðære at that consultation, 122, 29; Gen. 2034: Bd. 2, 13; S. 516, 13. Æfter heora sprǽce, Jud. 3, 19. Gisomnadun ða biscopas tó spréce colligerunt pontifices concilium, Jn. Skt. Rush. 11, 47. Sprǽce and geþeahte habban to treat, consult; agere, Bd. 1, 27; S. 492, 16. Cwæþ ðæt hé wolde mid his freóndum sprǽce and geþæht habban cum amicis suis sese de hoc collaturum esse dicebat, 2, 13; S. 515, 37. Hæfdon betwih him sprǽce and geþeahte habito inter se consilio, 3, 29; S. 561, 6. Ða hi hæfdon lange sprǽce and geflit longa disputatione habita, 2, 2; S. 502, 13. Gif hwylc mæssepreóst untruman men sprǽce forwyrne (colloquium denegaverit), L. Ecg. P. i. 2; Th. ii. 172, 27. VIII a. a question, case that requires explanation :-- Ungelíc ðære sprǽce ðe wé æfter spyriaþ, Bt. 38, 2; Fox 198, 25. Ðæt folc ðe hæfde ǽnige sprǽce eode út tó ðam getelde omnis populus, qui habebat aliquam quaestionem, egrediebatur ad tabernaculum, Ex. 33, 7. Ðú spenst mé on ða mǽstan sprǽce and on ða earfoþestan tó gereccenne ... and uneáþe ǽnig com tó ende ðære sprǽce; forðam hit is þeáw ðære sprǽce and ðære áscunge, ðætte simle ðónne ðǽr án tweó of ádón biþ, ðonne biþ ðǽr unrím ástyred ... Swá is ðisse sprǽce ðe ðu mé æfter ácsast ad rem me omnium quaesitu maximam vocas, cui vix exhausti quidquam satis sit; talis namque materia est, ut una dubitatione succissa innumerabiles aliae succrescant, Bt. 39, 4; Fox 216, 14-26. IX. a sentence, decision, agreement, terms :-- Ðá com Putrael tó Bora and bed his forespéce tó Ælfríce. Ðá sette Bora ðás spéce wið Ælfríce: ðæt wes, ðæt Putrael sealde Ælfríce .viii. oxan, and gef Bora sixtig penga for ðere forespǽce, and dide hine sylfne sacclés wið Ælfríce, Chart. Th. 628, 17. X. a case, cause, suit, claim, (a) in a general sense :-- Wið ðon ðe heó his spǽce underfénge in consideration of her receiving his suit (Godwine asked for the lady in marriage), Chart. Th. 312, 14. Ðeáh hié ryhte sprǽce hæbban hiera yfel on him tó tǽlanne mala recte redarguunt, Past. 28, 5; Swt. 197, 2. Ðú démst míne sprǽce fecisti causam meam, Ps. Th. 9, 4. (b) as a legal term :-- Ðæt ðis ǽfre gesett sprǽc wǽre that this for ever should be a settled suit, Chart. Th. 203, 4: 172, 2. Ongan ðá tó specenne on ðat land ... óð ðæt seó sprǽc wearð ðam cynge cúð, 302, 15. Be dóme and sprǽce. ... Gehwilc sprǽc hæbbe ándagan hwænne heó gelǽst sý, L. Ed. proem.; Th. i. 158, 3-7: 11; Th. i. 164, 22. ǽgehwilcre sprǽce ðe máre sý ðonne .iiii. mancussas, L. A. G. 3; Th. i. 154, 9. Gif man mæssepreóst tihtlige ánfealdre sprǽce ... æt þrímfealdre sprǽce, L. Eth. ix. 19; Th. i. 344, 11-13, 15-17. Fultum æt swá micelere sprǽce, L. Ath. v. 8, 3; Th. i. 236, 16. Gif ús feoh áríse æt úrum gemǽnum sprǽce, v. 3; Th. i. 232, 5. Æt cynges spǽce, lecge man .vi. healfmarc wedd, L. Eth. iii. 12; Th. i. 296, 25. Clǽne ǽlcere spǽce, L. C. S. 28; Th. i. 392, 12. Swá fela manna ... tó gewitnesse gehwylcere sprǽce, L. Ath. iv. i; Th. i. 222, 11. ǽlcne wítefæstne man ðe ic on sprǽce áhte (gained at law, as the result of a suit), Chart. Th. 557, 22. Hé dráf his sprǽce he prosecuted his suit, 376, 11. Ic spǽce drífe mid fullan folcrihte, L. O. 2; Th. i. 178, 13. Habban ða geréfscypas begen ða fullan spǽce gemǽne, L. Ath. v. 8, 4; Th. i. 236, 25. Man ne mót sprǽca drífan binnan Godes cyrican, L. Ælf. C. 35; Th. ii. 356, 29. XI. talk about a person or thing, report, fame :-- Ðæs ðe má seó sprǽc be him férde, Lk. Skt. 5, 15. Ðá férde ðeós sprǽc be him, 7, 17. Hé ongan bodian and wídmǽrsian ða spǽce, Mk. Skt. 1, 45. XII. in the Northern Gospels spréc translates words denoting places where there is speaking :-- In spréce (spréc, Lind.) in synagoga, Mk. Skt. Rush. 6, 2. On spréce (spréc, Lind.) in foro, 12, 38: Lk. Skt. Rush. 20, 46: Lind. 7, 32. [O. Sax. spráka: O. Frs. spréke: O. H. Ger. spráhha lingua, loquela, sermo, sermocinatio, colloquium, eloquium, ratio, judicium, consilium, senatus.] v. ǽfen-, æfter-, ǽrend-, burh-, bysmor-, dol-, eald-, edwít-, ellen-, for-, fore-, frécnen-, frum-, gedwol-, gegaf-, gilp-, hete-, Lǽden-, morgen-, of-, ofer-, on-, sceáwend-, scrift-, sóð, stunt-, teosu-, tó-, twí-, untíd-, wiðer-, woruld-, ymbe-sprǽc (-spǽc); -sprǽce, -sprec."
76325,stǣger,staircase,28236,stǽger,A staircase,"A staircase :-- Stǽger ascensorium, Wrt. Voc. i. 26, 37. Hé ástáh up tó ðære stǽgre ðe stód wið ðæs cáseres botl, Homl. Skt. i. 5, 438. Hé feóll of ánre stǽgere, 18, 232. [On þe steire of fiftene stoples, O. E. Homl. ii. 165, 34. Þolemodnesse haueð þreo steiren, A. R. 282, 7.]"
77493,stær,starling,28264,stær,"A starling, a stare","A starling, a stare (the latter is the name used in some dialects. v. E. D. S. Pub. Bird Names, and Halliwell's Dict.) :-- Staer sturnus, Wrt. Voc. ii. 121, 17. Stær, i. 63, 6: turdus, 77, 30. Stær turdus, se máre stær turdella, 29, 40, 41. Etan gebrǽdne stær, Lchdm. ii. 320, 4. Staras ł hrondsparuas passeres, Mt. Kmbl. Lind. 10, 29. Staras (stearas, Rush.), Lk. Skt. Lind. 12, 6. [O. H. Ger. stara sturnus, turdus: Ger. staar: Icel. stari: Dan. stær a starling: Swed. stare.]"
75912,stapol,"trunk, post, column",28371,stapol,"a post, pillar, column","a post, pillar, column :-- Stapul batis (basis?), Wrt. Voc. ii. 12, 49: patronus (in a list giving parts of a house), i. 26, 36. Stapole cione (κίων a column, pillar), ii. 131, 41. Of ðam beorge on ðone stapol; of ðam stapole, Cod. Dip. Kmbl. iii. 14, 11: 378, 15. Tó ðam stǽnenan stapole; ðonne andlang ðæs weges óð ðone stǽnan stapol; of ðam stapole, 418, 28. Æt sténan steaple, Txts. 436, no. 25. Stapul ǽrenne, Andr. Kmbl. 2126; An. 1064. ǽlc riht cynestól stent on þrým stapelum, L. I. P. 4; Th. ii. 306, 31: Wulfst. 267, 9. Stánbogan stapulum fæste, Beo. Th. 5430; B. 2718. Hé hét stapulas ásettan erectis stipitibus, Bd. 2, 16; S. 520, 6. Sweras unlytle, stapulas, Andr. Kmbl. 2986; An. 1496. Staplas columbas (l. columnas), Mt. Kmbl. Lind. 21, 12."
76432,stellan,"put, place",28446,stellan,"to give a place to, set, place","to give a place to, set, place :-- Hé óðrum yfele bisene stelep, Past. 28; Swt. 191, 12. Hwelce bisena hé ðǽr stellende wæs, Ors. 2, 2; Swt. 64, 24."
77338,stencan,scatter,28455,stencan,To scatter,"To scatter :-- Se ðe ne somnaþ se stenceþ qui non congregat, spargit, Mt. Kmbl. Rush. 12, 30. Ðú somnast ðǽr ðú ne strenctæs (stenctes?, sprenctæs?) congregas ubi non sparsisti, 25, 24. Ðú stenctest (swenctest?) ða elðeódgan folc and hý áwurpe afflixisti populos et expulisti eos, Ps. Th. 43, 3. [Goth. ga-staggkwan to dash: Icel. stökkva to cause to spring, sprinkle: Dan. stænke to sprinkle: Swed. stänka to sprinkle, scatter.] v. tó-stencan: stincan to spring."
75865,stig,pigsty; hall,28529,stig,"A wooden enclosure, a sty","A wooden enclosure, a sty; but also part of a house, a hall (?) cf. stig-weard:--Gif cniht binnan stig sitte if a servant sit within the hall (?), Chart. Th. 612, 32. Stigo vistrina (suestrina? the word occurs at the head of a list 'de suibus'), Wrt. Voc. i. 286, 41. Stigu auriola (oriola? oriolum porticus, atrium, Migne), Txts. 38, 45. Cf. (?) forestige vestibulum, introitum, Hpt. Gl. 514, 59. Ondlong herpoðes on burghardes ánstigo; ðonne forð tó báres ánstigon, Cod. Dip. Kmbl. ii. 172, 18. [Ase swin ipund ine sti, A. R. 128, 1. Stye ara, Wrt. Voc. i. 178, 14. Sty, swynys howus ara, porcarium, Prompt. Parv. 475. Þenk on helle stynkyng stye, H. R. 215, 3. Cf. O. H. Ger. stíga; f. cancelli, ara, ovile: Ger. steige; f. hen-coop: Icel. stía; f. a kennel; svína-stí pig-sty: Dan. stí enclosure for swine, sheep, hens, etc.: Swed. stia; f. sty for pigs, geese, etc.] v. stigian."
76443,stillan,"still, calm; become still (intr.)",28558,stillan,to become still,"to become still or calm :--Ðá stylde se storm sóna, and seó sǽ wearð eft smylte, Shrn. 147, 9. Se æðeling hét streámःfare stillan, stormas restan, Andr. Kmbl. 3150 ; An. 1578 : Salm. Kmbl. 796 ; Sal. 397."
77335,stincan,"fly about, steam, swirl up; stink",28566,stincan,To emit a smell,"To emit a smell or vapour, exhale, (1) where the kind of smell is not marked :--Stincþ fragrat, i. odorat, i. odorem dat, Wrt. Voc. ii. 150, 34. Stanc exalavit, 29, 62. Stonc, 107, 54. Swá hý swýþost stincen give out the strongest smell, Lchdm. i. 206, 8. Ðæs stincendan fumigabundi[s], Wrt. Voc. ii. 37, 20 : 86, 40. Ðære stincendan spirantis, 75, 51. Stincende fragrans, 35, 73 : 74, 65. Stincendi, 108, 76. (2) where the smell is a pleasant one :--Ic stince swóte oleo, Ælfc. Gr. 37 ; Zup. 220, 13. Swecca swétast, swylce on sumeres tíd stincaþ wyrta geblówene, Exon. Th. 178, 22 ; Gú. 1248. Stanc redolet, Hpt. Gl. 516, 41. Se líchoma stanc swá swóte, Shrn. 143, 28 : 140, 13 : Homl. Skt. i. 4, 347. (3) where the smell is an unpleasant one :--Hé stingð (stincð, MSS. B. C.) faetet, Jn. Skt. 11, 39. Ðæt oreð stincþ and áfúlaþ ðe ǽr wæs swéte on stence, Wulfst. 148, 7. Se líchoma stincþ fúle, Lchdm. ii. 236, 14 : 220, 6. Stinceþ, Exon. Th. 424, 1 ; Rä. 41, 32. Ongan se cealc mid ungemete stincan ; ðá wearð hé mid ðæm brǽþe ofsmorod, Ors. 6, 32 ; Swt. 288, 1. Him stód stincende steám of ðam múðe, Homl. Th. i. 86, 13, 10. Stingendum putenti, Hpt. Gl. 487, 64. [O. H. Ger. stinchan odorem dare, odorare, fragrare, putere.] v. ge-, tó-stincan ; fúl-, swíð-, wel-stincende ; swót-stencende ; cf. stíman."
75600,stōd,herd of horses,28612,stód,"A stud, a herd of horses :--","A stud, a herd of horses :--Stood equartium, Wrt. Voc. i. 23, 10. Ic geann mínon heáhdeórhunton ðæs stódes ðe is on Colingaःhrycge, Cod. Dip. Kmbl. iii. 363, 25. Ic gean mínum wífe healfes ðæs stódes æt Trostingtúne and mínum geféran healfes ðe mé mid rídaþ, and fó mín wíf tó healfum ðe on wealde is, and mín dohter tó healfum, iv. 300, 28. Ðat stód ðe ic ðér habbe, Chart. Th. 574, 20. [Asse . . . thou come of lither stode, P. S. 201, 2. Þe sulve stottes in þe stode, O. and N. 495. The hors of thilke stood Devoureden the mannes blood, Gow. 3, 204, 19. O. H. Ger. stuot equaritia, grex equarum : Icel. stóð ; n. : Dan. stod.]"
75692,stōr,mighty,28628,stór,"Great, strong, violent :--","Great, strong, violent :--Swá stór þunring wes, Chr. 1085 ; Erl. 219, 22. [Of þan fehte þe was feondliche stor, Laym. 85. Onkumen was Cadalamor . . . wið ferding stor, Gen. and Ex. 842. Wunder wel starc and stor, O. and N. 1473. Stoor (store) or hard or boystows austerus, rigidus, Prompt. Parv. 477. See also store in Halliwell's Dict. O. Frs. stór : O. L. Ger. stóri inclytus : Icel. stórr : Dan. Swed. stor. Borrowed (?) from Scandinavian.]"
77194,strēon,"wealth, profit, usury",28699,streón,"gain, acquisition, treasure","gain, acquisition, treasure:-- Ðér is strión ðín ubi est thesaurus tuus. Mt. Kmbl. Lind. 6, 21: 12, 35 : Lk. Skt. Lind. 6, 45. Striónes thesauri, p. 17, 5. Tilða ł stre (= streóna or streón) quaestuum, lucrum, Hpt. Gl. 452, 7. Ða ðe geléfeþ in striónum (on gistrión, Rush.) confidentes in pecuniis, Mk. Skt. Lind. 10, 24. Of striónum hiora de facultatibus suis, Lk. Skt. Lind. 8, 3. Strióna thesauros. Mt. Kmbl. Lind. 6, 20. [Gif þu hauest welþe . . . ahte nis non eldere stren (ayhte nys non ildre istreon, Jes. MS.), O. E. Misc. 113, 184.]"
78132,sund,"ability to swim; sea, water (poet.)",28834,sund,power of swimming,"power of swimming :-- Hé sealde ðám fixum sund and ðám fugelum fliht, Homl. Th. i. 16, 7: Hexam. 8; Norm. 14, 10. Dol biþ se ðe gǽþ on deóp wæter, se ðe sund nafaþ, ne gesegled scip, Salm. Kmbl. 449; Sal. 225. [Heore (fishes) sund is awemmed, Laym. 21326.]"
67950,swān,"swineherd, herdsman; man, warrior (poet.)",29029,swán,"a herd,","a herd, particularly a swineherd; the herds of swine formed a very important item in the live-stock of the Anglo-Saxons. v. swín. For some account of the duties and rights of different kinds of swánas, see L. R. S. 6, 7; Th. i. 436 :-- Suán subulcus, Wrt. Voc. ii. 121, 59: flabanus, 108, 72. Swán, 35, 66: bubullus (-cus?), in a list de suibus, i. 286, 58: ii. 11. 59. Hiene án swán (subulcus, Flor. Wig.) ofstang, Chr. 755; Erl. 48, 23. Hé (Alfred) on sumes swánes (the swán is called vaccarius in the Latin Vita S. Neoti, but in other forms of the story, e.g. Matthew of Westminster's, he is subulcus and drives 'porcos ad solita pascua') húse his hléw gernde . . . Hit gelamp ðæt ðæs swánes wíf hǽtte hire ofen . . . and cwæþ tó ðan kinge: 'Wænd ðú ða hláfes ðæt heó ne forbeornen, for ðam ic geseó dæighwamlíce ðæt ðú micelǽte eart. Shrn. 16, 13-20. Swána steorra (cf. swán-steorra) hesperius. Wrt. Voc. ii. 43, 39. Oxena hierdas bobulcos, swánas subulcos, 80, 18. Cúhyrdas bubulcos, swánas subulcos, Hpt. Gl. 464, 23."
77957,swēor,father-in-law,29156,sweór,a father-in-law:--,"a father-in-law:--Sueór vetellus, Txts. 106, 1099. Su[eó]r socer, 97, 1878. Sweór, Wrt. Voc. i. 52, 7: 72, 51: Ælfc. Gr. 8; Zup. 27, 13. Se wæs Caiphas sweór (sueór, Lind.), Jn. Skt. 18, 13: Gen. 38, 13. Sweór, swiór, Bt. 10; Fox 28, 13. Hǽdne wǽron begen, sweór and áþum, Exon. Th. 246, 22; Jul. 65. Ðá sende heó tó hire sweóre (ad socerum suum), Gen. 38, 25: 30, 25. Obab his sweór (cognatum), Past. 41, 5; Swt. 304, 9. Suehoras, sueóras vitelli, Txts. 104, 1062. Wæs Rómeburg on fruman gehálgod mid bróðor blóde and mid sweóra (the fathers of the Sabine women who were taken as wives by the Romans), Ors. 2, 2; Swt. 66, 5."
78359,sweord,piercing weapon,29168,sweord,A sword:--,"A sword:--Sweord framea, Wrt. Voc. ii. 36, 11. Sweorde mucrone, sweordum mucronibus, sweord macheram, 54, 33-36. Sweord gladius vel machera vel spata vel framea vel pugio, i. 35, 7. Litel sweord sica, 13. Hiltleás sweord ensis, 33. Swurdes ord mucro, 15. Sweordes sceáð classendis, 34, 29. Swyrdes gyrdei baltheus, 40, 58. Ðæt ús cwealm on ne becume ne swurdes ecg ne occidat nos pestis aut gladius, Ex. 5, 4. Blótan mid sweordes ecge, Cd. Th. 173, 6; Gen. 2857. Ðurh sweordes bite gedǽlan feorh wið flǽsce, Apstls. Kmbl. 68; Ap. 34. Hig feallaþ on swurdes (sweordes, MS. A.: suordes, Lind.: swordana, Rush.) ecge cadent in ore gladii, Lk. Skt. 21, 24. Standan mid átogenum swurde, Jos. 5, 13. Hér synt twá swurd (sweord, MS. A.: suordas, Lind.: sworde, Rush.) ecce gladii duo, Lk. Skt. 22, 38. Sweorda gelác the play of swords, battle, Beo. Th. 2084; B. 1040. Sweorda láfe those whom the sword had spared, 5865; B. 2936. ¶ The high esteem in which good swords were held in old times is marked in many ways. Their forging is in many legends said to be the work of other than human hands; so the sword which Beowulf seizes in Grendel's nome is 'eald sweord eotenisc (cf. eald sweord eácen, 3330; B. 1663), ecgum dyhtig, . . . giganta geweorc,' Beo. Th. 3120-9; B. 1558-62; and twice besides occurs the phrase 'eald sweord eotonisc,' 5225; B. 2616: 5950; B. 2979; see also 'enta ǽrgeweorc' applied to the workmanship of a sword, 3362; B. 1679. Cf. too the forging of Sigurd's sword in the Völsunga Saga. They are precious heirlooms, handed down through many years (v. epithet eald above); so Beowulf speaks of his sword as 'eald láf,' Beo. Th. 2981; B. 1488, and the same phrase is used of thesword wielded by one of his followers in the chief's defence, 1595; B. 795. In reference to the sword given by Beowulf to the Dane who had guarded his ship, it is said that the recipient 'syððan wæs on meodobence mádme ðý weorðra, yrfeláfe,' 3810; B. 1903; another sword is called 'Hrédles láf,' and of it is said 'næs mid Geátum sincmáðþum sélra on sweordes hád,' 4389-93; B. 2191-3; and later on mention is made of 'gomel swyrd, Eánmundes láf,' 5216; B. 2611; Hrunting, the sword which is lent to Beowulf, is 'án ealdgestreóna,' 2921; B. 1458. So, too, Byrhtnoth tells the Danes who demand tribute of him, that the tribute will take the form of 'ealde swurd,' used with unpleasant effect upon the invaders. The same point may be illustrated from other than poetical sources. Thus in Alfred's will it is said that he leaves 'Æþeréde ealdormenn án sweord on hundteóntigum mancusum,' Chart. Th. 489, 32; in another will is the passage 'Freoðomunde fóe tó mínum sweorde, and ágefe ðéræt feówer ðúsenda,' 471, 23; another testator bequeathes his sword 'mid ðam sylfrenan hylte and ðone gyldenan fetels,' 558, 10; and another mentions the sword 'ðat Eádmund king mé selde on hundःtuelftian mancusas goldes and fóur pund silueres on ðan fetelse,' 505, 28. Indeed the sword is often mentioned in wills. The importance of the sword is further marked by its receiving a name. The sword with which Beowulf is armed for his attack on Grendel's mother is named Hrunting, and to the praise of this weapon the poet devotes several lines, Beo. Th. 2914-33; B. 1455-64; at a later period it is with 'Nægling . . . gomol and grǽgmmǽl' that he fights, 5354; B. 2680. See, too, Wald. 4; Vald. 1, 3. And elsewhere the same point may be noted, e. g. in the Nibelungenlied. 'daz Nibelunges swert. . . Palmunc was genant;' and this weapon plays a part in the drama to the last scene. In Scandinavian story there is Hákon's sword 'kvernbítr,' which king Athelstan gave him, and Egill has his sword that he called 'Naðr.' See, too, the story of the Cid and the two swords, Colada and Tizona, which he gave to his sons-in-law, the Infantes of Carrion, and which he claimed from them after their unworthy treatment of their wives, Chronica del Cid, c. cclii. Of the value of the sword and of the decoration bestowed upon it, of the shape or colouring, of the make, many epithets and phrases speak. In the Gnomic verses it is said, 'Gold geríseþ on guman sweorde,' Exon. Th. 341, 15; Gn. Ex. 126; and 'máðm in healle, goldhilted sweord' is mentioned, 437, 27; Rä. 56, 14. See, too, the passages quoted under seolfor-hilt, -hilted. In the dragon's hoard are 'dýre swyrd,' Beo. Th. 6089; B. 3048: the sword which Beowulf seized in Grendel's retreat was golden-hilted, 3358; B. 1677, and 'wæs on ðǽm scennum scíran goldes þurh rúnstafas gesǽd, hwam ðæt sweord geworht, írena cyst, ǽrest wǽre, wreoþenhilt and wyrmfáh,' 3390-3400; B. 1694-8. Beowulf lays aside his 'hyrsted sweord, írena cyst,' Beo. Th. 1349; B. 672: he gives a sword 'bunden golde,' 3805; B. 1901: his own sword is 'fáh and fǽted,' 5395; B. 2700. Byrhtnoth's sword is 'fealohilte,' Byrht. Th. 136, 45; By. 166; and 'gerénod,' 35; By. 161. Beowulf's Nægling is 'grǽgmǽl,' Beo. Th. 5357; B. 2681: the swords of the Hebrews are 'scírmǽled,' Judth. Thw. 24, 38; Jud. 230: other swords are 'hring-mǽled,' Cd. Th. 120, 10; Gen. 1992: Abraham girds himself 'grǽgan sweorde,' 173, 22; Gen. 2865: the Hebrews fight 'fágum sweordum,' Judth. Thw. 24, 18; Jud. 194: 25, 17; Jud. 264. The sword is 'brád,' 26, 9; Jud. 318: Byrht. Th. 132, 12; By. 15: brád and brúnecg, 136, 38; By. 163: it is 'gód,' 138, 58; By. 237; 'heard,' Beo. Th. 5966; B. 2987: 5269; B. 2638: Exon. Th. 325, 32; Víd. 120: 'heardecg,' Beo. Th. 2581; B. 1288: 'ecgum dyhtig,' 2578; B. 1287: Cd. Th. 120, 11; Gen. 1993: 'ecgum gecost,' Judth. Thw. 34, 39; Jud. 231: stýled, Exon. Th. 42, 28; Cri. 679. For some account of old swords, see Wright's The Celt, The Roman, and the Saxon, pp. 404-6, and Worsaae's Antiquities: see also Grmm. Gesch. D. S. p. 12. [O. Sax. O. Frs. swerd: O. H. Ger. swert: Icel. sverð.] v. gúð-, mál-, máðum-, stæf-, wǽg-sweord."
78094,swylt,death,29382,swylt,"Death, destruction.","Death, destruction. I. of the death of the body:--Swylt háligra mors sanctorum, Ps. Th. 115, 5. Ende becwom, swylt æfter synnum, Beo. Th. 2514; B. 1255. On galgan rídan, seomian æt swylte, Exon. Th. 329, 14; Vy. 34. Deáðberende gyfl (the forbidden fruit) ða sinhíwan tó swylte geteáh, 153, 10; Gú. 823. Swylt settan ðínum esnum to put thy servants to death, Ps. Th. 78, 2. Swylt ætfæstan, Andr. Kmbl. 2695; An. 1350. Swilt þrowian, Apstls. Kmbl. 142; Ap. 71. ¶ The word often occurs with somewhat of a personal sense as the subject of niman, forniman:--ǽr ðec swylt nime, deáð for duguðe, Exon. Th. 257, 31; Jul. 255: Elen. Kmbl. 892; El. 447. Ðǽr Seón cyning swylt dreórig fornam, Ps. Th. 135, 20: Beo. Th. 2877; B. 1436. Ealle swylt fornam, druron dómleáse, deáðrǽs forféng, Andr. Kmbl. 1988; An. 996: Exon. Th. 283, 5; Jul. 675: 477, 19; Ruin. 27. II. of the second death, the perdition of the soul:--Hí leahtrum fá, lége gebundne, swylt þrowiaþ . . . ðæt is éce cwealm, Exon. Th. 94, 14; Cri. 1540. [Cf. Góth. swulta-wairþja lying at the point of death: Icel. sultr hunger, famine.]"
28801,tā,toe,29509,tá,contracted from,"contracted from) táhe, an; f. A toe :-- Táhae allox, Wrt. Voc. ii. 100, 8. Tá, i. 71, 64. Sió micle tá ... sió æfterre tá ... sió midleste tá ... sió feórde tá ... sió lytle tá, L. Alf. pol. 64; Th. i. 96, 19-24. Seó mycle tá ... ðare mycclan táan nægl, L. Ethb. 70, 72; Th. i. 20, 2, 5. Hé æthrán his swíðran þúman and ðæs wynstran fótes miclan tán tetigit pollicem manus ejus dextrae, similiter et pedis, Lev. 8, 23. Tán and fingras decies senos, Wrt. Voc. ii. 27, 73. Ða miclan tán alloces, 5, 18. Ða tán scrincaþ (-eþ, MS.) up (in gout) the toes shrink up, Lchdm. iii. 48, 28. On ðan seofoþan mónþe ða tán and ða fingras beóþ weaxende, 146, 17. Gif heó mid ðám tán stæpeþ, 144, 15. Æt ðám óðrum táum ealswá æt ðám fingrum, L. Ethb. 71; Th. i. 20, 3. Mid ðǽm táum cum mentagris, Lchdm. i. lxxiv, 21 (cf. lxxi, 13). Ofer hira handa þúman and ðæs swýðran fótes micclan tán super pollices manus eorum ac pedis dextri, Ex. 29, 20. [O. H. Ger. zéha: Icel. tá.] v. tán a toe."
28904,tægl,tail,29538,tægl,A tail,"A tail :-- Oxan tægl biþ stiłł. weorð, L. In. 59; Th. i. 140, 3. Foxes tægles se ýtemesta dǽl, Lchdm. i. 340, 22. Se ðrowend slihþ mid ðam tægle tó deáðe, Homl. Th. i. 252, 5, 10, 12. Ða beón beraþ ǽtterne tægel, Frag. Kmbl. 37; Leás. 20, Hí habbaþ tæglas ðám wyrmum gelíce ðe men hátaþ þrowend, Wulfst. 200, 14. [Goth. tagl; n. hair: O. H. Ger. zagel; m. a tail: Icel. tagl; n. a (horse's) tail: Norweg. tagl horse-hair: Swed. tagel hair of mane or tail.] v. cú-tægl."
30868,tæppa,"cone, plug",29571,tæppa,A tap,"A tap :-- Ðonne ðú wín habban wille, ðonne dó ðú mid ðínum twám fingrum swilce ðú tæppan of tunnan onteón wille, Techm. ii. 120, 10. Tæppan teón, 12. [Hit behoueþ þet zuich wyu yerne by þe teppe ase þer is inne þe tonne, Ayenb. 27, 31. Chauc. tappe: O. H. Ger. zapfo; m. duciculum, duciolus: Ger. zapfen: Icel. tappi.] v. tæppian."
30847,trāg,"suffering, evil",30272,trág,"Evil, bad","Evil, bad :-- Tó trág, Exon. Th. 354, 37; Reim. 57. Se feónd and se freónd, tíreádig and trág, synnig and gesǽlig, Elen. Kmbl. 1906; El. 955. Ðæt hió ðære cwéne oncweðan meahton swá tiles swá tráges swá hió him tó sóhte, 649; El. 325. [O. L. Ger. O. H. Ger. trági iners, piger, segnis: Ger. tráge: Du. traag. Cf. earh for the double sense of slow and bad.]"
30568,tūdor,offspring,30405,túdor,That which grows from another,"That which grows from another (used of animals or of plants), offspring, progeny, product, fruit :-- Túdor oððe cyn propago, Wrt. Voc. ii. 67, 33. On ða tíd wæs ofor eorþan tuddres æþelnes, Blickl. Homl. 115, 10. Hé týdreþ ǽlc túdor, Bt. 39, 8; Fox 224, 10. I. of human beings, (a) a child: -- Tudder pignus, Ælfc. Gr. 9, 32 ; Zup. 59, 9. Bearn vel tudder soboles vel proles, Wrt. Voc. i. 51, 64: foetus, fructus, partus, filius, soboles, ii. 148, 35. ' Ðú cennest sunu. ' Mid ðý ðe heó gehýrde ðone fruman ðæs godcundan tuddres, Blickl. Homl. 7, 20. Túdre foetu, Wrt. Voc. ii. 36, 34. Gyf hwylc wíf htebbe on hyre innoðe deádboren tuddur, Lchdm. i. 166, 4. Hyt ðæt tudder of ðam cwiðan gelǽdeþ, 296, 2. Tuddra pignora. Hymn. Surt. 52, 7. (b) in a general sense, offspring, race, breed, family, children :-- Tuddor prosapia, Wrt. Voc. ii. 65, 71. Tudder (maternae generationis) propago, Hpt. 522, 30. Wé oncneówan ðæt ðæt tuddur ne grówan mihte of swylcum gesinscype didicimus ex tali conjugio sobolem non posse succrescere, Bd. 1, 27; S. 491, 5. Moncynnes tuddor. Exon. Th. 86, 32; Cri. 1417. Fruma ælda túdres, 151, 16; Gú. 796. Gódes túdres gesǽlig bona sobole felix, Bd. 3, 7; S. 529, 34: 3, 18; S. 546, 39. Wæstmःbærnysse tuddres faecunditatem sobolis, 1, 27; S. 493, 8. Sunu gódes tuddres filium bone indolis, Scint. 177, 6. Ára ðínum earmum eorþan túdre (cf. help ðínum earmum moncynne, Bt. 4; Fox 8, 11), Met. 4, 31. Túdre fyllaþ eorðan, incre cynne, sunum and dohtrum, Cd. Th. 13, 2; Gen. 196. 92, 27; Gen. 1535: 107, 12; Gen. 1788: 169, 18; Gen. 2801. tó teónan manna túdre to the hurt of mankind. Exon. Th. 270, 3; Jul. 459. Ðæs teámes wæs tuddor gefylled unlytel dǽl eorðan gesceafta, Cd. Th. 97, 16; Gen. 1613. Ðonne ðæt flǽsc náuht elles ne sécþ búton túdor nisi fructum propaginis non quaerere, Past. 51; Swt. 399, 5. God weorðaþ eorþan tuddor, Exon. Th. 43, 13 ; Cri. 608. II. of animals :-- Wócor eorðan túdres every kind of animal, Cd. Th. 79, 18; Gen. 1313: 86, 34; Gen. 1440. Setl ǽlcum eorðan túdre, 79, 3 ; Gen. 1305. Deáþ spyreþ æfter ǽghwelcum eorþan túdre, diórum and fuglum, Met. 27, 10. Treófugla tuddor cýð ðon eádges eftcyme. Exon. Th. 146, 9 ; Gú. 707. Ðú seofone genim túdra gehwylces, Cd. Th. 80, 29; Gen. 1336. II a. of human beings and animals :-- Tuddor bið gemǽne incrum (the woman and the serpent) orlegníð, Cd. Th. 56, 19; Gen. 914. Se egorhere eorðan tuddor eall ácwealde, búton ðæt earce bord heóld heofona freá, 84, 24 ; Gen. 1402. III. of plants :-- Beorc byþ blǽda leás, bereþ tánas bútan túdre. Runic pm. Kmbl. 342, 29; Rún. 18. Brengþ eorþe ǽlcne westm and ǽlc túdor ǽlce geáre, Bt. 39, 13; Fox 234, 14 : Met. 29, 58. IV. metaphorical :-- Weá wæs árǽred, tregena tuddor, Cd. Th. 60, 27; Gen. 988. Ðonne mæg hé cennan ðæt túder ryhtes geðohtes (prolem rectae cogitationis), Past. 15 ; Scint. 97, 8. Óþre tuddru synna cetere soboles peccatorum, Scint. 112, 4. [Deor and fishshes and fugeles and here tuder, O. E. Homl. ii. 177, 17.] v. eorþ-, magu-, sige-túdor, and next word."
31142,twīn,"twine, linen",30581,twín,Linen,"Linen :-- Tuum (tuuín ?), tuigin, tuín byssum, Txts. 44, 138. Twín, Wrt. Voc. ii. 11, 14. Twiðrǽwen twín (torta byssus) . . . ðæt geðrǽwene twín, Past. 14; Swt. 87, 18, 42: Swt. 89, 2. Of twi-spunnenum twíne línenum torta bysso, Swt. 83, 23. Mid geedþráwenum twíne cum bysso retorto, Hpt. Gl. 431, 38: Wrt. Voc. ii. 11, 70: Kent. Gl. 1145. Gescrýdd mid twíne (mið linnenom. Lind. bysso), Lk. Skt. 16, 19. [Later the word is used as in mod. English. A twines (twined, 2nd MS.) þræd. Laym. 14220. Twyne, threede filum torsum vel tortum, Prompt. Parv. 505. Du. twiju twine, twist.] v. twínen."
81450,ūf,eagle owl,31586,úf,An owl,"An owl; the word also glosses vultur :-- Uuf bubo, Wrt. Voc. ii. 102, 28. Úf, i. 29, 45. Ðes úf hic uultur, Ælfc. Gr. 9, 22; Zup. 48, 17 note. [O. H. Ger. úvo bubo: Icel. úfr some kind of bird.] v. húf; þrípel-úf?"
83123,wāc,"soft, weak, miserable",33266,wác,"yielding, not rigid, pliant, fluid","yielding, not rigid, pliant, fluid :-- Waac lentus, Wrt. Voc. i. 61, 35. Wæter, wác and hnesce (cf. ðæt hnesce and flówende wæter, Bt. 33, 4; Fox 130, 3), Met. 20, 93. Wác hreód ðe ǽlc hwiða windes mæg áwecggan, Past. 42; Swt. 306, 6. Gerd wácc ł bifiende (hreád ðæt wagende, Rush.) harundinem quassatam, Mt. Kmbl. Lind. 12, 20. Byrhtnóð wand wácne æsc (the pliant ash-shaft), Byrht. Th. 132, 68; By. 43. Iosue hí up áhéng on fíf wácum bógum Iosue eos suspendit super quinque stipites, Jos. 10, 26."
82286,wacian,watch,33272,wacian,"To watch, wake","To watch, wake :-- Ic wacige uigilo, Ælfc. Gr. 41; Zup. 245, 10. (1) to remain awake, not to sleep :-- Gif wé tó lange waciaþ, wé áteoriaþ, Homl. Th. i. 488, 34. Ic waecade vigilavi, Ps. Surt. 101, 8. Hwæðer hé wacode ðe slépte, Bd. 2, 12; S. 513, 39. On middere nihte gewurdon on slǽpe Pictauienscisce bepǽhte, ðæt of ealre ðære menigu án man ne wacode, Homl. Th. ii. 518, 26. Ealle oþþe hefige slǽpe swundon, oþþe tó synne wacedon omnes aut somno torpent inerti, aut ad peccata vigilant, Bd. 4, 25; S. 601, 12. Sceal se man wacyan ealle ða niht, ðe ðone drenc drincan wille, Lchdm. iii. 6, 4. (1 a) of the eye, to be freed from obstruction, to open :-- Gif eágan forsetene beóð, genim hræfnes geallan ... drýp on ðæt eáge ... ðonne wacaþ ðæt eáge (the eye opens again), Lchdm. iii. 2, 24. (1 b) to be alert :-- Se sláwa ongit hwæt him ryht bið tó ðonne, swelce hé ealneg wacige, and swá ðeáh hé ásláwaþ, for ðæm ðe hé náwuht ne wyrcð piger enim recte sentiendo quasi vigilat, quamvis nil operando torpescat, Past. 39; Swt. 283, 7. Hé wecð hine selfne, ðæt hé wacie on ðære geornfulnesse gódra weorca (ut studio bonae actionis evigilent), 64; Swt. 461, 14. Wacige, 461, 16. Ðæt heó mihte beón ácenned, and wacian, and árísan, and faran of stówe tó óþerre, Blickl. Homl. 19, 22. (2) to keep one's self awake or alert because there is special need of attention, to watch, be on the watch, be on guard :-- Ic ðé tó wacie (waecio, Ps. Surt.) ad te vigilo, Ps. Th. 62, 1. In ídelnisse weciaþ ða haldaþ hié in vanum vigilant qui custodiunt eam, Ps. Surt. 126, 1. Gif hé wiste hwænne se þeáf cuman wolde, witodlíce hé wacude (uigilaret), Lk. Skt. 12, 39. Hine twégen ymb weardas wacedon, Exon. Th. 109, 6; Gú. 86. Wacodon menn, swá swá hit gewunelíc is, ofer án deád líc, Homl. Skt. i. 21, 290: Blickl. Homl. 149, 6. Geheald húsa sélest,... waca wið wráþum, Beo. Th. 1324; B. 660. Waciaþ (vigilate) and gebiddaþ eów, Mt. Kmbl. 26, 41. Wacigeaþ, 24, 42. Hé beóde ðam durewearde, ðæt hé wacige, Mk. Skt. 13, 34. Is micel ðearf ðæt se reccere geornlíce wacige (solerter invigilet), Past. 19; Swt. 141, 13. Ic bidde eów, ðæt gé wacian mid mé, Blickl. Homl. 139, 20. Ne mihtest ðú áne tíde wacian, Mk. Skt. 14, 37. Wacigean, Mt. Kmbl. 24, 43. Man sceal wacigean and warnian, Wulfst. 90, 2. Tó wacene ad vigilandum, Rtl. 85, 1. Ic stande ofer hig waciende (vigilando) for þeófan, Coll. Monast. Th. 20, 29. Hé wæs waciende on gebede erat pernoctans in oratione, Lk. Skt. 6, 12. Se þeów ðe hláford fint wacigenne (uigilantem), Scint. 116, 9. Hyrdas wǽron waciende and nihtwæccan healdende ofer heora heorda, Lk. Skt. 2, 8. (2 a) in a bad sense, to watch, be on the watch to injure :-- Wacaþ se ealda, Fragm. Kmbl. 61; Leás. 32. (Þe herdes þe wakeden ouer here oref ... were herdes wakiende and wittende here oref, O. E. Homl, ii. 31, 22-27. Ðus agen alle gode herdes to wakegen gostliche, 41, 5. Festen, wakien, A. R. 6, 8. His cnihtes wakeden alle nihte. Laym. 9859, Þat haveth fele nihtes waked, Havel. 2999. His liche was waked, Gen. and Ex. 2516. Þet uolk þet late louieþ to soupi, and to waki be niȝte, Ayenb. 52, 18. O. Sax. O. L. Ger. wakón: O. H. Ger. wahhón. Cf. Goth. wakan: O. H. Ger. wahhén: Icel. vaka.] v. á-, be-, morgen-, ofer-, þurh- (v. Blickl. Homl. 227, 7) wacian."
82454,wǣg,"scale, a specific weight",33332,wǽg,a weight,"a weight, (a) as a general term :-- Byrðen oððe wǽg pondus, Ælfc. Gr. 9, 32; Zup. 58, 17 note. Genim ðære ylcan wyrte ánre tremesse wǽge, Lchdm. i. 72, 11. Genim twéga trymessa wǽge, 70, 15. Þreóra trymessa wǽge, 72, 26: 74, 4. Habbaþ emne wǽga aequa sint pondera, Lev. 19, 36. (b) as a definite weight, a wey :-- Án wég spices and céses, Cod. Dip. Kmbl. i. 312, 8. Selle mon uuége cǽsa, 293, 11. .i. wége césa, .i. wége speces, 296, 35. .ii. wéga spices and céses, 299, 18. .iii. wéga, 311, 3. (c) fig. :-- Ða gewunelícan wǽge (pensum) heora ðeówdómes hig náteshwón forgímeleásion, R. Ben. 78, 11."
83038,wǣgan,"harass, torment",33333,wǽgan,"To vex, harass, afflict","To vex, harass, afflict :-- Hé het hí swingan, wítum wǽgan, Exon. Th. 251, 10; Jul. 143. Ðæt gé mec tó wundre wǽgan mótun (cf. erlós skulun wégian mi te wundrun, dót mi wíties filu, Hél. 3088), 124, 22; Gú. 341. [O. Sax. wégian: O. H. Ger. weigen vexare, afficere, affligere, exagitare.] v. ge-wǽgan."
22970,wǣt,"wet, soaked",33530,wǽt,"wet, moist, damp, consisting of moisture:--","wet, moist, damp, consisting of moisture:--Ðæt wæter is wǽt and ceald, Bt. 33, 4; Fox 128, 35: Met. 20, 77. Hyra blód byð wǽt and wearm, Anglia viii. 299, 29. Ðú ðam wættere wǽtum and cealdum foldan tó flóre gesettest, Met. 20, 90. Mid wættere rude roseo (purpurei cruoris) rubore (Ald. 61), Hpt. Gl. 507, 63. Gecyrred on wǽtne deáw, Homl. Skt. ii. 30, 441."
82103,wafian,move (oneself),33622,wafian,To wave,"To wave :-- Wafa mid ðínum handum, Lchdm. ii. 318, 17. Þeáh ðe man wafige wundorlíce mid handa, ne bið hit þeáh bletsung búta hé wyrce tácn ðære hálgan róde, Homl. Skt. ii. 27, 151."
83885,walu,weal from a blow,33644,walu,"The mark left by a blow, a wale","The mark left by a blow, a wale :-- Walu vibex, wala vibices, Hpt. Gl. 487, 59. Wale vibice, livore, 516, 16. Wala vibices, 510, 41. Stíðra wala swipa asperae invectionis mastigias, 527, 26. [Wale or strype vibex. Prompt. Parv. 514. A wale vibix, Wülck. Gl. 619, 16.]"
84137,wamm,"stain, defect, wrong (m. n.); evil, bad (adj.)",33652,wamm,"a spot, mark, blot. stain","a spot, mark, blot. stain :-- Wam livor, Wrt. Voc. ii. 50, 17. Wommum nevis, 61, 39. (b) filth, impurely, corruption :-- Wyrms oððe wom lues, Ælfc. Gr. 9, 27; Zup. 53, 7. Cwealmbǽrne wom letiferam luem (gipsae crudelitas, quae letiferam civibus luem inferebat, Ald. 69), Hpt. 518, 41. Wom illuviem, immunditiam (carceris, Ald. 48), 488, 31. Gold ðæt in wylme bið womma (woman, Kmbl. but MS. has woma) gehwylces geclǽnsod, Elen. Kmbl. 2618; El. 1310."
81899,wānian,lament,33705,wánian,"To lament, deplore","To lament, deplore, (I) absolute :-- Ðæt synfulle mancynn wépaþ and wániaþ, Wulfst. 183, 2. Ðonne grániaþ and wániaþ ða ðe hér blissedon and fægnedon, 245, 3 : Anglia viii. 336, 41. Beornas grétaþ, wépaþ wánende, Exon. Th. 61, 31 ; Cri. 993. Ða wánigendran welras (wániendan, Wulfst. 139, 8) os lugens, Dóm. L. 208. (2) with reflexive dative :-- Hé wánode him sylfum: ' Wá is mé earmum . . . , ' Homl. Skt. i. II. 223. (3) with acc. :-- Sár wánigean, Beo. Th. 1579; B. 787. Wánian, Exon. Th. 166, 22; Gú. 1046. Ongan hé sár cwánian, wyrd wánian, wordum mǽlde . . . , 274, 24; Jul. 538. (4) with reflex dat. and (a) acc. :-- Hé him wæs wániende ǽgðer ge his ágene heardsǽlþa ge ealles ðæs folces ipse nunc suam, nune publicam infelicitatem deflet, Ors. 4, 5 ; Swt. 166, 20. (b) a clause :-- Hé him wæs swíþe wániende ðæt hé to him cucan ne com, Ors. 5, 12; Swt. 244, 4. [Heo weop for hire weisið, wanede hire siðes. Laym. 25847. Weape and wony (weinen, 1st MS. ), 25827. Wepenn and wanenn for hiss sinne. Orm. 5653. Hit cumeþ weopinde and woniende iwiteþ . . . Þeo moder greoneþ and þ-bar; bearn woaneþ, Fragm. Phlps. 5, 32-41. Heo woneþ and groneþ day and nyht, Misc. 152, 187. Scholde euch mon woni and grede, O. and N. 975. O. H. Ger. weinón flere, lacrymare, ejulare, vagire: Icel. veina to wail. Cf. Goth. wainags unhappy.]"
85215,warian,"preserve, guard",33736,warian,or uncertain,"or uncertain) To beware :-- Warat cavet, Kent. Gl. 364. Wara cave, Germ. 393, 136. Warige (warnige, v. l.) hé ðæt hit ná forealdige, L. Edg. C. 38; Th. ii. 252, 6."
83861,weall,rampart,33820,weall,a wall,"a wall that is made, wall of a building, of a town, side of a cave:--Weal murus, Wrt. Voc. i. 36, 35: Exon. Th. 281, 23; Jul. 650. Ofer wealles hróf super muros, Ps. Th. 54, 9. Wealles rihtungþréd perpendiculum, Wrt. Voc. i. 39, 64. Seó heánnes ðæs walles (parietis), Bd. 2, 14; S. 517, 31. Heora gewinnan tugan hí ádún of ðam wealle (de muris) . . . Hig ðá forlǽtan ðone wall (relicto muro), 1, 12; S. 481, 22. Andweorc tó wealle cimentum, Wrt. Voc. i. 85, 27. Tó wealle ad moenia, Kent. Gl. 287. Hé æfter recede wlát, hwearf be wealle, Beo. Th. 3150; B. 1573. Ofer mínre burge weall (murum), Ps. Th. 17, 28: Cd. Th. 101, 3; Gen. 1676: Judth. Thw. 23, 38; Jud. 161. Wið ðone weall murotenus, Wrt. Voc. ii. 57, 63. Wið ðæs recedes weal, Beo. Th. 658; B. 326. Wall íserne, Cd. Th. 231, 15; Dan. 247. Tó hwý tówurpe ðú weal (maceriam) his, Ps. Spl. 79, 13. Ðá gewrohte hé weall mid turfum (vallum, v. Bd. 1, 5) and bréd weall ðǽr onufan, Chr. 189; Erl. 9, 25. Weallas moenia, Wrt. Voc. ii. 54, 62: muri, Jos. 6, 20. Ðæt wæter stód an twá healfa ðære strǽte swilce twégen hége weallas erat aqua quasi murus, Ex. 14, 22. Under wealla hleó, Cd. Th. 259, 13; Dan. 691. Binnan ðære ylcan cyricean weallum (muris), Bd. 5, 20; S. 641, 43. On ceastre weallum beworhte in civitatem munitam, Ps. Th. 59, 8: Cd. Th. 145, 21; Gen. 2409. Ofer ðære burge wallas (muros), Bd. 3, 16; S. 543, 2. Ðú hí betweónum wætera weallas lǽddest, Ps. Th. 105, 9. Ealle his weallas omnes macerias ejus, 88, 33. Uallas menia, Rtl. 124, 3."
23205,weallian,wander,33833,weallian,"to wander, roam:--","to wander, roam:--Weallaþ swá niéten feldgangende, feoh bútan gewitte, se þurh ðone cantic ne can Crist geherian, Salm. Kmbl. 44; Sal. 22."
84468,wearr,"callus, wart",33897,wearr,A piece of hard skin,"A piece of hard skin (particularly on the hands or feet), callosity :-- Wear callus, Wrt. Voc. ii. 14, 12. War. i. 291, 8. Wær callositas, Hpt. Gl. 490, 33. Ða wearras and ða swylas ðe beóð on mannes handum oððe on óðrum limum, Lchdm. i. 356, 16. Wiþ weartum and wearrum on lime, ii. 148, 26: Homl. Skt. i. 5, 139. Fram þysum heardum wearrum, 5, 198. Weorras vel ill callos, Txts. 49, 400. Uarras, 111, 13: callos, tensam cutem, 114, 93. Wearras, ilas callos, Wrt. Voc. ii. 13, 48: calces, 127, 45. Wiþ wearras and wiþ swylas, Lchdm. i. 356, 11. Wearras and weartan on weg tó ðonne, 362, 17: ii. 150, 1, [Warre or knobbe of a tre vertex, Prompt. Parv. 516, and see note.]"
85911,weg,"woe, oh",33985,weg,\N,"lá; interjection :-- Weg lá, weg lá euge, euge. Ps. Th. 69, 4. Weg lá weg ł wá lá wá ł eálá, eálá euge, euge, Ps. Lamb. 39, 16. Wí lá wei (wei lá wei, Cote. MS. ), Bt. 35, 6 ; Fox 170, 12. [Cf. Ital. via.]"
85478,weorc,"work, activity, labor; toil, torment",34139,weorc,Work,"Work; opus. I. work, operative action, operation :-- Godes willa is weorc God's will is operative, Hexam. 6; Norm. 10, 24. Ðæt Godes weorc (uoerc, Lind.: were, Rush.) wǽre geswutelod on him, Jn. Skt. 9, 3. Gesweotula þurh searocræft ðín sylfes weorc, and sona forlǽt weall wið wealle, Exon. Th. 1, 17; Cri. 9. II. working, doing, performance :-- Be rihtes weorce betweox Wealum and Englum concerning the doing of justice between Welsh and English, L. O. D. 2 ; Th. i. 352, 14. v. V a. V b. III. in a collective sense, work, doings, actions, (1) what a person does :-- Se ðe óþrum forwyrneþ wlitigan wilsíþes, gif his weorc ne deág. Exon. Th. 2, 19; Cri. 21. Weorc ánra gehwæs beorhte blíceþ in ðám blíþan hám, 238, 3 ; Ph. 598. Ðæt hé ne forleóse his weorces wlite, 97, 9; Cri. 1588. Hé getrymede heora geleáfan mid ðon heofonlícon weorce. Blickl. Homl. 17, 8. Ðis is wæstm wíses and goodes ðe his sóðfæst weorc symble lǽste, Ps. Th. 57, 10. (2) what happens :-- Ðæs dæges weorc byð egesfull eallum gesceaftum, Wulfst. 182, 7. IV. work, labour, occupation, employment, any form of long-sustained or habitual activity :-- Weorc opus, cræftca opifex, Wrt. Voc. i. 73, 37. Towlíc weorc weaving; textrinum opus, 26, 13: 82, 11. Hí mótan bletsian eal Cristen folc, and him godcunde lác foreःbringan . . . ðis weorc biþ deóflum se mǽsta teóna, Blickl. Homl. 47, 6. Hé nǽfre Godes weorces ne áblon, ah hé ealle niht þurhwacode on hálgum gebedum, 227, 6. God geswác hys weorces (the work of creation), Gen. 2, 3. Weorces (the building of the tower of Babel) wísan, Cd. Th. 101, 28 ; Gen. 1689. Út færð man tó weorce his, Ps. Spl. 103, 24. Hí sóhton weras tó weorce (building), Cd. Th. 100, 30; Gen. 1672 : Exon. Th. 1, 4; Cri. 3. Ðú leóda feala forlǽrdest, nú leng ne miht gewealdan ðý weorce, Andr. Kmbl. 2729; An. 1367. Yrþlingc, hú begǽst ðú weorc ðín Coll. Monast. Th. 19, 11. Sum mæg wrætlíce weorc áhycgan heáhtimbra gehwæs, Exon. Th. 296, 1; Crä. 44. Weorc gebannan, Beo. Th. 149; B. 74. IVa. a particular act of labour :-- Wirc six dagas ealle ðín weorc, Ex. 20, 9. Gif hý út an æcere wurc (v. l. weorc) hæbben si opera in agris habuerint, R. Ben. IV b. workmanship :-- Wæs ðæt hús hwemdragen, nalas æfter gewunan mennisces weorces, ðæt ða wágas wǽron rihte, Blickl. Homl. 207, 18. V. a work, deed, any action :-- Déd ł wærc opus, Jn. Skt. p. 1, 6. Hwæt dó wé ðæt wé wyrceon Godes weorc (uerco, Lind.: were, Rush.)? Ðá andswarode se Hǽlend : Ðæt is Godes weorc (uerc, Lind.: werc, Rush.), ðæt gé gelýfan on ðone ðe hé sende, 6, 29. Wénan ðæs weorces, ðæt hé wísdóm mæge wið ofermétta gemengan, Met. 7, 7. Hý weorces (taking the forbidden fruit) onguldon, Exon. Th. 153, 22; Gú. 829. Wérig ðæs weorces, 436, 20 ; Rä. 55, 10. Tó hwon syndon gé ðyses weorces swá hefige? gód weorc heó wæs wyrcende on mé, Blickl. Homl. 69, 15. Nis eów ðæs weorces þearf, ðæt gé ða ciricean hálgian, 205, 36. Wræclícne hám weorce tó leáne, Cd. Th. 3, 18 ; Gen. 37. Ða ðe ðý worce gefǽgon, 232, 31; Dan. 268. Mon mæg ðý ilcan weorce (ipso facto) cweban ðæt nétenu send gesǽlige, gif man cwiþ, ðæt ða men sén gesǽlige, ða heora líchoman lustum fyligaþ to say that those men are happy, who follow their body's lusts, is at the same time to say that beasts are happy, Bt. 31, tit.; Fox xvi, 9. Án weorc (uoerc, Lind.: were. Rush.) ic worhte. Jn. Skt. 7, 21: Blickl. Homl. 71, 30. Hé Godes eorre þurh his selfes weorc áfunde, Ps. C. 25. Gif hé ðonne git máre weorc geworht hæbbe if then he have committed a greater crime, L. C. S. 30; Th. i. 394, 12. Hwylce ðæs gódan mannes weorc and his dǽda wǽron, Blickl. Homl. 55, 13. Weorcu opera, Scint. 20, 19. Wæstm gódra weorca, Blickl. Homl. 71, 36: Exon. Th. 66, 31; Cri. 1080. Eargra weorca, 80, 8 ; Cri. 1304. Dǽdum georn, wís in weorcum, 185, 7 ; Az. 4: 159, 4; Gú. 921. Weorcum fáh, Elen. Kmbl. 2484; El. 1246. Mid ælmessan and mid mildheortum weorcum, Blickl. Homl. 37, 19 : 73, 16. Leánigean æfter his weorcum and dǽdum, 123, 34. Ne dó gé ná æfter heora worcum (v.l. weorcum: wærcum, Rush.) . . . Ealle heora worc (v.l. weorc : werca, Lind.: wærc, Rush.) hig dóðt, ðæt menn hí geseón, Mt. Kmbl. 23, 3-5. Weorc (uoerca, Lind.: were, Rush.), Jn. Skt. 9, 4. Uoerco, Lind. 10, 32. God gesihþ ealle úre wyrc (weorc, Cott. MS.), Bt. 41, 4; Fox 252, 1. Va. where action is contrasted with speech or thought :-- Gif hwá hǽðendóm weorðige wordes oððe weorces, L. E. G. 2 ; Th. i. 168, 2. Ic dó swá ic ne sceolde, hwíle mid weorce, hwíle mid worde, Hy. 3, 44. Ðonne on úrum móde bið ácenned sum ðing gódes, and wé ðæt tó weorce áwendaþ, Homl. Th. i. 138, 23. Ðæm synfullan náuht ne helpaþ his gódan geðóhtas, for ðæm ðe hé hæfð gearone willan tó ðæm weorce, Past. 54; Swt. 423, 27 : 11; Swt. 73, 4. Bið sió costung ǽresð on ðæm móde, ðonne féreþ útweardes tó ðære hýde, óððæt hió út ásciét on weorc, Swt. 71, 8. Sínra weorca wlite and worda gemynd, Exon. Th. 64, 15; Cri. 1038. Gescád witan worda and worca, Beo. Th. 583; B. 289. Wordum ne worcum, 2204; B. 1100. Wordum and weorcum, Cd. Th. 278, 17; Sat. 223. Wercum, 267, 34; Sat. 48. Mid wordum oððe mid weorcum cýðan, Past. 21; Swt. 157, 21. Se ðe ðás ǽ mid sprǽcon and mid wordum gefylð and nele mid worcum, Deut. 27, 26. Swilce hé mid weorcum hí gesprǽce, Homl. Th. ii. 290, 2. Sume him ðæs hádes hlísan willaþ wegan on wordum, and ða weorc ne dóð, Exon. Th. 105, 33 ; Gú. 105. Vb. of action that gives effect to anything :-- Hwæðer hig gefyllaþ mid weorce ðone hreám, oððe hit swá nys, Gen. 18, 21. Hwæðer mín word beó mid weorce geःfilled, Num. 11, 23. Hwí hé nolde gehýrsumian his hǽsum mid weorce, Homl. Skt. i. 21, 61. Hé wolde his gebeót mid weorcum gefremman, 25, 621. Ðæt ðú mid weorcum gefille ealle ða ǽ, Jos. 1. 7. Se ðe mægna gehwæs weorcum (actually, indeed) wealdeþ, Exon. Th. 121, 3 ; Gú. 283. Ðín gewitnes is weorcum geleáfsum, Ps. Th. 92, 6. VI. a work, what is wrought :-- Weorc machina, Wrt. Voc. ii. 57, 53. Ðá wæs geforðad ðín fægere weorc, Hy. 9, 24. Nánwuht nis fæste stondendes weorces á wuniende, Bt. 9; Fox 26, 21 : Met. 6, 17. Bisiuuidi uuerci (uerci, werci) opere plumario, Txts. 80, 699. Weorce fabrica, Wrt. Voc. ii. 38, 35. Is ðam weorce þearf, ðæt se cræftga cume, and gebéte, Exon. Th. 1. 21; Cri. 11. Com God wera weorc sceáwigan, beorna burhfæsten and ðæt beácen somod, Cd. Th. 101, 9; Gen. 1679. Se wealdend ðe ðæt weorc (the universe) staðolade, Andr. Kmbl. 1598 ; An. 800 : Exon. Th. 43, 19; Cri. 691. Mé glíwedon wrætlíc weorc smiþa, 408, 18 ; Rä. 27, 14. Mycel wǽrun ðíne weorc, Ps. Th. 103, 23. Ðá sceáwode Scyppend úre his weorca wlite, Cd. Th. 13, 23; Gen. 207 : 239, 2 ; Dan. 364: Met. 20, 21. VIa. a strong building, fortress :-- Babylonia ðe ǽr wæs ealra weorca fæstast and wunderlecast and mǽrast, Ors. 2, 4; Swt. 74, 24. Bewrigene mid weorcum, Cd. Th. 218, 24; Dan. 44. VIb. work, what is done, effect produced :-- Ða flǽsclícan willan cumaþ oft þurh deófles sceónessa ǽr tó manna heortan, ǽr Drihtnes weorc ðǽr wunian móte, Blickl. Homl. 19, 8. VII. pain, travail, grief, v. weorcsum :-- Ðæt ðám weligan wæs weorc tó þolianne, Exon. Th. 276, 21 ; Jul. 569. Ðæt wæs weorc Gode, Cd. Th. 217, 18; Dan. 24. Ne hié sorge wiht, weorces ne wiston, 49, 2; Gen. 786 : Andr. Kmbl. 2556; An. 1279. Wæs hé tó ðæs árfæst, ðæt him wæs on weorce, ðæt hé leng from Cristes onsýne wǽre, Blickl. Homl. 225, 28. Hé ðæs weorc gehleát, frécne wíte, Cd. Th. 166, 10; Gen. 2745. Hé ðæs gewinnes weorc þrowade, leódbealo longsum, Beo. Th. 3447; B. 1721: Apstls. Kmbl. 160; Ap. 80: Rood Kmbl. 155; Kr. 79. Ic weorc þrowade, earfoða dǽl, Exon. Th. 485, 12; Rá. 71, 12. Wore, Cd. Th. 19, 24 ; Gen. 296. ¶ the instrumental or dative is used in the phrase weorce wesan with the dative of the person -- to be painful to a person (cf. torne; adv.) :-- Mé næs se hrædlíca ende mínes lífes swá miclum weorce, swá mé wæs ðæt ic læs mǽrðo gefremed hæfde, ðonnemín willa wǽre, Nar. 32, 27. Him wæs on móde myccle weorce (cf. on weorce, 225, 28 supra) and mycel tweó, hwæt hié be ðære dorstan dón, Blickl. Homl. 205, 9. Him wæs ðæt swíþe myccle weorce, ðæt hé swá ungefulwad forðféran sceolde. 217, 22. Ðá wæs him ðæt swíþe sár and myccle weorce, 219, 14. Mé ða fraceðu sind on módsefan mǽste weorce, Exon. Th. 247, 2 ; Jul. 72. Ne mé weorce sind wítebrógan, 250, 30; Jul. 135. Wæs Abrahame weorce on móde, ðæt hé on wræc drife his selfes sunu, Cd. Th. 168, 31; Gen. 2791. Denum eallum wæs weorce on móde tó geþolianne, Beo. Th. 2841; B. 1418. [O. Sax. werk work, pain: O. Frs. werk: O. H. Ger. weran opus, operatio, fabricatio, materia, opera: Icel. verk.] v. æcer-, and-, beadu-, bóc-, cræft-, dǽd-, dæg-, ellen-, firen-, frum-, fyrn-, ge-, gúð-, hand-, heáh-, heaðo-, here-, in-, irre-, láð-, mægen-, mǽr-, mán-, mis-, níþ-, niht-, ofer-, orleg-, sigor-, stán-, þeów -, þreá-, þrýþ-, unriht-, untíd-, unwit-, weall-, weorold-, wic-, wundor-weorc."
85055,wer,"dam, fish weir",34331,wer,"a weir, a dam","a weir, a dam :-- Salomon sǽde ðætte suíðe deóp pól wǽre gewered on ðæs wísan monnes móde, and suíðe lytel unnyttes út fleówe. Ac se se ðe ðone wer bricð, and ðæt wæter út forlǽt, se bið fruma ðæs geflites dicitur : 'Aqua profunda verba ex ore viri;' Prov. 18, 4. Qui ergo dimittit aquam, caput est jurgiorum, Past. 38; Swt. 279, 16."
83210,wifel,"arrow, dart",34542,wifel,"an arrow, dart, javelin","an arrow, dart, javelin :-- Gafeluca ł wibere jaculo, sagitta, gáre ł wifele spiculo, Hpt. Gl. 432, 45, 53. Gára jaculorum, gaflucas catapultas, sagittas, wifera sagittarum, gáras spicula, 405, 52-55. [Wyfle, wepene bipennis. Prompt. Parv. 526, and see note.]"
82983,wīg,divine image,34571,wig,a way,"a way, wíg an idol. v. weg, wíh."
83736,wilde,"wild, uncultivated",34677,wilde,Wild,"Wild :-- Wildæ agrestis, Wrt. Voc. ii. 99, 53: i. 17, 41. Wilde indomitus, ii. 111, 78. Untamed, wilde edomitus, 142, 40. Wudulīce ođđe wilde agrestes, 4, 61. As in this gloss the word seems used in wylde (or cf. weald?) elfen hamadryades (cf. feldelfenne amadriades, ii. 8, 14), i. 60, 17. I. in reference to animals, wild, not domestic, not tamed, not broken in :-- Rēbra þonne ǣnig wilde deór, Blickl. Homl. 95, 31: Homl. Th. i. 486, 28: Bt. 39, l; Fox 212, 3. Wilde oxa bubalus, Wrt. Voc. i. 22, 46. Wilde bār aper, tam bār verres, 32, 70. Assa asinus, wilde assa onager, 23, 27. Se getemeda assa . . . Se wilda fola, Homl. Th. i. 208, 20-22. Wilde goos cente, Wrt. Voc. ii. 103, 68: gente, 109, 63. Wilde gos cante, 14, 21. Wæs sum wilde hrem, Homl. Th. i. 162, 21. Se wilda fugel (the Phenix), Exon. Th. 211, 21; Ph. 201. Hafuc sceal on glofe wilde gewunian, wulf sceal on bearowe, Menol. Fox 495 ; Gn. C. 18. Sió wilde beó. Met. 18, 5. Seó leó ge-monđ đæs wildan gewunan hire eldrana. Bt. 25 ; Fox 88, 12. Sum sceal wildne fugel ātemian, Exon. Th. 332, 14; Vy. 85 : 222, 3; Ph. 343. Hālig feoh and wilde deór, Cd. Th. 13, 13 ; Gen. 202. Eoferas and wilde deór aperet singularis ferus, Ps. Th. 79, 13. Wildu diór, Met. 27, 20: Cd. Th. 91, 22; Gen. 1516. Wildu deór and neáta gehwylc, 240, 20; Dan. 389. Cōmon wilde beran and wulfas. Homl. Th. i. 244, 18. Wildra deóra đæt grimmeste, Exon. Th. 371, 28 ; Seel. 82. Wildera deóra tēđ dentes bestiarum, Deut. 32, 24. Hyre dǣl đera wildera (not broken in) horsa, Chart. Th. 538, 33. Wildra, 548, 10. Wildu hors equos in-domitos, Past. 41; Swt. 303, 9. Fiówer wildo hors, Shrn. 71, 34. Ða stælhrānas beóđ swȳđe dȳre mid Finnum, for đæm hȳ fóđ đa wildan hrānas mid, Ors. l, l; Swt. 18, 12. la. not under restraint; uncontrolled :-- Ðá wæs culufre eft sended wilde; Cd. Th. 88, 14; Gen. 1465. II. in reference to plants, wild, not cultivated :-- Wilde cyrfet colocftintida, hwīt wilde wīngeard brionia, wilde (v. Wülck. Gl. 133, 12) wīngerd labrusca, Wrt. Voc. i. 30, 12-15. Wilde popig saliunca,. . . wilde næp nap silvatica, 31, 8, 27. Wilde næp diptamnus vel bibulcos, . . . wilde lactuce sarrabum, 32, 5, 24. Oleastrum đæt is wilde elebeám, Lchdm. ii. 90, 20. Wildre magþan wyrttruman, 206, 15. Wildre mealwan seáw, 214, 14. Unwæstm ł wilde fōter zizania, Mt. Kmbl. Lind. 13, 27. III. of places, wild, uncultivated, uninhabited :-- Licgaþ wilde mōras emnlange đæm bȳnum lande, Ors. l, I; Swt. 18, 27. Ðone eard (East Anglia) iii mōnþas hī hergodon and bærndon, ge furđon on đa wildan fennas hī fērdon, Chr. 1010 ; Erl. 143, 27. Com se biscop tō đære mynstre (Peterborough) . . . ne fand đǣr nān þing būton ealde weallas and wilde wuda, 963; Erl. 121, 28. IV. of fire, wild, that spreads over a country (like a prairie fire) [cf. Icel. villi-eldr] :-- Hēr wæs se drīa sumor, and wilde fȳr com on manega scīra and forbærnde fela tūna, and eác manega burga forburnon. Chr. 1078; Erl. 215, 36. On đissum geáre atȳwde đæt wilde fȳr, đe nān mann ǣror nān swylc ne gemunde, and gehwǣr hit derode on manegum stówum, 1032 ; Erl. 164, Hēr wæs swīđe mycel mancwealm and orfcwealm, and eác đæt wilde fȳr on Deórbȳscīre micel yfel dyde, and gehwǣr elles, 1049 Erl. 173, 19. IV a. figurative of a disease :-- Wylde fȳr erisipilas, Wrt. Voc. i. 20, 3. [v. wildfire in Halliwell's Dictionary, and cf. Germ. das wilde feuer St. Anthonys fire, erysipelas.] V. in a moral sense, wild, turbulent, ungoverned :-- Hē geong fareþ, hafaþ wilde mōd, Salm. Kmbl. 755; Sal. 377. [Goth. wilþeis: O. Frs. wilde: O. L. Ger. O. H. Ger. wildi: Icel. villr.]"
83275,wīse,"sprout, stalk",34968,wīse,"A sprout, stalk","A sprout, stalk :-- Streáwbergean wīse. Lchdm. ii. 36, 12 : 334, II. Genim streáwberian wīsan nioþowearde, 34, 24, 27. Nim hwīteclǣfran wīsan, 326, 21. Hǣþbergean wīsan, 344, 10. Weóde wīsan, iii. 16, 16. Eallhwīte wȳsan gesie, Wrt. Voc. ii. 42, 16. [Wyse of strawbery or pesyn fragus (cf. a streberytre fragus, Wülck. Gl. 584, 29), Prompt. Parv. 531. Take the wyse of tormentile, and bray it, Halliwell's Dict. Cf. Icel. vīsir a sprout.] v. streáwberige-wīse."
84004,wlanc,"insolent, proud, stately",35248,wlanc,"proud, high-spirited, bold.","proud, high-spirited, bold. v. wlencu, I:--Wlanc Wedera leód, Beowulf, Beo. Th. 687: B. 341. Wlonc hæleþ, 668; B. 331. Wæterþisa wlonc, Exon. Th. 363 7; Wal. 50. Ðǽr wlanc manig on stæðe stódon, Elen. Kmbl. 461; El. 231. Duguþ eal gecrong wlonc, Exon. Th. 291, 10; Wand. 80. Hé hæfde Higeláces hilde gefrunen, wlonces wígcræft, Beo. Th. 5898; B. 2953. Wlance þegenas, unearge men, Byrht. Th. 137, 53; By. 205: Cd. Th. 188, 19; Exod. 170. Wlance wígsmiðas, eorlas árhwate, Chr. 937; Erl. 115, 21. Men módum wlonce, Exon. Th. 325, 4; Víd. 106. Hé in healle wæs wended wloncra folmum, 441, 17; Rä. 60, 19. Plega wlancum, ðǽr wigan sittaþ, Runic pm. Kmbl. 342, 5; Rún. 14."
82012,wōd,possessed,35288,wód,Mad:,"Mad: -- Wód rabidus vel insanus, Wrt. Voc. i. 45, 70: 75, 56. (I) in reference to persons :-- Ðú eart wód daemonium habes. Jn. Skt. 8, 48, 49, 52 : Homl. Th. ii. 232, 17. Hwá is swá wód, ðæt hé dyrre cweðan, ðæt God ne sé ǽce, Shrn. 176, 32. Ne syut ná ðiswódes mannes word, Jn. Skt. 10, 21. Wódan gewittes, Cd. Th. 255, 22 ; Dan. 628. Tó biddenne hire wódan dehter gesundfulnysse . . . seó dohtor on wódum dreáme læg dweligende, Homl. Th. ii. 110, 15-19: 50, 27. Fela wóde menn heora gewit underféngon, Homl. Skt. ii. 27, 130. Hé wódum mannum gewitt forgeaf, Homl. Th. i. 480, 14. Hé ða deóflu áfligde of dám wódum wyrhtum, Homl. Skt. i. 6, 205. (l a) raving, blasphemous, v. wodlíce, II, wódness, II, and cf. woffian :-- Múð wódne sóðfæstnysse andsware genyþerian os blasphemum veritatis responsione dampnare, Scint. 9, II. (2) of animals :-- Wið wódes hundes slite, Lchdm. i. 4, 8. His hors feól wealwigende geond ða eorðan wódum gelícost, Homl. Skt. ii. 26, 206. (3) of things, mad, raging, furious :-- Heom on becom swiðe hreóh weder, and seó wóde sǽ and se stranga wind hí on ðæt land áwearp, Chr. 1075; Erl. 212, 23. Wóð effera (fluctuum ferocitas, Ald. 42), Hpt. Gl. 478, 60. Sió wóde þrág ðære wrǽnnesse, Bt. 37, I; Fox 186, 18 : Met. 25, 41. [Laym. Orm. A. R. Ayenb. wod : Chauc. wood : Prompt. Parv. wood, coen : Goth. wóds: O. H. Ger. wuce: Icel. óðr.] v. ellen-, tung-wód ; wéde."
86132,wracu,"revenge, punishment, misery",35437,wracu,"pain, suffering, misery","pain, suffering, misery :-- Is fela yfela and mistlícra gelimpa wíde mid mannum ; and eal hit is for synnum ; and gyt weorþeþ máre, ðæs ðe béc secgaþ, wracu and gedreccednes, ðonne ǽfre ǽr wǽre on worulde, Wulfst. 91, 7. Nis mé wracu ne gewin. ðæt ic God séce, Exon. Th. 162, 2. Gú. 1054. Nis ðǽr láð geníðla ine wóþ ne wrac weútáen nán, yldu ne yrmðu . . . ne sár wracu non huc exangues morbi, non aigra senectus . . . ludus acerbns abest, 201, 2-11; Ph. 50-54. Him com swá hrædlíc sár and wracu swá ðam cennendan wífe cymð fǽrlíc sir ibi dolores sicut parturientis, Ps. Th. 47, 6. His þegnas for hiora eardes lufan and for ðære wrace (cf. forðǽm yrmþum eardes lyste, Met. 26, 71) tihodon hine tó forlǽtanne, Bt. 38, l ; Fox 194, 29. Him ðæt tólongsumere wrace cóme, ðǽr hie ðe raðor gesémed ne wurden actum de Romano nomine intestina pernicie foret, nisi reconciliatio subrepsisset, Ors. 2, 4. ; Swt. 70, 5. Hé wearð werþeódum tó wræce, Elen. Kmbl. 33; El. 17. Hé hæfde him to gesíþþe sorge and longað, wintercealde wræce, weán oft onfond, Exon. Th. 377, 15; Deór. 4. Wræce bisgodon fǽge þeóda miseries troubled the doomed peoples, Cd. Th. 76, 29 ; Gen. 1264."
84839,wrǣstan,"turn, bend",35474,wrǽstan,"to wrest, twist","to wrest, twist :-- RUNE hine on ða tungan sticaþ, wrǽsteþ him ðæt wóddor, and him ða wongan briceþ. Salm. Kmbl. 191 ; Sal. 95. II. to move the strings of the harp in playing, Cf. wreste of an harpe plectrum. Prompt. Parv. 533 :-- Sum sceal mid hearpan set his hláfordes fotum sittan, and á snellíce snere wrǽstan, lǽtan scralletan, Exon. Th. 332, 9 ; Vy. 82. [Iulius þat sweord wraste (wreste, 2nd MS. ), Laym. 7532. Wresten to struggle, wrestle, A. R. 374, 7. Wrestoñ plecto, wrestyñ and wrythyñ aȝen replecto, Prompt. Parv. 533 : Icel. reista to twist.] v. á-, ge-wrǽstan."
81727,wund,wound,35721,wund,A wound,"A wound; vulnus, Wrt. Voc. i. 85, 49. I. in a physical sense, (1) a wound, an injury caused by a blow :-- Sió wund, ðe him se eorðdraca geworhte, Beo. Th. 5416; B. 2711. Blódig wund, Andr. Kmbl. 2945; An. 1475: Exon. Th. 143, 33; Gú. 670. Hér sindon dolhsealfa tó eallum wundum ... Sceád on ða wunde ... Wiþ ealdre tóbrocenre wunde ... lácna swilce wunda. Tó wunde clǽnsunge ... smire ða wunde mid, ðonne fullaþ hió ... Wiþ innanwunde, Lchdm. ii. 90, 23-92, 21. Wæs se cyning gehǽled fram ðære wunde ðe him ǽr gedón wæs (a vulnere sibi pridem inflicto), Bd. 2, 9; S. 512, 1. Sylle wunde wið wunde reddat vulnus pro vulnere, Ex. 21, 25. Wícing ðe him ða wunde forgeaf, Byrht. Th. 135, 57; By. 139. Hé ofer benne spræc, wunde wælbleáte, Beo. Th. 5443; B. 2725. Wundum áwyrded, Beo. Th. 2230; B. 1113. Wundum wérge, 5866; B. 2937. Se wídfloga wundum stille hreás, 5653; B. 2830. Wundum sweltan, Byrht. Th. 140, 25; By. 293. Wǽpna wundum, Exon. Th. 119, 15; Gú. 255. Ða ealdan wunde and ða openan dolg on hyra Dryhtne, 68, 23; Cri. 1108. Swátge wunde, 89, 19; Cri. 1459. Hé wráð his wunda (wundo uulnera, Lind.), Lk. Skt. 10, 34. (2) a sore caused by disease. v. wundig, wundiht :-- Gif wambe bið oninnan wund, Lchdm. ii. 220, 3. Hé (the itch) wundaþ and sió wund sáraþ, Past. 11; Swt. 71, 20. Se deófol slóh Iób mid ðære wyrstan wunde ... Iób sat eal on ánre wunde, Homl. Th. ii. 452, 25-28. Óðer wæs wæterseóc, óðer eall on wundum, ac hí wurdon gehǽlede fram heora untrumnysse, Homl. Skt. i. 5, 145. Heó wæs swýðe unhál, and on eallum limum egeslíce wunda hæfde ... 'Ðú scealt underfón ðína wunda hǽle.' ... On hire líce næs gesýne áht ðæra sárra wunda, 7, 265-278. II. in a figurative sense :-- Feónda fǽrsearo, ðæt bið frécne wund, Exon. Th. 48, 12; Cri. 770. Ðæt wom ǽrran wunde hǽlan, 81, 12; Cri. 1322. Wunde cicatrice, Hpt. Gl. 504, 35. Ic ofslóh wer on míne wunde (in vulnus meum), Gen. 4, 23. Gástes wunde sins, Ps. C. 51. Beóð wunde (wunda, Soul Kmbl. 177) onwrigene, ða ðe firenfulle men geworhton, Exon. Th. 372, 9; Seel. 89. Mínra wunda sár dolorem vulnerum meorum, Ps. Th. 68, 27. Synna wundum, Exon. Th. 263, 25; Jul. 355. Geseón on ussum sáwlum synna wunde, 80, 30; Cri. 1314. [O. Sax. wunda: O. Frs. wunde: O. H. Ger. wunta vulnus, ulcus, plaga: Icel. und.] v. cancor-, feorh-, in-, innan-, innoþ-, líc-, sweord-wund, and next word."
85366,wyrt,"herb, plant",35885,wyrt,a wort,"a wort (e.g. St. John's wort), plant, herb :-- Gærs vel wyrt herba, Wrt. Voc. i. 30, 35: 78, 71. Ðeós wyrt, ðe man betonicam nemneþ, Lchdm. i. 70, 1: 90, 2, and often. Seó wyrt (herba) weóx, Mt. Kmbl. 13, 26. Gemolsnad wyrt, Ps. Th. 89, 6. Wyrta wynsume, Exon. Th. 233, 23; Ph. 529. Sumra wyrta eard biþ on dúnum, sumra on merscum, sumra on mórum, Bt. 34, 10; Fox 148, 22. Mid missenlícum blóstmum wyrta áfægrod variis herbarum floribus depictus, Bd. 1, 7; S. 478, 22: Exon. Th. 358, 17; Pa. 47. Gif mon sié wyrtum forboren, Lchdm. ii. 114, 8, 12. Hé getimbreþ tánum and wyrtum nest, 227, 29; Ph. 430. God geworhte eall gærs and wyrta (omnem herbam), Gen. 2, 5. Ðú ytst ðære eorðan wyrta, 3, 18: Ps. Th. 103, 13. Werta, Kent. Gl. 687."
81662,yfel,evil,35922,yfel,"Evil, ill:","Evil, ill: :-- Gód bonum, yfel malum, Wrt. Voc. i. 74, 49. I. in a moral sense :-- Ða ðe him biþ unwítnode eall hiora yfel on ðisse worulde, Bt. 38, 3; Fox 200, 26. Hwæt yfeles dyde þes? Mt. Kmbl. 27, 23. Dǽdbóte dón ðæs mycelan yfeles and mánes, ðe hié wið heora Drihten gedydon, Blickl. Homl. 79, 6. Ðone besmítan ðe ðú nánwiht yfeles on nystest, 85, 36. Yfeles ordfruma, Cd. Th. 288, 1; Sat. 374. Hé ðæs yfeles geswíce, Hy. 2, 8: Met. 9, 52, Forðhealde tó yfele in malum prona, Gen. 8, 21: Hy. 7, 113. For rihtwísnysse hé sceal habban andan tó hira yfele, Past. 12; S. 75, 14. Beó nú on yfele, noldæs ǽr teala, Cd. Th. 310, 26; Sat. 733. Ic syngade and mycel yfel beforan ðé ic gedyde, Blickl. Homl. 87, 30. Leahtra gehwylcne, yfel unclǽne, Exon. Th. 80, 21; Cri. 1310: Past. 21; Swt. 157, 23. Ealle ðæt yfel and ðæt unnet, ðæt hé ǽr on his móde hæfde, Bt. 35, 1; Fox 154, 26. Gýtsung, mán, . . . stuntscipe, ealle ðás yfelu of ðam innoðe cumaþ, and ðone man besmítaþ, Mk. Skt. 7, 23. Ðæt hé feala yfla sægde, Blickl. Homl. 173, 20. Yfla gehwylc, grimme gieltas, Exon. Th. 229, 25; Ph. 460. Tó eácan óþrum unárímedum yflum hé ðone pápan hét ofsleán, Bt. 1; Fox 2, 11. Hié nǽnige bóte dón noldan, ah hié on heora yfelum þurhwunedon, Blickl. Homl. 79, 8: Ps. Th. 105, 25. Ic ðé þreáge and ðé cýðe eal ðás yflu, 49, 23. II. what is hurtful, grievous :-- Hú mycel yfel ðé gelamp for ðínre gítsunge, Blickl. Homl. 31, 13. Nú is ǽghwanon yfel and slege, 115, 16: 181, 32. Is mín yfel twyfeald I am doubly injured, 175, 13. Is sáwl mín sáres and yfeles gefylled repleta est malis anima mea, Ps. Th. 87, 3: 106, 38. ǽgðer hyra óðrum yfles hogode, Byrht. Th. 135, 45; By. 133: Exon. Th. 54, 28; Cri. 875. Bydelas ðæs écan yfeles, ðe yfelum mannum becymð, Homl. Th. ii. 538, 23. Ða fuglas ús nǽnige láðe ne yfle ne wǽron aves non nobis perniciem ferentes, Nar. 16, 18. Hé wile hit him mid grimnesse and mid yfele forgyldan, Blickl. Homl. 55, 25. Hé nǽnigum yfel wiþ yfele geald, 223, 33: Elen. Kmbl. 983; El. 493. Hí ðǽr mycel yfel gedydon, Chr. 897; Erl. 95, 18: 993; Erl. 133, 3. ǽlc yfel man him gehét, 1036; Erl. 165, 22. Ðám ðe mé syrwedan yfel qui quaerunt mala mihi, Ps. Th. 70, 12. Ealle ðe mé yfel hogedon qui cogitant mihi mala, 69, 3. Heó þolian ne wolde yfel, Cd. Th. 136, 26; Gen. 2264: Past. 36; Swt. 261, 4: Exon. Th. 77, 9; Cri. 1254. Fela yfelu sceolon foreyrnon ǽr seó geendung ðissere worulde cume, Homl. Th. ii. 538, 22. Ðú mé yfela feala oft oncnyssedest, Ps. Th. 70, 19. Ðé gehealde Drihten wyð yfela gehwam Dominus custodit te ab omni malo, 120, 6. Yfla gehwylc, Exon. Th. 356, 27; Pa. 18. Ic earfeþa dreág, yfel ormǽtu, 280, 10; Jul. 627. Ic gegaderie ofer hig yflu (mala), Cant. M. ad fil. 23. II a. of disease :-- Wiþ ðam wǽtan yfle ðæs miltes, Lchdm. ii. 246, 9. Hit mæg wið ǽghwilcum uncúþum yfele, iii. 288, 17. Wið lungenádle and wið gehwylce yfelu ðe on ðam innoðe dereþ, i. 280, 18. II b. of abusive speech :-- Hié wyrgdon ðone cásere and him yfel cwǽdon, Blickl. Homl. 191, 10. ¶ the word often occurs in contrast with gód :-- Swá ðæs gódan gódnes biþ his ágen gód, swá biþ eác ðæs yfelan yfel his ágen yfel, Bt. 37, 3; Fox 190, 15. Hwæþer him yfel þe gód under wunige, Exon. Th. 82, 3; Cri. 1333. Ealles ðæs ðe wé geweorhtan gódes oððe yfles, 447, 21; Dóm. 43: Blickl. Homl. 51, 26. Treów ingehýdes gódes and yfeles, Gen. 2, 9. Gódes and yfeles, welan and wáwan, Cd. Th. 30, 10; Gen. 465. Gódes and ýfles ic cunnade, Exon. Th. 321, 25; Víd.51. Hig woldon gildan gód mid yfele, Gen. 44, 4. Swá gód swá yfel swá hé ǽr dyde, Blickl. Homl. 101, 30. Se Hálga Gást hié ǽghwylc gód lǽrde and him ǽghwylc yfel bewerede, 131, 30. Ðurh ða gesceádwísnesse wé tócnáwaþ good and yfel, and geceósaþ ðæt gód and áweorpaþ ðæt yfel, Past. 11; Swt. 65, 22. Geþenc ðæt ðú gód onfénge and gelíce Lazarus onféng yfel, Lk. Skt. 16, 25. [Goth, ubil: O. Sax. uƀ;il: O. Frs. evel: O. H. Ger. ubil.]"
19434,æt,"to, at, by",866,ÆT,prep.,"prep. I. with the dative; cum dativo AT, to, before, next, with, in, for, against; apud, juxta, props, ante, ad, in, contra :-- Sittende æt tollsceamule sitting at tie seat of custom, Mt. Bos. 9, 9. Æt fruman worulde at the beginning of the world, Exon. 47a; Th. 161, 7; Gú. 955. Wæs seó treów lufu hát æt heortan the true love was hot at heart, 15 b; Th. 34, 8; Cri. 539. Ge ne cómon æt me ye came not to me, Mt. Bos. 25, 43. Æt selde before the throne, Cd. 228; Th. 306, 12; Sat. 663. Icáre æt him fínde I may find honour with them, Exon. 67a; Th. 247, 19; Jul. 81. Ic nú æt feáwum wordum secge I now say in few words, Bd. 3, 17; S. 545, 14. Is seó bót gelong eal æt ðé ánum the expiation is all ready with thee alone, Exon. 10a; Th. 10, 16; Cri. 153. Ne mihton hí áwiht æt me ǽftr gewyrcean they might not ever do anything against me, Ps. Th. 128, l. Ðe him æt blisse beornas habbaþ which men have for their merriment, Exon. 108 b; Th. 414, 4; Rä. 32, 15. 2. because you approach a person or thing when you wish to take something away, as they say in Lancashire, Nottinghamshire, etc. Take this at me, i.e. from me, hence, -- Of, from; a, ab, de :-- Anýmaþ ðæt púnd æt hym tollite ab eo talentum, Mt. Bos. 25, 28. Leorniaþ æt me learn by coming near me, learn at, of, or from me; discite a me. Mt. Bos. 11, 29. Æt his sylfes múþe at or from his own mouth. Bd. 3, 27; S. 558, 40. Æt ðam wífe from the woman, Cd. 33; Th. 44, 31; Gen. 717. Ic gebád grynna æt Grendle I endured snares from Grendel, Beo. Th. 1864; B. 930: Ps. Th. 21, 18. 3. the names of places are often put in the dat. pl. governed by æt, the preposition is then, as in Icelandic, not translated, and the noun is read as singular :-- Ðe mon hǽt æt Hǽðum which they call Haddeby; quem vocant Hæthe, Ors. i. 1 ,§ 19; Bos. Eng. 47, note 57. In monasterio, quod situm est in civitate æt Baðum [MS. Bathun], Kmbl. Cod. Dipl, cxciii; vol. i. 237, 1. II. very rarely used with the accusative; cum accusative To, unto, as far as; ad, usque ad :-- Æt sǽ-streámas ad mare, Ps. Th. 79, 11. Æt Ác-leá at Oakley, Chr. 789; Ing. 79, 14. v. Ác-leá. III. sometimes æt is separated from its case :-- Ðonne wile Dryhten sylf dǽda gehýran æt ealra monna gehwám then will the Lord himself hear of the deeds from all sorts of men [ab omnium homínum quocunque], Exon. 99 b; Th. 372, 15; Seel. 93. [O. Sax. at: p. O. Frs. et, it: O. H. Ger. az: Goth. at: O. Nrs. at.]"
19455,til,"suitable, useful",29820,til,good,"good at anything, apt, capable, competent:--Hé wæs selfa til, heóld á ríce éðeldreámas, Cd. Th. 97, 2 ; Gen. 1606 : Beo. Th. 122; B. 61. Til sceal on éðle dómes wyrcean, Menol. Fox 500; Gn. C. 20. Sum biþ beórhyrde gód, sum biþ bylda til hám tó habbanne, Exon. Th. 297, 29; Crä. 75. Till, Beo. Th. 5436; B. 2721. Hié wǽron an wíg gearwe . . . efne swylce mǽla swylce hira mandryhtne þearf gesǽlde ; wæs seó þeód tilu, 2505; B. 1250. Wǽron men tile, Cd. Th. 99, 11; Gen. 1644. Dióre gecépte drihten Créca Tróia burh tilum gesíðum, Met. 26, 20. [Cf. Goth. manna gatils (GREEK, aptus) in thiudangardja Guths a man fit for the kingdom of God, Lk. 9, 62.]"
19456,til,"goodness, fitness",29820,til,good,"good at anything, apt, capable, competent:--Hé wæs selfa til, heóld á ríce éðeldreámas, Cd. Th. 97, 2 ; Gen. 1606 : Beo. Th. 122; B. 61. Til sceal on éðle dómes wyrcean, Menol. Fox 500; Gn. C. 20. Sum biþ beórhyrde gód, sum biþ bylda til hám tó habbanne, Exon. Th. 297, 29; Crä. 75. Till, Beo. Th. 5436; B. 2721. Hié wǽron an wíg gearwe . . . efne swylce mǽla swylce hira mandryhtne þearf gesǽlde ; wæs seó þeód tilu, 2505; B. 1250. Wǽron men tile, Cd. Th. 99, 11; Gen. 1644. Dióre gecépte drihten Créca Tróia burh tilum gesíðum, Met. 26, 20. [Cf. Goth. manna gatils (GREEK, aptus) in thiudangardja Guths a man fit for the kingdom of God, Lk. 9, 62.]"
19495,ac,"but, however",128,AC,conj.,"conj. X. but; sed :-- Ne com ic tii towurpan, ac gefyllan non veni solvere, sed adimplere, Mt. Bos. 5, 17. Brytwalas fultumes bǽdon wið Peohtas, ac hi næfdon nǽnne the Brito-Welsh begged assistance against the Picts, but they had none, Chr. 443; Erl. ii, .34. II. for, because; nam, enim, quia :-- Ne se aglǽca yldan þðhte, ac he geféng hraðe slǽpendne rinc nor did the wretch mean to delay, f or he quickly seized a sleeping warrior, Beo. Th. 1484; B. 740. Ðú ne þearft onsittan wige, ac ne-fuglas [wig, eácne MS.] blðdig sittaþ þicce gefylled thou needest not oppress with war, because carrion birds sit bloody quite satiated (lit. thickly filled). Cd. 98; Th. 130, 12; Gen. 2158. III. but also, but yet; sed etiam, sed et, sed tamen :-- Ná læs weoruld men, ac eac swylce ðæt Drihtnes eowde not only men of the world, but also [sed etiam Bd.] the Lord's flock. Bd. 1,14; S. 482, 25. Da cwican nð genihtsumedon ðæt ht da deádan bebyrigdon, ac hwæðere ða ðe Kfigende wǽron nðht dðn woldon the living were not sufficient to bury the dead, but yet those who were living would do nothing, Bd. l, 14; S. 482, 32: 2, 7; S. 509, 13. Ac swylce tunge mín (Élce dæge smeáþ rightwísnysse ðíne sed et lingua mea tota die meditabitur justitiam tuam, Ps. Spl. 70, 26. [R. Glouc. Orm. ac: Laym. ac, æc, ah: Scot. ac: O. Sax. ak: O. H. Ger. oh; Goth, ak.]"
19980,āc,oak,131,AC,f.,"f. I. an OAK ; quercus, robur :-- Ðeós ác nece quercus, Ælfc. Gr. 8; Som. 7, 46. Sume ác astáh got up into an oak, Homl. Th. ii. 150, 31. acc. Ac an oaken ship. Runic pm. 25; Kmbl. 344, 21. Geongre ace of a young oak, L. M. l, 38; Lchdm, ii. 98, 9. Of ðære ác [for áce], Kmbl. Cod. Dipl. iii. 121, 22. II. ác; g. Sees; m. The Anglo-Saxon Rune J-. = a, the name of which letter, in Anglo-Saxon, is ic an oak, hence, this Rune not only stands for the letter a, but for ác an oak, as J... byþ on eorþan elda bearnum flǽsces fódor the oak is on earth food ofthefiesh to the sons of men, Hick. Thes. vol. i. p. 135; Runic pm. 25; Kmbl. 344, 15. Ácas twegen two A's, Exon. 112 a; Th. 429, 26; Ru. 43,10. [R. Glouc. 6k: Chauc. 6k, áke, oak:O. Frs. Sfc: Dut. eek, eik: JVorth Frs. ik: L. Ger. eke: N. Ger. eiche: M. Ger. eich: O. Ger. cin: Dan. eg: Swed, ek: 0. Nrs. eik. Grn. starting from Goth, ayuk in aiw-dup, i.e. aiw-k-dup nis rev atom, supposes aform ayuks, contracted to áiks, the equivalent of which would be ac,which would, therefore, indicate a tree of long durability.]"
20114,æsce,investigation,832,ǽsce,"Search, inquisition, examination, inquiry, trial of","Search, inquisition, examination, inquiry, trial of or asking after any matter or thing; interrogatio, investigatio, disquisitio :-- Hæfdon ealle ða æscean all should have the search, L. Ath. 5; Th. i. 230, 18."
20425,ear,ear (of grain),8547,EAR,An,"An EAR of corn; spīca :-- Seó eorþe wæstm beraþ, ǽrest gærs, syððan ear, syððan fulne hwǽte on ðam eare terra fructĭfĭcat, primum herbam, deinde spīcam, deinde plēnum frumeníum in spīca, Mk. Bos. 4, 28. Ða seofon fullan ear getácniaþ seofon wæstmbǽre geár and wélige septem spīcæ plēnæ septem ubertātis anni sunt, Gen. 41, 26, 27. Pharao rehte Iosepe be ðám oxum and be ðám earum Pharaoh told Joseph of the oxen and of the ears [of corn], Gen. 41, 17. Híg ongunnun pluccian ða ear cœpērunt vellĕre spicas, Mt. Bos. 12, 1: Mk. Bos. 2, 23: Lk. Bos. 6, 1. Him þuhte, dæt he gesáwe seofon ear weaxan on ánum healme fulle and fægre septem spīcæ pullŭlābant in culmo uno plēnæ atque formōsæ, Gen. 41, 5: Lev. 23, 22: Deut. 23, 25. [Wyc. eere, ere: R. Glouc. eres, pl: Plat, aar, aare: Dut. aar, f: Ger. ähre, f; äher, n: M. H. Ger. äher, eher, n: O. H. Ger. ahir, eher, n: Goth. ahs, n: Dan. Swed. Icel. ax, n. Grimm supposes the root of these words to be ak sharp, and refers to Lat. acus, acies, acidus: Ger. ecke a corner.]"
21008,ymbe,around,35981,ymbe,about,"about, ymbe-. v. ymb, ymb-."
21771,ōfer,shore,23905,ófer,"an edge, border, margin","an edge, border, margin :-- Óbr mango, Wrt. Voc. ii. 113, 45. Ófor, 55, 6. Ófer, Ælfc. Gr. 6; Som. 5, 51. On ðære lifre ófrum, Lchdm. ii. 204, 24. Smire ða ófras (the borders of a cancer) ðǽr hit reádige, 108, 20."
22101,rǣd,"available means, advice, counsel, deliberation, decision, intention, precaution, supply",25349,rǽd,"counsel, advice","counsel, advice :-- Rǽd consilium, Wrt. Voc. i. 73, 23. Ðæt hit nǽfre næs náðer ne his gewile, ne his geweald, ne his rǽd, L. C. S. 76; Th. i. 418, 12. Is micel þearf ðisse þeóde helpes and rǽdes, Wulfst. 243, 5 : Elen. Kmbl. 1103; El. 553. Sum woruldwita wæs swýðe wís on rǽde Acitofel geháten ... Ðá wæs se Acitofel mid Absalone on rǽde and rǽdde him hú hé mihte beswícan his fæder, Homl. Skt. i. 19, 196-203. Ðíne heortan tó rǽde gecyr turn thine heart to listen to good advice, Blickl. Homl. 113, 27. On ðone Drihten næs ic æt rǽde ne æt dǽde, ðǽr man mid unrihte N. orf ætferede, L. O. 3; Th. i. 178, 17. Gyf mon ðone hláford teó ðæt hé (the accused person) be his rǽde út hleópe, L. Eth. i. 1; Th. i. 282, 5, 12. Gif þeów ete his sylfes rǽde if a slave eat flesh during a fast of his own accord (i. e. when his master does not give the meat. v. the paragraph which precedes), L. Wih. 15; Th. i. 40, 11. Ráde, 10; Th. i. 38, 21. Ic ðá féng on mínne ágenne réd, Chart. Th. 322, 10. Gehýr míne word and mínne rǽd, Ex. 18, 19. Ðæt hí ðæs cynges rǽd hæfdon and his fultum and ealra witena, Chr. 1048; Erl. 178, 22. Rǽd gelǽran to give good advice (cf. sellan hálwende geþeahte, Bd. 1, 1; S. 474, 14), pref. ; Erl. 3, 10. Rǽd sóhtan consulunt, Wrt. Voc. ii. 21, 3."
22437,æsce,ash,831,æsce,Ashes,"Ashes; -- Forðon ic anlíc ætt æscean hláfe quia cinerem sicut panem manducabam, Ps. Th. 101, 7: 147, 5. v. asce."
22493,ac,but,128,AC,conj.,"conj. X. but; sed :-- Ne com ic tii towurpan, ac gefyllan non veni solvere, sed adimplere, Mt. Bos. 5, 17. Brytwalas fultumes bǽdon wið Peohtas, ac hi næfdon nǽnne the Brito-Welsh begged assistance against the Picts, but they had none, Chr. 443; Erl. ii, .34. II. for, because; nam, enim, quia :-- Ne se aglǽca yldan þðhte, ac he geféng hraðe slǽpendne rinc nor did the wretch mean to delay, f or he quickly seized a sleeping warrior, Beo. Th. 1484; B. 740. Ðú ne þearft onsittan wige, ac ne-fuglas [wig, eácne MS.] blðdig sittaþ þicce gefylled thou needest not oppress with war, because carrion birds sit bloody quite satiated (lit. thickly filled). Cd. 98; Th. 130, 12; Gen. 2158. III. but also, but yet; sed etiam, sed et, sed tamen :-- Ná læs weoruld men, ac eac swylce ðæt Drihtnes eowde not only men of the world, but also [sed etiam Bd.] the Lord's flock. Bd. 1,14; S. 482, 25. Da cwican nð genihtsumedon ðæt ht da deádan bebyrigdon, ac hwæðere ða ðe Kfigende wǽron nðht dðn woldon the living were not sufficient to bury the dead, but yet those who were living would do nothing, Bd. l, 14; S. 482, 32: 2, 7; S. 509, 13. Ac swylce tunge mín (Élce dæge smeáþ rightwísnysse ðíne sed et lingua mea tota die meditabitur justitiam tuam, Ps. Spl. 70, 26. [R. Glouc. Orm. ac: Laym. ac, æc, ah: Scot. ac: O. Sax. ak: O. H. Ger. oh; Goth, ak.]"
22754,wǣd,"garment, rope",33306,wǽd,"a weed, an article of dress, a garment","referring to the dress of human beings. (1) a weed (as in palmer's, widow's weeds), an article of dress, a garment :-- Martinus mé bewǽfde mid ðyssere wǽde, Homl. Th. ii. 500, 34. Ne cume hé búton his oferslipe, ne hé þénige búton ðære wǽde, L. Edg. C. 46; Th. ii. 254, 11. In wéde (vestimentum) ald ... from wéde (vestimento), Mt. Kmbl. Lind. 9, 16. Gehrán woede (wédum, Rush.) his tetigit uestimentum ejus, Mk. Skt. Lind. 5, 27. Ungigearuad woede gímungalícum non vestitum veste nuptiali, Rtl. 108, 1. Woede háluoende vestimentum salutare, 103, 22. Hé næfþ ða neódþearfe áne, ðæt is wist and wǽda, Bt. 33, 2; Fox 124, 17. Woedo uestimenta, Mk. Skt. Lind. 9, 3. Ic wæs nacod, nolde gé mé wǽda tíþian, Wulfst. 288, 33. Wǽda leásne, Cd. Th. 53, 27; Gen. 867: 256, 2; Dan. 634: Met. 25, 32. Ðú wǽda tylast, Homl. Th. i. 488, 26. Of ungemete wiste and wǽda, Met. 25, 39. Hé hine gescyrpte mid eallum ðám wlitegestum wǽdum, Bt. 28; Fox 100, 26: Cd. Th. 58, 5; Gen. 941. Hí hine wǽdon bereáfodon, Homl. Th. i. 430, 2. Gif dynt sweart sié búton wǽdum if a blow cause a bruise in a part not covered by the clothes, L. Ethb. 59; Th. i. 18, 3. Binnan wǽdum in a part covered by the clothes, 60; Th. i. 18, 5. Ofer wǽda míne super vestem meam, Ps. Spl. 21, 17: Cd. Th. 52, 20; Gen. 846: Met. 8, 23. Forlǽt eal ðæt ðú áge búton wiste and wǽda, Prov. Kmbl. 80. Mið ðý gewearp woedo (giwédo, Rush.) his proiecto uestimento suo, Mk. Skt. 10, 50. Hé sette uoedo (giwédo, Rush.) his ponit uestimenta sua, Jn. Skt. Lind. 13, 4: Mk. Skt. Lind. 11, 8. Wit baru standaþ unwered wǽdo, Cd. Th. 50, 21; Gen. 812. Sylle mon him wist and wǽdo, Exon. Th. 336, 12; Gn. Ex. 336. (2) in a collective sense, clothing, dress :-- Líchoma forðor is ðon wéde corpus plus est quam vestimentum, Mt. Kmbl. Lind. 6, 25. Ðæt gád ne wǽre wiste ne wǽde, Cd. Th. 222, 11; Dan. 103. Ðæt gebyreþ tó wǽde and tó wiste ðám ðe Gode þeówian, L. Eth. vi. 51; Th. i. 328, 7. Heó wæsceþ his warig hrægl and him syleþ wǽde níwe, Exon. Th. 339, 25; Gn. Ex. 99."
23038,ēar,sea,8546,ear,"Sea, ocean","Sea, ocean; măre, oceănus :-- Hyre [dúne] deorc on lást eare geblonden óðer fereþ dark on its [the down's] track goes another mixed with the ocean, Exon. 101b; Th. 384, 3; Rä. 4, 22. v. ear-gebland, ear-grund."
24398,bōc,beech,4749,BÓC,A beech-tree,"A beech-tree; fagus silvatica, fagus = φηγόs, æsculus :-- Bóc fagus; bóc æsculus, Ælfc. Gl. 45; Som. 64, 99, 100. [Plat. book, böke, f: Dut. beuk, beuke, f: Kil. boecke, buecke: Ger. buche, f: Icel. bók, f: Lat. fāgus, f. = Grk. φηγόs, f.] DER. bóc-scyld, -treów, -wudu."
24402,bōc,book,4750,bóc,a,"a BOOK; liber :-- Seó bóc is on Englisc awend the book is turned into English, Homl. Th. ii. 358, 30. On fórewerd ðære bóce [MS. bóc] oððe on heáfde bǽc awriten is be me in capite libri scriptum est de me, Ps. Lamb. 39, 9. On fórewardre ðyssere béc ys awriten be me, ðæt ic sceolde ðínne willan wyrcan, Ps. Th. 39, 8; in the hed of the boc it is write of me, that I do thi wil, Wyc. Ic wrát bóc I wrote a book, Bd. 5, 23; S. 648, note 37. Adilga me of ðínre béc dele me de libro tuo, Ex. 32, 32, 33. Swá he ða bóc unfeóld so he unfolded the book, Lk. Bos. 4, 17, 20: Deut. 31, 26. Ða béc befón to contain the books; capere libros, Jn. Bos. 21, 25. On ðæra cininga bócum in the kings' books, Ælfc. T. Lisle 21, 1: 23, 19: 40, 4. On ðære béc in this book, 24, 25. Bóca bedǽled deprived of books, 2, 3. On fíf béc in five books, Bd. 5, 23; S. 648, 31. Ðis is seó bóc Adames mǽgrace hic est liber generationis Adam, Gen. 5, 1: Mt. Bos. 5, 31. Feówer Cristes béc four books of Christ, the four gospels, Ælfc. T. Lisle 24, 22. Bóca streón a treasury of books, a library, Bd. 5, 21; Whelc. 451, 30, MS. C."
24485,byrst,bristle,5647,byrst,A bristle,"A bristle; seta :-- Byrst seta, Wrt. Voc. 286, 57: Glos. Epnl. Recd. 162, 49. Hyre twigu beóþ swylce swínene [MS. swinen] byrst its twigs are like swine bristles, Herb. 52, 2; Lchdm. i. 156, 3. [Frs. boarstel, m. f: Dut. borstel, m: Ger. borste, f: O. H. Ger. burst, n; bursti, pursta, f: Dan. bórste, m. f: Swed, borst, m: Icel. burst, f.]"
24830,béo,bee,3674,BEÓ,A,"A BEE; apis. The keeping of bees was an object of much care in the economy of the Anglo-Saxons. The great variety of expressions, taken from the flavour of honey, sufficiently account for the value they placed upon it. While the bee-masters [beó-ceorlas, v. beó-ceorl] enjoyed their own privileges, they had to pay an especial tax for the keeping of bees :-- Swá swá seó beó sceal losian as the bee shall perish, Bt. 31, 2; Fox 112, 26. Sió wílde beó sceal forweorþan, gif hió yrringa awuht stingeþ the wild bee shall perish, if she angrily sting anything, Bt. Met. Fox 18, 9; Met. 18, 5. Ða beón beraþ árlícne anleofan and ǽterne tægel the bees carry a delicious food and a poisonous tail, Frag. Kmbl. 34; Leás. 19. Be ðám ðe beón bewitaþ concerning those, who keep bees, L. R. S. 5; Th. i. 434, 35. Ymbtrymedon me swá swá beón circumdederunt me sicut apes, Ps. Spl. 117, 12 : Ps. Th. 117, 12. [Dut. bij, bije, f : Ger. biene, beie, f : M. H. Ger. bíe, f : O. H. Ger. pía, f : Dan. Swed. bi, n : O. Nrs. bý, n; generally bý-fluga, f. a bee fly.] DER. beó-breád, -ceorl, -gang, -þeóf, -wyrt."
25195,blæd,"blowing, breath, gust of wind",4575,blǽd,"a blast, blowing, breath, spirit, life, mind;","a blast, blowing, breath, spirit, life, mind; flamen, flatus, inspiratio? spiritus, vita, animus :-- Gif máre blǽd windes astág [MS. astahg] if a stronger blast of wind arose; si flatus venti major adsurgeret, Bd. 4, 3; S. 569, 8. Þurh gǽstes blǽd through the spirit's inspiration, Exon. 63 b; Th. 234, 33; Ph. 549. God ableów on his ansýne líflícne blǽd God blew into his face the breath of life, Hexam. 11; Norm. 18, 26. His blǽd forleósan to lose his life, Judth. 10; Thw. 22, 16; Jud. 63. Náh seó módor geweald bearnes blǽdes the mother hath not power over her child's life, Salm. Kmbl. 769; Sal. 384. Beorht on blǽde bright in life, Elen. Kmbl. 975; El. 489."
25238,blǣd,breath,4575,blǽd,"a blast, blowing, breath, spirit, life, mind;","a blast, blowing, breath, spirit, life, mind; flamen, flatus, inspiratio? spiritus, vita, animus :-- Gif máre blǽd windes astág [MS. astahg] if a stronger blast of wind arose; si flatus venti major adsurgeret, Bd. 4, 3; S. 569, 8. Þurh gǽstes blǽd through the spirit's inspiration, Exon. 63 b; Th. 234, 33; Ph. 549. God ableów on his ansýne líflícne blǽd God blew into his face the breath of life, Hexam. 11; Norm. 18, 26. His blǽd forleósan to lose his life, Judth. 10; Thw. 22, 16; Jud. 63. Náh seó módor geweald bearnes blǽdes the mother hath not power over her child's life, Salm. Kmbl. 769; Sal. 384. Beorht on blǽde bright in life, Elen. Kmbl. 975; El. 489."
25240,blǣd,blossom,4576,blǽd,f.,"f. What is produced,-A flower, blossom,fruit; flos, olus, fructus :-- His leáf and his blǽda ne fealwiaþ its leaves and its flowers shall not fall; folium ejus non decidet, Ps. Th. 1, 4. Wudu sceal blǽdum blówan a wood shall blow with flowers, Menol. Fox 527; Gn. C. 34. Geseh he geblówene bearwas standan, blǽdum gehrodene he saw blowing groves stand, adorned with blossoms, Andr. Kmbl. 2896; An. 1451. Bléda wyrta olera herbarum, Ps. Spl. 36, 2. He déþ ǽlc twíg aweg on me, ðe blǽda ne byrþ; and he feormaþ ǽlc ðara, ðe blǽda byrþ, ðæt hyt bere blǽda ðe swíðor omnem palmitem in me non ferentem fructum, tollet eum; et omnem, qui fert fructum, purgabit eum, ut fructum plus afferat, Jn. Bos. 15, 2. Beorc biþ blǽda leás the birch-tree is fruitless [void of fruit], Runic pm. 18; Kmbl. 342, 27; Hick. Thes. i. 135. Hærfest bryngþ rípa bléda harvest brings ripe fruits, Bt. 39, 13; Fox 234, 15: 34, 10; Fox 150, 5. Balsames blǽd fruit of balsam, Cot. 48."
25244,blæd,leaf,4573,BLÆD,A leaf,"A leaf, BLADE; folium palmula :-- Brád blado broad leaves, Cd. 48; Th. 61, 8; Gen. 994. Róðres blæd the blade of an oar; palmula, Ælfc. Gl. 83; Som. 73, 77; Wrt. Voc. 48, 16. [O. Sax. blad, n: Frs. O. Frs. bled, n: Dut. blad, n: Ger. blatt, n: M. H. Ger. blat, n: O. H. Ger. blat, n: Dan. Swed. blad, n: Icel. blað, n. folium.] DER. ár-blæd."
25746,bǣr,bier,2888,bǽr,a,"a BIER; feretrum :-- Síe seó bǽr gearo let the bier be ready, Beo. Th. 6202; B. 3105. Gefærenne man brohton on bǽre they brought a dead man on a bier, Elen. Kmbl. 1742; El. 873."
25749,byre,son,5579,byre,"A son, child, descendant","A son, child, descendant; natus, filius, soboles, proles :-- Ðonne ǽfre byre monnes hýrde under heofonum than ever child of man heard under heaven, Exon. 57b; Th. 206, 18; Ph. 128: Beo. Th. 4113; B. 3053. UNCERTAIN Ðǽr hyre byre wǽron where her sons were, 2381; B. 1188. Ðæs ða byre siððan gyrne onguldon, ðe hí ðæt gyfl þégun for which their children since with grief have paid, that they ate that fruit, Exon. 61b; Th. 226, 22; Ph. 409. Mǽru cwén bǽdde byras geonge the illustrious queen solicited her young sons, Beo. Th. 4040; B. 2018. Lamech bearna strýnde; him byras wócan eafora and idesa; he ðone yldestan Noæ nemde Lamech begat children; to him descendants were born of sons and daughters; the eldest he named Noah, Cd. 62; Th. 75, l; Gen. 1233. [Goth. baur, m. one born, a son: O. Nrs. burr, borr, m.] v. beam."
25769,byre,"favorable opportunity, opportunity",5580,býre,"An event, the time at which anything happens, a favourable time, an opportunity","An event, the time at which anything happens, a favourable time, an opportunity; eventus, tempus quo accidit aliquid, opportunitas, occasio, = GREEK :-- Wæs ðǽr mid him óþ ðone býre ðæt Swegen wearþ deád was there with him until the time that Sweyn was dead, Chr. 1013; Th. 272, 22. Ðá he býre hæfde when he had opportunity, Byrht. Th. 135, 21; By. 121. DER. ge-býre. v. ge-býrian."
25778,byre,favorable wind,5580,býre,"An event, the time at which anything happens, a favourable time, an opportunity","An event, the time at which anything happens, a favourable time, an opportunity; eventus, tempus quo accidit aliquid, opportunitas, occasio, = GREEK :-- Wæs ðǽr mid him óþ ðone býre ðæt Swegen wearþ deád was there with him until the time that Sweyn was dead, Chr. 1013; Th. 272, 22. Ðá he býre hæfde when he had opportunity, Byrht. Th. 135, 21; By. 121. DER. ge-býre. v. ge-býrian."
25874,brōd,"brood, breeding",5185,bród,"a growing together, congealing, waxing hard;","a growing together, congealing, waxing hard; concretio. Cot. 55."
26769,bēo,I am,3675,beó,I am,"I am or shall be; sum, ero : be thou; sis :-- Gefultuma me fæste, ðonne beó ic fægere hál adjuva me, et salvus ero, Ps. Th. 118, 117. Ic beó ero, Ælfc. Gr. 32; Som. 36, 29. Beó ðú sis : Beó he sit, 32; Som. 36, 30 : Beo. Th. 777; B. 386. v. beón."
27458,bær,"naked, bare",2886,BÆR,g. m. n. bares; f.,"g. m. n. bares; f. bærre: d. barum: acc. bærne: pl. nom. baru; acc. bare; dat. barum; def. se bara; seó, ðæt bare; adj. BARE, naked, open; nudus :-- On bær líc on the bare body, Exon. 125a; Th. 482, 7; Rä. 66, 4. On barum sondum on bare sands, Bt. 34, 10; Fox 148, 24. Wit hér baru standaþ unwered wǽdo we stand here naked, unprotected by garments, Cd. 38; Th. 50, 20; Gen. 811. [Plat. Dut. Ger. baar nudus, promptus, merus, manifestus: M. H. Ger. bar nudus: O. H. Ger. par, bar: the Goth. form is not found, but would be basis or basus: Dan. Swed. bar: O. Nrs. berr: Slav. bos: Lith. bosus; then the radical consonants would be b-s, not b-r; therefore the word is not connected with beran ferre. v. Grm. Wrtbch. i. 1055.] v. berie."
27595,bryce,"the breaking, morsel",5252,bryce,"Breakable, worthless, frail, fleeting","Breakable, worthless, frail, fleeting; fragilis, futilis, caducus :-- Mín bigengea gewát bryce on feorweg incolatus meus prolongatus est, Ps. Th. 119, 5. DER. un-bryce."
27613,breahtm,altercation,4977,breahtm,"A noise, tumult, sound, cry","A noise, tumult, sound, cry; fragor, strepitus, tumultus, clamor, vociferatio :-- Ðá wearþ breahtm hæfen then a noise was raised, Exon. 36 a; Th. 118, 1; Gú. 233. Breahtem stígeþ a tumult rises, 83 b; Th. 314, 25, note; Mó. 19. Breahtmum hwurfon ymb ðæt háte hús hǽþne leóde the heathen people surrounded that hot house with cries, 55 a; Th. 195, 25; Az. 161: 57 b; Th. 206, 29; Ph. 134. [O. Sax. brahtum, braht, m: M. H. Ger. O. H. Ger. braht, m: Dan. brag, n: Swed. Icel. brak, n.] DER. brecan to break."
27763,byrst,damage,5650,byrst,"A loss, defect","A loss, defect; damnum, calamitas :-- Gylde ðone byrst, ðe ðæt fýr ontende reddet damnum, qui ignem succenderit, Ex. 22, 6, 12: Ps. Th. 108, 18. We habbaþ fela byrsta gebiden multas calamitates sumus perpessi, Lupi Serm. i. 2; Hick. Thes. ii. 99, 21."
28003,brȳce,usable,5254,brýce,"Useful, profitable","Useful, profitable; utilis :-- He monegum on Godes cyricum brýce wæs multis in ecclesia utilis fate. Bd. 3, 23; S. 555, 33. He monegum brýce lifde vitam multis utilem duxit, 4, 26; S. 602, 41: Ps. Th. 118, 35. DER. un-brýce."
28114,dǣl,part,7349,DǽL,"a part, portion,","a part, portion, DEAL; pars, portio :-- Ðæs dæles se dǽl the part of the dale, Ors. 1, 3; Bos. 27, 29. Ðú offrast teóðan dǽl smedeman thou shalt offer a tenth deal of flour; offeres decimam partem similæ, Ex. 29, 36, 40. Hí heora gód on swá manige dǽlas todǽlaþ they divide their goods into so many parts, Bt. 33, 2; Fox 122, 26. Micel dǽl bewylledes wæteres on huniges gódum dǽle a great deal of boiled water in a good deal of honey, L. M. 2, 20; Lchdm. ii. 202, 27. Gódne dǽl a good deal, L. M. 2, 55; Lchdm. ii. 276, 6. Ðæs íglandes mycelne dǽl a great deal of the island, Chr. 189; Ing. 9, 11. Fæder, syle me mínne dǽl mínre ǽhte, ðe me to gebýreþ, Lk. Bos. 15, 12; fadir, gyue to me the porcioun of substaunce, that byfallith to me, Wyc. Be dǽle in part, partly, Chr. 1048; Erl. 178, 5. Sume dǽle in some part, partly, Cot. 154."
28795,tīg,"common, pasture",29792,tíg,An open place,"An open place (?); a form occurring in composition with fore, forþ. For the former see fore-tíge (read -tíg); the instances of the latter are as follows:--Forðtíges vestibuli, atrii, Hpt. Gl. 496, 28. On ðam forðtége in ipsis foribus, Kent. Gl. 228. Graff gives zieh forum, and Grimm, R. A. 748, cites tie a meeting-place, as a term of lower Saxony."
29053,tǣl,"calculation, row",29542,tæl,"A tale, number, series","A tale, number, series :-- Heora tel biþ swá menigfeald, ðæt hit oferstíhþ sandceosles gerím, Homl. Th. i. 536, 33. Ðæra etendra tal manducantium numerus, Mt. Kmbl. Lind. 14, 21. Of tale numero, Jn. Skt. Rush. 6, 10. Tele laterculo, numero, Hpt. Gl. 442, 51. In ténum talum in decem numeros, Mt. Kmbl. p. 3, 1. Cf. Forerím ł (fore-)tal prologus, p. 1, 1. [Hundred is ful tel, A. R. 372, 9. O. Sax. gér-tal: Icel. tal; n. a number, series.] v. ge-, ofer-tæl; tæl-cræft, -mearc, -met; talu."
29071,tǣl,"reproach, slander, mockery",29543,tǽl,f.,"f.(?) Evil speaking, calumny, detraction :-- Tǽl blasphemia, vituperatio, Wrt. Voc. ii. 127, 9: detractatio, vituperatio, 139, 44. 'Ælc tǽl sié ánumen fram eów.' ... Hit biþ unnyt ðæt mon tǽl útane forlǽte gif se yfela willa ðone onwald hæfþ ðæs íngeðonces 'omis blasphemia tollatur a vobis.' ... Frustra blasphemia ab exterioribus tollitur, si in interioribus malitia dominatur, Past. 33; Swt. 222, 8-14. Ne fríne ic ðé for tǽle ne þurh teóncwide I do not question you that I may detract or abuse, Andr. Kmbl. 1265; An. 633. Hé þolaþ sárcwide secga ... Ic bí mé secge ðis sárspell ... Ic for tǽle ne mæg ǽniene moncynnes gelufian, Exon. Th. 458, 1-26; Hy. 4, 93-106. Ðæt heó mec tǽle gerahte (-rǽhte? cf. ðæt hé ða hálgan weras hospe gerahte (-rǽhte?) he calumniated, 260, 21; Jul. 300) hét mé fremdne god ofer ða óþre ðe wé ǽr cúþon weorþian that she attacked me with blasphemy, bade me honour a strange god above the others that we knew before, 247, 4; Jul. 73. v. tál."
30233,trēow,tree,30311,treów,a tree,"a tree :-- Treów arbor, Wrt. Voc. i. 32, 26. Iung treów arbustum, 41. Wudu silva. a. áhæáwan treów lignum, 33, 56: Ælfc. Gr. 8; Zup. 31, 13. Ðæt treów wæs gód tó etanne, Gen. 3, 6. Treów (tréu, Lind. ) arbor, Mt. Kmbl. 3, 10. Treów (trýw, MS. B. : treó, Lind. ), 7a 17 wearð mycel treów (on treó miclum). Lind. : on tree miclum, Rush. factum est in arborem magnam, Lk. Skt. 13, 19. Sunnan trió ágefeþ ondsware æt ðæm upgonge . . . and ðæt monan triów gerlice on niht dyde, Nar. 27, 16-19. Heó genam of ðæs treówes wæstme, Gen. 3, 6. Æppelbǽre treów westm wircende, l, 11. Tree arborem, Lk. Skt. Lind. 13, 6: 19, 4. Gif man óðres wudu heáweþ unáliéfedne, forgielde ǽlc greát treów mid . v. sciłł. , L. Alf. pol. 12 ; Th. i. 70. 5. Óftost beóþ ða treówa getealde feminini generis, Ælfc. Gr. 6 ; Zup. 20, 14: Ps. Spl. 95, 12. Treówu, Scint. 56, 17: Ps. Th. 57, 8. Ða hálgan trió sunnan and mónan . . . and óþre treów, Nar. 27, . 16-29. Treów, 32, 13, Triów, 28, 11. Treó sceolon brǽdan, Exon. Th. 343, 20; On. Ex. 160. Treó westmbéru ligna fructifera. Ps. Surt. 148, 9. Of ðæra treówa wæstme, Gen. 3, 2. Triówa heánnisse, Nar. 28, 1. Betwih ðǽm rindum ðæra trió, 27, 25. Tréa lígnorum, Ps. Surt. 73, 5. Tréwna arborum, Mt. Kmbl. p. 15, 9. Ðæra treówa (trýwa, MS. B. : tréuna, Lind. ), Mt. Kmbl. 3, 10. Treóna, Rtl. 95, 23. Of ðam treówum, Lind. : tréum, Rush., Mk. Skt. 11, 8. Sumu treówu he watrode. Past. 40; Swt. 293, 4: Nar. 27, 21. Treówa, Gen. 1, 29. Behealdaþ ealle trýwu (treówa, MS. A. : treó, Lind. Rush. ), Lk. Skt. 21, 29. The word occurs as the second part of many compounds, e. g. seppel-, ceder-, corn-, cwic-, cyrs-, ele-, fíc-, gyr-, hwíting-, magdala-, palm-, persoc-, pín-, plúm-, ulm-, wín-, windel-treów; see also láð-, wudu-treów."
30240,trēow,"faith, loyalty, truth",30312,treów,truth,"truth to a promise or engagement, faith (as in good or bad faith, to keep faith with a person), troth: -- Treów, sió geond bilwitra breóst áríseþ, Exon. Th. 343, 21; Gn. Ex. 160. Hálegu treów seó ðú wið rodora weard liealdest. Cd. Th. 127, 30; Gen. 2118. Wǽre gehtaldan, treówe tácen, Andr. Kmbl. 427; An. 214. In swá hwylce tiid swá gé mid treówe (truly) tó mé on hyge hweorfaþ, and gé hellfirena geswícaþ, Exon. Th. 366, 1; Reb. 5. On treówe gelǽton (-en ?)fidei commissum, Wrt. Voc. ii. 148, 76. His treówe (treówa, Bd. M. 130, 27) and his gehát wið ðé gehealdon . . . his treówe for feógýtःsunge forleósan, seó ðe dýrwurþre wǽre eallum máþmum tibi fidem pollicitam servare . . . fidem snam, quae omnibus ornamentis pretiosior est, amore pecuniae perdere, Bd. 2, 12; S. 514, 34-41. Ðý læs ic mín gehát and míne treówe forleóse ne fidem mei promissi praevaricer, 4, 22 ; S. 592, 2. Ác féreþ gelóme ofer ganotes bæð gársecg fandaþ hwæðer ác hæbbe æðele treówe oft fares the oaken vessel over the gannet's bath ; ocean proves whether the oak keeps excellent faith, i. e. whether the promise of safety, which its strength seems to give, is kept, Runic pm. Kmbl. 344, 22; Rún. 25. Ne Hildeburh herian þorfte Éótena treówe, Beo. Th. 1148; B. 1072. Til biþ se ðe his treówe gehealdeþ, Exon. Th. 293, 6; Wand. 112. Ðú ðǽv tírfæste treówe findest, 473, 8; Bo. II : Ps. Th. 100, 6. Ðæt ǽfre on his dagum sceolde gewurðan swá lytle treowa, 13, arg. Mánum treówum woldon hié ðæt feorhlcán, fácne gyldan, Cd. Th. 187, 11; Exod. 149. Ðú hæfst ongyten ða wonclan trúwa (treówa, Cott. MS. ) ðæs blindan lustes, Bt. 7, 3; Fox 18, 3. Ða ðe mid tungan treówa gehátaþ, fácenlíce þencaþ, Fragm. Kmbl. 47; Leás. 25. Tír healdeþ trýwa wel wið æðelingas. Runic pm. Kmbl. 342, 22; Rún. 17."
30487,tēon,pull,29707,teón,"to draw, pull","To draw, pull:--Ic teó traho, ic teó swýðe pertraho, Ælfc. Gr. 28, 5; Zup. 176, 5, 6. Teáþ trahunt, Wülck. Gl. 253, 32."
31931,dæl,valley,7348,DÆL,A,"A DALE, den. gulf; vallis, barathrum :-- Ðæs dæles se dǽl the part of the dale, Ors 1, 3; Bos. 27, 29. In deóp dalu into the deep dales, Exon. 130 a; Th. 498, 21; Rä. 88, 5: 56 a; Th. 199, 11; Ph. 24. We synd aworpene on ðás deópan dalo we are cast into these deep dens [hell], Cd. 22; Th. 27, 21; Gen. 421. On ðæt deópe dæl deófol gefeallaþ devils shall fall into the deep gulf, Exon. 30 b; Th. 93, 26; Cri. 1532. [Prompt. dale vallis: Piers P. Chauc. Laym. Orm. dale: Plat. daal: O. Sax. dal, n: Frs. dalle, dol: O. Frs. del, deil: Dut. dal, n: Ger. thal, n: M. H. Ger. O. H. Ger. tal, n: Goth. dal, n: Dan. dal, m. f. Swed. dal, m: Icel. dalr, m: Wel. dól: Corn. dol, f: Ir. Gael. dail: Manx dayll, f.] DER. of-dæl."
33294,dēor,wild animal,7585,DEÓR,"An animal, any sort of wild animal, a wild beast","An animal, any sort of wild animal, a wild beast, DEER; mostly in contrast to domestic animals; fĕra, bestia :-- Is ðæt deór pandher háten the animal is called panther, Exon. 959; Th. 356, 16; Pa. 12. Ðæt is wrætlíc deór, hiwa gehwylces that is a curious beast, of every hue, 95 b; Th. 356, 29; Pa. 19. God geworhte ðære eorþan deór æfter hira hiwum, and ða nítenu on heora cynne fēcit Deus bestias terræ juxta spĕcies suas, et jumenta in genĕre suo, Gen. 1, 25. Uton wircean man to andlícnisse, and to úre gelícnisse, and he sig ofer ða deór faciāmus homĭnem ad imagĭnem, et similitudĭnem nostram, et præsit bestiis, 1, 26. Lǽde seó eorþe forþ cuce nítena on heora cinne, and deór æfter heora hiwum prodūcat terra anĭmam viventem, jumenta in genĕre suo, et bestias terræ secundum spĕcies suas, 1, 24. Ohthere hæfde, ðá he ðone cyningc sóhte, tamra deóra unbebohtra syx hund. Ða deór hí hátaþ hránas Ohthere had, when he came to the king, six hundred of tame DEER unbought [non emptus untrafficked or traded in]. These DEER they call reins, Ors. 1, 1; Bos. 20, 25-27. Réðe deór a fierce beast; bellua, Ælfc. Gl. 18; Som. 58, 126. Ánhyrne deór a one-horned beast, unicorn, rhinoceros; unicornis vel monocĕros vel rinocĕros, μoνόκερωs vel ρινόκερωs, 18; Som, 58, 130; Wrt. Voc. 22, 43: 78, 1. [R. Brun. Chauc. R. Glouc. der: Laym. Orm. deor, der: Plat. deert, n: O. Sax. dier, n: O. Frs. diar, dier, n: Dut. dier, n: Ger. thier, n: M. H. Ger. tier, n: O. H. Ger. tior, tier, n: Goth. dius, n: Dan. dyr, n: Swed. djur, n: Icel. dýr, n: Grk. θήρ a wild beast.] DER. heá-deór, mere-, ráh-, sǽ-, wǽg-, wild-."
33351,dēag,"it is good, useful",7427,deág,"is of use, is good, avails","is of use, is good, avails, Exon. 8 a; Th. 2, 19; Cri. 21: 10 b; Th. 12, 22; Cri. 189; pres. of dugan."
34246,ǣt,food,869,ǽt,food,"food; cibus, esca :-- ǽtes on wenan in hope of food, Cd. 151; Th. 188, 9; Exod. 165. He us ǽt giefcþ he gives us food, Exon. 16 b; Th. 38, 9; Cri. 604. Oft he him ǽte heóld he often gave them food, Exon. 43 a; Th. 146, 12 ; Gu. 708 : Cd. 200; Th. 247, 32; Dan. 506. II. eating; esus, mandu-catio :-- Æfter ǽte after eating, Exon. 61 b; Th. 226, 13; Ph. 405. Hí to ǽte útgewítaþ ipsi dispergentur ad manducandum, Ps. Th. 58, 15: Andr. Kmbl. 2148; An. 1075. [Orm. ðet: O. Sax. át, n: O. Frs. ét, n: O. H. Ger. áz, n; O. Nrs. át, n. esus.] v. etan."
36903,reord,"meal, feast, fodder",25592,reord,"A meal, refection, food","A meal, refection, food :-- Reorde mín refectio mea, Mk. Skt. Rush. 14, 14. Féd feora wócre óð ic ðære láfe lagosíða eft reorde rýman wille, Cd. Th. 81, 12; Gen. 1344, Hé wæs swá gistlíþe, ðæt hé for Godes lufon eode tó reordum mid ðám tócumendum mannum, Shrn. 129, 27. v. ge-reord."
37222,ǣdre,vein,367,ǽdre,"An artery, a vein, fountain, river;","An artery, a vein, fountain, river; arteria, vena, fons, rivus; v. wæter-ǽdre :-- Feorh aléton þurh ǽdra wylm they let life forth through the fountain of their veins, Exon. 72b; Th. 271, 6; Jul. 478. Blédaþ ǽdran the veins shall bleed, Salm. Kmbl. 290; Sal. 144. Swát ǽdrum sprong blood sprang from the veins, Beo. Th. 5925; B. 2966."
37282,ǣdre,"immediately, entirely",366,ædre,"Quickly, promptly, at once, forthwith","Quickly, promptly, at once, forthwith; illico, confestim, statim, protinus :-- Him ðá ædre God andswarede God answered him forthwith, Cd. 42; Th. 54, 4; Gen. 872. Wille ðé ða andsware ædre gecýðan I will quickly let you know the answer, Beo. Th. 714; B. 354. Nú ðú ædre const síþ-fæt mínne now thou comprehendest at once my journey, Exon. 52b; Th. 184, 29: Gú. 1351. [O. H. Ger. atar: O. Sax. adro: O. Frs. edre velociter.] v. edre."
38440,cōl,cool,6495,CÓL,adj.,"adj. COOL, cold; frigidus :-- Oft ǽspringe útawealleþ of clife hárum cól and hlutor a fountain often springs out of a hoar rock cool and clear, Bt. Met. Fox 5, 26; Met. 5, 13. Hrér mid sticcan óþ-ðæt hit cól síe stir it about with a spoon till it be cool, L. M. 3, 26; Lchdm. ii. 324, 1: 2, 51; Lchdm. ii. 270, 2: 3, 30; Lchdm. ii. 326, 6: 3, 31; Lchdm. ii. 326, 15. Wyrc him leage of ellenahsan, þweah his heáfod mid cólre make him a ley of elder ashes, wash his head with this cold, 3, 47; Lchdm. ii. 338, 26. Ða cearwylmas cólran wurþaþ. the anxious emotions become cooler, Beo. Th. 570; B. 282: 4139; B. 2066. [Prompt. cole algidus: R. Glouc. cole: Plat. kölig, köl:Dut. koel; Kil. koel: Ger. kühl, kühle: M. H. Ger. küele: O. H. Ger. kuol: Dan. kölig, köl: Swed. kylig.]"
40275,col,coal,6494,CÓL,n.,"n. COAL; carbo :-- Cól carbo, Wrt. Voc. 86, 20: 286, 79. Swá sweart swá cól as black as coal, L. M. 3, 39; Lchdm. ii. 332, 19. Cól [MS. coll] carbo, Ælfc. Gl. 30; Som. 61, 75; Wrt. Voc. 27, 4. On hát cól upon a hot coal, L. M. 1, 50; Lchdm. ii. 124, 6. Cóla onælde synd fram him carbones succensi sunt ab eo, Ps. Spl. 17, 10, 15. Feallaþ ofer hí cólu cadent super eos carbones, Ps. Spl. C. 139, 11. Þurh ða cólu ðæs alteres by the coals of the altar, Past. 7, 1; Hat. MS. 12a, 10. Ða twegen drýmen wurdon awende to có1a gelícnyssum the two wizards were turned to the likeness of coals, Homl. Th. ii. 496, 18. [Prompt. cole carbo: Wyc. colis, pl: Chauc. cole: Laym. col: Scot. coill, coyll:. Plat. köle: Frs. koal: O. Frs. kole: Dut. kool, m. f: Kil. kole: Ger. kohle, f: M. H. Ger. kol, m: O. H. Ger. kolo, m; kol, n: Dan. kul, n: Swed. kol, n: Icel. kol, n.] DER. heofon-cól."
40470,cȳme,"fine, beautiful",7064,cyme,"Becoming, convenient, suitable, lovely, beautiful, splendid","Becoming, convenient, suitable, lovely, beautiful, splendid; commŏdus, conveniens, aptus, splendĭdus :-- Cumaþ nú and geseóþ, hú cyme weorc Drihten worhte come now and see what lovely works the Lord has wrought, Ps. Th. 65, 4. Ðe on Chananéa cymu worhte wundur qui fecit mirabilia in terra Chanaan, 105, 18. Gif ic míne gewǽda on wítehrægl cyme cyrde if I turned my beautiful garments into sackcloth, Ps. Th. 68, 11. Ðæt ðú sí cymast ceastra Drihtnes that thou may be the most beautiful of the cities of the Lord, Ps. Th. 86, 2. DER. un-cyme."
41755,gāst,spirit (as opposed to body); supernatural ghostly being,13276,GÁST,the breath;,"the breath; hālĭtus, spīrāmen :-- Ne ne is gást on múþe heora there is not breath in their mouth, Ps. Spl. 134, 17. Ðæt ic ofsleá eall flǽsc, on ðam ðe ys lífes gást that I may slay all flesh, in which is the breath of life, Gen. 6, 17. Mid gáste múþes his with the breath of his mouth, Ps. Lamb. 32, 6. Blǽde oððe gáste spīrāmĭne, Hymn Surt. 43, 36."
42448,genge,passable,15339,genge,"Going, current, prevalent, valid","Going, current, prevalent, valid :-- Ðeáh ðe ðæs cyninges béne mid hine swíðode and genge wǽre preces regis illius multum valere apud eum, Bd. 3, 12; S. 537, 19. Ðæt his sóþ fore us genge weorðe that his truth be current before us, Exon. 43 b; Th. 147, 35; Gú. 737. Á ðín dóm sý gód and genge ever be thy judgment good and valid, 54 b; Th. 192, 20; Az. 109. Gód biþ genge and wiþ God lenge good prevails and lasts before God, 91 a; Th. 341, 4; Gn. Ex. 121. [O. H. Ger. gengi usual: Ger. gäng.]"
43040,gēap,"wide, spacious",13417,GEÁP,"Open, spread out, extended, broad, roomy, spacious, wide","Open, spread out, extended, broad, roomy, spacious, wide; pătens, pătŭlus, amplus, lātus :-- Gim sceal on hringe standan, steáp and geáp a gem shall stand in a ring, prominent and broad, Menol. Fox 505; Gn. C. 23. Steáp and geáp high and wide, Salm. Kmbl. 827; Sal. 413. Reced hlifade, geáp and goldfáh the mansion towered, spacious and golden-hued, Beo. Th. 3604; B. 1800. Munt is hine ymbútan, geáp gylden weal a mountain is about him, a lofty golden wall, Salm. Kmbl. 511; Sal. 256. Sum sceal on geápum galgan rídan one shall ride on the extended gallows, Exon. 87 b; Th. 239, 12; Vy. 33. Under geápne hróf under the spacious roof, Beo. Th. 1677; B. 836. [Cf. Icel. gaupn both hands held together in the form of a bowl; geypna to encompass.] DER. horn-geáp, sǽ-."
43049,géap,"crooked, cunning",13415,geap,"crooked, bent, curved;","crooked, bent, curved; curvus, pandus :-- Geap curvus, Cot. 50. Geap stæf a crooked letter, Salm. Kmbl. 250; Sal. 124 : 269; Sal. 134. Geapum, gebígedum pando, Mone B. 90."
43396,græf,"ditch, grave",17372,græf,"A grave, trench","A grave, trench :-- Æt openum græfe at the open grave, L. Æthelb. 22; Th. i. 8, 5: L. Eth. 5, 12; Th. i. 308, 4: 6, 20; Th. i. 320, 4: Exon. 82 b; Th. 311, 24; Seef. 97: 91 b; Th. 342, 29; Gn. Ex. 149. Ic ongyte ðeáh ðæt ða worlde lustas ne sint eallunga awyrtwalode of ðínum móde ðeáh se graf geryd sí I perceive however that worldly pleasures are not entirely rooted out of thy mind, though the trench be sufficient, Shrn. 184, 20. [O. Sax. graf: O. Frs. greb: O. H. Ger. grab: Ger. grab; n: Goth. graba: Icel. gröf; f.] DER. eorþ-, fold-, mold-græf."
43869,cyme,arrival,7063,cyme,"A coming, an approach, advent","A coming, an approach, advent; adventus :-- Me is ðín cyme on myclum þonce gratus mihi est multum adventus tuus, Bd. 4, 9; S. 577, 21: Exon. 21a; Th. 56, 8; Cri. 897: 21a; Th. 57, 10; Cri. 916: 44b; Th. 152, 2; Gú. 802: 56b; Th. 201, 9; Ph. 53: 69b; Th. 258, 3; Jul. 259. Wearþ Húna cyme cúþ ceasterwarum the approach of the Huns was known to the citizens, Elen. Kmbl. 82; El. 41. He ongeat ðone intingan heora cymes he understood the cause of their coming, Bd. 2, 2; S. 504, 1. He wítgode hú his ealdormenn sceoldon fægnian his cymes of his wræcsíðe he prophesied how his chief men should rejoice at his coming from his banishment, Ps. Th. arg. 23. Syxtygum wintra ǽr Cristes cyme UNCERTAIN sixty [of] years [winters] before the coming of Christ, Bd. 1, 2; S. 475, 4: Exon. 23a; Th. 64, 1; Cri. 1031: 100a; Th. 376, 30; Seel. 162: 57b; Th. 205, 4; Ph. 107: 59b; Th. 214, 27; Ph. 245: 68a; Th. 252, 11; Jul. 161: Elen. Kmbl. 2454; El. 1228. Morgensteorra bodaþ ðære sunnan cyme the morning star announces the sun's approach, Bt. 39, 13; Fox 234, 4. Hyht wæs geniwad þurh ðæs beornes cyme hope was renewed through the chief's coming, Exon. 15b; Th. 33, 24; Cri. 530: 47a; Th. 160, 17; Gú. 945: 56b; Th. 200, 28; Ph. 47: 63a; Th. 231, 16; Ph. 490: Cd. 151; Th. 189, 4; Exod. 179: Elen. Kmbl. 2170; El. 1086. Þurh mínne cime through my coming, Cd. 29; Th. 39, 1; Gen. 618. Gefégon beornas burhweardes cyme the men rejoiced at the coming of the prince, Andr. Kmbl. 1320; Ah. 660: Menol. Fox 62; Men. 31. Ic ne wát hwonan his cymas [MS. cyme] sindon I know not whence his comings are, Exon. 50b; Th. 175, 18; Gú. 1196: Beo. Th. 520; B. 257. DER. be-cyme, eft-, forþ-, from-, geán-, hér-, hider-, hleóðor-, ofer-, ongeán-, seld-, þrym-, to-, up-, ymb-, ym-."
45919,géoc,"help, comfort, security",15392,geóc,"Safety, help, aid, succour, comfort, consolation","Safety, help, aid, succour, comfort, consolation; salus, auxĭlium, subsĭdium, consōlātio :-- Mec geóc cyme safety shall come to me, Exon. 102 b; Th. 388, 9; Rä. 6, 5: Andr. Kmbl. 3618; An. 1587. Geóce gefégon they rejoiced in the aid, Exon. 43 b; Th. 146, 16; Gú. 710. Ne miht ðú me ofer ðisne dæg ǽnige helpe ne geóce gefremman non mihi aliquid utilitatis aut salutis potes ultra conferre, Bd. 5, 13; S. 632, 30. Nú we cunnon hyhtan ðæt we heofones leóht uppe mid englum ágan móton, gástum to geóce now we can hope that we may possess the light of heaven above with the angels, for the comfort of our spirits, Frag. Kmbl. 88; Leás. 46: Elen. Kmbl. 2491; El. 1247. Gnyrna to geóce for a consolation of sorrows, 2275; El. 1139. Se hálga his God geóce bæd the holy one prayed to his God for aid, Andr. Kmbl. 2060; An. 1032: 2132 ; An. 1569. Ðæt him gástbona geóce gefremede that the spirit-slayer would afford them succour, Beo. Th. 357; B. 177: 5342; B. 2674: Cd. 77; Th. 95, 31; Gen. 1587: 184; Th. 230, 14: Dan. 233. Beóþ hyra geóca gemyndge they are mindful of their safety, Exon. 33 b; Th. 107, 18; Gú, 60."
45925,geoc,yoke,15391,geoc,a,"a YOKE; jugum :-- Nimaþ mín geoc ofer eów tollite jugum meum super vos, Mt. Bos. 11, 29. Mín geoc ys wynsum jugum meum suave est, 11, 30. We weorpan fram us geoc heora projiciamus a nobis jugum ipsorum, Ps. Spl. 2, 3. Utan aweorpan heora geocu of us projiciamus a nobis juga ipsorum, Ps. Th. 2, 3."
46912,hæft,"prisoner, slave, bond, fetter",17798,hæft,"a band, fetter;","a band, fetter; vinculum :-- Bútan hæftum without bonds, Salm. Kmbl. 823; Sal. 411 : Cd. 222; Th. 291, 8; Sat. 427. Tó hæftum geferian to bring into bonds, 216, Th. 274, 2; Sat. 148 : 215; Th. 270, 17; Sat. 92. Of hæftum lǽdan to bring out of captivity, 224; Th. 296, 20; Sat. 505 : 225; Th. 299, 21; Sat. 553."
46913,hæft,"handle, grip",17799,hæft,"A haft, handle","A haft, handle; manubrium :-- Hæft and helfe manubrium, Ælfc. Gl. 52; Som. 66, 31; Wrt. Voc. 35, 20. Nim ðæt seax ðe ðæt hæfte síe fealo hryðeres horn take a knife, the handle of which is yellow ox-horn, L. M. 2, 65; Lchdm. ii. 290, 22 : 52; Lchdm. ii. 272, 21. Folc Ebréa fuhton hæfte guldon hyra fyrngeflítu fágum sweordum the Hebrew folk fought with the haft [ = sword, a part put for the whole, cf. ord, ecg ?], with stained swords repaid their quarrels of old, Judth. 12; Thw. 25, 16; Jud. 263. [Prompt. Parv. heft manubrium : Icel. hepti; n. a haft or kilt : O. H. Ger. hefti capulum, manubrium : Ger. heft haft, handle.]"
47042,hōf,hoof,19333,HÓF,A,"A HOOF :-- Hóf ungula, Ælfc. Gl. 72; Som. 71, 6; Wrt. Voc. 43, 59: Wrt. Voc. 71, 76. Hors hófum wlanc the horse proud of hoofs, Runic pm. Kmbl. 343, 5; Rún. 19. [Icel. hófr: O. H. Ger. huof ungula: Ger. huf.]"
51747,hearm,"grief, pain, harm",18441,HEARM,m.,"m. HARM, hurt, injury, evil, grief, affliction, pain, injurious speech, calumny, insult :-- Hýnþ vel lyre vel hearm dispendium vel damnum vel detrimentum, Ælfc. Gl. 81; Som. 73, 24; Wrt. Voc. 47, 29. Eác is hearm gode módsorg gemacod pain also and heart-sorrow is caused to God, Cd. 35; Th. 47, 2; Gen. 754. Nán hearm ne biþ ðeáh hit nó ne gewyrðe there is no harm if it do not happen, Bt. 41, 3; Fox 250, 4. Ic forhele ðæt mé hearmes swá fela Adam gespræc eargra worda I will conceal that Adam spoke so much calumny, so many evil words to me, Cd. 27; Th. 36, 30; Gen. 579: 30; Th. 41, 24; Gen. 661: Exon. 10 a; Th. 11, 15; Cri. 171. Hé onfunde Godes ierre on ðam hearme ðe his bearne æfter his dagum becom in damnationem secuturæ prolis ex eo iram judicis pertulit, Past. 4, 1; Swt. 39, 4. Nó hé mid hearme gæst ne grétte not with insult did he greet the guest, Beo. Th. 3788; B. 1892. Huscworde ongan herme hyspan with words of contumely and insult began to revile him, Andr. Kmbl. 1341; An. 671. Gif hwæs weorc forbyrnþ, hé hæfþ ðone hearm and biþ swá ðeáh gehealden þurh fýr if any one's work is consumed he has the loss, and yet shall be saved by fire, Homl. Th. ii. 588, 30. Hí gefeordon máran hearm and yfel ðonne hí ǽfre wéndon ðæt heom ǽnig burhwaru gedón sceolde they got more damage and hurt than they ever expected any citizens would cause them, Chr. 994; Erl. 133, 13.ǽr hí tó mycelne hearm gedydon before they did too much harm, 1004; Erl. 139, 20: Cd. 196; Th. 245, 6; Dan. 458. Ealle synt uncre hearmas gewrecene all our injuries are avenged, 35; Th. 47, 12; Gen. 759. Nyste ðæt hearma swá fela fylgean sceolde monna cynne knew not that so many ills to mankind must follow, 33; Th.44, 13; Gen. 708: Andr. Kmbl. 2889; An. 1447. Mé is ðæt hearma mǽst that is greatest of griefs to me, Byrht. Th. 138, 21; By. 233. [O. Sax. harm pain, grief: Icel. harmr grief, sorrow, harm: O. H. Ger. harm calamitas, calumnia, contumelia, ærumna, iujuria: Ger. harm grief, sorrow.]"
51752,hearm,"painful, hurtful",18443,hearm,Causing harm,"Causing harm or sorrow, grievous, injurious, evil, malicious :-- Herm bealowes gást the malicious spirit of evil, Cd. 228; Th. 307, 19; Sat. 682. Hé mé álýsde of hearmum worde ipse liberavit me a verbo aspero, Ps. Th. 90, 3. Ða inwit and fácen hycgeaþ on heortan þurh hearme geþoht qui cogitaverunt malitias in corde, 139, 2. Tugon longne síð in hearmra hond went a long journey into the power of evil ones, Exon. 62 a; Th. 228, 20; Ph. 441. Ne hyld ðú míne heortan ðæt ic hearme word þuruh inwitstæf útforlǽte ut non declines cor meum in verbum malum, Ps. Th. 140, 5."
52062,hrēoh,"rough (of weather), troubled, wild",19619,hreóh,"Roughness of weather, storm, tempest","Roughness of weather, storm, tempest :-- Flód ł hréh miððý áwarþ inundatione facta, Lk. Skt. Lind. 6, 48. Sumne sceal hungor áhíðan sumne sceal hreóh fordrífan famine shall waste one man, a storm drive another to destruction, Exon. 87 a; Th. 328, 10; Vy. 15. Ic bíde ðæs beornes ðe mé bóte eft mindóm and mægenes hreóh expectabam eum, qui me salvum faceret a pusillo animo et tempestate, Ps. Th. 54, 7. v. hreóh-full, and next word."
"53294","hwæt","what","19969","hwæt","neut.","neut. of hwá, used as an adv. or interj. Why, what! ah!-Be ðæs folces heringe ic nát hwæt wé ðæs fægniaþ as regards popular applause, I know not why we rejoice at it, Bt. 30, 1; Fox 108, 22. Hwæt befealdest ðú folmum ðínum bróðor ðínne why hast thou felled thy brother with thy hands? Cd. 48; Th. 62, 6; Gen. 1010: Andr. Kmbl. 1257; An. 629. Hwæt ðú leóda feala forleólce and forlǽrdest how many people hast thou deceived and seduced! 2726; An. 1365: Beo. Th. 1064; B. 530. Hwæt iudas hét ðá settan ðæt líc ah! then Judas bade them put down the body, H. R. 13, 26. Hwæt mé ðín hand ðyder lǽdeþ etenim illuc manus tua deducet me, Ps. Th. 138, 8. Hwæt ðá Sem and Jafeth dydon ánne hwítel on hira sculdra at vero Sem et Japheth pallium imposuerunt humeris suis, Gen. 9, 23. Hwæt ðú éce God O! thou eternal God, Bt. Met. Fox 20, 7; Met. 20, 4: 20, 92; Met. 20, 46. Hwæt ðú eart se sylfa God ðe ús ádrife fram dóme nonne tu Deus qui repulisti nos? Ps. Th. 107, 10. Hwæt wé nú gehýraþ ah! now we learn, Cd. 45; Th. 57, 36; Gen. 939. Hwæt wé gefrunon twelfe tíreádige hæleþ lo! we have heard of twelve glorious heroes, Andr. Kmbl. 1; An. 1: Beo. Th. 1; B. 1: Cd. 143; Th. 177, 27; Exod. 1: Rood Kmbl. 1; Kr. 1. Eá lá hwæt! Bt. Met. 4, 49; Met. 4, 25. [So O. Sax. hwat: Icel. hvat: O. H. Ger. waz cur, quid, quare.] v. hwá, hú."
53294,hwæt,what,19970,hwæt,"Quick, active, vigorous, stout, bold, brave","Quick, active, vigorous, stout, bold, brave :-- Sum biþ tó horse hwæt one is a bold rider, Exon. 79 b; Th. 298, 7; Crä. 81. Nis mon ofer eorþan tó ðæs hwæt ðæt hé á his sǽfóre sorge næbbe there is no man on earth so bold as never to have anxiety for his journey on the sea, 82 a; Th. 308, 16; Seef 40. Ne scyle se hwata esne ymb ðæt gnornian hú oft hé feohtan scule virum fortem non decet indignari, quoties increpuit bellicus tumultus, Bt. 40, 3; Fox 238, 10: Beo. Th. 6048; B. 3028. Hwatum Heorowearde, 4328; B. 2161. Hwate Scyldingas, 3206; B. 1601: 4111; B. 2052. Hý beóþ heortum þý hwætran they will be the stouter of heart, Exon. 107 a; Th. 408, 30; Rä. 27, 20. Ðéh ðe Sciþþie hæfdon máran monmenie and self hwætran wǽron cum Scythæ et numero et virtute præstarent, Ors. 3, 7; Swt. 116, 25. Ðone cræftgestan dǽl and ða hwatestan men ealles ðises middangeardes fortissimas mundi partes, 1, 10; Swt. 48, 6. Of ðǽm hwatestan monnum Germanie from the bravest men of Germany, Swt. 48, 14. [O. E. Homl. hwat, wat: Laym. whæt, wat: Ayenb. huet: O. Sax. hwat: Icel. hvatr.] DER. ár-, bearhtm-, bléd-, dǽd-, dóm-, flyht-, fyrd-, gold-, gúþ-, leód-, mód-, sund-, swíð-hwæt; and see hwæs, hwettan."
53863,lean,"reward, recompense",21177,leán,"Reward, recompense, remuneration, requital, retribution","Reward, recompense, remuneration, requital, retribution :-- Leán meritum laboris, Wrt. Voc. ii. 143, 40. Se ðe ðæt gelǽsteþ him biþ leán gearo, Cd. 22; Th. 28, 14; Gen. 435. Him ðæs grim leán becom terrible retribution befel them for that, 2; Th. 3, 36; Gen. 46. Gif hé eal wel gefriðaþ [ðe] hé wealdan sceal ðonne biþ hé gódes leánes ful wel weorðe if he protects well all that he has to keep, then is he quite entitled to good pay, L. R. S. 20; Th. i. 440, 18. Ic ðé tó leánes ðínne noman mǽrsige in recompense I will magnify thy name, Lchdm. iii. 436, 28. Hwæt dést ðú ús ðæs tó leáne what recompense will you give us for that? Homl. Th. i. 392, 33: Cd. 135; Th. 170, 27; Gen. 2819. Sigores tó leáne as a reward of victory, Beo. Th. 2047; B. 1021. Be hundfealdon hé onféhþ leán centuplum accipiet, Mt. Kmbl. 19, 29. Wé sceolan habban ánfald leán ðæs ðe wé on lífe ǽr geworhtan, L. C. E. 18; Th. i. 370, 21. Gebyreþ ðæt man his geswinces leán gecnáweþ it is proper that the reward of his labour be acknowledged [i.e. he be rewarded for his labour], L. R. S. 20; Th. i. 440, 12. Ðǽr leán cumaþ werum bí gewyrhtum there rewards come to men according to their deserts, Exon. 27 b; Th. 84, 2; Cri. 1367. Sægde leána þanc and ealra ðara ðe him síð and ǽr gifena drihten forgifen hæfde, Cd. 142; Th. 177, 22; Gen. 2933. Gé eów ondrǽdaþ ðæt gé onfón tó lytlum leánum you are afraid of receiving too little reward, Blickl. Homl. 41, 21. Leánum míne gife gyldan to requite my gift, Cd. 22; Th. 27, 4; Gen. 412. Nealles ic ðám leánum forloren hæfde, mægnes méde, Beo. Th. 4296; B. 2145. Ðonne forliést gód man his leánum ðonne hé his gód forlǽt tum suo praemio carebit, cum probus esse desierit, Bt. 37, 2; Fox 189, 26. Ðæt edleán is ofer ealle óðre leán tó lufienne, Fox 190, 1. [Goth. laun: O. Sax. lón: O. Frs. lán: Icel. laun; pl.: O. H. Ger. lón praemium, merces, stipendium, remuneratio: Ger. lohn.] DER. æfter-, and-, dǽd-, drinc-, ed-, eft-, ende-, feorh-, fóstor-, hand-, iú-, morþor-, sige-, sigor-, wiðer-, word-, wuldor-leán."
54247,léoht,light,21346,LEÓHT,n.,"n. LIGHT, a light :-- Geweorþe leóht and leóht wearþ geworht fiat lux, et facta est lux, Gen. 1, 3. Tweóne leóht crepusculum: tweónul leóht maligna lux vel dubia, Ælfc. Gl. 94; Som. 75, 122, 125; Wrt. Voc. 53, 3, 6. Ðæt leóht ðe wé dægréd hátaþ the light that we call dawn, Lchdm. iii. 234, 28. Ic geseó ðis hús mid swá mycele leóhte gefylled ðætte ðæt eówer blácern and leóht mé is eallinga þýstre gesewen domum hanc tanta luce impletam esse perspicio, ut vestra illa lucerna mihi omnimodis esse videatur obscura, Bd. 4, 8; S. 576, 3. Ðære sunan beorhtnys and ðæs mónan leóht and ealra tungla, Homl. i. 64, 29: Blickl. Homl. 91, 23. Ðenden him leóht and gǽst somod fæst seón whilst he lives, Exon. 31 a; Th. 96, 27; Cri. 1580. Ðú eart dóhtor mín mínra eágna leóht thou art my daughter, the light of mine eyes, 67 a; Th. 248. 14; Jul. 95. Leóhtes leóhting lucubrum, Ælfc. Gl. 67; Som. 69, 89; Wrt. 41, 42. Se blinda bæd his eágena leóhtes the blind man asked for his eye-sight, Blickl, Homl. 21, 6: Elen. Kmbl. 596; El. 298. Se dæg wæs fruma ðyses lǽnan leóhtes the day was the beginning of this transitory light, Blickl. Homl. 133, 10. Godes cyrcan mid leóhte and lácum gelóme gegrétan to visit God's church frequently with candles and offerings, Wulfst, 308, 28. Of ðissum leóhte álǽded de hac vita subtractus, Bd. 3, 20; S. 550, 23. Ða ðe hí of ðissum leóhte foreode qui eas ex hac luce præcesserant, 4, 7; S. 575, 4. Se sacerd forbærnþ ða drihtne tó leóhte and tó wynsumum stence adolebit ea sacerdos in holocaustum et suavem odorem domino, Lev. 1, 9. On lifgendra leóhte in lumine viventium, Ps. Th. 55, 11. Ic tó ðé æt leóhte gehwam wacie ad te de luce vigilo, 62, 1. Be dæges leóhte by daylight, Exon. 107 b; Th. 410, 17; Rä. 28, 17. Hé hié lǽdæþ tó líhte ðǽr hí líf ágon á tó aldre, Cd. 221; Th. 287, 2; Sat. 361. Geearnian leóht ðæs écan lífes, Blickl. Homl. 17, 21. Ðæt þridde ne geseah ðære sunnan leóht nǽfre, Glostr. Frag. 8, 27. Hé Godes leóht geceás he died, Beo. Th, 4930; B. 2469:Exon. 52 b; Th. 184, 13; Gú. 1343. Eádgár ceás him óðer leóht, Chr. 975; Erl. 124, 30; Edg. 22. Drihten nam in óðer leóht Agustinus, Menol. Fox 191; Men. 97. Beó nú leóht on ðære heofenan fæstnysse fiant luminaria in firmameuto cœli, Gen. 1, 14. Gesceóp God twá miccle leóht God created two great lights, Lchdm, iii. 234, 7. Wé sceolon on ðisum dæge beran úre leóht tó cyrcan and lǽtan hí ðǽr bletsian we must on this day carry our lights to church and have them blessed there, Homl. Th. 1, 150, 27. [Goth. liuhaþ: O. Sax. lioht: O. Frs. liacht: Icel. ljós: O. H. Ger. lioht, lieht lux, candela, lucerna, lumen: Ger. licht.] DER. ǽfen-, fýr-, heofon-, morgen-leóht."
54301,lȳtel,small,21883,LYTEL,adj.,"adj. LITTLE :-- Nú gyt is án lytel fyrst adhuc modicum, Jn. Skt. 14, 19. Hwæt is ðæt líf elles búton lytelu ylding ðæs deáþes, Blickl. Homl. 59, 27. Lytulu sprǽc, Exon. 116 a; Th. 445, 16; Dóm. 8. Se lytla finger, L. Alf. pol. 60; Th. i. 96, 7. Lá lytle heord pusillus grex, Lk. Skt. 12, 32. On swá lytlum fæce in such a little space, Elen. Kmbl. 1917; El. 960. Ælfréd cyning gefeaht wið alne ðone here lytle werede, Chr. 871; Erl. 76, 5. Lytle læs paulo minus, Ps. Th. 118, 87. Lytle ǽr, Elen. 1325; El. 664. Lytle lengre ðonne seofon fóta, Lchdm. iii. 220, 4. Lytle máre ðonne feówer, 220, 12. Ðæt lytle ðæt hé erede, hé erede mid horsan, Ors. 1, 1; Swt. 18, 15. Lytle hwíle sceolde hé his lífes niótan, Cd. 24; Th. 31, 16; Gen. 486. Se lícette litlum and miclum, gumena gehwylcum, Bt. Met. Fox 26, 72; Met. 26, 36. On ǽlcum þingum ðe ðǽr unbecweden biþ, on bócum and on swylcum lytlum, Chart. Th. 536. 26. On swíðe lytlon hiera hæfþ seó gecynd genóg paucis minimisque natura contenta est, Bt. 14, 1; Fox 42, 10. Ða lytlan parvulos, Ps. Th. 114, 6. Lytlum by little, by degrees, in little pieces, a little at a time :-- Lytlum paulatim, Ælfc. Gr. 38; Som. 40, 30. Tóbrec hig lytlum divides eos minutatim, Lev. 2, 6. Sele ðæt lytlum súpan, L. M. 2, 52; Lchdm. ii. 270, 1. Hé gewýt swá lytlum and lytlum fram Gode so little by little he departs from God, Ælfc. Gr. pref; Som. 1, 35: Past. 39, 1; Swt. 283, 9. Ic geseah weaxende blósman litlum and litlum videbam crescere paulatim in gemmas, Gen. 40, 10. [Goth. leitils; O. Sax. luttil: Icel. lítill: O. H. Ger. luzil, luzzil.]"
54323,lǣs,"less, lesser",20894,LÆS,"also used in conjunctional phrases and as a noun. Less, lest","also used in conjunctional phrases and as a noun. Less, lest :-- Hió mé lytle læs láðe woldan ðisses eorþweges ende gescrífan paulominus consummaverunt me in terra, Ps. Th. 118, 87. Nóht ðon læs nihilominus, Bd. 2, 14; S. 516, 6. Nóhte ðon læs, 3, 6; S. 528, 10. Nóhte ðý læs unáræfnendlíc non minus intolerabile, 5, 12; S. 627. 38. Cýð ðis folc ðæt hig ne gán ofer ða gemǽro ðé læs hig swelton contestare populum ne forte velit transcendere terminos et pereat, Ex. 19, 21, 24: Ps. Th. 68, 14. Ðé lea ne, Kent. Gl. 161. Wé hine mid swá micle máran unryhte oferhycgeaþ swá hé læs forhogaþ ðæt hé ús tó him spane, Past.52, 4; Swt. 407, 18. Ðý læs ðe, Homl. Th. i. 88, 32: Gen. 32, 11. Án læs twentig undeviginti, twám læs twentig duodeviginti, Ælfc. Gr. 49; Som. 50, 41. Hé ríxode twá læs xxx geára, Chr. 641; Erl. 27, 16. Óðrum healfum læs ðe xxx wintra, 901; Erl. 96, 24. Ðý ilcan sumera forwearþ nó læs ðonne xx scipa that same summer no less than twenty ships were lost, 897; Erl. 96, 14. Ðá wæs ágangen fíf þúsend geára and áne geáre læs ðonne twá hund, Shrn. 29, 34. Gif læs manna beó sin minor est numerus, Ex. 12, 4. Swá man máre sprycþ swá him læs manna gelýfeþ the more a man speaks, the fewer men believe him, Prov. Kmbl. 38. Swá mid læs worda swá mid má whether with fewer words or with more, Bt. 35, 5; Fox 166, 12. Forðon hit næs þeáw on ðǽm tídum ðæt mon ǽnig wæl on ða healfe rímde ðe ðonne wieldre wæs búton ðær ðý læs ofslagen wǽre quia scriptorum veterum mos est, ex ea parte quæ vicerit occisorum non commemorare numerum: nisi forte cum adeo pauci cadunt, Ors. 4, 1; Swt. 156, 22. Ðes dæg is geweorþod mid manegum godcundum geofum næs ðara gifena læs ðonne Drihtnes ǽrist and eác ðonne seó gifu ðæs Hálgan Gástes this day is distinguished by many divine gifts, no less gifts than the Lord's resurrection, and also than the gift of the Holy Ghost, Blickl. Homl. 133, 3. Áhte ic holdra ðý læs, Beo. Th. 929; B. 487: 3897; B. 1946: Exon. 103 a; Th. 391, 27; Rä. 10, 11. Ða ðe læs águn 33 b; Th. 106, 33; Gú. 50. Læsast brúcan, 37 b; Th. 122, 22; Gú. 309. Licgende beám læsest gróweþ, 91 b; Th. 343,19; Gn. Ex. 159. Ðonne hí læst wénaþ when they least expect, Ps. Th. 13, 9: 10, 2: Homl. Th. ii. 104, 12: Bd. 4, 25; S. 601, 30. Hú gé fullecost mágon Gode þiówian ðæt eów læst þing mierþ quod facultatem præbeat sine impedimenta Domino observiendi, Past. 51, 7; Swt. 401, 17. [O. Sax. les.]"
54569,lǣs,pastureland,20892,lǽs,"A pasture, leasow","A pasture, leasow [still found in local names] :-- Lǽs pascua; gemǽne lǽs compascuus ager, Ælfc. Gl. 96; Som. 76, 44, 47; Wrt. Voc. 53, 51, 54. Se wudu and seó lǽs is gemǽne tó ðám án and twentigum hídum, Cod. Dip. Kmbl. v. 319, 28. Sceáp lǽswe ðínre oves pascuæ tuæ, Ps. Spl. 73, 1: 78, 14: 94, 7: 99, 4: 22, 1. Hit is gescræpe on lǽswe sceápa and neáta alendis apta pecoribus ac jumentis, Bd. 1, 1; S. 473, 14. Ic wylle hí healdan on genihtsumere lǽse I will keep them in an abundant pasture, Homl. Th. i. 242, 15. On gemǽnre lǽse, L. Edg. 5, 8; Th. i. 274, 26: 9; Th. i. 276, 1: L. R. S. 12; Th. i. 438, 14. Ic drífe sceáp míne tó heora leáse mino oves meas ad pascua ... Ic lǽde hig tó lǽse ego duco eos [boves] ad pascua, Coll. Monast. Th. 20, 13, 27. Ne land ne lǽsse [lǽswe? MS. H. lǽse], L. O. 14; Th. i. 184, 7. Fint lǽse [lésua, Lind: léswe, Rush.] pascua inveniet, Jn. Skt. 10, 9. Waldon ða swángeréfan ða lǽswe forður gedrífan, Chart. Th. 70, 20. Lǽswe pascua, Wrt. Voc. 80, 49. Lǽsa pascua, Ælfc. Gr. 13; Som. 16, 24. Mid heora fæder heordum on lǽsum in pascendis gregibus patris, Gen. 37, 12. [O. E. Homl. leswe; acc: Laym. leswa [2nd MS. lesewes]; pl: A. R. leswe: Wick. leswe, lesewe: R. Glouc. lese. Tusser uses lease = pasture.] v. eten-lǽs."
54921,lǣst,"footprint, track",20901,lǽst,a track.,a track. v. lást.
54961,lāð,unpleasant; hateful,21105,láð,What is hateful,"What is hateful or harmful, harm, evil, injury, hurt, trouble, grief, pain, annoyance, enmity :-- Ðætte monnum héh is laaþ [adj.?] is mið Gode quod hominibus altum est, abominatio est apud deum, Lk. Skt. Lind. 16, 15. Hit sóna nǽnig láð ne biþ it [the pain] will soon be no annoyance, Herb. 1, 11; Lchdm. i. 74, 10. Hé mé nówiht láðes ætýwde ille mihi nil inimicitiarum intulerit, Bd. 2, 12; S. 513, 25. Ðæt hé ðé nánwiht láðes ne dó ut nec ipse tibi aliquid mali faciat, 514, 3. Ðæt him mon nóht láðes gedón dorste ne qui prædicantibus quicquam molestiæ inferret, 5, 10; S. 624, 6. Ic eom mid ðæs láðes sáre swíðe ofþrycced I am sorely oppressed with the pain of this trouble; insitus animum moeror praegravat, Bt. 8; Fox 24, 14. Ða ungeþyldegan ne mágon áberan nánwuht ðæs láðes ðe him mon on legþ oððe mid wordum oððe mid dǽdum the impatient cannot bear any annoyance that is put upon them either by word or deed; impatientes ab aliis illata non tolerant, Past. 40, 4; Swt. 293, 16. Ðeáh hié nán mann mid láðe ne gréte hié séceaþ ða ðe hié fleóþ though no man attacks them, they seek those that flee from them; iracundi se declinantes insequuntur, 293, 19. Hié hit tó nánum fácne ne tó nánum láðe næfdon ðætte ða earman wífmen hié swá tintredon nec tamen miseriæ hominum pressura temporum deputata est, Ors. 1, 10; Swt. 48, 13. Wið ðæm ðe hié of ðæm londe mósten búton láðe ut tutum et incolumem exercitum a locorum periculo liberaret, 6, 32; Swt. 286, 28. Mid lufe ge mid láðe with what is pleasant and what is unpleasant, Blickl. Homl. 45, 8. Nis hit gód ðæt hié síen on ðam láðe it is not good that they be in that durance [the fiery furnace], Cd. 193; Th. 243, 2; Dan. 430. Ne dó ic him ná láð I will not harm them, Gen. 18, 30: Nar. 16, 22. Eálá hwæt ðú mé mycel yfel and láð dést mid ðínre ærninge O quam magnum væ facis mihi sic equitando, Bd. 5, 6; S. 619, 14: Cd. 21; Th. 25, 11; Gen. 392. Wið eal ðæt láð ðe intó land fare against all the harm that comes into the land, Lchdm. i. 388, 14. Ðonne hié láð gedóþ hié sculon lufe wyrcean when they do evil, they must act so as to regain love, Cd. 29; Th. 39, 11; Gen. 624. Ðú míne sáwle of deáþes láðum wiðlǽddest eripuisti animam meam de morte, Ps. Th. 55, 11. [O. Sax. O. Frs. léð: O. H. Ger. leid dolor, moeror, injuria, malum, execratio: Ger. leid.]"
54980,lið,"vehicle, ship",21500,lid,"A vessel, ship","A vessel, ship :-- On lides [the ark] bósme, Cd. 67; Th. 80, 21; Gen. 1332: 71; Th. 85, 6; Gen. 1410: Chr. 937; Erl. 112, 27; Aðelst. 27. Tó lides stefne, Erl. 112, 34;. Aðelst. 34: Andr. Kmbl. 806; An. 403: 3411; An. 1709. Seó [the dove] eft ne com tó lide [the ark] fleógan, Cd. 72; Th. 89, 11; Gen. 1479. Lǽt nú geferian flotan úserne, lid tó lande, Andr. Kmbl. 795 ; An. 398. [Icel. lið; n. a ship (almostexclusively in poetry.)] v. liþ."
54983,lád,"way, watercourse",20794,lád,"a course, way","a course, way :-- Micel is lád ofer lagustreám great is the way across the water, Andr. Kmbl. 845; An. 423: Exon. 94 a; Th. 353, 17; Reim. 14. Brimwudu láde fús the ship swift in its course, 52 a; Th. 182, 6; Gú. 1306. Ne lǽt ðú ðec síðes getwǽfan láde gelettan lifgende monn do not thou let living man divert thee from thy journey, hinder thee from thy way, 123 b; Th. 474, 3; Bo. 24: Beo. Th. 1142 ; B. 569. Hú lomp eów on láde ðá ðú gehogodest sæcce sécean ofer sealt water, 3978; B. 1987. Ic freónda beþearf on láde ðonne ic sceal langne hám ána gesécan I need friends on my way, when alone I must seek my long home, Apstls. Kmbl. 183; Ap. 92: Andr. Kmbl. 551; An. 276. Noe tealde ðæt hé (the raven) hine, gif hé on ðære láde land ne funde, sécan wolde, Cd. 72; Th. 87, 5: Gen. 1444. Se ús ðás láde sceóp who shaped this course for us, 89: Th. 110, 21; Gen. 1841."
54986,lád,exculpatory oath,20795,lád,"excuse, defence against a charge","excuse, defence against a charge :-- Nú hí nabbaþ náne láde be hyra synne nunc excusationem non habent de peccato suo, Jn. Skt. 15, 22. Ðætte hé náne láde ne mǽge findan ac síe súa mid his ágnum wordum gebunden et in nulla sui defensione se exerceat, quam sententia proprii oris ligat, Past. 26, 3; Swt. 185, 16. Ða nǽnige láde gedón ne mágon on dómes dæge ah sceolon mid deóflum in éce wíte gefeallan those will not be able to make any defence at the day of judgment, but will have to fall with devils into everlasting punishment, Blickl. Homl. 57, 20."
54990,lǣdan,"lead, bring",20833,LǽDAN,"conduct, take, carry, bring, bring forth, produce","conduct, take, carry, bring, bring forth, produce [the word translates the Latin verbs ducere, ferre with many of their compounds] :-- Ic naman Drihtnes herige and hine mid lofsange lǽde swylce laudabo nomen Dei mei cum cantico, et magnificabo eum in laude, Ps. Th. 68, 31. Twegen gemacan ðú lǽtst in tó ðam arce bina induces in arcam, Gen. 6, 19. Se wísa mon eall his líf lǽt on gefeán [cf. orsorg líf lǽdaþ woruldmen wíse, Bt. Met. Fox 7, 80; Met. 7, 40] duces serenus ævum, Bt. 12; Fox. 36, 24, Se blinda gyf hé blindne lǽt cæcus si cæco ducatum præstet, Mt. Kmbl. 15, 14. Lét, Dóm. L. 18, 294. Se ðe nimeþ ł lǽdeþ synne middangeardes qui tollit peccatum mundi, Jn. Skt. Lind. 1, 29. Gé cunnon hwæt se hláford is se ðisne here lǽdeþ, Exon. 16 a; Th. 36, 11; Cri. 574. Man ða moldan nimeþ and men wíde geond eorþan lǽdaþ tó reliquium the earth is taken, and men carry it far and wide over the world as relics, Blickl. Homl. 127, 16. Hí hergiaþ and tó scipe lǽdaþ they harry and carry off the plunder to their ships, Swt. A. S. Rdr. 109, 137. Hí Crist heriaþ and him lof lǽdaþ Crist they laud and to him bring praise, Hy. 7, 25; Hy. Grn. ii. 287, 25. Ic wille ácwellan cynna gehwylc ðara ðe lyft and flód lǽdaþ and fédaþ I will destroy every kind that air and water produce and nourish, Cd. 65; Th. 78, 25; Gen. 1298. Wæstme tydraþ ealle ða on Libanes lǽdaþ [MS. lǽdeþ] on beorge cwice cederbeámas ða ðú sylfa gesettest cedri Libani quas plantasti, Ps. Th. 103, 16. Ða men mon lǽdde tó Winteceastre tó ðæm cynge the men were brought to Winchester to the king, Chr. 897; Erl. 96, 10. Se deófol hire genam and lǽdde hine on swíðe heáhne munt assumpsit eum diabolus in montem excelsum valde, Mt. Kmbl. 4, 8: Blickl, Homl. 27, 16. Ðá cwæþ hé tó ðam engle ðe hine lǽdde then said he to the angel that conducted him, 43, 32. Eal ðæt folc hine lǽdde mid gefeán, 249, 21. Ecgbryht lǽdde fierd wið Norþanhymbre Egbert led a force against the Northumbrians, Chr. 827; Erl. 64, 7. Hé wæs ofslegen mid ealle ðý weorude ðe hé lǽdde, Bd. 1, 34; S. 499, 34. Hé onbeád ðæt hé of Róme cóme and ðæt betste ǽrende lǽdde mandavit se venisse de Roma ac nuncium ferre optimum, 1, 25; S. 486, 26. Hé ancorlíf lǽdde vitam solitariam duxerat, 4, 27; S. 603, 28. Hé lǽdde eduxit, Blickl. Gl. Hé hine lǽdde forþ tó ðon cafortúne ðæs húses. Blickl. Homl. 219, 20. Lǽde mon hider tó ús sumne untrumne mon. Ðá lǽdde mon forþ sumne blindne mon of Angelcynne. Wæs hé ǽrest lǽded tó Brytta biscopum adducatur aliquis æger ... Allatus est quidam de genere Anglorum, oculorum lute privatus; qui oblatus Brittonum sacerdotibus, Bd, 2, 2; S. 502, 21-5. Ðá Abraham ǽhte lǽdde of Egypta éðelmearce, Cd. 90; Th. 112, 20; Gen. 1873. Hé hét smiðian áne lytle róde ða hé lvdde on his swíðran he ordered a little cross to be forged, that he laid upon his right hand, Homl. Th. ii. 304, 16. His ðegnas lǽddon him tó ðone eosol his disciples brought the ass to him, Blickl. Homl. 71, 6. On hæftnéd lǽddon led into captivity, 79, 22. Ða fíf cyningas mit húde lǽddan (predati sunt) Loth gebundenne, Prud. 2 a. Mé lǽddon me deduxerunt, Ps. Spl. 42, 3. Ða ilcan ðe ǽr landgemǽre lǽddon the same that before had marked the boundaries of the land, Chart. Th. 376, 19. Hettend lǽddon út mid ǽhtum abrahames mǽg of Sodoma byrig, Cd. 94; Th. 121, 17; Gen. 2011. Ne lǽd ðú ús in costunge lead us not into temptation, Hy. 6, 27; Hy. Grn. ii. 286, 27, Lǽd út mid ðé educ tecum, Gen. 8, 17. Ðá cwæþ hé tó his geréfan lǽde in ðás menn and gearwa úre þénunga præcepit dispensatori domus suæ dicen: Introduc viros domum, et instrue convivium, 43, 16. Ðá cwæþ hé lǽde hig tó mé adduc, inquit, eos ad me, 48, 9. Lǽdaþ hig forþ and forbearnaþ hig producite eam ut comburatur, 38, 24. Fare gé tó eówrum húse and lǽde eówerne gingstan bróðor tó mé vos abite in domos vestras et fratrem vestrum minimum ad me adducite, 42, 20. Gáþ and lǽdaþ út ðæt wíf producite eam, Jos. 6, 22. Lǽde seó eorþe forþ cuce nítenu producat terra animam viventem, Gen. 1, 24. Lǽdæ þrounc tollat crucem, Mk. Skt. Lind. 8, 34. Hé his ða menniscan gecynd on heofenas lǽdon wolde he would take his human nature into heaven, Blickl. Homl. 127, 24. Hé hét his líchoman up ádón and lǽdon tó Wintonceastre translatus in Ventam civitatem, Bd. 3, 7; S. 529, 24: Blickl. Homl. 193, 10. Hé forðon cóme ðæt hé sceolde mete lǽdan propter victum adferendum, Bd, 4, 22; S. 591, 8. Hí hæfdon ǽrend ðe hí him lǽdan sceolden haberent aliquid legationis quod deberent ad illum perferre, 5, 10; S. 624, 22. Ne dorste siððn nán Scotta cininga lǽdan here on ðás þeóda, Chr. 603; Erl. 21, 16. Sceal ic lǽdan ðínne sunu eft tó ðam lande ðe ðú of férdest? Beó wær æt ðam ðæt ðú nǽfre mínne sunu ðyder ne lǽde numquid reducere debeo frilium tuum ad locum, de quo egressus es? Cave, ne quando reducas filium meum illuc, Gen. 24, 4-5. Wíf lǽdan to take a wife, Lchdm. iii. 190, 5: 212, 8. Þuhte mé ðæt ic gesáwe treów on lyft lǽdan methought that I, saw a tree borne aloft, Rood Kmbl. 9; Kr. 5. Wudu mót him weaxan tánum lǽdan wood may grow, be productive of twigs, Exon. 119 b; Th. 458, 23; Hy. Grn. ii. 285, 105. Ecbyrht munuclíf wæs lǽdende on Hibernia, Bd. 3, 27 tit,; S. 558, 8. Hé wæs eft swá ǽr lof lǽdende he was again as before bringing forth praise, Andr. Kmbl. 2952; An. 1479. Se ána ealra heáma up lǽdendra it alone of all trees that bear on high their branches, Exon. 58 b; Th. 209, 30; Ph. 178. Sagaþ Matheus ðætte se Hǽlend wǽre lǽded on wésten, Blickl. Homl. 27, 4. Ðá wæs geond ða werþeóde wíde lǽded mǽre morgenspel then was a mighty report carried far and wide among the people, Elen. Kmbl. 1935; El. 969. Feorran lǽded brought from far, Exon. 107 b; Th. 411, 2; Rä 29, 6. Ðæt wæs lǽd æt Licitfelda that [the exculpation from the charge] was produced at Lichfield, Chart. Th. 373, 34. Tó ðam écan setle ðæs heofonlícan ríces lǽded wæs ad æternam regni cælestis sedem translatus est, Bd. 2, 1; S. 500, 11. Forðon of Breotone nædran on scipum lǽdde wǽron nam de Brittania adlati serpentes, Bd. 1, 1; S. 474, 34. [Laym. læden to lead, take: Orm. ledenn ȝuw to conduct yourselves: A. R. lede lif: Gen. and Ex. leden song to sing: O. Sax. lédian to lead, bring, bear: O. L. Ger. lédian, leidan ducere, deducere: O. Frs. léda to lead, conduct: Icel. leiða: O. H. Ger. leitan: Ger. leiten.] v. lád, III. á-, an-, for-, ge-, in-. on-, óþ-, út-, wið-lǽdan."
55011,léan,rebuke,21178,leán,"To blame, reproach, find fault with, disapprove, scorn","To blame, reproach, find fault with, disapprove, scorn :-- Ne leá ic ðé ná ðæt ðú ǽgðer lufige I blame thee not for loving either, Shrn. 197, 2. Hý nǽfre man lyhþ se ðe secgan wile sóð æfter rihte a man that will rightly tell the truth will never blame them, Beo. Th. 2101; B. 1048. Ða ðe ðæt unliéfde leáþ and swá ðeáh dóþ qui accusant prava, nec tamen devitant, Past. 55, 1; Swt, 427, 12. Paulus ðæt yfel ðære forlegnesse swá manegum áwiergdum leahtrum lóh Paulus fornicationis vitium tot criminibus execrandis inseruit, 51, 8; Swt. 401, 26. Hé him lóh ðæt hé hæfde his bróðor wíf him tó cifese he reproached him with having his brother's wife as his concubine, Shrn. 123, 1. Nales wordum lóg méces ecge he brought no word of blame against the blade's edge, Beo. Th. 3627; B. 1811. Ðara manna ðe mé ðæt lógon ðæt ic ðǽm wegum férde hominum qui dixerant mihi ne festinarem, Nar. 6, 27. Ðone siðfæt him snotere ceorlas lythwón lógon prudent men a little blamed him for that journey, Beo. Th. 408; B. 203. Ne hié winedrihten wiht ne lógon, 1729; B. 862. Ne ðé silfne ne hera ne ðé silfne ne leah neither praise thyself, nor blame thyself, Prov. Kmbl. 36. Herigaþ oft suá suíðe suá hié hit leán scoldon plerumque laudant etiam, quod reprobare debuerant, Past. 17, 3; Swt. 111, 6. Ða déman beóþ swíðor tó herigenne ðonne tó leánne, Blickl. 63, 21. Eal swilc is tó leánne nǽfre tó lufianne, L. Eth, vi, 29; Th. i. 322, 22. Bócláre leánde and unriht lufiende scorning booklearning and loving wrong, Wulfst. 82, 2. [Goth. laian; p. lailó to revile; O. Sax. lahan; p. lóg: Icel. lá; p. láðí to blame: O. H. Ger. lahan; p. luog vituperare.] v. be-leán."
55341,lōf,"headband, fillet",21721,lóf,m.,"m. ? - Hæfde sigora weard on ðam wangstede wǽre betolden leófne leódfruman mid lófe sínum, Andr. Kmbl. 1978; An. 991, Grimm A. u. E. 989 would translate 'lóf' hand, comparing Goth. lófa : Icel. lófi (Scott. loof) the palm of the hand. In Hpt, Gl. 525, 8 redimicula is glossed 'wrǽdas oððe cynewiððan, lofas;' would this be the same word as that in the above passage?"
55582,lēas,"empty, deprived, deceitful",21184,leás,"Falsehood, falseness","Falsehood, falseness :-- Hí ongietaþ ðæt ðæt wæs leás and ídelness ðæt hí ǽr heóldon they perceive that that was falsehood and vanity that they formerly held; deprehenderint falsa se vacue tenuisse, Past. 58, 1; Swt. 441, 18. Ðæt leás, Elen. Kmbl. 1157; El. 580. Gif gé ðisum leáse leng gefylgaþ if longer ye follow this falsehood, 1148; El. 576. Bútan leáse truly, Bt. 41, 1; Fox 244, 12: Bt. Met. Fox 30, 36; Met. 30, 18. [A. R. leas falsehood, 82, 16: Laym. buten lese.]"
55681,lēaf,permission,21151,LEÁF,f.,"f. LEAVE, permission, license :-- Leáf licentia, Ælfc. Gr. 33; Som. 37, 17. Lóciaþ ðæt ðiós eówru leáf ne weorðe óðrum monnum tó biswice videte, ne forte hæc licentia vestra offendiculum fiat infirmis, Past. 59, 6; Swt. 451, 32. Gif him líf seald wǽre, Bd. 1, 23; S. 486, 8, note. Ða seofan cnihtas ðe be ðínre leáfa lyfedan búton ehtnisse the seven youths that by your leave lived without persecution, Homl. Skt. 4, 255. Se Englisca be fulre leáfe hine werige Anglicus plena licentia defendat se, L. Wil. ii. 2; Th. i. 489, 13. Hé sæt on ðam biscopríce ðe se cyng him ǽr geunnan hæfde be his fulre leáfe, Chr. 1048; Erl. 177, 27. Be ðæs cynges lǽfe and rǽda, 1043; Erl. 169, 25. Bútan ðæs cyninges leáfe and his witena, 901; Erl. 96, 28. Búton ðæs bisceopes leáfe absque perrnissu episcopi, Bd. 4, 5; S. 573, 4. Ða ðe willaþ grípan on swelcne folgaþ for hiera gítsunge hié dóþ him tó leáfe ðone cwide ðe sanctus Paulus cwæþ qui præesse concupiscunt, ad usum suæ libidinis instrumentum apostolici sermonis arripiunt, quo ait, Past. 8, 1; Swt. 53, 7. Hé begeat ðá leáfe ðæt hé of ðam lande móste he got leave to go out of the country, Homl. Skt. 5, 328. Hí habbaþ leáf [Cott. MS. leáfe) yfel tó dónne they have leave to do evil, Bt. 38, 4; Fox 204, 13. Hæbbe hé fulle leáfe swá tó dónne, L. Wil. ii. 1; Th. i. 489, 8. Ðá ðá Aulixes leáfe hæfde ðæt hé ðonan móste, Bt. Met. Fox 26, 42; Met. 26, 21. Mé ða leáfe forgyf tó geopenienne ðone ingang ðínre hálgan cyrcan, Glostr. Frag. 106, 13. Leáfe syllan to give leave, Gen. 50, 5: Lchdm. iii. 424, 27. Hí bǽdon lǽfa æt mé they asked leave of me, Guthl. 14; Gdwin 62, 13. [Cf. Icel. leyfi, leave: O. Sax. or-lóf: Icel. or-lof: O. H. Ger. urlaup licentia, permissus.]"
55693,lof,"praise, honor",21720,lof,"m. Praise, glory, a song of praise, hymn","m. Praise, glory, a song of praise, hymn :-- Ðam Dryhtne sý lof and wuldor to the Lord be praise and glory, Blickl. Homl. 53, 32. Sý ðé þanc and lof ðínre mildse, Hy. 7, 58; Hy. Grn. ii. 288, 58. Ðǽr biþ gehýred ðín hálige lof, 7, 32; Hy. Grn. ii. 287, 32. Ðis lof hic pean, Ælfc. Gr. 9, 11; Som. 9, 21. Be ðam Fortunatus on fǽmnena lofe cwæþ de quo Fortunatus in Laude Virginum ait, Bd. 1, 7; S. 476, 32. Be ðam is gecweden on ðære brýde lofe, Past. 11, 2; Swt. 65, 22. Gecwedenum lofe hymno dicto, Mk. Skt. 14, 26. Wé cweþaþ lof ymb hié, Blickl. Homl. 149, 32. Drihtnes lof singende, 231, 9. Lof secgean, Ps. Th. 106, 31. Eall folc Gode lof sealde, Lk. Skt. 18, 43. Wé herigaþ hira cræftas and ðeáh nyllaþ hí habban forðæm wé hiera nabbaþ nán lof we praise their arts, and yet do not wish to have them, for we get no credit from them, Past. 34, 2; Swt. 231, 8. Ic eów sylle míne sibbe þurh mín ðæt héhste lof (the Holy Ghost), Blickl, Homl. 157. 30. Gegán longsumne lof to earn lasting praise, Beo. Th. 3076 ; B. 1536. Lofa ic cwæþe ðé laudem dixi tibi, Ps. Spl. 118, 164. Lofu ł herunga præconia, laudes, favores, Hpt. Gl. 500, 2 : melos, Hymn. Surt. 5, 31. [O. Sax., O. L. Ger., O. Frs., Icel. lof : O. H. Ger. lob laus, favor, hymnus : Ger. lob.] DER. here-lof."
55719,lȳtel,"small, little, slight",21883,LYTEL,adj.,"adj. LITTLE :-- Nú gyt is án lytel fyrst adhuc modicum, Jn. Skt. 14, 19. Hwæt is ðæt líf elles búton lytelu ylding ðæs deáþes, Blickl. Homl. 59, 27. Lytulu sprǽc, Exon. 116 a; Th. 445, 16; Dóm. 8. Se lytla finger, L. Alf. pol. 60; Th. i. 96, 7. Lá lytle heord pusillus grex, Lk. Skt. 12, 32. On swá lytlum fæce in such a little space, Elen. Kmbl. 1917; El. 960. Ælfréd cyning gefeaht wið alne ðone here lytle werede, Chr. 871; Erl. 76, 5. Lytle læs paulo minus, Ps. Th. 118, 87. Lytle ǽr, Elen. 1325; El. 664. Lytle lengre ðonne seofon fóta, Lchdm. iii. 220, 4. Lytle máre ðonne feówer, 220, 12. Ðæt lytle ðæt hé erede, hé erede mid horsan, Ors. 1, 1; Swt. 18, 15. Lytle hwíle sceolde hé his lífes niótan, Cd. 24; Th. 31, 16; Gen. 486. Se lícette litlum and miclum, gumena gehwylcum, Bt. Met. Fox 26, 72; Met. 26, 36. On ǽlcum þingum ðe ðǽr unbecweden biþ, on bócum and on swylcum lytlum, Chart. Th. 536. 26. On swíðe lytlon hiera hæfþ seó gecynd genóg paucis minimisque natura contenta est, Bt. 14, 1; Fox 42, 10. Ða lytlan parvulos, Ps. Th. 114, 6. Lytlum by little, by degrees, in little pieces, a little at a time :-- Lytlum paulatim, Ælfc. Gr. 38; Som. 40, 30. Tóbrec hig lytlum divides eos minutatim, Lev. 2, 6. Sele ðæt lytlum súpan, L. M. 2, 52; Lchdm. ii. 270, 1. Hé gewýt swá lytlum and lytlum fram Gode so little by little he departs from God, Ælfc. Gr. pref; Som. 1, 35: Past. 39, 1; Swt. 283, 9. Ic geseah weaxende blósman litlum and litlum videbam crescere paulatim in gemmas, Gen. 40, 10. [Goth. leitils; O. Sax. luttil: Icel. lítill: O. H. Ger. luzil, luzzil.]"
55826,lūcan,"close, open",21764,lúcan,"To close, conclude, fasten, lock:","To close, conclude, fasten, lock:-Ðæt hé leác on hálre tungon qui statim conclusit et omnino confirmavit totum quod pater suus in vita sua fecerat, Chart. Th. 272, 5. On ðæt gerád ðe ðæt stande ðe wit beforan ðam ealdormen lucan on the condition that that arrangement stand which we concluded before the alderman, 597, 32. Hrím and forst lucon leóda gesetu rime and frost shut up men's dwellings, Andr. Kmbl. 2519; An. 1261. Ðǽr com flówende flód æfter ebban lucon lagustreámas there came flowing flood after ebb, the streams intertwined or closed up [the surface of the water shewing a network of lines from the varying currents, as the tide flowed up the river], Byrht. Th. 133, 46; By. 66. Siððan ða ýslan eft onginnaþ lúcan tógædere geclungne tó cleowenne afterwards the ashes begin to close up again, pressed to a ball; in massam cineres coactos, Exon. 59 a; Th. 213, 16; Ph. 225. Lúcan eorþan cíðas (frost shall) lock up the germs of earth, 90 a; Th. 338, 6: Gn. Ex. 74. Lúcan [onlúcan?], Cd. 220; Th. 283, 5; Sat. 300. Sincgim locen the jewel fastened in its setting, Elen. Kmbl. 528; El. 264. Locen is applied to coats of mail, which were formed of [interlacing] rings fastened on to some material to which they might be sewn, see hring with its compounds, and cf. brogden byrne; also Icel. hring-ofin :-- Locene leoþosyrcan, Beo. Th. 3014; B. 1505: 3784: 1890. Locen beág a closed ring [not a spiral wunden beág], 5982; B. 2995: Andr. Kmbl. 605; An. 303. [O. Sax. ant-, bi-lúkan: O. Frs. Icel. lúka: O. H. Ger. lúhhan.] DER. á-, be-, ge-, on-, tó-, un-lúcan."
55876,lūcan,weed,21765,lúcan,To pull up,"To pull up :-- Swá swá londes ceorl of his æcere lýcþ yfel weód monig, Bt. Met. Fox 12, 55; Met. 12, 28 [E. D. S. Mid-York, Gloss. louk, look to weed: Holderness Gloss. lookers weeders in a cornfield; look to hoe weeds in a field of young corn: lowker runcinator, Wrt. Voc. 218, col. 2: O. H. Ger. ar-, úz-liuhhan evellere, Grff. ii. 138.] v. á-lúcan."
56022,lēoht,bright; light (n.),21346,LEÓHT,n.,"n. LIGHT, a light :-- Geweorþe leóht and leóht wearþ geworht fiat lux, et facta est lux, Gen. 1, 3. Tweóne leóht crepusculum: tweónul leóht maligna lux vel dubia, Ælfc. Gl. 94; Som. 75, 122, 125; Wrt. Voc. 53, 3, 6. Ðæt leóht ðe wé dægréd hátaþ the light that we call dawn, Lchdm. iii. 234, 28. Ic geseó ðis hús mid swá mycele leóhte gefylled ðætte ðæt eówer blácern and leóht mé is eallinga þýstre gesewen domum hanc tanta luce impletam esse perspicio, ut vestra illa lucerna mihi omnimodis esse videatur obscura, Bd. 4, 8; S. 576, 3. Ðære sunan beorhtnys and ðæs mónan leóht and ealra tungla, Homl. i. 64, 29: Blickl. Homl. 91, 23. Ðenden him leóht and gǽst somod fæst seón whilst he lives, Exon. 31 a; Th. 96, 27; Cri. 1580. Ðú eart dóhtor mín mínra eágna leóht thou art my daughter, the light of mine eyes, 67 a; Th. 248. 14; Jul. 95. Leóhtes leóhting lucubrum, Ælfc. Gl. 67; Som. 69, 89; Wrt. 41, 42. Se blinda bæd his eágena leóhtes the blind man asked for his eye-sight, Blickl, Homl. 21, 6: Elen. Kmbl. 596; El. 298. Se dæg wæs fruma ðyses lǽnan leóhtes the day was the beginning of this transitory light, Blickl. Homl. 133, 10. Godes cyrcan mid leóhte and lácum gelóme gegrétan to visit God's church frequently with candles and offerings, Wulfst, 308, 28. Of ðissum leóhte álǽded de hac vita subtractus, Bd. 3, 20; S. 550, 23. Ða ðe hí of ðissum leóhte foreode qui eas ex hac luce præcesserant, 4, 7; S. 575, 4. Se sacerd forbærnþ ða drihtne tó leóhte and tó wynsumum stence adolebit ea sacerdos in holocaustum et suavem odorem domino, Lev. 1, 9. On lifgendra leóhte in lumine viventium, Ps. Th. 55, 11. Ic tó ðé æt leóhte gehwam wacie ad te de luce vigilo, 62, 1. Be dæges leóhte by daylight, Exon. 107 b; Th. 410, 17; Rä. 28, 17. Hé hié lǽdæþ tó líhte ðǽr hí líf ágon á tó aldre, Cd. 221; Th. 287, 2; Sat. 361. Geearnian leóht ðæs écan lífes, Blickl. Homl. 17, 21. Ðæt þridde ne geseah ðære sunnan leóht nǽfre, Glostr. Frag. 8, 27. Hé Godes leóht geceás he died, Beo. Th, 4930; B. 2469:Exon. 52 b; Th. 184, 13; Gú. 1343. Eádgár ceás him óðer leóht, Chr. 975; Erl. 124, 30; Edg. 22. Drihten nam in óðer leóht Agustinus, Menol. Fox 191; Men. 97. Beó nú leóht on ðære heofenan fæstnysse fiant luminaria in firmameuto cœli, Gen. 1, 14. Gesceóp God twá miccle leóht God created two great lights, Lchdm, iii. 234, 7. Wé sceolon on ðisum dæge beran úre leóht tó cyrcan and lǽtan hí ðǽr bletsian we must on this day carry our lights to church and have them blessed there, Homl. Th. 1, 150, 27. [Goth. liuhaþ: O. Sax. lioht: O. Frs. liacht: Icel. ljós: O. H. Ger. lioht, lieht lux, candela, lucerna, lumen: Ger. licht.] DER. ǽfen-, fýr-, heofon-, morgen-leóht."
56030,lēah,"open land, meadow",21161,leáh,"A lea, meadow, open space, untilled land","A lea, meadow, open space, untilled land :-- Ðanne is ðér se leáh ðe man ðæt lond mid friþe haldan scæl an eásthealfe sió ealdæ strǽt &c. now there is the open space(?) by which the land is protected; on the east side the old road &c., Cod. Dip. Kmbl. ii. 71, 20. Ðonne geúðe ic Ælfwine and Beorhtulfe ðæs leás and ðæs hammes be norþan ðære lytlan díc I granted Alfwine and Beorhtulf the meadow and the enclosure to the north of the little dike, 249, 33. Æt ðam leá ufeweardan, 36. Tó ðam leá ... on eásteweardan ðam leá ... tó fealuwes leá ðæt on fealuwes leá ... fram fealuwes leá, 250, 2, 16, 29, 32. Æt Eardulfes leá ... tó Aþelwoldes leá, Chart. Th. 291, 19, 22. Ðæt intó Eardulfes leá; of ðan leá, ðæt eft tó ðære greátan díc, 292, 4. Þurh ðone leá tó ðam miclan hæslwride, Cod. Dip. Kmbl. 250, 34. Betweox ða twegen leás, 21. Lytle leás amarcas, Wrt. Voc. ii. 10, 14. v. next word."
56131,léaf,"foliage, leaf",21150,LEÁF,A,"A LEAF of a tree, of a book, a shoot :-- Leáf hys ne fylþ folium ejus non defluet, Ps. Spl.; his leáf and his blǽda ne fealwiaþ ne ne seariaþ folium ejus non decidet, Ps. Th. 1, 4. Leáf antes, Wrt. Voc. ii. 9, 16. Leáf folia, Mt. Kmbl. 21, 19: 24, 32: Mk. Skt. 13, 28: Bt. Met. Fox 11, 114; Met. 11, 57. Man scóf ðara bóca leáf ðe of Hibernia cóman and ða sceafþan dyde on wæter rasa folia codicum qui de Hibernia fuerant, et ipsam rasuram aquæ immissam, Bd. 1, 1; S. 474, 37. Mid grénum leáfum virentibus foliis, Gen. 8, 11. [Goth. laufs; m.: O. Sax. lóf: O. Frs. láf: Icel. lauf: O. H. Ger. laub folium, frons: Ger. laub.] DER. gold-leáf."
56163,lyft,"air, sky",21836,lyft,"f. n. Air, atmosphere, breeze, sky, heavens, cloud","f. n. Air, atmosphere, breeze, sky, heavens, cloud :-- Lyft aer, Wrt. Voc. 52, 55. Lybt sudum, ii. 121, 66. Stemn is geslagen lyft ... ǽlc stemn biþ geworden of ðæs múþes clypunge and of ðære lyfte cnyssunge; se múþ drýfþ út ða clypunge and seó lyft biþ geslagen mid ðære clypunge, Ælfc. Gr. 1; Som. 2, 31-35. Án ðæra [the elements] is eorþe, óðer wæter, þridde lyft, feówrþe fýr, Bt. 33, 4; Fox 128, 30. Ðeós lyft ðe wé on libbaþ is in ðæra feówer gesceafta ... Lyft is swýðe þynne, seó ofergǽþ ealne middangeard, and up ástíhþ forneán óþ ðone mónan, on ðam fleóþ fugelas ... Ne niihte heora nán fleón nǽre seó [ðæt MS. R.] lyft ðe hí byrþ. Ne nán man næfþ náne orþunge búton þurh ða lyfte [ðæt lyft MS. M.], Lchdm. iii. 272, 12-22. Seó lyft ðonne heó ástyred is byþ wind, 274, 10. Se storm and seó stronge lyft the storm and the strong blast, Exon. 22 b; Th. 61, 28; Cri. 991. Seó hǽwene lyft the azure air, Cd. 166; Th. 207, 33; Exod. 476. Ðeós lyft scínþ unwederlíce rutilat triste cælum, Mt. Kmbl. 16, 3. Lyft nubes, aer, Hpt. Gl. 493, 52. Seó lyft hí ofersceadewude and stefn com of ðære lyfte facta est nubis obumbrans eos et venit vox de nube, Mk. Skt. 9, 7. Ðære lyfte fugelas, Gen. 1, 28. Laguflóda gelác lyfte and tungla the movement of waters, of air and of stars, Bt. Met. Fox 20, 346; Met. 20, 173. Under lyfte helm, Exon. 102 a; Th. 386, 19; Rä. 4, 64. Líxcþ lyftes mægen, 116 b; Th. 448, 16; Dóm. 55. On genipum lyftes in nubibus aeris, Ps. Spl. 17, 13. Se giem jacintus, se is lyfte onlícusð on hiwe, Past. 14; Swt. 85, 5. Beorc byþ lyfte getenge the birch towers to the sky, Runic pm. Kmbl. 343, 2; Rún. 18. Hægl hwyrft of heofones lyfte, 341, 5; Rún. 9: Exon. 116 a; Th. 446, 10; Dóm. 20. Nán wolcn næs on ðære lyfte gesewen no cloud was seen in the sky, Homl. Th. ii. 182, 35. Leólc on lyfte sported in air, Cd. 23; Th. 29, 10; Gen. 448. On lyfte cumende venientem in nube, Lk. Skt. 21, 27. On lofte heó stynt it [the earth] rests in the air, Hexam. 6; Norm, 10, 20. Under lyfte sub divo, Wrt. Voc. ii. 83, 34: Andr. Kmbl. 839; An. 420. Nalles æfter lyfte lácende hwearf he went not sporting through the air, Beo. Th. 5656; B. 2832. Hé gesette storm his on lyfte statuit procellam ejus in auram, Ps. Spl. 106, 29. Hé gesceóp ðæt upplíce lyft, Hexam. 4; Norm. 6, 24. Ðæt lyft hé gesceóp, Norm. 8, 17. Sóna swá hí [snakes] ðæs landes [Ireland] lyft gestuncan, swá swulton hí, Bd. 1, 1; S. 474, 35. Ðonne lígette and þunorráde eorþan and lyfte brégdon, 4, 3; S. 569, 13. Swá oft swá hé lyft onstyrige, 569, 29. Hí fleóþ geond ðás lyft, Homl. Th. ii. 90, 21: Elen. Kmbl. 1464; El. 734. On lyft ástáh rose into the air, 1796; El. 900. Ðú þurh lyft lǽtest leódum tó freme mildne morgenrén for the benefit of men thou dost let the gentle morning rain fall through the air, Exon. 54 a; Th. 190, 30; Az. 81. Fugel under lyft ofer lagu lócaþ georne, 57 a; Th. 204, 22; Ph. 101. Áhafen on ða heán lyft raised aloft, Cd. 69; Th. 84, 22; Gen. 1401. Hátwendne lyft the torrid air, 146; Th. 182, 12; Exod. 74. Ðonne gé geseóþ ða lyfte cumende on westdǽle cum videritis nubem orientem ab occasu, Lk. Skt. 12, 54. Hibernia on smyltnysse lyfta is betere mycle ðonne Breotone land Hibernia serenitate aerum multum Brittaniæ præstat, Bd. 1, 1; S. 474, 30. Geleht lyftum moistened by the clouds, Bt. Met. Fox 20, 195; Met. 20, 98. Lyftu æthera, aera, Hpt. Gl. 457, 48. Geond lyftu per aera, Hymn. Surt. 66, 5. Ðás lyfta and windas hé ástyraþ, Wulfst. 196, 6. [Goth. luftus; m: O. Sax. luft; m. f: Icel. lopt; n; O. H. Ger. luft; f. n.: Ger. luft; f.]"
56243,lēah,lye,21163,leáh,"Lye, a mixture of ashes and water","Lye, a mixture of ashes and water :-- Láeg læxiva, Wrt. Voc. ii. 112, 28. Leáh lexiva 50, 50: lixa, 52, 13. On bitere lége, L. Med. Ex. Quad. 9, 14; Lchdm. i. 364, 5. Ofergeót ða ascen mide, mac swá tó léga, 378, 11. Wyrc him leáge of ellenahsan, L. M. 3, 47; Lchdm. ii. 338, 25. [Ayenb. we byeþ alle ywesse of onelepi leȝe, 145, 22: Prompt. Parv. ley for waschynge lixivium, 294, see note: O. H. Ger. louga lexivia.]"
56402,mæst,beechnut,22128,mæst,"Mast, fruit of forest trees","Mast, fruit of forest trees e.g. oak, beech, used for feeding swine :-- Ðrím hunde swína mæst, ond se biscop and ða hígen áhten twǽde ðæs wuda ond ðæs mæstes, Cod. Dip. Kmbl. i. 279, 3. Mid wude and mid felde mid mæste cum sylva et cum agro, cum porcorum esca, iv. 202, 2. Micle beámas ða ðe mæst and wæstm mannum bringaþ ligna fructifera, Ps. Th. 148, 9. [O. H. Ger. mast sagina.] v. mæsten, mæstan."
56809,mæst,mast,22127,mæst,"A pole to support a sail, a mast","A pole to support a sail, a mast :-- Mæst malus vel artemo: artemon vel maius, Ælfc. Gl. 83, 104; Som. 73, 81: 77, 126; Wrt. Voc. 48, 19: 56, 43. Mest malus, 63, 47. Mæstum malis, Wrt. Voc. ii. 57, 15. Mæst (?) columbarium, 134, 61 (cf. ár-locu columbaria, Wrt. Voc. 63, 41). Segelgyrdena, mæsta antennarum, Hpt. Gl. 529, 20 : Menol. Fox 508; Gn. C. 24: Beo. Th. 71; B. 36: 3801; B. 1898: 3814; B. 1905: Andr. Kmbl. 929; An. 465. Hé hǽt fealdan ðæt segl, and eác hwílum lecgan ðone mæst, Bt. 41, 3; Fox 250, 15; Ors. 4, 6; Swt. 172, 5. [O. H. Ger. mast malus.]"
56883,mið,with,22691,MID,with dat. acc. inst. With,"with dat. acc. inst. With; at the root of the various meanings lies the idea of association, of being together. I. having very nearly the same force as and, (a) with dat. or inst. :-- Hig lǽddon hí of ðære byrig mid eallum hire mágum (Rahab et cunctum cognationem illius), Jos. 6, 23. Wé sungon seofon seolmas mid letanian, Coll. Monast. Th. 33, 29. Se feónd mid his geférum eallum feóllon of heofnum, Cd. 16; Th. 20, 10; Gen. 306. Ðú scealt friþ habban mid sunum ðínum thou and thy sons shall be protected, 65; Th. 78, 28; Gen. 1300. Æðelinga bearn, weras mid wífum, 83; Th. 104, 20; Gen. 1738. (b) with acc. :-- Wes ðú hál mid ðás willgedryht, Andr. Krnbl. 1828; An. 916. II. with the idea of joint action or companionship, in conjunction with, in company with, along with, (a) with dat. or inst. :-- Ic sang úhtsang mid gebróðrum cantavi nocturnam cum fratribus, Coll. Monast. Th. 33, 25. Mittan wítegan clypige, R. Ben. 29, 6. Mit ðam wítegan cweðan, 31, 16. Ðá férde se Hǽlend mid him, Lk. Skt. 7, 6. Mycel menegu wæs mid hyre, 7, 12. Ðá bebeád se fæder ðæm consule ðæt hé mid his fierde angeán fóre, and hé beæftan gebád mid sumum ðæm fultume, Ors. 3, 10; Swt. 140, 19. Gefeaht Æþelhelm wið Deniscne here mid Dornsǽtum, Chr. 837; Erl. 66, 8. Se winterlíca wind wan mid (in league with) ðam forste, Homl. Skt. 11, 144. Ic fleáh mid fuglum, Exon. 126 b; Th. 487, 16; Rä. 73, 3. Hé fulluhtes gerýno onféng mid his þegnum ðe mid hine wǽron, Bd. 3, 3; S. 525, 27. Ða eágan ... ætgædere mid ðæs martyres heáfde on eorþan feóllan, 1, 7; S. 478, 38. (b) with acc. :-- Ðé dǽlnimende gedéþ mid hine, 2, 12; S. 515, 29. Hé bæd ðæt hé mid ðone martyr þrowian móste, 1, 7; S. 478, 18: 1, 23; S. 485, 27. Nemþe hé Cristes geleáfan onfénge mid ða þeóde ðe hé ofer cyning wæs, 3, 21; S. 551, 1. Hé gewát mid cyning engla, Cd. 60; Th. 73, 26; Gen. 1210: Beo. Th. 1329; B. 662. Ðæt mínne líchaman mid mínne goldgyfan gléd fæðmie, 5297; B. 2652. Ic mid mec gelǽdde míne frýnd, Nar. 29, 26. Mid dryhten rúne besǽton, Andr. Kmbl. 1252; An. 626. (c) with. inst. :-- Eode hé in mid áne his preósta, Bd. 3, 5; S. 527, 4. His hand mid ðý earme ðe of his líchoman áslegen wæs hé hét tó áhón, 3, 12; S. 537, 34. Mid medmycele werede hé férde, 3, 24; S. 556, 20. III. with the idea of reciprocal action :-- Hé wolde mid his freóndum sprǽce and geþæht habban, Bd. 2, 13; S. 515, 36. IV. expressing the relation between animate and inanimate things, (a) with dat. or inst. :-- Ðá ða wífmen urnon mid stánum wið ðara wealla cum matronae currerent, et convehere in muros saxa gestirent, Ors. 4, 10; Swt. 194, 11. Twelf stánas hí hæfdon forþ mid him, Jos. 4, 8. Faran tó eá mid scype mínum, Coll. Monast. Th. 24, 23. Ic ástíge mín scyp mid hlæstum mínum, 26, 31: Beo. Th. 250; B. 125. Hǽlend cymeþ mid wolcnum, Cd. 227; Th. 303, 5; Sat. 608. Hí férdon mid ðý hálgan Cristes mǽle, Bd. 1, 25; S. 487, 22. (b) with acc. :-- Ða (these things) mid hine brohte, 2, 4; S. 505, 38. Mid ða nóþe niðer gewíteþ, Exon. 97 a; Th. 361, 31; Wal. 28. V. with the idea of an association which affords protection or help :-- For ðan ðe ic beó mid ðé on eallum ðám ðe ðú tó færst, Jos. 1, 9; Mt. Kmbl. 28, 20. Theodosius hæfde ðone wind mid him, ðæt his fultum mehte mǽstra ǽlcne heora flána on hiora feóndum áfæstnian, Ors. 6, 36; Swt. 294, 26. VI. with the idea of permanent association, (residing) with, at, (when the relation expressed is that of one to many) among; apud, penes, (a) with dat. :-- Elles næbbe gé méde mid eówrum Fæder (apud patrem vestrum), Mt. Kmbl. 6, 1. Bæd æt Gode ðæt hé him geswutelode hwylc Basilius wǽre on wurðscype mid him (in what estimation he was with God), Homl. Skt. 3. 498. Eallum ús leófre ys wíkian mid (apud) ðam yrþlinge ðonne mid (apud) ðé, Coll. Monast. Th. 31, 1. Ys seó mildheortnes mid (apud) ðé, Ps. Th. 129, 4. Albanus hæfde ðone andettere mid (penes) him, Bd. 1, 7; S. 477, 7. Mid mannum ic eom apud homines sum, mid ðam biscope hé wunaþ apud episcopum manet .. mid eów hé is penes vos est, mid démum penes judices, Ælfc. Gr. 47; Som. 47, 23-47. Ic wæs mid Englum, Exon. 85 b; Th. 322, 10; Víd. 61 (and often). Ic hæfde ðé mid ðám fyrmestan ðe mínum hýréde folgodon I held thee among the first who followed my court, Homl. Skt. 5, 412: Ors. 1, 1; Swt. 18, 53. Gefrugnen mid folcum known among nations, Exon. 11 a; Th. 14, 26; Cri. 225. (b) with acc. :-- Is mín hyht mid God, 37 a; Th. 125, 16; Gn. 289: 39 a; Th. 128, 27; Gú. 410. Sibb sý mid eówic, 75 b; Th. 282, 25; Jul. 668. Wuna mid úsic, Cd. 130; Th. 164, 29; Gen. 2722. VI a. between :-- Déma mid unc twih a judge between us two, 102; Th. 136, 5; Gen. 2253. VII. expressing an accompanying circumstance, the phrase being often equivalent to an adverb of manner, (a) with dat. :-- Mid gódum willan fæstan, Blickl. Homl. 37, 27: 35, 27. Mid his sylfes willan, willum ultro, Bd. 1, 7; S. 477, 22, 15. Mid mycelre willsumnysse bodian magna devotione predicare, 3, 3; S. 526, 4. Hé hæfde hí mid mycelre áre mid him, 4, 1; S. 564, 33. Wæs sió fǽmne mid hyre fæder willan beweddad, Exon. 66 a; Th. 244, 24; Jul. 32. Brúc ðisses beáges mid hǽle, Beo. Th. 2438; B. 1217. Ic eów mid gefeán ferian wille, Andr. Kmbl. 693; An. 347. Winnan mid máne (criminally), Cd. 16; Th. 19, 30; Gen. 299. Mid swáte and mid sorgum libban, 24; Th. 31, 8; Gen. 482. Wíf ðonne heó mid cylde biþ mulier gravida, L. Ecg. C. 28, tit; Th. ii. 130, 54. Heó wæs mid bearne (cf. Icel. ganga með barni), Shrn. 60, 33. Ðá heó mid ðam bearne wæs, 149, 1. Swá mid ðam cilde wearþ, Homl. Th. i. 460, 7. (b) with acc. :-- Ðæt hé mid ða mǽstan swétnesse (maxima suavitate) geglencde, Bd. 4, 24; S. 596, 34. (c) with inst. :-- Ðá ongan hé mid gleáwe móde þencean, 3, 10; S. 534, 20: Past. 9, 1; Swt. 55, 20. VIII. expressing the idea of instrumentality, by, through, (a) with inst. or dat. :-- Hié wǽron gebrocede ... mid ðæm ðæt manige ðara sélestena cynges þéna forþférdon they suffered from the death of many of the best king's thanes, Chr. 897; Erl. 94, 32. Ne canst ðú huntian búton mid nettum? ... Mid swiftum hundum ic betǽce wildeór, Coll. Monast. Th. 21, 21-27. Ðú ðæt land tódǽlst mid hlyte (sorte), Deut. 31, 7. Mid ðissum woruldgesǽlþum and mid ðís andweardan welan mon wyrcþ oftor feónd ðonne freónd, Bt. 24, 3; Fox 84, 2-4. Mid his handum gesceóp, Cd. 14; Th. 16, 30; Gen. 251. Hié heora líchoman leáfum beþeahton, weredon mid ðý wealde, 40; Th. 52, 19; Gen. 846. Stód bewrigen folde mid flóde, 8; Th. 10, 15; Gen. 157. Ofgeót mid scíre wíne ealde, L. M. 2, 11; Lchdm. ii. 188, 20. Mid monige wíte þreágan, Shrn. 101, 23. Mid ðý blóde gewurþad, Bd. 1, 7; S. 478, 24. Mid deáþe fornumen, forgripen, 1, 27; S. 492, 30: 3, 8; S. 532, 27. Mid his láre by means of his teaching, 3, 28; S. 560, 38. Mid gýmenne mínra mága by the care of my kinsmen, 5, 24; S. 647, 22. Dǽle hé swá mycel feoh for hyne swá hé ǽr mid him nam (as much as he got with him, i. e. by selling him), L. Ecg. P. iv. 26; Th. ii. 212, 12. Eom ic leóhte geleáfan and mid lufan gefylled, Exon. 42 a; Th. 141, 9; Gú. 624. Hé frægn hí mid hwí hí gesceldan heora hús wið ðæs fýres frécennysse, Shrn. 90, 7. Gewiton mid ðý wǽge in forwyrd sceacan carried by the wave they hurried to destruction, Andr. Kmbl. 3186; An. 1596: Cd. 12; Th. 14, 5; Gen. 214. (b) with acc. (and inst.) :-- Hé mid hí féran sceolde tó ðon ðæt hé ða fǽmnan ǽghwæðer ge mid ða (ðære, MS. B.) mǽrsunge heofonlícra gerýna ge mid his dæghwamlícre láre trymede, Bd. 2, 9; S. 510, 37. Hé monige ... mid ða leornunga ðissa bóca gelǽdde, 5, 18; S. 636, 4: Cd. 100; Th. 133, 9; Gen. 2208. Se mihtiga slóh mid hálige hand, 167; Th. 208, 18; Exod. 485. IX. having reference to time, with, at :-- On úhtan mid ǽrdæge, Beo. Th. 253; B. 126: Andr. Kmbl. 2776; An. 1390: 3048; An. 1527: Cd. 121; Th. 155, 19; Gen. 2575. X. giving direction :-- Onlong bróces mid streáme along the brook in the direction in which it runs, Cod. Dip. Kmbl. vi. 226, 20. XI. in adverbial or conjunctional phrases, (a) with eallum, ealle :-- Hyne myd scrýne myd eallum on feastum cwearterne beclýsdon they shut him up cage and all in prison, St. And. 38, 9. Mid ealle penitus, Ælfc. Gr. 38; Som. 40, 46. Mid stybbe mid ealle stirpitus; mid wyrttruman mid ealle radicitus, Som. 42, 3-4. Hié ásettan hí on ǽnne síþ ofer mid horsum mid ealle, Chr. 893; Erl. 88, 24 (cf. Icel. með öllu). (b) with dat. or inst. case of the demonstrative, denoting that the two actions expressed by the verbs in the connected clauses are in close association, being either simultaneous, or the one following upon, and being regarded, more or less, as the result of the other, when, since, seeing that; cum :-- Mid ðam ðe se apostol stóp intó ðære byrig, ðá bær man him tógeánes ánre wydewan líc, Homl. Th. i. 60, 51. Mid ðam ðe hé hig geseah ðá éfste hé quos cum vidisset, cucurrit, Gen. 18, 2. Hé yfele mé dóþ manege woruldmenn, mid ðam ðæt is ne mót wealdan mína ágenra þeówa how ill do many men act towards me, when I may not rule my own servants, Bt. 7, 3; Fox 20, 19. Mid ðý ðe heó gehýrde ... ðá cwæþ heó, Blickl. Homl. 7, 19: 15, 6. Mid ðí ðe hié cómon ... hié gemétton seofon hyrdas standan, 237, 17. Mid ðý ðe (dum) hé hine geseah on singalum gebedum ... ðá wæs hé semninga mid ðam godcundan gyfe gemildsad, Bd. 1, 7; S. 476, 37. Mitté dum, Ps. Surt. 67, 8. Mid ðý (cum) Peohtas wíf næfdon, bǽdon him fram Scottum, Bd. 1, 1; S. 474, 19. Gif hé eów ne wyllan árísan tógeánes, mid ðý eówer má is (cum sitis numero plures), 2, 2; S. 503, 13: 1, 27; S. 493, 42. Mid ðí hé ðis cwæþ, hé ástáh on heofenas, Blickl. Homl. 237, 15. XII. used after its case or as an adverb :-- On ðam clifian ðe him gód mid worhte cleave to him who did good with them, Bt. 16, 3; Fox 56, 10, 12. Ða him mid scoldon which were to go with him, Beo. Th. 82; B. 41. Ðara ðe hé him mid hæfde, 3255; B. 1625: 1783; B. 889: Homl. Th. ii. 490, 24. Manega óðre ðe him mid (simul cum eo) férdon, Mk. Skt. 15, 41. Mid férdan comeant, simul pergebant, Wrt. Voc. ii. 132, 45. Hé his heres þriddan dǽl gehýdde and him self mid wæs, Ors. 3, 7; Swt. 116, 27. Hine mid wunode án ombehtþegn, Exon. 47 a; Th. 162, 8; Gú. 972. Biddan ðone ele ðæt ðú Adam myd smyrian móte to ask for the oil, to anoint Adam with, Nicod. Thw. 13, 23. Smyre ðone man mid, Herb. 54, 3; Lchdm. i. 158, 2. Ðá sceolde hé sendan lýgetu and windas, and tówyrpan eall hira geweorc mid, Bt. 35, 4; Fox 162, 14. Ic wilnode andweorces ðone anweald mid tó gereccenne, 17; Fox 60, 8: 20; Fox 72, 24. Se forma hád and se óðor hád beóþ ǽfre ætgedere ... se þridda hád is hwílon mid, hwílon on óðre stówe, Ælfc. Gr. 15; Som. 17, 39. Ðonne se mon nó his ágenne gielp mid ne sécþ, Past. 59; Swt. 451, 15. Gif hé nóht geseón ne mǽge mid, L. Alf. pol. 47; Th. i. 94, 6. Hé hæfde mildheortnysse ða þearfan mid tó fréfrigenne, Bd. 3, 17; S. 545, 13. Geond ðone ofen eodon and se engel mid, Cd. 191; Th. 238, 14; Dan. 354. Ðæt wæs Satane and his gesíðum mid, Exon. 30 a; Th. 93, 7; Cri. 1522. ǽlc ðara ðe mid stande every one that stands by (assists) him, L. Ath. i. 1; Th. i. 200, 3. [Mid occurs in Piers P., and still remains in mid-wife: Goth. miþ, mid: O. Sax. midi, mid: O. Frs. mith, mit mei: O. L. Ger. mid, mit, met: Icel. með: Swed. Dan. med. O. H. Ger. miti, mit: Ger. mit: Du. met.]"
56894,mið,"with, between",22691,MID,with dat. acc. inst. With,"with dat. acc. inst. With; at the root of the various meanings lies the idea of association, of being together. I. having very nearly the same force as and, (a) with dat. or inst. :-- Hig lǽddon hí of ðære byrig mid eallum hire mágum (Rahab et cunctum cognationem illius), Jos. 6, 23. Wé sungon seofon seolmas mid letanian, Coll. Monast. Th. 33, 29. Se feónd mid his geférum eallum feóllon of heofnum, Cd. 16; Th. 20, 10; Gen. 306. Ðú scealt friþ habban mid sunum ðínum thou and thy sons shall be protected, 65; Th. 78, 28; Gen. 1300. Æðelinga bearn, weras mid wífum, 83; Th. 104, 20; Gen. 1738. (b) with acc. :-- Wes ðú hál mid ðás willgedryht, Andr. Krnbl. 1828; An. 916. II. with the idea of joint action or companionship, in conjunction with, in company with, along with, (a) with dat. or inst. :-- Ic sang úhtsang mid gebróðrum cantavi nocturnam cum fratribus, Coll. Monast. Th. 33, 25. Mittan wítegan clypige, R. Ben. 29, 6. Mit ðam wítegan cweðan, 31, 16. Ðá férde se Hǽlend mid him, Lk. Skt. 7, 6. Mycel menegu wæs mid hyre, 7, 12. Ðá bebeád se fæder ðæm consule ðæt hé mid his fierde angeán fóre, and hé beæftan gebád mid sumum ðæm fultume, Ors. 3, 10; Swt. 140, 19. Gefeaht Æþelhelm wið Deniscne here mid Dornsǽtum, Chr. 837; Erl. 66, 8. Se winterlíca wind wan mid (in league with) ðam forste, Homl. Skt. 11, 144. Ic fleáh mid fuglum, Exon. 126 b; Th. 487, 16; Rä. 73, 3. Hé fulluhtes gerýno onféng mid his þegnum ðe mid hine wǽron, Bd. 3, 3; S. 525, 27. Ða eágan ... ætgædere mid ðæs martyres heáfde on eorþan feóllan, 1, 7; S. 478, 38. (b) with acc. :-- Ðé dǽlnimende gedéþ mid hine, 2, 12; S. 515, 29. Hé bæd ðæt hé mid ðone martyr þrowian móste, 1, 7; S. 478, 18: 1, 23; S. 485, 27. Nemþe hé Cristes geleáfan onfénge mid ða þeóde ðe hé ofer cyning wæs, 3, 21; S. 551, 1. Hé gewát mid cyning engla, Cd. 60; Th. 73, 26; Gen. 1210: Beo. Th. 1329; B. 662. Ðæt mínne líchaman mid mínne goldgyfan gléd fæðmie, 5297; B. 2652. Ic mid mec gelǽdde míne frýnd, Nar. 29, 26. Mid dryhten rúne besǽton, Andr. Kmbl. 1252; An. 626. (c) with. inst. :-- Eode hé in mid áne his preósta, Bd. 3, 5; S. 527, 4. His hand mid ðý earme ðe of his líchoman áslegen wæs hé hét tó áhón, 3, 12; S. 537, 34. Mid medmycele werede hé férde, 3, 24; S. 556, 20. III. with the idea of reciprocal action :-- Hé wolde mid his freóndum sprǽce and geþæht habban, Bd. 2, 13; S. 515, 36. IV. expressing the relation between animate and inanimate things, (a) with dat. or inst. :-- Ðá ða wífmen urnon mid stánum wið ðara wealla cum matronae currerent, et convehere in muros saxa gestirent, Ors. 4, 10; Swt. 194, 11. Twelf stánas hí hæfdon forþ mid him, Jos. 4, 8. Faran tó eá mid scype mínum, Coll. Monast. Th. 24, 23. Ic ástíge mín scyp mid hlæstum mínum, 26, 31: Beo. Th. 250; B. 125. Hǽlend cymeþ mid wolcnum, Cd. 227; Th. 303, 5; Sat. 608. Hí férdon mid ðý hálgan Cristes mǽle, Bd. 1, 25; S. 487, 22. (b) with acc. :-- Ða (these things) mid hine brohte, 2, 4; S. 505, 38. Mid ða nóþe niðer gewíteþ, Exon. 97 a; Th. 361, 31; Wal. 28. V. with the idea of an association which affords protection or help :-- For ðan ðe ic beó mid ðé on eallum ðám ðe ðú tó færst, Jos. 1, 9; Mt. Kmbl. 28, 20. Theodosius hæfde ðone wind mid him, ðæt his fultum mehte mǽstra ǽlcne heora flána on hiora feóndum áfæstnian, Ors. 6, 36; Swt. 294, 26. VI. with the idea of permanent association, (residing) with, at, (when the relation expressed is that of one to many) among; apud, penes, (a) with dat. :-- Elles næbbe gé méde mid eówrum Fæder (apud patrem vestrum), Mt. Kmbl. 6, 1. Bæd æt Gode ðæt hé him geswutelode hwylc Basilius wǽre on wurðscype mid him (in what estimation he was with God), Homl. Skt. 3. 498. Eallum ús leófre ys wíkian mid (apud) ðam yrþlinge ðonne mid (apud) ðé, Coll. Monast. Th. 31, 1. Ys seó mildheortnes mid (apud) ðé, Ps. Th. 129, 4. Albanus hæfde ðone andettere mid (penes) him, Bd. 1, 7; S. 477, 7. Mid mannum ic eom apud homines sum, mid ðam biscope hé wunaþ apud episcopum manet .. mid eów hé is penes vos est, mid démum penes judices, Ælfc. Gr. 47; Som. 47, 23-47. Ic wæs mid Englum, Exon. 85 b; Th. 322, 10; Víd. 61 (and often). Ic hæfde ðé mid ðám fyrmestan ðe mínum hýréde folgodon I held thee among the first who followed my court, Homl. Skt. 5, 412: Ors. 1, 1; Swt. 18, 53. Gefrugnen mid folcum known among nations, Exon. 11 a; Th. 14, 26; Cri. 225. (b) with acc. :-- Is mín hyht mid God, 37 a; Th. 125, 16; Gn. 289: 39 a; Th. 128, 27; Gú. 410. Sibb sý mid eówic, 75 b; Th. 282, 25; Jul. 668. Wuna mid úsic, Cd. 130; Th. 164, 29; Gen. 2722. VI a. between :-- Déma mid unc twih a judge between us two, 102; Th. 136, 5; Gen. 2253. VII. expressing an accompanying circumstance, the phrase being often equivalent to an adverb of manner, (a) with dat. :-- Mid gódum willan fæstan, Blickl. Homl. 37, 27: 35, 27. Mid his sylfes willan, willum ultro, Bd. 1, 7; S. 477, 22, 15. Mid mycelre willsumnysse bodian magna devotione predicare, 3, 3; S. 526, 4. Hé hæfde hí mid mycelre áre mid him, 4, 1; S. 564, 33. Wæs sió fǽmne mid hyre fæder willan beweddad, Exon. 66 a; Th. 244, 24; Jul. 32. Brúc ðisses beáges mid hǽle, Beo. Th. 2438; B. 1217. Ic eów mid gefeán ferian wille, Andr. Kmbl. 693; An. 347. Winnan mid máne (criminally), Cd. 16; Th. 19, 30; Gen. 299. Mid swáte and mid sorgum libban, 24; Th. 31, 8; Gen. 482. Wíf ðonne heó mid cylde biþ mulier gravida, L. Ecg. C. 28, tit; Th. ii. 130, 54. Heó wæs mid bearne (cf. Icel. ganga með barni), Shrn. 60, 33. Ðá heó mid ðam bearne wæs, 149, 1. Swá mid ðam cilde wearþ, Homl. Th. i. 460, 7. (b) with acc. :-- Ðæt hé mid ða mǽstan swétnesse (maxima suavitate) geglencde, Bd. 4, 24; S. 596, 34. (c) with inst. :-- Ðá ongan hé mid gleáwe móde þencean, 3, 10; S. 534, 20: Past. 9, 1; Swt. 55, 20. VIII. expressing the idea of instrumentality, by, through, (a) with inst. or dat. :-- Hié wǽron gebrocede ... mid ðæm ðæt manige ðara sélestena cynges þéna forþférdon they suffered from the death of many of the best king's thanes, Chr. 897; Erl. 94, 32. Ne canst ðú huntian búton mid nettum? ... Mid swiftum hundum ic betǽce wildeór, Coll. Monast. Th. 21, 21-27. Ðú ðæt land tódǽlst mid hlyte (sorte), Deut. 31, 7. Mid ðissum woruldgesǽlþum and mid ðís andweardan welan mon wyrcþ oftor feónd ðonne freónd, Bt. 24, 3; Fox 84, 2-4. Mid his handum gesceóp, Cd. 14; Th. 16, 30; Gen. 251. Hié heora líchoman leáfum beþeahton, weredon mid ðý wealde, 40; Th. 52, 19; Gen. 846. Stód bewrigen folde mid flóde, 8; Th. 10, 15; Gen. 157. Ofgeót mid scíre wíne ealde, L. M. 2, 11; Lchdm. ii. 188, 20. Mid monige wíte þreágan, Shrn. 101, 23. Mid ðý blóde gewurþad, Bd. 1, 7; S. 478, 24. Mid deáþe fornumen, forgripen, 1, 27; S. 492, 30: 3, 8; S. 532, 27. Mid his láre by means of his teaching, 3, 28; S. 560, 38. Mid gýmenne mínra mága by the care of my kinsmen, 5, 24; S. 647, 22. Dǽle hé swá mycel feoh for hyne swá hé ǽr mid him nam (as much as he got with him, i. e. by selling him), L. Ecg. P. iv. 26; Th. ii. 212, 12. Eom ic leóhte geleáfan and mid lufan gefylled, Exon. 42 a; Th. 141, 9; Gú. 624. Hé frægn hí mid hwí hí gesceldan heora hús wið ðæs fýres frécennysse, Shrn. 90, 7. Gewiton mid ðý wǽge in forwyrd sceacan carried by the wave they hurried to destruction, Andr. Kmbl. 3186; An. 1596: Cd. 12; Th. 14, 5; Gen. 214. (b) with acc. (and inst.) :-- Hé mid hí féran sceolde tó ðon ðæt hé ða fǽmnan ǽghwæðer ge mid ða (ðære, MS. B.) mǽrsunge heofonlícra gerýna ge mid his dæghwamlícre láre trymede, Bd. 2, 9; S. 510, 37. Hé monige ... mid ða leornunga ðissa bóca gelǽdde, 5, 18; S. 636, 4: Cd. 100; Th. 133, 9; Gen. 2208. Se mihtiga slóh mid hálige hand, 167; Th. 208, 18; Exod. 485. IX. having reference to time, with, at :-- On úhtan mid ǽrdæge, Beo. Th. 253; B. 126: Andr. Kmbl. 2776; An. 1390: 3048; An. 1527: Cd. 121; Th. 155, 19; Gen. 2575. X. giving direction :-- Onlong bróces mid streáme along the brook in the direction in which it runs, Cod. Dip. Kmbl. vi. 226, 20. XI. in adverbial or conjunctional phrases, (a) with eallum, ealle :-- Hyne myd scrýne myd eallum on feastum cwearterne beclýsdon they shut him up cage and all in prison, St. And. 38, 9. Mid ealle penitus, Ælfc. Gr. 38; Som. 40, 46. Mid stybbe mid ealle stirpitus; mid wyrttruman mid ealle radicitus, Som. 42, 3-4. Hié ásettan hí on ǽnne síþ ofer mid horsum mid ealle, Chr. 893; Erl. 88, 24 (cf. Icel. með öllu). (b) with dat. or inst. case of the demonstrative, denoting that the two actions expressed by the verbs in the connected clauses are in close association, being either simultaneous, or the one following upon, and being regarded, more or less, as the result of the other, when, since, seeing that; cum :-- Mid ðam ðe se apostol stóp intó ðære byrig, ðá bær man him tógeánes ánre wydewan líc, Homl. Th. i. 60, 51. Mid ðam ðe hé hig geseah ðá éfste hé quos cum vidisset, cucurrit, Gen. 18, 2. Hé yfele mé dóþ manege woruldmenn, mid ðam ðæt is ne mót wealdan mína ágenra þeówa how ill do many men act towards me, when I may not rule my own servants, Bt. 7, 3; Fox 20, 19. Mid ðý ðe heó gehýrde ... ðá cwæþ heó, Blickl. Homl. 7, 19: 15, 6. Mid ðí ðe hié cómon ... hié gemétton seofon hyrdas standan, 237, 17. Mid ðý ðe (dum) hé hine geseah on singalum gebedum ... ðá wæs hé semninga mid ðam godcundan gyfe gemildsad, Bd. 1, 7; S. 476, 37. Mitté dum, Ps. Surt. 67, 8. Mid ðý (cum) Peohtas wíf næfdon, bǽdon him fram Scottum, Bd. 1, 1; S. 474, 19. Gif hé eów ne wyllan árísan tógeánes, mid ðý eówer má is (cum sitis numero plures), 2, 2; S. 503, 13: 1, 27; S. 493, 42. Mid ðí hé ðis cwæþ, hé ástáh on heofenas, Blickl. Homl. 237, 15. XII. used after its case or as an adverb :-- On ðam clifian ðe him gód mid worhte cleave to him who did good with them, Bt. 16, 3; Fox 56, 10, 12. Ða him mid scoldon which were to go with him, Beo. Th. 82; B. 41. Ðara ðe hé him mid hæfde, 3255; B. 1625: 1783; B. 889: Homl. Th. ii. 490, 24. Manega óðre ðe him mid (simul cum eo) férdon, Mk. Skt. 15, 41. Mid férdan comeant, simul pergebant, Wrt. Voc. ii. 132, 45. Hé his heres þriddan dǽl gehýdde and him self mid wæs, Ors. 3, 7; Swt. 116, 27. Hine mid wunode án ombehtþegn, Exon. 47 a; Th. 162, 8; Gú. 972. Biddan ðone ele ðæt ðú Adam myd smyrian móte to ask for the oil, to anoint Adam with, Nicod. Thw. 13, 23. Smyre ðone man mid, Herb. 54, 3; Lchdm. i. 158, 2. Ðá sceolde hé sendan lýgetu and windas, and tówyrpan eall hira geweorc mid, Bt. 35, 4; Fox 162, 14. Ic wilnode andweorces ðone anweald mid tó gereccenne, 17; Fox 60, 8: 20; Fox 72, 24. Se forma hád and se óðor hád beóþ ǽfre ætgedere ... se þridda hád is hwílon mid, hwílon on óðre stówe, Ælfc. Gr. 15; Som. 17, 39. Ðonne se mon nó his ágenne gielp mid ne sécþ, Past. 59; Swt. 451, 15. Gif hé nóht geseón ne mǽge mid, L. Alf. pol. 47; Th. i. 94, 6. Hé hæfde mildheortnysse ða þearfan mid tó fréfrigenne, Bd. 3, 17; S. 545, 13. Geond ðone ofen eodon and se engel mid, Cd. 191; Th. 238, 14; Dan. 354. Ðæt wæs Satane and his gesíðum mid, Exon. 30 a; Th. 93, 7; Cri. 1522. ǽlc ðara ðe mid stande every one that stands by (assists) him, L. Ath. i. 1; Th. i. 200, 3. [Mid occurs in Piers P., and still remains in mid-wife: Goth. miþ, mid: O. Sax. midi, mid: O. Frs. mith, mit mei: O. L. Ger. mid, mit, met: Icel. með: Swed. Dan. med. O. H. Ger. miti, mit: Ger. mit: Du. met.]"
56917,mǣð,"the mowing, the mown hay",21926,MǽD,and,"and we; mǽdwe, an; f. also (?) mǽdwa, an; m. A MEAD, meadow :-- Mǽd pratum, Ælfc. Gl. 57; Som. 67, 75; Wrt. Voc. 38, 1 : 96; Som. 76, 45; Wrt. Voc. 53, 52. xii æcras an westhealfe ðære strǽte and án médwa beneoþan ðæm hliþe xii acres on the west side of the road, and one meadow beneath the hill, Cod. Dipl. Kmbl. iii. 52, 15. vi æcras mǽde on ða geréfmǽde, 53, 2. xvi gioc ærþelandes and médwe, i. 316, 26. On Wíferþes mǽduan hege to the hedge of Wiferth's meadow, iii. 78, 21. Andlang heges on Eomeres mǽduan (cf. on Eomeres médwa, 405, 24) ; of ðam mǽduan . . . andlang burnan on Hereferþes mǽduan, 78, 6-9. Tó wudumǽdwan; of ðæm mǽdwan, 246, 22. (In the last two passages perhaps the forms are plural as in) Tó ðǽm mǽdwum wið súðan ða mǽdwa, 169, 2-3. [Mid lǽswe and mid mǽdwe, Chr. 777; Erl. 55, 12.] Gelíce and mon mǽd máwe just as one mows a meadow, Ors. 2, 8; Swt. 92, 15. xiiii æceras and ða mǽde ðe ðár tó líþ Ðúnstán gebohte æt Uhtlufe xiiii acres and the meadow pertaining thereto Dunstan bought of Uhtlufu, Cod. Dipl. Kmbl. ii. 3, 34. Norþrihte on mǽre mǽde westewearde, iii. 416, 18. Of ðere ealdan díc ðæt on wylihte mǽdwan; of wylihte mǽdwan, 235, 16. On rýdmǽdwan ufewarde, 378, 14. Eahta æceras mǽdwa . . . xii æceras mǽdwa, 4, 12-13. Mǽda prata, Hpt. Gl. 409, 38. Ðeós wyrt biþ cenned on mǽdum this plant is produced in meadows, Herb. 1, 1; Lchdm. i. 70, 2. [Cf. Ger. mähde a meadow.] v. gafol-, geréf-, mór-mǽd; mǽþ."
56923,mǣd,"meadow, pasture",21926,MǽD,and,"and we; mǽdwe, an; f. also (?) mǽdwa, an; m. A MEAD, meadow :-- Mǽd pratum, Ælfc. Gl. 57; Som. 67, 75; Wrt. Voc. 38, 1 : 96; Som. 76, 45; Wrt. Voc. 53, 52. xii æcras an westhealfe ðære strǽte and án médwa beneoþan ðæm hliþe xii acres on the west side of the road, and one meadow beneath the hill, Cod. Dipl. Kmbl. iii. 52, 15. vi æcras mǽde on ða geréfmǽde, 53, 2. xvi gioc ærþelandes and médwe, i. 316, 26. On Wíferþes mǽduan hege to the hedge of Wiferth's meadow, iii. 78, 21. Andlang heges on Eomeres mǽduan (cf. on Eomeres médwa, 405, 24) ; of ðam mǽduan . . . andlang burnan on Hereferþes mǽduan, 78, 6-9. Tó wudumǽdwan; of ðæm mǽdwan, 246, 22. (In the last two passages perhaps the forms are plural as in) Tó ðǽm mǽdwum wið súðan ða mǽdwa, 169, 2-3. [Mid lǽswe and mid mǽdwe, Chr. 777; Erl. 55, 12.] Gelíce and mon mǽd máwe just as one mows a meadow, Ors. 2, 8; Swt. 92, 15. xiiii æceras and ða mǽde ðe ðár tó líþ Ðúnstán gebohte æt Uhtlufe xiiii acres and the meadow pertaining thereto Dunstan bought of Uhtlufu, Cod. Dipl. Kmbl. ii. 3, 34. Norþrihte on mǽre mǽde westewearde, iii. 416, 18. Of ðere ealdan díc ðæt on wylihte mǽdwan; of wylihte mǽdwan, 235, 16. On rýdmǽdwan ufewarde, 378, 14. Eahta æceras mǽdwa . . . xii æceras mǽdwa, 4, 12-13. Mǽda prata, Hpt. Gl. 409, 38. Ðeós wyrt biþ cenned on mǽdum this plant is produced in meadows, Herb. 1, 1; Lchdm. i. 70, 2. [Cf. Ger. mähde a meadow.] v. gafol-, geréf-, mór-mǽd; mǽþ."
57007,mǣre,"famous, brilliant",22078,mǽre,"Great, excellent, distinguished, illustrious, sublime, splendid, celebrated, famous, widely known","Great, excellent, distinguished, illustrious, sublime, splendid, celebrated, famous, widely known (of persons or things) :-- Mære clarus, insignis, nobilis, perspicuus, Wrt. Voc. ii. 131, 66: inclytus, 46, 10, 11. Mere weard percrebuit, Ep. Gl. 18b, 10. Mǽre celeber, Ælfc. Gr. 9, 18; Zup. 44, 10. Mǽrne celebre, Hpt. Gl. 525, 45. Beorht ł mǽre præclara, splendida, 436, 43. Mǽr[re] illustrius, 460, 25. I. (of persons and (a) in a good sense) :-- Dryhten ys mǽre God and mihtig Dominus est deus magnus et potens. Deut. 10, 17. Ðú eart mǽre God, and Jacobes God se mǽra, Ps. Th. 83, 8 : 103, 23. God mǽre (excelsus) álýsend heora is. Ps. Spl. 77, 39. Freá ælmihtig, mǽre þeóden, Cd. 40; Th. 52, 34; Gen. 853. Se mǽra Fæder (God), L. Ælfc. C. 3; Th. ii. 344, 4. Hé byþ mǽre beforan Drihtne erit magnus coram domino. Lk. Skt. 1. 15: 32. Ðeáh he on ðam lande seó mǽre ðonne biþ hé on óðrum unmǽre though he be famous in one country, he is not in another, Bt. 30, 1; Fox 108, 15. Wæs hé (St. Martin) swíðe mǽre geond middangeard, Blickl. Homl. 221, 1. Mǽru cwén the illustrious queen (Wealhtheow), Beo. Th. 4037; B. 2016. Sunu se ðe biþ góde mǽre a son (Isaac) who shall be great in goodness, Cd. 100; Th. 133, 24; Gen. 2198: Beo. Th. 3909; B. 1952. Mihtum mǽre great in power, Elen. Kmbl. 679; El. 340. Marian mǽrre meówlan. of Mary, maiden illustrious, Exon. 14 a; Th. 28, 13; Cri. 446. Smeágende cwidas and dǽda ðara mǽrena (illustrium) wera úre þeóde, Bd. pref.; S. 471, 13. Ðes ys mǽrra (major) ðonne ðæt templ, Mt. Kmbl. 12, 6. Nis betwux wífa bearnum nán mǽrra wítega ðonne Johannes, Lk. Skt. 7, 28. Nán man ne biþ for óðres góde nó ðý mǽrra ne nó ðý geheredra splendidum te aliena claritudo non efficit. Bt. 30, 1; Fox 108, 27. David wæs hearpera mǽrost, Ps. C. 50; Ps. Grn. ii. 276, 4. Ðás mánःfullan men wǽron getealde for ða mǽrostan godas, Wulfst. 106, 17. (b) in a bad sense, notorious, distinguished by evil deeds; insignis :-- Hæfdum énne gebundenne mǽrne (mérne. Lind.) monn se wæs háten Barrabas (cf. O. Sax. mári meginthiof) habebat vinctum insignem qui dicebatur Barabbas, Mt. Kmbl. Rush. 27, 16. Grendel, mǽre mearc-stapa, Beo. Th. 206; B. 103: 1528; B. 762 (?). II. (of things) :-- Sum deófolgild ðe mid ðǽm hǽðenum mannum swíðe weorþ and mǽre wæs a certain idol that was held in high honour and esteem among the heathens, Blickl. Homl. 221, 7. Swíðe mǽre burh se is háten Sepontus a very famous town which is called Sepontus, 197, 20. On ðam mǽran (inlustri) túne, se is nemned æt Walle, Bd. 3, 21; S. 551, 11: Cd. 205; Th. 254, 10; Dan. 609. Tó ðære mǽran byrig (the heavenly Jerusalem), 227; Th. 304, 4; Sat. 624. Tempel heáhst and háligost, hæleþum gefrǽgost, mǽst and mǽrost (Solomon's temple), 162; Th. 202, 28; Exod. 395. Ðæt wæs ðæt mǽreste hús ðe on eorþan geworht wurde that (the temple) was the most splendid house that was built in the world. Wulfst. 278, 1. Mǽre wurdon his wundra geweorc wíde and síde far and wide spread the fame of the wonders he wrought. Exon. 45 b; Th. 155, l; Gú. 853. Eall ðeós mǽre gesceaft the universe. Rood Kmbl. 24; Kr. 12. Mǽre wundur mirabilia, Ps. Th. 106, 30: 110, 3. Sunne mǽre tungol the sun, resplendent star. Chr. 937; Erl. 112, 14; Æðelst. 14. Mǽrost tungla, Exon. 57 b; Th. 205, 28; Ph. 119. In dege mérum in die insigni, Ps. Surt. 80, 4. Ðone mǽron symbeldæg Drihtnes upstige, Blickl. Homl. 131, 10: Cd. 8; Th. 10, II; Gen. 155. Seó mǽre tiid (Easter), Menol. Fox 114; Men. 57. Se mǽra dæg the great and terrible day of the Lord, Exon. 23 b; Th. 65, 16; Cri. 1055. Ðæt is mǽre spell no common tale is that, Cd. 119; Th. 155, 2; Gen. 2566: Elen. Kmbl. 1936; El. 970. Æfter ðisse dǽde his noma wæs weorþ and mǽre geworden after this deed his name became honoured and famous, Blickl. Homl. 219, 4-: Exon. 1073; Th. 409, 11; Rä. 27, 27. Is wuldur ðín wíde and síde ofer ðás eorþan ealle mǽre in omnem terram gloria tua. Ps. Th. 56, 6. Se mǽresta hlísa fama celeberrima, Bd. 3, 13: S. 538, 37. Ðæt is mǽro wyrd that is a tremendous event (the deluge), Cd. 69; Th. 84, 18; Gen. 1399. Ðín mægen is swá mǽre, swá ðæt ǽnig ne wát eorþbúende ða deópnesse Drihtnes mihta, Hy. 3, 31; Hy. Grn. ii. 282, 31. (In a bad sense) Caudenes Furcules seó stów gewearþ swíðe mǽre for Rómána bismere Caudinas furculas satis celebres et famosas Romanorum fecit infamia, Ors. 3, 8; Swt. 120, 21. [Cf. Goth. waila-mérs of good report; wailaméreins good report: O. Sax. mári: Icel. mærr: O. H. Ger. mári memorabilis, famosus, illustris, insignis, clarus.] v. efen-, folc-, fore-, forþ-, freá-, frǽ-, heaðo-, un-, wíd-mǽre."
57102,metan,measure,22610,metan,"to mete, measure","to mete, measure :-- Ic mete metior, Ælfc. Gr. 31; Som. 35, 32. Ic meotu metibor, Ps. Surt. 59, 8: 107, 8. ǽlc ðæra þinga ðe man met on fate everything that is measured in a vessel, Ælfc. Gr. 13; Som. 16, 8. On ðam ylcan gemete ðe gé metaþ eów byþ gemeten qua mensura mensi fueritis, remetietur vobis, Mt. Kmbl, 7, 2. Hwílum mid folmum [hé] mæt weán and wítu, Cd. 229; Th. 309, 22; Sat. 714."
57234,mǣg,relative,21938,MǽG,"A relative, kinsman","A relative, kinsman :-- Mǽg propinquus, Wrt. Voc. 72, 45 : Ælfc. Gr. 5; Som. 4, 51. Hwylc þyncþ ðé ðæt sý ðæs mǽg ðe on ða sceaðan befeóll quis videtur tibi proximus fuisse illi qui incidet in latrones? Lk. Skt. 10, 36. Meig contribulius, Wrt. Voc. ii. 104, 26. Meeg, Ep. Gl. 6 f, 17. Se wæs his mǽg and his freónd and hæfde his sweoster tó wífe qui erat cognatus et amicus ejus, habens sororem ipsius conjugem, Bd. 3, 21; S. 551, 6 : Blickl. Homl. 113, 22. Him cýþdon ðæt hiera mǽgas him mid wǽron . . And ðá cuǽdon hié ðæt him nǽnig mǽg leófra nǽre ðonne hiera hláford . . and ðá budon hié hiera mǽgum ðæt hié gesunde from eodon, Chr. 755; Erl. 50, 17-21. Hér Æþelherd cining forþférde and fǽng Cúðréd his mǽg tó West-Seaxna ríce, 740; Erl. 47, 33 : 754; Erl. 49, 18 : 962; Erl. 120, 2. Abrahames mǽg (Lot), Cd. 94; Th. 121, 19; Gen. 2012. Higeláces mǽg (Beowulf), Beo. Th. 820; B. 408. Úre ieldesta mǽg our first parent, Past. 43, 5; Swt. 313, 15. Ne hǽme nán man wið his mǽges (fratris) wíf, Lev. 18, 16. Mǽges filii, Cd. 140; Th. 176, 5; Gen. 2907. Moises heóld his mǽges (soceri) sceáp, Ex. 3, 1. Moises gecirde tó his mǽge, 4, 18. Abrahame, mǽge Lothes, Cd. 141; Th. 177, 2; Gen. 2923. Cénwalh gesalde Cúþréde his mǽge (fratrueli), Chr. 648; Erl. 26, 15. Ne bysmra ðú ðínne mǽg non facies calumniam proximo tuo, Lev. 19, 13. Gif man gehádodne man oððe ælþeódigne forrǽde ðonne sceal him cyningc beón for mǽg and for mundboran, L. C. S. 40; Th. i. 400, 6. Ne his mágas (fratres) ne gelýfdon on hyne, Jn. Skt. 7, 5. His eorþlícan mágas his kinsmen according to the flesh, Chr. 979; Erl. 129, 12. His mágas and his frýnd cognati atque amici, L. Ecg. C. 36; Th. ii. 160, 22. Gif bana of lande gewíteþ his mágas healfne leód forgelden, L. Ethb. 23; Th. i. 8, 7. Bócland him his mǽgas (MS. B. his yldran) leáfden, L. Alf. pol. 41; Th. i. 88, 16. Hine móton his mǽgas (MS. B. mágas) unsyngian his kindred may exculpate him, L. In. 21; Th. i. 116, 8. Sunu oððe mǽgas (MS. B. mágas), 23; Th. i. 116, 15. Mága affinium, Hpt. Gl. 480, 18. ǽnig ðínra mága oððe yldrena aliquis de tuis parentibus aut cognatis, Bd. 2, 12; S. 514, 15. Mid gýmenne mínra mága cura propinquorum, 5, 24; S. 647, 22. Se wæs æðelboren of ǽwfæstum mágum he was nobly born of pious parents, Homl. Skt. 4, 3. Suna ic lǽrde ðæt hié hýrdon heora yldrum and heora mágum, Blickl. Homl. 185, 21. Súþ-Seaxe and Eást-Seaxe from his mǽgum (ancestors) ǽr mid unryhte ánídde wǽrun, Chr. 823; Erl. 62, 23. Gé beóþ gesealde fram mágum and gebróðrum and cúðum and freóndum trademini a parentibus et fratribus et cognatis et amicis, Lk. Skt. 21, 16. Lǽraþ eówre suna and eówre mágas docebis filios ac nepotes tuos, Deut. 4, 9. Mágos propinquos, Kent. Gl. 368. Bearn árísaþ ongén mágas insurgent filii in parentes, Mt. Kmbl. 10, 21. Ymbe míne mágas ic hogige erga propinquos curo, Ælfc. Gr. 47; Som. 47, 29. Ðíne leófostan frýnd fæder and módor and ðíne mágas patrem tuum et matrem et omnem cognationem tuam, Jos. 2, s8: Ps. Th. 73, 8. Ealle wyrd forsweóp míne mágas, Beo. Th. 5622; B. 2815 : Blickl. Homl. 139, 16. [Laym. mæi a cousin : Goth. mégs a son-in-law : O. Sax. mág a relation : O. Frs méch : Icel. mágr a father-in-law : O. H. Ger. mág cognatus, affinis.] v. cneó-, fæderen-, freó-, friðe-, heáfod-, hleó-, hylde-, leód-, médren-, neáh-, wine-, woruld-mǽg; un-mǽg; ge-mágas."
57338,mǣre,"boundary, territory",22077,mǽre,"A boundary, limit, confine, border","A boundary, limit, confine, border :-- Ondlong ðæs mǽres (meres?) heges, Cod. Dip. Kmbl. iii. 32, 30: ii. 250, 7(?). In mǽre Judéana in fines Judaea, Mt. Kmbl. Rush. 19, 1. In mǽrum in villas, Mk. Skt. Lind. 6, 56. In mǽrum (mǽro, Rush.) in vicos, Lk. Skt. Lind. 14, 21. [Cf. Icel. mærr a border-land.] v. ge-mǽre mǽr-ác, -apeldre, -bróc, -díc, -heg, -stán, -þorn, -weg."
57377,mān,"false, deceptive",22207,mán,"Wicked, false, base","Wicked, false, base :-- Mán inwitstæf nequitia, Ps. Th. 54, 15. Heora mænige máne swultan many a wicked one of them died, 77, 30. Náuht ne deregaþ monnum máne áþas nil perjuria nocet ipsis, Bt. 4; Fox 8, 16. Mánum treówum woldon hié ðæt feorhleán, fácne gyldan, Cd. 149; Th. 187, 11; Exod. 149. [Icel. meinn mean, base : O. Frs. mén false (oath) : O. H. Ger. mein.] v. mǽne and preceding word."
58794,mare,silverweed,22313,mare,Silverweed,"Silverweed, L. M. 1, 37; Lchdm. ii. 74, 9. [Icel. mara. v. Lchdm. ii. 399, col. i.]"
59577,mētan,"meet, encounter",22612,métan,"To meet with, come upon, come across, find","To meet with, come upon, come across, find :-- Ealle ðe hé mildheorte méteþ and findeþ, Ps. Th. 75, 6. For ðý hí hit ne gemétaþ (MS. Cott. métaþ) ðe hí hit on riht ne sécaþ, Bt. 36, 3; Fox 178, 4. Gé unæþelne ǽnigne [ne] métaþ (gé nánne ne mágon métan unæþelne, Bt. 30, 2; Fox 110, 16), Bt. Met. Fox 17, 34; Met. 17, 17. Moette offendit, Wrt. Voc. ii. 115, 41. Métte, 63, 35. Ðá eode hé furþor óþ hé gemétte (MS. Cott. métte) ða Parcas then he went on until he came upon the Fates, Bt. 35, 6; Fox 168, 24. Ðá métte hé ðane man forþféredne he found the man departed, Blickl. Homl. 217, 17. Hé ne métte mundgripe máran, Beo. Th. 1506; B. 751: Andr. Kmbl. 942; An. 471: 1106; An. 553. Hé þreó métte róda ætsomne he came upon three crosses together, Elen. Kmbl. 1663; El. 833. Hí métton invenerunt, Ps. Spl. 106, 4. Nime se ðe hit on his æcere méte, L. In. 42; Th. i. 128, 14. Swá ǽr swá hé hádes wyrþne mon métan mihte as soon as he could meet with a man worthy of the (episcopal) rank, Bd. 3, 29; S. 561, 26. Ðǽr byþ sóþ symble méted truth is ever found there, Ps. Th. 118, 160. Ðæt sigorbeácen méted wǽre, funden in foldan, Elen. Kmbl. 1969; El. 986. [Goth. ga-mótjan: O. Sax. mótian: O. Frs. méta: Icel. mœta.] v. ge-métan."
59581,mǣl,"speech, dispute",22041,mǽl,"A speech, talk, conversation","A speech, talk, conversation :-- Gemuna ða mǽla ðe wé oft æt meodo sprǽcon think of the talks that we oft had at table, Byrht. Th. 137, 66; By. 212. [Icel. mál; n. speech, colloquy, talk.] v. mǽlan."
59601,mædere,dyer's madder,21930,mædere,Madder,"Madder :-- Mæddre vermiculi, rubia, Ælfc. Gl. 42; Som. 64, 13, 19; Wrt. Voc. 31, 24, 29. Mædere anchorum, 67, 38 : veneria, 68, 38 : sandix (herba), Hpt. Gl. 524, 41. Ðeós wyrt ðe man gryas and óðrum naman mædere nemneþ, Herb. 51, 1; Lchdm. i. 154, 12 : L. M. 2, 51; Lchdm. ii. 268, 15. [Icel. maðra.] v. feld-mædere."
61846,ōra,"edge, beginning",24786,óra,"A border, edge, margin, bank","A border, edge, margin, bank (mostly in place names, -or in Windsor, Bognor. v. Cod. Dip. Kmbl. iii. xxxv: Leo, A. S. Names. p. 92) :-- In ðone stede ðe is gecueden Cerdices óra, Chr. 495 ; Erl. 14, 10: 514; Erl. 14, 21. Æt Cerdices óran, Erl. 2, 3. Ðonan on ðone óran foran wið-eástan Ecgulfes setl west be ðatn óran eft tóweard setle, Cod. Dip. Kmbl. ii. 216, 2-3. Siððan dú gehýrde on hliþes óran galan geác on bearwe. Exon. Th. 473, 28; Bo. 21. On óra[n] his hrægles in oram vestimenti ejus, Ps. Spl. 132, 3."
61943,fēdan,nourish,10185,FÉDAN,to,"to FEED, nourish, support, sustain, bring up, educate; pascĕre, cĭbāre, nutrīre, engtrīre, sustentāre, edŭcāre :-- Mægen mon sceal mid mete fédan a man must feed strength with meat, Exon. 90 b; Th. 340, 22; Gn. Ex. 115. Wá eácniendum and fédendum on ðám dagum væ autem prægnantĭbus, et nutrientĭbus in illis diābus, Mt. Bos. 24, 19: Lk. Bos. 21, 23. Ðú us fédest teára hláfe cĭbābis nos pāne lacry̆mārum, Ps. Th. 79, 5, Se deópa seáþ dreórge fédeþ the deep pit feedeth the dreary, Exon. 30 b; Th. 94, 25; Cri. 1545: 36 b; Th. 118, 26; Gú. 245. He ðé fédeþ ipse te enutriet, Ps. Th. 54, 22. Eówer heofonlíca fæder híg fét păter vester cœlestis pascit illa, Mt. Bos. 6, 26. Se milda Metod fét eall ðætte gróweþ wæstmas on weorolde the merciful Creator nourishes all fruits which grow in the world, Bt. Met. Fox 29, 139; Met. 29, 70. He fétt ða ðe þurh dǽdbóte him to búgaþ he feeds those who turn to him by repentance, Homl. Th. ii. 396, 29. He me well fétt me bĕne pascit, Coll. Monast. Th. 22, 33: 30, 27. Mægeþ and mæcgas fédaþ hine fægre lasses and lads feed him kindly, Exon. 113 a; Th. 434, 9; Rä. 51, 8. God, ðú ðe me féddest fram cildháde óþ ðisne dæg Deus, qui pascit me ab adolescentia mea in præsentem diem, Gen. 48, 15. Mec seó friþe mǽg fédde the kind woman fed me, Exon. 103 a; Th. 391, 23; Rä, 10, 9. He fédde híg sustentāvit eos, Gen. 47, 17. He fédde me edŭcāvit me, Ps. Spl. 22, 2. We ðé féddon pāvĭmus te, Mt. Bos. 25, 37. Féd freólíce feora wócre feed freely the living progeny, Cd. 67; Th. 81, 8; Gen. 1342. Gif he nát hwá hine cwicne féde if he knows not who may feed him living, Exon. 90 b; Th. 340, 21; Gn. Ex. 114. Ðú bist féded on wélum his pascēris in dīvĭtiis ejus, Ps. Spl. 36, 3: Ps. Th. 130, 4. Fédd beón pastus esse, pasci, R. Conc. 10."
62405,fāh,colorful,10049,fáh,coloured,"coloured; tinctus, colōrātus :-- Blóde fáh coloured with blood, Beo. Th. 1873; B. 934. v. fág; adj. coloured."
62406,fāg,colorful,10038,FÁG,"Coloured, stained, dyed, tinged, shining, variegated","Coloured, stained, dyed, tinged, shining, variegated; tinctus, cŏlōrātus, vărius, versicŏlor, discŏlor :-- Wæter wældreóre fág water stained with deadly gore, Beo. Th. 3267; B. 1631. Ðæt sweord fáh and fæted the sword blood-stained and ornate, 5395; B. 2701: 2576; B. 1286. Bleóbrygdum fág shining with variegated colours, Exon. 60 a; Th. 218, 9; Ph. 292. Gár golde fáh a weapon shining with gold, Menol. Fox 503; Gn. C. 22. Fýrmǽlum fág variegated with marks of fire, Andr. Kmbl. 2269; An. 1136. Fáh vărius vel discŏlor, Ælfc. Gl. 79; Som. 72, 79; Wrt. Voc. 46, 36: 77, 3. Fultum ðú him afyrdest fágan sweordes avertisti adjūtōrium glădii ejus, Ps. Th. 88, 36. Ic geann Ælmǽre ánes fágan stédan I give to Ælmær one pied steed, Th. Diplm. 560, 38. Ofer næddran and fágum wyrme ðú gǽst sŭper aspĭdem et basiliscum ambŭlābis, Ps. Spl. C. 90, 13. He me habban wile dreóre fáhne he will have me stained with gore, Beo. Th. 898; B. 447. He geseah steápne hróf golde fáhne he saw the steep roof shining with gold, 1858; B. 927. On fágne flór feónd treddode the fiend trod on the variegated floor, 1454; B. 725. Slóh ðone feóndsceaðan fágum méce slew the enemy with a blood-stained sword, Judth. 10; Thw, 23, 4; Jud. 104. He geseah since fáge he saw variegated treasures, Beo. Th. 3234; B. 1615. Fágum sweordum with shining swords, Judth. 11; Thw. 24, 18; Jud. 194. [Laym. fæh: O. Sax. féh: Ger. fech: M. H. Ger. véch: O. H. Ger. féh: Goth. faihs in filu-faihs many-coloured.] DER. ban-fáh, bleó-fág, blód-, brún-, dreór-, gold-, haso-, reád-, searo-, sinc-, stán-, swát-, tigel-, wæl-, won-, wyrm-."
62444,fāh,"outlawed, proscribed",10050,FÁH,"Guilty, criminal, proscribed, outlawed, inimical, hostile","Guilty, criminal, proscribed, outlawed, inimical, hostile; sons, reus, proscriptus, inĭmīcus, infensus, infentus :-- Dǽdum fáh guilty of [wicked] deeds, Cd. 216; Th. 274, 19; Sat. 156. Mid dǽdum fáh, Ps. Th. 105, 28. Firendǽdum fáh guilty of sinful deeds, Exon. 22 b; Th. 62, 13; Cri. 1001: 66 b; Th. 246, 9; Jul. 59. Fyrendǽdum fág, Beo. Th. 2006; B. 100l. Firendǽdum fá, nom. pl. Exon. 31 b; Th. 99, 31; Cri. 1633. Leahtrum fáh guilty of crimes, Exon. 97 b; Th. 364, 6; Wal. 66. Leahtrurn fá, nom. pl. Exon. 20 a; Th. 52, 7; Cri. 830: 30 b; Th. 94. 12; Cri. 1539. Máne fáh guilty of crime, Beo. Th. 1960; B. 978. Máne fá, nom. pl. Andr. Kmbl. 3196; An. 1601. Synnum fáh guilty of sins, Frag. Kmbl. 28; Leás. 16: Exon. 118 b; Th. 456, 9; Hy. 4, 64. Mid synnum fáh, Cd. 217; Th. 275, 32; Sat. 180. Weorcum fáh guilty of [wicked] works, Elen. Kmbl. 2484; El. 1243. Ðeáh ðú from scyle freómágum feor fáh gewítan though thou, outlawed, shalt depart far from thy kindred, Cd. 50; Th. 63, 29; Gen. 1039: Exon. 31 b; Th. 98, 34; Cri. 1617: Andr. Kmbl. 3406; An. 1707: Elen. Kmbl. 1535; El. 769. He fág gewát he outlawed departed, Beo. Th. 2531; B. 1263. Beó he fáh wið ðone cyng let him be hostile to the king, L. Ath. i. 20; Th. i. 210, 11: Cd. 215; Th. 270, 28; Sat. 97; Wald. 101; Vald. 2, 22. Me beswác fáh wyrm þurh fægir word the hostile serpent deceived me with fair words, Cd. 42; Th. 55, 24; Gen. 899: Cd. 166; Th. 207, 31; Exod. 475: Exon. 127 b; Th. 490, 22; Rä. 80, 5. Fágum wyrme to the hostile serpent, Cd. 42; Th. 55, 35; Gen. 904. Nemne we mǽgen fáne gefyllan unless we may fell the foe, Beo. Th. 5303; B. 2655. Fá þrówiaþ ealdorbealu egeslíc the hostile shall suffer terrific vital evil, Exon. 31 b; Th. 98, 30; Cri. 1615. Fára monna of hostile men, Andr. Kmbl. 2045; An. 1025: Beo. Th. 1160; B. 578. Fáum folmum with hostile hands, Cd. 4; Th. 4, 31; Gen. 62: 114; Th. 149, 33; Gen. 2484. [Chauc. foo a foe: R. Glouc. fon foes: Laym. i-fa, i-fo, fo a foe: M. H. Ger. véch, ge-véch hostile: O. H. Ger. féh, ga-féh inĭmīcus: Goth. fayan to be hostile, to reproach.] DER. gryre-fáh, nearo-, syn-."
62445,fāg,"outlawed, proscribed",10039,fág,"guilty, criminal, outlawed, hostile","guilty, criminal, outlawed, hostile, Beo. Th. 2531; B. 1263 v. fáh."
63870,fōr,"journey, wagon",11128,fór,"A going, setting out, journey, course, way, approach","A going, setting out, journey, course, way, approach; ĭtio, profectio, ĭter, cursus, sĕmĭta, accessus:-- Fór wæs ðý beorhtre the course was the brighter. Exon. 105 a; Th. 400, 11; Rä. 20, 8. Me is fenýce fóre hreþre a fen-frog is more rapid than I in its course, 111a; Th. 426, 10; Rä. 41, 71. He hine ofteáh ðære fóre subtraxit se illi profectiōni, Bd. 5, 9; S. 623, 23: Ps. Th. 104, 33. He ðyder on ðære fóre wæs he was on the journey thither, Guthl. 16; Gdwin. 68, 1: Exon. 112b; Th. 430, 19; Rä. 44, 11: 120a; Th. 461, 9; Hö. 33. He sona ongann fýsan to fóre he soon began to hasten for the way, Cd. 138; Th. 173, 12; Gen. 2860. Ne can ic Abeles ór ne fóre I know not Abel's coming nor going, 48; Th. 61, 33; Gen. 1006. Ðú scealt ða fóre geferan thou shall go the journey, Andr. Kmbl. 431; An. 216: 673; An. 337: Exon. 40 b; Th. 136, 8; Gú. 538. Ðú ongeáte fóre mine inlellexisti semltam meam, Ps. Th. 138, 2. Hi wendon heora fóre to Cantwarbyrig they went their way to Canterbury, Chr. 1009; Erl. 142, 17: 1004; Erl. 139, 24. Ðara láreówa fóre heaðoradon doctōrum arcĕbant accessum, Bd. 4, 27; S. 604, 29. DER. forþ-fðr, sǽ-."
63975,fōr,piglet,11129,fór,"A pig, hog","A pig, hog; porcaster:-- Fór porcaster, Wrt. Voc. 286, 48."
64470,feðer,feather,10581,FEÐER,a,"a FEATHER; penna, plūma :-- Mid níre [ = niwre] feðere with a new feather, Herb. 122, 1; Lchdm. i. 234, 13: L. M. 1, 39; Lchdm. ii. 102, 8. Gedó feðere on ele put a feather in oil, L. M. 1, 18; Lchdm. ii. 62, 11. Swanes feðre, nom. pl. swan's feathers, Exon. 57b; Th. 207, 6; Ph. 137. Wurp ða feðera wið æftan ðæt weofod plŭmas projĭciet prŏpe altāre. Lev. 1, 16: Cd. 72; Th. 88, 26; Gen. 1471. Se fenix UNCERTAIN ascæceþ feðre the phœnix shakes its feathers, Exon. 58a;Th. 207, 21; Ph. 145: 58b; Th. 212, 5; Ph. 205. Feðrum bifongenc clad with feathers, 61a; Th. 224, 23; Ph. 380: Bt. Met. Fox 24, 10; Met. 24, 5. II. in the pl. sometimes used for Wings; ālæ, pennæ :-- Mec wǽgun feðre on lifte wings bore me in air, Exon. 107b; Th. 409, 20; Rä. 28, 4. Ic hæbbe swíðe swifte feðera, ðæt ic mæg fliógan ofer ðone heán hróf ðæs heofones I have very swift wings, that I can fly over the high roof of heaven, Bt. 36, 2; Fox 174, 4: Ps. Lamb. 54, 7: 138, 9. He gesihþ brimfuglas brǽdan feðra he sees sea-fowls spread their wings, Exon. 77a; Th. 289, 13; Wand. 47. Cómon earnas on flyhte, feðerum hrémige eagles came in flight, exulting in their wings, Andr. Kmbl. 1728; An. 866: Bt. Met. Fox 24, 17; Met. 24, 9. Fugel feðrutn strong a bird strong of wings, Exon. 57a; Th. 203, 18; Ph. 86: 57b; Th. 206, 7; Ph. 123: 58a; Th. 208, 29; Ph. 163: 106b; Th. 222, 11; Ph. 347. III. what is made of a feather, A pen; penna, călămus :-- Feðer a pen; penna, Wrt. Voc. 75, 16. Nim ðíne feðere and wrít fíftig take thy pen and write fifty, Lk. Bos. 16, 6. [Chauc. feder: Plat. fedder: O. Sax. fethera, f: Dut. veder, veer, f; Ger. feder, f: M. H. Ger. vëdere, vëder, f: O. H. Ger. fedara, f: Dan. fjeder, m. f: Swed. fjäder, m. Icel. fjoðr, f; Lat. penna, old forms pesna, petna, f: Grk. GREEK , n. a feather; GREEK to fly: Sansk. pat to fly.] DER. halsre-feðer, hleow-, wríting-, v. fiðere."
64629,fæder,father,9850,FÆDER,a father,"A FATHER; păter :-- Fæder and módor a father and mother; hic et hæc parens, Ælfc. Gr. 9, 38; Som. 12, 48. On Fæder geardas in the dwellings of the Father, Salm. Kmbl. 832; Sal. 415, Mid fæder ðínne with thy father, Exon. 12 b; Th, 22, 9; Cri. 349, We bletsiaþ bilewitne Feder we bless the merciful Father, Hy. 8, 8; Hy. Grn. ii. 290, 8. Sunu his fæderes son of his father, Cd. 226; Th. 301, 12; Sat. 580. Ðis is se ilca God, ðone fæderas cúðon this is the same God, whom your fathers knew, Andr. Kmbl. 1504; An. 753: Elen. Kmbl. 796; El. 398. Ne sleá man fæderas for suna gylton, ne suna for fædera gilton non occīdentur patres pro fīliis, nec fīlii pro patrĭbus, Deut. 24, 16. Bebeád fæderum ussum mandāvit patrĭbus nostris, Ps. Th. 77, 7."
65537,frēo,"free, loose, free from",12232,FREÓ,adj.,"adj. FREE, having liberty or immunity, noble, glad, joyful; līber, sui jūris, ingĕnuus, nōbĭlis, lætus :-- Heó ðá freó on hire fóta gangum blíðe hám wæs hweorfende ipsa lībĕro pĕdum incessu dŏmum læta reversa est, Bd. 4, 10; S. 578, 32. Beó he freó he shall be free, L. Alf. 11; Th. i. 46, 3, MS. H: L. In. 3; Th. i. 104, 3, MS. B: Bt. 34, 8; Fox 144, 23. Hú wolde ðé lícian, gif hwylc swíðe ríce cyning næfde nǽnne freóne mon on eallon his ríce how would it please thee, if some very powerful king had not any free man in all his realm? 41, 2 ; Fox 24, 25, MS. Cot. Gif he mǽgburg hæbbe freó if he have a free kindred, L. In. 74; Th. i. 148, 19. Ðǽr freó, móton eard weardigan where free, they might inhabit a country, Andr. Kmbl. 1196; An. 598. Ðá wearþ worn aféded freóra bearna then was a number of noble children brought forth, Cd. 79; Th. 99, 6; Gen. 1642: 131; Th. 166, 26; Gen. 2753. Lǽt me freó lǽdan, eft on éðel let me lead them free, back into their country, 98; Th. 128, 22 ; Gen. 2130: Bt. 41, 2; Fox 244, 30; MS. Cot. Ðæt hý ðý freóran hyge geféngen that they might receive the gladder spirit. Exon. 30 a; Th. 92, 22; Cri. 1512. [Chauc. fre: Laym. freo : Orm. freo, fre: Plat. fri, frij: O. Sax. frí in frî-lîk free-born: Frs. fry: O. Frs. fri: Dut. vrij: Ger. frei: M. H. Ger. vrî: O. H. Ger. frî: Goth. freis: Dan. Swed, fri: Icel. frí.] DER. múþ-freó."
65542,frēo,woman of noble descent ('the dear one'),12234,freó,indecl. f. A woman,"indecl. f. A woman; mŭlier ingĕnua :-- Óþ-ðæt he funde freó fægroste until he found the fairest woman, Cd. 23; Th. 29, 28; Gen. 457. [O. Sax. frî.] v. Grm. D. M. 279."
65993,reord,"voice, sound, language",25591,reord,:,": es; n. Speech, tongue, language, voice :-- Reord ðín ðæc gecýðeþ loquela tua manifestum to facit, Mt. Kmbl. Rush. 26, 73. Reord wæs eorþbúendum án gemǽne 'and the whole earth was of one language, and of one speech,' Cd. Th. 98, 25; Gen. 1635. Reord up ástág voices rose high, Exon. Th. 246, 16; Jul. 62. Æt ealra manna gehwæs múþes reorde from the voice of each man's mouth, Soul Kmbl. 186; Seel. Verc. 93. Herian God háligum reorde, Hy. 3, 58. Heofonríces weard spræc hálgan reorde, Cd. Th. 89, 22; Gen. 1484 : 248, 10; Dan. 511. Wit scíran reorde song áhófan, Exon. Th. 324, 32; Víd. 103. Geác monaþ geómran reorde, 309, 7; Seef. 53. Ðæt him ða swá cúþe wǽron swá his ágene reorde ðe hé on ácenned wæs ut tam notas ac familiares sibi eas (Latin and Greek), quam nativitatis suae loquelam haberet, Bd. 5, 23; S. 645, 17. Stefn in becom under hárne stán . . . hordweard oncneów mannes reorde, Beo. Th. 5103; B. 2555. Hí gehýrdon hlúde reorde, ðínes múþes ða mǽran word, Ps. Th. 137, 5. Hé reorde gesette eorþbúendum ungelíce, Cd. Th. 101, 19; Gen. 1684. Se hálga wer hergende wæs Meotudes miltse, and his módsefan rehte þurh reorde, Exon. Th. 188, 25; Az. 51 : 111, 24; Gú. 131. Ic glidan reorde múþe gemǽne, 406, 23; Rú. 25, 5. Se ðe reorda gehwæs ryne gemiclaþ ðara ðe noman Scyppendes hergan willaþ, 4, 3; Cri. 47. Reordana locutionem, Jn. Skt. p. 7, 10. Hý mislíce mongum reordum wóðe hófun, Exon. Th. 156, 6; Gú. 870. Fugla cynn songe lofiaþ, mǽraþ módigne meaglum reordum, 221, 22; Ph. 338. Hé ús syleþ missenlícu mód, monge reorde, 334, 9; Gn. Ex. 13. [Orm. reord, rerd sound, voice : Ps. rorde sonus : Ayenb. ecko, þet is þe rearde þet ine þe heȝe helles comþ aȝen. and acordeþ to al þet me him zayþ : Goth. razda speech, tongue : O. H. Ger. rarta modulatio : Icel. rödd voice.] v, ge-reord."
66191,racu,"narrative, report",25326,racu,"an exposition, explanation, orderly account, narrative","an exposition, explanation, orderly account, narrative :-- Racu historia, Wrt. Voc. ii. 42, 56. Geþeahtung, gesceád vel racu conlatio, i. conductio, comparatio, conciliatio, i. datio, contentio, 134, 44. Gesytnys ł racu textus, Hpt. Gl. 505, 61. Ús ne segþ ná seó racu (the narrative), tó hwam hé hine sette, Ælfc. T. Grn. 19, 3 : Jud. Thw. 156, 10. Ðætte on Arones breóstum sceolde beón áwriten sió racu ðæs dómes ut in Aaron pectore rationale judicii imprimatur, Past. 13, 1 ; Swt. 77, 9. Ðære býcnendlícan race allegoricae expositionis, Bd. 5, 24; S. 647, 42. Race historiae, Hpt. Gl. 459, 68 : prosae, 528, 1. Of racu relatione, 480, 24. Ic eom geþafa ðæs ðe ðú segst forþam ðe ðú hit hæfst geséþed mid gesceádwíslícre race assentior, cuncta enim firmissimis nexa rationibus constant, Bt. 34, 9 ; Fox 146, 8. Ðú spenst mé on ða mǽstan sprǽce and on ða earfoþestan tó gereccenne. Ða race (the explanation) sóhton ealle úþwitan, 39, 4; Fox 216, 15. Ic wolde reccan sume race, 41, 4; Fox 252, 14. Race narrationem, Hpt. Gl. 522, 54 : Lk. Skt. 1, 1. Raca conlationes, Wrt. Voc. ii. 134, 47. Racum relatibus, Hpt. Gl. 529, 39. Hit is gerǽd on gewyrdelícum racum in historical narratives, Homl. Th. i. 58, 10. Rǽde him mon ða raca oððe líf ðæra heáhfædera, R. Ben. 66, 17."
66210,racu,rake,25327,racu,A rake,"A rake :-- Hé sceal habban race (cf.. man sceal habban ofnrace, 265, 2), Anglia ix. 263, 7. v. raca, ræce."
66499,ridda,rider,25659,ridda,"a horseman, rider","a horseman, rider :-- Ridda oððe rídende eques, Ælfc. Gr. 9, 26; Som. 11, 8. Ridda homo equo portatus, Wrt. Voc. ii. 143, 65. Se ridda (cf. sum wegfarende mann, 1. 168) férde forþ on his weg, Swt. A. S. Rdr. 100, 175."
67526,sār,pain-causing,26261,sár,"Sore, painful, grievous, distressing","Sore, painful, grievous, distressing, (1) of physical pain:--Se lǽca ðe sceal sáre (yfela, MS. Y.) wunda wel gehǽlan, hé mót habban góde sealfe ðǽrtó, L. Pen. 4; Th. ii. 278, 15. Ne wæs hyra ǽnigum síðe ðý sárra, ðeáh hý swá sceoldan reáfe birofene slítan haswe bléde, Exon. Th. 394, 20; Rä. 14, 6. Wé wieton ðæt sió diégle wund biþ sárre ðonne sió opene, Past. 38; Swt. 273, 22. (2) of mental pain:--Ðá hé ðæs mannes deáþ swá earmlícne gehýrde ðá wæs him ðæt swíðe sár when he heard the man's death was so miserable, it was very grievous to him, Blickl. Homl. 219, 14. Ne wæs hyre bróðra deáþ on sefan swá sár, Exon. 377, 25; Deór. 9. Ðæt ðam hálgan wæs sár on móde, Cd. Th. 96, 11; Gen. 1593: 27, 30; Gen. 425. Ðæt wæs Satane sár tó geþolienne, Andr. Kmbl. 3375; An. 1691. Ðonne hí sáres hwæt siófian scioldon (cf. ðonne hí sceoldan heora sár siófian, Bt. 38, 1; Fox 194, 35), Met. 26, 82. Bídan sáran sorge, Cd. Th. 266, 26; Sat. 28. Forlǽt sáre sorgceare, Exon. Th. 13, 27; Cri. 209. Hearm, sáre swyltcwale, Andr. Kmbl. 2735; An. 1370. Morþra, sárra sorga, Judth. Thw. 24, 10; Jud. 182: Rood Kmbl. 157; Kr. 80. Manaþ sárum wordum prompts with words that wound, Beo. Th. 4122; B. 2058. Ealle ða sáran edwíta ðe hé ádreág, Blickl. Homl. 97, 15. Uncúðne eard cunnian, sáre síþas to make trial of a land unknown, of travails sore, Exon. Th. 87, 2; Cri. 1419. Cwæð ðæt him wǽre weorce on móde, sorga sárost, Cd. Th. 122, 19; Gen. 2029. [O. Sax. O. L. Ger. O. Frs. O. H. Ger. sér tristis: Icel. sárr sore; wounded.] v. un-sár."
67531,sār,"wound, pain",26260,sár,"pain, suffering, soreness","pain, suffering, soreness :-- Mé sár gehrán, wærc in gewód, Exon. Th. 163, 28; Gú. 1000. Sár gewód ymb ðæs beornes breóst, Andr. Kmbl. 2494; An. 1245. Mid sáre geswenced, mid mislícum ecum and tyddernessum, Blickl. Homl. 59, 7. On sáre his líchoma sceal hér wunian, 61, 1. Hǽlu bútan sáre,Exon. Th. 101, 8; Cri. 1655. Ða ðe on sáre seóce lágun, 83, 14; Cri. 1356. Hé sár ne wiste he did not feel pain, Cd. Th. 12, 3; Gen. 179. (2) a pain, pang, sore, wound:--Nis ðǽr ǽnig sár geméted, ne ádl, ne ece, Blickl. Homl. 25, 30. Hé byð ðæs sáres hál, Lchdm. i. 352, 2. Wið eágena, eárena, sídan, wambe, &c. sáre, i. 2, sqq. On his módor sáre hé biþ ácenned, Blickl. Homl. 57, 35. Ðýlæs hwelc ðara niéhstena ðæs ofslægenan for ðæm sáre (the mortal wound caused by the slipping of an axe) hine ofsleá, Past. 21; Swt. 167, 3. Mugcwyrt ðæt sár ðara fóta of genimþ, Lchdm. i. 102, 16. Gif sió wamb biþ windes full, ðonne cymþ ðæt of wlacre wǽtan; sió cealde wǽte wyrcþ sár an . . . ðonne déþ ðæt ðæt sár áweg, Lchdm. ii. 224, 24. Nǽfre ðú þæs suíðlíc sár gegearwast heardra wíta, ðæt ðú mec onwende worda ðissa, Exon. Th. 246, 2; Jul. 55. Ðú ðæt sár (stripes and blows) áber, Andr. Kmbl. 1912; An. 958. Ðæt gé him sára gehwylc gehǽlde that you should heal every wound for him, Exon. Th. 144, 11; Gú. 676. Leomu hefegodon sárum gesóhte his limbs waxed heavy, visited by pains, 159, 21; Gú. 930. Ádle gebysgad, sárum geswenced, 170, 11; Gú. 1110. Ðá wæs heó eft hefigod mid ðǽm ǽrran sárum prioribus adgravata doloribus, Bd. 4, 19; S. 589, 5. Se Hǽlend his þegnum sǽde ða sár ðe hé ádreógan wolde, Blickl. Homl. 15, 33. Hié ealle líchomlícu sár oforhogodan, 119, 20. II. of the mind, (1) grief, pain, trouble, sorrow:--Ne biþ ðǽr sár ne gewinn, ne nǽnig unéþnes, Blickl. Homl. 103, 35. Wépende sár, Exon. Th. 79, 14; Cri. 1290. Is sáwl mín sáres and yfeles gefylled repleta est malis anima mea, Ps. Th. 87, 3. Tó tácnunge sorges and ánfealdes sáres, Bt. 7, 2; Fox 18, 21. Hí hí forlǽtaþ on ðam mǽstan sáre, 7, 1; Fox 16, 13. Hé heora helpend wæs on heora sáre, Bd. 3, 9; S. 533, 26. (2) a grief, sorrow, pain, wound:--Hit wæs swá gewunelíc on ealdum dagum, ðæt gif hwam sum fǽrlíc sár (affliction) becóme, ðæt hé his reáf tótǽre, Homl. Th. ii. 454, 14. Ðeáh him mon hwæt wiðerweardes doo, oððe hé hwelce scande gehiére be him selfum, hé æt ðæm cierre ne biþ onstyred . . . ac æfter lytlum fæce hé biþ onǽled mid ðý fýre ðæs sáres, Past. 33; Swt. 225, 20. Ðá ðæt mód ðillíc sár cweþende wæs, Bt. 5, 1; Fox 8, 24. Lufu him sára gehwylc symle forswíðede, Exon. Th. 160, 4; Gú. 938: 176, 31; Gú. 1218. Æfter ðære menigeo mínra sára ðe mé on ferhþe gestódan secundum multitudinem dolorum meorum in corde meo, Ps. Th. 93, 18. Ða angunnenan sár conceptos dolores, Wrt. Voc. ii. 136, 12. [Goth. sair: O. Sax. O. L. Ger. O. Frs. O. H. Ger. sér dolor, supplicium, amaritudo, ulcus: Icel. sár a sore; a wound.] v. líc-sár, and next word."
67631,sealt,salt,26970,sealt,Salt,"Salt (lit. and fig.):--Sealt sal, Wrt. Voc. i. 82. 89. Gé synt eorþan sealt (salt, Lind., Rush.): gyf ðæt sealt áwyrþ, Mt. Kmbl. 5, 13: Mk. Skt. 9, 49, 50. Hwylc manna werodum þurhbrýcþ mettum búton swæcce sealtes quis hominum dulcibus perfruitur cibis sine sapore salis? Coll. Monast. Th. 28, 17. Nim ácorfenes sealtes (rock salt) ðæt wæter ðe ðǽrof gǽþ, Lchdm. ii. 246, 18. Hwítes sealtes, iii. 20, 26. Greát sealt rock salt, 40, 20, 10: i. 158, 34. [Goth. salt: O. Sax. O. L. Ger. salt: O. H. Ger. salz: Icel. salt.] See following words, Cod. Dip. Kmbl. vi. 331, col. 2, and Leo on Anglo-Saxon Names. p. 27."
67634,sealt,salty,26971,sealt,Salt,"Salt, (1) of that which is naturally salt:--For hwam wæs seó sǽ sealt geworden? Moises áwearp ða .x. word in ða sǽ, and his teáras ágeát in ða sǽ; for ðam wearð seó sǽ sealt, Salm. Kmbl. 188, 15-19. Sealt wæter the sea, Ps. Th. 68, 2: Cd. Th. 13, 6; Gen. 198. Brim sceal sealt weallan, Menol. Fox 552; Gn. C. 45. On sealtum mersce in salsuginem, Ps. Spl. 106, 34. Óþ ðone sealtan mere usque ad lacum Salinarum, Ors. 1, 1; Swt. 26, 8. Ofer sealtne (saltne, Cott. MSS.) sǽ, Past. pref.; Swt. 9, 8. Sió onlícnes sendde mycel wæter þurh hiora múþ swá sealt (very salt), Blickl. Homl. 245, 25. Eahtoðe wæs sealtes pund, ðanon him wǽron ða teáras sealte, Salm. Kmbl. 180, 16. Sealte ýða, Cd. Th. 205, 26; Exod. 441. Sealte sǽwǽgas, 240, 9; Dan. 384. Sealte streámas, Exon. Th. 206, 2; Ph. 120. Sealte flódas, Ps. Th. 68, 14. Swég sealtera wætera, 76, 13. Salte sǽstreámas, Andr. Kmbl. 1497; An. 750. (2) of that which is artificially salt, salt (meat):--Tú hriéðeru, óðer sealt, óðer fersc, Ch. Th. 158, 27. Forgá sealtes gehwæt, Lchdm. ii. 56, 23. Ete sealtne mete and nówiht fersces, iii. 28, 24. Sele ðú him sealte mettas, 182, 13: 184, 8. [O. Frs. salt: Icel. saltr.] v. un-sealt."
67659,sōl,"dirty, dark",27912,sol,n.:,"n.: solu, we, e; f. Mire or a miry place [Halliwell gives soul, sole=a dirty pond, as a Kentish word]:--Sol volutabrum, Wrt. Voc. i. 37, 22. On grǽgsole burnan; andlang burnan on grǽgsole hagan, Cod. Dip. Kmbl. v. 336, 24. Wið Heortsolwe, iii. 391, 32. Of ðam wylle on ðæt heorotsol; of ðam heorotsole, ii. 249, 37. In ða heortsole; of ðære sole, iii. 380, 6. On ðæt sol; of ðan sole on ða ealdan strǽte, Cod. Dip. B. i. 518, 40. Sole volutabro, Wrt. Voc. ii. 97, 17. Tó sole ł fýlþe ad volutabrum, Hpt. Gl. 477, 70. Seomode on sole sídfæðmed scip, Beo. Th. 609; B. 302. Sió sugu hí wile sylian on hire sole æfter ðæm ðe hió áþwægen biþ, Past. 54; Swt. 419, 27. Gif swín eft filþ on ðæt sol, Swt. 421, 3. Þonon ðæt cume in ða reádan sole, Cod. Dip. Kmbl. iii. 375, 8. In reádan solo, Txts. 431, 6. Ad stagnum quendam cujus vocabulum est Ceabban solo, Cod. Dip. Kmbl. iii. 388, 2. Tó Higsolon; of Higsolon, 219, 3. Swín simle willnaþ licgan on fúlum solum . . . ðeáh hí beswemde weorþon, ðonne sleáþ hé eft on ða solu and bewealwiaþ þǽron, Bt. 37, 4; Fox 192, 26-29. [Cf. sol; adj. filthy:--Wule a sol cloð et one cherre beon hwit iwaschen? A. R. 324, 1. His (the priest's) alter cloð great and sole, and hire (the priest's concubine's) chemise smal and hwit; and te albe sol, and hire smoc hwit, Rel. Ant. i. 129. Solwy dirty, Wrt. Voc. i. 171, 41. O. H. Ger. sol volutabrum.] v. Sol-mónaþ, solian, sylu, sylian."
68571,sēon,strain; flow out (intr.),27214,seón,"trans. To strain, filer:","trans. To strain, filer:-- Siid excolat, Wrt. Voc. ii. 107, 71. Seóh þurh cláþ. Lchdm. ii. 24, I : iii. 14, 18."
68702,sagu,saw,26157,sagu,A saw:-- Sage serram,"A saw:-- Sage serram, Germ. 400, 531. Hé sceal habban æcse, adsan, sage, Anglia ix. 263, 2. [O. H. Ger. saga, sega; f. serra, lima : Icel. sög; f. a saw.] v. saga."
68859,sagu,"statement, narration",26158,sagu,"a saw, say","a saw, say (to say one's say), saying, statement, story, tale :-- Racu, sagu sermo. Hpt. Gl. 433, 12. Nis ðis nán gedwimor ne nán dwollíc sagu. Jud. Thw. p. 159, 27. Ic háte healdan hí óþ ðæt heora sagu áfandod sý. Homl. Th. ii. 484, 3. Teónan ðú wyrcst ús mid ðisse sage haec dicens nobis contumeliam facis, Lk. Skt. II, 45. Sagu dictu (cf. gesægene dictu, 28, 47), Wrt. Voc. ii. 140, 7. Hí sǽdon ðam kinge ðæt hé hæfde swýðe ágylt wið Crist. . . . Ðá læg se king and ásweartode eall mid ðare sage. Chart. Th. 340, 1. Gehýr ðú ðás race ná swilce leáse sagu ac geworden þing audi fabulam, non fabulam sed rem gestam, Ælfc. T. Grn. 16, 12. Geendebrednege ða sago þinga ordinary narrationem rerum, Mt. Kmbl. p. 7, 2, 9. Fabulae synd ða saga ðe menn secgaþ ongeán gecynde, Ælfc. Gr. 50, 29; Zup. 296, 5. Spellenga, sagena sermonum, Hpt. Gl. 505, 77. Ic ðínra bysna ne mæg, worda ne wísna wuht oncnáwan, síðes ne sagona, Cd. Th. 34, 9; Gen. 535. Sagum fabulis, Lk. Skt. p. 2, 10, 11."
68871,sēon,see,27212,seón,to see,"to see with the eyes, (1) with acc.:-- Oft ic wíg seó, Exon. Th. 388, 6; Rä. 6. 3. Ic seah wundorlíce . wiht, 495, 1; Rä. 84, 1. Ne seah ic medudreám máran, Beo. Th. 4033; B. 2014. Hí wuldres þegn eágum"
68895,sæl,"hall, palace",26065,sæl,A hall:--,"A hall:--Ic seah rǽplingas in ræced fergan under hróf sales, Exon. Th. 435, 3; Rä. 53, 2. Gæst yrre cwom, ðǽr wé sæl weardodon, Beo. Th. 4157; B. 2075. Ne gód hafoc geond sæl swingeþ, 4520; B. 2264. Hý sæl timbred (æltimbred, MS., the alliteration requires s) ongytan mihton; ðæt wæs foremǽrost receda, 620; B. 307. Heorot (Hrothgar's hall), sincfáge sel, 336; B. 167. Geond ðæt síde sel, Andr. Kmbl. 1523; An. 763. Wuna salu sinchroden halls splendidly decorated, 3342; An. 1675. Salo, Cd. Th. 113, 3; Gen. 1881. Gesáwon ofer since salo hlifian, reced ofer reádum golde, 145, 10; Gen. 2403. [Wyn for to schenche, after mete in sale, Horn. 1107. Þyse renkeȝ schal neuer sitte in my sale my soper to fele, Allit. Pms. 41, 107. Such a freke watȝ neuer in þat sale er þat tyme, Gaw. 197. O. H. Ger. sal exsolium, coenaculum; daz sal templum: Icel. salr a hall.] v. beág-sel, burg-, folc-, horn-sæl; sele, salor."
69000,sǣl,"fortune, opportunity, time",26066,sǽl,"time, occasion:--","time, occasion:--Ðá becom se apostol æt sumum sǽle (on one occasion) tó ðære byrig Pergamum, Homl. Th. i. 62, 24: 70, 23. On sumne sǽl quandoque, Ælfc. Gr. 38; Som. 40, 66. Heora wíse on nǽnne sǽl wel ne gefór, Ors. 4, 4; Swt. 164, 13. Ðás wyrte man mæg niman on ǽlcne sǽl this plant may be gathered at any time, Lchdm. i. 112, 3."
69530,sīðian,"go, move, wander",27546,síðian,"To journey, go, travel :--","To journey, go, travel :--Hwider síðast ðú bútan ðínःum bearne ? Homl. Th. i. 416, 33. Ðǽr ic síðade juxta iter, Ps. Th. 139, 5. Hé ðider síðode. Homl. Th. ii. 516, 6. Sum undercyning hine bæd ðæt hé hám mid him síðode, i. 128, 6. Ðá ðá se Hǽlend síðode, sum man him cwæþ tó : 'Ic wille síðian mid ðé and ðé folgian,' Homl. Skt. i. 16, 154. Nǽnig wæs ðæt hé eft síðade hyhta leás, Exon. Th. 157, 24 ; Gú. 896. Þurh ðé Freá on ðás eorþan út síðade, 21, 4 ; Cri. 329. Hig intó helle cuce síðodon descenderunt vivi in infernum, Num. 16, 33. Hig síðodon ealle tó Egipta lande, Ælfc. T. Grn. 5, 3. Síðedon, Cd. Th. 121, 13 ; Gen. 2009. Hine cneówmǽgas mid síðedon, 104, 13 ; Gen. 1734. Ðæt ic hláfordleás hám síðie, wende fram wíge, Byrht. Th. 139, 9 ; By. 251. Ðǽr gé síðien, Cd. Th. 195, 6 ; Exod. 272. Síðien and færen comitentur, Wrt. Voc. ii. 22, 14. For ðé sceal ǽlc flǽsc forþ síðian ad te omnis caro veniet, Ps. Th. 64, 2. Ðá com eorl síðian on Egypte, Cd. Th. 110, 27 ; Gen. 1844. Gewát him hám síðian, 130, 18 ; Gen. 2161. Héht hine twegen men mid síðian, 173, 28 ; Gen. 2868. Samed síðian, Exon. Th. 434, 17 ; Rä. 52, 2. Up siðian, Hy. 3, 56. Síðigean, Andr. Kmbl. 1657 ; An. 831. Ic eom engel Godes ufan síðende, Exon. Th. 258, 7 ; Jul. 261. ¶ of the spirit's journey to another world :--Æfter deáþe somod síðiaþ sáwla mid líce, 237, 2 ; Ph. 584. Scolde se ellorgást on feónda geweald feor síðian, Beo. Th. 1621 ; B. 808. Ðæt mín sáwul tó ðé síðian móte, Byrht. Th. 136, 65. [O. E. Homl. siðian : Laym. siðen : O. Sax. síðón : O. H. Ger. sindón : Icel. sinna.] v. for-, gemid-, mid-, wræc-síðian."
69801,sol,"mud, puddle",27912,sol,n.:,"n.: solu, we, e; f. Mire or a miry place [Halliwell gives soul, sole=a dirty pond, as a Kentish word]:--Sol volutabrum, Wrt. Voc. i. 37, 22. On grǽgsole burnan; andlang burnan on grǽgsole hagan, Cod. Dip. Kmbl. v. 336, 24. Wið Heortsolwe, iii. 391, 32. Of ðam wylle on ðæt heorotsol; of ðam heorotsole, ii. 249, 37. In ða heortsole; of ðære sole, iii. 380, 6. On ðæt sol; of ðan sole on ða ealdan strǽte, Cod. Dip. B. i. 518, 40. Sole volutabro, Wrt. Voc. ii. 97, 17. Tó sole ł fýlþe ad volutabrum, Hpt. Gl. 477, 70. Seomode on sole sídfæðmed scip, Beo. Th. 609; B. 302. Sió sugu hí wile sylian on hire sole æfter ðæm ðe hió áþwægen biþ, Past. 54; Swt. 419, 27. Gif swín eft filþ on ðæt sol, Swt. 421, 3. Þonon ðæt cume in ða reádan sole, Cod. Dip. Kmbl. iii. 375, 8. In reádan solo, Txts. 431, 6. Ad stagnum quendam cujus vocabulum est Ceabban solo, Cod. Dip. Kmbl. iii. 388, 2. Tó Higsolon; of Higsolon, 219, 3. Swín simle willnaþ licgan on fúlum solum . . . ðeáh hí beswemde weorþon, ðonne sleáþ hé eft on ða solu and bewealwiaþ þǽron, Bt. 37, 4; Fox 192, 26-29. [Cf. sol; adj. filthy:--Wule a sol cloð et one cherre beon hwit iwaschen? A. R. 324, 1. His (the priest's) alter cloð great and sole, and hire (the priest's concubine's) chemise smal and hwit; and te albe sol, and hire smoc hwit, Rel. Ant. i. 129. Solwy dirty, Wrt. Voc. i. 171, 41. O. H. Ger. sol volutabrum.] v. Sol-mónaþ, solian, sylu, sylian."
71517,scear,plowshare,26431,scear,m.,"m. (?) A plough-share :--scer, scær, scear uomis, Ælfc. Gr. 9, 28 ; Zup. 55, 16. Scaer vomer, Txts. 35, 32. Scear vomer vel vomis, Wrt. Voc. I. 15, I: 74, 72. Scer, 287, 6. Hwanon ðam yrþlinge sylan scear oððe culter, Coll. Monast. Th. 30, 29. Gefæstnodon sceare and cultre mid ðære syl confirmato vomere et cultro aratro, 19, 19. Hé sceal habban scear, culter and eác gádíren, Anglia ix. 263, 4. [Chauc. Piers P. Prompt. Parv. schare : O. Frs. skere, schere: O. H. Ger. scar, scaro vomer.]"
71532,sceard,"hacked, notched",26437,sceard,"notched, hacked, having gaps","notched, hacked, having gaps or rifts :--Ic geann Ælmǽre ðæs sceardan swurdes the hacked sword (cf. Icel. með skarða skjöldu with hacked shields), Chart. Th. 561, 1, 23. Tó ðam sceardan beorge (cf. ðone tóbrocenan beorg ðe is tóclofen, Cod. Dip. Kmbl. ii. 251, 5), of ðam sceardan beorge tó ðam rúgan hlǽwe. Cod."
71535,sceard,fragment,26435,sceard,"A shard, sherd, pot-sherd, tile","A shard, sherd, pot-sherd, tile :--Scearda testarum, Germ. 398, 257. [Gower uses sherd for the scale of a dragon, ' a dragon whose scherdes schinen as the sonne,' iii. 68, 5: and in Shakspere shard; denotes a beetle's hard wing-case, v. Nares' Glossary. M. H. Ger. scharte a sherd : Ger. scharte.] v. croc-sceard ; scirden."
71564,scēar,ploughshare,26431,scear,m.,"m. (?) A plough-share :--scer, scær, scear uomis, Ælfc. Gr. 9, 28 ; Zup. 55, 16. Scaer vomer, Txts. 35, 32. Scear vomer vel vomis, Wrt. Voc. I. 15, I: 74, 72. Scer, 287, 6. Hwanon ðam yrþlinge sylan scear oððe culter, Coll. Monast. Th. 30, 29. Gefæstnodon sceare and cultre mid ðære syl confirmato vomere et cultro aratro, 19, 19. Hé sceal habban scear, culter and eác gádíren, Anglia ix. 263, 4. [Chauc. Piers P. Prompt. Parv. schare : O. Frs. skere, schere: O. H. Ger. scar, scaro vomer.]"
72357,hȳd,skin,20145,HÝD,f.,"f. HIDE, skin: -- Hýd cutis vel pellis; corium vel tergus, Ælfc. Gl. 73; Som. 71, 31, 32; Wrt. Voc. 44, 17, 18. Getannede hýd subacta coria vel medicata vel confecta, 17; Som. 58, 103; Wrt. Voc. 22, 19. Hiora hýd biþ swíde gód tó sciprǽpum their [walruses'] hide is very good for ship-ropes, Ors. 1, 1; Swt. 18, 2. Him seó hýd áheardod wæs on dǽm cneówum swá olfendan cneó beóþ the skin on his knees had got as hard as a camel's knees are, Shrn. 93, 10. Þurh ðære hýde wunda ádwæscte his módes wunda through the wounds of his skin extinguished the wounds of his mind, Homl. Th. ii. 156, 31. Twegen sciprápas óðer of hwæles hýde geworht óðer of sioles, Ors. 1, 1; Swt. 18, 22. Se bát wæs geworht of þriddan healfre hýde the boat was made of two hides and a half, Chr. 891; Erl. 88, 9. Þincþ him [cattle] genóg on ðam ðe hí binnan heora ǽgenre hýde habbaþ tóeácan ðam fódre ðe him gecyndelíc biþ, Bt. 14, 2; Fox. 44, 23. Gif mon óðrum rib forsleá binnan gehálre hýde geselle x scill. tó bóte gif sió hýd síe tóbrocen ... if a man fracture another's rib without breaking the skin let him pay ten shillings in compensation; if the skin be broken ..., L. Alf. pol. 70; Th. i. 98, 11-13. Ðá heó [the snake] gefylled wæs hé hét hý behyldan and ða hýde tóRóme bringan ... heó wæs hundtwelftiges fóta lang, Ors. 4, 6; Bos. 85, 1. Hé healde iii niht hýde [of an ox] and heáfod and sceápes eallswá. And gif hé ða hýde áweg sylle gilde xx óran, L. Eth. iii. 9; Th. i. 296, 118. Hwæt sind gescý búton deádra nýtena hýda? Homl. Th. ii. 280, 30. Ic bicge hýda and fell ego emo cutes et pelles, Coll. Monast. Th. 27, 29. Horses hýda hí habbaþ him tó hrægle pelliculas equorum ad vestimentum habentes, Nar. 38, 2. In the Laws the word is used in technical phrases relating to flogging [cf. colloquial 'to give one a hiding'] :-- Wealh gafolgelda cxx scill. ... weales hýd twelfum the 'wer' of a tenant of British race is one hundred and twenty shillings ... the 'hide-gild' of a man of British race is twelve shillings [the 'hide-gild' of a þeów (v. infra), whose wer was half that of a wealh, was six shillings; if the same proportion was kept, the weales hýd would be, as here, twelve shillings], L. In. 23; Th. i. 118, 4. Þeówman þolie his hýde oððe hýdgyldes let a slave be flogged or pay the 'hide-gild,' L. E. G. 7, 8; Th. i. 172, 1, 7: L. C. S. 45; 47; Th. i. 402, 16, 26. Ðara hyrda ǽlc þolige ðære hýde, L. Edg. S. 9; Th. i. 276, 3. Gif þeów deóflum geldaþ vi scill. gebéte oððe his hýd if a slave offer to devils let him pay six shillings or be flogged, L. Wih. 13: 15: 10; Th. i. 40, S. 11: 38, 22. Gif hwá his hýde forwyrce and cirican geierne síe him sió swingelle forgifen if any one be liable to flogging [lit. forfeit his hide] and escape into a church, let the scourging be forgiven him, L. In. 5; Th. i. 104, 15. Se ðe ǽnig ðissa dó, gilde wíte, fríman xii ór, þeówman ða hýde, L. N. P. L. 56; Th. ii. 298, 25. v. Grm. R. A. 703. [Laym. A. R. O. and N. hude: O. Frs. húd, héd: Icel. húð a hide: also a law term as above, e.g. fyrirgöra húð sinni to forfeit one's hide; leysa húð sína to redeem one's hide; cf. hýða to flog: O. H. Ger. hút cutis, corium, pellis, tergus, birsa: Ger. haut.]"
72390,hȳdan,conceal,20147,HÝDAN,To,"To HIDE, conceal :-- Ic mé wið heora hete hýde absconderem me ab eo, Ps. Th. 54, 12. Se lǽce hýd his ísern wið ðone monn ðe hé sníðan wile the surgeon hides his knife from the man that he means to cut, Past. 26, 3; Swt. 185, 25. Hýt abscondit, Swt. 187, 9. Se ðe his hwǽte hýtt qui abscondit frumenta, 49, 1; Swt. 377, 13. Hýdeþ, Exon. 82 b; Th. 311, 34; Seef. 102. Hí on holum hýdaþ hí in cubilibus suis se collocabunt, Ps. Th. 103, 21. Fleóþ ðonne tó muntum and hié hýdaþ for ðara engla onsýne, Blickl. Homl. 93, 26: Past. 15, 1; Swt. 89, 15. Ic on mínre heortan hýdde in corde meo abscondi, Ps. Th. 118, 11: Bt. Met. Fox 29, 109; Met. 29, 55. Ðe hǽlend hine hýdde Iesus abscondit se, Jn. Skt. Rush. 8, 59. Hýddon hié they hid themselves, Cd. 40; Th. 53, 12; Gen. 860. Hýde se ðe wylle hide who will, Beo. Th. 5526; B. 2766. Ne sylþ hé hit ús tó ðon ðæt wé hit hýdon. Blickl. Homl. 53, 17. Crist hét hine hýdan ðæt hearde ísen [put up his sword], Homl. Th. ii. 246, 24. Nó ðú mínne þearft hafelan hýdan [bury], Beo. Th. 896; B. 446. Hwǽr se wuldres beám under hrusan hýded wǽre where the tree of glory [the cross] under ground was hidden, Elen. Kmbl. 436; El. 218. Ðár da æðelestan hýdde wǽron, 2214; El. 1108. [Orm. hidenn; Laym. A. R. O. and N. huden: Ayenb. hede: Chauc. hide.] DER. á-, be-, bi-, for-, ge-hýdan."
72696,scead,shadow,26336,scead,Shade,"Shade; fig. shelter, protection :-- Æfter sceades sciman, Salm. Kmbl. 233; Sal. 116. Scedes, Cd. Th. 271, 15; Sat. 106. On sceade (scade, MS. B.) áhón. Lchdm. i. 284, 21. On ðam sceade his geteldes in abscondito tabernaculi sui, Ps. Th. 26, 6. Manna bearn hopiaþ tó ðæm sceade ðínra fiðera filii hominum in protectione alarum tuarum sperabunt, 35, 8. Ðonne on sceade weaxeþ, Exon. Th. 214, 5; Ph. 234. Hé in scade weardaþ, on wudubearwe, wéste stówe, 209, 10; Ph. 168. Ðæt gé mec mid searocræftum under scæd scúfan mótan, 142, 20; Gú. 647. Sceadu beóþ bidyrned, ðǽr se leóhta beám leódum byrhteþ, 67, 16; Cri. 1089. Sceadu sweðerodon, Andr. Kmbl. 1672; An. 838. Sceado (sceaðo, MS.), Cd. Th. 184, 27; Exod. 113. Scadu, Exon. Th. 179, 16; Gú. 1262. Deorc deáþes sceadu dreógan, 8, 15; Cri. 118. Sunne ofer sceadu scíneþ, 212, 14; Ph. 210. Under sceadu bregdan to kill, Beo. Th. 1419; B. 707. Dæg ǽresta geseah deorc sceado sweart swiðrian, Cd. Th. 8, 33; Gen. 133. v. leáf-scead, sceadu."
74085,spæc,branch,27991,spæc,m.,"m. (?) n. (?) A thin twig, tendril, runner:--Twig ramus, spæc framen (cf. framen streáberie-wísan, 31, 70), Wrt. Voc. i. 285, 81: ii. 36, 57: cremium (cremia ligna tenuia et arida), 151, 2. Ðara spaca speldra malleoli (malleolus manipulus sparteus pice contectus quem incensum in muros jaciebant), 54, 57. [O. H. Ger. spah, spahha(o) sarmentum, cremium, fasciculus ex siccis lignis, malleolus, ramus.] v. spræc."
74694,spearwa,sparrow,28031,spearwa,A sparrow:--,"A sparrow:--Spearuua, spearua, sperua fenus, Txts. 62, 435. Spearwa, Wrt. Voc. ii. 35, 22: passer, i. 77, 29: 281, 27: Bd. 2, 13; S. 516, 17: Ps. Spl. 83, 3. Spearewa, Wrt. Voc. i. 63, 7. Spearuwa, Ps. Th. 10, arg.: 83, 3. Speara, Ps. Surt. 83, 4. Ðá geseah heó spearwan nest, Homl. As. 120, 116. Ic spearuwan gelíce gewearð, Ps. Th. 101, 5. Spearwan nystlaþ passeres nidificabunt, 103, 16. Spearwan (hrond-sparuas, Lind.: spearwas, Rush.), Mt. Kmbl. 10, 29, 31: Lk. Skt. 12, 6. Beteran manegum spearwum, 12, 7. [Goth. sparwa: O. H. Ger. sparo: Icel. spörr.] v. neód-spearuwa."
74807,spearwa,calf (of leg),28032,spearwa,The calf of the leg:--,"The calf of the leg:--Sparuua, sparua, spearua surum, Txts. 94, 897. v. spear-lira."
75013,spǣc,speech,27992,spǽc,"spædu. v. sprǽc, spadu.","spædu. v. sprǽc, spadu."
75575,stede,"the standing, stopping, place",28418,stede,"a place, spot, locality","a place, spot, locality :-- Mid wæter ymbtyrnd stede circumlutus locus, Wrt. Voc. i. 59, 15. Se stede ys hálig ðe ðú on stenst locus, in quo stas, sanctus est, Jos. 5, 16. Ðes ænga stede (Hell), Cd. Th. 23, 9; Gen. 356. Hí cóman tó Brytene on ðam stede Heopwines fleót, Chr. 449; Erl. 13, 4. In ðone stede ðe is gecueden Cerdices óra, 495; Erl. 14, 10. Ðone stede healdan, Byrht. Th. 132, 21; By. 19. Tó hwí hremþ hit ðisne stede (quid terram occupat? Lk. 13, 7), Homl. Th. ii. 408, 5. Eode on woestigum styd (steyde, Rush.) abiit in desertum locum, Mk. Skt. Lind. 1, 35. Stydd, Lk. Skt. Lind. 10, 1. Hí sǽton tú winter on ðám twám stedum, Chr. 887; Erl. 84, 33."
75784,stēor,rudder,28471,steór,"A rudder, helm.","A rudder, helm. [Itt iss sett att te ster to sterenn, Orm. 15258. Hys sterisman ... the stere smote overe borde, Chauc. H. of F. i. 437. Ȝif he ne rauȝte to þe stiere (steere, stere) þe wynde wolde þe bote ouerthrowe, Piers P. 8, 35. Du. stuur; n. helm, rudder: O. Frs. stiure: M. H. Ger. stiure; n.: Ger. steuer; n.: Icel. stýri; n.] v. steór-, steóres-mann."
75799,stēor,bull,28469,steór,"A steer, young bull","A steer, young bull, or cow :-- Ðríuuintri steór, steúr prifeta, Txts. 89, 1655: Wrt. Voc. ii. 68, 42. Steór anniculus, 10, 41: juvencus, vel vitula, i. 23, 43: laudaris, 287, 61: ludares, ii. 51, 22: ludarius, 113, 24. [Goth. stiurs a calf: O. L. Ger. stier taurus: O. H. Ger. stior juvencus: Icel. stjórr.] v. steór-oxa."
75980,stefn,"time, instance, period",28431,stefn,"a turn, time","a turn, time :-- Ðá besæt sió fierd hié (the Danes) ðǽr ða hwíle ðe hié ðær lengest mete hæfdon, ac hié hæfdon heora stemn gesetenne the English force had sat out its turn of service, Chr. 894; Erl. 90, 31. But the word occurs mostly in phrases :-- Ðá Noe ongan níwan stefne (anew, a second time) hám staðelian, Cd. Th. 94, 2; Gen. 1555: Beo. Th. 5181; B. 2594. Eft ... niówan stefne, 3582; B. 1789: Andr. Kmbl. 2607; An. 1305: Cd. Th. 113, 12; Gen. 1886. Hé hine Cyriacus syððan nemde níwan stefne he afterwards named him afresh Cyriacus, Elen. Kmbl. 2119; El. 1061. Emb stemn uicissim, Germ. 388, 77. Emb stem, Scint. 140, 17."
75984,stefn,"stem, root, prow",28429,stefn,a stem,"a stem of a tree :-- Hwæt wénst ðú for hwí ǽlc sǽd grówe innon ða eorþan and tó wyrtrumum weorþe on ðære eorþan, búton for ðý ðe hí tiohhiaþ ðæt se stemn and se helm móte ðý fæstor standon ... Eal se dǽl, se ðe ðæs treówes on twelf mónþum geweaxeþ, hé onginþ of ðám wyrtrumum and swá upweardes gréwþ óþ ðone stemn, Bt. 34, 10; Fox 148, 31-150, 2. Ic (the cross) wæs áheáwen holtes on ende, ástyred of stefne (swefne, Kemble) mínum, Rood Kmbl. 59; Kr. 30. Beám yldo ábreóteþ and bebriceþ telgum, ástyreþ stefn on síðe, áfylleþ hine on foldan, Salm. Kmbl. 594; Sal. 296."
77413,stēap,"high, towering",28406,steáp,"lofty, high, towering,","lofty, high, towering, of buildings, hills, etc. :-- Se streám ætstód swá steáp swá munt the stream (Jordan) stood as high as a hill, Homl. Th. ii. 212, 23. Wág steáp gedreás, Exon. Th. 476, 22; Ruin. 11. Seó steápe burh on Sennar stód, Cd. Th. 102, 15; Gen. 1700. Fýr steápes and geápes swógende forswealh eall fire everything lofty and spacious devoured roaring, Cd. Th. 154, 16; Gen. 2556. On ðisum steápum munte, Homl. Skt. i. 13, 9. Worhton mid stánum ánne steápne beorh him ofer congregaverunt super eum acervum magnum lapidum, Jos. 7, 26. Steápne hróf, Beo. Th. 1857; B. 926. Þurh steápne beorg strǽte wyrcan, Exon. Th. 397, 11; Rä. 16, 18. Steápe dúne, Cd. Th. 172, 33; Gen. 2853. Steápe stánbyrig, 133, 17; Gen. 2212. Weallas steápe, Exon. Th. 383, 13; Rä. 4, 10. Beorgas ðǽr ne muntas steápe ne stondeþ, 199, 7; Ph. 22: Beo. Th. 450; B. 222: Andr. Kmbl. 1680; An. 842."
77418,stēap,cup,28405,steáp,"A stoup, drinking vessel, cup, flagon","A stoup, drinking vessel, cup, flagon :-- Steáp ciatum, Wrt. Voc. i. 290, 78: ii. 17, 28. Micel steáp ful, Lchdm. ii. 294, 19. Se wínes steáp fægere gefylled is calix vini meri plenus est, Ps. Th. 74, 7. Steápes poculi, Hpt. Gl. 450, 6. Nalles wín druncon scír of steápe, Met. 8, 21. Dó steáp fulne wínes tó wóse. Lchdm. ii. 18, 4. Gif man óðrum steóp ásette ðǽr mæn drincen ágelde vi. scill. ðam ðe man ðone steáp áset if a man remove(?) a cup from another where men are drinking, let. vi. s. be paid to the man from whom the cup was taken, L. H. E. 12; Th. i. 32, 8-10. Steápas fialas, Wrt. Voc, ii. 149, 4. [A stope hec cupa, Wrt. Voc. 235, 16. O. H. Ger. stouf calix, cyathus: Icel. staup; n. a cup, beaker.]"
77544,streng,"cord, strand",28689,streng,"a string, cord, rope","a string, cord, rope :-- Ráp vel strenc funiculus, modicus funus, Wrt. Voc. ii. 151, 67. Strengas vel bendas lora,136, 77. Hé worhte swipan of strengon (de funiculis), Jn. Skt. 2, 15. (l) a string of a musical instrument:-- Streng fidis. Wrt. Voc. i. 73, 54. On saltere týn strenga (chordarum), Ps. Spl. 32, 2. Strengum fidibus, Wrt. Voc. ii. 37, 22 : 148, 71 : Hpt. Gl. 520, 61. Mid týn strengum getogen hearpe, Ps. Th. 143, 10. (2) a bow-string :-- Boga arcus, bogen (-an?) streng anquina (ar- ?), Wrt. Voc. i. 35, 26. Strǽla storm strengum gebǽded, Beo. Th. 6226; B. 3117. (3) in a ship, part of the rigging; also a cable. v. ancer-streng and cf. Icel. strengr in this sense :-- Ðæt scyp úte on ðære sǽ byþ gesund, gyf se streng (v. ancer-streng, 1. 18) áþolaþ, for ðam hýs byþ se óðer ende fast on ðære eorðan and se óðer on ðam scype... Ðú scealt gefastnian ðone streng on Gode, ðæt ðæt scyp healdan sceal ðínes módes, Shrn. 175, 21-31. Windas weóxon, strengas gurron, Andr. Kmbl. 748 ; An. 374. (4) a ligament, string (of the tongue) :-- Wið ðam ðe se streng under ðare tunga tóswollen byþ, Lchdm. iii. 102, 2, 4, 5, 8. Strengce nervo, Hpt. Gl. 405, 73. Strenga nervorum, 475, 13."
81796,wæd,"water, lake",33305,wæd,"A ford, shallow water, water that may be traversed","A ford, shallow water, water that may be traversed (cf. wadan, and the forms wade, wath in place-names, e.g. Biggles-wade, Longwathby); poet, a body of water, sea :-- Bí wædes ófre, Exon. Th. 360, 22; Wal. 9. Wyllelm king lǽdde scypferde and landfyrde tó Scotlande ... him sylf mid his landfyrde férde inn ofer ðæt wæð (æt ðam gewæde, MS. E. Cf. wath a ford, Jamieson's Dict.), Chr. 1073; Erl. 211, 25. Wit on sǽ wǽron, óþ ðæt unc flód tódráf, wado weallende, Beo. Th. 1096; B. 546: 1166; B. 581. Sǽholm oncneów ðæt ðú gife hæfdes ... wædu swæðorodon, Andr. Kmbl. 1066; An. 533. Wé on sǽbáte ofer waruðgewinn wada cunnedon faroðrídende, 878; An. 439: Beo. Th. 1021; B. 508. Ðonne ic (a swan) wado dréfe when I trouble the waters (i.e. swim), Exon. Th. 389, 24; Rä. 8, 2. [A wathe vadum, flustrum, Cath. Angl. 410, and note: O. H. Ger. wat, furt vadum: Icel. vað a ford.] v. ge- (geuueada vada brevia, Wrt. Voc. ii. 123, 17), mearc-, seolh-wæd."
82431,wiht,weight,34650,wiht,f.,"f. ?) weight :-- Wiht pondus, Kent. Gl. 344. Wihte pondere, Wülck. Gl. 237, 27. Genim ǣgþres gelīce micel be wihte (gewihte, v. l.), Lchdm. i. 146, 20. Mā hundred punda seolfres; đet hē nam be wihte, and mid mycelan unrihte, Chr. 1086 ; Th. i. 355, 31. Genim of ǣlcere đisre wyrte .xx. penega wiht, Lchdm. i. 374, 21. [For his æfne wiht of golde. Laym. 30835. Wiþþ fife wehhte of sillferr, Orm. 7812. Ayenb. wiȝte: Chauc. wighte, weihte, weiȝte: Piers P. weȝt, weghe: Icel. vætt; f.] v. ge-wiht."
82555,wīr,"metal wire, twisted ornament",34911,wír,"Wire, metal thread","Wire, metal thread; often used apparently in ornamental work, so, an ornament made of wire. Cf. Icel. víra-virki filigree work:--Beorht seomað (-ad, MS.) wír ymb ðone wælgim, Exon. Th. 400, 20; Rä. 21, 4. Hæleð gierede mec (a book) mid golde, for ðon mé glíwedon wrǽtlíc weorc smiþa wíre bifongen, 408, 19; Rä. 27, 14. Wíre geweorþad, 484, 9; Rä. 70, 5. Eorðsele wæs innan full wrǽtta and wíra (ornaments made of gold or silver wire), weard unhióre goldmáðmas heóld, Bec. Th. 4817; B. 2413. Næbbe ic fǽted gold, . . . ne wíra gespann, landes ne locenra beága, Andr. Kmbl. 604; An. 302: Elen. Kmbl. 2267; El. 1135. Wírum gewlenced, 2525; El. 1264: Exon. Th. 402, 19; Rä. 21, 32. Ic eom fægerre frætwum goldes, þeáh hit mon áwerge wírum útan, 424, 31; Rä. 41, 47. Wírum bewunden, Beo. Th. 2066; B. 1031. Hygeróf gebond weallwalan wírum wundrum tógædre, Exon. Th. 477, 7; Ruin. 21. [Gold wir, Laym. 7048. Fetislich hir fyngres were fretted with golde wyre, Piers P. 2, 11. Icel. vírr.]"
83126,wice,elm,34462,wice,and,"and wic?), es; m. A wich-elm :-- Cuicbeám, uuice cariscus, Wrt. Voc. ii. 102, 65. Wice, 13, 21 : 1. 285, 45 (at 42 virecta is glossed by wice, but perhaps cwice should be read, cf. virecta quicae, ii. 123, 62). Wic vel cwicbeám cariscus, ii. 129, 7. Tó ðam wic . . . of ðam wice tó ðære hapuldre . . . of ðam alre tó ðám twám wycan standaþ on geréwe eal swá ðæt gemére gǽð; swá up tó ðam wice stynt beneoðan bælles wæge; of ðam wice . . . á be hege tó ealdan wycan tó ðam wealle, Cod. Dip. Kmbl. iii. 424, 5-30. Genim . . . wice, ác, bircean . . . and ǽlces treówes dǽl, ðe man begitan mæg, Lchdm. ii. 86, 7. ¶ perhaps the word is found in the place name occurring in the following :-- Uno in eo loco cui uocabulum est æt Griman laeg . . . Tertio æt Wican, Cod. Dip. Kmbl. ii, 407, 22 (cf. Ðis syndon ðara halfe híde londgemǽru æt Wican, iii. 464, 2). Ad villam quae uocatur Uuican, i. 153, 27 (cf, Ðis synd ða langemǽra intó Wican, iii. 382, 4.) [Wyche ulmus, Prompt. Parv. 526.]"
83301,wīr,myrtle,34910,wír,myrtle:--,"myrtle:--Uuír, uuýr myrtus, Txts. 79, 1356. Wír, Wrt. Voc. i. 285, 51: ii. 55, 83. Ele on ðam ðe wǽre wír gesoden, Lchdm. ii. 70, 15. Genim wír, 86, 7. v. wír-treów."
83507,wiht,"thing, being, demon",34649,wiht,"a wight, creature, being, created thing","a wight, creature, being, created thing :-- Nis nān wuht (cf. nān gesceaft, 22) đe mæge ođđe wille swā heágum Gode wiþcweþan . . . Ne wēne ic đæt ǣnig wuht (cf. gesceaft, 24) sié đe wiþwinne non est aliquid, quod summo huic bono vel velit, vel possit obsistere. Non . . . arbitror. Bt. 35, 4; Fox 160, 29. Manig wyht is mistlīce fērende geond corþan quam variis terras animalia permeant figuris, 41, 6; Fox 254, 23. Æle uht, đæs đe hió (an asp) ābítt, scel his līf on slǣpe geendian, Ors. 5, 13 ; Swt. 246, 27. Ic (a leather bottle) eom wunderlīcu wiht, Exon. Th. 399, 16 ; Rä. 19, l (the word occurs often in the riddles). Ūr . . . is mōdig wuht, Runic pm. Kmbl. 339, 12 ; Rūn. 2. Nānre wuhte līchoma ne beođ tēderra đonne đæs monnes, Bt. 16, 2 ; Fox 52, 8. Se hrycg færđ æfter ǣlcre wuhte, Past. I ; Swt. 29, 14. Wiþerweardnes wuhte gehwelcre, Met. II, 78. Ðære wihte, Exon. Th. 438, 9; Rä. 57, 5. Ne mæg ic nāne cwica wuht (animalia) ongitan, đara đe wite hwæt hit wille, ođđe hwæt hit nylle, đe ungenēd lyste for-weorþan, for đam ǣlc wuht (animal] wolde bión hāl and libban, đara đe mē cwica đincđ būte ic nāt be swylcum gesceaftum swylce nāne sāwle nabbaþ, Bt. 34, 10; Fox 148, 13-17. Sóđ is ǣghwylc đara đe ymb đās wiht wordum bécneþ ne hafaþ heó ǣnig lim, leofaþ se þeáh. Exon. Th. 421, 30 ; Rä. 40, 26. Hí geségon syllicran wiht, wyrm on wonge, Beo. Th. 6069 ; B. 3038. Ic đa wihte geseah . . . heó wæs wundrum gegier-wed. Exon. Th. 483, 5; Rä. 68, Hwylce wihta beóđ ōđre tīd wīfcynnes, and ōđre tīd wǣpnedcynnes ? Salm. Kmbl. p. 202, 12. Ic geseah đa anlīcnessa ealra creópendra wuhta (reptilium). . . Ða creó-pendan wuhta getācniaþ . . . , Past. 21; Swt. 155, 14. Swilca wuhta (fleógan, gnættas, loppe) him deriaþ. Bt. 16, 2 ; Fox 52, 14. Manega wuhta (animalia), Met. 31, 2. Ðe sculon moldwyrmas ceówan, slītan swearte wihta (wihte, Exon. Th. 371, 10), Soul Kmbl. 146; Seel. 72. Ðine wihte animalia tua, Ps. Th. 67, Ða wihte twā, Exon. Th. 429, 38; Rā. 43, 16. Flǣsc lytelra wuhta, smælra fugla, Lchdm. ii. 180, 13. Wihta Wealdend, Cd. Th. 272, 25; Sat. 125. Ne meahte đǣr drincan wihta ǣnig, Ps. Th. 77, 44. Ealra wihta gehwam omne animal, 144, 17. Wuhta gehwylc, Met. ll, 52. Earmost ealra wihta, đara đe cenned wǣre. Exon. Th. 421, 7; Rä 40, 14. Wihta gehwylce, deóra and fugla, 61, 10; Cri. 982. Cynna gehwylc cucra wuhta, đara đe lyft and flōd fēdaþ, feoh and fuglas, Cd. Th. 78, 23; Gen. 1297. Dreám cwicra wihta, Exon. Th. 411, 5 ; Rä. 29, 8. Ðeós lyfte byreþ lytle wihte, 438, 26; Rä. 58, l. Ia. of evil beings :-- Yfel wiht phantasma, Mt. Kmbl. Lind. 14, 26 : Mk. Skt. Lind. Rush. 6, 49. Wiht unhǣlo (Grendel), Beo. Th. 241; B. 120. Werge wihta (devils'), Exon. Th. 455, 29; Hy. 4, 57. Unfǣle men, wudewāsan, unfǣle wihtu satiri vel fauni, Wrt. Voc. i. 17, 20. Ðas fūlan wuhta (wizards) đú sceoldest āwurpan of đīnum rīce, Homl. Th. ii. 488, 12."
83540,wlatian,"look around for, search",35254,wlátian,"To gaze, look:--","To gaze, look:--Hraðe wæs æt holme hýðweard, se ðe ǽr lange tíd feor wlátode, Beo. Th. 3837; B. 1916. Ðæt is gefylled, ðæt se fróda mid eágum on wlátade, Exon. Th. 20, 34; Cri. 327. [Goth. wlaitón circumspicere. v. be-, ymb-wlátian; wlítan."
83917,wǣl,"whirlpool, pool",33374,wǽl,A weel,"A weel (e.g. Mode weel (wheel), Lanc.), a deep pool, gulf, deep water of a stream or of the sea :-- Wǽl gurges, deópnysabyssus, Wrt. Voc. i. 54, 34: 80, 65. Sume weriaþ on gewitlocan wísdómes streám, ðæt hé on unnyt út ne tóflóweþ, ac se wǽl wunaþ on weres breóstum dióp and stille. Past. 65; Swt. 469, 4. Hic gurges ðis (ðis with e over i, MS. F.: ðes, MSS. D.O.) wǽl, ðæt is, deóp wæter, Ælfc. Gr. 9, 26; Zup. 52, 9. Wǽles stæð alvei (the Nile) marginem, Hpt. Gl. 492, 70. Scymriendes wǽles cerulei gurgitis, Germ. 401, 10. Wé æthrynon mid úrum árum ða ýðan ðas deópan wǽlis, wé gesáwon eác ða muntas ymbe ðære sǽ strande, Anglia viii. 299, 38. Þweálu clǽnes wǽles (gurgitis), Hymn. Surt. 52, 13. On wǽle fúlum þweán, sume wróhte getácnaþ. Lchdm. iii. 206, 10. Fugel uppe sceal lácan on lyfte, leax sceal on wǽle mid sceóte scríðan, Menol. Fox 538; Gn. C. 39. Of wǽle getogen gurgite ductus, Hymn. Surt. 70, 27: 25, 6. Áðuah in ðær uéle (natatoria), Jn. Skt. Lind. 9, 7. In ðæt uoel ł in ðæt fiscpól in piscinam, 5, 4. On wǽlum ádrenctum profundis pelagi flustris suffocato (Ald. 12), Hpt. Gl. 426, 22. Weálu (rubicundi oceani) gurgites, 409, 64. Ðú gedréfest deópe wǽlas conturbas profundum maris, Ps. Th. 64, 7. [With weel of þi liking torrente voluntatis tuae, Ps. 35, 9. Þai sink in þat wele (v.l. pitt), þar neuer man sank þat was o sele, C.M. 2903. Wel (rimes with sel). Misc. 149, 89. v. Jamieson's Dict. s.v. wele. O.L. Ger. wál abyssus.]"
83967,wlatian,nauseare,35253,wlátian,impers. To cause a person,"impers. To cause a person (acc.) loathing:--Mé wlátaþ nauseo, Ælfc. Gr. 26, 6; Zup. 158, 7. Ús wlátaþ for ðisum mete anima nostra nauseat super cibo isto, Num. 21, 5. Ðonne hié mete þicgeaþ and drincaþ, ðonne wlátaþ hié, Lchdm. ii. 220, 5. Gif man sý innan unhál, oþþe hyne wlátige, i. 76, 9. Búton ðú git tó full sý ðæs ðe ðé lǽfed is, ðæt ðé for ðý wlátige, Bt. 11, 1; Fox 30, 20. [Gif heo hit stunken, ham wolde wlatien þer agean, A. R. 86, 19. Overfulle makeþ wlatie, O. and N. 354. Menslaers Laverd wlate sal (abhominabitur), Ps. 5, 7. Me wlateȝ withinne, Allit. Pms. 47, 305. Him wlatis, H. S. 3541. Surfet us wlattis, Alex. (Skt.) 4277. It wold haue wlated any wee, 5634.] v. wlǽtan."
84016,wæl,"the corpses on the battlefield, battlefield, bloodbath",33373,wæl,"the slain, the dead, a number of slain,","the slain, the dead, a number of slain, (a) generally of death in battle :-- Wæl feól on eorðan, Byrht. Th. 135, 31; By. 126: 140, 45; By. 303. Ðæs wæles wæs geteald six hund manna mid ðám fýrenum flánum ofsceotene of those who died they counted six hundred shot with the fiery arrows, Homl. Th. i. 506, 6. Ðá hé his bróðor siege ofáxode, ðá férde hé tó ðam wæle his líc sécende, ii. 358, 6. Ðá gelæhton his gebróðra his líc of ðam wæle, Homl. Skt. ii. 25, 673. Ðá sóhte hé on ðam wæle his líc, Bd. 4, 22; S. 591, 17. Hé on wæle lǽge, Byrht. Th. 139, 65; By. 279: 140, 39; By. 300. Hit næs ná gesǽd hwæt Pirruses folces gefeallen wǽre, for ðon hit næs þeáw ðæt mon ǽnig wæl on ða healfe rímde ðe wieldre wæs (mos est, ex ea parte quae vicerit occisorum non commemorare numerum), Ors. 4, 1; Swt. 156, 21. ǽr hé ðæt wæl bereáfian mehte, 3, 9; Swt. 128, 9: Beo. Th. 2429; B. 1212: 6047; B. 3027. On wæl feallan to die in battle, Cd. Th. 123, 2; Gen. 2038. On wæll fyllan to kill in battle, Bd. 1, 12; S. 481, 24. ¶ as object of verbs of slaying :-- Ðǽr wæs micel wæl geslægen on gehwæþre hond many were killed on both sides, Chr. 871; Erl. 74, 11: 833; Erl. 64, 20. Ne wearð wæl máre folces gefylled, 937; Erl. 115, 14. Ðǽr was ungemetlíc wæl geslægen Norþanhymbra, sume binnan, sume bútan, 867; Erl. 72, 15: Ors. 2, 5; Swt. 80, 26. Hí him mycel wæl on geslógan magnam eorum multitudinem sternens, Bd. 1, 12; S. 481, 30, Hié ðǽr ðæt mǽste wæl geslógon on hǽþnum herige ðe wé secgan hiérdon óþ ðisne andweardan dæg, Chr. 851; Erl. 68, 4. Hé menigfeald wæl felde and slóh, Guthl. 2; Gdwin. 14, 7. (b) in other connections :-- Ðá geát mon ðæt átter út on ðone sǽ, and raþe ðæs ðǽr com upp micel wæl deádra fisca, Ors. 6, 3; Swt. 258, 17."
84668,wrang,"wrong, injustice",35496,wrang,Wrong,"Wrong :-- Unrihtdérnan, ðe wendaþ wrang tó rihte and riht tó wrange, Wulfst. 203, 26: 298, 20. [Ealle sæidon þet se king heold his broðer mid wrange on heftnunge, and his sunu mid unrihte aflemde. Chr. 1134; Erl. 252, 30. Cf. Icel. rangr; adj. Wrong.]"
85045,werian,"ward off, hinder, defend, dam up",34352,werian,"to hinder, check, restrain","to hinder, check, restrain:--Stán sépte sacerdas sweotolum tácnum, witig werede, and worde cwæð, Andr. Kmbl. 1485; An. 744. Egesan stódon, weredon wælnet (deadly toils hampered(?)), Cd. Th. 190, 20; Exod. 202. Ic wylle ðæt ǽlc man hæbbe symle ða men gearowe on his lande, ðe lǽden ða men ðe heora ágen sécan willen, and hý for nánum médsceattum ne werian, L. Ed. 7; Th. i. 162, 25."
85060,waru,protection,33745,waru,but acc.,"but acc. waru, Ps. Th. 118, 17) ; f. Watchful care, (1) observance, keeping of a command, etc. :-- Ic on lifdagum lustum healde ðínra worda waru vivam et custodiam sermones tuos, Ps. Th. 118, 17. (2) where need for caution is implied, heed, care :-- Ða wiðerwinnan wurdon oferswíðde þurh ðæs ILLEGIBLE gewinne and ware, Homl. Th. ii. 338, 2. Antiochus giémde hwæt né hæfde monna gerímes, and ne nom náne ware húlíce hié wǽron, Ors. 5, 4; Swt. 224, 22. (3) care for the safety of others :-- Se hýra ne bið náðor ne mid ware ne mid lufe ástyred, Homl. Th. i. 240, 28. Paulus ne éhte geleáffulra manna ðurh andan, ac ðurh ware ðære ealdan ǽ, 390, 6. (4) safe-keeping, custody, keeping from injury, guard: -- Stód se gréna wong in Godes wære, Exon. Th. 146, 32 ; Gú. 718: 143, 17; Gú. 662: Andr. Kmbl. 1648; An. 825. Ðé God hæfde wære bewunden God kept thee on every side, 1069; An. 535. Wære betolden, 1976 ; An. 990. Him Scyld gewát on Freán wære, Beo. Th. 54; B. 27. In Godes wære, Menol. Fox 79; Men. 39. Hé ILLEGIBLE gást ágeaf on Godes wære, 432 ; Men. 217. Hér Eádward kingc sende sáwle tó Criste on Godes wæra, Chr. 1065 ; Erl. 196, 23. (5) defence, protection against attack, guard: -- Geísnedum beládiendlícre ware [scilde] wiðþyddende leásere wróhte arwan ferrato apologeticae defensionis clypeo retundens strophosae accustionis catapultas, Hpt. Gl. 505, 61. Tó ware ad lutelam (defensionem) (leo ad tutelam virginis Dei nutu diriःgitur, Ald. 45), 484, 49. Nán man ne dorste for ðæra deóra ware ðám hálgum geneálécan, Homl. Skt. ii. 24, 56, 60. Scealt ðú for ware úra goda wíta ðrowian for the protection of our gods thou shall suffer punishments, Homl. Th. i. 594, 4. Cyninge gebyraþ ðæt hé sý on ware and on wearde Cristes gespeliga, L. I. P. 2 ; Th. ii. 304, 23. Hié ealle ongeán hiene wǽron feohtende and ðone weg létan bútan ware (they left the road unguarded), ðæt seó fierd þǽr þurhfór in se omnes pugnando convertit, donec exercitus angustias transiret, Ors. 4, 6 ; Swt. 172, 22. Hié wǽron ða burg hergende and sleánde búton ǽlcre ware (without any defence being offered), 2, 8; Swt. 92, 16. Ware ł gescildnysse defensionem, Hpt. Gl. 471, 61, Ðú mé behéte fulle wære (ware, v. l.) wið æfterःsprǽce thou didst promise complete protection against claim, L. O. 7; Th. i. 180, 23. Hý ðæs wære cunnon, healdaþ hine twá hund wearda, Salm. Kmbl. 518 ; Sal. 258. His ware munitiones ejus, Blickl. Gl. [To habbe som gret cite or castel me to ware (for my defence), R. Glouc. 115, 9. Goth. warei astutia : O. Sax. wara heed (wara niman) ; safekeeping (wara Godes sókean) : O. Frs. ware: O. H. Ger. wara (wara nernan, tuon) heed, care.] v. niht-, út-waru."
85064,wearn,"resistance, refusal",33890,wearn,"a hindrance, obstacle, difficulty,","a hindrance, obstacle, difficulty, v. wearn-wíslíce :-- Wearne ł remmincge obstaculo, impedimento, Hpt. Gl. 455, 48. Ðæt mód hæfð fulfremedne willan tó ðære wrǽnnesse bútan ǽlcre steóre and wearne ejus animus voluptate luxuriae sine ullo repugnationis obstaculo delectatur, Past. 11; Swt. 73, 8. Gif hé geþyldelíce forbyrð ǽgðer ge hosp ge edwítu and on ðære wearne þurhwunaþ þeáh and eádmódlíce bit, ðæt him mon infæres tíþige, sý hé underfangen si veniens perseveraverit pulsans, et inlatas sibi injurias et difficultatem ingressus visus fuerit patienter portare et persistere petitioni sue, annuatur ei ingressus, R. Ben. 97, 7."
85201,wær,"aware, attentive, cautious, careful",33478,wær,"ware, aware, having knowledge","ware, aware, having knowledge of something which is to be guarded against:--Ðá wurdon ða landleóde his (a band of Danes) ware and him wiþ gefuhton, Chr. 917; Erl. 102, 17. Hé eode nihtes, ðæt hé his lífe geburge, ac ða hǽðenan wurdon wære his fare, Homl. Skt. i. 22, 230."
85206,waru,"attention, care",33745,waru,but acc.,"but acc. waru, Ps. Th. 118, 17) ; f. Watchful care, (1) observance, keeping of a command, etc. :-- Ic on lifdagum lustum healde ðínra worda waru vivam et custodiam sermones tuos, Ps. Th. 118, 17. (2) where need for caution is implied, heed, care :-- Ða wiðerwinnan wurdon oferswíðde þurh ðæs ILLEGIBLE gewinne and ware, Homl. Th. ii. 338, 2. Antiochus giémde hwæt né hæfde monna gerímes, and ne nom náne ware húlíce hié wǽron, Ors. 5, 4; Swt. 224, 22. (3) care for the safety of others :-- Se hýra ne bið náðor ne mid ware ne mid lufe ástyred, Homl. Th. i. 240, 28. Paulus ne éhte geleáffulra manna ðurh andan, ac ðurh ware ðære ealdan ǽ, 390, 6. (4) safe-keeping, custody, keeping from injury, guard: -- Stód se gréna wong in Godes wære, Exon. Th. 146, 32 ; Gú. 718: 143, 17; Gú. 662: Andr. Kmbl. 1648; An. 825. Ðé God hæfde wære bewunden God kept thee on every side, 1069; An. 535. Wære betolden, 1976 ; An. 990. Him Scyld gewát on Freán wære, Beo. Th. 54; B. 27. In Godes wære, Menol. Fox 79; Men. 39. Hé ILLEGIBLE gást ágeaf on Godes wære, 432 ; Men. 217. Hér Eádward kingc sende sáwle tó Criste on Godes wæra, Chr. 1065 ; Erl. 196, 23. (5) defence, protection against attack, guard: -- Geísnedum beládiendlícre ware [scilde] wiðþyddende leásere wróhte arwan ferrato apologeticae defensionis clypeo retundens strophosae accustionis catapultas, Hpt. Gl. 505, 61. Tó ware ad lutelam (defensionem) (leo ad tutelam virginis Dei nutu diriःgitur, Ald. 45), 484, 49. Nán man ne dorste for ðæra deóra ware ðám hálgum geneálécan, Homl. Skt. ii. 24, 56, 60. Scealt ðú for ware úra goda wíta ðrowian for the protection of our gods thou shall suffer punishments, Homl. Th. i. 594, 4. Cyninge gebyraþ ðæt hé sý on ware and on wearde Cristes gespeliga, L. I. P. 2 ; Th. ii. 304, 23. Hié ealle ongeán hiene wǽron feohtende and ðone weg létan bútan ware (they left the road unguarded), ðæt seó fierd þǽr þurhfór in se omnes pugnando convertit, donec exercitus angustias transiret, Ors. 4, 6 ; Swt. 172, 22. Hié wǽron ða burg hergende and sleánde búton ǽlcre ware (without any defence being offered), 2, 8; Swt. 92, 16. Ware ł gescildnysse defensionem, Hpt. Gl. 471, 61, Ðú mé behéte fulle wære (ware, v. l.) wið æfterःsprǽce thou didst promise complete protection against claim, L. O. 7; Th. i. 180, 23. Hý ðæs wære cunnon, healdaþ hine twá hund wearda, Salm. Kmbl. 518 ; Sal. 258. His ware munitiones ejus, Blickl. Gl. [To habbe som gret cite or castel me to ware (for my defence), R. Glouc. 115, 9. Goth. warei astutia : O. Sax. wara heed (wara niman) ; safekeeping (wara Godes sókean) : O. Frs. ware: O. H. Ger. wara (wara nernan, tuon) heed, care.] v. niht-, út-waru."
85210,waru,goods,33746,waru,but the declension seems partly u-stem,"but the declension seems partly u-stem) ; f. Ware, merchandise :-- Mangere mercator, waru merx, Wrt. Voc. i. 73, 73. Hí wurpon heora waru oforbord they cast forth the wares that were in the ship into the sea (Jonah I, 5), Homl. Th. i. 246, 2. Ða gelamp hit æt sumum sǽle, swá swá gyt for oft déð, ðæt Englisce cýpmenn bróhton heora ware tó Rómána byrig, and Gregorius eode be ðære strǽt tó ðám Engliscum mannum heora ðing sceáwigende. Ðá geseah hé betwux ðam warum cýpecnihtas gesette, ii. 120, 14-18. [Chæpmen bnnden heore ware, Laym. 11356. Þe wreche peoddare more noise he makeð to ȝeien his sope, þen a riche mercer al his deorewurðe ware, A. R. 66, 19. Ðe chapmen into Egipte ledden ðat ware, Gen. and Ex. 1990. O. Frs. were: Icel. vara; f.]"
85226,wearn,"resistance, refusal, reproach",33890,wearn,"a hindrance, obstacle, difficulty,","a hindrance, obstacle, difficulty, v. wearn-wíslíce :-- Wearne ł remmincge obstaculo, impedimento, Hpt. Gl. 455, 48. Ðæt mód hæfð fulfremedne willan tó ðære wrǽnnesse bútan ǽlcre steóre and wearne ejus animus voluptate luxuriae sine ullo repugnationis obstaculo delectatur, Past. 11; Swt. 73, 8. Gif hé geþyldelíce forbyrð ǽgðer ge hosp ge edwítu and on ðære wearne þurhwunaþ þeáh and eádmódlíce bit, ðæt him mon infæres tíþige, sý hé underfangen si veniens perseveraverit pulsans, et inlatas sibi injurias et difficultatem ingressus visus fuerit patienter portare et persistere petitioni sue, annuatur ei ingressus, R. Ben. 97, 7."
85264,wǣr,"treaty, loyalty, protection",33480,wǽr,"A covenant, compact, agreement, pledge:--","A covenant, compact, agreement, pledge:--Wǽr is ætःsomne Godes and monna, gǽsthálig treów, Exon. Th. 36, 29; Cri. 583. [Gewemme]dre wǽre violati foederis (pacti), Hpt. Gl. 496, 3: Cd. Th. 186, 18; Exod. 140. Wǽre gemyndig, 143, 1; Gen. 2372. Wǽre (cf. Icel. use in pl.) foedus, i. pactum, conjunctio, Wrt. Voc. ii. 148, 43. Clam oððe wed oððe wǽra clasma, 21, 2. Wǽra foedera, i. pacta amicitiae, certa amicitia, 148, 38. Ðære sibbe wære (cujus foedera pacis) betwyh ða ylcan cyningas and heora ríce áwunedon, Bd. 4, 21; S. 590, 25. Beःweddedum wǽrum pactis sponsalibus, Hpt. Gl. 439, 19. Se cyng mid his folce hiene gesóhte. Ac Agothocles gedyde untreówlíce wið hiene, ðæt hé hiene on his wǽrum (MS. L. has warum) beswác and ofslóg rex pactus est cum Agathocle communionem belli. Sed postquam in unum exercitus junxerunt per Agathoclem insidiis circumventus occisus est, Ors. 4, 5; Swt. 170, 10. Wǽre genóman foedus fecerunt, Wrt. Voc. ii. 39, 25. Ðæt ic ða wǽre forlǽte ðe ic tó swá myclum cyninge genom ut pactum, quod cum tanto rege inii, ipse primus irritum faciam, Bd. 2, 12; S. 513, 24. Wére trume fæstnie pactum firmum feriat, Txts. 172, 8. Ic ðé wǽre míne selle, Cd. Th. 132, 33; Gen. 2202: 171, 22; Gen. 2832. Ic ðé bidde, ðæt ðú treówa selle, wǽra ðína, 170, 24; Gen. 2818. Gewríþ sibbe wǽre ł wedd asstringe pacis vedeta, Hymn. Surt. 29, 3. Pehta cynn hafaþ sibbe and wǽre mid Angelðeóde Pictorum natio foedus pacis cum gente habet Anglorum, Bd. 5, 23; S. 646, 34. Haldende wére servantes pactum, Ps. Surt. 118, 158. Utan wé ða drihtenlícan wǽra gehealdan, Wulfst. 253, 3. Wǽre healdan, Cd. Th. 216, 22; Dan. 10. Wið Waldend wǽre healdan, fæste treówe, 204, 19; Exod. 421: Andr.Kmbl. 426; An. 213: Elen. Kmbl. 1643; El. 823: Exon. Th. 339, 28; Gn. Ex. 101. Hé ða wǽre and ða winetreówe lǽstan wolde, 475, 19; Bo. 50: 172, 17; Gú. 1145: Cd. Th. 93, 8; Gen. 1542: 139, 10; Gen. 2307: 142, 23; Gen. 2366. Ðæt ǽnig mon wordum ne worcum wǽre ne brǽce, Beo. Th. 2205; B. 1100. Heó his (Joseph's) mǽgwinum morðor fremedon, wǽre frǽton, Cd. Th. 187, 7; Exod. 147. Hé lyt wǽre geःwonade, Exon. Th. 148, 19; Gú. 747. Wé sceolon ús geearnian ða siblecan wǽra Godes and manna, Blickl. Homl. 111, 3. [O. H. Ger. wára foedus; Icel. várar; pl.] v. freoðo-, friðo-wǽr."
85700,werian,"clothe, wear clothes",34353,werian,to clothe,"to clothe with a garment:--Líc ðæt hé ǽr werede mid wǽdum, Exon. Th. 374, 14; Seel. 126. Hié heora líchoman leáfum beþeahton, weredon mid ðý wealde, Cd. Th. 52, 19; Gen. 846. Hwæt sindon gé searohæbbendra byrnum werede, Beo. Th. 481; B. 238: 5052; B. 2529. Hí lifgaþ á leóhte werede, Exon. Th. 237, 26; Ph. 596."
85963,wīce,elm,34462,wice,and,"and wic?), es; m. A wich-elm :-- Cuicbeám, uuice cariscus, Wrt. Voc. ii. 102, 65. Wice, 13, 21 : 1. 285, 45 (at 42 virecta is glossed by wice, but perhaps cwice should be read, cf. virecta quicae, ii. 123, 62). Wic vel cwicbeám cariscus, ii. 129, 7. Tó ðam wic . . . of ðam wice tó ðære hapuldre . . . of ðam alre tó ðám twám wycan standaþ on geréwe eal swá ðæt gemére gǽð; swá up tó ðam wice stynt beneoðan bælles wæge; of ðam wice . . . á be hege tó ealdan wycan tó ðam wealle, Cod. Dip. Kmbl. iii. 424, 5-30. Genim . . . wice, ác, bircean . . . and ǽlces treówes dǽl, ðe man begitan mæg, Lchdm. ii. 86, 7. ¶ perhaps the word is found in the place name occurring in the following :-- Uno in eo loco cui uocabulum est æt Griman laeg . . . Tertio æt Wican, Cod. Dip. Kmbl. ii, 407, 22 (cf. Ðis syndon ðara halfe híde londgemǽru æt Wican, iii. 464, 2). Ad villam quae uocatur Uuican, i. 153, 27 (cf, Ðis synd ða langemǽra intó Wican, iii. 382, 4.) [Wyche ulmus, Prompt. Parv. 526.]"
86133,wræc,"banishment, misery",35439,wræc,"wrack, misery, suffering","wrack, misery, suffering :-- Ðæt cúþ is ðæt ðæt mid Drihtnes mihte gestihtad wæs, ðæt yfell wræc cóme ofer ða wiþcorenan quod Domini nutu dispositum esse constat, lit veniret contra improbos malum, Bd. I. 14; S. 482, 41. Ðæt wæs wræc micel wine Scyldinga, módes brecða, Beo. Th. 342; B. 170. Wéland wræces cunnade, earfoþa dreág, Exon. Th. 377, 10; Deór. 1. Oft sceal eorl monig wræc ádreógan, Beo. Th. 6148 ; B. 3078."
