global_index,file_part,entry_uid,entry_id,headword,pos,gender,page_start,page_end,senses_json,translations_json,etymologies_json,citations_json,biblio_json,gramgrp_json,xrefs_json,has_sense,has_tr,has_etym,has_cit,has_xref,sense_count,tr_count,etym_count,cit_count
49644,10,1,n49644,Ιι,,τό,,,"[""The ι'subscript' of modern texts was said προσγράφεσθαι, cf. D.T. 639.14 , A.D. Pron. 87.10 , Ael.Dion. Fr. 192 (also τὸ ληιστής(disyll.) . .ἔχει προσκείμενον τὸ ῑ Hdn.Gr. 2.946 ), and this mode of writing is found in Papyri, Inscrr., and some medieval Mss. (e.g. cod. A of Plato, saec. ix, which has τῶι = τῷ , etc.); the present mode is found as early as the tenth century, and came into use in the thirteenth. This ι was prob. always pronounced up to ca. 150 B.C., but thereafter dropped in pronunciation, cf. D.T. l.c.; hence called ι ἀνεκφώνητον Choerob. in Theod. 1.143 and freq. omitted in Pap. and Inscrr. (cf. Epigr. ap. Str. 14.1.41 ,= SIG 766 ), later freq. restored in writing, sts. in the wrong place (v.ῥάθυμος). From ca. 150 B.C. (at Argos from ca. 450 B.C.,v. SIG 56.13 )ει was pronounced ι and the sound is written indifferently ει or ι.""]",[],[],"[{""biblio"":"""",""quote"":""ι ἀνεκφώνητον""},{""biblio"":""Choerob. | in Theod. | 1.143"",""quote"":""ι ἀνεκφώνητον Choerob. in Theod. 1.143""}]","[""Choerob. | in Theod. | 1.143""]",{},"[{""type"":""ref"",""target"":"""",""text"":""τῷ""},{""type"":"""",""target"":"""",""text"":""= τῷ""}]",1,0,0,1,1,1,0,0,2
49645,10,2,n49645,θωρᾱκο-ί,,,,,"[""iota demonstrativum, in familiar Att. (not in Trag.), is attached to demonstr. Prons., to strengthen their force, and as it were point out the individual, as οὑτοσί, αὑτηί̈, τουτί, ἐκεινοσί, ὁδί, ταδί, τοσουτονί, τοσονδί, τυννουτοσί, etc.; also with the Particles γε δέ μέν inserted, as τουτογί, τουτοδί, ταυτηνδί, τῃδεδί, τουτουμενί, for τουτί γε, ταυτηνὶ δέ, etc.: also to demonstr. Advs., as οὑτωσί, ὡδί, ἐνθαδί, δευρί, νυνί, and νυνδί for νυνὶ δέ.—Of these forms, such as end in σί are sts. written in codd. with ν ἐφελκυστικόν before a vowel, as οὑτοσίν, ἐκεινοσίν, οὑτωσίν, etc.: such forms are recognized by A.D. Pron. 59.24 , 82.11 , but are not found in best codd., e.g. of Pl. and D. [ῑ with the acute accent; along vowel or diphthong before it is shortd., as αὑτη̆ί, οὑτοῐί.]""]","[""iota demonstrativum""]",[],[],[],{},[],1,1,0,0,0,1,1,0,0
49646,10,3,n49646,ἵ,,,,,"[""sui(q.v.), S. Fr. 471 , cj. Wackernagel in Il. 24.608 , Bekk. in Pl. Smp. 175c , 223d : dat.ἵν αὐτῷ,sibi ipsi, Hes. Fr. 11 ;ἱν(enclit.) prob. in Pi. P. 4.36 ; ϝὶν αὐτῷ Leg.Gort. 2.40 . [ῑ S. l.c.,ῐν Pi. l.c.]""]","[""sui"",""sibi ipsi""]",[],"[{""biblio"":"""",""quote"":""ϝὶν αὐτῷ""},{""biblio"":""Leg.Gort. | 2.40"",""quote"":""ϝὶν αὐτῷ Leg.Gort. 2.40""}]","[""Leg.Gort. | 2.40""]",{},[],1,1,0,1,0,1,2,0,2
49647,10,4,n49647,ἷ,,,,,"[""ἷ, Argive,=εἷ, SIG 56.29 (V B.C.), Schwyzer 90.12 ,al., 91.31 (iii B.C.).""]",[],[],[],[],{},[],1,0,0,0,0,1,0,0,0
49648,10,5,n49648,ἴ,,,,,"[""or, before a vowel, Inscr.Cypr. 135.24H.""]","[""or""]",[],[],[],{},[],1,1,0,0,0,1,1,0,0
49649,10,6,n49649,ἰά,,ἡ,,,"[""voice, cry, Orac. ap. Hdt. 1.85 , A. Pers. 937 (lyr.); σύριγγος ἰά E. Rh. 553 (lyr.).""]","[""voice, cry""]",[],"[{""biblio"":"""",""quote"":""σύριγγος ἰά""},{""biblio"":""E. | Rh. | 553"",""quote"":""σύριγγος ἰά E. Rh. 553""}]","[""E. | Rh. | 553""]",{},[],1,1,0,1,0,1,1,0,2
49650,10,7,n49650,ἴᾰ,,,,,"[""one, v. εἷς .""]","[""one""]",[],[],[],{},"[{""type"":""ref"",""target"":"""",""text"":""εἷς""},{""type"":"""",""target"":"""",""text"":""v. εἷς""}]",1,1,0,0,1,1,1,0,0
49651,10,8,n49651,ἰά,,τά,,,"[""arrow, Il. 20.68 .""]","[""arrow""]",[],[],[],{},[],1,1,0,0,0,1,1,0,0
49652,10,9,n49652,ἴα,,τά,,,"[""violet, h.Cer. 6 .""]","[""violet,""]",[],[],[],{},[],1,1,0,0,0,1,1,0,0
49653,10,10,n49653,ἰάζω,,,,,"[""= ἰωνίζω , Dicaearch. 3.2 , A.D. Adv. 134.31 , Hermog<*> Id. 2.4 .""]",[],"[""Ἰάς""]",[],[],{},"[{""type"":""ref"",""target"":"""",""text"":""ἰωνίζω""},{""type"":"""",""target"":"""",""text"":""= ἰωνίζω""}]",1,0,1,0,1,1,0,1,0
49654,10,11,n49654,ἰάζω,,,,,"[""cry aloud, Theognost. Can. 18 .""]","[""cry aloud""]","[""ἰά""]",[],[],{},[],1,1,1,0,0,1,1,1,0
49655,10,12,n49655,ἰάζω,,,,,"[""to be of a violet colour, Hld. 2.30 ."",""(ἰός c)to be green, of bile, Gal. 18(2).141 .""]","[""to be of a violet colour"",""to be green""]","[""ἴον""]",[],[],{},[],1,1,1,0,0,2,2,1,0
49656,10,13,n49656,ἰαθενεῖ:,,,,,"[""v. ἰαυθμός .ἴαθος: πρόθυμος, Id.""]",[],[],[],[],{},"[{""type"":""ref"",""target"":"""",""text"":""ἰαυθμός""},{""type"":"""",""target"":"""",""text"":""v. ἰαυθμός""}]",1,0,0,0,1,1,0,0,0
49657,10,14,n49657,ἰαί,,,,,"[""barbarous exclam. of sorrow, S. Fr. 631 ."",""of triumph, Ar. Lys. 1292 ; ἰαὶ ἰαί Id. Ec. 1180 .""]",[],[],"[{""biblio"":"""",""quote"":""ἰαὶ ἰαί""},{""biblio"":""Id. | Ec. | 1180"",""quote"":""ἰαὶ ἰαί Id. Ec. 1180""}]","[""Id. | Ec. | 1180""]",{},[],1,0,0,1,0,2,0,0,2
49658,10,15,n49658,ἰαιβοῖ,,,,,"[""ἰαιβοῖ [ῐ], Comic exclam. for αἰβοῖ, Ar. V. 1338 .""]",[],[],[],[],{},[],1,0,0,0,0,1,0,0,0
49659,10,16,n49659,ἰαίνω,,,,,"[""-εσκον Q.S. 7.340 :aor. ἴηνα Od. 8.426 , Dor. ἴᾱνα Pi. O. 7.43 :— Pass. ,aor. ἰάνθην Il. 23.598 , etc. [ῐ, exc. in augm. tenses, in Hom. ; but at the beginning of a verse ῑ without augm., Od. 22.59 :ῑ freq. in later Poets, AP 12.95 ( Mel. ), Q.S. l.c., 4.402 , 10.327 , Orph. L. 268 , etc.]:—heat, ἀμφὶ δέ οἱ πυρὶ χαλκὸν ἰήνατε Od. 8.426 :— Pass. , ἰαίνετο δ' ὕδωρ 10.359 ."",""melt, ἰαίνετο κηρός 12.175 : metaph.,θυμὸν ἰαίνειν melt the heart, Il. 24.119 ."",""relax by warmth, Hp. Mul. 1.69 ( Pass. )."",""more freq. (cf. Plu. 2.947d )warm, cheer, κραδίην καὶ θυμὸν ἰαίνειν h.Cer. 435 ; θυμὸν ἰαίνειν τινί Od. 15.379 , Pi. O. l.c., cf. Theoc. 7.29 ; καρδίαν Alcm. 36 , Pi. P. 1.11 ;νόον ib. 2.90 :—more freq. in Pass. , ἵνα . . σὺ φρεσὶ σῇσιν ἰανθῇς Il. 19.174 ; θυμὸς ἐνὶ στήθεσσιν ἰάνθη Od. 4.549 ; εἰς ὅ κε σὸν κῆρ ἰανθῇ 22.59 ; ἦτορ ἰανθέν Anacreont. 48.2 : c. dat., σοὶ . . μετὰ φρεσὶ θυμὸς ἰάνθη Il. 23.600 , cf. 24.321 , etc.; θυμὸν ἰάνθης Od. 23.47 ; χοροῖσι φρένα ἰανθείς B. 16.131 ;μέτωπον ἰάνθη her brow unfolded, Il. 15.103 : c. dat. rei,take delight in, σφιν ἰαίνομαι εἰσορόωσα Od. 19.537 ; σφισι θυμὸς αἰὲν ἐϋφροσύνῃσιν ἰαίνεται 6.156 ; καρδίην ἰαίνεται Archil. 36 ; ἰανθεὶς ἀοιδαῖς Pi. O. 2.13 ; cf.εὐφροσύνη: later ἰαίνειν τινά τινι Man. 3.184 ."",""later,=ἰάομαι,heal, save, τινὰ ὀδυνάων Q.S. 10.327 ; ὑπὲκ κακοῦ ἰαίνονται Id. 4.402 .— Ep. and Lyr. word; Trag. only Phryn.Trag. 1 ,ἰαίνεται: χολοῦται, πικραίνεται, παρὰ τὸν ἰόν(cf. Hsch. ).""]","[""heat"",""melt"",""melt"",""relax by warmth"",""warm, cheer"",""unfolded"",""take delight in"",""heal, save""]",[],"[{""biblio"":"""",""quote"":""-εσκον""},{""biblio"":""Q.S. | 7.340"",""quote"":""-εσκον Q.S. 7.340""},{""biblio"":"""",""quote"":""ἴηνα""},{""biblio"":""Od. | 8.426"",""quote"":""ἴηνα Od. 8.426""},{""biblio"":"""",""quote"":""ἴᾱνα""},{""biblio"":""Pi. | O. | 7.43"",""quote"":""ἴᾱνα Pi. O. 7.43""},{""biblio"":"""",""quote"":""ἰάνθην""},{""biblio"":""Il. | 23.598"",""quote"":""ἰάνθην Il. 23.598""},{""biblio"":"""",""quote"":""ἀμφὶ δέ οἱ πυρὶ χαλκὸν ἰήνατε""},{""biblio"":""Od. | 8.426"",""quote"":""ἀμφὶ δέ οἱ πυρὶ χαλκὸν ἰήνατε Od. 8.426""},{""biblio"":"""",""quote"":""ἰαίνετο δ' ὕδωρ""},{""biblio"":""10.359"",""quote"":""ἰαίνετο δ' ὕδωρ 10.359""},{""biblio"":"""",""quote"":""ἰαίνετο κηρός""},{""biblio"":""12.175"",""quote"":""ἰαίνετο κηρός 12.175""},{""biblio"":"""",""quote"":""κραδίην καὶ θυμὸν ἰαίνειν""},{""biblio"":""h.Cer. | 435"",""quote"":""κραδίην καὶ θυμὸν ἰαίνειν h.Cer. 435""},{""biblio"":"""",""quote"":""θυμὸν ἰαίνειν τινί""},{""biblio"":""Od. | 15.379"",""quote"":""θυμὸν ἰαίνειν τινί Od. 15.379""},{""biblio"":"""",""quote"":""καρδίαν""},{""biblio"":""Alcm. | 36"",""quote"":""καρδίαν Alcm. 36""},{""biblio"":"""",""quote"":""ἵνα . . σὺ φρεσὶ σῇσιν ἰανθῇς""},{""biblio"":""Il. | 19.174"",""quote"":""ἵνα . . σὺ φρεσὶ σῇσιν ἰανθῇς Il. 19.174""},{""biblio"":"""",""quote"":""θυμὸς ἐνὶ στήθεσσιν ἰάνθη""},{""biblio"":""Od. | 4.549"",""quote"":""θυμὸς ἐνὶ στήθεσσιν ἰάνθη Od. 4.549""},{""biblio"":"""",""quote"":""εἰς ὅ κε σὸν κῆρ ἰανθῇ""},{""biblio"":""22.59"",""quote"":""εἰς ὅ κε σὸν κῆρ ἰανθῇ 22.59""},{""biblio"":"""",""quote"":""ἦτορ ἰανθέν""},{""biblio"":""Anacreont. | 48.2"",""quote"":""ἦτορ ἰανθέν Anacreont. 48.2""},{""biblio"":"""",""quote"":""σοὶ . . μετὰ φρεσὶ θυμὸς ἰάνθη""},{""biblio"":""Il. | 23.600"",""quote"":""σοὶ . . μετὰ φρεσὶ θυμὸς ἰάνθη Il. 23.600""},{""biblio"":"""",""quote"":""θυμὸν ἰάνθης""},{""biblio"":""Od. | 23.47"",""quote"":""θυμὸν ἰάνθης Od. 23.47""},{""biblio"":"""",""quote"":""χοροῖσι φρένα ἰανθείς""},{""biblio"":""B. | 16.131"",""quote"":""χοροῖσι φρένα ἰανθείς B. 16.131""},{""biblio"":"""",""quote"":""σφιν ἰαίνομαι εἰσορόωσα""},{""biblio"":""Od. | 19.537"",""quote"":""σφιν ἰαίνομαι εἰσορόωσα Od. 19.537""},{""biblio"":"""",""quote"":""σφισι θυμὸς αἰὲν ἐϋφροσύνῃσιν ἰαίνεται""},{""biblio"":""6.156"",""quote"":""σφισι θυμὸς αἰὲν ἐϋφροσύνῃσιν ἰαίνεται 6.156""},{""biblio"":"""",""quote"":""καρδίην ἰαίνεται""},{""biblio"":""Archil. | 36"",""quote"":""καρδίην ἰαίνεται Archil. 36""},{""biblio"":"""",""quote"":""ἰανθεὶς ἀοιδαῖς""},{""biblio"":""Pi. | O. | 2.13"",""quote"":""ἰανθεὶς ἀοιδαῖς Pi. O. 2.13""},{""biblio"":"""",""quote"":""ἰαίνειν τινά τινι""},{""biblio"":""Man. | 3.184"",""quote"":""ἰαίνειν τινά τινι Man. 3.184""},{""biblio"":"""",""quote"":""τινὰ ὀδυνάων""},{""biblio"":""Q.S. | 10.327"",""quote"":""τινὰ ὀδυνάων Q.S. 10.327""},{""biblio"":"""",""quote"":""ὑπὲκ κακοῦ ἰαίνονται""},{""biblio"":""Id. | 4.402"",""quote"":""ὑπὲκ κακοῦ ἰαίνονται Id. 4.402""}]","[""10.359"",""12.175"",""22.59"",""6.156"",""Alcm. | 36"",""Anacreont. | 48.2"",""Archil. | 36"",""B. | 16.131"",""Id. | 4.402"",""Il. | 19.174"",""Il. | 23.598"",""Il. | 23.600"",""Man. | 3.184"",""Od. | 15.379"",""Od. | 19.537"",""Od. | 23.47"",""Od. | 4.549"",""Od. | 8.426"",""Pi. | O. | 2.13"",""Pi. | O. | 7.43"",""Q.S. | 10.327"",""Q.S. | 7.340"",""h.Cer. | 435""]",{},[],1,1,0,1,0,5,8,0,48
49660,10,17,n49660,Ἰᾰκός,Adv.,,,,"[""ἀσωτία Plb. 32.11.10 ;τὸ Ἰακόν the Ionic form, Ath. 9.400c ; ἡ Ἰ. ἔγκλισις A.D. Pron. 98.8 .Adv. -κῶς ib. 4.21 .""]","[""the Ionic form""]","[""Ἰάς""]","[{""biblio"":"""",""quote"":""ἀσωτία""},{""biblio"":""Plb. | 32.11.10"",""quote"":""ἀσωτία Plb. 32.11.10""},{""biblio"":"""",""quote"":""ἡ Ἰ. ἔγκλισις""},{""biblio"":""A.D. | Pron. | 98.8"",""quote"":""ἡ Ἰ. ἔγκλισις A.D. Pron. 98.8""}]","[""A.D. | Pron. | 98.8"",""Plb. | 32.11.10""]",{},[],1,1,1,1,0,1,1,1,4
49661,10,18,n49661,Ἱακυνθοτρόφος,,ἡ,,,"[""Ἱακυνθοτρόφος,ἡ, epith. of Artemis, Schwyzer 265 (Cnidus); cf.Ὑακινθοτρόφια.""]",[],[],[],[],{},[],1,0,0,0,0,1,0,0,0
49662,10,19,n49662,ἰάκχα,,ἡ,,,"[""a perfumed garland, Philet. ap. Ath. 15.678a , Timach.ibid., Hsch.""]","[""a perfumed garland""]",[],[],[],{},[],1,1,0,0,0,1,1,0,0
49663,10,20,n49663,Ἰακχ-ᾰγωγός,,,,,"[""bearing the image of Bacchus on his festivals, IG 22.1092 B 31 (written Ἰαχχ-), IG 3.162 , 262 , Poll. 1.35 .""]","[""bearing the image of Bacchus""]",[],[],[],{},[],1,1,0,0,0,1,1,0,0
49664,10,21,n49664,Ἰακχ-άζω,,,,,"[""shout Ἴακχος, Longus 3.11 (cj. for ἰακχεύσαντες): c. acc. cogn., ἰακχάζειν φωνήν Hdt. 8.65 ."",""generally,=ἰαχέω, of birds, ἰακχ. ἀοιδήν Orph. L. 46 .""]","[""shout""]",[],"[{""biblio"":"""",""quote"":""ἰακχάζειν φωνήν""},{""biblio"":""Hdt. | 8.65"",""quote"":""ἰακχάζειν φωνήν Hdt. 8.65""},{""biblio"":"""",""quote"":""ἰακχ. ἀοιδήν""},{""biblio"":""Orph. | L. | 46"",""quote"":""ἰακχ. ἀοιδήν Orph. L. 46""}]","[""Hdt. | 8.65"",""Orph. | L. | 46""]",{},[],1,1,0,1,0,2,1,0,4
49665,10,22,n49665,Ἰακχ-αῖος,,,,,"[""στέφανος Philet. 27 .""]",[],[],"[{""biblio"":"""",""quote"":""στέφανος""},{""biblio"":""Philet. | 27"",""quote"":""στέφανος Philet. 27""}]","[""Philet. | 27""]",{},[],1,0,0,1,0,1,0,0,2
49666,10,23,n49666,Ἰακχ-εῖον,,τό,,,"[""temple of Bacchus, Plu. Arist. 27 , Alciphr. 3.59 .""]","[""temple of Bacchus""]",[],[],[],{},[],1,1,0,0,0,1,1,0,0
49667,10,24,n49667,ἰακχέω,,,,,"[""v. ἰαχ- .""]",[],[],[],[],{},"[{""type"":""ref"",""target"":"""",""text"":""ἰαχ-""},{""type"":"""",""target"":"""",""text"":""v. ἰαχ-""}]",1,0,0,0,1,1,0,0,0
49668,10,25,n49668,Ἰακχιαστής,,ὁ,,,"[""worshipperof Ἴακχος, Benndorf-Niemann Reisen in Lykien No. 134b .""]","[""worshipperof"",""Reisen in Lykien""]",[],[],[],{},[],1,1,0,0,0,1,2,0,0
49669,10,26,n49669,Ἴακχος,Adj.,ὁ,,,"[""ὑποδοχή IG 22.847.21 ;τὸν Ἴακχον ἐξελαύνειν lead forth a Bacchic procession, Plu. Alc. 34 ; τὸν Ἴ. προπέμψαι IG 22.1028.10 ."",""song in his honour,ὁ μυστικὸς ἴ. Hdt. 8.65 , cf. Athenio ap. Posidon. 36 J. , Anon. ap. Suid. ;ᾄδειν τὸν Ἴ. Hsch. s.v. Διαγόρας : as Adj., ἴακχος ᾠδά E. Cyc. 69 (lyr.)."",""in pl., Epigr.Gr. 985 (Philae): generally,chorus,νεκρῶν ἴ. E. Tr. 1230 ;τυμπάνων ἴ. dub. in Id. Fr. 586.4 L (lyr.)."",""used by the tyrant Dionysius for χοῖρος, Athanis 1 (= Dionys.Trag. 12 ).""]","[""song"",""chorus""]",[],"[{""biblio"":"""",""quote"":""ὑποδοχή""},{""biblio"":""IG | 22.847.21"",""quote"":""ὑποδοχή IG 22.847.21""},{""biblio"":"""",""quote"":""τὸν Ἴ. προπέμψαι""},{""biblio"":""IG | 22.1028.10"",""quote"":""τὸν Ἴ. προπέμψαι IG 22.1028.10""},{""biblio"":"""",""quote"":""ἴακχος ᾠδά""},{""biblio"":""E. | Cyc. | 69"",""quote"":""ἴακχος ᾠδά E. Cyc. 69""}]","[""E. | Cyc. | 69"",""IG | 22.1028.10"",""IG | 22.847.21""]",{},"[{""type"":""ref"",""target"":"""",""text"":""Διαγόρας""},{""type"":"""",""target"":"""",""text"":""s.v. Διαγόρας""}]",1,1,0,1,1,4,2,0,6
49670,10,27,n49670,ἰᾱλεμ-έω,,,,,"[""ἰᾱλεμ-έω [ῐ],= sq., Hdn.Gr. 2.236 .""]",[],[],[],[],{},[],1,0,0,0,0,1,0,0,0
49671,10,28,n49671,ἰᾱλεμ-ίζω,,,,,"[""bewail, Call. Fr. 176 .""]","[""bewail""]","[""ἰάλεμος""]",[],[],{},[],1,1,1,0,0,1,1,1,0
49672,10,29,n49672,ἰᾱλεμ-ίστρια,,ἡ,,,"[""wailing woman, A. Ch. 424 (lyr., Herm. , from Hsch. ).""]","[""wailing woman""]",[],[],[],{},[],1,1,0,0,0,1,1,0,0
49673,10,30,n49673,ἰᾱ́λεμ-ος,Adj.,ὁ,,815,"[""lament, dirge, used by Trag. in lyr., A. Supp. 115 , E. Rh. 895 , Tr. 1304 , Ph. 1033 , etc.; τὸν ἰ. ἀρίστευσε Theoc. 15.98 : rare in Prose, Metrod. Herc. 831.17 (s.v.l.)<*>prov.,ἰαλέμου ψυχρότερος, of something tedious and dull, Zen. 4.39 ."",""as Adj.,melancholy, γόοι E. HF 109 (lyr., s.v.l.); but usu.,"",""tedious, dull, stupid, ποιηταί Luc. Pseudol. 24 ; ἰατροί Gal. 14.617 : as Subst.,dullard, oaf, Men. 236 , Hermog. Id. 2.6 ; title of play by Amphis , Ath. 2.69b . (Perh. from the cry ἰή.)""]","[""lament, dirge"",""melancholy"",""tedious, dull, stupid"",""dullard, oaf""]",[],"[{""biblio"":"""",""quote"":""τὸν ἰ. ἀρίστευσε""},{""biblio"":""Theoc. | 15.98"",""quote"":""τὸν ἰ. ἀρίστευσε Theoc. 15.98""},{""biblio"":"""",""quote"":""γόοι""},{""biblio"":""E. | HF | 109"",""quote"":""γόοι E. HF 109""},{""biblio"":"""",""quote"":""ποιηταί""},{""biblio"":""Luc. | Pseudol. | 24"",""quote"":""ποιηταί Luc. Pseudol. 24""},{""biblio"":"""",""quote"":""ἰατροί""},{""biblio"":""Gal. | 14.617"",""quote"":""ἰατροί Gal. 14.617""}]","[""E. | HF | 109"",""Gal. | 14.617"",""Luc. | Pseudol. | 24"",""Theoc. | 15.98""]",{},[],1,1,0,1,0,3,4,0,8
49674,10,31,n49674,ἰᾱλεμ-ώδης,,,,,"[""like an ἰάλεμος,wretched, Phot. , Suid.""]","[""like an"",""wretched""]",[],[],[],{},[],1,1,0,0,0,1,2,0,0
49675,10,32,n49675,ἰαλία,,ἡ,,,"[""ἰαλία,ἡ, Cret. for φωνή, Hsch. ἰάλιον: ἐρέβινθον ἢ τὴν θάλασσαν(Cret.), Id.""]",[],[],[],[],{},[],1,0,0,0,0,1,0,0,0
49676,10,33,n49676,ἰάλλω,,,,,"[""ἴηλα Il. 15.19 , Dor. ἴᾱλα Sophr. 14 . [ῐ, unless augmented; Hom. never uses the augm.]:—send forth, ὀϊστὸν ἀπὸ νευρῆφιν ἴαλλεν Il. 8.300 , 309 , cf. AP 5.187 ( Leon. ): used by Hom. mostly in phrase,ἐπ' ὀνείατα χεῖρας ἴαλλον they put forth their hands to the dishes, Od. 1.149 ,al.;ἐπὶ σίτῳ χ. ἰ. 10.376 ;ἑτάροις ἐπὶ χεῖρας ἴ.laid hands upon his comrades, 9.288 ;περὶ χερσὶ δὲ δεσμὸν ἴηλα threw chains around thy arms, Il. 15.19 ; ἐπὶ δεσμὸν ἴηλε Od. 8.447 ; so later ὑλακήν give tongue, AP 7.69 ( Jul. Aegypt.);ἴχνος set down, plant the foot, Nic. Al. 242 ."",""c. acc. obj.,ἄριστον ἀτιμίῃσιν ἰάλλειν assail him with insults, Od. 13.142 ."",""later,send, dispatch, ἄγγελον Thgn. 573 , cf. A. Ch. 45 (lyr.); ἐπὶ Δωδώνης . . θεοπρόπους ἴαλλεν Id. Pr. 659 ; Δίκην ἴαλλε σύμμαχον Id. Ch. 497 ;ἄὁΝΥΜ̓τον τοῖς παιδίοις Sophr.l.c.; τινὰ παρά τινα Id. 61 ;Φθίᾳ ἐλεύθερον ἦμαρ ἰ. AP 7.529 ( Theodorid. )."",""= εὑρίσκω , Hsch. s. vv.ἰᾶλαι, ἰάλλει."",""intr. (sc.ἑαυτόν)send oneself on, i.e.flee, run, Hes. Th. 269 . (Cf. Skt.iyarti'set in motion'.)""]","[""send forth"",""they put forth"",""laid"",""threw"",""give"",""set down, plant"",""assail"",""send, dispatch"",""send oneself on"",""flee, run"",""iyarti""]","[""ἐπ-""]","[{""biblio"":"""",""quote"":""ἴηλα""},{""biblio"":""Il. | 15.19"",""quote"":""ἴηλα Il. 15.19""},{""biblio"":"""",""quote"":""ὀϊστὸν ἀπὸ νευρῆφιν ἴαλλεν""},{""biblio"":""Il. | 8.300"",""quote"":""ὀϊστὸν ἀπὸ νευρῆφιν ἴαλλεν Il. 8.300""},{""biblio"":"""",""quote"":""ἐπὶ δεσμὸν ἴηλε""},{""biblio"":""Od. | 8.447"",""quote"":""ἐπὶ δεσμὸν ἴηλε Od. 8.447""},{""biblio"":"""",""quote"":""ἄγγελον""},{""biblio"":""Thgn. | 573"",""quote"":""ἄγγελον Thgn. 573""},{""biblio"":"""",""quote"":""ἐπὶ Δωδώνης . . θεοπρόπους ἴαλλεν""},{""biblio"":""Id. | Pr. | 659"",""quote"":""ἐπὶ Δωδώνης . . θεοπρόπους ἴαλλεν Id. Pr. 659""},{""biblio"":"""",""quote"":""Δίκην ἴαλλε σύμμαχον""},{""biblio"":""Id. | Ch. | 497"",""quote"":""Δίκην ἴαλλε σύμμαχον Id. Ch. 497""},{""biblio"":"""",""quote"":""τινὰ παρά τινα""},{""biblio"":""Id. | 61"",""quote"":""τινὰ παρά τινα Id. 61""}]","[""Id. | 61"",""Id. | Ch. | 497"",""Id. | Pr. | 659"",""Il. | 15.19"",""Il. | 8.300"",""Od. | 8.447"",""Thgn. | 573""]",{},"[{""type"":""ref"",""target"":"""",""text"":""εὑρίσκω""},{""type"":"""",""target"":"""",""text"":""= εὑρίσκω""}]",1,1,1,1,1,5,11,1,14
49677,10,34,n49677,ἰαλτός,,,,,"[""sent forth, ἐκ δόμων A. Ch. 22 (lyr.).""]","[""sent forth""]",[],"[{""biblio"":"""",""quote"":""ἐκ δόμων""},{""biblio"":""A. | Ch. | 22"",""quote"":""ἐκ δόμων A. Ch. 22""}]","[""A. | Ch. | 22""]",{},[],1,1,0,1,0,1,1,0,2
49678,10,35,n49678,Ἰᾱλυσός,Adj.,ἡ,,,"[""Ἰᾱλυσός, Ion. Ἰηλυσός,ἡ, one of the three Dorian cities of Rhodes, Il. 2.656 , Hdt. 1.144 , Pi. O. 7.74 , Timocr. 1.7 , Str. 14.2.12 :Ἰαλυσία,ἡ, its territory, D.S. 5.57 :—Adj. Ἰηλύσιος,α,ον, D.P. 505 . [ῡ in Hom. ,ῠ in D.P. , doubtful in Pi. ;ῐ exc. in Timocr.l.c. and Ἰαλυσοῖο(_ ^ ^ _ ^) AP 7.716 ( Dionys. ).]""]",[],[],[],[],{},[],1,0,0,0,0,1,0,0,0
49679,10,36,n49679,ἴᾱμα,,τό,,,"[""remedy, medicine, Hdt. 3.130 , Hp. Acut. 6 , Th. 2.51 , Pl. Lg. 771c , etc.;στεναγμοί, τῶν πόνων ἰάματα v.l. in A. Fr. 385 ."",""= ἴασις, ἰάματα τοῦ Ἀπόλλωνος καὶ τοῦ Ἀσκλαπιοῦ IG 4.951.2 (Epid.), cf. 1 Ep.Cor. 12.9 (pl.)."",""soothing, pacification, LXX Ec. 10.4 .""]","[""remedy, medicine"",""soothing, pacification""]","[""ἰάομαι""]",[],[],{},"[{""type"":""ref"",""target"":"""",""text"":""ἴασις, ἰάματα τοῦ Ἀπόλλωνος καὶ τοῦ Ἀσκλαπιοῦ""},{""type"":"""",""target"":"""",""text"":""= ἴασις, ἰάματα τοῦ Ἀπόλλωνος καὶ τοῦ Ἀσκλαπιοῦ""}]",1,1,1,0,1,3,2,1,0
49680,10,37,n49680,ἰαμβαυλεῖν,,,,,"[""ἰαμβαυλεῖν:τὸ δι' αὐλοῦ παριαμβίζειν τῇ κιθάρᾳ καὶ ᾠδῇ, Hsch. (emended).""]",[],[],[],[],{},[],1,0,0,0,0,1,0,0,0
49681,10,38,n49681,ἰαμβειογράφος,,,,,"[""v. ἰαμβειοφάγος .""]",[],[],[],[],{},"[{""type"":""ref"",""target"":"""",""text"":""ἰαμβειοφάγος""},{""type"":"""",""target"":"""",""text"":""v. ἰαμβειοφάγος""}]",1,0,0,0,1,1,0,0,0
49682,10,39,n49682,ἰαμβεῖος,Subst.,τό,,,"[""iambic, μέτρον Arist. Po. 1448b31 ."",""as Subst. ἰαμβεῖον,τό ,iambic verse, Ar. Ra. 1133 , 1204 , Pl. R. 602b , Arist. Po. 1458b19 , Sammelb. 6308 (iii B.C.), etc.: in pl.,iambic poem, Luc. Salt. 27 : generally,verse, line, Ath. 8.355a (of anapaests)."",""iambic metre, Arist. Rh. 1404a31 .""]","[""iambic"",""iambic verse"",""iambic poem"",""verse, line"",""iambic metre""]","[""ἴαμβος""]","[{""biblio"":"""",""quote"":""μέτρον""},{""biblio"":""Arist. | Po. | 1448b31"",""quote"":""μέτρον Arist. Po. 1448b31""}]","[""Arist. | Po. | 1448b31""]",{},[],1,1,1,1,0,3,5,1,2
49683,10,40,n49683,ἰαμβειοφάγος,,ὁ,,,"[""glutton at iambics, or perh.mouther, murderer of them, applied to Aeschines by D. 18.139 ( v.l. -γράφος ):— also ἰαμβο-φάγος,ὁ, AB 190 .""]","[""glutton at iambics"",""mouther, murderer of them""]",[],[],[],{},"[{""type"":""ref"",""target"":"""",""text"":""-γράφος""},{""type"":"""",""target"":"""",""text"":""v.l. -γράφος""}]",1,1,0,0,1,1,2,0,0
49684,10,41,n49684,ἰαμβ-έλεγος,,ὁ,,,"[""ἰαμβ-έλεγος[ῐ],ὁ , an asynartete verse, formed by substituting an iambic penthemimer for the former half of a pentameter, Heph. 15.11 .""]",[],[],[],[],{},[],1,0,0,0,0,1,0,0,0
49685,10,42,n49685,ἰαμβ-ιάζω,,,,,"[""ἰαμβ-ιάζω,= sq., AP 7.405 ( Phil. ).""]",[],[],[],[],{},[],1,0,0,0,0,1,0,0,0
49686,10,43,n49686,ἰαμβ-ίζω,,,,,"[""assail in iambics, lampoon,τινα Gorg. ap. Ath. 11.505d , Arist. Po. 1448b32 , D.H. 7.72 ."",""abs.,talk in iambic verse, Luc. JTr. 33 (s.v.l.)."",""etym. of θρίαμβος, Corn. ND 30 .""]","[""assail in iambics, lampoon"",""talk in iambic verse""]",[],[],[],{},[],1,1,0,0,0,3,2,0,0
49687,10,44,n49687,ἰαμβ-ικός,Adv.,,,,"[""of invective, ἰδέα Arist. Po. 1449b8 ; in metric,iambic, D.H. Comp. 18 , Heph. 5 , etc.:ἡ -κή(sc.ὄρχησις) Ath. 15.629d .Adv. -κῶς Phld. Po. 2.29 .""]","[""of invective"",""iambic""]",[],"[{""biblio"":"""",""quote"":""ἰδέα""},{""biblio"":""Arist. | Po. | 1449b8"",""quote"":""ἰδέα Arist. Po. 1449b8""},{""biblio"":"""",""quote"":""-κῶς""},{""biblio"":""Phld. | Po. | 2.29"",""quote"":""-κῶς Phld. Po. 2.29""}]","[""Arist. | Po. | 1449b8"",""Phld. | Po. | 2.29""]",{},[],1,1,0,1,0,1,2,0,4
49688,10,45,n49688,ἰαμβ-ίς,,ἡ,,,"[""ἰαμβ-ίς,ίδος,ἡ, cited without interpr. from A. ( Fr. 81 ) by Hsch.""]",[],[],[],[],{},[],1,0,0,0,0,1,0,0,0
49689,10,46,n49689,ἰαμβ-ιστής,,ὁ,,,"[""one who writes iambics, libeller, Ath. 5.181c .""]","[""one who writes iambics, libeller""]",[],[],[],{},[],1,1,0,0,0,1,1,0,0
49690,10,47,n49690,ἰαμβο-γράφος,,ὁ,,,"[""writer of iambics, Suid. s.v. Σωτάδης ,v.l. in EM 424.23 .""]","[""writer of iambics""]",[],[],[],{},"[{""type"":""ref"",""target"":"""",""text"":""Σωτάδης""},{""type"":"""",""target"":"""",""text"":""s.v. Σωτάδης""}]",1,1,0,0,1,1,1,0,0
49691,10,48,n49691,ἰαμβο-ειδής,,,,,"[""like an iambus, Aristid.Quint. 1.17 .""]","[""like an iambus""]",[],[],[],{},[],1,1,0,0,0,1,1,0,0
49692,10,49,n49692,ἰαμβο-ποιέω,,,,,"[""parody, Arist. Po. 1458b9 .""]","[""parody""]",[],[],[],{},[],1,1,0,0,0,1,1,0,0
49693,10,50,n49693,ἰαμβο-ποιός,,ὁ,,,"[""writer of lampoons, ib. 1451b14 ;of iambics, Phld. Po. 2.29 , Ath. 8.359e .""]","[""writer of lampoons"",""of iambics""]",[],[],[],{},[],1,1,0,0,0,1,2,0,0
49694,10,51,n49694,ἴαμβος,,ὁ,,,"[""iambus, the metrical foot ^ _, Pl. R. 400b , etc.; ὁ ἴ. αὐτὴ . . ἡ λέξις ἡ τῶν πολλῶν Arist. Rh. 1408b33 ;δάκτυλος ὁ κατὰ ἴαμβον,=^ _ ^ _, Anon.Rhythm. Oxy. 2.3 , Aristid.Quint. 1.17 ."",""iambic verse, Archil. 22 (pl.) Pl. Ion 534c , etc.; ἴαμβος τρίμετρος Hdt. 1.12 ; ἴ. Ἱππώνακτος Ar. Ra. 661 , cf. Arist. Rh. 1418b29 , Po. 1448b33 ."",""iambic poem, such as those of Callimachus, Str. 8.3.30 ; esp.lampoon, mostly in pl., Pl. Lg. 935e , Arist. Pol. 1336b20 ; ἐφ' ὑβριστῆρας ἰάμβους AP 7.352 ( Mel. (?)): also in Prose,οἱ καταλογάδην ἴ. Ath. 10.445b ."",""of the persons lampooned, Luc. Pseudol. 2 ."",""a kind of extempore play got up by αὐτοκάβδαλοι, who themselves had the same name, Semus 20 . (For the termination perh. cf.διθύραμβος, θρίαμβος.)""]","[""iambus"",""iambic verse"",""iambic poem"",""lampoon"",""a kind of extempore play""]",[],"[{""biblio"":"""",""quote"":""ὁ ἴ. αὐτὴ . . ἡ λέξις ἡ τῶν πολλῶν""},{""biblio"":""Arist. | Rh. | 1408b33"",""quote"":""ὁ ἴ. αὐτὴ . . ἡ λέξις ἡ τῶν πολλῶν Arist. Rh. 1408b33""},{""biblio"":"""",""quote"":""ἴαμβος τρίμετρος""},{""biblio"":""Hdt. | 1.12"",""quote"":""ἴαμβος τρίμετρος Hdt. 1.12""},{""biblio"":"""",""quote"":""ἴ. Ἱππώνακτος""},{""biblio"":""Ar. | Ra. | 661"",""quote"":""ἴ. Ἱππώνακτος Ar. Ra. 661""},{""biblio"":"""",""quote"":""ἐφ' ὑβριστῆρας ἰάμβους""},{""biblio"":""AP | 7.352"",""quote"":""ἐφ' ὑβριστῆρας ἰάμβους AP 7.352""}]","[""AP | 7.352"",""Ar. | Ra. | 661"",""Arist. | Rh. | 1408b33"",""Hdt. | 1.12""]",{},[],1,1,0,1,0,5,5,0,8
49695,10,52,n49695,ἰαμβύκη,,ἡ,,,"[""musical instrument, distinct from the σαμβύκη, acc. to Hsch. , Eup. 139 , Phillisap. Ath. 14.636b .""]","[""musical instrument""]",[],[],[],{},[],1,1,0,0,0,1,1,0,0
49696,10,53,n49696,ἰαμβύλος,,ὁ,,,"[""libeller, Hdn.Gr. 1.164 , Hsch. (-βηλος cod.).""]","[""libeller""]",[],[],[],{},[],1,1,0,0,0,1,1,0,0
49697,10,54,n49697,ἰαμβώδης,,,,,"[""iambic, scurrilous, ἐπίδειξις Philostr. VA 6.11 .""]","[""iambic, scurrilous""]",[],"[{""biblio"":"""",""quote"":""ἐπίδειξις""},{""biblio"":""Philostr. | VA | 6.11"",""quote"":""ἐπίδειξις Philostr. VA 6.11""}]","[""Philostr. | VA | 6.11""]",{},[],1,1,0,1,0,1,1,0,2
49698,10,55,n49698,ἰᾰμεναί,,,,,"[""ἰᾰμεναί, late form of εἰαμεναί, Hsch.""]",[],[],[],[],{},[],1,0,0,0,0,1,0,0,0
49699,10,56,n49699,ἴαμνοι,,οἱ,,,"[""ἴαμνοι,ων,οἱ,= foreg., Nic. Th. 30 ,al.; glossed by θάμνοι, κοῖται, νομοί, Hsch. (ἴαμβοι cod.).""]",[],[],[],[],{},[],1,0,0,0,0,1,0,0,0
49700,10,57,n49700,Ἰάν,,ὁ,,,"[""Ἰάν,ὁ, in pl.Ἰᾶνες, contr. for Ἰάων, Ἰάονες,Ionian, A. Pers. 950 ,al.""]",[],[],[],[],{},[],1,0,0,0,0,1,0,0,0
49701,10,58,n49701,ἵανα,,,,,"[""ἵανα(ἴαννα cod.): τὰ βαλλόμενα, ἀπὸ τοῦ ἱέναι, Hsch.""]",[],[],[],[],{},[],1,0,0,0,0,1,0,0,0
49702,10,59,n49702,ἰάνθῐνος,Subst.,ὁ,,,"[""violet-coloured, ἱμάτιον Str. 15.3.19 , cf. Plin. HN 21.27 , Aq. , Sm. Ex. 25.5 :—Subst. ἴανθος,ὁ, or ἴανθον,τό,=ἴον, Hsch. , Theognost. Can. 18 .""]","[""violet-coloured""]","[""ἴον, ἄνθος""]","[{""biblio"":"""",""quote"":""ἱμάτιον""},{""biblio"":""Str. | 15.3.19"",""quote"":""ἱμάτιον Str. 15.3.19""}]","[""Str. | 15.3.19""]",{},[],1,1,1,1,0,1,1,1,2
49703,10,60,n49703,ἱᾰνο-γλέφᾰρος,,,,,"[""ἱᾰνο-γλέφᾰρος[ῐ],ον ,=μαλακο-βλέφαρος, prob. l. in Alcm. 23.69 :""]",[],[],[],[],{},[],1,0,0,0,0,1,0,0,0
49704,10,61,n49704,ἱᾰνό-κροκα:,,,,,"[""f.l. for κυαν- , PMich. 11.13 .""]",[],[],[],[],{},"[{""type"":""ref"",""target"":"""",""text"":""κυαν-""},{""type"":"""",""target"":"""",""text"":""f.l. for κυαν-""}]",1,0,0,0,1,1,0,0,0
49705,10,62,n49705,ἰάομαι,,,,,"[""ἰᾶσθαι Hp. Loc.Hom. 24 (ἰῆσθαι v.l. in Id. Morb.Sacr. 13 ), Cypr. ἰ j ᾶσθαι Inscr.Cypr. 135.3H. :fut. ἰάσομαι E. HF 1107 , Aeschin. 3.69 ; Ion. and Ep. ἰήσομαι Od. 9.525 , Archil. 13 , (ἐξ-) Hp. Morb. 1.6 :aor. ἰασάμην E. Fr. 1072 , Pl. Phd. 89a ; Ion. ἰησάμην Il. 5.899 , Hp. Int. 2 :— Pass. (v. infr.). [ῑ-in Hom. , etc.; also ῐ, E. Hipp. 597 ]:—heal, cure, in pres.and impf.,attempt to cure, treat, of persons or bodies, etc.,τινα Il. 12.2 , Hdt. 3.134 , etc.; τοὺς κάμνοντας Pl. Plt. 299a , cf. 293b ; ὀφθαλμόν Od. 9.525 ; τὸ σῶμα S. Tr. 1210 : abs., Od. 9.520 , Il. 5.899 : prov., ὁ τρώσας ἰάσεται Mantiss.Prov. 2.28 ."",""cure. treat, of diseases, νόσους Pi. P. 3.46 , cf. E. Hipp. 597 , Pl. Prt. 340e , Chrm. 156b , etc.; σμύρνῃσι ἰ. τὰ ἕλκεα Hdt. 7.181 : metaph.,remedy,δύσγνοιαν, ἀδικίαν ἰᾶσθαι, E. HF 1107 , Or. 650 ; ἀτυχίας Isoc. 6.101 ; δωροδόκημα Aeschin. 3.69 ; ἀσάφειαν Arr. Tact. 1.3 : prov.,μὴ τῷ κακῷ τὸ κακὸν ἰῶ, i.e. do not make bad worse, Hdt. 3.53 , cf. Th. 5.65 ; μὴ κακοῖς ἰῶ κακά A. Fr. 349 ; κακοῖς ὅταν θέλωσιν ἰᾶσθαι κακά S. Fr. 77 : abs., οὔτε τι γὰρ κλαίων ἰήσομαι Archil. 13 ."",""cure the effects of, counteract, ἄκρατος ἰ. τὸ κώνειον Plu. 2.653a ."",""repair, τὸ βλαβέν Pl. Lg. 933e ; τὴν φύσιν τὴν ἀνθρωπίνην Id. Smp. 191d ; θυσιαστήριον LXX 3 Ki. 18.32 ; δίκελλαν Lib. Decl. 27.3 ."",""Act. only aor.1 ἰάσαμεν Gal. 10.453 ;part. ἰάσαντες Sch. E. Hec. 1236 :aor. ἰάθην is always Pass. ,be healed, recover, And. 2.9 , AP 6.330 ( Aeschin. ), IG 4.951.113 (Epid.), etc.; ἀπὸ τῶν νόσων Ev.Luc. 6.17 ; Ion. ἰήθην Hp. Mul. 1.3 , Int. 1 :fut. ἰαθήσομαι Luc. Asin. 14 , Gp. 12.25.3 , Gal. 10.377 ; ἰάσομαι Aristid. 2.317 J. :pf. ἴᾱμαι Ev.Marc. 5.29 .""]","[""j"",""heal, cure"",""attempt to cure, treat"",""cure. treat"",""remedy"",""cure the effects of, counteract"",""repair"",""be healed, recover""]","[""ἐξ-""]","[{""biblio"":"""",""quote"":""ἰᾶσθαι""},{""biblio"":""Hp. | Loc.Hom. | 24"",""quote"":""ἰᾶσθαι Hp. Loc.Hom. 24""},{""biblio"":"""",""quote"":""ἰάσομαι""},{""biblio"":""E. | HF | 1107"",""quote"":""ἰάσομαι E. HF 1107""},{""biblio"":"""",""quote"":""ἰήσομαι""},{""biblio"":""Od. | 9.525"",""quote"":""ἰήσομαι Od. 9.525""},{""biblio"":"""",""quote"":""ἰασάμην""},{""biblio"":""E. | Fr. | 1072"",""quote"":""ἰασάμην E. Fr. 1072""},{""biblio"":"""",""quote"":""ἰησάμην""},{""biblio"":""Il. | 5.899"",""quote"":""ἰησάμην Il. 5.899""},{""biblio"":"""",""quote"":""τοὺς κάμνοντας""},{""biblio"":""Pl. | Plt. | 299a"",""quote"":""τοὺς κάμνοντας Pl. Plt. 299a""},{""biblio"":"""",""quote"":""ὀφθαλμόν""},{""biblio"":""Od. | 9.525"",""quote"":""ὀφθαλμόν Od. 9.525""},{""biblio"":"""",""quote"":""τὸ σῶμα""},{""biblio"":""S. | Tr. | 1210"",""quote"":""τὸ σῶμα S. Tr. 1210""},{""biblio"":"""",""quote"":""ὁ τρώσας ἰάσεται""},{""biblio"":""Mantiss.Prov. | 2.28"",""quote"":""ὁ τρώσας ἰάσεται Mantiss.Prov. 2.28""},{""biblio"":"""",""quote"":""νόσους""},{""biblio"":""Pi. | P. | 3.46"",""quote"":""νόσους Pi. P. 3.46""},{""biblio"":"""",""quote"":""σμύρνῃσι ἰ. τὰ ἕλκεα""},{""biblio"":""Hdt. | 7.181"",""quote"":""σμύρνῃσι ἰ. τὰ ἕλκεα Hdt. 7.181""},{""biblio"":"""",""quote"":""ἀτυχίας""},{""biblio"":""Isoc. | 6.101"",""quote"":""ἀτυχίας Isoc. 6.101""},{""biblio"":"""",""quote"":""δωροδόκημα""},{""biblio"":""Aeschin. | 3.69"",""quote"":""δωροδόκημα Aeschin. 3.69""},{""biblio"":"""",""quote"":""ἀσάφειαν""},{""biblio"":""Arr. | Tact. | 1.3"",""quote"":""ἀσάφειαν Arr. Tact. 1.3""},{""biblio"":"""",""quote"":""μὴ κακοῖς ἰῶ κακά""},{""biblio"":""A. | Fr. | 349"",""quote"":""μὴ κακοῖς ἰῶ κακά A. Fr. 349""},{""biblio"":"""",""quote"":""κακοῖς ὅταν θέλωσιν ἰᾶσθαι κακά""},{""biblio"":""S. | Fr. | 77"",""quote"":""κακοῖς ὅταν θέλωσιν ἰᾶσθαι κακά S. Fr. 77""},{""biblio"":"""",""quote"":""οὔτε τι γὰρ κλαίων ἰήσομαι""},{""biblio"":""Archil. | 13"",""quote"":""οὔτε τι γὰρ κλαίων ἰήσομαι Archil. 13""},{""biblio"":"""",""quote"":""ἄκρατος ἰ. τὸ κώνειον""},{""biblio"":""Plu. | 2.653a"",""quote"":""ἄκρατος ἰ. τὸ κώνειον Plu. 2.653a""},{""biblio"":"""",""quote"":""τὸ βλαβέν""},{""biblio"":""Pl. | Lg. | 933e"",""quote"":""τὸ βλαβέν Pl. Lg. 933e""},{""biblio"":"""",""quote"":""τὴν φύσιν τὴν ἀνθρωπίνην""},{""biblio"":""Id. | Smp. | 191d"",""quote"":""τὴν φύσιν τὴν ἀνθρωπίνην Id. Smp. 191d""},{""biblio"":"""",""quote"":""θυσιαστήριον""},{""biblio"":""LXX | 3 Ki. | 18.32"",""quote"":""θυσιαστήριον LXX 3 Ki. 18.32""},{""biblio"":"""",""quote"":""δίκελλαν""},{""biblio"":""Lib. | Decl. | 27.3"",""quote"":""δίκελλαν Lib. Decl. 27.3""},{""biblio"":"""",""quote"":""ἰάσαμεν""},{""biblio"":""Gal. | 10.453"",""quote"":""ἰάσαμεν Gal. 10.453""},{""biblio"":"""",""quote"":""ἀπὸ τῶν νόσων""},{""biblio"":""Ev.Luc. | 6.17"",""quote"":""ἀπὸ τῶν νόσων Ev.Luc. 6.17""},{""biblio"":"""",""quote"":""ἰήθην""},{""biblio"":""Hp. | Mul. | 1.3"",""quote"":""ἰήθην Hp. Mul. 1.3""},{""biblio"":"""",""quote"":""ἰαθήσομαι""},{""biblio"":""Luc. | Asin. | 14"",""quote"":""ἰαθήσομαι Luc. Asin. 14""},{""biblio"":"""",""quote"":""ἰάσομαι""},{""biblio"":""Aristid. | 2.317"",""quote"":""ἰάσομαι Aristid. 2.317""},{""biblio"":"""",""quote"":""ἴᾱμαι""},{""biblio"":""Ev.Marc. | 5.29"",""quote"":""ἴᾱμαι Ev.Marc. 5.29""}]","[""A. | Fr. | 349"",""Aeschin. | 3.69"",""Archil. | 13"",""Aristid. | 2.317"",""Arr. | Tact. | 1.3"",""E. | Fr. | 1072"",""E. | HF | 1107"",""Ev.Luc. | 6.17"",""Ev.Marc. | 5.29"",""Gal. | 10.453"",""Hdt. | 7.181"",""Hp. | Loc.Hom. | 24"",""Hp. | Mul. | 1.3"",""Id. | Smp. | 191d"",""Il. | 5.899"",""Isoc. | 6.101"",""LXX | 3 Ki. | 18.32"",""Lib. | Decl. | 27.3"",""Luc. | Asin. | 14"",""Mantiss.Prov. | 2.28"",""Od. | 9.525"",""Pi. | P. | 3.46"",""Pl. | Lg. | 933e"",""Pl. | Plt. | 299a"",""Plu. | 2.653a"",""S. | Fr. | 77"",""S. | Tr. | 1210""]",{},[],1,1,1,1,0,5,8,1,56
49706,10,63,n49706,Ἰᾱοναῦ,,,,,"[""O Ionian, Ar. Ach. 104 .""]","[""O Ionian""]",[],[],[],{},[],1,1,0,0,0,1,1,0,0
49707,10,64,n49707,Ἰάονες,,οἱ,,,"[""= Ἕλληνες , A. Pers. 178 , 563 (lyr.): sg.,Ἰάων rare, Theoc. 16.57 :—fem.Ἰαονίς,ίδος , Νύμφαισιν Ἰαονίδεσσιν Nic. Fr. 74.8 :Ἰαονίηθε,from Ionia, ib. 2 :Ἰαόνιος,α,ον,Greek, A. Supp. 69 (lyr.), Pers. 899 (lyr., Herm. for Ἰόνιον);Athenian, Orac. ap. Plu. Sol. 10 .""]","[""from Ionia""]",[],"[{""biblio"":"""",""quote"":"", Νύμφαισιν Ἰαονίδεσσιν""},{""biblio"":""Nic. | Fr. | 74.8"",""quote"":"", Νύμφαισιν Ἰαονίδεσσιν Nic. Fr. 74.8""}]","[""Nic. | Fr. | 74.8""]",{},"[{""type"":""ref"",""target"":"""",""text"":""Ἕλληνες""},{""type"":"""",""target"":"""",""text"":""= Ἕλληνες""}]",1,1,0,1,1,1,1,0,2
49708,10,65,n49708,ἰαόντυς,,,,,"[""ἰαόντυς, Boeot. ,= Att. ἐῶσιν(dat. pl.), Schwyzer 462 A 5 (Tanagra,iii B.C.).""]",[],[],[],[],{},[],1,0,0,0,0,1,0,0,0
49709,10,66,n49709,ἰαππᾰπαιάξ,,,,,"[""ἰαππᾰπαιάξ [ῐ], exclamation of astonishment, Ar. Th. 945 .""]",[],[],[],[],{},[],1,0,0,0,0,1,0,0,0
49710,10,67,n49710,ἰάπτω,,,,,"[""hurt, spoil( = βλάπτω , Hsch. ),ὡς ἂν μὴ κλαίουσα κατὰ χρόα καλὸν ἰάπτῃ mar her beauty, Od. 2.376 , cf. 4.749 ; ναυτιλίην A.R. 2.875 ; of a spear,wound, pierce, τοῦ δ' οὐ χρόα καλὸν ἴαψεν Q.S. 6.546 ; Ἔρως . . ὅς με κατασμύχων καὶ ἐς ὀστέον ἄχρις ἰάπτει Theoc. 3.17 ; βροτῶν, οὓς αὐτίκα γῆρας ἰάπτει AP 11.389 ( Lucill. ); ἆ δειλὸς χαλεποῖς ἐνὶ πένθεσι γῆρας ἰάψει Q.S. 3.455 ;ἐπεὶ ἦ νύ με κῆδος ἰάπτει λευγαλέον ib. 481 :— Pass. , ὃς δὲ . . μελλόντων χάριν ἑὸν ἰάπτεται κέαρ B. Fr. 7.5 ; ἰάπτομαι ἄλγεσιν ἦτορ Mosch. 4.39 ; ὥς μοι περὶ θυμὸς ἰάφθη Theoc. 2.82 . (Perh. cf.ἴπτομαι.)""]","[""hurt, spoil"",""mar"",""wound, pierce""]",[],"[{""biblio"":"""",""quote"":""ναυτιλίην""},{""biblio"":""A.R. | 2.875"",""quote"":""ναυτιλίην A.R. 2.875""},{""biblio"":"""",""quote"":""τοῦ δ' οὐ χρόα καλὸν ἴαψεν""},{""biblio"":""Q.S. | 6.546"",""quote"":""τοῦ δ' οὐ χρόα καλὸν ἴαψεν Q.S. 6.546""},{""biblio"":"""",""quote"":""Ἔρως . . ὅς με κατασμύχων καὶ ἐς ὀστέον ἄχρις ἰάπτει""},{""biblio"":""Theoc. | 3.17"",""quote"":""Ἔρως . . ὅς με κατασμύχων καὶ ἐς ὀστέον ἄχρις ἰάπτει Theoc. 3.17""},{""biblio"":"""",""quote"":""βροτῶν, οὓς αὐτίκα γῆρας ἰάπτει""},{""biblio"":""AP | 11.389"",""quote"":""βροτῶν, οὓς αὐτίκα γῆρας ἰάπτει AP 11.389""},{""biblio"":"""",""quote"":""ἆ δειλὸς χαλεποῖς ἐνὶ πένθεσι γῆρας ἰάψει""},{""biblio"":""Q.S. | 3.455"",""quote"":""ἆ δειλὸς χαλεποῖς ἐνὶ πένθεσι γῆρας ἰάψει Q.S. 3.455""},{""biblio"":"""",""quote"":""ὃς δὲ . . μελλόντων χάριν ἑὸν ἰάπτεται κέαρ""},{""biblio"":""B. | Fr. | 7.5"",""quote"":""ὃς δὲ . . μελλόντων χάριν ἑὸν ἰάπτεται κέαρ B. Fr. 7.5""},{""biblio"":"""",""quote"":""ἰάπτομαι ἄλγεσιν ἦτορ""},{""biblio"":""Mosch. | 4.39"",""quote"":""ἰάπτομαι ἄλγεσιν ἦτορ Mosch. 4.39""},{""biblio"":"""",""quote"":""ὥς μοι περὶ θυμὸς ἰάφθη""},{""biblio"":""Theoc. | 2.82"",""quote"":""ὥς μοι περὶ θυμὸς ἰάφθη Theoc. 2.82""}]","[""A.R. | 2.875"",""AP | 11.389"",""B. | Fr. | 7.5"",""Mosch. | 4.39"",""Q.S. | 3.455"",""Q.S. | 6.546"",""Theoc. | 2.82"",""Theoc. | 3.17""]",{},"[{""type"":""ref"",""target"":"""",""text"":""βλάπτω""},{""type"":"""",""target"":"""",""text"":""= βλάπτω""}]",1,1,0,1,1,1,3,0,16
49711,10,68,n49711,ἰάπτω,,,,,"[""-ψω A. Th. 525 (lyr.):aor. ἴαψα S. Aj. 700 (lyr.): —send, drive on, of missiles,send forth, shoot, τόξοις βέλη εἴς τινα A. Ag. 510 ; χερμάδα ἐπί τινι Id. Th. 299 (lyr.);πρόσθε πυλᾶν κεφαλὰν ἰ. to throw his head before the gates, i.e. lose it, ib. 525 (lyr.): metaph., ἐπιτύμβιον αἶνον ἐπ' ἀνδρὶ θείῳ . . ἰάπτων Id. Ag. 1548 (lyr.);μακάρεσσιν ἔπι ψόγον αἰνὸν ἰ. Rhian. 1.4 ;ἰ. ὀρχήματα begin the dance, S.l.c.:— Pass. , ἐπί τινι ἰάπτεται βέλη A. Th. 544 ."",""c. acc. objecti,λόγοις ἰάπτειν τινά assail one with words, S. Aj. 501 ."",""intr. (sc.ἑαυτόν),rush, hurry, A. Supp. 547 (lyr.). (Perh. cf. Lat.jacio.)""]","[""send, drive on"",""send forth, shoot"",""throw"",""begin"",""assail"",""rush, hurry"",""jacio.""]",[],"[{""biblio"":"""",""quote"":""-ψω""},{""biblio"":""A. | Th. | 525"",""quote"":""-ψω A. Th. 525""},{""biblio"":"""",""quote"":""ἴαψα""},{""biblio"":""S. | Aj. | 700"",""quote"":""ἴαψα S. Aj. 700""},{""biblio"":"""",""quote"":""τόξοις βέλη εἴς τινα""},{""biblio"":""A. | Ag. | 510"",""quote"":""τόξοις βέλη εἴς τινα A. Ag. 510""},{""biblio"":"""",""quote"":""χερμάδα ἐπί τινι""},{""biblio"":""Id. | Th. | 299"",""quote"":""χερμάδα ἐπί τινι Id. Th. 299""},{""biblio"":"""",""quote"":""ἐπιτύμβιον αἶνον ἐπ' ἀνδρὶ θείῳ . . ἰάπτων""},{""biblio"":""Id. | Ag. | 1548"",""quote"":""ἐπιτύμβιον αἶνον ἐπ' ἀνδρὶ θείῳ . . ἰάπτων Id. Ag. 1548""},{""biblio"":"""",""quote"":""ἐπί τινι ἰάπτεται βέλη""},{""biblio"":""A. | Th. | 544"",""quote"":""ἐπί τινι ἰάπτεται βέλη A. Th. 544""}]","[""A. | Ag. | 510"",""A. | Th. | 525"",""A. | Th. | 544"",""Id. | Ag. | 1548"",""Id. | Th. | 299"",""S. | Aj. | 700""]",{},[],1,1,0,1,0,3,7,0,12
49712,10,69,n49712,Ἰᾶπυξ,,ὁ,,,"[""the NW.(or rather WNW.)wind,=ἀργέστης, Arist. Vent. 973b14 , Mu. 394b26 ."",""Ἰάπῠγες, Ion. Ἰήπῠγες,οἱ, a people of Southern Italy, Hdt. 7.170 :ἡ""]","[""the NW."",""wind""]",[],[],[],{},[],1,1,0,0,0,2,2,0,0
49713,10,70,n49713,Ἰᾱπῠγία,Adj.,,,,"[""country, ibid.:—Adj. Ἰᾱπύγιος,α,ον,Iapygian, ἄκρα Th. 6.30 .""]","[""country""]",[],"[{""biblio"":"""",""quote"":""ἄκρα""},{""biblio"":""Th. | 6.30"",""quote"":""ἄκρα Th. 6.30""}]","[""Th. | 6.30""]",{},[],1,1,0,1,0,1,1,0,2
49714,10,71,n49714,ἶαρ:,,,,,"[""ἶαρ: αἷμα, and ἰαροπότης:αἱμοπότης, Hsch. ; cf.ἔαρ, εἶαρ.""]",[],[],[],[],{},[],1,0,0,0,0,1,0,0,0
49715,10,72,n49715,ἱάραξ,,,,,"[""ἱάραξ, Dor. for ἱέραξ, Hsch. , perh. to be read in Epich. 68 .""]",[],[],[],[],{},[],1,0,0,0,0,1,0,0,0
49716,10,73,n49716,ἱαράρχας,,,,,"[""= ἱερ- , v. ἱερ- .""]",[],[],[],[],{},"[{""type"":""ref"",""target"":"""",""text"":""ἱερ-""},{""type"":"""",""target"":"""",""text"":""= ἱερ-""},{""type"":""ref"",""target"":"""",""text"":""ἱερ-""},{""type"":"""",""target"":"""",""text"":""v. ἱερ-""}]",1,0,0,0,1,1,0,0,0
49717,10,74,n49717,ἰαριγμόν:,,,,,"[""ἰαριγμόν: χαράν, καὶ θροῦν, Hsch. ἰαροχρείαν: τὴν ὀσφῦν(Ital.), Id.:—also ἰαροχρής: καθαρός, θύσιμος, Id. (For ἱερο-.)ἰαρπάλαμος: ἀκρόχειρος, Id.ἱάρωμα: κοσμάριον παιδικόν, Id.""]",[],[],[],[],{},[],1,0,0,0,0,1,0,0,0
49718,10,75,n49718,Ἰάς,Adj.,ἡ,,,"[""τῇ Ἰάδι συγγενεία Th. 4.61 ; διάλεκτος A.D. Adv. 189.5 , Str. 8.1.2 ;γλῶττα ibid.: as Subst., Luc. Hist.Conscr. 16 ."",""the Ionian flower,=ἴον, Nic. Fr. 74.2 . [ῐ, but ῑ in arsi, App.Anth. 2.21 .]""]","[""the Ionian flower""]",[],"[{""biblio"":"""",""quote"":""τῇ Ἰάδι συγγενεία""},{""biblio"":""Th. | 4.61"",""quote"":""τῇ Ἰάδι συγγενεία Th. 4.61""},{""biblio"":"""",""quote"":""διάλεκτος""},{""biblio"":""A.D. | Adv. | 189.5"",""quote"":""διάλεκτος A.D. Adv. 189.5""}]","[""A.D. | Adv. | 189.5"",""Th. | 4.61""]",{},[],1,1,0,1,0,2,1,0,4
49719,10,76,n49719,ἴᾱσῐ,,,,,"[""ibo).ἱᾶσῐ [ῑ], for ἱέασι,3 pl. pres.of ἵημι.""]","[""ibo""]",[],[],[],{},[],1,1,0,0,0,1,1,0,0
49720,10,77,n49720,ἰάσιμος,,,,,"[""curable, of persons, φαρμάκοις A. Pr. 475 , cf. Hp. Morb.Sacr. 11 ; opp.ἀνίατος, Pl. Lg. 941d , etc.; διαφθείρεσθαι ἰάσιμος ὤν Antipho 4.2.4 : metaph.,appeasable, θεός E. Or. 399 ."",""of wounds,τραῦμα ἰ. Pl. Lg. 878c : metaph., ἰ. ἁμάρτημα Id. Grg. 525b ; κακά Id. Lg. 731d ; ἰ. τὸ πάθος Alex. 124.4 .""]","[""curable"",""appeasable""]","[""ἰάομαι""]","[{""biblio"":"""",""quote"":""φαρμάκοις""},{""biblio"":""A. | Pr. | 475"",""quote"":""φαρμάκοις A. Pr. 475""},{""biblio"":"""",""quote"":""διαφθείρεσθαι ἰάσιμος ὤν""},{""biblio"":""Antipho | 4.2.4"",""quote"":""διαφθείρεσθαι ἰάσιμος ὤν Antipho 4.2.4""},{""biblio"":"""",""quote"":""θεός""},{""biblio"":""E. | Or. | 399"",""quote"":""θεός E. Or. 399""},{""biblio"":"""",""quote"":""ἰ. ἁμάρτημα""},{""biblio"":""Id. | Grg. | 525b"",""quote"":""ἰ. ἁμάρτημα Id. Grg. 525b""},{""biblio"":"""",""quote"":""κακά""},{""biblio"":""Id. | Lg. | 731d"",""quote"":""κακά Id. Lg. 731d""},{""biblio"":"""",""quote"":""ἰ. τὸ πάθος""},{""biblio"":""Alex. | 124.4"",""quote"":""ἰ. τὸ πάθος Alex. 124.4""}]","[""A. | Pr. | 475"",""Alex. | 124.4"",""Antipho | 4.2.4"",""E. | Or. | 399"",""Id. | Grg. | 525b"",""Id. | Lg. | 731d""]",{},[],1,1,1,1,0,2,2,1,12
49721,10,78,n49721,ἴᾱσις,,ἡ,,,"[""healing, mode of healing, remedy, Hp. Aph. 2.17 , S. OT 68 , Pl. Smp. 188c ; οἷς [πήμασιν] ἴ. οὐκ ἔνεστ' ἰδεῖν S. El. 876 ; [ἀδίκημα] οὗ μή ἐστιν ἴ. Arist. Rh. 1374b31 , cf. Antipho 5.94 , Arr. An. 7.29.2 ; ἔλεγχος ἰ. τοῦ λόγου Arist. Metaph. 1009a21 : pl.,cures, ἰάσεις ἀποτελῶ Ev.Luc. 13.32 ."",""mending, repairs, ζυγάστρου SIG 244i53 (Delph.,iv B.C.)."",""Alch.,cupellation, refining, PLeid.X. 21 .""]","[""healing, mode of healing, remedy"",""cures"",""mending, repairs"",""cupellation, refining,""]","[""ἰάομαι""]","[{""biblio"":"""",""quote"":""οἷς [πήμασιν] ἴ. οὐκ ἔνεστ' ἰδεῖν""},{""biblio"":""S. | El. | 876"",""quote"":""οἷς [πήμασιν] ἴ. οὐκ ἔνεστ' ἰδεῖν S. El. 876""},{""biblio"":"""",""quote"":""ἔλεγχος ἰ. τοῦ λόγου""},{""biblio"":""Arist. | Metaph. | 1009a21"",""quote"":""ἔλεγχος ἰ. τοῦ λόγου Arist. Metaph. 1009a21""},{""biblio"":"""",""quote"":""ἰάσεις ἀποτελῶ""},{""biblio"":""Ev.Luc. | 13.32"",""quote"":""ἰάσεις ἀποτελῶ Ev.Luc. 13.32""},{""biblio"":"""",""quote"":""ζυγάστρου""},{""biblio"":""SIG | 244i53"",""quote"":""ζυγάστρου SIG 244i53""}]","[""Arist. | Metaph. | 1009a21"",""Ev.Luc. | 13.32"",""S. | El. | 876"",""SIG | 244i53""]",{},[],1,1,1,1,0,3,4,1,8
49722,10,79,n49722,ἰασιώνη,,ἡ,,,"[""bindweed, Convolvulus sepium, Thphr. HP 1.13.2 , cf. Plin. HN 21.105 .""]","[""bindweed, Convolvulus sepium""]",[],[],[],{},[],1,1,0,0,0,1,1,0,0
49723,10,80,n49723,ἰάσκειν:,,,,,"[""ἰάσκειν: ἄγειν, Hsch. :ἰασσεῖν: θυμοῦσθαι, δάκνειν, Id. (Prob. connected with ἰάπτω.)""]",[],[],[],[],{},[],1,0,0,0,0,1,0,0,0
49724,10,81,n49724,ἰάσμη,,ἡ,,816,"[""jessamine, Jasminum officinale, Aët. ap. Ps.- Dsc. 1.63 (fr. Pers. yāsam):ἰάσμῐνον,τό,oil of jasmine, ibid.:—also ἰασμέλαιον, τό, Aët. 1.119 (who states that ἰάσμη = ἰάσμινον = ἰασμέλαιον was prepared ἐκ τῶν ἀνθῶν τῶν λευκῶν τοῦ ἴου, καὶ ἐλαίου σησαμίνου).""]","[""jessamine, Jasminum officinale"",""yāsam"",""oil of jasmine""]",[],[],[],{},"[{""type"":""ref"",""target"":"""",""text"":""ἰάσμινον""},{""type"":"""",""target"":"""",""text"":""= ἰάσμινον""},{""type"":""ref"",""target"":"""",""text"":""ἰασμέλαιον""},{""type"":"""",""target"":"""",""text"":""= ἰασμέλαιον""}]",1,1,0,0,1,1,3,0,0
49725,10,82,n49725,ἰασπ-ᾰχάτης,,ὁ,,,"[""jasper-like agate, Aët. 2.37 , Plin. HN 37.139 .""]","[""jasper-like agate""]",[],[],[],{},[],1,1,0,0,0,1,1,0,0
49726,10,83,n49726,ἰασπ-ίζω,,,,,"[""to be like a jasper, Dsc. 5.136 .""]","[""to be like a jasper""]",[],[],[],{},[],1,1,0,0,0,1,1,0,0
49727,10,84,n49727,ἴασπ-ῐς,,ἡ,,,"[""ἴασπιν Orph. L. 267 , 613 ),ἡ,jasper, Pl. Phd. 110d , IG 22.1388.88 , 7.2420 (Thebes,iii B.C.), Thphr. Lap. 23 , AP 9.746 (Polemo)."",""= χρυσόγονον , Dsc. 4.56 . (Cf. Hebr.yāšpheh).""]","[""jasper"",""yāšpheh""]",[],"[{""biblio"":"""",""quote"":""ἴασπιν""},{""biblio"":""Orph. | L. | 267"",""quote"":""ἴασπιν Orph. L. 267""}]","[""Orph. | L. | 267""]",{},"[{""type"":""ref"",""target"":"""",""text"":""χρυσόγονον""},{""type"":"""",""target"":"""",""text"":""= χρυσόγονον""}]",1,1,0,1,1,2,2,0,2
49728,10,85,n49728,ἰασπ-όνυξ,,ὁ,,,"[""jasperlike onyx, Plin. HN 37.118 .""]","[""jasperlike onyx""]",[],[],[],{},[],1,1,0,0,0,1,1,0,0
49729,10,86,n49729,Ἰαστί,Adv.,,,,"[""in the Ionic mode(of music), Pratin.Lyr. 5, Pl. R. 398e ;κρούων Ἰ. Com.Adesp. 415 ; ἡ Ἰ. ἁρμονία Heraclid. Pont. ap. Ath. 14.524f : metaph., opp.Δωριστί, Pl. La. 188d ."",""in the Ionic dialect, Call. Iamb. 1.354 , Str. 13.4.8 , A.D. Adv. 134.31 , Luc. Herod. 2 ."",""= Ἑλληνιστί , Hsch.""]","[""in the Ionic mode"",""in the Ionic dialect""]","[""Ἰάς""]","[{""biblio"":"""",""quote"":""ἡ Ἰ. ἁρμονία""},{""biblio"":""Heraclid."",""quote"":""ἡ Ἰ. ἁρμονία Heraclid.""}]","[""Heraclid.""]",{},"[{""type"":""ref"",""target"":"""",""text"":""Ἑλληνιστί""},{""type"":"""",""target"":"""",""text"":""= Ἑλληνιστί""}]",1,1,1,1,1,3,2,1,2
49730,10,87,n49730,Ἰαστιαιόλιος,,,,,"[""Ionic-Aeolic, of a scale, Ptol. Harm. 2.1 .""]","[""Ionic-Aeolic""]",[],[],[],{},[],1,1,0,0,0,1,1,0,0
49731,10,88,n49731,Ἰάστιος,,,,,"[""Ἰάστιος,α,ον,Ionic, in Music, Max.Tyr. 7.1 .""]",[],[],[],[],{},[],1,0,0,0,0,1,0,0,0
49732,10,89,n49732,Ἰᾱσώ,,ἡ,,,"[""Iaso, the goddess of healing and health, Ar. Pl. 701 , Fr. 21 , Herod. 4.6 , Paus. 1.34.3 .""]","[""Iaso, the goddess of healing and health""]","[""ἰάομαι""]",[],[],{},[],1,1,1,0,0,1,1,1,0
49733,10,90,n49733,ἰά-τειρα,,ἡ,,,"[""healing, φύσις Marc.Sid. 1 .""]","[""healing""]",[],"[{""biblio"":"""",""quote"":""φύσις""},{""biblio"":""Marc.Sid. | 1"",""quote"":""φύσις Marc.Sid. 1""}]","[""Marc.Sid. | 1""]",{},[],1,1,0,1,0,1,1,0,2
49734,10,91,n49734,ἰα-τέον,,,,,"[""one must heal, Hp. Flat. 1 , Gal. 10.220 .""]","[""one must heal""]",[],[],[],{},[],1,1,0,0,0,1,1,0,0
49735,10,92,n49735,ἰα-τήρ,,ὁ,,,"[""j a τῆραν Inscr.Cypr. 135.3 H., Ep. ἰητήρ,ῆρος,ὁ, poet. for ἰατρός, in Hom. mostly,surgeon, Il. 2.732 , Od. 17.384 , cf. Pi. P. 3.65 , etc.: generally,healer, νόσων Theoc. Ep. 8 : metaph., ἰ. κακῶν S. Tr. 1209 ; πένθεος AP 7.466.8 ( Leon. ): abs.,deliverer, Pi. P. 4.270 .""]","[""j"",""surgeon"",""healer"",""deliverer""]",[],"[{""biblio"":"""",""quote"":""τῆραν""},{""biblio"":""Inscr.Cypr. | 135.3"",""quote"":""τῆραν Inscr.Cypr. 135.3""},{""biblio"":"""",""quote"":""νόσων""},{""biblio"":""Theoc. | Ep. | 8"",""quote"":""νόσων Theoc. Ep. 8""},{""biblio"":"""",""quote"":""ἰ. κακῶν""},{""biblio"":""S. | Tr. | 1209"",""quote"":""ἰ. κακῶν S. Tr. 1209""},{""biblio"":"""",""quote"":""πένθεος""},{""biblio"":""AP | 7.466.8"",""quote"":""πένθεος AP 7.466.8""}]","[""AP | 7.466.8"",""Inscr.Cypr. | 135.3"",""S. | Tr. | 1209"",""Theoc. | Ep. | 8""]",{},[],1,1,0,1,0,1,4,0,8
49736,10,93,n49736,ἰα-τήριον,,τό,,,"[""mode of cure, cure, Hp. Epid. 2.3.7 (cf. 6.2.4 ), Aret. CA 1.4 ; ἰητήρια νούσων Q.S. 7.61 .""]","[""mode of cure, cure""]",[],"[{""biblio"":"""",""quote"":""ἰητήρια νούσων""},{""biblio"":""Q.S. | 7.61"",""quote"":""ἰητήρια νούσων Q.S. 7.61""}]","[""Q.S. | 7.61""]",{},[],1,1,0,1,0,1,1,0,2
49737,10,94,n49737,ἰα-τής,,ὁ,,,"[""= ἰατήρ , LXX Jb. 13.4 , PCair.Preis. 20.26 (iv A.D.).""]",[],[],[],[],{},"[{""type"":""ref"",""target"":"""",""text"":""ἰατήρ""},{""type"":"""",""target"":"""",""text"":""= ἰατήρ""}]",1,0,0,0,1,1,0,0,0
49738,10,95,n49738,ἰα-τικός,,,,,"[""healing, Ἀπόλλων Str. 14.1.6 ; ἰκτέρου Dsc. 3.75 , cf. 5.123 , Gal. 18(2).394 , Max.Tyr. 28.7 .""]","[""healing""]",[],"[{""biblio"":"""",""quote"":""Ἀπόλλων""},{""biblio"":""Str. | 14.1.6"",""quote"":""Ἀπόλλων Str. 14.1.6""},{""biblio"":"""",""quote"":""ἰκτέρου""},{""biblio"":""Dsc. | 3.75"",""quote"":""ἰκτέρου Dsc. 3.75""}]","[""Dsc. | 3.75"",""Str. | 14.1.6""]",{},[],1,1,0,1,0,1,1,0,4
49739,10,96,n49739,ἰα-τορία,,ἡ,,,"[""art of healing or of medicine, B. 1.39 ;χειροτέχνης ἰατορίας, of a surgeon, S. Tr. 1001 (lyr.), cf. IGRom. 4.507a18 ,b 7 (Pergam.).""]","[""art of healing"",""of medicine"",""b""]",[],[],[],{},[],1,1,0,0,0,1,3,0,0
49740,10,97,n49740,ἰᾶτον,,τό,,,"[""drink prepared from honey, wine and violets, [ Orib. ] 5.33.6 , Alex.Trall. 1.16 ;ἔλαιον ἰ. Aët. 1.118 .""]","[""drink prepared from honey, wine and violets""]",[],[],[],{},[],1,1,0,0,0,1,1,0,0
49741,10,98,n49741,ἰᾱτός,,,,,"[""curable, Pi. I. 8(7).15 , Pl. Lg. 862c ,al.""]","[""curable""]",[],[],[],{},[],1,1,0,0,0,1,1,0,0
49742,10,99,n49742,ἴατρ-α,,τά,,,"[""doctor's fee, ἴητρα νούσων ἐποιεύμεσθα Herod. 4.16 , cf. Hsch."",""thank-offering for cure, IG 4.951.45 (Epid.),al.;Ὑγιεία, τῷ Τελεσφόρῳ ἴ., ib. 1321 , 1334 ;ἰάτρων ἀντί ib. 5(1).1119 (Geronthrae).""]","[""doctor's fee"",""thank-offering for cure,""]",[],"[{""biblio"":"""",""quote"":""ἴητρα νούσων ἐποιεύμεσθα""},{""biblio"":""Herod. | 4.16"",""quote"":""ἴητρα νούσων ἐποιεύμεσθα Herod. 4.16""}]","[""Herod. | 4.16""]",{},[],1,1,0,1,0,2,2,0,2
49743,10,100,n49743,ἰατρ-ᾰλείπτης,,ὁ,,,"[""surgeon who practises by anointing, friction, and the like, Plin. Ep. 10.5(4) , Cels. 1.1 , Gal. 13.104 , Paul.Aeg. 3.47 :—hence ἰατρ-ᾰλειπτική(sc.τέχνη),practice of an ἰατραλείπτης, Plin. HN 29.4 .""]","[""surgeon who practises by anointing, friction, and the like"",""practice of an""]","[""ἀλείφω""]",[],[],{},[],1,1,1,0,0,1,2,1,0
49744,10,101,n49744,ἰατρ-εία,,ἡ,,,"[""healing, medical treatment, Hp. Fract. 34 , al., Plu. Pyrrh. 3 , Epigr.Gr. 305.1 (Smyrna), Sammelb. 1934 (Serapeum)."",""metaph.,curing, correcting, ἐπιθυμίας Arist. Pol. 1267a7 ;τῆς ἁμαρτίας ib. 1272b2 , cf. 1284b19 , Plu. 2.510c ; ἰατρείας ἕνεκεν Arist. EN 1152b32 : pl., ib. 1104b17 , al.""]","[""healing, medical treatment"",""curing, correcting""]","[""ἰατρεύω""]","[{""biblio"":"""",""quote"":""ἐπιθυμίας""},{""biblio"":""Arist. | Pol. | 1267a7"",""quote"":""ἐπιθυμίας Arist. Pol. 1267a7""},{""biblio"":"""",""quote"":""ἰατρείας ἕνεκεν""},{""biblio"":""Arist. | EN | 1152b32"",""quote"":""ἰατρείας ἕνεκεν Arist. EN 1152b32""}]","[""Arist. | EN | 1152b32"",""Arist. | Pol. | 1267a7""]",{},[],1,1,1,1,0,2,2,1,4
49745,10,102,n49745,ἰατρ-εῖον,,τό,,,"[""surgery, Hp. Off. 2 , Pl. R. 405a , Aeschin. 1.40 , BGU 647.3 (ii A.D.);κατ' ἰητρεῖον ἀνόσως διάγειν not to be so ill as to need medical advice, Hp. Epid. 1.1 : metaph.,ψυχῆς ἰ. D.S. 1.49 ."",""remedy, Androm. ap. Gal. 13.832 ."",""pl.,= ἴατρα 1 ,doctor's fee, expense of a cure, LXX Ex. 21.10 , Poll. 4.177 , 6.186 ."",""= ἴατρα 11 ,-εῖα θεοῖς ἐπηκόοις Roussel Cultes Egyptiens 94 , al. (Delos,ii/i B.C.).""]","[""surgery"",""as to need medical advice"",""remedy"",""doctor's fee, expense of a cure"",""Cultes Egyptiens""]",[],"[{""biblio"":"""",""quote"":""ἴατρα""},{""biblio"":""1"",""quote"":""ἴατρα 1""}]","[""1""]",{},"[{""type"":""ref"",""target"":"""",""text"":""ἴατρα""},{""type"":"""",""target"":"""",""text"":""= ἴατρα""}]",1,1,0,1,1,4,5,0,2
49746,10,103,n49746,ἰάτρ-ευμα,,τό,,,"[""= ἴαμα, παθῶν Dam. Isid. 189 (pl.): Rhet. in pl., 'specifics' for allaying prejudice, etc., Arist. Rh. 1415a25 .""]","[""specifics""]",[],[],[],{},"[{""type"":""ref"",""target"":"""",""text"":""ἴαμα, παθῶν""},{""type"":"""",""target"":"""",""text"":""= ἴαμα, παθῶν""}]",1,1,0,0,1,1,1,0,0
49747,10,104,n49747,ἰάτρ-ευσις,,ἡ,,,"[""ἰάτρ-ευσις,εως,ἡ,=ἰατρεία, Pl. R. 357c , Arist. Ph. 193b14 ,al.""]",[],[],[],[],{},[],1,0,0,0,0,1,0,0,0
49748,10,105,n49748,ἰατρ-ευτέον,,,,,"[""one must treat, Gal. 10.209 , Alex.Trall. Febr. 3 .""]","[""one must treat""]",[],[],[],{},[],1,1,0,0,0,1,1,0,0
49749,10,106,n49749,ἰατρ-ευτικός,,,,,"[""= ἰατικός, φάρμακα Sch. Ar. Ach. 1211 .""]",[],[],[],[],{},"[{""type"":""ref"",""target"":"""",""text"":""ἰατικός, φάρμακα""},{""type"":"""",""target"":"""",""text"":""= ἰατικός, φάρμακα""}]",1,0,0,0,1,1,0,0,0
49750,10,107,n49750,ἰατρ-εύω,,,,,"[""ἰήτρευκα Hp. Art. 46 : (ἰατρός):— treat medically, cure, ἕκαστα Id. Acut. 2 ; οὐδὲν ἰ. τῆς λύπης Phld. Mus. p.69K. ;τινα Hp. Art. l.c., Pl. Lg. 857d , al.:— Pass. ,to be under medical care, Id. R. 357c , Grg. 478b sq., al.;to be cured, IG 14.2283 (Bononia)."",""abs.,practise medicine, Hp. Art. 72 ;τίς ὀρθῶς ἰάτρευκεν; Arist. Pol. 1281b40 ."",""metaph.,remedy, correct, Id. PA 665a8 .""]","[""treat medically, cure"",""to be under medical care"",""to be cured,"",""practise medicine"",""remedy, correct""]","[""ἰατρός""]","[{""biblio"":"""",""quote"":""ἰήτρευκα""},{""biblio"":""Hp. | Art. | 46"",""quote"":""ἰήτρευκα Hp. Art. 46""},{""biblio"":"""",""quote"":""ἕκαστα""},{""biblio"":""Id. | Acut. | 2"",""quote"":""ἕκαστα Id. Acut. 2""},{""biblio"":"""",""quote"":""οὐδὲν ἰ. τῆς λύπης""},{""biblio"":""Phld. | Mus. | p.69K."",""quote"":""οὐδὲν ἰ. τῆς λύπης Phld. Mus. p.69K.""}]","[""Hp. | Art. | 46"",""Id. | Acut. | 2"",""Phld. | Mus. | p.69K.""]",{},[],1,1,1,1,0,3,5,1,6
49751,10,108,n49751,ἰάτρ-ια,,ἡ,,,"[""ἰάτρ-ια,ἡ, fem. of ἰατήρ, Alex. 318 .""]",[],[],[],[],{},[],1,0,0,0,0,1,0,0,0
49752,10,109,n49752,ἰατρ-ικός,Adv.,τό,,,"[""of or for an ἰατρός, καρκίνος IG 22.47.16 (iv B.C.):-ικόν(sc.τέλος),τό, tax for maintenance of doctor, SIG 437 (Delph.,iii B.C.), PSI 4.371 , 388 (iii B.C.); so perh. τὰ ἰατρικά PCair.Zen. 36.4 , 13 (iii B.C.); but-ικόν,τό , Milit.,medical corps, Arr. Tact. 2.1 :ἡ -κή(sc.τέχνη),surgery, medicine, Hdt. 2.84 , 3.129 , Hp. VM 1 , Pl. Grg. 478b , Epicur. Fr. 221 , etc.Adv. -κῶς in medical terms, ἐκφέρεσθαι Phld. Po. 5.29 , etc."",""skilled in the medical art, Pl. R. 455e , etc.;ἰ. ἐκ τῶν συγγραμμάτων γίνεσθαι by rule, Arist. EN 1181b2 , etc.: Comp. -ώτερος ib. 1097a10 ; -ώτερον τῶν ἰατρικῶν Phld. Mus. p.6 K.: Sup. -ώτατος Pl. Smp. 186d , Gal. Protr. 10 .Adv. -κῶς Alex. 124.13 , etc."",""metaph., ἰ. περὶ τὴν ψυχήν Pl. Prt. 313e ."",""of drugs,efficacious, φάρμακα Hp. Ep. 16 ( Sup. )."",""ἰατρικός(sc.δάκτυλος),ὁ,forefinger, PLond. 1821.300 .""]","[""of"",""for an"",""for maintenance of doctor"",""medical corps"",""surgery, medicine"",""in medical terms"",""skilled in the medical art"",""efficacious"",""forefinger,""]",[],"[{""biblio"":"""",""quote"":""ἰατρός, καρκίνος""},{""biblio"":""IG | 22.47.16"",""quote"":""ἰατρός, καρκίνος IG 22.47.16""},{""biblio"":"""",""quote"":""τὰ ἰατρικά""},{""biblio"":""PCair.Zen. | 36.4"",""quote"":""τὰ ἰατρικά PCair.Zen. 36.4""},{""biblio"":"""",""quote"":""ἐκφέρεσθαι""},{""biblio"":""Phld. | Po. | 5.29"",""quote"":""ἐκφέρεσθαι Phld. Po. 5.29""},{""biblio"":"""",""quote"":""-ώτερον τῶν ἰατρικῶν""},{""biblio"":""Phld. | Mus. | p.6"",""quote"":""-ώτερον τῶν ἰατρικῶν Phld. Mus. p.6""},{""biblio"":"""",""quote"":""-ώτατος""},{""biblio"":""Pl. | Smp. | 186d"",""quote"":""-ώτατος Pl. Smp. 186d""},{""biblio"":"""",""quote"":""-κῶς""},{""biblio"":""Alex. | 124.13"",""quote"":""-κῶς Alex. 124.13""},{""biblio"":"""",""quote"":""ἰ. περὶ τὴν ψυχήν""},{""biblio"":""Pl. | Prt. | 313e"",""quote"":""ἰ. περὶ τὴν ψυχήν Pl. Prt. 313e""},{""biblio"":"""",""quote"":""φάρμακα""},{""biblio"":""Hp. | Ep. | 16"",""quote"":""φάρμακα Hp. Ep. 16""}]","[""Alex. | 124.13"",""Hp. | Ep. | 16"",""IG | 22.47.16"",""PCair.Zen. | 36.4"",""Phld. | Mus. | p.6"",""Phld. | Po. | 5.29"",""Pl. | Prt. | 313e"",""Pl. | Smp. | 186d""]",{},[],1,1,0,1,0,5,9,0,16
49753,10,110,n49753,ἰατρ-ίνη,,ἡ,,,"[""midwife, IG 3.134 , al., J. Vit. 37 , Gal. 8.414 , Alex.Aphr. Pr. 2.64 , POxy. 1586.12 (iii A.D.).""]","[""midwife,""]",[],[],[],{},[],1,1,0,0,0,1,1,0,0
49754,10,111,n49754,ἰατρο-κλύστης,,ὁ,,,"[""physician who uses douches, UPZ 148.7 (ii B.C.).""]","[""physician who uses douches""]",[],[],[],{},[],1,1,0,0,0,1,1,0,0
49755,10,112,n49755,ἰατρο-λογέω,,,,,"[""lecture on medicine, D.L. 8.78 .""]","[""lecture on medicine""]",[],[],[],{},[],1,1,0,0,0,1,1,0,0
49756,10,113,n49756,ἰατρο-λογία,,ἡ,,,"[""study of medicine, Ph. 1.302 .""]","[""study of medicine""]",[],[],[],{},[],1,1,0,0,0,1,1,0,0
49757,10,114,n49757,ἰατρο-μᾰθημᾰτικοί,,οἱ,,,"[""those who practised medicine in conjunction with astrology, esp. in Egypt, Ptol. Tetr. 16 , Heph.Astr. Praef., Cat.Cod.Astr. 1.126 .""]","[""those who practised medicine in conjunction with astrology"",""Praef.,""]",[],[],[],{},[],1,1,0,0,0,1,2,0,0
49758,10,115,n49758,ἰατρό-μαια,,ἡ,,,"[""midwife, Dessau Inscr.Lat.Sel. 7806 , CIL 6.9478 .""]","[""midwife""]",[],[],[],{},[],1,1,0,0,0,1,1,0,0
49759,10,116,n49759,ἰατρό-μαντις,,ὁ,,,"[""physician and seer, of Apollo and Aesculapius, A. Supp. 263 , cf. Eu. 62 : metaph.,φρενῶν ἰ. A. Ag. 1623 .""]","[""physician and seer""]",[],[],[],{},[],1,1,0,0,0,1,1,0,0
49760,10,117,n49760,ἰατρο-νίκης,,ὁ,,,"[""conqueror of physicians, Inscr. in Plin. HN 29.9 (epitaph of Thessalus).""]","[""conqueror of physicians""]",[],[],[],{},[],1,1,0,0,0,1,1,0,0
49761,10,118,n49761,ἰᾱτρός,,ὁ,,,"[""like ἰατήρ ,one who heals, physician or surgeon, Il. 16.28 , al., Hdt. 3.130s q.; ἰητρὸς ἀνήρ Il. 11.514 ;φὼς ἰ. A. Supp. 261 ;ἥρως ἰ., worshipped at Athens and elsewhere, D. 19.249 , IG 22.840 , AB 263 , etc.;οὐ πρὸς ἰατροῦ σοφοῦ θρηνεῖν ἐπῳδὰς πρὸς τομῶντι πήματι S. Aj. 581 ;ἰατρῶν παῖδες, for ἰατροί, Luc. Hist. Conscr. 7 ; as a name of Apollo, Ar. Av. 584 (anap.), Lyc. 1207 , IPE 2.6 (Panticapaeum); ἰ. ὀφθαλμῶν, κεφαλῆς, ὀδόντων Hdt. 2.84 : as fem., of Artemis, Diog. Trag. 1.5 ; of Aphrodite, Plu. 2.143d : pl., of certain Nymphs in Elis, Hsch. ;midwife, Hellad. ap. Phot. Bibl. p.531 B. , Hsch. s.v. μαῖα ."",""metaph.,εὐφροσύνα πόνων ἰ. Pi. N. 4.2 ;ὦ θάνατε, . . τῶν ἀνηκέστων κακῶν ἰ. A. Fr. 255 ; ὁ θάνατος λοῖσθος ἰ. νόσων S. Fr. 698 ; ὀργῆς νοσούσης εἰσὶν ἰατροὶ λόγοι A. Pr. 380 , cf. Ch. 699 ; [ἀτυχίας] Antipho 2.2.13 ; τῆς πόλεως <κακῶς> βουλευσαμένης Th. 6.14 ; λύπης ἰ. χρόνος Diph. 117 ; τῆς ὕβρεως Ath. 14.627e : Comically,βουλιμίας, of a table, Timocl. 13.3 ;γῆς ἰ., of a farmer, Secund. Sent. 16 . [ῑᾱ Trag., also Antiph. 259 , Diph. 88 , Men. 497 , etc.:ῐα in [ Emp. ] 157 , E. Fr. 1072 , Ar. Ec. 363 , Pl. 406 , Philem. 11 , Men. 282 , etc.:ῑᾱ monosyll., TAM 2(1).369 .]""]","[""one who heals, physician"",""surgeon"",""midwife""]","[""ἰάομαι""]","[{""biblio"":"""",""quote"":""ἰητρὸς ἀνήρ""},{""biblio"":""Il. | 11.514"",""quote"":""ἰητρὸς ἀνήρ Il. 11.514""},{""biblio"":"""",""quote"":""πρὸς τομῶντι πήματι""},{""biblio"":""S. | Aj. | 581"",""quote"":""πρὸς τομῶντι πήματι S. Aj. 581""},{""biblio"":"""",""quote"":""ἰ. ὀφθαλμῶν, κεφαλῆς, ὀδόντων""},{""biblio"":""Hdt. | 2.84"",""quote"":""ἰ. ὀφθαλμῶν, κεφαλῆς, ὀδόντων Hdt. 2.84""},{""biblio"":"""",""quote"":""ὁ θάνατος λοῖσθος ἰ. νόσων""},{""biblio"":""S. | Fr. | 698"",""quote"":""ὁ θάνατος λοῖσθος ἰ. νόσων S. Fr. 698""},{""biblio"":"""",""quote"":""ὀργῆς νοσούσης εἰσὶν ἰατροὶ λόγοι""},{""biblio"":""A. | Pr. | 380"",""quote"":""ὀργῆς νοσούσης εἰσὶν ἰατροὶ λόγοι A. Pr. 380""},{""biblio"":"""",""quote"":""τῆς πόλεως <κακῶς> βουλευσαμένης""},{""biblio"":""Th. | 6.14"",""quote"":""τῆς πόλεως <κακῶς> βουλευσαμένης Th. 6.14""},{""biblio"":"""",""quote"":""λύπης ἰ. χρόνος""},{""biblio"":""Diph. | 117"",""quote"":""λύπης ἰ. χρόνος Diph. 117""},{""biblio"":"""",""quote"":""τῆς ὕβρεως""},{""biblio"":""Ath. | 14.627e"",""quote"":""τῆς ὕβρεως Ath. 14.627e""}]","[""A. | Pr. | 380"",""Ath. | 14.627e"",""Diph. | 117"",""Hdt. | 2.84"",""Il. | 11.514"",""S. | Aj. | 581"",""S. | Fr. | 698"",""Th. | 6.14""]",{},"[{""type"":""ref"",""target"":"""",""text"":""ἰατήρ""},{""type"":"""",""target"":"""",""text"":""like ἰατήρ""},{""type"":""ref"",""target"":"""",""text"":""μαῖα""},{""type"":"""",""target"":"""",""text"":""s.v. μαῖα""}]",1,1,1,1,1,2,3,1,16
49762,10,119,n49762,ἰᾱτρο-σοφιστής,,ὁ,,,"[""professor of medicine, Dam. ap. Suid. s.v. Γέσιος .""]","[""professor of medicine""]",[],[],[],{},"[{""type"":""ref"",""target"":"""",""text"":""Γέσιος""},{""type"":"""",""target"":"""",""text"":""s.v. Γέσιος""}]",1,1,0,0,1,1,1,0,0
49763,10,120,n49763,ἰᾱτρο-τέχνης,,ὁ,,,"[""practiser of medicine, Ar. Nu. 332 (anap.).""]","[""practiser of medicine""]",[],[],[],{},[],1,1,0,0,0,1,1,0,0
49764,10,121,n49764,ἰᾱτρο-τομεύς,,ὁ,,,"[""doctor who uses the knife, surgeon, Princeton Exp.Inscr. 787 (Syria).""]","[""doctor who uses the knife, surgeon, Princeton Exp.Inscr.""]",[],[],[],{},[],1,1,0,0,0,1,1,0,0
49765,10,122,n49765,ἰᾱτρο-φῐλόσοφος,,ὁ,,,"[""scientific doctor, Baillet Inscr. des tombeaux des rois 1298 .""]","[""scientific doctor"",""Inscr. des tombeaux des rois""]",[],[],[],{},[],1,1,0,0,0,1,2,0,0
49766,10,123,n49766,ἴαττα,,,,,"[""ἴαττα, Cret.pres. part.fem. of εἰμί(q. v.).""]",[],[],[],[],{},[],1,0,0,0,0,1,0,0,0
49767,10,124,n49767,ἰαττᾰταῖ,,,,,"[""ἰαττᾰταῖ,ἰαττᾰταιάξ, exclamations of astonishment, Ar. Eq. 1 .""]",[],[],[],[],{},[],1,0,0,0,0,1,0,0,0
49768,10,125,n49768,ἰᾱτύς,,ἡ,,,"[""medical attendance, Hsch. (prob.).""]","[""medical attendance""]",[],[],[],{},[],1,1,0,0,0,1,1,0,0
49769,10,126,n49769,ἰάτωρ,,ὁ,,,"[""ἰάτωρ[ῑᾱ], Ion. ἰήτωρ,ορος,ὁ,=ἰατρός, Alcm. 23.89 , IG 9(2).317 (Tricca), Hsch.""]",[],[],[],[],{},[],1,0,0,0,0,1,0,0,0
49770,10,127,n49770,ἰαῦ,,,,,"[""ho! holla! Ar. Ra. 272 .""]","[""ho! holla!""]",[],[],[],{},[],1,1,0,0,0,1,1,0,0
49771,10,128,n49771,ἰαυθμός,,ὁ,,,"[""sleeping-place, esp. of wild beasts,den, lair, Lyc. 606 (pl.)."",""sleep, Hsch.""]","[""sleeping-place"",""den, lair"",""sleep""]","[""ἰαύω""]",[],[],{},[],1,1,1,0,0,2,3,1,0
49772,10,129,n49772,ἰαυοῖ,,,,,"[""ἰαυοῖ, exclamation of sorrow, Ar. Ra. 1029 .""]",[],[],[],[],{},[],1,0,0,0,0,1,0,0,0
49773,10,130,n49773,ἴαυος:,,,,,"[""v. ἑαυτοῦ .ἴαυχεν, v. ἰάχω .""]",[],[],[],[],{},"[{""type"":""ref"",""target"":"""",""text"":""ἑαυτοῦ""},{""type"":"""",""target"":"""",""text"":""v. ἑαυτοῦ""},{""type"":""ref"",""target"":"""",""text"":""ἰάχω""},{""type"":"""",""target"":"""",""text"":""v. ἰάχω""}]",1,0,0,0,1,1,0,0,0
49774,10,131,n49774,ἰαύω,,,,,"[""ἰαύεσκον Od. 9.184 , Perdrizet-Lefebvre Graffītes Grecs du Memnonion d' Abydos 528 :fut. ἰαύσω Lyc. 101 , 430 :aor. 1 ἴαυσα Od. 11.261 , Call. Aet. 3.1.2 :—sleep, pass the night, Ζηνὸς . . ἐν ἀγκοίνῃσιν ἰαύεις Il. 14.213 , cf. Od. 11.261 ; ἀΰπνους νύκτας ἴαυον Il. 9.325 , Od. 19.340 ; of beasts, ἔνθα δὲ πολλὰ μῆλ' . . ἰαύεσκον 9.184 ; ἄρσενες ἐκτὸς ἴαυον 14.16 ; δεμνίοις δύστανος ἰαύων E. Ph. 1537 (lyr.): c. acc. cogn.,ἐννυχίαν τέρψιν ἰαύειν enjoy the night's sleep, S. Aj. 1204 (lyr.);ὑπασπίδιον κοῖτον ἰαύειν, of a soldier sleeping under arms, E. Rh. 740 (anap.); ὕπνον Theoc. 3.49 , Call. l.c."",""c. acc. et gen., Lyc. 101 . (Prob. redupl. form of αὔω(c), cf.ἄω(A) 11 ,αὐλή.)""]","[""Graffītes Grecs du Memnonion d' Abydos"",""sleep, pass the night"",""enjoy"",""sleeping""]",[],"[{""biblio"":"""",""quote"":""ἰαύεσκον""},{""biblio"":""Od. | 9.184"",""quote"":""ἰαύεσκον Od. 9.184""},{""biblio"":"""",""quote"":""ἰαύσω""},{""biblio"":""Lyc. | 101"",""quote"":""ἰαύσω Lyc. 101""},{""biblio"":"""",""quote"":""ἴαυσα""},{""biblio"":""Od. | 11.261"",""quote"":""ἴαυσα Od. 11.261""},{""biblio"":"""",""quote"":""Ζηνὸς . . ἐν ἀγκοίνῃσιν ἰαύεις""},{""biblio"":""Il. | 14.213"",""quote"":""Ζηνὸς . . ἐν ἀγκοίνῃσιν ἰαύεις Il. 14.213""},{""biblio"":"""",""quote"":""ἀΰπνους νύκτας ἴαυον""},{""biblio"":""Il. | 9.325"",""quote"":""ἀΰπνους νύκτας ἴαυον Il. 9.325""},{""biblio"":"""",""quote"":""ἔνθα δὲ πολλὰ μῆλ' . . ἰαύεσκον""},{""biblio"":""9.184"",""quote"":""ἔνθα δὲ πολλὰ μῆλ' . . ἰαύεσκον 9.184""},{""biblio"":"""",""quote"":""ἄρσενες ἐκτὸς ἴαυον""},{""biblio"":""14.16"",""quote"":""ἄρσενες ἐκτὸς ἴαυον 14.16""},{""biblio"":"""",""quote"":""δεμνίοις δύστανος ἰαύων""},{""biblio"":""E. | Ph. | 1537"",""quote"":""δεμνίοις δύστανος ἰαύων E. Ph. 1537""},{""biblio"":"""",""quote"":""ὕπνον""},{""biblio"":""Theoc. | 3.49"",""quote"":""ὕπνον Theoc. 3.49""}]","[""14.16"",""9.184"",""E. | Ph. | 1537"",""Il. | 14.213"",""Il. | 9.325"",""Lyc. | 101"",""Od. | 11.261"",""Od. | 9.184"",""Theoc. | 3.49""]",{},[],1,1,0,1,0,2,4,0,18
49775,10,132,n49775,ἰᾰφέτης,,ὁ,,,"[""archer, of Apollo, AP 9.525.10 .""]","[""archer""]","[""ἰός, ἀφίημι""]",[],[],{},[],1,1,1,0,0,1,1,1,0
49776,10,133,n49776,ἰᾰχ-έω,,,,,"[""ἰάχησα h.Cer. 20 , AP 7.745 (Antip. Sid.):— = ἰάχω ,cry, shout, used by Trag. in lyr., E. Heracl. 752 , El. 1150 , Or. 826 , 965 , etc.: c. acc. cogn.,ἰαχεῖν μέλος, αἴλινον, Id. Tr. 515 , HF 349 ; [ἀοιδάν] Ar. Ra. 217 ; χρησμόν IG 7.4240b2 ."",""rarely c. acc. obj.,bewail, νέκυν ὀλόμενον E. Ph. 1295 , cf. [1523] :— Pass. ,κᾷτ' ἰαχήθης . . ἄδικος thou wert proclaimed . ., Id. Hel. 1147 (prob. for καὶ ἰαχὴ σή . .)."",""of things,sound, γαῖα σμερδαλέον ἰάχησεν h.Hom. 28.11 ; τρίποδες ἰαχεῦσι Call. Del. 146 , cf. Orph. A. 997 , etc.; ὀλολύγματα ἰαχεῖ E. Heracl. 783 . [ᾰ in Ep. :ᾱ̆in Trag. (it is unnecessary to write ἰακχ-when a is long):ᾱ in IG l.c.:Ϝῐ, cf. sq.]""]","[""cry, shout"",""bewail"",""thou wert proclaimed . ."",""sound"",""a""]",[],"[{""biblio"":"""",""quote"":""ἰάχησα""},{""biblio"":""h.Cer. | 20"",""quote"":""ἰάχησα h.Cer. 20""},{""biblio"":"""",""quote"":""χρησμόν""},{""biblio"":""IG | 7.4240b2"",""quote"":""χρησμόν IG 7.4240b2""},{""biblio"":"""",""quote"":""νέκυν ὀλόμενον""},{""biblio"":""E. | Ph. | 1295"",""quote"":""νέκυν ὀλόμενον E. Ph. 1295""},{""biblio"":"""",""quote"":""γαῖα σμερδαλέον ἰάχησεν""},{""biblio"":""h.Hom. | 28.11"",""quote"":""γαῖα σμερδαλέον ἰάχησεν h.Hom. 28.11""},{""biblio"":"""",""quote"":""τρίποδες ἰαχεῦσι""},{""biblio"":""Call. | Del. | 146"",""quote"":""τρίποδες ἰαχεῦσι Call. Del. 146""},{""biblio"":"""",""quote"":""ὀλολύγματα ἰαχεῖ""},{""biblio"":""E. | Heracl. | 783"",""quote"":""ὀλολύγματα ἰαχεῖ E. Heracl. 783""}]","[""Call. | Del. | 146"",""E. | Heracl. | 783"",""E. | Ph. | 1295"",""IG | 7.4240b2"",""h.Cer. | 20"",""h.Hom. | 28.11""]",{},"[{""type"":""ref"",""target"":"""",""text"":""ἰάχω""},{""type"":"""",""target"":"""",""text"":""= ἰάχω""}]",1,1,0,1,1,3,5,0,12
49777,10,134,n49777,ἰᾰχ-ή,,ἡ,,,"[""cry, shout, both of victor and vanquished, Il. 15.396 , etc.;wail, shriek, Od. 11.43 ; also,a joyous sound, ἰαχὰ ὑμεναίων Pi. P. 3.17 , cf. E. Tr. 337 (lyr., pl.); κροτάλων τυπάνων τε h.Hom. 14.3 ; αὐλῶν Lyr.Adesp. 96 ; συρίγγων E. IA 1039 (lyr.): in pl., generally,shouts of joy, Thgn. 779 , E. Ba. 149 (lyr.); but πολύδακρυς ἰ. A. Pers. 940 , cf. E. El. 142 , Ph. 1302 (all lyr.). (ϝι-, cf. Il. 4.456 : a vowel is not elided before it in Ep. exc. in h.Hom. 14.3 , Hes. Th. 708 , Sc. 404 : Trag. only in lyr.; for the quantity cf. foreg.)""]","[""cry, shout"",""wail, shriek"",""a joyous sound"",""shouts of joy""]",[],"[{""biblio"":"""",""quote"":""ἰαχὰ ὑμεναίων""},{""biblio"":""Pi. | P. | 3.17"",""quote"":""ἰαχὰ ὑμεναίων Pi. P. 3.17""},{""biblio"":"""",""quote"":""κροτάλων τυπάνων τε""},{""biblio"":""h.Hom. | 14.3"",""quote"":""κροτάλων τυπάνων τε h.Hom. 14.3""},{""biblio"":"""",""quote"":""αὐλῶν""},{""biblio"":""Lyr.Adesp. | 96"",""quote"":""αὐλῶν Lyr.Adesp. 96""},{""biblio"":"""",""quote"":""συρίγγων""},{""biblio"":""E. | IA | 1039"",""quote"":""συρίγγων E. IA 1039""}]","[""E. | IA | 1039"",""Lyr.Adesp. | 96"",""Pi. | P. | 3.17"",""h.Hom. | 14.3""]",{},[],1,1,0,1,0,1,4,0,8
49778,10,135,n49778,ἰᾰ́χ-ημα,,τό,,,"[""cry, shout: hissing of a serpent, E. HF 884 (lyr., pl.);sound of an instrument, ῥόπτρων AP 6.165 (Phalaec.).""]","[""cry, shout: hissing"",""sound""]",[],"[{""biblio"":"""",""quote"":""ῥόπτρων""},{""biblio"":""AP | 6.165"",""quote"":""ῥόπτρων AP 6.165""}]","[""AP | 6.165""]",{},[],1,1,0,1,0,1,2,0,2
49779,10,136,n49779,ἰαχρός,,,,,"[""melted, softened: metaph.,at ease, tranquil, Hsch.""]","[""melted, softened"",""at ease, tranquil""]",[],[],[],{},[],1,1,0,0,0,1,2,0,0
49780,10,137,n49780,ἰάχω,,,,,"[""ἰάχεσκε Hes. Sc. 232 ; Aeol. ἴαυχεν, = ἴαχεν , Aristarch. ap. Eust. 1654.28 :—cry, shout, ἰάχοντες ἐπεσσύμεθ' Od. 4.454 , etc.; of battle-shouts, Ἀργεῖοι δὲ μέγα ἴαχον Il. 17.317 ; σμερδαλέα ἰάχων 19.41 , Od. 22.81 ;shriek in alarm or pain, πρὸς κόλπον . . τιθήνης ἐκλίνθη ἰάχων Il. 6.468 , cf. 5.343 , Od. 10.323 ; δμῳαὶ . . θυμὸν ἀκηχέμεναι μεγάλ' ἴαχον Il. 18.29 ; γοηρὸν ἴαχεν Epigr.Gr. 790.7 (Dyme,iii B.C.): sts. of articulate speech, of a herald, E. El. 707 (lyr.); of the ship Argo, A.R. 4.581 , 592 , cf. AP 5.298.10 ( Agath. )."",""of things,ring, resound, of an echo, περὶ δ' ἴαχε πέτρη Od. 9.395 , cf. Il. 21.10 , Limen. 15 ; of waves, ἀμφὶ δὲ κῦμα στείρῃ . . μεγάλ' ἴαχε Il. 1.482 , Od. 2.428 , cf. Il. 2.394 ; of fire,roar, 23.216 ; of a bowstring,twang, 4.125 ; of hot iron in water,hiss, Od. 9.392 ; of a struck shield, Hes. Sc. 232 ; also μέλαθρον ὑπὸ μολπᾶς ἴαχεν AP 7.194 ( Mnasalc. )."",""c. acc. cogn.,ἰ. μέλος sound forth a strain, Call. Cer. 40 ; ἄνδρες ἐπήρατον ἴαχον ὄρθιον Sapph. Supp. 20c . 4 ; [λογίων ὁδόν] τινι proclaim it to him, Ar. Eq. 1016 : c. acc.pers.,sound one's praises,ἴαχον Ἀπόλλω were sounding his praises, Id. Av. 772 ; με Νεμέα ἴαχεν ἀθλοφόρον Epigr.Gr. 932 a.— Ep. only 3 sg.and pl.impf.and part.:pres. ἰάχει E. El. 707 :pf.only in part.of the compd.ἀμφιαχυῖα(q. v.):ἰαχέω(q. v.) is commoner in Att. Poets. (ϝιϝάχω, cf. Od. 4.454 , al.; when ϝ is observed ι is short and the sense pres.or impf.; when a preceding vowel is elided ι is long and the sense aor., as in μεγάλ' ἴαχε Il. 1.482 , al.: hence in the latter places μεγάλα ϝϝάχε etc. (καὶ εὔαχε(ἔϝϝαχε) in 20.62 ,ἐν πρώτοισι ϝαχών in 19.424 ) is prob. cj.:-ᾰ-, exc. in impf. ῐᾱχον( v.l. ἴακχον ) Ar. Av. l.c.:wāˇĝh-perh. cogn. with swāˇĝh-in ἠχέω, ἀχέω B. )""]","[""cry, shout"",""shriek"",""ring, resound"",""roar"",""twang"",""hiss"",""sound forth"",""proclaim"",""sound"",""praises"",""were sounding"",""praises"",""a."",""wāˇĝh-"",""swāˇĝh-""]","[""ἔϝϝαχε""]","[{""biblio"":"""",""quote"":""ἰάχεσκε""},{""biblio"":""Hes. | Sc. | 232"",""quote"":""ἰάχεσκε Hes. Sc. 232""},{""biblio"":"""",""quote"":""ἰάχοντες ἐπεσσύμεθ'""},{""biblio"":""Od. | 4.454"",""quote"":""ἰάχοντες ἐπεσσύμεθ' Od. 4.454""},{""biblio"":"""",""quote"":""Ἀργεῖοι δὲ μέγα ἴαχον""},{""biblio"":""Il. | 17.317"",""quote"":""Ἀργεῖοι δὲ μέγα ἴαχον Il. 17.317""},{""biblio"":"""",""quote"":""σμερδαλέα ἰάχων""},{""biblio"":""19.41"",""quote"":""σμερδαλέα ἰάχων 19.41""},{""biblio"":"""",""quote"":""πρὸς κόλπον . . τιθήνης ἐκλίνθη ἰάχων""},{""biblio"":""Il. | 6.468"",""quote"":""πρὸς κόλπον . . τιθήνης ἐκλίνθη ἰάχων Il. 6.468""},{""biblio"":"""",""quote"":""δμῳαὶ . . θυμὸν ἀκηχέμεναι μεγάλ' ἴαχον""},{""biblio"":""Il. | 18.29"",""quote"":""δμῳαὶ . . θυμὸν ἀκηχέμεναι μεγάλ' ἴαχον Il. 18.29""},{""biblio"":"""",""quote"":""γοηρὸν ἴαχεν""},{""biblio"":""Epigr.Gr. | 790.7"",""quote"":""γοηρὸν ἴαχεν Epigr.Gr. 790.7""},{""biblio"":"""",""quote"":""περὶ δ' ἴαχε πέτρη""},{""biblio"":""Od. | 9.395"",""quote"":""περὶ δ' ἴαχε πέτρη Od. 9.395""},{""biblio"":"""",""quote"":""ἀμφὶ δὲ κῦμα στείρῃ . . μεγάλ' ἴαχε""},{""biblio"":""Il. | 1.482"",""quote"":""ἀμφὶ δὲ κῦμα στείρῃ . . μεγάλ' ἴαχε Il. 1.482""},{""biblio"":"""",""quote"":""μέλαθρον ὑπὸ μολπᾶς ἴαχεν""},{""biblio"":""AP | 7.194"",""quote"":""μέλαθρον ὑπὸ μολπᾶς ἴαχεν AP 7.194""},{""biblio"":"""",""quote"":""ἄνδρες ἐπήρατον ἴαχον ὄρθιον""},{""biblio"":""Sapph. | Supp. | 20c"",""quote"":""ἄνδρες ἐπήρατον ἴαχον ὄρθιον Sapph. Supp. 20c""},{""biblio"":"""",""quote"":""με Νεμέα ἴαχεν ἀθλοφόρον""},{""biblio"":""Epigr.Gr. | 932"",""quote"":""με Νεμέα ἴαχεν ἀθλοφόρον Epigr.Gr. 932""},{""biblio"":"""",""quote"":""ἰάχει""},{""biblio"":""E. | El. | 707"",""quote"":""ἰάχει E. El. 707""},{""biblio"":"""",""quote"":""μεγάλ' ἴαχε""},{""biblio"":""Il. | 1.482"",""quote"":""μεγάλ' ἴαχε Il. 1.482""},{""biblio"":"""",""quote"":""ἠχέω, ἀχέω""},{""biblio"":""B."",""quote"":""ἠχέω, ἀχέω B.""}]","[""19.41"",""AP | 7.194"",""B."",""E. | El. | 707"",""Epigr.Gr. | 790.7"",""Epigr.Gr. | 932"",""Hes. | Sc. | 232"",""Il. | 1.482"",""Il. | 17.317"",""Il. | 18.29"",""Il. | 6.468"",""Od. | 4.454"",""Od. | 9.395"",""Sapph. | Supp. | 20c""]",{},"[{""type"":""ref"",""target"":"""",""text"":""ἴαχεν""},{""type"":"""",""target"":"""",""text"":""= ἴαχεν""},{""type"":""ref"",""target"":"""",""text"":""ἴακχον""},{""type"":"""",""target"":"""",""text"":""v.l. ἴακχον""}]",1,1,1,1,1,3,15,1,30
49781,10,138,n49781,Ἰάων,,ὁ,817,,"[""v. Ἰάονες .ἴβα: σιώπα, Hsch.""]",[],[],[],[],{},"[{""type"":""ref"",""target"":"""",""text"":""Ἰάονες""},{""type"":"""",""target"":"""",""text"":""v. Ἰάονες""}]",1,0,0,0,1,1,0,0,0
49782,10,139,n49782,ἰβανατρίς,,ἡ,817,,"[""rope of a draw-well:ἰβανέω,draw water(nisi leg.ἰβανᾶ):ἰβάνη,ἡ,ἴβανον,τό,water-bucket, all in Hsch. ἰβάρβιον: χαλεπόν, ἀνυπόστατον, Id.""]","[""rope of a draw-well"",""draw water"",""water-bucket""]",[],[],[],{},[],1,1,0,0,0,1,3,0,0
49783,10,140,n49783,ἴβδης,,ὁ,817,,"[""cock or plug in a ship's bottom, Eust. 525.34 , 858.38 .""]","[""cock"",""plug in a ship's bottom""]",[],[],[],{},[],1,1,0,0,0,1,2,0,0
49784,10,141,n49784,ἴβη,,ἡ,817,,"[""wine, Id.ἴβηνος,ὁ,=σορός, Id.:—also ἴβηνος: πλησμονή, Id.:ἴβηρ, name of an animal, etym. of Ἴβηρες, Id.""]","[""wine""]",[],[],[],{},[],1,1,0,0,0,1,1,0,0
49785,10,142,n49785,ἰβηρίς,,ἡ,817,,"[""pepperwort, Lepidium graminifolium, Damocr. ap. Gal. 13.350 ; = λεπίδιον , Aët. ap. Ps.- Dsc. 2.174 . (Prob. from its place of growth.)""]","[""pepperwort, Lepidium graminifolium""]",[],[],[],{},"[{""type"":""ref"",""target"":"""",""text"":""λεπίδιον""},{""type"":"""",""target"":"""",""text"":""= λεπίδιον""}]",1,1,0,0,1,1,1,0,0
49786,10,143,n49786,ἰβίβυος:,,,817,,"[""ἰβίβυος: παιανισμός, Hsch. ἴβινος: ἀετός, Id.""]",[],[],[],[],{},[],1,0,0,0,0,1,0,0,0
49787,10,144,n49787,ἰβῐο-βοσκός,,ὁ,817,,"[""keeper of the sacred ibis, PCair.Zen. 270.7 (iii B.C.), Sammelb. 1178 a, b (iii B.C.), PTeb. 72.410 (ii B.C.), al.""]","[""keeper of the sacred ibis,"",""a, b""]",[],[],[],{},[],1,1,0,0,0,1,2,0,0
49788,10,145,n49788,ἰβῐο-πρόσωπος,,,817,,"[""ibis-faced, PMag.Leid.V. 5.6 .""]","[""ibis-faced,""]",[],[],[],{},[],1,1,0,0,0,1,1,0,0
49789,10,146,n49789,ἰβῐο-στολιστής,,,817,,"["", ὁ maker of shrouds for the sacred ibis, PFay. 246 (i/ii A.D.).""]","[""maker of shrouds for the sacred ibis,""]",[],"[{""biblio"":"""",""quote"":"", ὁ""},{""biblio"":""PFay. | 246"",""quote"":"", ὁ maker of shrouds for the sacred ibis, PFay. 246""}]","[""PFay. | 246""]",{},[],1,1,0,1,0,1,1,0,2
49790,10,147,n49790,ἰβῐο-τᾰφεῖον,,τό,817,,"[""tomb of the sacred ibis, Sammelb. 3937 (iii B.C.), PTeb. 88.53 (ii B.C.).""]","[""tomb of the sacred ibis,""]",[],[],[],{},[],1,1,0,0,0,1,1,0,0
49791,10,148,n49791,ἰβῐο-τάφος,,ὁ,817,,"[""ibis-burier, PGrenf. 2.15(2).7 (ii B.C.).""]","[""ibis-burier,""]",[],[],[],{},[],1,1,0,0,0,1,1,0,0
49792,10,149,n49792,ἶβις,,ἡ,817,,"[""ἴβιος Hdt. 2.76 , etc., ἴβεως Ael. NA 10.29 , Porph. Abst. 4.9 , Gp. 13.8.5 , ἴβιδος Suid. ; acc. ἶβιν Hdt. 2.75 : pl. ἴβιες Arist. (v. infr.), Ion. acc. ἴβῑς Hdt. 2.67 , 75 ; gen. pl. ἰβίων PTeb. 5.70 (ii B.C.); dat. pl. ἴβεσι Ph. 2.570 , Paus. 8.22.5 :—ibis, an Egyptian bird, of which there were two species,white ibis, I. religiosa, and black ibis, Plegadis falcinellus, Hdt. 2.75 , Ar. Av. 1296 , Arist. HA 617b27 , etc.; ἰβίων τροφή PPetr. 3p.229 (iii B.C.).""]","[""ibis"",""white ibis, I. religiosa"",""black ibis, Plegadis falcinellus""]",[],"[{""biblio"":"""",""quote"":""ἴβιος""},{""biblio"":""Hdt. | 2.76"",""quote"":""ἴβιος Hdt. 2.76""},{""biblio"":"""",""quote"":""ἴβεως""},{""biblio"":""Ael. | NA | 10.29"",""quote"":""ἴβεως Ael. NA 10.29""},{""biblio"":"""",""quote"":""ἴβιδος""},{""biblio"":""Suid."",""quote"":""ἴβιδος Suid.""},{""biblio"":"""",""quote"":""ἶβιν""},{""biblio"":""Hdt. | 2.75"",""quote"":""ἶβιν Hdt. 2.75""},{""biblio"":"""",""quote"":""ἴβιες""},{""biblio"":""Arist."",""quote"":""ἴβιες Arist.""},{""biblio"":"""",""quote"":""ἴβῑς""},{""biblio"":""Hdt. | 2.67"",""quote"":""ἴβῑς Hdt. 2.67""},{""biblio"":"""",""quote"":""ἰβίων""},{""biblio"":""PTeb. | 5.70"",""quote"":""ἰβίων PTeb. 5.70""},{""biblio"":"""",""quote"":""ἴβεσι""},{""biblio"":""Ph. | 2.570"",""quote"":""ἴβεσι Ph. 2.570""},{""biblio"":"""",""quote"":""ἰβίων τροφή""},{""biblio"":""PPetr. | 3p.229"",""quote"":""ἰβίων τροφή PPetr. 3p.229""}]","[""Ael. | NA | 10.29"",""Arist."",""Hdt. | 2.67"",""Hdt. | 2.75"",""Hdt. | 2.76"",""PPetr. | 3p.229"",""PTeb. | 5.70"",""Ph. | 2.570"",""Suid.""]",{},[],1,1,0,1,0,1,3,0,18
49793,10,150,n49793,ἰβίσκος,,ὁ,817,,"[""hibiscus,=ἀλθαία,v.l. in Ps.- Dsc. 3.146 , Erot. s.v. ῥίζη ἀλθαίης ; also written ἐβίσκος, q.v.""]","[""hibiscus""]",[],[],[],{},"[{""type"":""ref"",""target"":"""",""text"":""ῥίζη ἀλθαίης""},{""type"":"""",""target"":"""",""text"":""s.v. ῥίζη ἀλθαίης""}]",1,1,0,0,1,1,1,0,0
49794,10,151,n49794,ἰβιών,,ὁ,817,,"[""chapel of the sacred ibis, PTeb. 62.23 (ii B.C.), BGU 1216 (ii B.C.).""]","[""chapel of the sacred ibis,""]",[],[],[],{},[],1,1,0,0,0,1,1,0,0
49795,10,152,n49795,ἰβρίκαλοι:,,,817,,"[""ἰβρίκαλοι: χοῖροι, Hsch. ; cf.ὀβρ-.""]",[],[],[],[],{},[],1,0,0,0,0,1,0,0,0
49796,10,153,n49796,ἰβύ,Subst.,ὁ,817,,"[""loudly, Phot. : hence aor. 1 inf. ἰβυκινῆσαι,shout, Telecl Id. 58 (ἰβυκηνίσαι EM 464.44 ): but Subst. ἰβυκανητής,οῦ,ὁ,=βυκανητής,trumpeter, read by Suid. in Plb. 2.29.6 (βυκανητῶν, βυκανιτῶν codd.). Ion. words, acc. to Hsch. : derived from the poet Ibycus, Suid.""]","[""loudly"",""shout"",""trumpeter""]",[],[],[],{},[],1,1,0,0,0,1,3,0,0
49797,10,154,n49797,Ἰβύκειον,,τό,817,,"[""Ἰβύκειον σχῆμα,τό , use of the termination-σι in 3 sg.of Subj., Hdn. Fig. p.101 S. (From the poet Ibycus.)""]",[],[],[],[],{},[],1,0,0,0,0,1,0,0,0
49798,10,155,n49798,Ἰβύκινον,,τό,817,,"[""musical instrument named after the poet Ibycus, Suid.""]","[""musical instrument named after the poet Ibycus""]",[],[],[],{},[],1,1,0,0,0,1,1,0,0
49799,10,156,n49799,ἰβυκτήρ,,ὁ,817,,"[""one who begins a war-song, Hsch. (-βηκ-cod.).ἰβύκχα: σεμνότης, ἢ σωρὸς κρεῶν, Id. (-ύηχ-cod.).ἶβυξ,υκος,=ἶβις, Id.ἴβυς,υος,ὁ,=εὐφημία, στιγμή, Id.ἰβύω,shout: strike, Id.; cf.ἰβῶν: εὐφημῶν, στάζων, Id.ἴγα, in Cretan,=σίγα, Id.ἴγγι τινί:ἐπιθυμίᾳ τινὶ ἑλκομένη, Id. (leg.ἴυγγι).ἴγγια: εἷς( Cypr. ), Id.ἴγδην and ἴγνην: ἄρσην, Id.""]","[""one who begins a war-song"",""shout: strike""]",[],[],[],{},[],1,1,0,0,0,1,2,0,0
49800,10,157,n49800,ἰγδίον,,τό,817,,"[""ἰγδίον,τό, Dim. of sq., Gp. 12.19.5 , Paul.Aeg. 3.59 .""]",[],[],[],[],{},[],1,0,0,0,0,1,0,0,0
49801,10,158,n49801,ἴγδις,,ἡ,817,,"[""mortar, Sol. 39 , Damocr. ap. Gal. 14.130 , Dsc. 5.89 , AP 9.642 ( Agath. ): cited as obsol. for θυεία by S.E. M. 1.234 :—the form ἴγδη in Hdn.Gr. 2.523 , Hp. Mul. 1.103 , Gal. l.c., Ps.-Democr. Alch. p.55 B. is prob. incorrect."",""=sq., Antiph. 127 , Com.Adesp. 140 . (Cf. Lat.ico.)""]","[""mortar"",""ico.""]",[],[],[],{},[],1,1,0,0,0,2,2,0,0
49802,10,159,n49802,ἴγδισμα,,τό,817,,"[""pounding: hence,a dance, in which the loins were moved like a pestle, EM 464.51 , Suid.""]","[""pounding"",""a dance, in which the loins were moved like a pestle,""]",[],[],[],{},[],1,1,0,0,0,1,2,0,0
49803,10,160,n49803,ἰγδοκόπᾰνον,,τό,817,,"[""a pestle, Sch. Il. 11.147 (ap. Valck.Animadv.ad Ammon. p.140 ,ὀγδ-cod.).ἰγδόλης: ὁ ἐπὶ μέρει γεωργῶν, Hsch. ἴγκρος,ὁ,=ἐγκέφαλος, Hdn.Gr. 1.204 , Hsch. ἷγμαι,ἱγμένος,pf.of ἱκνέομαι.ἰγμαλέος,α,ον,=ἰκμ-, Hdn.Gr. 2.523 .ἰγμή:βοή, Hsch. (for ἰυγμή or ἰυγή).ἴγνην, v. ἴγδην .""]","[""a pestle"",""Animadv.ad Ammon.""]",[],[],[],{},"[{""type"":""ref"",""target"":"""",""text"":""ἴγδην""},{""type"":"""",""target"":"""",""text"":""v. ἴγδην""}]",1,1,0,0,1,1,2,0,0
49804,10,161,n49804,ἴγνητες,,οἱ,817,,"[""ἴγνητες,ων,οἱ,=αὐθιγενεῖς, Rhodian word, A.D. Pron. 56.4 (who derives it, as ἵγνητες, from the Pron.ἵ), Choerob. in Theod. 1.161 , Hsch. ; as pr. n., coupled with Τελχῖνες, Simm. 11 : sg., EM 465.1 .""]",[],[],[],[],{},[],1,0,0,0,0,1,0,0,0
49805,10,162,n49805,ἰγνύα,,ἡ,817,,"[""the part behind the thigh and knee, ham, κατ' ἰγνύην βεβλημένος Il. 13.212 ; παρ' ἰγνύῃσιν ἕλιξε κέρκον Theoc. 25.242 , cf. 26.17 , AP 12.176 ( Strat. ), APl. 4.253 : also in Prose, Hp. Fract. 13 , Ruf. Onom. 121 ;τὸ μόριον τὸ τῆς ἅλσεως κύριον(καλεῖται δὲ τοῦτο ἰγνύα) Arist. HA 515b8 : acc. sg. ἰγνύαν Phld. Acad.Ind. p.50 M.; περὶ τὴν ἰγνύαν Plu. Art. 11 : dat. pl. ἰγνύαις LXX 3 Ki. 18.21 , Luc. VH 1.23 . —From a nom.ἰγνύς,ύος,ἡ, we find dat. pl. ἰγνύσι h.Merc. 152 ,v.l. in Luc. l.c.: acc. ἰγνύν Arist. HA 494a8 ( v.l. -ύην ), Agatharch. 53 ; dat. ἰγνύι Gal. 10.902 : gen. pl. ἰγνύων Arist. HA 512b22 , Herod. 1.14 : acc. pl.ἰγνύας is indeterminate, Plu. Galb. 26 . [ῡ in ἰγνύη,v.ll.cc.; but ῠ in ἰγνύων, ἰγνύσι.]""]","[""the part behind the thigh and knee, ham""]","[""καλεῖται δὲ τοῦτο ἰγνύα""]","[{""biblio"":"""",""quote"":""κατ' ἰγνύην βεβλημένος""},{""biblio"":""Il. | 13.212"",""quote"":""κατ' ἰγνύην βεβλημένος Il. 13.212""},{""biblio"":"""",""quote"":""παρ' ἰγνύῃσιν ἕλιξε κέρκον""},{""biblio"":""Theoc. | 25.242"",""quote"":""παρ' ἰγνύῃσιν ἕλιξε κέρκον Theoc. 25.242""},{""biblio"":"""",""quote"":""ἰγνύαν""},{""biblio"":""Phld. | Acad.Ind. | p.50"",""quote"":""ἰγνύαν Phld. Acad.Ind. p.50""},{""biblio"":"""",""quote"":""περὶ τὴν ἰγνύαν""},{""biblio"":""Plu. | Art. | 11"",""quote"":""περὶ τὴν ἰγνύαν Plu. Art. 11""},{""biblio"":"""",""quote"":""ἰγνύαις""},{""biblio"":""LXX | 3 Ki. | 18.21"",""quote"":""ἰγνύαις LXX 3 Ki. 18.21""},{""biblio"":"""",""quote"":""ἰγνύσι""},{""biblio"":""h.Merc. | 152"",""quote"":""ἰγνύσι h.Merc. 152""},{""biblio"":"""",""quote"":""ἰγνύν""},{""biblio"":""Arist. | HA | 494a8"",""quote"":""ἰγνύν Arist. HA 494a8""},{""biblio"":"""",""quote"":""ἰγνύι""},{""biblio"":""Gal. | 10.902"",""quote"":""ἰγνύι Gal. 10.902""},{""biblio"":"""",""quote"":""ἰγνύων""},{""biblio"":""Arist. | HA | 512b22"",""quote"":""ἰγνύων Arist. HA 512b22""}]","[""Arist. | HA | 494a8"",""Arist. | HA | 512b22"",""Gal. | 10.902"",""Il. | 13.212"",""LXX | 3 Ki. | 18.21"",""Phld. | Acad.Ind. | p.50"",""Plu. | Art. | 11"",""Theoc. | 25.242"",""h.Merc. | 152""]",{},"[{""type"":""ref"",""target"":"""",""text"":""-ύην""},{""type"":"""",""target"":"""",""text"":""v.l. -ύην""}]",1,1,1,1,1,1,1,1,18
49806,10,163,n49806,ἴγνυς,,,817,,"[""v. ἴκνυς .ἰγχηρέω, v. ἐγχειρέω .""]",[],[],[],[],{},"[{""type"":""ref"",""target"":"""",""text"":""ἴκνυς""},{""type"":"""",""target"":"""",""text"":""v. ἴκνυς""},{""type"":""ref"",""target"":"""",""text"":""ἐγχειρέω""},{""type"":"""",""target"":"""",""text"":""v. ἐγχειρέω""}]",1,0,0,0,1,1,0,0,0
49807,10,164,n49807,Ἰδαῖος,,,817,,"[""of Ida, v. Ἴδη .""]","[""of Ida""]",[],[],[],{},"[{""type"":""ref"",""target"":"""",""text"":""Ἴδη""},{""type"":"""",""target"":"""",""text"":""v. Ἴδη""}]",1,1,0,0,1,1,1,0,0
49808,10,165,n49808,ἰδάλιμος,,,817,,"[""causing sweat, καῦμα Hes. Op. 415 .""]","[""causing sweat""]","[""ἶδος""]","[{""biblio"":"""",""quote"":""καῦμα""},{""biblio"":""Hes. | Op. | 415"",""quote"":""καῦμα Hes. Op. 415""}]","[""Hes. | Op. | 415""]",{},[],1,1,1,1,0,1,1,1,2
49809,10,166,n49809,ἰδαλίς,,ἡ,817,,"[""ἰδαλίς,ἡ, a bird, Hsch. ἰδάλτα: ἴδιά τινα(leg.ἴδι' ἄττα), Id.""]",[],[],[],[],{},[],1,0,0,0,0,1,0,0,0
49810,10,167,n49810,ἰδᾰνικός,,,817,,"[""existing in idea, κόσμος Ti.Locr. 97d .""]","[""existing in idea""]","[""ἰδεῖν, ἰδέα""]","[{""biblio"":"""",""quote"":""κόσμος""},{""biblio"":""Ti.Locr. | 97d"",""quote"":""κόσμος Ti.Locr. 97d""}]","[""Ti.Locr. | 97d""]",{},[],1,1,1,1,0,1,1,1,2
49811,10,168,n49811,ἰδᾰνός,,,817,,"[""fair, comely, χάριτες Call. Fr. 535 .""]","[""fair, comely""]","[""ἰδεῖν""]","[{""biblio"":"""",""quote"":""χάριτες""},{""biblio"":""Call. | Fr. | 535"",""quote"":""χάριτες Call. Fr. 535""}]","[""Call. | Fr. | 535""]",{},[],1,1,1,1,0,1,1,1,2
49812,10,169,n49812,ἰδᾰνόχροος,,,817,,"[""with lovely colour, ἄνθη Epic.Alex.Adesp. 9 iii 10 .""]","[""with lovely colour""]",[],"[{""biblio"":"""",""quote"":""ἄνθη""},{""biblio"":""Epic.Alex.Adesp. | 9 iii 10"",""quote"":""ἄνθη Epic.Alex.Adesp. 9 iii 10""}]","[""Epic.Alex.Adesp. | 9 iii 10""]",{},[],1,1,0,1,0,1,1,0,2
49813,10,170,n49813,ἵδδιος,,,817,,"[""v. ἴδιος .""]",[],[],[],[],{},"[{""type"":""ref"",""target"":"""",""text"":""ἴδιος""},{""type"":"""",""target"":"""",""text"":""v. ἴδιος""}]",1,0,0,0,1,1,0,0,0
49814,10,171,n49814,ἰδέ,,,817,,"[""and, Il. 4.147 , al., Emp. 20.7 , etc., prob. l. in S. Ant. 969 (lyr.)."",""Cypr. ,then, in that case, Inscr.Cypr. 135.12 H. (Prob. fr. the demonstrative stem i-(cf. Lat.is) and δέ.)""]","[""and"",""then, in that case,"",""i-"",""is""]",[],[],[],{},[],1,1,0,0,0,2,4,0,0
49815,10,172,n49815,ἴδε,,,817,,"[""behold, Il. 17.179 , etc.: folld. by ὅτι. . , Pl. Phd. 72a ; used by Trag. in lyr., A. Supp. 350 , S. Tr. 222 , E. Or. 1541 .""]","[""behold""]",[],[],[],{},[],1,1,0,0,0,1,1,0,0
49816,10,173,n49816,ἴδε,,,817,,"[""saw, Hom.""]","[""saw""]",[],[],[],{},[],1,1,0,0,0,1,1,0,0
49817,10,174,n49817,ἰδέα,,ἡ,817,,"[""form, ἰδέᾳ καλός Pi. O. 10(11).103 , cf. Theoc. 29.6 ; τὴν ἰ. πάνυ καλός Pl. Prt. 315e ; τὴν ἰ. μοχθηρός And. 1.100 , cf. Ar. Av. 1000 ; ἰδέην ὁρέων Hdt. 1.80 ; opp.χρῶμα, Id. 4.109 ; opp.μέγεθος, Pl. Phd. 109b (pl.); ἡ ἰ. αὐτοῦ ἦν ὡς ἀστραπή Ev.Matt. 28.3 , etc.; of the elementary shapes, ἄτομοι ἰδέαι Democr. ap. Plu. 2.1111a codd., cf. Fr. 141 D. ; of the four elements, Philistion ap. Anon.Lond. 20.25 ."",""semblance, opp. reality,γνώμην ἐξαπατῶς' ἰδέαι outward appearances cheat the mind, Thgn. 128 ."",""kind, sort, φύλλα τοιῆσδε ἰδέης Hdt. 1.203 ;φύσιν παρέχονται ἰδέης τοιήνδε [οἱ ποτάμιοι ἵπποι] Id. 2.71 ;ἐφρόνεον διφασίας ἰ. they conceived two modes of acting, Id. 6.100 , cf. 119 ;τὰ ὄργι' ἐστὶ τίν' ἰ. ἔχοντά σοι; what is their nature or fashion? E. Ba. 471 ;ἑτέραν ὕμνων ἰ. Ar. Ra. 384 ;καινὰς ἰ. εἰσφέρειν new forms of comedy, Id. Nu. 547 ;τίς ἰ. βουλεύματος; Id. Av. 993 ;πᾶσα ἰ. θανάτου every form of death, or death in every form, Th. 3.81 , cf. 83 , 2.51 ; πολλαὶ ἰ. πολέμων Id. 1.109 ; ἡ ὑπάρχουσα ἰ. τῆς παρασκευῆς Id. 4.55 ;πᾶσαν ἰδέαν πειράσαντες having tried every way, Id. 2.19 ;τῇ αὐτῇ ἰ. Id. 3.62 , 6.76 ;οὐκ ἐν ταῖς αὐταῖς ἰ. not in the same relations, Isoc. 3.44 :εἰς μίαν τινὰ ἰ. into one kind of existence, Pl. Tht. 184d ; ἄλλη ἰ. πολιτείας Id. R. 544c , etc.; ἀγοραίας . . ἰδέας τοῦ βίου Epicur. Fr. 196 ."",""esp. in Rhet., etc., of literary form, ἀμφοτέραις ταῖς ἰδέαις κατεχρήσαντο πρὸς τὴν ποίησιν Isoc. 2.48 , cf. 15.47 , 183 ;ἡ ἰαμβικὴ ἰ. Arist. Po. 1449b8 , cf. 1450b34 , Rh.Al. 1425a9 , etc.;ἡ ἐν τῷ λέγειν ἰ. Phld. Rh. 2.258 S."",""style,Πλατωνική, Δημοσθενικὴ ἰ., Syrian. in Hermog. 1.112 R."",""a quality of style(e.g.σαφήνεια, γοργότης, etc.), Hermog. Id. tit., etc."",""in Logic,=εἶδος,class, kind: hence,principle of classification, ἔφησθα . . μιᾷ ἰδέᾳ τά τε ἀνόσια ἀνόσια εἶναι καὶ τὰ ὅσια ὅσια Pl. Euthphr. 6d , cf. Phdr. 265d . Sph. 253d , etc."",""pl. in Platonic Philosophy,ideal forms, archetypes, τὰς . . ἰ. νοεῖσθαι μέν, ὁρᾶσθαι δ' οὔ Id. R. 507b , cf. 596b ,al., Arist. Metaph. 990a34 , al., EN 1096a17 : also in sg.,ἡ τοῦ ἀγαθοῦ ἰ. Pl. R. 508e , al., cf.εἶδος."",""notion, idea, προάγειν τὸν ἀποκρινόμενον ἐπὶ τὴν ἰ. ἀγνοουμένου πράγματος Nausiph. 2 . (Written εἰδέα in later Greek, as PGen. 16.17 (iii A.D.),v.l. in Ev.Matt. 28.3 .)""]","[""form"",""shapes"",""elements"",""semblance"",""outward appearances"",""kind, sort"",""modes"",""nature"",""fashion?"",""forms"",""form"",""form"",""way"",""relations"",""kind of existence"",""form"",""style"",""a quality of style"",""class, kind"",""principle of classification"",""ideal forms, archetypes"",""notion, idea""]","[""ἰδεῖν""]","[{""biblio"":"""",""quote"":""ἰδέᾳ καλός""},{""biblio"":""Pi. | O. | 10(11).103"",""quote"":""ἰδέᾳ καλός Pi. O. 10(11).103""},{""biblio"":"""",""quote"":""τὴν ἰ. πάνυ καλός""},{""biblio"":""Pl. | Prt. | 315e"",""quote"":""τὴν ἰ. πάνυ καλός Pl. Prt. 315e""},{""biblio"":"""",""quote"":""τὴν ἰ. μοχθηρός""},{""biblio"":""And. | 1.100"",""quote"":""τὴν ἰ. μοχθηρός And. 1.100""},{""biblio"":"""",""quote"":""ἰδέην ὁρέων""},{""biblio"":""Hdt. | 1.80"",""quote"":""ἰδέην ὁρέων Hdt. 1.80""},{""biblio"":"""",""quote"":""ἡ ἰ. αὐτοῦ ἦν ὡς ἀστραπή""},{""biblio"":""Ev.Matt. | 28.3"",""quote"":""ἡ ἰ. αὐτοῦ ἦν ὡς ἀστραπή Ev.Matt. 28.3""},{""biblio"":"""",""quote"":""ἄτομοι ἰδέαι""},{""biblio"":""Democr."",""quote"":""ἄτομοι ἰδέαι Democr.""},{""biblio"":"""",""quote"":""φύλλα τοιῆσδε ἰδέης""},{""biblio"":""Hdt. | 1.203"",""quote"":""φύλλα τοιῆσδε ἰδέης Hdt. 1.203""},{""biblio"":"""",""quote"":""πολλαὶ ἰ. πολέμων""},{""biblio"":""Id. | 1.109"",""quote"":""πολλαὶ ἰ. πολέμων Id. 1.109""},{""biblio"":"""",""quote"":""ἡ ὑπάρχουσα ἰ. τῆς παρασκευῆς""},{""biblio"":""Id. | 4.55"",""quote"":""ἡ ὑπάρχουσα ἰ. τῆς παρασκευῆς Id. 4.55""},{""biblio"":"""",""quote"":""ἄλλη ἰ. πολιτείας""},{""biblio"":""Id. | R. | 544c"",""quote"":""ἄλλη ἰ. πολιτείας Id. R. 544c""},{""biblio"":"""",""quote"":""ἀγοραίας . . ἰδέας τοῦ βίου""},{""biblio"":""Epicur. | Fr. | 196"",""quote"":""ἀγοραίας . . ἰδέας τοῦ βίου Epicur. Fr. 196""},{""biblio"":"""",""quote"":""ἀμφοτέραις ταῖς ἰδέαις κατεχρήσαντο πρὸς τὴν ποίησιν""},{""biblio"":""Isoc. | 2.48"",""quote"":""ἀμφοτέραις ταῖς ἰδέαις κατεχρήσαντο πρὸς τὴν ποίησιν Isoc. 2.48""},{""biblio"":"""",""quote"":""ἔφησθα . . μιᾷ ἰδέᾳ τά τε ἀνόσια ἀνόσια εἶναι καὶ τὰ ὅσια ὅσια""},{""biblio"":""Pl. | Euthphr. | 6d"",""quote"":""ἔφησθα . . μιᾷ ἰδέᾳ τά τε ἀνόσια ἀνόσια εἶναι καὶ τὰ ὅσια ὅσια Pl. Euthphr. 6d""},{""biblio"":"""",""quote"":""τὰς . . ἰ. νοεῖσθαι μέν, ὁρᾶσθαι δ' οὔ""},{""biblio"":""Id. | R. | 507b"",""quote"":""τὰς . . ἰ. νοεῖσθαι μέν, ὁρᾶσθαι δ' οὔ Id. R. 507b""},{""biblio"":"""",""quote"":""προάγειν τὸν ἀποκρινόμενον ἐπὶ τὴν ἰ. ἀγνοουμένου πράγματος""},{""biblio"":""Nausiph. | 2"",""quote"":""προάγειν τὸν ἀποκρινόμενον ἐπὶ τὴν ἰ. ἀγνοουμένου πράγματος Nausiph. 2""}]","[""And. | 1.100"",""Democr."",""Epicur. | Fr. | 196"",""Ev.Matt. | 28.3"",""Hdt. | 1.203"",""Hdt. | 1.80"",""Id. | 1.109"",""Id. | 4.55"",""Id. | R. | 507b"",""Id. | R. | 544c"",""Isoc. | 2.48"",""Nausiph. | 2"",""Pi. | O. | 10(11).103"",""Pl. | Euthphr. | 6d"",""Pl. | Prt. | 315e""]",{},[],1,1,1,1,0,9,22,1,30
49818,10,175,n49818,ἰδέατος,,,817,,"[""ἰδέατος:ἰδήρατος(Sicel), Hsch.""]",[],[],[],[],{},[],1,0,0,0,0,1,0,0,0
49819,10,176,n49819,ἴδεδρος,,,817,,"[""in D. 11.22 .""]","[""in D.""]",[],[],[],{},[],1,1,0,0,0,1,1,0,0
49820,10,177,n49820,ἰδεῖν,,,817,,"[""v. εἴδω .""]",[],[],[],[],{},"[{""type"":""ref"",""target"":"""",""text"":""εἴδω""},{""type"":"""",""target"":"""",""text"":""v. εἴδω""}]",1,0,0,0,1,1,0,0,0
49821,10,178,n49821,ἰδέν,,,817,,"[""ἰδέν, dub. sens. in PStrassb. 24.16 , al.(ii A.D.).""]",[],[],[],[],{},[],1,0,0,0,0,1,0,0,0
49822,10,179,n49822,ἰδέρως,,ὁ,817,,"[""one who loves at first sight, Hsch. , Suid.""]","[""one who loves at first sight""]",[],[],[],{},[],1,1,0,0,0,1,1,0,0
49823,10,180,n49823,ἴδεσκον,,,817,,"[""v.l. for εἰδέω , Ep. for εἰδῶ,subj.of οἶδα,know, 14.235 , Od. 16.236 .""]","[""know""]",[],[],[],{},"[{""type"":""ref"",""target"":"""",""text"":""εἰδέω""},{""type"":"""",""target"":"""",""text"":""v.l. for εἰδέω""}]",1,1,0,0,1,1,1,0,0
49824,10,181,n49824,ἴδη,Adv.,ἡ,817,,"[""timber-tree, in pl., χώρη ὑψηλή τε καὶ ἴδῃσι συνηρεφής Hdt. 1.110 ; ὄρεα . . ἴδῃσι παντοίῃσι συνηρεφέα Id. 7.111 , cf. 4.109 , 175 : in sg.,wood,ἐν τῇ ἴδῃ τῇ πλείστῃ in the thick of the wood, Id. 4.109 ; ἴδαν ἐς πολύδενδρον Theoc. 17.9 ;ἴδη ναυπηγήσιμος timber for . . , Hdt. 5.23 : never in Att. : also in late Prose, Philostr. Dial. 2 , VA 3.4 (s.v.l.)."",""pr. n.,Ἴδη,Ida, i.e.the wooded hill,"",""in the Troad, Il. 2.821 , etc.:Adv. Ἴδηθεν,from Ida, 4.475 ;Ἴ.μεδέων ruling from I., 3.276 :—Adj. Ἰδαῖος,α,ον( Aeol. Ἴδαος as pr.n., Sapph. Supp. 20a . 3 ), Ζεύς Il. 16.605 ; ὄρεα 8.170 , etc.;Ἰ. ῥίζα, a plant,Ruscus Hypoglossum, Dsc. 4.44 : also Ἰδαία alone,=δάφνη Ἀλεξάνδρεια, ib. 145 :Ἰ. Δάκτυλοι, prop. 'dwarfs of the forest', Hes. Fr. 176 , Pherecyd. 47 J. , Hellanic. 89 J. , etc.; but Ἰ. δάκτυλος is a name for one of the fingers, PMag.Lond. 46.455 ."",""in Crete, D.P. 502 , Paus. 5.7.6 .""]","[""timber-tree"",""wood"",""the wood"",""timber"",""the wooded hill"",""from Ida"",""from I."",""Ruscus Hypoglossum"",""of the forest""]",[],"[{""biblio"":"""",""quote"":""χώρη ὑψηλή τε καὶ ἴδῃσι συνηρεφής""},{""biblio"":""Hdt. | 1.110"",""quote"":""χώρη ὑψηλή τε καὶ ἴδῃσι συνηρεφής Hdt. 1.110""},{""biblio"":"""",""quote"":""ὄρεα . . ἴδῃσι παντοίῃσι συνηρεφέα""},{""biblio"":""Id. | 7.111"",""quote"":""ὄρεα . . ἴδῃσι παντοίῃσι συνηρεφέα Id. 7.111""},{""biblio"":"""",""quote"":""ἴδαν ἐς πολύδενδρον""},{""biblio"":""Theoc. | 17.9"",""quote"":""ἴδαν ἐς πολύδενδρον Theoc. 17.9""},{""biblio"":"""",""quote"":""Ζεύς""},{""biblio"":""Il. | 16.605"",""quote"":""Ζεύς Il. 16.605""},{""biblio"":"""",""quote"":""ὄρεα""},{""biblio"":""8.170"",""quote"":""ὄρεα 8.170""}]","[""8.170"",""Hdt. | 1.110"",""Id. | 7.111"",""Il. | 16.605"",""Theoc. | 17.9""]",{},[],1,1,0,1,0,4,9,0,10
49825,10,182,n49825,ἴδη,,ἡ,817,,"[""sheen of metal, etc., v.l. for σίδη in Philostr. Im. 1.28 , 2.32 .""]","[""sheen of metal""]",[],[],[],{},"[{""type"":""ref"",""target"":"""",""text"":""σίδη""},{""type"":"""",""target"":"""",""text"":""v.l. for σίδη""}]",1,1,0,0,1,1,1,0,0
49826,10,183,n49826,ἴδηαι,,τό,817,,"[""beautiful, Id.ἰδησῶ, Dor. fut.of εἶδον, I shall see, Theoc. 3.37 .ἰδίᾳ, v. ἴδιος v1 . 2 .""]","[""beautiful"",""shall see""]",[],[],[],{},"[{""type"":""ref"",""target"":"""",""text"":""ἴδιος""},{""type"":"""",""target"":"""",""text"":""v. ἴδιος""}]",1,1,0,0,1,1,2,0,0
49827,10,184,n49827,ἰδῐ-αζόντως,Adv.,,817,,"[""in a special or peculiar way, Stoic. 3.94 , D.S. 19.99 , S.E. P. 1.182 , Cod.Just. 1.3.35.3 , etc.;separately, opp.κοινῇ, Sammelb. 7033.53 (v A.D.).""]","[""in a special"",""peculiar way,"",""separately""]",[],[],[],{},[],1,1,0,0,0,1,3,0,0
49828,10,185,n49828,ἰδῐ-άζω,,,817,,"[""to be alone, Hdn. 4.12.7 , 7.6.7 , D.C. 66.9 ; ἰδιάζουσαι Herod. 6 tit.;δωμάτιον ἰδιάζον secluded, Hld. 7.12 ;ἰ. πρός τινα to be alone with . . , ib. 25 ;ἰ. θεῷ to be alone with God, Ph. 1.95 ;ἰ. πράγματι devote oneself to a thing, Com.Adesp. 414 :—so in Med. , of members of a chorus,sing independently, Arist. Pr. 922a35 ."",""to be peculiar, ἰδιάζοντα γένη λίθων Phld. Sign. 28 , cf. Jul. Gal. 143a ; ἰ. τῇ φύσει D.S. 2.58 ; ἰδιάζουσα φύσις Id. 3.46 , Hld. 2.28 ; ἰδιάζον συμπόσιον Ath. 1.12a ;αἱ ἰδιάζουσαι ἀρχαί special principles, Dam. Pr. 134 ; of drugs,ἰδιάζων special, superior, Dsc. 1.14 ; ἃ ἂν ἰδιάσωμεν, ψευδόμεθα S.E. M. 7.133 ;ἰ. τινί to be peculiarly adapted to . . , Ael. NA 6.19 ;βωμὸς τῷ Διονύσῳ ἰδιάζων appropriated to D. , Hld. 10.6 : c. gen.,to be the property of, J. AJ 16.7.3 ."",""ἡ -άζουσα θερμασία its proper heat, Herod.Med. ap. Orib. 5.30.12 ."",""Gramm.,to be peculiar to an individual, τὰ κτητικὰ -άζει κατὰ τὸν κτήτορα A.D. Pron. 105.4 , cf. Synt. 128.13 , al.:—so in Med. , [ὁ βασιλεὺς] μᾶλλον -άζεται τοῦ Πτολεμαίου ib. 84.20 .""]","[""to be alone"",""secluded"",""to be alone"",""to be alone with"",""devote oneself"",""sing independently"",""to be peculiar"",""special"",""special, superior"",""to be peculiarly adapted"",""appropriated"",""to be the property of"",""proper"",""to be peculiar to an individual""]","[""ἴδιος""]","[{""biblio"":"""",""quote"":""ἰδιάζουσαι""},{""biblio"":""Herod. | 6"",""quote"":""ἰδιάζουσαι Herod. 6""},{""biblio"":"""",""quote"":""ἰδιάζοντα γένη λίθων""},{""biblio"":""Phld. | Sign. | 28"",""quote"":""ἰδιάζοντα γένη λίθων Phld. Sign. 28""},{""biblio"":"""",""quote"":""ἰ. τῇ φύσει""},{""biblio"":""D.S. | 2.58"",""quote"":""ἰ. τῇ φύσει D.S. 2.58""},{""biblio"":"""",""quote"":""ἰδιάζουσα φύσις""},{""biblio"":""Id. | 3.46"",""quote"":""ἰδιάζουσα φύσις Id. 3.46""},{""biblio"":"""",""quote"":""ἰδιάζον συμπόσιον""},{""biblio"":""Ath. | 1.12a"",""quote"":""ἰδιάζον συμπόσιον Ath. 1.12a""},{""biblio"":"""",""quote"":""ἃ ἂν ἰδιάσωμεν, ψευδόμεθα""},{""biblio"":""S.E. | M. | 7.133"",""quote"":""ἃ ἂν ἰδιάσωμεν, ψευδόμεθα S.E. M. 7.133""},{""biblio"":"""",""quote"":""τὰ κτητικὰ -άζει κατὰ τὸν κτήτορα""},{""biblio"":""A.D. | Pron. | 105.4"",""quote"":""τὰ κτητικὰ -άζει κατὰ τὸν κτήτορα A.D. Pron. 105.4""}]","[""A.D. | Pron. | 105.4"",""Ath. | 1.12a"",""D.S. | 2.58"",""Herod. | 6"",""Id. | 3.46"",""Phld. | Sign. | 28"",""S.E. | M. | 7.133""]",{},[],1,1,1,1,0,4,14,1,14
49829,10,186,n49829,ἰδῐ-αίτερος,,,817,,"[""ἰδῐ-αίτερος,ἰδῐ́-ατος, Comp. and Sup. of ἴδιος(q.v.).""]",[],[],[],[],{},[],1,0,0,0,0,1,0,0,0
49830,10,187,n49830,ἰδῐ-ασμός,,ὁ,817,,"[""peculiarity, Iamb. VP 35.255 ."",""particularity,ὁ τοῦ ἑνὸς ἀπεστενωμένος ἰ. Dam. Pr. 28 bis.""]","[""peculiarity"",""particularity""]",[],[],[],{},[],1,1,0,0,0,2,2,0,0
49831,10,188,n49831,ἰδῐ-αστής,,ὁ,817,,"[""recluse, D.L. 1.25 .""]","[""recluse""]",[],[],[],{},[],1,1,0,0,0,1,1,0,0
49832,10,189,n49832,ἰδικός,Adv.,,817,,"[""special, Stob. 2.7.11n , Ath. 9.373b , Gal. 1.333 ( Sup. ), Wilcken Chr. 6.14 (v A.D.), etc.; τὰ ἰ. τῶν γενῶν Ascl. Tact. 12.11 , etc."",""[ῐδ](ἴδιος) proper, one's own, AP 5.105 ( Diotim. ), Man. 5.122 .Adv. -κῶς Herm. in Phdr. p.185A. ; opp.κοινῶς, Simp. in Ph. 848.21 : Comp. -ώτερον Ath. 7.299d .""]","[""special"",""proper, one's own,""]","[""εἶδος"",""ἴδιος""]","[{""biblio"":"""",""quote"":""τὰ ἰ. τῶν γενῶν""},{""biblio"":""Ascl. | Tact. | 12.11"",""quote"":""τὰ ἰ. τῶν γενῶν Ascl. Tact. 12.11""},{""biblio"":"""",""quote"":""-κῶς""},{""biblio"":""Herm. | in Phdr. | p.185A."",""quote"":""-κῶς Herm. in Phdr. p.185A.""},{""biblio"":"""",""quote"":""-ώτερον""},{""biblio"":""Ath. | 7.299d"",""quote"":""-ώτερον Ath. 7.299d""}]","[""Ascl. | Tact. | 12.11"",""Ath. | 7.299d"",""Herm. | in Phdr. | p.185A.""]",{},[],1,1,1,1,0,2,2,2,6
49833,10,190,n49833,ἰδῐο-βουλέω,,,817,,"[""follow one's own counsel, take one's own way, Hdt. 7.8 .δ́( v.l. -εύειν ), D.C. 43.27 .""]","[""follow one's own counsel, take one's own way""]",[],[],[],{},"[{""type"":""ref"",""target"":"""",""text"":""-εύειν""},{""type"":"""",""target"":"""",""text"":""v.l. -εύειν""}]",1,1,0,0,1,1,1,0,0
49834,10,191,n49834,ἰδῐο-γενής,,,817,,"[""mating only with its kind, opp.κοινογενής, Pl. Plt. 265e ."",""peculiar in kind, Herm. ap. Stob. 1.49.44 , Dsc. 2.66 .""]","[""mating only with its kind"",""peculiar in kind""]",[],[],[],{},[],1,1,0,0,0,2,2,0,0
49835,10,192,n49835,ἰδῐό-γλωσσος,,,817,,"[""of distinct, peculiar tongue, πόλις Str. 5.2.9 .""]","[""of distinct, peculiar tongue""]",[],"[{""biblio"":"""",""quote"":""πόλις""},{""biblio"":""Str. | 5.2.9"",""quote"":""πόλις Str. 5.2.9""}]","[""Str. | 5.2.9""]",{},[],1,1,0,1,0,1,1,0,2
49836,10,193,n49836,ἰδῐο-γνωμονέω,,,817,818,"[""hold one's own opinion, be self-opinionated, Phld. Vit. p.30 J. , cf. D.C. 45.42 , 53.21 :""]","[""hold one's own opinion, be"",""self-opinionated""]",[],[],[],{},[],1,1,0,0,0,1,2,0,0
49837,10,194,n49837,ἰδῐο-γνωμέω,,,817,,"[""ἰδῐο-γνωμέω is f.l. in Id. 43.27 .""]",[],[],[],[],{},[],1,0,0,0,0,1,0,0,0
49838,10,195,n49838,ἰδῐο-γνώμων,,,817,,"[""holding one's own opinion, Hp. Aër. 24 , Phryn.Com. 18 , Arist. EN 1151b12 .""]","[""holding one's own opinion"",""Aër.""]",[],[],[],{},[],1,1,0,0,0,1,2,0,0
49839,10,196,n49839,ἰδῐο-γονία,,ἡ,817,,"[""breeding only with one's own kind, opp.κοινογονία, Pl. Plt. 265d .""]","[""breeding only with one's own kind""]",[],[],[],{},[],1,1,0,0,0,1,1,0,0
49840,10,197,n49840,ἰδῐο-γρᾰφία,,ἡ,817,,"[""autograph, dub. in BGU 1135.10 (i B.C.).""]","[""autograph""]",[],[],[],{},[],1,1,0,0,0,1,1,0,0
49841,10,198,n49841,ἰδῐό-γρᾰφος,Subst.,τό,817,,"[""written with one's own hand, autograph, liber Vergilii, Gell. 9.14.7 , cf. POxy. 250.13 (i A.D.), etc.:—Subst. -γραφον,τό ,autograph, PFlor. 27.13 (iv A.D.), etc."",""specially or separately written, ψαλμὸς ἰ. εἰς Δαυίδ LXX Ps. 151 tit.""]","[""written with one's own hand, autograph"",""autograph,"",""specially"",""separately written""]",[],"[{""biblio"":"""",""quote"":""ψαλμὸς ἰ. εἰς Δαυίδ""},{""biblio"":""LXX | Ps. | 151"",""quote"":""ψαλμὸς ἰ. εἰς Δαυίδ LXX Ps. 151""}]","[""LXX | Ps. | 151""]",{},[],1,1,0,1,0,2,4,0,2
49842,10,199,n49842,ἰδῐο-θάνᾰτος,,,817,,"[""dying a natural death(cf. ἴδιος 1.6b ), Vett.Val. 19.2 .""]","[""dying a natural death""]",[],"[{""biblio"":"""",""quote"":""ἴδιος""},{""biblio"":""1.6b"",""quote"":""ἴδιος 1.6b""}]","[""1.6b""]",{},[],1,1,0,1,0,1,1,0,2
49843,10,200,n49843,ἰδῐο-θᾰνέω,,,817,,"[""die a natural death, Procl. Par.Ptol. 277 .""]","[""die a natural death""]",[],[],[],{},[],1,1,0,0,0,1,1,0,0
49844,10,201,n49844,ἰδῐο-θηρευτικός,,,817,,"[""hunting by or for oneself:ἡ -κή(sc.τέχνη)private hunting, Pl. Sph. 222d :""]","[""hunting by"",""for oneself"",""private hunting""]",[],[],[],{},[],1,1,0,0,0,1,3,0,0
49845,10,202,n49845,ἰδῐο-θηρία,,ἡ,817,,"[""ἰδῐο-θηρία,ἡ, ib. 223b .""]",[],[],[],[],{},[],1,0,0,0,0,1,0,0,0
49846,10,203,n49846,ἰδῐο-θρονέω,,,817,,"[""enjoy its proper dignity, Ptol. Tetr. 51 , Paul.Al. S. 4 .""]","[""enjoy its proper dignity""]",[],[],[],{},[],1,1,0,0,0,1,1,0,0
49847,10,204,n49847,ἰδῐο-κρᾱσία,,ἡ,817,,"[""peculiar temperament, Procl. Par.Ptol. 13 (nisi leg.-συγκρασίαν).""]","[""peculiar temperament""]",[],[],[],{},[],1,1,0,0,0,1,1,0,0
49848,10,205,n49848,ἰδῐό-κρῐτος,,,817,,"[""ἰδῐό-κρῐτος,ον(-κοιτον cod.),=ἰδιόρρυθμος, Hsch.""]",[],[],[],[],{},[],1,0,0,0,0,1,0,0,0
49849,10,206,n49849,ἰδῐο-κτήμων,,ὁ,817,,"[""private owner, PTeb. 124.32 (ii B.C.), Heph.Astr. 1.1 .""]","[""private owner,""]",[],[],[],{},[],1,1,0,0,0,1,1,0,0
49850,10,207,n49850,ἰδῐό-κτητος,,,817,,"[""held as private property, Hp. Ep. 26 (dub.l.); γῆ BGU 1216.83 (ii B.C.), Str. 14.6.5 , PFay. 342 (ii A.D.), Cod.Just. 10.3.7 ;ἡ ἰ. (sc.γῆ) PTeb. 5.111 (ii B.C.); ἰ. πανευτυχίη won all by himself, Epigr.Gr. 443 (Namara); ἀρετή Onos. 1.25 .""]","[""held as private property"",""won all by himself,""]",[],"[{""biblio"":"""",""quote"":""γῆ""},{""biblio"":""BGU | 1216.83"",""quote"":""γῆ BGU 1216.83""},{""biblio"":"""",""quote"":""ἰ. πανευτυχίη""},{""biblio"":""Epigr.Gr. | 443"",""quote"":""ἰ. πανευτυχίη won all by himself, Epigr.Gr. 443""},{""biblio"":"""",""quote"":""ἀρετή""},{""biblio"":""Onos. | 1.25"",""quote"":""ἀρετή Onos. 1.25""}]","[""BGU | 1216.83"",""Epigr.Gr. | 443"",""Onos. | 1.25""]",{},[],1,1,0,1,0,1,2,0,6
49851,10,208,n49851,ἰδῐο-λογέω,,,817,,"[""develop one's own ideas, prob. in Phld. Acad.Ind. p.4 M.:— Med. ,converse in private with, ἄττα σοι Pl. Thg. 121a ; θεῷ Ph. 1.197 ; πρός τινα Charito 6.7 .""]","[""develop one's own ideas"",""converse in private with""]",[],"[{""biblio"":"""",""quote"":""ἄττα σοι""},{""biblio"":""Pl. | Thg. | 121a"",""quote"":""ἄττα σοι Pl. Thg. 121a""},{""biblio"":"""",""quote"":""θεῷ""},{""biblio"":""Ph. | 1.197"",""quote"":""θεῷ Ph. 1.197""},{""biblio"":"""",""quote"":""πρός τινα""},{""biblio"":""Charito | 6.7"",""quote"":""πρός τινα Charito 6.7""}]","[""Charito | 6.7"",""Ph. | 1.197"",""Pl. | Thg. | 121a""]",{},[],1,1,0,1,0,1,2,0,6
49852,10,209,n49852,ἰδῐο-λογία,,ἡ,817,,"[""subjective theorizing, dub. cj. in Epicur. Ep. 2p.36U. (ἰδιαλογίας, ἤδη ἀλογίας codd.)."",""private conversation, Charito 4.6 .""]","[""subjective theorizing"",""private conversation""]",[],[],[],{},[],1,1,0,0,0,2,2,0,0
49853,10,210,n49853,ἰδῐο-μήκης,,,817,,"[""of their own length, i.e.of the same length each way, of square numbers, Nicom. Ar. 2.18 .""]","[""of their own length"",""of the same length each way""]",[],[],[],{},[],1,1,0,0,0,1,2,0,0
49854,10,211,n49854,ἰδῐό-μορφος,,,817,,"[""of peculiar form, Thphr. HP 9.13.6 , Str. 4.6.10 , Plu. Mar. 25 .""]","[""of peculiar form""]",[],[],[],{},[],1,1,0,0,0,1,1,0,0
49855,10,212,n49855,ἴδιον,,τό,817,,"[""v. ἴδιος .""]",[],[],[],[],{},"[{""type"":""ref"",""target"":"""",""text"":""ἴδιος""},{""type"":"""",""target"":"""",""text"":""v. ἴδιος""}]",1,0,0,0,1,1,0,0,0
49856,10,213,n49856,ἰδῐο-ξενία,,ἡ,817,,"[""private friendship, Anon. ap. Suid.""]","[""private friendship""]",[],[],[],{},[],1,1,0,0,0,1,1,0,0
49857,10,214,n49857,ἰδῐο-ξενοδόκος,,ὁ,817,,"[""private(opp. official)guarantor of an alien, Rev.Épigr. 2.227 (Doliche).""]","[""private"",""guarantor of an alien,""]",[],[],[],{},[],1,1,0,0,0,1,2,0,0
49858,10,215,n49858,ἰδῐό-ξενος,Adj.,,817,,"[""private friend in a foreign state (opp.πρόξενος), D.S. 13.5 , Luc. Phal. 2.1 , etc.: as Adj., ἰ. ἄνδρες D.H. 1.84 : Locr. ϝιδιόξενος(nisi leg.ϝιδίο̄ ξένο̄) IG 9(1).333.12 (v B.C.).""]","[""private friend""]",[],"[{""biblio"":"""",""quote"":""ἰ. ἄνδρες""},{""biblio"":""D.H. | 1.84"",""quote"":""ἰ. ἄνδρες D.H. 1.84""}]","[""D.H. | 1.84""]",{},[],1,1,0,1,0,1,1,0,2
49859,10,216,n49859,ἰδῐόομαι,,,817,,"[""make one's own, appropriate, Pl. R. 547c , Lg. 742b ; of literary plagiarism, Phld. D. 1.9 ."",""make one's friend,τινα D.C. 39.29 ."",""Pass. ,to be specifically constituted, Dam. Pr. 34 .""]","[""make one's own, appropriate"",""make one's friend"",""to be specifically constituted""]","[""ἴδιος""]",[],[],{},[],1,1,1,0,0,3,3,1,0
49860,10,217,n49860,ἰδῐο-πάθεια,,ἡ,817,,"[""affection having a local origin, Gal. 8.31 , al., Alex.Aphr. Pr. 2.35 .""]","[""affection having a local origin""]",[],[],[],{},[],1,1,0,0,0,1,1,0,0
49861,10,218,n49861,ἰδῐο-πᾰθέω,,,817,,"[""suffer from a local affection, Gal. 8.31 .""]","[""suffer from a local affection""]",[],[],[],{},[],1,1,0,0,0,1,1,0,0
49862,10,219,n49862,ἰδῐο-περιόριστος,,,817,,"[""specially defined or limited, φύσις Suid. s.v. Θεόδωρος .""]","[""specially defined"",""limited""]",[],"[{""biblio"":"""",""quote"":""φύσις""},{""biblio"":""Suid."",""quote"":""φύσις Suid.""}]","[""Suid.""]",{},"[{""type"":""ref"",""target"":"""",""text"":""Θεόδωρος""},{""type"":"""",""target"":"""",""text"":""s.v. Θεόδωρος""}]",1,1,0,1,1,1,2,0,2
49863,10,220,n49863,ἰδῐό-πλαστος,,,817,,"[""self-formed, ἀγαθόν Secund. Sent. 3 , 14 .""]","[""self-formed""]",[],"[{""biblio"":"""",""quote"":""ἀγαθόν""},{""biblio"":""Secund. | Sent. | 3"",""quote"":""ἀγαθόν Secund. Sent. 3""}]","[""Secund. | Sent. | 3""]",{},[],1,1,0,1,0,1,1,0,2
49864,10,221,n49864,ἰδῐο-ποιέω,,,817,,"[""make separately, ἐπίδειξίν τινι Gal. 2.672 ."",""prob. f.l. for εἰδοπ-, τὴν γραφήν Str. 15.1.14 ."",""appropriate, plagiarize, Vett. Val. 96.26 ( Act. , s.v.l.):—elsewh. Med. ,appropriate to oneself, Phld. Herc. 1788.1 , D.S. 5.13 , etc.;win over, Id. 15.29 , LXX 2 Ki. 15.6 ."",""Pass. ,to be invested with a specific character, Dam. Pr. 75 .""]","[""make separately"",""appropriate, plagiarize"",""appropriate to oneself"",""win over"",""to be invested with a specific character""]",[],"[{""biblio"":"""",""quote"":""ἐπίδειξίν τινι""},{""biblio"":""Gal. | 2.672"",""quote"":""ἐπίδειξίν τινι Gal. 2.672""}]","[""Gal. | 2.672""]",{},"[{""type"":""ref"",""target"":"""",""text"":""εἰδοπ-, τὴν γραφήν""},{""type"":"""",""target"":"""",""text"":""f.l. for εἰδοπ-, τὴν γραφήν""}]",1,1,0,1,1,4,5,0,2
49865,10,222,n49865,ἰδῐο-ποίημα,,τό,817,,"[""act of appropriation, Gloss.""]","[""act of appropriation,""]",[],[],[],{},[],1,1,0,0,0,1,1,0,0
49866,10,223,n49866,ἰδῐο-ποιός,,,817,,"[""creating particularity, Dam. Pr. 36 ;ἰ. ἐπιστροφή ib. 76 .""]","[""creating particularity""]",[],[],[],{},[],1,1,0,0,0,1,1,0,0
49867,10,224,n49867,ἰδῐο-πρᾱγέω,,,817,,"[""act independently, Plb. 8.26.9 , Phld. Ind.Sto. 60 ;pursue one's own interest, D.S. 18.39 , 64 , Str. 12.3.28 ;εἱερεὺς ὢν ἰδιοπραέων(if written for ἰδιοπραγέων) MAMA 1.237 (Laodicea Combusta);ἰδιοπραγεῖ: τὰ ἴδια πράσσει, ἡσυχάζει, Hsch.""]","[""act independently"",""pursue one's own interest""]",[],[],[],{},[],1,1,0,0,0,1,2,0,0
49868,10,225,n49868,ἰδῐο-πρᾱγία,,ἡ,817,,"[""pursuit of private interests,πλεονεξία καὶ ἰ. Pl. Lg. 875b ;πρὸς -πραγίαν ὡρμημένος on a private venture, D.S. 18.52 .""]","[""pursuit of private interests"",""private venture""]",[],[],[],{},[],1,1,0,0,0,1,2,0,0
49869,10,226,n49869,ἰδῐο-πραγμονέω,,,817,,"[""= ἰδιοπραγέω , Sch. Th. 1.32 , Sch. E. Med. 217 .""]",[],[],[],[],{},"[{""type"":""ref"",""target"":"""",""text"":""ἰδιοπραγέω""},{""type"":"""",""target"":"""",""text"":""= ἰδιοπραγέω""}]",1,0,0,0,1,1,0,0,0
49870,10,227,n49870,ἰδῐο-πράγμων,,,817,,"[""minding one's own business, opp.πολυπράγμων, D.L. 9.112 , Ptol. Tetr. 161 ;βίος Vett. Val. 185.6 .""]","[""minding one's own business""]",[],[],[],{},[],1,1,0,0,0,1,1,0,0
49871,10,228,n49871,ἰδῐο-προσωπέω,,ἡ,817,,"[""possess its proper aspect(i.e. that of its 'house') with respect to sun and moon, Ptol. Tetr. 114 :—hence ἰδῐο-προσωπία,ἡ, ib. 155 :""]","[""possess its proper aspect""]",[],[],[],{},[],1,1,0,0,0,1,1,0,0
49872,10,229,n49872,ἰδῐο-πρόσωπος,,,817,,"[""ἰδῐο-πρόσωπος,ον, ib. 50 .""]",[],[],[],[],{},[],1,0,0,0,0,1,0,0,0
49873,10,230,n49873,ἰδῐο-ρρυθμία,,ἡ,817,,"[""ἰδῐο-ρρυθμία,ἡ,=ἰδία τάξις, Cyr.""]",[],[],[],[],{},[],1,0,0,0,0,1,0,0,0
49874,10,231,n49874,ἰδῐό-ρρυθμος,,,817,,"[""gloss on αὐθέκαστος , Thom.Mag. p.25 R.""]",[],[],[],[],{},"[{""type"":""ref"",""target"":"""",""text"":""αὐθέκαστος""},{""type"":"""",""target"":"""",""text"":""gloss on αὐθέκαστος""}]",1,0,0,0,1,1,0,0,0
49875,10,232,n49875,ἴδιος,Adv.,οἱ,817,,"[""one's own, pertaining to oneself: hence,"",""private, personal(opp.κοινός): twice in Hom. ,πρῆξις δ' ἥδ' ἰδίη οὐ δήμιος this business is private, not public, Od. 3.82 ;δήμιον ἦ ἴδιον; 4.314 ;ἴδιος ἐν κοινῷ σταλείς embarking as a private man in a public cause, Pi. O. 13.49 ;ἰ. στόλῳ χρᾶσθαι, opp.δημοσίῳ, Hdt. 5.63 ; γῆς . . νοσούσης ἴ. κινοῦντες κακά S. OT 636 ; κοινὸν ἐξ ἰδίας ἀνοίας κακόν E. Hec. 641 (lyr.), cf. Or. 766 (troch.);ἴδια πράσσων ἢ στρατοῦ ταχθεὶς ὕπο; Id. IA 1363 (troch.); ἴ. κέρδεα Hdt. 6.100 ; συμφορά Antipho 2.1.11 ; πρόσοδος And. 4.11 ; τὰ ἴ. διάφορα Th. 2.37 ; πλοῦτος ἴ. καὶ δημόσιος Id. 1.80 , cf. Pl. R. 521a ;ἴ. οὐ κοινὸς πόνος ib. 535b , cf. 543b ;ξυμβόλαια ib. 443e ; ἰ. ἢ πολιτικὴ πρᾶξις Id. Grg. 484d ; πόλεις καὶ ἴ. οἶκοι Id. Lg. 890b , cf. 796d , etc.;τὰ ἱρά, opp.τὰ ἴ., temples, opp.private buildings, Hdt. 6.9 , 8.109 ;τὸ ἐν ἰδίοις discussion among private persons, Pl. Sph. 225b ."",""one's own, opp. ἀλλότριος, ἐπικώμια Pi. N. 6.32 ; ἡ ἰ. ἐλευθερίη Hdt. 7.147 ; Ζεὺς ἰδίοις νόμοις κρατύνων A. Pr. 404 (lyr.);ἰδίᾳ γνώμᾳ ib. 543 (lyr.); οὔτοι τὰ χρήματ' ἴ. κέκτηνται βροτοί E. Ph. 555 ;φίλων οὐδὲν ἴ., = κοινὰ τὰ τῶν φίλων , Id. Andr. 376 : with Pron., χωρίον ἡμέτερον ἴδιον D. 55.8 ."",""τὰ ἴ.private interests, opp. public, Th. 1.82 , 2.61 , etc.;one's own property, Id. 1.141 , etc.;τὰ ἴ. πράττειν mind one's own business, in later Gr., Phryn. 405 , cf. 1 Ep.Thess. 4.11 ;μένειν ἐπὶ τῶν ἰ. Plb. 2.57.5 ;εἰς τὸ ἴ. καταθέσθαι for self, X. An. 1.3.3 , etc.: with Pron.,τοὐμὸν ἴ. εἰπεῖν my personal opinion, Isoc. 6.8 ;τὰ ἐμὰ ἴ. D. 50.66 ;τὰ αὑτοῦ ἴ. Thgn. 440 (dub.l.), cf. Antipho 5.61 , Isoc. 8.127 ;τὰ ὑμέτερα ἴ. D. 19.307 ;τὰ ἴ. σφῶν αὐτῶν, τὰ ἴ. τὰ σφέτερα αὐτῶν, And. 2.2 , 3.36 ;ἔγωγε τοὐμὸν ἴ. I for my own part, Luc. Merc.Cond. 9 ."",""of persons,personally attached to one, ἴδιοι Σελεύκου Plb. 21.6.4 , cf. Arist. Pol. 1315a36 , UPZ 146.38 (ii B.C.), 109.18 (i B.C.); ἄνθρωπος ἴδιος τῇ εὐνοίᾳ τῇ πρὸς . . PCair.Zen. 32 (iii B.C.); ταῖς εὐνοίαις ἴδιοι D.S. 11.26 ;ἴδιοι,οἱ ,members of one's family, relatives, BGU 665 ii 1 (i A.D.), Vett.Val. 70.5 , etc."",""ἡ ἰ. (sts. with κώμη added, BGU 15.13 (ii A.D.)), one's place of origin, PTeb. 327.28 (ii A.D.), etc.: pl.,καταπορεύεσθαι εἰς τὰς ἰ.ib. 5.7 (ii B.C.)."",""in later Gr., almost as a possessive Pron.,= ἑαυτοῦ, ἑαυτῶν, ἡ ἰ. φιλαγαθία IG 22.1011.71 (ii B.C.), etc.; χρῶνται ὡς ἰδίοις UPZ 11.14 (ii B.C.);περὶ τῶν ἰ. βιβλίων, title of work by Galen."",""ἴ. θάνατος one's own, i.e. a natural death, Ramsay Cities and Bishoprics No. 133 ; ἰδίοις τελευτῶσι θανάτοις Ptol. Tetr. 199 ; also ἰδία μοίρῃ Ramsay op.cit. No. 187 ."",""separate, distinct, ἔθνος ἴ. καὶ οὐδαμῶς Σκυθικόν Hdt. 4.18 , cf. 22 ;ἴδιοί τινές σοι [θεοί]; Ar. Ra. 890 ; ἑκάστῳ τῶν ὀνομάτων ὑπόκειταί τις ἴδιος οὐσία Pl. Prt. 349b ;πόλεις . . βαρβάρους καὶ ἰδίας Decr. ap. D. 18.183 ;ὁ βάτραχος ἰδίαν ἔχει τὴν γλῶτταν, τὴν ἰ. ἀφίησι φωνήν, a peculiar kind of tongue, . . its peculiar note, Arist. HA 536a8 , 11 : folld. by ἤ, ἴδιον ἔπασχεν πάθος ἢ οἱ ἄλλοι unique and different from others, Pl. Grg. 481c ; so ἴδιον παρὰ τὰ ἄλλα Thphr. HP 6.4.10 ."",""ἴ. λόγος, in Ptolemaic and Roman Egypt,private account, δεδώκαμεν Πύρωνι τὸν ἔσχατόν σου ἴ. λόγον PCair.Zen. 253 (iii B.C.), cf. PGrenf. 1.16 (ii B.C.), etc.; later,special account, a branch of the fiscal administration, Wilcken Chr. 162 (ii B.C.), PAmh. 2.31 (ii B.C.),PGnom.Prooem. (ii A.D.), etc.; ὁ γνώμων τοῦ ἰ. λόγου OGI 669.44 (i A.D.); also as the title of the Controller, Str. 17.1.12 codd., OGI 408 (ii A.D.), Mitteis Chr. 372 vi 1 (ii A.D.)."",""strange, unusual, ἰδίοισιν ὑμεναίοισι κοὐχὶ σώφροσιν E. Or. 558 ;peculiar, exceptional, περιττὸν καὶ ἴ. γένος Arist. GA 760a5 ; τὰ περιττὰ καὶ ἴ. τῶν δένδρων Thphr. CP 2.7.1 ;παράδοξον εἰπεῖν τι καὶ περιττὸν καὶ ἴ. Plu. 2.1068b ;eccentric, of persons, ib. 57e ; ἴ. τις ἐν πᾶσι βουλόμενος εἶναι Id. Them. 18 ."",""peculiar, appropriate,ἴδια ὀνόματα proper, specific words, opp.περιέχοντα, class-names, Arist. Rh. 1407a31 ; ὄνομα ἴ. τινος Pl. R. 580e ; τὸ ἴ. τοῦ ἐπαίνου Luc. Pr.Im. 19 ."",""ἴ. λόγοι ordinary private conversation, opp.ποίησις, Pl. R. 366e , cf. Euthd. 305d ;v.infr. VI. 2b ."",""τὸ ἴ.characteristic property of a species, Arist. Top. 102a18 , 103b11 , Chrysipp.Stoic. 2.75 , Plot. 5.5.13 ; but also,distinguishing feature in a relative sense, ἴ. πρός τι Arist. Top. 128b25 ."",""regul. Comp. ἰδιώτερος Isoc. 12.73 , Thphr. HP 3.1.6 : Sup. -ώτατος D. 23.65 , Thphr. HP 1.14.2 ; also ἰδιαίτερος, -αίτατος, Arist. PA 656a26 , 658b33 ;-αίτατος but not-αίτερος acc. to Thom.Mag. p.189R."",""Adv. ἰδίως,peculiarly, Isoc. 5.108 ;severally, Pl. Lg. 807b : Comp. ἰδιωτέρως Thphr. HP 1.13.4 ; ὡς -ώτερον εἰπεῖν Phld. Oec. p.68 J. ; ἰδιαίτερον Hdn. 7.6.7 : Sup. ἰδιώτατα( v.l. -αίτατα ) D.S. 19.1 ;ἰδίως καλεῖσθαι to be called specifically, Arist. Mu. 394b28 ; -αίτατα λέγεσθαι Id. Mete. 382a3 ;ἰδίως, opp. κοινῶς, λέγεσθαι Demetr.Lac. Herc. 1014.41 F. (but in Gramm., to be used as a proper name, D.T. 634.13 );in a peculiar sense or usage, Sch. Ar. Pl. 115 ; Ἰ.αἰσχύλος τὸν Ἀγαμέμνονα ἐπὶ σκηνῆς ἀναιρεῖσθαι ποιεῖ A. Ag. Arg., cf. Sch. E. Ph. 1116 ; also,=extra versum,τὸ \""φεῦ\"" ἰδίως Sch. Ar. Nu. 41 ( v.l. ἰδίᾳ )."",""ἰδίᾳ, Ion. -ιη, as Adv.,by oneself, privately, on one's own account, θύοντι ἰδίῃ μούνῳ Hdt. 1.132 , cf. 192 , Ar. Eq. 467 ; οὔτε ἰδίᾳ οὔτε ἐν κοινῷ Th. 1.141 ; καὶ ἰ. καὶ δημοσίᾳ Id. 3.45 , Pl. Ap. 30b ; καὶ ἰ. καὶ κοινῇ Arist. Ath. 40.3 ; ἰδίᾳ ἕκαστος Th. 8.1 , cf. Pl. Lg. 946d , etc.: c. gen.,ἰ. τῆς φρενός apart from . ., Ar. Ra. 102 ."",""in ordinary talk, opp.ὑπὸ ποιητῶν, Pl. R. 363e , cf. 606c ;v.supr. 111 ."",""κατ' ἰδίαν in private, Philem. 169 ; κατ' ἰδίαν εἰπεῖν τινι D.S. 1.21 ;κατ' ἰ. λαβεῖν τινα to take him aside, Plb. 4.84.8 ; also,separately, apart, Plu. 2.120d ; οἱ κατ' ἰ. βίοι Plb. 1.71.1 . ( ϝίδιος Tab.Heracl. 1.13 , al., Schwyzer 324.4 (Delph.,iv B.C.), IG 9(1).333.12 ( Locr. ,v B.C.), etc.; with spiritus asper, ἐκ τοῦ ηιδίου Jahresh. 14 Beibl. 141 (Argos,v B.C.); καθ' ἱδίαν IG 22.891.6 , 5(1).6 ( Lacon. ), 9(2).66 (Lamia), Aët. 3.159 , etc.;καθ' ἱδδίαν prob. in IG 9(2).461.26 (Thess.).)""]","[""one's own, pertaining to oneself"",""private, personal"",""private"",""a private man"",""private buildings"",""private persons"",""one's own"",""private interests"",""one's own property"",""one's own business"",""self"",""personal"",""for my own part"",""personally attached"",""members of one's family, relatives"",""place of origin,"",""one's own"",""natural"",""Cities and Bishoprics"",""separate, distinct"",""peculiar"",""peculiar"",""unique and different"",""private account"",""special account"",""strange, unusual"",""peculiar, exceptional"",""eccentric"",""peculiar, appropriate"",""proper, specific"",""ordinary private"",""characteristic property"",""distinguishing feature"",""peculiarly"",""severally"",""specifically"",""as a proper name"",""in a peculiar sense"",""usage"",""extra versum"",""by oneself, privately, on one's own account"",""apart from . ."",""in ordinary talk"",""in private"",""aside"",""separately, apart""]",[],"[{""biblio"":"""",""quote"":""γῆς . . νοσούσης ἴ. κινοῦντες κακά""},{""biblio"":""S. | OT | 636"",""quote"":""γῆς . . νοσούσης ἴ. κινοῦντες κακά S. OT 636""},{""biblio"":"""",""quote"":""κοινὸν ἐξ ἰδίας ἀνοίας κακόν""},{""biblio"":""E. | Hec. | 641"",""quote"":""κοινὸν ἐξ ἰδίας ἀνοίας κακόν E. Hec. 641""},{""biblio"":"""",""quote"":""ἴ. κέρδεα""},{""biblio"":""Hdt. | 6.100"",""quote"":""ἴ. κέρδεα Hdt. 6.100""},{""biblio"":"""",""quote"":""συμφορά""},{""biblio"":""Antipho | 2.1.11"",""quote"":""συμφορά Antipho 2.1.11""},{""biblio"":"""",""quote"":""πρόσοδος""},{""biblio"":""And. | 4.11"",""quote"":""πρόσοδος And. 4.11""},{""biblio"":"""",""quote"":""τὰ ἴ. διάφορα""},{""biblio"":""Th. | 2.37"",""quote"":""τὰ ἴ. διάφορα Th. 2.37""},{""biblio"":"""",""quote"":""πλοῦτος ἴ. καὶ δημόσιος""},{""biblio"":""Id. | 1.80"",""quote"":""πλοῦτος ἴ. καὶ δημόσιος Id. 1.80""},{""biblio"":"""",""quote"":""ἰ. ἢ πολιτικὴ πρᾶξις""},{""biblio"":""Id. | Grg. | 484d"",""quote"":""ἰ. ἢ πολιτικὴ πρᾶξις Id. Grg. 484d""},{""biblio"":"""",""quote"":""πόλεις καὶ ἴ. οἶκοι""},{""biblio"":""Id. | Lg. | 890b"",""quote"":""πόλεις καὶ ἴ. οἶκοι Id. Lg. 890b""},{""biblio"":"""",""quote"":""ἀλλότριος, ἐπικώμια""},{""biblio"":""Pi. | N. | 6.32"",""quote"":""ἀλλότριος, ἐπικώμια Pi. N. 6.32""},{""biblio"":"""",""quote"":""ἡ ἰ. ἐλευθερίη""},{""biblio"":""Hdt. | 7.147"",""quote"":""ἡ ἰ. ἐλευθερίη Hdt. 7.147""},{""biblio"":"""",""quote"":""Ζεὺς ἰδίοις νόμοις κρατύνων""},{""biblio"":""A. | Pr. | 404"",""quote"":""Ζεὺς ἰδίοις νόμοις κρατύνων A. Pr. 404""},{""biblio"":"""",""quote"":""οὔτοι τὰ χρήματ' ἴ. κέκτηνται βροτοί""},{""biblio"":""E. | Ph. | 555"",""quote"":""οὔτοι τὰ χρήματ' ἴ. κέκτηνται βροτοί E. Ph. 555""},{""biblio"":"""",""quote"":""χωρίον ἡμέτερον ἴδιον""},{""biblio"":""D. | 55.8"",""quote"":""χωρίον ἡμέτερον ἴδιον D. 55.8""},{""biblio"":"""",""quote"":""ἴδιοι Σελεύκου""},{""biblio"":""Plb. | 21.6.4"",""quote"":""ἴδιοι Σελεύκου Plb. 21.6.4""},{""biblio"":"""",""quote"":""ἄνθρωπος ἴδιος τῇ εὐνοίᾳ τῇ πρὸς . .""},{""biblio"":""PCair.Zen. | 32"",""quote"":""ἄνθρωπος ἴδιος τῇ εὐνοίᾳ τῇ πρὸς . . PCair.Zen. 32""},{""biblio"":"""",""quote"":""ταῖς εὐνοίαις ἴδιοι""},{""biblio"":""D.S. | 11.26"",""quote"":""ταῖς εὐνοίαις ἴδιοι D.S. 11.26""},{""biblio"":"""",""quote"":""ἑαυτοῦ, ἑαυτῶν, ἡ ἰ. φιλαγαθία""},{""biblio"":""IG | 22.1011.71"",""quote"":""ἑαυτοῦ, ἑαυτῶν, ἡ ἰ. φιλαγαθία IG 22.1011.71""},{""biblio"":"""",""quote"":""χρῶνται ὡς ἰδίοις""},{""biblio"":""UPZ | 11.14"",""quote"":""χρῶνται ὡς ἰδίοις UPZ 11.14""},{""biblio"":"""",""quote"":""ἰδίοις τελευτῶσι θανάτοις""},{""biblio"":""Ptol. | Tetr. | 199"",""quote"":""ἰδίοις τελευτῶσι θανάτοις Ptol. Tetr. 199""},{""biblio"":"""",""quote"":""ἔθνος ἴ. καὶ οὐδαμῶς Σκυθικόν""},{""biblio"":""Hdt. | 4.18"",""quote"":""ἔθνος ἴ. καὶ οὐδαμῶς Σκυθικόν Hdt. 4.18""},{""biblio"":"""",""quote"":""ἑκάστῳ τῶν ὀνομάτων ὑπόκειταί τις ἴδιος οὐσία""},{""biblio"":""Pl. | Prt. | 349b"",""quote"":""ἑκάστῳ τῶν ὀνομάτων ὑπόκειταί τις ἴδιος οὐσία Pl. Prt. 349b""},{""biblio"":"""",""quote"":""ἴδιον παρὰ τὰ ἄλλα""},{""biblio"":""Thphr. | HP | 6.4.10"",""quote"":""ἴδιον παρὰ τὰ ἄλλα Thphr. HP 6.4.10""},{""biblio"":"""",""quote"":""δεδώκαμεν Πύρωνι τὸν ἔσχατόν σου ἴ. λόγον""},{""biblio"":""PCair.Zen. | 253"",""quote"":""δεδώκαμεν Πύρωνι τὸν ἔσχατόν σου ἴ. λόγον PCair.Zen. 253""},{""biblio"":"""",""quote"":""ὁ γνώμων τοῦ ἰ. λόγου""},{""biblio"":""OGI | 669.44"",""quote"":""ὁ γνώμων τοῦ ἰ. λόγου OGI 669.44""},{""biblio"":"""",""quote"":""ἰδίοισιν ὑμεναίοισι κοὐχὶ σώφροσιν""},{""biblio"":""E. | Or. | 558"",""quote"":""ἰδίοισιν ὑμεναίοισι κοὐχὶ σώφροσιν E. Or. 558""},{""biblio"":"""",""quote"":""περιττὸν καὶ ἴ. γένος""},{""biblio"":""Arist. | GA | 760a5"",""quote"":""περιττὸν καὶ ἴ. γένος Arist. GA 760a5""},{""biblio"":"""",""quote"":""τὰ περιττὰ καὶ ἴ. τῶν δένδρων""},{""biblio"":""Thphr. | CP | 2.7.1"",""quote"":""τὰ περιττὰ καὶ ἴ. τῶν δένδρων Thphr. CP 2.7.1""},{""biblio"":"""",""quote"":""ἴ. τις ἐν πᾶσι βουλόμενος εἶναι""},{""biblio"":""Id. | Them. | 18"",""quote"":""ἴ. τις ἐν πᾶσι βουλόμενος εἶναι Id. Them. 18""},{""biblio"":"""",""quote"":""ὄνομα ἴ. τινος""},{""biblio"":""Pl. | R. | 580e"",""quote"":""ὄνομα ἴ. τινος Pl. R. 580e""},{""biblio"":"""",""quote"":""τὸ ἴ. τοῦ ἐπαίνου""},{""biblio"":""Luc. | Pr.Im. | 19"",""quote"":""τὸ ἴ. τοῦ ἐπαίνου Luc. Pr.Im. 19""},{""biblio"":"""",""quote"":""ἴ. πρός τι""},{""biblio"":""Arist. | Top. | 128b25"",""quote"":""ἴ. πρός τι Arist. Top. 128b25""},{""biblio"":"""",""quote"":""ἰδιώτερος""},{""biblio"":""Isoc. | 12.73"",""quote"":""ἰδιώτερος Isoc. 12.73""},{""biblio"":"""",""quote"":""-ώτατος""},{""biblio"":""D. | 23.65"",""quote"":""-ώτατος D. 23.65""},{""biblio"":"""",""quote"":""ἰδιωτέρως""},{""biblio"":""Thphr. | HP | 1.13.4"",""quote"":""ἰδιωτέρως Thphr. HP 1.13.4""},{""biblio"":"""",""quote"":""ὡς -ώτερον εἰπεῖν""},{""biblio"":""Phld. | Oec. | p.68"",""quote"":""ὡς -ώτερον εἰπεῖν Phld. Oec. p.68""},{""biblio"":"""",""quote"":""ἰδιαίτερον""},{""biblio"":""Hdn. | 7.6.7"",""quote"":""ἰδιαίτερον Hdn. 7.6.7""},{""biblio"":"""",""quote"":""-αίτατα λέγεσθαι""},{""biblio"":""Id. | Mete. | 382a3"",""quote"":""-αίτατα λέγεσθαι Id. Mete. 382a3""},{""biblio"":"""",""quote"":""κοινῶς, λέγεσθαι""},{""biblio"":""Demetr.Lac. | Herc. | 1014.41"",""quote"":""κοινῶς, λέγεσθαι Demetr.Lac. Herc. 1014.41""},{""biblio"":"""",""quote"":""Ἰ.αἰσχύλος τὸν Ἀγαμέμνονα ἐπὶ σκηνῆς ἀναιρεῖσθαι ποιεῖ""},{""biblio"":""A. | Ag."",""quote"":""Ἰ.αἰσχύλος τὸν Ἀγαμέμνονα ἐπὶ σκηνῆς ἀναιρεῖσθαι ποιεῖ A. Ag.""},{""biblio"":"""",""quote"":""θύοντι ἰδίῃ μούνῳ""},{""biblio"":""Hdt. | 1.132"",""quote"":""θύοντι ἰδίῃ μούνῳ Hdt. 1.132""},{""biblio"":"""",""quote"":""οὔτε ἰδίᾳ οὔτε ἐν κοινῷ""},{""biblio"":""Th. | 1.141"",""quote"":""οὔτε ἰδίᾳ οὔτε ἐν κοινῷ Th. 1.141""},{""biblio"":"""",""quote"":""καὶ ἰ. καὶ δημοσίᾳ""},{""biblio"":""Id. | 3.45"",""quote"":""καὶ ἰ. καὶ δημοσίᾳ Id. 3.45""},{""biblio"":"""",""quote"":""καὶ ἰ. καὶ κοινῇ""},{""biblio"":""Arist. | Ath. | 40.3"",""quote"":""καὶ ἰ. καὶ κοινῇ Arist. Ath. 40.3""},{""biblio"":"""",""quote"":""ἰδίᾳ ἕκαστος""},{""biblio"":""Th. | 8.1"",""quote"":""ἰδίᾳ ἕκαστος Th. 8.1""},{""biblio"":"""",""quote"":""κατ' ἰδίαν εἰπεῖν τινι""},{""biblio"":""D.S. | 1.21"",""quote"":""κατ' ἰδίαν εἰπεῖν τινι D.S. 1.21""},{""biblio"":"""",""quote"":""οἱ κατ' ἰ. βίοι""},{""biblio"":""Plb. | 1.71.1"",""quote"":""οἱ κατ' ἰ. βίοι Plb. 1.71.1""},{""biblio"":"""",""quote"":""ϝίδιος""},{""biblio"":""Tab.Heracl. | 1.13"",""quote"":""ϝίδιος Tab.Heracl. 1.13""},{""biblio"":"""",""quote"":""ἐκ τοῦ ηιδίου""},{""biblio"":""Jahresh. | 14"",""quote"":""ἐκ τοῦ ηιδίου Jahresh. 14""},{""biblio"":"""",""quote"":""καθ' ἱδίαν""},{""biblio"":""IG | 22.891.6"",""quote"":""καθ' ἱδίαν IG 22.891.6""}]","[""A. | Ag."",""A. | Pr. | 404"",""And. | 4.11"",""Antipho | 2.1.11"",""Arist. | Ath. | 40.3"",""Arist. | GA | 760a5"",""Arist. | Top. | 128b25"",""D. | 23.65"",""D. | 55.8"",""D.S. | 1.21"",""D.S. | 11.26"",""Demetr.Lac. | Herc. | 1014.41"",""E. | Hec. | 641"",""E. | Or. | 558"",""E. | Ph. | 555"",""Hdn. | 7.6.7"",""Hdt. | 1.132"",""Hdt. | 4.18"",""Hdt. | 6.100"",""Hdt. | 7.147"",""IG | 22.1011.71"",""IG | 22.891.6"",""Id. | 1.80"",""Id. | 3.45"",""Id. | Grg. | 484d"",""Id. | Lg. | 890b"",""Id. | Mete. | 382a3"",""Id. | Them. | 18"",""Isoc. | 12.73"",""Jahresh. | 14"",""Luc. | Pr.Im. | 19"",""OGI | 669.44"",""PCair.Zen. | 253"",""PCair.Zen. | 32"",""Phld. | Oec. | p.68"",""Pi. | N. | 6.32"",""Pl. | Prt. | 349b"",""Pl. | R. | 580e"",""Plb. | 1.71.1"",""Plb. | 21.6.4"",""Ptol. | Tetr. | 199"",""S. | OT | 636"",""Tab.Heracl. | 1.13"",""Th. | 1.141"",""Th. | 2.37"",""Th. | 8.1"",""Thphr. | CP | 2.7.1"",""Thphr. | HP | 1.13.4"",""Thphr. | HP | 6.4.10"",""UPZ | 11.14""]",{},"[{""type"":""ref"",""target"":"""",""text"":""κοινὰ τὰ τῶν φίλων""},{""type"":"""",""target"":"""",""text"":""= κοινὰ τὰ τῶν φίλων""},{""type"":""ref"",""target"":"""",""text"":""-αίτατα""},{""type"":"""",""target"":"""",""text"":""v.l. -αίτατα""},{""type"":""ref"",""target"":"""",""text"":""ἰδίᾳ""},{""type"":"""",""target"":"""",""text"":""v.l. ἰδίᾳ""}]",1,1,0,1,1,19,46,0,100
49876,10,233,n49876,ἰδῐό-σημος,,,817,,"[""peculiar in signification,ὀνόματα Sch. Hermog. in Rh. 7.195 W.""]","[""peculiar in signification""]",[],[],[],{},[],1,1,0,0,0,1,1,0,0
49877,10,234,n49877,ἰδῐο-σπορέομαι,,,817,,"[""to be sown by one's own labour, PFlor. 64.34 (iv A.D.).""]","[""to be sown by one's own labour,""]",[],[],[],{},[],1,1,0,0,0,1,1,0,0
49878,10,235,n49878,ἰδῐο-σπορία,,ἡ,817,,"[""sowing carried out by one's own labour, PRyl. 142.18 (i A.D.), PAmh. 2.131.10 (ii A.D.).""]","[""sowing carried out by one's own labour,""]",[],[],[],{},[],1,1,0,0,0,1,1,0,0
49879,10,236,n49879,ἰδῐό-σπορος,,ἡ,817,,"[""land sown by the landlord's own employees, PCair.Zen. 292.508 : so-σπορα,τά , ib. 60 , al.(iii B.C.).""]","[""land sown by the landlord's own employees,""]",[],[],[],{},[],1,1,0,0,0,1,1,0,0
49880,10,237,n49880,ἰδῐό-στολος,,,817,,"[""equipped at one's own expense, τριήρης Plu. Alc. 1 ;hired for one's own use, πλοῖον Ath. 12.521a , cf. Philostr. VA 5.20 ;ἰ. πλεῦσαι sail in one's own ship, Plu. Thes. 26 .""]","[""equipped at one's own expense"",""hired for one's own use"",""in one's own ship""]",[],"[{""biblio"":"""",""quote"":""τριήρης""},{""biblio"":""Plu. | Alc. | 1"",""quote"":""τριήρης Plu. Alc. 1""},{""biblio"":"""",""quote"":""πλοῖον""},{""biblio"":""Ath. | 12.521a"",""quote"":""πλοῖον Ath. 12.521a""}]","[""Ath. | 12.521a"",""Plu. | Alc. | 1""]",{},[],1,1,0,1,0,1,3,0,4
49881,10,238,n49881,ἰδῐο-συγκρᾱσία,,ἡ,817,,"[""peculiar temperament or habit of body, idiosyncrasy, Ptol. Tetr. 12 , Gal. 10.169 , al.:—also ἰδῐο-σύγκρᾱσις,εως,ἡ, Ptol. Tetr. 142 :—also ἰδῐο-συγκρῐσία,ἡ, Sor. 2.56 (cj.), Herod.Med. ap. Orib. 6.20.24 , S.E. P. 1.79 (pl.):""]","[""peculiar temperament"",""habit of body, idiosyncrasy""]","[""κρᾶσις""]",[],[],{},[],1,1,1,0,0,1,2,1,0
49882,10,239,n49882,ἰδῐο-σύγκρῐσις,,ἡ,817,,"[""ἰδῐο-σύγκρῐσις,εως,ἡ, Dsc. Alex.Praef. (pl.).""]",[],[],[],[],{},[],1,0,0,0,0,1,0,0,0
49883,10,240,n49883,ἰδῐο-σύγκρῐτος,,,817,,"[""peculiarly composed, Herm. ap. Stob. 1.49.44 .""]","[""peculiarly composed""]",[],[],[],{},[],1,1,0,0,0,1,1,0,0
49884,10,241,n49884,ἰδῐο-συστᾰσία,,ἡ,817,,"[""peculiar constitution, prob. in Sor. 2.56 .""]","[""peculiar constitution""]",[],[],[],{},[],1,1,0,0,0,1,1,0,0
49885,10,242,n49885,ἰδῐό-τακτος,,,817,,"[""gloss on ἰδιόρρυθμος , Hsch.""]",[],[],[],[],{},"[{""type"":""ref"",""target"":"""",""text"":""ἰδιόρρυθμος""},{""type"":"""",""target"":"""",""text"":""gloss on ἰδιόρρυθμος""}]",1,0,0,0,1,1,0,0,0
49886,10,243,n49886,ἰδῐότης,,ἡ,817,,"[""peculiar nature, property, specific character, Damox. 2.41 , Epicur. Ep. 1p.17U. ; ἡ ἰ. τῆς ἡδονῆς X. An. 2.3.16 ; τῶν πράξεων Pl. Plt. 305d ; τοῦ πολιτεύματος Plb. 1.13.13 , etc.;εἰκὼν τῆς ἰδίας ἰ. LXX Wi. 2.23 ; of a mountain, Agatharch. 81 : pl.,peculiarities, Plb. 9.22.7 , Demetr.Lac. Herc. 1012.41 F.;ἰ. ἐθνικαί, of language, Phld. Rh. 1.154 S. ; ῥυθμῶν Id. Mus. p.49K."",""Gramm., ἰδιότητός τινων μετέχειν D.T. 639.31 , cf. A.D. Synt. 16.14 ,al.;εἰς ἰδιότητα as a proper name, St.Byz. s.v. Θεσσαλία , Sch. Il. 18.319 ."",""particular existence, Chrysipp.Stoic. 2.126 ;individuality, ἀεὶ πρότερα τὰ ὀλίγης ἰδιότητος Dam. Pr. 280 ."",""relationship, POxy. 1644.21 (i B.C.).""]","[""peculiar nature, property, specific character"",""peculiarities"",""as a proper name"",""particular existence"",""individuality"",""relationship,""]","[""ἴδιος""]","[{""biblio"":"""",""quote"":""ἡ ἰ. τῆς ἡδονῆς""},{""biblio"":""X. | An. | 2.3.16"",""quote"":""ἡ ἰ. τῆς ἡδονῆς X. An. 2.3.16""},{""biblio"":"""",""quote"":""τῶν πράξεων""},{""biblio"":""Pl. | Plt. | 305d"",""quote"":""τῶν πράξεων Pl. Plt. 305d""},{""biblio"":"""",""quote"":""τοῦ πολιτεύματος""},{""biblio"":""Plb. | 1.13.13"",""quote"":""τοῦ πολιτεύματος Plb. 1.13.13""},{""biblio"":"""",""quote"":""ῥυθμῶν""},{""biblio"":""Id. | Mus. | p.49K."",""quote"":""ῥυθμῶν Id. Mus. p.49K.""},{""biblio"":"""",""quote"":""ἰδιότητός τινων μετέχειν""},{""biblio"":""D.T. | 639.31"",""quote"":""ἰδιότητός τινων μετέχειν D.T. 639.31""},{""biblio"":"""",""quote"":""ἀεὶ πρότερα τὰ ὀλίγης ἰδιότητος""},{""biblio"":""Dam. | Pr. | 280"",""quote"":""ἀεὶ πρότερα τὰ ὀλίγης ἰδιότητος Dam. Pr. 280""}]","[""D.T. | 639.31"",""Dam. | Pr. | 280"",""Id. | Mus. | p.49K."",""Pl. | Plt. | 305d"",""Plb. | 1.13.13"",""X. | An. | 2.3.16""]",{},"[{""type"":""ref"",""target"":"""",""text"":""Θεσσαλία""},{""type"":"""",""target"":"""",""text"":""s.v. Θεσσαλία""}]",1,1,1,1,1,4,6,1,12
49887,10,244,n49887,ἰδῐο-τοπέω,,,817,819,"[""occupy a congenial position in the zodiac, Vett.Val. 71.7 :""]","[""occupy a congenial position in the zodiac""]",[],[],[],{},[],1,1,0,0,0,1,1,0,0
49888,10,245,n49888,ἰδῐο-τοπία,,ἡ,817,,"[""ἰδῐο-τοπία,ἡ, ib. 276.17 .""]",[],[],[],[],{},[],1,0,0,0,0,1,0,0,0
49889,10,246,n49889,ἰδῐό-τοπος,,,817,,"[""of their own district,βασιλεῖς cj. in Peripl.M.Rubr. 47 .""]","[""of their own district""]",[],[],[],{},[],1,1,0,0,0,1,1,0,0
49890,10,247,n49890,ἰδῐο-τροπία,,ἡ,817,,"[""peculiar quality, Cleom. 2.4 , Ptol. Tetr. 1 , Heph.Astr. 1.20 , etc."",""specific form or manner, Simp. in Ph. 1073.19 ;peculiarity, Dam. Pr. 90 ;idiosyncrasy, ib. 388 .""]","[""peculiar quality"",""specific form"",""manner"",""peculiarity"",""idiosyncrasy""]",[],[],[],{},[],1,1,0,0,0,2,5,0,0
49891,10,248,n49891,ἰδῐό-τροπος,Adv.,,817,,"[""peculiar, distinctive,ἑνότης, ἡδονή, Epicur. Ep. 1p.13U. , Fr. 186 ;φύσις, νόσοι, D.S. 3.35 , 5.10 ;of a peculiar species, ὁ νυκτικόραξ Str. 17.2.4 .Adv. -πως D.S. 3.19 , Dam. Pr. 40 : Comp. , Marcellin. Puls. 506 .""]","[""peculiar, distinctive"",""of a peculiar species""]",[],"[{""biblio"":"""",""quote"":""ὁ νυκτικόραξ""},{""biblio"":""Str. | 17.2.4"",""quote"":""ὁ νυκτικόραξ Str. 17.2.4""},{""biblio"":"""",""quote"":""-πως""},{""biblio"":""D.S. | 3.19"",""quote"":""-πως D.S. 3.19""}]","[""D.S. | 3.19"",""Str. | 17.2.4""]",{},[],1,1,0,1,0,1,2,0,4
49892,10,249,n49892,ἰδῐο-τρόφος,,,817,,"[""feeding individuals, Pl. Plt. 261d ."",""ἰδιότροφος,ον ,feeding on a peculiar diet, opp.παμφάγος, Arist. HA 488a15 .""]","[""feeding individuals"",""feeding on a peculiar diet""]",[],[],[],{},[],1,1,0,0,0,2,2,0,0
49893,10,250,n49893,ἰδῐό-τῠπος,,,817,,"[""of a peculiar form, Herm. ap. Stob. 1.49.44 .""]","[""of a peculiar form""]",[],[],[],{},[],1,1,0,0,0,1,1,0,0
49894,10,251,n49894,ἰδῐο-φεγγής,,,817,,"[""self-shining, of the moon,v.l. in Placit. 2.28.4 .""]","[""self-shining""]",[],[],[],{},[],1,1,0,0,0,1,1,0,0
49895,10,252,n49895,ἰδῐο-φῠής,,,817,,"[""of peculiar nature, ib. 1.7.20 ; σάλπιγγες D.S. 5.30 ;τὰ ἰ., title of work by Archelaus, D.L. 2.17 .""]","[""of peculiar nature""]",[],"[{""biblio"":"""",""quote"":""σάλπιγγες""},{""biblio"":""D.S. | 5.30"",""quote"":""σάλπιγγες D.S. 5.30""}]","[""D.S. | 5.30""]",{},[],1,1,0,1,0,1,1,0,2
49896,10,253,n49896,ἰδῐό-φῠτον,,τό,817,,"[""ἰδῐό-φῠτον,τό,=κῆμος, Ps.- Dsc. 4.133 .""]",[],[],[],[],{},[],1,0,0,0,0,1,0,0,0
49897,10,254,n49897,ἰδῐό-χειρος,Subst.,τό,817,,"[""autographed, ἀπογραφή Just. Nov. 48.1 Intr.:Subst. -χειρον,τό , ib. 49.2.1 .""]","[""autographed""]",[],"[{""biblio"":"""",""quote"":""ἀπογραφή""},{""biblio"":""Just. | Nov. | 48.1"",""quote"":""ἀπογραφή Just. Nov. 48.1""}]","[""Just. | Nov. | 48.1""]",{},[],1,1,0,1,0,1,1,0,2
49898,10,255,n49898,ἰδῐό-χρεος,,,817,,"[""carrying a personal obligation, σύμβολα Sammelb. 4638.15 (ii B.C.).""]","[""carrying a personal obligation""]",[],"[{""biblio"":"""",""quote"":""σύμβολα""},{""biblio"":""Sammelb. | 4638.15"",""quote"":""σύμβολα Sammelb. 4638.15""}]","[""Sammelb. | 4638.15""]",{},[],1,1,0,1,0,1,1,0,2
49899,10,256,n49899,ἰδῐό-χροιος,,,817,,"[""of peculiar colour, Ptol. Tetr. 103 ( v.l. -χρονος ):—also ἰδῐό-χρωμος,ον,of natural colour, not dyed, Artem. 2.3 , BGU 327.6 (ii A.D.), PHolm. 24.32 , etc.""]","[""of peculiar colour"",""of natural colour, not dyed""]",[],[],[],{},"[{""type"":""ref"",""target"":"""",""text"":""-χρονος""},{""type"":"""",""target"":"""",""text"":""v.l. -χρονος""}]",1,1,0,0,1,1,2,0,0
49900,10,257,n49900,ἰδιόω,,,817,,"[""v. ἰδιόομαι .""]",[],[],[],[],{},"[{""type"":""ref"",""target"":"""",""text"":""ἰδιόομαι""},{""type"":"""",""target"":"""",""text"":""v. ἰδιόομαι""}]",1,0,0,0,1,1,0,0,0
49901,10,258,n49901,ἴδῑσις,,ἡ,817,,"[""sweating, perspiring, Arist. Pr. 965a2 .""]","[""sweating, perspiring""]",[],[],[],{},[],1,1,0,0,0,1,1,0,0
49902,10,259,n49902,ἰδίω,,,817,,"[""ἴδῑσα Arist. HA 521a14 , Thphr. Sud. 28 : (ἶδος):— sweat, of the cold sweat of terror, ἴδιον, ὡς ἐνόησα Od. 20.204 ; πρὶν ἂν ἰδίῃς καὶ διαλύσῃς ἄρθρων ἶνας Ar. Pax 85 , cf. Ra. 237 , Eub. 53 , Hp. Mul. 1.38 , Diocl.Fr. 142 ; ἴδισαν αἱματώδη ἱδρῶτα Arist. l.c., cf. Thphr. HP 5.9.8 ;ἱδρόω is more common in Prose. [Second ι in pres.and impf.short in Ep. , long in Att. , in aor.always long.] (Perh. cogn. with Skt.svidyati, Lat.sudo, Engl.sweat.)""]","[""sweat"",""svidyati"",""sudo"",""sweat.""]","[""ἶδος""]","[{""biblio"":"""",""quote"":""ἴδῑσα""},{""biblio"":""Arist. | HA | 521a14"",""quote"":""ἴδῑσα Arist. HA 521a14""},{""biblio"":"""",""quote"":""ἴδιον, ὡς ἐνόησα""},{""biblio"":""Od. | 20.204"",""quote"":""ἴδιον, ὡς ἐνόησα Od. 20.204""},{""biblio"":"""",""quote"":""πρὶν ἂν ἰδίῃς καὶ διαλύσῃς ἄρθρων ἶνας""},{""biblio"":""Ar. | Pax | 85"",""quote"":""πρὶν ἂν ἰδίῃς καὶ διαλύσῃς ἄρθρων ἶνας Ar. Pax 85""},{""biblio"":"""",""quote"":""ἴδισαν αἱματώδη ἱδρῶτα""},{""biblio"":""Arist."",""quote"":""ἴδισαν αἱματώδη ἱδρῶτα Arist.""}]","[""Ar. | Pax | 85"",""Arist."",""Arist. | HA | 521a14"",""Od. | 20.204""]",{},[],1,1,1,1,0,1,4,1,8
49903,10,260,n49903,ἰδί-ωμα,,τό,817,,"[""peculiarity, specific property, unique feature, Epicur. Ep. 1p.25U. , Stoic. 2.25 , etc.;τὰ τῶν χρωμάτων ἰ. Epicur. Ep. 2p.51U. ; τῆς πολιτείας Plb. 2.38.10 ; τοῦ νόμου BGU 12.18 (ii A.D.); τὸ καθ' αὑτὸν ἰ. τηρεῖν Plb. 2.59.2 ;τὰ περὶ τὴν χώραν, περὶ αὐτοὺς ἰ., Id. 2.14.3 , 6.3.3 ;τὸ ἐξαίρετόν τινος ἰ. A.D. Synt. 15.19 ;ἀγαθότητος ἰ. Procl. Inst. 133 ; ὕλης Id. Theol.Plat. 5.35 ;property,φαρμάκου Heras ap. Gal. 13.785 , cf. Dsc. 1.71 ; of the properties of numbers, Theol.Ar. 5 ,al.; τὸ ἰ. τοῦ ἑνός Dam. Pr. 5 :special subject, τῆς πραγματείας Sor. 1.126 ."",""peculiarity of style, D.H. Amm. 2t it., al."",""idiom, ἰ. Ὁμηρικόν A.D. Synt. 157.9 ."",""style,παιανικὸν ἰ. Ath. 15.696e .""]","[""peculiarity, specific property, unique feature"",""property"",""special subject"",""peculiarity of style"",""idiom"",""style""]","[""ἰδιόω""]","[{""biblio"":"""",""quote"":""τῆς πολιτείας""},{""biblio"":""Plb. | 2.38.10"",""quote"":""τῆς πολιτείας Plb. 2.38.10""},{""biblio"":"""",""quote"":""τοῦ νόμου""},{""biblio"":""BGU | 12.18"",""quote"":""τοῦ νόμου BGU 12.18""},{""biblio"":"""",""quote"":""τὸ καθ' αὑτὸν ἰ. τηρεῖν""},{""biblio"":""Plb. | 2.59.2"",""quote"":""τὸ καθ' αὑτὸν ἰ. τηρεῖν Plb. 2.59.2""},{""biblio"":"""",""quote"":""ὕλης""},{""biblio"":""Id. | Theol.Plat. | 5.35"",""quote"":""ὕλης Id. Theol.Plat. 5.35""},{""biblio"":"""",""quote"":""τὸ ἰ. τοῦ ἑνός""},{""biblio"":""Dam. | Pr. | 5"",""quote"":""τὸ ἰ. τοῦ ἑνός Dam. Pr. 5""},{""biblio"":"""",""quote"":""τῆς πραγματείας""},{""biblio"":""Sor. | 1.126"",""quote"":""τῆς πραγματείας Sor. 1.126""},{""biblio"":"""",""quote"":""ἰ. Ὁμηρικόν""},{""biblio"":""A.D. | Synt. | 157.9"",""quote"":""ἰ. Ὁμηρικόν A.D. Synt. 157.9""}]","[""A.D. | Synt. | 157.9"",""BGU | 12.18"",""Dam. | Pr. | 5"",""Id. | Theol.Plat. | 5.35"",""Plb. | 2.38.10"",""Plb. | 2.59.2"",""Sor. | 1.126""]",{},[],1,1,1,1,0,4,6,1,14
49904,10,261,n49904,ἰδι-ώνῠμος,,,817,,"[""appropriate, προσηγορία Dam. Pr. 40 .""]","[""appropriate""]",[],"[{""biblio"":"""",""quote"":""προσηγορία""},{""biblio"":""Dam. | Pr. | 40"",""quote"":""προσηγορία Dam. Pr. 40""}]","[""Dam. | Pr. | 40""]",{},[],1,1,0,1,0,1,1,0,2
49905,10,262,n49905,ἰδί-ωσις,,ἡ,817,,"[""isolation, opp.κοινωνία, Pl. R. 462b ;appropriation, Plu. 2.644d .""]","[""isolation"",""appropriation""]",[],[],[],{},[],1,1,0,0,0,1,2,0,0
49906,10,263,n49906,ἰδῐωτ-εία,,ἡ,817,,"[""private station, opp.τυραννίς, X. Hier. 8.1 ; opp.βασιλεία, Pl. Lg. 696a : pl., opp.ἀρχαί, Id. R. 618d ;ἐν ἰ., opp.ἐν φιλοσοφίᾳ, Phld. Rh. 2.277 S."",""uncouthness, want of education, Luc. Hist.Conscr. 27 , Abd. 7 ."",""defenceless condition, τῆς ἰ. ἡμῶν καταφρονοῦντες SIG 888.65 (Scaptopara,iii A.D.).""]","[""private station"",""uncouthness, want of education"",""defenceless condition""]",[],"[{""biblio"":"""",""quote"":""τῆς ἰ. ἡμῶν καταφρονοῦντες""},{""biblio"":""SIG | 888.65"",""quote"":""τῆς ἰ. ἡμῶν καταφρονοῦντες SIG 888.65""}]","[""SIG | 888.65""]",{},[],1,1,0,1,0,3,3,0,2
49907,10,264,n49907,ἰδῐωτ-εύω,,,817,,"[""occupy a private station, opp.δημοσιεύω, Pl. Ap. 32a , R. 579c ; opp.ἄρχω, X. Hier. 8.5 ; opp.τυραννεύω, Isoc. 2.4 ; opp.πολιτεύεσθαι, Aeschin. 1.195 ; of a country,to be of no consideration, X. Cyr. 8.7.7 ."",""practise privately, of a physician, opp.ὁ δημοσιεύων, Pl. Plt. 259a , cf. Grg. 514e sq."",""c. gen. rei,τῆς ἀρετῆς ἰ.to be unpractised, unskilled in . ., Id. Prt. 327a ."",""in Lit. Crit.,to be vulgar, of expressions, Longin. 31.2 .""]","[""occupy a private station"",""to be of no consideration"",""practise privately"",""to be unpractised, unskilled in . ."",""to be vulgar""]",[],[],[],{},[],1,1,0,0,0,4,5,0,0
49908,10,265,n49908,ἰδῐώτ-ης,Adj.,ὁ,817,,"[""private person, individual, opp. the State, ξυμφέροντα καὶ πόλεσι καὶ ἰδιώταις Th. 1.124 , cf. 3.10 , SIG 37.3 (Teos,v B.C.), Pl. Smp. 185b , X. Vect. 4.18 , etc.; opp.γένος, SIG 1013.6 (Chios,iv B.C.); opp.φατρία, ib. 987.28 (ibid.,iv B.C.)."",""one in a private station, opp. to one holding public office, or taking part in public affairs, Hdt. 1.59 , 123 , al., cf. Decr. ap. And. 1.84 , Th. 4.2 , etc.; opp.βασιλεύς, Hdt. 7.3 ; opp.ἄρχων, Lys. 5.3 , Pl. Plt. 259b , SIG 305.71 (iv B.C.); opp.δικαστής, Antipho 6.24 ; opp.πολιτευόμενος, D. 10.70 ; opp.ῥήτωρ, Hyp. Eux. 27 ;private soldier, opp.στρατηγός, X. An. 1.3.11 , cf. PHib. 1.30.21 (iii B.C.);layman, opp. priest, OGI 90.52 (Rosetta,ii B.C.), PGnom. 200 (ii A.D.), 1 Ep.Cor. 14.16 : as Adj., ἰ. ἄνδρες Hdt. 1.32 , 70 , Th. 1.115 ;ἰ. θεοί homely(with play on ἴδιος), Ar. Ra. 891 ."",""common man, plebeian, οἱ ἰ. καὶ πένητες Plu. Thes. 24 ;ἰ. καὶ εὐτελής, opp.βασιλεύς, Hdn. 4.10.2 ."",""as Adj.,ἰ. βίος private station, Pl. R. 578c ;ἰ. λόγος everyday speech, D.H. Dem. 2 , cf. Longin. 31.2 ."",""one who has no professional knowledge, layman,καὶ ἰατρὸς καὶ ἰ. Th. 2.48 , cf. Hp. VM 4 , Pl. Tht. 178c , Lg. 933d ; ἰ. ἤ τινα τέχνην ἔχων Id. Sph. 221c ; of prose-writers,ἐν μέτρῳ ὡς ποιητής, ἢ ἄνευ μέτρου ὡς ἰ. Id. Phdr. 258d , cf. Smp. 178b ; ἰ. καὶ μηδὲν αὐλήσεως ἐπαί̈ων Id. Prt. 327c ; opp. to a professed orator, Isoc. 4.11 ; to a trained soldier, X. Eq.Mag. 8.1 ;ἰδιώτας, ὡς εἰπεῖν, χειροτέχναις(-νας codd.) ἀνταγωνισαμένους Th. 6.72 ; opp.ἀσκητής, X. Mem. 3.7.7 , cf. 12.1 ; opp.ἀθλητής, Arist. EN 1116b13 ; opp. a professed philosopher, Id. Pol. 1266a31 , Phld. Lib. p.5 <*> O., D. 1.25 ; in Music, Id. Mus. p.42 K.; opp.δημιουργός, Pl. Prt. 312a , Thg. 124c : as Adj.,ὁ ἰ. ὄχλος, opp. artificers, Plu. Per. 12 ."",""c. gen. rei,unpractised, unskilled in a thing, ἰατρικῆς Pl. Prt. 345a , cf. Ti. 20a ; ἔργου X. Oec. 3.9 ;ἰ. κατὰ τοὺς πόνους, κατὰ τὸν ὕπνον, Id. Cyr. 1.5.11 ; ἰ. τὰ ἄλλα Hdn. 4.12.1 ; ἰ. ὡς πρὸς ἡμᾶς ἀγωνίζεσθαι X. Cyr. l.c., cf. Luc. Herm. 81 ."",""generally,raw hand, ignoramus, ἄν τε δεινοὶ λάχωσιν ἄν τε ἰδιῶται . . D. 4.35 ;παιδάρια καὶ ἰ., of slaves, S.E. M. 1.234 (cf. ἰ. οἰκέται Luc. Alex. 30 );ἀμαθὴς καὶ ἰ., opp.τεχνίτης, Id. Ind. 29 ; voc.ἰδιῶτα, as a term of abuse, Men. Sam. 71 ."",""'average man', opp. a person of distinction, Plu. 2.1104a ."",""ἰδιῶται,οἱ ,one's own countrymen, opp.ξένοι, Ar. Ra. 459 .""]","[""private person, individual"",""one in a private station"",""private soldier"",""layman"",""homely"",""common man, plebeian"",""private"",""everyday"",""one who has no professional knowledge, layman"",""unpractised, unskilled in"",""raw hand, ignoramus"",""average man"",""one's own countrymen""]","[""ἴδιος""]","[{""biblio"":"""",""quote"":""ξυμφέροντα καὶ πόλεσι καὶ ἰδιώταις""},{""biblio"":""Th. | 1.124"",""quote"":""ξυμφέροντα καὶ πόλεσι καὶ ἰδιώταις Th. 1.124""},{""biblio"":"""",""quote"":""ἰ. ἄνδρες""},{""biblio"":""Hdt. | 1.32"",""quote"":""ἰ. ἄνδρες Hdt. 1.32""},{""biblio"":"""",""quote"":""οἱ ἰ. καὶ πένητες""},{""biblio"":""Plu. | Thes. | 24"",""quote"":""οἱ ἰ. καὶ πένητες Plu. Thes. 24""},{""biblio"":"""",""quote"":""ἰ. ἤ τινα τέχνην ἔχων""},{""biblio"":""Id. | Sph. | 221c"",""quote"":""ἰ. ἤ τινα τέχνην ἔχων Id. Sph. 221c""},{""biblio"":"""",""quote"":""ἰ. καὶ μηδὲν αὐλήσεως ἐπαί̈ων""},{""biblio"":""Id. | Prt. | 327c"",""quote"":""ἰ. καὶ μηδὲν αὐλήσεως ἐπαί̈ων Id. Prt. 327c""},{""biblio"":"""",""quote"":""ἀνταγωνισαμένους""},{""biblio"":""Th. | 6.72"",""quote"":""ἀνταγωνισαμένους Th. 6.72""},{""biblio"":"""",""quote"":""ἰατρικῆς""},{""biblio"":""Pl. | Prt. | 345a"",""quote"":""ἰατρικῆς Pl. Prt. 345a""},{""biblio"":"""",""quote"":""ἔργου""},{""biblio"":""X. | Oec. | 3.9"",""quote"":""ἔργου X. Oec. 3.9""},{""biblio"":"""",""quote"":""ἰ. τὰ ἄλλα""},{""biblio"":""Hdn. | 4.12.1"",""quote"":""ἰ. τὰ ἄλλα Hdn. 4.12.1""},{""biblio"":"""",""quote"":""ἰ. ὡς πρὸς ἡμᾶς ἀγωνίζεσθαι""},{""biblio"":""X. | Cyr."",""quote"":""ἰ. ὡς πρὸς ἡμᾶς ἀγωνίζεσθαι X. Cyr.""},{""biblio"":"""",""quote"":""ἄν τε δεινοὶ λάχωσιν ἄν τε ἰδιῶται . .""},{""biblio"":""D. | 4.35"",""quote"":""ἄν τε δεινοὶ λάχωσιν ἄν τε ἰδιῶται . . D. 4.35""},{""biblio"":"""",""quote"":""ἰ. οἰκέται""},{""biblio"":""Luc. | Alex. | 30"",""quote"":""ἰ. οἰκέται Luc. Alex. 30""}]","[""D. | 4.35"",""Hdn. | 4.12.1"",""Hdt. | 1.32"",""Id. | Prt. | 327c"",""Id. | Sph. | 221c"",""Luc. | Alex. | 30"",""Pl. | Prt. | 345a"",""Plu. | Thes. | 24"",""Th. | 1.124"",""Th. | 6.72"",""X. | Cyr."",""X. | Oec. | 3.9""]",{},[],1,1,1,1,0,9,13,1,24
49909,10,266,n49909,ἰδῐωτ-ίζω,,,817,,"[""pronounce in the local manner, Eust. 145.10 ( Pass. ).""]","[""pronounce in the local manner""]",[],[],[],{},[],1,1,0,0,0,1,1,0,0
49910,10,267,n49910,ἰδῐωτ-ικός,Adv.,,817,,"[""of or for a private person, private,σῖτος καὶ ἑωυτοῦ καὶ ἰ. Hdt. 1.21 ; πύργος Id. 4.164 ; opp. δημόσιος, ἱερά SIG 1015.9 (Halic.); opp.κοινός, οἰκίαι ib. 987.5 (Chios,iv B.C.); opp.βασιλικός, Pl. Criti. 117b , cf. Isoc. 9.72 ;ἰ. σύγγραμμα, opp.πολιτικόν, Pl. Phdr. 258d ;ἰ. τριήρεις, opp. the Paralos, D. 21.174 ;οἰωνὸς οὐκ ἰ., i.e. indicating royalty, X. An. 6.1.23 ;ἰ. τράπεζα private bank, PLond. 3.1168.21 (i A.D.);δάνεια, opp.δημόσια, ib. 932.8 (iii A.D.); συμβόλαια D.H. 10.57 ;ἰ. λόγοι speeches in private suits, Id. Dem. 56 ;καθαρὸς ἀπὸ δημοσίου ἢ ἰ. free from public or private encumbrance, BGU 446.15 (ii A.D.);ἰ. κανών impost on private land, POxy. 2124.10 (iv A.D.)."",""not done by rules of art, unprofessional, amateurish, Pl. Euthd. 282d ;φαῦλον καὶ ἰ. Id. Hp.Ma. 287a , Ion 532e ; λέξις S.E. M. 1.234 ; λήμματα Gal. 5.213 ; of language,commonplace, everyday, τὸ ἰ. Arist. Po. 1458a21 , 32 , cf. D.L. 10.13 ( Sup. ); but also,vulgar, Phld. Po. 2.71 , Longin. 43.1 .Adv., μὴ φαύλως μηδὲ -κῶς Pl. Lg. 966e ; ἰ. καὶ γελοίως Id. Euthd. 278d ; ἰ. ἔχειν Id. Cra. 394a ;ἰ. τὸ σῶμα ἔχειν, i.e. to neglect gymnastic exercises, Id. Lg. 839e , X. Mem. 3.12.1 ; also,in a special way, Phld. D. 3.8 ."",""of persons,unprofessional, Apollon.Cit. 3 ."",""ἄρτοι ἰ.common bread, UPZ 94.17 (ii B.C.)."",""ἰ. βίος cloistered life, Marcellin. Puls. 138 .""]","[""of"",""for a private person, private"",""private"",""in private suits"",""private"",""on private land,"",""not done by rules of art, unprofessional, amateurish"",""commonplace, everyday"",""vulgar"",""in a special way"",""unprofessional"",""common"",""cloistered""]",[],"[{""biblio"":"""",""quote"":""πύργος""},{""biblio"":""Id. | 4.164"",""quote"":""πύργος Id. 4.164""},{""biblio"":"""",""quote"":""δημόσιος, ἱερά""},{""biblio"":""SIG | 1015.9"",""quote"":""δημόσιος, ἱερά SIG 1015.9""},{""biblio"":"""",""quote"":""συμβόλαια""},{""biblio"":""D.H. | 10.57"",""quote"":""συμβόλαια D.H. 10.57""},{""biblio"":"""",""quote"":""λέξις""},{""biblio"":""S.E. | M. | 1.234"",""quote"":""λέξις S.E. M. 1.234""},{""biblio"":"""",""quote"":""λήμματα""},{""biblio"":""Gal. | 5.213"",""quote"":""λήμματα Gal. 5.213""},{""biblio"":"""",""quote"":""τὸ ἰ.""},{""biblio"":""Arist. | Po. | 1458a21"",""quote"":""τὸ ἰ. Arist. Po. 1458a21""},{""biblio"":"""",""quote"":""μὴ φαύλως μηδὲ -κῶς""},{""biblio"":""Pl. | Lg. | 966e"",""quote"":""μὴ φαύλως μηδὲ -κῶς Pl. Lg. 966e""},{""biblio"":"""",""quote"":""ἰ. καὶ γελοίως""},{""biblio"":""Id. | Euthd. | 278d"",""quote"":""ἰ. καὶ γελοίως Id. Euthd. 278d""},{""biblio"":"""",""quote"":""ἰ. ἔχειν""},{""biblio"":""Id. | Cra. | 394a"",""quote"":""ἰ. ἔχειν Id. Cra. 394a""}]","[""Arist. | Po. | 1458a21"",""D.H. | 10.57"",""Gal. | 5.213"",""Id. | 4.164"",""Id. | Cra. | 394a"",""Id. | Euthd. | 278d"",""Pl. | Lg. | 966e"",""S.E. | M. | 1.234"",""SIG | 1015.9""]",{},[],1,1,0,1,0,5,13,0,18
49911,10,268,n49911,ἰδῐ́ωτ-ις,,ἡ,817,,"[""-ώτιες IG 5(1).1390.17 (Andania,i B.C.)),ἡ, fem. of ἰδιώτης, J. AJ 8.11.1 ; opp.φιλόσοφος, Muson. Fr. 3p.11H. ;ἰδιώτιες, opp.ἱεραί,IG l.c.;ἰ. πόλις, opp.ἡγεμονίς, App. BC 4.16 , 95 ."",""unskilled, uninstructed, Luc. Im. 13 , Alciphro 2.4 ;ἰ. ἀκοαί unlearned ears, Dam. Pr. 5 .""]","[""unskilled, uninstructed"",""unlearned""]",[],"[{""biblio"":"""",""quote"":""-ώτιες""},{""biblio"":""IG | 5(1).1390.17"",""quote"":""-ώτιες IG 5(1).1390.17""}]","[""IG | 5(1).1390.17""]",{},[],1,1,0,1,0,2,2,0,2
49912,10,269,n49912,ἰδῐωτ-ισμός,,ὁ,817,,"[""way or fashion of a common person, Epict. Ench. 33.6 , S.E. M. 1.67 , Dam. Isid. 223 ; in language,homely, vulgar phrase, Phld. Po. 2.71 , Longin. 31.1 , D.L. 7.59 ."",""Rhet.,argumentum ad hominem, usu. in the form of a hypothetical question, Rufin. Fig. 10 .""]","[""way"",""fashion of a common person"",""homely, vulgar phrase"",""argumentum ad hominem""]",[],[],[],{},[],1,1,0,0,0,2,4,0,0
49913,10,270,n49913,ἰδῐωφελής,,,817,,"[""of private benefit, opp. κοινωφελής, νόμος Archyt. ap. Stob. 4.1.138 , cf. Alex.Aphr. in Top. 234.16 , Sch. Arr. Epict. 4.10.12 .""]","[""of private benefit""]",[],"[{""biblio"":"""",""quote"":""κοινωφελής, νόμος""},{""biblio"":""Archyt."",""quote"":""κοινωφελής, νόμος Archyt.""}]","[""Archyt.""]",{},[],1,1,0,1,0,1,1,0,2
49914,10,271,n49914,ἰδμάν,,ὁ,817,,"[""one who knows, Hdn.Gr. 1.13 :ἰδμή,ἡ,=ἰδμοσύνη, Hsch.""]","[""one who knows""]",[],[],[],{},[],1,1,0,0,0,1,1,0,0
49915,10,272,n49915,ἴδμεν,,,817,,"[""v. οἶδα .""]",[],[],[],[],{},"[{""type"":""ref"",""target"":"""",""text"":""οἶδα""},{""type"":"""",""target"":"""",""text"":""v. οἶδα""}]",1,0,0,0,1,1,0,0,0
49916,10,273,n49916,ἰδμοσύνη,,ἡ,817,,"[""knowledge, skill, APl. 4.273 ( Crin. ): in pl., Hes. Th. 377 .""]","[""knowledge, skill,""]",[],[],[],{},[],1,1,0,0,0,1,1,0,0
49917,10,274,n49917,ἴδμων,,,817,,"[""having knowledge of a thing, εὐνομίης ἴ. πόλις AP 7.575 ( Leont. ).""]","[""having knowledge of""]",[],"[{""biblio"":"""",""quote"":""εὐνομίης ἴ. πόλις""},{""biblio"":""AP | 7.575"",""quote"":""εὐνομίης ἴ. πόλις AP 7.575""}]","[""AP | 7.575""]",{},[],1,1,0,1,0,1,1,0,2
49918,10,275,n49918,ἰδνόομαι,,,817,,"[""bend oneself, double oneself up, esp. for pain, ἰδνώθη Il. 2.266 ; ἰδνώθη δὲ πεσών 13.618 ;ἰδνωθεὶς ὀπίσω, of a snake in the clutches of an eagle, 12.205 ; also, of one throwing up a ball perpendicularly, Od. 8.375 , cf. APl. 4.97 ; of the womb, ἢν . . ἰδνωθῇ Hp. Mul. 1.2 ;ἰδνοῦται ib. 10 :— Act. ,ἰδνῶ only in Hdn.Gr. 1.451 .""]","[""bend oneself, double oneself up""]",[],"[{""biblio"":"""",""quote"":""ἰδνώθη""},{""biblio"":""Il. | 2.266"",""quote"":""ἰδνώθη Il. 2.266""},{""biblio"":"""",""quote"":""ἰδνώθη δὲ πεσών""},{""biblio"":""13.618"",""quote"":""ἰδνώθη δὲ πεσών 13.618""},{""biblio"":"""",""quote"":""ἢν . . ἰδνωθῇ""},{""biblio"":""Hp. | Mul. | 1.2"",""quote"":""ἢν . . ἰδνωθῇ Hp. Mul. 1.2""}]","[""13.618"",""Hp. | Mul. | 1.2"",""Il. | 2.266""]",{},[],1,1,0,1,0,1,1,0,6
49919,10,276,n49919,Ἰδογενής,,,817,,"[""born on Ida, Orac. ap. Paus. 10.12.3 .""]","[""born on Ida""]",[],[],[],{},[],1,1,0,0,0,1,1,0,0
49920,10,277,n49920,ἴδοι:,,,817,,"[""ἴδοι: ὀφθαλμοί, Hsch.""]",[],[],[],[],{},[],1,0,0,0,0,1,0,0,0
49921,10,278,n49921,ἰδομαλιάδαι,,,817,,"[""= οἱ τὰς ὄψεις κοσμούμενοι , Alc. 150 (ap. Hsch. ); v. εἰδομαλίδας .""]",[],[],[],[],{},"[{""type"":""ref"",""target"":"""",""text"":""οἱ τὰς ὄψεις κοσμούμενοι""},{""type"":"""",""target"":"""",""text"":""= οἱ τὰς ὄψεις κοσμούμενοι""},{""type"":""ref"",""target"":"""",""text"":""εἰδομαλίδας""},{""type"":"""",""target"":"""",""text"":""v. εἰδομαλίδας""}]",1,0,0,0,1,1,0,0,0
49922,10,279,n49922,ἶδος,,τό,817,,"[""sweat: pl.,sweats, Hp. Coac. 105 (s. v.l.)."",""warmth, Emp. 62.5 , prob. in Id. 21.4 ;violent heat, Hes. Sc. 397 , Call. Fr. 124 (prob.), D.P. 966 ; cf.ἰδίω.""]","[""sweat"",""sweats"",""warmth"",""violent heat""]",[],[],[],{},[],1,1,0,0,0,2,4,0,0
49923,10,280,n49923,ἰδός:,,,817,,"[""ἰδός: ὁδός, σῶμα, Hsch.""]",[],[],[],[],{},[],1,0,0,0,0,1,0,0,0
49924,10,281,n49924,ἰδοῦ,Adv.,,817,,"[""ἰδού(on the accent v.Hdn.Gr. 1.417 , al.), as Adv.,lo! behold!(even with words of hearing, ἰδοὺ δοῦπον αὖ κλύω τινά S. Aj. 870 (lyr.), cf. El. 1410 ):"",""with Nouns and Prons.,ἰ. χελιδών Klein Meistersign. 133 (Attic vase,vi B.C.), etc.;ἰ. ἐγώ here am I, LXX Ge. 27.1 ,al.; ἰ. ἡ μνᾶ σοι Ev.Luc. 19.20 ;οὐκ ἰ. Ἀαρών; LXX Ex. 4.14 ."",""with Verbs,"",""in the imper., ἰ. θεᾶσθε S. Tr. 1079 , Ar. Ach. 366 ; esp. in offering a thing,take it! ἰ. δέχου παῖ S. Ph. 776 ."",""in ind. of all tenses, ἰ. πείθομαι E. Or. 143 (lyr.): freq. in LXX and NT with past tenses, Ge. 24.15 ,al., Ev.Matt. 27.51 , al.; in the middle of a sentence, Ev.Luc. 13.16 ."",""with questions,ἰ., τί ἔστιν; Ar. Nu. 825 , Eq. 157 ."",""in repeating another's words quizzingly, as ἰδού γ' ἄκρατον wine,quotha! ib. 87 ;ἰ. λέγειν ib. 344 ; ἰδού γε κλέπτειν Id. Th. 206 , cf. Ec. 136 .""]","[""lo! behold!"",""here am"",""take it"",""quotha""]",[],"[{""biblio"":"""",""quote"":""ἰδοὺ δοῦπον αὖ κλύω τινά""},{""biblio"":""S. | Aj. | 870"",""quote"":""ἰδοὺ δοῦπον αὖ κλύω τινά S. Aj. 870""},{""biblio"":"""",""quote"":""ἰ. ἡ μνᾶ σοι""},{""biblio"":""Ev.Luc. | 19.20"",""quote"":""ἰ. ἡ μνᾶ σοι Ev.Luc. 19.20""},{""biblio"":"""",""quote"":""ἰ. θεᾶσθε""},{""biblio"":""S. | Tr. | 1079"",""quote"":""ἰ. θεᾶσθε S. Tr. 1079""},{""biblio"":"""",""quote"":""ἰ. δέχου παῖ""},{""biblio"":""S. | Ph. | 776"",""quote"":""ἰ. δέχου παῖ S. Ph. 776""},{""biblio"":"""",""quote"":""ἰ. πείθομαι""},{""biblio"":""E. | Or. | 143"",""quote"":""ἰ. πείθομαι E. Or. 143""},{""biblio"":"""",""quote"":""ἰδού γε κλέπτειν""},{""biblio"":""Id. | Th. | 206"",""quote"":""ἰδού γε κλέπτειν Id. Th. 206""}]","[""E. | Or. | 143"",""Ev.Luc. | 19.20"",""Id. | Th. | 206"",""S. | Aj. | 870"",""S. | Ph. | 776"",""S. | Tr. | 1079""]",{},[],1,1,0,1,0,7,4,0,12
49925,10,282,n49925,ἰδρεία,,ἡ,817,,"[""knowledge, skill, ἰδρείῃ πολέμοιο Il. 16.359 ;οὐδέ τι ἰδρείῃ( Aristarch. for vulg.οὐδέ τ' ἀϊδρείῃ) 7.198 , cf. A.R. 2.72 , Q.S. 4.226 , Theoc. 22.85 .""]","[""knowledge, skill""]","[""ἴδρις""]","[{""biblio"":"""",""quote"":""ἰδρείῃ πολέμοιο""},{""biblio"":""Il. | 16.359"",""quote"":""ἰδρείῃ πολέμοιο Il. 16.359""}]","[""Il. | 16.359""]",{},[],1,1,1,1,0,1,1,1,2
49926,10,283,n49926,ἴδρ-ις,Adj.,ὁ,817,,"[""ἴδρι AP 9.559 ( Crin. ), prob. in ib. 6.182 ( Alex. Magnes.): pl.ἴδριες; also ἴδριδα S. Fr. 1056 , ἴδριδες Phryn.Com. 90 (= Phryn.Trag. 22 ), cf. πολυ-ίδριδι Sapph. 166 (but these forms are censured by Hdn.Gr. 2.40 ): (οἶδα):— poet. Adj. experienced, knowing, skilful, ἀνὴρ ἴδρις Od. 6.233 : c.inf., ἴδριες . . νῆα θοὴν ἐνὶ πόντῳ ἐλαυνέμεν 7.108 : c. gen.rei, πόνου καὶ ὀϊζύος Hes. Sc. 351 ; καλῶν Pi. O. 1.104 ; ἔργων Archil. 39 , cf. A. Ag. 446 (lyr.), S. El. 608 , Ichn. 124 , Call. Jov. 74 , etc.: in late Prose, ἴ. τῶν οὐρανίων Vett.Val. 4.19 : with Preps., κατὰ γνώμαν ἴδρις S. OT 1087 (lyr.); οὐδὲν ἴδρις Id. OC 525 (lyr.); ἐν πολέμοισι D.P. 857 ."",""as Subst.,the provident one, i.e.the ant, Hes. Op. 778 .""]","[""experienced, knowing, skilful"",""the provident one"",""the ant""]","[""οἶδα""]","[{""biblio"":"""",""quote"":""ἴδρι""},{""biblio"":""AP | 9.559"",""quote"":""ἴδρι AP 9.559""},{""biblio"":"""",""quote"":""ἴδριδα""},{""biblio"":""S. | Fr. | 1056"",""quote"":""ἴδριδα S. Fr. 1056""},{""biblio"":"""",""quote"":""ἴδριδες""},{""biblio"":""Phryn.Com. | 90"",""quote"":""ἴδριδες Phryn.Com. 90""},{""biblio"":"""",""quote"":""πολυ-ίδριδι""},{""biblio"":""Sapph. | 166"",""quote"":""πολυ-ίδριδι Sapph. 166""},{""biblio"":"""",""quote"":""ἀνὴρ ἴδρις""},{""biblio"":""Od. | 6.233"",""quote"":""ἀνὴρ ἴδρις Od. 6.233""},{""biblio"":"""",""quote"":""ἴδριες . . νῆα θοὴν ἐνὶ πόντῳ ἐλαυνέμεν""},{""biblio"":""7.108"",""quote"":""ἴδριες . . νῆα θοὴν ἐνὶ πόντῳ ἐλαυνέμεν 7.108""},{""biblio"":"""",""quote"":""πόνου καὶ ὀϊζύος""},{""biblio"":""Hes. | Sc. | 351"",""quote"":""πόνου καὶ ὀϊζύος Hes. Sc. 351""},{""biblio"":"""",""quote"":""καλῶν""},{""biblio"":""Pi. | O. | 1.104"",""quote"":""καλῶν Pi. O. 1.104""},{""biblio"":"""",""quote"":""ἔργων""},{""biblio"":""Archil. | 39"",""quote"":""ἔργων Archil. 39""},{""biblio"":"""",""quote"":""ἴ. τῶν οὐρανίων""},{""biblio"":""Vett.Val. | 4.19"",""quote"":""ἴ. τῶν οὐρανίων Vett.Val. 4.19""},{""biblio"":"""",""quote"":""κατὰ γνώμαν ἴδρις""},{""biblio"":""S. | OT | 1087"",""quote"":""κατὰ γνώμαν ἴδρις S. OT 1087""},{""biblio"":"""",""quote"":""οὐδὲν ἴδρις""},{""biblio"":""Id. | OC | 525"",""quote"":""οὐδὲν ἴδρις Id. OC 525""},{""biblio"":"""",""quote"":""ἐν πολέμοισι""},{""biblio"":""D.P. | 857"",""quote"":""ἐν πολέμοισι D.P. 857""}]","[""7.108"",""AP | 9.559"",""Archil. | 39"",""D.P. | 857"",""Hes. | Sc. | 351"",""Id. | OC | 525"",""Od. | 6.233"",""Phryn.Com. | 90"",""Pi. | O. | 1.104"",""S. | Fr. | 1056"",""S. | OT | 1087"",""Sapph. | 166"",""Vett.Val. | 4.19""]",{},[],1,1,1,1,0,2,3,1,26
49927,10,284,n49927,ἰδρ-ίτας,,ὁ,817,,"[""ἰδρ-ίτας,ου,ὁ,=ἴδρις, dub.l. in AP 6.182 ( Alex. Magnes.).""]",[],[],[],[],{},[],1,0,0,0,0,1,0,0,0
49928,10,285,n49928,ἱδροσύνη,,ἡ,817,,"[""sweating, toil, σώματος IGRom. 4.607 (pl., Phrygia).""]","[""sweating, toil""]",[],"[{""biblio"":"""",""quote"":""σώματος""},{""biblio"":""IGRom. | 4.607"",""quote"":""σώματος IGRom. 4.607""}]","[""IGRom. | 4.607""]",{},[],1,1,0,1,0,1,1,0,2
49929,10,286,n49929,ἱδρόω,,,817,820,"[""ἀφῐδρωσον Com.Adesp. 3 D. ],v.sub fin.:fut. -ώσω Il. 2.388 :aor. ἵδρωσα 4.27 , X. Cyr. 8.1.38 :pf. ἵδρωκα Luc. Merc. Cond. 26 :— Pass. ,pf. ἵδρωται Id. Herm. 2 : (ἶδος):— sweat, perspire, esp. from toil, τὸν δ' ἱδρώοντα Il. 18.372 ; ἵππους λῦσαν . . ἱδρώοντας Od. 4.39 ; of a hunted deer, ἤϊξε . . σπεύδους' ἱδρώουσα Il. 11.119 ;ἱδρώσει . . τελαμὼν ἀμφὶ στήθεσφιν it shall reek with sweat, 2.388 : c. acc. cogn., ἱδρῶ θ' ὃν ἵδρωσα μόγῳ 4.27 ;διὰ τί τὸ πρόσωπον μάλιστα ἱδροῦσιν; Arist. Pr. 867b34 , cf. 866b28 .—The contr. forms (really from ἱδρώ-ω) have ω , ῳ for ου,οι(cf.ῥιγόω), fem.part. ἱδρῶσαι Il. 11.598 ;3 pl. ἱδρῶσι Thphr. Sud. 36 ; opt. ἱδρῴη Hp. Aër. 8 : codd. of X. vary between ἱδροῦντι and ἱδρῶντι, HG 4.5.7 , Cyr. 1.4.28 , but ἱδροῦντι An. 1.8.1 , ἱδροῦσι Arist. Il.cc.;ὡς ἂν ἱδρῶντες, corrupted to ὡσανεὶ δρῶντες, Ph. 1.490 :pres. ἱδρώω in Luc. Syr.D. 10 , 17 ; Ep. part. ἱδρώουσα, -οντα(v. supr.), -οντας Ar. Pax 1283 (hex.).""]","[""sweat, perspire"",""shall reek with sweat"",""Aër.""]","[""ἶδος""]","[{""biblio"":"""",""quote"":""ἀφῐδρωσον""},{""biblio"":""Com.Adesp. | 3"",""quote"":""ἀφῐδρωσον Com.Adesp. 3""},{""biblio"":"""",""quote"":""-ώσω""},{""biblio"":""Il. | 2.388"",""quote"":""-ώσω Il. 2.388""},{""biblio"":"""",""quote"":""ἵδρωσα""},{""biblio"":""4.27"",""quote"":""ἵδρωσα 4.27""},{""biblio"":"""",""quote"":""ἵδρωκα""},{""biblio"":""Luc. | Merc. Cond. | 26"",""quote"":""ἵδρωκα Luc. Merc. Cond. 26""},{""biblio"":"""",""quote"":""ἵδρωται""},{""biblio"":""Id. | Herm. | 2"",""quote"":""ἵδρωται Id. Herm. 2""},{""biblio"":"""",""quote"":""τὸν δ' ἱδρώοντα""},{""biblio"":""Il. | 18.372"",""quote"":""τὸν δ' ἱδρώοντα Il. 18.372""},{""biblio"":"""",""quote"":""ἵππους λῦσαν . . ἱδρώοντας""},{""biblio"":""Od. | 4.39"",""quote"":""ἵππους λῦσαν . . ἱδρώοντας Od. 4.39""},{""biblio"":"""",""quote"":""ἤϊξε . . σπεύδους' ἱδρώουσα""},{""biblio"":""Il. | 11.119"",""quote"":""ἤϊξε . . σπεύδους' ἱδρώουσα Il. 11.119""},{""biblio"":"""",""quote"":""ἱδρῶ θ' ὃν ἵδρωσα μόγῳ""},{""biblio"":""4.27"",""quote"":""ἱδρῶ θ' ὃν ἵδρωσα μόγῳ 4.27""},{""biblio"":"""",""quote"":""ἱδρῶσαι""},{""biblio"":""Il. | 11.598"",""quote"":""ἱδρῶσαι Il. 11.598""},{""biblio"":"""",""quote"":""ἱδρῶσι""},{""biblio"":""Thphr. | Sud. | 36"",""quote"":""ἱδρῶσι Thphr. Sud. 36""},{""biblio"":"""",""quote"":""ἱδρῴη""},{""biblio"":""Hp."",""quote"":""ἱδρῴη Hp.""},{""biblio"":"""",""quote"":""ἱδροῦντι""},{""biblio"":""An. | 1.8.1"",""quote"":""ἱδροῦντι An. 1.8.1""},{""biblio"":"""",""quote"":""ἱδροῦσι""},{""biblio"":""Arist."",""quote"":""ἱδροῦσι Arist.""},{""biblio"":"""",""quote"":""-οντας""},{""biblio"":""Ar. | Pax | 1283"",""quote"":""-οντας Ar. Pax 1283""}]","[""4.27"",""An. | 1.8.1"",""Ar. | Pax | 1283"",""Arist."",""Com.Adesp. | 3"",""Hp."",""Id. | Herm. | 2"",""Il. | 11.119"",""Il. | 11.598"",""Il. | 18.372"",""Il. | 2.388"",""Luc. | Merc. Cond. | 26"",""Od. | 4.39"",""Thphr. | Sud. | 36""]",{},[],1,1,1,1,0,1,3,1,30
49930,10,287,n49930,ἵδρ-ῡμα,,τό,817,,"[""establishment, foundation, Ἰάσονος ἵ. Str. 6.1.1 , cf. Plu. Marc. 20 ; Ποιῆσσαν χαρίτων ἵ. Call. Aet. 3.1.73 ."",""temple, shrine, θεῶν Hdt. 8.144 , A. Ag. 339 , cf. Ch. 1036 , E. Ba. 951 , Pl. Lg. 717b , etc.;statue, δαιμόνων ἵ. A. Pers. 811 , cf. Arr. Epict. 2.22.17 ."",""τὸ σὸν ἵ. πόλεως the stay, support of thy city, of chieftains, E. Supp. 631 (lyr.). [ ἵδρῠμα Call. l.c. (s. v.l.);ῐ by nature, Lyc. 1032 .]""]","[""establishment, foundation"",""temple, shrine"",""statue"",""stay, support""]",[],"[{""biblio"":"""",""quote"":""Ἰάσονος ἵ.""},{""biblio"":""Str. | 6.1.1"",""quote"":""Ἰάσονος ἵ. Str. 6.1.1""},{""biblio"":"""",""quote"":""Ποιῆσσαν χαρίτων ἵ.""},{""biblio"":""Call. | Aet. | 3.1.73"",""quote"":""Ποιῆσσαν χαρίτων ἵ. Call. Aet. 3.1.73""},{""biblio"":"""",""quote"":""θεῶν""},{""biblio"":""Hdt. | 8.144"",""quote"":""θεῶν Hdt. 8.144""},{""biblio"":"""",""quote"":""δαιμόνων ἵ.""},{""biblio"":""A. | Pers. | 811"",""quote"":""δαιμόνων ἵ. A. Pers. 811""},{""biblio"":"""",""quote"":""ἵδρῠμα""},{""biblio"":""Call."",""quote"":""ἵδρῠμα Call.""}]","[""A. | Pers. | 811"",""Call."",""Call. | Aet. | 3.1.73"",""Hdt. | 8.144"",""Str. | 6.1.1""]",{},[],1,1,0,1,0,3,4,0,10
49931,10,288,n49931,ἵδρ-ῡσις,,ἡ,817,,"[""founding, foundation, esp. of temples, ἱερῶν -σεις Pl. R. 427b , cf. IG 22.337 (iv B.C.): abs., Pl. Lg. 909e ;ἕ. ξοάνων setting up of statues, D.H. 2.18 ; πόλεως ἵδρυσιν λαμβανούσης Plu. Rom. 9 ."",""Ἑρμέω ἱδρύσιες statues of Hermes, AP 6.253 ( Crin. )."",""settlement, abode, Str. 8.7.1 , Plu. 2.408a : metaph.,οὐκ ἔχειν ἵ.ib. 651d , etc. [ῠ only in later Poets,AP l.c.]""]","[""founding, foundation"",""setting up"",""statues"",""settlement, abode""]",[],"[{""biblio"":"""",""quote"":""ἱερῶν -σεις""},{""biblio"":""Pl. | R. | 427b"",""quote"":""ἱερῶν -σεις Pl. R. 427b""},{""biblio"":"""",""quote"":""πόλεως ἵδρυσιν λαμβανούσης""},{""biblio"":""Plu. | Rom. | 9"",""quote"":""πόλεως ἵδρυσιν λαμβανούσης Plu. Rom. 9""}]","[""Pl. | R. | 427b"",""Plu. | Rom. | 9""]",{},[],1,1,0,1,0,3,4,0,4
49932,10,289,n49932,ἱδρ-ῡτέον,,,817,,"[""one must set up, of a statue, Ar. Pax 923 , Max.Tyr. 8 tit."",""intr.,οὐχ ἱ. one must not sit idle, S. Aj. 809 .""]","[""one must set up"",""one must"",""sit idle""]",[],[],[],{},[],1,1,0,0,0,2,3,0,0
49933,10,290,n49933,ἱδρ-ύω,,,817,,"[""ἵδρῡσα Il. 15.142 , E. Ba. 1070 :pf. ἵδρῡκα(καθ-) Arist. PA 665b20 :— Med. ,fut. -ύσομαι E. Heracl. 397 , Ar. Pl. 1198 :aor. ἱδρῡσάμην Hdt. 6.105 , Anacr. 104 , Ar. Pl. 1153 :— Pass. ,fut. ἱδρυθήσομαι D.H. Comp. 6 :aor. ἱδρύθην Ar. Fr. 245 , etc.; freq. written ἱδρύνθην in codd., as Il. 3.78 , Hp. Coac. 309 , A.R. 3.1269 :pf. ἵδρῡμαι, used both in pass. and med. sense (v. sub fin.). [ῐ by nature, E. Ba. 1070 , Ar. Fr. 26 D. , etc., but freq. lengthd. by position, E. Hipp. 639 , Ar. Pl. 1153 , etc.:ῡ by nature, even in ἱδρύεται E. Heracl. 786 ; but ἵδρῠε Il. 2.191 ; καθίδρῠε Od. 20.257 :ῡ in fut.and aor. 1, exc. in late Poets, as AP 7.109 (ἐν-, < D.L. >), Man. 3.80 (dub.), Arch.Pap. 2.570 , Nonn. D. 4.22 :pf. Pass. ἵδρῡμαι A. Supp. 413 , E. Heracl. 19 , Hel. 820 , Theoc. 17.21 , etc.:—make to sit down, seat, αὐτός τε κάθησο καὶ ἄλλους ἵδρυε λαούς Il. 2.191 ; ἵδρυσε θρόνῳ ἔνι θοῦρον Ἄρηα 15.142 , cf. Od. 3.37 ; ἱ. τινὰ εἰς θρόνους E. Ion 1573 ; ὄζων ἔπι Id. Ba. 1070 ;ἵδρυσε τὴν στρατιὴν ἐπὶ ποταμῷ encamped the army, Hdt. 4.124 , cf. Th. 4.104 :— Pass. ,to be seated, sit still, τοὶ δ' ἱδρύνθησαν ἅπαντες Il. 3.78 ; κατ' οἶκον ἵδρυται γυνή E. Hipp. 639 ; of an army,lie encamped, Hdt. 4.203 ,al., Th. 7.77 , al.;Πελοπόννησος ἀσφαλέως ἱδρυμένη secure, Hdt. 6.86 . ά; ἐν θεῶν ἕδραισιν ὧδ' ἱδρυμένας A. Supp. 413 ;ἡ στρατιὰ βεβαίως ἔδοξεν ἱδρῦσθαι seemed to have got a firm footing, Th. 8.40 ; ἱ. ἐπὶ τῶν ἵππων Ael. Tact. 2.4 ."",""settle persons in a place, εἰς τόνδε δόμον E. Alc. 841 ;ἐν τοῖς ἀστοῖσιν Ἄρη ἐμφύλιον ἱ. to give a footing to, i.e.excite, intestine war, A. Eu. 862 ; ἱ. πολλοὺς ἐν πόλει Plu. Pomp. 28 :— Pass. ,to be settled, Hdt. 8.73 ;ποῦ κλύεις νιν ἱδρῦσθαι χθονός; S. Tr. 68 ; ἐς Κολωνὰς ἱδρυθείς Th. 1.131 ; μεταξὺ φρενῶν ὀμφαλοῦ τε ἱδρῦσθαι Pl. Ti. 77b ; of local diseases, πόνος ἐς στῆθος ἱδρυνθείς Hp. Coac. 309 ; τὸ ἐν κεφαλῇ . . ἱδρυθὲν κακόν Th. 2.49 ."",""Med. ,establish, τινὰ ἄνακτα γῆς E. Ph. 1008 ; τινὰ ἐς οἶκόν τινος Id. Hel. 46 ;ἱδρύσασθαι τοὺς βίους to choose settled modes of life, D.H. 1.68 ; ἱ. οἴκησιν Pl. Smp. 195e ."",""pf. Pass. ἵδρυμαι, of places,to be situated, lie, of a city, Hdt. 2.59 , cf. A. Pers. 231 , Pl. Lg. 745b ."",""Pass. ,settle down, become quiet, Hp. Epid. 3.17 .ιέ."",""set up, found, esp. in Med. ,dedicate temples, statues, etc., Anacr. 104 , Simon. 140 , etc.; Πανὸς ἱρόν Hdt. 6.105 , cf. 1.105 , al.; βρέτας E. IT 1453 ; βωμούς Pl. Prt. 322a , al.;ἱδρύσασθαι [ἑρμῆν]set up a statue of H., Ar. Pl. 1153 ; Εἰρήνην Id. Pax 1091 : also c. dat., τὴν δαίμον' ἢν ἀνήγαγον ἐς τὴν ἀγορὰν ἄγων ἱδρύσωμαι βοί̈ Id. Fr. 26D. :— Pass. , ἐξ οὗ τὸ ἱρὸν ἵδρυται Hdt. 2.44 , cf. 1.172 ; βωμὸς -ύθη Ar. Fr. 245 ; [ Πλοῦτος] -υμένος Id. Pl. 1192 ; at Athens,ἥρωες κατὰ πόλιν ἱδρυμένοι the heroes who had statues erected to them, Lycurg. 1 :pf. Pass. in med. sense, Hdt. 2.42 , Men. 202 .""]","[""make to sit down, seat"",""encamped"",""to be seated, sit still"",""lie encamped"",""secure"",""to have got a"",""footing"",""settle"",""to give a footing to"",""excite"",""to be settled"",""establish"",""to choose settled"",""to be situated, lie"",""settle down, become quiet"",""set up, found"",""dedicate"",""set up a statue of"",""who had statues erected to them""]","[""καθ-"",""καθ-""]","[{""biblio"":"""",""quote"":""ἵδρῡσα""},{""biblio"":""Il. | 15.142"",""quote"":""ἵδρῡσα Il. 15.142""},{""biblio"":"""",""quote"":""-ύσομαι""},{""biblio"":""E. | Heracl. | 397"",""quote"":""-ύσομαι E. Heracl. 397""},{""biblio"":"""",""quote"":""ἱδρῡσάμην""},{""biblio"":""Hdt. | 6.105"",""quote"":""ἱδρῡσάμην Hdt. 6.105""},{""biblio"":"""",""quote"":""ἱδρυθήσομαι""},{""biblio"":""D.H. | Comp. | 6"",""quote"":""ἱδρυθήσομαι D.H. Comp. 6""},{""biblio"":"""",""quote"":""ἱδρύθην""},{""biblio"":""Ar. | Fr. | 245"",""quote"":""ἱδρύθην Ar. Fr. 245""},{""biblio"":"""",""quote"":""ἱδρύεται""},{""biblio"":""E. | Heracl. | 786"",""quote"":""ἱδρύεται E. Heracl. 786""},{""biblio"":"""",""quote"":""ἵδρῠε""},{""biblio"":""Il. | 2.191"",""quote"":""ἵδρῠε Il. 2.191""},{""biblio"":"""",""quote"":""καθίδρῠε""},{""biblio"":""Od. | 20.257"",""quote"":""καθίδρῠε Od. 20.257""},{""biblio"":"""",""quote"":""ἵδρῡμαι""},{""biblio"":""A. | Supp. | 413"",""quote"":""ἵδρῡμαι A. Supp. 413""},{""biblio"":"""",""quote"":""αὐτός τε κάθησο καὶ ἄλλους ἵδρυε λαούς""},{""biblio"":""Il. | 2.191"",""quote"":""αὐτός τε κάθησο καὶ ἄλλους ἵδρυε λαούς Il. 2.191""},{""biblio"":"""",""quote"":""ἵδρυσε θρόνῳ ἔνι θοῦρον Ἄρηα""},{""biblio"":""15.142"",""quote"":""ἵδρυσε θρόνῳ ἔνι θοῦρον Ἄρηα 15.142""},{""biblio"":"""",""quote"":""ἱ. τινὰ εἰς θρόνους""},{""biblio"":""E. | Ion | 1573"",""quote"":""ἱ. τινὰ εἰς θρόνους E. Ion 1573""},{""biblio"":"""",""quote"":""ὄζων ἔπι""},{""biblio"":""Id. | Ba. | 1070"",""quote"":""ὄζων ἔπι Id. Ba. 1070""},{""biblio"":"""",""quote"":""τοὶ δ' ἱδρύνθησαν ἅπαντες""},{""biblio"":""Il. | 3.78"",""quote"":""τοὶ δ' ἱδρύνθησαν ἅπαντες Il. 3.78""},{""biblio"":"""",""quote"":""κατ' οἶκον ἵδρυται γυνή""},{""biblio"":""E. | Hipp. | 639"",""quote"":""κατ' οἶκον ἵδρυται γυνή E. Hipp. 639""},{""biblio"":"""",""quote"":""ά; ἐν θεῶν ἕδραισιν ὧδ' ἱδρυμένας""},{""biblio"":""A. | Supp. | 413"",""quote"":""ά; ἐν θεῶν ἕδραισιν ὧδ' ἱδρυμένας A. Supp. 413""},{""biblio"":"""",""quote"":""ἱ. ἐπὶ τῶν ἵππων""},{""biblio"":""Ael. | Tact. | 2.4"",""quote"":""ἱ. ἐπὶ τῶν ἵππων Ael. Tact. 2.4""},{""biblio"":"""",""quote"":""εἰς τόνδε δόμον""},{""biblio"":""E. | Alc. | 841"",""quote"":""εἰς τόνδε δόμον E. Alc. 841""},{""biblio"":"""",""quote"":""ἱ. πολλοὺς ἐν πόλει""},{""biblio"":""Plu. | Pomp. | 28"",""quote"":""ἱ. πολλοὺς ἐν πόλει Plu. Pomp. 28""},{""biblio"":"""",""quote"":""ἐς Κολωνὰς ἱδρυθείς""},{""biblio"":""Th. | 1.131"",""quote"":""ἐς Κολωνὰς ἱδρυθείς Th. 1.131""},{""biblio"":"""",""quote"":""μεταξὺ φρενῶν ὀμφαλοῦ τε ἱδρῦσθαι""},{""biblio"":""Pl. | Ti. | 77b"",""quote"":""μεταξὺ φρενῶν ὀμφαλοῦ τε ἱδρῦσθαι Pl. Ti. 77b""},{""biblio"":"""",""quote"":""πόνος ἐς στῆθος ἱδρυνθείς""},{""biblio"":""Hp. | Coac. | 309"",""quote"":""πόνος ἐς στῆθος ἱδρυνθείς Hp. Coac. 309""},{""biblio"":"""",""quote"":""τὸ ἐν κεφαλῇ . . ἱδρυθὲν κακόν""},{""biblio"":""Th. | 2.49"",""quote"":""τὸ ἐν κεφαλῇ . . ἱδρυθὲν κακόν Th. 2.49""},{""biblio"":"""",""quote"":""τινὰ ἄνακτα γῆς""},{""biblio"":""E. | Ph. | 1008"",""quote"":""τινὰ ἄνακτα γῆς E. Ph. 1008""},{""biblio"":"""",""quote"":""τινὰ ἐς οἶκόν τινος""},{""biblio"":""Id. | Hel. | 46"",""quote"":""τινὰ ἐς οἶκόν τινος Id. Hel. 46""},{""biblio"":"""",""quote"":""ἱ. οἴκησιν""},{""biblio"":""Pl. | Smp. | 195e"",""quote"":""ἱ. οἴκησιν Pl. Smp. 195e""},{""biblio"":"""",""quote"":""Πανὸς ἱρόν""},{""biblio"":""Hdt. | 6.105"",""quote"":""Πανὸς ἱρόν Hdt. 6.105""},{""biblio"":"""",""quote"":""βρέτας""},{""biblio"":""E. | IT | 1453"",""quote"":""βρέτας E. IT 1453""},{""biblio"":"""",""quote"":""βωμούς""},{""biblio"":""Pl. | Prt. | 322a"",""quote"":""βωμούς Pl. Prt. 322a""},{""biblio"":"""",""quote"":""Εἰρήνην""},{""biblio"":""Id. | Pax | 1091"",""quote"":""Εἰρήνην Id. Pax 1091""},{""biblio"":"""",""quote"":""τὴν δαίμον' ἢν ἀνήγαγον ἐς τὴν ἀγορὰν ἄγων ἱδρύσωμαι βοί̈""},{""biblio"":""Id. | Fr. | 26D."",""quote"":""τὴν δαίμον' ἢν ἀνήγαγον ἐς τὴν ἀγορὰν ἄγων ἱδρύσωμαι βοί̈ Id. Fr. 26D.""},{""biblio"":"""",""quote"":""ἐξ οὗ τὸ ἱρὸν ἵδρυται""},{""biblio"":""Hdt. | 2.44"",""quote"":""ἐξ οὗ τὸ ἱρὸν ἵδρυται Hdt. 2.44""},{""biblio"":"""",""quote"":""βωμὸς -ύθη""},{""biblio"":""Ar. | Fr. | 245"",""quote"":""βωμὸς -ύθη Ar. Fr. 245""},{""biblio"":"""",""quote"":""Πλοῦτος] -υμένος""},{""biblio"":""Id. | Pl. | 1192"",""quote"":""Πλοῦτος] -υμένος Id. Pl. 1192""}]","[""15.142"",""A. | Supp. | 413"",""Ael. | Tact. | 2.4"",""Ar. | Fr. | 245"",""D.H. | Comp. | 6"",""E. | Alc. | 841"",""E. | Heracl. | 397"",""E. | Heracl. | 786"",""E. | Hipp. | 639"",""E. | IT | 1453"",""E. | Ion | 1573"",""E. | Ph. | 1008"",""Hdt. | 2.44"",""Hdt. | 6.105"",""Hp. | Coac. | 309"",""Id. | Ba. | 1070"",""Id. | Fr. | 26D."",""Id. | Hel. | 46"",""Id. | Pax | 1091"",""Id. | Pl. | 1192"",""Il. | 15.142"",""Il. | 2.191"",""Il. | 3.78"",""Od. | 20.257"",""Pl. | Prt. | 322a"",""Pl. | Smp. | 195e"",""Pl. | Ti. | 77b"",""Plu. | Pomp. | 28"",""Th. | 1.131"",""Th. | 2.49""]",{},[],1,1,1,1,0,6,19,2,68
49934,10,291,n49934,ἵδρωα,,τά,817,,"[""heat-spots, pustules, Hp. Aph. 3.21 , cf. Gal.adloc."",""v. ἱδρώιον .""]","[""heat-spots, pustules""]","[""ἱδρώς""]",[],[],{},"[{""type"":""ref"",""target"":"""",""text"":""ἱδρώιον""},{""type"":"""",""target"":"""",""text"":""v. ἱδρώιον""}]",1,1,1,0,1,2,1,1,0
49935,10,292,n49935,ἱδρ-ώδης,,,817,,"[""accompanied by perspiration, Hp. Epid. 5.73 , 7.51 .""]","[""accompanied by perspiration""]",[],[],[],{},[],1,1,0,0,0,1,1,0,0
49936,10,293,n49936,ἱδρ-ώεις,,,817,,"[""causing sweat, πόνος B. 12.57 .""]","[""causing sweat""]",[],"[{""biblio"":"""",""quote"":""πόνος""},{""biblio"":""B. | 12.57"",""quote"":""πόνος B. 12.57""}]","[""B. | 12.57""]",{},[],1,1,0,1,0,1,1,0,2
49937,10,294,n49937,ἱδρ-ώιον,,τό,817,,"[""cloth for wiping perspiration, as a piece of harness,PLond. ined. 2383 B (iii B.C.), PSI 5.527 (iii B.C.), dub. in PTeb. 116.34 (ii B.C.).""]","[""cloth for wiping perspiration"",""PLond. ined.""]",[],[],[],{},[],1,1,0,0,0,1,2,0,0
49938,10,295,n49938,ἱδρ-ώς,,ὁ,817,,"[""ἱδρῶ 11.621 , 22.2 , cf. A.R. 2.87 , 4.656 : (ἶδος):— sweat, Hom. (v. infr.), etc.; μετὰ ἱδρῶτος Pl. R. 350d ; κατὰ δ' ἱ. ἔρρεεν ἐκ μελέων Od. 11.599 ; ἱ. ἀνῄει χρωτί S. Tr. 767 ;στάζειν ἱδρῶτι(v.στάζω) ; ῥέεσθαι ἱδρῶτι Plu. Cor. 3 ; of sweat as the sign of toil, τῆς ἀρετῆς ἱδρῶτα θεοὶ προπάροιθεν ἔθηκαν Hes. Op. 289 ; ἱδρῶτα παρέχειν X. Cyr. 2.1.29 : pl., Hp. Aph. 4.36 , Arist. Pr. 867a13 , etc.;ἱδρῶτες ξηροί, opp. the effect of baths, Pl. Phdr. 239c ."",""exudation of trees,gum, resin, σμύρνης E. Ion 1175 ;δρυός Ion Trag. 40 ;Βρομιάδος ἱδρῶτα πηγῆς, of wine, Antiph. 52.12 ."",""metaph.,anything earned by the sweat of one's brow, οὐ γὰρ τὸν ἐμὸν ἱδρῶτα . . ἐκβαλῶ Ar. Ec. 750 , cf. Chor. p.270 B. (pl.). [ῑ in Ep. and Lyr.:ῐ in E.l.c.] (Cf.ἰδίω.)""]","[""sweat"",""sweat"",""exudation"",""gum, resin"",""anything earned by the sweat of one's brow""]","[""ἶδος""]","[{""biblio"":"""",""quote"":""ἱδρῶ""},{""biblio"":""11.621"",""quote"":""ἱδρῶ 11.621""},{""biblio"":"""",""quote"":""μετὰ ἱδρῶτος""},{""biblio"":""Pl. | R. | 350d"",""quote"":""μετὰ ἱδρῶτος Pl. R. 350d""},{""biblio"":"""",""quote"":""κατὰ δ' ἱ. ἔρρεεν ἐκ μελέων""},{""biblio"":""Od. | 11.599"",""quote"":""κατὰ δ' ἱ. ἔρρεεν ἐκ μελέων Od. 11.599""},{""biblio"":"""",""quote"":""ἱ. ἀνῄει χρωτί""},{""biblio"":""S. | Tr. | 767"",""quote"":""ἱ. ἀνῄει χρωτί S. Tr. 767""},{""biblio"":"""",""quote"":""; ῥέεσθαι ἱδρῶτι""},{""biblio"":""Plu. | Cor. | 3"",""quote"":""; ῥέεσθαι ἱδρῶτι Plu. Cor. 3""},{""biblio"":"""",""quote"":""τῆς ἀρετῆς ἱδρῶτα θεοὶ προπάροιθεν ἔθηκαν""},{""biblio"":""Hes. | Op. | 289"",""quote"":""τῆς ἀρετῆς ἱδρῶτα θεοὶ προπάροιθεν ἔθηκαν Hes. Op. 289""},{""biblio"":"""",""quote"":""ἱδρῶτα παρέχειν""},{""biblio"":""X. | Cyr. | 2.1.29"",""quote"":""ἱδρῶτα παρέχειν X. Cyr. 2.1.29""},{""biblio"":"""",""quote"":""σμύρνης""},{""biblio"":""E. | Ion | 1175"",""quote"":""σμύρνης E. Ion 1175""},{""biblio"":"""",""quote"":""οὐ γὰρ τὸν ἐμὸν ἱδρῶτα . . ἐκβαλῶ""},{""biblio"":""Ar. | Ec. | 750"",""quote"":""οὐ γὰρ τὸν ἐμὸν ἱδρῶτα . . ἐκβαλῶ Ar. Ec. 750""}]","[""11.621"",""Ar. | Ec. | 750"",""E. | Ion | 1175"",""Hes. | Op. | 289"",""Od. | 11.599"",""Pl. | R. | 350d"",""Plu. | Cor. | 3"",""S. | Tr. | 767"",""X. | Cyr. | 2.1.29""]",{},[],1,1,1,1,0,3,5,1,18
49939,10,296,n49939,ἵδρ-ωσις,,ἡ,817,,"[""sweating, Philostr. Jun. Im. 11 (s. v.l.), Olymp. in Mete. 103.5 .""]","[""sweating""]",[],[],[],{},[],1,1,0,0,0,1,1,0,0
49940,10,297,n49940,ἱδρ-ώσσω,,,817,,"[""= ἱδρόω , Gal. 16.778 , Sch. Ar. Ra. 238 .""]",[],[],[],[],{},"[{""type"":""ref"",""target"":"""",""text"":""ἱδρόω""},{""type"":"""",""target"":"""",""text"":""= ἱδρόω""}]",1,0,0,0,1,1,0,0,0
49941,10,298,n49941,ἱδρ-ωτάρια,,τά,817,,"[""ἱδρ-ωτάρια,τά,=ἵδρωα, Orib. Fr. 117 .""]",[],[],[],[],{},[],1,0,0,0,0,1,0,0,0
49942,10,299,n49942,ἱδρ-ωτήριον,,τό,817,,"[""sudatorium, Gloss. : pl.,sudorifics, Paul.Aeg. 3.74 .""]","[""sudatorium,"",""sudorifics""]",[],[],[],{},[],1,1,0,0,0,1,2,0,0
49943,10,300,n49943,ἱδρ-ωτίδες,,αἱ,817,,"[""ἱδρ-ωτίδες,αἱ,=ἵδρωα, Steph. in Hp. 2.370 D.""]",[],[],[],[],{},[],1,0,0,0,0,1,0,0,0
49944,10,301,n49944,ἱδρ-ωτικός,Adv.,,817,,"[""sudorific, Hp. Vict. 3.72 , Orib. 2.58.78 ; δύναμις Gal. 11.711 ."",""apt to perspire, Thphr. Sud. 36 , Gal. 14.290 ( Comp. ).Adv. Comp. -κωτέρως, διακεῖσθαι Arist. Pr. 870b7 .""]","[""sudorific"",""apt to perspire""]",[],"[{""biblio"":"""",""quote"":""δύναμις""},{""biblio"":""Gal. | 11.711"",""quote"":""δύναμις Gal. 11.711""},{""biblio"":"""",""quote"":""-κωτέρως, διακεῖσθαι""},{""biblio"":""Arist. | Pr. | 870b7"",""quote"":""-κωτέρως, διακεῖσθαι Arist. Pr. 870b7""}]","[""Arist. | Pr. | 870b7"",""Gal. | 11.711""]",{},[],1,1,0,1,0,2,2,0,4
49945,10,302,n49945,ἱδρ-ώτιον,,τό,817,,"[""ἱδρ-ώτιον,τό, Dim. of ἱδρώς, Hp. Epid. 7.5 .""]",[],[],[],[],{},[],1,0,0,0,0,1,0,0,0
49946,10,303,n49946,ἱδρ-ωτοειδῶς,Adv.,,817,,"[""after the manner of sweat, κενοῦσθαι Steph. in Hp. 1.112 D.""]","[""after the manner of sweat""]",[],"[{""biblio"":"""",""quote"":""κενοῦσθαι""},{""biblio"":""Steph. | in Hp. | 1.112"",""quote"":""κενοῦσθαι Steph. in Hp. 1.112""}]","[""Steph. | in Hp. | 1.112""]",{},[],1,1,0,1,0,1,1,0,2
49947,10,304,n49947,ἱδρωτοποι-έω,,ἡ,817,,"[""induce perspiration, Orib. Fr. 128 :— Pass. ,to be made to perspire, Arist. Pr. 870b31 : hence ἱδρωτοποι-ποιί̈α,ἡ, ib. 38 (pl.), Philum. Ven. 4.9 , Paul.Aeg. 5.3 .""]","[""induce perspiration"",""to be made to perspire""]",[],[],[],{},[],1,1,0,0,0,1,2,0,0
49948,10,305,n49948,ἱδρωτοποι-ός,,,817,,"[""sudorific, Dsc. 3.68 , Philum. ap. Aët. 9.12 .""]","[""sudorific""]",[],[],[],{},[],1,1,0,0,0,1,1,0,0
49949,10,306,n49949,ἰδύβολαι:,,,817,,"[""ἰδύβολαι: προφαίνεται, Hsch.""]",[],[],[],[],{},[],1,0,0,0,0,1,0,0,0
49950,10,307,n49950,ἰδυῖα,,ἡ,817,,"[""v. εἴδω .""]",[],[],[],[],{},"[{""type"":""ref"",""target"":"""",""text"":""εἴδω""},{""type"":"""",""target"":"""",""text"":""v. εἴδω""}]",1,0,0,0,1,1,0,0,0
49951,10,308,n49951,ἰδυῖοι,,,817,,"[""= συνίστορες, μάρτυρες , Lex Solon. ap. Ar. Fr. 222 , Paus.Gr. Fr. 151 ;=οἱ τὰς φονικὰς δίκας κρίνοντες, Hsch. ; cf.βιδιαῖοι.""]",[],[],[],[],{},"[{""type"":""ref"",""target"":"""",""text"":""συνίστορες, μάρτυρες""},{""type"":"""",""target"":"""",""text"":""= συνίστορες, μάρτυρες""}]",1,0,0,0,1,1,0,0,0
49952,10,309,n49952,ἰδύλευμα:,,ὁ,817,,"[""ἰδύλευμα: μάθημα, Hsch. ἰδυλιτρίχες, sine expl., Id.ἰδυναγής: μάντις, Id.ἶδυξ,υκος,ὁ,=ἴκτις, Alex.Mynd. ap. Hdn.Gr. 1.44 .""]",[],[],[],[],{},[],1,0,0,0,0,1,0,0,0
49953,10,310,n49953,ἰέ,,,817,,"[""b) J.""]","[""b""]",[],[],[],{},[],1,1,0,0,0,1,1,0,0
49954,10,311,n49954,ἴε,Adv.,,817,,"[""ibo); also as imper., Hsch. ἵει, Ion. and Att. 3 sg. impf.of ἵημι.ἱεί̈ας: τὰς κυρίας, οἰκογενεῖς, Hsch. ἰείη, Ep. for ἴοι,3 sg. pres.opt. of εἶμι(ibo).ἴελος, = ἴλεος (i.e.εἰλ-), Id.ἱέμεν,ἱέμεναι, Ep. pres. inf.of ἵημι:ἱέμενος,pres. part. Pass. :—hence Adv. ἱεμένως,eagerly,Sch.A.R. 3.890 .ἵεν, Ep. 3 pl. impf.of ἵημι.""]","[""ibo"",""ibo"",""eagerly""]",[],[],[],{},"[{""type"":""ref"",""target"":"""",""text"":""ἴλεος""},{""type"":"""",""target"":"""",""text"":""= ἴλεος""}]",1,1,0,0,1,1,3,0,0
49955,10,312,n49955,ἱερά,,ἡ,817,,"[""serpent, v.l. for ἱερόν , Arist. HA 607a31 ."",""a name for many medicines in the Greek pharmacopoeia, Gal. 13.126 , al.; of a plaster, ib. 778 ; esp. of aloes, Id. 6.354 ; ἱερὰ πικρά Id. 13.129 ."",""v. ἱερός .""]","[""serpent""]",[],"[{""biblio"":"""",""quote"":""ἱερὰ πικρά""},{""biblio"":""Id. | 13.129"",""quote"":""ἱερὰ πικρά Id. 13.129""}]","[""Id. | 13.129""]",{},"[{""type"":""ref"",""target"":"""",""text"":""ἱερόν""},{""type"":"""",""target"":"""",""text"":""v.l. for ἱερόν""},{""type"":""ref"",""target"":"""",""text"":""ἱερός""},{""type"":"""",""target"":"""",""text"":""v. ἱερός""}]",1,1,0,1,1,3,1,0,2
49956,10,313,n49956,ἱερ-άγγελος,,ὁ,817,,"[""one who proclaims a festival, Hsch.""]","[""one who proclaims a festival""]",[],[],[],{},[],1,1,0,0,0,1,1,0,0
49957,10,314,n49957,ἱερ-ᾱγέω,,,817,,"[""carry offerings, Sammelb. 6753a (iii B.C.).""]","[""carry offerings,""]",[],[],[],{},[],1,1,0,0,0,1,1,0,0
49958,10,315,n49958,ἱερ-ᾰγωγός,Subst.,,817,,"[""carrying offerings, μύσται Hedyl. ap. Ath. 11.497d ; ναῦς Plb. 31.12.11 ; ἄνδρες D.H. 16.3 : as Subst., Inscr.Délos 291b8 (iii B.C.), IG 12(1).1035 (Carpathos), 12(8).190.45 (Samothrace).""]","[""carrying offerings""]",[],"[{""biblio"":"""",""quote"":""μύσται""},{""biblio"":""Hedyl."",""quote"":""μύσται Hedyl.""},{""biblio"":"""",""quote"":""ναῦς""},{""biblio"":""Plb. | 31.12.11"",""quote"":""ναῦς Plb. 31.12.11""},{""biblio"":"""",""quote"":""ἄνδρες""},{""biblio"":""D.H. | 16.3"",""quote"":""ἄνδρες D.H. 16.3""}]","[""D.H. | 16.3"",""Hedyl."",""Plb. | 31.12.11""]",{},[],1,1,0,1,0,1,1,0,6
49959,10,316,n49959,ἱερ-άζω,,,817,,"[""serve as priest,τοῖς Διοσκόροις ib. 12(5).129.56 (Paros); τῷ Ἀσκληπιῷ SIG 2588.43 (Delos,ii B.C.): also c. gen.,τοῦ Ἀσκλ. ib. 45 : abs., IG 12(7).237.27 (Amorgos):— Boeot. ἱαρειάδδω ib. 7.3169 (Orchom.):aor. part. ἱαρειάξασα ib. 1816.2 (Leuctra,iv/iii B.C.), 2876.3 (Coronea,ii B.C.), BCH 50.409 , al.(Thespiae);ἱερεάξασα ib. 26.292 (ibid.).""]","[""serve as priest""]",[],"[{""biblio"":"""",""quote"":""τῷ Ἀσκληπιῷ""},{""biblio"":""SIG | 2588.43"",""quote"":""τῷ Ἀσκληπιῷ SIG 2588.43""}]","[""SIG | 2588.43""]",{},[],1,1,0,1,0,1,1,0,2
49960,10,317,n49960,ἱερᾱκ-άριος,,ὁ,817,,"[""ἱερᾱκ-άριος[ῐε],ὁ ,=ἱερακοτρόφος, Cat.Cod.Astr. 8(4).217 .""]",[],[],[],[],{},[],1,0,0,0,0,1,0,0,0
49961,10,318,n49961,ἱερᾱκ-εῖον,,τό,817,,"[""shrine of the hawk, PTeb. 5.70 (ii B.C.).""]","[""shrine of the hawk,""]",[],[],[],{},[],1,1,0,0,0,1,1,0,0
49962,10,319,n49962,ἱερᾱ́κ-ειος,,,817,,"[""of a hawk, πρόσωπον Porph. ap. Eus. PE 3.12 .""]","[""of a hawk""]",[],"[{""biblio"":"""",""quote"":""πρόσωπον""},{""biblio"":""Porph."",""quote"":""πρόσωπον Porph.""}]","[""Porph.""]",{},[],1,1,0,1,0,1,1,0,2
49963,10,320,n49963,ἱερᾱκ-ία,,,817,,"[""ἱεράκιον 1 , Horap. 1.6 .""]",[],[],"[{""biblio"":"""",""quote"":""ἱεράκιον""},{""biblio"":""1"",""quote"":""ἱεράκιον 1""}]","[""1""]",{},[],1,0,0,1,0,1,0,0,2
49964,10,321,n49964,ἱερᾱκ-ιάς,,ἡ,817,,"[""ἱερᾱκ-ιάς,άδος,ἡ,= foreg., Alex.Trall. 2 .""]",[],[],[],[],{},[],1,0,0,0,0,1,0,0,0
49965,10,322,n49965,ἱερᾱκ-ῐδεύς,,ὁ,817,,"[""young hawk, eyass, Eust. 753.56 .""]","[""young hawk, eyass""]",[],[],[],{},[],1,1,0,0,0,1,1,0,0
49966,10,323,n49966,ἱερᾱκ-ίδιον,,τό,817,,"[""statuette of a hawk, Roussel Cultes Egyptiens 219 (Delos,ii B.C.).""]","[""statuette of a hawk"",""Cultes Egyptiens""]",[],[],[],{},[],1,1,0,0,0,1,2,0,0
49967,10,324,n49967,ἱερᾱκ-ίζω,,,817,,"[""behave like a hawk, Thphr. Sign. 16 , Arist. Fr. 253 .""]","[""behave like a hawk""]",[],[],[],{},[],1,1,0,0,0,1,1,0,0
49968,10,325,n49968,ἱερᾱ́κ-ιον,,τό,817,,"[""hawk-weed:ἱ. τὸ μέγα,=Urospermum picroides,ἱ. τὸ μικρόν,=Hymenonema graecum, Ps.- Dsc. 3.64 ."",""a compound eyesalve, Gal. 12.783 .""]","[""hawk-weed"",""Urospermum picroides"",""Hymenonema graecum"",""a compound eyesalve""]",[],[],[],{},[],1,1,0,0,0,2,4,0,0
49969,10,326,n49969,ἱερᾱκ-ίσκος,,ὁ,817,,"[""ἱερᾱκ-ίσκος,ὁ, Dim. of ἱέραξ, Ar. Av. 1112 .""]",[],[],[],[],{},[],1,0,0,0,0,1,0,0,0
49970,10,327,n49970,ἱερᾱκ-ιστί,Adv.,,817,,"[""in hawks' language, PMag.Leid.W. 2.42 .""]","[""in hawks' language,""]",[],[],[],{},[],1,1,0,0,0,1,1,0,0
49971,10,328,n49971,ἱερᾱκ-ίτης,,ὁ,817,,"[""stone of the colour of a hawk's neck, Plin. HN 37.167 , Gal. 12.207 , PMag.Par. 2.221 ."",""= ἱεράκιον 1 , ib. 1.901 .""]","[""stone of the colour of a hawk's neck""]",[],[],[],{},"[{""type"":""ref"",""target"":"""",""text"":""ἱεράκιον""},{""type"":"""",""target"":"""",""text"":""= ἱεράκιον""}]",1,1,0,0,1,2,1,0,0
49972,10,329,n49972,ἱερᾱκο-βοσκός,,ὁ,817,,"[""hawk-feeder, falconer, PPetr. 3p.239 (iii B.C.), Ael. NA 7.9 .""]","[""hawk-feeder, falconer,""]",[],[],[],{},[],1,1,0,0,0,1,1,0,0
49973,10,330,n49973,ἱερᾱκο-κτόνος,,,817,,"[""hawk-killing, Hsch. s.v. φαβοκτόνος .""]","[""hawk-killing""]",[],[],[],{},"[{""type"":""ref"",""target"":"""",""text"":""φαβοκτόνος""},{""type"":"""",""target"":"""",""text"":""s.v. φαβοκτόνος""}]",1,1,0,0,1,1,1,0,0
49974,10,331,n49974,ἱερᾱκό-μορφος,,,817,,"[""hawk-shaped, of the Egyptian god Phrê (the Sun), represented with a hawk's head, Ph.Bybl. ap. Eus. PE 1.10 , Horap. 1.6 , S.E. P. 3.219 , PMag.Leid.W. 9.43 .""]","[""hawk-shaped""]",[],[],[],{},[],1,1,0,0,0,1,1,0,0
49975,10,332,n49975,ἱερᾱκο-πόδιον,,τό,817,,"[""ἱερᾱκο-πόδιον,τό,=λυχνὶς ἀγρία, Ps.- Dsc. 3.101 .""]",[],[],[],[],{},[],1,0,0,0,0,1,0,0,0
49976,10,333,n49976,ἱερᾱκο-πρόσωπος,,,817,,"[""hawk-faced, PMag. Leid.W. 1.39 , Porph. ap. Eus. PE 3.12 .""]","[""hawk-faced, PMag. Leid.W.""]",[],[],[],{},[],1,1,0,0,0,1,1,0,0
49977,10,334,n49977,ἱερᾱκο-τάφος,,ὁ,817,,"[""one who buries sacred hawks, PStrassb. 91.5 (i B.C.), etc.""]","[""one who buries sacred hawks,""]",[],[],[],{},[],1,1,0,0,0,1,1,0,0
49978,10,335,n49978,ἱερᾱκο-τρόφος,,,817,,"[""pupil of Hierax, Eun. Hist. p.268 D.""]","[""pupil of Hierax""]",[],[],[],{},[],1,1,0,0,0,1,1,0,0
49979,10,336,n49979,ἱερᾱκώδης,,,817,,"[""hawk-like, Eun. Hist. p.206 D.""]","[""hawk-like""]",[],[],[],{},[],1,1,0,0,0,1,1,0,0
49980,10,337,n49980,ἱεράμοιβοι:,,,817,,"[""ἱεράμοιβοι: προφῆται θεῶν, Hsch.""]",[],[],[],[],{},[],1,0,0,0,0,1,0,0,0
49981,10,338,n49981,ἱερανθεσία,,ἡ,817,,"[""dedication, i.e.manumission, IG 9 ( 1 ). 193.31 ,al.""]","[""dedication"",""manumission,""]",[],[],[],{},[],1,1,0,0,0,1,2,0,0
49982,10,339,n49982,ἱερᾱνομέω,,,817,,"[""hold office as commissioner of sacred rites, Mon.Ant. 23.179 (Iotape).""]","[""hold office as commissioner of sacred rites,""]",[],[],[],{},[],1,1,0,0,0,1,1,0,0
49983,10,340,n49983,ἱέραξ,,ὁ,817,,"[""hawk, falcon, ἴρηξ ὠκύπτερος Il. 13.62 , cf. 819 , Od. 13.86 , Hes. Op. 212 , Hdt. 2.65 , Arist. HA 620a17 ; sacred to Apollo, Ar. Av. 516 ."",""a kind of fish, Epich. 68 (in Dor. form ἱάραξ), Epaenet. ap. Ath. 7.329a ."",""name for a grade of initiates in Mithras-worship, Porph. Abst. 4.16 ."",""name of a bandage, Sor. Fasc. 12 .""]","[""hawk, falcon"",""fish"",""bandage""]",[],"[{""biblio"":"""",""quote"":""ἴρηξ ὠκύπτερος""},{""biblio"":""Il. | 13.62"",""quote"":""ἴρηξ ὠκύπτερος Il. 13.62""}]","[""Il. | 13.62""]",{},[],1,1,0,1,0,4,3,0,2
49984,10,341,n49984,ἱερᾰοιδός,,ὁ,817,,"[""sacred bard, Hsch.""]","[""sacred bard""]",[],[],[],{},[],1,1,0,0,0,1,1,0,0
49985,10,342,n49985,ἱεράομαι,,,817,,"[""-ήσομαι SIG 1003 (Priene,ii B.C.):aor. -ησάμην ib. 708.34 (Istropolis,ii B.C.);pf. part. ἱερημένος ib. 5 :— Pass. ,aor. 1 part. ἱεραθεῖσα Philol. 71.41 (Delph.):—to be a priest or priestess, θεοῦ Hdt. 2.35 , cf. SIG 1037.4 (Milet.,iv/iii B.C.),al.; θεᾶς D.H. 2.19 ; θεῷ Paus. 6.11.2 , cf.Philol.l.c.: abs., Th. 2.2 , Ph. 2.157 , al.; c. acc. cogn., ἱερωσύνην ἱεράσασθαι Aeschin. 1.19 ( v.l. ἱερώσασθαι ): freq. in Inscrr., ἱερασάμενος τῇ πατρίδι CIG 4069 (Ancyra), etc.; cf.ἱερόω.""]","[""to be a priest"",""priestess""]",[],"[{""biblio"":"""",""quote"":""-ήσομαι""},{""biblio"":""SIG | 1003"",""quote"":""-ήσομαι SIG 1003""},{""biblio"":"""",""quote"":""ἱεραθεῖσα""},{""biblio"":""Philol. | 71.41"",""quote"":""ἱεραθεῖσα Philol. 71.41""},{""biblio"":"""",""quote"":""θεοῦ""},{""biblio"":""Hdt. | 2.35"",""quote"":""θεοῦ Hdt. 2.35""},{""biblio"":"""",""quote"":""θεᾶς""},{""biblio"":""D.H. | 2.19"",""quote"":""θεᾶς D.H. 2.19""},{""biblio"":"""",""quote"":""θεῷ""},{""biblio"":""Paus. | 6.11.2"",""quote"":""θεῷ Paus. 6.11.2""},{""biblio"":"""",""quote"":""ἱερωσύνην ἱεράσασθαι""},{""biblio"":""Aeschin. | 1.19"",""quote"":""ἱερωσύνην ἱεράσασθαι Aeschin. 1.19""},{""biblio"":"""",""quote"":""ἱερασάμενος τῇ πατρίδι""},{""biblio"":""CIG | 4069"",""quote"":""ἱερασάμενος τῇ πατρίδι CIG 4069""}]","[""Aeschin. | 1.19"",""CIG | 4069"",""D.H. | 2.19"",""Hdt. | 2.35"",""Paus. | 6.11.2"",""Philol. | 71.41"",""SIG | 1003""]",{},"[{""type"":""ref"",""target"":"""",""text"":""ἱερώσασθαι""},{""type"":"""",""target"":"""",""text"":""v.l. ἱερώσασθαι""}]",1,1,0,1,1,1,2,0,14
49986,10,343,n49986,ἱερᾱ-πολέω,,,817,,"[""to be a ἱεραπόλος, IG 4.1444 , 1536 ; of a woman, Ἀρχ: Δελτ. 2 .a pp.49 (Palaerus).""]","[""to be a""]",[],"[{""biblio"":"""",""quote"":""Ἀρχ: Δελτ.""},{""biblio"":""2"",""quote"":""Ἀρχ: Δελτ. 2""}]","[""2""]",{},[],1,1,0,1,0,1,1,0,2
49987,10,344,n49987,ἱερᾱ-πόλος,,ὁ,817,,"[""chief priest, Pi. Parth. 1.6 , IG 14.256 (Gela), 5(1).29 (Sparta):ἱερηπόλος TAM 2(1).174 E 9 (Sidyma).""]","[""chief priest""]","[""τέλλω""]",[],[],{},[],1,1,1,0,0,1,1,1,0
49988,10,345,n49988,ἱεράρχης,,ὁ,817,,"[""president of sacred rites, high-priest, IG 7.303 (Oropus), 9(1).32 (Stiris): Boeot. ἱᾰράρχᾱς Schwyzer 515.4 ,al.:—hence Boeot. ἱᾰραρχίω,to be high-priest, ib. 544.4 .""]","[""president of sacred rites, high-priest,"",""to be high-priest""]",[],[],[],{},[],1,1,0,0,0,1,2,0,0
49989,10,346,n49989,ἱερᾱτ-εία,,ἡ,817,,"[""priesthood, Arist. Pol. 1328b13 , OGI 90.52 (Rosetta,ii B.C.), LXX Ex. 29.9 , Ev.Luc. 1.9 , IG 5(2).516 (Lycosura,i A. D.), etc.: Ion. ἱρητήη Schwyzer 692 (Chios, V B.C.); later ἱερητείη and ἱέρᾱτ-α GDI iv pp.885 - 6 (Erythrae,iv B.C.), SIG 1014.14 (ibid.,iii B.C.), 1015.5 (Halic.).""]","[""priesthood""]",[],[],[],{},[],1,1,0,0,0,1,1,0,0
49990,10,347,n49990,ἱερᾱτ-εῖον,,τό,817,,"[""a sanctuary, Procop. Aed. 1.4 .""]","[""a sanctuary""]",[],[],[],{},[],1,1,0,0,0,1,1,0,0
49991,10,348,n49991,ἱερᾱ́τ-ευμα,,τό,817,,"[""priesthood, LXX Ex. 19.6 , 1 Ep.Pet. 2.9 ."",""body of priests, ib. 5 .""]","[""priesthood"",""body of priests""]",[],[],[],{},[],1,1,0,0,0,2,2,0,0
49992,10,349,n49992,ἱερᾱτ-εύω,,,817,821,"[""ἰρητεύω IG 12(2).527.45 ):—to be priest or priestess, θεῶν OGI 90.51 (Rosetta,ii B.C.);Καίσαρος prob. ib. 767.4 (Cyrene); τοῦ Διὸς τοῦ Σωτῆρος IG 7.2727 (Acraeph.,i B.C.);τᾷ Ἀθάνᾳ ib. 9(1).65 (Daulis), cf. Hdn. 5.6.3 : abs., SIG 1044.19 (Halic.,iv/iii B.C.), al., LXX Ex. 28.1 , Ev.Luc. 1.8 :—also ἱερᾱτ-εύομαι, IGRom. 4.539 (Cotiaeum)."",""Pass. ,to be made holy, Zos.Alch. p.108B.""]","[""to be priest"",""priestess"",""to be made holy""]",[],"[{""biblio"":"""",""quote"":""ἰρητεύω""},{""biblio"":""IG | 12(2).527.45"",""quote"":""ἰρητεύω IG 12(2).527.45""},{""biblio"":"""",""quote"":""θεῶν""},{""biblio"":""OGI | 90.51"",""quote"":""θεῶν OGI 90.51""},{""biblio"":"""",""quote"":""τοῦ Διὸς τοῦ Σωτῆρος""},{""biblio"":""IG | 7.2727"",""quote"":""τοῦ Διὸς τοῦ Σωτῆρος IG 7.2727""}]","[""IG | 12(2).527.45"",""IG | 7.2727"",""OGI | 90.51""]",{},[],1,1,0,1,0,2,3,0,6
49993,10,350,n49993,ἱερᾱτ-ικός,Adv.,τό,817,,"[""priestly, sacerdotal, θυσίαι Arist. Pol. 1285b10 ; ὑπομνήματα Plu. Marc. 5 ;στέφανος, ἁγιστεῖαι, Id. 2.34e , 729a ; ὀνόματα Luc. Philops. 12 ; λόγος Ptol. Tetr. 87 (-ατητικός codd.); βίος Jul. Ep. 89b ;ἡ ἱ. (sc.τέχνη), = ἱερατεία , Pl. Plt. 290d ;οἱ ἱ. the priestly caste, Hld. 7.11 , cf. Dam. Pr. 399 .Adv. -κῶς in a sacerdotal sense, ib. 256 ;ἱ. ζῆν as a priest should, Jul. l.c.; σεμνῶς καὶ ἱ. κρίνειν δίκας Just. Nov. 79.1 ."",""ἱ. βύβλος, χάρτης, name of a kind of papyrus, Str. 17.1.15 , PMag.Par. 1.2105 ;κόλλημα, πιττάκιον, made of this material, ib. 2068 , 3142 ."",""devoted to sacred purposes,τὰ ἱ. the sacred fund, IGRom. 3.1137 (Syria,iii A.D.)."",""ἱερᾱτ-ικόν,τό, name of a plaster, Gal. 13.183 .""]","[""priestly, sacerdotal"",""priestly caste"",""in a sacerdotal sense"",""as a priest should"",""devoted to sacred purposes"",""sacred fund,"",""plaster""]",[],"[{""biblio"":"""",""quote"":""θυσίαι""},{""biblio"":""Arist. | Pol. | 1285b10"",""quote"":""θυσίαι Arist. Pol. 1285b10""},{""biblio"":"""",""quote"":""ὑπομνήματα""},{""biblio"":""Plu. | Marc. | 5"",""quote"":""ὑπομνήματα Plu. Marc. 5""},{""biblio"":"""",""quote"":""ὀνόματα""},{""biblio"":""Luc. | Philops. | 12"",""quote"":""ὀνόματα Luc. Philops. 12""},{""biblio"":"""",""quote"":""λόγος""},{""biblio"":""Ptol. | Tetr. | 87"",""quote"":""λόγος Ptol. Tetr. 87""},{""biblio"":"""",""quote"":""βίος""},{""biblio"":""Jul. | Ep. | 89b"",""quote"":""βίος Jul. Ep. 89b""},{""biblio"":"""",""quote"":""σεμνῶς καὶ ἱ. κρίνειν δίκας""},{""biblio"":""Just. | Nov. | 79.1"",""quote"":""σεμνῶς καὶ ἱ. κρίνειν δίκας Just. Nov. 79.1""}]","[""Arist. | Pol. | 1285b10"",""Jul. | Ep. | 89b"",""Just. | Nov. | 79.1"",""Luc. | Philops. | 12"",""Plu. | Marc. | 5"",""Ptol. | Tetr. | 87""]",{},"[{""type"":""ref"",""target"":"""",""text"":""ἱερατεία""},{""type"":"""",""target"":"""",""text"":""= ἱερατεία""}]",1,1,0,1,1,4,7,0,12
49994,10,351,n49994,ἱεραύλης,,ὁ,817,,"[""flute-player at sacrifices, IG 3.1041.19 , 1048.14 , al.""]","[""flute-player at sacrifices,""]",[],[],[],{},[],1,1,0,0,0,1,1,0,0
49995,10,352,n49995,ἱερᾱφορία,,ἡ,817,,"[""bearing of holy vessels, D.H. 16.3 .""]","[""bearing of holy vessels""]",[],[],[],{},[],1,1,0,0,0,1,1,0,0
49996,10,353,n49996,ἱερᾱφόρος,,ὁ,817,,"[""bearer of holy vessels, Plu. 2.352b , SIG 2754 (Pergam.):ἱεροφόρος, IG 9(1).486.16 (ii/i B.C.), Ptol. Tetr. 181 .""]","[""bearer of holy vessels""]",[],[],[],{},[],1,1,0,0,0,1,1,0,0
49997,10,354,n49997,ἱέρεια,,ἡ,817,,"[""v.l. ἱερίαι ), Ba. 1114 , and perh. to be written ἱερέα, as in IG 12.4.13 , 843a3 , etc., and prob. in Pi. P. 4.5 : Ep. ἱερέη Call. Epigr. 41 :ἱερῆ, Schwyzer 725 (Milet.,vi B.C.), GDI 5562 (Panticapaeum), 5584 (Priene), al.:ἱαρέα or ἱάρεα(pl.ἱαρεαι) ib. 4847 :ἱάρεια dub. in IG 7.2465 (Thebes):—fem. of ἱερεύς,a priestess, τὴν . . ἔθηκαν Ἀθηναίης ἱέρειαν Il. 6.300 , al., cf. Ar. Th. 758 , Th. 4.133 , Pl. Phdr. 244b , al., BCH 6.24 (Delos,ii B.C.), etc.""]","[""a priestess""]",[],"[{""biblio"":"""",""quote"":""τὴν . . ἔθηκαν Ἀθηναίης ἱέρειαν""},{""biblio"":""Il. | 6.300"",""quote"":""τὴν . . ἔθηκαν Ἀθηναίης ἱέρειαν Il. 6.300""}]","[""Il. | 6.300""]",{},"[{""type"":""ref"",""target"":"""",""text"":""ἱερίαι""},{""type"":"""",""target"":"""",""text"":""v.l. ἱερίαι""}]",1,1,0,1,1,1,1,0,2
49998,10,355,n49998,ἱερεία,,ἡ,817,,"[""sacrifice, festival, LXX 4 Ki. 10.20 ."",""= ἱερατεία , CIG 3491.23 (Thyatira)."",""Cypr. ἰερηϝί j α,sanctuary, τᾶς Ἀθάνας Inscr.Cypr. 135.20H. (v B.C.).""]","[""sacrifice, festival"",""j"",""sanctuary""]","[""ἱερεύω""]","[{""biblio"":"""",""quote"":""τᾶς Ἀθάνας""},{""biblio"":""Inscr.Cypr. | 135.20H."",""quote"":""τᾶς Ἀθάνας Inscr.Cypr. 135.20H.""}]","[""Inscr.Cypr. | 135.20H.""]",{},"[{""type"":""ref"",""target"":"""",""text"":""ἱερατεία""},{""type"":"""",""target"":"""",""text"":""= ἱερατεία""}]",1,1,1,1,1,3,3,1,2
49999,10,356,n49999,ἱερειάζω,,,817,,"[""v. ἱεράζω .""]",[],[],[],[],{},"[{""type"":""ref"",""target"":"""",""text"":""ἱεράζω""},{""type"":"""",""target"":"""",""text"":""v. ἱεράζω""}]",1,0,0,0,1,1,0,0,0
50000,10,357,n50000,ἱερεῖον,,τό,817,,"[""ἱερήιια SIG 57.14 (Milet.,v B.C.)), the latter in Hdt. ), Dor. ἱᾰρήϊον Berl.Sitzb. 1927.159 (Cyrene), prob. in Leg.Gort. 10.38 :—victim, animal for sacrifice, ἱρεύειν ἱερήϊον Od. 14.94 ;ἱερήϊα πολλὰ παρεῖχον ib. 250 ; ἐπεὶ οὐχ ἱ. οὐδὲ βοείην ἀρνύσθην Il. 22.159 (prov. for 'no trifling stake', Cic. Att. 1.1.4 ), cf. Hdt. 1.132 , 6.57 , Ar. Lys. 84 , Pax 1091 , And. 1.126 ; opp.<ἁγνὰ> θύματα, Th. 1.126 ; ἱερεῖον καὶ ἱερά Test.Epict. 5.35 ; freq. of sheep, OGI 214.62 (Didyma,iii B.C.), IPE 12.76 (Olbia, perh.iv B.C.); of pigs, PCair.Zen. 161 (iii B.C.)."",""in Od. 11.23 (pl.),offering for the dead, for which, acc. to Sch.,τόμιον or ἔντομον was more correct."",""cattle slaughtered for food, Hp. Aff. 52 , Mnesith. ap. Orib. 2.68.6 : in pl., X. Cyr. 1.4.17 ; of sucking-pigs, Gal. 1.578 , 10.489 .""]","[""victim, animal for sacrifice"",""offering for the dead"",""cattle slaughtered for food""]",[],"[{""biblio"":"""",""quote"":""ἱερήιια""},{""biblio"":""SIG | 57.14"",""quote"":""ἱερήιια SIG 57.14""},{""biblio"":"""",""quote"":""ἱρεύειν ἱερήϊον""},{""biblio"":""Od. | 14.94"",""quote"":""ἱρεύειν ἱερήϊον Od. 14.94""},{""biblio"":"""",""quote"":""ἐπεὶ οὐχ ἱ. οὐδὲ βοείην ἀρνύσθην""},{""biblio"":""Il. | 22.159"",""quote"":""ἐπεὶ οὐχ ἱ. οὐδὲ βοείην ἀρνύσθην Il. 22.159""},{""biblio"":"""",""quote"":""ἱερεῖον καὶ ἱερά""},{""biblio"":""Test.Epict. | 5.35"",""quote"":""ἱερεῖον καὶ ἱερά Test.Epict. 5.35""}]","[""Il. | 22.159"",""Od. | 14.94"",""SIG | 57.14"",""Test.Epict. | 5.35""]",{},[],1,1,0,1,0,3,3,0,8
50001,10,358,n50001,ἱερειτεύω,,,817,,"[""Thess. spelling of ἱερητεύω, Schwyzer 616a (Phalanna).""]",[],[],[],[],{},[],1,0,0,0,0,1,0,0,0
50002,10,359,n50002,ἱερεῖτις,,,817,,"[""v. ἱερῖτις .ἱερεόομαι, v. ἱερόω .""]",[],[],[],[],{},"[{""type"":""ref"",""target"":"""",""text"":""ἱερῖτις""},{""type"":"""",""target"":"""",""text"":""v. ἱερῖτις""},{""type"":""ref"",""target"":"""",""text"":""ἱερόω""},{""type"":"""",""target"":"""",""text"":""v. ἱερόω""}]",1,0,0,0,1,1,0,0,0
50003,10,360,n50003,ἱερ-εύς,,ὁ,817,,"[""-ῆϝος Inscr.Cypr. 59 H.,ὁ, Att. pl.ἱερῆς: gen. sg. and pl. written ἱερείως, ἱερείων, PStrassb. 83.2 , 9 (ii B.C.):— Ion. nom.ἱρεύς Il. 5.10 , 16.604 , Od. 9.198 : Dor. ἱᾰρεύς IG 4.1182 , al. (gen.ἰαρέος ib. 1580 ); acc. pl. τὸς ἱαρές Schwyzer 236 (Cyrene); nom. pl.οἱ ἱαρές ibid.; nom. sg. ἱαρές GDI 4846 (Cyrene):— also ἱέρεως( Att. and proparox. acc. to Choerob. in Theod. 1.253 ) SIG 1037.4 (Milet.,iv/iii B.C.); gen. ἱέρεω IPE 12.32 A 23 , al. (Olbia,iii B.C.); dat. ἵρεῳ Schwyzer 692 (Chios,v.B.C.); acc. ἱέρεω Milet. 1(7).203b3 (ii B.C.):ἱερής IG 5(2).115.1 (Tegea,iv/iii B.C.), cf. Inscr.Cypr. 100 H.:— Arc. ἱαρής IG 5(2).13.10 (iii B.C.): acc.ἱερήν ib. 3.1 (Tegea,iv B.C.): (ἱερός):— priest, sacrificer, diviner, Il. 1.62 , 16.604 , Pi. P. 2.17 , Hdt. 2.2 , And. 1.124 , etc.;ἐφ' ἱερέως, as a date, SIG 332.1 (Potidaea,iv/iii B.C.), etc. (freq. unaspirated, ἐπ' ἰερέως IG 12(1).890 , etc. (Rhodes)); of the Jewish High Priest, D.S. 34 / 5.1 ; ἱ. ὁ μέγας LXX Le. 21.10 , Ph. 2.591 ; ἱ. ὁ χριστός LXX Le. 4.5 ; at Rome,= pontifex, Mon.Anc.Gr. 6.9 ;ἱ. ὁ μέγιστος,= pont. maximus, D.S. 27.2 ."",""metaph.,ἱ. τις ἄτας a minister of woe, A. Ag. 735 (lyr.); comically, λεπτοτάτων λήρων ἱερεῦ Ar. Nu. 359 ;ἱ. Διονύσου, of a winebibber, Eup. 19 ; ἱ. φιλοσοφίας Lib. Or. 52.42 .""]","[""priest, sacrificer, diviner"",""pontifex,"",""pont. maximus"",""a minister""]","[""ἱερός""]","[{""biblio"":"""",""quote"":""-ῆϝος""},{""biblio"":""Inscr.Cypr. | 59"",""quote"":""-ῆϝος Inscr.Cypr. 59""},{""biblio"":"""",""quote"":""τὸς ἱαρές""},{""biblio"":""Schwyzer | 236"",""quote"":""τὸς ἱαρές Schwyzer 236""},{""biblio"":"""",""quote"":""ἱαρές""},{""biblio"":""GDI | 4846"",""quote"":""ἱαρές GDI 4846""},{""biblio"":"""",""quote"":""ἱέρεω""},{""biblio"":""IPE | 12.32 A 23"",""quote"":""ἱέρεω IPE 12.32 A 23""},{""biblio"":"""",""quote"":""ἵρεῳ""},{""biblio"":""Schwyzer | 692"",""quote"":""ἵρεῳ Schwyzer 692""},{""biblio"":"""",""quote"":""ἱέρεω""},{""biblio"":""Milet. | 1(7).203b3"",""quote"":""ἱέρεω Milet. 1(7).203b3""},{""biblio"":"""",""quote"":""ἐπ' ἰερέως""},{""biblio"":""IG | 12(1).890"",""quote"":""ἐπ' ἰερέως IG 12(1).890""},{""biblio"":"""",""quote"":""ἱ. ὁ μέγας""},{""biblio"":""LXX | Le. | 21.10"",""quote"":""ἱ. ὁ μέγας LXX Le. 21.10""},{""biblio"":"""",""quote"":""ἱ. ὁ χριστός""},{""biblio"":""LXX | Le. | 4.5"",""quote"":""ἱ. ὁ χριστός LXX Le. 4.5""},{""biblio"":"""",""quote"":""λεπτοτάτων λήρων ἱερεῦ""},{""biblio"":""Ar. | Nu. | 359"",""quote"":""λεπτοτάτων λήρων ἱερεῦ Ar. Nu. 359""},{""biblio"":"""",""quote"":""ἱ. φιλοσοφίας""},{""biblio"":""Lib. | Or. | 52.42"",""quote"":""ἱ. φιλοσοφίας Lib. Or. 52.42""}]","[""Ar. | Nu. | 359"",""GDI | 4846"",""IG | 12(1).890"",""IPE | 12.32 A 23"",""Inscr.Cypr. | 59"",""LXX | Le. | 21.10"",""LXX | Le. | 4.5"",""Lib. | Or. | 52.42"",""Milet. | 1(7).203b3"",""Schwyzer | 236"",""Schwyzer | 692""]",{},[],1,1,1,1,0,2,4,1,22
50004,10,361,n50004,ἱερ-εύσιμος,,,817,,"[""fit for sacrifice, Plu. 2.729d .""]","[""fit for sacrifice""]",[],[],[],{},[],1,1,0,0,0,1,1,0,0
50005,10,362,n50005,ἱέρ-ευσις,,ἡ,817,,"[""slaying, sacrificing, Sch. E. Hec. 224 .""]","[""slaying, sacrificing""]",[],[],[],{},[],1,1,0,0,0,1,1,0,0
50006,10,363,n50006,ἱερ-ευτικός,,τά,817,,"[""belonging to a ἱερόν, [γῆ] PTeb. 5.236 (ii B.C.):-κά,τά , ib. 257 .""]","[""belonging to a""]",[],[],[],{},[],1,1,0,0,0,1,1,0,0
50007,10,364,n50007,ἱερ-εύω,,,817,,"[""ἱρεύεσκον 20.3 :3 sg. plpf. Pass. ἱέρευτο Il. 24.125 : (ἱερός):— sacrifice, βοῦς . . ἤνις ἠκέστας ἱερευσέμεν 6.94 ;ταύρους [ποταμῷ] 21.131 ; τοῖσι δὲ βοῦν ἱέρευσε . . Ζηνί Od. 13.24 , etc.: abs.,offer sacrifice,τῇ θεῷ Ant. Lib. 20.2 ."",""slaughter for a feast, βοῦς ἱερεύοντες . . εἰλαπινάζουσιν Od. 2.56 ; ἄξεθ' ὑῶν τὸν ἄριστον, ἵνα ξείνῳ ἱερεύσω 14.414 , cf. 8.59 ; also δεῖπνον δ' αἶψα συῶν ἱερεύσατε ὅς τις ἄριστος 24.215 :— Med. ,Βοῦς ἱρεύσασθαι oxen to slaughter for themselves, 19.198 ; μῆλα A.R. 2.302 ."",""consecrate, devote to a god, ἱερευομένη παρθένος Paus. 3.18.4 ."",""sacrifice, i.e.slay, Ph. 2.34 , Procop. Goth. 2.25 .""]","[""sacrifice"",""offer sacrifice"",""slaughter"",""to slaughter for themselves"",""consecrate, devote to"",""sacrifice"",""slay""]","[""ἱερός""]","[{""biblio"":"""",""quote"":""ἱρεύεσκον""},{""biblio"":""20.3"",""quote"":""ἱρεύεσκον 20.3""},{""biblio"":"""",""quote"":""ἱέρευτο""},{""biblio"":""Il. | 24.125"",""quote"":""ἱέρευτο Il. 24.125""},{""biblio"":"""",""quote"":""βοῦς . . ἤνις ἠκέστας ἱερευσέμεν""},{""biblio"":""6.94"",""quote"":""βοῦς . . ἤνις ἠκέστας ἱερευσέμεν 6.94""},{""biblio"":"""",""quote"":""τοῖσι δὲ βοῦν ἱέρευσε . . Ζηνί""},{""biblio"":""Od. | 13.24"",""quote"":""τοῖσι δὲ βοῦν ἱέρευσε . . Ζηνί Od. 13.24""},{""biblio"":"""",""quote"":""βοῦς ἱερεύοντες . . εἰλαπινάζουσιν""},{""biblio"":""Od. | 2.56"",""quote"":""βοῦς ἱερεύοντες . . εἰλαπινάζουσιν Od. 2.56""},{""biblio"":"""",""quote"":""ἄξεθ' ὑῶν τὸν ἄριστον, ἵνα ξείνῳ ἱερεύσω""},{""biblio"":""14.414"",""quote"":""ἄξεθ' ὑῶν τὸν ἄριστον, ἵνα ξείνῳ ἱερεύσω 14.414""},{""biblio"":"""",""quote"":""δεῖπνον δ' αἶψα συῶν ἱερεύσατε ὅς τις ἄριστος""},{""biblio"":""24.215"",""quote"":""δεῖπνον δ' αἶψα συῶν ἱερεύσατε ὅς τις ἄριστος 24.215""},{""biblio"":"""",""quote"":""μῆλα""},{""biblio"":""A.R. | 2.302"",""quote"":""μῆλα A.R. 2.302""},{""biblio"":"""",""quote"":""ἱερευομένη παρθένος""},{""biblio"":""Paus. | 3.18.4"",""quote"":""ἱερευομένη παρθένος Paus. 3.18.4""}]","[""14.414"",""20.3"",""24.215"",""6.94"",""A.R. | 2.302"",""Il. | 24.125"",""Od. | 13.24"",""Od. | 2.56"",""Paus. | 3.18.4""]",{},[],1,1,1,1,0,4,7,1,18
50008,10,365,n50008,ἱερεωσύνη,,,817,,"[""v. ἱερωσύνη .""]",[],[],[],[],{},"[{""type"":""ref"",""target"":"""",""text"":""ἱερωσύνη""},{""type"":"""",""target"":"""",""text"":""v. ἱερωσύνη""}]",1,0,0,0,1,1,0,0,0
50009,10,366,n50009,ἱερή,,ἡ,817,,"[""= ἱέρεια , AP 7.733 ( Diotim. , nisi leg.ἱερῆ): Att. ἱερά Pl. ap. AB 100 .""]",[],[],[],[],{},"[{""type"":""ref"",""target"":"""",""text"":""ἱέρεια""},{""type"":"""",""target"":"""",""text"":""= ἱέρεια""}]",1,0,0,0,1,1,0,0,0
50010,10,367,n50010,ἱερήϊον,,τό,817,,"[""ἱερήϊον,τό, Ion. for ἱερεῖον, Hom.""]",[],[],[],[],{},[],1,0,0,0,0,1,0,0,0
50011,10,368,n50011,ἱερηί̈ς,,ἡ,817,,"[""ἱερηί̈ς,ί̈δος,ἡ , poet. for ἱέρεια, IG 7.113 (Megara).""]",[],[],[],[],{},[],1,0,0,0,0,1,0,0,0
50012,10,369,n50012,ἱερής,,,817,,"[""v. ἱερεύς .ἱερητεία,ἱερητεύω, Ion. for ἱερᾱτ-.ἱερία, Ion. -ίη, v. ἱέρεια .""]",[],[],[],[],{},"[{""type"":""ref"",""target"":"""",""text"":""ἱερεύς""},{""type"":"""",""target"":"""",""text"":""v. ἱερεύς""},{""type"":""ref"",""target"":"""",""text"":""ἱέρεια""},{""type"":"""",""target"":"""",""text"":""v. ἱέρεια""}]",1,0,0,0,1,1,0,0,0
50013,10,370,n50013,ἱερ-ίζω,,,817,,"[""consecrate, purify, Hsch. s.v. ἁγνιτης .""]","[""consecrate, purify""]",[],[],[],{},"[{""type"":""ref"",""target"":"""",""text"":""ἁγνιτης""},{""type"":"""",""target"":"""",""text"":""s.v. ἁγνιτης""}]",1,1,0,0,1,1,1,0,0
50014,10,371,n50014,ἱερ-ίς,,ἡ,817,,"[""= ἱέρεια ,priestess, dub. in Plu. 2.435b .""]","[""priestess""]",[],[],[],{},"[{""type"":""ref"",""target"":"""",""text"":""ἱέρεια""},{""type"":"""",""target"":"""",""text"":""= ἱέρεια""}]",1,1,0,0,1,1,1,0,0
50015,10,372,n50015,ἱερ-ισμός,,ὁ,817,,"[""sacred service, εἰς -ισμόν Inscr.Délos 338 Aa 19 (iii B.C.), BCH 6.23 (Delos, ii B.C.).""]","[""sacred service""]",[],"[{""biblio"":"""",""quote"":""εἰς -ισμόν""},{""biblio"":""Inscr.Délos | 338"",""quote"":""εἰς -ισμόν Inscr.Délos 338""}]","[""Inscr.Délos | 338""]",{},[],1,1,0,1,0,1,1,0,2
50016,10,373,n50016,ἱέρ-ισσα,,ἡ,817,,"[""= ἱέρεια , PStrassb. 84.14 (ii B.C.), BGU 994 ii8 , PLond. 3.880.7 (ii B.C.), CIG 4009b (Iconium).""]",[],[],[],[],{},"[{""type"":""ref"",""target"":"""",""text"":""ἱέρεια""},{""type"":"""",""target"":"""",""text"":""= ἱέρεια""}]",1,0,0,0,1,1,0,0,0
50017,10,374,n50017,ἱερ-ιστής,,ὁ,817,,"[""one who presides at σπονδαί, IG 11(2).145 (iv B.C.), 161 A 88 (iii B.C.), cf. Hsch. s.v. ἁγνίτης (prob.).""]","[""one who presides at""]",[],[],[],{},"[{""type"":""ref"",""target"":"""",""text"":""ἁγνίτης""},{""type"":"""",""target"":"""",""text"":""s.v. ἁγνίτης""}]",1,1,0,0,1,1,1,0,0
50018,10,375,n50018,ἱερ-ῑτεύω,,,817,,"[""serve as priest, τᾷ Δάματρι IG 5(2).266 (Mantinea,i B.C.): Dor. ἱᾰριτεύω GDI 5117 (Crete,iv/iii B.C.), 4841 (Cyrene):pf. part. ἱαριτευωκότες Abh.Berl.Akad. 1925 ( 5 ). 7 (ibid.): later ἱερειτεύω GDI 4842 (ibid.).""]","[""serve as priest""]",[],"[{""biblio"":"""",""quote"":""τᾷ Δάματρι""},{""biblio"":""IG | 5(2).266"",""quote"":""τᾷ Δάματρι IG 5(2).266""},{""biblio"":"""",""quote"":""ἱαριτευωκότες""},{""biblio"":""Abh.Berl.Akad. | 1925"",""quote"":""ἱαριτευωκότες Abh.Berl.Akad. 1925""}]","[""Abh.Berl.Akad. | 1925"",""IG | 5(2).266""]",{},[],1,1,0,1,0,1,1,0,4
50019,10,376,n50019,ἱερ-ῖτις,,ἡ,817,,"[""ἱερ-ῖτις,ιδος,ἡ,=ἱκέτις, A. Fr. 93 ap. Hsch. (-είτην cod., cf. Theognost. Can. 45 ).""]",[],[],[],[],{},[],1,0,0,0,0,1,0,0,0
50020,10,377,n50020,ἱερο-βόαι,,οἱ,817,,"[""s.v. ἄφετοι .""]",[],[],[],[],{},"[{""type"":""ref"",""target"":"""",""text"":""ἄφετοι""},{""type"":"""",""target"":"""",""text"":""s.v. ἄφετοι""}]",1,0,0,0,1,1,0,0,0
50021,10,378,n50021,ἱερο-βοτάνη,,ἡ,817,,"[""= ἱερὰ βοτάνη (cf.βοτάνη), Isid. Etym. 17.9.55 .""]",[],[],[],[],{},"[{""type"":""ref"",""target"":"""",""text"":""ἱερὰ βοτάνη""},{""type"":"""",""target"":"""",""text"":""= ἱερὰ βοτάνη""}]",1,0,0,0,1,1,0,0,0
50022,10,379,n50022,ἱερογλῠφ-έω,,,817,,"[""represent hieroglyphically, ζῴδια Eust. 632.52 ; ὀρίγανον Horap. 2.34 .""]","[""represent hieroglyphically""]",[],"[{""biblio"":"""",""quote"":""ζῴδια""},{""biblio"":""Eust. | 632.52"",""quote"":""ζῴδια Eust. 632.52""},{""biblio"":"""",""quote"":""ὀρίγανον""},{""biblio"":""Horap. | 2.34"",""quote"":""ὀρίγανον Horap. 2.34""}]","[""Eust. | 632.52"",""Horap. | 2.34""]",{},[],1,1,0,1,0,1,1,0,4
50023,10,380,n50023,ἱερογλῠφ-ικός,Adv.,τά,817,,"[""hieroglyphic:ἱερογλυφικά, with or without γράμματα,τά , D.S. 3.4 , Plu. 2.354f , Ps.- Luc. Philopatr. 21 , Dam. Isid. 98 , etc.Adv. -κῶς PMag.Leid.V. 8.29 :""]","[""hieroglyphic""]",[],"[{""biblio"":"""",""quote"":""-κῶς""},{""biblio"":""PMag.Leid.V. | 8.29"",""quote"":""-κῶς PMag.Leid.V. 8.29""}]","[""PMag.Leid.V. | 8.29""]",{},[],1,1,0,1,0,1,1,0,2
50024,10,381,n50024,ἱερογλῠφ-ιστί,,,817,,"[""in hieroglyphic characters, PMag.Leid.W. 2.37 ,al.""]","[""in hieroglyphic characters,""]",[],[],[],{},[],1,1,0,0,0,1,1,0,0
50025,10,382,n50025,ἱερόγλῠφ-ος,,ὁ,817,,"[""carver of hieroglyphics, UPZ 81 iv 2 (ii B.C.), POxy. 1029 (ii A.D.), Sammelb. 3570 (Fayûm), Ptol. Tetr. 180 .""]","[""carver of hieroglyphics""]",[],[],[],{},[],1,1,0,0,0,1,1,0,0
50026,10,383,n50026,ἱερο-γλωσσόκομον,,τό,817,,"[""sacred deed-box, Hermes 64.64 (Epid.,ii A.D.).""]","[""sacred deed-box, Hermes""]",[],[],[],{},[],1,1,0,0,0,1,1,0,0
50027,10,384,n50027,ἱερό-γλωσσος,,τό,817,,"[""of prophetic tongue, Epigr. ap. Paus. 6.17.6 :-γλωσσον,τό ,sacred formula, PMag.Berol. 2.69 .""]","[""of prophetic tongue"",""sacred formula,""]",[],[],[],{},[],1,1,0,0,0,1,2,0,0
50028,10,385,n50028,ἱερο-γραμμᾰτεύς,,ὁ,817,,"[""sacred scribe, a lower order of the Egyptian priesthood, Eudox. Ars 3.21 , OGI 56.4 (Canopus,iii B.C.), 90.7 (Rosetta,ii B.C.), Luc. Macr. 4 , J. Ap. 1.32 , al., Herasap. Gal. 13.776 , Aët. 15.13 , etc.""]","[""sacred scribe""]",[],[],[],{},[],1,1,0,0,0,1,1,0,0
50029,10,386,n50029,ἱερο-γρᾰφικός,,,817,,"[""sacred signs, Man.Hist. p.512M.""]","[""sacred""]",[],[],[],{},[],1,1,0,0,0,1,1,0,0
50030,10,387,n50030,ἱερό-δακρυς,,,817,,"[""with hallowed tears or gum, Melanipp. 1 .""]","[""with hallowed tears"",""gum""]",[],[],[],{},[],1,1,0,0,0,1,2,0,0
50031,10,388,n50031,ἱερο-δῐδάσκᾰλος,,ὁ,817,,"[""teacher of holy things at Rome,= pontifex, D.H. 2.73 (pl.).""]","[""teacher of holy things"",""pontifex""]",[],[],[],{},[],1,1,0,0,0,1,2,0,0
50032,10,389,n50032,ἱερο-δόκος,,,817,,"[""receiving sacrifices, or ἱερόδοκος,received in temples, A. Supp. 363 (lyr., dub. l.).""]","[""receiving sacrifices"",""received in temples""]",[],[],[],{},[],1,1,0,0,0,1,2,0,0
50033,10,390,n50033,ἱερο-δουλεία,,ἡ,817,,"[""company of ἱερόδουλοι, IG 14.914 (Ostia):—also ἱερο-δουλία, ib. 1024 (Rome).""]","[""company of""]",[],[],[],{},[],1,1,0,0,0,1,1,0,0
50034,10,391,n50034,ἱερό-δουλος,,ὁ,817,,"[""temple-slave, PCair.Zen. 451 (iii B.C.), PHib. 1.35.3 (iii B.C.), UPZ 34.13 (ii B.C.), PTeb. 6.25 (ii B.C.), SIG 996.29 (Smyrna), BMus.Inscr. 986.4 (Cyprus), OGI 383.174 (Nemrud Dagh,i B.C.), etc.;νεωκόροι καὶ ἱ. Ph. 2.420 ; of the Nethinim, LXX 1 Es. 1.2 , al.; esp. of templecourtesans at Corinth and elsewhere, Str. 8.6.20 , 6.2.6 ; also of men, Id. 11.4.7 , al.""]","[""temple-slave,"",""templecourtesans""]",[],[],[],{},[],1,1,0,0,0,1,2,0,0
50035,10,392,n50035,ἱερό-δρομος,,,817,,"[""flowing in a sacred stream, ὕδωρ Epigr.Gr. 835b4 (Berytus): poet.ἱρό-,running in sacred races, Philox. 15 .""]","[""flowing in a sacred stream"",""running in sacred races""]",[],"[{""biblio"":"""",""quote"":""ὕδωρ""},{""biblio"":""Epigr.Gr. | 835b4"",""quote"":""ὕδωρ Epigr.Gr. 835b4""}]","[""Epigr.Gr. | 835b4""]",{},[],1,1,0,1,0,1,2,0,2
50036,10,393,n50036,ἱερο-εργός,,,817,,"[""v. ἱερουργός .""]",[],[],[],[],{},"[{""type"":""ref"",""target"":"""",""text"":""ἱερουργός""},{""type"":"""",""target"":"""",""text"":""v. ἱερουργός""}]",1,0,0,0,1,1,0,0,0
50037,10,394,n50037,ἱερο-θαλλής,,,817,,"[""blooming holily, Orph. H. 40.17 ( Herm. -θηλής).""]","[""blooming holily""]",[],[],[],{},[],1,1,0,0,0,1,1,0,0
50038,10,395,n50038,ἱερο-θέσιον,,τό,817,,"[""monument, mausoleum, OGI 383.36 (Nemrud Dagh), 403.1 (Kara Kush,i B.C.).""]","[""monument, mausoleum""]",[],[],[],{},[],1,1,0,0,0,1,1,0,0
50039,10,396,n50039,ἱερο-θετέω,,,817,,"[""ordain sacred rites,f.l. in EM 468.57 .""]","[""ordain sacred rites""]",[],[],[],{},[],1,1,0,0,0,1,1,0,0
50040,10,397,n50040,ἱερο-θήκη,,ἡ,817,,"[""depository for holy things, sanctuary, Gloss.""]","[""depository for holy things, sanctuary,""]",[],[],[],{},[],1,1,0,0,0,1,1,0,0
50041,10,398,n50041,ἱερο-θρησκεία,,ἡ,817,,"[""divine worship, Edict. Maximiniap. Eus. PE 9.7 .""]","[""divine worship""]",[],[],[],{},[],1,1,0,0,0,1,1,0,0
50042,10,399,n50042,ἱερό-θροος,,,817,,"[""of mystic sound, Mim.Oxy. 413.90 .""]","[""of mystic sound, Mim.Oxy.""]",[],[],[],{},[],1,1,0,0,0,1,1,0,0
50043,10,400,n50043,ἱερο-θύσιον,,τό,817,,"[""place of sacrifice, Paus. 4.32.1 .""]","[""place of sacrifice""]",[],[],[],{},[],1,1,0,0,0,1,1,0,0
50044,10,401,n50044,ἱερο-θῠτεῖον,,τό,817,,"[""ἱερο-θῠτεῖον,τό,=foreg., IG 12(1).847 (Rhodes), 1033 (Carpathos).""]",[],[],[],[],{},[],1,0,0,0,0,1,0,0,0
50045,10,402,n50045,ἱερο-θῠτέω,,,817,,"[""sacrifice, βοῦς Heraclit. Incred. 39 , cf.Ἀρχ. Ἐφ. 1911.59 , IG 14.290 (Segesta), 12(1).67 (Rhodes): Arc. pres. part.nom. sg. masc.ἱεροθυτές ib. 5(2).3.7 (Tegea,iv B.C.).""]","[""sacrifice""]",[],"[{""biblio"":"""",""quote"":""βοῦς""},{""biblio"":""Heraclit. | Incred. | 39"",""quote"":""βοῦς Heraclit. Incred. 39""}]","[""Heraclit. | Incred. | 39""]",{},[],1,1,0,1,0,1,1,0,2
50046,10,403,n50046,ἱερο-θύτης,,,817,,"[""ἱερο-θύτης[ῠ],ου , Dor. , etc.""]",[],[],[],[],{},[],1,0,0,0,0,1,0,0,0
50047,10,404,n50047,ἱερό-τᾱς,,ὁ,817,,"[""sacrificing priest, IG 5(2).3.5 (Tegea,iv B.C.), SIG 492.5 (Euboea,iii B.C.), Paus. 8.42.12 , cj. in Theopomp. Hist. 76 : as title of magistrate, IG 14.952 (Agrigentum):pl., ib. 12(3).1270 (Syme).""]","[""sacrificing priest,""]",[],[],[],{},[],1,1,0,0,0,1,1,0,0
50048,10,405,n50048,ἱερό-θῠτος,,τά,817,,"[""devoted, offered to a god,καπνός smoke from the sacrifices, Ar. Av. 1265 ;θάνατος death as a sacrifice for one's country or any holy cause, Pi. Fr. 78 ;ὑποδήματα δερμάτινα ἱ. IG 5(1).1390.23 (Andania,i B.C.);οἶς ἱ. SIG 624.43 (ii B.C.):-θυτα,τά ,sacrifices, Theopomp.Hist. 76 (s. v.l.), Arist. Oec. 1349b13 , Plu. 2.729c ; of meats offered to idols, 1 Ep.Cor. 10.28 .""]","[""devoted, offered to a god"",""from the sacrifices"",""as a sacrifice for one's country"",""any holy cause"",""sacrifices"",""offered to idols""]",[],[],[],{},[],1,1,0,0,0,1,6,0,0
50049,10,406,n50049,ἱερο-καυτέω,,,817,,"[""sacrifice as a burnt-offering, Phryn. PS p.88 B. :— Pass. ,to be burnt as a sacrifice, D.S. 20.65 .""]","[""sacrifice as a burnt-offering"",""to be burnt as a sacrifice""]",[],[],[],{},[],1,1,0,0,0,1,2,0,0
50050,10,407,n50050,ἱερο-κηρῡκεύω,,,817,,"[""to be a ἱεροκῆρυξ, Aristeas 184 , SIG 444.6 (Delph.,iii B.C.):""]","[""to be a""]",[],[],[],{},[],1,1,0,0,0,1,1,0,0
50051,10,408,n50051,ἱερο-κηρῡκέω,,,817,,"[""ἱερο-κηρῡκέω, IGRom. 3.711 (Lycia,iii A.D.).""]",[],[],[],[],{},[],1,0,0,0,0,1,0,0,0
50052,10,409,n50052,ἱερο-κῆρυξ,,ὁ,817,,"[""herald or attendant at a sacrifice, D. 59.78 , Herm.Hist. 2 , prob. in IG 12.6.89 , cf. Supp.Epigr. 2.258.23 (Delph.,iii B.C.), SIG 577.33 (Milet.,iii/ii B.C.), OGI 332.43 (Elaea,ii B.C.), etc.: Dor. ἱερο-κᾶρυξ IG 12(1).155.31 (Rhodes,ii B.C.).""]","[""herald"",""attendant at a sacrifice""]",[],[],[],{},[],1,1,0,0,0,1,2,0,0
50053,10,410,n50053,ἱερο-κόμος,,ὁ,817,,"[""one who takes charge of a temple, ib. 14.621 (Rhegium).""]","[""one who takes charge of a temple""]",[],[],[],{},[],1,1,0,0,0,1,1,0,0
50054,10,411,n50054,ἱερο-κορᾰκικά,,τά,817,,"[""symblos of the κόρακες, in the cult of Mithras (cf.κόραξ), CIL 6.751b (iv A.D.).""]","[""symblos of the""]",[],[],[],{},[],1,1,0,0,0,1,1,0,0
50055,10,412,n50055,ἱερο-κτίστης,,ὁ,817,,"[""founder of a sanctuary, Cat. Cod.Astr. 8(4).165 .""]","[""founder of a sanctuary, Cat. Cod.Astr.""]",[],[],[],{},[],1,1,0,0,0,1,1,0,0
50056,10,413,n50056,ἱερό-κτῐτος,,,817,,"[""established as a sanctuary,πέτρα, of Delphi, Aristonous 1.1 .""]","[""established as a sanctuary""]",[],[],[],{},[],1,1,0,0,0,1,1,0,0
50057,10,414,n50057,ἱερόλας,,ὁ,817,,"[""ἱερόλας,ὁ,=ἱερεύς, S. Fr. 57 (dub.; for the termination cf.μαινόλης).""]",[],[],[],[],{},[],1,0,0,0,0,1,0,0,0
50058,10,415,n50058,ἱερό-ληπτος,,,817,,"[""inspired, Man. 4.227 .""]","[""inspired""]",[],[],[],{},[],1,1,0,0,0,1,1,0,0
50059,10,416,n50059,ἱερο-λογέω,,,817,,"[""recount a ἱερὸς λόγος, Luc. Syr.D. 26 ;prophesy, EM 468.14 .""]","[""recount a"",""prophesy,""]",[],[],[],{},[],1,1,0,0,0,1,2,0,0
50060,10,417,n50060,ἱερο-λογία,,ἡ,817,,"[""mystical language, Luc. Astr. 10 .""]","[""mystical language""]",[],[],[],{},[],1,1,0,0,0,1,1,0,0
50061,10,418,n50061,ἱερο-λόγοι,,οἱ,817,,"[""authors of ἱεροὶ λόγοι, Dam. Pr. 38 .""]","[""authors of""]",[],[],[],{},[],1,1,0,0,0,1,1,0,0
50062,10,419,n50062,ἱερό-μαντις,,ὁ,817,,"[""holy seer, Cat.Cod.Astr. 8(4).148 .""]","[""holy seer,""]",[],[],[],{},[],1,1,0,0,0,1,1,0,0
50063,10,420,n50063,ἱέρο-μας:,,,817,,"[""ἱέρο-μας: τῶν ἱερῶν ἐπιμελούμενος, Hsch. ; un contr. ἰαρόμαορ Schwyzer 414 , cf. 411 (Elis).""]",[],[],[],[],{},[],1,0,0,0,0,1,0,0,0
50064,10,421,n50064,ἱερο-μηϝία,,ἡ,817,,"[""sacred month, during which the great festivals were held and hostilities suspended,ἱ. Νεμεάς, of the Nemean games, Pi. N. 3.2 ; ἱ. ἁ Πυθιάς IG 22.1126.44 (Amphict.); ἐν σπονδαῖς καὶ προσέτι ἱερομηνία Th. 3.56 ;ἐν σπονδαῖς καὶ ἱερομηνίαις ib. 65 (s. v.l.); ἱ. ἄγειν D. 24.29 : in pl.,sacrifices offered during the sacred month, IG 11(2).154.11 (Delos,iii B.C.);=Lat.supplicatio, App. BC 5.130 : pl., D.C. 39.53 (ἱερο-μήνια,τά, of the Κάρνεια(q.v.), is prob.f.l. in Th. 5.54 ).""]","[""sacred month"",""sacrifices offered during the sacred month,"",""supplicatio""]","[""μήν""]","[{""biblio"":"""",""quote"":""ἱ. ἁ Πυθιάς""},{""biblio"":""IG | 22.1126.44"",""quote"":""ἱ. ἁ Πυθιάς IG 22.1126.44""},{""biblio"":"""",""quote"":""ἐν σπονδαῖς καὶ προσέτι ἱερομηνία""},{""biblio"":""Th. | 3.56"",""quote"":""ἐν σπονδαῖς καὶ προσέτι ἱερομηνία Th. 3.56""},{""biblio"":"""",""quote"":""ἱ. ἄγειν""},{""biblio"":""D. | 24.29"",""quote"":""ἱ. ἄγειν D. 24.29""}]","[""D. | 24.29"",""IG | 22.1126.44"",""Th. | 3.56""]",{},[],1,1,1,1,0,1,3,1,6
50065,10,422,n50065,ἱερο-μηνιακός,,,817,,"[""of the ἱ., ἡμέραι Inscr.Mus.Alex. 47 (i A.D.).""]","[""of the""]",[],"[{""biblio"":"""",""quote"":""ἱ., ἡμέραι""},{""biblio"":""Inscr.Mus.Alex. | 47"",""quote"":""ἱ., ἡμέραι Inscr.Mus.Alex. 47""}]","[""Inscr.Mus.Alex. | 47""]",{},[],1,1,0,1,0,1,1,0,2
50066,10,423,n50066,ἱερο-μνημονέω,,,817,,"[""to be ἱερομνήμων, Ar. Nu. 624 , Plb. 4.52.4 , SIG 545.2 (Delph.,iii B.C.), etc.""]","[""to be""]",[],[],[],{},[],1,1,0,0,0,1,1,0,0
50067,10,424,n50067,ἱερο-μνημονικός,,,817,,"[""of a ἱ., ψᾶφος ib. 554.21 (Thermon,iii B.C.).""]","[""of a""]",[],[],[],{},[],1,1,0,0,0,1,1,0,0
50068,10,425,n50068,ἱερο-μνημοσύνη,,ἡ,817,,"[""right to appoint a ἱερομνήμων, Klio 16.162 , 163 (ii B.C.).""]","[""right to appoint a""]",[],[],[],{},[],1,1,0,0,0,1,1,0,0
50069,10,426,n50069,ἱερο-μνήμων,Subst.,ὁ,817,822,"[""mindful of sacred things, ὅρκων Alciphr. 2.4 ."",""as Subst.,"",""representative sent by each Amphictyonic state to the Delphic Council, D. 18.148 , Jusj. ap. eund. 24.150 , IG 22.1126.10 , 1299.80 , etc.; also at the Amphictyony of Calauria, ib. 4.842 (ii B.C.)."",""magistrate who had charge of temples or religious matters, ib. 4.823 (Troezen,iv B.C.), 5(2).3.22 , 26 (Tegea), 14.423.3 (Tauromenium), Decr.Byz. ap. D. 18.90 , etc."",""at Rome,=pontifex, D.H. 8.55 , 10.57 , Str. 5.3.2 ."",""generally,recorder, registrar, Arist. Pol. 1321b38 .""]","[""mindful of sacred"",""things"",""representative sent by each Amphictyonic state"",""magistrate who had charge of temples"",""religious matters"",""pontifex"",""recorder, registrar""]",[],"[{""biblio"":"""",""quote"":""ὅρκων""},{""biblio"":""Alciphr. | 2.4"",""quote"":""ὅρκων Alciphr. 2.4""}]","[""Alciphr. | 2.4""]",{},[],1,1,0,1,0,6,7,0,2
50070,10,427,n50070,ἱερο-μοσχοσφρᾱγιστής,,ὁ,817,,"[""sealer of sacred calves for sacrifice, PGen. 32.4 (ii A.D.).""]","[""sealer of sacred calves""]",[],[],[],{},[],1,1,0,0,0,1,1,0,0
50071,10,428,n50071,ἱερό-μυρτος,,ἡ,817,,"[""ἱερό-μυρτος,ἡ,=μυρσίνη ἀγρία, Ps.- Dsc. 4.144 .""]",[],[],[],[],{},[],1,0,0,0,0,1,0,0,0
50072,10,429,n50072,ἱερο-μύστης,,ὁ,817,,"[""one who initiates in sacred things, Phot. , Suid.""]","[""one who initiates in sacred things""]",[],[],[],{},[],1,1,0,0,0,1,1,0,0
50073,10,430,n50073,ἱερόν,,τό,817,,"[""v. ἱερός 111.2 .""]",[],[],[],[],{},"[{""type"":""ref"",""target"":"""",""text"":""ἱερός""},{""type"":"""",""target"":"""",""text"":""v. ἱερός""}]",1,0,0,0,1,1,0,0,0
50074,10,431,n50074,ἱερο-νίκης,,ὁ,817,,"[""conqueror in the games, OGI 332.34 (Elaea,ii B.C.), SIG 1073.4 ( Olymp. ,ii A.D., in form-νείκης), Phld. Mus. p.105K. , Luc. Hist.Conscr. 30 , etc.: Dor. ἱερο-νίκας IG 5(1).668 (Laconia).""]","[""conqueror in the games""]",[],[],[],{},[],1,1,0,0,0,1,1,0,0
50075,10,432,n50075,ἱερο-νομέω,,,817,,"[""to be a ἱερονόμος, SIG 982.2 (Pergam.), 1219.1 (Gambreum,iii B.C.).""]","[""to be a""]",[],[],[],{},[],1,1,0,0,0,1,1,0,0
50076,10,433,n50076,ἱερο-νόμοι,,οἱ,817,,"[""temple-wardens, ib. 982.23 , IGRom. 4.461 (Pergam., sg.), OGI 219.20 (Sigeum,iii B.C.); of the pontifices at Rome, D.H. 2.73 .""]","[""temple-wardens"",""pontifices""]",[],[],[],{},[],1,1,0,0,0,1,2,0,0
50077,10,434,n50077,ἱερο-νουμηνία,,ἡ,817,,"[""feast of the new moon, coined by Sch. Pi. N. 3.1 .""]","[""feast of the new moon""]",[],[],[],{},[],1,1,0,0,0,1,1,0,0
50078,10,435,n50078,ἱερο-όστεον,,τό,817,,"[""ἱερο-όστεον,τό,=ἱερὸν ὀστοῦν, prob. in PMag.Lond. 121.212 .""]",[],[],[],[],{},[],1,0,0,0,0,1,0,0,0
50079,10,436,n50079,ἱερο-παρέκτης,,ὁ,817,,"[""priest's attendant, IG 14.617 , 621 (Rhegium).""]","[""priest's attendant,""]","[""παρέχω""]",[],[],{},[],1,1,1,0,0,1,1,1,0
50080,10,437,n50080,ἱερό-πλοκος,,,817,,"[""religious, Cat.Cod.Astr. 8(4).212 (s.v.l.).""]","[""religious,""]",[],[],[],{},[],1,1,0,0,0,1,1,0,0
50081,10,438,n50081,ἱεροποι-έω,,,817,,"[""serve as ἱεροποιός, -ποιῶν καὶ θύων ὑπὲρ τῆς δημοκρατίας Antipho 6.45 , cf. Pl. Ly. 207d , IG 11(2).144 A(Delos,iv B.C.);τῇ Ἀθηνᾷ ib. 22.1257 (iv B.C.); τῷ Ἀπόλλωνι SIG 1037.6 (Milet.,iv/iii B.C.), etc.: c. acc., ἱ. εἰσιτητήρια ὑπὲρ τῆς βουλῆς D. 21.114 ; οἱ τὰ μυστήρια -ποιήσαντες IG 2.872 ; ἱ. τὰ Ἀπολλώνια BCH 36.413 (Delos,ii B.C.)."",""deify, Aristid. 1.191 J.""]","[""serve as"",""deify""]",[],"[{""biblio"":"""",""quote"":""ἱεροποιός, -ποιῶν καὶ θύων ὑπὲρ τῆς δημοκρατίας""},{""biblio"":""Antipho | 6.45"",""quote"":""ἱεροποιός, -ποιῶν καὶ θύων ὑπὲρ τῆς δημοκρατίας Antipho 6.45""},{""biblio"":"""",""quote"":""τῷ Ἀπόλλωνι""},{""biblio"":""SIG | 1037.6"",""quote"":""τῷ Ἀπόλλωνι SIG 1037.6""},{""biblio"":"""",""quote"":""ἱ. εἰσιτητήρια ὑπὲρ τῆς βουλῆς""},{""biblio"":""D. | 21.114"",""quote"":""ἱ. εἰσιτητήρια ὑπὲρ τῆς βουλῆς D. 21.114""},{""biblio"":"""",""quote"":""οἱ τὰ μυστήρια -ποιήσαντες""},{""biblio"":""IG | 2.872"",""quote"":""οἱ τὰ μυστήρια -ποιήσαντες IG 2.872""},{""biblio"":"""",""quote"":""ἱ. τὰ Ἀπολλώνια""},{""biblio"":""BCH | 36.413"",""quote"":""ἱ. τὰ Ἀπολλώνια BCH 36.413""}]","[""Antipho | 6.45"",""BCH | 36.413"",""D. | 21.114"",""IG | 2.872"",""SIG | 1037.6""]",{},[],1,1,0,1,0,2,2,0,10
50082,10,439,n50082,ἱεροποί-ημα,,τό,817,,"[""sacrifice, Jahresh. 23 Beibl. 27 , 28 (Maeonia,iii A.D.).""]","[""sacrifice,""]",[],[],[],{},[],1,1,0,0,0,1,1,0,0
50083,10,440,n50083,ἱεροποι-ία,,ἡ,817,,"[""sacred service, festival, Aen. Tact. 17.1 (pl.), BSA 24.154 (Halimus,iv B.C., pl.);αἱ εἰς τὸν θεὸν ἱ. Decr.Halic. ap. J. AJ 14.10.23 , cf. Arist. Rh.Al. 1423b13 (pl.), Str. 5.2.9 , Porph. Abst. 2.18 ;ἱερεὺς πεντεκαιδέκανδρος ἐπὶ τῶν -ποιῶν,=XVvir sacris faciundis, IGRom. 3.172 (Ancyra).""]","[""sacred service, festival"",""XVvir sacris faciundis,""]",[],[],[],{},[],1,1,0,0,0,1,2,0,0
50084,10,441,n50084,ἱερόποι-ον,,τό,817,,"[""office of ἱεροποιοί, IG 11(2).144 A 104 (Delos,iv B.C.);ἱεροποι-ποίϊον Inscr. Déios 316.69 (iii B.C.).""]","[""office of"",""Inscr. Déios""]",[],[],[],{},[],1,1,0,0,0,1,2,0,0
50085,10,442,n50085,ἱεροποι-ός,Adj.,ὁ,817,,"[""overseer of temples and sacred rites, title of magistrates at Athens and elsewhere, IG 12.5 , al., D. 4.26 , Arist. Pol. 1322b24 , Ath. 54.6 , Decr.ib. 30.2 , IG 12(8).264 (Thasos,iv B.C.), SIG 410 (Erythrae,iii B.C.), Inscr.Prien. 14.25 (iii B.C.), etc.;ἱεροποιοὶ τῶν σεμνῶν θεῶν were different, D. 21.115 , Din. Fr. 8.1 ."",""sacrificer, D.H. 1.40 ."",""as Adj.,ἱ. νεανίσκος, παρθένοι, ib. 80 , 9.40 .""]","[""overseer of temples and sacred rites"",""sacrificer""]","[""ποιέω""]",[],[],{},[],1,1,1,0,0,3,2,1,0
50086,10,443,n50086,ἱερό-πολις,,ἡ,817,,"[""holy city, Ph. 2.146 ; of the cities of refuge, ib. 308 , 321 .""]","[""holy city""]",[],[],[],{},[],1,1,0,0,0,1,1,0,0
50087,10,444,n50087,ἱερο-πομπός,,ὁ,817,,"[""one who conveys the sacred tribute, ib. 224 , 578 .""]","[""one who conveys the sacred tribute""]",[],[],[],{},[],1,1,0,0,0,1,1,0,0
50088,10,445,n50088,ἱερό-πρακτος,,ὁ,817,,"[""ἱερό-πρακτος,ὁ,=ἱεροποιός, Cat.Cod.Astr. 8(4).138 (s.v.l., fort.""]",[],[],[],[],{},[],1,0,0,0,0,1,0,0,0
50089,10,446,n50089,ἱερο-πράκτωρ,,,817,,"[""ἱερο-πράκτωρ).""]",[],[],[],[],{},[],1,0,0,0,0,1,0,0,0
50090,10,447,n50090,ἱερο-πρεπής,Adv.,,817,,"[""bseeming a sacred place, person or matter, ὄνομα Pl. Thg. 122e ;τέχνη, of cookery, Men. 130 ; κνῖσα Luc. Sacr. 13 ; of persons, -έστατος τῶν προγεγενημένων X. Smp. 8.40 , cf. D.C. 56.46 , LXX 4 Ma. 9.25 , Ep.Tit. 2.3 .Adv. -πῶς Michel 163.21 (Delos,ii B.C.), Inscr.Prien. 109.216 (ii B.C.), Str. 12.5.3 , Beros. ap. J. Ap. 1.19 .""]","[""bseeming a sacred place, person"",""matter""]",[],"[{""biblio"":"""",""quote"":""ὄνομα""},{""biblio"":""Pl. | Thg. | 122e"",""quote"":""ὄνομα Pl. Thg. 122e""},{""biblio"":"""",""quote"":""κνῖσα""},{""biblio"":""Luc. | Sacr. | 13"",""quote"":""κνῖσα Luc. Sacr. 13""},{""biblio"":"""",""quote"":""-έστατος τῶν προγεγενημένων""},{""biblio"":""X. | Smp. | 8.40"",""quote"":""-έστατος τῶν προγεγενημένων X. Smp. 8.40""},{""biblio"":"""",""quote"":""-πῶς""},{""biblio"":""Michel | 163.21"",""quote"":""-πῶς Michel 163.21""}]","[""Luc. | Sacr. | 13"",""Michel | 163.21"",""Pl. | Thg. | 122e"",""X. | Smp. | 8.40""]",{},[],1,1,0,1,0,1,2,0,8
50091,10,448,n50091,ἱερο-πρόσπολος,,ὁ,817,,"[""sacred attendant, priest, Ptol. Tetr. 159 .""]","[""sacred attendant, priest""]",[],[],[],{},[],1,1,0,0,0,1,1,0,0
50092,10,449,n50092,ἱερόπτης,,ὁ,817,,"[""haruspex, D.C. 52.36 , 64.5 .""]","[""haruspex""]",[],[],[],{},[],1,1,0,0,0,1,1,0,0
50093,10,450,n50093,ἱερός,Subst.,τά,817,,"[""ἱερὸς ἀκτή Hes. Op. 597 , 805 , Orac. ap. Hdt. 8.77 : Ion. and poet.ἱρός,ή,όν(v. sub fin.): Dor. and N. Greek ἱᾰρός IG 22.1126.20 , etc.: Aeol. ἶρος Sapph. Supp. 23.25 , Alc. Supp. 8.4 , but ἴαρος(corr. from ἴερ-) Sapph. Supp. 20a . 6 : Sup. ἱερώτατος Ar. Eq. 582 (lyr.), Pl. Lg. 755e ."",""filled with or manifesting divine power, supernatural, ἱ. ἲς Τηλεμάχοιο Od. 2.409 , al.; ἱ. μένος Ἀλκινόοιο 8.421 , etc.;ἄλφιτον, ἀλωαί, Il. 11.631 , 5.499 ; Δημήτερος ἱερὸς ἀκτή Hes. Op. Il.c.; of natural objects or phenomena, rivers, Od. 10.351 , Il. 11.726 , E. Med. 410 (lyr.);λιβάς, of the Spercheus, S. Ph. 1215 (lyr.);ἱεραὶ βῆσσαι Κίρκης'faery', Od. 10.275 ;ἱ. ἦμαρ, κνέφας, Il. 8.66 , 11.194 ; φάος Hes. Op. 339 ;ἱερὸς δίφρος(where δ.perh.=ἵπποι) Il. 17.464 ; after Hom. , ἱ. χεῦμα θαλάσσης A. Fr. 192 (anap.); ἱ. κῦμα E. Hipp. 1206 , cf. Cyc. 265 ; ὄμβρος S. OT 1428 ; δρόσοι E. Ion 117 (lyr.);ὕπνος, of death, Call. Epigr. 11 ;ἔστι μὲν οὐδὲν ἱ. no great matter, Theoc. 5.22 ."",""of divine things,holy, ἱεροῖς ἐν δώμασι Κίρκης Od. 10.426 ; ἱ. γένος ἀθανάτων Hes. Th. 21 ;λέχος, of Zeus, ib. 57 ;δόσις the gift of God, ib. 93 ;πόλεμος holy war, 'crusade', Ar. Av. 556 , etc."",""of earthly things,hallowed, consecrated, βωμοί Il. 2.305 ;ἱ. δόμος, of the temple of Athena, 6.89 ; ἱ. ἑκατόμβη 1.99 , 431 , etc.; ἐλαίη Od. 13.372 ; χοαί S. OC 469 , etc.;ἱρὰ γράμματα hieroglyphics, Hdt. 2.36 ; but ἱ. γράμματα of the Holy Scriptures,2 Ep.Tim. 3.15 ; ἱ. βύβλοι OGI 56.70 (Canopus,iii B.C.);ἱ. ἄγαλμα, τρίπους, S. OT 1379 , E. Ion 512 , etc.; χρήματα Pl. R. 568d , etc.; ἱ. τὸ σῶμα τῷ θεῷ δίδωμ' ἔχειν E. Ion 1285 ;ἱ. σώματα, of ἱερόδουλοι, Str. 6.2.6 ; χῆνες Plu. 2.325c ; of animals regarded as 'taboo', [ κριοί] εἰσί σφι ἱ. διὰ τοῦτο Hdt. 2.42 ; so perh. ἱ. ἰχθύς Il. 16.407 ; of the Roman Tribunes,= Lat.sacrosanctus, ἱ. καὶ ἄσυλος Plu. TG 15 , etc.; of Augustus, Mon.Anc.Gr. 5.17 ;ἱ. νόμος law of sacrifice, D. 21.35 , cf. SIG 685.81 (ii B.C.);ἱ. λόγος legend, Hdt. 2.81 , etc.; οἱ παλαιοὶ καὶ ἱ. λόγοι Pl. Ep. 335a ;ἱ. γάμος mystical marriage, a religious ceremony, Men. 320 , Phot. s.v.; opp.βέβηλος, as sacred to profane, D.H. 7.8 , AB 223 ; but more freq. ἱ. καὶ ὅσιος Th. 2.52 , X. Vect. 5.4 , etc.; cf.ὅσιος."",""under divine protection, freq. of places, Ἴλιος Il. 5.648 , Alc. Supp. 8.4 ; Πύλος Od. 21.108 ; Θήβη Sapph. Supp. 20a . 6 ;Τροίης ἱερὸν πτολίεθρον, Τροίης ἱερὰ κρήδεμνα, Od. 1.2 , Il. 16.100 ; Ἀθῆναι Od. 11.323 , cf. Pi. Fr. 75 , S. Aj. 1221 (lyr.), Ps.-Orac. ap. Ar. Eq. 1037 ; Σούνιον ἱρόν Od. 3.278 ;ἱ. κύκλος the judge's seat under the protection of Zeus, Il. 18.504 : with gen. of the divinity,ἄλσος ἱρὸν Ἀθηναίης, ἄντρον ἱρὸν νυμφάων, Od. 6.322 , 13.104 , cf. Hdt. 1.80 , 2.41 , Ar. Pl. 937 , X. An. 5.3.13 , etc.; γῆ καὶ ἑστία ἱερὰ πᾶσι πάντων θεῶν Pl. Lg. 955e ;χωρίον ὡς -ώτατον ib. 755e , cf. Ti. 45a ; with gen. of a human being, Γναθίου . . ἱ. εἰμι IG 12.920 ."",""of persons, φυλάκων ἱ. τέλος Il. 10.56 ; ἱ. πυλαωροί 24.681 ; στρατός Od. 24.81 ; βασιλέες Pi. P. 5.97 ;ἱ. εὐσεβής τε, of Oedipus, S. OC 287 ;ἅνθρωπος ἱ.initiated, Ar. Ra. 652 ; c. gen. of a divinity,deuoted, dedicated, E. Alc. 75 , Pl. Phd. 85b ."",""under the Roman Empire,=sacer, imperial, ἐκ τῶν ἱερῶν τοῦ Καίσαρος γραμμάτων IGRom. 4.571 (Aezani,ii A.D.);ὁ -ώτατος φίσκος, τὸ -ώτατον ταμιεῖον, ib. 3.727 (Lycia), SIG 888.10 (Scaptopara,iii A.D.), etc.;τὸ -ώτατον βῆμα(of the praefectus Aegypti), PHamb. 4.8 (i A.D.): generally,worshipful, ἱ. σύνοδος OGI 713.9 (Egypt,iii A.D.), etc."",""as Subst.,"",""ἱερά, Ion. ἱρά,τά,offerings, victims, ἱερὰ ῥέξας Il. 1.147 , etc.; ἔρδειν Hes. Op. 336 ; διδόναι Od. 16.184 ; ἀλλ' ὅ γε δέκτο μὲν ἱρά Il. 2.420 , cf. 23.207 : less freq. in sg., ὄφρ' ἱρὸν ἑτοιμασσαίατ' Ἀθήνῃ 10.571 ; θῦσαι ἱρά Hdt. 1.59 , 8.54 , etc.; θυσίας καὶ ἱρὰ ποιέειν Id. 2.63 ; αἴθειν S. Ph. 1033 ; ἱ. πατρῷα A. Th. 1015 ; ἱ. ἐπιχώρια Democr. 259 ."",""after Hom. ,omens afforded by sacrifice, τὰ ἱρὰ οὐ προεχώρεε χρηστά Hdt. 5.44 ;τὰ ἱερὰ καλὰ [ἦν] X. An. 1.8.15 ; simply οὐκ ἐγίγνετο τὰ ἱ. ib. 2.2.3 ."",""generally,sacred objects or rites, Hdt. 1.172 , 4.33 ; τῶν ὑμετέρων ἱ. καὶ κοινῶν μετεῖχον D. 57.3 ; of cult-images, IG Rom. 3.800 (syllium)."",""after Hom. ,ἱερόν, Ion. ἱρόν,τό,holy place, Hdt. 5.119 ,al.; opp.νηός, Id. 2.170 , cf. Th. 4.90 , 5.18 ; freq. of a temple,ἔστι δὲ ἐν τῷ τεμένεϊ . . ἱρόν κτλ. Hdt. 2.112 ; of the Jewish temple, LXX 1 Ch. 29.4 , Plb. 16.39.4 , Str. 16.2.34 , Ev.Matt. 24.1 ."",""ἱερὸν τῆς δίκης a sacred principle of right, E. Hel. 1002 ."",""ἱερός,ὁ(sc.μήν), name of month at Delos, IG 12.377.22 , 11(2).203 A 31 (iii B.C.)."",""ἱεροί, οἱ, members of a religious college or guild, ib. 5(1).1390.1 , al. (Andania,i B.C.), prob. in SIG 1010.7 (Chalcedon), etc.; also of women,ἱεραί,αἱ, IG 5(1) . l.c., cf. 1511 (Sparta)."",""= ἱερόδουλος , ib. 1356 (Messenia, V B.C.), Inscr.Perg. 572 , GDI 5702.39 (Samos)."",""special phrases, post- Hom. ,"",""prov.,ἱ. ἄγκυρα one's last hope, Plu. 2.815d , Luc. JTr. 51 , Fug. 13 , Poll. 1.93 , Gal. 11.182 ."",""ἱ. βόλος, name of a throw at dice, Eub. 57.1 ."",""ἱ. βοτάνη, v. βοτάνη ."",""ἱ. (sc.γραμμή) (cf. γραμμή 111.1 ),last line of draught-board, κινήσαις τὸν ἀπ' ἴρας . . λίθον Alc. 82 , cf. Epich. 225 , Sophr. 127 ;τὴν ἀφ' ἱερᾶς( v.l. τὴν ἱεράν ) Plu. Cor. 32 ."",""ἱ. ἰχθύς,=ἀνθίας, Arist. HA 620b35 , cf. Ath. 7.282e , Plu. 2.981d ."",""ἱ. λόχος, v. λόχος ."",""ἱερά(sc.νίκη),ἡ,drawn contest, dead heat(because the prize was assigned to the god), SIG 1073.48 ( Olymp. );ποιῆσαι ἱεράν, of the competitor, Wood Ephesus, App.vi p.70 ; so ἱ. ἀθλήματα Inscr.Olymp. 56 ; ἱερὸς ὁ στέφανος ἐκρίθη IG 9(2).525 (Larissa);τὸ παγκράτιον ἱ. ἐγένετο ib. 527 (ibid.);ἱερός(sc.ἀγών) ib. 7.2727.19 , 24 (Acraeph.): metaph.,ἱερὸν ποιῆσαι τὸν στέφανον'divide the honours', Plb. 1.58.5 , 29.8.9 ."",""ἱ. νόσος epilepsy, Hdt. 3.33 , Hp. Morb. Sacr. tit., Thphr. HP 9.11.3 , etc., cf. Call. Aet. 3.1.14 : metaph., τὴν οἴησιν ἱ. νόσον ἔλεγε Heraclit. 46 (= Epicur. Fr. 224 )."",""ἡ ἱ. ὁδός the sacred road to Delphi, Hdt. 6.34 ; also, from Athens to Eleusis, Cratin. 61 , Paus. 1.36.3 , Harp. s.v.; and that from Elis to Olympia, Paus. 5.25.7 ."",""ἱ. ὀστέον,os sacrum, the last bone of the spine, Hp. Art. 45 , Plu. 2.981d , Gal. UP 5.8 , etc."",""ἱ. συμβουλή sacred duty of an adviser, Pl. Ep. 321c , X. An. 5.6.4 , cf. Pl. Thg. 122b , Luc. Rh.Pr. 1 ."",""ἱ. σῦριγξ spinal canal, Poll. 2.180 ."",""ἱερὰ τριήρης, of the Delian ship, or one of the state-ships (Salaminia or Paralos), D. 4.34 ."",""freq. in geographical names, e.g.ἱ ἄκρα, in Lycia, Str. 14.3.8 ;ἱ. ἀκρωτήριον, in Spain,Cape St. Vincent, Id. 2.4.3 ;ἱ. κώμη, in Lydia, Plb. 16.1.8 ;ἱ. νῆσος, one of the Liparean group, Th. 3.88 ; one of the insulae Aegates, Plb. 1.60.3 ."",""Adv. -ρῶς holily,ἀποθανεῖν v.l. in Plu. Lyc. 27 . [ῐ by nature, but sts.ῑ in Ep. , esp. in endings of hexameters,ἱ. ἰχθύς, ἱ. ἦμαρ, ἱερὰ ῥέξας, ἀλφίτου ἱεροῦ ἀκτή, Il. 16.407 , 8.66 , 1.147 , 11.631 ;ῑερόν in the first foot of a hex., Theoc. 5.22 ; also in compds.ἱεραγωγός, ἱεροθαλλής, ἱερόφωνος:ῑ always in contr. form ἱρός wh. is used in Ep. , Hdt. , and some Ion. inscrr., as IG 12(8).265.9 (Thasos), cf. Semon. 7.56 , Herod. 4.79 , al., but is rarely found in codd. of Hp. (never in Heraclit. or Democr. ); also in Trag., A. Th. 268 , etc., but never required by metre in lyr. of Com.]""]","[""filled with"",""manifesting divine power, supernatural"",""great"",""holy"",""of God"",""holy"",""crusade"",""hallowed, consecrated"",""hieroglyphics"",""2 Ep.Tim."",""sacrosanctus"",""of sacrifice"",""legend"",""mystical"",""sacred"",""profane"",""under divine protection"",""under the protection of Zeus"",""initiated"",""deuoted, dedicated"",""sacer, imperial"",""praefectus Aegypti"",""worshipful"",""offerings, victims"",""omens afforded by sacrifice"",""sacred objects"",""rites"",""cult-images, IG Rom."",""holy place"",""temple"",""a sacred principle"",""one's last hope"",""last line"",""drawn contest, dead heat"",""Ephesus, App."",""epilepsy"",""the sacred"",""os sacrum"",""sacred duty of an adviser"",""spinal canal"",""Cape St. Vincent"",""insulae Aegates"",""holily""]",[],"[{""biblio"":"""",""quote"":""ἱερὸς ἀκτή""},{""biblio"":""Hes. | Op. | 597"",""quote"":""ἱερὸς ἀκτή Hes. Op. 597""},{""biblio"":"""",""quote"":""ἱερώτατος""},{""biblio"":""Ar. | Eq. | 582"",""quote"":""ἱερώτατος Ar. Eq. 582""},{""biblio"":"""",""quote"":""ἱ. ἲς Τηλεμάχοιο""},{""biblio"":""Od. | 2.409"",""quote"":""ἱ. ἲς Τηλεμάχοιο Od. 2.409""},{""biblio"":"""",""quote"":""ἱ. μένος Ἀλκινόοιο""},{""biblio"":""8.421"",""quote"":""ἱ. μένος Ἀλκινόοιο 8.421""},{""biblio"":"""",""quote"":""Δημήτερος ἱερὸς ἀκτή""},{""biblio"":""Hes. | Op."",""quote"":""Δημήτερος ἱερὸς ἀκτή Hes. Op.""},{""biblio"":"""",""quote"":""φάος""},{""biblio"":""Hes. | Op. | 339"",""quote"":""φάος Hes. Op. 339""},{""biblio"":"""",""quote"":""ἱ. χεῦμα θαλάσσης""},{""biblio"":""A. | Fr. | 192"",""quote"":""ἱ. χεῦμα θαλάσσης A. Fr. 192""},{""biblio"":"""",""quote"":""ἱ. κῦμα""},{""biblio"":""E. | Hipp. | 1206"",""quote"":""ἱ. κῦμα E. Hipp. 1206""},{""biblio"":"""",""quote"":""ὄμβρος""},{""biblio"":""S. | OT | 1428"",""quote"":""ὄμβρος S. OT 1428""},{""biblio"":"""",""quote"":""δρόσοι""},{""biblio"":""E. | Ion | 117"",""quote"":""δρόσοι E. Ion 117""},{""biblio"":"""",""quote"":""ἱεροῖς ἐν δώμασι Κίρκης""},{""biblio"":""Od. | 10.426"",""quote"":""ἱεροῖς ἐν δώμασι Κίρκης Od. 10.426""},{""biblio"":"""",""quote"":""ἱ. γένος ἀθανάτων""},{""biblio"":""Hes. | Th. | 21"",""quote"":""ἱ. γένος ἀθανάτων Hes. Th. 21""},{""biblio"":"""",""quote"":""βωμοί""},{""biblio"":""Il. | 2.305"",""quote"":""βωμοί Il. 2.305""},{""biblio"":"""",""quote"":""ἱ. ἑκατόμβη""},{""biblio"":""1.99"",""quote"":""ἱ. ἑκατόμβη 1.99""},{""biblio"":"""",""quote"":""ἐλαίη""},{""biblio"":""Od. | 13.372"",""quote"":""ἐλαίη Od. 13.372""},{""biblio"":"""",""quote"":""χοαί""},{""biblio"":""S. | OC | 469"",""quote"":""χοαί S. OC 469""},{""biblio"":"""",""quote"":""ἱ. βύβλοι""},{""biblio"":""OGI | 56.70"",""quote"":""ἱ. βύβλοι OGI 56.70""},{""biblio"":"""",""quote"":""χρήματα""},{""biblio"":""Pl. | R. | 568d"",""quote"":""χρήματα Pl. R. 568d""},{""biblio"":"""",""quote"":""ἱ. τὸ σῶμα τῷ θεῷ δίδωμ' ἔχειν""},{""biblio"":""E. | Ion | 1285"",""quote"":""ἱ. τὸ σῶμα τῷ θεῷ δίδωμ' ἔχειν E. Ion 1285""},{""biblio"":"""",""quote"":""χῆνες""},{""biblio"":""Plu. | 2.325c"",""quote"":""χῆνες Plu. 2.325c""},{""biblio"":"""",""quote"":""κριοί] εἰσί σφι ἱ. διὰ τοῦτο""},{""biblio"":""Hdt. | 2.42"",""quote"":""κριοί] εἰσί σφι ἱ. διὰ τοῦτο Hdt. 2.42""},{""biblio"":"""",""quote"":""ἱ. ἰχθύς""},{""biblio"":""Il. | 16.407"",""quote"":""ἱ. ἰχθύς Il. 16.407""},{""biblio"":"""",""quote"":""ἱ. καὶ ἄσυλος""},{""biblio"":""Plu. | TG | 15"",""quote"":""ἱ. καὶ ἄσυλος Plu. TG 15""},{""biblio"":"""",""quote"":""οἱ παλαιοὶ καὶ ἱ. λόγοι""},{""biblio"":""Pl. | Ep. | 335a"",""quote"":""οἱ παλαιοὶ καὶ ἱ. λόγοι Pl. Ep. 335a""},{""biblio"":"""",""quote"":""ἱ. καὶ ὅσιος""},{""biblio"":""Th. | 2.52"",""quote"":""ἱ. καὶ ὅσιος Th. 2.52""},{""biblio"":"""",""quote"":""Ἴλιος""},{""biblio"":""Il. | 5.648"",""quote"":""Ἴλιος Il. 5.648""},{""biblio"":"""",""quote"":""Πύλος""},{""biblio"":""Od. | 21.108"",""quote"":""Πύλος Od. 21.108""},{""biblio"":"""",""quote"":""Θήβη""},{""biblio"":""Sapph. | Supp. | 20a"",""quote"":""Θήβη Sapph. Supp. 20a""},{""biblio"":"""",""quote"":""Ἀθῆναι""},{""biblio"":""Od. | 11.323"",""quote"":""Ἀθῆναι Od. 11.323""},{""biblio"":"""",""quote"":""Σούνιον ἱρόν""},{""biblio"":""Od. | 3.278"",""quote"":""Σούνιον ἱρόν Od. 3.278""},{""biblio"":"""",""quote"":""γῆ καὶ ἑστία ἱερὰ πᾶσι πάντων θεῶν""},{""biblio"":""Pl. | Lg. | 955e"",""quote"":""γῆ καὶ ἑστία ἱερὰ πᾶσι πάντων θεῶν Pl. Lg. 955e""},{""biblio"":"""",""quote"":""Γναθίου . . ἱ. εἰμι""},{""biblio"":""IG | 12.920"",""quote"":""Γναθίου . . ἱ. εἰμι IG 12.920""},{""biblio"":"""",""quote"":""φυλάκων ἱ. τέλος""},{""biblio"":""Il. | 10.56"",""quote"":""φυλάκων ἱ. τέλος Il. 10.56""},{""biblio"":"""",""quote"":""ἱ. πυλαωροί""},{""biblio"":""24.681"",""quote"":""ἱ. πυλαωροί 24.681""},{""biblio"":"""",""quote"":""στρατός""},{""biblio"":""Od. | 24.81"",""quote"":""στρατός Od. 24.81""},{""biblio"":"""",""quote"":""βασιλέες""},{""biblio"":""Pi. | P. | 5.97"",""quote"":""βασιλέες Pi. P. 5.97""},{""biblio"":"""",""quote"":""ἐκ τῶν ἱερῶν τοῦ Καίσαρος γραμμάτων""},{""biblio"":""IGRom. | 4.571"",""quote"":""ἐκ τῶν ἱερῶν τοῦ Καίσαρος γραμμάτων IGRom. 4.571""},{""biblio"":"""",""quote"":""ἱ. σύνοδος""},{""biblio"":""OGI | 713.9"",""quote"":""ἱ. σύνοδος OGI 713.9""},{""biblio"":"""",""quote"":""ἱερὰ ῥέξας""},{""biblio"":""Il. | 1.147"",""quote"":""ἱερὰ ῥέξας Il. 1.147""},{""biblio"":"""",""quote"":""ἔρδειν""},{""biblio"":""Hes. | Op. | 336"",""quote"":""ἔρδειν Hes. Op. 336""},{""biblio"":"""",""quote"":""διδόναι""},{""biblio"":""Od. | 16.184"",""quote"":""διδόναι Od. 16.184""},{""biblio"":"""",""quote"":""ἀλλ' ὅ γε δέκτο μὲν ἱρά""},{""biblio"":""Il. | 2.420"",""quote"":""ἀλλ' ὅ γε δέκτο μὲν ἱρά Il. 2.420""},{""biblio"":"""",""quote"":""ὄφρ' ἱρὸν ἑτοιμασσαίατ' Ἀθήνῃ""},{""biblio"":""10.571"",""quote"":""ὄφρ' ἱρὸν ἑτοιμασσαίατ' Ἀθήνῃ 10.571""},{""biblio"":"""",""quote"":""θῦσαι ἱρά""},{""biblio"":""Hdt. | 1.59"",""quote"":""θῦσαι ἱρά Hdt. 1.59""},{""biblio"":"""",""quote"":""θυσίας καὶ ἱρὰ ποιέειν""},{""biblio"":""Id. | 2.63"",""quote"":""θυσίας καὶ ἱρὰ ποιέειν Id. 2.63""},{""biblio"":"""",""quote"":""αἴθειν""},{""biblio"":""S. | Ph. | 1033"",""quote"":""αἴθειν S. Ph. 1033""},{""biblio"":"""",""quote"":""ἱ. πατρῷα""},{""biblio"":""A. | Th. | 1015"",""quote"":""ἱ. πατρῷα A. Th. 1015""},{""biblio"":"""",""quote"":""ἱ. ἐπιχώρια""},{""biblio"":""Democr. | 259"",""quote"":""ἱ. ἐπιχώρια Democr. 259""},{""biblio"":"""",""quote"":""τὰ ἱρὰ οὐ προεχώρεε χρηστά""},{""biblio"":""Hdt. | 5.44"",""quote"":""τὰ ἱρὰ οὐ προεχώρεε χρηστά Hdt. 5.44""},{""biblio"":"""",""quote"":""τῶν ὑμετέρων ἱ. καὶ κοινῶν μετεῖχον""},{""biblio"":""D. | 57.3"",""quote"":""τῶν ὑμετέρων ἱ. καὶ κοινῶν μετεῖχον D. 57.3""},{""biblio"":"""",""quote"":""γραμμή""},{""biblio"":""111.1"",""quote"":""γραμμή 111.1""},{""biblio"":"""",""quote"":""κινήσαις τὸν ἀπ' ἴρας . . λίθον""},{""biblio"":""Alc. | 82"",""quote"":""κινήσαις τὸν ἀπ' ἴρας . . λίθον Alc. 82""},{""biblio"":"""",""quote"":""ἱ. ἀθλήματα""},{""biblio"":""Inscr.Olymp. | 56"",""quote"":""ἱ. ἀθλήματα Inscr.Olymp. 56""},{""biblio"":"""",""quote"":""ἱερὸς ὁ στέφανος ἐκρίθη""},{""biblio"":""IG | 9(2).525"",""quote"":""ἱερὸς ὁ στέφανος ἐκρίθη IG 9(2).525""},{""biblio"":"""",""quote"":""τὴν οἴησιν ἱ. νόσον ἔλεγε""},{""biblio"":""Heraclit. | 46"",""quote"":""τὴν οἴησιν ἱ. νόσον ἔλεγε Heraclit. 46""}]","[""1.99"",""10.571"",""111.1"",""24.681"",""8.421"",""A. | Fr. | 192"",""A. | Th. | 1015"",""Alc. | 82"",""Ar. | Eq. | 582"",""D. | 57.3"",""Democr. | 259"",""E. | Hipp. | 1206"",""E. | Ion | 117"",""E. | Ion | 1285"",""Hdt. | 1.59"",""Hdt. | 2.42"",""Hdt. | 5.44"",""Heraclit. | 46"",""Hes. | Op."",""Hes. | Op. | 336"",""Hes. | Op. | 339"",""Hes. | Op. | 597"",""Hes. | Th. | 21"",""IG | 12.920"",""IG | 9(2).525"",""IGRom. | 4.571"",""Id. | 2.63"",""Il. | 1.147"",""Il. | 10.56"",""Il. | 16.407"",""Il. | 2.305"",""Il. | 2.420"",""Il. | 5.648"",""Inscr.Olymp. | 56"",""OGI | 56.70"",""OGI | 713.9"",""Od. | 10.426"",""Od. | 11.323"",""Od. | 13.372"",""Od. | 16.184"",""Od. | 2.409"",""Od. | 21.108"",""Od. | 24.81"",""Od. | 3.278"",""Pi. | P. | 5.97"",""Pl. | Ep. | 335a"",""Pl. | Lg. | 955e"",""Pl. | R. | 568d"",""Plu. | 2.325c"",""Plu. | TG | 15"",""S. | OC | 469"",""S. | OT | 1428"",""S. | Ph. | 1033"",""Sapph. | Supp. | 20a"",""Th. | 2.52""]",{},"[{""type"":""ref"",""target"":"""",""text"":""ἱερόδουλος""},{""type"":"""",""target"":"""",""text"":""= ἱερόδουλος""},{""type"":""ref"",""target"":"""",""text"":""βοτάνη""},{""type"":"""",""target"":"""",""text"":""v. βοτάνη""},{""type"":""ref"",""target"":"""",""text"":""τὴν ἱεράν""},{""type"":"""",""target"":"""",""text"":""v.l. τὴν ἱεράν""},{""type"":""ref"",""target"":"""",""text"":""λόχος""},{""type"":"""",""target"":"""",""text"":""v. λόχος""}]",1,1,0,1,1,32,43,0,110
50094,10,451,n50094,ἱερο-σαλπικτής,,ὁ,817,,"[""trumpeter at a sacrifice, Poll. 4.87 (v.l. ἱερο-ιγκτής), CIG 1969 (Thessalonica), 2983 (Ephesus):""]","[""trumpeter at a sacrifice""]",[],[],[],{},[],1,1,0,0,0,1,1,0,0
50095,10,452,n50095,ἱερο-ιστής,,,817,,"[""ἱερο-ιστής IG 14.617 (Rhegium).""]",[],[],[],[],{},[],1,0,0,0,0,1,0,0,0
50096,10,453,n50096,ἱερο-σέβαστος,,,817,,"[""ἱερο-σέβαστος(sc.μήν), ὁ name of month in Ionian calendar,Hemerolog.Flor.""]",[],[],[],[],{},[],1,0,0,0,0,1,0,0,0
50097,10,454,n50097,ἱερο-σκοπέομαι,,,817,,"[""inspect victims, divine therefrom, Plb. 34.2.6 ;ἱ. μόσχῳ divine by the entrails of a calf, D.S. 1.70 .""]","[""inspect victims, divine therefrom"",""divine by""]",[],[],[],{},[],1,1,0,0,0,1,2,0,0
50098,10,455,n50098,ἱερο-σκοπία,,ἡ,817,,"[""divination by inspection of victims, ib. 73 , Iamb. VP 19.93 : Ion. -ιη Hp. Acut. 8 , Dioap. Orph. Fr. 219 .""]","[""divination by inspection of victims""]",[],"[{""biblio"":"""",""quote"":""-ιη""},{""biblio"":""Hp. | Acut. | 8"",""quote"":""-ιη Hp. Acut. 8""}]","[""Hp. | Acut. | 8""]",{},[],1,1,0,1,0,1,1,0,2
50099,10,456,n50099,ἱερο-σκόπος,,,817,,"[""inspecting victims, Θέμις ἱ. ἀνδρῶν Orph. Εὐχή 23 , cf. Porph. Abst. 2.50 ."",""=Lat.haruspex, D.H. 2.22 , D.S. 32.12 ."",""dub. l. in Cat.Cod.Astr. 8(4).145 (fort.-σκώπτης).""]","[""inspecting victims"",""haruspex""]",[],"[{""biblio"":"""",""quote"":""Θέμις ἱ. ἀνδρῶν""},{""biblio"":""Orph."",""quote"":""Θέμις ἱ. ἀνδρῶν Orph.""},{""biblio"":"""",""quote"":""Εὐχή""},{""biblio"":""23"",""quote"":""Εὐχή 23""}]","[""23"",""Orph.""]",{},[],1,1,0,1,0,3,2,0,4
50100,10,457,n50100,ἱερο-στάτης,,ὁ,817,,"[""governor of the temple, LXX 1 Es. 7.2 .""]","[""governor of the temple""]",[],[],[],{},[],1,1,0,0,0,1,1,0,0
50101,10,458,n50101,ἱερο-στολικά,,τά,817,,"[""title of poem on sacred vestments, Suid. s.v. Ὀρφεύς .""]","[""title of poem on sacred vestments""]",[],[],[],{},"[{""type"":""ref"",""target"":"""",""text"":""Ὀρφεύς""},{""type"":"""",""target"":"""",""text"":""s.v. Ὀρφεύς""}]",1,1,0,0,1,1,1,0,0
50102,10,459,n50102,ἱερο-στολιστής,,ὁ,817,,"[""ἱερο-στολιστής,οῦ,ὁ,= sq., Chaerem. ap. Porph. Abst. 4.8 , Sammelb. 5553 .""]",[],[],[],[],{},[],1,0,0,0,0,1,0,0,0
50103,10,460,n50103,ἱερό-στολος,,ὁ,817,,"[""who had charge of the sacred vestments,=στολιστής, Plu. 2.352b .""]","[""who had charge of the sacred vestments""]",[],[],[],{},[],1,1,0,0,0,1,1,0,0
50104,10,461,n50104,ἱεροσῡλ-έω,,,817,,"[""ἱεροσύληκα SIG 417.8 (Delph.,iii B.C.):—rob a temple, commit sacrilege, Ar. V. 845 , Antipho 5.10 , Pl. R. 575b ."",""c. acc.,ἱ. τὰ ὅπλα steal the sacred arms, D. 57.64 , cf. Lycurg. 136 ;ἱ. τὰ ἱερά rob or plunder the temples, Plb. 30.26.9 ; θεούς Phalar. Ep. 84.1 .""]","[""rob a temple, commit sacrilege"",""steal the sacred"",""rob"",""plunder""]",[],"[{""biblio"":"""",""quote"":""ἱεροσύληκα""},{""biblio"":""SIG | 417.8"",""quote"":""ἱεροσύληκα SIG 417.8""},{""biblio"":"""",""quote"":""θεούς""},{""biblio"":""Phalar. | Ep. | 84.1"",""quote"":""θεούς Phalar. Ep. 84.1""}]","[""Phalar. | Ep. | 84.1"",""SIG | 417.8""]",{},[],1,1,0,1,0,2,4,0,4
50105,10,462,n50105,ἱεροσῡ́λ-ημα,,τό,817,,"[""sacrilegious plunder, LXX 2 Ma. 4.39 ;sacrilege, Hsch.""]","[""sacrilegious plunder"",""sacrilege""]",[],[],[],{},[],1,1,0,0,0,1,2,0,0
50106,10,463,n50106,ἱεροσῡ́λ-ησις,,ἡ,817,823,"[""temple-robbery, sacrilege,f.l. in D.S. 16.14 .""]","[""temple-robbery, sacrilege""]",[],[],[],{},[],1,1,0,0,0,1,1,0,0
50107,10,464,n50107,ἱεροσῡλ-ία,,ἡ,817,,"[""ἱεροσῡλ-ία,ἡ,= foreg., X. Ap. 25 , SIG 1017.18 (Sinope,iii B.C.), etc.: pl., Pl. R. 443a .""]",[],[],[],[],{},[],1,0,0,0,0,1,0,0,0
50108,10,465,n50108,ἱερόσῡλ-ος,Adj.,ὁ,817,,"[""temple-robber, or generally,sacrilegious person, Ar. Pl. 30 , Lys. 30.21 , Pl. R. 344b , Men. Epit. 560 , etc.: fem., ib. 504 :ἱερόσυλε γραῦ ib. 524 : neut. as Adj., ἱ. θηρία Id. Pk. 176 ."",""of things,got by sacrilege, παροψίδες Eub. 7.4 .""]","[""temple-robber"",""sacrilegious person"",""got by sacrilege""]",[],"[{""biblio"":"""",""quote"":""ἱ. θηρία""},{""biblio"":""Id. | Pk. | 176"",""quote"":""ἱ. θηρία Id. Pk. 176""},{""biblio"":"""",""quote"":""παροψίδες""},{""biblio"":""Eub. | 7.4"",""quote"":""παροψίδες Eub. 7.4""}]","[""Eub. | 7.4"",""Id. | Pk. | 176""]",{},[],1,1,0,1,0,2,3,0,4
50109,10,466,n50109,ἱερο-τᾰμίας,,ὁ,817,,"[""temple-treasurer, IG 9(1).32.25 (Stiris), 12 ( 1 ). 890 (Rhodes): pl.,Chron.Lind. A. 8 , Supp.Epigr. 2.828 (Damascus).""]","[""temple-treasurer,""]",[],[],[],{},[],1,1,0,0,0,1,1,0,0
50110,10,467,n50110,ἱερο-τᾰμιεύω,,,817,,"[""to be temple-treasurer, SIG 804.16 (Cos,i A.D.).""]","[""to be temple-treasurer""]",[],[],[],{},[],1,1,0,0,0,1,1,0,0
50111,10,468,n50111,ἱερο-τέκτων,,ὁ,817,,"[""temple-carpenter, POxy. 579 (ii A.D.), Sammelb. 789 (iii A.D.), Cat.Cod.Astr. 8(4).165 .""]","[""temple-carpenter,""]",[],[],[],{},[],1,1,0,0,0,1,1,0,0
50112,10,469,n50112,ἱερο-τελεστία,,ἡ,817,,"[""solemnization of sacred rites, interpol. in Suid. s.v. ἁγίασμα .""]","[""solemnization of sacred rites""]",[],[],[],{},"[{""type"":""ref"",""target"":"""",""text"":""ἁγίασμα""},{""type"":"""",""target"":"""",""text"":""s.v. ἁγίασμα""}]",1,1,0,0,1,1,1,0,0
50113,10,470,n50113,ἱερο-τεύκτης,,ὁ,817,,"[""temple-builder, Vett.Val. 4.11 .""]","[""temple-builder""]",[],[],[],{},[],1,1,0,0,0,1,1,0,0
50114,10,471,n50114,ἱερό-τροχος,,,817,,"[""sacred car, Orph. H. 14.2 .""]","[""sacred""]",[],[],[],{},[],1,1,0,0,0,1,1,0,0
50115,10,472,n50115,ἱερο-υλίζω,,,817,,"[""ἱερο-υλίζω, of wine,τὸν παλαιὸν καὶ ἱερουλίζοντα dub. sens. in Alex.Trall. 10 .""]",[],[],[],[],{},[],1,0,0,0,0,1,0,0,0
50116,10,473,n50116,ἱερουργ-έω,,,817,,"[""perform sacred rites, IG 12.4.4 , 8 , Ph. 2.94 , etc."",""c. acc.,ἱ. τὴν κλίνην, Lat.lectisternium facere,CIG(add.) 4528 (Lebanon);ἱ. ζῷα sacrifice them, gloss on σφάξαι , Ammon. Diff. p.127 V.;ἱ. τὸ εὐαγγέλιον minister the gospel, Ep.Rom. 15.16 ;τὸν νόμον v.l. in LXX 4 Ma. 7.8 :— Med. , ἱερουργίας ἱερουργεῖσθαι Plu. Alex. 31 :— Pass. ,τὰ ἱερουργηθέντα victims offered, Hdn. 5.5.9 , cf. Palaeph. 51 ;-ούμεναι τελεταί celebrated, Iamb. VP 3.14 ;ἱερουργούμενοι βωμοί consecrated, Porph. Marc. 18 .""]","[""perform sacred rites,"",""lectisternium facere"",""sacrifice"",""minister"",""victims offered"",""celebrated"",""consecrated""]",[],"[{""biblio"":"""",""quote"":""ἱερουργίας ἱερουργεῖσθαι""},{""biblio"":""Plu. | Alex. | 31"",""quote"":""ἱερουργίας ἱερουργεῖσθαι Plu. Alex. 31""}]","[""Plu. | Alex. | 31""]",{},"[{""type"":""ref"",""target"":"""",""text"":""σφάξαι""},{""type"":"""",""target"":"""",""text"":""gloss on σφάξαι""}]",1,1,0,1,1,2,7,0,2
50117,10,474,n50117,ἱερούργ-ημα,,τό,817,,"[""sacrifice, offering, J. AJ 8.4.5 (pl.), Iamb. VP 28.147 (pl.).""]","[""sacrifice, offering""]",[],[],[],{},[],1,1,0,0,0,1,1,0,0
50118,10,475,n50118,ἱερουργ-ία,,ἡ,817,,"[""religious service, sacrifice, Hdt. 5.83 (in Ion. form ἱροργίαι, with vv.ll.), Pl. Lg. 775a , PTeb. 293.20 (pl.,ii A.D.), etc.""]","[""religious service, sacrifice""]",[],[],[],{},[],1,1,0,0,0,1,1,0,0
50119,10,476,n50119,ἱερουργ-ικός,,,817,,"[""ceremonial, Iamb. Myst. 5.14 ;μάχαιρα Sch. E. Or. 194 .""]","[""ceremonial""]",[],[],[],{},[],1,1,0,0,0,1,1,0,0
50120,10,477,n50120,ἱερουργ-ός,,ὁ,817,,"[""sacrificing priest, Call. Fr. 450 (in Ep. form ἱεροεργός), Ammon. Diff. p.90 V.;ἱερουργοὶ τῆς Ἀθηνᾶς, members of a religious college, IG 12(7).241.3 (Amorgos,iii B.C.): Dor. ἱερω[ργός] prob. in Schwyzer 288.91 (Rhodes,iii/ii B.C.).""]","[""sacrificing priest""]",[],[],[],{},[],1,1,0,0,0,1,1,0,0
50121,10,478,n50121,ἱεροφαντ-έω,,,817,,"[""to be a ἱεροφάντης, Luc. Alex. 39 , SIG 869.19 (Eleusis,ii A.D.)."",""initiate, instruct in mysteries, Ph. 2.403 , al.: c. dat., Id. 1.146 :— Pass. , -ουμένη ψυχή Id. 2.187 ."",""trans.,expound as a hierophant, τελετάς Heraclit. All. 64 :— Pass. ,τοὺς ἱεροφαντηθέντας λογισμοὺς θεοῦ inspired, Ph. 1.194 .""]","[""to be a"",""initiate, instruct in mysteries"",""expound as a hierophant"",""inspired""]",[],"[{""biblio"":"""",""quote"":""-ουμένη ψυχή""},{""biblio"":""Id. | 2.187"",""quote"":""-ουμένη ψυχή Id. 2.187""},{""biblio"":"""",""quote"":""τελετάς""},{""biblio"":""Heraclit. | All. | 64"",""quote"":""τελετάς Heraclit. All. 64""}]","[""Heraclit. | All. | 64"",""Id. | 2.187""]",{},[],1,1,0,1,0,3,4,0,4
50122,10,479,n50122,ἱεροφάντ-ης,,ὁ,817,,"[""hierophant, one who teaches rites of sacrifice and worship, ἱ. τῶν χθονίων θεῶν Hdt. 7.153 ; of the initiating priest at Eleusis, IG 12.76.24 , al., Lys. 6.1 , Is. 7.9 , Plu. Alc. 33 ; at Rome,=pontifex, D.H. 2.73 , 3.36 ; of the pontifex maximus, Plu. Num. 9 ; of the Jewish High Priest, Ph. 2.322 ; of Moses , Id. 1.117 ; later,mystical expounder, ἱ. τῆς τετρακτύος Hierocl. in CA 20p.466M.""]","[""hierophant, one who teaches rites of sacrifice and worship"",""the initiating priest"",""pontifex"",""pontifex maximus"",""mystical expounder""]","[""φαίνω""]","[{""biblio"":"""",""quote"":""ἱ. τῶν χθονίων θεῶν""},{""biblio"":""Hdt. | 7.153"",""quote"":""ἱ. τῶν χθονίων θεῶν Hdt. 7.153""},{""biblio"":"""",""quote"":""ἱ. τῆς τετρακτύος""},{""biblio"":""Hierocl. | in CA | 20p.466M."",""quote"":""ἱ. τῆς τετρακτύος Hierocl. in CA 20p.466M.""}]","[""Hdt. | 7.153"",""Hierocl. | in CA | 20p.466M.""]",{},[],1,1,1,1,0,1,5,1,4
50123,10,480,n50123,ἱεροφαντ-ία,,ἡ,817,,"[""office of hierophant, Plu. Alc. 34 , Luc. Alex. 38 (pl.), Theo Sm. p.15 H.""]","[""office of hierophant""]",[],[],[],{},[],1,1,0,0,0,1,1,0,0
50124,10,481,n50124,ἱεροφαντ-ικός,Adv.,,817,,"[""of a hierophant, στέμμα Luc. Alex. 60 ;βίβλοι ἱ.,= Lat.libri pontificales, Plu. Num. 22 .Adv. -κῶς Luc. Alex. 39 .""]","[""of a hierophant"",""libri pontificales""]",[],"[{""biblio"":"""",""quote"":""στέμμα""},{""biblio"":""Luc. | Alex. | 60"",""quote"":""στέμμα Luc. Alex. 60""},{""biblio"":"""",""quote"":""-κῶς""},{""biblio"":""Luc. | Alex. | 39"",""quote"":""-κῶς Luc. Alex. 39""}]","[""Luc. | Alex. | 39"",""Luc. | Alex. | 60""]",{},[],1,1,0,1,0,1,2,0,4
50125,10,482,n50125,ἱερόφαντ-ις,,,817,,"[""ἱερόφαντ-ις(parox.),ιδος, fem. of-φάντης, IG 22.1092 B 35 , Plu. Sull. 13 , Cat.Cod.Astr. 1.115 , Jul. Or. 7.221c .""]",[],[],[],[],{},[],1,0,0,0,0,1,0,0,0
50126,10,483,n50126,ἱεροφάντ-ρια,,ἡ,817,,"[""hierophantria deae Hecatae, CIL 6.1780 , cf. 1779 .""]","[""hierophantria deae Hecatae""]",[],[],[],{},[],1,1,0,0,0,1,1,0,0
50127,10,484,n50127,ἱεροφάντ-ωρ,,ὁ,817,,"[""s.v. Ἰονλιανός .""]",[],[],[],[],{},"[{""type"":""ref"",""target"":"""",""text"":""Ἰονλιανός""},{""type"":"""",""target"":"""",""text"":""s.v. Ἰονλιανός""}]",1,0,0,0,1,1,0,0,0
50128,10,485,n50128,ἱερο-φοιτάω,,,817,,"[""visit temples, Ptol. Tetr. 158 (-οῦντας codd.).""]","[""visit temples""]",[],[],[],{},[],1,1,0,0,0,1,1,0,0
50129,10,486,n50129,ἱερο-φόρος,,,817,,"[""v. ἱεραφ- .""]",[],[],[],[],{},"[{""type"":""ref"",""target"":"""",""text"":""ἱεραφ-""},{""type"":"""",""target"":"""",""text"":""v. ἱεραφ-""}]",1,0,0,0,1,1,0,0,0
50130,10,487,n50130,ἱερο-φῠλάκιον,,τό,817,,"[""treasury for sacred vessels, D.H. 2.70 .""]","[""treasury for sacred vessels""]",[],[],[],{},[],1,1,0,0,0,1,1,0,0
50131,10,488,n50131,ἱερο-φύλαξ,,ὁ,817,,"[""guardian of a temple, E. IT 1027 (cj. Markl.), IG 14.291 (Segesta)."",""=Lat.pontifex, D.H. 2.73 .""]","[""guardian of a temple"",""pontifex""]",[],[],[],{},[],1,1,0,0,0,2,2,0,0
50132,10,489,n50132,ἱερό-φωνος,Subst.,,817,,"[""with sacred voice: as Subst., prob.utterer of oracles, CIG 4684 (Egypt), IG 14.914 (Ostia); prob. read for ἠεροφώνων in Il. 18.505 by Suid. , Phot. (expld. by μεγαλοφώνων); f.l. for ἱμερο- in Alcm. 26.1 .""]","[""with sacred voice"",""utterer of oracles""]",[],[],[],{},"[{""type"":""ref"",""target"":"""",""text"":""ἱμερο-""},{""type"":"""",""target"":"""",""text"":""f.l. for ἱμερο-""}]",1,1,0,0,1,1,2,0,0
50133,10,490,n50133,ἱερο-φωρέω,,,817,,"[""= ἱεροσυλέω , SIG 530.5 (Achaia,iii B.C.).""]",[],[],[],[],{},"[{""type"":""ref"",""target"":"""",""text"":""ἱεροσυλέω""},{""type"":"""",""target"":"""",""text"":""= ἱεροσυλέω""}]",1,0,0,0,1,1,0,0,0
50134,10,491,n50134,ἱερό-χθων,,ὁ,817,,"[""of hallowed soil, βῶλος IG 14.1389i i27 .""]","[""of hallowed soil""]",[],"[{""biblio"":"""",""quote"":""βῶλος""},{""biblio"":""IG | 14.1389i"",""quote"":""βῶλος IG 14.1389i""}]","[""IG | 14.1389i""]",{},[],1,1,0,1,0,1,1,0,2
50135,10,492,n50135,ἱερο-ψάλτης,,ὁ,817,,"[""singer in the temple, LXX 1 Es. 1.15 , al., OGI 737.16 (Egypt,ii B.C.), Antioch. ap. J. AJ 12.3.3 .""]","[""singer in the temple""]",[],[],[],{},[],1,1,0,0,0,1,1,0,0
50136,10,493,n50136,ἱερό-ψῡχος,,,817,,"[""of holy, pious soul, LXX 4 Ma. 17.4 .""]","[""of holy, pious soul""]",[],[],[],{},[],1,1,0,0,0,1,1,0,0
50137,10,494,n50137,ἱερ-όω,,,817,,"[""consecrate, dedicate, Pl. Lg. 771b ; [ τὰν γᾶν] ἃν Ἀμφικτίονες ἱάρωσαν IG 22.1126.16 (Amphict.);ϳιαρόντο( = ἱερούντων ) Ἀπόλλονος Ἐχέτο ἄγαλμα Berl.Sitzb. 1927.8 ( Locr. ,v B.C.); Thess.part. ἱερούοντος Schwyzer 553 :pf. Pass. ἱερῶσθαι Th. 5.1 , SIG 1006.4 (Cos,iii B.C.), etc.;ἱερωσύνην ἱερώσασθαι( v.l. ἱεράσασθαι )to be consecrated to a priesthood, Aeschin. 1.19 :—also ἱερεόομαι, τὴν ἱερωσύνην ἀξίως ἱερεώσατο τοῦ θεοῦ IG 22.1271.13 (iii B.C.);τῷ θεῷ οὗ ἂν ᾖ ἱερειωμένος ib. 1183.32 (iv B.C.);Δωρίδος ἱερεωμένης(perh.pres. part.of ἱεράομαι = ἱερωμένης ) IG 2.1561 (iv B.C.).""]","[""consecrate, dedicate"",""to be consecrated""]","[""ἱερός""]","[{""biblio"":"""",""quote"":""τὰν γᾶν] ἃν Ἀμφικτίονες ἱάρωσαν""},{""biblio"":""IG | 22.1126.16"",""quote"":""τὰν γᾶν] ἃν Ἀμφικτίονες ἱάρωσαν IG 22.1126.16""},{""biblio"":"""",""quote"":""Ἀπόλλονος Ἐχέτο ἄγαλμα""},{""biblio"":""Berl.Sitzb. | 1927.8"",""quote"":""Ἀπόλλονος Ἐχέτο ἄγαλμα Berl.Sitzb. 1927.8""},{""biblio"":"""",""quote"":""ἱερούοντος""},{""biblio"":""Schwyzer | 553"",""quote"":""ἱερούοντος Schwyzer 553""},{""biblio"":"""",""quote"":""ἱερῶσθαι""},{""biblio"":""Th. | 5.1"",""quote"":""ἱερῶσθαι Th. 5.1""},{""biblio"":"""",""quote"":""τὴν ἱερωσύνην ἀξίως ἱερεώσατο τοῦ θεοῦ""},{""biblio"":""IG | 22.1271.13"",""quote"":""τὴν ἱερωσύνην ἀξίως ἱερεώσατο τοῦ θεοῦ IG 22.1271.13""}]","[""Berl.Sitzb. | 1927.8"",""IG | 22.1126.16"",""IG | 22.1271.13"",""Schwyzer | 553"",""Th. | 5.1""]",{},"[{""type"":""ref"",""target"":"""",""text"":""ἱερούντων""},{""type"":"""",""target"":"""",""text"":""= ἱερούντων""},{""type"":""ref"",""target"":"""",""text"":""ἱεράσασθαι""},{""type"":"""",""target"":"""",""text"":""v.l. ἱεράσασθαι""},{""type"":""ref"",""target"":"""",""text"":""ἱερωμένης""},{""type"":"""",""target"":"""",""text"":""= ἱερωμένης""}]",1,1,1,1,1,1,2,1,10
50138,10,495,n50138,ἱέρ-ωμα,,τό,817,,"[""consecrated object, offering, ἰαρώματα Supp.Epigr. 1.414.7 (Crete,v/iv B.C., nisi leg.ἀρώματα) ; ἱαρ[ώ]ματα IG 4.917 (Epid.,iv B.C.), cf. LXX 2 Ma. 12.40 , J. AJ 1.19.10 , Dam. Isid. 71 ."",""= σκόλλυς ( Lacon. ), Hsch.""]","[""consecrated object, offering""]",[],"[{""biblio"":"""",""quote"":""ἰαρώματα""},{""biblio"":""Supp.Epigr. | 1.414.7"",""quote"":""ἰαρώματα Supp.Epigr. 1.414.7""},{""biblio"":"""",""quote"":""; ἱαρ[ώ]ματα""},{""biblio"":""IG | 4.917"",""quote"":""; ἱαρ[ώ]ματα IG 4.917""}]","[""IG | 4.917"",""Supp.Epigr. | 1.414.7""]",{},"[{""type"":""ref"",""target"":"""",""text"":""σκόλλυς""},{""type"":"""",""target"":"""",""text"":""= σκόλλυς""}]",1,1,0,1,1,2,1,0,4
50139,10,496,n50139,ἱερ-ωνία,,ἡ,817,,"[""ἱερ-ωνία,ἡ, dub. sens. in PTeb. 119.32 (ii B.C.).""]",[],[],[],[],{},[],1,0,0,0,0,1,0,0,0
50140,10,497,n50140,ἱερ-ώνῠμος,,,817,,"[""of hallowed name, Luc. Lex. 10 .""]","[""of hallowed name""]","[""ὄνομα""]",[],[],{},[],1,1,1,0,0,1,1,1,0
50141,10,498,n50141,ἱέρ-ωσις,,ἡ,817,,"[""consecration, cj. for ἵδρυσις in D.C. Fr. 13.3 .""]","[""consecration""]",[],[],[],{},[],1,1,0,0,0,1,1,0,0
50142,10,499,n50142,ἱερ-ωστί,Adv.,,817,,"[""in holy sort, piously, Anacr. 149 .""]","[""in holy sort, piously""]",[],[],[],{},[],1,1,0,0,0,1,1,0,0
50143,10,500,n50143,ἱερ-ωσύνη,,ἡ,817,,"[""priesthood, Hdt. 3.142 , etc.; ἱερωσύνης μετασχεῖν D. 59.92 : in pl.,priestly services, sacrifices, Sch. Ar. Pax 923 .""]","[""priesthood"",""priestly services, sacrifices""]",[],"[{""biblio"":"""",""quote"":""ἱερωσύνης μετασχεῖν""},{""biblio"":""D. | 59.92"",""quote"":""ἱερωσύνης μετασχεῖν D. 59.92""}]","[""D. | 59.92""]",{},[],1,1,0,1,0,1,2,0,2
50144,10,501,n50144,ἱερ-ωσύνιον,,,817,,"[""sacerdotium, sacrimonium, Gloss.""]","[""sacerdotium, sacrimonium,""]",[],[],[],{},[],1,1,0,0,0,1,1,0,0
50145,10,502,n50145,ἱερ-ώσυνος,,τά,817,,"[""priestly:ἱερώσυνα,τά ,the parts of a victim which were the priest's perquisites, IG Il.cc., cf. SIG 1038.12 (Eleusis,iv/iii B.C.), Amips. 7 , Phryn. PS p.77 B.""]","[""priestly"",""the parts of a victim which were the priest's perquisites,""]",[],[],[],{},[],1,1,0,0,0,1,2,0,0
50146,10,503,n50146,ἱερ-ωτεία,,,817,,"[""= ἱερατ- , SIG 1009.12 , 1010.3 (Chalcedon), BCH 44.251 (Boeotia,i B.C.).""]",[],[],[],[],{},"[{""type"":""ref"",""target"":"""",""text"":""ἱερατ-""},{""type"":"""",""target"":"""",""text"":""= ἱερατ-""}]",1,0,0,0,1,1,0,0,0
50147,10,504,n50147,ἱερ-ωτός,,,817,,"[""consecrated,Ἀρχ. Ἐφ. 1919.52 (Pharsalus,v/iv B.C.), IG 9(2).461 (Crannon).""]","[""consecrated""]",[],[],[],{},[],1,1,0,0,0,1,1,0,0
50148,10,505,n50148,ἴεσις,,ἡ,817,,"[""going, coined by Pl. Cra. 426c ( v.l. ἵεσις ; fort.ἕσις).""]","[""going""]","[""εἶμι""]",[],[],{},"[{""type"":""ref"",""target"":"""",""text"":""ἵεσις""},{""type"":"""",""target"":"""",""text"":""v.l. ἵεσις""}]",1,1,1,0,1,1,1,1,0
50149,10,506,n50149,ἵεσις,,ἡ,817,,"[""throwing, EM 469.54 .""]","[""throwing,""]","[""ἵημι""]",[],[],{},[],1,1,1,0,0,1,1,1,0
50150,10,507,n50150,ἴεσσα:,,,817,,"[""ἴεσσα: βαδίζουσα, Hsch. ἰέττας: πατέρας, ἢ τοὺς ἀγρίους τράγους(Cret.), Id.""]",[],[],[],[],{},[],1,0,0,0,0,1,0,0,0
50151,10,508,n50151,ἰεῦ,,,817,,"[""whew! Ar. V. 1335 .""]","[""whew!""]",[],[],[],{},[],1,1,0,0,0,1,1,0,0
50152,10,509,n50152,ἱζαίνω,,,817,,"[""lodge, settle,v.l. in Aret. SD 1.15 .""]","[""lodge, settle""]",[],[],[],{},[],1,1,0,0,0,1,1,0,0
50153,10,510,n50153,ἱζάνω,,,817,,"[""causal,make to sit, ἵζανεν εὐρὺν ἀγῶνα Il. 23.258 ."",""intr.,sit, ἐν τῷ [κλισίῳ] . . ἵζανον Od. 24.209 , cf. Sapph. 2.3 ;settle, οὔ μοι ἐπ' ὄμμασι νήδυμος ὕπνος ἱζάνει Il. 10.92 ; ἡ δρόσος ἱ. ἐπὶ δόνακας Philostr. Her. 19.19 ."",""of soil,settle down, subside, ἐπὶ τὸ κενούμενον Th. 2.76 .""]","[""make to sit"",""sit"",""settle"",""settle down, subside""]","[""ἵζω""]","[{""biblio"":"""",""quote"":""ἵζανεν εὐρὺν ἀγῶνα""},{""biblio"":""Il. | 23.258"",""quote"":""ἵζανεν εὐρὺν ἀγῶνα Il. 23.258""},{""biblio"":"""",""quote"":""ἐν τῷ [κλισίῳ] . . ἵζανον""},{""biblio"":""Od. | 24.209"",""quote"":""ἐν τῷ [κλισίῳ] . . ἵζανον Od. 24.209""},{""biblio"":"""",""quote"":""οὔ μοι ἐπ' ὄμμασι νήδυμος ὕπνος ἱζάνει""},{""biblio"":""Il. | 10.92"",""quote"":""οὔ μοι ἐπ' ὄμμασι νήδυμος ὕπνος ἱζάνει Il. 10.92""},{""biblio"":"""",""quote"":""ἡ δρόσος ἱ. ἐπὶ δόνακας""},{""biblio"":""Philostr. | Her. | 19.19"",""quote"":""ἡ δρόσος ἱ. ἐπὶ δόνακας Philostr. Her. 19.19""},{""biblio"":"""",""quote"":""ἐπὶ τὸ κενούμενον""},{""biblio"":""Th. | 2.76"",""quote"":""ἐπὶ τὸ κενούμενον Th. 2.76""}]","[""Il. | 10.92"",""Il. | 23.258"",""Od. | 24.209"",""Philostr. | Her. | 19.19"",""Th. | 2.76""]",{},[],1,1,1,1,0,3,4,1,10
50154,10,511,n50154,ἰζέλα:,,,817,,"[""ἰζέλα: ἀγαθὴ τύχη( Maced. ), Hsch. :ἰζέλος: ὁ θαλάττιος σκορπίος, Id.""]",[],[],[],[],{},[],1,0,0,0,0,1,0,0,0
50155,10,512,n50155,ἵζημα,,τό,817,,"[""subsidence, sinking, ἰσθμὸς ἵ. λαμβάνει Str. 1.3.17 , cf. 2.3.6 , Plu. 2.434c (pl.): metaph., of language, ὕψη ἱζήματα μηδαμοῦ λαμβάνοντα Longin. 9.13 .""]","[""subsidence, sinking""]",[],"[{""biblio"":"""",""quote"":""ἰσθμὸς ἵ. λαμβάνει""},{""biblio"":""Str. | 1.3.17"",""quote"":""ἰσθμὸς ἵ. λαμβάνει Str. 1.3.17""},{""biblio"":"""",""quote"":""ὕψη ἱζήματα μηδαμοῦ λαμβάνοντα""},{""biblio"":""Longin. | 9.13"",""quote"":""ὕψη ἱζήματα μηδαμοῦ λαμβάνοντα Longin. 9.13""}]","[""Longin. | 9.13"",""Str. | 1.3.17""]",{},[],1,1,0,1,0,1,1,0,4
50156,10,513,n50156,ἱζημᾰτίας,,ὁ,817,,"[""which causes subsidence, Lyd. Ost. 53 ; v.l. for χας ματίαι in Arist. Mu. 396a4 .""]","[""which causes subsidence""]",[],[],[],{},"[{""type"":""ref"",""target"":"""",""text"":""χας ματίαι""},{""type"":"""",""target"":"""",""text"":""v.l. for χας ματίαι""}]",1,1,0,0,1,1,1,0,0
50157,10,514,n50157,ἰζίνες:,,,817,,"[""ἰζίνες: οἰωνοί, ὄρνιθες, προχόοι, λέβητες, τρίποδες, Hsch. ἰζοῦνα: βοόστασις, Id.""]",[],[],[],[],{},[],1,0,0,0,0,1,0,0,0
50158,10,515,n50158,ἵζω,,,817,,"[""ἷζον Il. 20.15 , E. Alc. 946 , Ion. ἵζεσκον Od. 3.409 :aor. εἷσα Il. 23.359 , Hdt. 3.61 , IG 3.701 , Hymn.Is. 5 , etc.; imper. εἷσον Od. 7.163 codd.;part. ἕσας 10.361 , Cyren. acc.ἕσσαντα(v. infr.);inf. ἕσσαι Pi. P. 4.273 (the only tenses in Hom. ):aor. ἵζησα D.C. 50.2 , 58.5 , etc.:pf. ἵζηκα(ἐν-) Gal. 2.691 , 15.452 , (συν-) Philostr. Im. 2.20 :— Med. ,v.infr. 1 and 111 , and cf.ἕζομαι.—Mostly in Poets and late Prose, the Att. Prose form being καθίζω: (Redupl.si-sd-ō,aor.(augmented)e-sed-s-, cf.ἕζομαι, ἑδος):"",""causal,make to sit, seat, place, set, μή μ' ἐς θρόνον ἵζε Il. 24.553 , cf. Hdt. 3.61 ; βουλὴν ἷζε Il. 2.53 ; ἵζει μάντιν ἐν θρόνοις A. Eu. 18 ;ὅς μ' ἐπὶ βουσὶν εἷς' set me over the oxen, Od. 20.210 ;σκοπὸν εἷσε set as a spy, Il. 23.359 ;λόχον εἷσαν laid an ambush, 4.392 ;εἷσεν δὲ( v.l. δ' ἐν )Σχερίῃ settled[them] in Scheria, Od. 6.8 , cf. Il. 2.549 ; ἐπὶ χώρας ἕσσαι Pi. P. l.c.; ἐπὶ τὸ δεῖπνον ἵζειν τοὺς βασιλέας Hdt. 6.57 ;ἕσσαντα ἐπὶ τῷ ὠδῷ having caused(the suppliant)to sit on the threshold, Berl.Sitzb. 1927.170 (Cyrene): rare in Trag.,σὺ γάρ νιν εἰς τόδ' εἷσας αὔχημ' for thou didst throne her in this pride, S. OC 713 (lyr.)."",""later in aor. 1 Med. εἱσάμην,3 sg. εἵσατο IG 12(5).615 (Iulis,v B.C., written εσατο), 2.1298.4 (ii B.C.), 1336.1 (ii B.C.):—set up and dedicate temples, statues, etc. in honour of gods, Thgn. 12 , Hdt. 1.66 ; τέμενος ἕσσαντο Pi. P. 4.204 ; ἕσσατο βωμόν Id. Oxy. 408.37 : Dor. 3 sg. ϳίσατο IG 9(1).704 (Corc.,vi B.C.),ἵσσατο ib. 4.569 (Argos);3 pl.[ ἥ]σσαντο BCH 33.171 (ibid.,iii B.C.);part. ἑσσάμενος IG 4.840.7 , 841.23 (Calauria,iii B.C.): Att. part.prob.ἑσάμενος, θυσίας τὰς πατρίους τῶν ἑσαμένων(ἑσσ-, ἐσσ-, εἰσ-codd.) . . ἀφαιρήσεσθε Th. 3.58 ; later εἱσάμενος IG 22.1364 (i A.D.), Plu. Them. 22 , Thes. 17 , Pyrrh. 1 , Luc. Syr.D. 1 , also Hdt. 1.66 codd.: late fut. εἵσομαι ἱερόν A.R. 2.807 ."",""intr.,sit, sit down, Il. 2.96 , 792 , etc.;ἷζε ἐν μέσσοισι he sat in the midst, 20.15 ; ἵζειν ἐς θρόνον Od. 8.469 , Hdt. 5.25 ; ἐς θᾶκον S. Ant. 1000 ; ἐπὶ θρόνου Il. 18.422 , cf. Od. 17.339 ;ἐπὶ [λίθοισιν] 3.409 ; ἐπ' ἄκριας ἠνεμοέσσας 16.365 ;ἐπὶ κώπην, of rowers, Ar. Ra. 199 ; ἐπὶ κώπᾳ πηδαλίῳ τε E. Alc. 441 (lyr.); ἐπὶ τοὺς νεώς Epicr. 3.12 ; νέφεσσι . . Ὀλύμποιο . . ἵζων Ζεύς Pi. Pae. 6.93 : c. acc. loci, ἵζειν θρόνον A. Ag. 982 (lyr.); βωμόν E. Ion 1314 : c. acc. cogn., ἵ. κλωπικὰς ἕδρας Id. Rh. 512 ."",""sit still, be quiet, h.Merc. 457 (dub.)."",""metaph.,sink,εἰς ὀχετὸν ἄτας ἵζοισαν πόλιν sink into . . , Pi. O. 10(11).38 ; εἰς ἑτέραν ἵζει ἕδραν Pl. Ti. 53a ."",""Med. in signf. 11 ,sit, πάροιθ' . . ἵζευ ἐμεῖο Il. 3.162 ; Διὸς . . ποτὶ βωμὸν ἑρκείου ἵζοιτο Od. 22.335 ; ἱσσάμενος ἐπὶ τῷ δαμοσίῳ ἱαρῷ Berl.Sitzb. 1927.169 (Cyrene); late fut. εἵσεται Phylarch. 44J. : Dor. pres.imper. ἵσδευ Papers of Amer.Sch.at Athens 3 No. 437 (Pisidia);lie in ambush, ἔνθ' ἄρα τοί γ' ἵζοντ' Il. 18.522 ; freq. of an army,take up a position, ἵζεσθαι ἀντίοι τινί Hdt. 9.26 ;ἵζεσθαι ἐν τῷ Τηϋγέτῳ, ἐς τὸ Τηύ̈γετον, Id. 4.145 , 146 ;ἐν τῷ Ἰσθμῷ, ἐς τὸν Ἰσθμόν, Id. 8.71 ; of a fleet, Id. 6.5 : generally ἐς ἱρὸν Ἀφροδίτης Id. 1.199 ; ἐς τὰ πρόθυρα Id. 3.140 ; in Trag., ἐν ἁγνῷ ἵζεσθε A. Supp. 224 ; ἐς θρόνους E. Ion 1618 : c. acc., ἵζεσθαι κρήνας Id. IA 141 (lyr.)."",""of things,settle down, subside, ἡ νῆσος ἱζομένη Pl. Ti. 25c .""]","[""si-sd-ō"",""e-sed-s-"",""make to sit, seat, place, set"",""set"",""set"",""laid"",""settled"",""having caused"",""to sit"",""thou didst throne"",""set up and dedicate"",""sit, sit down"",""sat"",""sit still, be quiet,"",""sink"",""sink"",""sit"",""Papers of Amer.Sch.at Athens"",""lie in ambush"",""take up a position"",""settle down, subside""]","[""ἐν-"",""συν-""]","[{""biblio"":"""",""quote"":""ἷζον""},{""biblio"":""Il. | 20.15"",""quote"":""ἷζον Il. 20.15""},{""biblio"":"""",""quote"":""ἵζεσκον""},{""biblio"":""Od. | 3.409"",""quote"":""ἵζεσκον Od. 3.409""},{""biblio"":"""",""quote"":""εἷσα""},{""biblio"":""Il. | 23.359"",""quote"":""εἷσα Il. 23.359""},{""biblio"":"""",""quote"":""εἷσον""},{""biblio"":""Od. | 7.163"",""quote"":""εἷσον Od. 7.163""},{""biblio"":"""",""quote"":""ἕσας""},{""biblio"":""10.361"",""quote"":""ἕσας 10.361""},{""biblio"":"""",""quote"":""ἕσσαι""},{""biblio"":""Pi. | P. | 4.273"",""quote"":""ἕσσαι Pi. P. 4.273""},{""biblio"":"""",""quote"":""ἵζησα""},{""biblio"":""D.C. | 50.2"",""quote"":""ἵζησα D.C. 50.2""},{""biblio"":"""",""quote"":""μή μ' ἐς θρόνον ἵζε""},{""biblio"":""Il. | 24.553"",""quote"":""μή μ' ἐς θρόνον ἵζε Il. 24.553""},{""biblio"":"""",""quote"":""βουλὴν ἷζε""},{""biblio"":""Il. | 2.53"",""quote"":""βουλὴν ἷζε Il. 2.53""},{""biblio"":"""",""quote"":""ἵζει μάντιν ἐν θρόνοις""},{""biblio"":""A. | Eu. | 18"",""quote"":""ἵζει μάντιν ἐν θρόνοις A. Eu. 18""},{""biblio"":"""",""quote"":""ἐπὶ χώρας ἕσσαι""},{""biblio"":""Pi. | P."",""quote"":""ἐπὶ χώρας ἕσσαι Pi. P.""},{""biblio"":"""",""quote"":""ἐπὶ τὸ δεῖπνον ἵζειν τοὺς βασιλέας""},{""biblio"":""Hdt. | 6.57"",""quote"":""ἐπὶ τὸ δεῖπνον ἵζειν τοὺς βασιλέας Hdt. 6.57""},{""biblio"":"""",""quote"":""εἵσατο""},{""biblio"":""IG | 12(5).615"",""quote"":""εἵσατο IG 12(5).615""},{""biblio"":"""",""quote"":""τέμενος ἕσσαντο""},{""biblio"":""Pi. | P. | 4.204"",""quote"":""τέμενος ἕσσαντο Pi. P. 4.204""},{""biblio"":"""",""quote"":""ἕσσατο βωμόν""},{""biblio"":""Id. | Oxy. | 408.37"",""quote"":""ἕσσατο βωμόν Id. Oxy. 408.37""},{""biblio"":"""",""quote"":""ϳίσατο""},{""biblio"":""IG | 9(1).704"",""quote"":""ϳίσατο IG 9(1).704""},{""biblio"":"""",""quote"":""ἥ]σσαντο""},{""biblio"":""BCH | 33.171"",""quote"":""ἥ]σσαντο BCH 33.171""},{""biblio"":"""",""quote"":""ἑσσάμενος""},{""biblio"":""IG | 4.840.7"",""quote"":""ἑσσάμενος IG 4.840.7""},{""biblio"":"""",""quote"":""ἀφαιρήσεσθε""},{""biblio"":""Th. | 3.58"",""quote"":""ἀφαιρήσεσθε Th. 3.58""},{""biblio"":"""",""quote"":""εἱσάμενος""},{""biblio"":""IG | 22.1364"",""quote"":""εἱσάμενος IG 22.1364""},{""biblio"":"""",""quote"":""εἵσομαι ἱερόν""},{""biblio"":""A.R. | 2.807"",""quote"":""εἵσομαι ἱερόν A.R. 2.807""},{""biblio"":"""",""quote"":""ἵζειν ἐς θρόνον""},{""biblio"":""Od. | 8.469"",""quote"":""ἵζειν ἐς θρόνον Od. 8.469""},{""biblio"":"""",""quote"":""ἐς θᾶκον""},{""biblio"":""S. | Ant. | 1000"",""quote"":""ἐς θᾶκον S. Ant. 1000""},{""biblio"":"""",""quote"":""ἐπὶ θρόνου""},{""biblio"":""Il. | 18.422"",""quote"":""ἐπὶ θρόνου Il. 18.422""},{""biblio"":"""",""quote"":""ἐπ' ἄκριας ἠνεμοέσσας""},{""biblio"":""16.365"",""quote"":""ἐπ' ἄκριας ἠνεμοέσσας 16.365""},{""biblio"":"""",""quote"":""ἐπὶ κώπᾳ πηδαλίῳ τε""},{""biblio"":""E. | Alc. | 441"",""quote"":""ἐπὶ κώπᾳ πηδαλίῳ τε E. Alc. 441""},{""biblio"":"""",""quote"":""ἐπὶ τοὺς νεώς""},{""biblio"":""Epicr. | 3.12"",""quote"":""ἐπὶ τοὺς νεώς Epicr. 3.12""},{""biblio"":"""",""quote"":""νέφεσσι . . Ὀλύμποιο . . ἵζων Ζεύς""},{""biblio"":""Pi. | Pae. | 6.93"",""quote"":""νέφεσσι . . Ὀλύμποιο . . ἵζων Ζεύς Pi. Pae. 6.93""},{""biblio"":"""",""quote"":""ἵζειν θρόνον""},{""biblio"":""A. | Ag. | 982"",""quote"":""ἵζειν θρόνον A. Ag. 982""},{""biblio"":"""",""quote"":""βωμόν""},{""biblio"":""E. | Ion | 1314"",""quote"":""βωμόν E. Ion 1314""},{""biblio"":"""",""quote"":""ἵ. κλωπικὰς ἕδρας""},{""biblio"":""Id. | Rh. | 512"",""quote"":""ἵ. κλωπικὰς ἕδρας Id. Rh. 512""},{""biblio"":"""",""quote"":""εἰς ἑτέραν ἵζει ἕδραν""},{""biblio"":""Pl. | Ti. | 53a"",""quote"":""εἰς ἑτέραν ἵζει ἕδραν Pl. Ti. 53a""},{""biblio"":"""",""quote"":""πάροιθ' . . ἵζευ ἐμεῖο""},{""biblio"":""Il. | 3.162"",""quote"":""πάροιθ' . . ἵζευ ἐμεῖο Il. 3.162""},{""biblio"":"""",""quote"":""Διὸς . . ποτὶ βωμὸν ἑρκείου ἵζοιτο""},{""biblio"":""Od. | 22.335"",""quote"":""Διὸς . . ποτὶ βωμὸν ἑρκείου ἵζοιτο Od. 22.335""},{""biblio"":"""",""quote"":""ἱσσάμενος ἐπὶ τῷ δαμοσίῳ ἱαρῷ""},{""biblio"":""Berl.Sitzb. | 1927.169"",""quote"":""ἱσσάμενος ἐπὶ τῷ δαμοσίῳ ἱαρῷ Berl.Sitzb. 1927.169""},{""biblio"":"""",""quote"":""εἵσεται""},{""biblio"":""Phylarch. | 44J."",""quote"":""εἵσεται Phylarch. 44J.""},{""biblio"":"""",""quote"":""ἵσδευ""},{""biblio"":""3"",""quote"":""ἵσδευ Papers of Amer.Sch.at Athens 3""},{""biblio"":"""",""quote"":""ἔνθ' ἄρα τοί γ' ἵζοντ'""},{""biblio"":""Il. | 18.522"",""quote"":""ἔνθ' ἄρα τοί γ' ἵζοντ' Il. 18.522""},{""biblio"":"""",""quote"":""ἵζεσθαι ἀντίοι τινί""},{""biblio"":""Hdt. | 9.26"",""quote"":""ἵζεσθαι ἀντίοι τινί Hdt. 9.26""},{""biblio"":"""",""quote"":""ἐς ἱρὸν Ἀφροδίτης""},{""biblio"":""Id. | 1.199"",""quote"":""ἐς ἱρὸν Ἀφροδίτης Id. 1.199""},{""biblio"":"""",""quote"":""ἐς τὰ πρόθυρα""},{""biblio"":""Id. | 3.140"",""quote"":""ἐς τὰ πρόθυρα Id. 3.140""},{""biblio"":"""",""quote"":""ἐν ἁγνῷ ἵζεσθε""},{""biblio"":""A. | Supp. | 224"",""quote"":""ἐν ἁγνῷ ἵζεσθε A. Supp. 224""},{""biblio"":"""",""quote"":""ἐς θρόνους""},{""biblio"":""E. | Ion | 1618"",""quote"":""ἐς θρόνους E. Ion 1618""},{""biblio"":"""",""quote"":""ἵζεσθαι κρήνας""},{""biblio"":""Id. | IA | 141"",""quote"":""ἵζεσθαι κρήνας Id. IA 141""},{""biblio"":"""",""quote"":""ἡ νῆσος ἱζομένη""},{""biblio"":""Pl. | Ti. | 25c"",""quote"":""ἡ νῆσος ἱζομένη Pl. Ti. 25c""}]","[""10.361"",""16.365"",""3"",""A. | Ag. | 982"",""A. | Eu. | 18"",""A. | Supp. | 224"",""A.R. | 2.807"",""BCH | 33.171"",""Berl.Sitzb. | 1927.169"",""D.C. | 50.2"",""E. | Alc. | 441"",""E. | Ion | 1314"",""E. | Ion | 1618"",""Epicr. | 3.12"",""Hdt. | 6.57"",""Hdt. | 9.26"",""IG | 12(5).615"",""IG | 22.1364"",""IG | 4.840.7"",""IG | 9(1).704"",""Id. | 1.199"",""Id. | 3.140"",""Id. | IA | 141"",""Id. | Oxy. | 408.37"",""Id. | Rh. | 512"",""Il. | 18.422"",""Il. | 18.522"",""Il. | 2.53"",""Il. | 20.15"",""Il. | 23.359"",""Il. | 24.553"",""Il. | 3.162"",""Od. | 22.335"",""Od. | 3.409"",""Od. | 7.163"",""Od. | 8.469"",""Phylarch. | 44J."",""Pi. | P."",""Pi. | P. | 4.204"",""Pi. | P. | 4.273"",""Pi. | Pae. | 6.93"",""Pl. | Ti. | 25c"",""Pl. | Ti. | 53a"",""S. | Ant. | 1000"",""Th. | 3.58""]",{},"[{""type"":""ref"",""target"":"""",""text"":""δ' ἐν""},{""type"":"""",""target"":"""",""text"":""v.l. δ' ἐν""}]",1,1,1,1,1,8,21,2,90
50159,10,516,n50159,ἰή,,,817,,"[""ἰὴ παιῆον Call. Ap. 21 , 103 , Hec. 1.1.10 ; ἀλαλαὶ ἰὴ παιήων Ar. Lys. 1291 ; cf.ἰέ."",""of grief, A. Pers. 1004 , Supp. 114 , Ag. 1485 (all lyr.). (ἵη v.l. in Call. Ap. ll.cc., where it is associated with ἵει, imper. of ἵημι.)""]",[],[],"[{""biblio"":"""",""quote"":""ἰὴ παιῆον""},{""biblio"":""Call. | Ap. | 21"",""quote"":""ἰὴ παιῆον Call. Ap. 21""},{""biblio"":"""",""quote"":""ἀλαλαὶ ἰὴ παιήων""},{""biblio"":""Ar. | Lys. | 1291"",""quote"":""ἀλαλαὶ ἰὴ παιήων Ar. Lys. 1291""}]","[""Ar. | Lys. | 1291"",""Call. | Ap. | 21""]",{},[],1,0,0,1,0,2,0,0,4
50160,10,517,n50160,ἰή,,ἡ,817,,"[""v. ἰά, ἡ .""]",[],[],[],[],{},"[{""type"":""ref"",""target"":"""",""text"":""ἰά, ἡ""},{""type"":"""",""target"":"""",""text"":""v. ἰά, ἡ""}]",1,0,0,0,1,1,0,0,0
50161,10,518,n50161,ἰηγορεῖν:,,ἡ,817,,"[""joy, formed like ἀλγηδών , Id. (pl.); cf.ἰαίνω.ἰηθενέουσα, v. ἰαθενεῖ .""]","[""joy""]","[""ἰαίνω""]",[],[],{},"[{""type"":""ref"",""target"":"""",""text"":""ἀλγηδών""},{""type"":"""",""target"":"""",""text"":""like ἀλγηδών""},{""type"":""ref"",""target"":"""",""text"":""ἰαθενεῖ""},{""type"":"""",""target"":"""",""text"":""v. ἰαθενεῖ""}]",1,1,1,0,1,1,1,1,0
50162,10,519,n50162,ἰήϊος,,,817,,"[""invoked with the cry ἰή or ἰὴ παιών(v.ἰή) , ἰήϊε παιάν Pi. Pae. 2.35 , cf. A. Ag. 146 , S. OT 154 (both lyr.), 1096 , Ar. V. 874 , A.R. 2.702 , Duris 79J."",""mournful, grievous, ἰήϊοι κάματοι S. OT 174 (lyr.);ἰήϊος βοά, γόος, a cry of mourning, E. Ph. 1036 , El. 1211 (both lyr.). (From the cry ἰή, as Εὔιος from εὐοἵ; but also associated with ἰάομαι, Hsch. (hence applied to Asclepius, IG 3.171 ); and, as ἱήϊος, with ἵημι, Hsch. , Macr. Sat. 1.17.16 .)""]","[""invoked with the cry"",""mournful, grievous"",""of mourning""]",[],"[{""biblio"":"""",""quote"":"", ἰήϊε παιάν""},{""biblio"":""Pi. | Pae. | 2.35"",""quote"":"", ἰήϊε παιάν Pi. Pae. 2.35""},{""biblio"":"""",""quote"":""ἰήϊοι κάματοι""},{""biblio"":""S. | OT | 174"",""quote"":""ἰήϊοι κάματοι S. OT 174""}]","[""Pi. | Pae. | 2.35"",""S. | OT | 174""]",{},[],1,1,0,1,0,2,3,0,4
50163,10,520,n50163,ἴηλα,,,817,,"[""v. ἰάλλω .ἰήλεμος,ἰηλεμίζω,ἰηλεμίστρια,Ἰηλυσός, Ion. for ἰᾱλ-.ἰηλενές: πορφυροῦν, μέλαν, Hsch.""]",[],[],[],[],{},"[{""type"":""ref"",""target"":"""",""text"":""ἰάλλω""},{""type"":"""",""target"":"""",""text"":""v. ἰάλλω""}]",1,0,0,0,1,1,0,0,0
50164,10,521,n50164,ἴημα,,,817,,"[""ἴημα, Ion. for ἴαμα; but found in IG 22.1121.15 (iv A.D.).""]",[],[],[],[],{},[],1,0,0,0,0,1,0,0,0
50165,10,522,n50165,ἵημι,,,817,824,"[""v.l. ἵεις S. El. 596 , Castorio 2 ),ἵησι,3 pl. ἱᾶσι, Ion. and Ep. ἱεῖσι; imper. ἵει Il. 21.338 , E. El. 593 (lyr.);subj. ἱῶ; opt.ἱείην(also ἀφ-ίοιμι, X. HG 6.4.3 );inf. ἱέναι;part. ἱείς:—thematic forms of the pres.(as if from ἱέω) are also found, esp. in compds., cf. μεθίημι, σύνιημι: also, as if from ἵω,3 sg. pres. ἵει A.R. 4.634 , imper. ξύν-ιε Thgn. 1240b codd.:impf. 3 sg. ἵει Il. 1.479 , Dor. ἀν-ίη SIG 1 (Abu Simbel,vi B.C.);3 pl. ἵεσαν E. Ba. 1099 , ἵεν Il. 12.33 ,ξύν-ιεν( v.l. -ιον ) 1.273 ; also 2 sg. ἵεις Ar. V. 355 ; Ion. impf. ἵεσκε(ἀν-) Hes. Th. 157 :fut. ἥσω Il. 17.515 , etc.:aor. 1 ind. ἧκα Il. 5.125 , etc., Ep. ἕηκα 1.48 (mostly in compds.);3 sg. subj. ᾗσι 15.359 ;3 sg.opt. εἵη 3.221 ;inf. εἷναι Ar. Ra. 133 , Ep. ἐξ-έμεναι Od. 11.531 :pf. εἷκα, only in compds. (ἀφ-, καθ-, παρ-, συν-), also ἕωκα(ἀφ-) PCair.Zen. 502.4 (iii B.C.), Hdn.Gr. 2.236 :— Med. ,pres. ἵεμαι Od. 2.327 , etc.; also 3 pl. προ-ίονται PCair.Zen. 151.4 (iii B.C.):impf. ἱέμην Ar. Eq. 625 , etc.:fut. ἥσομαι(μετ-) Hdt. 5.35 , (προ-) D. 1.12 , (ἐξαν-) E. Andr. 718 :aor. 1 ἡκάμην(only in compds.προσ-, προ-):aor. 2 εἵμην, Ep. and Ion. ἕμην, of which we find εἷτο(ἐφ-) S. Ph. 619 , (ἀφ-) X. Hier. 7.11 ,ἕτο(συν-) Od. 4.76 ,ἕντο(ἐξ-) Il. 9.92 , etc.; imper.ἕο(ἐξ-) Hdt. 5.39 ,οὗ(ἀφ-) S. OT 1521 ;subj. ὧμαι(συν-) Il. 13.381 ; opt.εἵμην(ἀφ-) Ar. Av. 628 , or οἵμην(προ-) Pl. Grg. 520c ;inf. ἕσθαι(προσ-) Ar. V. 742 ;part. ἕμενος(προ-) Th. 6.78 , Isoc. 4.164 , etc.:— Pass. ,fut. ἑθήσομαι(ἀν-) Th. 8.63 :aor. εἵθην(only in compds.ἀφ-, καθ-, παρ-):pf. εἷμαι(only in compds.); also ἕωμαι in compds.ἀν-, ἀφ-, ἐφ-(q.v.):plpf. εἵμην(only in compds.).—Of the Pass. and Med. Hom. has only pres.,impf., and 3 pl. aor. 2 Med. ἕντο.—For varieties peculiar to special compds., v. ἀν-, ἀφ-, ὑφ-ίημι . (Perh. cogn. with Lat.Ja-c-io or with Lat.sēmen:— Med. ἵεμαι prob. from ϝῑ-, cf. εἴσομαι 11 , Skt.véti(pl.vyánti) 'press forward, desire', Lat.vīs(2 sg.),invitus.) [ῐ generally in Hom. and Ep. ,ῑ in Att. ; sts.ῑ in Hom. , ἵει Il. 16.152 , etc.; ἱεῖσαι Od. 12.192 ; also in inf. ἱέμεν, ἱέμεναι,part. ἱέμενος, etc., ξυν-ῑ́ετε Archil. 50 :ῐ sts. in Trag.,ῐησι A. Th. 309 (lyr.),ῐέντα ib. 493 ,ῐείς, ῐεῖσα, E. IT 298 , IA 1101 , Hec. 338 ; ῐεῖσαν Id. Supp. 281 ; in Com.,συνῐημι Ar. Av. 946 (s. v.l.), Strato Com. 1.3 : with variation of quantity,πλεῖστον οὖλον ἵει[ῐ], ἴουλον ἵει [ῑ] Carm.Pop. 1 .]:—release, let go, ἧκα . . πόδας καὶ χεῖρε φέρεσθαι Od. 12.442 ;ἧκε φέρεσθαι let him float off, Il. 21.120 ;let fall,κὰδ δὲ κάρητος ἧκε κόμας made his locks flow down from his head, Od. 6.231 ; [ ἐθείρας] ἵει λόφον ἀμφί Il. 19.383 ;ἐκ δὲ ποδοῖιν ἄκμονας ἧκα δύω I let two anvils hang from his two legs, 15.19 ; ἐκ δ' ἄρα χειρὸς φάσγανον ἧκε χαμᾶζε Od. 22.84 , cf. Il. 12.205 ; ἵεις σαυτὸν κατὰ τοῦ τείχους Ar. V. 355 ;ἧκαν ἑαυτούς let themselves go, X. An. 4.5.18 ; ἵεσαν φυγῇ πόδα E. Rh. 798 ."",""of sounds,utter, ὄπα Il. 3.152 , Od. 12.192 ; ἔπεα Il. 3.221 ; γλῶσσαν Hdt. 1.57 ;Ἑλλάδα γλῶσσαν ἱ.to speak Greek, Id. 9.16 ;Δωρίδα, Ἀττικὴν γλῶσσαν, Th. 3.112 , Sol. 36.10 ; φωνὴν Παρνησίδα A. Ch. 563 ; δύσθροα βάγματα Id. Pers. 636 (lyr.); ἐκ στηθέων ἄλγος Id. Th. 865 (lyr.); μέγαν κωκυτόν S. Aj. 851 , etc.; but πᾶσαν γλῶσσαν ἱ.to let loose every kind of speech, Id. El. 596 ;πᾶσαν(τὸ λεγόμενον) φωνὴν ἱέντα Pl. Lg. 890d ;τὸ τᾶς εὐφάμου στόμα φροντίδος ἱέντες, i.e. speaking not in words, but in silent thought, S. OC 133 (lyr.);ἧκε abs. (sc.φωνήν), Plu. 2.973e ; of instruments, ἄλλα μέλη τῶν χορδῶν ἱεισῶν Pl. Lg. 812d ."",""throw, hurl,λᾶαν, βέλος, δόρυ, Od. 9.538 , Il. 4.498 , E. Rh. 63 ;ἱέναι(sc.τινά) πέτρας ἄπο E. HF 320 , cf. S. Tr. 273 : c. gen. pers.,to throw or shoot at one, ὀϊστόν τινος Il. 13.650 ; ἐπ' ἀλλήλοις ἵεσαν βέλεα Hes. Th. 684 : metaph., ἐκ μαλθακᾶς φρενὸς ὀϊστοὺς ἱέντες Pi. O. 2.90 ."",""abs.,throw, shoot, τόσσον γὰρ ἵησιν Od. 9.499 , cf. 8.203 , Il. 17.515 , Pl. Tht. 194a , etc.; ἄνω ἱέντες X. An. 3.4.17 ; δίσκοισιν τέρποντο . . ἱέντες Il. 2.774 , al.: c. gen. objecti,τῶν μεγάλων ψυχῶν ἱείς shooting at great spirits, S. Aj. 154 ;ἐπὶ στόχον(στοίχων codd.) at a mark, X. Ages. 1.25 : c. dat. instr., ἵησι τῇ ἀξίνῃ Id. An. 1.5.12 ."",""of water,let flow, spout forth, ῥόον Il. 12.25 ; [ Ἀξιὸς] ὕδωρ ἐπὶ γαῖαν ἵησι 21.158 ; ῥέος A. Pr. 812 : abs., [ποταμὸς] ἐπὶ γαῖαν ἵησιν the river pours over the land, Od. 11.239 ; [ κρήνη] ἵησι 7.130 ; of tears, δάκρυον ἧκε χαμᾶζε 16.191 ; of fire or smoke, ἵει νᾶμα παμφάγου πυρός E. Med. 1187 ; λιγνύν A. Th. 493 ."",""send, of living beings,τίς γάρ σε θεῶν ἐμοὶ ἄγγελον ἧκε; Il. 18.182 ; Αἰνείαν . . ἐξ ἀδύτοιο ἧκε 5.513 ; of omens or portents, τοῖσι δὲ δεξιὸν ἧκεν ἐρῳδιόν 10.274 ; ἔλαφον . . εἰς ὁδὸν αὐτὴν ἧκεν Od. 10.159 ; τέρας 21.415 ; generally of things, ἴκμενον οὖρόν τινι Il. 1.479 , etc."",""Med. ,speed oneself, hasten, freq.in part.with Advs., πρόσω ἵεσθε Il. 12.274 ; ἐνθένδ' ἱέμην Ar. Eq. 625 ;ἱ. Τροίηνδε, Ἔρεβόσδε, Od. 19.187 , 20.356 : with Preps., ἵεσθαι κατὰ τὴν φωνήν Hdt. 2.70 ; πρός τινα Id. 9.78 ; δρόμῳ ἵεσθαι ἐς τοὺς βαρβάρους Id. 6.112 ; ἵετ' εὐθὺ πρὸς τὰ νυμφικὰ λέχη S. OT 1242 ; ἐς ὄρεα E. Ba. 140 (lyr.); εἰς Κολωνόν Pherecr. 134 ;ἵ. ἐπί τινα spring upon, of the lion, Arist. HA 629b24 : abs., ἰδόντες ἱέμεσθα S. Ant. 432 ;ἱέμενος ῥεῖ rushing, Pl. Cra. 420a , etc."",""metaph.,to be eager, desire to do a thing, c.inf., ἵετο γὰρ βαλέειν Il. 16.383 ; βαλέειν δέ ἑ ἵετο θυμός 8.301 ; ἵετο θυμῷ τείσασθαι . . 2.589 : c. gen.,to be set upon, long for a thing, in part.,ἱέμενοι πόλιος, νίκης, 11.168 , 23.371 ; νόστοιο Od. 15.69 ; λεχέων S. Tr. 514 (lyr.);ἱέμενος ποταμοῖο ῥοάων setting thyself toward, Od. 10.529 : abs. in part.,ἱέμενός περ eager though he was, 1.6 , etc.""]","[""Ja-c-io"",""sēmen"",""véti"",""vyánti"",""vīs"",""invitus."",""release, let go"",""let"",""let fall"",""made"",""flow"",""let"",""hang"",""let"",""go"",""utter"",""to speak"",""to let loose"",""throw, hurl"",""to throw"",""shoot"",""throw, shoot"",""shooting"",""let flow, spout forth"",""pours"",""send"",""speed oneself, hasten"",""spring"",""rushing"",""to be eager, desire to do"",""to be set upon, long for"",""setting thyself toward"",""eager"",""he was""]","[""ἀν-"",""ἀφ-, καθ-, παρ-, συν-"",""ἀφ-"",""μετ-"",""προ-"",""ἐξαν-"",""ἐφ-"",""ἀφ-"",""συν-"",""ἐξ-"",""ἐξ-"",""ἀφ-"",""συν-"",""ἀφ-"",""προ-"",""προσ-"",""προ-"",""ἀν-"",""τὸ λεγόμενον""]","[{""biblio"":"""",""quote"":""ἵει""},{""biblio"":""Il. | 21.338"",""quote"":""ἵει Il. 21.338""},{""biblio"":"""",""quote"":""ἵει""},{""biblio"":""A.R. | 4.634"",""quote"":""ἵει A.R. 4.634""},{""biblio"":"""",""quote"":""ξύν-ιε""},{""biblio"":""Thgn. | 1240b"",""quote"":""ξύν-ιε Thgn. 1240b""},{""biblio"":"""",""quote"":""ἵει""},{""biblio"":""Il. | 1.479"",""quote"":""ἵει Il. 1.479""},{""biblio"":"""",""quote"":""ἀν-ίη""},{""biblio"":""SIG | 1"",""quote"":""ἀν-ίη SIG 1""},{""biblio"":"""",""quote"":""ἵεσαν""},{""biblio"":""E. | Ba. | 1099"",""quote"":""ἵεσαν E. Ba. 1099""},{""biblio"":"""",""quote"":""ἵεν""},{""biblio"":""Il. | 12.33"",""quote"":""ἵεν Il. 12.33""},{""biblio"":"""",""quote"":""ἵεις""},{""biblio"":""Ar. | V. | 355"",""quote"":""ἵεις Ar. V. 355""},{""biblio"":"""",""quote"":""ἥσω""},{""biblio"":""Il. | 17.515"",""quote"":""ἥσω Il. 17.515""},{""biblio"":"""",""quote"":""ἧκα""},{""biblio"":""Il. | 5.125"",""quote"":""ἧκα Il. 5.125""},{""biblio"":"""",""quote"":""ἕηκα""},{""biblio"":""1.48"",""quote"":""ἕηκα 1.48""},{""biblio"":"""",""quote"":""ᾗσι""},{""biblio"":""15.359"",""quote"":""ᾗσι 15.359""},{""biblio"":"""",""quote"":""εἵη""},{""biblio"":""3.221"",""quote"":""εἵη 3.221""},{""biblio"":"""",""quote"":""εἷναι""},{""biblio"":""Ar. | Ra. | 133"",""quote"":""εἷναι Ar. Ra. 133""},{""biblio"":"""",""quote"":""ἐξ-έμεναι""},{""biblio"":""Od. | 11.531"",""quote"":""ἐξ-έμεναι Od. 11.531""},{""biblio"":"""",""quote"":""ἵεμαι""},{""biblio"":""Od. | 2.327"",""quote"":""ἵεμαι Od. 2.327""},{""biblio"":"""",""quote"":""προ-ίονται""},{""biblio"":""PCair.Zen. | 151.4"",""quote"":""προ-ίονται PCair.Zen. 151.4""},{""biblio"":"""",""quote"":""ἱέμην""},{""biblio"":""Ar. | Eq. | 625"",""quote"":""ἱέμην Ar. Eq. 625""},{""biblio"":"""",""quote"":""εἴσομαι""},{""biblio"":""11"",""quote"":""εἴσομαι 11""},{""biblio"":"""",""quote"":""ἵει""},{""biblio"":""Il. | 16.152"",""quote"":""ἵει Il. 16.152""},{""biblio"":"""",""quote"":""ἱεῖσαι""},{""biblio"":""Od. | 12.192"",""quote"":""ἱεῖσαι Od. 12.192""},{""biblio"":"""",""quote"":""ξυν-ῑ́ετε""},{""biblio"":""Archil. | 50"",""quote"":""ξυν-ῑ́ετε Archil. 50""},{""biblio"":"""",""quote"":""ῐεῖσαν""},{""biblio"":""Id. | Supp. | 281"",""quote"":""ῐεῖσαν Id. Supp. 281""},{""biblio"":"""",""quote"":""ἧκα . . πόδας καὶ χεῖρε φέρεσθαι""},{""biblio"":""Od. | 12.442"",""quote"":""ἧκα . . πόδας καὶ χεῖρε φέρεσθαι Od. 12.442""},{""biblio"":"""",""quote"":""ἐθείρας] ἵει λόφον ἀμφί""},{""biblio"":""Il. | 19.383"",""quote"":""ἐθείρας] ἵει λόφον ἀμφί Il. 19.383""},{""biblio"":"""",""quote"":""ἐκ δ' ἄρα χειρὸς φάσγανον ἧκε χαμᾶζε""},{""biblio"":""Od. | 22.84"",""quote"":""ἐκ δ' ἄρα χειρὸς φάσγανον ἧκε χαμᾶζε Od. 22.84""},{""biblio"":"""",""quote"":""ἵεις σαυτὸν κατὰ τοῦ τείχους""},{""biblio"":""Ar. | V. | 355"",""quote"":""ἵεις σαυτὸν κατὰ τοῦ τείχους Ar. V. 355""},{""biblio"":"""",""quote"":""ἵεσαν φυγῇ πόδα""},{""biblio"":""E. | Rh. | 798"",""quote"":""ἵεσαν φυγῇ πόδα E. Rh. 798""},{""biblio"":"""",""quote"":""ὄπα""},{""biblio"":""Il. | 3.152"",""quote"":""ὄπα Il. 3.152""},{""biblio"":"""",""quote"":""ἔπεα""},{""biblio"":""Il. | 3.221"",""quote"":""ἔπεα Il. 3.221""},{""biblio"":"""",""quote"":""γλῶσσαν""},{""biblio"":""Hdt. | 1.57"",""quote"":""γλῶσσαν Hdt. 1.57""},{""biblio"":"""",""quote"":""φωνὴν Παρνησίδα""},{""biblio"":""A. | Ch. | 563"",""quote"":""φωνὴν Παρνησίδα A. Ch. 563""},{""biblio"":"""",""quote"":""δύσθροα βάγματα""},{""biblio"":""Id. | Pers. | 636"",""quote"":""δύσθροα βάγματα Id. Pers. 636""},{""biblio"":"""",""quote"":""ἐκ στηθέων ἄλγος""},{""biblio"":""Id. | Th. | 865"",""quote"":""ἐκ στηθέων ἄλγος Id. Th. 865""},{""biblio"":"""",""quote"":""μέγαν κωκυτόν""},{""biblio"":""S. | Aj. | 851"",""quote"":""μέγαν κωκυτόν S. Aj. 851""},{""biblio"":"""",""quote"":""φωνὴν ἱέντα""},{""biblio"":""Pl. | Lg. | 890d"",""quote"":""φωνὴν ἱέντα Pl. Lg. 890d""},{""biblio"":"""",""quote"":""ἄλλα μέλη τῶν χορδῶν ἱεισῶν""},{""biblio"":""Pl. | Lg. | 812d"",""quote"":""ἄλλα μέλη τῶν χορδῶν ἱεισῶν Pl. Lg. 812d""},{""biblio"":"""",""quote"":""πέτρας ἄπο""},{""biblio"":""E. | HF | 320"",""quote"":""πέτρας ἄπο E. HF 320""},{""biblio"":"""",""quote"":""ὀϊστόν τινος""},{""biblio"":""Il. | 13.650"",""quote"":""ὀϊστόν τινος Il. 13.650""},{""biblio"":"""",""quote"":""ἐπ' ἀλλήλοις ἵεσαν βέλεα""},{""biblio"":""Hes. | Th. | 684"",""quote"":""ἐπ' ἀλλήλοις ἵεσαν βέλεα Hes. Th. 684""},{""biblio"":"""",""quote"":""ἐκ μαλθακᾶς φρενὸς ὀϊστοὺς ἱέντες""},{""biblio"":""Pi. | O. | 2.90"",""quote"":""ἐκ μαλθακᾶς φρενὸς ὀϊστοὺς ἱέντες Pi. O. 2.90""},{""biblio"":"""",""quote"":""τόσσον γὰρ ἵησιν""},{""biblio"":""Od. | 9.499"",""quote"":""τόσσον γὰρ ἵησιν Od. 9.499""},{""biblio"":"""",""quote"":""ἄνω ἱέντες""},{""biblio"":""X. | An. | 3.4.17"",""quote"":""ἄνω ἱέντες X. An. 3.4.17""},{""biblio"":"""",""quote"":""δίσκοισιν τέρποντο . . ἱέντες""},{""biblio"":""Il. | 2.774"",""quote"":""δίσκοισιν τέρποντο . . ἱέντες Il. 2.774""},{""biblio"":"""",""quote"":""ἵησι τῇ ἀξίνῃ""},{""biblio"":""Id. | An. | 1.5.12"",""quote"":""ἵησι τῇ ἀξίνῃ Id. An. 1.5.12""},{""biblio"":"""",""quote"":""ῥόον""},{""biblio"":""Il. | 12.25"",""quote"":""ῥόον Il. 12.25""},{""biblio"":"""",""quote"":""Ἀξιὸς] ὕδωρ ἐπὶ γαῖαν ἵησι""},{""biblio"":""21.158"",""quote"":""Ἀξιὸς] ὕδωρ ἐπὶ γαῖαν ἵησι 21.158""},{""biblio"":"""",""quote"":""ῥέος""},{""biblio"":""A. | Pr. | 812"",""quote"":""ῥέος A. Pr. 812""},{""biblio"":"""",""quote"":""κρήνη] ἵησι""},{""biblio"":""7.130"",""quote"":""κρήνη] ἵησι 7.130""},{""biblio"":"""",""quote"":""δάκρυον ἧκε χαμᾶζε""},{""biblio"":""16.191"",""quote"":""δάκρυον ἧκε χαμᾶζε 16.191""},{""biblio"":"""",""quote"":""ἵει νᾶμα παμφάγου πυρός""},{""biblio"":""E. | Med. | 1187"",""quote"":""ἵει νᾶμα παμφάγου πυρός E. Med. 1187""},{""biblio"":"""",""quote"":""λιγνύν""},{""biblio"":""A. | Th. | 493"",""quote"":""λιγνύν A. Th. 493""},{""biblio"":"""",""quote"":""Αἰνείαν . . ἐξ ἀδύτοιο ἧκε""},{""biblio"":""5.513"",""quote"":""Αἰνείαν . . ἐξ ἀδύτοιο ἧκε 5.513""},{""biblio"":"""",""quote"":""τοῖσι δὲ δεξιὸν ἧκεν ἐρῳδιόν""},{""biblio"":""10.274"",""quote"":""τοῖσι δὲ δεξιὸν ἧκεν ἐρῳδιόν 10.274""},{""biblio"":"""",""quote"":""ἔλαφον . . εἰς ὁδὸν αὐτὴν ἧκεν""},{""biblio"":""Od. | 10.159"",""quote"":""ἔλαφον . . εἰς ὁδὸν αὐτὴν ἧκεν Od. 10.159""},{""biblio"":"""",""quote"":""τέρας""},{""biblio"":""21.415"",""quote"":""τέρας 21.415""},{""biblio"":"""",""quote"":""ἴκμενον οὖρόν τινι""},{""biblio"":""Il. | 1.479"",""quote"":""ἴκμενον οὖρόν τινι Il. 1.479""},{""biblio"":"""",""quote"":""πρόσω ἵεσθε""},{""biblio"":""Il. | 12.274"",""quote"":""πρόσω ἵεσθε Il. 12.274""},{""biblio"":"""",""quote"":""ἐνθένδ' ἱέμην""},{""biblio"":""Ar. | Eq. | 625"",""quote"":""ἐνθένδ' ἱέμην Ar. Eq. 625""},{""biblio"":"""",""quote"":""ἵεσθαι κατὰ τὴν φωνήν""},{""biblio"":""Hdt. | 2.70"",""quote"":""ἵεσθαι κατὰ τὴν φωνήν Hdt. 2.70""},{""biblio"":"""",""quote"":""πρός τινα""},{""biblio"":""Id. | 9.78"",""quote"":""πρός τινα Id. 9.78""},{""biblio"":"""",""quote"":""δρόμῳ ἵεσθαι ἐς τοὺς βαρβάρους""},{""biblio"":""Id. | 6.112"",""quote"":""δρόμῳ ἵεσθαι ἐς τοὺς βαρβάρους Id. 6.112""},{""biblio"":"""",""quote"":""ἵετ' εὐθὺ πρὸς τὰ νυμφικὰ λέχη""},{""biblio"":""S. | OT | 1242"",""quote"":""ἵετ' εὐθὺ πρὸς τὰ νυμφικὰ λέχη S. OT 1242""},{""biblio"":"""",""quote"":""ἐς ὄρεα""},{""biblio"":""E. | Ba. | 140"",""quote"":""ἐς ὄρεα E. Ba. 140""},{""biblio"":"""",""quote"":""εἰς Κολωνόν""},{""biblio"":""Pherecr. | 134"",""quote"":""εἰς Κολωνόν Pherecr. 134""},{""biblio"":"""",""quote"":""ἰδόντες ἱέμεσθα""},{""biblio"":""S. | Ant. | 432"",""quote"":""ἰδόντες ἱέμεσθα S. Ant. 432""},{""biblio"":"""",""quote"":""ἵετο γὰρ βαλέειν""},{""biblio"":""Il. | 16.383"",""quote"":""ἵετο γὰρ βαλέειν Il. 16.383""},{""biblio"":"""",""quote"":""βαλέειν δέ ἑ ἵετο θυμός""},{""biblio"":""8.301"",""quote"":""βαλέειν δέ ἑ ἵετο θυμός 8.301""},{""biblio"":"""",""quote"":""ἵετο θυμῷ τείσασθαι . .""},{""biblio"":""2.589"",""quote"":""ἵετο θυμῷ τείσασθαι . . 2.589""},{""biblio"":"""",""quote"":""νόστοιο""},{""biblio"":""Od. | 15.69"",""quote"":""νόστοιο Od. 15.69""},{""biblio"":"""",""quote"":""λεχέων""},{""biblio"":""S. | Tr. | 514"",""quote"":""λεχέων S. Tr. 514""}]","[""1.48"",""10.274"",""11"",""15.359"",""16.191"",""2.589"",""21.158"",""21.415"",""3.221"",""5.513"",""7.130"",""8.301"",""A. | Ch. | 563"",""A. | Pr. | 812"",""A. | Th. | 493"",""A.R. | 4.634"",""Ar. | Eq. | 625"",""Ar. | Ra. | 133"",""Ar. | V. | 355"",""Archil. | 50"",""E. | Ba. | 1099"",""E. | Ba. | 140"",""E. | HF | 320"",""E. | Med. | 1187"",""E. | Rh. | 798"",""Hdt. | 1.57"",""Hdt. | 2.70"",""Hes. | Th. | 684"",""Id. | 6.112"",""Id. | 9.78"",""Id. | An. | 1.5.12"",""Id. | Pers. | 636"",""Id. | Supp. | 281"",""Id. | Th. | 865"",""Il. | 1.479"",""Il. | 12.25"",""Il. | 12.274"",""Il. | 12.33"",""Il. | 13.650"",""Il. | 16.152"",""Il. | 16.383"",""Il. | 17.515"",""Il. | 19.383"",""Il. | 2.774"",""Il. | 21.338"",""Il. | 3.152"",""Il. | 3.221"",""Il. | 5.125"",""Od. | 10.159"",""Od. | 11.531"",""Od. | 12.192"",""Od. | 12.442"",""Od. | 15.69"",""Od. | 2.327"",""Od. | 22.84"",""Od. | 9.499"",""PCair.Zen. | 151.4"",""Pherecr. | 134"",""Pi. | O. | 2.90"",""Pl. | Lg. | 812d"",""Pl. | Lg. | 890d"",""S. | Aj. | 851"",""S. | Ant. | 432"",""S. | OT | 1242"",""S. | Tr. | 514"",""SIG | 1"",""Thgn. | 1240b"",""X. | An. | 3.4.17""]",{},"[{""type"":""ref"",""target"":"""",""text"":""ἵεις""},{""type"":"""",""target"":"""",""text"":""v.l. ἵεις""},{""type"":""ref"",""target"":"""",""text"":""-ιον""},{""type"":"""",""target"":"""",""text"":""v.l. -ιον""},{""type"":""ref"",""target"":"""",""text"":""ἀν-, ἀφ-, ὑφ-ίημι""},{""type"":"""",""target"":"""",""text"":""v. ἀν-, ἀφ-, ὑφ-ίημι""}]",1,1,1,1,1,8,34,19,142
50166,10,523,n50166,ἴηνα,,,817,,"[""ἴηνα,aor. 1 Act. of ἰαίνω.""]",[],[],[],[],{},[],1,0,0,0,0,1,0,0,0
50167,10,524,n50167,Ἰηπαι-ήων,,ὁ,817,,"[""hymn sung to him, ib. 500 , 517 .""]","[""hymn""]",[],[],[],{},[],1,1,0,0,0,1,1,0,0
50168,10,525,n50168,Ἰηπαι-ωνίζω,,,817,,"[""cry ἰὴ παιών! Ar. Eq. 408 .""]","[""cry""]",[],[],[],{},[],1,1,0,0,0,1,1,0,0
50169,10,526,n50169,ἰήρια,,τά,817,,"[""ἰήρια,τά,=ἰατήρια, dub. in Supp.Epigr. 1.414.4 (Crete,v/iv B.C.).""]",[],[],[],[],{},[],1,0,0,0,0,1,0,0,0
50170,10,527,n50170,ἴῃσι,,,817,,"[""ibo).ἰήσιμος,ἴησις, Ion. for ἰασ-.""]","[""ibo""]",[],[],[],{},[],1,1,0,0,0,1,1,0,0
50171,10,528,n50171,Ἰησοῦς,,,817,,"[""Ἰησοῦς,οῦ, dat.οῖ,Joshua, LXX Jo. 1.1 , al., Act.Ap. 7.45 ; in NT, with dat.-οῦ, JESUS, Ev.Matt. 9.27 , al.""]",[],[],[],[],{},[],1,0,0,0,0,1,0,0,0
50172,10,529,n50172,ἰήτειρα,,,817,,"[""ἰήτειρα,ἰητέον,ἰητήρ,ἰητόριον,ἰητρός, etc., Ion. for ἰατ-.""]",[],[],[],[],{},[],1,0,0,0,0,1,0,0,0
50173,10,530,n50173,ἰήτης:,,,817,,"[""ἰήτης: τοξότης, ἰοβόλος, Hsch.""]",[],[],[],[],{},[],1,0,0,0,0,1,0,0,0
50174,10,531,n50174,ἰθᾱγενής,,,817,,"[""born in lawful wedlock,ἀλλά με ἶσον ἰθαγενέεσσιν(so most codd. and A.D. Adv. 187.24 : v.l. ἰθαιγ- )ἐτίμα honoured me like his true-born sons, of a νόθος, Od. l.c., cf. A.R. Fr. 12.2 (ἰθαγ-cod.), Alex.Aet. 3.2 (ἰθαιγ-cod.)."",""of a nation,from the ancient stock, aboriginal, opp. ἔπηλυς, ἰ. Αἰγύπτιοι Hdt. 6.53 , cf. A. Pers. 306 ; οὐχ ὑπ' ἰθαγενῶν ἤρχοντο Str. 7.7.8 , cf. Agath. 2.15 , 25 ."",""ἰ. κύημα, opp. an abortion, Hp. Mul. 1.71 ; of some mouths of the Nile,natural, original, opp.ὀρυκτά, Hdt. 2.17 ;ἰ. νότος, ζέφυρος,genuine, Arist. Mete. 364a16 , 18 . (Glossed αὐτόχθων by Hsch. ,αὐθιγενής by Erot. ;originalis, indigena, by Gloss.; perh.ἰθᾰ-γενής [ᾱ metri gr.], cf. Skt.ihá, Avest.ιδα(fr.*idhá) 'here'; cf. pr. n. Ἰθαγένης Plu. Per. 26 , Ps.- Hdt. Vit.Hom. 1 , but Ἰθαιγένης IG 12(9).192 (iv B.C.).)""]","[""born in lawful wedlock"",""his true-born sons"",""from the ancient stock, aboriginal"",""natural, original"",""genuine"",""originalis, indigena"",""ihá"",""*idhá""]",[],"[{""biblio"":"""",""quote"":""ἔπηλυς, ἰ. Αἰγύπτιοι""},{""biblio"":""Hdt. | 6.53"",""quote"":""ἔπηλυς, ἰ. Αἰγύπτιοι Hdt. 6.53""},{""biblio"":"""",""quote"":""οὐχ ὑπ' ἰθαγενῶν ἤρχοντο""},{""biblio"":""Str. | 7.7.8"",""quote"":""οὐχ ὑπ' ἰθαγενῶν ἤρχοντο Str. 7.7.8""},{""biblio"":"""",""quote"":""Ἰθαγένης""},{""biblio"":""Plu. | Per. | 26"",""quote"":""Ἰθαγένης Plu. Per. 26""},{""biblio"":"""",""quote"":""Ἰθαιγένης""},{""biblio"":""IG | 12(9).192"",""quote"":""Ἰθαιγένης IG 12(9).192""}]","[""Hdt. | 6.53"",""IG | 12(9).192"",""Plu. | Per. | 26"",""Str. | 7.7.8""]",{},"[{""type"":""ref"",""target"":"""",""text"":""ἰθαιγ-""},{""type"":"""",""target"":"""",""text"":""v.l. ἰθαιγ-""}]",1,1,0,1,1,3,8,0,8
50175,10,532,n50175,ἰθαίνω,,,817,,"[""= εὐφρονῶ , Hsch. : etym. of ἰθαγενής, A.D. Adv. 187.25 ; ἴθαινε θυμόν Anon. ap. An.Ox. 1.61 (cf. ἰθαινάθυμος Theognost. Can. 81 ). (Cogn. with ἰθαρός.)""]",[],[],"[{""biblio"":"""",""quote"":""ἴθαινε θυμόν""},{""biblio"":""Anon."",""quote"":""ἴθαινε θυμόν Anon.""},{""biblio"":"""",""quote"":""ἰθαινάθυμος""},{""biblio"":""Theognost. | Can. | 81"",""quote"":""ἰθαινάθυμος Theognost. Can. 81""}]","[""Anon."",""Theognost. | Can. | 81""]",{},"[{""type"":""ref"",""target"":"""",""text"":""εὐφρονῶ""},{""type"":"""",""target"":"""",""text"":""= εὐφρονῶ""}]",1,0,0,1,1,1,0,0,4
50176,10,533,n50176,Ἰθάκη,,ἡ,817,,"[""to Ithaca, Od. 16.322 ;Ἰηπαί-ηθεν,from it, Q.S. 7.187 .""]","[""to Ithaca"",""from it""]",[],[],[],{},[],1,1,0,0,0,1,2,0,0
50177,10,534,n50177,ἴθανα,,,817,,"[""= εἶθαρ , Id.""]",[],[],[],[],{},"[{""type"":""ref"",""target"":"""",""text"":""εἶθαρ""},{""type"":"""",""target"":"""",""text"":""= εἶθαρ""}]",1,0,0,0,1,1,0,0,0
50178,10,535,n50178,ἰθᾰρός,,,817,,"[""cheerful, glad, in Comp. -ώτερος Alc. Supp. 4.18 ."",""pure, κρᾶναι Simm. 25.6 ; cf.ἰθαραῖς: ταχείαις, κούφαις, ἱλαραῖς, καλαῖς, καθαραῖς, Hsch.""]","[""cheerful, glad"",""pure""]",[],"[{""biblio"":"""",""quote"":""-ώτερος""},{""biblio"":""Alc. | Supp. | 4.18"",""quote"":""-ώτερος Alc. Supp. 4.18""},{""biblio"":"""",""quote"":""κρᾶναι""},{""biblio"":""Simm. | 25.6"",""quote"":""κρᾶναι Simm. 25.6""}]","[""Alc. | Supp. | 4.18"",""Simm. | 25.6""]",{},[],1,1,0,1,0,2,2,0,4
50179,10,536,n50179,ἰθείη,,ἡ,817,,"[""= εὐφροσύνη , Id.""]",[],[],[],[],{},"[{""type"":""ref"",""target"":"""",""text"":""εὐφροσύνη""},{""type"":"""",""target"":"""",""text"":""= εὐφροσύνη""}]",1,0,0,0,1,1,0,0,0
50180,10,537,n50180,ἴθῐ,Adv.,,817,,"[""ibo),come, go(q.v.): used as Adv.of encouragement,come! well then! Il. 4.362 ; ἴ. νυν Ar. Ra. 519 , etc.""]","[""ibo"",""come, go"",""come! well then!""]",[],"[{""biblio"":"""",""quote"":""ἴ. νυν""},{""biblio"":""Ar. | Ra. | 519"",""quote"":""ἴ. νυν Ar. Ra. 519""}]","[""Ar. | Ra. | 519""]",{},[],1,1,0,1,0,1,3,0,2
50181,10,538,n50181,ἰθίτας:,,,817,,"[""ἰθίτας: ὁ βλεννὸς καὶ μωρός, Hsch.""]",[],[],[],[],{},[],1,0,0,0,0,1,0,0,0
50182,10,539,n50182,ἴθμα,,τό,817,,"[""ibo), always in pl.,step, motion, πελειάσιν ἴθμαθ' ὁμοῖαι Il. 5.778 , h.Ap. 114 ."",""feet, Call. Cer. 58 .""]","[""ibo"",""step, motion"",""feet""]",[],"[{""biblio"":"""",""quote"":""πελειάσιν ἴθμαθ' ὁμοῖαι""},{""biblio"":""Il. | 5.778"",""quote"":""πελειάσιν ἴθμαθ' ὁμοῖαι Il. 5.778""}]","[""Il. | 5.778""]",{},[],1,1,0,1,0,2,3,0,2
50183,10,540,n50183,ἰθμαίνω:,,,817,,"[""ἰθμαίνω: ἀσθμαίνω, Hsch. ἰθμία: ἡ τῶν μελισσῶν ἐρυθρὰ κόπρος, Id.ἰθμίν(sic): περιστόμιον, περιτραχήλιον, ἢ στεφανίς, Id. (cf.ἴσθμιον).""]",[],[],[],[],{},[],1,0,0,0,0,1,0,0,0
50184,10,541,n50184,ἴθρῐς,,ὁ,817,,"[""eunuch, restored from Hsch. for ἴδρις in AP 6.219 (Antip.).""]","[""eunuch""]",[],[],[],{},[],1,1,0,0,0,1,1,0,0
50185,10,542,n50185,ἰθύ-βῐος,,,817,,"[""straightforward, honest, IG 5(2).474 (Megalopolis,ii/iii A.D.;εἰθ-lapis).""]","[""straightforward, honest,""]",[],[],[],{},[],1,1,0,0,0,1,1,0,0
50186,10,543,n50186,ἰθυ-βόλος,,,817,,"[""straight-hitting, ἀκόντιον Apollod. 3.15.1 : Sup. -ώτατος, ἀκοντιστής J. BJ 1.21.13 : metaph.,sagacious, φύσις Dam. Isid. 160 .""]","[""straight-hitting"",""sagacious""]",[],"[{""biblio"":"""",""quote"":""ἀκόντιον""},{""biblio"":""Apollod. | 3.15.1"",""quote"":""ἀκόντιον Apollod. 3.15.1""},{""biblio"":"""",""quote"":""-ώτατος, ἀκοντιστής""},{""biblio"":""J. | BJ | 1.21.13"",""quote"":""-ώτατος, ἀκοντιστής J. BJ 1.21.13""},{""biblio"":"""",""quote"":""φύσις""},{""biblio"":""Dam. | Isid. | 160"",""quote"":""φύσις Dam. Isid. 160""}]","[""Apollod. | 3.15.1"",""Dam. | Isid. | 160"",""J. | BJ | 1.21.13""]",{},[],1,1,0,1,0,1,2,0,6
50187,10,544,n50187,ἰθύ-γραμμος,,,817,,"[""rectilinear, σχήματα Agath. 5.9 .""]","[""rectilinear""]",[],"[{""biblio"":"""",""quote"":""σχήματα""},{""biblio"":""Agath. | 5.9"",""quote"":""σχήματα Agath. 5.9""}]","[""Agath. | 5.9""]",{},[],1,1,0,1,0,1,1,0,2
50188,10,545,n50188,ἰθυ-δίκης,,ὁ,817,,"[""giving right judgement, Hes. Op. 230 , APl. 4.35 .""]","[""giving right judgement""]",[],[],[],{},[],1,1,0,0,0,1,1,0,0
50189,10,546,n50189,ἰθύ-δῐκος,,,817,,"[""righteous, Epigr.Gr. 906 (Gortyn).""]","[""righteous,""]",[],[],[],{},[],1,1,0,0,0,1,1,0,0
50190,10,547,n50190,ἰθυ-δρομία,,ἡ,817,,"[""straight course, διὰ τῶν πόρων Harp.Astr. in Cat. Cod.Astr. 8(3).148 .""]","[""straight course"",""Cat. Cod.Astr.""]",[],"[{""biblio"":"""",""quote"":""διὰ τῶν πόρων""},{""biblio"":""Harp.Astr."",""quote"":""διὰ τῶν πόρων Harp.Astr.""}]","[""Harp.Astr.""]",{},[],1,1,0,1,0,1,2,0,2
50191,10,548,n50191,ἰθυ-δρόμος,,,817,,"[""straight-running, πρίων AP 6.103 ( Phil. ).""]","[""straight-running""]",[],"[{""biblio"":"""",""quote"":""πρίων""},{""biblio"":""AP | 6.103"",""quote"":""πρίων AP 6.103""}]","[""AP | 6.103""]",{},[],1,1,0,1,0,1,1,0,2
50192,10,549,n50192,ἴθυ-θριξ,,ὁ,817,,"[""straight-haired, opp.οὐλόθριξ(woollyhaired), Hdt. 7.70 , Hp. Epid. 1.19 .""]","[""straight-haired""]",[],[],[],{},[],1,1,0,0,0,1,1,0,0
50193,10,550,n50193,ἰθυ-κέλευθος,,,817,,"[""straight-going, Nonn. D. 15.365 .""]","[""straight-going""]",[],[],[],{},[],1,1,0,0,0,1,1,0,0
50194,10,551,n50194,ἰθυ-κρήδεμνος,,,817,,"[""with canvas set, Pamphosap. Paus. 7.21.9 .""]","[""with canvas set""]",[],[],[],{},[],1,1,0,0,0,1,1,0,0
50195,10,552,n50195,ἰθυ-κτέᾰνον:,,,817,,"[""ἰθυ-κτέᾰνον: τὸ ἰθὺ πεφυκὸς καὶ ὀρθὸν δένδρον, Hsch. ; cf. sq. and εὐκτέανος(B).""]",[],[],[],[],{},[],1,0,0,0,0,1,0,0,0
50196,10,553,n50196,ἰθυ-κτίων,,,817,,"[""v. ἰθυπτίων .""]",[],[],[],[],{},"[{""type"":""ref"",""target"":"""",""text"":""ἰθυπτίων""},{""type"":"""",""target"":"""",""text"":""v. ἰθυπτίων""}]",1,0,0,0,1,1,0,0,0
50197,10,554,n50197,ἰθύ-κῡφος,,,817,,"[""frontally concave, Hp. Art. 45 (ἰθυ-κῡφής,ές, Mochl. 1 ); opp.ἰθύ-λορδος,η , ον(ος,ον Mochl.l.c.),frontally convex, ll. cc., cf. Gal. 18(2).542 .""]","[""frontally concave"",""frontally convex""]",[],[],[],{},[],1,1,0,0,0,1,2,0,0
50198,10,555,n50198,ἰθυ-μᾰχία,,ἡ,817,,"[""fair, stand-up fight, ἰ. ποιέεσθαι Hdt. 4.120 ;ἰθυμαχίῃ διώσασθαι στρατόν ib. 102 .""]","[""fair, stand-up fight""]",[],"[{""biblio"":"""",""quote"":""ἰ. ποιέεσθαι""},{""biblio"":""Hdt. | 4.120"",""quote"":""ἰ. ποιέεσθαι Hdt. 4.120""}]","[""Hdt. | 4.120""]",{},[],1,1,0,1,0,1,1,0,2
50199,10,556,n50199,ἰθυ-μάχος,,,817,,"[""fighting fairly and openly, Simon. 137 .""]","[""fighting fairly and openly""]",[],[],[],{},[],1,1,0,0,0,1,1,0,0
50200,10,557,n50200,ἴθυμβος,,ὁ,817,,"[""Bacchic dance and song, Poll. 4.104 , Hsch. , Phot. (For the termination cf.ἴαμβος, διθύραμβος.)""]","[""Bacchic dance and song""]",[],[],[],{},[],1,1,0,0,0,1,1,0,0
50201,10,558,n50201,ἴθῡνα,,ἡ,817,,"[""= εὔθυνα ,penalty, fine, SIG 986.12 (Chios,v/iv B.C.), GDI 5654 (ibid.).""]","[""penalty, fine""]",[],[],[],{},"[{""type"":""ref"",""target"":"""",""text"":""εὔθυνα""},{""type"":"""",""target"":"""",""text"":""= εὔθυνα""}]",1,1,0,0,1,1,1,0,0
50202,10,559,n50202,ἰθύν-τατα,Adv.,,817,,"[""ἰθύν-τατα [ῑ],Adv., Sup. of ἰθύς(A) (q.v.).""]",[],[],[],[],{},[],1,0,0,0,0,1,0,0,0
50203,10,560,n50203,ἰθύν-τειρα,,ἡ,817,,"[""ἰθύν-τειρα,ἡ, fem. of sq., as epith.of Δίκη, Orph. A. 352 .""]",[],[],[],[],{},[],1,0,0,0,0,1,0,0,0
50204,10,561,n50204,ἰθυν-τήρ,,ὁ,817,,"[""guide, pilot, A.R. 4.209 , 1260 , IG 9(1).390 (Naupactus), Jul. Or. 1.25c ;shepherd, Theoc. Syrinx 2 ;ἰ. πυρός, of Hephaestus,v.l. in Coluth. 54 ;ruler, Ἑσπερίης χθονός Epigr.Gr. 905 (Gortyn); προτέρων ὑπέρτερος ἰθυντήρων Milet. 1(9).340 .""]","[""guide, pilot"",""shepherd"",""ruler""]",[],"[{""biblio"":"""",""quote"":""Ἑσπερίης χθονός""},{""biblio"":""Epigr.Gr. | 905"",""quote"":""Ἑσπερίης χθονός Epigr.Gr. 905""},{""biblio"":"""",""quote"":""προτέρων ὑπέρτερος ἰθυντήρων""},{""biblio"":""Milet. | 1(9).340"",""quote"":""προτέρων ὑπέρτερος ἰθυντήρων Milet. 1(9).340""}]","[""Epigr.Gr. | 905"",""Milet. | 1(9).340""]",{},[],1,1,0,1,0,1,3,0,4
50205,10,562,n50205,ἰθυν-τήριος,Subst.,τό,817,,"[""guiding, directing, S. Ichn. 73 ."",""Subst. -τήριον,τό ,laurel-bough, used by diviners, Hsch. ;= regimen, Gloss."",""-τηρία,ἡ ,=canalis, ib. (prob.).""]","[""guiding, directing"",""laurel-bough"",""regimen,"",""canalis""]",[],[],[],{},[],1,1,0,0,0,3,4,0,0
50206,10,563,n50206,ἰθυν-τής,,ὁ,817,,"[""= ἰθυντήρ , Hsch. s.v. διϊθυντής ;= rector, Gloss. :""]","[""rector,""]",[],[],[],{},"[{""type"":""ref"",""target"":"""",""text"":""ἰθυντήρ""},{""type"":"""",""target"":"""",""text"":""= ἰθυντήρ""},{""type"":""ref"",""target"":"""",""text"":""διϊθυντής""},{""type"":"""",""target"":"""",""text"":""s.v. διϊθυντής""}]",1,1,0,0,1,1,1,0,0
50207,10,564,n50207,ἰθύν-τωρ,,,817,,"[""ἰθύντορος ἀνθυπάτοιο IG 4.1603 (Corinth).""]",[],[],"[{""biblio"":"""",""quote"":""ἰθύντορος ἀνθυπάτοιο""},{""biblio"":""IG | 4.1603"",""quote"":""ἰθύντορος ἀνθυπάτοιο IG 4.1603""}]","[""IG | 4.1603""]",{},[],1,0,0,1,0,1,0,0,2
50208,10,565,n50208,ἰθύν-ω,,,817,825,"[""ἰθύνεσκον Q.S. 1.273 , al., Hymn.Is. 153 :aor. 1 ἴθυνα Od. 23.197 :— Med. (v. infr. 2 ),aor. 1 inf. ἰθύνασθαι Q.S. 14.500 :— Pass. ,aor. 1 ἰθύνθην Il. 16.475 :pf. ἴθυμμαι D.P. 341 , ἀπ-ίθυνται Hp. Fract. 7 : (ἰθύς A). [ῑθῡνω:ῐ-only in APl. 74 ]:— Ion. and Ep. for εὐθύνω(sts. used in Trag., generally with v.l. εὐθυν- ; never in Com. or Att. Prose),make straight, straighten,ἐπὶ στάθμην ἴθυνεν by the rule, Od. 5.245 , 23.197 , al.:— Pass. , ἐκ στάθμης ἰθυμμένος D.P. l.c."",""guide in a straight line,ἵππους τε καὶ ἅρμ' ἰθύνομεν( Ep. for-ωμεν)let us drive them straight, Il. 11.528 ;νῆα θοὴν ἰθύνει[the pilot]keeps it straight, 23.317 ; τὴν δ' ἄνεμός τε κυβερνήτης τ' ἴθυνε Od. 11.10 , etc.;τρόπιν Hymn.Is.l.c.;ἰ. δρόμον, κῶλον, E. Hipp. 1227 ( v.l. εὐθ- ), Or. 1016 (lyr.); κέντρα Id. Ph. 178 (lyr.);βέλος δ' ἴθυνεν Ἀθήνη she sped it straight, Il. 5.290 : in late Prose, λεπτοὶ ὕπνοι ἰθύνοντες τὰ σιτία Philostr. Gym. 48 :— Med. ,guide or steer for oneself, of missiles,ἐπ' Ἀντινόῳ ἰθύνετο πικρὸν ὀϊστόν aimed his arrow straight at . . , Od. 22.8 ;πηδαλίῳ ἰθύνετο(sc.σχεδίην) 5.270 ; ἡνίοχος ἰθύνετο ἅρμα Hes. Sc. 324 : c. gen.,ἀλλήλων ἰθυνομένων . . δοῦρα as they drove their spears straight at each other, Il. 6.3 :— Pass. ,run straight or evenly, of horses yoked abreast, τὼ δ' ἰθυνθήτην Il. 16.475 (but,to be guided,οὐ γὰρ ἄτερ μάστιγος ἰθύνεται ἵππος APl.l.c.); of a boat,to be steered, Hdt. 1.194 ."",""guide, direct, rule, Ζεὺς . . πάντ' ἰθύνει Il. 17.632 ; ἀμηχανίη ἰ. νόον Parm. 6.6 ;ἰ. στρατόν(corr. from ηὔθ-in cod. M) A. Pers. 773 ;ἰ. ἑορτάς Orac. ap. D. 21.52 ; ζωήν AP 6.68 (Jul.Aegypt.); of a judge,μύθους ἰ.put straight, rectify unjust judgements, Hes. Op. 263 (dub.), cf. Call. Jov. 83 ;ἰ. τὸ πλέον τινί adjudge the greater part to him, Theoc. 5.71 :— Pass. ,ἰθύνεσθαι θανάτῳ to be visited with the penalty of death, Hdt. 2.177 .""]","[""make straight, straighten"",""guide in a straight line"",""let us drive"",""straight"",""keeps"",""straight"",""sped"",""straight"",""guide"",""steer for oneself"",""aimed his"",""straight"",""as they drove"",""straight at"",""run straight"",""evenly"",""to be guided"",""to be steered"",""guide, direct, rule"",""put straight, rectify"",""adjudge"",""to be visited with the penalty""]",[],"[{""biblio"":"""",""quote"":""ἰθύνεσκον""},{""biblio"":""Q.S. | 1.273"",""quote"":""ἰθύνεσκον Q.S. 1.273""},{""biblio"":"""",""quote"":""ἴθυνα""},{""biblio"":""Od. | 23.197"",""quote"":""ἴθυνα Od. 23.197""},{""biblio"":"""",""quote"":""ἰθύνασθαι""},{""biblio"":""Q.S. | 14.500"",""quote"":""ἰθύνασθαι Q.S. 14.500""},{""biblio"":"""",""quote"":""ἰθύνθην""},{""biblio"":""Il. | 16.475"",""quote"":""ἰθύνθην Il. 16.475""},{""biblio"":"""",""quote"":""ἴθυμμαι""},{""biblio"":""D.P. | 341"",""quote"":""ἴθυμμαι D.P. 341""},{""biblio"":"""",""quote"":""ἀπ-ίθυνται""},{""biblio"":""Hp. | Fract. | 7"",""quote"":""ἀπ-ίθυνται Hp. Fract. 7""},{""biblio"":"""",""quote"":""ἐκ στάθμης ἰθυμμένος""},{""biblio"":""D.P."",""quote"":""ἐκ στάθμης ἰθυμμένος D.P.""},{""biblio"":"""",""quote"":""τὴν δ' ἄνεμός τε κυβερνήτης τ' ἴθυνε""},{""biblio"":""Od. | 11.10"",""quote"":""τὴν δ' ἄνεμός τε κυβερνήτης τ' ἴθυνε Od. 11.10""},{""biblio"":"""",""quote"":""κέντρα""},{""biblio"":""Id. | Ph. | 178"",""quote"":""κέντρα Id. Ph. 178""},{""biblio"":"""",""quote"":""λεπτοὶ ὕπνοι ἰθύνοντες τὰ σιτία""},{""biblio"":""Philostr. | Gym. | 48"",""quote"":""λεπτοὶ ὕπνοι ἰθύνοντες τὰ σιτία Philostr. Gym. 48""},{""biblio"":"""",""quote"":""ἡνίοχος ἰθύνετο ἅρμα""},{""biblio"":""Hes. | Sc. | 324"",""quote"":""ἡνίοχος ἰθύνετο ἅρμα Hes. Sc. 324""},{""biblio"":"""",""quote"":""τὼ δ' ἰθυνθήτην""},{""biblio"":""Il. | 16.475"",""quote"":""τὼ δ' ἰθυνθήτην Il. 16.475""},{""biblio"":"""",""quote"":""Ζεὺς . . πάντ' ἰθύνει""},{""biblio"":""Il. | 17.632"",""quote"":""Ζεὺς . . πάντ' ἰθύνει Il. 17.632""},{""biblio"":"""",""quote"":""ἀμηχανίη ἰ. νόον""},{""biblio"":""Parm. | 6.6"",""quote"":""ἀμηχανίη ἰ. νόον Parm. 6.6""},{""biblio"":"""",""quote"":""ζωήν""},{""biblio"":""AP | 6.68"",""quote"":""ζωήν AP 6.68""}]","[""AP | 6.68"",""D.P."",""D.P. | 341"",""Hes. | Sc. | 324"",""Hp. | Fract. | 7"",""Id. | Ph. | 178"",""Il. | 16.475"",""Il. | 17.632"",""Od. | 11.10"",""Od. | 23.197"",""Parm. | 6.6"",""Philostr. | Gym. | 48"",""Q.S. | 1.273"",""Q.S. | 14.500""]",{},"[{""type"":""ref"",""target"":"""",""text"":""εὐθυν-""},{""type"":"""",""target"":"""",""text"":""v.l. εὐθυν-""},{""type"":""ref"",""target"":"""",""text"":""εὐθ-""},{""type"":"""",""target"":"""",""text"":""v.l. εὐθ-""}]",1,1,0,1,1,3,22,0,30
50209,10,566,n50209,ἰθῠπετεῖν,,,817,,"[""ἰθῠπετεῖν[ῑ](ἰθυνπ-cod.): ἐπ' εὐθείας ὁρμῆσαι, Hsch.""]",[],[],[],[],{},[],1,0,0,0,0,1,0,0,0
50210,10,567,n50210,ἰθῠ-πορέω,,,817,,"[""go straight on, Hp. Oss. 15 .""]","[""go straight on""]",[],[],[],{},[],1,1,0,0,0,1,1,0,0
50211,10,568,n50211,ἰθῠ-πόρος,,,817,,"[""going straight on,γραμμή, γραφίδες, AP 6.64 (Paul. Sil.), 68 ( Jul. Aegypt.).""]","[""going straight on""]",[],[],[],{},[],1,1,0,0,0,1,1,0,0
50212,10,569,n50212,ἰθῠ-πτίων,,ὁ,817,,"[""straight-flying(cf.ἰθύς(A) 11 ):— Zenod. read ἰθυκτίωνα,straight-fibred(fort.-κτείωνα, cf.εὐθυκτέανον, κτηδών).""]","[""straight-flying"",""straight-fibred""]",[],[],[],{},[],1,1,0,0,0,1,2,0,0
50213,10,570,n50213,ἰθύρ:,,,817,,"[""ἰθύρ: τὸ σιδήριον τοῦ ἄξονος τὸ τριβόμενον, Hsch.""]",[],[],[],[],{},[],1,0,0,0,0,1,0,0,0
50214,10,571,n50214,ἰθύρροπος,,,817,,"[""hanging perpendicularly, Hp. Art. 44 .""]","[""hanging perpendicularly""]","[""ῥοπή""]",[],[],{},[],1,1,1,0,0,1,1,1,0
50215,10,572,n50215,ἰθύς,Adv.,,817,,"[""ἰθέα Hdt. 2.17 , Eus.Mynd. 63 (but ἰθείης, ῃ,αν are prob. in oblique cases)<*> Comp. ἰθύντερος Hdn.Gr. 2.927 : Sup. ἰθύντατος or-ύτατος(v. infr.):— Ion. and Ep. form of Att. εὐθύς:"",""straight, used by Hom. in this sense only in Adv. ἰθύς(infr. 11 );ἰθείῃ τέχνῃ straightway, forthwith, Hdt. 9.57 ; ἰθέα ὁδός Id. 2.17 ;ἰθεῖαν(sc.ὁδόν)straight on, Id. 7.193 ;ἐκ τῆς ἰθείης outright, openly, Id. 2.161 , al.; ἰ. ἀτραπός Nic. Th. 265 , cf. AP 10.3 ; ἰθύντατον ἴχνος D.P. 651 ; γραφίδες ἰθύταται AP 6.63 ( Damoch. );ἰθύτατον ὄρος steepest, App. Hisp. 1 ."",""in moral sense,straight-forward, just,εἰ δ' ἄγ' ἐγὼν αὐτὸς δικάσω, . . ἰθεῖα γὰρ ἔσται [ἡ δίκη] Il. 23.580 ; ἰθείῃσι δίκῃσιν h.Cer. 152 , Hes. Th. 86 , cf. Op. 36 ; opp.σκολιαὶ δίκαι, ib. 224 : in Sup. Adv.,δίκην ἰθύντατα εἰπεῖν to give judgement the most fairly, Il. 18.508 ; later οὔποτε δουλείη κεφαλὴ ἰθεῖα πέφυκεν Thgn. 535 ; πρήξιες ἰθύτεραι Id. 1026 ; Δίκα ἰθεῖα B. 14.54 ; ἰθύς τε καὶ δίκαιος Hdt. 1.96 ;λόγος ἰ ib. 118 ."",""ἰθύς, or less freq.ἰθύ, as Adv.,straight at, mostly c. gen. objecti, βῆ ῥ' ἰθὺς Διομήδεος Il. 5.849 , cf. 16.584 ;ἰθὺς κίεν οἴκου went straight towards the dwelling, 24.471 , cf. Od. 15.511 ; ἰθὺ βέλος πέτετ' οὐδ' ἀπολήγει Il. 20.99 ; ἔπλεε ἰθὺ τοῦ Ἴστρου Hdt. 4.89 ; ἰθὺ τῆς ἀρχῆς τῆς Τομύριος 1.207 , cf. 6.95 , al.; ἰθὺ βαδίζειν Semus 20 ; ἰθὺς πρὸς τεῖχος ἔκιον Il. 12.137 ; ἰθὺς ἐπὶ Θεσσαλίης Hdt. 5.64 ."",""abs.,ἰθὺς φρονέων resolving to go straight on, Il. 12.124 , cf. 13.135 ; ἰθὺς μεμαώς 11.95 , etc.; of a bird's flight, SIG 1167.7 (Ephesus,vi B.C.);ἰθὺς μαχέσασθαι to fight face to face, Il. 17.168 ; μένος χειρῶν ἰθὺς φέρον 5.506 ; also τέτραπτο πρὸς ἰθύ οἱ( v.l. πρὸς ἰθύν , cf. sq.) he fronted him face to face, 14.403 ;κατ' ἰθὺ γούνασιν opposite, i.e.vertically below, the knees, Hp. Off. 3 ; of Time,straightway, Hdt. 3.58 ."",""regul.Adv. ἰθέως Id. 2.121 .β́, al.; πλέειν ἰθέως ἐπὶ τὸν Ἑλλήσποντον Id. 8.108 .""]","[""straight"",""straightway, forthwith"",""straight on"",""outright, openly"",""steepest"",""straight-forward, just"",""the most fairly"",""straight at"",""straight towards"",""straight on"",""face to face"",""face to face"",""opposite"",""vertically below"",""straightway""]",[],"[{""biblio"":"""",""quote"":""ἰθέα""},{""biblio"":""Hdt. | 2.17"",""quote"":""ἰθέα Hdt. 2.17""},{""biblio"":"""",""quote"":""ἰθέα ὁδός""},{""biblio"":""Id. | 2.17"",""quote"":""ἰθέα ὁδός Id. 2.17""},{""biblio"":"""",""quote"":""ἰ. ἀτραπός""},{""biblio"":""Nic. | Th. | 265"",""quote"":""ἰ. ἀτραπός Nic. Th. 265""},{""biblio"":"""",""quote"":""ἰθύντατον ἴχνος""},{""biblio"":""D.P. | 651"",""quote"":""ἰθύντατον ἴχνος D.P. 651""},{""biblio"":"""",""quote"":""γραφίδες ἰθύταται""},{""biblio"":""AP | 6.63"",""quote"":""γραφίδες ἰθύταται AP 6.63""},{""biblio"":"""",""quote"":""ἰθείῃσι δίκῃσιν""},{""biblio"":""h.Cer. | 152"",""quote"":""ἰθείῃσι δίκῃσιν h.Cer. 152""},{""biblio"":"""",""quote"":""οὔποτε δουλείη κεφαλὴ ἰθεῖα πέφυκεν""},{""biblio"":""Thgn. | 535"",""quote"":""οὔποτε δουλείη κεφαλὴ ἰθεῖα πέφυκεν Thgn. 535""},{""biblio"":"""",""quote"":""πρήξιες ἰθύτεραι""},{""biblio"":""Id. | 1026"",""quote"":""πρήξιες ἰθύτεραι Id. 1026""},{""biblio"":"""",""quote"":""Δίκα ἰθεῖα""},{""biblio"":""B. | 14.54"",""quote"":""Δίκα ἰθεῖα B. 14.54""},{""biblio"":"""",""quote"":""ἰθύς τε καὶ δίκαιος""},{""biblio"":""Hdt. | 1.96"",""quote"":""ἰθύς τε καὶ δίκαιος Hdt. 1.96""},{""biblio"":"""",""quote"":""βῆ ῥ' ἰθὺς Διομήδεος""},{""biblio"":""Il. | 5.849"",""quote"":""βῆ ῥ' ἰθὺς Διομήδεος Il. 5.849""},{""biblio"":"""",""quote"":""ἰθὺ βέλος πέτετ' οὐδ' ἀπολήγει""},{""biblio"":""Il. | 20.99"",""quote"":""ἰθὺ βέλος πέτετ' οὐδ' ἀπολήγει Il. 20.99""},{""biblio"":"""",""quote"":""ἔπλεε ἰθὺ τοῦ Ἴστρου""},{""biblio"":""Hdt. | 4.89"",""quote"":""ἔπλεε ἰθὺ τοῦ Ἴστρου Hdt. 4.89""},{""biblio"":"""",""quote"":""ἰθὺ τῆς ἀρχῆς τῆς Τομύριος""},{""biblio"":""1.207"",""quote"":""ἰθὺ τῆς ἀρχῆς τῆς Τομύριος 1.207""},{""biblio"":"""",""quote"":""ἰθὺ βαδίζειν""},{""biblio"":""Semus | 20"",""quote"":""ἰθὺ βαδίζειν Semus 20""},{""biblio"":"""",""quote"":""ἰθὺς πρὸς τεῖχος ἔκιον""},{""biblio"":""Il. | 12.137"",""quote"":""ἰθὺς πρὸς τεῖχος ἔκιον Il. 12.137""},{""biblio"":"""",""quote"":""ἰθὺς ἐπὶ Θεσσαλίης""},{""biblio"":""Hdt. | 5.64"",""quote"":""ἰθὺς ἐπὶ Θεσσαλίης Hdt. 5.64""},{""biblio"":"""",""quote"":""ἰθὺς μεμαώς""},{""biblio"":""11.95"",""quote"":""ἰθὺς μεμαώς 11.95""},{""biblio"":"""",""quote"":""μένος χειρῶν ἰθὺς φέρον""},{""biblio"":""5.506"",""quote"":""μένος χειρῶν ἰθὺς φέρον 5.506""},{""biblio"":"""",""quote"":""ἰθέως""},{""biblio"":""Id. | 2.121"",""quote"":""ἰθέως Id. 2.121""},{""biblio"":"""",""quote"":""πλέειν ἰθέως ἐπὶ τὸν Ἑλλήσποντον""},{""biblio"":""Id. | 8.108"",""quote"":""πλέειν ἰθέως ἐπὶ τὸν Ἑλλήσποντον Id. 8.108""}]","[""1.207"",""11.95"",""5.506"",""AP | 6.63"",""B. | 14.54"",""D.P. | 651"",""Hdt. | 1.96"",""Hdt. | 2.17"",""Hdt. | 4.89"",""Hdt. | 5.64"",""Id. | 1026"",""Id. | 2.121"",""Id. | 2.17"",""Id. | 8.108"",""Il. | 12.137"",""Il. | 20.99"",""Il. | 5.849"",""Nic. | Th. | 265"",""Semus | 20"",""Thgn. | 535"",""h.Cer. | 152""]",{},"[{""type"":""ref"",""target"":"""",""text"":""πρὸς ἰθύν""},{""type"":"""",""target"":"""",""text"":""v.l. πρὸς ἰθύν""}]",1,1,0,1,1,6,15,0,42
50216,10,573,n50216,ἰθύς,,ἡ,817,,"[""ἀν' ἰθύν,=against,πρὸς ῥόον ἀί̈σσοντος ἀν' ἰθύν against the stream, Il. 21.303 ;ἐπεὶ δὴ σφαίρῃ ἀν' ἰθὺν πειρήσαντο in throwing straight upwards, Od. 8.377 ;πρὸς ἰθύν v.l. in Il. 14.403 ."",""enterprise, οἷσι μάλιστα πεποίθεα πᾶσαν ἐπ' ἰθύν Od. 4.434 ; ἄριστοι πᾶσαν ἐπ' ἰθύν ἐστε μάχεσθαί τε φρονέειν τε Il. 6.79 ;γυναικῶν γνώομεν ἰθύν their mood, designs, Od. 16.304 ;ἐμὴν ἰ. dub. in h.Ap. 539 .""]","[""against"",""against"",""straight upwards"",""enterprise"",""mood, designs""]",[],"[{""biblio"":"""",""quote"":""οἷσι μάλιστα πεποίθεα πᾶσαν ἐπ' ἰθύν""},{""biblio"":""Od. | 4.434"",""quote"":""οἷσι μάλιστα πεποίθεα πᾶσαν ἐπ' ἰθύν Od. 4.434""},{""biblio"":"""",""quote"":""ἄριστοι πᾶσαν ἐπ' ἰθύν ἐστε μάχεσθαί τε φρονέειν τε""},{""biblio"":""Il. | 6.79"",""quote"":""ἄριστοι πᾶσαν ἐπ' ἰθύν ἐστε μάχεσθαί τε φρονέειν τε Il. 6.79""}]","[""Il. | 6.79"",""Od. | 4.434""]",{},[],1,1,0,1,0,2,5,0,4
50217,10,574,n50217,ἰθυ-σκόλιος,,,817,,"[""curved in one direction, though straight in another, of the normal spine, Hp. Art. 45 .""]","[""curved in one direction, though straight in another""]",[],[],[],{},[],1,1,0,0,0,1,1,0,0
50218,10,575,n50218,ἰθυ-τένεια,,ἡ,817,,"[""extension in length, Ptol. Geog. 1.2.4 .""]","[""extension in length""]",[],[],[],{},[],1,1,0,0,0,1,1,0,0
50219,10,576,n50219,ἰθυ-τενής,,,817,,"[""straight, ibid.; κανών AP 6.65 (Paul. Sil.);στάθμη ib. 103 ( Phil. ); γραμμή Simp. in Cael. 180.11 ;στοά Chor. p.85 B. ; ξύλα Agath. 5.21 ;upright, perpendicular, ῥόπαλον APl. 4.261 ( Leon. ): metaph., ἰ. κνήμη Aristaenet. 1.27 .""]","[""straight"",""upright, perpendicular""]",[],"[{""biblio"":"""",""quote"":""κανών""},{""biblio"":""AP | 6.65"",""quote"":""κανών AP 6.65""},{""biblio"":"""",""quote"":""γραμμή""},{""biblio"":""Simp. | in Cael. | 180.11"",""quote"":""γραμμή Simp. in Cael. 180.11""},{""biblio"":"""",""quote"":""ξύλα""},{""biblio"":""Agath. | 5.21"",""quote"":""ξύλα Agath. 5.21""},{""biblio"":"""",""quote"":""ῥόπαλον""},{""biblio"":""APl. | 4.261"",""quote"":""ῥόπαλον APl. 4.261""},{""biblio"":"""",""quote"":""ἰ. κνήμη""},{""biblio"":""Aristaenet. | 1.27"",""quote"":""ἰ. κνήμη Aristaenet. 1.27""}]","[""AP | 6.65"",""APl. | 4.261"",""Agath. | 5.21"",""Aristaenet. | 1.27"",""Simp. | in Cael. | 180.11""]",{},[],1,1,0,1,0,1,2,0,10
50220,10,577,n50220,ἰθύτης,,ἡ,817,,"[""straighteness, ὁδοῦ Aret. CA 2.6 .""]","[""straighteness""]",[],"[{""biblio"":"""",""quote"":""ὁδοῦ""},{""biblio"":""Aret. | CA | 2.6"",""quote"":""ὁδοῦ Aret. CA 2.6""}]","[""Aret. | CA | 2.6""]",{},[],1,1,0,1,0,1,1,0,2
50221,10,578,n50221,ἰθυ-τμής,,ὁ,817,,"[""straight-cut, Nonn. D. 2451 , 5.282 .""]","[""straight-cut""]",[],[],[],{},[],1,1,0,0,0,1,1,0,0
50222,10,579,n50222,ἰθύ-τονος,,,817,,"[""ἰθυτενής, στάλικες AP 6.187 ( Alph. ; v.l. -τενῶν ).""]",[],[],"[{""biblio"":"""",""quote"":""ἰθυτενής, στάλικες""},{""biblio"":""AP | 6.187"",""quote"":""ἰθυτενής, στάλικες AP 6.187""}]","[""AP | 6.187""]",{},"[{""type"":""ref"",""target"":"""",""text"":""-τενῶν""},{""type"":"""",""target"":"""",""text"":""v.l. -τενῶν""}]",1,0,0,1,1,1,0,0,2
50223,10,580,n50223,ἰθύ-τρην,,,817,,"[""bored straight, Democr. 128 .""]","[""bored straight""]",[],[],[],{},[],1,1,0,0,0,1,1,0,0
50224,10,581,n50224,ἰθυ-φαλλικός,,,817,,"[""ithyphallic, of metre, Heph. 15.2 , Hermog. Id. 1.6 ;τὰ ἰ.poems in such metre, D.H. Comp. 4 (ἰθυφάλλια codd.), Poll. 4.53 .""]","[""ithyphallic"",""poems in such metre""]",[],[],[],{},[],1,1,0,0,0,1,2,0,0
50225,10,582,n50225,ἰθύ-φαλλος,,ὁ,817,,"[""fascinum erectum, the phallos carried in the festivals of Bacchus, Cratin. 14 , etc."",""ode and dance performed at such festivals, Hyp. Fr. 50 , Duris 13J."",""one who danced in such dance, Hippoloch. ap. Ath. 4.129d , Semus 20 , Democh. 2 J. : metaph.,lewd fellow, D. 54.14 .""]","[""fascinum erectum, the phallos carried in the festivals of Bacchus"",""ode and dance"",""one who danced in such dance"",""lewd fellow""]",[],[],[],{},[],1,1,0,0,0,3,4,0,0
50226,10,583,n50226,ἰθυ-φάνεια,Adj.,ἡ,817,,"[""direct incidence of light, κατ' ἰθυφάνειαν Damian. Opt. 12 :—Adj. ἰθυ-φᾰνής,ές, in phrase κατ' ἰθυφανές,=κατ' ἰθυφάνειαν, ibid.""]","[""direct incidence of light""]",[],"[{""biblio"":"""",""quote"":""κατ' ἰθυφάνειαν""},{""biblio"":""Damian. | Opt. | 12"",""quote"":""κατ' ἰθυφάνειαν Damian. Opt. 12""}]","[""Damian. | Opt. | 12""]",{},[],1,1,0,1,0,1,1,0,2
50227,10,584,n50227,ἰθυ-φορικός,,,817,,"[""moving in a straight line, Phlp. in Mete. 30.18 .""]","[""moving in a straight line""]",[],[],[],{},[],1,1,0,0,0,1,1,0,0
50228,10,585,n50228,ἰθύω,,,817,,"[""go straight, press right on, rare in pres.,ὁ δέ, κρειῶν ἐρατίζων, ἰθύει [ῠ] Il. 11.552 ;ἔνθα καὶ ἔνθ' ἴθυσε μάχη πεδίοιο the tide of war set straight over the plain . . , 6.2 ; ἰθύει τάχιστα δελφίς Pi. Fr. 234 ; ἰθύει τὸ ἔμβρυον πρὸς τὸ ἧπαρ Hp. Mul. 1.32 , cf. 2.145 vulg.: c. gen. objecti,ὣς Ἕκτωρ ἴθυσε νεός dashed straight at it, Il. 15.693 ; ἴθυσαν δ' ἐπὶ τεῖχος 12.443 ;ἴθυσαν πρός. . Hdt. 4.122 ."",""c.inf.,to be eager, strive to do, τῶν ὁπότ' ἰθύσειε . . ἐπὶ χερσὶ μάσασθαι Od. 11.591 ; ἴθυσέν ῥ' ὀλολύξαι 22.408 ;ὅκῃ ἰθύς ειε στρατεύεσθαι whichever way he purposed to march, Hdt. 1.204 , cf. 3.39 ; ἰθύοντα στρατεύεσθαι Id. 7.8 .β́."",""c. acc.,desire eagerly, τι μετὰ φρεσίν A.R. 2.950 ."",""abs.,τί μακρὰν γλῶσσαν ἰθύσας ἐλαύνω ἐκτὸς ὁδοῦ; why in my zeal do I drive, etc., B. 9.51 . (Signf. 1 never in Od. , signf. 11 never in Il. )""]","[""go straight, press right on"",""set straight"",""dashed straight at"",""to be eager, strive"",""purposed"",""desire eagerly"",""in my zeal""]",[],"[{""biblio"":"""",""quote"":""ἰθύει τάχιστα δελφίς""},{""biblio"":""Pi. | Fr. | 234"",""quote"":""ἰθύει τάχιστα δελφίς Pi. Fr. 234""},{""biblio"":"""",""quote"":""ἰθύει τὸ ἔμβρυον πρὸς τὸ ἧπαρ""},{""biblio"":""Hp. | Mul. | 1.32"",""quote"":""ἰθύει τὸ ἔμβρυον πρὸς τὸ ἧπαρ Hp. Mul. 1.32""},{""biblio"":"""",""quote"":""ἴθυσαν δ' ἐπὶ τεῖχος""},{""biblio"":""12.443"",""quote"":""ἴθυσαν δ' ἐπὶ τεῖχος 12.443""},{""biblio"":"""",""quote"":""τῶν ὁπότ' ἰθύσειε . . ἐπὶ χερσὶ μάσασθαι""},{""biblio"":""Od. | 11.591"",""quote"":""τῶν ὁπότ' ἰθύσειε . . ἐπὶ χερσὶ μάσασθαι Od. 11.591""},{""biblio"":"""",""quote"":""ἴθυσέν ῥ' ὀλολύξαι""},{""biblio"":""22.408"",""quote"":""ἴθυσέν ῥ' ὀλολύξαι 22.408""},{""biblio"":"""",""quote"":""ἰθύοντα στρατεύεσθαι""},{""biblio"":""Id. | 7.8"",""quote"":""ἰθύοντα στρατεύεσθαι Id. 7.8""},{""biblio"":"""",""quote"":""τι μετὰ φρεσίν""},{""biblio"":""A.R. | 2.950"",""quote"":""τι μετὰ φρεσίν A.R. 2.950""}]","[""12.443"",""22.408"",""A.R. | 2.950"",""Hp. | Mul. | 1.32"",""Id. | 7.8"",""Od. | 11.591"",""Pi. | Fr. | 234""]",{},[],1,1,0,1,0,4,7,0,14
50229,10,586,n50229,ἰθῠωρίη,,ἡ,817,,"[""direction, straightness, of a limb, etc., Hp. Off. 15 (pl.), Fract. 30 , al.""]","[""direction, straightness""]",[],[],[],{},[],1,1,0,0,0,1,1,0,0
50230,10,587,n50230,ἰθών:,,,817,,"[""ἰθών: πυγή, λαγαρός, καὶ πρωκτός, Hsch. (fort.ἴθων).""]",[],[],[],[],{},[],1,0,0,0,0,1,0,0,0
50231,10,588,n50231,ἰίζω,,,817,,"[""to be like rust, ferruginous, Dsc. 5.75 , 103 .""]","[""to be like rust, ferruginous""]","[""ἰός""]",[],[],{},[],1,1,1,0,0,1,1,1,0
50232,10,589,n50232,ἱκᾰνο-δοσία,,ἡ,817,,"[""satisdatio, Cod.Just. 2.12.27.2 (also in pl.), Just. Nov. 131.15 Intr..""]","[""satisdatio,"",""Intr..""]",[],[],[],{},[],1,1,0,0,0,1,2,0,0
50233,10,590,n50233,ἱκᾰνο-δοτέω,,,817,,"[""satisdare, POxy. 259.29 (i A.D.).""]","[""satisdare,""]",[],[],[],{},[],1,1,0,0,0,1,1,0,0
50234,10,591,n50234,ἱκᾰνο-δότης,,ὁ,817,,"[""one who gives security, BGU 1189.3 ."",""one who requites, ὁ ἱ. θεός PMasp. 6ii82 (vi A.D.).""]","[""one who gives security"",""one who requites""]",[],"[{""biblio"":"""",""quote"":""ὁ ἱ. θεός""},{""biblio"":""PMasp. | 6ii82"",""quote"":""ὁ ἱ. θεός PMasp. 6ii82""}]","[""PMasp. | 6ii82""]",{},[],1,1,0,1,0,2,2,0,2
50235,10,592,n50235,ἱκᾰνο-ποιέω,,,817,,"[""make satisfaction, Gloss.""]","[""make satisfaction,""]",[],[],[],{},[],1,1,0,0,0,1,1,0,0
50236,10,593,n50236,ἱκᾰν-ός,Adj.,,817,,"[""sufficing, becoming, befitting; prose Adj., used two or three times by Trag. (v. infr.):"",""of persons,sufficient, competent to do a thing, c.inf., Hdt. 3.45 , Antipho 1.15 , etc.;ἱ. τεκμηριῶσαι sufficient to prove a point, Th. 1.9 ; -ώτατος [εἰπεῖν] καὶ γνῶναι Lys. 2.42 ;τίς σοῦ -ώτερος πεῖσαι; X. Cyr. 1.4.12 ;ἱ. ζημιοῦν with sufficient power to punish, Id. Lac. 8.4 ; ἱ. βοηθεῖν Pl. Phdr. 277a , cf. R. 365a ; ἱ. ὥστε γνῶναι Id. Lg. 875a , cf. Phdr. 258b ; ἱ. κατὰ τὴν ἐπιφάνειαν Plb. 25.3.6 , al.: c. acc. rei,ἀνὴρ γνώμην ἱ. a man of sufficient prudence, Hdt. 3.4 ;ἱ. τὴν ἰατρικήν sufficiently versed in medicine, X. Cyr. 1.6.15 : c. dat. rei, ἱ. ἐμπειρίᾳ καὶ ἡλικίᾳ Pl. R. 467d ; οἱ τοῖς χρήμασιν -ώτατοι X. Eq. 2.1 : c. dat. pers.,a match for, equivalent to, εἷς ἔχων ἰατρικὴν πολλοῖς ἱ. ἰδιώταις Pl. Prt. 322c , cf. Tht. 169a : abs., ἱ. Ἁπόλλων S. OT 377 ; οἱ -ώτατοι τῶν πολιτῶν Isoc. 12.132 ; κριτὴς -ώτερος Id. 10.38 ; ἱ. σοφιστής Pl. Ly. 204a ;αὐληταὶ ἱ. ὡς πρὸς ἰδιώτας very tolerable in comparison with . . , Id. Prt. 327c ; γυνὴ ἱ. μέν, ἄγροικος δέ Luc. DDeor. 20.3 ;ὁ Ἱ.the Almighty, LXX Ru. 1.21 ."",""in bad sense,capable, ἱ. εἶ λαλῶν κατακόψαι πάντα Men. Sam. 69 ."",""of things, in amount,sufficient, adequate, τὰ ἀρκοῦνθ' ἱ. τοῖς γε σώφροσιν E. Ph. 554 ; ἱ. τὰ κακὰ καὶ τὰ παρακείμενα Ar. Lys. 1047 ;ἱκανὰ τοῖς πολεμίοις ηὐτύχηται they have had successes enough, Th. 7.77 ;ἱ. εἴς, ἐπί, πρός τι, X. Hier. 4.9 , Pl. R. 371e , Prt. 322b ; [ πρόβατα] ἱ. ἐς φορβήν Hdt. 4.121 ; of size,large enough, οὐχ ἱκανῆς οὔσης τῆς Ἁττικῆς Th. 1.2 ;οὐδ' ἦν ἱκανά σοι . . μέλαθρα . . ἐγκαθυβρίζειν not large enough to riot in, E. Tr. 996 ; χώρα ἱ. τρέφειν τοὺς τότε Pl. R. 373d , al.; of number or magnitude,considerable, λῦπαι Antipho 2.2.2 ;μέρος τῶν ὄντων ib. 2.1.6 , etc.; of Time,considerable, long, ἱ. χρόνον Ar. Pax 354 (lyr.); ἱ. χρόνος τινὶ ἐπιλαθέσθαι Lys. 3.10 ; ἱκανόν ἐστί τινι Damox. 1.1 : with personal constr., ἔφη ἱκανὸς αὐτὸς ἀτυχῶν εἶναι Is. 2.7 ."",""sufficient, satisfactory, ἱ. μαρτυρίαν παρέχεσθαι Pl. Smp. 179b ; ἱ. λόγῳ ἀποδεῖξαι Id. Hp.Mi. 369c ;τὸ ἱ. λαμβάνειν to take security or bail, Act.Ap. 17.9 , OGI 629.100 (Palmyra,ii A.D.);τὸ ἱ. ποιεῖν give security, Plb. 32.3.13 , D.L. 4.50 , Just. Nov. 86.4 (but simply,satisfy, τῷ ὄχλῳ Ev.Marc. 15.15 ); ἱ. δοῦναι PSI 6.554.23 (iii B.C.), POxy. 294.23 (i A.D.);ἐφ' ἱκανόν,=ἱκανῶς, Plb. 11.25.1 , D.S. 11.40 ."",""Adv. -νῶς sufficiently, adequately, Th. 6.92 , etc.;λαγόνες λαπαραὶ ἱ. X. Cyn. 5.30 , cf. Arist. Phgn. 807b26 ; ἱ. εἴρηται περί τινος Id. EN 1096a3 , al.; later,considerably, amply, Philostr. VA 3.6 , VS 1.8.3 , Ant.Lib. 7.7 ;fully, μιᾶς ὥρας ἱ. παρελθούσης Ptol. Alm. 4.6 ."",""excessively,οὔτε γὰρ ἱ. ὑγρόν ἐστι not too moist, Gal. 6.765 , cf. 767 , 768 ; ἱ. βλαβερά Id. Vict.Att. 8 ;παχὺ ἱ. αἷμα ibid."",""ἱ. ἔχειν to be sufficient, Th. 1.91 , etc.;ἱ. ἐχέτω let this be enough, Pl. Sph. 245e ; ἱ. ἔχει πρός τι Id. R. 430c , cf. X. Cyr. 6.3.22 ; περί τινος Pl. R. 402a ;ἱ. ἔχειν τινί to be sufficiently supplied with . ., Id. Grg. 493c ; ἱ. ἔχειν τοῦ βάθους Id. Tht. 194d ; ἐπιστήμης Id. Phlb. 62a ; ἱ. πεφυκέναι πρὸς τἆλλα Id. Chrm. 158b : abs., Antipho 2.1.1 : Sup. -ωτάτως Hp. de Arte 12 ; -ώτατα Pl. Phlb. 67a .""]","[""sufficing, becoming, befitting"",""sufficient, competent to do"",""sufficient"",""with sufficient power"",""sufficient"",""sufficiently versed in"",""a match for, equivalent to"",""very tolerable"",""the Almighty"",""capable"",""sufficient, adequate"",""enough"",""large enough"",""large enough"",""considerable"",""considerable, long"",""sufficient, satisfactory"",""security"",""bail,"",""security"",""satisfy"",""sufficiently, adequately"",""considerably, amply"",""fully"",""excessively"",""too"",""sufficient"",""enough"",""sufficiently"",""with . .""]","[""ἱκνέομαι""]","[{""biblio"":"""",""quote"":""-ώτατος [εἰπεῖν] καὶ γνῶναι""},{""biblio"":""Lys. | 2.42"",""quote"":""-ώτατος [εἰπεῖν] καὶ γνῶναι Lys. 2.42""},{""biblio"":"""",""quote"":""ἱ. βοηθεῖν""},{""biblio"":""Pl. | Phdr. | 277a"",""quote"":""ἱ. βοηθεῖν Pl. Phdr. 277a""},{""biblio"":"""",""quote"":""ἱ. ὥστε γνῶναι""},{""biblio"":""Id. | Lg. | 875a"",""quote"":""ἱ. ὥστε γνῶναι Id. Lg. 875a""},{""biblio"":"""",""quote"":""ἱ. κατὰ τὴν ἐπιφάνειαν""},{""biblio"":""Plb. | 25.3.6"",""quote"":""ἱ. κατὰ τὴν ἐπιφάνειαν Plb. 25.3.6""},{""biblio"":"""",""quote"":""ἱ. ἐμπειρίᾳ καὶ ἡλικίᾳ""},{""biblio"":""Pl. | R. | 467d"",""quote"":""ἱ. ἐμπειρίᾳ καὶ ἡλικίᾳ Pl. R. 467d""},{""biblio"":"""",""quote"":""οἱ τοῖς χρήμασιν -ώτατοι""},{""biblio"":""X. | Eq. | 2.1"",""quote"":""οἱ τοῖς χρήμασιν -ώτατοι X. Eq. 2.1""},{""biblio"":"""",""quote"":""εἷς ἔχων ἰατρικὴν πολλοῖς ἱ. ἰδιώταις""},{""biblio"":""Pl. | Prt. | 322c"",""quote"":""εἷς ἔχων ἰατρικὴν πολλοῖς ἱ. ἰδιώταις Pl. Prt. 322c""},{""biblio"":"""",""quote"":""ἱ. Ἁπόλλων""},{""biblio"":""S. | OT | 377"",""quote"":""ἱ. Ἁπόλλων S. OT 377""},{""biblio"":"""",""quote"":""οἱ -ώτατοι τῶν πολιτῶν""},{""biblio"":""Isoc. | 12.132"",""quote"":""οἱ -ώτατοι τῶν πολιτῶν Isoc. 12.132""},{""biblio"":"""",""quote"":""κριτὴς -ώτερος""},{""biblio"":""Id. | 10.38"",""quote"":""κριτὴς -ώτερος Id. 10.38""},{""biblio"":"""",""quote"":""ἱ. σοφιστής""},{""biblio"":""Pl. | Ly. | 204a"",""quote"":""ἱ. σοφιστής Pl. Ly. 204a""},{""biblio"":"""",""quote"":""γυνὴ ἱ. μέν, ἄγροικος δέ""},{""biblio"":""Luc. | DDeor. | 20.3"",""quote"":""γυνὴ ἱ. μέν, ἄγροικος δέ Luc. DDeor. 20.3""},{""biblio"":"""",""quote"":""ἱ. εἶ λαλῶν κατακόψαι πάντα""},{""biblio"":""Men. | Sam. | 69"",""quote"":""ἱ. εἶ λαλῶν κατακόψαι πάντα Men. Sam. 69""},{""biblio"":"""",""quote"":""τὰ ἀρκοῦνθ' ἱ. τοῖς γε σώφροσιν""},{""biblio"":""E. | Ph. | 554"",""quote"":""τὰ ἀρκοῦνθ' ἱ. τοῖς γε σώφροσιν E. Ph. 554""},{""biblio"":"""",""quote"":""ἱ. τὰ κακὰ καὶ τὰ παρακείμενα""},{""biblio"":""Ar. | Lys. | 1047"",""quote"":""ἱ. τὰ κακὰ καὶ τὰ παρακείμενα Ar. Lys. 1047""},{""biblio"":"""",""quote"":""πρόβατα] ἱ. ἐς φορβήν""},{""biblio"":""Hdt. | 4.121"",""quote"":""πρόβατα] ἱ. ἐς φορβήν Hdt. 4.121""},{""biblio"":"""",""quote"":""οὐχ ἱκανῆς οὔσης τῆς Ἁττικῆς""},{""biblio"":""Th. | 1.2"",""quote"":""οὐχ ἱκανῆς οὔσης τῆς Ἁττικῆς Th. 1.2""},{""biblio"":"""",""quote"":""χώρα ἱ. τρέφειν τοὺς τότε""},{""biblio"":""Pl. | R. | 373d"",""quote"":""χώρα ἱ. τρέφειν τοὺς τότε Pl. R. 373d""},{""biblio"":"""",""quote"":""λῦπαι""},{""biblio"":""Antipho | 2.2.2"",""quote"":""λῦπαι Antipho 2.2.2""},{""biblio"":"""",""quote"":""ἱ. χρόνον""},{""biblio"":""Ar. | Pax | 354"",""quote"":""ἱ. χρόνον Ar. Pax 354""},{""biblio"":"""",""quote"":""ἱ. χρόνος τινὶ ἐπιλαθέσθαι""},{""biblio"":""Lys. | 3.10"",""quote"":""ἱ. χρόνος τινὶ ἐπιλαθέσθαι Lys. 3.10""},{""biblio"":"""",""quote"":""ἱκανόν ἐστί τινι""},{""biblio"":""Damox. | 1.1"",""quote"":""ἱκανόν ἐστί τινι Damox. 1.1""},{""biblio"":"""",""quote"":""ἔφη ἱκανὸς αὐτὸς ἀτυχῶν εἶναι""},{""biblio"":""Is. | 2.7"",""quote"":""ἔφη ἱκανὸς αὐτὸς ἀτυχῶν εἶναι Is. 2.7""},{""biblio"":"""",""quote"":""ἱ. μαρτυρίαν παρέχεσθαι""},{""biblio"":""Pl. | Smp. | 179b"",""quote"":""ἱ. μαρτυρίαν παρέχεσθαι Pl. Smp. 179b""},{""biblio"":"""",""quote"":""ἱ. λόγῳ ἀποδεῖξαι""},{""biblio"":""Id. | Hp.Mi. | 369c"",""quote"":""ἱ. λόγῳ ἀποδεῖξαι Id. Hp.Mi. 369c""},{""biblio"":"""",""quote"":""τῷ ὄχλῳ""},{""biblio"":""Ev.Marc. | 15.15"",""quote"":""τῷ ὄχλῳ Ev.Marc. 15.15""},{""biblio"":"""",""quote"":""ἱ. δοῦναι""},{""biblio"":""PSI | 6.554.23"",""quote"":""ἱ. δοῦναι PSI 6.554.23""},{""biblio"":"""",""quote"":""ἱ. εἴρηται περί τινος""},{""biblio"":""Id. | EN | 1096a3"",""quote"":""ἱ. εἴρηται περί τινος Id. EN 1096a3""},{""biblio"":"""",""quote"":""μιᾶς ὥρας ἱ. παρελθούσης""},{""biblio"":""Ptol. | Alm. | 4.6"",""quote"":""μιᾶς ὥρας ἱ. παρελθούσης Ptol. Alm. 4.6""},{""biblio"":"""",""quote"":""ἱ. βλαβερά""},{""biblio"":""Id. | Vict.Att. | 8"",""quote"":""ἱ. βλαβερά Id. Vict.Att. 8""},{""biblio"":"""",""quote"":""ἱ. ἔχει πρός τι""},{""biblio"":""Id. | R. | 430c"",""quote"":""ἱ. ἔχει πρός τι Id. R. 430c""},{""biblio"":"""",""quote"":""περί τινος""},{""biblio"":""Pl. | R. | 402a"",""quote"":""περί τινος Pl. R. 402a""},{""biblio"":"""",""quote"":""ἱ. ἔχειν τοῦ βάθους""},{""biblio"":""Id. | Tht. | 194d"",""quote"":""ἱ. ἔχειν τοῦ βάθους Id. Tht. 194d""},{""biblio"":"""",""quote"":""ἐπιστήμης""},{""biblio"":""Id. | Phlb. | 62a"",""quote"":""ἐπιστήμης Id. Phlb. 62a""},{""biblio"":"""",""quote"":""ἱ. πεφυκέναι πρὸς τἆλλα""},{""biblio"":""Id. | Chrm. | 158b"",""quote"":""ἱ. πεφυκέναι πρὸς τἆλλα Id. Chrm. 158b""},{""biblio"":"""",""quote"":""-ωτάτως""},{""biblio"":""Hp. | de Arte | 12"",""quote"":""-ωτάτως Hp. de Arte 12""},{""biblio"":"""",""quote"":""-ώτατα""},{""biblio"":""Pl. | Phlb. | 67a"",""quote"":""-ώτατα Pl. Phlb. 67a""}]","[""Antipho | 2.2.2"",""Ar. | Lys. | 1047"",""Ar. | Pax | 354"",""Damox. | 1.1"",""E. | Ph. | 554"",""Ev.Marc. | 15.15"",""Hdt. | 4.121"",""Hp. | de Arte | 12"",""Id. | 10.38"",""Id. | Chrm. | 158b"",""Id. | EN | 1096a3"",""Id. | Hp.Mi. | 369c"",""Id. | Lg. | 875a"",""Id. | Phlb. | 62a"",""Id. | R. | 430c"",""Id. | Tht. | 194d"",""Id. | Vict.Att. | 8"",""Is. | 2.7"",""Isoc. | 12.132"",""Luc. | DDeor. | 20.3"",""Lys. | 2.42"",""Lys. | 3.10"",""Men. | Sam. | 69"",""PSI | 6.554.23"",""Pl. | Ly. | 204a"",""Pl. | Phdr. | 277a"",""Pl. | Phlb. | 67a"",""Pl. | Prt. | 322c"",""Pl. | R. | 373d"",""Pl. | R. | 402a"",""Pl. | R. | 467d"",""Pl. | Smp. | 179b"",""Plb. | 25.3.6"",""Ptol. | Alm. | 4.6"",""S. | OT | 377"",""Th. | 1.2"",""X. | Eq. | 2.1""]",{},[],1,1,1,1,0,8,30,1,74
50237,10,594,n50237,ἱκᾰν-ότης,,ἡ,817,,"[""sufficiency, fitness, Id. Ly. 215a ."",""a sufficiency, παίδων Id. Lg. 930c .""]","[""sufficiency, fitness"",""a sufficiency""]",[],"[{""biblio"":"""",""quote"":""παίδων""},{""biblio"":""Id. | Lg. | 930c"",""quote"":""παίδων Id. Lg. 930c""}]","[""Id. | Lg. | 930c""]",{},[],1,1,0,1,0,2,2,0,2
50238,10,595,n50238,ἱκᾰν-όω,,,817,,"[""make sufficient, qualify, 2 Ep.Cor. 3.6 :— Pass. ,to be empowered, PTeb. 20.8 (ii B.C.);to be made complete, brought to perfection, of the soul, τῷ περιέχοντι Hierocl. p.9A."",""Pass. ,to be satisfied, content,τινι D.H. 2.74 : abs., Teles p.39 H., cf. LXX Ma. 3.10 ;ἱκανούσθω ὑμῖν, c.inf.,let it suffice you . . , i.e. do it no more, LXX 3 Ki. 12.28 , al.: abs., ib. Nu. 16.7 .""]","[""make sufficient, qualify"",""to be empowered,"",""to be made complete, brought to perfection"",""to be satisfied, content"",""let it suffice""]",[],"[{""biblio"":"""",""quote"":""τῷ περιέχοντι""},{""biblio"":""Hierocl. | p.9A."",""quote"":""τῷ περιέχοντι Hierocl. p.9A.""}]","[""Hierocl. | p.9A.""]",{},[],1,1,0,1,0,2,5,0,2
50239,10,596,n50239,ἵκαντι,,,817,,"[""v. ἵκω .ἰκάντιν: εἴκοσιν, Hsch. (cf.ϝίκατι).""]",[],[],[],[],{},"[{""type"":""ref"",""target"":"""",""text"":""ἵκω""},{""type"":"""",""target"":"""",""text"":""v. ἵκω""}]",1,0,0,0,1,1,0,0,0
50240,10,597,n50240,ἱκάνω,,,817,,"[""come,ἐς Χρύσην, ἐς Σκαιὰς . . πύλας, Il. 1.431 , 9.354 ; ἐπὶ νῆας 2.17 ; ἐνθάδε Od. 15.492 ; so οἴκαδε A. Ag. 1337 (anap.); οἷ ἱκάνομεν S. El. 8 ; πρὸς ἐσχατιάν Pi. O. 3.43 , cf. B. 10.96 : in Hom. mostly c. acc.,to come to, ἱκάνω νῆας Ἁχαιῶν Il. 24.501 ; ἱκανέμεν ἡμέτερον δῶ Od. 4.139 ; later ἱ. δόμους A. Pers. 159 (troch.): abs., ἦ φίλοι ἄνδρες ἱκάνετον Il. 9.197 ; εὖ ἱκάνεις S. El. 1102 ."",""reach, attain to, [ ἐλάτη] δι' ἠέρος αἰθέρ' ἵκανεν Il. 14.288 ; φωνὴ δέ οἱ αἰθέρ' ἵκανεν 15.686 ; [ ἄνεμος] αἰπὺν ἱ. οὐρανόν Sol. 13.21 ;ἥβης μέτρον ἱ. Od. 18.217 , 19.532 ."",""c. acc. pers., esp. of grief, hardship, etc.; με πένθος ἱκάνει Od. 6.169 ; μέγα πένθος Ἁχαιί̈δα γαῖαν ἱκάνει Il. 1.254 ;τάφος δέ οἱ ἦτορ ἵ. Od. 23.93 ;ἄλγος, γῆρας, δύη, κάματος, κῆδος, ὀϊζύς, μόρος, ἱκάνει τινά, 2.41 , Il. 4.321 (v.l.), Od. 18.81 , 5.457 , Il. 15.245 , Od. 5.289 , Il. 18.465 ; ὅτε μιν γλυκὺς ὕπνος ἱκάνοι 1.610 ;με παλαίφατα θέσφαθ' ἱκάνει they are fulfilled upon me, Od. 9.507 : c. dupl. acc.,μιν ἄχος κραδίην καὶ θυμὸν ἱ. Il. 2.171 : rarely c. dat., σφῶϊν ἐελδομένοισιν ἱκάνω Od. 21.209 ."",""of a suppliant, σόν τε πόσιν σά τε γούναθ' ἱκάνω 7.147 , al."",""Med. , in signf. 1.1 , οἶκον ἱκάνεται 23.7 ; in signf. 11.1 , χρειὼ γὰρ ἱκάνεται Il. 10.118 ; in signf. 11.2 , τὰ σὰ γούναθ' ἱκάνομαι 18.457 , Od. 3.92 , 4.322 . (Fr.ἱκ-ᾰνϝ-ω, ἱκ- ṇ ϝ-ω(cf.ἱκνέομαι); Aeol. ἴκᾰνε dub. in Alc. Supp. 34 , [Ῐ<>κᾱ]νε prob. in Sapph. Oxy. 2076.16 ;ἵκᾰνον f.l. in Od. 15.101 .)""]","[""come"",""to come to"",""reach, attain to"",""are fulfilled"",""ṇ""]",[],"[{""biblio"":"""",""quote"":""ἐπὶ νῆας""},{""biblio"":""2.17"",""quote"":""ἐπὶ νῆας 2.17""},{""biblio"":"""",""quote"":""ἐνθάδε""},{""biblio"":""Od. | 15.492"",""quote"":""ἐνθάδε Od. 15.492""},{""biblio"":"""",""quote"":""οἴκαδε""},{""biblio"":""A. | Ag. | 1337"",""quote"":""οἴκαδε A. Ag. 1337""},{""biblio"":"""",""quote"":""οἷ ἱκάνομεν""},{""biblio"":""S. | El. | 8"",""quote"":""οἷ ἱκάνομεν S. El. 8""},{""biblio"":"""",""quote"":""πρὸς ἐσχατιάν""},{""biblio"":""Pi. | O. | 3.43"",""quote"":""πρὸς ἐσχατιάν Pi. O. 3.43""},{""biblio"":"""",""quote"":""ἱκάνω νῆας Ἁχαιῶν""},{""biblio"":""Il. | 24.501"",""quote"":""ἱκάνω νῆας Ἁχαιῶν Il. 24.501""},{""biblio"":"""",""quote"":""ἱκανέμεν ἡμέτερον δῶ""},{""biblio"":""Od. | 4.139"",""quote"":""ἱκανέμεν ἡμέτερον δῶ Od. 4.139""},{""biblio"":"""",""quote"":""ἱ. δόμους""},{""biblio"":""A. | Pers. | 159"",""quote"":""ἱ. δόμους A. Pers. 159""},{""biblio"":"""",""quote"":""ἦ φίλοι ἄνδρες ἱκάνετον""},{""biblio"":""Il. | 9.197"",""quote"":""ἦ φίλοι ἄνδρες ἱκάνετον Il. 9.197""},{""biblio"":"""",""quote"":""εὖ ἱκάνεις""},{""biblio"":""S. | El. | 1102"",""quote"":""εὖ ἱκάνεις S. El. 1102""},{""biblio"":"""",""quote"":""ἐλάτη] δι' ἠέρος αἰθέρ' ἵκανεν""},{""biblio"":""Il. | 14.288"",""quote"":""ἐλάτη] δι' ἠέρος αἰθέρ' ἵκανεν Il. 14.288""},{""biblio"":"""",""quote"":""φωνὴ δέ οἱ αἰθέρ' ἵκανεν""},{""biblio"":""15.686"",""quote"":""φωνὴ δέ οἱ αἰθέρ' ἵκανεν 15.686""},{""biblio"":"""",""quote"":""ἄνεμος] αἰπὺν ἱ. οὐρανόν""},{""biblio"":""Sol. | 13.21"",""quote"":""ἄνεμος] αἰπὺν ἱ. οὐρανόν Sol. 13.21""},{""biblio"":"""",""quote"":""με πένθος ἱκάνει""},{""biblio"":""Od. | 6.169"",""quote"":""με πένθος ἱκάνει Od. 6.169""},{""biblio"":"""",""quote"":""μέγα πένθος Ἁχαιί̈δα γαῖαν ἱκάνει""},{""biblio"":""Il. | 1.254"",""quote"":""μέγα πένθος Ἁχαιί̈δα γαῖαν ἱκάνει Il. 1.254""},{""biblio"":"""",""quote"":""ὅτε μιν γλυκὺς ὕπνος ἱκάνοι""},{""biblio"":""1.610"",""quote"":""ὅτε μιν γλυκὺς ὕπνος ἱκάνοι 1.610""},{""biblio"":"""",""quote"":""σφῶϊν ἐελδομένοισιν ἱκάνω""},{""biblio"":""Od. | 21.209"",""quote"":""σφῶϊν ἐελδομένοισιν ἱκάνω Od. 21.209""},{""biblio"":"""",""quote"":""σόν τε πόσιν σά τε γούναθ' ἱκάνω""},{""biblio"":""7.147"",""quote"":""σόν τε πόσιν σά τε γούναθ' ἱκάνω 7.147""},{""biblio"":"""",""quote"":""οἶκον ἱκάνεται""},{""biblio"":""23.7"",""quote"":""οἶκον ἱκάνεται 23.7""},{""biblio"":"""",""quote"":""χρειὼ γὰρ ἱκάνεται""},{""biblio"":""Il. | 10.118"",""quote"":""χρειὼ γὰρ ἱκάνεται Il. 10.118""},{""biblio"":"""",""quote"":""τὰ σὰ γούναθ' ἱκάνομαι""},{""biblio"":""18.457"",""quote"":""τὰ σὰ γούναθ' ἱκάνομαι 18.457""}]","[""1.610"",""15.686"",""18.457"",""2.17"",""23.7"",""7.147"",""A. | Ag. | 1337"",""A. | Pers. | 159"",""Il. | 1.254"",""Il. | 10.118"",""Il. | 14.288"",""Il. | 24.501"",""Il. | 9.197"",""Od. | 15.492"",""Od. | 21.209"",""Od. | 4.139"",""Od. | 6.169"",""Pi. | O. | 3.43"",""S. | El. | 1102"",""S. | El. | 8"",""Sol. | 13.21""]",{},[],1,1,0,1,0,5,5,0,42
50241,10,598,n50241,Ἰκάριος,,,817,,"[""πόντος Il. 2.145 ; πέλαγος Hdt. 6.96 .""]",[],[],"[{""biblio"":"""",""quote"":""πόντος""},{""biblio"":""Il. | 2.145"",""quote"":""πόντος Il. 2.145""},{""biblio"":"""",""quote"":""πέλαγος""},{""biblio"":""Hdt. | 6.96"",""quote"":""πέλαγος Hdt. 6.96""}]","[""Hdt. | 6.96"",""Il. | 2.145""]",{},[],1,0,0,1,0,1,0,0,4
50242,10,599,n50242,ἰκάς,,,817,,"[""twentieth of the month, SIG 1025.47 (Cos), IG 9(2).517.10 (Larissa);ηικάς ib. 12(3).1324 (Thera,vi/v B.C.). (ϝικ-in pr. n.ϝικάδιος ib. 5(2).271.8 (Mantinea).)""]","[""twentieth""]",[],[],[],{},[],1,1,0,0,0,1,1,0,0
50243,10,600,n50243,ϝίκατι,,ὁ,817,,"[""v. εἴκοσι :—hence ἰκαστός, = εἰκοστός , IG 5(2).4.18 (Tegea,iv B.C.):ϝῑκατίδειος,ὁ,twenty feet broad, [ἄντομος] Tab.Heracl. 2.18 , al.""]","[""twenty feet broad""]",[],[],[],{},"[{""type"":""ref"",""target"":"""",""text"":""εἴκοσι""},{""type"":"""",""target"":"""",""text"":""v. εἴκοσι""},{""type"":""ref"",""target"":"""",""text"":""εἰκοστός""},{""type"":"""",""target"":"""",""text"":""= εἰκοστός""}]",1,1,0,0,1,1,1,0,0
50244,10,601,n50244,ϝῑκατιϝέτης,,,817,,"[""v. εἰκοσαέτης. ϝ""]",[],[],[],[],{},"[{""type"":""ref"",""target"":"""",""text"":""εἰκοσαέτης. ϝ""},{""type"":"""",""target"":"""",""text"":""v. εἰκοσαέτης. ϝ""}]",1,0,0,0,1,1,0,0,0
50245,10,602,n50245,ῑκατίπεδος,,,817,,"[""v. εἰκοσίπεδος .""]",[],[],[],[],{},"[{""type"":""ref"",""target"":"""",""text"":""εἰκοσίπεδος""},{""type"":"""",""target"":"""",""text"":""v. εἰκοσίπεδος""}]",1,0,0,0,1,1,0,0,0
50246,10,603,n50246,ἴκελος,Adv.,,817,,"[""like, resembling,τινι Il. 11.467 , al., Hes. Sc. 198 , Sapph. Supp. 20b . 1 , B. Fr. 19 , Hdt. 3.81 , Hp. Epid. 3.4 , Ar. Av. 575 , Theoc. 2.51 , etc.;ὀργαῖς ἀλωπέκων ἰ.like foxes in disposition, Pi. P. 2.77 ;ἐπιθυμίη κυνὶ ἰ. Democr. 224 : c. gen.,θέας ἰκέλαν dub. in Sapph. Supp. 25.4 .Adv. ἱκᾰ́ν-λως, c. dat.,in the same way as, Hp. Gland. 8 , Diotog. ap. Stob. 4.1.133 .""]","[""like, resembling"",""like"",""in the same way as""]",[],[],[],{},[],1,1,0,0,0,1,3,0,0
50247,10,604,n50247,ἰκελόω,,,826,,"[""make like, AP 9.83 ( Phil. ).""]","[""make like,""]",[],[],[],{},[],1,1,0,0,0,1,1,0,0
50248,10,605,n50248,ἰκενάς:,,,826,,"[""ἰκενάς: ὀρχήσεις, Hsch. (cf.σικανοί, σίκιννις).""]",[],[],[],[],{},[],1,0,0,0,0,1,0,0,0
50249,10,606,n50249,ἱκεσ-ία,,ἡ,826,,"[""the prayer of a suppliant, supplication, E. Or. 1337 , Plu. Sol. 12 , J. AJ 11.8.4 , AP 5.215 ( Agath. ); πρὸς παντοίαν ἱ. τραπῆναι D.S. 20.14 : pl., Ph. 2.2 ;ἱκεσίαισι σαῖς at thy entreaties, E. Ph. 91 ;ἱκεσίας ποιεῖσθαι, on behalf of the state, Aeschin. 3.121 ;=Lat.supplicatio, D.H. 8.43 ."",""= ἱκέτευμα , Plu. Them. 24 . [ῐ, but ῑ metri gr. in AP l.c., Procl. H. 1.36 .]""]","[""the prayer of a suppliant, supplication"",""entreaties"",""supplicatio""]","[""ἱκέτης""]","[{""biblio"":"""",""quote"":""πρὸς παντοίαν ἱ. τραπῆναι""},{""biblio"":""D.S. | 20.14"",""quote"":""πρὸς παντοίαν ἱ. τραπῆναι D.S. 20.14""}]","[""D.S. | 20.14""]",{},"[{""type"":""ref"",""target"":"""",""text"":""ἱκέτευμα""},{""type"":"""",""target"":"""",""text"":""= ἱκέτευμα""}]",1,1,1,1,1,2,3,1,2
50250,10,607,n50250,ἱκέσ-ιος,Subst.,ὁ,826,,"[""of or for suppliants, epith. of Zeus, their protector, A. Supp. 616 , S. Ph. 484 , E. Hec. 345 , SIG 929 (Cos); also Ἱκέσιος alone, IG 12 ( 3 ). 402 (Thera); πρὸς Ἱκεσίου Luc. Pisc. 3 ; ἱκεσία Θέμις Διός A. Supp. 360 (lyr.)."",""of or consisting of suppliants, παρθένων ἱ. λόχος Id. Th. 111 (lyr.)."",""suppliant, ἱκεσίους πέμπων λιτάς S. Ph. 495 ; ἱκεσίαν . . προστροπάν E. Heracl. 108 (lyr.); ἱκεσίοις σὺν κλάδοις Id. Supp. 102 ;ἱκεσίᾳ χερί ib. 108 ;ἀνάγκας ἱκεσίους λῦσαι ib. 39 ; of persons, ἱκέσιός σε λίσσομαι S. Ant. 1230 ; ἱκεσία τε γίγνομαι E. Med. 710 :ἱκέσιος,ὁ , as Subst.,suppliant, Berl.Sitzb. 1927.167 (Cyrene)."",""ἡ Ἱκέσιος(sc.ἔμπλαστρος), name of a plaster, Paul.Aeg. 3.62 , 7.17 ; ἡ Ἱκεσίου Id. 3.64 . [ῐκ-, exc. metri gr. in A.R. 2.215 .]""]","[""of"",""for suppliants"",""of"",""consisting of suppliants"",""suppliant"",""suppliant,"",""plaster""]",[],"[{""biblio"":"""",""quote"":""πρὸς Ἱκεσίου""},{""biblio"":""Luc. | Pisc. | 3"",""quote"":""πρὸς Ἱκεσίου Luc. Pisc. 3""},{""biblio"":"""",""quote"":""ἱκεσία Θέμις Διός""},{""biblio"":""A. | Supp. | 360"",""quote"":""ἱκεσία Θέμις Διός A. Supp. 360""},{""biblio"":"""",""quote"":""παρθένων ἱ. λόχος""},{""biblio"":""Id. | Th. | 111"",""quote"":""παρθένων ἱ. λόχος Id. Th. 111""},{""biblio"":"""",""quote"":""ἱκεσίους πέμπων λιτάς""},{""biblio"":""S. | Ph. | 495"",""quote"":""ἱκεσίους πέμπων λιτάς S. Ph. 495""},{""biblio"":"""",""quote"":""ἱκεσίαν . . προστροπάν""},{""biblio"":""E. | Heracl. | 108"",""quote"":""ἱκεσίαν . . προστροπάν E. Heracl. 108""},{""biblio"":"""",""quote"":""ἱκεσίοις σὺν κλάδοις""},{""biblio"":""Id. | Supp. | 102"",""quote"":""ἱκεσίοις σὺν κλάδοις Id. Supp. 102""},{""biblio"":"""",""quote"":""ἱκέσιός σε λίσσομαι""},{""biblio"":""S. | Ant. | 1230"",""quote"":""ἱκέσιός σε λίσσομαι S. Ant. 1230""},{""biblio"":"""",""quote"":""ἱκεσία τε γίγνομαι""},{""biblio"":""E. | Med. | 710"",""quote"":""ἱκεσία τε γίγνομαι E. Med. 710""},{""biblio"":"""",""quote"":""ἡ Ἱκεσίου""},{""biblio"":""Id. | 3.64"",""quote"":""ἡ Ἱκεσίου Id. 3.64""}]","[""A. | Supp. | 360"",""E. | Heracl. | 108"",""E. | Med. | 710"",""Id. | 3.64"",""Id. | Supp. | 102"",""Id. | Th. | 111"",""Luc. | Pisc. | 3"",""S. | Ant. | 1230"",""S. | Ph. | 495""]",{},[],1,1,0,1,0,4,7,0,18
50251,10,608,n50251,ἱκετᾱδόκος,,,826,,"[""receiving suppliants, σκοπή A. Supp. 713 .""]","[""receiving suppliants""]",[],"[{""biblio"":"""",""quote"":""σκοπή""},{""biblio"":""A. | Supp. | 713"",""quote"":""σκοπή A. Supp. 713""}]","[""A. | Supp. | 713""]",{},[],1,1,0,1,0,1,1,0,2
50252,10,609,n50252,ἱκετ-εία,,ἡ,826,,"[""supplication, Th. 1.24 ;ἱκετείαν ποιεῖσθαί τινος to supplicate him, Id. 3.67 ;ἱκετεῖαι θεῶν addressed to them, Lys. 2.39 ; ἐφ' ἱκετείαν τραπόμενος Pl. Ap. 39a ;μετὰ δεήσεως καὶ ἱ. PPetr. 2p.60 (iii B.C.), cf. SIG 1181.12 (Jewish): pl., -είας ποιεῖσθαι Pl. Smp. 183a , etc.""]","[""supplication"",""addressed to""]",[],"[{""biblio"":"""",""quote"":""ἐφ' ἱκετείαν τραπόμενος""},{""biblio"":""Pl. | Ap. | 39a"",""quote"":""ἐφ' ἱκετείαν τραπόμενος Pl. Ap. 39a""},{""biblio"":"""",""quote"":""-είας ποιεῖσθαι""},{""biblio"":""Pl. | Smp. | 183a"",""quote"":""-είας ποιεῖσθαι Pl. Smp. 183a""}]","[""Pl. | Ap. | 39a"",""Pl. | Smp. | 183a""]",{},[],1,1,0,1,0,1,2,0,4
50253,10,610,n50253,ἱκέτ-ευμα,,τό,826,,"[""mode of supplication,μέγιστον ἱ. Th. 1.137 , cf. D.C. 68.21 .""]","[""mode of supplication""]",[],[],[],{},[],1,1,0,0,0,1,1,0,0
50254,10,611,n50254,ἱκέτ-ευσις,,ἡ,826,,"[""ἱκέτ-ευσις,εως,ἡ,=ἱκεσία, Suid.""]",[],[],[],[],{},[],1,0,0,0,0,1,0,0,0
50255,10,612,n50255,ἱκετ-ευτέος,,,826,,"[""to be besought or entreated, Luc. Merc.Cond. 38 .""]","[""to be besought"",""entreated""]",[],[],[],{},[],1,1,0,0,0,1,2,0,0
50256,10,613,n50256,ἱκετ-ευτικός,Adv.,,826,,"[""supplicatory, Sch. S. OT 143 ;= precarius, Gloss. Adv. -κῶς Hsch. s.v. ἀντήδης .""]","[""supplicatory"",""precarius,""]",[],"[{""biblio"":"""",""quote"":""-κῶς""},{""biblio"":""Hsch."",""quote"":""-κῶς Hsch.""}]","[""Hsch.""]",{},"[{""type"":""ref"",""target"":"""",""text"":""ἀντήδης""},{""type"":"""",""target"":"""",""text"":""s.v. ἀντήδης""}]",1,1,0,1,1,1,2,0,2
50257,10,614,n50257,ἱκετ-εύω,,,826,,"[""-σω E. IA 462 (cj. Markl.), Isoc. 7.69 :aor. 1 ἱκέτευσα: used by Hom. only in impf.and aor.with ῐ metri gr., but in Trag.ῑ from the augm.:— Med. and Pass. (v. infr.):—approach as a suppliant, ἐπεί σε φυγὼν ἱκέτευσα Od. 15.277 , al.; ἐς Πηλῆ' ἱκέτευσε Il. 16.574 ;ἐς Θήβας ἱ. Hes. Sc. 13 ;ἱ. σε τῶνδε γουνάτων, πρὸς γονάτων σε, E. Hec. 752 , Med. 854 (lyr.): abs., Hdt. 3.48 , Isoc. 7.69 , Phld. Piet. 63 ."",""supplicate, beseech, c. acc. pers. et inf., ὁ δέ με μάλα πόλλ' ἱκέτευεν ἱππόθεν ἐξέμεναι Od. 11.530 , cf. Hdt. 1.11 , S. OC 1414 , E. Ion 468 (lyr.); δέομαι ὑμῶν καὶ ἱ. καὶ ἀντιβολῶ . . βοηθῆσαι D. 27.68 ; δεόμενον καὶ ἱκετεύοντα σοφίας μεταδιδόναι Pl. Euthd. 282b ;ἱ. τὸν θεόν, ἵνα . .Aristeas 233 ; ἱκετεύεις ἵνα ἀφεθῇς Arr. Epict. 3.24.76 ; ἱ. ὡς . . Luc. Anach. 1 : c. gen. pers. et inf.,beg of one that . . , E. IA 1242 : c. dat., interpol. in Is. 2.8 :— Pass. , τοῦ θεοῦ ἱκετευθέντος ὑπὸ σοῦ J. AJ 6.2.2 ."",""c. acc. rei, ὑπὲρ οἴκου . . ἱ. τάδε E. Or. 673 ; ὅσα πρὸς ἱεροῖς ἱκέτευσαν Th. 2.47 ; περὶ ὧν ἔδοξεν ἔννομα ἱκετεύειν ἐν τῇ βουλῇ IG 22.218.8 , cf. 337.34 :— Pass. ,τὰ -όμενα Aristeas 192 ."",""in Trag., freq. parenthetic,ἱκετεύω or ἱκετεύω σε, S. Ph. 932 , 1183 (lyr.), E. Hec. 97 (anap.), cf. Ar. Nu. 696 , al.:— Med. , Id. Ec. 915 (lyr.).""]","[""approach as a suppliant"",""supplicate, beseech"",""beg of""]",[],"[{""biblio"":"""",""quote"":""-σω""},{""biblio"":""E. | IA | 462"",""quote"":""-σω E. IA 462""},{""biblio"":"""",""quote"":""ἐπεί σε φυγὼν ἱκέτευσα""},{""biblio"":""Od. | 15.277"",""quote"":""ἐπεί σε φυγὼν ἱκέτευσα Od. 15.277""},{""biblio"":"""",""quote"":""ἐς Πηλῆ' ἱκέτευσε""},{""biblio"":""Il. | 16.574"",""quote"":""ἐς Πηλῆ' ἱκέτευσε Il. 16.574""},{""biblio"":"""",""quote"":""ὁ δέ με μάλα πόλλ' ἱκέτευεν ἱππόθεν ἐξέμεναι""},{""biblio"":""Od. | 11.530"",""quote"":""ὁ δέ με μάλα πόλλ' ἱκέτευεν ἱππόθεν ἐξέμεναι Od. 11.530""},{""biblio"":"""",""quote"":""δέομαι ὑμῶν καὶ ἱ. καὶ ἀντιβολῶ . . βοηθῆσαι""},{""biblio"":""D. | 27.68"",""quote"":""δέομαι ὑμῶν καὶ ἱ. καὶ ἀντιβολῶ . . βοηθῆσαι D. 27.68""},{""biblio"":"""",""quote"":""δεόμενον καὶ ἱκετεύοντα σοφίας μεταδιδόναι""},{""biblio"":""Pl. | Euthd. | 282b"",""quote"":""δεόμενον καὶ ἱκετεύοντα σοφίας μεταδιδόναι Pl. Euthd. 282b""},{""biblio"":"""",""quote"":""ἱκετεύεις ἵνα ἀφεθῇς""},{""biblio"":""Arr. | Epict. | 3.24.76"",""quote"":""ἱκετεύεις ἵνα ἀφεθῇς Arr. Epict. 3.24.76""},{""biblio"":"""",""quote"":""ἱ. ὡς . .""},{""biblio"":""Luc. | Anach. | 1"",""quote"":""ἱ. ὡς . . Luc. Anach. 1""},{""biblio"":"""",""quote"":""τοῦ θεοῦ ἱκετευθέντος ὑπὸ σοῦ""},{""biblio"":""J. | AJ | 6.2.2"",""quote"":""τοῦ θεοῦ ἱκετευθέντος ὑπὸ σοῦ J. AJ 6.2.2""},{""biblio"":"""",""quote"":""ὑπὲρ οἴκου . . ἱ. τάδε""},{""biblio"":""E. | Or. | 673"",""quote"":""ὑπὲρ οἴκου . . ἱ. τάδε E. Or. 673""},{""biblio"":"""",""quote"":""ὅσα πρὸς ἱεροῖς ἱκέτευσαν""},{""biblio"":""Th. | 2.47"",""quote"":""ὅσα πρὸς ἱεροῖς ἱκέτευσαν Th. 2.47""},{""biblio"":"""",""quote"":""περὶ ὧν ἔδοξεν ἔννομα ἱκετεύειν ἐν τῇ βουλῇ""},{""biblio"":""IG | 22.218.8"",""quote"":""περὶ ὧν ἔδοξεν ἔννομα ἱκετεύειν ἐν τῇ βουλῇ IG 22.218.8""}]","[""Arr. | Epict. | 3.24.76"",""D. | 27.68"",""E. | IA | 462"",""E. | Or. | 673"",""IG | 22.218.8"",""Il. | 16.574"",""J. | AJ | 6.2.2"",""Luc. | Anach. | 1"",""Od. | 11.530"",""Od. | 15.277"",""Pl. | Euthd. | 282b"",""Th. | 2.47""]",{},[],1,1,0,1,0,4,3,0,24
50258,10,615,n50258,ἱκετ-ήριος,Adj.,ἡ,826,,"[""of or fit for suppliants,ἱ. θησαυρός, of hair offered to a god, S. Aj. 1175 ; κλάδοι Id. OT 3 ;ἱκτήριοι,=ἱκέται, ib. 327 ;φωτῶν ἱκτήρια, = φῶτας ἱκτηρίους , Id. OC 923 ."",""ἱκετηρία, poet.ἱκτηρία, Ion. -ίη(sc.ῥάβδος),ἡ,olive-branch which the suppliant held in his hand as a symbol of his condition, λευκοστεφεῖς ἱκτηρίας A. Supp. 192 ;ἱκετηρίην λαβεῖν, φέρειν, Hdt. 5.51 , 7.141 ; ἱκετηρίαν ἔχειν Ar. Pl. 383 ; καταθεῖναι ἐν τῷ Ἐλευσινίῳ And. 1.110 , cf. UPZ 1.9 (iv B.C.); esp. of petitions laid before the Athenian people,ἱ. θεῖναι And.l.c., Arist. Ath. 43.6 (less correctly θέσθαι Poll. 8.96 , wh. is a later use, cf. SIG 2666.6 (Samos)); ὑπὲρ θυγατρὸς ἱ. τιθεμένη PTeb. 326.3 (iii A.D.);ἱ. ἔθηκεν παρ' ὑμῖν,=ἱκέτευσεν ὑμᾶς, D. 18.107 , cf. 24.12 ; ὑπὲρ τοῦ μισθοῦ ἱ. θεῖναι εἰς τὴν βουλήν Aeschin. 1.104 , cf. 2.15 ; later ἱ. πέμπειν, προβάλλεσθαι, Plu. Pomp. 28 , Ael. VH 3.26 ;ἱκετηρίας προσενέγκας, ἱκετηρίαν προσάγειν, Ep.Hebr. 5.7 , POxy. 71 i 3 (iv A.D.): metaph.,ἱκετηρίαν δὲ γόνασιν ἐξάπτω σέθεν τὸ σῶμα τοὐμόν, where the suppliant represents herself as the olive-branch, E. IA 1216 ; νομίζετε τὸν παῖδα τουτονὶ ἱκετηρίαν προκεῖσθαι D. 43.83 ."",""= ἱκεσία ,v.l. in Isoc. 8.138 (pl.), cf. Plb. 3.112.8 (pl.), Jul. ad Ath. 275c , Hld. 7.7 .""]","[""of"",""fit for suppliants"",""olive-branch which the suppliant held in his hand"",""ad Ath.""]",[],"[{""biblio"":"""",""quote"":""κλάδοι""},{""biblio"":""Id. | OT | 3"",""quote"":""κλάδοι Id. OT 3""},{""biblio"":"""",""quote"":""λευκοστεφεῖς ἱκτηρίας""},{""biblio"":""A. | Supp. | 192"",""quote"":""λευκοστεφεῖς ἱκτηρίας A. Supp. 192""},{""biblio"":"""",""quote"":""ἱκετηρίαν ἔχειν""},{""biblio"":""Ar. | Pl. | 383"",""quote"":""ἱκετηρίαν ἔχειν Ar. Pl. 383""},{""biblio"":"""",""quote"":""καταθεῖναι ἐν τῷ Ἐλευσινίῳ""},{""biblio"":""And. | 1.110"",""quote"":""καταθεῖναι ἐν τῷ Ἐλευσινίῳ And. 1.110""},{""biblio"":"""",""quote"":""θέσθαι""},{""biblio"":""Poll. | 8.96"",""quote"":""θέσθαι Poll. 8.96""},{""biblio"":"""",""quote"":""ὑπὲρ θυγατρὸς ἱ. τιθεμένη""},{""biblio"":""PTeb. | 326.3"",""quote"":""ὑπὲρ θυγατρὸς ἱ. τιθεμένη PTeb. 326.3""},{""biblio"":"""",""quote"":""ὑπὲρ τοῦ μισθοῦ ἱ. θεῖναι εἰς τὴν βουλήν""},{""biblio"":""Aeschin. | 1.104"",""quote"":""ὑπὲρ τοῦ μισθοῦ ἱ. θεῖναι εἰς τὴν βουλήν Aeschin. 1.104""},{""biblio"":"""",""quote"":""νομίζετε τὸν παῖδα τουτονὶ ἱκετηρίαν προκεῖσθαι""},{""biblio"":""D. | 43.83"",""quote"":""νομίζετε τὸν παῖδα τουτονὶ ἱκετηρίαν προκεῖσθαι D. 43.83""}]","[""A. | Supp. | 192"",""Aeschin. | 1.104"",""And. | 1.110"",""Ar. | Pl. | 383"",""D. | 43.83"",""Id. | OT | 3"",""PTeb. | 326.3"",""Poll. | 8.96""]",{},"[{""type"":""ref"",""target"":"""",""text"":""φῶτας ἱκτηρίους""},{""type"":"""",""target"":"""",""text"":""= φῶτας ἱκτηρίους""},{""type"":""ref"",""target"":"""",""text"":""ἱκεσία""},{""type"":"""",""target"":"""",""text"":""= ἱκεσία""}]",1,1,0,1,1,3,4,0,16
50259,10,616,n50259,ἱκετ-ηρίς,,ἡ,826,,"[""ἱκετ-ηρίς,ίδος,ἡ, pecul. fem. of ἱκετήριος, Orph. H. 3.13 , 34.27 .""]",[],[],[],[],{},[],1,0,0,0,0,1,0,0,0
50260,10,617,n50260,ἱκέτ-ης,,ὁ,826,,"[""one who comes to seek aid or protection, suppliant; freq. in Hom. of one who comes to seek for purification after homicide,ἀνὴρ ἱ. Il. 24.158 , cf. Od. 9.270 ,al.: later generally, ἱκέται ἱζόμενοι τοῦ θεοῦ Hdt. 2.113 , cf. 5.71 ; ἱ. σέθεν ἔρχομαι Pi. O. 5.19 , cf. S. OC 634 , Th. 1.136 ; ἱ. πατρῴων τάφων Id. 3.59 ; δέξασθαι ἱκέτην A. Supp. 27 (anap.); of pilgrims to a healing shrine, ἐγκεκοιμις μένων τῶν ἱκετᾶν IG 4.951.90 (Epid.); ὑβρίζειν . . εἰς ἱκέτας Phld. Ir. p.35 W.:—wrongly expld.as protector of suppliants by some Gramm. in Od. 16.422 .""]","[""one who comes to seek aid"",""protection, suppliant"",""one who comes to seek for purification after homicide"",""protector of suppliants""]","[""ἱκνέομαι""]","[{""biblio"":"""",""quote"":""ἱκέται ἱζόμενοι τοῦ θεοῦ""},{""biblio"":""Hdt. | 2.113"",""quote"":""ἱκέται ἱζόμενοι τοῦ θεοῦ Hdt. 2.113""},{""biblio"":"""",""quote"":""ἱ. σέθεν ἔρχομαι""},{""biblio"":""Pi. | O. | 5.19"",""quote"":""ἱ. σέθεν ἔρχομαι Pi. O. 5.19""},{""biblio"":"""",""quote"":""ἱ. πατρῴων τάφων""},{""biblio"":""Id. | 3.59"",""quote"":""ἱ. πατρῴων τάφων Id. 3.59""},{""biblio"":"""",""quote"":""δέξασθαι ἱκέτην""},{""biblio"":""A. | Supp. | 27"",""quote"":""δέξασθαι ἱκέτην A. Supp. 27""},{""biblio"":"""",""quote"":""ἐγκεκοιμις μένων τῶν ἱκετᾶν""},{""biblio"":""IG | 4.951.90"",""quote"":""ἐγκεκοιμις μένων τῶν ἱκετᾶν IG 4.951.90""},{""biblio"":"""",""quote"":""ὑβρίζειν . . εἰς ἱκέτας""},{""biblio"":""Phld. | Ir. | p.35"",""quote"":""ὑβρίζειν . . εἰς ἱκέτας Phld. Ir. p.35""}]","[""A. | Supp. | 27"",""Hdt. | 2.113"",""IG | 4.951.90"",""Id. | 3.59"",""Phld. | Ir. | p.35"",""Pi. | O. | 5.19""]",{},[],1,1,1,1,0,1,4,1,12
50261,10,618,n50261,ἱκετ-ήσιος,,,826,,"[""suppliant, Nonn. D. 36.379 .""]","[""suppliant""]",[],[],[],{},[],1,1,0,0,0,1,1,0,0
50262,10,619,n50262,ἱκετ-ικός,Adv.,,826,,"[""ἱκετ-ικός,ή,όν,=ἱκετήριος, Ph. 2.546 , Aq. Pr. 27.6 .Adv. -κῶς Sch.Par. A.R. 1.824 , Sch. E. Hec. 147 .""]",[],[],[],[],{},[],1,0,0,0,0,1,0,0,0
50263,10,620,n50263,ἵκετ-ις,,ἡ,826,,"[""ἵκετ-ις(parox.),ιδος,ἡ, fem. of ἱκέτης, Hdt. 4.165 , 9.76 , A. Supp. 350 , 428 (both lyr.), S. OT 920 , IG 4.951.4 (Epid.), A.R. 4.743 , etc.""]",[],[],[],[],{},[],1,0,0,0,0,1,0,0,0
50264,10,621,n50264,ἱκετοδόχος,,,826,,"[""ἱκετοδόχος,ον,=ἱκεταδόκος, Eust. 1807.9 .""]",[],[],[],[],{},[],1,0,0,0,0,1,0,0,0
50265,10,622,n50265,ἱκετώσυνα,,τά,826,,"[""purifications, Hsch.""]","[""purifications""]",[],[],[],{},[],1,1,0,0,0,1,1,0,0
50266,10,623,n50266,ἵκηαι,,,826,,"[""ἵκηαι, Ep. for ἵκῃ,2 sg. aor. 2 subj.of ἱκνέομαι.""]",[],[],[],[],{},[],1,0,0,0,0,1,0,0,0
50267,10,624,n50267,ἴκκος,,ὁ,826,,"[""ἴκκος,ὁ,=ἵππος, EM 474.12 ; cf.ἵππος sub fin.""]",[],[],[],[],{},[],1,0,0,0,0,1,0,0,0
50268,10,625,n50268,ἰκμ-ᾰδώδης,,,826,,"[""moist, wet, Hsch. s.v. ἴκμενος , dub. in Sch. Arat. 1065 :ἰκματώδης in Ach.Tat. Intr. 34 .""]","[""moist, wet""]",[],[],[],{},"[{""type"":""ref"",""target"":"""",""text"":""ἴκμενος""},{""type"":"""",""target"":"""",""text"":""s.v. ἴκμενος""}]",1,1,0,0,1,1,1,0,0
50269,10,626,n50269,ἰκμ-άζω,,,826,,"[""filter through, ooze, Alex.Aphr. in Mete. 87.27 ."",""evaporate moisture, dry up, ἰκμασθέντος δὲ τούτου Plu. 2.954e codd.;ἰκμάζειν: κατασκελετεύειν, Hsch.""]","[""filter through, ooze"",""evaporate moisture, dry up""]",[],"[{""biblio"":"""",""quote"":""ἰκμασθέντος δὲ τούτου""},{""biblio"":""Plu. | 2.954e"",""quote"":""ἰκμασθέντος δὲ τούτου Plu. 2.954e""}]","[""Plu. | 2.954e""]",{},[],1,1,0,1,0,2,2,0,2
50270,10,627,n50270,ἰκμ-αίνω,,,826,,"[""moisten, Nic. Al. 112 :— Med. ,δέμας ἰκμαίνεσθαι anoint one's body, A.R. 3.847 :— Pass. ,to be wetted, to be wet, Nic. Fr. 70.8 , A.R. 4.1066 .""]","[""moisten"",""anoint one's"",""to be wetted, to be wet""]",[],[],[],{},[],1,1,0,0,0,1,3,0,0
50271,10,628,n50271,ἰκμ-αῖος,,ὁ,826,,"[""god of rain, Id. 2.522 , Nonn. D. 5.270 .""]","[""god of rain""]","[""ἰκμάς""]",[],[],{},[],1,1,1,0,0,1,1,1,0
50272,10,629,n50272,ἰκμ-ᾰλέος,,,826,,"[""damp, wet, Ath.Med. ap. Orib. inc. 23.23 , Aret. SD 2.1 , Opp. H. 3.595 ."",""full of fluid, of the liver, Hp. Mul. 1.7 .""]","[""damp, wet"",""full of fluid""]",[],[],[],{},[],1,1,0,0,0,2,2,0,0
50273,10,630,n50273,ἴκμαρ,,τό,826,,"[""v.l.ant. for ἴκταρ(B), Erot.""]",[],[],[],[],{},[],1,0,0,0,0,1,0,0,0
50274,10,631,n50274,ἰκμ-άς,,ἡ,826,,"[""moisture, e.g. of oily leather, Il. 17.392 ; ἰκμάδος ἐστὶ ἐν αὐτῇ [τῇ Λιβύῃ] οὐδέν Hdt. 4.185 ;ἀνιεὶς ἐκ τοῦ σώματος ἰκμάδα, of a corpse exposed to the sun, Id. 3.125 , cf. Hp. Aër. 8 ; of moisture in the soil, Ev.Luc. 8.6 ; also θανόντων ἰσὶν οὐκ ἔνεστ' ἰκμάς no blood, A. Fr. 229 (prob.); of the bodily humours, Hp. Morb. 4.40 ; of all kinds of animal juices or moist secretions, τὸ περίττωμα τῆς ὑγρᾶς ἰ. ὃν καλοῦμεν ἱδρῶτα Arist. PA 668b4 ;ἡ τῶν καταμηνίων ἰ. Id. GA 727b11 , cf. HA 556b27 , al.: com. metaph., τὴν ἰ. τῆς φροντίδος Ar. Nu. 233 ;ἰ. Βάκχου, i.e. wine, AP 5.133 ( Posidipp. );ἰ. δρυός, i.e. gum, ib. 6.109 (Antip.).""]","[""moisture"",""Aër."",""moisture"",""blood"",""humours"",""animal juices"",""moist secretions""]",[],"[{""biblio"":"""",""quote"":""ἰκμάδος ἐστὶ ἐν αὐτῇ [τῇ Λιβύῃ] οὐδέν""},{""biblio"":""Hdt. | 4.185"",""quote"":""ἰκμάδος ἐστὶ ἐν αὐτῇ [τῇ Λιβύῃ] οὐδέν Hdt. 4.185""},{""biblio"":"""",""quote"":""τὸ περίττωμα τῆς ὑγρᾶς ἰ. ὃν καλοῦμεν ἱδρῶτα""},{""biblio"":""Arist. | PA | 668b4"",""quote"":""τὸ περίττωμα τῆς ὑγρᾶς ἰ. ὃν καλοῦμεν ἱδρῶτα Arist. PA 668b4""},{""biblio"":"""",""quote"":""τὴν ἰ. τῆς φροντίδος""},{""biblio"":""Ar. | Nu. | 233"",""quote"":""τὴν ἰ. τῆς φροντίδος Ar. Nu. 233""}]","[""Ar. | Nu. | 233"",""Arist. | PA | 668b4"",""Hdt. | 4.185""]",{},[],1,1,0,1,0,1,7,0,6
50275,10,632,n50275,ἰκμ-ᾰσία,,ἡ,826,,"[""ἰκμ-ᾰσία,ἡ,=ἰκμάς, Hsch.,Gloss.""]",[],[],[],[],{},[],1,0,0,0,0,1,0,0,0
50276,10,633,n50276,ἰκμάω,,,826,,"[""v. νεικητήρ .)""]",[],[],[],[],{},"[{""type"":""ref"",""target"":"""",""text"":""νεικητήρ""},{""type"":"""",""target"":"""",""text"":""v. νεικητήρ""}]",1,0,0,0,1,1,0,0,0
50277,10,634,n50277,ἰκμάω,,,826,,"[""ἰκμαμένος wounded, Inscr.Cypr. 135.3 H. (or ἰγμ-as Schwyzer 679.3 ). (Perh. cogn. with Lat.ico.)""]","[""wounded,"",""ico.""]",[],"[{""biblio"":"""",""quote"":""ἰκμαμένος""},{""biblio"":""Inscr.Cypr. | 135.3"",""quote"":""ἰκμαμένος wounded, Inscr.Cypr. 135.3""}]","[""Inscr.Cypr. | 135.3""]",{},[],1,1,0,1,0,1,2,0,2
50278,10,635,n50278,ἴκμενος,,,826,,"[""a fair breeze, Il. 1.479 , Od. 2.420 , al.; not moist, as Hsch. (Perh. not related to ἵκω, ἱκνέομαι.)""]","[""a fair"",""moist""]",[],[],[],{},[],1,1,0,0,0,1,2,0,0
50279,10,636,n50279,ἴκμη,,ἡ,826,,"[""a plant growing in moist places, duckweed, Lemna minor, Thphr. HP 4.10.1 .""]","[""a plant growing in moist places, duckweed, Lemna minor""]","[""ἰκμάς""]",[],[],{},[],1,1,1,0,0,1,1,1,0
50280,10,637,n50280,ἴκμιος,,,826,,"[""moist, Nonn. D. 2.490 ."",""= ἰκμαῖος , as epith. of Aristaeus, Call. Aet. 3.1.34 .""]","[""moist""]",[],[],[],{},"[{""type"":""ref"",""target"":"""",""text"":""ἰκμαῖος""},{""type"":"""",""target"":"""",""text"":""= ἰκμαῖος""}]",1,1,0,0,1,2,1,0,0
50281,10,638,n50281,ἰκμόβωλον,,τό,826,,"[""wet clod of earth, Dsc. 2.106 .""]","[""wet clod of earth""]",[],[],[],{},[],1,1,0,0,0,1,1,0,0
50282,10,639,n50282,ἰκμώδης,,,826,,"[""moist, wet, Sch.rec. A. Pr. 88 .""]","[""moist, wet""]",[],[],[],{},[],1,1,0,0,0,1,1,0,0
50283,10,640,n50283,ἰκνά:,,,826,,"[""ἰκνά: τροφεῖα,ἰκνείαν: τροφείαν,ἰκνεῖος: τροφεύς(Rhodian words), Hsch.""]",[],[],[],[],{},[],1,0,0,0,0,1,0,0,0
50284,10,641,n50284,ἱκνέομαι,Adv.,,826,827,"[""ἱκνεῖτο S. OC 970 :fut. ἵξομαι Il. 6.502 , Parm. 3.2 , A. Supp. 159 (lyr.); Dor. ἱξοῦμαι AP 9.341 ( Glauc. ):aor. 2 ἱκόμην Il. 8.149 , etc.;inf. ἴκεσθαι Sapph. Supp. 1.2 [ῐ, exc. when lengthd. by the augm.]; for part. ἴκμενος v.sub voce:pf. ἷγμαι S. Tr. 229 ,part. ἱγμένος Id. Ph. 494 : non-thematic aor. 2 ἷκτο Hes. Th. 481 , [ Simon. ] 179.4 , Euph. 2 : (ἀφικνέομαι is used in early Prose, exc. in signf. 111 ;ἵκοντο is f.l. in Th. 5.40 ,ἵκηται is a poet. reminiscence in Pl. Phdr. 276d ; but ἵκετο is found in Hdt. 1.216 , ἵκηται Hp. Loc.Hom. 47 ; also in later Prose, Luc. Salt. 5 , DDeor. 6.4 , Procop. Pers. 1.4 , 2.21 ):—come, αἶψα δ' ἵκοντο Il. 18.532 ;ὁπότε Κρήτηθεν ἵκοιτο when he came to us . . , 3.233 ;ὑπότροπον οἴκαδ' ἱ. Od. 22.35 ; ἐς χῶρον Il. 4.446 ; ἐπὶ νῆας 6.69 ; κατὰ λειμῶνα Od. 24.13 ; πρὸς γούνατα Hes. Th. 460 ; ὑπὸ πτόλιν Il. 11.182 ; εἰς ὁμόν Parm. 8.46 ; πρὸς ὁμοῖον Emp. 62.6 ; τυῖδ' ἴκεσθαι Sapph. l.c.: freq. in Hom. , c. acc.,arrive at, ἵκετο νῆας Il. 8.149 ; τέλος ἵκεο μύθων 9.56 ; οἶκον . . καὶ σὴν ἐς πατρίδα γαῖαν Od. 23.258 ; later ἱκέσθαι γαῖαν Pi. P. 4.118 codd.; βένθος Emp. 35.3 ; ἄλσος A. Supp. 556 (lyr.); στέγας S. OT 534 , etc."",""reach, attain to,ποσὶν οὖδας ἱ. Od. 8.376 ;οὐδ' ἵκετο χρόα καλόν, of a spear, Il. 11.352 ; οὐδ' ὀστέον ἵκετο Od. 19.451 (v.ὑπερίημι); so of things,ἠχή, καπνὸς αἰθέρ' ἱ., Il. 13.837 , 18.207 ; ἔμπης ἐς γαῖάν τε καὶ οὐρανὸν ἵκετ' ἀϋτμή 14.174 ; ἐς πόλιν ἵκετ' ἀϋτή Od. 14.265 ; of Time,ἥβης μέτρον or ἥβην ἱ., Il. 11.225 , 24.728 , etc.; γήραος οὐδόν Od. 15.246 ; so ἐπὶ γῆρας 8.227 ;ἠῶ ἱ.live till morn, 17.497 ; also ὀλέθρου πείραθ' ἱ. Il. 6.143 ; λέκτροιο παλαιοῦ θεσμὸν ἵκοντο Od. 23.296 , cf. 354 ;θίλην ἐπὶ γένναν ἵ. Emp. 110.9 ; ἐς ἄπειρον Xenoph. 28 ; ἐς τὸ τυθῆναι Hdt. 1.216 ; εἰς τὸ λήθης γῆρας Pl. Phdr. l.c.:—in various phrases,ἱ. μετὰ κλέος come in quest of glory, Il. 11.227 ;ἐς χεῖρας ἱ.come into one's power, 10.448 ;ὅ τι χεῖρας ἵκοιτο whatever came to hand, Od. 12.331 ;ἱ. ἐς γενεάν τινος into his family, Pi. N. 10.14 ;ἐς λόγους τοὺς σοὺς ἱ. to speak with thee, S. El. 315 ;ἐνθάδ' ἵξομαι shall come to this at last, Id. Aj. 1365 ;ἤν ποτε δασμὸς ἵκηται if ever a division come about, Il. 1.166 ."",""with a person as object,τινα ib. 139 , etc.; ἔς τινα Od. 6.176 ; but also,come to his house, 20.372 ;Πηλεΐωνάδ' ἵ.to the hut of the son of P., Il. 24.338 ;μετὰ Τρῶας ἱ. 3.264 : rarely c. dat.,ἐπειγομένοισι δ' ἵκοντο came to them at need, 12.374 ; cf. ἱκάνω 11 ."",""of suffering, desire, anger, etc.,come upon, Ἀχιλλῆος ποθὴ ἵξεται υἷας Ἀχαιῶν Il. 1.240 ;τί σε φρένας ἵκετο πένθος; ib. 362 ; ὅν τιν' ἵκηται ἄλη καὶ πῆμα καὶ ἄλγος Od. 15.345 ; ὁππότε μιν κάματός τε καὶ ἱδρὼς γούναθ' ἵκοιτο Il. 13.711 ;ἅδος, σέβας ἵ. τινα θυμόν, 11.88 , 18.178 ; με ἵ. ἄχος κραδίην 23.47 ."",""approach as suppliant, τὴν ἱκόμην φεύγων 14.260 , cf. 22.123 ; τὰ σὰ γοῦνα ἱκόμεθ' Od. 9.267 ; θεοὺς προστροπαῖς ἱκνουμένη A. Pers. 216 (troch.); Ζῆνα . . ἱξόμεσθα σὺν κλάδοις Id. Supp. 159 (lyr.); [θεὸν] θυέεσσιν ἱκνεῖσθαι approach a god with offerings and prayer, Theoc. Ep. 8.3 ."",""Poet. in pres.,supplicate, beseech, τάσδε τὰς θεὰς καλῶν ἱκνοῦμαι S. OC 1011 ; καί σε πρὸς τοῦ σοῦ τέκνου καὶ θεῶν ἱκνοῦμαι μή . . Id. Aj. 588 , cf. OC 275 , Ph. 470 ;ταύτης ἱκνοῦμαί ς' E. Or. 671 : c.inf., πάντες ς' ἱκνοῦνται . . θάψαι νεκρούς Id. Supp. 130 : freq. parenthetic, S. Ph. 932 , El. 136 (lyr.), Ar. Ec. 958 , Tim. Pers. 139 ."",""pres.and impf.,it becomes, befits, pertains to, c. acc. et inf., φαμὲν ἡμέας ἱκνέεσθαι ἡγεμονεύειν Hdt. 9.26 ;τοὺς μάλιστα ἱκνέεται(sc.κεκάρθαι) Id. 2.36 ;ἱκνέεται it is usual that . . , Hp. Art. 63 ; later, not impers., οὗ ἡ ἱερουργία ἱκνεῖτο D.C. Fr. 25.5 ; ὅ[σα τᾶς δίκας ἱ] κνεῖται SIG 953.46 (Cnidos,ii B.C.)."",""αὐτὸς καὶ ὧν ἱκνεῖται, of a man and those to whom he belongs, i.e. his family, ib. 46.25 , al. (Halic.)."",""freq. in part.,τὸ ἱκνεύμενον that which is fitting, proper, Hdt. 6.84 ;ὁ ἱ., with or without χρόνος,the fit, proper time, Hp. Aër. 7 , Hdt. 6.86 .ά; ἐν ἱκνουμένᾳ ἁμέρᾳ Orac. ap. D. 43.66 ;τὸ ἱ. ἀνάλωμα the quota of expense, Th. 1.99 ; κατὰ τοὺς ἱ. χρόνους Arist. GA 750b13 (also of the latter days, D.H. 1.66 ); ἱ. καιροί Thphr. CP 1.13.3 ; τὰ -ούμενα μεγέθη Arist. GA 772a8 ; ἡ ἱ. ἐπιστήμη Id. Pol. 1288b16 ;τῆς ἱ. ἡλικίας τυχεῖν ib. 1332b41 ; also ἱκνούμεναι ἀποδείξεις convincing proofs, Phld. Piet. 79 ;οὐδὲν εἴρηται ἱ. S.E. M. 1.205 ;λόγος τινὶ ἱκνούμενος favourable, SIG 679.77 ( Magn. Mae.,ii B.C.).Adv. ἱκνουμένως, Ion. -ευμένως,fittingly, aright, Hdt. 6.65 , Hp. Mul. 2.135 , M.Ant. 5.12 .""]","[""come"",""came"",""arrive at"",""reach, attain to"",""live till"",""come"",""come"",""came"",""shall come"",""at last"",""come about"",""come to"",""house"",""to the hut"",""came to"",""come upon"",""approach as suppliant"",""approach"",""supplicate, beseech"",""it becomes, befits, pertains to"",""it is usual"",""those to whom he belongs"",""that which is fitting, proper"",""the fit, proper"",""Aër."",""the quota"",""the latter days"",""convincing"",""favourable"",""fittingly, aright""]",[],"[{""biblio"":"""",""quote"":""ἱκνεῖτο""},{""biblio"":""S. | OC | 970"",""quote"":""ἱκνεῖτο S. OC 970""},{""biblio"":"""",""quote"":""ἵξομαι""},{""biblio"":""Il. | 6.502"",""quote"":""ἵξομαι Il. 6.502""},{""biblio"":"""",""quote"":""ἱξοῦμαι""},{""biblio"":""AP | 9.341"",""quote"":""ἱξοῦμαι AP 9.341""},{""biblio"":"""",""quote"":""ἱκόμην""},{""biblio"":""Il. | 8.149"",""quote"":""ἱκόμην Il. 8.149""},{""biblio"":"""",""quote"":""ἴκεσθαι""},{""biblio"":""Sapph. | Supp. | 1.2"",""quote"":""ἴκεσθαι Sapph. Supp. 1.2""},{""biblio"":"""",""quote"":""ἷγμαι""},{""biblio"":""S. | Tr. | 229"",""quote"":""ἷγμαι S. Tr. 229""},{""biblio"":"""",""quote"":""ἱγμένος""},{""biblio"":""Id. | Ph. | 494"",""quote"":""ἱγμένος Id. Ph. 494""},{""biblio"":"""",""quote"":""ἷκτο""},{""biblio"":""Hes. | Th. | 481"",""quote"":""ἷκτο Hes. Th. 481""},{""biblio"":"""",""quote"":""ἵκηται""},{""biblio"":""Hp. | Loc.Hom. | 47"",""quote"":""ἵκηται Hp. Loc.Hom. 47""},{""biblio"":"""",""quote"":""αἶψα δ' ἵκοντο""},{""biblio"":""Il. | 18.532"",""quote"":""αἶψα δ' ἵκοντο Il. 18.532""},{""biblio"":"""",""quote"":""ἐς χῶρον""},{""biblio"":""Il. | 4.446"",""quote"":""ἐς χῶρον Il. 4.446""},{""biblio"":"""",""quote"":""ἐπὶ νῆας""},{""biblio"":""6.69"",""quote"":""ἐπὶ νῆας 6.69""},{""biblio"":"""",""quote"":""κατὰ λειμῶνα""},{""biblio"":""Od. | 24.13"",""quote"":""κατὰ λειμῶνα Od. 24.13""},{""biblio"":"""",""quote"":""πρὸς γούνατα""},{""biblio"":""Hes. | Th. | 460"",""quote"":""πρὸς γούνατα Hes. Th. 460""},{""biblio"":"""",""quote"":""ὑπὸ πτόλιν""},{""biblio"":""Il. | 11.182"",""quote"":""ὑπὸ πτόλιν Il. 11.182""},{""biblio"":"""",""quote"":""εἰς ὁμόν""},{""biblio"":""Parm. | 8.46"",""quote"":""εἰς ὁμόν Parm. 8.46""},{""biblio"":"""",""quote"":""πρὸς ὁμοῖον""},{""biblio"":""Emp. | 62.6"",""quote"":""πρὸς ὁμοῖον Emp. 62.6""},{""biblio"":"""",""quote"":""τυῖδ' ἴκεσθαι""},{""biblio"":""Sapph."",""quote"":""τυῖδ' ἴκεσθαι Sapph.""},{""biblio"":"""",""quote"":""ἵκετο νῆας""},{""biblio"":""Il. | 8.149"",""quote"":""ἵκετο νῆας Il. 8.149""},{""biblio"":"""",""quote"":""τέλος ἵκεο μύθων""},{""biblio"":""9.56"",""quote"":""τέλος ἵκεο μύθων 9.56""},{""biblio"":"""",""quote"":""οἶκον . . καὶ σὴν ἐς πατρίδα γαῖαν""},{""biblio"":""Od. | 23.258"",""quote"":""οἶκον . . καὶ σὴν ἐς πατρίδα γαῖαν Od. 23.258""},{""biblio"":"""",""quote"":""ἱκέσθαι γαῖαν""},{""biblio"":""Pi. | P. | 4.118"",""quote"":""ἱκέσθαι γαῖαν Pi. P. 4.118""},{""biblio"":"""",""quote"":""βένθος""},{""biblio"":""Emp. | 35.3"",""quote"":""βένθος Emp. 35.3""},{""biblio"":"""",""quote"":""ἄλσος""},{""biblio"":""A. | Supp. | 556"",""quote"":""ἄλσος A. Supp. 556""},{""biblio"":"""",""quote"":""στέγας""},{""biblio"":""S. | OT | 534"",""quote"":""στέγας S. OT 534""},{""biblio"":"""",""quote"":""οὐδ' ὀστέον ἵκετο""},{""biblio"":""Od. | 19.451"",""quote"":""οὐδ' ὀστέον ἵκετο Od. 19.451""},{""biblio"":"""",""quote"":""ἔμπης ἐς γαῖάν τε καὶ οὐρανὸν ἵκετ' ἀϋτμή""},{""biblio"":""14.174"",""quote"":""ἔμπης ἐς γαῖάν τε καὶ οὐρανὸν ἵκετ' ἀϋτμή 14.174""},{""biblio"":"""",""quote"":""ἐς πόλιν ἵκετ' ἀϋτή""},{""biblio"":""Od. | 14.265"",""quote"":""ἐς πόλιν ἵκετ' ἀϋτή Od. 14.265""},{""biblio"":"""",""quote"":""γήραος οὐδόν""},{""biblio"":""Od. | 15.246"",""quote"":""γήραος οὐδόν Od. 15.246""},{""biblio"":"""",""quote"":""ἐπὶ γῆρας""},{""biblio"":""8.227"",""quote"":""ἐπὶ γῆρας 8.227""},{""biblio"":"""",""quote"":""λέκτροιο παλαιοῦ θεσμὸν ἵκοντο""},{""biblio"":""Od. | 23.296"",""quote"":""λέκτροιο παλαιοῦ θεσμὸν ἵκοντο Od. 23.296""},{""biblio"":"""",""quote"":""ἐς ἄπειρον""},{""biblio"":""Xenoph. | 28"",""quote"":""ἐς ἄπειρον Xenoph. 28""},{""biblio"":"""",""quote"":""ἐς τὸ τυθῆναι""},{""biblio"":""Hdt. | 1.216"",""quote"":""ἐς τὸ τυθῆναι Hdt. 1.216""},{""biblio"":"""",""quote"":""εἰς τὸ λήθης γῆρας""},{""biblio"":""Pl. | Phdr."",""quote"":""εἰς τὸ λήθης γῆρας Pl. Phdr.""},{""biblio"":"""",""quote"":""ἔς τινα""},{""biblio"":""Od. | 6.176"",""quote"":""ἔς τινα Od. 6.176""},{""biblio"":"""",""quote"":""ἱκάνω""},{""biblio"":""11"",""quote"":""ἱκάνω 11""},{""biblio"":"""",""quote"":""Ἀχιλλῆος ποθὴ ἵξεται υἷας Ἀχαιῶν""},{""biblio"":""Il. | 1.240"",""quote"":""Ἀχιλλῆος ποθὴ ἵξεται υἷας Ἀχαιῶν Il. 1.240""},{""biblio"":"""",""quote"":""ὅν τιν' ἵκηται ἄλη καὶ πῆμα καὶ ἄλγος""},{""biblio"":""Od. | 15.345"",""quote"":""ὅν τιν' ἵκηται ἄλη καὶ πῆμα καὶ ἄλγος Od. 15.345""},{""biblio"":"""",""quote"":""ὁππότε μιν κάματός τε καὶ ἱδρὼς γούναθ' ἵκοιτο""},{""biblio"":""Il. | 13.711"",""quote"":""ὁππότε μιν κάματός τε καὶ ἱδρὼς γούναθ' ἵκοιτο Il. 13.711""},{""biblio"":"""",""quote"":""με ἵ. ἄχος κραδίην""},{""biblio"":""23.47"",""quote"":""με ἵ. ἄχος κραδίην 23.47""},{""biblio"":"""",""quote"":""τὴν ἱκόμην φεύγων""},{""biblio"":""14.260"",""quote"":""τὴν ἱκόμην φεύγων 14.260""},{""biblio"":"""",""quote"":""τὰ σὰ γοῦνα ἱκόμεθ'""},{""biblio"":""Od. | 9.267"",""quote"":""τὰ σὰ γοῦνα ἱκόμεθ' Od. 9.267""},{""biblio"":"""",""quote"":""θεοὺς προστροπαῖς ἱκνουμένη""},{""biblio"":""A. | Pers. | 216"",""quote"":""θεοὺς προστροπαῖς ἱκνουμένη A. Pers. 216""},{""biblio"":"""",""quote"":""Ζῆνα . . ἱξόμεσθα σὺν κλάδοις""},{""biblio"":""Id. | Supp. | 159"",""quote"":""Ζῆνα . . ἱξόμεσθα σὺν κλάδοις Id. Supp. 159""},{""biblio"":"""",""quote"":""τάσδε τὰς θεὰς καλῶν ἱκνοῦμαι""},{""biblio"":""S. | OC | 1011"",""quote"":""τάσδε τὰς θεὰς καλῶν ἱκνοῦμαι S. OC 1011""},{""biblio"":"""",""quote"":""καί σε πρὸς τοῦ σοῦ τέκνου καὶ θεῶν ἱκνοῦμαι μή . .""},{""biblio"":""Id. | Aj. | 588"",""quote"":""καί σε πρὸς τοῦ σοῦ τέκνου καὶ θεῶν ἱκνοῦμαι μή . . Id. Aj. 588""},{""biblio"":"""",""quote"":""πάντες ς' ἱκνοῦνται . . θάψαι νεκρούς""},{""biblio"":""Id. | Supp. | 130"",""quote"":""πάντες ς' ἱκνοῦνται . . θάψαι νεκρούς Id. Supp. 130""},{""biblio"":"""",""quote"":""φαμὲν ἡμέας ἱκνέεσθαι ἡγεμονεύειν""},{""biblio"":""Hdt. | 9.26"",""quote"":""φαμὲν ἡμέας ἱκνέεσθαι ἡγεμονεύειν Hdt. 9.26""},{""biblio"":"""",""quote"":""οὗ ἡ ἱερουργία ἱκνεῖτο""},{""biblio"":""D.C. | Fr. | 25.5"",""quote"":""οὗ ἡ ἱερουργία ἱκνεῖτο D.C. Fr. 25.5""},{""biblio"":"""",""quote"":""ὅ[σα τᾶς δίκας ἱ] κνεῖται""},{""biblio"":""SIG | 953.46"",""quote"":""ὅ[σα τᾶς δίκας ἱ] κνεῖται SIG 953.46""},{""biblio"":"""",""quote"":""κατὰ τοὺς ἱ. χρόνους""},{""biblio"":""Arist. | GA | 750b13"",""quote"":""κατὰ τοὺς ἱ. χρόνους Arist. GA 750b13""},{""biblio"":"""",""quote"":""ἱ. καιροί""},{""biblio"":""Thphr. | CP | 1.13.3"",""quote"":""ἱ. καιροί Thphr. CP 1.13.3""},{""biblio"":"""",""quote"":""τὰ -ούμενα μεγέθη""},{""biblio"":""Arist. | GA | 772a8"",""quote"":""τὰ -ούμενα μεγέθη Arist. GA 772a8""},{""biblio"":"""",""quote"":""ἡ ἱ. ἐπιστήμη""},{""biblio"":""Id. | Pol. | 1288b16"",""quote"":""ἡ ἱ. ἐπιστήμη Id. Pol. 1288b16""}]","[""11"",""14.174"",""14.260"",""23.47"",""6.69"",""8.227"",""9.56"",""A. | Pers. | 216"",""A. | Supp. | 556"",""AP | 9.341"",""Arist. | GA | 750b13"",""Arist. | GA | 772a8"",""D.C. | Fr. | 25.5"",""Emp. | 35.3"",""Emp. | 62.6"",""Hdt. | 1.216"",""Hdt. | 9.26"",""Hes. | Th. | 460"",""Hes. | Th. | 481"",""Hp. | Loc.Hom. | 47"",""Id. | Aj. | 588"",""Id. | Ph. | 494"",""Id. | Pol. | 1288b16"",""Id. | Supp. | 130"",""Id. | Supp. | 159"",""Il. | 1.240"",""Il. | 11.182"",""Il. | 13.711"",""Il. | 18.532"",""Il. | 4.446"",""Il. | 6.502"",""Il. | 8.149"",""Od. | 14.265"",""Od. | 15.246"",""Od. | 15.345"",""Od. | 19.451"",""Od. | 23.258"",""Od. | 23.296"",""Od. | 24.13"",""Od. | 6.176"",""Od. | 9.267"",""Parm. | 8.46"",""Pi. | P. | 4.118"",""Pl. | Phdr."",""S. | OC | 1011"",""S. | OC | 970"",""S. | OT | 534"",""S. | Tr. | 229"",""SIG | 953.46"",""Sapph."",""Sapph. | Supp. | 1.2"",""Thphr. | CP | 1.13.3"",""Xenoph. | 28""]",{},[],1,1,0,1,0,9,30,0,108
50285,10,642,n50285,ἴκνυς,,ἡ,826,,"[""dust or ashes, τὰν ἴκνυν ἀπὸ τῶ βωμῶ . . ἀφελὲν ἐς καθαρόν Berl.Sitzb. 1927.159 (Cyrene); cf.ἴκνυον:κονίαν, σμῆμα, Hsch. ;τὴν""]","[""dust"",""ashes""]",[],"[{""biblio"":"""",""quote"":""τὰν ἴκνυν ἀπὸ τῶ βωμῶ . . ἀφελὲν ἐς καθαρόν""},{""biblio"":""Berl.Sitzb. | 1927.159"",""quote"":""τὰν ἴκνυν ἀπὸ τῶ βωμῶ . . ἀφελὲν ἐς καθαρόν Berl.Sitzb. 1927.159""}]","[""Berl.Sitzb. | 1927.159""]",{},[],1,1,0,1,0,1,2,0,2
50286,10,643,n50286,ἴγνυν,,,826,,"[""οἴνῳ διατρίψας, δοῦναι πιεῖν Hp. Nat.Mul. 88 ( v.l. ἴγδην ).""]",[],[],"[{""biblio"":"""",""quote"":""οἴνῳ διατρίψας, δοῦναι πιεῖν""},{""biblio"":""Hp. | Nat.Mul. | 88"",""quote"":""οἴνῳ διατρίψας, δοῦναι πιεῖν Hp. Nat.Mul. 88""}]","[""Hp. | Nat.Mul. | 88""]",{},"[{""type"":""ref"",""target"":"""",""text"":""ἴγδην""},{""type"":"""",""target"":"""",""text"":""v.l. ἴγδην""}]",1,0,0,1,1,1,0,0,2
50287,10,644,n50287,ἴκρια,,τά,826,,"[""halfdeck at the stern of a ship, νηῶν ἴκρι' ἐπῴχετο μακρὰ βιβάσθων Il. 15.676 ; [ κυβερνήτης] κάππες' ἀπ' ἰκριόφιν Od. 12.414 ;εἰς ἴκρια νηὸς ἔβαινον πρῴρης(i.e. from the prow) ib. 229 ; νηὸς ἐπ' ἰκριόφιν καταλέξεται 3.353 ; εὐπάκτων ἐπ' ἰκρίων σταθεὶς ὄρουσε B. 16.83 : wrongly expld. by Eust. as = ἐγκοίλια in Od. 5.252 , but perh. so used by Nonn. D. 40.447 , 452 ; expld. as = κεραία in A.R. 1.566 by Sch., but prob. wrongly, cf. Lyc. 751 ."",""generally,platform, stage, ἴκρια ἐπὶ σταυρῶν ὑψηλῶν . . ἕστηκε Hdt. 5.16 , cf. Str. 12.3.18 , Hsch."",""scaffolding, IG 12.94.28 (prob. in 374.151 ), 4.39 (Aegina,v B.C.), BCH 6.27 (Delos,ii B.C.)."",""benches in a theatre, Cratin. 323 , Ar. Th. 395 , Ath. 4.167f ."",""dub. sens. in Thphr. HP 5.6.2 ."",""sg.,=ἱστός,mast, Eust. 1533.31 ;pole, dub. l. in Nic. Th. 198 ; set up on a cenotaph, Marcellin. Vit. Thuc. 31 .""]","[""halfdeck"",""platform, stage"",""scaffolding,"",""benches"",""mast"",""pole""]",[],"[{""biblio"":"""",""quote"":""νηῶν ἴκρι' ἐπῴχετο μακρὰ βιβάσθων""},{""biblio"":""Il. | 15.676"",""quote"":""νηῶν ἴκρι' ἐπῴχετο μακρὰ βιβάσθων Il. 15.676""},{""biblio"":"""",""quote"":""κυβερνήτης] κάππες' ἀπ' ἰκριόφιν""},{""biblio"":""Od. | 12.414"",""quote"":""κυβερνήτης] κάππες' ἀπ' ἰκριόφιν Od. 12.414""},{""biblio"":"""",""quote"":""νηὸς ἐπ' ἰκριόφιν καταλέξεται""},{""biblio"":""3.353"",""quote"":""νηὸς ἐπ' ἰκριόφιν καταλέξεται 3.353""},{""biblio"":"""",""quote"":""εὐπάκτων ἐπ' ἰκρίων σταθεὶς ὄρουσε""},{""biblio"":""B. | 16.83"",""quote"":""εὐπάκτων ἐπ' ἰκρίων σταθεὶς ὄρουσε B. 16.83""},{""biblio"":"""",""quote"":""ἴκρια ἐπὶ σταυρῶν ὑψηλῶν . . ἕστηκε""},{""biblio"":""Hdt. | 5.16"",""quote"":""ἴκρια ἐπὶ σταυρῶν ὑψηλῶν . . ἕστηκε Hdt. 5.16""}]","[""3.353"",""B. | 16.83"",""Hdt. | 5.16"",""Il. | 15.676"",""Od. | 12.414""]",{},"[{""type"":""ref"",""target"":"""",""text"":""ἐγκοίλια""},{""type"":"""",""target"":"""",""text"":""= ἐγκοίλια""},{""type"":""ref"",""target"":"""",""text"":""κεραία""},{""type"":"""",""target"":"""",""text"":""= κεραία""}]",1,1,0,1,1,6,6,0,10
50288,10,645,n50288,ἰκριάς,,ἡ,826,,"[""pergula, Gloss. (dub.).""]","[""pergula,""]",[],[],[],{},[],1,1,0,0,0,1,1,0,0
50289,10,646,n50289,ἴκρινον,,τό,826,,"[""tabulum, Gloss. (dub.).""]","[""tabulum,""]",[],[],[],{},[],1,1,0,0,0,1,1,0,0
50290,10,647,n50290,ἰκριο-ποιέω,,,826,,"[""ἰκριόω 1 , Rev.Phil. 50.69 (Didyma,ii B.C.), Inscr.Délos 290.241 (iii B.C.).""]",[],[],"[{""biblio"":"""",""quote"":""ἰκριόω""},{""biblio"":""1"",""quote"":""ἰκριόω 1""}]","[""1""]",{},[],1,0,0,1,0,1,0,0,2
50291,10,648,n50291,ἰκριο-ποίησις,,ἡ,826,,"[""erection of scaffolding, ib. 240 (prob.).""]","[""erection of scaffolding""]",[],[],[],{},[],1,1,0,0,0,1,1,0,0
50292,10,649,n50292,ἰκριο-ποιός,,ὁ,826,,"[""maker of scaffolding or benches, Poll. 7.125 .""]","[""maker of scaffolding"",""benches""]",[],[],[],{},[],1,1,0,0,0,1,2,0,0
50293,10,650,n50293,ἰκρι-όω,,,826,,"[""erect scaffolding, IG 12.371.22 , 374.74 (ἱκ-)."",""furnish with benches, θέατρον D.C. 43.22 :— Pass. , ib. 59.7 .""]","[""erect scaffolding,"",""furnish with benches""]","[""ἱκ-""]","[{""biblio"":"""",""quote"":""θέατρον""},{""biblio"":""D.C. | 43.22"",""quote"":""θέατρον D.C. 43.22""}]","[""D.C. | 43.22""]",{},[],1,1,1,1,0,2,2,1,2
50294,10,651,n50294,ἰκρί-ωμα,,τό,826,,"[""scaffold, IG 12.374.67 (ἱκ-), Hsch. s.v. κατῆλιψ ."",""in pl.,=ἀντήριδες, Eust. 903.54 .""]","[""scaffold,""]","[""ἱκ-""]",[],[],{},"[{""type"":""ref"",""target"":"""",""text"":""κατῆλιψ""},{""type"":"""",""target"":"""",""text"":""s.v. κατῆλιψ""}]",1,1,1,0,1,2,1,1,0
50295,10,652,n50295,ἰκρι-ωτήρ,,ὁ,826,,"[""upright supporting a gallery or loft, IG 22.1668.78 : pl., ib. 12.313.110 (ἱκ-)."",""in pl.-ῆρες,οἱ ,flooring of the deck, ib. 22.1629.1156 , 1631.339 (or perh.joists which support it)."",""= ἰκριώματα , Demioprat. ap. Poll. 10.157 .""]","[""upright"",""flooring of the deck"",""joists""]","[""ἱκ-""]",[],[],{},"[{""type"":""ref"",""target"":"""",""text"":""ἰκριώματα""},{""type"":"""",""target"":"""",""text"":""= ἰκριώματα""}]",1,1,1,0,1,3,3,1,0
50296,10,653,n50296,ἱκταῖος,,,826,,"[""ἱκταῖος,α,ον,=ἱκέσιος, A. Supp. 385 [lyr., with penult. short].""]",[],[],[],[],{},[],1,0,0,0,0,1,0,0,0
50297,10,654,n50297,ἴκταρ,Adv.,,826,,"[""close together, thickly(=πυκνῶς, Hsch. ), κεραυνοὶ ἴ. ἅμα βροντῇ τε καὶ ἀστεροπῇ ποτέοντο Hes. Th. 691 ."",""Prep. c. gen.,close to, hard by, ἴ. μελάθρων A. Ag. 116 (lyr.); ἴ. ἥμενοι Διός Id. Eu. 998 (lyr.): c. dat., Alcm. 23.80 : abs.,ταῦτα πρὸς τύραννον . . οὐδ' ἴ. βάλλει do not strike even near him, are quite wide of the mark, prov. in Pl. R. 575c , cf. Ael. NA 15.29 .""]","[""close together, thickly"",""close to, hard by"",""near""]",[],"[{""biblio"":"""",""quote"":""κεραυνοὶ ἴ. ἅμα βροντῇ τε καὶ ἀστεροπῇ ποτέοντο""},{""biblio"":""Hes. | Th. | 691"",""quote"":""κεραυνοὶ ἴ. ἅμα βροντῇ τε καὶ ἀστεροπῇ ποτέοντο Hes. Th. 691""},{""biblio"":"""",""quote"":""ἴ. μελάθρων""},{""biblio"":""A. | Ag. | 116"",""quote"":""ἴ. μελάθρων A. Ag. 116""},{""biblio"":"""",""quote"":""ἴ. ἥμενοι Διός""},{""biblio"":""Id. | Eu. | 998"",""quote"":""ἴ. ἥμενοι Διός Id. Eu. 998""}]","[""A. | Ag. | 116"",""Hes. | Th. | 691"",""Id. | Eu. | 998""]",{},[],1,1,0,1,0,2,3,0,6
50298,10,655,n50298,ἴκταρ,,τό,826,,"[""pudendum muliebre, Hp. Mul. 2.174 (restored fr. Erot. and Gal. 19.105 :ἧπαρ(ἦπαρ) codd. Hp. ).""]","[""pudendum muliebre""]","[""ἦπαρ""]",[],[],{},[],1,1,1,0,0,1,1,1,0
50299,10,656,n50299,ἴκταρ,,ὁ,826,,"[""fish, Call. Fr. 38 :—also ἰκτάρα,ἡ, Hsch. ;= albula, Gloss. ; cf.κτάρα.""]","[""fish"",""albula,""]",[],[],[],{},[],1,1,0,0,0,1,2,0,0
50300,10,657,n50300,ἰκτέα:,,,826,,"[""ἰκτέα: ἀκόντιον, Hsch.""]",[],[],[],[],{},[],1,0,0,0,0,1,0,0,0
50301,10,658,n50301,ἰκτερ-ίας,,ὁ,826,,"[""a yellowish kind of stone, Plin. HN 37.170 .""]","[""a yellowish"",""stone""]",[],[],[],{},[],1,1,0,0,0,1,2,0,0
50302,10,659,n50302,ἰκτερ-ιάω,,,826,,"[""to be ill of the jaundice,v.l. in Dsc. 3.1 , M.Ant. 6.57 , Hld. 3.8 , S.E. P. 1.44 , Gal. 18(1).250 .""]","[""to be ill of the jaundice""]","[""ἴκτερος""]",[],[],{},[],1,1,1,0,0,1,1,1,0
50303,10,660,n50303,ἰκτερ-ικός,,,826,,"[""jaundiced, Gal. Nat. Fac. 1.13 , Gp. 12.17.9 ;for jaundice, φάρμακον Ruf. ap. Orib. 7.26.142 .""]","[""jaundiced"",""for jaundice""]",[],"[{""biblio"":"""",""quote"":""φάρμακον""},{""biblio"":""Ruf."",""quote"":""φάρμακον Ruf.""}]","[""Ruf.""]",{},[],1,1,0,1,0,1,2,0,2
50304,10,661,n50304,ἴκτερ-ις,,,826,,"[""aurugo, Gloss.""]","[""aurugo,""]",[],[],[],{},[],1,1,0,0,0,1,1,0,0
50305,10,662,n50305,ἰκτερ-ίτης,,,826,,"[""rosmarinum, ibid.; but ἰκτερ-ῖτις, Ps.- Dsc. 3.75 , Apul. Herb. 80 (v.l. -es):""]","[""rosmarinum"",""-es""]",[],[],[],{},[],1,1,0,0,0,1,2,0,0
50306,10,663,n50306,ἰκτερ-ιώδης,,,826,,"["", χλόος Nic. Al. 475 .""]",[],[],"[{""biblio"":"""",""quote"":"", χλόος""},{""biblio"":""Nic. | Al. | 475"",""quote"":"", χλόος Nic. Al. 475""}]","[""Nic. | Al. | 475""]",{},[],1,0,0,1,0,1,0,0,2
50307,10,664,n50307,ἰκτερ-όομαι,,,826,,"[""have the jaundice, Hp. Prorrh. 1.32 , Gal. 16.574 .""]","[""have the jaundice""]",[],[],[],{},[],1,1,0,0,0,1,1,0,0
50308,10,665,n50308,ἴκτερ-ος,,ὁ,826,,"[""jaundice, Hp. Aph. 4.62 (pl.), Morb. 2.38 , Int. 35 (pl.), etc."",""a bird of a yellowish-green colour, by looking at which a jaundiced person was cured—the bird died! Plin. HN 30.94 (who identifies it with galgulus, the golden oriole).""]","[""jaundice"",""a bird of a yellowish-green colour"",""galgulus"",""golden oriole""]",[],[],[],{},[],1,1,0,0,0,2,4,0,0
50309,10,666,n50309,ἰκτερ-ώδης,,,826,,"[""ἰκτερ-ώδης,ες,=ἰκτεσικός, Hp. Epid. 3.17 .ιγ́.""]",[],[],[],[],{},[],1,0,0,0,0,1,0,0,0
50310,10,667,n50310,ἴκτευ,,,826,,"[""ἴκτευ:κρατεῖς( Lacon. ), Hsch. ἰκτή,=ἰκτίν, Ruf. Fr. 79 .""]",[],[],[],[],{},[],1,0,0,0,0,1,0,0,0
50311,10,668,n50311,ἴκτηρ,,ὁ,826,,"[""ἴκτηρ,ερος,ὁ,=ἴκτερος, acc.ἴκτερα v.l. in LXX Le. 26.16 .""]",[],[],[],[],{},[],1,0,0,0,0,1,0,0,0
50312,10,669,n50312,ἱκ-τήρ,Adj.,ὁ,826,,"[""a suppliant, S. OT 185 (lyr.), E. Heracl. 764 (lyr.): as Adj., ἱ. κλάδοι S. OT 143 ; θαλλός E. Supp. 10 ."",""Ζεὺς ἱκτήρ the protector of the suppliant, A. Supp. 479 .""]","[""a suppliant"",""the protector of the suppliant""]",[],"[{""biblio"":"""",""quote"":""ἱ. κλάδοι""},{""biblio"":""S. | OT | 143"",""quote"":""ἱ. κλάδοι S. OT 143""},{""biblio"":"""",""quote"":""θαλλός""},{""biblio"":""E. | Supp. | 10"",""quote"":""θαλλός E. Supp. 10""}]","[""E. | Supp. | 10"",""S. | OT | 143""]",{},[],1,1,0,1,0,2,2,0,4
50313,10,670,n50313,ἱκ-τήριος,,,826,,"[""v. ἱκετήριος .""]",[],[],[],[],{},"[{""type"":""ref"",""target"":"""",""text"":""ἱκετήριος""},{""type"":"""",""target"":"""",""text"":""v. ἱκετήριος""}]",1,0,0,0,1,1,0,0,0
50314,10,671,n50314,ἵκ-της,,ὁ,826,,"[""ἵκ-της,ου,ὁ,=ἱκέτης, Lyc. 763 , Hsch. , Theognost. Can. 15 .""]",[],[],[],[],{},[],1,0,0,0,0,1,0,0,0
50315,10,672,n50315,ἰκτίδεος,,,826,,"[""v. κτίδεος .""]",[],"[""ἰκτίν""]",[],[],{},"[{""type"":""ref"",""target"":"""",""text"":""κτίδεος""},{""type"":"""",""target"":"""",""text"":""v. κτίδεος""}]",1,0,1,0,1,1,0,1,0
50316,10,673,n50316,ἰκτίν,,ὁ,826,,"[""ἰκτῖνα Ar. Fr. 628 , Pl.Com. 243 , Jul. Mis. 366a : gen. sg.ἰκτῖνος ibid.: nom.pl. ἰκτῖνες Paus. 5.14.1 : dat. pl. ἰκτῖσι Ctes. Fr. 57.11 : nom. sg. also ἰκτίς,Gloss., prob. in Hsch. (Pamph.).""]",[],[],"[{""biblio"":"""",""quote"":""ἰκτῖνα""},{""biblio"":""Ar. | Fr. | 628"",""quote"":""ἰκτῖνα Ar. Fr. 628""},{""biblio"":"""",""quote"":""ἰκτῖνες""},{""biblio"":""Paus. | 5.14.1"",""quote"":""ἰκτῖνες Paus. 5.14.1""},{""biblio"":"""",""quote"":""ἰκτῖσι""},{""biblio"":""Ctes. | Fr. | 57.11"",""quote"":""ἰκτῖσι Ctes. Fr. 57.11""}]","[""Ar. | Fr. | 628"",""Ctes. | Fr. | 57.11"",""Paus. | 5.14.1""]",{},[],1,0,0,1,0,1,0,0,6
50317,10,674,n50317,ἴκτῑνος,,ὁ,826,,"[""kite, Miluus regalis, Semon. 12 , Hdt. 2.22 , S. Fr. 111 , 767 , Ar. Av. 502 ,al., Pl. Phd. 82a , Men. 926 ; ἰκτίνου ἀγχιστρόφου ἦθος Thgn. 1261 ; φεύγεις ἰκτίνου σχέτλιον ἦθος ἔχων Id. 1302 ."",""a kind of wolf, Opp. C. 3.331 . (Cf. Arm.[cnull ]in'kite'.)""]","[""kite, Miluus regalis"",""wolf"",""[cnull ]in""]",[],"[{""biblio"":"""",""quote"":""ἰκτίνου ἀγχιστρόφου ἦθος""},{""biblio"":""Thgn. | 1261"",""quote"":""ἰκτίνου ἀγχιστρόφου ἦθος Thgn. 1261""},{""biblio"":"""",""quote"":""φεύγεις ἰκτίνου σχέτλιον ἦθος ἔχων""},{""biblio"":""Id. | 1302"",""quote"":""φεύγεις ἰκτίνου σχέτλιον ἦθος ἔχων Id. 1302""}]","[""Id. | 1302"",""Thgn. | 1261""]",{},[],1,1,0,1,0,2,3,0,4
50318,10,675,n50318,ἴκτῐς,,ἡ,826,,"[""the γαλῆ ἀγρία or yellow-breasted marten, Ar. l.c., Arist. HA 612b10 , Nic. Th. 196 , cf. Sch.adloc., Aret. SD 1.15 . (ι is prothetic, cf.κτίδεος.)""]","[""the"",""yellow-breasted marten""]",[],[],[],{},[],1,1,0,0,0,1,2,0,0
50319,10,676,n50319,ἱκτορεύω,,,826,,"[""ἱκτορεύω, poet. for ἱκετεύω, S. Fr. 58 .""]",[],[],[],[],{},[],1,0,0,0,0,1,0,0,0
50320,10,677,n50320,ἰκτός,,,826,,"[""ἰκτός, in neut.ἰκτόν: τὸ ἐοικός, and ἰκτύς: ὁμοίωμα, εἰκών, Theognost. Can. 15 , 16 .""]",[],[],[],[],{},[],1,0,0,0,0,1,0,0,0
50321,10,678,n50321,ἵκτωρ,,ὁ,826,,"[""ἵκτωρ,ορος,ὁ,=ἱκέτης, but used of women in A. Supp. 653 (lyr.).""]",[],[],[],[],{},[],1,0,0,0,0,1,0,0,0
50322,10,679,n50322,ἵκω,,,826,,"[""ἷκον Il. 1.317 : poet.fut. inf. ἱξέμεν Pi. Pae. 6.116 ; Dor. fut. ἱξῶ Megar. in Ar. Ach. 742 : Ep. aor. ἷξον(v. infr.); also aor. 1 ἷξα Q.S. 12.461 (v.l.): for ἵξομαι, ἷγμαι, v. ἱκνέομαι :—come, of persons, ἐς δόμον ἵκει Od. 18.353 ; ἷξεν δ' ἐς Πριάμοιο Il. 24.160 , cf. 122 ; εἰ δέ κεν οἴκαδ' ἵκωμι φίλην ἐς πατρίδα γαῖαν 9.414 ; ἐς Ῥόδον ἷξεν ἀλώμενος 2.667 ; ἐπὶ Θρῃκῶν . . τέλος ἷξον ἰόντες 10.470 ; ἷξε δ' ἐπ' ἐσχατιήν 20.328 ; ποταμοῖο κατὰ στόμα . . ἷξε νέων Od. 5.442 : in Hom. freq. c. acc.,come to, δόμον Il. 18.406 , etc.; Μαλειάων ὄρος Od. 3.288 ; εἰ Θεμίστιον ἵκεις ὥστ' ἀείδειν Pi. N. 5.50 , cf. O. 5.9 ;αἴ κ' αὐτὸς ἵκη, ἀνελέσθω prob. in IG 5(2).159.2 ( Class.Phil. 20.134 )."",""of things,Φρυγίην . . κτήματα περνάμεν' ἵκει come or are brought to . ., Il. 18.292 ; also ὁπότε χρόνος ἷξε δικασπόλος Maiist. 52 ."",""attain to, reach, κνίση δ' οὐρανὸν ἷκεν Il. 1.317 , cf. 2.153 , 14.60 ; αἴγλη δι' αἰθέρος οὐρανὸν ἷκε 2.458 ; ὀρυμαγδὸς . . οὐρανὸν ἷκε δι' αἰθέρος 17.425 ; κλέος οὐρανὸν ἵκει Od. 9.20 ; ὕβρις τε βίη τε . . οὐρανὸν ἵκει 15.329 ; Ἰθάκης γε καὶ ἐς Τροίην ὄνομ' ἵκει 13.248 ; ἵκῃ τ' ἐς ἄκρον ἀνδρείας Simon. 58.6 ."",""of sufferings, feelings, etc.,ὅτε κέν τινα . . χόλος ἵκοι come upon him, Il. 9.525 ; τοι πινυτὴ φρένας ἵκει Od. 20.228 ; χρειὼ ἵκει τινά 2.28 , 5.189 : abs., χρειὼ τόσον ἵκει Il. 10.142 . [In ἵκω, ῑ always; in ἱκάνω, and the unaugmented moods of ἱκόμην, ῐ always.—ἵκοντ'is prob. for ἵκοντο [ῐ] in Pi. P. 2.36 .] (Prob. cogn. with ἥκω.)""]","[""come"",""come to"",""come"",""are brought to . ."",""attain to, reach"",""come upon""]",[],"[{""biblio"":"""",""quote"":""ἷκον""},{""biblio"":""Il. | 1.317"",""quote"":""ἷκον Il. 1.317""},{""biblio"":"""",""quote"":""ἱξέμεν""},{""biblio"":""Pi. | Pae. | 6.116"",""quote"":""ἱξέμεν Pi. Pae. 6.116""},{""biblio"":"""",""quote"":""ἷξα""},{""biblio"":""Q.S. | 12.461"",""quote"":""ἷξα Q.S. 12.461""},{""biblio"":"""",""quote"":""ἐς δόμον ἵκει""},{""biblio"":""Od. | 18.353"",""quote"":""ἐς δόμον ἵκει Od. 18.353""},{""biblio"":"""",""quote"":""ἷξεν δ' ἐς Πριάμοιο""},{""biblio"":""Il. | 24.160"",""quote"":""ἷξεν δ' ἐς Πριάμοιο Il. 24.160""},{""biblio"":"""",""quote"":""εἰ δέ κεν οἴκαδ' ἵκωμι φίλην ἐς πατρίδα γαῖαν""},{""biblio"":""9.414"",""quote"":""εἰ δέ κεν οἴκαδ' ἵκωμι φίλην ἐς πατρίδα γαῖαν 9.414""},{""biblio"":"""",""quote"":""ἐς Ῥόδον ἷξεν ἀλώμενος""},{""biblio"":""2.667"",""quote"":""ἐς Ῥόδον ἷξεν ἀλώμενος 2.667""},{""biblio"":"""",""quote"":""ἐπὶ Θρῃκῶν . . τέλος ἷξον ἰόντες""},{""biblio"":""10.470"",""quote"":""ἐπὶ Θρῃκῶν . . τέλος ἷξον ἰόντες 10.470""},{""biblio"":"""",""quote"":""ἷξε δ' ἐπ' ἐσχατιήν""},{""biblio"":""20.328"",""quote"":""ἷξε δ' ἐπ' ἐσχατιήν 20.328""},{""biblio"":"""",""quote"":""ποταμοῖο κατὰ στόμα . . ἷξε νέων""},{""biblio"":""Od. | 5.442"",""quote"":""ποταμοῖο κατὰ στόμα . . ἷξε νέων Od. 5.442""},{""biblio"":"""",""quote"":""δόμον""},{""biblio"":""Il. | 18.406"",""quote"":""δόμον Il. 18.406""},{""biblio"":"""",""quote"":""Μαλειάων ὄρος""},{""biblio"":""Od. | 3.288"",""quote"":""Μαλειάων ὄρος Od. 3.288""},{""biblio"":"""",""quote"":""εἰ Θεμίστιον ἵκεις ὥστ' ἀείδειν""},{""biblio"":""Pi. | N. | 5.50"",""quote"":""εἰ Θεμίστιον ἵκεις ὥστ' ἀείδειν Pi. N. 5.50""},{""biblio"":"""",""quote"":""ὁπότε χρόνος ἷξε δικασπόλος""},{""biblio"":""Maiist. | 52"",""quote"":""ὁπότε χρόνος ἷξε δικασπόλος Maiist. 52""},{""biblio"":"""",""quote"":""κνίση δ' οὐρανὸν ἷκεν""},{""biblio"":""Il. | 1.317"",""quote"":""κνίση δ' οὐρανὸν ἷκεν Il. 1.317""},{""biblio"":"""",""quote"":""αἴγλη δι' αἰθέρος οὐρανὸν ἷκε""},{""biblio"":""2.458"",""quote"":""αἴγλη δι' αἰθέρος οὐρανὸν ἷκε 2.458""},{""biblio"":"""",""quote"":""ὀρυμαγδὸς . . οὐρανὸν ἷκε δι' αἰθέρος""},{""biblio"":""17.425"",""quote"":""ὀρυμαγδὸς . . οὐρανὸν ἷκε δι' αἰθέρος 17.425""},{""biblio"":"""",""quote"":""κλέος οὐρανὸν ἵκει""},{""biblio"":""Od. | 9.20"",""quote"":""κλέος οὐρανὸν ἵκει Od. 9.20""},{""biblio"":"""",""quote"":""ὕβρις τε βίη τε . . οὐρανὸν ἵκει""},{""biblio"":""15.329"",""quote"":""ὕβρις τε βίη τε . . οὐρανὸν ἵκει 15.329""},{""biblio"":"""",""quote"":""Ἰθάκης γε καὶ ἐς Τροίην ὄνομ' ἵκει""},{""biblio"":""13.248"",""quote"":""Ἰθάκης γε καὶ ἐς Τροίην ὄνομ' ἵκει 13.248""},{""biblio"":"""",""quote"":""ἵκῃ τ' ἐς ἄκρον ἀνδρείας""},{""biblio"":""Simon. | 58.6"",""quote"":""ἵκῃ τ' ἐς ἄκρον ἀνδρείας Simon. 58.6""},{""biblio"":"""",""quote"":""τοι πινυτὴ φρένας ἵκει""},{""biblio"":""Od. | 20.228"",""quote"":""τοι πινυτὴ φρένας ἵκει Od. 20.228""},{""biblio"":"""",""quote"":""χρειὼ ἵκει τινά""},{""biblio"":""2.28"",""quote"":""χρειὼ ἵκει τινά 2.28""},{""biblio"":"""",""quote"":""χρειὼ τόσον ἵκει""},{""biblio"":""Il. | 10.142"",""quote"":""χρειὼ τόσον ἵκει Il. 10.142""}]","[""10.470"",""13.248"",""15.329"",""17.425"",""2.28"",""2.458"",""2.667"",""20.328"",""9.414"",""Il. | 1.317"",""Il. | 10.142"",""Il. | 18.406"",""Il. | 24.160"",""Maiist. | 52"",""Od. | 18.353"",""Od. | 20.228"",""Od. | 3.288"",""Od. | 5.442"",""Od. | 9.20"",""Pi. | N. | 5.50"",""Pi. | Pae. | 6.116"",""Q.S. | 12.461"",""Simon. | 58.6""]",{},"[{""type"":""ref"",""target"":"""",""text"":""ἱκνέομαι""},{""type"":"""",""target"":"""",""text"":""v. ἱκνέομαι""}]",1,1,0,1,1,4,6,0,48
50323,10,680,n50323,ἴλᾱ,,ἡ,826,,"[""ἴλᾱ[ῑ],ἡ , Dor. for ἴλη.""]",[],[],[],[],{},[],1,0,0,0,0,1,0,0,0
50324,10,681,n50324,ἰλᾰδόν,Adv.,,826,,"[""in troops, Il. 2.93 , Hdt. 1.172 (vv.ll.ἱλ-, εἰλ-): generally,in abundance, κακότητα καὶ ἰ. ἔστιν ἑλέσθαι Hes. Op. 287 .""]","[""in troops"",""in abundance""]","[""ἴλη""]","[{""biblio"":"""",""quote"":""κακότητα καὶ ἰ. ἔστιν ἑλέσθαι""},{""biblio"":""Hes. | Op. | 287"",""quote"":""κακότητα καὶ ἰ. ἔστιν ἑλέσθαι Hes. Op. 287""}]","[""Hes. | Op. | 287""]",{},[],1,1,1,1,0,1,2,1,2
50325,10,682,n50325,ἱλάειρᾰ,,ἡ,826,,"[""mildly-shining,φλὸξ ἱλάειρα [ῐλᾰ] Emp. 85 ; ἱλάειρα [ῑλᾱ] σελήνη Id. 40 : as pr. n., Cypr. Fr. 8 . (Prob. from ἱλαρός.)""]","[""mildly-shining""]",[],"[{""biblio"":"""",""quote"":""ἱλάειρα [ῑλᾱ] σελήνη""},{""biblio"":""Id. | 40"",""quote"":""ἱλάειρα [ῑλᾱ] σελήνη Id. 40""}]","[""Id. | 40""]",{},[],1,1,0,1,0,1,1,0,2
50326,10,683,n50326,ἱλάεις,,ὁ,826,,"[""= ἵλαος, ἰλλάεντι θύμῳ Alc. Supp. 4.19 : for ἰλάεος: ἰδαρός, Hsch. , read ἱλάεις: ἱλαρός. [ᾱ by nature.]""]",[],[],[],[],{},"[{""type"":""ref"",""target"":"""",""text"":""ἵλαος, ἰλλάεντι θύμῳ""},{""type"":"""",""target"":"""",""text"":""= ἵλαος, ἰλλάεντι θύμῳ""}]",1,0,0,0,1,1,0,0,0
50327,10,684,n50327,ἵλαθι,,,826,,"[""v. ἵλημι .""]",[],[],[],[],{},"[{""type"":""ref"",""target"":"""",""text"":""ἵλημι""},{""type"":"""",""target"":"""",""text"":""v. ἵλημι""}]",1,0,0,0,1,1,0,0,0
50328,10,685,n50328,Ἰλαῖος,,ὁ,826,,"[""Ἰλαῖος,ὁ(sc.μήν), name of month at Delphi, SIG 2847.2 , al. (Perh. connected with ἴλη.)""]",[],[],[],[],{},[],1,0,0,0,0,1,0,0,0
50329,10,686,n50329,ἵλᾰμαι,,,826,,"[""ἱλάομαι, ἵλαμαι δέ ς' ἀοιδῇ h.Hom. 19.48 , 21.5 ; Ἄρτεμιν ἵλασθαι θέλξαι θ' ὑπερήνορα θῆρα Orph. A. 944 ; cf.ἵλημι. [ῐ in h.Hom.,ῑ in Orph. ]""]",[],[],"[{""biblio"":"""",""quote"":""ἱλάομαι, ἵλαμαι δέ ς' ἀοιδῇ""},{""biblio"":""h.Hom. | 19.48"",""quote"":""ἱλάομαι, ἵλαμαι δέ ς' ἀοιδῇ h.Hom. 19.48""},{""biblio"":"""",""quote"":""Ἄρτεμιν ἵλασθαι θέλξαι θ' ὑπερήνορα θῆρα""},{""biblio"":""Orph. | A. | 944"",""quote"":""Ἄρτεμιν ἵλασθαι θέλξαι θ' ὑπερήνορα θῆρα Orph. A. 944""}]","[""Orph. | A. | 944"",""h.Hom. | 19.48""]",{},[],1,0,0,1,0,1,0,0,4
50330,10,687,n50330,ἱλάομαι,,,826,,"[""ἱλάσκομαι, ταύροισι καὶ ἀρνειοῖς ἱλάονται Il. 2.550 ; ἱλάεσθαι A.R. 2.847 :—also ἱλέομαι, A. Supp. 117 (lyr.):ἱλεόομαι, Pl. Lg. 804b and later Prose, as Luc. Salt. 17 , Porph. Antr. 20 , D.C. 59.27 , Procop. Aed. 3.6 , Ps.-Callisth. 1.6 :—also ἱλαόομαι, MAMA 1.230 (Laodicea Combusta).""]",[],[],"[{""biblio"":"""",""quote"":""ἱλάσκομαι, ταύροισι καὶ ἀρνειοῖς ἱλάονται""},{""biblio"":""Il. | 2.550"",""quote"":""ἱλάσκομαι, ταύροισι καὶ ἀρνειοῖς ἱλάονται Il. 2.550""},{""biblio"":"""",""quote"":""ἱλάεσθαι""},{""biblio"":""A.R. | 2.847"",""quote"":""ἱλάεσθαι A.R. 2.847""}]","[""A.R. | 2.847"",""Il. | 2.550""]",{},[],1,0,0,1,0,1,0,0,4
50331,10,688,n50331,ἵλαος,Adv.,,826,,"[""ἱλάονος UPZ 1.8 (iv B.C.); Att. and later ἵλεως,ων(also in Herod. 4.25 , v.l. for ἵλεον in Hdt. 6.91 ), dual ἵλεω Pl. Euthd. 273e ; nom. pl. ἵλεῳ S. OC 44 , X. Mem. 1.1.9 (later ἵλεως indecl.as nom. pl., SIG 985.47 (Philadelphia, ii or i B.C.), as acc. sg., LXX 2 Ma. 7.37 , 10.26 , as gen. sg., ib. 2.22 ); neut. ἵλεα Pl. Phd. 95a :ἵλεος,ον, Hdt. 4.94 , 6.91 (v. supr.); also Cret., SIG 527.92 (Dreros,iii B.C.), GDI 5039.26 (Hierapytna), Hsch. :ἵληϝος, dub. in IG 5(1).1562 ( Olymp. , vi or v B.C.,= Epigr. ap. Paus. 5.24.3 , where ἱλάῳ); Aeol. ἴλλαος Hdn.Gr. 2.524 , cf.ἱλάεις:—of gods,propitious, gracious, ἔπειθ' ἵλαος Ὀλύμπιος ἔσσεται ἡμῖν Il. 1.583 , cf. Hes. Op. 340 , Thgn. 782 , Archil. 75 , Pi. O. 3.34 , Trag.et Ar. ll. cc., Theoc. 5.18 : in Prose, Pl. Lg. 712b , LXX Ge. 43.23 , al., UPZ 78.24 (εἵλ-,ii B.C.), Ep.Hebr. 8.12 , etc.; in deprecation,ἵλεώς σοι, κύριε(sc.ὁ θεός), i.e. be it far from thee, Ev.Matt. 16.22 ; ἵ. ἡμῖν Πλάτων καὶ ἐνταῦθα OGI 721.10 (Egypt,iv A.D.)."",""of things,propitious, blameless, atoned for,ἵλαον ἦναι, opp.ἰνμενφὲς ἦναι, IG 5(2).262 (Mantinea,v B.C.)."",""of men,gracious, kindly, σὺ δ' ἵλαον ἔνθεο θυμόν Il. 9.639 ; σοι . . θυμὸς ἐνὶ φρεσὶν ἵ. ἔστω 19.178 ; ἵλεως κλύειν S. El. 655 ; δέξασθαι Id. Aj. 1009 , cf. Tr. 763 ; ἐποίησέ θ' ἱλαρὸν . . κἀπέδειξεν ἵλεων Ephipp. 6.7 : sts. almost,= ἱλαρός, μειδῆσαι γελάσαι τε καὶ ἵλαον σχεῖν θυμόν h.Cer. 204 , cf. Pl. Smp. 206d ; ὁ οἶνος τὸν ἄνθρωπον ποιεῖ ἵλεων Id. Lg. 649a ."",""Adv. ἱλάως and ἱλέως, Hsch. [ῑ always:ᾱ Il. 1.583 , h.Cer. 204 , Hes. and A. ll. cc., Euph. 12 , Pae.Erythr. 19 , Theoc. 5.18 , Epigr. ap. Paus. l.c., IG 12(2).476 , Parth. Fr. 4 ; elsewh.ᾰ,v.supr., also Id. Fr. 32 , etc.]""]","[""propitious, gracious"",""propitious, blameless, atoned for"",""gracious, kindly""]",[],"[{""biblio"":"""",""quote"":""ἱλάονος""},{""biblio"":""UPZ | 1.8"",""quote"":""ἱλάονος UPZ 1.8""},{""biblio"":"""",""quote"":""ἵλεω""},{""biblio"":""Pl. | Euthd. | 273e"",""quote"":""ἵλεω Pl. Euthd. 273e""},{""biblio"":"""",""quote"":""ἵλεῳ""},{""biblio"":""S. | OC | 44"",""quote"":""ἵλεῳ S. OC 44""},{""biblio"":"""",""quote"":""ἵλεα""},{""biblio"":""Pl. | Phd. | 95a"",""quote"":""ἵλεα Pl. Phd. 95a""},{""biblio"":"""",""quote"":""ἔπειθ' ἵλαος Ὀλύμπιος ἔσσεται ἡμῖν""},{""biblio"":""Il. | 1.583"",""quote"":""ἔπειθ' ἵλαος Ὀλύμπιος ἔσσεται ἡμῖν Il. 1.583""},{""biblio"":"""",""quote"":""ἵ. ἡμῖν Πλάτων καὶ ἐνταῦθα""},{""biblio"":""OGI | 721.10"",""quote"":""ἵ. ἡμῖν Πλάτων καὶ ἐνταῦθα OGI 721.10""},{""biblio"":"""",""quote"":""σὺ δ' ἵλαον ἔνθεο θυμόν""},{""biblio"":""Il. | 9.639"",""quote"":""σὺ δ' ἵλαον ἔνθεο θυμόν Il. 9.639""},{""biblio"":"""",""quote"":""σοι . . θυμὸς ἐνὶ φρεσὶν ἵ. ἔστω""},{""biblio"":""19.178"",""quote"":""σοι . . θυμὸς ἐνὶ φρεσὶν ἵ. ἔστω 19.178""},{""biblio"":"""",""quote"":""ἵλεως κλύειν""},{""biblio"":""S. | El. | 655"",""quote"":""ἵλεως κλύειν S. El. 655""},{""biblio"":"""",""quote"":""δέξασθαι""},{""biblio"":""Id. | Aj. | 1009"",""quote"":""δέξασθαι Id. Aj. 1009""},{""biblio"":"""",""quote"":""ἐποίησέ θ' ἱλαρὸν . . κἀπέδειξεν ἵλεων""},{""biblio"":""Ephipp. | 6.7"",""quote"":""ἐποίησέ θ' ἱλαρὸν . . κἀπέδειξεν ἵλεων Ephipp. 6.7""},{""biblio"":"""",""quote"":""ἱλαρός, μειδῆσαι γελάσαι τε καὶ ἵλαον σχεῖν θυμόν""},{""biblio"":""h.Cer. | 204"",""quote"":""ἱλαρός, μειδῆσαι γελάσαι τε καὶ ἵλαον σχεῖν θυμόν h.Cer. 204""},{""biblio"":"""",""quote"":""ὁ οἶνος τὸν ἄνθρωπον ποιεῖ ἵλεων""},{""biblio"":""Id. | Lg. | 649a"",""quote"":""ὁ οἶνος τὸν ἄνθρωπον ποιεῖ ἵλεων Id. Lg. 649a""}]","[""19.178"",""Ephipp. | 6.7"",""Id. | Aj. | 1009"",""Id. | Lg. | 649a"",""Il. | 1.583"",""Il. | 9.639"",""OGI | 721.10"",""Pl. | Euthd. | 273e"",""Pl. | Phd. | 95a"",""S. | El. | 655"",""S. | OC | 44"",""UPZ | 1.8"",""h.Cer. | 204""]",{},"[{""type"":""ref"",""target"":"""",""text"":""ἵλεον""},{""type"":"""",""target"":"""",""text"":""v.l. for ἵλεον""}]",1,1,0,1,1,4,3,0,26
50332,10,689,n50332,ἱλᾰρ-εία,,ἡ,826,,"[""rejoicing; in pl.,=ἱλάρια,τά , Sallust. 4 .""]","[""rejoicing""]",[],[],[],{},[],1,1,0,0,0,1,1,0,0
50333,10,690,n50333,ἱλᾰρ-εύομαι,,,826,,"[""to be joyful, exult, Sm. Ca. 1.4 , al., Dosith. p.431 K. (prob.).""]","[""to be joyful, exult""]",[],[],[],{},[],1,1,0,0,0,1,1,0,0
50334,10,691,n50334,ἱλᾰρ-ία,,ἡ,826,,"[""= ἱλαρότης , Herod.Med. ap. Orib. 5.27.20 , Vett.Val. 3.27 , PFlor. 391.43 (iii A.D.), dub. in Luc. Am. 17 ; μετὰ πάσης χαρᾶς καὶ ἱλαρίας Sammelb. 991 (iii A.D.)."",""pet name for a γαλῆ, interpol. in Artem. 3.28 .""]",[],[],"[{""biblio"":"""",""quote"":""μετὰ πάσης χαρᾶς καὶ ἱλαρίας""},{""biblio"":""Sammelb. | 991"",""quote"":""μετὰ πάσης χαρᾶς καὶ ἱλαρίας Sammelb. 991""}]","[""Sammelb. | 991""]",{},"[{""type"":""ref"",""target"":"""",""text"":""ἱλαρότης""},{""type"":"""",""target"":"""",""text"":""= ἱλαρότης""}]",1,0,0,1,1,2,0,0,2
50335,10,692,n50335,ἱλᾰ́ρ-ια,,τά,826,,"[""hilaria, festival of rejoicing in various cults, e.g. Isis, CIL 12 . p.334 ; esp. of Magna Mater, Jul. Or. 5.168d , Macr. Sat. 1.21.10 , Dam. Isid. 131 .""]","[""hilaria, festival of rejoicing""]",[],[],[],{},[],1,1,0,0,0,1,1,0,0
50336,10,693,n50336,ἱλᾰροποιέω,,,826,,"[""gladden, Gloss.""]","[""gladden,""]",[],[],[],{},[],1,1,0,0,0,1,1,0,0
50337,10,694,n50337,ἱλᾰρός,Adv.,,826,828,"[""cheerful, merry, φέγγος Ar. Ra. 456 (lyr.); ἱλαροὶ ἀντὶ σκυθρωπῶν X. Mem. 2.7.12 ; ἱλαρὸς ἴσθι Thphr. Char. 17.9 , ἱλαρὸν βλέψαι AP 12.159 ( Mel. ), cf. Phld. Mus. p.85 K., Philostr. Im. 1.16 ; ἱ. δότης 2 Ep.Cor. 9.7 , cf. LXX Pr. 22.8 : in later Greek,=ἵλεως<*>gracious, PMag.Leid.W. 14.12 , etc.:τὸ ἱ.,=ἱλαρότης, Plu. Sull. 34 , Heraclid.Pont. ap. Ath. 14.624d ;-ωτέρα ἀγγελία more cheerful news, Jahresh. 23 Beibl. 283 (Ephesus).Adv. -ρῶς X. Ap. 33 , LXX Jb. 22.26 , Phld. Mus. l.c., Plu. Ages. 2 ."",""of blood,quick-pulsing, Philostr. Gym. 48 ( Comp. )."",""of imitation gold,bright, PLeid.X. 17 (iii/iv A.D.).Adv. ἱλαρῶς(leg.ἱλαρῷ) ib. 87 .""]","[""cheerful, merry"",""gracious,"",""more cheerful"",""quick-pulsing"",""bright,""]","[""ἵλαος""]","[{""biblio"":"""",""quote"":""φέγγος""},{""biblio"":""Ar. | Ra. | 456"",""quote"":""φέγγος Ar. Ra. 456""},{""biblio"":"""",""quote"":""ἱλαροὶ ἀντὶ σκυθρωπῶν""},{""biblio"":""X. | Mem. | 2.7.12"",""quote"":""ἱλαροὶ ἀντὶ σκυθρωπῶν X. Mem. 2.7.12""},{""biblio"":"""",""quote"":""ἱλαρὸς ἴσθι""},{""biblio"":""Thphr. | Char. | 17.9"",""quote"":""ἱλαρὸς ἴσθι Thphr. Char. 17.9""},{""biblio"":"""",""quote"":""ἱλαρὸν βλέψαι""},{""biblio"":""AP | 12.159"",""quote"":""ἱλαρὸν βλέψαι AP 12.159""},{""biblio"":"""",""quote"":""ἱ. δότης""},{""biblio"":""2 Ep.Cor. | 9.7"",""quote"":""ἱ. δότης 2 Ep.Cor. 9.7""},{""biblio"":"""",""quote"":""-ρῶς""},{""biblio"":""X. | Ap. | 33"",""quote"":""-ρῶς X. Ap. 33""}]","[""2 Ep.Cor. | 9.7"",""AP | 12.159"",""Ar. | Ra. | 456"",""Thphr. | Char. | 17.9"",""X. | Ap. | 33"",""X. | Mem. | 2.7.12""]",{},[],1,1,1,1,0,3,5,1,12
50338,10,695,n50338,ἱλᾰρότης,,ἡ,826,,"[""cheerfulness, gaiety, LXX Pr. 18.22 , D.S. 3.17 , Ep.Rom. 12.8 , Plu. Ages. 2 , Alciphr. 3.43 ; ἱ. ἡ πρὸς πάντας Vit.Philonid. p.10C. : pl., Phld. Mus. p.85 K.""]","[""cheerfulness, gaiety""]",[],"[{""biblio"":"""",""quote"":""ἱ. ἡ πρὸς πάντας""},{""biblio"":""Vit.Philonid. | p.10C."",""quote"":""ἱ. ἡ πρὸς πάντας Vit.Philonid. p.10C.""}]","[""Vit.Philonid. | p.10C.""]",{},[],1,1,0,1,0,1,1,0,2
50339,10,696,n50339,ἱλᾰροτρᾰγῳδία,,ἡ,826,,"[""burlesque tragedy, invented by Rhinthon, Suid. s.v. Ῥίνθων .""]","[""burlesque tragedy""]",[],[],[],{},"[{""type"":""ref"",""target"":"""",""text"":""Ῥίνθων""},{""type"":"""",""target"":"""",""text"":""s.v. Ῥίνθων""}]",1,1,0,0,1,1,1,0,0
50340,10,697,n50340,ἱλᾰρ-όω,,,826,,"[""gladden, brighten, LXX Si. 7.24 ,al., Aristeas 108 ; λόγους Phld. Mus. p.99 K.:—also ἱλᾰρ-ύνω, LXX Ps. 103(104).15 :— Pass. ,fut. -υνθήσομαι,aor. -ύνθην, PMag.Leid.W. 12.30 , 5.20 .""]","[""gladden, brighten""]",[],"[{""biblio"":"""",""quote"":""λόγους""},{""biblio"":""Phld. | Mus. | p.99"",""quote"":""λόγους Phld. Mus. p.99""}]","[""Phld. | Mus. | p.99""]",{},[],1,1,0,1,0,1,1,0,2
50341,10,698,n50341,ἰλ-άρχης,,ὁ,826,,"[""commander of a troop of horse, PPetr. 3p.8 (iii B.C.), al., Ascl. Tact. 7.2 , Plu. Tim. 31 (pl.), Arr. An. 2.7.3 ;=Lat.praefectus turmae, Plb. 6.25.1 , 6.35.8 ."",""commander of eight elephants, Ascl. Tact. 9 , Ael. Tact. 23 :— hence ἰλ-αρχέω, Boeot. ϝιλαρχίω,command cavalry, IG 7.3087 (Lebad.), 3206 (Orchom.), 2466 (Thebes)."",""at Rome,to be sevir equitum, D.C. 55.10 .""]","[""commander of a troop of horse,"",""praefectus turmae"",""commander of eight elephants"",""command cavalry,"",""to be sevir equitum""]","[""ἴλη""]",[],[],{},[],1,1,1,0,0,3,5,1,0
50342,10,699,n50342,ἰλ-αρχία,,ἡ,826,,"[""contingent of eight elephants, Ael. Tact. 23 .""]","[""contingent of eight elephants""]",[],[],[],{},[],1,1,0,0,0,1,1,0,0
50343,10,700,n50343,ἴλ-αρχος,,ὁ,826,,"[""ἰλάρχης 1 , IG 4.487.2 , al. (Nemea,iii B.C.);= praefectus turmae, App. Hisp. 43 .""]","[""praefectus turmae""]",[],"[{""biblio"":"""",""quote"":""ἰλάρχης""},{""biblio"":""1"",""quote"":""ἰλάρχης 1""}]","[""1""]",{},[],1,1,0,1,0,1,1,0,2
50344,10,701,n50344,ἱλᾰρ-ῳδός,,ὁ,826,,"[""singer of joyous(not 'comic')songs, Aristocl.Hist. 8 :—hence ἱλᾰρ-ῳδέω, Id. 7 ;ἱλᾰρ-ωδία, Aristox. Fr.Hist. 58 , cf. Ath. 14.621c .""]","[""singer of joyous"",""songs""]","[""ᾠδή""]",[],[],{},[],1,1,1,0,0,1,2,1,0
50345,10,702,n50345,ἱλᾰρ-ῶπις,,ἡ,826,,"[""of gracious aspect, prob. in PMag.Lond. 121.382 .""]","[""of gracious aspect""]",[],[],[],{},[],1,1,0,0,0,1,1,0,0
50346,10,703,n50346,ἱλᾶς,,ὁ,826,,"[""ἱλᾶς[ῑ],ᾶντος,ὁ ,=εὐμενής, Hdn.Gr. 2.657 , cf. 318 , al.: pl.ἱλᾶντες(ἰλάντες cod.) Hsch. ( contr. fr.ἱλάεις -εντος, q.v.).""]",[],[],[],[],{},[],1,0,0,0,0,1,0,0,0
50347,10,704,n50347,ἱλᾰσ-ία,,ἡ,826,,"[""ἱλᾰσ-ία[ῑ],ἡ ,=ἱλασμός, IGRom. 3.1297 (Arabia).""]",[],[],[],[],{},[],1,0,0,0,0,1,0,0,0
50348,10,705,n50348,ἱλᾰ́σ-ιμος,,,826,,"[""placable, πρόνοια M.Ant. 12.14 .""]","[""placable""]",[],"[{""biblio"":"""",""quote"":""πρόνοια""},{""biblio"":""M.Ant. | 12.14"",""quote"":""πρόνοια M.Ant. 12.14""}]","[""M.Ant. | 12.14""]",{},[],1,1,0,1,0,1,1,0,2
50349,10,706,n50349,ἱλᾰ́σ-κομαι,,,826,,"[""ἱλάξομαι A.R. 2.808 :aor. 1 ἱλᾰσάμην, Ep. part. ἱλασσάμενοι Il. 1.100 , Ep. subj. 2 sg. ἱλάσσεαι 1.147 , -ηαι A.R. 3.1037 ;inf. ἱλάσσασθαι Ant.Lib. 25.2 codd.; also ἱλάξασθαι A.R. 1.1093 :— Pass. (v. infr. 11). [ῑ regularly (written ι, not ει, SIG 1044.6 , 9 (Halic.,iv/iii B.C.));ῐ Il. 1.100 , 147 ]: (ἵλαος):— appease, in Hom. always of gods,θεὸν ἱ.ib. 386 , cf. 100 , al., Od. 3.419 ; μολπῇ θεὸν ἱλάσκοντο Il. 1.472 ;σπονδῇσι θύεσσί τε ἱλάσκεσθαι(sc.θεούς) Hes. Op. 338 ; ὄφρ' ἡμῖν ἑκάεργον ἱλάσσεαι Il. 1.147 ; c.part.,ἱλάσκομαι πέμπων by presenting, Pi. O. 7.9 ;τοῦτον(sc.θεὸν) ἱλάσκου ποῶν μηδὲν ἄτοπον Men. Epit. 558 ; of the dead as heroized, θυσίῃσί τινα ἱ. Hdt. 5.47 ."",""of men,conciliate, ἱ. τινὰ χρήμασι Id. 8.112 ;πῶς ἱλασόμεθα καὶ τίνι λόγῳ; Pl. Phd. l.c.; ἱ. τὴν ὀργήν τινος Plu. Cat.Mi. 61 ."",""expiate, τὰς ἁμαρτίας Ep.Hebr. 2.17 ."",""Pass. with fut. ἱλάσομαι, also ἱλασθής ομαι v.l. in LXX 4 Ki. 5.18 :aor. 1 ἱλάσθην ib. Ex. 32.14 ,al.:—to be merciful, gracious,τινι ll.cc.; ἱλάσθητί μοι τῷ ἁμαρτωλῷ Ev.Luc. 18.13 ; ταῖς ἁμαρτίαις τινῶν LXX Ps. 77(78).38 : c.inf.,ἱλάσθη κύριος περιποιῆσαι τὸν λαόν ib. Ex. 32.14 .""]","[""appease"",""conciliate"",""expiate"",""to be merciful, gracious""]","[""ἵλαος""]","[{""biblio"":"""",""quote"":""ἱλάξομαι""},{""biblio"":""A.R. | 2.808"",""quote"":""ἱλάξομαι A.R. 2.808""},{""biblio"":"""",""quote"":""ἱλασσάμενοι""},{""biblio"":""Il. | 1.100"",""quote"":""ἱλασσάμενοι Il. 1.100""},{""biblio"":"""",""quote"":""ἱλάσσεαι""},{""biblio"":""1.147"",""quote"":""ἱλάσσεαι 1.147""},{""biblio"":"""",""quote"":""-ηαι""},{""biblio"":""A.R. | 3.1037"",""quote"":""-ηαι A.R. 3.1037""},{""biblio"":"""",""quote"":""ἱλάσσασθαι""},{""biblio"":""Ant.Lib. | 25.2"",""quote"":""ἱλάσσασθαι Ant.Lib. 25.2""},{""biblio"":"""",""quote"":""ἱλάξασθαι""},{""biblio"":""A.R. | 1.1093"",""quote"":""ἱλάξασθαι A.R. 1.1093""},{""biblio"":"""",""quote"":""μολπῇ θεὸν ἱλάσκοντο""},{""biblio"":""Il. | 1.472"",""quote"":""μολπῇ θεὸν ἱλάσκοντο Il. 1.472""},{""biblio"":"""",""quote"":""ὄφρ' ἡμῖν ἑκάεργον ἱλάσσεαι""},{""biblio"":""Il. | 1.147"",""quote"":""ὄφρ' ἡμῖν ἑκάεργον ἱλάσσεαι Il. 1.147""},{""biblio"":"""",""quote"":""ἱλάσκου ποῶν μηδὲν ἄτοπον""},{""biblio"":""Men. | Epit. | 558"",""quote"":""ἱλάσκου ποῶν μηδὲν ἄτοπον Men. Epit. 558""},{""biblio"":"""",""quote"":""θυσίῃσί τινα ἱ.""},{""biblio"":""Hdt. | 5.47"",""quote"":""θυσίῃσί τινα ἱ. Hdt. 5.47""},{""biblio"":"""",""quote"":""ἱ. τινὰ χρήμασι""},{""biblio"":""Id. | 8.112"",""quote"":""ἱ. τινὰ χρήμασι Id. 8.112""},{""biblio"":"""",""quote"":""ἱ. τὴν ὀργήν τινος""},{""biblio"":""Plu. | Cat.Mi. | 61"",""quote"":""ἱ. τὴν ὀργήν τινος Plu. Cat.Mi. 61""},{""biblio"":"""",""quote"":""τὰς ἁμαρτίας""},{""biblio"":""Ep.Hebr. | 2.17"",""quote"":""τὰς ἁμαρτίας Ep.Hebr. 2.17""},{""biblio"":"""",""quote"":""ἱλάσθητί μοι τῷ ἁμαρτωλῷ""},{""biblio"":""Ev.Luc. | 18.13"",""quote"":""ἱλάσθητί μοι τῷ ἁμαρτωλῷ Ev.Luc. 18.13""},{""biblio"":"""",""quote"":""ταῖς ἁμαρτίαις τινῶν""},{""biblio"":""LXX | Ps. | 77(78).38"",""quote"":""ταῖς ἁμαρτίαις τινῶν LXX Ps. 77(78).38""}]","[""1.147"",""A.R. | 1.1093"",""A.R. | 2.808"",""A.R. | 3.1037"",""Ant.Lib. | 25.2"",""Ep.Hebr. | 2.17"",""Ev.Luc. | 18.13"",""Hdt. | 5.47"",""Id. | 8.112"",""Il. | 1.100"",""Il. | 1.147"",""Il. | 1.472"",""LXX | Ps. | 77(78).38"",""Men. | Epit. | 558"",""Plu. | Cat.Mi. | 61""]",{},[],1,1,1,1,0,4,4,1,30
50350,10,707,n50350,ἵλᾰσ-μα,,τό,826,,"[""propitiation, Orac. ap. Phleg. Macr. 4 .""]","[""propitiation""]",[],[],[],{},[],1,1,0,0,0,1,1,0,0
50351,10,708,n50351,ἱλᾰσ-μός,,ὁ,826,,"[""a means of appeasing, in pl., Plu. Sol. 12 , Orph. A. 39 , 554 ,etc."",""atonement, sinoffering, LXX Ez. 44.27 , 2 Ma. 3.33 , 1 Ep.Jo. 2.2 , 4.10 , Ph. 1.121 .""]","[""a means of appeasing"",""atonement, sinoffering""]",[],[],[],{},[],1,1,0,0,0,2,2,0,0
50352,10,709,n50352,ἱλᾰσ-τήριος,Subst.,,826,,"[""propitiatory, offered in propitiation, μνῆμα J. AJ 16.7.1 ; θάνατος LXX 4 Ma. 17.22 ;θυσίαι PFay.l.c."",""ἱλαστήριον ἐπίθεμα,the mercy-seat, covering of the ark in the Holy of Holies, LXX Ex. 25.16(17) :ἱλαστήρ̄ιον alone as Subst., ib. Le. 16.2 ,al., Ep.Hebr. 9.5 , cf. Ph. 2.150 ."",""(sc.ἀνάθημα)propitiatory gift or offering, Ep.Rom. 3.25 ; of a monument, Inscr.Cos 81 , 347 ."",""monastery, Men.Prot. p.15 D.""]","[""propitiatory, offered in propitiation"",""the mercy-seat"",""propitiatory gift"",""offering,"",""monastery""]",[],"[{""biblio"":"""",""quote"":""μνῆμα""},{""biblio"":""J. | AJ | 16.7.1"",""quote"":""μνῆμα J. AJ 16.7.1""},{""biblio"":"""",""quote"":""θάνατος""},{""biblio"":""LXX | 4 Ma. | 17.22"",""quote"":""θάνατος LXX 4 Ma. 17.22""}]","[""J. | AJ | 16.7.1"",""LXX | 4 Ma. | 17.22""]",{},[],1,1,0,1,0,4,5,0,4
50353,10,710,n50353,ἱλᾰσ-τής,,ὁ,826,,"[""propitiator, Aq. , Thd. Ps. 85(86).5 ,f.l. in LXX 1 Es. 8.53 .""]","[""propitiator""]",[],[],[],{},[],1,1,0,0,0,1,1,0,0
50354,10,711,n50354,ἱλᾰτ-εύω,,,826,,"[""= ἱλήκω , LXX Da. 9.18 .""]",[],[],[],[],{},"[{""type"":""ref"",""target"":"""",""text"":""ἱλήκω""},{""type"":"""",""target"":"""",""text"":""= ἱλήκω""}]",1,0,0,0,1,1,0,0,0
50355,10,712,n50355,ἱλᾰτ-ήριον,,τό,826,,"[""expiatory or propitiatory offering, Chron.Lind. B. 49 .""]","[""expiatory"",""propitiatory offering,""]",[],[],[],{},[],1,1,0,0,0,1,2,0,0
50356,10,713,n50356,ἰλεας,,,826,,"[""ἰλεας,τάς, dub. sens. in Abh.Berl.Akad. 1928(6).16 (Cos): perh. Coan for τὰς ἴλας(ἴλη) or τὰς ἱλέας(ἵλεως).""]",[],"[""ἴλη"",""ἵλεως""]",[],[],{},[],1,0,1,0,0,1,0,2,0
50357,10,714,n50357,ἱλέομαι,,ὁ,826,,"[""v. ἱλάομαι .ἰλεός[ῑ],ὁ ,= εἰλεός 1 and 11 , Hsch. ἵλεος, = ἵλαος ; and ἵλεως,ων, Att. for ἵλαος(q.v.).""]",[],[],"[{""biblio"":"""",""quote"":""εἰλεός""},{""biblio"":""1"",""quote"":""εἰλεός 1""}]","[""1""]",{},"[{""type"":""ref"",""target"":"""",""text"":""ἱλάομαι""},{""type"":"""",""target"":"""",""text"":""v. ἱλάομαι""},{""type"":""ref"",""target"":"""",""text"":""ἵλαος""},{""type"":"""",""target"":"""",""text"":""= ἵλαος""}]",1,0,0,1,1,1,0,0,2
50358,10,715,n50358,ἱλέ-ωσις,,ἡ,826,,"[""propitiation, Plu. in Hes. 26 .""]","[""propitiation""]",[],[],[],{},[],1,1,0,0,0,1,1,0,0
50359,10,716,n50359,ἱλε-ωτήριον,,τό,826,,"[""ἱλε-ωτήριον,τό,=ἱλαστήριον, Phot. , Suid.""]",[],[],[],[],{},[],1,0,0,0,0,1,0,0,0
50360,10,717,n50360,ἴλη,,ἡ,826,,"[""band, troop of men, Hdt. 1.73 , 202 ;εὔφρονες ἶλαι merry companies, Pi. N. 5.38 ; also ἴλα λεόντων E. Alc. 581 (lyr.)."",""as a military term,troop of horse, prop. of sixty-four men, cf. Arr. Tact. 18.2 ; but varying in number, Ascl. Tact. 7.2 ;= Lat.turma, Plb. 6.25.1 , al., D.H. 6.12 , al., Plu. Caes. 45 ,al.; later,= Lat.ala, IGRom. 3.272 (Galatia), BGU 69 (ii A.D.), J. AJ 17.10.9 , etc.;κατὰ ἴλας,=ἰλαδόν, opp.κατὰ τάξεις, X. An. 1.2.16 : generally,troop or company of soldiers, S. Aj. 1407 (anap.)."",""at Sparta, subdivision of the ἀγέλα(q.v.), X. Lac. 2.11 ; κατ' ἴλην Plu. Lyc. 16 .""]","[""band, troop"",""companies"",""troop of horse"",""turma"",""ala,"",""troop"",""company of soldiers""]",[],"[{""biblio"":"""",""quote"":""ἴλα λεόντων""},{""biblio"":""E. | Alc. | 581"",""quote"":""ἴλα λεόντων E. Alc. 581""},{""biblio"":"""",""quote"":""κατ' ἴλην""},{""biblio"":""Plu. | Lyc. | 16"",""quote"":""κατ' ἴλην Plu. Lyc. 16""}]","[""E. | Alc. | 581"",""Plu. | Lyc. | 16""]",{},[],1,1,0,1,0,3,7,0,4
50361,10,718,n50361,ἰληδόν,Adv.,,826,,"[""ἰληδόν [ῑ],Adv.,=ἰλαδόν, Q.S. 1.7 ,al.""]",[],[],[],[],{},[],1,0,0,0,0,1,0,0,0
50362,10,719,n50362,ἱλήκω,,,826,,"[""to be gracious, of a god, once in Hom. in subj., εἴ κεν Ἀπόλλων ἡμῖν ἱλήκῃσι Od. 21.365 ; elsewh. in opt., ἱλήκοι Ἀπόλλων h.Ap. 165 ; ἱλήκοις, Δέσποινα AP 5.72 ( Rufin. );ἱλήκοις, Πολιοῦχε ib. 9.154 ( Agath. ); θεοὶ μάκαρες, ἱλήκοιτε Alciphr. 3.68 , cf. Hld. 8.11 , 9.25 . (Prob.εἱλ-, cf. sq.)""]","[""to be gracious""]","[""ἱλάσκομαι""]","[{""biblio"":"""",""quote"":""εἴ κεν Ἀπόλλων ἡμῖν ἱλήκῃσι""},{""biblio"":""Od. | 21.365"",""quote"":""εἴ κεν Ἀπόλλων ἡμῖν ἱλήκῃσι Od. 21.365""},{""biblio"":"""",""quote"":""ἱλήκοι Ἀπόλλων""},{""biblio"":""h.Ap. | 165"",""quote"":""ἱλήκοι Ἀπόλλων h.Ap. 165""},{""biblio"":"""",""quote"":""ἱλήκοις, Δέσποινα""},{""biblio"":""AP | 5.72"",""quote"":""ἱλήκοις, Δέσποινα AP 5.72""},{""biblio"":"""",""quote"":""θεοὶ μάκαρες, ἱλήκοιτε""},{""biblio"":""Alciphr. | 3.68"",""quote"":""θεοὶ μάκαρες, ἱλήκοιτε Alciphr. 3.68""}]","[""AP | 5.72"",""Alciphr. | 3.68"",""Od. | 21.365"",""h.Ap. | 165""]",{},[],1,1,1,1,0,1,1,1,8
50363,10,720,n50363,ἵλημι,,,826,,"[""be gracious! Od. 3.380 , 16.184 , h.Hom. 20.8 , etc.: Aeol. ἔλλᾱθι(q. v.): Dor. ἵλᾰθι Theoc. 15.143 , Luc. Epigr. 22 ; both together, ἵλᾰθ', ἄναξ, ἵληθι AP 12.158 ( Mel. ): pl., ἵλᾰτε A.R. 4.984 , Man. 6.754 . (Prob.pf.imper. fr.se-sl-; Aeol. ἔλλ-points to εἵλ-as the true Ion. spelling; Dor. pf. part.dat.ἱλαότι(leg.εἱλ-) Hsch. :ῑ is genuine in ἵλεως, ἱλάσκομαι[fr.si-sl-].)""]","[""be gracious!"",""se-sl-"",""si-sl-""]",[],"[{""biblio"":"""",""quote"":""ἵλᾰθ', ἄναξ, ἵληθι""},{""biblio"":""AP | 12.158"",""quote"":""ἵλᾰθ', ἄναξ, ἵληθι AP 12.158""},{""biblio"":"""",""quote"":""ἵλᾰτε""},{""biblio"":""A.R. | 4.984"",""quote"":""ἵλᾰτε A.R. 4.984""}]","[""A.R. | 4.984"",""AP | 12.158""]",{},[],1,1,0,1,0,1,3,0,4
50364,10,721,n50364,ἴληοι:,,,826,,"[""εἰλύϊος, ἐλειός 111 ).""]",[],[],"[{""biblio"":"""",""quote"":""εἰλύϊος, ἐλειός""},{""biblio"":""111"",""quote"":""εἰλύϊος, ἐλειός 111""}]","[""111""]",{},[],1,0,0,1,0,1,0,0,2
50365,10,722,n50365,ἰλῆς,,,826,,"[""ἰλῆς [ῑ], Ion. contr. fr.ἰλήεις,=ἱλάεις(q. v.), prob. for εἰλῆς(q.v.).""]",[],[],[],[],{},[],1,0,0,0,0,1,0,0,0
50366,10,723,n50366,ἴλια:,,,826,,"[""ἴλια: δῶρα γυναικεῖα, Hsch.""]",[],[],[],[],{},[],1,0,0,0,0,1,0,0,0
50367,10,724,n50367,Ἰλιάδαι,Adj.,οἱ,826,,"[""descendants of Ilos, i.e.Trojans, Sapph. Supp. 20a . 13 , AP 9.77 (Antip. Thess.): as Adj., Ἰ. βασιλῆες E. Andr. 1023 (lyr.).""]","[""descendants of Ilos""]",[],"[{""biblio"":"""",""quote"":""Ἰ. βασιλῆες""},{""biblio"":""E. | Andr. | 1023"",""quote"":""Ἰ. βασιλῆες E. Andr. 1023""}]","[""E. | Andr. | 1023""]",{},[],1,1,0,1,0,1,1,0,2
50368,10,725,n50368,Ἰλιᾰκός,,τά,826,,"[""Ilian, Trojan, μῦθοι AP 9.192 ( Antiphil. ); πόλεμος Str. 1.2.9 ;concerning the Iliad,προσῳδία, title of work by Hdn. Gr."",""ἰλιακά,τά, word of doubtful meaning in PTeb. 61 (b). 319 , cf. 68.88 , al.(ii B.C.).""]","[""Ilian, Trojan"",""concerning the Iliad"",""b""]",[],"[{""biblio"":"""",""quote"":""μῦθοι""},{""biblio"":""AP | 9.192"",""quote"":""μῦθοι AP 9.192""},{""biblio"":"""",""quote"":""πόλεμος""},{""biblio"":""Str. | 1.2.9"",""quote"":""πόλεμος Str. 1.2.9""}]","[""AP | 9.192"",""Str. | 1.2.9""]",{},[],1,1,0,1,0,2,3,0,4
50369,10,726,n50369,Ἰλιάς,Subst.,ἡ,826,,"[""Ἰλιακός, χώρη Hdt. 5.94 , cf. A. Ag. 453 (lyr.), E. Hec. 102 (anap.), 923 (lyr.), etc.; epith. of Athena, Hdt. 7.43 , IG 9(1).350 (ii B.C.)."",""as Subst.,"",""(sc.γῆ)Troy, the Troad, Hdt. 5.122 ."",""(sc.γυνή)a Trojan woman, E. Hel. 1114 (lyr.), Tr. 245 (lyr.), etc."",""(sc.ποίησις)the Iliad of Homer, Hdt. 2.116 , Arist. Po. 1448b38 , al.: prov.,κακῶν Ἰλιάς, i.e.an endless string of woes, D. 19.148 , D.S. 36.6 , etc."",""a kind of thrush, perh.the redwing, Turdus iliacus, Arist. HA 617a21 (s.v.l.); cf. ἰλλάς 111 .""]","[""Troy, the Troad"",""a Trojan woman"",""the Iliad"",""an endless string"",""thrush"",""the redwing, Turdus iliacus""]",[],"[{""biblio"":"""",""quote"":""Ἰλιακός, χώρη""},{""biblio"":""Hdt. | 5.94"",""quote"":""Ἰλιακός, χώρη Hdt. 5.94""},{""biblio"":"""",""quote"":""ἰλλάς""},{""biblio"":""111"",""quote"":""ἰλλάς 111""}]","[""111"",""Hdt. | 5.94""]",{},[],1,1,0,1,0,6,6,0,4
50370,10,727,n50370,ἰλιγγ-ιάω,,,826,,"[""become dizzy, lose one's head, as when one looks down from a height, ἰλιγγιῶν ἀφ' ὑψηλοῦ κρεμασθείς Pl. Tht. 175d ; from drunkenness, ψυχὴ ἰ. ὥσπερ μεθύουσα Id. Phd. 79c ; ἰ. κάρα λίθῳ πεπληγμένος Ar. Ach. 1218 ; ἰ. καὶ χασμᾶσθαι Phld. Rh. 2.176S. ; from perplexity, ἐσκοτώθην καὶ ἰλιγγίασα Pl. Prt. 339e ; ἰ. ὑπὸ τῆς τοῦ λόγου ἀπορίας Id. Ly. 216c ; ὑπὸ τοῦ δέους Ar. Ach. 581 ; ἐπί τινι Luc. Tox. 30 ; πρὸς τὴν θέαν Hld. 5.6 :—also written εἰλιγγιάω, freq. in codd. of Pl. , cf. AP 7.706 ( Diog. ), Plu. Alex. 74 ; ἰλ- Phld. l.c.;εἰλιγγιάω but ἴλιγγος acc. to Sch. Ar. Ach. 581 , Suid. s.v. εἰλιγγιῶ .""]","[""become dizzy, lose one's head""]",[],"[{""biblio"":"""",""quote"":""ἰλιγγιῶν ἀφ' ὑψηλοῦ κρεμασθείς""},{""biblio"":""Pl. | Tht. | 175d"",""quote"":""ἰλιγγιῶν ἀφ' ὑψηλοῦ κρεμασθείς Pl. Tht. 175d""},{""biblio"":"""",""quote"":""ψυχὴ ἰ. ὥσπερ μεθύουσα""},{""biblio"":""Id. | Phd. | 79c"",""quote"":""ψυχὴ ἰ. ὥσπερ μεθύουσα Id. Phd. 79c""},{""biblio"":"""",""quote"":""ἰ. κάρα λίθῳ πεπληγμένος""},{""biblio"":""Ar. | Ach. | 1218"",""quote"":""ἰ. κάρα λίθῳ πεπληγμένος Ar. Ach. 1218""},{""biblio"":"""",""quote"":""ἰ. καὶ χασμᾶσθαι""},{""biblio"":""Phld. | Rh. | 2.176S."",""quote"":""ἰ. καὶ χασμᾶσθαι Phld. Rh. 2.176S.""},{""biblio"":"""",""quote"":""ἐσκοτώθην καὶ ἰλιγγίασα""},{""biblio"":""Pl. | Prt. | 339e"",""quote"":""ἐσκοτώθην καὶ ἰλιγγίασα Pl. Prt. 339e""},{""biblio"":"""",""quote"":""ἰ. ὑπὸ τῆς τοῦ λόγου ἀπορίας""},{""biblio"":""Id. | Ly. | 216c"",""quote"":""ἰ. ὑπὸ τῆς τοῦ λόγου ἀπορίας Id. Ly. 216c""},{""biblio"":"""",""quote"":""ὑπὸ τοῦ δέους""},{""biblio"":""Ar. | Ach. | 581"",""quote"":""ὑπὸ τοῦ δέους Ar. Ach. 581""},{""biblio"":"""",""quote"":""ἐπί τινι""},{""biblio"":""Luc. | Tox. | 30"",""quote"":""ἐπί τινι Luc. Tox. 30""},{""biblio"":"""",""quote"":""πρὸς τὴν θέαν""},{""biblio"":""Hld. | 5.6"",""quote"":""πρὸς τὴν θέαν Hld. 5.6""},{""biblio"":"""",""quote"":""ἰλ-""},{""biblio"":""Phld."",""quote"":""ἰλ- Phld.""}]","[""Ar. | Ach. | 1218"",""Ar. | Ach. | 581"",""Hld. | 5.6"",""Id. | Ly. | 216c"",""Id. | Phd. | 79c"",""Luc. | Tox. | 30"",""Phld."",""Phld. | Rh. | 2.176S."",""Pl. | Prt. | 339e"",""Pl. | Tht. | 175d""]",{},"[{""type"":""ref"",""target"":"""",""text"":""εἰλιγγιῶ""},{""type"":"""",""target"":"""",""text"":""s.v. εἰλιγγιῶ""}]",1,1,0,1,1,1,1,0,20
50371,10,728,n50371,ἴλιγγ-ος,,ὁ,826,,"[""spinning round; esp.swimming in the head, Hp. Aph. 3.17 (pl.), Pl. R. 407c (pl.); σκοτοδινίαν ἴλιγγόν τε ἐμποιεῖν τινι Id. Lg. 892e ; also,disturbance of the bowels, Nic. Al. 597 ."",""in pl.,eddies or wreaths of smoke, A.R. 4.142 ."",""whirlpool, Procop. Goth. 4.6 ."",""agitation of mind, Plu. 2.1068c :—also written εἴλιγγος, A.R. l.c., Nic. l.c., Plu. Caes. 60 , and codd. Pl.""]","[""spinning round"",""swimming"",""disturbance of the bowels"",""eddies"",""wreaths"",""whirlpool"",""agitation of mind""]","[""ἴλλω, εἴλω""]","[{""biblio"":"""",""quote"":""σκοτοδινίαν ἴλιγγόν τε ἐμποιεῖν τινι""},{""biblio"":""Id. | Lg. | 892e"",""quote"":""σκοτοδινίαν ἴλιγγόν τε ἐμποιεῖν τινι Id. Lg. 892e""}]","[""Id. | Lg. | 892e""]",{},[],1,1,1,1,0,4,7,1,2
50372,10,729,n50372,ἰλιγγ-ιώδης,,,826,,"[""verticulosus, Gloss.""]","[""verticulosus,""]",[],[],[],{},[],1,1,0,0,0,1,1,0,0
50373,10,730,n50373,ἶλιγξ,,ἡ,826,,"[""whirling, whirlpool, D.S. 17.97 , Alex.Aphr. Pr. 2.71 ."",""v.l. for ἴλιγγος , 1 , Gal. UP 7.13 . (Written ἴλιξ in Hsch. :— also ἰλίγγη,ἡ, Id.)""]","[""whirling, whirlpool""]",[],[],[],{},"[{""type"":""ref"",""target"":"""",""text"":""ἴλιγγος""},{""type"":"""",""target"":"""",""text"":""v.l. for ἴλιγγος""}]",1,1,0,0,1,2,1,0,0
50374,10,731,n50374,ἴλιον:,,,826,,"[""ἴλιον: τὸ τῆς γυναικὸς ἐφήβαιον δηλοῖ, καὶ κόσμον γυναικεῖον παρὰ Κῴοις, Hsch.""]",[],[],[],[],{},[],1,0,0,0,0,1,0,0,0
50375,10,732,n50375,Ἰλιοπόρος,,,826,,"[""faring to Ilium, Tim. Pers. 132 .""]","[""faring to Ilium""]",[],[],[],{},[],1,1,0,0,0,1,1,0,0
50376,10,733,n50376,Ἰλιορραίστης,,,826,,"[""f.l. for Ἰλοραίστης (q.v.).""]",[],[],[],[],{},"[{""type"":""ref"",""target"":"""",""text"":""Ἰλοραίστης""},{""type"":"""",""target"":"""",""text"":""f.l. for Ἰλοραίστης""}]",1,0,0,0,1,1,0,0,0
50377,10,734,n50377,Ἴλιος,Adj.,ἡ,826,,"[""Ilium, the city of Ilus, Troy, Il. 5.210 , al., Alc. Supp. 8.4 , E. Andr. 103 (eleg.):Ἴλιον,τό, Hom. only in Il. 15.71 , but always in Trag. (exc. E.l.c.):—hence Ep. genitives,Ἰλιόθεν,from Troy, Il. 14.251 , Od. 9.39 ;Ἰλιόθι πρό before Troy, 8.581 , etc.;Ἰλιόφι κλυτὰ τείχεα the walls of Troy, Il. 21.295 ."",""as Adj.,Ἴλιος,α,ον,Ilian, Trojan, Ἀθάνα E. Hec. 1008 :-ος,ον is f.l. in Id. Hel. 1164 (lyr.).""]","[""Ilium, the city of Ilus, Troy"",""from Troy"",""before Troy"",""of Troy"",""Ilian, Trojan""]",[],"[{""biblio"":"""",""quote"":""Ἀθάνα""},{""biblio"":""E. | Hec. | 1008"",""quote"":""Ἀθάνα E. Hec. 1008""}]","[""E. | Hec. | 1008""]",{},[],1,1,0,1,0,2,5,0,2
50378,10,735,n50378,ἰλις,,,826,,"[""volumen, Gloss. (dub.);ἰλις sine expl., Hsch. ; cf.ἰλλίς.""]","[""volumen,""]",[],[],[],{},[],1,1,0,0,0,1,1,0,0
50379,10,736,n50379,Ἰλῑσός,,ὁ,826,,"[""the Ilissus, in Attica, Pl. Criti. 112a , Hdn.Gr. 1.213 , etc.:Ἱλισός,the god I., IG 12.324.89 , cf. 310.206 :Ἰλισσός freq.f.l. in codd., as Hdt. 7.189 , Str. 9.1.24 , A.R. 1.215 , D.P. 424 :Εἰλισσός f.l. in Paus. 1.19.5 .""]","[""the Ilissus"",""the god I.,""]",[],[],[],{},[],1,1,0,0,0,1,2,0,0
50380,10,737,n50380,ἰλίσσαι:,,,826,,"[""ἰλίσσαι: κατωχῆσαι, Hsch. (fort.εἰλῦσαι: καταχῶσαι).""]",[],[],[],[],{},[],1,0,0,0,0,1,0,0,0
50381,10,738,n50381,ἰλλάεις,,,826,,"[""v. ἱλάεις .""]",[],[],[],[],{},"[{""type"":""ref"",""target"":"""",""text"":""ἱλάεις""},{""type"":"""",""target"":"""",""text"":""v. ἱλάεις""}]",1,0,0,0,1,1,0,0,0
50382,10,739,n50382,ἰλλάζω,,,826,,"[""bind up, make into a bundle, Hsch. ἴλλαι: συστροφαί, Id.""]","[""bind up, make into a bundle""]",[],[],[],{},[],1,1,0,0,0,1,1,0,0
50383,10,740,n50383,ἰλλαίνω,,,826,,"[""look awry, squint, Hp. Epid. 3.1 .γ́; of the eyes,to be distorted, Id. Coac. 214 , Epid. 4.12 :—so also in Pass. ,ἰλλαίνομαι, Id. Morb. 3.12 .ἴλλαος, v. ἵλαος .""]","[""look awry, squint"",""to be distorted""]",[],[],[],{},"[{""type"":""ref"",""target"":"""",""text"":""ἵλαος""},{""type"":"""",""target"":"""",""text"":""v. ἵλαος""}]",1,1,0,0,1,1,2,0,0
50384,10,741,n50384,ἰλλάς,Adj.,ἡ,826,,"[""rope, band, βοῦς, τόν τ' οὔρεσι βουκόλοι ἄνδρες ἰλλάσιν . . δήσαντες ἄγουσιν Il. 13.572 ."",""as Adj.,close-packed, herding together, of cattle, ἰλλάδες γοναί S. Fr. 70 , E. Fr. 837 ."",""= Ἰλιάς 111 , Ath. 2.65a , Eust. 947.8 .""]","[""rope, band"",""close-packed, herding together""]","[""ἴλλω, εἴλω""]","[{""biblio"":"""",""quote"":""βοῦς, τόν τ' οὔρεσι βουκόλοι ἄνδρες ἰλλάσιν . . δήσαντες ἄγουσιν""},{""biblio"":""Il. | 13.572"",""quote"":""βοῦς, τόν τ' οὔρεσι βουκόλοι ἄνδρες ἰλλάσιν . . δήσαντες ἄγουσιν Il. 13.572""},{""biblio"":"""",""quote"":""ἰλλάδες γοναί""},{""biblio"":""S. | Fr. | 70"",""quote"":""ἰλλάδες γοναί S. Fr. 70""}]","[""Il. | 13.572"",""S. | Fr. | 70""]",{},"[{""type"":""ref"",""target"":"""",""text"":""Ἰλιάς""},{""type"":"""",""target"":"""",""text"":""= Ἰλιάς""}]",1,1,1,1,1,3,2,1,4
50385,10,742,n50385,ἰλλ-ίζω,,,826,,"[""look askance, leer, glossed by διανεύω, Suid.""]","[""look askance, leer""]",[],[],[],{},[],1,1,0,0,0,1,1,0,0
50386,10,743,n50386,ἰλλ-ίς,,ἡ,826,,"[""ἰλλ-ίς,ίδος,ἡ, fem. of sq., Hsch.""]",[],[],[],[],{},[],1,0,0,0,0,1,0,0,0
50387,10,744,n50387,ἰλλ-ός,,ὁ,826,,"[""squinting(acc. to Moer. , Att. for στραβός), ἰ. γεγενῆσθαι to get a squint, Ar. Th. 846 : Comp. ἰλλότερος Sophr. 158 , cf. Gal. 17(1).680 .""]","[""squinting"",""squint""]","[""ἴλλω""]","[{""biblio"":"""",""quote"":""ἰλλότερος""},{""biblio"":""Sophr. | 158"",""quote"":""ἰλλότερος Sophr. 158""}]","[""Sophr. | 158""]",{},[],1,1,1,1,0,1,2,1,2
50388,10,745,n50388,ἴλλ-ος,,ὁ,826,,"[""= ὀφθαλμός , Poll. 2.54 .""]",[],[],[],[],{},"[{""type"":""ref"",""target"":"""",""text"":""ὀφθαλμός""},{""type"":"""",""target"":"""",""text"":""= ὀφθαλμός""}]",1,0,0,0,1,1,0,0,0
50389,10,746,n50389,ἴλλ-οψ,,ὁ,826,,"[""ἴλλ-οψ,οπος,ὁ,ἡ, coined as etym. of ἔλλοψ, Ath. 7.308b ,c, cf. Plu. 2.728e .""]",[],[],[],[],{},[],1,0,0,0,0,1,0,0,0
50390,10,747,n50390,Ἰλλῠριοί,Adj.,οἱ,826,,"[""γονή S. Fr. 601 :—Adj. Ἰλλυρικός,ή,όν,Illyrian:-κή, (sc.ἱστορία),ἡ, title of work by Appian:-κόν,τό , the region or province of Illyria, Ep.Rom. 15.19 :Ἰλλυρίζω,speak the Illyrian language, St. Byz. s.v. Ἰλλυρία :—hence Adv. Ἰλλυριστί, ibid.""]","[""region"",""province of Illyria,"",""speak the Illyrian language""]",[],"[{""biblio"":"""",""quote"":""γονή""},{""biblio"":""S. | Fr. | 601"",""quote"":""γονή S. Fr. 601""}]","[""S. | Fr. | 601""]",{},"[{""type"":""ref"",""target"":"""",""text"":""Ἰλλυρία""},{""type"":"""",""target"":"""",""text"":""s.v. Ἰλλυρία""}]",1,1,0,1,1,1,3,0,2
50391,10,748,n50391,ἴλλω,,,826,,"[""v. εἴλω :aor. 1 Med. ἰλλάμην,plait, πλοκάμους IG 5(2).472.11 (Megalopolis,ii/iii A.D.).""]","[""plait""]",[],"[{""biblio"":"""",""quote"":""πλοκάμους""},{""biblio"":""IG | 5(2).472.11"",""quote"":""πλοκάμους IG 5(2).472.11""}]","[""IG | 5(2).472.11""]",{},"[{""type"":""ref"",""target"":"""",""text"":""εἴλω""},{""type"":"""",""target"":"""",""text"":""v. εἴλω""}]",1,1,0,1,1,1,1,0,2
50392,10,749,n50392,ἰλλ-ώδης,,,826,,"[""squinting, distorted, ὄμματα Hp. Mul. 1.41 .""]","[""squinting, distorted""]",[],"[{""biblio"":"""",""quote"":""ὄμματα""},{""biblio"":""Hp. | Mul. | 1.41"",""quote"":""ὄμματα Hp. Mul. 1.41""}]","[""Hp. | Mul. | 1.41""]",{},[],1,1,0,1,0,1,1,0,2
50393,10,750,n50393,ἰλλ-ωπέω,,,826,,"[""= ἰλλίζω ,squint, both in Sch. Ar. Eq. 292 , cf. Suid. :""]","[""squint""]",[],[],[],{},"[{""type"":""ref"",""target"":"""",""text"":""ἰλλίζω""},{""type"":"""",""target"":"""",""text"":""= ἰλλίζω""}]",1,1,0,0,1,1,1,0,0
50394,10,751,n50394,ἰλλ-ώπτω,,,826,,"[""ἰλλ-ώπτω, Com.Adesp. 1019 , Adam. 1.23 , Hsch. (For the termination cf.γοργώψατο.)""]",[],[],[],[],{},[],1,0,0,0,0,1,0,0,0
50395,10,752,n50395,ἴλλ-ωσις,,ἡ,826,,"[""distortion, ὀφθαλμῶν Hp. Prorrh. 1.69 , cf. Aret. SD 1.7 .""]","[""distortion""]",[],"[{""biblio"":"""",""quote"":""ὀφθαλμῶν""},{""biblio"":""Hp. | Prorrh. | 1.69"",""quote"":""ὀφθαλμῶν Hp. Prorrh. 1.69""}]","[""Hp. | Prorrh. | 1.69""]",{},[],1,1,0,1,0,1,1,0,2
50396,10,753,n50396,ἴλμη:,,,826,,"[""ἴλμη: δεσμός, σειρά, Theognost. Can. 15 (ἰλμηδεσμός cod.).""]",[],[],[],[],{},[],1,0,0,0,0,1,0,0,0
50397,10,754,n50397,Ἰλοραίστης,,ὁ,826,,"[""destroyer of Ilus, i.e.of Troy, prob. in Dosiad. Ara 17 .""]","[""destroyer of Ilus"",""of Troy""]","[""ῥαίω""]",[],[],{},[],1,1,1,0,0,1,2,1,0
50398,10,755,n50398,ϝίλσις,,,826,,"[""distress, Schwyzer 686.2 (Pamphylia,iv B.C.).""]","[""distress,""]",[],[],[],{},[],1,1,0,0,0,1,1,0,0
50399,10,756,n50399,ἴλῡμα,,τό,829,,"[""sediment deposited in water, Gal. 13.45 (sed leg.λύματα).""]","[""sediment""]",[],[],[],{},[],1,1,0,0,0,1,1,0,0
50400,10,757,n50400,ἰλῠόεις,,,829,,"[""muddy, ποταμός A.R. 2.823 ; ζάλος Nic. Th. 568 : metaph.,ἀχλὺς ἰ., of the soul's material envelope, App.Anth. 3.146 (Theon).""]","[""muddy""]","[""ἰλύς""]","[{""biblio"":"""",""quote"":""ποταμός""},{""biblio"":""A.R. | 2.823"",""quote"":""ποταμός A.R. 2.823""},{""biblio"":"""",""quote"":""ζάλος""},{""biblio"":""Nic. | Th. | 568"",""quote"":""ζάλος Nic. Th. 568""}]","[""A.R. | 2.823"",""Nic. | Th. | 568""]",{},[],1,1,1,1,0,1,1,1,4
50401,10,758,n50401,ἰλῡός,,ὁ,829,,"[""εἰλεός 11 ,εἰλυός,den, lair, Call. Jov. 25 .""]","[""den, lair""]",[],"[{""biblio"":"""",""quote"":""εἰλεός""},{""biblio"":""11"",""quote"":""εἰλεός 11""}]","[""11""]",{},[],1,1,0,1,0,1,1,0,2
50402,10,759,n50402,ἰλύς,,ἡ,829,,"[""mud, slime, τεύχεα . . κείσεθ' ὑπ' ἰλύος κεκαλυμμένα Il. 21.318 , cf. IG 12.94.20 , 23 , Zeno Stoic. 1.29 , Inscr.Délos 354.19 , etc.; of alluvial soil, Hdt. 2.7 ; ἰ. καὶ ψάμμος Hp. Aër. 9 ."",""dregs, sediment, Id. Mul. 1.66 ; of wine, Arist. GA 753a24 , al."",""impurity, αἵματος Gal. 1.603 , cf. 616 ; στέρνων Androm. ap. eund. 14.35 . [ ἰλῡς -ῡν Choerob. in Theod. 1.331 ; gen. ἰλῠος APl. 4.230 ( Leon. ), A.R. 1.10 , but ἰλῡος(metri gr. Hdn.Gr. 2.117 ) Il. l.c.] (Cf. Russ.il, Polish it'mud', 'potter's clay'.)""]","[""mud, slime"",""Aër."",""dregs, sediment"",""impurity"",""il"",""it""]",[],"[{""biblio"":"""",""quote"":""τεύχεα . . κείσεθ' ὑπ' ἰλύος κεκαλυμμένα""},{""biblio"":""Il. | 21.318"",""quote"":""τεύχεα . . κείσεθ' ὑπ' ἰλύος κεκαλυμμένα Il. 21.318""},{""biblio"":"""",""quote"":""ἰ. καὶ ψάμμος""},{""biblio"":""Hp."",""quote"":""ἰ. καὶ ψάμμος Hp.""},{""biblio"":"""",""quote"":""αἵματος""},{""biblio"":""Gal. | 1.603"",""quote"":""αἵματος Gal. 1.603""},{""biblio"":"""",""quote"":""στέρνων""},{""biblio"":""Androm."",""quote"":""στέρνων Androm.""},{""biblio"":"""",""quote"":""ἰλῡς -ῡν""},{""biblio"":""Choerob. | in Theod. | 1.331"",""quote"":""ἰλῡς -ῡν Choerob. in Theod. 1.331""},{""biblio"":"""",""quote"":""ἰλῠος""},{""biblio"":""APl. | 4.230"",""quote"":""ἰλῠος APl. 4.230""}]","[""APl. | 4.230"",""Androm."",""Choerob. | in Theod. | 1.331"",""Gal. | 1.603"",""Hp."",""Il. | 21.318""]",{},[],1,1,0,1,0,3,6,0,12
50403,10,760,n50403,ἰλυσπ-άομαι,,,829,,"[""crawl,like a worm, Hp. Genit. 5 , Pl. Ti. 92a , Meno Iatr. 37.32 , J. AJ 1.1.4 , BJ 3.7.21 , Plu. 2.567b , Max.Tyr. 26.6 , Ael. NA 8.14 , 9.32 . ( εἰλυσπ- Meno l.c.,v.l. in Pl. l.c.)""]","[""crawl""]",[],"[{""biblio"":"""",""quote"":""εἰλυσπ-""},{""biblio"":""Meno"",""quote"":""εἰλυσπ- Meno""}]","[""Meno""]",{},[],1,1,0,1,0,1,1,0,2
50404,10,761,n50404,ἰλύσπ-ᾰσις,,ἡ,829,,"[""crawling, Arist. IA 709a28 .""]","[""crawling""]",[],[],[],{},[],1,1,0,0,0,1,1,0,0
50405,10,762,n50405,ἰλυσπ-αστικός,,,829,,"[""of or for crawling, Id. HA 487b21 .""]","[""of"",""for crawling""]",[],[],[],{},[],1,1,0,0,0,1,2,0,0
50406,10,763,n50406,ἰλύ-ω,,,829,,"[""cover with slime or dirt, Hsch."",""= εἰλύω , Id.""]","[""cover with slime"",""dirt""]","[""ἰλύς""]",[],[],{},"[{""type"":""ref"",""target"":"""",""text"":""εἰλύω""},{""type"":"""",""target"":"""",""text"":""= εἰλύω""}]",1,1,1,0,1,2,2,1,0
50407,10,764,n50407,ἰλυ-ώδης,,,829,,"[""muddy, slimy, Hp. Coac. 512 , Max.Tyr. 41.3 , S.E. M. 5.75 ; ὕδωρ Str. 4.1.6 ; πηλός Arr. Ind. 41.3 ; περίττωμα Gal. 1.616 ; τὸ-ῶδες Plu. 2.935a .""]","[""muddy, slimy""]",[],"[{""biblio"":"""",""quote"":""ὕδωρ""},{""biblio"":""Str. | 4.1.6"",""quote"":""ὕδωρ Str. 4.1.6""},{""biblio"":"""",""quote"":""πηλός""},{""biblio"":""Arr. | Ind. | 41.3"",""quote"":""πηλός Arr. Ind. 41.3""},{""biblio"":"""",""quote"":""περίττωμα""},{""biblio"":""Gal. | 1.616"",""quote"":""περίττωμα Gal. 1.616""},{""biblio"":"""",""quote"":""τὸ-ῶδες""},{""biblio"":""Plu. | 2.935a"",""quote"":""τὸ-ῶδες Plu. 2.935a""}]","[""Arr. | Ind. | 41.3"",""Gal. | 1.616"",""Plu. | 2.935a"",""Str. | 4.1.6""]",{},[],1,1,0,1,0,1,1,0,8
50408,10,765,n50408,ἰμ-,,,829,,"[""ἰμ-in compds.,=ἰν, Arc. , Cypr. , Cret. for ἐν.""]",[],[],[],[],{},[],1,0,0,0,0,1,0,0,0
50409,10,766,n50409,ἷμα,,τό,829,,"[""ἷμα,ατος,τό,=εἷμα, Hsch.""]",[],[],[],[],{},[],1,0,0,0,0,1,0,0,0
50410,10,767,n50410,ἱμαῖος,,,829,,"[""of or for drawing water,ἱμαῖον(sc.μέλος)song of the draw-well, Call. Hec. 1.4.12 , cf. Trypho ap. Ath. 14.618d .""]","[""of"",""for drawing water"",""song of the draw-well""]","[""ἱμάω""]",[],[],{},[],1,1,1,0,0,1,3,1,0
50411,10,768,n50411,Ἱμάλιος,,ὁ,829,,"[""Ἱμάλιος,ὁ(sc.μήν),v.sq.""]",[],[],[],[],{},[],1,0,0,0,0,1,0,0,0
50412,10,769,n50412,ἱμαλίς,,ἡ,829,,"[""abundant, Id.: as name of a month at Hierapytna, GDI 5040.4 ."",""Dor. word for ὁ νόστος καὶ τὰ ἐπίμετρα τῶν ἀλεύρων Trypho ap. Ath. 14.618d ;=ἐπιμύλιος ᾠδή, Hsch. , Poll. 4.53 .""]","[""abundant""]",[],"[{""biblio"":"""",""quote"":""ὁ νόστος καὶ τὰ ἐπίμετρα τῶν ἀλεύρων""},{""biblio"":""Trypho"",""quote"":""ὁ νόστος καὶ τὰ ἐπίμετρα τῶν ἀλεύρων Trypho""}]","[""Trypho""]",{},[],1,1,0,1,0,2,1,0,2
50413,10,770,n50413,ἱμανήθρη,,ἡ,829,,"[""ἱμανήθρη[ῑ],ἡ ,=ἱμονιά, Herod. 5.11 .""]",[],[],[],[],{},[],1,0,0,0,0,1,0,0,0
50414,10,771,n50414,ἱμαντ-άριον,,τό,829,,"[""halyard, Hsch.""]","[""halyard""]",[],[],[],{},[],1,1,0,0,0,1,1,0,0
50415,10,772,n50415,ἱμαντ-ελιγμός,,ὁ,829,,"[""pricking the tape, 'fast and loose', a trick practised at fairs, etc., Poll. 9.118 , Eust. 979.28 .""]","[""pricking the tape, 'fast and loose""]",[],[],[],{},[],1,1,0,0,0,1,1,0,0
50416,10,773,n50416,ἱμαντ-ελικτής,,ὁ,829,,"[""pricker of tapes(cf. foreg.): metaph., 'thimble-rigger', of sophists, Democr. 150 .""]","[""pricker of tapes"",""thimble-rigger""]","[""ἑλίσσω""]",[],[],{},[],1,1,1,0,0,1,2,1,0
50417,10,774,n50417,ἱμάντ-ηρις,,,829,,"[""corrigiae, Gloss.""]","[""corrigiae,""]",[],[],[],{},[],1,1,0,0,0,1,1,0,0
50418,10,775,n50418,ἱμαντ-ίδιον,,τό,829,,"[""ἱμαντ-ίδιον,τό, Dim. of ἱμάς, EM 671.8 .""]",[],[],[],[],{},[],1,0,0,0,0,1,0,0,0
50419,10,776,n50419,ἱμάντ-ῐνος,,,829,,"[""of leathern thongs, Hdt. 4.189 , Hp. Art. 78 .""]","[""of leathern thongs""]",[],[],[],{},[],1,1,0,0,0,1,1,0,0
50420,10,777,n50420,ἱμάντ-ιον,,τό,829,,"[""strap, Id. Mochl. 41 ."",""= ἱμάς 11 , Aret. SA 1.8 .""]","[""strap""]",[],[],[],{},"[{""type"":""ref"",""target"":"""",""text"":""ἱμάς""},{""type"":"""",""target"":"""",""text"":""= ἱμάς""}]",1,1,0,0,1,2,1,0,0
50421,10,778,n50421,ἱμαντ-ίσκος,,ὁ,829,,"[""ἱμαντ-ίσκος,ὁ, Dim. of ἱμάς, Herod. 6.71 .""]",[],[],[],[],{},[],1,0,0,0,0,1,0,0,0
50422,10,779,n50422,ἱμαντ-ισμός,,ὁ,829,,"[""insertion of bonding courses, PTeb. 402.32 (ii A.D.).""]","[""insertion of bonding courses,""]",[],[],[],{},[],1,1,0,0,0,1,1,0,0
50423,10,780,n50423,ἱμαντό-δεσμος,,ὁ,829,,"[""leathern band, Hsch. s.v. ζεύγλας .""]","[""leathern band""]",[],[],[],{},"[{""type"":""ref"",""target"":"""",""text"":""ζεύγλας""},{""type"":"""",""target"":"""",""text"":""s.v. ζεύγλας""}]",1,1,0,0,1,1,1,0,0
50424,10,781,n50424,ἱμαντό-δετος,,,829,,"[""bound with thongs, gloss on τρητοῖσι , Sch. Od. 1.440 .""]","[""bound with thongs""]",[],[],[],{},"[{""type"":""ref"",""target"":"""",""text"":""τρητοῖσι""},{""type"":"""",""target"":"""",""text"":""gloss on τρητοῖσι""}]",1,1,0,0,1,1,1,0,0
50425,10,782,n50425,ἱμαντο-μάχος,,,829,,"[""fighting with the caestus, Orac.in Tz. H. 7.422 .""]","[""fighting with the caestus""]",[],[],[],{},[],1,1,0,0,0,1,1,0,0
50426,10,783,n50426,ἱμαντο-πάροχος,,ὁ,829,,"[""purveyor of straps, etc., for the races, CIG 2758 D 6 (Aphrodisias).""]","[""purveyor of straps""]",[],[],[],{},[],1,1,0,0,0,1,1,0,0
50427,10,784,n50427,ἱμαντο-πέδη,,ἡ,829,,"[""leathern noose, of a polypus' leg, AP 9.94 ( Isid. Aeg.).""]","[""leathern noose""]",[],[],[],{},[],1,1,0,0,0,1,1,0,0
50428,10,785,n50428,ἱμαντό-πους,,ὁ,829,,"[""ἱμάς 111 )spindle-shanked; esp.,"",""name of a tribe of Ethiopians, Plin. HN 5.46 , Apollod. ap. Tz. H. 7.767 ."",""kind of water-bird, Dionys. Av. 2.9 .""]","[""spindle-shanked"",""water-bird""]",[],"[{""biblio"":"""",""quote"":""ἱμάς""},{""biblio"":""111"",""quote"":""ἱμάς 111""}]","[""111""]",{},[],1,1,0,1,0,3,2,0,2
50429,10,786,n50429,ἱμαντο-σκελής,,,829,,"[""ἱμαντο-σκελής,ές,= foreg., Tz. l.c.""]",[],[],[],[],{},[],1,0,0,0,0,1,0,0,0
50430,10,787,n50430,ἱμαντο-τομέω,,,829,,"[""cut straps, Poll. 7.81 , 83 .""]","[""cut straps""]",[],[],[],{},[],1,1,0,0,0,1,1,0,0
50431,10,788,n50431,ἱμαντ-όω,,,829,,"[""furnish with straps, in Pass. , Hsch. s.v. πυξ<ίνην >.""]","[""furnish with straps""]",[],[],[],{},[],1,1,0,0,0,1,1,0,0
50432,10,789,n50432,ἱμαντ-ώδης,,,829,,"[""fibrous, of the hair, Pl. Ti. 76c ;φλοιός, κλῶνες, Dsc. 1.84 , 3.15 ; of asbestos, Id. 5.138 ."",""of hair,ropy, Gal. 1.615 ; of the uvula when diseased, Id. 10.988 ."",""sinewy, wiry, of athletes, Philostr. Gym. 37 .""]","[""fibrous"",""ropy"",""sinewy, wiry""]",[],[],[],{},[],1,1,0,0,0,3,3,0,0
50433,10,790,n50433,ἱμάντ-ωμα,,τό,829,,"[""hawser, Hsch. s.v. σίρα .""]","[""hawser""]",[],[],[],{},"[{""type"":""ref"",""target"":"""",""text"":""σίρα""},{""type"":"""",""target"":"""",""text"":""s.v. σίρα""}]",1,1,0,0,1,1,1,0,0
50434,10,791,n50434,ἱμάντ-ωσις,,ἡ,829,,"[""binding with thongs, Id.; of the straps of a car, Poll. 1.142 ."",""piece of timber used instead of a bond-stone, LXX Si. 22.16 , Phot. , etc.""]","[""binding with thongs"",""straps of a car"",""piece of timber used instead of a bond-stone""]",[],[],[],{},[],1,1,0,0,0,2,3,0,0
50435,10,792,n50435,ἱμᾰοιδός,,ὁ,829,,"[""one who sings the ἱμαῖον μέλος, Poll. 4.53 , Hsch. (ἰλ-cod.).""]","[""one who sings the""]",[],[],[],{},[],1,1,0,0,0,1,1,0,0
50436,10,793,n50436,ἱμάς,,ὁ,829,,"[""leathern strap or thong, Il. 10.262 , etc.; ἱμάντα βοός 3.375 ; βοέους ἱμάντας 22.397 : mostly in pl., in various senses:"",""traces, 10.475 , 499 ,al."",""reins, 23.324 , etc.; τμητοῖς ἱμᾶσι S. El. 747 , cf. E. Hipp. 1222 ."",""straps on which the body of the chariot was hung, Il. 5.727 ."",""lash of a whip, formed by several thongs, 23.363 ."",""boxing-glove, consisting of several straps put round the hand, ib. 684 , Pi. N. 6.35 , Pl. Prt. 342c ; ἱ. πυκτικοί Eup. 22 D."",""in sg., the magic girdle of Aphrodite, Il. 14.214 , 219 ."",""chin-strap of the helmet, 3.371 ."",""thong, by which the bolt was shot home into the socket, Od. 1.442 , cf. 4.802 , 21.46 ."",""after Hom. ,thong or latchet of a sandal, X. An. 4.5.14 , Ephipp. 14.9 , Men. 109.2 , Ev.Marc. 1.7 ."",""rail-rope, Aristag. 5 ."",""well-rope, Poll. 10.31 , Moer."",""dog-leash, X. Cyn. 7.6 : prov.,ἦσθ' ἱμὰς κύνειος you were tough as a dog-leash, Ar. V. 231 ; also σὺν τῷ κυνὶ καὶ τὸν ἱμάντα Phot."",""whip, scourge, ἔξω τις δότω ἱμάντα Antiph. 74.8 , cf. Men. Sam. 106 ; ἡ διὰ τῶν ἱ. αἰκεία POxy. 1186.2 (iv A.D.), cf. Act.Ap. 22.25 ; ἱμάντες παιδαγωγῶν Lib. Ep. 911.2 ."",""cord, Gal. 10.1001 , cf. 1.616 ."",""diseased condition of the uvula, Id. 17(1).379 ."",""ἱμάντες, in Archit.,planks laid on rafters, IG 12.372.82 , 373.236 , al., 22.1668.55 , 1672.305 ; on στρωτῆρες(q.v.), ib. 463.66 . (Cf.Skt.sināti'bind', Lat.saeta.) [̆̄, usually; but also ῑ in Ep. , Il. 8.544 , etc.: in derivs. and compds. always ῐ.]""]","[""leathern strap"",""thong"",""traces"",""reins"",""straps"",""lash"",""boxing-glove"",""several straps put round the hand"",""girdle"",""chin-strap"",""thong"",""thong"",""latchet"",""rail-rope"",""well-rope"",""dog-leash"",""leash"",""whip, scourge"",""cord"",""diseased condition of the uvula"",""planks"",""sināti"",""saeta.""]",[],"[{""biblio"":"""",""quote"":""ἱμάντα βοός""},{""biblio"":""3.375"",""quote"":""ἱμάντα βοός 3.375""},{""biblio"":"""",""quote"":""βοέους ἱμάντας""},{""biblio"":""22.397"",""quote"":""βοέους ἱμάντας 22.397""},{""biblio"":"""",""quote"":""τμητοῖς ἱμᾶσι""},{""biblio"":""S. | El. | 747"",""quote"":""τμητοῖς ἱμᾶσι S. El. 747""},{""biblio"":"""",""quote"":""ἱ. πυκτικοί""},{""biblio"":""Eup. | 22"",""quote"":""ἱ. πυκτικοί Eup. 22""},{""biblio"":"""",""quote"":""σὺν τῷ κυνὶ καὶ τὸν ἱμάντα""},{""biblio"":""Phot."",""quote"":""σὺν τῷ κυνὶ καὶ τὸν ἱμάντα Phot.""},{""biblio"":"""",""quote"":""ἔξω τις δότω ἱμάντα""},{""biblio"":""Antiph. | 74.8"",""quote"":""ἔξω τις δότω ἱμάντα Antiph. 74.8""},{""biblio"":"""",""quote"":""ἡ διὰ τῶν ἱ. αἰκεία""},{""biblio"":""POxy. | 1186.2"",""quote"":""ἡ διὰ τῶν ἱ. αἰκεία POxy. 1186.2""},{""biblio"":"""",""quote"":""ἱμάντες παιδαγωγῶν""},{""biblio"":""Lib. | Ep. | 911.2"",""quote"":""ἱμάντες παιδαγωγῶν Lib. Ep. 911.2""}]","[""22.397"",""3.375"",""Antiph. | 74.8"",""Eup. | 22"",""Lib. | Ep. | 911.2"",""POxy. | 1186.2"",""Phot."",""S. | El. | 747""]",{},[],1,1,0,1,0,17,23,0,16
50437,10,794,n50437,ἱμάσθλη,,ἡ,829,,"[""thong of a whip,whip, Il. 23.582 , Od. 13.82 , Eranos 13.88 (pl.): metaph.,νηὸς ἱ., i.e. ship's rudder, AP 6.28 ( Jul. ); later,any thong, Opp. C. 4.217 .""]","[""thong"",""whip"",""rudder,"",""any thong""]","[""ἱμάς""]",[],[],{},[],1,1,1,0,0,1,4,1,0
50438,10,795,n50438,ἱμάσκω,,,829,,"[""flog or imprison(ἱμάς), Schwyzer 409 (Elis).""]","[""flog"",""imprison""]","[""ἱμάς""]",[],[],{},[],1,1,1,0,0,1,2,1,0
50439,10,796,n50439,ἱμασσία,,ἡ,829,,"[""scaffolding(cf.ἱμάς), or = αἱμασιά , IG 4.823.26 (Troezen).""]","[""scaffolding""]",[],[],[],{},"[{""type"":""ref"",""target"":"""",""text"":""αἱμασιά""},{""type"":"""",""target"":"""",""text"":""= αἱμασιά""}]",1,1,0,0,1,1,1,0,0
50440,10,797,n50440,ἱμάσσω,,,829,,"[""flog horses, τοὺς ἵμας' Ἀντίλοχος Il. 5.589 , cf. 11.531 ; of men, εἰ . . σε πληγῇσιν ἱμάσσω 15.17 , cf. Hes. Th. 857 ;ἵμασε χθόνα χειρί smote it, h.Ap. 340 ;ὅτε . . γαῖαν ἱμάσσῃ when he smites it with lightnings, Il. 2.782 :— Pass. , ἱμασσόμενος δέμας αὔραις AP 7.696 ( Arch. ), cf. Nonn. D. 42.491 .""]","[""flog"",""smote"",""smites"",""with lightnings""]","[""ἱμάς""]","[{""biblio"":"""",""quote"":""τοὺς ἵμας' Ἀντίλοχος""},{""biblio"":""Il. | 5.589"",""quote"":""τοὺς ἵμας' Ἀντίλοχος Il. 5.589""},{""biblio"":"""",""quote"":""εἰ . . σε πληγῇσιν ἱμάσσω""},{""biblio"":""15.17"",""quote"":""εἰ . . σε πληγῇσιν ἱμάσσω 15.17""},{""biblio"":"""",""quote"":""ἱμασσόμενος δέμας αὔραις""},{""biblio"":""AP | 7.696"",""quote"":""ἱμασσόμενος δέμας αὔραις AP 7.696""}]","[""15.17"",""AP | 7.696"",""Il. | 5.589""]",{},[],1,1,1,1,0,1,4,1,6
50441,10,798,n50441,ἱμᾰτ-εύομαι,,,829,,"[""to be a clothier, IGRom. 4.1209 (Thyatira) (nisi leg.πραγματ-).""]","[""to be a clothier,""]",[],[],[],{},[],1,1,0,0,0,1,1,0,0
50442,10,799,n50442,ἱμᾰτ-ηγός,,,829,,"[""loaded with apparel, ναῦς Thphr. Lap. 68 .""]","[""loaded with apparel""]",[],"[{""biblio"":"""",""quote"":""ναῦς""},{""biblio"":""Thphr. | Lap. | 68"",""quote"":""ναῦς Thphr. Lap. 68""}]","[""Thphr. | Lap. | 68""]",{},[],1,1,0,1,0,1,1,0,2
50443,10,800,n50443,ἱμᾰτ-ῑδάριον,,τό,829,,"[""ἱμᾰτ-ῑδάριον,τό, Dim. of ἱμάτιον, Ar. Fr. 90 .""]",[],[],[],[],{},[],1,0,0,0,0,1,0,0,0
50444,10,801,n50444,ἱμᾰτ-ίδιον,,τό,829,,"[""θαἰματίδια Ar. Lys. 401 .""]",[],[],"[{""biblio"":"""",""quote"":""θαἰματίδια""},{""biblio"":""Ar. | Lys. | 401"",""quote"":""θαἰματίδια Ar. Lys. 401""}]","[""Ar. | Lys. | 401""]",{},[],1,0,0,1,0,1,0,0,2
50445,10,802,n50445,ἱμᾰτ-ίζω,,,829,,"[""furnish with clothing, UPZ 2.14 (ii B.C.), etc.:— Pass. , τοῦ παιδὸς τρεφομένου καὶ -ομένου POxy. 275.14 (i A.D.); γυνὴ ἱματισμένη ἔχιδνα Secund. Sent. 8 ; ἱματισμένος Ev.Marc. 5.15 .""]","[""furnish with clothing""]",[],"[{""biblio"":"""",""quote"":""τοῦ παιδὸς τρεφομένου καὶ -ομένου""},{""biblio"":""POxy. | 275.14"",""quote"":""τοῦ παιδὸς τρεφομένου καὶ -ομένου POxy. 275.14""},{""biblio"":"""",""quote"":""γυνὴ ἱματισμένη ἔχιδνα""},{""biblio"":""Secund. | Sent. | 8"",""quote"":""γυνὴ ἱματισμένη ἔχιδνα Secund. Sent. 8""},{""biblio"":"""",""quote"":""ἱματισμένος""},{""biblio"":""Ev.Marc. | 5.15"",""quote"":""ἱματισμένος Ev.Marc. 5.15""}]","[""Ev.Marc. | 5.15"",""POxy. | 275.14"",""Secund. | Sent. | 8""]",{},[],1,1,0,1,0,1,1,0,6
50446,10,803,n50446,ἱμᾰτιο-θήκη,,ἡ,829,,"[""wardrobe, IG 22.1672.229 , 309 , Hsch. s.v. κανδυτάναι .""]","[""wardrobe,""]",[],[],[],{},"[{""type"":""ref"",""target"":"""",""text"":""κανδυτάναι""},{""type"":"""",""target"":"""",""text"":""s.v. κανδυτάναι""}]",1,1,0,0,1,1,1,0,0
50447,10,804,n50447,ἱμᾰτιο-κάπηλος,,ὁ,829,,"[""clothes-seller, Luc. Merc.Cond. 38 , Pseudol. 21 .""]","[""clothes-seller""]",[],[],[],{},[],1,1,0,0,0,1,1,0,0
50448,10,805,n50448,ἱμᾰτιο-κλέπτης,,,829,,"[""clothes-stealer, D.L. 6.52 .""]","[""clothes-stealer""]",[],[],[],{},[],1,1,0,0,0,1,1,0,0
50449,10,806,n50449,ἱμᾰτιο-μίσθης,,,829,,"["", ὁ one who lets out actor's costumes, IG 12(9).207.22 (Eretria,iii B.C.), SIG 424.85 (Delph.,iii B.C.), Poll. 7.78 , AB 100 .""]","[""one who lets out actor's costumes,""]",[],"[{""biblio"":"""",""quote"":"", ὁ""},{""biblio"":""IG | 12(9).207.22"",""quote"":"", ὁ one who lets out actor's costumes, IG 12(9).207.22""}]","[""IG | 12(9).207.22""]",{},[],1,1,0,1,0,1,1,0,2
50450,10,807,n50450,ἱμᾰτιο-μισθωτής,,ὁ,829,,"[""ἱμᾰτιο-μισθωτής,οῦ,ὁ,= foreg., Poll. 7.78 .""]",[],[],[],[],{},[],1,0,0,0,0,1,0,0,0
50451,10,808,n50451,ἱμάτιον,,τό,829,,"[""a piece of dress; in usage always of an outer garment, formed by an oblong piece of cloth worn above the χιτών, Ar. Ec. 333 , IG 22.1524.205 , al., D. 24.114 , etc.; λαμπρὸν ἱ. ἔχων Epich. [277] ;θοἰμάτιον by crasis for τὸ ἱμ-, Ar. Nu. 179 , al.; θοἰμάτιον καθεὶς ἄχρι τῶν σφυρῶν D. 19.314 ; ἱματίων ἕλξεις Pl. Alc. 1.122c ; of the Roman toga, Plu. Brut. 17 , Cor. 14 : hence ἐν ἱματίοις, of civilians,=togati, Id. Cam. 10 ; but ἱ. Ἑλληνικόν, opp. the toga, Luc. Merc.Cond. 25 ."",""ἱμάτια,τά , generally,clothes, Hdt. 1.9 , Pl. Plt. 279e , D. 27.10 ; by crasis, θαἰμάτια Hippon. 83.1 , Ar. V. 408 (lyr.), Lys. 1093 ; of grave-clothes,ἐν εἱμ. τρισὶ [θάπτειν] IG 12(5).593.2 (Iulis, v/iv B. ), cf. Plu. Sol. 21 ."",""metaph., ἱμάτια πόλεως τείχη Eust. 1871.50 ."",""generally,cloth, Hdt. 4.23 , D.S. 14.109 , Ael. VH 8.7 , Iamb. VP 21.100 . [ἱμ-in Att. Inscrr., IG 12.427 , 386.18 , 22.1514.16 , etc.;εἱμ-ib. 12(5) l.c. (εμ-lap.), 5(1).1390.16 , al.(Andania,i B.C.), which is easier to explain, v. εἷμα, εἱματισμός .]""]","[""a piece of dress"",""an outer garment"",""toga"",""togati"",""clothes"",""grave-clothes"",""cloth""]",[],"[{""biblio"":"""",""quote"":""λαμπρὸν ἱ. ἔχων""},{""biblio"":""Epich. | [277]"",""quote"":""λαμπρὸν ἱ. ἔχων Epich. [277]""},{""biblio"":"""",""quote"":""θοἰμάτιον καθεὶς ἄχρι τῶν σφυρῶν""},{""biblio"":""D. | 19.314"",""quote"":""θοἰμάτιον καθεὶς ἄχρι τῶν σφυρῶν D. 19.314""},{""biblio"":"""",""quote"":""ἱματίων ἕλξεις""},{""biblio"":""Pl. | Alc. | 1.122c"",""quote"":""ἱματίων ἕλξεις Pl. Alc. 1.122c""},{""biblio"":"""",""quote"":""θαἰμάτια""},{""biblio"":""Hippon. | 83.1"",""quote"":""θαἰμάτια Hippon. 83.1""},{""biblio"":"""",""quote"":""ἱμάτια πόλεως τείχη""},{""biblio"":""Eust. | 1871.50"",""quote"":""ἱμάτια πόλεως τείχη Eust. 1871.50""}]","[""D. | 19.314"",""Epich. | [277]"",""Eust. | 1871.50"",""Hippon. | 83.1"",""Pl. | Alc. | 1.122c""]",{},"[{""type"":""ref"",""target"":"""",""text"":""εἷμα, εἱματισμός""},{""type"":"""",""target"":"""",""text"":""v. εἷμα, εἱματισμός""}]",1,1,0,1,1,4,7,0,10
50452,10,809,n50452,ἱμᾰτιο-παραλήμπτης,,ὁ,829,,"[""collector of deliveries in kind in the form of clothing, BGU 1564.1 (ii A.D.).""]","[""collector of deliveries in kind in the form of clothing""]",[],[],[],{},[],1,1,0,0,0,1,1,0,0
50453,10,810,n50453,ἱμᾰτιο-πλύτης,,ὁ,829,,"[""ἱμᾰτιο-πλύτης[ῠ],ου,ὁ ,=κναφεύς, dub. in ib. 118iii7 (ii A.D.).""]",[],[],[],[],{},[],1,0,0,0,0,1,0,0,0
50454,10,811,n50454,ἱμᾰτιο-ποιί̈α,,ἡ,829,,"[""clothes-making, Gloss.""]","[""clothes-making,""]",[],[],[],{},[],1,1,0,0,0,1,1,0,0
50455,10,812,n50455,ἱμᾰτιο-πράτης,,ὁ,829,,"[""ἱμᾰτιο-πράτης[ᾱ],ου,ὁ ,= sq., Stud.Pal. 22.95.2 (iii A.D.).""]",[],[],[],[],{},[],1,0,0,0,0,1,0,0,0
50456,10,813,n50456,ἱμᾰτιο-πώλης,,ὁ,829,,"[""clothes-dealer, Critias Fr. 64D. , UPZ 8.32 (ii B.C.), AJP 38.418 (Egypt), Ephes. 3p.146 (εἱμ-), Ptol. Tetr. 179 :—also in form εἱματοπ.,Gloss.:—fem.ἱμᾰτιό-πωλις,ιδος, IG 2.3650 , Ath. 3.76a ; ἡ ἱ. ἀγορά Poll. 7.78 :""]","[""clothes-dealer""]","[""εἱμ-""]","[{""biblio"":"""",""quote"":""ἡ ἱ. ἀγορά""},{""biblio"":""Poll. | 7.78"",""quote"":""ἡ ἱ. ἀγορά Poll. 7.78""}]","[""Poll. | 7.78""]",{},[],1,1,1,1,0,1,1,1,2
50457,10,814,n50457,ἱμᾰτιο-πωλικόν,,τό,829,,"[""tax on clothes-dealers, PLeipz. 5.7 (Ber.Sächs.Ges.d.W. 37.245 (iii A.D.)).""]","[""tax on clothes-dealers, PLeipz."",""Ber.Sächs.Ges.d.W.""]",[],[],[],{},[],1,1,0,0,0,1,2,0,0
50458,10,815,n50458,ἱμᾰτιουργικός,,,829,,"[""skilled in making clothes:ἡ -κή(sc.τέχνη)the tailor's art, Pl. Plt. 280a , Gal. Thras. 26 .""]","[""skilled in making clothes"",""the tailor's art""]",[],[],[],{},[],1,1,0,0,0,1,2,0,0
50459,10,816,n50459,ἱμᾰτιο-φόριον,,τό,829,,"[""ἱμᾰτιο-φόριον,τό,= sq., Sammelb. 7033.42 , 43 (v A.D.).""]",[],[],[],[],{},[],1,0,0,0,0,1,0,0,0
50460,10,817,n50460,ἱμᾰτιο-φορίς,,ἡ,829,,"[""portmanteau, POxy. 116.10 (ii A.D.), Ammon. Diff. p.135 V.(cf. Ptol.Ascal. p.406H. ), Ael.Dion. Fr. 206 .""]","[""portmanteau,""]",[],[],[],{},[],1,1,0,0,0,1,1,0,0
50461,10,818,n50461,ἱμᾰτιο-φῠλᾰκέω,,,829,,"[""take care of clothes, Luc. Hipp. 8 .""]","[""take care of clothes""]",[],[],[],{},[],1,1,0,0,0,1,1,0,0
50462,10,819,n50462,ἱμᾰτιο-φῠλάκιον,,τό,829,,"[""wardrobe, Gloss. :—also in form εἱματοφ-, ib.""]","[""wardrobe,""]",[],[],[],{},[],1,1,0,0,0,1,1,0,0
50463,10,820,n50463,ἱμᾰτιο-φύλαξ,,ὁ,829,,"[""keeper of the wardrobe, LXX 4 Ki. 22.14 :—in form εἱματο-,Gloss.""]","[""keeper of the wardrobe""]",[],[],[],{},[],1,1,0,0,0,1,1,0,0
50464,10,821,n50464,ἱμᾰτισμός,,ὁ,829,,"[""clothing, apparel, Thphr. Char. 23.8 , Aen.Tact. 31.15 , SIG 1015.35 (Halic.,iii B.C.), PHib. 1.54 (iii B.C.), PCair.Zen. 28.1 (iii B.C.), BCH 6.24 (Delos,ii B.C.), Plb. 11.9.2 , Ev.Luc. 7.25 , Plu. Alex. 39 :εἱμ- PEleph. 1.4 (iv B.C.), IG 5(1).1390.15 (Andania,i B.C.), etc.""]","[""clothing, apparel""]",[],[],[],{},[],1,1,0,0,0,1,1,0,0
50465,10,822,n50465,ἱμάω,,,829,,"[""ἱμῆν Phot. :—draw up, esp. water from a well, Ath. 8.352a ; κάδῳ Orib. Eup. 1.1.2 :— Pass. ,to be tapped of, yield, γάλα Arist. HA 522b12 , PA 688b10 . (From ἱμάς 2f , acc. to Ael.Dion. Fr. 211 ;ἱμάω has ῑ(v.καθιμάω), like ἱμονιά, ἱμανήθρη , but ἱμαῖος has ῐ.)""]","[""draw up"",""to be tapped of, yield""]",[],"[{""biblio"":"""",""quote"":""ἱμῆν""},{""biblio"":""Phot."",""quote"":""ἱμῆν Phot.""},{""biblio"":"""",""quote"":""κάδῳ""},{""biblio"":""Orib. | Eup. | 1.1.2"",""quote"":""κάδῳ Orib. Eup. 1.1.2""},{""biblio"":"""",""quote"":""γάλα""},{""biblio"":""Arist. | HA | 522b12"",""quote"":""γάλα Arist. HA 522b12""},{""biblio"":"""",""quote"":""ἱμάς""},{""biblio"":""2f"",""quote"":""ἱμάς 2f""}]","[""2f"",""Arist. | HA | 522b12"",""Orib. | Eup. | 1.1.2"",""Phot.""]",{},"[{""type"":""ref"",""target"":"""",""text"":""ἱμονιά, ἱμανήθρη""},{""type"":"""",""target"":"""",""text"":""like ἱμονιά, ἱμανήθρη""}]",1,1,0,1,1,1,2,0,8
50466,10,823,n50466,ϝιμβάναι,,,829,,"[""= ἔγχελυς , at Methymna, Id. (cf. Lith.ungur[ytilde]s'eel').""]","[""ungur[ytilde]s""]",[],[],[],{},"[{""type"":""ref"",""target"":"""",""text"":""ἔγχελυς""},{""type"":"""",""target"":"""",""text"":""= ἔγχελυς""}]",1,1,0,0,1,1,1,0,0
50467,10,824,n50467,Ἴμβρος,,ἡ,829,,"[""the Imbrians, IG 12.198.101 .""]","[""the Imbrians,""]",[],[],[],{},[],1,1,0,0,0,1,1,0,0
50468,10,825,n50468,ἱμείρω,Adj.,,829,,"[""long for, desire, c. gen.,τί κακῶν ἱμείρετε τούτων . .; Od. 10.431 , cf. 555 , Hes. Sc. 31 ; μεγάλων B. 1.62 ; μάχης A. Ag. 940 ; βίου S. Fr. 952 , cf. Ar. Nu. 435 : c.inf.,long or wish to do, Alc. l.c., Sol. 13.7 , A. Pers. 233 , S. OT 587 , Ichn. 128 ; ὄσσα μοι τέλεσσαι θῦμος ἰμέρρει Sapph. l.c.: c.Adj.neut., γνωτὰ κοὐκ ἄγνωτά μοι προσήλθεθ' ἱμείροντες S. OT 59 : abs., Id. El. 1053 ; ἀσμένοις . . καὶ ἱμείρουσιν . . τὸ φῶς ἐγίγνετο Pl. Cra. 418d ."",""Med. ἱμείρομαι,aor. 1 ἱμειράμην ll. 14.163 :— Pass. ,aor. 1 ἱμέρθην Hdt. 7.44 : c. gen.,ὁππότ' ἂν ἡβήσῃ τε καὶ ἧς ἱμείρεται αἴης( Ep. aor. subj.) Od. 1.41 ; χρημάτων ἱ. μεγάλως Hdt. 3.123 : c.inf.,εἴ πως ἱμείραιτο παραδραθέειν φιλότητι(cf.ἵμερος) Il. 14.163 , cf. Od. 1.59 , Hdt. 6.120 , S. OT 386 .— Ep. , Ion. ( Hdt. and Hp. Morb. 4.39 ), and Trag. word: never in Att. Prose; introduced as etym. in Pl. Cra. l.c.""]","[""long for, desire"",""long"",""wish""]","[""ἵμερος""]","[{""biblio"":"""",""quote"":""μεγάλων""},{""biblio"":""B. | 1.62"",""quote"":""μεγάλων B. 1.62""},{""biblio"":"""",""quote"":""μάχης""},{""biblio"":""A. | Ag. | 940"",""quote"":""μάχης A. Ag. 940""},{""biblio"":"""",""quote"":""βίου""},{""biblio"":""S. | Fr. | 952"",""quote"":""βίου S. Fr. 952""},{""biblio"":"""",""quote"":""ὄσσα μοι τέλεσσαι θῦμος ἰμέρρει""},{""biblio"":""Sapph."",""quote"":""ὄσσα μοι τέλεσσαι θῦμος ἰμέρρει Sapph.""},{""biblio"":"""",""quote"":""γνωτὰ κοὐκ ἄγνωτά μοι προσήλθεθ' ἱμείροντες""},{""biblio"":""S. | OT | 59"",""quote"":""γνωτὰ κοὐκ ἄγνωτά μοι προσήλθεθ' ἱμείροντες S. OT 59""},{""biblio"":"""",""quote"":""ἀσμένοις . . καὶ ἱμείρουσιν . . τὸ φῶς ἐγίγνετο""},{""biblio"":""Pl. | Cra. | 418d"",""quote"":""ἀσμένοις . . καὶ ἱμείρουσιν . . τὸ φῶς ἐγίγνετο Pl. Cra. 418d""},{""biblio"":"""",""quote"":""ἱμέρθην""},{""biblio"":""Hdt. | 7.44"",""quote"":""ἱμέρθην Hdt. 7.44""},{""biblio"":"""",""quote"":""χρημάτων ἱ. μεγάλως""},{""biblio"":""Hdt. | 3.123"",""quote"":""χρημάτων ἱ. μεγάλως Hdt. 3.123""}]","[""A. | Ag. | 940"",""B. | 1.62"",""Hdt. | 3.123"",""Hdt. | 7.44"",""Pl. | Cra. | 418d"",""S. | Fr. | 952"",""S. | OT | 59"",""Sapph.""]",{},[],1,1,1,1,0,2,3,1,16
50469,10,826,n50469,ἴμεν,,,829,,"[""ibo).""]","[""ibo""]",[],[],[],{},[],1,1,0,0,0,1,1,0,0
50470,10,827,n50470,ἱμέρα,,ἡ,829,,"[""ἱμέρα,ἡ, old collat. form of ἡμέρα, acc. to Pl. Cra. 418c , 418d .""]",[],[],[],[],{},[],1,0,0,0,0,1,0,0,0
50471,10,828,n50471,ἱμεράμπυξ,,ἡ,829,,"[""with lovely diadem, θεά B. 16.9 .""]","[""with lovely diadem""]",[],"[{""biblio"":"""",""quote"":""θεά""},{""biblio"":""B. | 16.9"",""quote"":""θεά B. 16.9""}]","[""B. | 16.9""]",{},[],1,1,0,1,0,1,1,0,2
50472,10,829,n50472,ἱμερό-γυιος,,,829,,"[""with lovely limbs, B. 12.137 .""]","[""with lovely limbs""]",[],[],[],{},[],1,1,0,0,0,1,1,0,0
50473,10,830,n50473,ἱμερό-εις,,,829,830,"[""exciting desire, lovely, charming, in Hom. always of things, ἱμερόεντα . . ἔργα γάμοιο Il. 5.429 , etc.; χροὸς ἱμερόεντος 14.170 ;ἀοιδή, ἔπεα, Od. 1.421 , 17.519 ;γόος(cf.ἵμερος) 10.398 ; Χαρίτων χορὸν ἱμερόεντα 18.194 , cf. Il. 18.603 ;ἱμερόεν κιθάριζε ib. 570 ; so later κισσός D.P. 947 ; ἔρωτες AP 5.277 ( Agath. ); of persons, Pi. Fr. 87 ( Sup. ), Thgn. 1365 ( Sup. ), Theoc. 7.118 ; νύμφη Coluth. 295 .""]","[""exciting desire, lovely, charming""]","[""ἵμερος""]","[{""biblio"":"""",""quote"":""ἱμερόεντα . . ἔργα γάμοιο""},{""biblio"":""Il. | 5.429"",""quote"":""ἱμερόεντα . . ἔργα γάμοιο Il. 5.429""},{""biblio"":"""",""quote"":""χροὸς ἱμερόεντος""},{""biblio"":""14.170"",""quote"":""χροὸς ἱμερόεντος 14.170""},{""biblio"":"""",""quote"":""Χαρίτων χορὸν ἱμερόεντα""},{""biblio"":""18.194"",""quote"":""Χαρίτων χορὸν ἱμερόεντα 18.194""},{""biblio"":"""",""quote"":""κισσός""},{""biblio"":""D.P. | 947"",""quote"":""κισσός D.P. 947""},{""biblio"":"""",""quote"":""ἔρωτες""},{""biblio"":""AP | 5.277"",""quote"":""ἔρωτες AP 5.277""},{""biblio"":"""",""quote"":""νύμφη""},{""biblio"":""Coluth. | 295"",""quote"":""νύμφη Coluth. 295""}]","[""14.170"",""18.194"",""AP | 5.277"",""Coluth. | 295"",""D.P. | 947"",""Il. | 5.429""]",{},[],1,1,1,1,0,1,1,1,12
50474,10,831,n50474,ἱμερο-θᾱλής,,,829,,"[""sweetly blooming, ἔαρ AP 9.564 (Nicias): vulg.ἡμεροθ-.""]","[""sweetly blooming""]","[""θάλλω""]","[{""biblio"":"""",""quote"":""ἔαρ""},{""biblio"":""AP | 9.564"",""quote"":""ἔαρ AP 9.564""}]","[""AP | 9.564""]",{},[],1,1,1,1,0,1,1,1,2
50475,10,832,n50475,ἱμερό-νους,,,829,,"[""lovely of soul, Orph. H. 56.8 .""]","[""lovely of soul""]",[],[],[],{},[],1,1,0,0,0,1,1,0,0
50476,10,833,n50476,ἱμερό-ομαι,,,829,,"[""have sexual intercourse with,τοῦ ἀνδρός, or abs., Hp. Mul. 1.12 , 24 .""]","[""have sexual intercourse with""]",[],[],[],{},[],1,1,0,0,0,1,1,0,0
50477,10,834,n50477,ἱμερό-πνους,,,829,,"[""breathing sweetness, BMus. Inscr. 1084 .""]","[""breathing sweetness, BMus. Inscr.""]",[],[],[],{},[],1,1,0,0,0,1,1,0,0
50478,10,835,n50478,ἵμερος,Adj.,ὁ,829,,"[""longing, yearning after, c. gen. rei, σίτου . . περὶ φρένας ἵμερος αἱρεῖ Il. 11.89 , etc.;γόου ἵμερον ὦρσε raised [in them]a yearning after tears, i.e. a desire of the soul to disburden itself in grief, 23.14 ; ὑφ' ἵμερος ὦρτο γόοιο Od. 16.215 , etc.: with gen. obj. added,πατρὸς ὑφ' ἵμερον ὦρσε γόοιο for his father, 4.113 ;ἵμερον ἔχειν, = ἱμείρεσθαι , c.inf., Hdt. 5.106 , 7.43 ; ἵμερος ἔχει με . . ἰδεῖν S. OC 1725 (lyr.), cf. Sapph. Supp. 24.11 ; ἵ. ἐπείρεσθαί μοι ἐπῆλθέ Hdt. 1.30 , cf. 9.3 ;τῶν(sc.δενδρέων) γλυκὺς ἵ. ἔσχεν . . φυτεῦσαι Pi. O. 3.33 : in pl.,πολλοὶ γὰρ εἰς ἓν ξυμπίτνουσιν ἵ. various impulses or emotions, A. Ch. 299 , cf. Phld. Ir. p.37 W., Piet. 20 ."",""abs.,desire, love, ὥς σεο νῦν ἔραμαι καί με γλυκὺς ἵ. αἱρεῖ Il. 3.446 ;δὸς νῦν μοι φιλότητα καὶ ἵ. 14.198 ; δαμέντα φρένας ἱμέρῳ Pi. O. 1.41 , cf. Sapph. Supp. 25.16 ; ἱμέρῳ πεπληγμένος A. Ag. 544 ; ἱμέρου νικώμενος Id. Supp. 1005 , cf. Pr. 649 , S. Tr. 476 , Ar. Ra. 59 ;βλεφάρων ἵ. S. Ant. 796 (lyr.)."",""personified,Χάριτές τε καὶ Ἵ. Hes. Th. 64 ; Ἔρως . . χαρίτων, ἱμέρου, πόθου πατήρ Pl. Smp. 197d , cf. Luc. DDeor. 20.15 , Nonn. D. 1.68 , al."",""as Adj., only in neut. as Adv., ἵμερον αὐλήσαντι AP 9.266 (Antip.);ἵμερα μελίζεσθαι, δακρῦσαι, ib. 7.30 (Antip. Sid.), 364 (Marc. Arg.).— Poet., exc. in Pl. and Ion. and later Prose, as Hdt. ll. cc., Hp. Aër. 22 , Phld. ll. cc., Acad.Ind. p.56M. (Sts. derived fr.is-mero-, cf. Skt.i[snull ][tnull ]ás'desired',i[snull ]más'god of love', but Aeol. texts have ἴμερος, ἰμέρρω, never ἰμμ-; cf.ἡμερτόν: ἐπέραστον, Hsch. (s.v.l.).)""]","[""longing, yearning after"",""a yearning"",""for"",""impulses"",""emotions"",""desire, love"",""Aër."",""is-mero-"",""i[snull ][tnull ]ás"",""i[snull ]más""]",[],"[{""biblio"":"""",""quote"":""σίτου . . περὶ φρένας ἵμερος αἱρεῖ""},{""biblio"":""Il. | 11.89"",""quote"":""σίτου . . περὶ φρένας ἵμερος αἱρεῖ Il. 11.89""},{""biblio"":"""",""quote"":""ὑφ' ἵμερος ὦρτο γόοιο""},{""biblio"":""Od. | 16.215"",""quote"":""ὑφ' ἵμερος ὦρτο γόοιο Od. 16.215""},{""biblio"":"""",""quote"":""ἵμερος ἔχει με . . ἰδεῖν""},{""biblio"":""S. | OC | 1725"",""quote"":""ἵμερος ἔχει με . . ἰδεῖν S. OC 1725""},{""biblio"":"""",""quote"":""ἵ. ἐπείρεσθαί μοι ἐπῆλθέ""},{""biblio"":""Hdt. | 1.30"",""quote"":""ἵ. ἐπείρεσθαί μοι ἐπῆλθέ Hdt. 1.30""},{""biblio"":"""",""quote"":""γλυκὺς ἵ. ἔσχεν . . φυτεῦσαι""},{""biblio"":""Pi. | O. | 3.33"",""quote"":""γλυκὺς ἵ. ἔσχεν . . φυτεῦσαι Pi. O. 3.33""},{""biblio"":"""",""quote"":""ὥς σεο νῦν ἔραμαι καί με γλυκὺς ἵ. αἱρεῖ""},{""biblio"":""Il. | 3.446"",""quote"":""ὥς σεο νῦν ἔραμαι καί με γλυκὺς ἵ. αἱρεῖ Il. 3.446""},{""biblio"":"""",""quote"":""δαμέντα φρένας ἱμέρῳ""},{""biblio"":""Pi. | O. | 1.41"",""quote"":""δαμέντα φρένας ἱμέρῳ Pi. O. 1.41""},{""biblio"":"""",""quote"":""ἱμέρῳ πεπληγμένος""},{""biblio"":""A. | Ag. | 544"",""quote"":""ἱμέρῳ πεπληγμένος A. Ag. 544""},{""biblio"":"""",""quote"":""ἱμέρου νικώμενος""},{""biblio"":""Id. | Supp. | 1005"",""quote"":""ἱμέρου νικώμενος Id. Supp. 1005""},{""biblio"":"""",""quote"":""Ἔρως . . χαρίτων, ἱμέρου, πόθου πατήρ""},{""biblio"":""Pl. | Smp. | 197d"",""quote"":""Ἔρως . . χαρίτων, ἱμέρου, πόθου πατήρ Pl. Smp. 197d""},{""biblio"":"""",""quote"":""ἵμερον αὐλήσαντι""},{""biblio"":""AP | 9.266"",""quote"":""ἵμερον αὐλήσαντι AP 9.266""}]","[""A. | Ag. | 544"",""AP | 9.266"",""Hdt. | 1.30"",""Id. | Supp. | 1005"",""Il. | 11.89"",""Il. | 3.446"",""Od. | 16.215"",""Pi. | O. | 1.41"",""Pi. | O. | 3.33"",""Pl. | Smp. | 197d"",""S. | OC | 1725""]",{},"[{""type"":""ref"",""target"":"""",""text"":""ἱμείρεσθαι""},{""type"":"""",""target"":"""",""text"":""= ἱμείρεσθαι""}]",1,1,0,1,1,4,10,0,22
50479,10,836,n50479,ἱμερό-φρων,,ὁ,829,,"[""lovely in spirit, Doroth. ap. Heph.Astr. 3.9 .""]","[""lovely in spirit""]",[],[],[],{},[],1,1,0,0,0,1,1,0,0
50480,10,837,n50480,ἱμερό-φωνος,,,829,,"[""of lovely voice or song, ἀηδών Sapph. 39 , Alcm. 26 (vulg.ἱεροφ-), Theoc. 28.7 .""]","[""of lovely voice"",""song""]",[],"[{""biblio"":"""",""quote"":""ἀηδών""},{""biblio"":""Sapph. | 39"",""quote"":""ἀηδών Sapph. 39""}]","[""Sapph. | 39""]",{},[],1,1,0,1,0,1,2,0,2
50481,10,838,n50481,ἰμέρρω,,,829,,"[""ἰμέρρω [ῑ], Aeol. for ἱμείρω(q.v.).""]",[],[],[],[],{},[],1,0,0,0,0,1,0,0,0
50482,10,839,n50482,ἱμερτός,,τό,829,,"[""longed for, desired, lovely, Τιταρήσιος Il. 2.751 ; ὕδατα A.R. 2.939 ; Σαλαμίς Sol. 1.1 ; κίθαρις h.Merc. 510 ; στέφανοι Hes. Th. 577 ; κόμα Sapph. 119 ; λέχος Pi. P. 3.99 ;ἀοιδαί, δόξα, Id. O. 6.7 , P. 9.75 ;ἱ. ἡλικίη dear life, Simon. 115 ; of persons, AP 5.297 ( Jul. ); epith. of Apollo and Dionysus, ib. 9.524.10 , 525.10 .— Poet. and later Prose, as Epicur. Fr. 165 , Luc. DDeor. 20.15 :ἱμερτόν,τό , Plu. 2.926f ;ἐφ' ἱμερτοῖσιν prob. from a poet, ib. 394b .""]","[""longed for, desired, lovely"",""dear""]","[""ἱμείρω""]","[{""biblio"":"""",""quote"":""Τιταρήσιος""},{""biblio"":""Il. | 2.751"",""quote"":""Τιταρήσιος Il. 2.751""},{""biblio"":"""",""quote"":""ὕδατα""},{""biblio"":""A.R. | 2.939"",""quote"":""ὕδατα A.R. 2.939""},{""biblio"":"""",""quote"":""Σαλαμίς""},{""biblio"":""Sol. | 1.1"",""quote"":""Σαλαμίς Sol. 1.1""},{""biblio"":"""",""quote"":""κίθαρις""},{""biblio"":""h.Merc. | 510"",""quote"":""κίθαρις h.Merc. 510""},{""biblio"":"""",""quote"":""στέφανοι""},{""biblio"":""Hes. | Th. | 577"",""quote"":""στέφανοι Hes. Th. 577""},{""biblio"":"""",""quote"":""κόμα""},{""biblio"":""Sapph. | 119"",""quote"":""κόμα Sapph. 119""},{""biblio"":"""",""quote"":""λέχος""},{""biblio"":""Pi. | P. | 3.99"",""quote"":""λέχος Pi. P. 3.99""}]","[""A.R. | 2.939"",""Hes. | Th. | 577"",""Il. | 2.751"",""Pi. | P. | 3.99"",""Sapph. | 119"",""Sol. | 1.1"",""h.Merc. | 510""]",{},[],1,1,1,1,0,1,2,1,14
50483,10,840,n50483,ἱμερώδης,,,829,,"[""ἱμερώδης[ῑ],ες ,=ἱμερόεις, Callistr. Stat. 11 .""]",[],[],[],[],{},[],1,0,0,0,0,1,0,0,0
50484,10,841,n50484,ἰμέσος,,,829,,"[""between, ἰ. Πελειᾶν Schwyzer 664.17 (Orchom. Arc. ,iv B.C.); also ἰμέσουν τοῖς Διδύμοιυν ib. 25 ; prob. fr.ἰν( = ἐν )μεσ-.""]","[""between""]",[],"[{""biblio"":"""",""quote"":""ἰ. Πελειᾶν""},{""biblio"":""Schwyzer | 664.17"",""quote"":""ἰ. Πελειᾶν Schwyzer 664.17""}]","[""Schwyzer | 664.17""]",{},"[{""type"":""ref"",""target"":"""",""text"":""ἐν""},{""type"":"""",""target"":"""",""text"":""= ἐν""}]",1,1,0,1,1,1,1,0,2
50485,10,842,n50485,ἴμεστος:,,,829,,"[""drawn out as from a well, Id.ἰμίτραὁν: ὑπόζωσον(-στον cod.) ( Cypr. ), Id.""]","[""drawn out as from a well""]","[""ἱμάω""]",[],[],{},[],1,1,1,0,0,1,1,1,0
50486,10,843,n50486,ἰμμεμφής,,,829,,"[""v. ἐμμεμφής .""]",[],[],[],[],{},"[{""type"":""ref"",""target"":"""",""text"":""ἐμμεμφής""},{""type"":"""",""target"":"""",""text"":""v. ἐμμεμφής""}]",1,0,0,0,1,1,0,0,0
50487,10,844,n50487,ἴμμεναι,,,829,,"[""ibo).""]","[""ibo""]",[],[],[],{},[],1,1,0,0,0,1,1,0,0
50488,10,845,n50488,ἱμονιά,,ἡ,829,,"[""well-rope, Alex. 174.9 , Apollod.Gel. 1 (pl.), Ph. 2.89 (pl.), Luc. Icar. 7 , JConf. 8 , Hsch. ;ἱμονιάν(abs.)a rope's length, i.e. as long as a bucket takes to go down and come up a well, Ar. Ec. 351 .""]","[""well-rope"",""a rope's length""]","[""ἱμάς""]",[],[],{},[],1,1,1,0,0,1,2,1,0
50489,10,846,n50489,ἱμονιοστρόφος,,ὁ,829,,"[""water-drawer, Ar. Ra. 1297 .""]","[""water-drawer""]",[],[],[],{},[],1,1,0,0,0,1,1,0,0
50490,10,847,n50490,ἴμοροι:,,ἡ,829,,"[""v. ἔμπασις .ἰμπάταὁν: ἔμβλεψον(Paph.), Id.ἰμπλατία,ἡ, Arc. for ἐμπλ-, a sacrificial cake, IG 5(2).4 (Tegea,iv B.C.).ἰμπολά, v. ἐμπολή .ἰμπόλης: ληπτής, Hsch. (perh. Arc. for ἐμπολεύς).ἴμπτω, v. ἴπτω .Ἴμψιος, epith. of Poseidon in Syria, Hsch. ἵν, dat. and acc. of the old pers. Pron.ἵ(q.v.).ἰν, Arc. , Cypr. , and Cret. for ἐν(q.v.).""]","[""cake,""]",[],[],[],{},"[{""type"":""ref"",""target"":"""",""text"":""ἔμπασις""},{""type"":"""",""target"":"""",""text"":""v. ἔμπασις""},{""type"":""ref"",""target"":"""",""text"":""ἐμπολή""},{""type"":"""",""target"":"""",""text"":""v. ἐμπολή""},{""type"":""ref"",""target"":"""",""text"":""ἴπτω""},{""type"":"""",""target"":"""",""text"":""v. ἴπτω""}]",1,1,0,0,1,1,1,0,0
50491,10,848,n50491,ἵν,,τό,829,,"[""ἵν or εἵν, gen.εἱνός,τό , an Egyptian and Jewish liquid measure, LXX Ex. 29.40 , al., J. AJ 3.9.4 , Eust. 1282.51 (indecl.in LXX ll. cc.); cf.ἵνιον.""]",[],[],[],[],{},[],1,0,0,0,0,1,0,0,0
50492,10,849,n50492,ἵνα,Adv.,,829,,"[""Adv.,"",""of Place,"",""in that place, there, once in Hom. , ἵ. γάρ σφιν ἐπέφραδον ἠγερέθεσθαι Il. 10.127 (acc.to Eust. )."",""elsewh. relat.,in which place, where, 2.558 , Od. 9.136 , Hdt. 2.133 , 9.27 , 54 , Pi. O. 1.95 , B. 10.79 , A. Pr. 21 , al., S. El. 22 , 855 , Ar. Ra. 1231 , etc.: rarely in Att. Prose, Lys. 13.72 (v. infr.), Pl. Ap. 17c , Phlb. 61b ;ἵ. ἡ Νίκη(sc.ἐστίν) IG 22.1407.13 : rare in later Greek, Arr. An. 1.3.2 , Luc. Cont. 22 , Ind. 3 : with particles, ἵ. τε Il. 20.478 ; ἵ. περ 24.382 , Od. 13.364 , Lys. l.c.;ἵν' ἄν c.subj.,wherever, S. OC 405 , E. Ion 315 ; as indirect interrog., Hdt. 1.179 , 2.150 , E. Hec. 1008 ."",""after Hom. ,like other Advs. of Place, c. gen., ἵ. τῆς χώρης Hdt. 1.98 ;ἔμαθε ἵ. ἦν κακοῦ in what a calamity, Id. 1.213 ; οὐδ' ὁρᾶν ἵν' ἐ͂ κακοῦ S. OT 367 ;ἵν' ἕσταμεν χρείας ib. 1442 ; ἵν' ἦμεν ἄτης Id. El. 936 ; ὁρᾷς ἵν' ἐσμὲν αὐτοῦ πέρι τῆς ἀπορίας Pl. Sph. 243b ."",""with Verbs of motion,whither, Od. 4.821 , al.; ὁρᾷς ἵν' ἥκεις S. OT 687 , al., Din. 2.10 ; ̔́ιναπερ ὥρμητο Th. 4.74 ."",""of circumstance,γάμος . . , ἵ. χρή at which, when, Od. 6.27 ;ἵ. μὲν ἐξῆν αὐτοῖς . . , ἐνταῦθα . . when it was in their power, Antipho 6.9 ."",""= ἐάν , dub. in Il. 7.353 ( v.l. ἵν' ἄν , cf. Sch.), Archil. 74.7 codd.,v.l. in Din. 1.1 , and Pl. Chrm. 176b ."",""Final Conj.,that, in order that, from Hom. downwards, mostly first word in the clause, but sts. preceded by an emphatic word, Pl. Chrm. 169d ; ἵ. δή Il. 7.26 , 23.207 , Hdt. 1.29 , Pl. R. 420e , 610c : never with ἄν or κε(if found, these particles belong to the Verb, as in Od. 12.156 , E. IA 1579 )."",""general usage:"",""with subj.,"",""after primary tenses of ind., also subj.and imper.:pres.ind., Il. 3.252 , Od. 2.111 , X. Mem. 3.2.3 , Cyr. 1.2.11 , Isoc. 3.2 :pf.ind., Il. 1.203 , Isoc. 4.129 :fut., Od. 2.307 , 4.591 , X. Cyr. 1.2.15 ;subj., S. OT 364 ; imper., Il. 19.348 ,al., A. Pr. 61 , S. Ph. 880 , Ar. Ra. 297 , Pl. R. 341b , Men. 71d ."",""after historical tenses, in similes, where the aor.is gnomic, Od. 5.490 (αὔοι codd.); where aor.is treated as equiv. to pf., Il. 9.99 , Od. 8.580 , Hdt. 5.91 , Lys. 1.4 , D. 9.26 : when the purpose is regarded from the point of view of the speaker's present, σὲ παῖδα ποιεύμην ἵ. μοι . . λοιγὸν ἀμύνῃς Il. 9.495 , cf. Hdt. 1.29 , 6.100 , Th. 1.44 , al., Lys. 1.11 , 12 ,al."",""after opt. and ἄν, when opt. with οὐκ ἄν is used with sense of imper., Il. 24.264 , Od. 6.58 ; after βουλοίμην ἄν . ., Lys. 7.12 ."",""after impf.with ἄν, D. 23.7 ."",""with opt.,"",""after historical tenses, Il. 5.3 , Od. 3.2 , A. Th. 215 , Lys. 3.11 , Pl. Prt. 314c , etc.: after the historical pres., E. Hec. 11 : sts. both moods,subj.and opt., follow in consecutive clauses, Od. 3.77 , Hdt. 8.76 , 9.51 , D. 23.93 , 49.14 ."",""after opt., Od. 18.369 , S. Ph. 325 ; βούλοιντ' ἂν ἡμᾶς ἐξολωλέναι, ἵνα . . λάβοιεν Ar. Pax 413 ."",""rarely after primary tenses, by a shifting of the point of view, Od. 17.250 , Ar. Ra. 24 , Pl. R. 410c ."",""with past tenses of ind.,"",""after unfulfilled wishes, Id. Cri. 44d ."",""after ind. with ἄν, to express a consequence which has not followed or cannot follow, S. OT 1389 , Pl. Men. 89b , D. 29.17 : esp. after ἐβουλόμην ἄν . ., Ar. V. 961 , Lys. 4.3 ."",""after such Verbs as ἐχρῆν, ἔδει, E. Hipp. 647 , Pl. Prt. 335c , Smp. 181e , Euthd. 304e , Isoc. 9.5 , D. 24.48 , Men. 349.5 , etc.: whenan unfulfilled obligation is implied,τεθαύμακα ὅτι οὐκ εἶπεν( = ἔδει εἰπεῖν ) . . ἵ . . . Pl. Tht. 161c ;ἀντὶ τοῦ κοσμεῖν( = δέον κοσμεῖν ) . . ἵ . . . D. 36.47 ."",""after pres.ind. in general statements (including the past), οὐδὲ γὰρ τὸ εἶναι ἔχει ἡ ὕλη, ἱ. ἀγαθοῦ ταύτῃ μετεῖχεν Plot. 1.8.5 ."",""ἵ. μή as the neg. of ἵνα,that not, Il. 19.348 , etc."",""special usages:"",""like ὅπως , after Verbs of command and entreaty, is common only in later Gr. (but cf. Od. 3.327 with ib. 19 ),ἀξιοῦν ἵ . . .Decr. ap. D. 18.155 ; δεήσεσθαι ἵ . . . D.H. 1.83 ; παρακαλεῖν ἵ . . . Arr. Epict. 3.23.27 : freq. in NT, ἐκήρυξαν ἵ. μετανοήσωσιν Ev.Marc. 6.12 , al.; of will,ὅσα ἐὰν θέλητε ἵ. ποιῶσιν . .ib. 25 : hence ἵ.c.subj.stands for infin.,ἐν τούτῳ ἵ. καρπὸν φέρητε( = ἐν τῷ φέρειν ) Ev.Jo. 15.8 , etc.; πρῶτόν ἐστιν ἵ. κοιμηθῶ Arr. Epict. 1.10.8 , cf. M.Ant. 8.29 ; also for ὥστε, LXX Ge. 22.14 ,al., Plu. 2.333a , Porph. Abst. 2.33 , etc."",""because,ἵ. ἀναγνῶ ἐτιμήθην I was honoured because I read, Anon. ap. A.D. Synt. 266.5 , cf. Conj. 243.21 , Choerob. in Theod. 2.257 , al.; not found in literature."",""elliptical usages,"",""where the purpose of the utterance is stated,Ζεὺς ἔσθ', ἵν' εἰδῇς'tis Zeus,— [I tell thee this]that thou may'st know it, S. Ph. 989 ; ἵ. μὴ εἴπω ὅτι οὐδεμιᾷ Pl. R. 507d ; ἵ. συντέμω D. 45.5 ; ἵν' ἐκ τούτων ἄρξωμαι Id. 21.43 ;ἵ. δῶμεν . . granted that . ., S.E. P. 2.34 , cf. 1.79 ."",""in commands, introducing a principal sentence,ἵ. συντάξῃς order him . . , PCair.Zen. 240.12 (iii B.C.); ἵ. λαλήσῃς PSI 4.412.1 (iii B.C.); ἵ. ἐλθὼν ἐπιθῇς τὰς χεῖρας αὐτῇ Ev.Marc. 5.23 ,cf. 2 Ep.Cor. 8.7 , LXX 2 Ma. 1.9 , Arr. Epict. 4.1.41 , Did. ap. Sch. S. OC 156 ."",""ἵ. τί(sc.γένηται);to what end?either abs. or as a question, Ar. Ec. 719 ; or with a Verb following, Id. Pax 409 , cf. Pl. Ap. 26d , etc.;ἵ. δὴ τί; Ar. Nu. 1192 ."",""in indignant exclamations,to think that . . ! Σωκράτης ἵ. πάθῃ ταῦτα Arr. Epict. 1.29.16 ."",""in later Gr. with ind., LXX Ex. 1.11 ,al., Ep.Gal. 2.4 , 4.17 , etc.""]","[""in that place, there"",""in which place, where"",""wherever"",""in what"",""whither"",""at which, when"",""when"",""that, in order that"",""that not"",""because"",""because"",""that"",""granted that . ."",""order"",""to what end?"",""to think that . . !""]",[],"[{""biblio"":"""",""quote"":""ἵ. γάρ σφιν ἐπέφραδον ἠγερέθεσθαι""},{""biblio"":""Il. | 10.127"",""quote"":""ἵ. γάρ σφιν ἐπέφραδον ἠγερέθεσθαι Il. 10.127""},{""biblio"":"""",""quote"":""ἵ. τε""},{""biblio"":""Il. | 20.478"",""quote"":""ἵ. τε Il. 20.478""},{""biblio"":"""",""quote"":""ἵ. περ""},{""biblio"":""24.382"",""quote"":""ἵ. περ 24.382""},{""biblio"":"""",""quote"":""ἵ. τῆς χώρης""},{""biblio"":""Hdt. | 1.98"",""quote"":""ἵ. τῆς χώρης Hdt. 1.98""},{""biblio"":"""",""quote"":""οὐδ' ὁρᾶν ἵν' ἐ͂ κακοῦ""},{""biblio"":""S. | OT | 367"",""quote"":""οὐδ' ὁρᾶν ἵν' ἐ͂ κακοῦ S. OT 367""},{""biblio"":"""",""quote"":""ἵν' ἦμεν ἄτης""},{""biblio"":""Id. | El. | 936"",""quote"":""ἵν' ἦμεν ἄτης Id. El. 936""},{""biblio"":"""",""quote"":""ὁρᾷς ἵν' ἐσμὲν αὐτοῦ πέρι τῆς ἀπορίας""},{""biblio"":""Pl. | Sph. | 243b"",""quote"":""ὁρᾷς ἵν' ἐσμὲν αὐτοῦ πέρι τῆς ἀπορίας Pl. Sph. 243b""},{""biblio"":"""",""quote"":""ὁρᾷς ἵν' ἥκεις""},{""biblio"":""S. | OT | 687"",""quote"":""ὁρᾷς ἵν' ἥκεις S. OT 687""},{""biblio"":"""",""quote"":""̔́ιναπερ ὥρμητο""},{""biblio"":""Th. | 4.74"",""quote"":""̔́ιναπερ ὥρμητο Th. 4.74""},{""biblio"":"""",""quote"":""ἵ. δή""},{""biblio"":""Il. | 7.26"",""quote"":""ἵ. δή Il. 7.26""},{""biblio"":"""",""quote"":""σὲ παῖδα ποιεύμην ἵ. μοι . . λοιγὸν ἀμύνῃς""},{""biblio"":""Il. | 9.495"",""quote"":""σὲ παῖδα ποιεύμην ἵ. μοι . . λοιγὸν ἀμύνῃς Il. 9.495""},{""biblio"":"""",""quote"":""βούλοιντ' ἂν ἡμᾶς ἐξολωλέναι, ἵνα . . λάβοιεν""},{""biblio"":""Ar. | Pax | 413"",""quote"":""βούλοιντ' ἂν ἡμᾶς ἐξολωλέναι, ἵνα . . λάβοιεν Ar. Pax 413""},{""biblio"":"""",""quote"":"". . ἵ . . .""},{""biblio"":""Pl. | Tht. | 161c"",""quote"":"". . ἵ . . . Pl. Tht. 161c""},{""biblio"":"""",""quote"":"". . ἵ . . .""},{""biblio"":""D. | 36.47"",""quote"":"". . ἵ . . . D. 36.47""},{""biblio"":"""",""quote"":""οὐδὲ γὰρ τὸ εἶναι ἔχει ἡ ὕλη, ἱ. ἀγαθοῦ ταύτῃ μετεῖχεν""},{""biblio"":""Plot. | 1.8.5"",""quote"":""οὐδὲ γὰρ τὸ εἶναι ἔχει ἡ ὕλη, ἱ. ἀγαθοῦ ταύτῃ μετεῖχεν Plot. 1.8.5""},{""biblio"":"""",""quote"":""δεήσεσθαι ἵ . . .""},{""biblio"":""D.H. | 1.83"",""quote"":""δεήσεσθαι ἵ . . . D.H. 1.83""},{""biblio"":"""",""quote"":""παρακαλεῖν ἵ . . .""},{""biblio"":""Arr. | Epict. | 3.23.27"",""quote"":""παρακαλεῖν ἵ . . . Arr. Epict. 3.23.27""},{""biblio"":"""",""quote"":""ἐκήρυξαν ἵ. μετανοήσωσιν""},{""biblio"":""Ev.Marc. | 6.12"",""quote"":""ἐκήρυξαν ἵ. μετανοήσωσιν Ev.Marc. 6.12""},{""biblio"":"""",""quote"":""πρῶτόν ἐστιν ἵ. κοιμηθῶ""},{""biblio"":""Arr. | Epict. | 1.10.8"",""quote"":""πρῶτόν ἐστιν ἵ. κοιμηθῶ Arr. Epict. 1.10.8""},{""biblio"":"""",""quote"":""ἵ. μὴ εἴπω ὅτι οὐδεμιᾷ""},{""biblio"":""Pl. | R. | 507d"",""quote"":""ἵ. μὴ εἴπω ὅτι οὐδεμιᾷ Pl. R. 507d""},{""biblio"":"""",""quote"":""ἵ. συντέμω""},{""biblio"":""D. | 45.5"",""quote"":""ἵ. συντέμω D. 45.5""},{""biblio"":"""",""quote"":""ἵν' ἐκ τούτων ἄρξωμαι""},{""biblio"":""Id. | 21.43"",""quote"":""ἵν' ἐκ τούτων ἄρξωμαι Id. 21.43""},{""biblio"":"""",""quote"":""ἵ. λαλήσῃς""},{""biblio"":""PSI | 4.412.1"",""quote"":""ἵ. λαλήσῃς PSI 4.412.1""},{""biblio"":"""",""quote"":""ἵ. ἐλθὼν ἐπιθῇς τὰς χεῖρας αὐτῇ""},{""biblio"":""Ev.Marc. | 5.23"",""quote"":""ἵ. ἐλθὼν ἐπιθῇς τὰς χεῖρας αὐτῇ Ev.Marc. 5.23""},{""biblio"":"""",""quote"":""Σωκράτης ἵ. πάθῃ ταῦτα""},{""biblio"":""Arr. | Epict. | 1.29.16"",""quote"":""Σωκράτης ἵ. πάθῃ ταῦτα Arr. Epict. 1.29.16""}]","[""24.382"",""Ar. | Pax | 413"",""Arr. | Epict. | 1.10.8"",""Arr. | Epict. | 1.29.16"",""Arr. | Epict. | 3.23.27"",""D. | 36.47"",""D. | 45.5"",""D.H. | 1.83"",""Ev.Marc. | 5.23"",""Ev.Marc. | 6.12"",""Hdt. | 1.98"",""Id. | 21.43"",""Id. | El. | 936"",""Il. | 10.127"",""Il. | 20.478"",""Il. | 7.26"",""Il. | 9.495"",""PSI | 4.412.1"",""Pl. | R. | 507d"",""Pl. | Sph. | 243b"",""Pl. | Tht. | 161c"",""Plot. | 1.8.5"",""S. | OT | 367"",""S. | OT | 687"",""Th. | 4.74""]",{},"[{""type"":""ref"",""target"":"""",""text"":""ἐάν""},{""type"":"""",""target"":"""",""text"":""= ἐάν""},{""type"":""ref"",""target"":"""",""text"":""ἵν' ἄν""},{""type"":"""",""target"":"""",""text"":""v.l. ἵν' ἄν""},{""type"":""ref"",""target"":"""",""text"":""ἔδει εἰπεῖν""},{""type"":"""",""target"":"""",""text"":""= ἔδει εἰπεῖν""},{""type"":""ref"",""target"":"""",""text"":""δέον κοσμεῖν""},{""type"":"""",""target"":"""",""text"":""= δέον κοσμεῖν""},{""type"":""ref"",""target"":"""",""text"":""ὅπως""},{""type"":"""",""target"":"""",""text"":""like ὅπως""},{""type"":""ref"",""target"":"""",""text"":""ἐν τῷ φέρειν""},{""type"":"""",""target"":"""",""text"":""= ἐν τῷ φέρειν""}]",1,1,0,1,1,34,16,0,50
50493,10,850,n50493,ἰναία,,ἡ,829,,"[""force, strength of a swell or current at sea, Peripl.M.Rubr. 46 (ἰνδία cod.), Hsch.""]","[""force, strength""]",[],[],[],{},[],1,1,0,0,0,1,1,0,0
50494,10,851,n50494,ἰναλίνω,,,829,,"[""v. ἐναλίνω .""]",[],[],[],[],{},"[{""type"":""ref"",""target"":"""",""text"":""ἐναλίνω""},{""type"":"""",""target"":"""",""text"":""v. ἐναλίνω""}]",1,0,0,0,1,1,0,0,0
50495,10,852,n50495,ἴναντι,,,829,,"[""ἴναντι [ῐν], Cret.,=ἔναντι, GDI 5125a1 .""]",[],[],[],[],{},[],1,0,0,0,0,1,0,0,0
50496,10,853,n50496,ἰνάριον,,τό,829,,"[""strand, fibre, ἰ. λεπτὸν καὶ μακρόν Phlp. in Mete. 61.31 .""]","[""strand, fibre""]",[],"[{""biblio"":"""",""quote"":""ἰ. λεπτὸν καὶ μακρόν""},{""biblio"":""Phlp. | in Mete. | 61.31"",""quote"":""ἰ. λεπτὸν καὶ μακρόν Phlp. in Mete. 61.31""}]","[""Phlp. | in Mete. | 61.31""]",{},[],1,1,0,1,0,1,1,0,2
50497,10,854,n50497,ἰνάσσω,,,829,,"[""Fr.anon. 126 .""]","[""Fr.anon.""]",[],[],[],{},[],1,1,0,0,0,1,1,0,0
50498,10,855,n50498,Ἴνᾰχος,Adj.,ὁ,829,,"[""son of Oceanus, king of Argos, A. Pr. 663 ,al.:—Adj. Ἰνάχειος,α,ον, ib. 590 .""]",[],[],[],[],{},[],1,0,0,0,0,1,0,0,0
50499,10,856,n50499,ἱμερο-ίνδα,,,829,,"[""ἱμερο-ίνδα, adverbial termin. of words signifying a game or sport, mostly with παίζειν, Poll. 9.110 , Theognost. Can. 164 .""]",[],[],[],[],{},[],1,0,0,0,0,1,0,0,0
50500,10,857,n50500,ἰνδαλίμη,,,829,,"[""ἰνδαλίμη, epith. of the Moon, dub. sens. in PMag.Par. 1.2273 .""]",[],[],[],[],{},[],1,0,0,0,0,1,0,0,0
50501,10,858,n50501,ἰνδάλλομαι,,,829,,"[""ἰνδάλθην Lyc. 597 , 961 , Max. 163 :—appear, seem, ἄλλοι μοι δοκέουσι παροίτεροι ἔμμεναι ἵπποι, ἄλλος δ' ἡνίοχος ἰνδάλλεται Il. 23.460 ; ἰνδάλλετο δέ σφισι πᾶσι τεύχεσι λαμπόμενος μεγαθύμου Πηλεί̈ωνος 17.213 ( -θύμῳ -ωνι Aristarch. , cf. 2 ), cf. Od. 3.246 , h.Ven. 178 :ὥς μοι ἰνδάλλεται ἦτορ as my memory seems to me, or perh., as my heart pictures him, Od. 19.224 ; also in Att. , ὥστ' ἔμοιγ' ἰνδάλλεται ὁμοιότατος κλητῆρος εἶναι πωλίῳ Ar. V. 188 ;τοῦτο γάρ μοι ἰ. διανοουμένη [ἡ ψυχή], οὐκ ἄλλο τι ἢ διαλέγεσθαι it seems to me to be merely engaged in a dialogue, Pl. Tht. 189e ; τὰ δι' ὀφθαλμῶν ἰνδαλλόμενα ἡμῖν Arist. Mu. 397b18 , cf. lamb. Myst. 2.3 ;flash on one's mind,ἀμφὶ δὲ . . μεληδόνες ἰνδάλλοντο appeared, A.R. 3.812 , cf. 2.545 ."",""c. dat.,resemble, θεοὶ ξένοις -όμενοι Pl. R. 381e , cf. Lg. 959a ; ἀργύρῳ Theoc. 22.39 ; κύκνοις Lyc. 597 . (Never in Trag.; connected with vid-,Εἴδω.)""]","[""appear, seem"",""seems"",""pictures him"",""seems"",""flash on one's mind"",""appeared"",""resemble"",""vid-""]",[],"[{""biblio"":"""",""quote"":""ἰνδάλθην""},{""biblio"":""Lyc. | 597"",""quote"":""ἰνδάλθην Lyc. 597""},{""biblio"":"""",""quote"":""ἄλλοι μοι δοκέουσι παροίτεροι ἔμμεναι ἵπποι, ἄλλος δ' ἡνίοχος ἰνδάλλεται""},{""biblio"":""Il. | 23.460"",""quote"":""ἄλλοι μοι δοκέουσι παροίτεροι ἔμμεναι ἵπποι, ἄλλος δ' ἡνίοχος ἰνδάλλεται Il. 23.460""},{""biblio"":"""",""quote"":""ἰνδάλλετο δέ σφισι πᾶσι τεύχεσι λαμπόμενος μεγαθύμου Πηλεί̈ωνος""},{""biblio"":""17.213"",""quote"":""ἰνδάλλετο δέ σφισι πᾶσι τεύχεσι λαμπόμενος μεγαθύμου Πηλεί̈ωνος 17.213""},{""biblio"":"""",""quote"":""-θύμῳ -ωνι""},{""biblio"":""Aristarch."",""quote"":""-θύμῳ -ωνι Aristarch.""},{""biblio"":"""",""quote"":""ὥστ' ἔμοιγ' ἰνδάλλεται ὁμοιότατος κλητῆρος εἶναι πωλίῳ""},{""biblio"":""Ar. | V. | 188"",""quote"":""ὥστ' ἔμοιγ' ἰνδάλλεται ὁμοιότατος κλητῆρος εἶναι πωλίῳ Ar. V. 188""},{""biblio"":"""",""quote"":""τὰ δι' ὀφθαλμῶν ἰνδαλλόμενα ἡμῖν""},{""biblio"":""Arist. | Mu. | 397b18"",""quote"":""τὰ δι' ὀφθαλμῶν ἰνδαλλόμενα ἡμῖν Arist. Mu. 397b18""},{""biblio"":"""",""quote"":""θεοὶ ξένοις -όμενοι""},{""biblio"":""Pl. | R. | 381e"",""quote"":""θεοὶ ξένοις -όμενοι Pl. R. 381e""},{""biblio"":"""",""quote"":""ἀργύρῳ""},{""biblio"":""Theoc. | 22.39"",""quote"":""ἀργύρῳ Theoc. 22.39""},{""biblio"":"""",""quote"":""κύκνοις""},{""biblio"":""Lyc. | 597"",""quote"":""κύκνοις Lyc. 597""}]","[""17.213"",""Ar. | V. | 188"",""Arist. | Mu. | 397b18"",""Aristarch."",""Il. | 23.460"",""Lyc. | 597"",""Pl. | R. | 381e"",""Theoc. | 22.39""]",{},[],1,1,0,1,0,2,8,0,18
50502,10,859,n50502,ἴνδαλ-μα,,τό,829,,"[""form, appearance, LXX Wi. 17.3 , Ael. NA 17.35 ;ἴ. ψυχῆς,=εἴδωλον, IG 3.1403 : pl., ἰ. ζωῆς Plot. 1.4.3 ; κρυφίων ἰνδάλματα πυρσῶν AP 5.250 ( Iren. );mental image, ἰ. καὶ δόκησις ψυχῆς Them. Or. 26.327d : in pl.,hallucinations, Luc. Gall. 5 , Aret. SD 1.6 .""]","[""form, appearance"",""mental image"",""hallucinations""]",[],"[{""biblio"":"""",""quote"":""ἰ. ζωῆς""},{""biblio"":""Plot. | 1.4.3"",""quote"":""ἰ. ζωῆς Plot. 1.4.3""},{""biblio"":"""",""quote"":""κρυφίων ἰνδάλματα πυρσῶν""},{""biblio"":""AP | 5.250"",""quote"":""κρυφίων ἰνδάλματα πυρσῶν AP 5.250""},{""biblio"":"""",""quote"":""ἰ. καὶ δόκησις ψυχῆς""},{""biblio"":""Them. | Or. | 26.327d"",""quote"":""ἰ. καὶ δόκησις ψυχῆς Them. Or. 26.327d""}]","[""AP | 5.250"",""Plot. | 1.4.3"",""Them. | Or. | 26.327d""]",{},[],1,1,0,1,0,1,3,0,6
50503,10,860,n50503,ἰνδαλ-ματίζομαι,,,829,,"[""ἰνδαλ-ματίζομαι,=ἰνδάλλομαι, dub. in Lib. Descr. 30.1 .""]",[],[],[],[],{},[],1,0,0,0,0,1,0,0,0
50504,10,861,n50504,ἰνδαλ-μός,,ὁ,829,,"[""ἰνδαλ-μός,ὁ,=ἴνδαλμα, in pl., Hp. Ep. 18 : title of work by Timon, D.L. 9.65 , 105 .""]",[],[],[],[],{},[],1,0,0,0,0,1,0,0,0
50505,10,862,n50505,ἰνδάριον,,τό,829,,"[""eye-salve, Aët. 7.118 .""]","[""eye-salve""]",[],[],[],{},[],1,1,0,0,0,1,1,0,0
50506,10,863,n50506,ἰνδέα:,,,829,,"[""v. ἐνδ- .""]",[],[],[],[],{},"[{""type"":""ref"",""target"":"""",""text"":""ἐνδ-""},{""type"":"""",""target"":"""",""text"":""v. ἐνδ-""}]",1,0,0,0,1,1,0,0,0
50507,10,864,n50507,ἰνδικοπλάστης,,,831,,"[""dyer, Gloss.""]","[""dyer,""]",[],[],[],{},[],1,1,0,0,0,1,1,0,0
50508,10,865,n50508,Ἰνδικός,,,831,,"[""ἡ Ἰ. χώρη Hdt. 3.98 : Sup. -ώτατος Philostr. VA 1.10 :—fem.Ἰνδίς,ίδος,f.l. in Nonn. D. 17.377 ."",""Ἰνδικὸν φάρμακον a kind of pepper, Hp. Mul. 1.81 ; but,indigo(cf. infr. 2 ), PHolm. 11.2 ; also called ἰ. μέλαν ib. 9.8 ."",""the plant indigo, Indigofera tinctoria, Dsc. 5.92 ."",""name of an eye-salve, Gal. 12.780 , al.""]","[""a"",""pepper"",""indigo"",""indigo, Indigofera tinctoria"",""eye-salve""]",[],"[{""biblio"":"""",""quote"":""ἡ Ἰ. χώρη""},{""biblio"":""Hdt. | 3.98"",""quote"":""ἡ Ἰ. χώρη Hdt. 3.98""},{""biblio"":"""",""quote"":""-ώτατος""},{""biblio"":""Philostr. | VA | 1.10"",""quote"":""-ώτατος Philostr. VA 1.10""}]","[""Hdt. | 3.98"",""Philostr. | VA | 1.10""]",{},[],1,1,0,1,0,4,5,0,4
50509,10,866,n50509,Ἰνδιστί,Adv.,,831,,"[""in the Indian language, Ctes. Fr. 57.4 .""]","[""in the Indian language""]",[],[],[],{},[],1,1,0,0,0,1,1,0,0
50510,10,867,n50510,Ἰνδογενής,,,831,,"[""born in India, Man. 1.297 .""]","[""born in India""]",[],[],[],{},[],1,1,0,0,0,1,1,0,0
50511,10,868,n50511,Ἰνδολέτης,,ὁ,831,,"[""Indian-killer, of Dionysus, AP 9.524 .""]","[""Indian-killer""]",[],[],[],{},[],1,1,0,0,0,1,1,0,0
50512,10,869,n50512,Ἰνδός,Adj.,ὁ,831,,"[""Ἰνδός,ὁ, the river Indus, Hdt. 4.44 , etc."",""name of a fallacy, Plu. 2.133b ."",""as Adj.,=Ἰνδικός,Indian, AP 9.544.1 (Addaeus)."",""Ἰνδή,ἡ, (sc.ἔμπλαστρος) name of a plaster, Orib. Fr. 88 .""]","[""fallacy"",""Indian,"",""plaster""]",[],[],[],{},[],1,1,0,0,0,4,3,0,0
50513,10,870,n50513,Ἰνδοσκῠθία,,ἡ,831,,"[""the country on the banks of the Indus, Ptol. Geog. 7.1 .""]","[""the country on the banks of the Indus""]",[],[],[],{},[],1,1,0,0,0,1,1,0,0
50514,10,871,n50514,ἴνδουρος,,ὁ,831,,"[""mole(ἀσπάλαξ), Hsch.""]","[""mole""]","[""ἀσπάλαξ""]",[],[],{},[],1,1,1,0,0,1,1,1,0
50515,10,872,n50515,Ἰνδοφόνος,,ὁ,831,,"[""Ἰνδολέτης Nonn. D. 17.387 .""]",[],[],"[{""biblio"":"""",""quote"":""Ἰνδολέτης""},{""biblio"":""Nonn. | D. | 17.387"",""quote"":""Ἰνδολέτης Nonn. D. 17.387""}]","[""Nonn. | D. | 17.387""]",{},[],1,0,0,1,0,1,0,0,2
50516,10,873,n50516,Ἰνδῷος,,,831,,"[""Ἰνδῷος,α,ον,=Ἰνδικός, Nonn. D. 17.380 , St.Byz.""]",[],[],[],[],{},[],1,0,0,0,0,1,0,0,0
50517,10,874,n50517,Ἰνεῖον,,τό,831,,"[""sanctuary of Ino, Sch. Euph. Oxy. 2085 Fr. 1.15 .""]","[""sanctuary of Ino""]",[],[],[],{},[],1,1,0,0,0,1,1,0,0
50518,10,875,n50518,ἰνεύει:,,,831,,"[""ἰνεύει: τείνει, Hsch.""]",[],[],[],[],{},[],1,0,0,0,0,1,0,0,0
50519,10,876,n50519,ἰν-έω,,,831,,"[""carry off by evacuations, Ion. word, Hsch. , Phot. :fut. Med. ἰνήσομαι Hp. Mul. 1.52 , and prob. l. ib. 119 ; in pass. sense, Id. Loc.Hom. 27 :— Pass. ,ἰνῶνται, -ώμενος, ibid., ib. 33 .""]","[""carry off by evacuations""]",[],"[{""biblio"":"""",""quote"":""ἰνήσομαι""},{""biblio"":""Hp. | Mul. | 1.52"",""quote"":""ἰνήσομαι Hp. Mul. 1.52""}]","[""Hp. | Mul. | 1.52""]",{},[],1,1,0,1,0,1,1,0,2
50520,10,877,n50520,ἴνϝοικος,,ὁ,831,,"[""ἴνϝοικος,ὁ, Arc. for ἔνοικος, IG 5(2).343 (Orchom. Arc. ,iv B.C.).""]",[],[],[],[],{},[],1,0,0,0,0,1,0,0,0
50521,10,878,n50521,ἴνη,,ἡ,831,,"[""ταῖς ἀπὸ τῶν καλάμων ἴναις Peripl.M.Rubr. 65 .""]",[],[],"[{""biblio"":"""",""quote"":""ταῖς ἀπὸ τῶν καλάμων ἴναις""},{""biblio"":""Peripl.M.Rubr. | 65"",""quote"":""ταῖς ἀπὸ τῶν καλάμων ἴναις Peripl.M.Rubr. 65""}]","[""Peripl.M.Rubr. | 65""]",{},[],1,0,0,1,0,1,0,0,2
50522,10,879,n50522,ἰν-ηθμός,,ὁ,831,,"[""emptying, purging, Hp. Loc.Hom. 16 , 33 .""]","[""emptying, purging""]",[],[],[],{},[],1,1,0,0,0,1,1,0,0
50523,10,880,n50523,ἴν-ησις,,ἡ,831,,"[""s.v. ἰνήσεται ), Pherecyd. 66 J.""]",[],[],[],[],{},"[{""type"":""ref"",""target"":"""",""text"":""ἰνήσεται""},{""type"":"""",""target"":"""",""text"":""s.v. ἰνήσεται""}]",1,0,0,0,1,1,0,0,0
50524,10,881,n50524,ἰνίον,,τό,831,,"[""occipital bone, occiput, [ τοῦ τριχωτοῦ κρανίου] . . τὸ ὀπίσθιον [ἐστὶν] ἰνίον Arist. HA 491a33 , cf. Gal. UP 9.17 , al.; κεφαλῆς κατὰ ἰνίον Il. 5.73 ;διὰ ἰνίου ἦλθεν [δόρυ] 14.495 , cf. Hp. Aph. 3.26 , Pherecyd. 66 J. , Theoc. 25.264 , Euph. 41 , Plu. Mar. 33 . (ἰ-codd., κατ' ἰν- Gal. l.c., but cf.ἐφινίους: τὰς ἐπὶ τοῦ ἰνίου σάρκας, Hsch. )""]","[""occipital bone, occiput""]","[""ἴς Α""]","[{""biblio"":"""",""quote"":""τοῦ τριχωτοῦ κρανίου] . . τὸ ὀπίσθιον [ἐστὶν] ἰνίον""},{""biblio"":""Arist. | HA | 491a33"",""quote"":""τοῦ τριχωτοῦ κρανίου] . . τὸ ὀπίσθιον [ἐστὶν] ἰνίον Arist. HA 491a33""},{""biblio"":"""",""quote"":""κεφαλῆς κατὰ ἰνίον""},{""biblio"":""Il. | 5.73"",""quote"":""κεφαλῆς κατὰ ἰνίον Il. 5.73""},{""biblio"":"""",""quote"":""κατ' ἰν-""},{""biblio"":""Gal."",""quote"":""κατ' ἰν- Gal.""}]","[""Arist. | HA | 491a33"",""Gal."",""Il. | 5.73""]",{},[],1,1,1,1,0,1,1,1,6
50525,10,882,n50525,ἵνιον,,τό,831,,"[""PLond. ined. 186 (ii A.D.), Gal. 19.769 .""]","[""PLond. ined.""]",[],[],[],{},[],1,1,0,0,0,1,1,0,0
50526,10,883,n50526,ἶνις,,ὁ,831,,"[""son, A. Eu. 323 , Supp. 42 , prob. in Id. Ag. 717 , cf. E. Tr. 571 , HF 354 , Lyc. 570 , Isyll. 53 (dub.), Call. Aet. 3.1.63 , IG 12(8) . p.vii (Egypt):—fem.ἶνις,ἡ ,daughter, E. IA 119 .—Trag. only in lyr.; Prose only in Cypr. dialect, Inscr.Cypr. 101 , al.""]","[""son"",""daughter""]",[],[],[],{},[],1,1,0,0,0,1,2,0,0
50527,10,884,n50527,ἰνκαπάταὁν:,,,831,,"[""ἰνκαπάταὁν: ἐγκατάβλεψον, Hsch.""]",[],[],[],[],{},[],1,0,0,0,0,1,0,0,0
50528,10,885,n50528,ἰνμενφής,,,831,,"[""v. ἐμμεμφής .""]",[],[],[],[],{},"[{""type"":""ref"",""target"":"""",""text"":""ἐμμεμφής""},{""type"":"""",""target"":"""",""text"":""v. ἐμμεμφής""}]",1,0,0,0,1,1,0,0,0
50529,10,886,n50529,ἴννην:,,,831,,"[""ἴννην: κόρην μικράν, καὶ τὴν ἐν τῷ ὀφθαλμῷ, Hsch.""]",[],[],[],[],{},[],1,0,0,0,0,1,0,0,0
50530,10,887,n50530,ἴνος,,ὁ,831,,"[""ἴνος,ὁ,=γίννος(q.v.):—also ἴννους: παῖδας, Hsch.""]",[],[],[],[],{},[],1,0,0,0,0,1,0,0,0
50531,10,888,n50531,ἰνόω,,,831,,"[""make strong and nervous, Hdn. Epim. 49 :— Pass. ,ἰνῶνται(also ἰννοῦνται), glossed by ζῶσιν, Hsch.""]","[""make strong and nervous""]","[""ἴς""]",[],[],{},[],1,1,1,0,0,1,1,1,0
50532,10,889,n50532,ἴντῠβος,,ὁ,831,,"[""ἴντουβος Edict.Diocl. 6.3 ) = ἔντυβος ,endive, Gal. 6.628 : —also ἰντῠβολάχᾰνον,τό, [Id.] 14.321 .""]","[""endive""]",[],"[{""biblio"":"""",""quote"":""ἴντουβος""},{""biblio"":""Edict.Diocl. | 6.3"",""quote"":""ἴντουβος Edict.Diocl. 6.3""}]","[""Edict.Diocl. | 6.3""]",{},"[{""type"":""ref"",""target"":"""",""text"":""ἔντυβος""},{""type"":"""",""target"":"""",""text"":""= ἔντυβος""}]",1,1,0,1,1,1,1,0,2
50533,10,890,n50533,ἰνύεται,,,831,,"[""v. ἐμφ- .""]",[],[],[],[],{},"[{""type"":""ref"",""target"":"""",""text"":""ἐμφ-""},{""type"":"""",""target"":"""",""text"":""v. ἐμφ-""}]",1,0,0,0,1,1,0,0,0
50534,10,891,n50534,Ἰνώ,,ἡ,831,,"[""Ἰνοῦς ἄχη Zen. 4.38 .""]",[],[],"[{""biblio"":"""",""quote"":""Ἰνοῦς ἄχη""},{""biblio"":""Zen. | 4.38"",""quote"":""Ἰνοῦς ἄχη Zen. 4.38""}]","[""Zen. | 4.38""]",{},[],1,0,0,1,0,1,0,0,2
50535,10,892,n50535,ἰνώδης,,,831,,"[""fibrous, of parts of animals, X. Cyn. 4.1 , Arist. HA 497a21 ; ἰνωδέστατον αἷμα Id. PA 651a3 ; of vegetables,φλοιός, φύλλον, Thphr. HP 3.12.1 , 5 , cf. Dsc. 4.20 ;sinewy, X. Cyn. 4.1 .""]","[""fibrous"",""sinewy""]",[],"[{""biblio"":"""",""quote"":""ἰνωδέστατον αἷμα""},{""biblio"":""Id. | PA | 651a3"",""quote"":""ἰνωδέστατον αἷμα Id. PA 651a3""}]","[""Id. | PA | 651a3""]",{},[],1,1,0,1,0,1,2,0,2
50536,10,893,n50536,Ἰνωπός,,ὁ,831,,"[""warden of the I., ib. 142.52 , 144 C 10 (iv B.C.).""]","[""warden of the I.""]",[],[],[],{},[],1,1,0,0,0,1,1,0,0
50537,10,894,n50537,ἴξ,,ἡ,831,,"[""worm or grub that destroys the vine-buds, Alcm. 43 . (ῑ, perh. cogn. with ἴψ.)""]","[""worm"",""grub that destroys the vine-buds""]",[],[],[],{},[],1,1,0,0,0,1,2,0,0
50538,10,895,n50538,ἰξᾰλῆ,,ἡ,831,,"[""ἰξαλῆ Ael.Dion. Fr. 398 ),ἡ,goat's skin(τελείας αἰγὸς δέρμα, Erot. ), Hp. Fract. 29 , cf. Gal. 19.106 ; used as a dress for actors in satyric dramas, Poll. 4.118 . (ἰζάλη Hsch. ,ἰζάνη Poll. l.c.,ἰσάλη Sch. Ar. Nu. 72 ; cf. the forms ἰσσέλα,ἰτθέλα,ἰσθλῆ Hsch. ,ἰσσέλη Theognost. Can. 14 : cf. sq.)""]","[""goat's skin""]",[],"[{""biblio"":"""",""quote"":""ἰξαλῆ""},{""biblio"":""Ael.Dion. | Fr. | 398"",""quote"":""ἰξαλῆ Ael.Dion. Fr. 398""}]","[""Ael.Dion. | Fr. | 398""]",{},[],1,1,0,1,0,1,1,0,2
50539,10,896,n50539,ἴξᾰλος,,,831,,"[""bounding, springing(as Sch. Il. , Hsch. , etc.), or = τομίας (as Porph. ap. Sch. Il. ), ἰξάλου αἰγὸς ἀγρίου Il. 4.105 , cf. AP 6.32 ( Agath. ), 113 ( Simm. ), 9.99 ( Leon. ). (Perh. borrowed fr. Asia Minor.)""]","[""bounding, springing""]",[],"[{""biblio"":"""",""quote"":""ἰξάλου αἰγὸς ἀγρίου""},{""biblio"":""Il. | 4.105"",""quote"":""ἰξάλου αἰγὸς ἀγρίου Il. 4.105""}]","[""Il. | 4.105""]",{},"[{""type"":""ref"",""target"":"""",""text"":""τομίας""},{""type"":"""",""target"":"""",""text"":""= τομίας""}]",1,1,0,1,1,1,1,0,2
50540,10,897,n50540,ἴξ-ευμα,,τό,831,,"[""aucupium, Gloss.""]","[""aucupium,""]",[],[],[],{},[],1,1,0,0,0,1,1,0,0
50541,10,898,n50541,ἰξ-ευτήρ,,ὁ,831,,"[""fowler, Man. 4.339 .""]","[""fowler""]",[],[],[],{},[],1,1,0,0,0,1,1,0,0
50542,10,899,n50542,ἰξ-ευτήριος,,τό,831,,"[""like birdlime, v. ἰξεύτρια ."",""ἰξευτήριον,τό ,=aucupium, Gloss.""]","[""like birdlime"",""aucupium,""]",[],[],[],{},"[{""type"":""ref"",""target"":"""",""text"":""ἰξεύτρια""},{""type"":"""",""target"":"""",""text"":""v. ἰξεύτρια""}]",1,1,0,0,1,2,2,0,0
50543,10,900,n50543,ἰξ-ευτής,Adj.,ὁ,831,,"[""fowler, birdcatcher, Lyc. 105 , LXX Am. 8.1 , AP 9.824 ( Eryc. ), Cat.Cod.Astr. 1.166 , Apollod. Poliorc. 152.2 , Porph. Abst. 1.53 ; ἰ. κῶρος Bion Fr. 9 ."",""as Adj.,catching with birdlime, ἰ. κάλαμοι AP 6.152 (Agis).""]","[""fowler, birdcatcher"",""catching with birdlime""]",[],"[{""biblio"":"""",""quote"":""ἰ. κῶρος""},{""biblio"":""Bion | Fr. | 9"",""quote"":""ἰ. κῶρος Bion Fr. 9""},{""biblio"":"""",""quote"":""ἰ. κάλαμοι""},{""biblio"":""AP | 6.152"",""quote"":""ἰ. κάλαμοι AP 6.152""}]","[""AP | 6.152"",""Bion | Fr. | 9""]",{},[],1,1,0,1,0,2,2,0,4
50544,10,901,n50544,ἰξ-ευτικός,,,831,,"[""of an ἰξευτής, Artem. 2.19 ;τὰ Ἰ., title of lost poem by Opp. :ἡ -κή(sc.τέχνη) Poll. 7.139 .""]","[""of an""]",[],[],[],{},[],1,1,0,0,0,1,1,0,0
50545,10,902,n50545,ἰξ-εύτρια,,ἡ,831,,"[""ἰξ-εύτρια,ἡ, fem. of ἰξευτήρ, epith. of Τύχη, Plu. 2.322f :—written ἰξευτηρία, ib. 281e (s.v.l.).""]",[],[],[],[],{},[],1,0,0,0,0,1,0,0,0
50546,10,903,n50546,ἰξ-εύω,,,831,,"[""catch by birdlime, Artem. 2.19 , EM 471.53 :— Med. , Poll. 7.135 .""]","[""catch by birdlime""]","[""ἰξός""]",[],[],{},[],1,1,1,0,0,1,1,1,0
50547,10,904,n50547,ἰξία,,ἡ,831,,"[""ἰξός 1 , Thphr. HP 3.16.1 , CP 2.17.1 , prob. in Dsc. 3.89 ."",""= χαμαιλέων λευκός ,pine-thistle, Atractylis gummifera, Dsc. 3.8 , Plin. HN 22.45 ; ἡ ἰ. ἡ ἐν Κρήτῃ Thphr. HP 9.1.3 ."",""=sq., Sch. Nic. Al. 279 ."",""= κιρσός ,varicocele, Arist. HA 518b25 , Pr. 878b37 , Plu. 2.202b .""]","[""pine-thistle, Atractylis gummifera"",""varicocele""]",[],"[{""biblio"":"""",""quote"":""ἰξός""},{""biblio"":""1"",""quote"":""ἰξός 1""},{""biblio"":"""",""quote"":""ἡ ἰ. ἡ ἐν Κρήτῃ""},{""biblio"":""Thphr. | HP | 9.1.3"",""quote"":""ἡ ἰ. ἡ ἐν Κρήτῃ Thphr. HP 9.1.3""}]","[""1"",""Thphr. | HP | 9.1.3""]",{},"[{""type"":""ref"",""target"":"""",""text"":""χαμαιλέων λευκός""},{""type"":"""",""target"":"""",""text"":""= χαμαιλέων λευκός""},{""type"":""ref"",""target"":"""",""text"":""κιρσός""},{""type"":"""",""target"":"""",""text"":""= κιρσός""}]",1,1,0,1,1,4,2,0,4
50548,10,905,n50548,ἰξίας,,ὁ,831,,"[""chamaeleon-thistle, Cardopatium corymbiferum., Dsc. 3.9 , Alex. 21 , Gal. 14.140 .""]","[""chamaeleon-thistle, Cardopatium corymbiferum.""]",[],[],[],{},[],1,1,0,0,0,1,1,0,0
50549,10,906,n50549,ἰξίνη,,ἡ,831,,"[""ἰξία 11 ,pine-thistle, Atractylis gummifera, Thphr. HP 6.4.3 ;ἄκανθα ἡ ἰ. ib. 9.1.2 , al.: confused with ἑλξίνη by Plin. HN 21.94 , 22.41 .""]","[""pine-thistle, Atractylis gummifera""]",[],"[{""biblio"":"""",""quote"":""ἰξία""},{""biblio"":""11"",""quote"":""ἰξία 11""}]","[""11""]",{},[],1,1,0,1,0,1,1,0,2
50550,10,907,n50550,ἰξιόεις,,,831,,"[""made from ἰξίας, πῶμα Nic. Al. 279 .""]","[""made from""]",[],"[{""biblio"":"""",""quote"":""ἰξίας, πῶμα""},{""biblio"":""Nic. | Al. | 279"",""quote"":""ἰξίας, πῶμα Nic. Al. 279""}]","[""Nic. | Al. | 279""]",{},[],1,1,0,1,0,1,1,0,2
50551,10,908,n50551,ἰξίον,,τό,831,,"[""leaf of χαμαιλέων λευκός( = ἰξία 11 ), Gal. 19.106 .""]","[""leaf of""]",[],[],[],{},"[{""type"":""ref"",""target"":"""",""text"":""ἰξία""},{""type"":"""",""target"":"""",""text"":""= ἰξία""}]",1,1,0,0,1,1,1,0,0
50552,10,909,n50552,Ἴξιος,,ὁ,831,,"[""Ἴξιος,ὁ, epith. of Apollo in Rhodes, from a place Ἰξίαι, Artem. ap. St.Byz. s.h.v.""]",[],[],[],[],{},[],1,0,0,0,0,1,0,0,0
50553,10,910,n50553,ἵξις,,ἡ,831,,"[""coming, E. Tr. 396 (prob.l.); οὐ πτύσις ἀλλ' ἀναγωγὴ καλέεται, τῆς ἄνω ἴξιος [τῆς ὁδοῦ] τοὔνομα ἔχουσα Aret. SA 2.2 ; οἶνος ὠκὺς ἐς τὴν ἄνω ἴξιν Id. CA 2.4 ."",""passage through,οὐδαμῆ . . κατὰ τὴν τοῦ θώρηκος ἴ. Hp. Acut. 15 (but perh. simply, 'at no point in the θ.'); ἵξιν παρέχεσθαι allow free passage, dub. in Sch. Epicur. Ep. 1p.8U. (fort.εἶξιν)."",""direction, straight line, esp.vertical line,καθημένῳ πόδες ἐς τὴν ἄνω ἴ. κατ' ἰθὺ γούνασι his feet when he is seated should be vortically opposite his knees, Hp. Off. 3 ;ἐπιδεῖν δεξιὰ ἐπ' ἀριστερά, ἀριστερὰ ἐπὶ δεξιά, πλὴν κεφαλῆς: ταύτην δὲ κατ' ἴξιν vertically, ib. 9 ;βάλλεσθαι χρὴ τὸ ὀθόνιον κατ' αὐτὴν τὴν ἴ. τοῦ ἕλκεος directly over the wound, Id. Fract. 26 ;τοὺς νάρθηκας . . μὴ κατὰ τὴν ἴ. τοῦ ἕλκεος προστιθέναι ibid.;ὁκόσα κοινωνεῖ τοῖσι τῆς κνήμης ὀστέοισι καὶ αὐτέῃ τῇ ἴξει ib. 9 codd. ( κατὰ τὴν ἴξιν Gal. 18(2).423 ;κατ' αὐτὴν τὴν ἴ. Ermerins)."",""κατ' ἴξιν c. gen.,corresponding to, on the same side as,ἤλγησεν κατὰ βουβῶνα, σπληνὸς κατ' ἴ., i.e. on the spleen or left side of the body, Hp. Epid. 1.26 .γ́, cf. 4.35 , 37 , Art. 33 , Fract. 16 , 18 , Mul. 1.17 ;τῶν ὀδόντων τῶν τε ἄνω καὶ τῶν κάτω κατ' ἴ. Id. Art. 31 ;= ex ipsa parte, Cass.Fel. 37 ;ἐν πυρετοῖσι ἀπὸ σπληνὸς καὶ ἥπατος διὰ ῥινῶν αἱμορραγέουσι, κατ' ἴ. τοῦ σπλάγχνου τοῦ μυκτῆρος ῥέοντος the nostril corresponding to the organ in question, Aret. SA 2.2 ;ἡ κατ' ἴ. κληίς the corresponding(i.e. liver or right side) collarbone, ib. 2.7 , cf. CA 1.10 ;κατὰ τὴν ὄπισθεν ἴ.at the back of the leg, Hp. Art. 60 ."",""more generally,in line with,κατ' ἴ. τοῦ πυγαίου ποιησάμενον τὴν σανίδα ib. 75 ;κατ' ἴ. τῇ ἐντομῇ τῇ ἐς τὸν τοῖχον ib. 47 .""]","[""coming"",""passage through"",""in"",""free passage"",""direction, straight line"",""vertical line"",""vortically"",""vertically"",""over"",""corresponding to, on the same side as"",""ex ipsa parte"",""corresponding to"",""corresponding"",""at the back"",""in line with""]","[""ἵκω""]","[{""biblio"":"""",""quote"":""οὐ πτύσις ἀλλ' ἀναγωγὴ καλέεται, τῆς ἄνω ἴξιος [τῆς ὁδοῦ] τοὔνομα ἔχουσα""},{""biblio"":""Aret. | SA | 2.2"",""quote"":""οὐ πτύσις ἀλλ' ἀναγωγὴ καλέεται, τῆς ἄνω ἴξιος [τῆς ὁδοῦ] τοὔνομα ἔχουσα Aret. SA 2.2""},{""biblio"":"""",""quote"":""οἶνος ὠκὺς ἐς τὴν ἄνω ἴξιν""},{""biblio"":""Id. | CA | 2.4"",""quote"":""οἶνος ὠκὺς ἐς τὴν ἄνω ἴξιν Id. CA 2.4""},{""biblio"":"""",""quote"":""κατὰ τὴν ἴξιν""},{""biblio"":""Gal. | 18(2).423"",""quote"":""κατὰ τὴν ἴξιν Gal. 18(2).423""}]","[""Aret. | SA | 2.2"",""Gal. | 18(2).423"",""Id. | CA | 2.4""]",{},[],1,1,1,1,0,5,15,1,6
50554,10,911,n50554,Ἰξίων,,ὁ,831,,"[""tragedies on the subject of I., Arist. Po. 1456a1 .""]","[""tragedies on the subject of I.""]",[],[],[],{},[],1,1,0,0,0,1,1,0,0
50555,10,912,n50555,ἰξο-βολέω,,,831,,"[""practise bird-liming, οὐκ ἰδίην -βολῶν μελέτην AP 9.273 (Bian.).""]","[""practise bird-liming""]",[],"[{""biblio"":"""",""quote"":""οὐκ ἰδίην -βολῶν μελέτην""},{""biblio"":""AP | 9.273"",""quote"":""οὐκ ἰδίην -βολῶν μελέτην AP 9.273""}]","[""AP | 9.273""]",{},[],1,1,0,1,0,1,1,0,2
50556,10,913,n50556,ἰξο-βόλος,Subst.,,831,,"[""setting limed twigs: as Subst.,fowler, Man. 4.243 .""]","[""setting limed twigs"",""fowler""]",[],[],[],{},[],1,1,0,0,0,1,2,0,0
50557,10,914,n50557,ἰξο-βόρος,,,831,,"[""eating mistletoe-berries,ἡ ἰ. (sc.κίχλη)missel-thrush, Turdus viscivorus, Arist. HA 617a18 ; cf.ἰξοφάγος.""]","[""eating mistletoe-berries"",""missel-thrush, Turdus viscivorus""]","[""βορά""]",[],[],{},[],1,1,1,0,0,1,2,1,0
50558,10,915,n50558,ἰξο-ειδές,,τό,831,,"[""viscidum, Gloss.""]","[""viscidum,""]",[],[],[],{},[],1,1,0,0,0,1,1,0,0
50559,10,916,n50559,ἰξο-εργός,,ὁ,831,,"[""one who uses birdlime, fowler, AP 9.264.5 ( Apollonid. vel Phil. ), 273 tit.""]","[""one who uses birdlime, fowler,""]",[],[],[],{},[],1,1,0,0,0,1,1,0,0
50560,10,917,n50560,ἷξον,,,831,,"[""ἷξον,ες , ε,aor.of ἵκω.""]",[],[],[],[],{},[],1,0,0,0,0,1,0,0,0
50561,10,918,n50561,ἰξόομαι,,,831,,"[""to be smeared with birdlime, Thphr. Ign. 61 .""]","[""to be smeared with birdlime""]",[],[],[],{},[],1,1,0,0,0,1,1,0,0
50562,10,919,n50562,ἰξοποιέω,,,831,,"[""make viscous like birdlime, of a plaster, Paul.Aeg. 2.43 .""]","[""make viscous""]",[],[],[],{},[],1,1,0,0,0,1,1,0,0
50563,10,920,n50563,ἰξός,,ὁ,831,,"[""oak-mistletoe, Hozanthus europaeus, Arist. GA 715b30 , Dsc. 3.89 ."",""mistletoe-berry, Thphr. CP 2.17.8 ."",""birdlime prepared from the mistletoe-berry, E. Cyc. 433 ;θηρευτὴς ἰ. AP 5.99 ."",""oak-gum, used for the same purpose, Ath. 10.451d , cf. Plu. Cor. 3 , Philox. ap. Gal. 13.742 ."",""any sticky substance, Hp. Mul. 1.74 , IG 12.314.42 (ἱ-), 22.1673.63 ."",""metaph.,ἰ. ὀμμάτων of one who causes the eyes to be fixed upon him, Tim.Com. 2 ; ἐκφυγὼν τὸν ἰ. τὸν ἐν πράγματι Luc. Hist.Conscr. 57 ; καθάπερ ἰξῷ τινι προσέχεται τοῖς τοιούτοις ἡ ψυχή Id. Cat. 14 ."",""skinflint, miser, Ar. Fr. 718 . (Prob.ϝιξός, cf. Lat.viscum, viscus.)""]","[""oak-mistletoe, Hozanthus europaeus"",""mistletoe-berry"",""birdlime"",""oak-gum"",""any sticky substance"",""fixed"",""skinflint, miser"",""viscum, viscus.""]","[""ἱ-""]","[{""biblio"":"""",""quote"":""ἐκφυγὼν τὸν ἰ. τὸν ἐν πράγματι""},{""biblio"":""Luc. | Hist.Conscr. | 57"",""quote"":""ἐκφυγὼν τὸν ἰ. τὸν ἐν πράγματι Luc. Hist.Conscr. 57""},{""biblio"":"""",""quote"":""καθάπερ ἰξῷ τινι προσέχεται τοῖς τοιούτοις ἡ ψυχή""},{""biblio"":""Id. | Cat. | 14"",""quote"":""καθάπερ ἰξῷ τινι προσέχεται τοῖς τοιούτοις ἡ ψυχή Id. Cat. 14""}]","[""Id. | Cat. | 14"",""Luc. | Hist.Conscr. | 57""]",{},[],1,1,1,1,0,7,8,1,4
50564,10,921,n50564,ἰξο-φάγος,,,831,,"[""ἰξο-φάγος[ᾰ],ον ,=ἰξο-βόρος, Ath. 2.65a .""]",[],[],[],[],{},[],1,0,0,0,0,1,0,0,0
50565,10,922,n50565,ἰξο-φορεύς,,ὁ,831,,"[""limed, δόνακες ἰξοφορῆες AP 9.209 .""]","[""limed""]",[],"[{""biblio"":"""",""quote"":""δόνακες ἰξοφορῆες""},{""biblio"":""AP | 9.209"",""quote"":""δόνακες ἰξοφορῆες AP 9.209""}]","[""AP | 9.209""]",{},[],1,1,0,1,0,1,1,0,2
50566,10,923,n50566,ἰξο-φόρος,,,831,,"[""having mistletoe growing thereon, δρύες S. Fr. 403 : read by Agathocl. in Il. 14.398 ."",""limed, δόναξ Opp. H. 1.32 .""]","[""having mistletoe growing thereon"",""limed""]",[],"[{""biblio"":"""",""quote"":""δρύες""},{""biblio"":""S. | Fr. | 403"",""quote"":""δρύες S. Fr. 403""},{""biblio"":"""",""quote"":""δόναξ""},{""biblio"":""Opp. | H. | 1.32"",""quote"":""δόναξ Opp. H. 1.32""}]","[""Opp. | H. | 1.32"",""S. | Fr. | 403""]",{},[],1,1,0,1,0,2,2,0,4
50567,10,924,n50567,ἰξύα,,ἡ,831,,"[""ἰξύα,ἡ,=ἰξύς, EM 770.13 ;ἰξύη ib. 636.24 .""]",[],[],[],[],{},[],1,0,0,0,0,1,0,0,0
50568,10,925,n50568,ἰξῠόθεν,Adv.,,831,,"[""from the loins, Arat. 144 ; prob. l. for ἰξυόφιν in Opp. C. 2.6 .""]","[""from the loins""]",[],[],[],{},[],1,1,0,0,0,1,1,0,0
50569,10,926,n50569,ἰξύς,,ἡ,831,,"[""waist, of women,περὶ δὲ ζώνην βάλετ' ἰξυῖ( contr. for ἰξύϊ) Od. 5.231 , cf. Longus 1.4 ; of a man, Arat. 310 ; of centaurs, Opp. C. 2.6 ; of a deer, APl. 4.96 : pl.,ἰξύες,οἱ ,loins, Hp. Fract. 20 , cf. Gal. 19.106 : sg.,=ὀσφύς, [Id.] 14.706 . (Perh. akin to ἰσχύς, cf.ἰσχίον.)[ῡ in nom. and acc. sg., Choerob. in Theod. 1.331 ;ῠ in trisyll. cases.]""]","[""waist"",""loins""]",[],[],[],{},[],1,1,0,0,0,1,2,0,0
50570,10,927,n50570,ἰξώδης,,,831,,"[""like birdlime, sticky, clammy, Hp. Ulc. 12 , Luc. Tim. 29 .""]","[""like birdlime, sticky, clammy""]",[],[],[],{},[],1,1,0,0,0,1,1,0,0
50571,10,928,n50571,Ἰοβάκχ-εια,,τά,831,,"[""festival in honour of Bacchus, Jusj. ap. D. 59.78 .""]","[""festival in honour of Bacchus""]",[],[],[],{},[],1,1,0,0,0,1,1,0,0
50572,10,929,n50572,Ἰοβάκχ-ιος,,ὁ,831,,"[""Ἰοβάκχ-ιος,ὁ(sc.μήν), name of month at Astypalaea, IG 12(3).169.15 , 170.14 ; at Amorgos, ib. 12(7).67 A 6 .""]",[],[],[],[],{},[],1,0,0,0,0,1,0,0,0
50573,10,930,n50573,Ἰόβακχ-ος,,ὁ,831,,"[""Bacchus invoked with the cry of ἰώ, APl. 4.289 , Max. 496 , Corn. ND 30 , Hsch."",""in pl.,worshippers of the God, name of a guild at Athens, SIG 1109.35 , al.(ii A.D.)."",""hymn beginning with ἰὼ Βάκχε, such as were ascribed to Archilochus, Heph. 15.9 .""]","[""Bacchus invoked with the cry of"",""worshippers of the God"",""hymn beginning with""]",[],[],[],{},[],1,1,0,0,0,3,3,0,0
50574,10,931,n50574,ἰο-βάπτης,,ὁ,831,,"[""violet-dyer, Gloss.""]","[""violet-dyer,""]",[],[],[],{},[],1,1,0,0,0,1,1,0,0
50575,10,932,n50575,ἰο-βᾰφής,,,831,,"[""violetcoloured, Democr.Eph. 1 ; of water, Ath. 2.42e .""]","[""violetcoloured""]",[],[],[],{},[],1,1,0,0,0,1,1,0,0
50576,10,933,n50576,ἰο-βλέφᾰρος,,,831,,"[""violet-eyed, Pi. Fr. 307 ;Χάριτες, Μοῦσαι, B. 18.5 , 8.3 , cf. Man. 5.145 , Luc. Im. 8 .""]","[""violet-eyed""]",[],[],[],{},[],1,1,0,0,0,1,1,0,0
50577,10,934,n50577,ἰο-βολέω,,,831,,"[""shoot arrows, dart, A.R. 4.1440 , AP 5.187 ( Leon. );ἐς ἐμὴν κραδίην ib. 5.9 ( Alc. )."",""emit poison, Gp. 2.47.12 .""]","[""shoot arrows, dart"",""emit poison,""]",[],[],[],{},[],1,1,0,0,0,2,2,0,0
50578,10,935,n50578,ἰο-βόλος,,τά,831,,"[""shooting arrows, τόξον AP 6.34 ( Rhian. )."",""shedding venom, venomous, of animals, Numen. ap. Ath. 7.304f , Hdn. 3.9.5 : Sup. , J. AJ 17.5.5 ;ἰοβόλα,τά ,venomous animals, Arist. HA 607a28 ;περὶ ἰοβόλων ζῴων, title of work by Philumenus; τὰ τῶν ἰ. ἄκη Philostr. VA 3.44 ."",""of arrows,poisoned, Orph. H. 12.16 ; αἷμα AP 11.237 ( Demod. ): metaph.,ἰ. γένυες, of Momus, APl. 4.266.2 .""]","[""shooting arrows"",""shedding venom, venomous"",""venomous animals"",""poisoned""]","[""ἰός""]","[{""biblio"":"""",""quote"":""τόξον""},{""biblio"":""AP | 6.34"",""quote"":""τόξον AP 6.34""},{""biblio"":"""",""quote"":""τὰ τῶν ἰ. ἄκη""},{""biblio"":""Philostr. | VA | 3.44"",""quote"":""τὰ τῶν ἰ. ἄκη Philostr. VA 3.44""},{""biblio"":"""",""quote"":""αἷμα""},{""biblio"":""AP | 11.237"",""quote"":""αἷμα AP 11.237""}]","[""AP | 11.237"",""AP | 6.34"",""Philostr. | VA | 3.44""]",{},[],1,1,1,1,0,3,4,1,6
50579,10,936,n50579,ἰο-βόρος,,,831,,"[""poison-eating, Opp. C. 3.223 ; of a serpent, διψάς IG 4.620 (Argos)."",""eating venomously, πυθεδόνες Nic. Th. 467 .""]","[""poison-eating"",""eating venomously""]",[],"[{""biblio"":"""",""quote"":""διψάς""},{""biblio"":""IG | 4.620"",""quote"":""διψάς IG 4.620""},{""biblio"":"""",""quote"":""πυθεδόνες""},{""biblio"":""Nic. | Th. | 467"",""quote"":""πυθεδόνες Nic. Th. 467""}]","[""IG | 4.620"",""Nic. | Th. | 467""]",{},[],1,1,0,1,0,2,2,0,4
50580,10,937,n50580,ἰο-βόστρῠχος,,,831,,"[""dark-haired, Μοῦσαι Pi. I. 7(6).23 .""]","[""dark-haired""]",[],"[{""biblio"":"""",""quote"":""Μοῦσαι""},{""biblio"":""Pi. | I. | 7(6).23"",""quote"":""Μοῦσαι Pi. I. 7(6).23""}]","[""Pi. | I. | 7(6).23""]",{},[],1,1,0,1,0,1,1,0,2
50581,10,938,n50581,ἰό-γληνος,,,831,832,"[""dark-eyed, Hsch.""]","[""dark-eyed""]",[],[],[],{},[],1,1,0,0,0,1,1,0,0
50582,10,939,n50582,ἰό-δετος,,,831,,"[""violet-twined, στέφανοι Pi. Fr. 75.6 .""]","[""violet-twined""]","[""δέω""]","[{""biblio"":"""",""quote"":""στέφανοι""},{""biblio"":""Pi. | Fr. | 75.6"",""quote"":""στέφανοι Pi. Fr. 75.6""}]","[""Pi. | Fr. | 75.6""]",{},[],1,1,1,1,0,1,1,1,2
50583,10,940,n50583,ἰο-δνεφής,,,831,,"[""dark as the flower ἴον(v. ἴον 1v ),purple-dark, εἶρος Od. 4.135 , 9.426 .""]","[""dark as the flower"",""purple-dark""]","[""δνόφος""]","[{""biblio"":"""",""quote"":""ἴον""},{""biblio"":""1v"",""quote"":""ἴον 1v""},{""biblio"":"""",""quote"":""εἶρος""},{""biblio"":""Od. | 4.135"",""quote"":""εἶρος Od. 4.135""}]","[""1v"",""Od. | 4.135""]",{},[],1,1,1,1,0,1,2,1,4
50584,10,941,n50584,ἰοδόκος,,ἡ,831,,"[""holding arrows, φαρέτρη Il. 15.444 , Od. 21.12 , Pittac.Lyr. 1 :ἰοδόκη(sc.φαρέτρα),ἡ,quiver, A.R. 2.679 , 3.156 , 279 , AP 6.296 ( Leon. ), 12.45 ( Posidipp. ):ἰοδόχη, Hsch. , Phot."",""containing poison,ὀδόντες ἰ.poison-fangs, Nic. Th. 184 .""]","[""holding arrows"",""quiver"",""containing poison"",""poison""]",[],"[{""biblio"":"""",""quote"":""φαρέτρη""},{""biblio"":""Il. | 15.444"",""quote"":""φαρέτρη Il. 15.444""}]","[""Il. | 15.444""]",{},[],1,1,0,1,0,2,4,0,2
50585,10,942,n50585,ἰοειδής,,,831,,"[""like the flower ἴον 1 ,purple, in Hom. always of the sea,ἰοειδέα πόντον, whether calm or stormy, Il. 11.298 , Od. 5.56 , 11.107 , Hes. Th. 844 ;κρήνη ib. 3 ."",""(ἰός B)poisonous, κέντρον Nic. Th. 886 ;λοιγός ib. 243 . [ Nic. makes ῐ short, as conversely he has ῑάσι from ἴον(q.v.).]""]","[""like the flower"",""purple"",""poisonous""]","[""ἴον""]","[{""biblio"":"""",""quote"":""ἴον""},{""biblio"":""1"",""quote"":""ἴον 1""},{""biblio"":"""",""quote"":""κέντρον""},{""biblio"":""Nic. | Th. | 886"",""quote"":""κέντρον Nic. Th. 886""}]","[""1"",""Nic. | Th. | 886""]",{},[],1,1,1,1,0,2,3,1,4
50586,10,943,n50586,ἰόεις,,,831,,"[""violet-coloured, dark, ἰόεντα σίδηρον Il. 23.850 , cf. Phoronis Fr. 2 , Q.S. 6.48 ; ἰόεντα θάλασσαν Nic. Al. 171 ."",""ἰόεις, (ἰός B)poisonous, ἄκανθαι Androm. ap. Gal. 14.38 [who makes ῐ short; cf. foreg. 11 ].""]","[""violet-coloured, dark"",""poisonous""]","[""ἴον""]","[{""biblio"":"""",""quote"":""ἰόεντα σίδηρον""},{""biblio"":""Il. | 23.850"",""quote"":""ἰόεντα σίδηρον Il. 23.850""},{""biblio"":"""",""quote"":""ἰόεντα θάλασσαν""},{""biblio"":""Nic. | Al. | 171"",""quote"":""ἰόεντα θάλασσαν Nic. Al. 171""},{""biblio"":"""",""quote"":""ἄκανθαι""},{""biblio"":""Androm."",""quote"":""ἄκανθαι Androm.""}]","[""Androm."",""Il. | 23.850"",""Nic. | Al. | 171""]",{},[],1,1,1,1,0,2,2,1,6
50587,10,944,n50587,ἰό-ζωνος,,,831,,"[""with purple girdle, Hsch. , dub. in Call. in Stud.Ital. 7(1929).9 .""]","[""with purple girdle""]","[""ζώνη""]",[],[],{},[],1,1,1,0,0,1,1,1,0
50588,10,945,n50588,ἰο-θᾱλής,,,831,,"[""blooming with violets, στέφανοι Philox. 2.42 .""]","[""blooming with violets""]",[],"[{""biblio"":"""",""quote"":""στέφανοι""},{""biblio"":""Philox. | 2.42"",""quote"":""στέφανοι Philox. 2.42""}]","[""Philox. | 2.42""]",{},[],1,1,0,1,0,1,1,0,2
50589,10,946,n50589,ἰό-κολπος,,,831,,"[""= ἰόζωνος , Alc. 63 (Sapphus est), Sapph. Supp. 17.5 .""]",[],[],[],[],{},"[{""type"":""ref"",""target"":"""",""text"":""ἰόζωνος""},{""type"":"""",""target"":"""",""text"":""= ἰόζωνος""}]",1,0,0,0,1,1,0,0,0
50590,10,947,n50590,ἰό-κουρος,,ὁ,831,,"[""= βιόκουρος , Ephes. 3p.165 .""]",[],[],[],[],{},"[{""type"":""ref"",""target"":"""",""text"":""βιόκουρος""},{""type"":"""",""target"":"""",""text"":""= βιόκουρος""}]",1,0,0,0,1,1,0,0,0
50591,10,948,n50591,ἰολόχευτος,,,831,,"[""born of venom, Procl. H. 1.41 .""]","[""born of venom""]",[],[],[],{},[],1,1,0,0,0,1,1,0,0
50592,10,949,n50592,ἴομεν,,,831,,"[""ibo).""]","[""ibo""]",[],[],[],{},[],1,1,0,0,0,1,1,0,0
50593,10,950,n50593,ἰομῐγής,,,831,,"[""tainted with poison, θηλή AP 9.1 ( Polyaen. ).""]","[""tainted with poison""]",[],"[{""biblio"":"""",""quote"":""θηλή""},{""biblio"":""AP | 9.1"",""quote"":""θηλή AP 9.1""}]","[""AP | 9.1""]",{},[],1,1,0,1,0,1,1,0,2
50594,10,951,n50594,ἰόμωροι,,οἱ,831,,"[""Ἀργεῖοι ἰόμωροι, ἐλεγχέες Il. 4.242 ; Ἀργεῖοι ἰόμωροι, ἀπειλάων ἀκόρητοι 14.479 . (Expld. by Sch. as caring for arrows(cf.μέριμνα), but ῐ is against this: perh.noisy(cf.ἰά).)""]","[""caring for arrows"",""noisy""]",[],"[{""biblio"":"""",""quote"":""Ἀργεῖοι ἰόμωροι, ἐλεγχέες""},{""biblio"":""Il. | 4.242"",""quote"":""Ἀργεῖοι ἰόμωροι, ἐλεγχέες Il. 4.242""},{""biblio"":"""",""quote"":""Ἀργεῖοι ἰόμωροι, ἀπειλάων ἀκόρητοι""},{""biblio"":""14.479"",""quote"":""Ἀργεῖοι ἰόμωροι, ἀπειλάων ἀκόρητοι 14.479""}]","[""14.479"",""Il. | 4.242""]",{},[],1,1,0,1,0,1,2,0,4
50595,10,952,n50595,ἴον,,τό,831,,"[""violet, Viola odorata, στέφανοι ἴων Sapph. Supp. 23.12 , cf. Pi. O. 6.55 , etc.; καὶ τὸ ἴον μέλαν ἐντί Theoc. 10.28 , cf. AP 4.21 ( Mel. );κυαναυγές ib. 5.73 ( Rufin. ); ἴ. τὸ μέλαν Thphr. HP 1.13.2 , CP 1.13.12 ;ἴον alone, Dsc. 4.121 :—in Od. 5.72 ,λειμῶνες μαλακοὶ ἴου ἠδὲ σελίνου θήλεον, there were vv.ll.σίου( Ptol. Euerg.) and θρύου."",""ἴον τὸ λευκόν( = λευκόϊον , q.v.)gilliflower, Matthiola incana, Thphr. HP 6.6.3 ; also ἴον alone, ib. 6.8.1 ."",""= κρίνον , Philin. ap. Ath. 15.681b ."",""generally, any flower, EM 473.10 ."",""a precious stone of dark colour, Plin. HN 37.170 . (ϝίον, cf.γία: ἄνθη, Hsch. , Lat.viola.)""]","[""violet, Viola odorata"",""gilliflower, Matthiola incana"",""flower,"",""viola.""]",[],"[{""biblio"":"""",""quote"":""στέφανοι ἴων""},{""biblio"":""Sapph. | Supp. | 23.12"",""quote"":""στέφανοι ἴων Sapph. Supp. 23.12""},{""biblio"":"""",""quote"":""καὶ τὸ ἴον μέλαν ἐντί""},{""biblio"":""Theoc. | 10.28"",""quote"":""καὶ τὸ ἴον μέλαν ἐντί Theoc. 10.28""},{""biblio"":"""",""quote"":""ἴ. τὸ μέλαν""},{""biblio"":""Thphr. | HP | 1.13.2"",""quote"":""ἴ. τὸ μέλαν Thphr. HP 1.13.2""}]","[""Sapph. | Supp. | 23.12"",""Theoc. | 10.28"",""Thphr. | HP | 1.13.2""]",{},"[{""type"":""ref"",""target"":"""",""text"":""λευκόϊον""},{""type"":"""",""target"":"""",""text"":""= λευκόϊον""},{""type"":""ref"",""target"":"""",""text"":""κρίνον""},{""type"":"""",""target"":"""",""text"":""= κρίνον""}]",1,1,0,1,1,5,4,0,6
50596,10,953,n50596,ἰονθάς,,ἡ,831,,"[""shaggy, epith. of the wild goat, Od. 14.50 .""]","[""shaggy""]",[],[],[],{},[],1,1,0,0,0,1,1,0,0
50597,10,954,n50597,ἴονθος,,ὁ,831,,"[""root of a hair, young hair, ἰόνθους ἐκθλιβομένους Phld. Sign. 13 , cf. Eun. Hist. p.250 D. , Phryn. PS p.77 B."",""eruption on the face, which often accompanies the first growth of the beard, etc., Hp. Epid. 1.26 .β́, Arist. HA 556b29 , Pr. 963b40 , Erot. s.v. ὀλοφλυκτίδες :—hence ἰονθώδης,ες , ἐπάρσεις Thphr. Sud. 16 , cf. Gal. 12.824 .""]","[""root of a hair, young hair"",""eruption on the face, which often accompanies the first growth of the beard""]",[],"[{""biblio"":"""",""quote"":""ἰόνθους ἐκθλιβομένους""},{""biblio"":""Phld. | Sign. | 13"",""quote"":""ἰόνθους ἐκθλιβομένους Phld. Sign. 13""},{""biblio"":"""",""quote"":"", ἐπάρσεις""},{""biblio"":""Thphr. | Sud. | 16"",""quote"":"", ἐπάρσεις Thphr. Sud. 16""}]","[""Phld. | Sign. | 13"",""Thphr. | Sud. | 16""]",{},"[{""type"":""ref"",""target"":"""",""text"":""ὀλοφλυκτίδες""},{""type"":"""",""target"":"""",""text"":""s.v. ὀλοφλυκτίδες""}]",1,1,0,1,1,2,2,0,4
50598,10,955,n50598,Ἰόνιος,,,831,,"[""of or called after Io, epith. of the sea between Epirus and Italy, at the mouth of the Adriatic sea, across which Io swam, πόντιος μυχὸς . . Ἰόνιος κεκλήσεται, τῆς σῆς πορείας μνῆμα A. Pr. 840 ; another expl. in Theopomp.Hist. 125 ; Ἰ. κόλπος Hdt. 6.127 , Th. 1.24 ;θάλασσα, πόρος, Pi. P. 3.68 , N. 4.53 ; also simply ὁ Ἰόνιος Th. 6.30 ; later Ἰόνιον πέλαγος AP 6.251 ( Phil. ).""]","[""of"",""called after Io""]","[""Ἰώ""]","[{""biblio"":"""",""quote"":""πόντιος μυχὸς . . Ἰόνιος κεκλήσεται, τῆς σῆς πορείας μνῆμα""},{""biblio"":""A. | Pr. | 840"",""quote"":""πόντιος μυχὸς . . Ἰόνιος κεκλήσεται, τῆς σῆς πορείας μνῆμα A. Pr. 840""},{""biblio"":"""",""quote"":""Ἰ. κόλπος""},{""biblio"":""Hdt. | 6.127"",""quote"":""Ἰ. κόλπος Hdt. 6.127""},{""biblio"":"""",""quote"":""ὁ Ἰόνιος""},{""biblio"":""Th. | 6.30"",""quote"":""ὁ Ἰόνιος Th. 6.30""},{""biblio"":"""",""quote"":""Ἰόνιον πέλαγος""},{""biblio"":""AP | 6.251"",""quote"":""Ἰόνιον πέλαγος AP 6.251""}]","[""A. | Pr. | 840"",""AP | 6.251"",""Hdt. | 6.127"",""Th. | 6.30""]",{},[],1,1,1,1,0,1,2,1,8
50599,10,956,n50599,ἰόομαι,,,831,,"[""become or be rusty, Arist. Col. 793b6 , Thphr. Char. 10.14 , Dsc. 5.78 , Antig. Mir. 151 ."",""become acrid, embittered, Hsch. :— Act. ἰόω, only late,rust, ὁ σίδηρος μᾶλλον ἰοῖ Olymp. in Mete. 266.26 , cf. 270.14 ;convert into ἰός, Zos.Alch. pp.148,238 B.""]","[""become"",""be rusty"",""become acrid, embittered"",""rust"",""convert into""]",[],"[{""biblio"":"""",""quote"":""ὁ σίδηρος μᾶλλον ἰοῖ""},{""biblio"":""Olymp. | in Mete. | 266.26"",""quote"":""ὁ σίδηρος μᾶλλον ἰοῖ Olymp. in Mete. 266.26""}]","[""Olymp. | in Mete. | 266.26""]",{},[],1,1,0,1,0,2,5,0,2
50600,10,957,n50600,ἰό-πεπλος,,,831,,"[""with violet robe, Hsch.""]","[""with violet robe""]",[],[],[],{},[],1,1,0,0,0,1,1,0,0
50601,10,958,n50601,ἰο-πλόκᾰμος,,,831,,"[""with dark locks, Μοῖσαι Pi. P. 1.1 ,cf. Simon. 18 .""]","[""with dark locks""]",[],"[{""biblio"":"""",""quote"":""Μοῖσαι""},{""biblio"":""Pi. | P. | 1.1"",""quote"":""Μοῖσαι Pi. P. 1.1""}]","[""Pi. | P. | 1.1""]",{},[],1,1,0,1,0,1,1,0,2
50602,10,959,n50602,ἰό-πλοκος,,,831,,"[""Μοῖσαι Lyr.Adesp. 53 ; of Apollo, AP 9.524.10 .""]",[],[],"[{""biblio"":"""",""quote"":""Μοῖσαι""},{""biblio"":""Lyr.Adesp. | 53"",""quote"":""Μοῖσαι Lyr.Adesp. 53""}]","[""Lyr.Adesp. | 53""]",{},[],1,0,0,1,0,1,0,0,2
50603,10,960,n50603,ἰοποίησις,,ἡ,831,,"[""= ἴωσις , Zos.Alch. p.252B.""]",[],[],[],[],{},"[{""type"":""ref"",""target"":"""",""text"":""ἴωσις""},{""type"":"""",""target"":"""",""text"":""= ἴωσις""}]",1,0,0,0,1,1,0,0,0
50604,10,961,n50604,ἰόππα:,,ὁ,831,,"[""v. δορκάς .""]",[],[],[],[],{},"[{""type"":""ref"",""target"":"""",""text"":""δορκάς""},{""type"":"""",""target"":"""",""text"":""v. δορκάς""}]",1,0,0,0,1,1,0,0,0
50605,10,962,n50605,ἰός,,ὁ,831,,"[""ἰά Il. 20.68 ( Cypr. , acc. to AB 1095 ):—arrow, ἰὸν ἕηκε Il. 1.48 ; βλήμενος ἢ ἰῷ ἢ ἔγχεϊ 8.514 , cf. A. Pers. 461 ; ἧκεν κομήτην ἰόν S. Tr. 567 . (Cf. Skt.í[snull ]'arrow'.)""]","[""arrow"",""í[snull ]""]",[],"[{""biblio"":"""",""quote"":""ἰά""},{""biblio"":""Il. | 20.68"",""quote"":""ἰά Il. 20.68""},{""biblio"":"""",""quote"":""ἰὸν ἕηκε""},{""biblio"":""Il. | 1.48"",""quote"":""ἰὸν ἕηκε Il. 1.48""},{""biblio"":"""",""quote"":""βλήμενος ἢ ἰῷ ἢ ἔγχεϊ""},{""biblio"":""8.514"",""quote"":""βλήμενος ἢ ἰῷ ἢ ἔγχεϊ 8.514""},{""biblio"":"""",""quote"":""ἧκεν κομήτην ἰόν""},{""biblio"":""S. | Tr. | 567"",""quote"":""ἧκεν κομήτην ἰόν S. Tr. 567""}]","[""8.514"",""Il. | 1.48"",""Il. | 20.68"",""S. | Tr. | 567""]",{},[],1,1,0,1,0,1,2,0,8
50606,10,963,n50606,ἰός,,ὁ,831,,"[""poison, as of serpents, A. Eu. 478 , S. Tr. 771 , E. Ion 1015 , Plu. 2.562c , etc.;venom of a mad dog, Ruf. Fr. 118 ;ἰὸς ἀμεμφὴς μελισσῶν, of honey with which snakes fed Iamos, Pi. O. 6.47 : metaph., of envy, A. Ag. 834 . (Cf. Skt.vi[snull ]ám'poison', Lat.vīrus.)""]","[""poison"",""venom"",""vi[snull ]ám"",""vīrus.""]",[],[],[],{},[],1,1,0,0,0,1,4,0,0
50607,10,964,n50607,ἰός,,ὁ,831,,"[""rust on iron, or verdigris on copper and bronze, Sapph. 141 (dub.), Thgn. 451 , Pl. R. 609a , Ti. 59c , Theoc. 16.17 ; ἰ. σιδήρου Dsc. 5.80 ; ἰ. χαλκοῦ Hp. Mul. 1.75 , Dsc. 5.79 , Gal. 12.218 ;patina on bronze statues, ὅπως καθαρὸς ἰοῦ ἔσται ὁ ἀνδριάς SIG 284.15 (Chios,iv B.C.), cf. Plu. 2.395b . (Perh. identical with ἰός B. )""]","[""rust"",""verdigris"",""patina""]",[],"[{""biblio"":"""",""quote"":""ἰ. σιδήρου""},{""biblio"":""Dsc. | 5.80"",""quote"":""ἰ. σιδήρου Dsc. 5.80""},{""biblio"":"""",""quote"":""ἰ. χαλκοῦ""},{""biblio"":""Hp. | Mul. | 1.75"",""quote"":""ἰ. χαλκοῦ Hp. Mul. 1.75""},{""biblio"":"""",""quote"":""ὅπως καθαρὸς ἰοῦ ἔσται ὁ ἀνδριάς""},{""biblio"":""SIG | 284.15"",""quote"":""ὅπως καθαρὸς ἰοῦ ἔσται ὁ ἀνδριάς SIG 284.15""},{""biblio"":"""",""quote"":""ἰός""},{""biblio"":""B."",""quote"":""ἰός B.""}]","[""B."",""Dsc. | 5.80"",""Hp. | Mul. | 1.75"",""SIG | 284.15""]",{},[],1,1,0,1,0,1,3,0,8
50608,10,965,n50608,ἰός,,,831,,"[""one, commonest in fem. (v.εἷς): neut. ἰῷ κίον ἤματι Il. 6.422 : masc. dat.ἰῷ, = ἐκείνῳ , Leg.Gort. 8.8 ; but, = ἑνί , ib. 7.23 ; acc.,τόν γ' ἰὸν ἐνιαυτόν the same year, IG 5(1).1390.126 (Andania,i B.C.);ἰός, = μόνος , acc. to Trypho ap. A.D. Pron. 56.4 .""]","[""one"",""same""]",[],"[{""biblio"":"""",""quote"":""ἰῷ κίον ἤματι""},{""biblio"":""Il. | 6.422"",""quote"":""ἰῷ κίον ἤματι Il. 6.422""}]","[""Il. | 6.422""]",{},"[{""type"":""ref"",""target"":"""",""text"":""ἐκείνῳ""},{""type"":"""",""target"":"""",""text"":""= ἐκείνῳ""},{""type"":""ref"",""target"":"""",""text"":""ἑνί""},{""type"":"""",""target"":"""",""text"":""= ἑνί""},{""type"":""ref"",""target"":"""",""text"":""μόνος""},{""type"":"""",""target"":"""",""text"":""= μόνος""}]",1,1,0,1,1,1,2,0,2
50609,10,966,n50609,ἱός,,,831,,"[""ἱός, Boeot. for ἑός(q.v.).""]",[],[],[],[],{},[],1,0,0,0,0,1,0,0,0
50610,10,967,n50610,ἰο-σάκχαρ,,τό,831,,"[""sugar of violets, Ruf. Fr. 80 .""]","[""sugar of violets""]",[],[],[],{},[],1,1,0,0,0,1,1,0,0
50611,10,968,n50611,ἰο-στέφᾰνος,,,831,,"[""violet-crowned, epith. of Aphrodite, h.Hom. 6.18 , Sol. 19.4 ; of the Muses, Thgn. 250 ; esp. of Athens, Pi. Fr. 76 , cf. B. 5.3 , Ar. Ach. 637 , Eq. 1323 .""]","[""violet-crowned""]",[],[],[],{},[],1,1,0,0,0,1,1,0,0
50612,10,969,n50612,ἰότης,,ἡ,831,,"[""will, desire, Ep. and Lyr. almost always in dat.,θεῶν ἰότητι by the will of the gods, Il. 19.9 , Od. 7.214 ,al., cf. Alc. 13 A;μητρὸς ἐμῆς ἰότητι at her will, Il. 18.396 ; κακῆς ἰ. γυναικός Od. 11.384 ;μνηστήρων ἰ. 18.234 ;ἀλλήλων ἰ. Il. 5.874 ;ἀναιδήτῳ ἰ. with shameless will, A.R. 4.360 : acc. only in Il. 15.41 δι' ἐμὴν ἰ."",""once in Trag.,for the sake of, ἰότατι γάμων A. Pr. 558 (lyr.).— Hsch. explains it by βουλήσει, αἰτία, ὀργῇ, χάριτι.""]","[""will, desire"",""by the will"",""at"",""will"",""will"",""for the sake of""]",[],"[{""biblio"":"""",""quote"":""κακῆς ἰ. γυναικός""},{""biblio"":""Od. | 11.384"",""quote"":""κακῆς ἰ. γυναικός Od. 11.384""},{""biblio"":"""",""quote"":""ἰότατι γάμων""},{""biblio"":""A. | Pr. | 558"",""quote"":""ἰότατι γάμων A. Pr. 558""}]","[""A. | Pr. | 558"",""Od. | 11.384""]",{},[],1,1,0,1,0,2,6,0,4
50613,10,970,n50613,ἰο-τόκος,,,831,,"[""poison-bearing, venomous, Opp. C. 3.73 .""]","[""poison-bearing, venomous""]",[],[],[],{},[],1,1,0,0,0,1,1,0,0
50614,10,971,n50614,ἰο-τῠπής,,,831,,"[""arrow-stricken, AP 5.86 ( Rufin. ), 9.265 ( Apollonid. or Phil. ).""]","[""arrow-stricken,""]",[],[],[],{},[],1,1,0,0,0,1,1,0,0
50615,10,972,n50615,ἰού,,,831,,"[""of grief of annoyance, usu. twice repeated, ἰοὺ ἰού D. 19.209 ;ἰ. ἰ. δύστηνος or δύστηνε, S. Tr. 1143 , OT 1071 ;ἰ. ἰ. βοᾶν, κεκραγέναι, Ar. Nu. 543 , Pax 345 : c. gen., ἰ. ἰ. τῶν . . κιγκλίδων Jul. Caes. 330d : rarely once,φῦ(φεῦ codd.), ἰ. τῆς ἀσβόλου Ar. Th. 245 ; or thrice, Id. Pax 110 : with other Interj., ἰ. ἰ. ὢ ὢ κακά A. Ag. 1214 ; ἰ. ἰ. πόπαξ Id. Eu. 143 (lyr.)."",""of joyful surprise,hallo!, hurrah!, Id. Ag. 25 , E. Cyc. 464 , 576 , Ar. Eq. 1096 , Pl. R. 432d , Grg. 499b , Smp. 223a . (Sch. Ar. Pax 345 , 316 says that ἰοὺ ἰού is of woe,ἰοῦ ἰοῦ of joy: the rule is not observed in codd. In Att. Poets it sts. stands extra versum, A. Ag. 25 , Ar. Nu. 1 .)""]","[""hallo!, hurrah!""]",[],"[{""biblio"":"""",""quote"":""ἰοὺ ἰού""},{""biblio"":""D. | 19.209"",""quote"":""ἰοὺ ἰού D. 19.209""},{""biblio"":"""",""quote"":""ἰ. ἰ. τῶν . . κιγκλίδων""},{""biblio"":""Jul. | Caes. | 330d"",""quote"":""ἰ. ἰ. τῶν . . κιγκλίδων Jul. Caes. 330d""},{""biblio"":"""",""quote"":""ἰ. τῆς ἀσβόλου""},{""biblio"":""Ar. | Th. | 245"",""quote"":""ἰ. τῆς ἀσβόλου Ar. Th. 245""},{""biblio"":"""",""quote"":""ἰ. ἰ. ὢ ὢ κακά""},{""biblio"":""A. | Ag. | 1214"",""quote"":""ἰ. ἰ. ὢ ὢ κακά A. Ag. 1214""},{""biblio"":"""",""quote"":""ἰ. ἰ. πόπαξ""},{""biblio"":""Id. | Eu. | 143"",""quote"":""ἰ. ἰ. πόπαξ Id. Eu. 143""}]","[""A. | Ag. | 1214"",""Ar. | Th. | 245"",""D. | 19.209"",""Id. | Eu. | 143"",""Jul. | Caes. | 330d""]",{},[],1,1,0,1,0,2,1,0,10
50616,10,973,n50616,Ἰουδαῖος,Adv.,ὁ,831,,"[""a Jew:Ἰουδαία,a Jewess;ἡ Ἰουδαία(sc.γῆ)Judaea: —Ἰουδα-ϊκός,ή,όν,Jewish, LXX 2 Ma. 8.11 , etc.Adv. -κῶς J. BJ 6.1.3 , Ep.Gal. 2.14 , Cod.Just. 1.1.7.4 :""]","[""a Jew"",""a Jewess""]",[],"[{""biblio"":"""",""quote"":""-κῶς""},{""biblio"":""J. | BJ | 6.1.3"",""quote"":""-κῶς J. BJ 6.1.3""}]","[""J. | BJ | 6.1.3""]",{},[],1,1,0,1,0,1,2,0,2
50617,10,974,n50617,ἰο-ί̈ζω,,,831,,"[""side with or imitate the Jews, LXX Es. 8.17 ,Ep.Gal.l.c.:""]","[""side with"",""imitate the Jews""]",[],[],[],{},[],1,1,0,0,0,1,2,0,0
50618,10,975,n50618,ἰο-ϊσμός,,ὁ,831,,"[""ἰο-ϊσμός,ὁ,Judaism, LXX 2 Ma. 2.21 , Ep.Gal. 1.13 :""]",[],[],[],[],{},[],1,0,0,0,0,1,0,0,0
50619,10,976,n50619,ἰο-ϊστί,,,831,,"[""in the Hebrew tongue, LXX 4 Ki. 18.26 .""]","[""in the Hebrew tongue""]",[],[],[],{},[],1,1,0,0,0,1,1,0,0
50620,10,977,n50620,ἴουκαι:,,,831,,"[""ἴουκαι: πεπόρευται, Hsch.""]",[],[],[],[],{},[],1,0,0,0,0,1,0,0,0
50621,10,978,n50621,Ἰουλαῖος,,ὁ,831,,"[""Julius, Hemerolog.Flor.""]","[""Julius,""]",[],[],[],{},[],1,1,0,0,0,1,1,0,0
50622,10,979,n50622,ἰουλίζω,,,831,,"[""become downy or hairy, Tryph. 53 , cf. Phot.""]","[""become downy"",""hairy""]",[],[],[],{},[],1,1,0,0,0,1,2,0,0
50623,10,980,n50623,ἰουλίς,,ἡ,831,,"[""rainbow-wrasse, Coris iulis, Arist. HA 610b6 , AP 7.504.5 ( Leon. ), Numen. ap. Ath. 7.304f , Artem. 1.14 .""]","[""rainbow-wrasse, Coris iulis""]",[],[],[],{},[],1,1,0,0,0,1,1,0,0
50624,10,981,n50624,ἰουλόπεζος,,,831,,"[""ἴουλος 1v )footed like the centipede, i.e.manyfooted, many-oared, of a ship, Lyc. 23 .""]","[""footed like the centipede"",""manyfooted, many-oared""]",[],"[{""biblio"":"""",""quote"":""ἴουλος""},{""biblio"":""1v"",""quote"":""ἴουλος 1v""}]","[""1v""]",{},[],1,1,0,1,0,1,2,0,2
50625,10,982,n50625,ἴουλος,,ὁ,831,,"[""down, the first growth of the whiskers and beard, in pl., πρίν σφωϊν ὑπὸ κροτάφοισιν ἰούλους ἀνθῆσαι Od. 11.319 : later in sg., στείχει δ' ἴ. ἄρτι διὰ παρηί̈δων A. Th. 534 ; πρᾶτον ἴ. ἀπὸ κροτ άφων καταβάλλειν Theoc. 15.85 ; ἔτι χνοάοντας ἰούλους ἀντ έλλων A.R. 2.43 ; ὑπὸ κροτάφοισιν ἰούλους κειράμενος AP 6.198 (Antip. Thess.); ἰούλοις πλῆσαι παρειάς IG 14.1601 ."",""corn-sheaf, whence Demeter is said to be named Ἰουλώ, Semus 19 , Carm.Pop. 1 ."",""song in honour of Demeter, Semus l.c., Apollod.Hist. 149 J. , Eratosth. Fr. 10 ."",""catkin, Thphr. HP 3.5.5 , 3.7.3 ;tendril, ib. 3.18.11 ."",""creature like the centipede, prob. the wood-louse, Arist. HA 523b18 , PA 682b3 , Thphr. Sign. 19 , Arat. 959 ;earthworm, Numen. ap. Ath. 7.305a ."",""= ἰουλίς , Eratosth. Fr. 12 (pl.). (Perh. cogn. with οὖλος, q.v.)""]","[""down, the first growth of the whiskers and beard"",""corn-sheaf"",""song in honour of Demeter"",""catkin"",""tendril"",""creature like the centipede"",""wood-louse"",""earthworm""]",[],"[{""biblio"":"""",""quote"":""πρίν σφωϊν ὑπὸ κροτάφοισιν ἰούλους ἀνθῆσαι""},{""biblio"":""Od. | 11.319"",""quote"":""πρίν σφωϊν ὑπὸ κροτάφοισιν ἰούλους ἀνθῆσαι Od. 11.319""},{""biblio"":"""",""quote"":""στείχει δ' ἴ. ἄρτι διὰ παρηί̈δων""},{""biblio"":""A. | Th. | 534"",""quote"":""στείχει δ' ἴ. ἄρτι διὰ παρηί̈δων A. Th. 534""},{""biblio"":"""",""quote"":""πρᾶτον ἴ. ἀπὸ κροτ άφων καταβάλλειν""},{""biblio"":""Theoc. | 15.85"",""quote"":""πρᾶτον ἴ. ἀπὸ κροτ άφων καταβάλλειν Theoc. 15.85""},{""biblio"":"""",""quote"":""ἔτι χνοάοντας ἰούλους ἀντ έλλων""},{""biblio"":""A.R. | 2.43"",""quote"":""ἔτι χνοάοντας ἰούλους ἀντ έλλων A.R. 2.43""},{""biblio"":"""",""quote"":""ὑπὸ κροτάφοισιν ἰούλους κειράμενος""},{""biblio"":""AP | 6.198"",""quote"":""ὑπὸ κροτάφοισιν ἰούλους κειράμενος AP 6.198""},{""biblio"":"""",""quote"":""ἰούλοις πλῆσαι παρειάς""},{""biblio"":""IG | 14.1601"",""quote"":""ἰούλοις πλῆσαι παρειάς IG 14.1601""}]","[""A. | Th. | 534"",""A.R. | 2.43"",""AP | 6.198"",""IG | 14.1601"",""Od. | 11.319"",""Theoc. | 15.85""]",{},"[{""type"":""ref"",""target"":"""",""text"":""ἰουλίς""},{""type"":"""",""target"":"""",""text"":""= ἰουλίς""}]",1,1,0,1,1,6,8,0,12
50626,10,983,n50626,ἰουλοφόρος,,,831,,"[""downy,γένυς Demitsas Μακεδ.No. 410 (Thessalonica,ii A.D.).""]","[""downy""]",[],[],[],{},[],1,1,0,0,0,1,1,0,0
50627,10,984,n50627,Ἰουλώ,,ἡ,831,,"[""goddess of sheaves, epith. of Demeter, Semus 19 ; cf. ἴουλος 11 .""]","[""goddess of sheaves""]",[],"[{""biblio"":"""",""quote"":""ἴουλος""},{""biblio"":""11"",""quote"":""ἴουλος 11""}]","[""11""]",{},[],1,1,0,1,0,1,1,0,2
50628,10,985,n50628,ἰουλώδης,,,831,,"[""scolopendra-like, Arist. PA 682a5 .""]","[""scolopendra-like""]",[],[],[],{},[],1,1,0,0,0,1,1,0,0
50629,10,986,n50629,ἰόφ,,,831,,"[""ἰόφ, prob. corrupt in A. Supp. 828 : interj. expressing aversion, acc. to Sch.""]",[],[],[],[],{},[],1,0,0,0,0,1,0,0,0
50630,10,987,n50630,ἰο-φόρος,,,831,,"[""poison-bearing, Opp. C. 3.433 .""]","[""poison-bearing""]",[],[],[],{},[],1,1,0,0,0,1,1,0,0
50631,10,988,n50631,ἰο-χέαιρα,Subst.,ἡ,831,,"[""arrow-pourer, shooter of arrows, epith. of Artemis, Il. 5.53 , etc.; ἰ. παρθένος Pi. P. 2.9 : as Subst., Ἰοχέαιρα Il. 21.480 , Od. 11.198 , Schwyzer 758 (vi B.C.), IG 14.1389i53 ; later ἰ. φαρέτρα AP 6.9 ( Mnasalc. )."",""(ἰός B)poison-shedding, of serpents, Nic. Fr. 33 . (-χέϝαιρα from χέω, not as expld. by Apollon.Lex. etc. from χαίρω.)[ῑ as in ἰός: yet ῐ in Pi.l.c.]""]","[""arrow-pourer, shooter of arrows"",""poison-shedding""]",[],"[{""biblio"":"""",""quote"":""ἰ. παρθένος""},{""biblio"":""Pi. | P. | 2.9"",""quote"":""ἰ. παρθένος Pi. P. 2.9""},{""biblio"":"""",""quote"":""Ἰοχέαιρα""},{""biblio"":""Il. | 21.480"",""quote"":""Ἰοχέαιρα Il. 21.480""},{""biblio"":"""",""quote"":""ἰ. φαρέτρα""},{""biblio"":""AP | 6.9"",""quote"":""ἰ. φαρέτρα AP 6.9""}]","[""AP | 6.9"",""Il. | 21.480"",""Pi. | P. | 2.9""]",{},[],1,1,0,1,0,2,2,0,6
50632,10,989,n50632,Ἰοχια,,τά,831,,"[""parelia, pardia codd.),Gloss.""]","[""parelia, pardia""]",[],[],[],{},[],1,1,0,0,0,1,1,0,0
50633,10,990,n50633,ἵπαμα:,,,831,,"[""ἵπαμα: κάμνη, Hsch. ἴπαρ, Aeol. for ὕπαρ, Jo.Gramm. Comp. 3.15 .ἰπνασία: γαστήρ( Tarent. ), Hsch.""]",[],[],[],[],{},[],1,0,0,0,0,1,0,0,0
50634,10,991,n50634,ἰπνευ-τής,,ὁ,831,,"[""furnarius, Gloss. ; prob. for ἰπνίτης in AP 6.299 ( Phan. ).""]","[""furnarius,""]",[],[],[],{},[],1,1,0,0,0,1,1,0,0
50635,10,992,n50635,ἰπνεύ-ω,,,831,,"[""dry or bake in the oven, Hsch. , prob. in IG 12.4.15 (ϳιπν-).""]","[""dry"",""bake in the oven""]","[""ἰπνός"",""ϳιπν-""]",[],[],{},[],1,1,1,0,0,1,2,2,0
50636,10,993,n50636,ἴπνη,,ἡ,831,,"[""woodpecker, Ant.Lib. 21.6 ; cf.ἴππα(ἵπτα cod.): = δρυοκόλαψ , Hsch. :ἰπνή: ἐφιππίς(Sicel), Id.""]","[""woodpecker""]",[],[],[],{},"[{""type"":""ref"",""target"":"""",""text"":""δρυοκόλαψ""},{""type"":"""",""target"":"""",""text"":""= δρυοκόλαψ""}]",1,1,0,0,1,1,1,0,0
50637,10,994,n50637,ἰπν-ίον,,τό,831,,"[""ἰπν-ίον,τό, Dim. of ἰπνός, Dieuch. ap. Orib. 4.5.2 .""]",[],[],[],[],{},[],1,0,0,0,0,1,0,0,0
50638,10,995,n50638,ἴπν-ιος,,τά,831,,"[""ἰπνός 1 )of an oven:—hence ἴπνια,τά,soot, Hsch. , cf. Sch. Ar. V. 832 ."",""(ἰπνός Iv)of a dunghill, Call. Fr. 216 .""]","[""of an oven"",""soot"",""of a dunghill""]",[],"[{""biblio"":"""",""quote"":""ἰπνός""},{""biblio"":""1"",""quote"":""ἰπνός 1""}]","[""1""]",{},[],1,1,0,1,0,2,3,0,2
50639,10,996,n50639,ἰπν-ίτης,,ὁ,831,,"[""baked in the oven, οἱ ἰ. ἄρτοι Hp. Vict. 2.42 , Polem.Hist. 86 , IG 5 ( 1 ). 363.18 (Sparta,i A.D.: written-είταν): without ἄρτος, Timocl. 33 ; ἰ. φθοί̈ς AP 6.299 ( Phan. , sed leg.-ευτής).""]","[""baked in the oven""]",[],"[{""biblio"":"""",""quote"":""οἱ ἰ. ἄρτοι""},{""biblio"":""Hp. | Vict. | 2.42"",""quote"":""οἱ ἰ. ἄρτοι Hp. Vict. 2.42""},{""biblio"":"""",""quote"":""ἰ. φθοί̈ς""},{""biblio"":""AP | 6.299"",""quote"":""ἰ. φθοί̈ς AP 6.299""}]","[""AP | 6.299"",""Hp. | Vict. | 2.42""]",{},[],1,1,0,1,0,1,1,0,4
50640,10,997,n50640,ἰπνο-δόμαν:,,,831,,"[""ἰπνο-δόμαν: τὴν φρυγίαν(Cret.), Hsch.""]",[],[],[],[],{},[],1,0,0,0,0,1,0,0,0
50641,10,998,n50641,ἰπνο-κᾰής,,,831,,"[""baked in the oven, Luc. Lex. 6 .""]","[""baked in the oven""]","[""καίω""]",[],[],{},[],1,1,1,0,0,1,1,1,0
50642,10,999,n50642,ἰπνο-καύστης,,,831,,"[""furnarius, Gloss. (also ἰπνο-καύτης, ibid.).""]","[""furnarius,""]",[],[],[],{},[],1,1,0,0,0,1,1,0,0
50643,10,1000,n50643,ἰπνο-κήιον:,,,831,,"[""ἰπνο-κήιον: φρύγιον, οἱ δὲ τὴν ὑπόκαυσιν τοῦ ἰπνοῦ, Hsch.""]",[],[],[],[],{},[],1,0,0,0,0,1,0,0,0
50644,10,1001,n50644,ἰπνο-λέβης,,ὁ,831,,"[""boiler, cauldron, Luc. Lex. 8 , Ath. 3.98c .""]","[""boiler, cauldron""]",[],[],[],{},[],1,1,0,0,0,1,1,0,0
50645,10,1002,n50645,ἰπνο-λεβήτιον,,τό,831,,"[""ἰπνο-λεβήτιον,τό, Dim. of foreg., Poll. 10.66 .""]",[],[],[],[],{},[],1,0,0,0,0,1,0,0,0
50646,10,1003,n50646,ἴπνον,,τό,831,,"[""mare's-tail, Hippuris vulgaris, Thphr. HP 4.10.1 .""]","[""mare's-tail, Hippuris vulgaris""]",[],[],[],{},[],1,1,0,0,0,1,1,0,0
50647,10,1004,n50647,ἰπνοπλάθος,,ὁ,831,,"[""oven-maker, fire-clay moulder, worker in terra-cotta, much like κοροπλάθος (q. v.), Pl. Tht. 147a :—later ἰπνοπλάθης, Poll. 7.163 , Tim. Lex. , Harp. :—also ἰπνο-πλάστης,ου,ὁ, Gal. Thras. 43 :""]","[""oven-maker, fire-clay moulder, worker in terra-cotta""]","[""πλάσσω""]",[],[],{},"[{""type"":""ref"",""target"":"""",""text"":""κοροπλάθος""},{""type"":"""",""target"":"""",""text"":""like κοροπλάθος""}]",1,1,1,0,1,1,1,1,0
50648,10,1005,n50648,ἰπνο-ποιός,,,831,,"[""ἰπνο-ποιός,όν, Luc. Prom.Es 2 , Them. Or. 21.256d .""]",[],[],[],[],{},[],1,0,0,0,0,1,0,0,0
50649,10,1006,n50649,ἰπν-ός,,ὁ,831,,"[""oven, furnace, Hdt. 5.92 .ή, Hp. Morb. 2.47 , Antiph. 176.4 , Diph.Siph. ap. Ath. 2.54a , Archestr. Fr. 46 ; esp. for heating water for the bath, Ar. V. 139 , Av. 437 (ῐπν-)."",""the place of the oven, i.e.the kitchen, Semon. 7.61 , Ar. V. 837 , Lycurg. Fr. 73 ."",""lantern, Ar. Pax 841 , Pl. 815 , SIG 1027.13 (Cos, 1v /iii B.C.), Ael. NA 2.8 ."",""= κοπρών ,dunghill, privy, Ar. Fr. 353 , Hsch. (Prob. cogn. with Engl.oven.)""]","[""oven, furnace"",""the place of the oven"",""the kitchen"",""lantern"",""dunghill, privy"",""oven.""]","[""ῐπν-""]",[],[],{},"[{""type"":""ref"",""target"":"""",""text"":""κοπρών""},{""type"":"""",""target"":"""",""text"":""= κοπρών""}]",1,1,1,0,1,4,6,1,0
50650,10,1007,n50650,ἰπν-ών,,ὁ,831,,"[""kitchen, IG 11(2).287 A 147 , al. (Delos,iii B.C.).""]","[""kitchen,""]",[],[],[],{},[],1,1,0,0,0,1,1,0,0
50651,10,1008,n50651,ἰποκτόνος,,,831,,"[""killing the worms in vines, epith. of Heracles at Erythrae, Str. 13.1.64 .""]","[""killing the worms in vines""]","[""ἴψ""]",[],[],{},[],1,1,1,0,0,1,1,1,0
50652,10,1009,n50652,ἶπ-ος,,ἡ,831,833,"[""the piece of wood that falls and catches the mouse, Ar. Pl. ( 815 ?)ap. Poll. 10.155 , Id. 7.41 , Eust. 16.40 ,etc. cf.εἶπος."",""any weight, fuller's press, Archil. 169 ;ἶ. ἀνεμόεσσα, of Aetna as the weight which holds Typhoeus down, Pi. O. 4.8 ;press used in surgery, Hp. Mochl. 38 . (Perh. cf.ἴπτομαι.)""]","[""the piece of wood that falls and catches"",""any weight, fuller's"",""press"",""press""]",[],[],[],{},[],1,1,0,0,0,2,4,0,0
50653,10,1010,n50653,ἰπ-όω,,,831,,"[""press, squeeze, Cratin. 91 ; esp. in surgery, Hp. Art. 47 ; ἰ. τὴν κεφαλὴν τοῦ βραχίονος Heliod. ap. Orib. 49.13.8 :— Pass. ,to be weighed down, ἰπούμενος ῥίζαισιν Αἰτναίαις ὕπο A. Pr. 365 ; ἰπούμενος ταῖς ἐσφοραῖς Ar. Eq. 924 .""]","[""press, squeeze"",""to be weighed down""]",[],"[{""biblio"":"""",""quote"":""ἰ. τὴν κεφαλὴν τοῦ βραχίονος""},{""biblio"":""Heliod."",""quote"":""ἰ. τὴν κεφαλὴν τοῦ βραχίονος Heliod.""},{""biblio"":"""",""quote"":""ἰπούμενος ῥίζαισιν Αἰτναίαις ὕπο""},{""biblio"":""A. | Pr. | 365"",""quote"":""ἰπούμενος ῥίζαισιν Αἰτναίαις ὕπο A. Pr. 365""},{""biblio"":"""",""quote"":""ἰπούμενος ταῖς ἐσφοραῖς""},{""biblio"":""Ar. | Eq. | 924"",""quote"":""ἰπούμενος ταῖς ἐσφοραῖς Ar. Eq. 924""}]","[""A. | Pr. | 365"",""Ar. | Eq. | 924"",""Heliod.""]",{},[],1,1,0,1,0,1,2,0,6
50654,10,1011,n50654,ἴππα,,ἡ,831,,"[""ἴππα,ἡ,v.sub ἴπνη: as pr. n.Ἵππα,Hippa, nurse of Dionysus, Orph. H. 48.4 .""]",[],[],[],[],{},[],1,0,0,0,0,1,0,0,0
50655,10,1012,n50655,ἱππ-αγρέται,,οἱ,831,,"[""who chose 300 , the flower of the ἔφηβοι,to serve as a body-guard for the kings(v. ἱππεύς 11.1 ), X. HG 3.3.9 , Lac. 4.3 , Archyt. ap. Stob. 4.1.138 : sg., Th. 4.38 (unless it be pr. n.).""]","[""who chose"",""to serve as a body-guard for the kings""]","[""ἀγρέω""]","[{""biblio"":"""",""quote"":""ἱππεύς""},{""biblio"":""11.1"",""quote"":""ἱππεύς 11.1""}]","[""11.1""]",{},[],1,1,1,1,0,1,2,1,2
50656,10,1013,n50656,ἵππ-αγρος,,ὁ,831,,"[""wild horse, Opp. C. 3.252 .""]","[""wild horse""]",[],[],[],{},[],1,1,0,0,0,1,1,0,0
50657,10,1014,n50657,ἱππ-ᾰγωγός,,,831,,"[""carrying horses; esp. of ships used as cavalry transports, πλοῖα Hdt. 6.48 ;νέες ib. 95 ; ναῦς Th. 2.56 , 4.42 , Arr. An. 2.19.1 ; τριήρεις D. 4.16 , D.S. 11.3 ;ἱππαγωγοί alone, Ar. Eq. 599 , D. 4.21 :Ἱππαγωγός as pr. n. of a ship, IG 22.1623.14 .""]","[""carrying horses"",""cavalry transports""]",[],"[{""biblio"":"""",""quote"":""πλοῖα""},{""biblio"":""Hdt. | 6.48"",""quote"":""πλοῖα Hdt. 6.48""},{""biblio"":"""",""quote"":""ναῦς""},{""biblio"":""Th. | 2.56"",""quote"":""ναῦς Th. 2.56""},{""biblio"":"""",""quote"":""τριήρεις""},{""biblio"":""D. | 4.16"",""quote"":""τριήρεις D. 4.16""}]","[""D. | 4.16"",""Hdt. | 6.48"",""Th. | 2.56""]",{},[],1,1,0,1,0,1,2,0,6
50658,10,1015,n50658,ἱππ-άζομαι,,,831,,"[""ἱππασεῖται Dialex. 6.4 :—drive horses, drive a chariot, Ἀντίλοχ', ἀφραδέως ἱππάζεαι Il. 23.426 ; later,ride, Hdt. 4.114 , Hp. Aër. 17 , Ar. Nu. 15 , etc.; ἱ. ἐφ' ἵππων Hdt. 4.110 ; ἵππῳ X. Eq. 10.1 : metaph., ἁ ξυσμὰ ἐκ ποδὸς εἰς κεφαλὰν ἱππάζεται Sophr. 53 :—rare in Act. ,ἱππάσαι πῶλον ap. Poll. 1.182 ."",""Pass. , of the horse,to be ridden or driven, Pl. Ion 540e ;to be broken in for riding, X. Eq. 3.1 ."",""c. acc. loci,ἱππάζεσθαι χώραν ride over a country, Plu. Cam. 23 ; τὰς ὁδούς D.S. 13.88 .""]","[""drive horses, drive a chariot"",""ride"",""Aër."",""to be ridden"",""driven"",""to be broken in for riding"",""ride over""]",[],"[{""biblio"":"""",""quote"":""ἱππασεῖται""},{""biblio"":""Dialex. | 6.4"",""quote"":""ἱππασεῖται Dialex. 6.4""},{""biblio"":"""",""quote"":""Ἀντίλοχ', ἀφραδέως ἱππάζεαι""},{""biblio"":""Il. | 23.426"",""quote"":""Ἀντίλοχ', ἀφραδέως ἱππάζεαι Il. 23.426""},{""biblio"":"""",""quote"":""ἱ. ἐφ' ἵππων""},{""biblio"":""Hdt. | 4.110"",""quote"":""ἱ. ἐφ' ἵππων Hdt. 4.110""},{""biblio"":"""",""quote"":""ἵππῳ""},{""biblio"":""X. | Eq. | 10.1"",""quote"":""ἵππῳ X. Eq. 10.1""},{""biblio"":"""",""quote"":""ἁ ξυσμὰ ἐκ ποδὸς εἰς κεφαλὰν ἱππάζεται""},{""biblio"":""Sophr. | 53"",""quote"":""ἁ ξυσμὰ ἐκ ποδὸς εἰς κεφαλὰν ἱππάζεται Sophr. 53""},{""biblio"":"""",""quote"":""τὰς ὁδούς""},{""biblio"":""D.S. | 13.88"",""quote"":""τὰς ὁδούς D.S. 13.88""}]","[""D.S. | 13.88"",""Dialex. | 6.4"",""Hdt. | 4.110"",""Il. | 23.426"",""Sophr. | 53"",""X. | Eq. | 10.1""]",{},[],1,1,0,1,0,3,7,0,12
50659,10,1016,n50659,ἱππ-ᾱί̈ς,,ἡ,831,,"[""ἱππικός 1.3 ,of a knight,πόρπα, i.e.fibula which fastened the trabea of a Roman eques, Epigr.Gr. 985.1 (Philae).""]","[""of a knight"",""fibula"",""trabea"",""eques,""]",[],"[{""biblio"":"""",""quote"":""ἱππικός""},{""biblio"":""1.3"",""quote"":""ἱππικός 1.3""}]","[""1.3""]",{},[],1,1,0,1,0,1,4,0,2
50660,10,1017,n50660,ἱππ-αιχμία,,ἡ,831,,"[""cavaliy-action, Sch. Pi. N. 1.23 (pl.).""]","[""cavaliy-action""]",[],[],[],{},[],1,1,0,0,0,1,1,0,0
50661,10,1018,n50661,ἵππ-αιχμος,,,831,,"[""fighting on horseback, equestrian, Pi. N. 1.17 .""]","[""fighting on horseback, equestrian""]",[],[],[],{},[],1,1,0,0,0,1,1,0,0
50662,10,1019,n50662,ἱππ-άκη,,ἡ,831,,"[""mare's-milk cheese, used by the Scythians, Hp. Aër. 18 , A. Fr. 198 , Theopomp.Hist. 48 , Thphr. HP 9.13.2 , Dsc. 2.71 :—also ἱππάκης,ου,ὁ, Eust. 916.16 ."",""horse's rennet, Dsc. 2.75 ."",""a leguminous plant, Ph. Bel. 86.25 , Plin. HN 25.83 .""]","[""mare's-milk cheese"",""Aër."",""horse's rennet"",""a leguminous plant""]",[],[],[],{},[],1,1,0,0,0,3,4,0,0
50663,10,1020,n50663,ἱππ-ᾰκοντιστής,,ὁ,831,,"[""mounted javelineer, Ael. Tact. 2.13 , Arr. An. 4.4.7 , Poll. 1.131 .""]","[""mounted javelineer""]",[],[],[],{},[],1,1,0,0,0,1,1,0,0
50664,10,1021,n50664,ἱππ-άκοπον,,τό,831,,"[""remedy for horses, Hippiatr. 130 .""]","[""remedy for horses,""]",[],[],[],{},[],1,1,0,0,0,1,1,0,0
50665,10,1022,n50665,ἱππ-ᾰλεκτρῠών,,ὁ,831,,"[""horsecock, gryphon, a fabulous animal in A. Fr. 134 , cf. Ar. Ra. 932 , Av. 800 .""]","[""horsecock, gryphon""]",[],[],[],{},[],1,1,0,0,0,1,1,0,0
50666,10,1023,n50666,ἱππ-ᾰλέος,,,831,,"[""ἱππ-ᾰλέος,α,ον, poet. for ἱππικός, Opp. C. 1.169 , 242 , etc.""]",[],[],[],[],{},[],1,0,0,0,0,1,0,0,0
50667,10,1024,n50667,ἵππ-ᾰλος,,ὁ,831,,"[""monsoon in the Indian Ocean (from the name of the pilot who observed it), prob. in Peripl.M.Rubr. 57 .""]","[""monsoon""]",[],[],[],{},[],1,1,0,0,0,1,1,0,0
50668,10,1025,n50668,ἱππ-αναβάτης,,ὁ,831,,"[""mounted man, PLond. 1821.80 .""]","[""mounted man,""]",[],[],[],{},[],1,1,0,0,0,1,1,0,0
50669,10,1026,n50669,ἱππ-άνθρωπος,,ὁ,831,,"[""centaur, Gal. UP 3.1 , Eust. 1909.53 .""]","[""centaur""]",[],[],[],{},[],1,1,0,0,0,1,1,0,0
50670,10,1027,n50670,ἱππᾰπαῖ,,,831,,"[""ἱππᾰπαῖ, a cry of the Ἱππεῖς, a parody of the boatmen's cry (ῥυππαπαῖ), Ar. Eq. 602 .""]",[],"[""ῥυππαπαῖ""]",[],[],{},[],1,0,1,0,0,1,0,1,0
50671,10,1028,n50671,ἱππ-άριον,,τό,831,,"[""pony, PCair.Zen. 30 ,al.(iii B.C.), Arr. Tact. 19.3 ."",""wretched horse, in contempt, X. Cyr. 1.4.19 , Plu. Phil. 7 , Them. Or. 24.306d ."",""statuette of a horse, IG 11(2).203 B 84 (Delos,iii B.C.).""]","[""pony,"",""wretched horse"",""statuette of a horse,""]",[],[],[],{},[],1,1,0,0,0,3,3,0,0
50672,10,1029,n50672,ἱππ-αρμοστής,,ὁ,831,,"[""commander of cavalry, X. HG 4.4.10 , 5.12 ; cf.ἵπφαρμος.""]","[""commander of cavalry""]",[],[],[],{},[],1,1,0,0,0,1,1,0,0
50673,10,1030,n50673,ἱππαρχ-εῖον,,τό,831,,"[""head-quarters of the ἵππαρχος, IG 22.895 (ii B.C.).""]","[""head-quarters of the""]",[],[],[],{},[],1,1,0,0,0,1,1,0,0
50674,10,1031,n50674,ἱππαρχ-έω,,,831,,"[""to be ἵππαρχος,command cavalry, c. gen., τῆς ἵππου Hdt. 9.20 , 69 ; ἱππαρχηκὼς ἀνδρῶν καλῶν κἀγαθῶν Din. 3.12 ; ἱππέων D. 21.164 : abs., X. Ages. 2.4 , Lys. 26.20 , D. 21.172 ; οἱ ἱππαρχηκότες Hyp. Lyc. 17 ; of the Roman magister equitum and praefectus equitum, D.C. 43.48 , App. BC 5.8 :— Pass. ,serve under an ἵππαρχος, Arist. Pol. 1277b10 .""]","[""to be"",""command cavalry"",""magister equitum"",""praefectus equitum"",""serve under an""]",[],"[{""biblio"":"""",""quote"":""τῆς ἵππου""},{""biblio"":""Hdt. | 9.20"",""quote"":""τῆς ἵππου Hdt. 9.20""},{""biblio"":"""",""quote"":""ἱππαρχηκὼς ἀνδρῶν καλῶν κἀγαθῶν""},{""biblio"":""Din. | 3.12"",""quote"":""ἱππαρχηκὼς ἀνδρῶν καλῶν κἀγαθῶν Din. 3.12""},{""biblio"":"""",""quote"":""ἱππέων""},{""biblio"":""D. | 21.164"",""quote"":""ἱππέων D. 21.164""},{""biblio"":"""",""quote"":""οἱ ἱππαρχηκότες""},{""biblio"":""Hyp. | Lyc. | 17"",""quote"":""οἱ ἱππαρχηκότες Hyp. Lyc. 17""}]","[""D. | 21.164"",""Din. | 3.12"",""Hdt. | 9.20"",""Hyp. | Lyc. | 17""]",{},[],1,1,0,1,0,1,5,0,8
50675,10,1032,n50675,ἱππάρχ-ης,,,831,,"[""ἱππάρχ-ης, Dor. ἱππαρχ-άρχας, Ion. gen.""]",[],[],[],[],{},[],1,0,0,0,0,1,0,0,0
50676,10,1033,n50676,ἱππαρχ-άρχεω,,ὁ,831,,"[""magister equitum, Plb. 3.87.9 , D.H. 5.75 , Nic.Dam. 130.17J. , etc.;= praefectus equitum, App. BC 2.102 ;= praefectus alae, J. BJ 2.14.5 .""]","[""magister equitum"",""praefectus equitum"",""praefectus alae""]",[],[],[],{},[],1,1,0,0,0,1,3,0,0
50677,10,1034,n50677,ἱππαρχ-ία,,ἡ,831,,"[""office of ἵππαρχος, X. Ath. 1.3 (pl.); of the magister equitum, D.C. Fr. 36.26 , Lyd. Mag. 2.13 ."",""a squadron of horse such as he commands, Plb. 10.23.4 , D.S. 17.57 , Str. 17.1.12 , Plu. Eum. 7 , Arr. An. 1.24.3 ; consisting of 512 men, Ascl. Tact. 7.11 , etc.""]","[""office of"",""magister equitum"",""a squadron of horse such as he commands""]",[],[],[],{},[],1,1,0,0,0,2,3,0,0
50678,10,1035,n50678,ἱππαρχ-ικός,,,831,,"[""of or for a ἵππαρχος, ἡγεμονία ἱ.,=ἱππαρχία, Suid. s.v. ἵππαρχος ;ἱ. ἐστί it is part of his duty, X. Eq.Mag. 5.1 :-ικός, ὁ(sc.λόγος), title of treatise by Xenophon.""]","[""of"",""for a"",""part of his duty""]",[],[],[],{},"[{""type"":""ref"",""target"":"""",""text"":""ἵππαρχος""},{""type"":"""",""target"":"""",""text"":""s.v. ἵππαρχος""}]",1,1,0,0,1,1,3,0,0
50679,10,1036,n50679,ἵππαρχ-ος,,ὁ,831,,"[""ruling the horse, epith. of Poseidon, Pi. P. 4.45 ."",""commander of cavalry, τῆς ἵππου Hdt. 7.154 ; at Athens, IG 22.116.15 (iv B.C.), Ar. Av. 799 , Lys. 16.8 , Pl. Lg. 755c , 880d , X. Eq.Mag. 1.7 ,al.; ἵ. εἰς Λῆμνον χειροτονεῖν Hyp. Lyc. 17 , cf. D. 4.26 ; in other states, Th. 4.72 , IG 7.2466 (Thebes,iii B.C.), etc.; in the Achaean league, ib. 5(2).344.7 (Orchomenus), etc.;=Lat.magister equitum, D.S. 12.64 , Plu. Cam. 5 , etc.;= praefectus equitum, App. Hisp. 47 ; cf.ἱππάρχης.""]","[""ruling the horse"",""commander of cavalry"",""magister equitum"",""praefectus equitum""]",[],"[{""biblio"":"""",""quote"":""τῆς ἵππου""},{""biblio"":""Hdt. | 7.154"",""quote"":""τῆς ἵππου Hdt. 7.154""},{""biblio"":"""",""quote"":""ἵ. εἰς Λῆμνον χειροτονεῖν""},{""biblio"":""Hyp. | Lyc. | 17"",""quote"":""ἵ. εἰς Λῆμνον χειροτονεῖν Hyp. Lyc. 17""}]","[""Hdt. | 7.154"",""Hyp. | Lyc. | 17""]",{},[],1,1,0,1,0,2,4,0,4
50680,10,1037,n50680,ἱππ-άς,Subst.,ἡ,831,,"[""a riding-dress, Hdt. 1.80 ;=Lat.equester, ἱ. ἐσθής D.C. 38.14 ."",""as Subst.,ἡ ἱ. (sc.τάξις)the order of knights(ἱππεῖς) at Athens, Arist. Pol. 1274a21 ;θυσίαι, βοῦς ἱππάδες of sacrifices offered by the knights, Hsch. ;πύλαι ἱ., name of a gate at Athens, Plu. 2.849c ."",""knights' tax, ἱππάδα τελεῖν Is. 7.39 , Arist. Ath. 7.4 , Plu. Sol. 18 ;θητικοῦ ἀντὶ τέλους ἱππάδ' ἀμειψάμενος Epigr. ap. Arist. Ath. l.c."",""at Rome,=ordo equester, D.C. 40.57 ,al.; in full ἡ ἱ. τάξις Hdn. 5.1.5 ."",""a boy's game, Poll. 9.122 ."",""= ἵππος,ἡ ,mare, Opp. C. 1.162 , Hippiatr. 14 , BGU 21iii 8 (iv A.D.).""]","[""a riding-dress"",""equester"",""the order of knights"",""offered by the knights"",""knights' tax"",""ordo equester"",""mare""]","[""ἱππεῖς""]","[{""biblio"":"""",""quote"":""ἱ. ἐσθής""},{""biblio"":""D.C. | 38.14"",""quote"":""ἱ. ἐσθής D.C. 38.14""},{""biblio"":"""",""quote"":""ἱππάδα τελεῖν""},{""biblio"":""Is. | 7.39"",""quote"":""ἱππάδα τελεῖν Is. 7.39""},{""biblio"":"""",""quote"":""ἡ ἱ. τάξις""},{""biblio"":""Hdn. | 5.1.5"",""quote"":""ἡ ἱ. τάξις Hdn. 5.1.5""}]","[""D.C. | 38.14"",""Hdn. | 5.1.5"",""Is. | 7.39""]",{},[],1,1,1,1,0,6,7,1,6
50681,10,1038,n50681,ἱππ-ᾰσία,,ἡ,831,,"[""riding, horse-exercise, Ar. Ach. 1165 (lyr.);ἱ. ποιεῖσθαι,=ἱππάζεσθαι, to take a ride, X. Eq. 8.9 , cf. An. 2.5.33 ; ἱ. ἱππάσασθαι Id. Oec. 11.17 ;horsemanship, Id. An. 2.5.33 ; as a subject of competition, IG 7.3087 (Lebad.)."",""chariot-driving, Luc. DDeor. 12.1 , etc."",""cavalry, Arr. An. 4.4.7 .""]","[""riding, horse-exercise"",""a ride"",""horsemanship"",""chariot-driving"",""cavalry""]",[],"[{""biblio"":"""",""quote"":""ἱ. ἱππάσασθαι""},{""biblio"":""Id. | Oec. | 11.17"",""quote"":""ἱ. ἱππάσασθαι Id. Oec. 11.17""}]","[""Id. | Oec. | 11.17""]",{},[],1,1,0,1,0,3,5,0,2
50682,10,1039,n50682,ἱππ-άσιμος,,,831,,"[""fit for horses, fit for riding,Αἴγυπτον τὸ πρὶν ἐοῦσαν ἱππασίμην καὶ ἁμαξευομένην, opp.ἄνιππος, Hdt. 2.108 , cf. 5.63 , 9.13 , X. Cyr. 1.4.14 , Aen.Tact. 6.6 , Plb. 10.49.5 , Onos. 31.1 , etc.;τὸ ἱππάσιμον, i.e.τὸ πεδινόν, X. HG 7.2.12 ; τὰ ἱ. τῆς χώρας ἄνιππα ποιεῖν Aen.Tact. 8.4 : metaph.,τοῖς κόλαξιν ἑαυτὸν ἀνεικὼς ἱππάσιμον allowing himself to be ridden by flatterers, Plu. Alex. 23 .""]","[""fit for horses, fit for riding"",""to be ridden""]",[],"[{""biblio"":"""",""quote"":""τὰ ἱ. τῆς χώρας ἄνιππα ποιεῖν""},{""biblio"":""Aen.Tact. | 8.4"",""quote"":""τὰ ἱ. τῆς χώρας ἄνιππα ποιεῖν Aen.Tact. 8.4""}]","[""Aen.Tact. | 8.4""]",{},[],1,1,0,1,0,1,2,0,2
50683,10,1040,n50683,ἱππ-άσιον,,τό,831,,"[""ἱππ-άσιον,τό, Dim. of ἵππος, Theognost. Can. 125 .""]",[],[],[],[],{},[],1,0,0,0,0,1,0,0,0
50684,10,1041,n50684,ἵππ-ασμα,,τό,831,,"[""a ride, Ach. Tat. 1.13 .""]","[""a ride""]",[],[],[],{},[],1,1,0,0,0,1,1,0,0
50685,10,1042,n50685,ἱππ-ασμός,,ὁ,831,,"[""riding, Sch. E. Hel. 1355 .""]","[""riding""]",[],[],[],{},[],1,1,0,0,0,1,1,0,0
50686,10,1043,n50686,ἱππ-αστήρ,,ὁ,831,,"[""ἱππ-αστήρ,ῆρος,ὁ,= sq., metaph. of the μύωψ, AP 5.202 ( Asclep. );κημός ib. 7.424 (Antip. Sid.).""]",[],[],[],[],{},[],1,0,0,0,0,1,0,0,0
50687,10,1044,n50687,ἱππ-αστής,Adj.,ὁ,831,,"[""as Adj.,fit for riding, of a horse, X. Eq. 10.17 .""]","[""fit for riding""]",[],[],[],{},[],1,1,0,0,0,1,1,0,0
50688,10,1045,n50688,ἱππ-αστί,Adv.,,831,,"[""like a horseman, καθίζειν Hsch.""]","[""like a horseman""]",[],"[{""biblio"":"""",""quote"":""καθίζειν""},{""biblio"":""Hsch."",""quote"":""καθίζειν Hsch.""}]","[""Hsch.""]",{},[],1,1,0,1,0,1,1,0,2
50689,10,1046,n50689,ἱππ-αστικός,,,831,,"[""fond of riding, Plu. Alc. 23 .""]","[""fond of riding""]",[],[],[],{},[],1,1,0,0,0,1,1,0,0
50690,10,1047,n50690,ἱππ-αστός,,,831,,"[""that can be ridden, Arist. HA 576b17 .""]","[""that can be ridden""]",[],[],[],{},[],1,1,0,0,0,1,1,0,0
50691,10,1048,n50691,ἱππ-άστριαι,,αἱ,831,,"[""dromedaries, Plu. Eum. 15 .""]","[""dromedaries""]",[],[],[],{},[],1,1,0,0,0,1,1,0,0
50692,10,1049,n50692,ἱππ-άφεσις,,ἡ,831,,"[""starting-post in a race-course, Plb. Fr. 52 (pl.), Abh.Berl.Akad. 1904(2).9 (Pap.,ii B.C.), D.H. 3.68 (pl.), Epigr. ap. Paus. 6.20.14 ( Olymp. ), prob. in SIG 251 H ii63 , 253 U(Delph.,iv B.C.):—also ἱππάφια,τά, Tab.Defix.Aud. 234.21 (Carthage,i A.D.).""]","[""starting-post in a race-course""]",[],[],[],{},[],1,1,0,0,0,1,1,0,0
50693,10,1050,n50693,ἱππ-αφίδες,,,831,,"[""caballi ammissi, carceres, Gloss. (prob.-αφέσεις).""]","[""caballi ammissi, carceres,""]",[],[],[],{},[],1,1,0,0,0,1,1,0,0
50694,10,1051,n50694,ἱππ-εία,,ἡ,831,,"[""riding or driving of horses,horsemanship, racing, S. El. 505 (lyr.): pl., E. HF 374 (lyr.)."",""cavalry, X. An. 5.6.8 , Ages. 1.23 ."",""breed of horses,ἐνδόξου γενομένης ἐνθένδε ἱ. Str. 5.1.9 .""]","[""riding"",""driving"",""horsemanship, racing"",""cavalry"",""breed of horses""]","[""ἱππεύω""]",[],[],{},[],1,1,1,0,0,3,5,1,0
50695,10,1052,n50695,ἵππ-ειος,Adv.,,831,,"[""of a horse or horses,ζυγόν, φάτνη, Il. 5.799 , 10.568 ; κάπαι Od. 4.40 ;ἵ. λόφος horse-hair crest, Il. 15.537 ; ἔντεα Pi. N. 9.22 ;γένος, μάνδραι, S. Ant. 341 (lyr.), Fr. 659.3 ; ἔθειραι Theoc. 16.81 ;τὸ ἵππειον [γάλα] Arist. HA 522a28 , Posidon. ap. Gal. 19.712 ; κάλω ἱππείω δύο IG 12.330.19 .Adv. -είως Dam. Pr. 58 ."",""ἵππειος, ὁ(sc.μήν), name of month at Thronion, Klio 16.176 (Delph.). (ἵππιος is the usual form in Trag.,ἱππικός in Prose.)""]","[""of a horse"",""horses"",""horse-hair""]","[""ἵππος""]","[{""biblio"":"""",""quote"":""κάπαι""},{""biblio"":""Od. | 4.40"",""quote"":""κάπαι Od. 4.40""},{""biblio"":"""",""quote"":""ἔντεα""},{""biblio"":""Pi. | N. | 9.22"",""quote"":""ἔντεα Pi. N. 9.22""},{""biblio"":"""",""quote"":""ἔθειραι""},{""biblio"":""Theoc. | 16.81"",""quote"":""ἔθειραι Theoc. 16.81""},{""biblio"":"""",""quote"":""κάλω ἱππείω δύο""},{""biblio"":""IG | 12.330.19"",""quote"":""κάλω ἱππείω δύο IG 12.330.19""},{""biblio"":"""",""quote"":""-είως""},{""biblio"":""Dam. | Pr. | 58"",""quote"":""-είως Dam. Pr. 58""}]","[""Dam. | Pr. | 58"",""IG | 12.330.19"",""Od. | 4.40"",""Pi. | N. | 9.22"",""Theoc. | 16.81""]",{},[],1,1,1,1,0,2,3,1,10
50696,10,1053,n50696,ἱππ-ελάτειρα,,,831,,"[""ἱππ-ελάτειρα [ᾰ], fem. of sq., Orph. H. 32.12 .""]",[],[],[],[],{},[],1,0,0,0,0,1,0,0,0
50697,10,1054,n50697,ἱππ-ελάτης,,ὁ,831,,"[""driver or rider of horses, Opp. C. 1.95 .""]","[""driver"",""rider of horses""]",[],[],[],{},[],1,1,0,0,0,1,2,0,0
50698,10,1055,n50698,ἱππ-έλᾰφος,,ὁ,831,,"[""horse-deer, perh.nylghau, Portax picta, Arist. HA 498b32 ;ἡ θήλεια ἱ. οὐκ ἔχει κέρατα ib. 499b2 .""]","[""horse-deer"",""nylghau, Portax picta""]",[],[],[],{},[],1,1,0,0,0,1,2,0,0
50699,10,1056,n50699,ἱππ-εραστής,,ὁ,831,,"[""lover of horses, Ael. NA 2.28 .""]","[""lover of horses""]",[],[],[],{},[],1,1,0,0,0,1,1,0,0
50700,10,1057,n50700,ἵππ-ερος,,ὁ,831,,"[""horse-fever, formed after ἴκτερος, ὕδερος, etc., with a pun on ἔρος( = ἔρως ), Ar. Nu. 74 .""]","[""horse-fever""]",[],[],[],{},"[{""type"":""ref"",""target"":"""",""text"":""ἔρως""},{""type"":"""",""target"":"""",""text"":""= ἔρως""}]",1,1,0,0,1,1,1,0,0
50701,10,1058,n50701,ἵππ-ευμα,,τό,831,,"[""ride on horseback or journey in a chariot, E. IT 1428 ; [ Νύξ], μακρὸν ἵ. διώκεις Id. Fr. 114 (lyr.).""]","[""ride on horseback"",""journey in a chariot""]",[],"[{""biblio"":"""",""quote"":""Νύξ], μακρὸν ἵ. διώκεις""},{""biblio"":""Id. | Fr. | 114"",""quote"":""Νύξ], μακρὸν ἵ. διώκεις Id. Fr. 114""}]","[""Id. | Fr. | 114""]",{},[],1,1,0,1,0,1,2,0,2
50702,10,1059,n50702,ἱππ-εύς,,ὁ,831,,"[""one who fights from a chariot, Hom. (only in Il. ), opp.πεζός, 2.810 ; either of the driver or of the hero who fights, 12.66 , 15.270 ; also of one who drives in a chariot-race, 23.262 ."",""horseman, rider, cavalryman, ἰππήων στρότος Sapph. Supp. 5.1 , cf. Hdt. 3.88 , 9.49 , A. Pers. 14 (anap.), Arist. Pol. 1270a29 , etc.;τῆς πολιτείας ἱ. a public courier, Aristaenet. 1.26 ."",""groom, Class.Rev. 27.12 (Laodicea Combusta), 24.12 , JHS 18.108 (near Lysias)."",""ἱππεῖς, in social and political sense,knights, forming an aristocracy in early Greek communities, Arist. Pol. 1297b18 , etc.; at Eretria, ib. 1306a35 , Ath. 15.2 ; at Sparta, a royal bodyguard, Hdt. 8.124 , cf. 1.67 , etc.; esp. at Athens, the Second Class in Solon's constitution, Arist. Ath. 7.3 ; later, an aristocratic corps of cavalry, Ar. Eq. 225 , And. 3.5 , Philoch. 100 , etc."",""of the Roman equites, D.S. 37.8 , D.H. 4.24 , App. BC 1.22 , etc.;ἱππεὺς Ῥωμαίων,= Lat.eques Romanus, Mon.Anc.Gr. 7.17 , IG 3.768a , IGRom. 3.204 (Ancyra), OGI 547.2 (ibid.), 645.7 (Palmyra), prob. in IGRom. 4.1213 (Thyatira)."",""nimble kind of crab, Arist. HA 525b8 ."",""kind of comet, Plin. HN 2.90 , Lyd. Ost. 11 ."",""girl's ornament, Hsch. , cf. Ostr. 323 (ii B.C.)."",""a measure,πυρῶν, ἀμυγδάλων, ἀλεύρων, Supp.Epigr. 2.710 (Pednelissus).""]","[""one who fights from a chariot"",""the driver"",""the hero who fights"",""one who drives in a chariot-race"",""horseman, rider, cavalryman"",""courier"",""groom, Class.Rev."",""knights"",""equites"",""eques Romanus,"",""nimble"",""crab"",""comet"",""girl's ornament"",""measure""]","[""ἵππος""]","[{""biblio"":"""",""quote"":""ἰππήων στρότος""},{""biblio"":""Sapph. | Supp. | 5.1"",""quote"":""ἰππήων στρότος Sapph. Supp. 5.1""}]","[""Sapph. | Supp. | 5.1""]",{},[],1,1,1,1,0,9,15,1,2
50703,10,1060,n50703,ἵππ-ευσις,,ἡ,831,,"[""riding, in pl., Sch. E. Ph. 791 .""]","[""riding""]",[],[],[],{},[],1,1,0,0,0,1,1,0,0
50704,10,1061,n50704,ἱππ-ευτήρ,,ὁ,831,,"[""πῶλος, ἱ. πεδίων, οὐχ ἁλός AP 9.295 (Bianor).""]",[],[],"[{""biblio"":"""",""quote"":""πῶλος, ἱ. πεδίων, οὐχ ἁλός""},{""biblio"":""AP | 9.295"",""quote"":""πῶλος, ἱ. πεδίων, οὐχ ἁλός AP 9.295""}]","[""AP | 9.295""]",{},[],1,0,0,1,0,1,0,0,2
50705,10,1062,n50705,ἱππ-ευτής,Adj.,ὁ,831,,"[""rider, horseman, Pi. P. 9.123 : as Adj., Τρῶες B. 12.160 ; στρατός E. HF 408 (lyr.).""]","[""rider, horseman""]",[],"[{""biblio"":"""",""quote"":""Τρῶες""},{""biblio"":""B. | 12.160"",""quote"":""Τρῶες B. 12.160""},{""biblio"":"""",""quote"":""στρατός""},{""biblio"":""E. | HF | 408"",""quote"":""στρατός E. HF 408""}]","[""B. | 12.160"",""E. | HF | 408""]",{},[],1,1,0,1,0,1,1,0,4
50706,10,1063,n50706,ἱππ-εύω,,,831,,"[""to be a horseman or rider, ride, Hdt. 1.136 , etc.; ἱ. ταῖς κυούσαις ἵπποις Arist. HA 576a21 ; ἱ. ἐπ' ὄνου Luc. Bacch. 2 ; of a people, ἱππεύει ταῦτα τὰ ἔθνη Hdt. 7.84 , cf. 87 :—also in Med. , Id. 1.27 , 79 ."",""metaph., of the wind, ζεφύρου πνοαῖς ἱππεύσαντος E. Ph. 212 (lyr.); σελάνα ἱππεύουσα δι' ὀρφναίας Id. Supp. 994 (lyr.); also,rush, πρὸς φόνον Id. HF 1001 ."",""serve in the cavalry, Lys. 14.7 , X. HG 3.1.4 , Pl. Lg. 756b , etc."",""at Rome,to be an eques, D.C. 49.12 ;τὸ -εῦον the ordo equester, Id. 60.7 ."",""of a horse, as we say 'the horse rides(i.e.carries his rider) well', X. Eq. 1.6 , 3.4 , 10.3 ."",""drive a team, Ar. Nu. 1406 .""]","[""to be a horseman"",""rider, ride"",""rush"",""serve in the cavalry"",""to be an eques"",""ordo equester"",""rides"",""carries his rider"",""drive""]",[],"[{""biblio"":"""",""quote"":""ἱ. ταῖς κυούσαις ἵπποις""},{""biblio"":""Arist. | HA | 576a21"",""quote"":""ἱ. ταῖς κυούσαις ἵπποις Arist. HA 576a21""},{""biblio"":"""",""quote"":""ἱ. ἐπ' ὄνου""},{""biblio"":""Luc. | Bacch. | 2"",""quote"":""ἱ. ἐπ' ὄνου Luc. Bacch. 2""},{""biblio"":"""",""quote"":""ἱππεύει ταῦτα τὰ ἔθνη""},{""biblio"":""Hdt. | 7.84"",""quote"":""ἱππεύει ταῦτα τὰ ἔθνη Hdt. 7.84""},{""biblio"":"""",""quote"":""ζεφύρου πνοαῖς ἱππεύσαντος""},{""biblio"":""E. | Ph. | 212"",""quote"":""ζεφύρου πνοαῖς ἱππεύσαντος E. Ph. 212""},{""biblio"":"""",""quote"":""σελάνα ἱππεύουσα δι' ὀρφναίας""},{""biblio"":""Id. | Supp. | 994"",""quote"":""σελάνα ἱππεύουσα δι' ὀρφναίας Id. Supp. 994""},{""biblio"":"""",""quote"":""πρὸς φόνον""},{""biblio"":""Id. | HF | 1001"",""quote"":""πρὸς φόνον Id. HF 1001""}]","[""Arist. | HA | 576a21"",""E. | Ph. | 212"",""Hdt. | 7.84"",""Id. | HF | 1001"",""Id. | Supp. | 994"",""Luc. | Bacch. | 2""]",{},[],1,1,0,1,0,6,9,0,12
50707,10,1064,n50707,ἱππ-ηγέτης,,ὁ,831,,"[""driver of horses, of Poseidon, Lyc. 767 .""]","[""driver of horses""]",[],[],[],{},[],1,1,0,0,0,1,1,0,0
50708,10,1065,n50708,ἱππ-ηγός,,,831,,"[""= ἱππαγωγός, νῆες (expressed or understood) Philoch. 132 , Plb. 1.27.9 , D.S. 20.83 ;τριήρης Ἱππηγός as pr. n., IG 22.1628.423 , 1629.944 .""]",[],[],[],[],{},"[{""type"":""ref"",""target"":"""",""text"":""ἱππαγωγός, νῆες""},{""type"":"""",""target"":"""",""text"":""= ἱππαγωγός, νῆες""}]",1,0,0,0,1,1,0,0,0
50709,10,1066,n50709,ἱππ-ηδόν,Adv.,,831,,"[""like a horse, A. Th. 328 (lyr.), Supp. 431 (lyr.)."",""like a horseman, Ar. Pax 81 .""]","[""like a horse"",""like a horseman""]",[],[],[],{},[],1,1,0,0,0,2,2,0,0
50710,10,1067,n50710,ἱππ-ηλᾰσία,Adj.,ἡ,831,,"[""driving or riding of horses, Hld. 8.14 , Them. Or. 15.188a , 18.216d :—Adj. ἱππ-ηλάσιος,α,ον,fit for riding or driving,ἱ. ὁδός chariot-road, Il. 7.340 .""]","[""driving"",""riding of horses"",""fit for riding"",""driving"",""chariot""]","[""ἐλαύνω""]",[],[],{},[],1,1,1,0,0,1,5,1,0
50711,10,1068,n50711,ἱππηλᾰτ-έω,,,831,,"[""ride or drive, Ar. Av. 1443 .""]","[""ride"",""drive""]",[],[],[],{},[],1,1,0,0,0,1,2,0,0
50712,10,1069,n50712,ἱππηλᾰ́τ-ης,Adj.,ὁ,831,,"[""driver of horses, one who fights from a chariot, Hom. (always in Ep. from ἱππηλάτα, and only in nom.), as an epith. of honour,Knight,ἱ. Τυδεύς, γέρων ἱ. Πηλεύς, Φοῖνιξ, Οἰνεύς, Il. 4.387 , 7.125 , 9.432 , 581 ; Νέστωρ Od. 3.436 : generally ἱππηλάται E. Rh. 117 : as Adj.,ἱ. λεώς, opp.πεδοστιβής, A. Pers. 126 (lyr.).""]","[""driver of horses, one who fights from a chariot""]",[],"[{""biblio"":"""",""quote"":""Νέστωρ""},{""biblio"":""Od. | 3.436"",""quote"":""Νέστωρ Od. 3.436""},{""biblio"":"""",""quote"":""ἱππηλάται""},{""biblio"":""E. | Rh. | 117"",""quote"":""ἱππηλάται E. Rh. 117""}]","[""E. | Rh. | 117"",""Od. | 3.436""]",{},[],1,1,0,1,0,1,1,0,4
50713,10,1070,n50713,ἱππήλᾰτ-ος,,,831,,"[""fit for horsemanship or driving, νῆσος Od. 4.607 ; γαῖα 13.242 ;ὁδὸς ἱ.chariot-road, Luc. Rh.Pr. 3 , Poll. 9.37 ; ἱ. οἶδμα Nonn. D. 20.157 ; θάλασσα Agath. 4.29 , cf. 5.11 ;ἱ. ἔργον Ἀθήνης, i.e. the Trojan horse, Tryph. 2 ; τὸ δι' ἡδονῆς καθάπερ ἱ. τι χωρίον Porph. Marc. 6 .""]","[""fit for horsemanship"",""driving"",""chariot""]",[],"[{""biblio"":"""",""quote"":""νῆσος""},{""biblio"":""Od. | 4.607"",""quote"":""νῆσος Od. 4.607""},{""biblio"":"""",""quote"":""γαῖα""},{""biblio"":""13.242"",""quote"":""γαῖα 13.242""},{""biblio"":"""",""quote"":""ἱ. οἶδμα""},{""biblio"":""Nonn. | D. | 20.157"",""quote"":""ἱ. οἶδμα Nonn. D. 20.157""},{""biblio"":"""",""quote"":""θάλασσα""},{""biblio"":""Agath. | 4.29"",""quote"":""θάλασσα Agath. 4.29""},{""biblio"":"""",""quote"":""τὸ δι' ἡδονῆς καθάπερ ἱ. τι χωρίον""},{""biblio"":""Porph. | Marc. | 6"",""quote"":""τὸ δι' ἡδονῆς καθάπερ ἱ. τι χωρίον Porph. Marc. 6""}]","[""13.242"",""Agath. | 4.29"",""Nonn. | D. | 20.157"",""Od. | 4.607"",""Porph. | Marc. | 6""]",{},[],1,1,0,1,0,1,3,0,10
50714,10,1071,n50714,ἱππημολγ-ἱα,,ἡ,831,,"[""milking of mares, Scymn. 855 (pl.).""]","[""milking of mares""]",[],[],[],{},[],1,1,0,0,0,1,1,0,0
50715,10,1072,n50715,ἱππημολγ-οί,,,831,,"[""the Mare-milkers, a Scythian or Tartar tribe, Il. 13.5 , cf. Str. 7.3.2 ;Σκύθαι ἱ. Hes. Cat.Oxy. 1358 Fr. 2.15 ; ἱ. Κιμμέριοι Call. Dian. 252 .""]","[""the Mare-milkers""]","[""ἀμέλγω""]","[{""biblio"":"""",""quote"":""ἱ. Κιμμέριοι""},{""biblio"":""Call. | Dian. | 252"",""quote"":""ἱ. Κιμμέριοι Call. Dian. 252""}]","[""Call. | Dian. | 252""]",{},[],1,1,1,1,0,1,1,1,2
50716,10,1073,n50716,Ἱππιάζω,,,831,,"[""ape Hippias, Philostr. VS 2.21.3 .""]","[""ape Hippias""]",[],[],[],{},[],1,1,0,0,0,1,1,0,0
50717,10,1074,n50717,ἱππιάναξ,,ὁ,831,,"[""king of horsemen, A. Pers. 996 (lyr.).""]","[""king of horsemen""]",[],[],[],{},[],1,1,0,0,0,1,1,0,0
50718,10,1075,n50718,ἱππίας,,ὁ,831,,"[""ἱππεύς 1v , Apul. ap. Lyd. Mens. 4.7 .""]",[],[],"[{""biblio"":"""",""quote"":""ἱππεύς""},{""biblio"":""1v"",""quote"":""ἱππεύς 1v""}]","[""1v""]",{},[],1,0,0,1,0,1,0,0,2
50719,10,1076,n50719,ἱππιατρ-ός,Adj.,ὁ,834,,"[""veterinary surgeon, farrier, IG 9(2).69.5 (ii B.C.), PGen. 42.35 (iii A.D.), Hippiatr. 12 , etc.; cf.ἱπποϊατρός:—Adj. ἱππιατρ-ικός,ή,όν,of or for farriery:ἱππιατρικόν,τό ,a work on farriery, Suid. s.v. Χείρων :-κά,τά , title of extant compilation: also-κόν,τό ,tax on farriers, PHib. 1.45.21 (iii B.C.).""]","[""veterinary surgeon, farrier,"",""of"",""for farriery"",""a work on farriery"",""tax on farriers,""]",[],[],[],{},"[{""type"":""ref"",""target"":"""",""text"":""Χείρων""},{""type"":"""",""target"":"""",""text"":""s.v. Χείρων""}]",1,1,0,0,1,1,5,0,0
50720,10,1077,n50720,ἱππίδιον,,τό,834,,"[""a kind of fish, Epich. 44 .""]","[""a"",""fish""]",[],[],[],{},[],1,1,0,0,0,1,2,0,0
50721,10,1078,n50721,ἱππικός,Adv.,,834,,"[""of a horse or horses, freq. in Trag., ἱ. ἐκ πλευμόνων A. Th. 61 ;ἱ. φρυάγματα ib. 245 , cf. S. El. 717 , 719 ;ὀχήματα, ἄντυγες, ib. 740 , Aj. 1030 ; φάτναι E. Ba. 509 ."",""of horsemen or chariots, ἀγών Hdt. 1.167 , And. 4.26 (pl.); in ἱππικῶν ἀγών S. El. 698 ,ἱππικῶν is prob. neut. (v. infr. iv);δρόμος ib. 754 ;ναυάγια ib. 730 ; ἆθλον Pl. Lg. 949a ."",""=Lat.equester,τάξις, ἀξίωμα, D.H. 12.1 , Plu. Pomp. 23 ; of persons,of equestrian rank, ἱ. ἄνδρες Str. 3.4.20 , cf. IGRom. 3.474 (Lycia,iii A.D.), etc."",""of riding or horsemanship, equestrian, X. HG 5.3.20 ;ἱ. ἄσκησις training in horsemanship, IG 22.1042.21 , al.;ἱ. ἡγήτωρ leader of the knights, ib. 3.693 ;skilled in riding, opp.ἄφιππος, Pl. Prt. 350a , al.: Comp. , Satyr. 1 , Phld. Mus. p.6 K.: Sup. , Arr. Tact. 16.9 ."",""ἡ -κή(sc.τέχνη),horsemanship, riding, Ar. Nu. 27 , etc.;περὶ -κῆς, title of treatise by Xenophon; ἱ. ἐπιστήμη Pl. La. 193b ; ἱ. λόγοι X. HG 5.3.20 ;τὰ ἱ. [πράγματα] Pl. Alc. 1.124e , cf. Thg. 126a ;ἡ ἐμὴ ἱ. this riding of mine, Lys. 24.10 ."",""fit for riding, Sup. -ώτατον, χρῆμα γυνή Ar. Lys. 677 ."",""τὸ ἱ. the horse, cavalry, Hdt. 7.87 , E. Supp. 682 , X. An. 6.5.29 , etc.;τὰ ἱ. Plb. 3.114.5 ."",""course or space of four stadia, Plu. Sol. 23 ."",""the circus at Rome, Tab.Defix.Aud. 187.59 ."",""Adv. -κῶς like a horseman: Sup. -κώτατα with best horsemanship, X. Oec. 21.7 .""]","[""of a horse"",""horses"",""of horsemen"",""chariots"",""equester"",""of equestrian rank"",""of riding"",""horsemanship, equestrian"",""in horsemanship,"",""of the knights"",""skilled in riding"",""horsemanship, riding"",""riding"",""fit for riding"",""horse, cavalry"",""course"",""space of four stadia"",""circus"",""like a horseman"",""with best horsemanship""]","[""ἵππος""]","[{""biblio"":"""",""quote"":""ἱ. ἐκ πλευμόνων""},{""biblio"":""A. | Th. | 61"",""quote"":""ἱ. ἐκ πλευμόνων A. Th. 61""},{""biblio"":"""",""quote"":""φάτναι""},{""biblio"":""E. | Ba. | 509"",""quote"":""φάτναι E. Ba. 509""},{""biblio"":"""",""quote"":""ἀγών""},{""biblio"":""Hdt. | 1.167"",""quote"":""ἀγών Hdt. 1.167""},{""biblio"":"""",""quote"":""ἱππικῶν ἀγών""},{""biblio"":""S. | El. | 698"",""quote"":""ἱππικῶν ἀγών S. El. 698""},{""biblio"":"""",""quote"":""ἆθλον""},{""biblio"":""Pl. | Lg. | 949a"",""quote"":""ἆθλον Pl. Lg. 949a""},{""biblio"":"""",""quote"":""ἱ. ἄνδρες""},{""biblio"":""Str. | 3.4.20"",""quote"":""ἱ. ἄνδρες Str. 3.4.20""},{""biblio"":"""",""quote"":""ἱ. ἐπιστήμη""},{""biblio"":""Pl. | La. | 193b"",""quote"":""ἱ. ἐπιστήμη Pl. La. 193b""},{""biblio"":"""",""quote"":""ἱ. λόγοι""},{""biblio"":""X. | HG | 5.3.20"",""quote"":""ἱ. λόγοι X. HG 5.3.20""},{""biblio"":"""",""quote"":""-ώτατον, χρῆμα γυνή""},{""biblio"":""Ar. | Lys. | 677"",""quote"":""-ώτατον, χρῆμα γυνή Ar. Lys. 677""}]","[""A. | Th. | 61"",""Ar. | Lys. | 677"",""E. | Ba. | 509"",""Hdt. | 1.167"",""Pl. | La. | 193b"",""Pl. | Lg. | 949a"",""S. | El. | 698"",""Str. | 3.4.20"",""X. | HG | 5.3.20""]",{},[],1,1,1,1,0,10,20,1,18
50722,10,1079,n50722,ἵππιος,,,834,,"[""of a horse or horses,λόφοι crests of horsehair, Alc. 15.2 ;σθένος ἵ. Pi. P. 2.12 ;Ἄργος ἵ. (cf.ἱππόβοτος) Id. I. 7(6).11 , B. 18.15 ;δρομεύς, prob. l. in E. El. 825 ;ἄνασσαἱ.Queen of the Amazons, Id. Hipp. 307 ; epith. of Poseidon as creator of the horse, B. 16.99 , A. Th. 130 (lyr.), Ar. Eq. 551 , Nu. 83 , IG 12.310.142 , etc.; hence, of Colonos as sacred to him, Arg. S. OC , Paus. 1.30.4 (but cf. Pherecr. 134 ); also of Athena, Pi. O. 13.82 , S. OC 1070 (lyr.), Harp. ; of Hera, at Olympia, Paus. 5.15.5 ; of Ares, Id. 5.15.6 , cf. Tryph. 105 ."",""of horsemen or the horse-race, ἵ. νόμος Pi. O. 1.101 ; ἱππίαν ἔσοδον Id. P. 6.50 ; ἄεθλα AP 6.312 (Anyte); sc. ἀγών SIG 1064.8 (Halic.,i B.C.)."",""Ἵππιος, ὁ(sc.μήν), month at Rhegium, IG 14.612 .""]","[""of a horse"",""horses"",""of horsehair"",""Queen of the Amazons"",""of horsemen"",""the horse-race""]","[""ἵππος""]","[{""biblio"":"""",""quote"":""ἵ. νόμος""},{""biblio"":""Pi. | O. | 1.101"",""quote"":""ἵ. νόμος Pi. O. 1.101""},{""biblio"":"""",""quote"":""ἱππίαν ἔσοδον""},{""biblio"":""Id. | P. | 6.50"",""quote"":""ἱππίαν ἔσοδον Id. P. 6.50""},{""biblio"":"""",""quote"":""ἄεθλα""},{""biblio"":""AP | 6.312"",""quote"":""ἄεθλα AP 6.312""},{""biblio"":"""",""quote"":""ἀγών""},{""biblio"":""SIG | 1064.8"",""quote"":""ἀγών SIG 1064.8""}]","[""AP | 6.312"",""Id. | P. | 6.50"",""Pi. | O. | 1.101"",""SIG | 1064.8""]",{},[],1,1,1,1,0,3,6,1,8
50723,10,1080,n50723,ἱππιο-χαίτης,,ὁ,834,,"[""shaggy with horsehair, λόφος Il. 6.469 .""]","[""shaggy with horsehair""]",[],"[{""biblio"":"""",""quote"":""λόφος""},{""biblio"":""Il. | 6.469"",""quote"":""λόφος Il. 6.469""}]","[""Il. | 6.469""]",{},[],1,1,0,1,0,1,1,0,2
50724,10,1081,n50724,ἱππιο-χάρμης,Adj.,ὁ,834,,"[""one who fights from a chariot, 24.257 , Od. 11.259 , Hes. Fr. 7 ; later,horseman, rider, A. Pers. 29 (anap.)."",""as Adj.,ἱ. κλόνοι the tumult of the horse-fight, ib. 105 ; cf.ἱπποχάρμης.""]","[""one who fights from a chariot"",""horseman, rider"",""of the horse-fight""]",[],[],[],{},[],1,1,0,0,0,2,3,0,0
50725,10,1082,n50725,ἱππ-ίσκος,,ὁ,834,,"[""small statue of a horse, Michel 832.41 (Samos,iv B.C.)."",""an ornament for the head(cf.ἱππεύς v), Cratin.Jun. 5 , Hsch.""]","[""small statue of a horse,"",""an ornament for the head""]",[],[],[],{},[],1,1,0,0,0,2,2,0,0
50726,10,1083,n50726,ἱππ-ιστί,Adv.,,834,,"[""= ἱππηδόν ,astride, Ἀφροδίτη ἱ. καθημένη ἐπὶ Ψυχῆς PMag.Par. 1.1724 .""]","[""astride""]",[],"[{""biblio"":"""",""quote"":""Ἀφροδίτη ἱ. καθημένη ἐπὶ Ψυχῆς""},{""biblio"":""PMag.Par. | 1.1724"",""quote"":""Ἀφροδίτη ἱ. καθημένη ἐπὶ Ψυχῆς PMag.Par. 1.1724""}]","[""PMag.Par. | 1.1724""]",{},"[{""type"":""ref"",""target"":"""",""text"":""ἱππηδόν""},{""type"":"""",""target"":"""",""text"":""= ἱππηδόν""}]",1,1,0,1,1,1,1,0,2
50727,10,1084,n50727,ἱππ-ίτας:,,,834,,"[""ἱππ-ίτας: ἱπποφορβός, Hsch.""]",[],[],[],[],{},[],1,0,0,0,0,1,0,0,0
50728,10,1085,n50728,ἱππ-ιών,,,834,,"[""ἱππ-ιών,ῶνος , ὁ(sc.μήν), month at Eretria, IG 11 ( 4 ). 1066b21 (found in Delos).""]",[],[],[],[],{},[],1,0,0,0,0,1,0,0,0
50729,10,1086,n50729,ἱππο-βάμων,,,834,,"[""going on horseback, equestrian, Ἀριμασπὸν ἱπποβάμονα στρατόν A. Pr. 805 ;στρατὸς ἱ., of centaurs, S. Tr. 1095 ."",""trotting like a horse, or used for riding, κάμηλοι A. Supp. 284 (cj. Turneb.)."",""metaph.,ῥήματα ἱ.high-paced words,bombast, fustian, Ar. Ra. 821 .""]","[""going on horseback, equestrian"",""trotting like a horse"",""used for riding"",""high-paced"",""bombast, fustian""]","[""βαίνω""]","[{""biblio"":"""",""quote"":""Ἀριμασπὸν ἱπποβάμονα στρατόν""},{""biblio"":""A. | Pr. | 805"",""quote"":""Ἀριμασπὸν ἱπποβάμονα στρατόν A. Pr. 805""},{""biblio"":"""",""quote"":""κάμηλοι""},{""biblio"":""A. | Supp. | 284"",""quote"":""κάμηλοι A. Supp. 284""}]","[""A. | Pr. | 805"",""A. | Supp. | 284""]",{},[],1,1,1,1,0,3,5,1,4
50730,10,1087,n50730,ἱππο-βάτης,,ὁ,834,,"[""horseman, A. Pers. 26 (anap.)."",""ἱ. ἵππος or ὄνος,stallion, Str. 8.8.1 , Hippiatr. 14 ; cf.ἱπποβότης.""]","[""horseman"",""stallion""]",[],[],[],{},[],1,1,0,0,0,2,2,0,0
50731,10,1088,n50731,Ἱππόβῑνος,,ὁ,834,,"[""Ἱππόβῑνος,ὁ, (βινέω) comic distortion of the pr. n. Ἱππόνικος,=ἱππόπορνος, Ar. Ra. 433 .""]",[],"[""βινέω""]",[],[],{},[],1,0,1,0,0,1,0,1,0
50732,10,1089,n50732,ἱππο-βόσιον,,τό,834,,"[""horses' keep, Theognost. Can. 125 .""]","[""horses' keep""]",[],[],[],{},[],1,1,0,0,0,1,1,0,0
50733,10,1090,n50733,ἱππο-βοσκός,,,834,,"[""feeding horses, Ael. NA 6.10 , Suid.,Gloss.""]","[""feeding horses""]","[""βόσκω""]",[],[],{},[],1,1,1,0,0,1,1,1,0
50734,10,1091,n50734,ἱππο-βότης,,ὁ,834,,"[""feeder of horses, Ἀτρεύς E. Or. 1000 (lyr., but prob.-βώτα), IA 1059 (but prob.-βάτας)."",""ἱπποβόται,οἱ , at Chalcis in Euboea a social class (cf. ἱππεύς 11 ),Knights, Hdt. 5.77 , 6.100 ; ἡ ἱπποβοτῶν πολιτεία Arist. Fr. 603 .""]","[""feeder of horses""]","[""βόσκω""]","[{""biblio"":"""",""quote"":""Ἀτρεύς""},{""biblio"":""E. | Or. | 1000"",""quote"":""Ἀτρεύς E. Or. 1000""},{""biblio"":"""",""quote"":""ἱππεύς""},{""biblio"":""11"",""quote"":""ἱππεύς 11""},{""biblio"":"""",""quote"":""ἡ ἱπποβοτῶν πολιτεία""},{""biblio"":""Arist. | Fr. | 603"",""quote"":""ἡ ἱπποβοτῶν πολιτεία Arist. Fr. 603""}]","[""11"",""Arist. | Fr. | 603"",""E. | Or. | 1000""]",{},[],1,1,1,1,0,2,1,1,6
50735,10,1092,n50735,ἱππό-βοτος,,,834,,"[""grazed by horses, Od. 4.606 , E. Andr. 1229 (anap.), IG 12.1034 , Just. Nov. 25.1 ;ἡ ἱ., at Chalcis, Ael. VH 6.1 (cf. foreg.); esp. of the plain of Argos, from the rich pastures of Lerna, Il. 2.287 , al., B. 10.80 , E. Supp. 365 (lyr.).""]","[""grazed by horses""]","[""βόσκω""]",[],[],{},[],1,1,1,0,0,1,1,1,0
50736,10,1093,n50736,ἱππο-βουκόλος,,ὁ,834,,"[""horse-herd, horse-keeper, S. Fr. 1057 , E. Ph. 28 .""]","[""horse-herd, horse-keeper""]",[],[],[],{},[],1,1,0,0,0,1,1,0,0
50737,10,1094,n50737,ἱππό-βροτοι,,,834,,"[""to a horse and man(Pegasus and Chrysaor), Lyc. 842 .""]","[""to a horse and man""]",[],[],[],{},[],1,1,0,0,0,1,1,0,0
50738,10,1095,n50738,ἱππο-γέρᾰνοι,,οἱ,834,,"[""crane-cavalry, Luc. VH 1.13 .""]","[""crane-cavalry""]",[],[],[],{},[],1,1,0,0,0,1,1,0,0
50739,10,1096,n50739,ἱππο-γνώμων,,,834,,"[""judging well of horses: hence generally,quick in judging,τινος A. Fr. 243 , cf. Hsch.""]","[""judging well of horses"",""quick in judging""]",[],[],[],{},[],1,1,0,0,0,1,2,0,0
50740,10,1097,n50740,ἱππό-γῡποι,,οἱ,834,,"[""vulture-cavalry, Luc. VH 1.13 .""]","[""vulture-cavalry""]",[],[],[],{},[],1,1,0,0,0,1,1,0,0
50741,10,1098,n50741,ἱππο-δᾰμαστής,,ὁ,834,,"[""= ἱππόδαμος , Poll. 1.181 , Hsch.""]",[],[],[],[],{},"[{""type"":""ref"",""target"":"""",""text"":""ἱππόδαμος""},{""type"":"""",""target"":"""",""text"":""= ἱππόδαμος""}]",1,0,0,0,1,1,0,0,0
50742,10,1099,n50742,ἱππο-δάμνοις:,,,834,,"[""ἱππο-δάμνοις: ἐφίππων, Id.""]",[],[],[],[],{},[],1,0,0,0,0,1,0,0,0
50743,10,1100,n50743,ἱππό-δᾰμος,,,834,,"[""tamer of horses, Hom. , epith. of heroses, Il. 2.23 , Od. 3.17 ; Τρῶες Il. 4.352 , etc.; Γερηνοί Hes. Fr. 15 ; ἥρωες Pi. N. 4.29 :—fem.Ἱππο-δάμεια, as pr. n.,Hippodamia, Il. 2.742 , etc.""]","[""tamer of horses""]","[""δαμάω""]","[{""biblio"":"""",""quote"":""Τρῶες""},{""biblio"":""Il. | 4.352"",""quote"":""Τρῶες Il. 4.352""},{""biblio"":"""",""quote"":""Γερηνοί""},{""biblio"":""Hes. | Fr. | 15"",""quote"":""Γερηνοί Hes. Fr. 15""},{""biblio"":"""",""quote"":""ἥρωες""},{""biblio"":""Pi. | N. | 4.29"",""quote"":""ἥρωες Pi. N. 4.29""}]","[""Hes. | Fr. | 15"",""Il. | 4.352"",""Pi. | N. | 4.29""]",{},[],1,1,1,1,0,1,1,1,6
50744,10,1101,n50744,ἱππο-δάσεια,Adj.,ἡ,834,,"[""bushy with horsehair, 3.369 , Od. 22.111 , etc.""]","[""bushy with horsehair""]",[],[],[],{},[],1,1,0,0,0,1,1,0,0
50745,10,1102,n50745,ἱππό-δεσμα,Adj.,τά,834,,"[""horse-bands, reins, E. Hipp. 1225 :Adj. δακτύλιοι""]","[""horse-bands, reins""]",[],[],[],{},[],1,1,0,0,0,1,1,0,0
50746,10,1103,n50746,ἱππόδεσμοι,,,834,,"[""snaffle-rings, IG 22.1542.25 .""]","[""snaffle-rings,""]",[],[],[],{},[],1,1,0,0,0,1,1,0,0
50747,10,1104,n50747,ἱππο-δέτης,,ὁ,834,,"[""binding horses, ῥυτήρ S. Aj. 241 (anap.); epith. of Heracles at Thebes and Onchestos, Paus. 9.26.1 .""]","[""binding horses""]",[],"[{""biblio"":"""",""quote"":""ῥυτήρ""},{""biblio"":""S. | Aj. | 241"",""quote"":""ῥυτήρ S. Aj. 241""}]","[""S. | Aj. | 241""]",{},[],1,1,0,1,0,1,1,0,2
50748,10,1105,n50748,ἱππο-δίνητος,,,834,,"[""whirled in chariots,Συρακόσιοι, B. 5.2 .""]","[""whirled in chariots""]",[],[],[],{},[],1,1,0,0,0,1,1,0,0
50749,10,1106,n50749,ἱππο-δῐώκτης,,ὁ,834,,"[""= ἱππηλάτης ,driver or rider of steeds, Theoc. 14.12 , Hsch. ; a kind of gladiator, IGRom. 4.1455 (Smyrna).""]","[""driver"",""rider of steeds""]",[],[],[],{},"[{""type"":""ref"",""target"":"""",""text"":""ἱππηλάτης""},{""type"":"""",""target"":"""",""text"":""= ἱππηλάτης""}]",1,1,0,0,1,1,2,0,0
50750,10,1107,n50750,ἱππο-δρομία,,ἡ,834,,"[""horse-race or chariot-race, Pi. P. 4.67 , I. 3.13 , X. Smp. 1.2 , Pl. Ion 537a , Arist. Ath. 60.1 , IG 22.784 (iii B.C.), SIG 730.30 (Olbia,i B.C.); ἱ. ἄγειν Ar. Pax 900 ; ποιεῖν Th. 3.104 ;ἱ. παιδική, ἣν καλοῦσι Τροίαν,= Lat.ludus Troiae, Plu. Cat.Mi. 3 .""]","[""horse-race"",""chariot-race"",""ludus Troiae""]",[],"[{""biblio"":"""",""quote"":""ἱ. ἄγειν""},{""biblio"":""Ar. | Pax | 900"",""quote"":""ἱ. ἄγειν Ar. Pax 900""},{""biblio"":"""",""quote"":""ποιεῖν""},{""biblio"":""Th. | 3.104"",""quote"":""ποιεῖν Th. 3.104""}]","[""Ar. | Pax | 900"",""Th. | 3.104""]",{},[],1,1,0,1,0,1,3,0,4
50751,10,1108,n50751,ἱππο-δρομικός,,,834,,"[""of horse-racing,ἀγών Sch. Il. 23.757 .""]","[""of horse-racing""]",[],[],[],{},[],1,1,0,0,0,1,1,0,0
50752,10,1109,n50752,ἱππο-δρόμιος,,,834,,"[""of the horse-race:-δρόμιος, ὁ(sc.μήν), name of month in Boeotia, IG 7.531 ,al. (Tanagra), cf. Plu. Cam. 19 ; at Delphi, GDI 1987 , al.; at Naupactus, IG 9(1).359 ."",""epith. of Poseidon (cf.ἵππιος), Pi. I. 1.54 .""]","[""of"",""the horse-race""]",[],[],[],{},[],1,1,0,0,0,2,2,0,0
50753,10,1110,n50753,ἱππό-δρομος,,ὁ,834,,"[""chariot-road, λεῖος δ' ἱ. ἀμφίς Il. 23.330 ."",""race-course for chariots, Pl. Criti. 117c , D. 47.53 ; at Olympia, Paus. 6.20.15 ; at Delphi, SIG 636.24 (ii B.C.); at Andania, IG 5(1).1390.31 ; at Rome, the circus, D.H. 1.79 ;ὁ μέγας ἱ.,=circus maximus, Id. 5.36 , Mon.Anc.Gr. 10.8 : comic metaph., ἱ. οὗτός ἐστί σου μαγειρικῆς Posidipp. 26.23 ."",""ἱπποδρόμος,ὁ,light horseman, ἱ. ψιλοί Hdt. 7.158 .""]","[""chariot-road"",""race-course"",""circus"",""circus maximus"",""light horseman""]",[],"[{""biblio"":"""",""quote"":""λεῖος δ' ἱ. ἀμφίς""},{""biblio"":""Il. | 23.330"",""quote"":""λεῖος δ' ἱ. ἀμφίς Il. 23.330""},{""biblio"":"""",""quote"":""ἱ. οὗτός ἐστί σου μαγειρικῆς""},{""biblio"":""Posidipp. | 26.23"",""quote"":""ἱ. οὗτός ἐστί σου μαγειρικῆς Posidipp. 26.23""},{""biblio"":"""",""quote"":""ἱ. ψιλοί""},{""biblio"":""Hdt. | 7.158"",""quote"":""ἱ. ψιλοί Hdt. 7.158""}]","[""Hdt. | 7.158"",""Il. | 23.330"",""Posidipp. | 26.23""]",{},[],1,1,0,1,0,3,5,0,6
50754,10,1111,n50754,ἱππο-ζώνη,,ἡ,834,,"[""f.l. for ὑπὸ ζώνην , Hippiatr. 26 ; the gloss in Hsch. is missing.""]",[],[],[],[],{},"[{""type"":""ref"",""target"":"""",""text"":""ὑπὸ ζώνην""},{""type"":"""",""target"":"""",""text"":""f.l. for ὑπὸ ζώνην""}]",1,0,0,0,1,1,0,0,0
50755,10,1112,n50755,ἱππόθεν,Adv.,,834,,"[""forth from the horse, of the heroes descending from the Trojan horse, Od. 8.515 , 11.531 .""]","[""forth from the horse""]","[""ἵππος""]",[],[],{},[],1,1,1,0,0,1,1,1,0
50756,10,1113,n50756,ἱππο-θήλεια,,ἡ,834,,"[""equa, Gloss.""]","[""equa,""]",[],[],[],{},[],1,1,0,0,0,1,1,0,0
50757,10,1114,n50757,ἱππο-θήλης,,ὁ,834,,"[""ass which has been suckled by a mare, such being kept for the stud, acc. to Arist. HA 577b17 .""]","[""ass which has been suckled by a mare""]",[],[],[],{},[],1,1,0,0,0,1,1,0,0
50758,10,1115,n50758,ἱππό-θοος,,,834,,"[""swiftriding, Hsch. : in Il. only as pr. n.""]","[""swiftriding""]",[],[],[],{},[],1,1,0,0,0,1,1,0,0
50759,10,1116,n50759,ἱππο-θόρος,Adj.,ὁ,834,,"[""covering mares, esp. of a he-ass kept for breeding mules, Hsch."",""as Adj.,ἱ. νόμος a tune played to a mare, while she was being covered, Plu. 2.138b , 704f .""]","[""covering mares"",""played to a mare, while she was being covered""]","[""θόρνυμι""]",[],[],{},[],1,1,1,0,0,2,2,1,0
50760,10,1117,n50760,ἱππο-θοώντειον,,τό,834,,"[""sanctuary of Hippothoon, Hsch.""]","[""sanctuary of Hippothoon""]",[],[],[],{},[],1,1,0,0,0,1,1,0,0
50761,10,1118,n50761,ἱππο-θῠτέω,,,834,,"[""sacrifice horses, τῷ Ἡλίῳ Str. 11.8.6 .""]","[""sacrifice horses""]",[],"[{""biblio"":"""",""quote"":""τῷ Ἡλίῳ""},{""biblio"":""Str. | 11.8.6"",""quote"":""τῷ Ἡλίῳ Str. 11.8.6""}]","[""Str. | 11.8.6""]",{},[],1,1,0,1,0,1,1,0,2
50762,10,1119,n50762,ἱππο-ίατρος,,,834,,"[""= ἱππιατρός , Hippiatr. 27 , CIG 1953 ( Maced. ), POxy. 92 (iv A.D.).""]",[],[],[],[],{},"[{""type"":""ref"",""target"":"""",""text"":""ἱππιατρός""},{""type"":"""",""target"":"""",""text"":""= ἱππιατρός""}]",1,0,0,0,1,1,0,0,0
50763,10,1120,n50763,ἱππο-κάμπιον,,τό,834,,"[""a kind of ear-ring, Poll. 5.97 .""]","[""ear-ring""]",[],[],[],{},[],1,1,0,0,0,1,1,0,0
50764,10,1121,n50764,ἱππό-καμπος,,ὁ,834,,"[""monster with horse's body and fish's tail, on which the sea-gods rode, Men. 831 ; ἑστήκει Ποσειδῶν χάλκεος, ἔχων ἱ. ἐν τῇ χειρί Str. 8.7.2 , cf. Philostr. Im. 1.8 ."",""a small fish,the sea-horse, Dsc. 2.3 , Ael. NA 14.20 , Gal. 12.362 .""]","[""monster with horse's body and fish's tail"",""the sea-horse""]",[],"[{""biblio"":"""",""quote"":""ἑστήκει Ποσειδῶν χάλκεος, ἔχων ἱ. ἐν τῇ χειρί""},{""biblio"":""Str. | 8.7.2"",""quote"":""ἑστήκει Ποσειδῶν χάλκεος, ἔχων ἱ. ἐν τῇ χειρί Str. 8.7.2""}]","[""Str. | 8.7.2""]",{},[],1,1,0,1,0,2,2,0,2
50765,10,1122,n50765,ἱππό-καμπτος:,,,834,,"[""ἱππό-καμπτος: στρουθίον τι, Hsch.""]",[],[],[],[],{},[],1,0,0,0,0,1,0,0,0
50766,10,1123,n50766,ἱππο-κάνθᾰρος,,ὁ,834,,"[""horse-beetle, Com. word in Ar. Pax 181 .""]","[""horse-beetle""]",[],[],[],{},[],1,1,0,0,0,1,1,0,0
50767,10,1124,n50767,ἱππο-κέλευθος,,,834,,"[""travelling by means of horses: driver of horses, epith. of Patroclus, Il. 16.126 , 584 , 839 ;rider, AP 9.210 .""]","[""travelling by means of horses: driver of horses"",""rider,""]",[],[],[],{},[],1,1,0,0,0,1,2,0,0
50768,10,1125,n50768,ἱππο-κενταύρειος,,,834,,"[""of a centaur, S.E. M. 9.125 .""]","[""of a centaur""]",[],[],[],{},[],1,1,0,0,0,1,1,0,0
50769,10,1126,n50769,ἱππο-κένταυρος,,ὁ,834,,"[""horse-centaur, half-horse half-man, Pl. Phdr. 229d , X. Cyr. 4.3.17 : also as fem., θήλειαν ἱ. ἐποίησεν Luc. Zeux. 3 .""]","[""horse-centaur, half-horse half-man""]",[],"[{""biblio"":"""",""quote"":""θήλειαν ἱ. ἐποίησεν""},{""biblio"":""Luc. | Zeux. | 3"",""quote"":""θήλειαν ἱ. ἐποίησεν Luc. Zeux. 3""}]","[""Luc. | Zeux. | 3""]",{},[],1,1,0,1,0,1,1,0,2
50770,10,1127,n50770,ἱππο-κέντωρ,,,834,,"[""stinging horses, Tz. H. 9 No. 290t it.""]","[""stinging horses""]",[],[],[],{},[],1,1,0,0,0,1,1,0,0
50771,10,1128,n50771,ἱππο-κλείδης,,ὁ,834,,"[""pudenda muliebria, Ar. Fr. 703 .""]","[""pudenda muliebria""]","[""κλείω""]",[],[],{},[],1,1,1,0,0,1,1,1,0
50772,10,1129,n50772,ἱππο-κοινάριον,,τό,834,,"[""stable, Raccolta Lumbroso 374 .""]","[""stable, Raccolta Lumbroso""]",[],[],[],{},[],1,1,0,0,0,1,1,0,0
50773,10,1130,n50773,ἱππο-κομέω,,,834,,"[""groom horses,ἱ. κάνθαρον groom his beetle, Ar. Pax 74 .""]","[""groom horses"",""groom""]",[],[],[],{},[],1,1,0,0,0,1,2,0,0
50774,10,1131,n50774,ἱππο-κόμος,Adj.,ὁ,834,,"[""groom, esquire, who attended the ἱππεύς in war, Hdt. 3.85 , 88 , X. HG 2.4.6 : generally,groom, Pl. Plt. 261d , PSI 4.371.13 (iii B.C.), Plb. 13.8.3 , etc.; ἱ. τῶν καμήλων Philostr. VA 2.1 ."",""Adj. ἱππό-κομος,ον, (κόμη) decked with horsehair, epith. of a helmet (not in Od. ), κόρυς Il. 13.132 , cf. S. Ant. 116 (anap.); πήληξ Il. 16.797 ; τρυφάλεια 13.339 .""]","[""groom, esquire, who attended the"",""in war"",""groom"",""decked with horsehair""]","[""κομέω"",""κόμη""]","[{""biblio"":"""",""quote"":""ἱ. τῶν καμήλων""},{""biblio"":""Philostr. | VA | 2.1"",""quote"":""ἱ. τῶν καμήλων Philostr. VA 2.1""},{""biblio"":"""",""quote"":""κόρυς""},{""biblio"":""Il. | 13.132"",""quote"":""κόρυς Il. 13.132""},{""biblio"":"""",""quote"":""πήληξ""},{""biblio"":""Il. | 16.797"",""quote"":""πήληξ Il. 16.797""},{""biblio"":"""",""quote"":""τρυφάλεια""},{""biblio"":""13.339"",""quote"":""τρυφάλεια 13.339""}]","[""13.339"",""Il. | 13.132"",""Il. | 16.797"",""Philostr. | VA | 2.1""]",{},[],1,1,1,1,0,2,4,2,8
50775,10,1132,n50775,ἱππο-κόρῠθος,,,834,,"[""ἱππο-κόρῠθος,ον, coined as compd. of ἵππος and κόρυς, Porph. ad Il. 2.1 (v.l. ἱππο-κόρυθες as nom. pl.).""]",[],[],[],[],{},[],1,0,0,0,0,1,0,0,0
50776,10,1133,n50776,ἱππο-κορυστής,,ὁ,834,,"[""marshaller, arranger of chariots, ἀνέρες ἱπποκορυσταί Il. 2.1 , 24.677 ; epith. of the Paeonians, 16.287 , 21.205 .""]","[""marshaller, arranger of chariots""]",[],"[{""biblio"":"""",""quote"":""ἀνέρες ἱπποκορυσταί""},{""biblio"":""Il. | 2.1"",""quote"":""ἀνέρες ἱπποκορυσταί Il. 2.1""}]","[""Il. | 2.1""]",{},[],1,1,0,1,0,1,1,0,2
50777,10,1134,n50777,ἱππο-κόσμια,,τά,834,,"[""horse-trappings, Hsch. s.v. φάλαρα , Charis. p.549K. ,Gloss.""]","[""horse-trappings""]",[],[],[],{},"[{""type"":""ref"",""target"":"""",""text"":""φάλαρα""},{""type"":"""",""target"":"""",""text"":""s.v. φάλαρα""}]",1,1,0,0,1,1,1,0,0
50778,10,1135,n50778,ἱππο-κούριος,,ὁ,834,,"[""tender of horses, epith. of Poseidon at Sparta, Paus. 3.14.2 .""]","[""tender of horses""]",[],[],[],{},[],1,1,0,0,0,1,1,0,0
50779,10,1136,n50779,ἱππο-κράτειος,Adv.,,834,,"[""διδασκαλία Gal. 6.753 , cf. 15.147 ; ἀπολίνωσις Paul.Aeg. 6.78 .Adv. -ως Gal. UP 8.3 .""]",[],[],"[{""biblio"":"""",""quote"":""διδασκαλία""},{""biblio"":""Gal. | 6.753"",""quote"":""διδασκαλία Gal. 6.753""},{""biblio"":"""",""quote"":""ἀπολίνωσις""},{""biblio"":""Paul.Aeg. | 6.78"",""quote"":""ἀπολίνωσις Paul.Aeg. 6.78""},{""biblio"":"""",""quote"":""-ως""},{""biblio"":""Gal. | UP | 8.3"",""quote"":""-ως Gal. UP 8.3""}]","[""Gal. | 6.753"",""Gal. | UP | 8.3"",""Paul.Aeg. | 6.78""]",{},[],1,0,0,1,0,1,0,0,6
50780,10,1137,n50780,ἱππο-κρᾰτέω,,,834,,"[""to be superior in horse, D. 19.148 , Plb. 3.66.2 , Onos. 31.1 :— Pass. ,to be in ferior in horse, Th. 6.71 .""]","[""to be superior in horse"",""to be in ferior in horse""]",[],[],[],{},[],1,1,0,0,0,1,2,0,0
50781,10,1138,n50781,ἱππο-κρᾰτία,,ἡ,834,,"[""victory in a cavalry action, X. Cyr. 1.4.24 .""]","[""victory in a cavalry action""]",[],[],[],{},[],1,1,0,0,0,1,1,0,0
50782,10,1139,n50782,ἱππο-κράτωρ,,ὁ,834,,"[""ἱππο-κράτωρ[ᾰ],ορος,ὁ , the constellation Centaurus, Teucerin Boll Sphaera 20 .""]",[],[],[],[],{},[],1,0,0,0,0,1,0,0,0
50783,10,1140,n50783,ἱππό-κρημνος,,,834,,"[""tremendously steep,ἱ. ῥῆμα a neck-breaking word, Ar. Ra. 929 .""]","[""tremendously steep"",""a neck-breaking""]",[],[],[],{},[],1,1,0,0,0,1,2,0,0
50784,10,1141,n50784,ἱππο-κρήνη,,ἡ,834,,"[""ἱππο-κρήνη,ἡ,=Ἵππου κρήνη, the spring of Pegasus on Helicon,v.l. in Str. 9.2.25 .""]",[],[],[],[],{},[],1,0,0,0,0,1,0,0,0
50785,10,1142,n50785,ἱππό-κροτος,,,834,,"[""sounding with the tramp of horses, ὁδός Pi. P. 5.92 ; γυμνάσια E. Hipp. 229 (anap.); ἱ. δάπεδα γυμνάσιά τε Id. Hel. 207 (lyr.), cf. AP 12.131 ( Posidipp. ): in late Prose, Chor. Lyd. 17 .""]","[""sounding with the tramp of horses""]",[],"[{""biblio"":"""",""quote"":""ὁδός""},{""biblio"":""Pi. | P. | 5.92"",""quote"":""ὁδός Pi. P. 5.92""},{""biblio"":"""",""quote"":""γυμνάσια""},{""biblio"":""E. | Hipp. | 229"",""quote"":""γυμνάσια E. Hipp. 229""},{""biblio"":"""",""quote"":""ἱ. δάπεδα γυμνάσιά τε""},{""biblio"":""Id. | Hel. | 207"",""quote"":""ἱ. δάπεδα γυμνάσιά τε Id. Hel. 207""}]","[""E. | Hipp. | 229"",""Id. | Hel. | 207"",""Pi. | P. | 5.92""]",{},[],1,1,0,1,0,1,1,0,6
50786,10,1143,n50786,ἱππο-κύων,,ἡ,834,,"[""half-mare half-bitch, epith. of the moon-goddess, PMag.Par. 1.2614 .""]","[""half-mare half-bitch""]",[],[],[],{},[],1,1,0,0,0,1,1,0,0
50787,10,1144,n50787,ἱππο-λάπᾰθον,,τό,834,,"[""Rumex aquaticus, dock-sorrel, Dsc. 2.115 , Gal. 12.56 .""]","[""Rumex aquaticus, dock-sorrel""]",[],[],[],{},[],1,1,0,0,0,1,1,0,0
50788,10,1145,n50788,ἱππο-λειχήν,,ὁ,834,,"[""moss used in farriery, Sch. Nic. Th. 945 .""]","[""moss""]",[],[],[],{},[],1,1,0,0,0,1,1,0,0
50789,10,1146,n50789,ἱππολέτας,,ὁ,834,,"[""destroyer of horses, Hdn. Epim. 211 .""]","[""destroyer of horses""]","[""ὄλλυμι""]",[],[],{},[],1,1,1,0,0,1,1,1,0
50790,10,1147,n50790,ἱππο-λεχής,,,834,,"[""having given birth to a horse,Δηώ Orac. ap. Paus. 8.42.6 .""]","[""having given birth to a horse""]",[],[],[],{},[],1,1,0,0,0,1,1,0,0
50791,10,1148,n50791,ἱππο-λήπτρας:,,,834,,"[""ἱππο-λήπτρας: τὰς τριχίνους σειρὰς Πάρθυι οὕτω καλοῦσιν, Hsch. (-λημπρα cod., fort.-λήμπτρας).""]",[],[],[],[],{},[],1,0,0,0,0,1,0,0,0
50792,10,1149,n50792,ἱππο-λούστρας:,,,834,,"[""ἱππο-λούστρας: ἔνθα τοὺς ἵππους ἀπένιζον, Id.""]",[],[],[],[],{},[],1,0,0,0,0,1,0,0,0
50793,10,1150,n50793,ἱππο-λοφία,,ἡ,834,,"[""horse's mane, Iamb. post Polem. p.50 Hinck.""]","[""horse's mane""]",[],[],[],{},[],1,1,0,0,0,1,1,0,0
50794,10,1151,n50794,ἱππό-λοφος,,,834,,"[""with horsehair crest, κόρυς IG 12(2).129 (Mytilene);ἱ. λόγοι, by comic metaph., Ar. Ra. 818 .""]","[""with horsehair crest""]",[],"[{""biblio"":"""",""quote"":""κόρυς""},{""biblio"":""IG | 12(2).129"",""quote"":""κόρυς IG 12(2).129""}]","[""IG | 12(2).129""]",{},[],1,1,0,1,0,1,1,0,2
50795,10,1152,n50795,ἱππό-λῠτος,,,834,,"[""letting horses loose, dub. l. in APl. 4.44 (fort.ἱππελάτης).""]","[""letting horses loose""]",[],[],[],{},[],1,1,0,0,0,1,1,0,0
50796,10,1153,n50796,ἱππο-μᾰνέω,,,834,,"[""to be a-horsing, of mares, Arist. HA 572a10 .""]","[""to be a-horsing""]",[],[],[],{},[],1,1,0,0,0,1,1,0,0
50797,10,1154,n50797,ἱππο-μᾰνής,Subst.,τό,834,,"[""abounding in, swarming with horses(cf.καρπο-, ὑλο-, φυλλο-μανής) , λειμών S. Aj. 143 (anap.); variously expld. by Sch."",""as Subst.,ἱππομανές,έος,τό , an Arcadian plant,thorn-apple, Datura stramonium, of which horses are madly fond, or which makes them mad, Theoc. 2.48 ; f.l. for -φαές in Thphr. HP 9.15.6 ."",""= κάππαρις , Dsc. 2.173 ; = ἀπόκυνον , Ps.- Dsc. 4.80 ."",""small black fleshy substance on the forehead of a new-born foal, which, if procured before it was eaten off by the dam, was held to be a powerful φίλτρον, Arist. HA 577a9 , 605a2 , Thphr. Fr. 175 , Ael. NA 3.17 , 14.18 ."",""mucous humour that runs from mares a-horsing, used for like purposes, Arist. HA 572a21 , Paus. 5.27.3 .""]","[""abounding in, swarming with horses"",""thorn-apple, Datura stramonium, of which horses are madly fond"",""which makes them mad"",""small black fleshy substance on the forehead of a new-born foal"",""mucous humour that runs from mares a-horsing""]",[],"[{""biblio"":"""",""quote"":"", λειμών""},{""biblio"":""S. | Aj. | 143"",""quote"":"", λειμών S. Aj. 143""}]","[""S. | Aj. | 143""]",{},"[{""type"":""ref"",""target"":"""",""text"":""-φαές""},{""type"":"""",""target"":"""",""text"":""f.l. for -φαές""},{""type"":""ref"",""target"":"""",""text"":""κάππαρις""},{""type"":"""",""target"":"""",""text"":""= κάππαρις""},{""type"":""ref"",""target"":"""",""text"":""ἀπόκυνον""},{""type"":"""",""target"":"""",""text"":""= ἀπόκυνον""}]",1,1,0,1,1,5,5,0,2
50798,10,1155,n50798,ἱππο-μᾰνία,,ἡ,834,,"[""mad love for horses. Luc. Nigr. 29 .""]","[""mad love for horses.""]",[],[],[],{},[],1,1,0,0,0,1,1,0,0
50799,10,1156,n50799,ἱππο-μάρᾰθον,,τό,834,,"[""horse-fennel, Prangos ferulacea, Diocl.Fr. 155 , Thphr. HP 6.1.4 , Dsc. 3.71 , Zopyr. ap. Orib. 14.64.1 , etc.: sts. misspelt-μάραθρον in codd.""]","[""horse-fennel, Prangos ferulacea""]",[],[],[],{},[],1,1,0,0,0,1,1,0,0
50800,10,1157,n50800,ἱππομᾰχ-έω,,,834,,"[""fight on horseback, Th. 4.124 , X. Cyr. 6.4.18 ;ἱ. πρὸς ὁπλίτας to fight, cavalry against infantry, Id. Ages. 2.3 .""]","[""fight on horseback"",""to fight, cavalry""]",[],[],[],{},[],1,1,0,0,0,1,2,0,0
50801,10,1158,n50801,ἱππομᾰχ-ία,,ἡ,834,,"[""horse-fight, action of cavalry, Th. 2.22 , 4.72 , Pl. La. 193b , etc.""]","[""horse-fight, action of cavalry""]",[],[],[],{},[],1,1,0,0,0,1,1,0,0
50802,10,1159,n50802,ἱππομᾰχ-ικός,,,834,,"[""of a horse-fight, νίκη St.Byz. s.v. Ἀλάβανδα .""]","[""of a horse-fight""]",[],"[{""biblio"":"""",""quote"":""νίκη""},{""biblio"":""St.Byz."",""quote"":""νίκη St.Byz.""}]","[""St.Byz.""]",{},"[{""type"":""ref"",""target"":"""",""text"":""Ἀλάβανδα""},{""type"":"""",""target"":"""",""text"":""s.v. Ἀλάβανδα""}]",1,1,0,1,1,1,1,0,2
50803,10,1160,n50803,ἱππόμᾰχ-ος,,,834,835,"[""fighting on horseback, trooper, Il. 10.431 ( v.l. -δαμοι ), Simon. 107.8 (= IG 7.53 ), Luc. Macr. 17 , IG 9(1).871 (Corc.,iii/ii B.C.).""]","[""fighting on horseback, trooper""]",[],[],[],{},"[{""type"":""ref"",""target"":"""",""text"":""-δαμοι""},{""type"":"""",""target"":"""",""text"":""v.l. -δαμοι""}]",1,1,0,0,1,1,1,0,0
50804,10,1161,n50804,Ἱππο-μέδων,,ὁ,834,,"[""horse-ruler, as a pr. n., A. , etc. [In Th. 488 , with the 2nd syll. long, metri gr.]""]","[""horse-ruler""]",[],[],[],{},[],1,1,0,0,0,1,1,0,0
50805,10,1162,n50805,Ἱππό-μητις,,ὁ,834,,"[""skilled in horses or in riding, Pi. I. 7(6).12 .""]","[""skilled in horses"",""in riding""]",[],[],[],{},[],1,1,0,0,0,1,2,0,0
50806,10,1163,n50806,Ἱππο-μῐγής,,,834,,"[""partly a horse, half-horse half-man, Ael. VH 9.16 .""]","[""partly a horse, half-horse half-man""]",[],[],[],{},[],1,1,0,0,0,1,1,0,0
50807,10,1164,n50807,Ἱππο-μολγία,,,834,,"[""Ἱππο-μολγία,Ἱππο-μολγός, ff.ll. for ἱππη-.""]",[],[],[],[],{},[],1,0,0,0,0,1,0,0,0
50808,10,1165,n50808,Ἱππό-μορφος,,,834,,"[""horse-shaped, horse-like, Pl. Phdr. 253c .""]","[""horse-shaped, horse-like""]",[],[],[],{},[],1,1,0,0,0,1,1,0,0
50809,10,1166,n50809,Ἱππο-μύρμηξ,,ὁ,834,,"[""horse-ant, dub. in Arist. HA 606a5 ."",""pl.,ant-cavalry, Luc. VH 1.12 .""]","[""horse-ant"",""ant-cavalry""]",[],[],[],{},[],1,1,0,0,0,2,2,0,0
50810,10,1167,n50810,Ἱππό-νῑκος,,,834,,"[""victorious in the chariot-race, Gloss. , prob. l. in B. 13.22 : freq.as pr. n.""]","[""victorious in the chariot-race,""]",[],[],[],{},[],1,1,0,0,0,1,1,0,0
50811,10,1168,n50811,Ἱππο-νομεύς,,ὁ,834,,"[""horse-keeper, Gloss.""]","[""horse-keeper,""]",[],[],[],{},[],1,1,0,0,0,1,1,0,0
50812,10,1169,n50812,Ἱππο-νόμος,,τά,834,,"[""keeping horses, Poll. 1.181 ."",""ἱππόνομα,τά, prob.horsehire, Hsch.""]","[""keeping horses"",""horsehire""]",[],[],[],{},[],1,1,0,0,0,2,2,0,0
50813,10,1170,n50813,Ἱππο-νώμας,,ὁ,834,,"[""guiding or keeping horses, S. Aj. 232 (lyr., Pors. for ἱππονόμους), E. Hipp. 1399 , Ar. Nu. 571 (lyr.).""]","[""guiding"",""keeping horses""]",[],[],[],{},[],1,1,0,0,0,1,2,0,0
50814,10,1171,n50814,ἱππόομαι,,,834,,"[""have the concept or idea of a horse, opp. its real existence, Plu. 2.112o d, 1121a ; cf.ἀνθρωπόομαι.""]","[""have the concept"",""idea of a horse""]",[],[],[],{},[],1,1,0,0,0,1,2,0,0
50815,10,1172,n50815,ἱππο-πάρῃος,,,834,,"[""with large cheeks, Apollon. Lex. s.v. ἱππόβοτον .""]","[""with large cheeks""]",[],[],[],{},"[{""type"":""ref"",""target"":"""",""text"":""ἱππόβοτον""},{""type"":"""",""target"":"""",""text"":""s.v. ἱππόβοτον""}]",1,1,0,0,1,1,1,0,0
50816,10,1173,n50816,ἱππο-πέδη,,ἡ,834,,"[""horse-fetter, Hippiatr. 106 ."",""a name given by Eudoxus to a figure-of-eight curve described by a planet, Simp. in Cael. 497.3 , Procl. in Euc. pp.127,128 F.""]","[""horse-fetter,"",""figure-of-eight curve described by a planet""]",[],[],[],{},[],1,1,0,0,0,2,2,0,0
50817,10,1174,n50817,ἱππο-πῆραι,,αἱ,834,,"[""saddlebags, Sen. Ep. 87.7 .""]","[""saddlebags""]",[],[],[],{},[],1,1,0,0,0,1,1,0,0
50818,10,1175,n50818,ἱππό-ποδες,,οἱ,834,,"[""horse-hoofed men, name of a fabulous tribe in Sarmatia, D.P. 310 .""]","[""horse-hoofed men""]",[],[],[],{},[],1,1,0,0,0,1,1,0,0
50819,10,1176,n50819,ἱππο-πόλος,,,834,,"[""herding horses, of the Thracians, Il. 13.4 , 14.227 . (Cf.αἰ-πόλος, βου-κόλος.)""]","[""herding horses""]",[],[],[],{},[],1,1,0,0,0,1,1,0,0
50820,10,1177,n50820,ἵπποπορ,,,834,,"[""ἵπποπορ, prob. corrupt for ἵππορ, Lacon. for ἵππος, Hsch. :ἱππόπορι: κοιλάς, αὐλή, δῶμα, Id.""]",[],[],[],[],{},[],1,0,0,0,0,1,0,0,0
50821,10,1178,n50821,ἱππό-πορνος,,ὁ,834,,"[""excessive prostitute, Ath. 13.565c , Alciphr. 1.38 , al.; cf. ἵππος v11 ; also,one on horseback, Diog. ap. Eust. 1909.63 .""]","[""excessive prostitute"",""one on horseback""]",[],"[{""biblio"":"""",""quote"":""ἵππος""},{""biblio"":""v11"",""quote"":""ἵππος v11""}]","[""v11""]",{},[],1,1,0,1,0,1,2,0,2
50822,10,1179,n50822,ἱππο-πότᾰμος,,ὁ,834,,"[""hippopotamus, Dsc. 2.23 , Gal. 14.241 , Dam. Isid. 98 :—also ἱππο-ποτάμις(for-ποτάμιος),ὁ, POxy. 1220.21 (iii A.D.).""]","[""hippopotamus""]",[],[],[],{},[],1,1,0,0,0,1,1,0,0
50823,10,1180,n50823,ἱππο-πρόσωπος,,,834,,"[""horse-faced, epith. of the Moon-goddess, PMag.Par. 1.2549 ; of a fabulous tribe, Peripl.M.Rubr. 62 .""]","[""horse-faced""]",[],[],[],{},[],1,1,0,0,0,1,1,0,0
50824,10,1181,n50824,ἵππος,,ὁ,834,,"[""horse,ἡ,mare, most freq. fem. in Poets; in full θήλεες ἵπποι Il. 5.269 ; ἵπποι θήλειαι 11.680 , Od. 4.635 ; ἄρσενες ἵπποι 13.81 , cf. Hdt. 3.86 , Pl. Hp.Ma. 288b : pl.,ἵπποι team of chariot-horses, Il. 16.370 , al.: freq. in dual, 5.237 , 8.41 , al.: hence, of the chariot itself,ἀφ' ἵπποιιν, ἀφ' ἵππων, from the chariot, Il. 5.13 , 19 ,al.;καθ' ἵππων ἆλτο, ἐξ ἵππων βῆσε, ib. 111 , 163 ;ἵππων ἐπιβησόμενος intending to mount his chariot, ib. 46 ; opp. πεζοί, πλῆτο δὲ πᾶν πεδίον πεζῶν τε καὶ ἵππων Od. 14.267 , cf. 9.49 ; ἵπποι τε καὶ ἀνέρες Il. 2.554 ; λαός τε καὶ ἵπποι 18.153 ; of riders, νῶθ' ἵππων ἐπιβάντες ἐθύνεον Hes. Sc. 286 ; freq. of race-horses, ἵ. ἀκαμαντόποδες Pi. O. 3.4 ; ἀελλόποδες Simon. 7 ; ἀθληταί Lys. 19.63 : metaph.,ἁλὸς ἵ., of ships, Od. 4.708 , cf. Secund. Sent. 17 ."",""the constellation Pegasus, Eudox. ap. Hipparch. 1.2.12 , Ptol. Tetr. 27 , Vett.Val. 12.11 ."",""title of Hecate in the Mithraic cult, Porph. Abst. 4.16 ."",""perh. an instrument of torture, Lat.eculeus, Plu. Luc. 20 (pl.)."",""as Collective Noun,ἵππος,ἡ ,horse, cavalry,ἡ τῶν Θεσσαλῶν ἵ. Hdt. 5.64 , etc.: always in sg., even with numerals,ἵ. χιλίη a thousand horse, Id. 7.41 ;μυρίη ibid.;μυρία, τρισμυρία, A. Pers. 302 , 315 ;ἡ διακοσία ἵ. Th. 1.62 ; ἵππον ἔχω εἰς χιλίαν X. Cyr. 4.6.2 ."",""a sea-fish, Antim. et Numen. ap. Ath. 7.304e ; but ὁ ἵ. ὁ ποτάμιος the hippopotamus, Hdt. 2.71 , Arist. HA 502a9 ; ὁ ἵ. τοῦ Νείλου Ach.Tat. 4.2 ."",""lewd woman, Ael. NA 4.11 ."",""pudenda muliebria et virilia, Hsch."",""a complaint of the eyes, such that they are always winking, Gal. 16.611 ,al. (also in Hp. , acc. to [ Gal. ] 19.436 )."",""title of ministrants ('chuckersout') in certain religious ceremonies, IG 22.1368.144 (Athens,ii A.D.), 3.1280a ."",""in compds., to express anything large or coarse, as in our horse-chestnut, horse-laugh, v. ἱππό-κρημνος, -λάπαθον, -μάραθον, -πορνος, -σέλινον, -τυφία , and cf.βου-. (From ἴκϝος, v. ἴκκος ; cf. Skt.aśvas, Lat.equus: the ἴ-(in place of e-) and the aspirate are unexplained; the latter acc. to Gell. 2.3.2 was confined to Attic; cf.Λεύκ-ιππος, Γλαύκ-ιππος.)""]","[""horse"",""mare"",""team of chariot-horses"",""the chariot"",""the chariot"",""his chariot"",""eculeus"",""horse, cavalry"",""horse"",""a sea-fish"",""the hippopotamus"",""lewd woman"",""pudenda muliebria et virilia"",""a complaint of the eyes"",""anything large"",""coarse"",""horse-chestnut, horse-laugh"",""aśvas"",""equus"",""e-""]",[],"[{""biblio"":"""",""quote"":""θήλεες ἵπποι""},{""biblio"":""Il. | 5.269"",""quote"":""θήλεες ἵπποι Il. 5.269""},{""biblio"":"""",""quote"":""ἵπποι θήλειαι""},{""biblio"":""11.680"",""quote"":""ἵπποι θήλειαι 11.680""},{""biblio"":"""",""quote"":""ἄρσενες ἵπποι""},{""biblio"":""13.81"",""quote"":""ἄρσενες ἵπποι 13.81""},{""biblio"":"""",""quote"":""πεζοί, πλῆτο δὲ πᾶν πεδίον πεζῶν τε καὶ ἵππων""},{""biblio"":""Od. | 14.267"",""quote"":""πεζοί, πλῆτο δὲ πᾶν πεδίον πεζῶν τε καὶ ἵππων Od. 14.267""},{""biblio"":"""",""quote"":""ἵπποι τε καὶ ἀνέρες""},{""biblio"":""Il. | 2.554"",""quote"":""ἵπποι τε καὶ ἀνέρες Il. 2.554""},{""biblio"":"""",""quote"":""λαός τε καὶ ἵπποι""},{""biblio"":""18.153"",""quote"":""λαός τε καὶ ἵπποι 18.153""},{""biblio"":"""",""quote"":""νῶθ' ἵππων ἐπιβάντες ἐθύνεον""},{""biblio"":""Hes. | Sc. | 286"",""quote"":""νῶθ' ἵππων ἐπιβάντες ἐθύνεον Hes. Sc. 286""},{""biblio"":"""",""quote"":""ἵ. ἀκαμαντόποδες""},{""biblio"":""Pi. | O. | 3.4"",""quote"":""ἵ. ἀκαμαντόποδες Pi. O. 3.4""},{""biblio"":"""",""quote"":""ἀελλόποδες""},{""biblio"":""Simon. | 7"",""quote"":""ἀελλόποδες Simon. 7""},{""biblio"":"""",""quote"":""ἀθληταί""},{""biblio"":""Lys. | 19.63"",""quote"":""ἀθληταί Lys. 19.63""},{""biblio"":"""",""quote"":""ἵππον ἔχω εἰς χιλίαν""},{""biblio"":""X. | Cyr. | 4.6.2"",""quote"":""ἵππον ἔχω εἰς χιλίαν X. Cyr. 4.6.2""},{""biblio"":"""",""quote"":""ὁ ἵ. τοῦ Νείλου""},{""biblio"":""Ach.Tat. | 4.2"",""quote"":""ὁ ἵ. τοῦ Νείλου Ach.Tat. 4.2""}]","[""11.680"",""13.81"",""18.153"",""Ach.Tat. | 4.2"",""Hes. | Sc. | 286"",""Il. | 2.554"",""Il. | 5.269"",""Lys. | 19.63"",""Od. | 14.267"",""Pi. | O. | 3.4"",""Simon. | 7"",""X. | Cyr. | 4.6.2""]",{},"[{""type"":""ref"",""target"":"""",""text"":""ἱππό-κρημνος, -λάπαθον, -μάραθον, -πορνος, -σέλινον, -τυφία""},{""type"":"""",""target"":"""",""text"":""v. ἱππό-κρημνος, -λάπαθον, -μάραθον, -πορνος, -σέλινον, -τυφία""},{""type"":""ref"",""target"":"""",""text"":""ἴκκος""},{""type"":"""",""target"":"""",""text"":""v. ἴκκος""}]",1,1,0,1,1,11,20,0,24
50825,10,1182,n50825,ἱππο-σείρης,,ὁ,834,,"[""one who leads a horse by the rein, Anacr. 75.6 .""]","[""one who leads a horse by the rein""]",[],[],[],{},[],1,1,0,0,0,1,1,0,0
50826,10,1183,n50826,ἱππο-σέλῑνον,,τό,834,,"[""Alexanders, Smyrnium olus-atrum, Thphr. HP 2.2.1 , Arist. Pr. 923a34 , Dsc. 3.67 : metaph., γελᾶν ἱπποσέλινα Pherecr. 131.4 .""]","[""Alexanders, Smyrnium olus-atrum""]",[],"[{""biblio"":"""",""quote"":""γελᾶν ἱπποσέλινα""},{""biblio"":""Pherecr. | 131.4"",""quote"":""γελᾶν ἱπποσέλινα Pherecr. 131.4""}]","[""Pherecr. | 131.4""]",{},[],1,1,0,1,0,1,1,0,2
50827,10,1184,n50827,ἱππο-σκελής,,,834,,"[""with horse's legs, ἄνθρωπος Gal. UP 3.1 .""]","[""with horse's legs""]",[],"[{""biblio"":"""",""quote"":""ἄνθρωπος""},{""biblio"":""Gal. | UP | 3.1"",""quote"":""ἄνθρωπος Gal. UP 3.1""}]","[""Gal. | UP | 3.1""]",{},[],1,1,0,1,0,1,1,0,2
50828,10,1185,n50828,ἱππο-σκόπος,,ὁ,834,,"[""inspector of horses, PPetr. 3pp.157,158 (iii B.C.).""]","[""inspector of horses,""]",[],[],[],{},[],1,1,0,0,0,1,1,0,0
50829,10,1186,n50829,ἱππο-σόας,Subst.,ὁ,834,,"[""driving horses, ἄνδρες Pi. P. 2.65 ; Ἰόλαος Id. I. 5(4).32 :—fem.ἱπποσόα, epith. of Artemis, Id. O. 3.26 (as Subst., Pae. 9.7 ):—also ἱπποσσόος,ον, Nonn. D. 37.320 .""]","[""driving horses""]","[""σεύω""]","[{""biblio"":"""",""quote"":""ἄνδρες""},{""biblio"":""Pi. | P. | 2.65"",""quote"":""ἄνδρες Pi. P. 2.65""},{""biblio"":"""",""quote"":""Ἰόλαος""},{""biblio"":""Id. | I. | 5(4).32"",""quote"":""Ἰόλαος Id. I. 5(4).32""}]","[""Id. | I. | 5(4).32"",""Pi. | P. | 2.65""]",{},[],1,1,1,1,0,1,1,1,4
50830,10,1187,n50830,ἱππο-στάσιον,,τό,834,,"[""ἱππο-στάσιον[ᾰ],τό ,= sq., Lys. Fr. 56S. : pl., App. Pun. 95 , Mith. 84 :—also ἱππο-στᾰσία,ἡ, Hippiatr. 29 .""]",[],[],[],[],{},[],1,0,0,0,0,1,0,0,0
50831,10,1188,n50831,ἱππό-στᾰσις,,ἡ,834,,"[""stable, Plb. 13.8.3 , Ph. 2.307 (pl.), Poll. 1.184 , Anon. Oxy. 1368.46 : metaph.,Ἀελίου κνεφαία ἱππόστασις the dark stable of the Sun, i.e. the West, E. Alc. 594 (lyr.); but Ἕω φαεννὰς Ἡλίου θ' ἱπποστάσεις, of the East, Id. Fr. 771.5 .""]","[""stable"",""stable""]",[],[],[],{},[],1,1,0,0,0,1,2,0,0
50832,10,1189,n50832,ἱπποσύνη,,ἡ,834,,"[""the art of driving the war-chariot: generally,driving, horsemanship, ἱπποσύνῃ . . πεποιθώς Il. 4.303 , cf. 11.503 ; ἔξοχοι ἱπποσύνᾳ Simon. 108 (= IG 12.946 ): in pl., λελασμένος ἱπποσυνάων Il. 16.776 , Od. 24.40 ; ἱπποσύνας ἐδίδαξαν Il. 23.307 ."",""= ἵππος 11 ,horse, cavalry, Orac. ap. Hdt. 7.141 .""]","[""the art of driving the war-chariot"",""driving, horsemanship"",""horse, cavalry""]","[""ἵππος""]","[{""biblio"":"""",""quote"":""ἱπποσύνῃ . . πεποιθώς""},{""biblio"":""Il. | 4.303"",""quote"":""ἱπποσύνῃ . . πεποιθώς Il. 4.303""},{""biblio"":"""",""quote"":""ἔξοχοι ἱπποσύνᾳ""},{""biblio"":""Simon. | 108"",""quote"":""ἔξοχοι ἱπποσύνᾳ Simon. 108""},{""biblio"":"""",""quote"":""λελασμένος ἱπποσυνάων""},{""biblio"":""Il. | 16.776"",""quote"":""λελασμένος ἱπποσυνάων Il. 16.776""},{""biblio"":"""",""quote"":""ἱπποσύνας ἐδίδαξαν""},{""biblio"":""Il. | 23.307"",""quote"":""ἱπποσύνας ἐδίδαξαν Il. 23.307""}]","[""Il. | 16.776"",""Il. | 23.307"",""Il. | 4.303"",""Simon. | 108""]",{},"[{""type"":""ref"",""target"":"""",""text"":""ἵππος""},{""type"":"""",""target"":"""",""text"":""= ἵππος""}]",1,1,1,1,1,2,3,1,8
50833,10,1190,n50833,ἱππόσῠνος,,ὁ,834,,"[""ἱππικός, Δαρδανία E. Or. 1392 (lyr.); unless ἱπποσύνα is Dor. gen. from nom.ἱπποσύνης,ὁ , cf. Sch., or ἱπποσύνᾳ be read.""]",[],[],"[{""biblio"":"""",""quote"":""ἱππικός, Δαρδανία""},{""biblio"":""E. | Or. | 1392"",""quote"":""ἱππικός, Δαρδανία E. Or. 1392""}]","[""E. | Or. | 1392""]",{},[],1,0,0,1,0,1,0,0,2
50834,10,1191,n50834,ἱππότᾰ,,ὁ,834,,"[""ἱππότᾰ,ὁ, Ep. form of ἱππότης.""]",[],[],[],[],{},[],1,0,0,0,0,1,0,0,0
50835,10,1192,n50835,ἱππο-τακτικά:,,,834,,"[""ἱππο-τακτικά: ἵππων τάξεις μισθοφόρων, Hsch.""]",[],[],[],[],{},[],1,0,0,0,0,1,0,0,0
50836,10,1193,n50836,ἱππό-ταυρος,,ὁ,834,,"[""horse-bull, Hld. 10.29 .""]","[""horse-bull""]",[],[],[],{},[],1,1,0,0,0,1,1,0,0
50837,10,1194,n50837,ἱππο-τέκτων,,ὁ,834,,"[""maker of the Trojan horse, Lyc. 930 .""]","[""maker of the Trojan horse""]",[],[],[],{},[],1,1,0,0,0,1,1,0,0
50838,10,1195,n50838,ἱππότης,Adj.,ὁ,834,,"[""driver or rider of horses, horseman, knight, Hdt. 7.55 , 9.49 , 69 ; in Hom. always in Ep. nom.ἱππότᾰ, as Γερήνιος ἱππότα Νέστωρ Il. 2.336 , etc.;ἱππότης Κολωνός S. OC 59 ;ἱππότης on horseback, Luc. Tox. 47 ;τοὶ ἱππότη, Boeot. for οἱ ἱππεῖς, IG 7.3087 (Lebad.), cf. Ascl. Tact. 10.2 ."",""Adj., ἱππόται λαοί Pi. P. 4.153 ;ἱ. λεώς the horse, A. Th. 80 (lyr.); λεὼν ἄνιππον ἱ. τε S. OC 899 ; ἱ. ὄχλος E. Supp. 660 ; στρατός Plu. Aem. 9 .—Never used in correct Att. Prose.""]","[""driver"",""rider of horses, horseman, knight"",""on"",""horseback"",""the horse""]",[],"[{""biblio"":"""",""quote"":""ἱππόται λαοί""},{""biblio"":""Pi. | P. | 4.153"",""quote"":""ἱππόται λαοί Pi. P. 4.153""},{""biblio"":"""",""quote"":""λεὼν ἄνιππον ἱ. τε""},{""biblio"":""S. | OC | 899"",""quote"":""λεὼν ἄνιππον ἱ. τε S. OC 899""},{""biblio"":"""",""quote"":""ἱ. ὄχλος""},{""biblio"":""E. | Supp. | 660"",""quote"":""ἱ. ὄχλος E. Supp. 660""},{""biblio"":"""",""quote"":""στρατός""},{""biblio"":""Plu. | Aem. | 9"",""quote"":""στρατός Plu. Aem. 9""}]","[""E. | Supp. | 660"",""Pi. | P. | 4.153"",""Plu. | Aem. | 9"",""S. | OC | 899""]",{},[],1,1,0,1,0,2,5,0,8
50839,10,1196,n50839,ἱππότης,,ἡ,834,,"[""horse-nature, the concept of horse, Antisth. et Pl. ap. Simp. in Cat. 208.30 , 32 , Sch.Arist Id. p.167F.""]","[""horse-nature, the concept of horse""]",[],[],[],{},[],1,1,0,0,0,1,1,0,0
50840,10,1197,n50840,ἱππό-τιγρις,,ὁ,834,,"[""a large kind of tiger, D.C. 77.6 ; cf.ἵππος v11 .""]","[""a large"",""tiger""]",[],[],[],{},[],1,1,0,0,0,1,2,0,0
50841,10,1198,n50841,ἱππό-τῑλος,,ὁ,834,,"[""diarrhoea of horses, Hippiatr. 56 .""]","[""diarrhoea of horses,""]","[""τιλάω""]",[],[],{},[],1,1,1,0,0,1,1,1,0
50842,10,1199,n50842,ἱππότις,,,834,,"[""ἱππότις,ιδος, fem. of ἱππότης, Tryph. 670 , Nonn. D. 1.172 .""]",[],[],[],[],{},[],1,0,0,0,0,1,0,0,0
50843,10,1200,n50843,ἱππο-τόκος,,,834,,"[""horse-bearing, of Medusa, Nonn. D. 47.693 .""]","[""horse-bearing""]",[],[],[],{},[],1,1,0,0,0,1,1,0,0
50844,10,1201,n50844,ἱππο-τοξεία,,ἡ,834,,"[""the art of the ἱπποτοξότης, Tz. H. 6.996 , 998 .""]","[""the art of the""]",[],[],[],{},[],1,1,0,0,0,1,1,0,0
50845,10,1202,n50845,ἱππο-τοξότης,,ὁ,834,,"[""mounted bowman horse-archer, Hdt. 9.49 , 4.46 ; employed as police at Athens, Th. 2.13 , Lys. 15.6 : Com.,ἱέρακας ἱ. Ar. Av. 1179 .""]","[""mounted bowman horse-archer""]",[],[],[],{},[],1,1,0,0,0,1,1,0,0
50846,10,1203,n50846,ἱππο-τρᾰγέλᾰφος,,ὁ,834,,"[""horse-goat-stag, a fabulous monster: used of a cup made to represent it, Philem. 87 .""]","[""horse-goat-stag"",""cup made to represent it""]",[],[],[],{},[],1,1,0,0,0,1,2,0,0
50847,10,1204,n50847,ἱπποτροφ-εῖον,,τό,834,,"[""place for horse-breeding, stud-stable, Str. 5.1.4 , 16.2.10 (-τρόφιον).""]","[""place for horse-breeding, stud-stable""]","[""-τρόφιον""]",[],[],{},[],1,1,1,0,0,1,1,1,0
50848,10,1205,n50848,ἱπποτροφ-έω,,,834,,"[""-τρόφησα Paus. 3.8.1 :pf. -τρόφηκα D.L. 8.51 , (καθ-) Is. 5.43 ; but ἱπποτετρόφηκα Lycurg. 139 codd.:—breed or keep horses, Lycurg. l.c., Isoc. 16.33 , Hyp. Lyc. 16 , Satyr. 1 ; ἱπποτροφοῦσα πόλις Aen.Tact. 26.4 ;feed horses, ποᾷ χλωρᾷ Dsc. 4.15 ( v.l. πόαν χλωράν ).""]","[""breed"",""keep horses"",""feed horses""]","[""καθ-""]","[{""biblio"":"""",""quote"":""-τρόφησα""},{""biblio"":""Paus. | 3.8.1"",""quote"":""-τρόφησα Paus. 3.8.1""},{""biblio"":"""",""quote"":""-τρόφηκα""},{""biblio"":""D.L. | 8.51"",""quote"":""-τρόφηκα D.L. 8.51""},{""biblio"":"""",""quote"":""ἱπποτετρόφηκα""},{""biblio"":""Lycurg. | 139"",""quote"":""ἱπποτετρόφηκα Lycurg. 139""},{""biblio"":"""",""quote"":""ἱπποτροφοῦσα πόλις""},{""biblio"":""Aen.Tact. | 26.4"",""quote"":""ἱπποτροφοῦσα πόλις Aen.Tact. 26.4""},{""biblio"":"""",""quote"":""ποᾷ χλωρᾷ""},{""biblio"":""Dsc. | 4.15"",""quote"":""ποᾷ χλωρᾷ Dsc. 4.15""}]","[""Aen.Tact. | 26.4"",""D.L. | 8.51"",""Dsc. | 4.15"",""Lycurg. | 139"",""Paus. | 3.8.1""]",{},"[{""type"":""ref"",""target"":"""",""text"":""πόαν χλωράν""},{""type"":"""",""target"":"""",""text"":""v.l. πόαν χλωράν""}]",1,1,1,1,1,1,3,1,10
50849,10,1206,n50849,ἱπποτροφ-ία,,ἡ,834,,"[""breeding or keeping of horses, esp. for racing, ἱ. γὰρ οὐ Ζακύνθῳ . . ὀπαδεῖ Simon. 15 : freq. in pl., ἱπποτ ροφίας νομίζειν Pi. I. 2.38 , cf. X. Oec. 2.6 , Pl. Ly. 205c , Arist. Pol. 1289b35 , Anon. Oxy. 664.27 : sg., Th. 6.12 , Plu. Ages. 20 ."",""as a liturgy, ἀτελὴς ἔσται . . -ίας SIG 1003.26 (Priene,ii B.C.).""]","[""breeding"",""keeping of horses""]",[],"[{""biblio"":"""",""quote"":""ἱ. γὰρ οὐ Ζακύνθῳ . . ὀπαδεῖ""},{""biblio"":""Simon. | 15"",""quote"":""ἱ. γὰρ οὐ Ζακύνθῳ . . ὀπαδεῖ Simon. 15""},{""biblio"":"""",""quote"":""ἱπποτ ροφίας νομίζειν""},{""biblio"":""Pi. | I. | 2.38"",""quote"":""ἱπποτ ροφίας νομίζειν Pi. I. 2.38""},{""biblio"":"""",""quote"":""ἀτελὴς ἔσται . . -ίας""},{""biblio"":""SIG | 1003.26"",""quote"":""ἀτελὴς ἔσται . . -ίας SIG 1003.26""}]","[""Pi. | I. | 2.38"",""SIG | 1003.26"",""Simon. | 15""]",{},[],1,1,0,1,0,2,2,0,6
50850,10,1207,n50850,ἱπποτροφ-ικός,,τό,834,,"[""of or for horse-keeping:-κόν,τό ,allowance made to ἱπποτρόφοι, PTheb.Bank 6.8 (ii B.C.).""]","[""of"",""for horse-keeping"",""allowance made to""]",[],[],[],{},[],1,1,0,0,0,1,3,0,0
50851,10,1208,n50851,ἱππότροφ-ος,,,834,,"[""horse-feeding, abounding in horses, of Thrace, Hes. Op. 507 ; of Argos, Pi. N. 10.41 ; πόλις B. 10.114 ."",""of persons,breeding and keeping race-horses, Pi. I. 4(3).32 , etc.;μέγας καὶ λαμπρὸς ἱ. D. 18.320 , cf. Plu. Them. 5 , Paus. 6.2.1 ."",""generally,horsebreeder, POxy. 2110.6 (iv A.D.), Hippiatr. 34 .""]","[""horse-feeding, abounding in horses"",""breeding and keeping race-horses"",""horsebreeder,""]",[],"[{""biblio"":"""",""quote"":""πόλις""},{""biblio"":""B. | 10.114"",""quote"":""πόλις B. 10.114""}]","[""B. | 10.114""]",{},[],1,1,0,1,0,3,3,0,2
50852,10,1209,n50852,ἱπποτῡφία,,ἡ,834,,"[""horse-pride, i.e.excessive pride or conceit, Luc. Hist.Conscr. 45 , Pl. ap. D.L. 3.39 .""]","[""horse-pride"",""excessive pride"",""conceit""]","[""τῦφος""]",[],[],{},[],1,1,1,0,0,1,3,1,0
50853,10,1210,n50853,ἱππούρ-αιον,,τό,834,,"[""horse-tail, Arat. 438 .""]","[""horse-tail""]",[],[],[],{},[],1,1,0,0,0,1,1,0,0
50854,10,1211,n50854,ἱππουρ-εύς,,ὁ,834,,"[""= ἵππουρος , Hices. ap. Ath. 7.304c .""]",[],[],[],[],{},"[{""type"":""ref"",""target"":"""",""text"":""ἵππουρος""},{""type"":"""",""target"":"""",""text"":""= ἵππουρος""}]",1,0,0,0,1,1,0,0,0
50855,10,1212,n50855,ἵππουρ-ις,Adj.,ἡ,834,,"[""horse-tailed, decked with a horse-tail, freq. in Hom. (esp. Il. ), in nom. and acc. ἵππουρις, -ιν, κόρυς Il. 6.495 ; τρυφάλεια 19.382 ; κυνέη Od. 22.124 ."",""as Subst.,horse-tail, Ael. NA 16.21 ;Satyr's tail, Phryn. PS p.77B."",""a water-plant,horse-tail, Equisetum silvaticum, Dsc. 4.46 , Ps.-Democr. in Gp. 2.6.27 ; also,=Equisetum maximum, Dsc. 4.47 ."",""a complaint in the groin, caused by constant riding, dub. in Hp. Epid. 7.122 .""]","[""horse-tailed, decked with a horse-tail"",""horse-tail"",""Satyr's tail"",""horse-tail, Equisetum silvaticum"",""Equisetum maximum"",""a complaint in the groin""]","[""οὐρά""]","[{""biblio"":"""",""quote"":""ἵππουρις, -ιν, κόρυς""},{""biblio"":""Il. | 6.495"",""quote"":""ἵππουρις, -ιν, κόρυς Il. 6.495""},{""biblio"":"""",""quote"":""τρυφάλεια""},{""biblio"":""19.382"",""quote"":""τρυφάλεια 19.382""},{""biblio"":"""",""quote"":""κυνέη""},{""biblio"":""Od. | 22.124"",""quote"":""κυνέη Od. 22.124""}]","[""19.382"",""Il. | 6.495"",""Od. | 22.124""]",{},[],1,1,1,1,0,4,6,1,6
50856,10,1213,n50856,ἵππουρ-ος,Subst.,,834,,"[""horse-tailed: as Subst.,"",""a sea-fish,Coryphaena hippurus, Epich. 51 , Arist. HA 543a23 , Numen. ap. Ath. 7.304d , Opp. H. 1.184 ."",""a kind of insect, Ael. NA 15.1 ."",""= ἵππουρις 11.2 , Hippiatr. 27 .""]","[""horse-tailed"",""Coryphaena hippurus"",""a"",""insect""]","[""οὐρά""]",[],[],{},"[{""type"":""ref"",""target"":"""",""text"":""ἵππουρις""},{""type"":"""",""target"":"""",""text"":""= ἵππουρις""}]",1,1,1,0,1,4,4,1,0
50857,10,1214,n50857,ἱπποφάγοι,,οἱ,834,,"[""horse-eaters, name of a Scythian tribe, Ptol. Geog. 5.9 .""]","[""horse-eaters""]",[],[],[],{},[],1,1,0,0,0,1,1,0,0
50858,10,1215,n50858,ἱπποφᾰές,,τό,834,,"[""spurge, Euphorbia spinosa, used for carding cloth, Asclep. ap. Gal. Nat.Fac. 1.13 , Dsc. 4.159 (also ἱππόφαος ibid.,ἱπποφανής Ps.- Dsc. ibid.)."",""=sq., Ps.- Dsc. 4.160 ; = ἱππόφεως , Gal. 19.106 ; as a drug, Thphr. HP 9.15.6 .""]","[""spurge, Euphorbia spinosa""]",[],[],[],{},"[{""type"":""ref"",""target"":"""",""text"":""ἱππόφεως""},{""type"":"""",""target"":"""",""text"":""= ἱππόφεως""}]",1,1,0,0,1,2,1,0,0
50859,10,1216,n50859,ἱππόφαιστον,,τό,834,,"[""Centaurea spinosa, Dsc. 4.160 , Plin. HN 27.92 , Ruf. ap. Orib. 7.26.37 .""]","[""Centaurea spinosa""]",[],[],[],{},[],1,1,0,0,0,1,1,0,0
50860,10,1217,n50860,ἱππό-φεως,,ὁ,834,,"[""spurge, Euphorbia acanthothamnos, gen.-φεω( v.l. -φαέως, -φέως ) Hp. Int. 13 , 25 , 26 ; nom. -φεως Thphr. HP 6.5.2 ."",""= ἐπίθυμον , Plin. HN 26.55 ,Gloss.""]","[""spurge, Euphorbia acanthothamnos""]",[],"[{""biblio"":"""",""quote"":""-φεως""},{""biblio"":""Thphr. | HP | 6.5.2"",""quote"":""-φεως Thphr. HP 6.5.2""}]","[""Thphr. | HP | 6.5.2""]",{},"[{""type"":""ref"",""target"":"""",""text"":""-φαέως, -φέως""},{""type"":"""",""target"":"""",""text"":""v.l. -φαέως, -φέως""},{""type"":""ref"",""target"":"""",""text"":""ἐπίθυμον""},{""type"":"""",""target"":"""",""text"":""= ἐπίθυμον""}]",1,1,0,1,1,2,1,0,2
50861,10,1218,n50861,ἱππό-φλομος,,ὁ,834,,"[""giant φλόμος, i.e.belladonna, Atropa belladonna, Plin. HN 25.148 .""]","[""giant"",""belladonna, Atropa belladonna""]",[],[],[],{},[],1,1,0,0,0,1,2,0,0
50862,10,1219,n50862,ἱππο-φοβάς,,ἡ,834,,"[""horse-fear, a fabulous plant, Ps.-Democr. ap. Plin. HN 24.161 .""]","[""horse-fear""]",[],[],[],{},[],1,1,0,0,0,1,1,0,0
50863,10,1220,n50863,ἱπποφορβ-εύς,,ὁ,834,,"[""ἱπποφορβ-εύς,έως,ὁ,=ἱπποφορβός, Poll. 7.185 :—fem.ἱπποφορβ-άς,άδος, Sch. Luc. Ind. 5 :""]",[],[],[],[],{},[],1,0,0,0,0,1,0,0,0
50864,10,1221,n50864,ἱπποφορβ-έω,,,834,,"[""keep horses, Choerob. in Theod. 2l xxxv.""]","[""keep horses""]",[],[],[],{},[],1,1,0,0,0,1,1,0,0
50865,10,1222,n50865,ἱπποφορβ-ία,,ἡ,834,,"[""horse-keeping, Pl. Plt. 299d .""]","[""horse-keeping""]",[],[],[],{},[],1,1,0,0,0,1,1,0,0
50866,10,1223,n50866,ἱπποφόρβ-ιον,,τό,834,,"[""herd of horses, Hdt. 4.110 , X. HG 4.6.6 , Arist. HA 576a20 ."",""= ἱπποτροφεῖον , E. El. 623 , Arist. HA 576a25 , Ph. 2.307 .""]","[""herd of horses""]",[],[],[],{},"[{""type"":""ref"",""target"":"""",""text"":""ἱπποτροφεῖον""},{""type"":"""",""target"":"""",""text"":""= ἱπποτροφεῖον""}]",1,1,0,0,1,2,1,0,0
50867,10,1224,n50867,ἱπποφορβ-ός,Adj.,,834,,"[""horse-keeper, Pl. Plt. 261d , Arist. HA 577a15 , Jul. Or. 7.227c : as Adj., ἱ. γῆ D.H. 1.37 ."",""αὐλὸς ἱ. a flute used by ἱπποφορβοί, made of laurel bark, Poll. 4.74 .""]","[""horse-keeper"",""used by""]","[""φέρβω""]","[{""biblio"":"""",""quote"":""ἱ. γῆ""},{""biblio"":""D.H. | 1.37"",""quote"":""ἱ. γῆ D.H. 1.37""}]","[""D.H. | 1.37""]",{},[],1,1,1,1,0,2,2,1,2
50868,10,1225,n50868,ἱππο-χάρμης,,ὁ,834,,"[""ἱππο-χάρμης,ου,ὁ,=ἱππιοχάρμης, Pi. O. 1.23 , Pae. 2.104 .""]",[],[],[],[],{},[],1,0,0,0,0,1,0,0,0
50869,10,1226,n50869,ἱππό-χθων,,,834,,"[""ἱππό-χθων,ονος, dub. sens., Tab.Defix.Aud. 38.29 (Alexandria,iii A.D.).""]",[],[],[],[],{},[],1,0,0,0,0,1,0,0,0
50870,10,1227,n50870,ἱππ-ώδης,,,834,,"[""horse-like, X. Eq. 1.11 ( Comp. ), Poll. 1.192 ; κεφαλή Hippiatr. 14 .""]","[""horse-like""]",[],"[{""biblio"":"""",""quote"":""κεφαλή""},{""biblio"":""Hippiatr. | 14"",""quote"":""κεφαλή Hippiatr. 14""}]","[""Hippiatr. | 14""]",{},[],1,1,0,1,0,1,1,0,2
50871,10,1228,n50871,ἱππ-ώκης,,,834,,"[""riding in a swift chariot, ἀέλιος B. 10.101 .""]","[""riding in a swift chariot""]",[],"[{""biblio"":"""",""quote"":""ἀέλιος""},{""biblio"":""B. | 10.101"",""quote"":""ἀέλιος B. 10.101""}]","[""B. | 10.101""]",{},[],1,1,0,1,0,1,1,0,2
50872,10,1229,n50872,ἱππ-ών,,ὁ,834,,"[""place for horses:"",""stable, IG 12.336 (pl.), X. Eq. 4.2 , Moschio ap. Ath. 5.207f , PCair.Zen. 193.5 (iii B.C.)."",""posting-house, station, X. Cyr. 8.6.17 , Supp.Epigr. 2.481 (Scythia,iii A.D.).""]","[""place for horses"",""stable,"",""posting-house, station""]",[],[],[],{},[],1,1,0,0,0,3,3,0,0
50873,10,1230,n50873,ἱππ-ωνέω,,,834,,"[""buy horses, X. Eq.Mag. 1.14 , Eq. 11.13 .""]","[""buy horses""]","[""ὠνέομαι""]",[],[],{},[],1,1,1,0,0,1,1,1,0
50874,10,1231,n50874,ἱππ-ωνία,,ἡ,834,,"[""buying of horses, Id. Eq.Mag. 1.12 (with v.l. ἱππωνεία , which is found in codd. of Eq. 1.1 , 3.1 ), Poll. 1.182 ."",""tax on sale of horses, SIG 4 (Cyzicus,vi B.C.).""]","[""buying of horses"",""tax on sale of horses""]",[],[],[],{},"[{""type"":""ref"",""target"":"""",""text"":""ἱππωνεία""},{""type"":"""",""target"":"""",""text"":""v.l. ἱππωνεία""}]",1,1,0,0,1,2,2,0,0
50875,10,1232,n50875,ἵπταμαι,,,834,,"[""ἵπταμαι,-πέτομαι, Mosch. 3.43 , Babr. 65.4 , Jul. Or. 2.72a , etc.; censured by Luc. Sol. 7 , Lex. 25 .""]",[],[],[],[],{},[],1,0,0,0,0,1,0,0,0
50876,10,1233,n50876,ἴπτομαι,,,834,,"[""press hard, oppress, μέγα δ' ἴψαο λαὸν Ἀχαιῶν Il. 1.454 , 16.237 ; τάχα δ' ἴψεται υἷας Ἀχαιῶν 2.193 : generally,hurt, harm,σὺ τόνδε μηρὸν ἴψω; Theoc. Adon. 19 , cf. Str. 8.6.7 :— Act. ,ἴπτω, = βλάπτω , only in EM 481.3 ;ἶψαι, ἴψας, Hsch. (Perh. related to ἰάπτω(B) or to ἶπος.)""]","[""press hard, oppress"",""hurt, harm""]",[],"[{""biblio"":"""",""quote"":""μέγα δ' ἴψαο λαὸν Ἀχαιῶν""},{""biblio"":""Il. | 1.454"",""quote"":""μέγα δ' ἴψαο λαὸν Ἀχαιῶν Il. 1.454""},{""biblio"":"""",""quote"":""τάχα δ' ἴψεται υἷας Ἀχαιῶν""},{""biblio"":""2.193"",""quote"":""τάχα δ' ἴψεται υἷας Ἀχαιῶν 2.193""}]","[""2.193"",""Il. | 1.454""]",{},"[{""type"":""ref"",""target"":"""",""text"":""βλάπτω""},{""type"":"""",""target"":"""",""text"":""= βλάπτω""}]",1,1,0,1,1,1,2,0,4
50877,10,1234,n50877,ἰπύα,,ἡ,834,,"[""ἰπύα,ἡ,=σιπύα, Hsch. (prob.ἱπύα).""]",[],[],[],[],{},[],1,0,0,0,0,1,0,0,0
50878,10,1235,n50878,ἵπφαρμος:,,,834,,"[""= ἱππαρμοστής ).""]",[],[],[],[],{},"[{""type"":""ref"",""target"":"""",""text"":""ἱππαρμοστής""},{""type"":"""",""target"":"""",""text"":""= ἱππαρμοστής""}]",1,0,0,0,1,1,0,0,0
50879,10,1236,n50879,ἴπ-ωσις,,ἡ,834,836,"[""pressing hard, squeezing, esp. in reducing dislocations, Hp. Art. 47 , Heliod. ap. Orib. 49.27.5 and 32.7 .""]","[""pressing hard, squeezing""]","[""ἰπόω""]",[],[],{},[],1,1,1,0,0,1,1,1,0
50880,10,1237,n50880,ἰπ-ωτήριον,,τό,834,,"[""olive-or wine-press,ἰ. ληνοῦ,Gloss.;ὅλμοι καὶ ἰ. PRev.Laws 49.13 , cf. 51.2 (iii B.C.)."",""in surgery,bougie, Heliod. ap. Orib. 50.9.7 , Antyll. ap. eund. 44.23.61 , Meges ap.eund. 44.24.9 ."",""name of a plaster, Heracl. Tarent. ap. Gal. 13.725 , Orib. Fr. 52 .""]","[""olive-"",""wine-press"",""bougie""]",[],[],[],{},[],1,1,0,0,0,3,3,0,0
50881,10,1238,n50881,ἰπ-ωτρίς,,ἡ,834,,"[""for pressing in dislocated joints, σπάθη Heliod. ap. Orib. 49.32.4 and 17.9 .""]","[""for pressing in""]",[],"[{""biblio"":"""",""quote"":""σπάθη""},{""biblio"":""Heliod."",""quote"":""σπάθη Heliod.""}]","[""Heliod.""]",{},[],1,1,0,1,0,1,1,0,2
50882,10,1239,n50882,ἶραι,,,834,,"[""v.l. for εἶραι , Il. 18.531 ; v. εἴρη .""]",[],[],[],[],{},"[{""type"":""ref"",""target"":"""",""text"":""εἶραι""},{""type"":"""",""target"":"""",""text"":""v.l. for εἶραι""},{""type"":""ref"",""target"":"""",""text"":""εἴρη""},{""type"":"""",""target"":"""",""text"":""v. εἴρη""}]",1,0,0,0,1,1,0,0,0
50883,10,1240,n50883,ἰράνα,,τό,834,,"[""v. εἰρήνη .ἰράνθεμον,τό,=ἠράνθεμον, Hippiatr. 44 .""]",[],[],[],[],{},"[{""type"":""ref"",""target"":"""",""text"":""εἰρήνη""},{""type"":"""",""target"":"""",""text"":""v. εἰρήνη""}]",1,0,0,0,1,1,0,0,0
50884,10,1241,n50884,ἱράομαι,,,834,,"[""v. ἱέρεια .ἴρερος, v.l. for εἴρερος .ἱρεύς,ἱρεύω,ἱρήϊον, Ion. and Ep. for ἱερ-.""]",[],[],[],[],{},"[{""type"":""ref"",""target"":"""",""text"":""ἱέρεια""},{""type"":"""",""target"":"""",""text"":""v. ἱέρεια""},{""type"":""ref"",""target"":"""",""text"":""εἴρερος""},{""type"":"""",""target"":"""",""text"":""v.l. for εἴρερος""}]",1,0,0,0,1,1,0,0,0
50885,10,1242,n50885,ἰρήν,,ὁ,834,,"[""ἰρήν,ένος,ὁ, Ion. for εἰρήν, prob. in Hdt. 9.85 .""]",[],[],[],[],{},[],1,0,0,0,0,1,0,0,0
50886,10,1243,n50886,ἴρηξ,,ὁ,834,,"[""ἴρηξ,ηκος,ὁ, Ion. and Ep. for ἱέραξ.""]",[],[],[],[],{},[],1,0,0,0,0,1,0,0,0
50887,10,1244,n50887,ἱρήτειρα,,ἡ,834,,"[""priestess, Hsch.""]","[""priestess""]","[""ἱεράομαι""]",[],[],{},[],1,1,1,0,0,1,1,1,0
50888,10,1245,n50888,ἰρίζω,,,834,,"[""to be iridescent, PHolm. 7.6 .""]","[""to be iridescent,""]",[],[],[],{},[],1,1,0,0,0,1,1,0,0
50889,10,1246,n50889,ἰρικάν:,,,834,,"[""ἰρικάν: ἵππος οἰνωπὸς χρώματι, Hsch.""]",[],[],[],[],{},[],1,0,0,0,0,1,0,0,0
50890,10,1247,n50890,ἰρίνεος,,,834,,"[""ἰρίνεος[ῑρῐν],α,ον ,=ἴρινος, Nic. Al. 203 , 241 .""]",[],[],[],[],{},[],1,0,0,0,0,1,0,0,0
50891,10,1248,n50891,ἰρῐνόμικτος,,,834,,"[""mixed with iris-oil, Philox. 2.40 .""]","[""mixed with iris-oil""]",[],[],[],{},[],1,1,0,0,0,1,1,0,0
50892,10,1249,n50892,ἴρῐνος,,,834,,"[""made from the iris, μύρον Pl.Com. 69.7 , Cephisod. 3.2 , Alex. 62.8 , Thphr. HP 9.9.2 , Plb. 30.26.2 .""]","[""made from the iris""]",[],"[{""biblio"":"""",""quote"":""μύρον""},{""biblio"":""Pl.Com. | 69.7"",""quote"":""μύρον Pl.Com. 69.7""}]","[""Pl.Com. | 69.7""]",{},[],1,1,0,1,0,1,1,0,2
50893,10,1250,n50893,ἰριοειδής,,,834,,"[""rainbow-like, Luc. Hist.Conscr. 19 , Olymp. in Mete. 230.21 , al.""]","[""rainbow-like""]",[],[],[],{},[],1,1,0,0,0,1,1,0,0
50894,10,1251,n50894,Ἶρις,,ἡ,834,,"[""ὠκέα Ἶρις Il. 2.786 , al., Hes. l.c.; ὦκα δὲ Ἶρις Il. 23.198 (Pap.); possibly also fr.Ἐϝῖρις:Εἶρις is the name of a ship, IG 22.1611c137 (iv B.C.), but ἶρις is written in Michel 832 (Samos,iv B.C.): allegorized as προφορικὸς λόγος and derived from εἴρω by Stoic. 2.43 .)"",""as Appellat.,ἶρις,ἡ, gen. ἴριδος Thphr. CP 6.11.13 , also εως Androm. ap. Gal. 14.43 , POxy. 1088.34 (i A.D.), Gp. 6.8.1 ; acc.ἶριν Michel l.c., Plu. 2.664e , ἴριδα Nic. Al. 406 ; Ep. dat. pl.ἴρισσιν(v. infr.):—rainbow, δράκοντες . . , ἴρισσιν ἐοικότες, ἅς τε Κρονίων ἐν νέφεϊ στήριξε, τέρας μερόπων ἀνθρώπων Il. 11.27 , cf. Arist. Mete. 375a1 , Epicur. Ep. 2p.51U."",""any bright-coloured circle surrounding another body, as the lunar rainbow, Arist. Mete. 375a18 ;halo of candle, Thphr. Sign. 13 ; round the eyes of a peacock's tail, Luc. Dom. 11 ;the iris of the eye, Ruf. Onom. 24 , [ Gal. ] 14.702 ; also,section through the ciliary region, Gal. UP 10.2 ."",""iridescent garment, Michel l.c."",""various species of the botanical genus iris, e.g.the purple Iris, I. germanica or pallida, εὐάνθεμον ἶριν AP 4.1.9 ( Mel. ); τὸ ἄνθος πολλὰς ἔχει ἐν αὑτῷ ποικιλίας Arist. Col. 796b26 , cf. Plin. HN 21.40 ; also,the white variety of it, I. florentina, from the rhizome of which the orris-root of commerce is made, Thphr. HP 1.7.2 , CP 6.11.13 , etc.; ἶρις Ἰλλυρική Dsc. 1.1 , cf. Plin. HN 13.14 : in this sense some wrote it oxyt.ἰρίς,ίδος, Eust. 391.33 , Sch.Nic.l.c."",""a precious stone, Plin. HN 37.136 .""]","[""rainbow"",""bright-coloured circle"",""the"",""rainbow"",""halo"",""the iris"",""section through the ciliary region"",""iridescent garment,"",""iris"",""the purple Iris, I. germanica"",""pallida"",""the white variety of it, I. florentina"",""the orris-root""]",[],"[{""biblio"":"""",""quote"":""ὠκέα Ἶρις""},{""biblio"":""Il. | 2.786"",""quote"":""ὠκέα Ἶρις Il. 2.786""},{""biblio"":"""",""quote"":""ὦκα δὲ Ἶρις""},{""biblio"":""Il. | 23.198"",""quote"":""ὦκα δὲ Ἶρις Il. 23.198""},{""biblio"":"""",""quote"":""ἴριδος""},{""biblio"":""Thphr. | CP | 6.11.13"",""quote"":""ἴριδος Thphr. CP 6.11.13""},{""biblio"":"""",""quote"":""ἴριδα""},{""biblio"":""Nic. | Al. | 406"",""quote"":""ἴριδα Nic. Al. 406""},{""biblio"":"""",""quote"":""δράκοντες . . , ἴρισσιν ἐοικότες, ἅς τε Κρονίων ἐν νέφεϊ στήριξε, τέρας μερόπων ἀνθρώπων""},{""biblio"":""Il. | 11.27"",""quote"":""δράκοντες . . , ἴρισσιν ἐοικότες, ἅς τε Κρονίων ἐν νέφεϊ στήριξε, τέρας μερόπων ἀνθρώπων Il. 11.27""},{""biblio"":"""",""quote"":""εὐάνθεμον ἶριν""},{""biblio"":""AP | 4.1.9"",""quote"":""εὐάνθεμον ἶριν AP 4.1.9""},{""biblio"":"""",""quote"":""τὸ ἄνθος πολλὰς ἔχει ἐν αὑτῷ ποικιλίας""},{""biblio"":""Arist. | Col. | 796b26"",""quote"":""τὸ ἄνθος πολλὰς ἔχει ἐν αὑτῷ ποικιλίας Arist. Col. 796b26""},{""biblio"":"""",""quote"":""ἶρις Ἰλλυρική""},{""biblio"":""Dsc. | 1.1"",""quote"":""ἶρις Ἰλλυρική Dsc. 1.1""}]","[""AP | 4.1.9"",""Arist. | Col. | 796b26"",""Dsc. | 1.1"",""Il. | 11.27"",""Il. | 2.786"",""Il. | 23.198"",""Nic. | Al. | 406"",""Thphr. | CP | 6.11.13""]",{},[],1,1,0,1,0,6,13,0,16
50895,10,1252,n50895,ἰριώδης,,,834,,"[""like the rainbow, Arist. Mete. 374a28 .""]","[""like the rainbow""]",[],[],[],{},[],1,1,0,0,0,1,1,0,0
50896,10,1253,n50896,ἰρμοφόρος,,ὁ,834,,"[""sack-bearer, Schwyzer 230 (vi B.C.).""]","[""sack-bearer,""]",[],[],[],{},[],1,1,0,0,0,1,1,0,0
50897,10,1254,n50897,ἱρο-,,,834,,"[""ἱρο-, Ion. and Ep. contr. for ἱερο-.""]",[],[],[],[],{},[],1,0,0,0,0,1,0,0,0
50898,10,1255,n50898,ἱροδρόμος,,ὁ,834,,"[""ἱροδρόμος,ὁ, poet. for ἱεροδρ-(q.v.).""]",[],[],[],[],{},[],1,0,0,0,0,1,0,0,0
50899,10,1256,n50899,ἱρόν,,τό,834,,"[""v. ἱερουργία .""]",[],[],[],[],{},"[{""type"":""ref"",""target"":"""",""text"":""ἱερουργία""},{""type"":"""",""target"":"""",""text"":""v. ἱερουργία""}]",1,0,0,0,1,1,0,0,0
50900,10,1257,n50900,ἱροπόλος,,ὁ,834,,"[""priest or priestess, IG 3.736 , 5(2).461 (Megalop.).""]","[""priest"",""priestess,""]",[],[],[],{},[],1,1,0,0,0,1,2,0,0
50901,10,1258,n50901,ἱρός,,,834,,"[""v. ἱερός sub fin.:ἶρος, Aeol. for ἱερός.""]",[],[],[],[],{},"[{""type"":""ref"",""target"":"""",""text"":""ἱερός""},{""type"":"""",""target"":"""",""text"":""v. ἱερός""}]",1,0,0,0,1,1,0,0,0
50902,10,1259,n50902,Ἶρος,,ὁ,834,,"[""an Irus, i.e.a beggar, Lib. Or. 18.140 : pl., Ἶροι Luc. Nav. 24 .""]","[""an Irus"",""a beggar""]",[],"[{""biblio"":"""",""quote"":""Ἶροι""},{""biblio"":""Luc. | Nav. | 24"",""quote"":""Ἶροι Luc. Nav. 24""}]","[""Luc. | Nav. | 24""]",{},[],1,1,0,1,0,1,2,0,2
50903,10,1260,n50903,ἱρο-φάντης,,ὁ,834,,"[""ἱρο-φάντης,ὁ, Ion. for ἱεροφ-.""]",[],[],[],[],{},[],1,0,0,0,0,1,0,0,0
50904,10,1261,n50904,ἱρό-χθων,,ὁ,834,,"[""of sacred earth, βῶλος IG 14.1389i i 27 .""]","[""of sacred earth""]",[],"[{""biblio"":"""",""quote"":""βῶλος""},{""biblio"":""IG | 14.1389i"",""quote"":""βῶλος IG 14.1389i""}]","[""IG | 14.1389i""]",{},[],1,1,0,1,0,1,1,0,2
50905,10,1262,n50905,ἰρών,,ὁ,834,,"[""region, dub. word in Inscr.Cypr. 135.8 , 31 H. (where toironi may be τοῖ οἰρῶνι; v. οἰρών ).""]","[""region"",""toironi""]",[],[],[],{},"[{""type"":""ref"",""target"":"""",""text"":""οἰρών""},{""type"":"""",""target"":"""",""text"":""v. οἰρών""}]",1,1,0,0,1,1,2,0,0
50906,10,1263,n50906,ἱρωστί,,,834,,"[""in sacred fashion, Anacr. 149 .""]","[""in sacred fashion""]",[],[],[],{},[],1,1,0,0,0,1,1,0,0
50907,10,1264,n50907,ἱρωσύνη,,ἡ,834,,"[""priesthood,v.l. in Hdt. 4.161 .""]","[""priesthood""]",[],[],[],{},[],1,1,0,0,0,1,1,0,0
50908,10,1265,n50908,ἴς,,ἡ,834,,"[""ἴνεσι Il. 23.191 , also ἰσίν Sor. (v. infr.), Suid. s.v. ἶνες , cj. Nauck for εἰσίν in A. Fr. 229 :—sinew, tendon, sg. once in Hom. , ὡς δ' ὅτ' ἂν . . ἀνὴρ . . ἶνα τάμῃ διὰ πᾶσαν Il. 17.522 : usu. in pl.,sinews, οὐ γὰρ ἔτι σάρκας τε καὶ ὀστέα ἲνες ἔχουσιν Od. 11.219 , cf. Il. 23.191 ; ἶνες ἄρθρων Ar. Pax 86 , cf. Archil. 138 ;ἶνες αὐτὸ μόνον καὶ λεπτὴ δορά, of a person wasted by disease, Ph. 2.432 ;δοράς, σάρκας, ἶνας ib. 527 : metaph., Τρωίας ἶνας ἐκταμὼν δορί Pi. I. 8(7).57 ."",""later,the fibrous vessels in the muscles, Pl. Ti. 84a , Arist. HA 515b27 , al.; in blood,fibrine, Id. PA 650b14 , cf. Pl. Ti. 82c , Meno Iatr. 17.34 : metaph., of metals, Plu. 2.434b ."",""rib in the leaves of plants, Thphr. HP 3.12.7 (sg.)."",""strip of papyrus, ταῖς τῶν χαρτῶν ἰσίν Sor. 1.13 : sg., Gal. 10.1000 ."",""λεπτὴ ἴς a small fibre of papyrus, Id. 17(1).795 .""]","[""sinew, tendon"",""sinews"",""the fibrous vessels in the muscles"",""fibrine"",""rib"",""strip"",""fibre""]",[],"[{""biblio"":"""",""quote"":""ἴνεσι""},{""biblio"":""Il. | 23.191"",""quote"":""ἴνεσι Il. 23.191""},{""biblio"":"""",""quote"":""ἰσίν""},{""biblio"":""Sor."",""quote"":""ἰσίν Sor.""},{""biblio"":"""",""quote"":""ὡς δ' ὅτ' ἂν . . ἀνὴρ . . ἶνα τάμῃ διὰ πᾶσαν""},{""biblio"":""Il. | 17.522"",""quote"":""ὡς δ' ὅτ' ἂν . . ἀνὴρ . . ἶνα τάμῃ διὰ πᾶσαν Il. 17.522""},{""biblio"":"""",""quote"":""οὐ γὰρ ἔτι σάρκας τε καὶ ὀστέα ἲνες ἔχουσιν""},{""biblio"":""Od. | 11.219"",""quote"":""οὐ γὰρ ἔτι σάρκας τε καὶ ὀστέα ἲνες ἔχουσιν Od. 11.219""},{""biblio"":"""",""quote"":""ἶνες ἄρθρων""},{""biblio"":""Ar. | Pax | 86"",""quote"":""ἶνες ἄρθρων Ar. Pax 86""},{""biblio"":"""",""quote"":""Τρωίας ἶνας ἐκταμὼν δορί""},{""biblio"":""Pi. | I. | 8(7).57"",""quote"":""Τρωίας ἶνας ἐκταμὼν δορί Pi. I. 8(7).57""},{""biblio"":"""",""quote"":""ταῖς τῶν χαρτῶν ἰσίν""},{""biblio"":""Sor. | 1.13"",""quote"":""ταῖς τῶν χαρτῶν ἰσίν Sor. 1.13""}]","[""Ar. | Pax | 86"",""Il. | 17.522"",""Il. | 23.191"",""Od. | 11.219"",""Pi. | I. | 8(7).57"",""Sor."",""Sor. | 1.13""]",{},"[{""type"":""ref"",""target"":"""",""text"":""ἶνες""},{""type"":"""",""target"":"""",""text"":""s.v. ἶνες""}]",1,1,0,1,1,5,7,0,14
50909,10,1266,n50909,ἴς,,ἡ,834,,"[""strength, force, of persons, ἀλλ' ἄρα καὶ ἲς ἐσθλή Il. 12.320 ; ἐπέρεισε δὲ ἶν' ἀπέλεθρον 7.269 ; ἤ μοι ἔτ' ἐστὶν ἴς, οἵη πάρος . . Od. 21.283 , cf. 11.393 , 18.3 : freq. in periphr.,ἱερὴ ἲς Τηλεμάχοιο the strong Telemachus, 2.409 ; κρατερὴ ἲς Ὀδυσῆος Il. 23.720 ; ἲς Ἡρακλῆος Hes. Th. 951 ; and in twofold periphr.,ἲς βίης Ἡρακληείης ib. 332 ; also of things,ἲς ἀνέμου or ἀνέμοιο, Il. 15.383 , 17.739 , Od. 9.71 ; ἲς ποταμοῖο Il. 21.356 ;κράται' ἴς was read by Ptol.Asc.in Od. 11.597 ; v. κρατύς. (ϝῑ-, cf.γίς: ἰσχύς, Hsch. , pr. n. ϝιφιάδας IG 7.3172.70 , Lat.vis, vim; prob. cogn. with ἵεμαι but not with ἴς(A).)""]","[""strength, force"",""strong"",""vis, vim""]",[],"[{""biblio"":"""",""quote"":""ἀλλ' ἄρα καὶ ἲς ἐσθλή""},{""biblio"":""Il. | 12.320"",""quote"":""ἀλλ' ἄρα καὶ ἲς ἐσθλή Il. 12.320""},{""biblio"":"""",""quote"":""ἐπέρεισε δὲ ἶν' ἀπέλεθρον""},{""biblio"":""7.269"",""quote"":""ἐπέρεισε δὲ ἶν' ἀπέλεθρον 7.269""},{""biblio"":"""",""quote"":""ἤ μοι ἔτ' ἐστὶν ἴς, οἵη πάρος . .""},{""biblio"":""Od. | 21.283"",""quote"":""ἤ μοι ἔτ' ἐστὶν ἴς, οἵη πάρος . . Od. 21.283""},{""biblio"":"""",""quote"":""κρατερὴ ἲς Ὀδυσῆος""},{""biblio"":""Il. | 23.720"",""quote"":""κρατερὴ ἲς Ὀδυσῆος Il. 23.720""},{""biblio"":"""",""quote"":""ἲς Ἡρακλῆος""},{""biblio"":""Hes. | Th. | 951"",""quote"":""ἲς Ἡρακλῆος Hes. Th. 951""},{""biblio"":"""",""quote"":""ἲς ποταμοῖο""},{""biblio"":""Il. | 21.356"",""quote"":""ἲς ποταμοῖο Il. 21.356""},{""biblio"":"""",""quote"":""ϝιφιάδας""},{""biblio"":""IG | 7.3172.70"",""quote"":""ϝιφιάδας IG 7.3172.70""}]","[""7.269"",""Hes. | Th. | 951"",""IG | 7.3172.70"",""Il. | 12.320"",""Il. | 21.356"",""Il. | 23.720"",""Od. | 21.283""]",{},"[{""type"":""ref"",""target"":"""",""text"":""κρατύς.""},{""type"":"""",""target"":"""",""text"":""v. κρατύς.""}]",1,1,0,1,1,1,3,0,14
50910,10,1267,n50910,ἰσ-άγγελος,,,834,,"[""like an angel, Ev.Luc. 20.36 , Hierocl. in CA 4p.425M.""]","[""like an angel,""]",[],[],[],{},[],1,1,0,0,0,1,1,0,0
50911,10,1268,n50911,ἰσ-άδελφος,,,834,,"[""like a brother, of Pylades, E. Or. 1015 (anap.); εὔνοια IPE 12.359 .""]","[""like a brother""]",[],"[{""biblio"":"""",""quote"":""εὔνοια""},{""biblio"":""IPE | 12.359"",""quote"":""εὔνοια IPE 12.359""}]","[""IPE | 12.359""]",{},[],1,1,0,1,0,1,1,0,2
50912,10,1269,n50912,ἰσ-άζω,,,834,,"[""ἰσασθήσομαι Arist. EE 1243b31 :aor. 1 ἰσάσθην Id. EN 1133a14 :pf. ἴσασμαι ib. b5 : (ἴσος):— make equal, balance, of a person holding scales, σταθμὸν . . καὶ εἴριον . . ἀνέλκει ἰσάζους' Il. 12.435 ;ἰ. τὰς κτήσεις to equalize them, Arist. Pol. 1265a38 ; ἰ. τὸ ἄνισον Id. EN 1132a7 ;τὴν φιλίαν ib. 1163b33 :— Med. ,make oneself equal to another,οὕνεκ' ἄρα Λητοῖ ἰσάσκετο(sc.Νιόβη) Il. 24.607 :— Pass. ,to be made or to be equal, θεοῖς Pl. Ti. 41c : abs., Arist. EN 1133a14 , al.; μήκει ποδὸς ἴχνος ἰσάζεται Nic. Th. 286 ; δίστιχα ψήφοισιν ἰσάζεται AP 9.356 ( Leon. )."",""intr. in Act. ,to be equal, Pl. Lg. 773a , Arist. EN 1154b24 ; ἀλλήλοις Id. Pol. 1304a39 ."",""to be even, normal, Hp. Morb. 4.49 . [ῑ in Hom. ;ῐ in Nic. Th. 286 , 886 .]""]","[""make equal, balance"",""to equalize"",""make oneself equal to another"",""to be made"",""to be equal"",""to be equal"",""to be even, normal""]","[""ἴσος""]","[{""biblio"":"""",""quote"":""ἰσασθήσομαι""},{""biblio"":""Arist. | EE | 1243b31"",""quote"":""ἰσασθήσομαι Arist. EE 1243b31""},{""biblio"":"""",""quote"":""ἰσάσθην""},{""biblio"":""Id. | EN | 1133a14"",""quote"":""ἰσάσθην Id. EN 1133a14""},{""biblio"":"""",""quote"":""σταθμὸν . . καὶ εἴριον . . ἀνέλκει ἰσάζους'""},{""biblio"":""Il. | 12.435"",""quote"":""σταθμὸν . . καὶ εἴριον . . ἀνέλκει ἰσάζους' Il. 12.435""},{""biblio"":"""",""quote"":""ἰ. τὸ ἄνισον""},{""biblio"":""Id. | EN | 1132a7"",""quote"":""ἰ. τὸ ἄνισον Id. EN 1132a7""},{""biblio"":"""",""quote"":""θεοῖς""},{""biblio"":""Pl. | Ti. | 41c"",""quote"":""θεοῖς Pl. Ti. 41c""},{""biblio"":"""",""quote"":""μήκει ποδὸς ἴχνος ἰσάζεται""},{""biblio"":""Nic. | Th. | 286"",""quote"":""μήκει ποδὸς ἴχνος ἰσάζεται Nic. Th. 286""},{""biblio"":"""",""quote"":""δίστιχα ψήφοισιν ἰσάζεται""},{""biblio"":""AP | 9.356"",""quote"":""δίστιχα ψήφοισιν ἰσάζεται AP 9.356""},{""biblio"":"""",""quote"":""ἀλλήλοις""},{""biblio"":""Id. | Pol. | 1304a39"",""quote"":""ἀλλήλοις Id. Pol. 1304a39""}]","[""AP | 9.356"",""Arist. | EE | 1243b31"",""Id. | EN | 1132a7"",""Id. | EN | 1133a14"",""Id. | Pol. | 1304a39"",""Il. | 12.435"",""Nic. | Th. | 286"",""Pl. | Ti. | 41c""]",{},[],1,1,1,1,0,3,7,1,16
50913,10,1270,n50913,ἰσ-αθάνᾰτος,,,834,,"[""equal to the Immortals, καρπός Arist. Fr. 675.7 as quoted by Did.in D. ( 6.37 ).""]","[""equal to the Immortals""]",[],"[{""biblio"":"""",""quote"":""καρπός""},{""biblio"":""Arist. | Fr. | 675.7"",""quote"":""καρπός Arist. Fr. 675.7""}]","[""Arist. | Fr. | 675.7""]",{},[],1,1,0,1,0,1,1,0,2
50914,10,1271,n50914,ἰσ-αίομαι,,,834,,"[""resemble, Nic. Al. 399 , Fr. 74.56 ;to be made equal, Arat. 235 , 513 :— Act. ,ἰσαίω is implied in ἰσήι( Boeot. for ἰσαίει): ἰσοῖ, ἰσάζει, Hsch.""]","[""resemble"",""to be made equal""]",[],[],[],{},[],1,1,0,0,0,1,2,0,0
50915,10,1272,n50915,ἰσ-αῖος,,,834,,"[""equality, ἐπ' ἰσαίῃ Call. Jov. 63 , cf. Philostr.Jun. Im. 3 ;τὰ ἰσαῖα(ἰσεα lapis)an equal share, SIG 57.10 (Milet.,v B.C.).""]","[""equality"",""an equal share""]",[],"[{""biblio"":"""",""quote"":""ἐπ' ἰσαίῃ""},{""biblio"":""Call. | Jov. | 63"",""quote"":""ἐπ' ἰσαίῃ Call. Jov. 63""}]","[""Call. | Jov. | 63""]",{},[],1,1,0,1,0,1,2,0,2
50916,10,1273,n50916,ἰσαίτερος,,,834,,"[""v. ἴσος .""]",[],[],[],[],{},"[{""type"":""ref"",""target"":"""",""text"":""ἴσος""},{""type"":"""",""target"":"""",""text"":""v. ἴσος""}]",1,0,0,0,1,1,0,0,0
50917,10,1274,n50917,ἰσάκῐς,Adv.,,834,,"[""the same number of times, as many times, Str. 3.5.8 ;ἰ. πολλαπλάσιος c. gen.,the same multiple of . . , Euc. 7 Def. 21 , al.;ἰ. πολλαπλάσια equimultiples, Id. 5 Def. 5 , al.;ἰ. ἴσος, of a number,equal multiplied by equal, i.e.square, Pl. R. 546c , Tht. 147e , 148a , Euc. 7 Def. 19 , Ph. 1.11 , etc.;ἰ. ἴσος ἰ.equal multiplied by equal multiplied by equal, i.e.cube number, Euc. 7 Def. 20 , etc.""]","[""the same number of times, as many times"",""the same"",""equimultiples"",""equal multiplied by equal"",""square"",""equal multiplied by equal multiplied by equal"",""cube number""]",[],[],[],{},[],1,1,0,0,0,1,7,0,0
50918,10,1275,n50918,ἰσάκτιος,,,834,,"[""ranking with the Actian games, CIG 4472.11 (Laodicea ad Mare).""]","[""ranking with the Actian games""]",[],[],[],{},[],1,1,0,0,0,1,1,0,0
50919,10,1276,n50919,ἰσᾱμέριος,,,834,,"[""lasting an equal time, φύλλοις αἰγείρου S. Fr. 593.2 .""]","[""lasting an equal time""]",[],"[{""biblio"":"""",""quote"":""φύλλοις αἰγείρου""},{""biblio"":""S. | Fr. | 593.2"",""quote"":""φύλλοις αἰγείρου S. Fr. 593.2""}]","[""S. | Fr. | 593.2""]",{},[],1,1,0,1,0,1,1,0,2
50920,10,1277,n50920,ἴσᾱμι,,,834,,"[""v. Εἴδω (B), and add: ἴσᾱμι Theoc. 5.119 ;ἴσαις(2 sg.) Id. 14.34 ; ἴσᾱτι Id. 15.146 ;ἴσᾰτε Periand. ap. D.L. 1.99 ; ἴσαντι Theoc. 15.64 ;inf. γισάμεναι(i.e.ϝισ-): εἰδέναι, Hsch. ; Arc. ἰσάμεν(ισμεν lapis), IG 5(2).357.12 ;3 pl. subj. ἴσαντι Schwyzer 190 (Cretan).""]",[],[],"[{""biblio"":"""",""quote"":""ἴσᾱμι""},{""biblio"":""Theoc. | 5.119"",""quote"":""ἴσᾱμι Theoc. 5.119""},{""biblio"":"""",""quote"":""ἴσᾱτι""},{""biblio"":""Id. | 15.146"",""quote"":""ἴσᾱτι Id. 15.146""},{""biblio"":"""",""quote"":""ἴσαντι""},{""biblio"":""Theoc. | 15.64"",""quote"":""ἴσαντι Theoc. 15.64""},{""biblio"":"""",""quote"":""ἴσαντι""},{""biblio"":""Schwyzer | 190"",""quote"":""ἴσαντι Schwyzer 190""}]","[""Id. | 15.146"",""Schwyzer | 190"",""Theoc. | 15.64"",""Theoc. | 5.119""]",{},"[{""type"":""ref"",""target"":"""",""text"":""Εἴδω""},{""type"":"""",""target"":"""",""text"":""v. Εἴδω""}]",1,0,0,1,1,1,0,0,8
50921,10,1278,n50921,ἰσ-άμιλλος,Adv.,,834,,"[""equal in the race: neut. pl. as Adv., ἰσάμιλλα δραμεῖν τινι AP 9.311 ( Phil. ).""]","[""equal in the race""]",[],"[{""biblio"":"""",""quote"":""ἰσάμιλλα δραμεῖν τινι""},{""biblio"":""AP | 9.311"",""quote"":""ἰσάμιλλα δραμεῖν τινι AP 9.311""}]","[""AP | 9.311""]",{},[],1,1,0,1,0,1,1,0,2
50922,10,1279,n50922,ἰσ-άμμορος:,,,834,,"[""ἰσ-άμμορος: δύσμορος, Hsch. (leg.κάμμορος).""]",[],[],[],[],{},[],1,0,0,0,0,1,0,0,0
50923,10,1280,n50923,ἴσαν,,,834,,"[""they went,3 pl. impf. Ep. of εἶμι(ibo), Hom."",""they knew,3 pl. plpf. Ep. of οἶδα, Il. 18.405 , Od. 4.772 .""]","[""they went"",""ibo"",""they knew""]",[],[],[],{},[],1,1,0,0,0,2,3,0,0
50924,10,1281,n50924,ἰσάναν:,,,834,,"[""ἰσάναν: ἰσάνιον, ῥητίνην, Hsch.""]",[],[],[],[],{},[],1,0,0,0,0,1,0,0,0
50925,10,1282,n50925,ἰσ-ανάτολος,,,834,,"[""taking the same time to rise, ζῴδια Vett.Val. 142.27 :—also ἰσ-ανάφορος,ον, ibid., cf. Paul.Al. E. 4 , S. 2 .""]","[""taking the same time to rise""]",[],"[{""biblio"":"""",""quote"":""ζῴδια""},{""biblio"":""Vett.Val. | 142.27"",""quote"":""ζῴδια Vett.Val. 142.27""}]","[""Vett.Val. | 142.27""]",{},[],1,1,0,1,0,1,1,0,2
50926,10,1283,n50926,ἴσ-ανδρος,,,834,,"[""like a man, Hsch.""]","[""like a man""]","[""ἀνήρ""]",[],[],{},[],1,1,1,0,0,1,1,1,0
50927,10,1284,n50927,ἰσ-άνεμος,,,834,,"[""swift as the wind, E. IA 206 (lyr.).""]","[""swift as the wind""]",[],[],[],{},[],1,1,0,0,0,1,1,0,0
50928,10,1285,n50928,ἰσ-άξιος,Adv.,,834,,"[""of equal worth, Porph. Abst. 2.55 ; τῷ Διί Procl. in Cra. p.50 P.; τοῖς θεοῖς Iamb. Myst. 3.21 ;adequate, πρός τι Dam. Pr. 43 , cf. 28 .Adv. -ίως Iamb. Myst. 9.7 .""]","[""of equal worth"",""adequate""]",[],"[{""biblio"":"""",""quote"":""τῷ Διί""},{""biblio"":""Procl. | in Cra. | p.50"",""quote"":""τῷ Διί Procl. in Cra. p.50""},{""biblio"":"""",""quote"":""τοῖς θεοῖς""},{""biblio"":""Iamb. | Myst. | 3.21"",""quote"":""τοῖς θεοῖς Iamb. Myst. 3.21""},{""biblio"":"""",""quote"":""πρός τι""},{""biblio"":""Dam. | Pr. | 43"",""quote"":""πρός τι Dam. Pr. 43""},{""biblio"":"""",""quote"":""-ίως""},{""biblio"":""Iamb. | Myst. | 9.7"",""quote"":""-ίως Iamb. Myst. 9.7""}]","[""Dam. | Pr. | 43"",""Iamb. | Myst. | 3.21"",""Iamb. | Myst. | 9.7"",""Procl. | in Cra. | p.50""]",{},[],1,1,0,1,0,1,2,0,8
50929,10,1286,n50929,ἰσ-άργῠρος,,,834,,"[""worth its weight in silver, πορφυρᾶς ἰ. κηκῖδα A. Ag. 959 , cf. Achae. 5 , Ephipp. 21.4 .""]","[""worth its weight in silver""]",[],"[{""biblio"":"""",""quote"":""πορφυρᾶς ἰ. κηκῖδα""},{""biblio"":""A. | Ag. | 959"",""quote"":""πορφυρᾶς ἰ. κηκῖδα A. Ag. 959""}]","[""A. | Ag. | 959""]",{},[],1,1,0,1,0,1,1,0,2
50930,10,1287,n50930,ἰσ-ᾰριθμέω,,,834,,"[""to be equal in number,τινι Tz. H. 1.939 .""]","[""to be equal in number""]",[],[],[],{},[],1,1,0,0,0,1,1,0,0
50931,10,1288,n50931,ἰσ-ᾰρίθμιος,,,834,,"[""Μουσῶν IG 14.1747 .""]",[],[],"[{""biblio"":"""",""quote"":""Μουσῶν""},{""biblio"":""IG | 14.1747"",""quote"":""Μουσῶν IG 14.1747""}]","[""IG | 14.1747""]",{},[],1,0,0,1,0,1,0,0,2
50932,10,1289,n50932,ἰσ-άριθμος,Adv.,,834,,"[""equal in number with, ψυχαὶ ἰ, τοῖς ἄστροις Pl. Ti. 41d , cf. Lg. 845a , Arist. EN 1156a7 , al., Call. Del. 175 , Puchstein Epigr.Gr. p.9 ;εἰσαρίθμοις ἔπεσι,=ἰσοψήφοις, IG 5(1).257 (Laconia): poet.ἰσήριθμος, AP 6.84 (Paul. Sil.), 328 ( Leon. ), Lyc. 1258 .Adv. ἰσάριθμως Gal. 19.469 , Them. Or. 33.367b ."",""Gramm.,of the same grammatical number, A.D. Synt. 170.13 .Adv. -μως ib. 143.9 .""]","[""equal in number with"",""of the same grammatical number""]",[],"[{""biblio"":"""",""quote"":""ψυχαὶ ἰ, τοῖς ἄστροις""},{""biblio"":""Pl. | Ti. | 41d"",""quote"":""ψυχαὶ ἰ, τοῖς ἄστροις Pl. Ti. 41d""},{""biblio"":"""",""quote"":""ἰσάριθμως""},{""biblio"":""Gal. | 19.469"",""quote"":""ἰσάριθμως Gal. 19.469""}]","[""Gal. | 19.469"",""Pl. | Ti. | 41d""]",{},[],1,1,0,1,0,2,2,0,4
50933,10,1290,n50933,ἰσ-άρχαιος,,,834,,"[""equally ancient, Choerob. in Theod. 2.55 .""]","[""equally ancient""]",[],[],[],{},[],1,1,0,0,0,1,1,0,0
50934,10,1291,n50934,ἰσ-άρχων,,ὁ,834,,"[""equitable ruler, POxy. 41.12 , 28 (iii/iv A.D.).""]","[""equitable ruler,""]",[],[],[],{},[],1,1,0,0,0,1,1,0,0
50935,10,1292,n50935,ἰσάσκετο,,,834,,"[""ἰσάσκετο [ῑ], Ep. 3 sg. impf. Med. of ἰσάζω, Il. 24.607 .""]",[],[],[],[],{},[],1,0,0,0,0,1,0,0,0
50936,10,1293,n50936,ἰσασμός,,ὁ,834,,"[""equalization, Epicur. Nat. 15.21 (pl.).""]","[""equalization""]",[],[],[],{},[],1,1,0,0,0,1,1,0,0
50937,10,1294,n50937,ἰσάστερος,,,834,,"[""like a star, bright as a star, LXX 4 Ma. 17.5 .""]","[""like a star, bright as a star""]",[],[],[],{},[],1,1,0,0,0,1,1,0,0
50938,10,1295,n50938,ἰσαστικός,,,834,,"[""equalizing, handicapped,στάθμη, in a race, Eust. 1023.5 .""]","[""equalizing, handicapped""]",[],[],[],{},[],1,1,0,0,0,1,1,0,0
50939,10,1296,n50939,ἰσάτις,,ἡ,834,,"[""-ιος Hp. Aff. 38 , -εως POxy. 101.12 ):ἡ:—a plant producing a dark blue dye,woad, Lat.Isatis tinctoria, Hp. ll.cc., Thphr. Sens. 77 , Dsc. 2.184 , Plin. HN 20.59 .""]","[""woad"",""Isatis tinctoria""]",[],"[{""biblio"":"""",""quote"":""-ιος""},{""biblio"":""Hp. | Aff. | 38"",""quote"":""-ιος Hp. Aff. 38""},{""biblio"":"""",""quote"":""-εως""},{""biblio"":""POxy. | 101.12"",""quote"":""-εως POxy. 101.12""}]","[""Hp. | Aff. | 38"",""POxy. | 101.12""]",{},[],1,1,0,1,0,1,2,0,4
50940,10,1297,n50940,ἰσατώδης,,,834,,"[""like woad, Hp. Epid. 4.45 , 2.3.1 ; χολή Aret. CD 1.15 .""]","[""like woad""]",[],"[{""biblio"":"""",""quote"":""χολή""},{""biblio"":""Aret. | CD | 1.15"",""quote"":""χολή Aret. CD 1.15""}]","[""Aret. | CD | 1.15""]",{},[],1,1,0,1,0,1,1,0,2
50941,10,1298,n50941,ἰσαύδης,,,834,,"[""of the same name, Theoc. Syrinx 9 .""]","[""of the same name""]","[""αὐδή""]",[],[],{},[],1,1,1,0,0,1,1,1,0
50942,10,1299,n50942,ἰσᾰχῶς,Adv.,,834,,"[""in the same number of ways, Arist. Metaph. 1013a16 , al.;παρακολουθεῖν ἰ. τινί ib. 1054a14 ;τἀγαθὸν ἰ. λέγεται τῷ ὄντι in as many ways as, Id. EN 1096a23 .""]","[""in the same number of ways"",""in as many ways as""]","[""ἴσος""]",[],[],{},[],1,1,1,0,0,1,2,1,0
50943,10,1300,n50943,ἰσγίνη,,,834,,"[""v. ὕσγινον .""]",[],[],[],[],{},"[{""type"":""ref"",""target"":"""",""text"":""ὕσγινον""},{""type"":"""",""target"":"""",""text"":""v. ὕσγινον""}]",1,0,0,0,1,1,0,0,0
50944,10,1301,n50944,Ἰσεῖα,,τά,834,,"[""v. Ἰσιεῖα, Ἰσιεῖον .""]",[],[],[],[],{},"[{""type"":""ref"",""target"":"""",""text"":""Ἰσιεῖα, Ἰσιεῖον""},{""type"":"""",""target"":"""",""text"":""v. Ἰσιεῖα, Ἰσιεῖον""}]",1,0,0,0,1,1,0,0,0
50945,10,1302,n50945,ἰσεννύω,,,834,,"[""to be of an intermediate age, ἰσεννύουσαι Hp. Mul. 2.111 (so Gal. 19.106 ; ἴσαι νῦν ἐουσαι Hp. codd.;ἴσενοι ἐοῦσαι cj. Schneider (cf.ἔνος)).""]","[""to be of an intermediate age""]",[],"[{""biblio"":"""",""quote"":""ἰσεννύουσαι""},{""biblio"":""Hp. | Mul. | 2.111"",""quote"":""ἰσεννύουσαι Hp. Mul. 2.111""},{""biblio"":"""",""quote"":""ἴσαι νῦν ἐουσαι""},{""biblio"":""Hp."",""quote"":""ἴσαι νῦν ἐουσαι Hp.""}]","[""Hp."",""Hp. | Mul. | 2.111""]",{},[],1,1,0,1,0,1,1,0,4
50946,10,1303,n50946,ἰσήβας,,ὁ,834,,"[""= ἰσῆλιξ , Tim. Pers. 226 .""]",[],[],[],[],{},"[{""type"":""ref"",""target"":"""",""text"":""ἰσῆλιξ""},{""type"":"""",""target"":"""",""text"":""= ἰσῆλιξ""}]",1,0,0,0,1,1,0,0,0
50947,10,1304,n50947,ἰσηγορ-έομαι,,,834,,"[""speak as an equal,v.l. in LXX Si. 13.11 :— Act. ἰσηγορ-έω, Sch.D Il. 1.187 , Hsch. , Phot.""]","[""speak as an equal""]",[],[],[],{},[],1,1,0,0,0,1,1,0,0
50948,10,1305,n50948,ἰσηγορ-ία,,ἡ,834,,"[""equal right of speech, and generally,political equality, Hdt. 5.78 , Eup. 291 , X. Cyr. 1.3.10 , Zeno Stoic. 1.54 , Phld. Hom. p.20O. , etc.; ἰ. καὶ ἐλευθερία D. 21.124 ; ἰ. καὶ παρρησία Jul. Or. 1.17b .""]","[""equal right of speech"",""political equality""]",[],"[{""biblio"":"""",""quote"":""ἰ. καὶ ἐλευθερία""},{""biblio"":""D. | 21.124"",""quote"":""ἰ. καὶ ἐλευθερία D. 21.124""},{""biblio"":"""",""quote"":""ἰ. καὶ παρρησία""},{""biblio"":""Jul. | Or. | 1.17b"",""quote"":""ἰ. καὶ παρρησία Jul. Or. 1.17b""}]","[""D. | 21.124"",""Jul. | Or. | 1.17b""]",{},[],1,1,0,1,0,1,2,0,4
50949,10,1306,n50949,ἰσήγορ-ος,,,834,,"[""enjoying equal right of speech, freedom of speech, Poll. 6.174 .""]","[""enjoying equal right of speech, freedom of speech""]",[],[],[],{},[],1,1,0,0,0,1,1,0,0
50950,10,1307,n50950,ἰσ-ήλῐκος,,,834,,"[""equal in magnitude, τάφρος Ph. Bel. 91.21 ;equal in age, Procl. in Prm. p.944S. , al., Dam. Pr. 316 .""]","[""equal in magnitude"",""equal in age""]",[],"[{""biblio"":"""",""quote"":""τάφρος""},{""biblio"":""Ph. | Bel. | 91.21"",""quote"":""τάφρος Ph. Bel. 91.21""}]","[""Ph. | Bel. | 91.21""]",{},[],1,1,0,1,0,1,2,0,2
50951,10,1308,n50951,ἰσ-ῆλιξ,,ὁ,834,,"[""of the same age with,τινι X. Smp. 8.1 , Com.Adesp. 874 : c. gen., ἰ. χρόνος κόσμου Ph. 1.6 : abs., Id. 2.303 .""]","[""of the same age with""]",[],"[{""biblio"":"""",""quote"":""ἰ. χρόνος κόσμου""},{""biblio"":""Ph. | 1.6"",""quote"":""ἰ. χρόνος κόσμου Ph. 1.6""}]","[""Ph. | 1.6""]",{},[],1,1,0,1,0,1,1,0,2
50952,10,1309,n50952,ἰσ-ημερία,,ἡ,834,837,"[""equinox,ἰ. ἐαρινή, μετοπωρινή, ὀπωρινή, Arist. Mete. 364b1 , 2 , 371b30 ;φθινοπωρινή Id. HA 570b14 , etc.: in pl., Hp. Aër. 11 , Pl. Ax. 370c , Porph. Antr. 24 .""]","[""equinox"",""Aër.""]",[],[],[],{},[],1,1,0,0,0,1,2,0,0
50953,10,1310,n50953,ἰσ-ημερινός,,,834,,"[""equinoctial,ἀνατολή, δυσμή, Arist. Mete. 363a34 , b1 , cf. Str. 2.1.11 ; σκιά Hipparch. 1.3.6 , cf. Str. 2.1.20 ; ζῴδιον Ptol. Tetr. 31 ;ὧραι standard hours (opp.καιρικός, q.v.), each= 1 / 24 of the νυχθήμερον, Hipparch. 1.1.10 , Ptol. Alm. 2.9 , Gal. 10.479 , etc.;πυρὸς ἰ. wheat sown at that time, Thphr. CP 4.11.4 ;ὁ ἰ. κύκλος celestial equator, Arist. Mete. 345a3 , Euc. Phaen. p.4M. , Plu. 2.429f , etc.;ὁ ἰ. (sc.κύκλος), Hipparch. 1.10.22 , Str. 1.1.21 , etc.; ἁψίς Jul. Or. 5.168c ;ἰ. χρόνοι time-degrees [each= 4 time-minutes]of the equator, Ptol. Alm. 1.16 .""]","[""equinoctial"",""standard"",""sown at that time"",""celestial equator"",""of the equator""]",[],"[{""biblio"":"""",""quote"":""σκιά""},{""biblio"":""Hipparch. | 1.3.6"",""quote"":""σκιά Hipparch. 1.3.6""},{""biblio"":"""",""quote"":""ζῴδιον""},{""biblio"":""Ptol. | Tetr. | 31"",""quote"":""ζῴδιον Ptol. Tetr. 31""},{""biblio"":"""",""quote"":""ἁψίς""},{""biblio"":""Jul. | Or. | 5.168c"",""quote"":""ἁψίς Jul. Or. 5.168c""}]","[""Hipparch. | 1.3.6"",""Jul. | Or. | 5.168c"",""Ptol. | Tetr. | 31""]",{},[],1,1,0,1,0,1,5,0,6
50954,10,1311,n50954,ἰσημέριον,,τό,834,,"[""aequinoctium, Gloss.""]","[""aequinoctium,""]",[],[],[],{},[],1,1,0,0,0,1,1,0,0
50955,10,1312,n50955,ἰσήμερος,,,834,,"[""aequidialis, ib.ἰσήμορτεν: ἀπέθανεν, Hsch.""]","[""aequidialis""]",[],[],[],{},[],1,1,0,0,0,1,1,0,0
50956,10,1313,n50956,ἰσήρετμος,,,834,,"[""with as many oars as,τινι E. IA 242 (lyr.).""]","[""with as many oars as""]",[],[],[],{},[],1,1,0,0,0,1,1,0,0
50957,10,1314,n50957,ἰσήρης,,,834,,"[""ἴσος, ἰ. ψῆφοι E. IT 1472 , cf. Nic. Th. 643 [ῑς]: c. dat.,ῥαιβοῖσιν ἰσήρεες [ῐς] ib. 788 .""]",[],[],"[{""biblio"":"""",""quote"":""ἴσος, ἰ. ψῆφοι""},{""biblio"":""E. | IT | 1472"",""quote"":""ἴσος, ἰ. ψῆφοι E. IT 1472""}]","[""E. | IT | 1472""]",{},[],1,0,0,1,0,1,0,0,2
50958,10,1315,n50958,ἰσήριθμος,,,834,,"[""ἰσήριθμος,ον, poet. for ἰσάριθμος.""]",[],[],[],[],{},[],1,0,0,0,0,1,0,0,0
50959,10,1316,n50959,ἴσθι,,,834,,"[""know, imper. of οἶδα."",""ἴσθι,be, imper. of εἰμί.""]","[""know"",""be""]",[],[],[],{},[],1,1,0,0,0,2,2,0,0
50960,10,1317,n50960,ἰσθλῆ,,,834,,"[""v. ἰξαλῆ .""]",[],[],[],[],{},"[{""type"":""ref"",""target"":"""",""text"":""ἰξαλῆ""},{""type"":"""",""target"":"""",""text"":""v. ἰξαλῆ""}]",1,0,0,0,1,1,0,0,0
50961,10,1318,n50961,ἴσθμα,,,834,,"[""= ἄσθμα , and ἰσθμαίνω, = ἀσθμαίνω , Hsch. (also ἰσμ-, Id.).""]",[],[],[],[],{},"[{""type"":""ref"",""target"":"""",""text"":""ἄσθμα""},{""type"":"""",""target"":"""",""text"":""= ἄσθμα""},{""type"":""ref"",""target"":"""",""text"":""ἀσθμαίνω""},{""type"":"""",""target"":"""",""text"":""= ἀσθμαίνω""}]",1,0,0,0,1,1,0,0,0
50962,10,1319,n50962,Ἴσθμ-ια,,τά,834,,"[""v. ἴσθμιον Iv.""]",[],[],[],[],{},"[{""type"":""ref"",""target"":"""",""text"":""ἴσθμιον""},{""type"":"""",""target"":"""",""text"":""v. ἴσθμιον""}]",1,0,0,0,1,1,0,0,0
50963,10,1320,n50963,Ἰσθμ-ιάζω,,,834,,"[""attend the Isthmian games: prov.,to be unhealthy, Suid. , Hsch."",""( ἰσθμός 1 )drink, Phot.""]","[""attend the Isthmian games"",""to be unhealthy"",""drink""]",[],"[{""biblio"":"""",""quote"":""ἰσθμός""},{""biblio"":""1"",""quote"":""ἰσθμός 1""}]","[""1""]",{},[],1,1,0,1,0,2,3,0,2
50964,10,1321,n50964,Ἰσθμ-ιακός,,τά,834,,"[""garlands, Ar. Fr. 491 .""]","[""garlands""]",[],[],[],{},[],1,1,0,0,0,1,1,0,0
50965,10,1322,n50965,Ἰσθμ-ιάς,,,834,,"[""νίκα Pi. I. 8(7).3 ; αἱ Ἰ. σπονδαί Th. 8.9 ."",""ἡ Ἰ. (sc.ἑορτή) the Isthmian festival, Pl.Com. 46.10 : pl.,αἱ Ἰσθμιάδες,=τὰ Ἴσθμια, Pi. O. 13.33 ;a period of two years, between each celebration of the games, Apollod. 2.7.2 .""]","[""Isthmian festival"",""a period of two years""]",[],"[{""biblio"":"""",""quote"":""νίκα""},{""biblio"":""Pi. | I. | 8(7).3"",""quote"":""νίκα Pi. I. 8(7).3""},{""biblio"":"""",""quote"":""αἱ Ἰ. σπονδαί""},{""biblio"":""Th. | 8.9"",""quote"":""αἱ Ἰ. σπονδαί Th. 8.9""}]","[""Pi. | I. | 8(7).3"",""Th. | 8.9""]",{},[],1,1,0,1,0,2,2,0,4
50966,10,1323,n50966,Ἰσθμ-ιαστής,,ὁ,834,,"[""spectator of the Isthmian games:Ἰσθμιασταί,οἱ , title of a play by Aeschylus.""]","[""spectator of the Isthmian games""]",[],[],[],{},[],1,1,0,0,0,1,1,0,0
50967,10,1324,n50967,Ἰσθμ-ικός,,,834,,"[""of the Isthmus,ἀγών, σπονδαί, Str. 8.6.20 , Paus. 5.2.1 .""]","[""of the Isthmus""]",[],[],[],{},[],1,1,0,0,0,1,1,0,0
50968,10,1325,n50968,ἴσθμιον,,τό,834,,"[""anything belonging to the neck or throat, necklace, Od. 18.300 ."",""ἴσθμια,τά ,pharynx, fauces, Hp. Dent. 21 , Nic. Al. 191 , 615 , unless = παρίσθμια ."",""neck of a bottle,ἴσθμιον ἀμφιφορῆος Poet. ap. Suid. ;big-bellied bottle with a long neck, Cypr. word in Pamphil. ap. Ath. 11.472e ; v. ἴσφνιον ."",""curb-stone of a well, Phot. , Moer."",""part of dagger, perh. the guard, Philet. ap. Ath. 15.677c ."",""isthmus, Hsch."",""Ἴσθμια(sc.ἱερά),τά,the Isthmian games, held on the Isthmus of Corinth, Ar. Pax 879 , etc.; Ἴσθμι' ἐνίκα Simon. 153 , cf. IG 12.606 ; Ἴσθμια . . ἐστεφανώθην Simon. 188 ; στέφος Ἴσθμι' ἑλών Id. 158 .""]","[""anything belonging to the neck"",""throat, necklace"",""pharynx, fauces"",""neck of a bottle"",""big-bellied bottle with a long neck"",""curb-stone"",""guard"",""isthmus"",""the Isthmian games""]","[""ἰσθμός""]","[{""biblio"":"""",""quote"":""Ἴσθμι' ἐνίκα""},{""biblio"":""Simon. | 153"",""quote"":""Ἴσθμι' ἐνίκα Simon. 153""},{""biblio"":"""",""quote"":""Ἴσθμια . . ἐστεφανώθην""},{""biblio"":""Simon. | 188"",""quote"":""Ἴσθμια . . ἐστεφανώθην Simon. 188""},{""biblio"":"""",""quote"":""στέφος Ἴσθμι' ἑλών""},{""biblio"":""Id. | 158"",""quote"":""στέφος Ἴσθμι' ἑλών Id. 158""}]","[""Id. | 158"",""Simon. | 153"",""Simon. | 188""]",{},"[{""type"":""ref"",""target"":"""",""text"":""παρίσθμια""},{""type"":"""",""target"":"""",""text"":""= παρίσθμια""},{""type"":""ref"",""target"":"""",""text"":""ἴσφνιον""},{""type"":"""",""target"":"""",""text"":""v. ἴσφνιον""}]",1,1,1,1,1,7,9,1,6
50969,10,1326,n50969,Ἰσθμιονίκης,,ὁ,834,,"[""conqueror in the Isthmian games, B. 9.26 (also Ἴσθμ-νῑκος,ὁ, Id. 1.46 ):Ἰσθμιονῖκαι,οἱ , title of one book of Pindar's odes, A.D. Synt. 156.11 , etc.""]","[""conqueror in the Isthmian games""]",[],[],[],{},[],1,1,0,0,0,1,1,0,0
50970,10,1327,n50970,ἴσθμιος,,,834,,"[""of or belonging to the Isthmus, Isthmian, Ποτειδᾶν Pi. O. 13.4 ; χθών S. OT 940 .""]","[""of"",""belonging to the Isthmus, Isthmian""]",[],"[{""biblio"":"""",""quote"":""Ποτειδᾶν""},{""biblio"":""Pi. | O. | 13.4"",""quote"":""Ποτειδᾶν Pi. O. 13.4""},{""biblio"":"""",""quote"":""χθών""},{""biblio"":""S. | OT | 940"",""quote"":""χθών S. OT 940""}]","[""Pi. | O. | 13.4"",""S. | OT | 940""]",{},[],1,1,0,1,0,1,2,0,4
50971,10,1328,n50971,ἰσθμοειδής,,,834,,"[""like an isthmus, αὐχήν Peripl.M.Eux. 58 .""]","[""like an isthmus""]",[],"[{""biblio"":"""",""quote"":""αὐχήν""},{""biblio"":""Peripl.M.Eux. | 58"",""quote"":""αὐχήν Peripl.M.Eux. 58""}]","[""Peripl.M.Eux. | 58""]",{},[],1,1,0,1,0,1,1,0,2
50972,10,1329,n50972,Ἰσθμ-όθεν,Adv.,,834,,"[""from the Isthmus, AP 9.588 ( Alc. ).""]","[""from the Isthmus,""]",[],[],[],{},[],1,1,0,0,0,1,1,0,0
50973,10,1330,n50973,Ἰσθμ-όθι,Adv.,,834,,"[""on the Isthmus, ib. 6.259 ( Phil. ).""]","[""on the Isthmus""]",[],[],[],{},[],1,1,0,0,0,1,1,0,0
50974,10,1331,n50974,Ἰσθμ-οῖ,,,834,,"[""Ἰσθμός 11.2 , Ar. Fr. 14D. :—usu.on the Isthmus: at the Isthmian games, IG 12.77 , Pi. O. 13.98 , Lys. 19.63 , Timocr. 1.10 ; also ἐν Ἰσθμοῖ Simon. 125 cod. [ Ἱσθ- IG 12.77 , 829 ; Ἰθμοῖ SIG 36 A(Delph.,iv B.C.), but Ἰσθμοῖ ib.B( Olymp. ,v B.C.); cf.Ἰσθμός.]""]","[""on the Isthmus: at the Isthmian games,""]",[],"[{""biblio"":"""",""quote"":""Ἰσθμός""},{""biblio"":""11.2"",""quote"":""Ἰσθμός 11.2""},{""biblio"":"""",""quote"":""ἐν Ἰσθμοῖ""},{""biblio"":""Simon. | 125"",""quote"":""ἐν Ἰσθμοῖ Simon. 125""},{""biblio"":"""",""quote"":""Ἱσθ-""},{""biblio"":""IG | 12.77"",""quote"":""Ἱσθ- IG 12.77""},{""biblio"":"""",""quote"":""Ἰθμοῖ""},{""biblio"":""SIG | 36"",""quote"":""Ἰθμοῖ SIG 36""}]","[""11.2"",""IG | 12.77"",""SIG | 36"",""Simon. | 125""]",{},[],1,1,0,1,0,1,1,0,8
50975,10,1332,n50975,Ἰσθμ-ός,,ἡ,834,,"[""neck, narrow passage, esp. of the body,neck, Emp. 100.19 ; ἰ. καὶ ὅρος τῆς τε κεφαλῆς καὶ τοῦ στήθεος Pl. Ti. 69e : metaph., βίου βραχὺν ἰσθμόν S. Fr. 568 (lyr.)."",""pharynx, fauces, Gal. 18(2).961 , Aret. SA 1.6 ."",""neck of land between two seas,isthmus, ὁ ἰ. τῆς Χερσονήσου Hdt. 6.36 ; of Athos, Id. 7.22 ; Κιμμερικός A. Pr. 729 ; ὁ ἰ. τῆς Παλλήνης Th. 1.56 ;ὁ Λευκαδίων ἰ. Id. 3.81 ."",""Ἰσθμός(also Ἰθμός SIG 507 (Delph.,iii B.C.), cf. foreg.)ὁ(ἡ in Pi. , as O. 7.81 , 8.48 ),the Isthmus of Corinth, Hdt. 8.40 , etc.;Ἰσθμοῦ δειράς, αὐχὴν Ἰσθμοῦ, Pi. I. 1.9 , B. 2.7 ; dat.Ἰσθμῷ prob. f.l. for Ἰσθμοῖ (q.v.) in Th. 5.18 , AP 13.15 ; but ἐν Ἰσθμῷ correctly in Hdt. 9.27 , 81 ."",""narrow ridge, of the Caucasus, between Caspian and Euxine, Arist. Mu. 393b25 , D.P. 20 ."",""of the sea,strait, narrow channel, Inscr.Délos Il.cc., App. Hann. 34 . (Perh.fr.εἶμι(ibo), cf.ἴθμα, εἰσ-ίθμη, and the spellings Ἰθμός(supr.), Ἰθμο-νίκα IG 4.951.10 .)""]","[""neck, narrow passage"",""neck"",""pharynx, fauces"",""neck of land"",""isthmus"",""the Isthmus"",""narrow ridge"",""strait, narrow channel,"",""ibo""]",[],"[{""biblio"":"""",""quote"":""ἰ. καὶ ὅρος τῆς τε κεφαλῆς καὶ τοῦ στήθεος""},{""biblio"":""Pl. | Ti. | 69e"",""quote"":""ἰ. καὶ ὅρος τῆς τε κεφαλῆς καὶ τοῦ στήθεος Pl. Ti. 69e""},{""biblio"":"""",""quote"":""βίου βραχὺν ἰσθμόν""},{""biblio"":""S. | Fr. | 568"",""quote"":""βίου βραχὺν ἰσθμόν S. Fr. 568""},{""biblio"":"""",""quote"":""ὁ ἰ. τῆς Χερσονήσου""},{""biblio"":""Hdt. | 6.36"",""quote"":""ὁ ἰ. τῆς Χερσονήσου Hdt. 6.36""},{""biblio"":"""",""quote"":""Κιμμερικός""},{""biblio"":""A. | Pr. | 729"",""quote"":""Κιμμερικός A. Pr. 729""},{""biblio"":"""",""quote"":""ὁ ἰ. τῆς Παλλήνης""},{""biblio"":""Th. | 1.56"",""quote"":""ὁ ἰ. τῆς Παλλήνης Th. 1.56""},{""biblio"":"""",""quote"":""Ἰθμο-νίκα""},{""biblio"":""IG | 4.951.10"",""quote"":""Ἰθμο-νίκα IG 4.951.10""}]","[""A. | Pr. | 729"",""Hdt. | 6.36"",""IG | 4.951.10"",""Pl. | Ti. | 69e"",""S. | Fr. | 568"",""Th. | 1.56""]",{},"[{""type"":""ref"",""target"":"""",""text"":""Ἰσθμοῖ""},{""type"":"""",""target"":"""",""text"":""f.l. for Ἰσθμοῖ""}]",1,1,0,1,1,6,9,0,12
50976,10,1333,n50976,Ἰσθμ-ώδης,,,834,,"[""Ἰσθμ-ώδης,ες,=ἰσθμοειδής, Th. 7.26 : Sup. , Scymn. 926 .""]",[],[],[],[],{},[],1,0,0,0,0,1,0,0,0
50977,10,1334,n50977,ἴσι:,,,834,,"[""ἴσι: γνῶσιν, Hsch.""]",[],[],[],[],{},[],1,0,0,0,0,1,0,0,0
50978,10,1335,n50978,Ἰσ-ῐᾰκός,Subst.,ὁ,834,,"[""of or for Isis, σύνοδος IGRom. 1.1303 (Philae,i B.C.):Subst. Ἰσ-κός,ὁ,priest of Isis, Dsc. 3.23 , Plu. 2.352b .""]","[""of"",""for Isis"",""priest of Isis""]",[],"[{""biblio"":"""",""quote"":""σύνοδος""},{""biblio"":""IGRom. | 1.1303"",""quote"":""σύνοδος IGRom. 1.1303""}]","[""IGRom. | 1.1303""]",{},[],1,1,0,1,0,1,3,0,2
50979,10,1336,n50979,Ἰσ-ιασταί,,οἱ,834,,"[""guild of worshippers of Isis, at Rhodes, IG 12(1).157 , 165 (i B.C.).""]","[""guild of worshippers of Isis""]",[],[],[],{},[],1,1,0,0,0,1,1,0,0
50980,10,1337,n50980,Ἰσ-ῐδεῖον,,τό,834,,"[""temple of Isis, Roussel Cultes Egyptiens 223 (Delos,ii B.C.), Sammelb. 3926 (Ptolemais Hermiu,i B.C.):—also Ἰσιεῖον,τό, SIG 2588.230 (Delos,ii B.C.); pl.Εἰσιεῖα,τά,festival of I., PCair.Zen. 154 (iii B.C.):—later Ἰσεῖον,τό,temple of I., Plu. 2.352a , prob. in AP 11.212 ( Lucill. , pl.); pl.Ἰσεῖα,τά,festival of I., D.S. 1.14 , 87 .""]","[""temple of Isis"",""Cultes Egyptiens"",""festival of I.,"",""temple of I."",""festival of I.""]",[],[],[],{},[],1,1,0,0,0,1,5,0,0
50981,10,1338,n50981,ἰσῐκιάριος,,ὁ,834,,"[""sausage-maker, PStrassb. 46 (vi A.D.).""]","[""sausage-maker,""]",[],[],[],{},[],1,1,0,0,0,1,1,0,0
50982,10,1339,n50982,ἰσῐκιομά γειρος,,ὁ,834,,"[""ἰσῐκιομά γειρος[ις],ὁ ,= foreg., Wien.Stud. 24.129 (vi A.D.).""]",[],[],[],[],{},[],1,0,0,0,0,1,0,0,0
50983,10,1340,n50983,ἰσίκιον,,τό,834,,"[""a dish of mince-meat(formed from Lat.insicium acc. to Macr. Sat. 7.8.1 ), Ath. 9.376b , POxy. 1730 (iv A.D.):—also ἴσικος,ὁ, Alex.Aphr. Pr. 1.22 , Alex.Trall. Febr. 1 : pl., Olymp. in Grg. p.360J.""]","[""a dish of mince-meat"",""insicium""]",[],[],[],{},[],1,1,0,0,0,1,2,0,0
50984,10,1341,n50984,ἰσινδίη:,,,834,,"[""ἰσινδίη: καθίνη, Hsch.""]",[],[],[],[],{},[],1,0,0,0,0,1,0,0,0
50985,10,1342,n50985,ἴσιον,,τό,834,,"[""ἴσιον,τό, purgative bark, Aët. 3.37 , 104 .""]",[],[],[],[],{},[],1,0,0,0,0,1,0,0,0
50986,10,1343,n50986,Ἰσιονόμος,,ὁ,834,,"[""warden of the temple of Isis, PCair.Zen. 172.14 (iii B.C.), BGU 993 (ii B.C.).""]","[""warden of the temple of Isis,""]",[],[],[],{},[],1,1,0,0,0,1,1,0,0
50987,10,1344,n50987,Ἶσις,,ἡ,834,,"[""Ἶσιν UPZ 81 ii 19 (ii B.C.), gen. Ἴσιδος BGU 993ii10 (ii B.C.), Plu. 2.353f , etc.; Ion. and later Ἴσιος Hdt. 2.41 , PPetr. 3p.216 (iii B.C.), etc. (written Ἔσιος Schwyzer 749 (v B.C.)), dat. Ἴσιδι OGI 175.4 (ii B.C.), etc.,Ἴσῑ or Ἴσει Hdt. 2.59 , OGI 61.4 (iii B.C.); acc.Ἶσιν:—Isis, Hdt. Il.cc., Call. Epigr. 58 , Apollod. 2.1.3 , Plu. 2.351f , POxy. 1380 (ii A.D.), etc.;Ἴσιδος τρίχες, name of a plant, Plu. 2.939d , cf. Plin. HN 13.142 ."",""name of a plaster, Gal. 11.126 , 13.774 ."",""Pythag. name for the δυάς, Theol.Ar. 12 .""]","[""plant"",""plaster""]",[],"[{""biblio"":"""",""quote"":""Ἶσιν""},{""biblio"":""UPZ | 81 ii 19"",""quote"":""Ἶσιν UPZ 81 ii 19""},{""biblio"":"""",""quote"":""Ἴσιδος""},{""biblio"":""BGU | 993ii10"",""quote"":""Ἴσιδος BGU 993ii10""},{""biblio"":"""",""quote"":""Ἴσιος""},{""biblio"":""Hdt. | 2.41"",""quote"":""Ἴσιος Hdt. 2.41""},{""biblio"":"""",""quote"":""Ἔσιος""},{""biblio"":""Schwyzer | 749"",""quote"":""Ἔσιος Schwyzer 749""},{""biblio"":"""",""quote"":""Ἴσιδι""},{""biblio"":""OGI | 175.4"",""quote"":""Ἴσιδι OGI 175.4""},{""biblio"":"""",""quote"":""Ἴσει""},{""biblio"":""Hdt. | 2.59"",""quote"":""Ἴσει Hdt. 2.59""}]","[""BGU | 993ii10"",""Hdt. | 2.41"",""Hdt. | 2.59"",""OGI | 175.4"",""Schwyzer | 749"",""UPZ | 81 ii 19""]",{},[],1,1,0,1,0,3,2,0,12
50988,10,1345,n50988,ἴσκαι,,αἱ,834,,"[""fungus growing on oaks and walnut-trees, used as a cautery, Aët. 7.91 , Paul.Aeg. 6.49 , Alex.Trall. 12 .""]","[""fungus growing on oaks and walnut-trees""]",[],[],[],{},[],1,1,0,0,0,1,1,0,0
50989,10,1346,n50989,ἰσκάνδιον:,,ὁ,834,,"[""v. ὕσκλος .ἰσκός: κλέπτης, Id.; cf.κίσκος.""]",[],[],[],[],{},"[{""type"":""ref"",""target"":"""",""text"":""ὕσκλος""},{""type"":"""",""target"":"""",""text"":""v. ὕσκλος""}]",1,0,0,0,1,1,0,0,0
50990,10,1347,n50990,ἴσκω,,,834,,"[""go, ἐνς πόλεμον Schwyzer 180 (Crete).""]","[""go""]",[],"[{""biblio"":"""",""quote"":""ἐνς πόλεμον""},{""biblio"":""Schwyzer | 180"",""quote"":""ἐνς πόλεμον Schwyzer 180""}]","[""Schwyzer | 180""]",{},[],1,1,0,1,0,1,1,0,2
50991,10,1348,n50991,ἴσκω,,,834,,"[""make like,φωνὴν ἴσκους' ἀλόχοισιν she made her voice like(the voice of) their wives, Od. 4.279 ;feign, ἴσκε ψεύδεα πολλὰ λέγων ἐτύμοισιν ὁμοῖα 19.203 ."",""think like,ἐμὲ σοὶ ἴσκοντες thinking me like(i.e. taking me for) you, Il. 16.41 ; σὲ τῷ ἴσκοντες 11.799 ( εἴσκ- Aristarch. )."",""guess, imagine, ἴσκεν ἕκαστος ἀνήρ Od. 22.31 ;suppose, c. acc. et inf., Simon. 130 ."",""in Alex. Poets, through a misinterpretation of Hom. ,speak, say, A.R. 2.240 ,al.:1 sg. ἴσκον Theoc. 22.167 ,part. ἴσκων Lyc. 574 .""]","[""make like"",""she made"",""like"",""feign"",""think like"",""thinking"",""like"",""guess, imagine"",""suppose"",""speak, say""]","[""ν""]","[{""biblio"":"""",""quote"":""ἴσκε ψεύδεα πολλὰ λέγων ἐτύμοισιν ὁμοῖα""},{""biblio"":""19.203"",""quote"":""ἴσκε ψεύδεα πολλὰ λέγων ἐτύμοισιν ὁμοῖα 19.203""},{""biblio"":"""",""quote"":""σὲ τῷ ἴσκοντες""},{""biblio"":""11.799"",""quote"":""σὲ τῷ ἴσκοντες 11.799""},{""biblio"":"""",""quote"":""εἴσκ-""},{""biblio"":""Aristarch."",""quote"":""εἴσκ- Aristarch.""},{""biblio"":"""",""quote"":""ἴσκεν ἕκαστος ἀνήρ""},{""biblio"":""Od. | 22.31"",""quote"":""ἴσκεν ἕκαστος ἀνήρ Od. 22.31""},{""biblio"":"""",""quote"":""ἴσκον""},{""biblio"":""Theoc. | 22.167"",""quote"":""ἴσκον Theoc. 22.167""},{""biblio"":"""",""quote"":""ἴσκων""},{""biblio"":""Lyc. | 574"",""quote"":""ἴσκων Lyc. 574""}]","[""11.799"",""19.203"",""Aristarch."",""Lyc. | 574"",""Od. | 22.31"",""Theoc. | 22.167""]",{},[],1,1,1,1,0,4,10,1,12
50992,10,1349,n50992,ἵσμα,,τό,834,,"[""foundation, seat, Lyc. 731 .""]","[""foundation, seat""]","[""ἵζω""]",[],[],{},[],1,1,1,0,0,1,1,1,0
50993,10,1350,n50993,ἴσμα,,,834,,"[""v. ἴσθμα .""]",[],[],[],[],{},"[{""type"":""ref"",""target"":"""",""text"":""ἴσθμα""},{""type"":"""",""target"":"""",""text"":""v. ἴσθμα""}]",1,0,0,0,1,1,0,0,0
50994,10,1351,n50994,ἰσμή,,ἡ,834,,"[""knowledge, Hsch.""]","[""knowledge""]","[""οἶδα, ἴσμεν""]",[],[],{},[],1,1,1,0,0,1,1,1,0
50995,10,1352,n50995,ἰσο-αχθής,,,834,,"[""equal in weight, Nic. Th. 44 .""]","[""equal in weight""]",[],[],[],{},[],1,1,0,0,0,1,1,0,0
50996,10,1353,n50996,ἰσο-βᾰθής,,,834,,"[""of equal depth, Thphr. CP 3.4.2 , Heliod. (?)ap. Orib. 46.8.2 .""]","[""of equal depth""]",[],[],[],{},[],1,1,0,0,0,1,1,0,0
50997,10,1354,n50997,ἰσο-βᾰρέω,,,834,,"[""to be of equal weight, τὰ -βαρέοντα τῷ ὑγρῷ Archim. Fluit. 1.3 , cf. Sch. Il. 17.742 .""]","[""to be of equal weight""]",[],"[{""biblio"":"""",""quote"":""τὰ -βαρέοντα τῷ ὑγρῷ""},{""biblio"":""Archim. | Fluit. | 1.3"",""quote"":""τὰ -βαρέοντα τῷ ὑγρῷ Archim. Fluit. 1.3""}]","[""Archim. | Fluit. | 1.3""]",{},[],1,1,0,1,0,1,1,0,2
50998,10,1355,n50998,ἰσο-βᾰρής,,,834,,"[""of equal weight, Arist. Cael. 273b24 , 308b34 , Chrysipp.Stoic. 2.175 , Archim. Fluit. 1.3 , Luc. Vit.Auct. 27 .""]","[""of equal weight""]",[],[],[],{},[],1,1,0,0,0,1,1,0,0
50999,10,1356,n50999,ἰσο-βᾰσῐλεύς,,ὁ,834,,"[""equal to a king, Plu. Alex. 39 .""]","[""equal to a king""]",[],[],[],{},[],1,1,0,0,0,1,1,0,0
51000,10,1357,n51000,ἰσό-βῐος,,,834,,"[""holding office for life, γραμματεύς IGRom. 4.1675 (Belevi).""]","[""holding office for life""]",[],"[{""biblio"":"""",""quote"":""γραμματεύς""},{""biblio"":""IGRom. | 4.1675"",""quote"":""γραμματεύς IGRom. 4.1675""}]","[""IGRom. | 4.1675""]",{},[],1,1,0,1,0,1,1,0,2
51001,10,1358,n51001,ἰσό-βοιος,,τό,834,,"[""worth an ox, Hsch. s.v. ἀντίβοιος ."",""ἰσόβοιον,τό , a poppy-like flower, Id.""]","[""worth an ox""]","[""βοῦς""]",[],[],{},"[{""type"":""ref"",""target"":"""",""text"":""ἀντίβοιος""},{""type"":"""",""target"":"""",""text"":""s.v. ἀντίβοιος""}]",1,1,1,0,1,2,1,1,0
51002,10,1359,n51002,ἰσοβόλων:,,,834,,"[""ἰσοβόλων: ἰσοστασίων, Hsch. , Phot.""]",[],[],[],[],{},[],1,0,0,0,0,1,0,0,0
51003,10,1360,n51003,ἰσό-γαιος,,,834,,"[""of equal height in relation to the land, θάλασσαι Luc. Ner. 5 : Att. ἰσο-γέως,even with the ground, τέμνειν ἰσόγεων Thphr. CP 3.7.3 :—written ἰσο-γείως, IG 22.1665 (iv B.C.).""]","[""of equal height in relation to the land"",""even with the ground""]",[],"[{""biblio"":"""",""quote"":""θάλασσαι""},{""biblio"":""Luc. | Ner. | 5"",""quote"":""θάλασσαι Luc. Ner. 5""},{""biblio"":"""",""quote"":""τέμνειν ἰσόγεων""},{""biblio"":""Thphr. | CP | 3.7.3"",""quote"":""τέμνειν ἰσόγεων Thphr. CP 3.7.3""}]","[""Luc. | Ner. | 5"",""Thphr. | CP | 3.7.3""]",{},[],1,1,0,1,0,1,2,0,4
51004,10,1361,n51004,ἴσογκος,,,834,,"[""equal in bulk, Archim. Fluit. 1.7 , 2.4 .""]","[""equal in bulk""]",[],[],[],{},[],1,1,0,0,0,1,1,0,0
51005,10,1362,n51005,ἰσο-γλώχῑν,,ὁ,834,,"[""equiangular, Nonn. D. 6.23 .""]","[""equiangular""]",[],[],[],{},[],1,1,0,0,0,1,1,0,0
51006,10,1363,n51006,ἰσο-γονία,,ἡ,834,,"[""equality of birth, Pl. Mx. 239a , D.C. 52.4 .""]","[""equality of birth""]",[],[],[],{},[],1,1,0,0,0,1,1,0,0
51007,10,1364,n51007,ἰσό-γρᾰφος,,,834,,"[""writing like: metaph.,ἰ. τέττιξιν musical as the cicada, of Plato, Timo 30.2 (s.v.l.):""]","[""writing like"",""musical""]",[],[],[],{},[],1,1,0,0,0,1,2,0,0
51008,10,1365,n51008,ἰσο-γρᾰφή,,ἡ,834,,"[""ἰσο-γρᾰφή,ἡ, name of a work by Antisthenes, D.L. 6.15 :""]",[],[],[],[],{},[],1,0,0,0,0,1,0,0,0
51009,10,1366,n51009,ἰσό-γρᾰφον,,τό,834,,"[""copy, Men.Prot. p.24D. (pl.).""]","[""copy""]",[],[],[],{},[],1,1,0,0,0,1,1,0,0
51010,10,1367,n51010,ἰσο-γώνιος,,,834,,"[""equiangular, τετράγωνα Arist. Metaph. 1054b2 , cf. Plu. 2.427a , etc.; πεντάγωνον Gal. 5.67 .""]","[""equiangular""]",[],"[{""biblio"":"""",""quote"":""τετράγωνα""},{""biblio"":""Arist. | Metaph. | 1054b2"",""quote"":""τετράγωνα Arist. Metaph. 1054b2""},{""biblio"":"""",""quote"":""πεντάγωνον""},{""biblio"":""Gal. | 5.67"",""quote"":""πεντάγωνον Gal. 5.67""}]","[""Arist. | Metaph. | 1054b2"",""Gal. | 5.67""]",{},[],1,1,0,1,0,1,1,0,4
51011,10,1368,n51011,ἰσο-δαίμων,,,834,,"[""godlike, A. Pers. 634 (lyr.), Ariphron 1.4 , Hierocl. in CA 4p.425M."",""equal in fortune or happiness, ἰ. βασιλεῦσι Pi. N. 4.84 .""]","[""godlike"",""equal in fortune"",""happiness""]",[],"[{""biblio"":"""",""quote"":""ἰ. βασιλεῦσι""},{""biblio"":""Pi. | N. | 4.84"",""quote"":""ἰ. βασιλεῦσι Pi. N. 4.84""}]","[""Pi. | N. | 4.84""]",{},[],1,1,0,1,0,2,3,0,2
51012,10,1369,n51012,ἰσο-δαίτης,Subst.,,834,,"[""dividing equally, giving to all alike, epith. of Dionysus and Pluto, Plu. 2.389a , Luc. Ep.Sat. 32 ; of Pluto, Hsch. (ἰσοδέτης cod.)."",""Subst., name of a δαίμων, Hyp. Fr. 177 .""]","[""dividing equally, giving to all alike""]","[""δαίω""]",[],[],{},[],1,1,1,0,0,2,1,1,0
51013,10,1370,n51013,ἰσο-δᾱμιοργός,,ὁ,834,,"[""ἰσο-δᾱμιοργός,ὁ, (ϝ""]",[],[],[],[],{},[],1,0,0,0,0,1,0,0,0
51014,10,1371,n51014,ισο-,,,834,,"[""enjoying the privileges of a δαμιοργός(cf.δημιουργός), at Elis, Schwyzer 415.4 ( Olymp. ).""]","[""enjoying the privileges of a""]",[],[],[],{},[],1,1,0,0,0,1,1,0,0
51015,10,1372,n51015,ἰσό-δενδρος,,,834,,"[""equal to that of a tree, ἰσοδένδρου . . αἰῶνος Pi. Fr. 165 ."",""as big as a tree, Thphr. HP 3.1.1 .""]","[""equal to that of a tree"",""as big as a tree""]",[],"[{""biblio"":"""",""quote"":""ἰσοδένδρου . . αἰῶνος""},{""biblio"":""Pi. | Fr. | 165"",""quote"":""ἰσοδένδρου . . αἰῶνος Pi. Fr. 165""}]","[""Pi. | Fr. | 165""]",{},[],1,1,0,1,0,2,2,0,2
51016,10,1373,n51016,ἰσο-δέξιος,,,834,,"[""ambidextrous, Philostr. Gym. 41 .""]","[""ambidextrous""]",[],[],[],{},[],1,1,0,0,0,1,1,0,0
51017,10,1374,n51017,ἰσο-δίαιτος,,,834,,"[""living on an equal footing,πρός τινα with one, Th. 1.6 ;τινι Luc. Bis Acc. 33 .""]","[""living on an equal footing"",""Bis Acc.""]",[],[],[],{},[],1,1,0,0,0,1,2,0,0
51018,10,1375,n51018,ἰσο-διάστατος,,,834,,"[""equal in dimension, of the surfaces of a cube, Nicom. Ar. 2.16 , cf. Iamb. in Nic. p.93P. , Eust.ad D.P. 2 .""]","[""equal in dimension""]",[],[],[],{},[],1,1,0,0,0,1,1,0,0
51019,10,1376,n51019,ἰσό-δομος,,,834,,"[""built in equal courses, Vitr. 2.8.6 , Plin. HN 36.171 .""]","[""built in equal courses""]",[],[],[],{},[],1,1,0,0,0,1,1,0,0
51020,10,1377,n51020,ἰσό-δοξος,,,834,,"[""gloss on ἰσοκλεής , Hsch. , Phot. , Suid.""]",[],[],[],[],{},"[{""type"":""ref"",""target"":"""",""text"":""ἰσοκλεής""},{""type"":"""",""target"":"""",""text"":""gloss on ἰσοκλεής""}]",1,0,0,0,1,1,0,0,0
51021,10,1378,n51021,ἰσό-δουλος,,,834,,"[""like a slave, Sch. A. Ch. 135 .""]","[""like a slave""]",[],[],[],{},[],1,1,0,0,0,1,1,0,0
51022,10,1379,n51022,ἰσο-δρομέω,,,834,,"[""keep pace with,τινι Arist. Pr. 913a38 ;ἰσοδρομεῦσα χελιδόσι( Ion. part.) Nic. Fr. 74.33 ."",""metaph.,concur with, τοῖς οὐρανίοις ἔργοις Longin. 15.4 : abs.,to be concurrent, Arist. GA 727b10 .""]","[""keep pace with"",""concur with"",""to be concurrent""]",[],"[{""biblio"":"""",""quote"":""τοῖς οὐρανίοις ἔργοις""},{""biblio"":""Longin. | 15.4"",""quote"":""τοῖς οὐρανίοις ἔργοις Longin. 15.4""}]","[""Longin. | 15.4""]",{},[],1,1,0,1,0,2,3,0,2
51023,10,1380,n51023,ἰσό-δρομος,,,834,,"[""keeping pace with,τινι Pl. Ti. 38d , Ti.Locr. 96e , Ph. 1.469 ;τινος Arist. Mu. 399a8 : abs.,ἰ. μῆκος a course of equal length, AP 7.212 ( Mnasalc. )."",""ἡ ἰσοδρόμη Μήτηρ, i.e. Cybele, Str. 9.5.19 .""]","[""keeping pace with""]",[],[],[],{},[],1,1,0,0,0,2,1,0,0
51024,10,1381,n51024,ἰσοδῠνᾰμ-έω,,,834,,"[""have equal power, τὸ ψεῦδος ἰ. πρὸς τὴν ἀλήθειαν Plb. 2.56.2 ;to be equivalent to,τινι Stoic. 3.9 , Ph. 2.291 , etc.; ἀλλήλοις Arr. Epict. 1.8.1 ; esp. in meaning, A.D. Pron. 41.15 ,al.: Math., Ptol. Alm. 2.7 : abs., Chrysipp.Stoic. 2.83 , LXX Si.Prol. 13 ; of sounds in speech, Phld. Po.Herc. 994 Fr. 22 ; of drugs, etc.,possess the same properties, Dsc. 1.70 , 5.75 : Astrol.,to be equipollent, Ptol. Tetr. 36 , Vett.Val. 142.27 .""]","[""have equal power"",""to be equivalent to"",""possess the same properties"",""to be equipollent""]",[],"[{""biblio"":"""",""quote"":""τὸ ψεῦδος ἰ. πρὸς τὴν ἀλήθειαν""},{""biblio"":""Plb. | 2.56.2"",""quote"":""τὸ ψεῦδος ἰ. πρὸς τὴν ἀλήθειαν Plb. 2.56.2""},{""biblio"":"""",""quote"":""ἀλλήλοις""},{""biblio"":""Arr. | Epict. | 1.8.1"",""quote"":""ἀλλήλοις Arr. Epict. 1.8.1""}]","[""Arr. | Epict. | 1.8.1"",""Plb. | 2.56.2""]",{},[],1,1,0,1,0,1,4,0,4
51025,10,1382,n51025,ἰσοδῠνᾰμ-ία,,ἡ,834,,"[""equal force or power, Ti.Locr. 95b ."",""equivalence in meaning, A.D. Conj. 244.17 ."",""Astrol.,equipollence, Ptol. Tetr. 132 , Vett.Val. 296.11 .""]","[""equal force"",""power"",""equivalence in meaning"",""equipollence""]",[],[],[],{},[],1,1,0,0,0,3,4,0,0
51026,10,1383,n51026,ἰσοδῠ́νᾰμ-ος,Adv.,,834,,"[""equal in force or power, Alex.Aphr. Pr. 1.135 ; of drugs, Paul.Aeg. 2.30 ;equivalent in meaning, Men.Prot. p.24D. : generally,equivalent, c. dat., LXX 4 Ma. 3.15 .Adv. -μως, ἔχειν Eust. 72.33 , cf. Gal. 18(2).483 .""]","[""equal in force"",""power"",""equivalent in meaning"",""equivalent""]",[],"[{""biblio"":"""",""quote"":""-μως, ἔχειν""},{""biblio"":""Eust. | 72.33"",""quote"":""-μως, ἔχειν Eust. 72.33""}]","[""Eust. | 72.33""]",{},[],1,1,0,1,0,1,4,0,2
51027,10,1384,n51027,ἰσο-ελκής,,,834,,"[""equal in weight, Nic. Th. 41 ,v.l.ib. 44 .""]","[""equal in weight""]",[],[],[],{},[],1,1,0,0,0,1,1,0,0
51028,10,1385,n51028,ἰσο-επίπεδος,,,834,,"[""equal in plane surface, Iamb. in Nic. p.93P.""]","[""equal in plane surface""]",[],[],[],{},[],1,1,0,0,0,1,1,0,0
51029,10,1386,n51029,ἰσο-έτηρος,,,834,,"[""equal in years, Nonn. D. 21.177 [ῑ].""]","[""equal in years""]",[],[],[],{},[],1,1,0,0,0,1,1,0,0
51030,10,1387,n51030,ἰσο-ετής,,τό,834,,"[""gloss on οἰέτεας , Apollon. Lex. , Sch. Il. Oxy. 1086i21 ."",""ἰσοετές,τό ,=ἀείζωον τὸ μικρόν, Plin. HN 25.160 .""]",[],[],[],[],{},"[{""type"":""ref"",""target"":"""",""text"":""οἰέτεας""},{""type"":"""",""target"":"""",""text"":""gloss on οἰέτεας""}]",1,0,0,0,1,2,0,0,0
51031,10,1388,n51031,ἰσο-ευρής,,,834,,"[""equal in breadth, Phot.""]","[""equal in breadth""]",[],[],[],{},[],1,1,0,0,0,1,1,0,0
51032,10,1389,n51032,ἰσοζῠγ-έω,,,834,,"[""make equal in weight, Nic. Th. 908 .""]","[""make equal in weight""]",[],[],[],{},[],1,1,0,0,0,1,1,0,0
51033,10,1390,n51033,ἰσοζῠγ-ής,,,834,,"[""evenly balanced: equal, AP 10.16.3 ( Theaet. ).""]","[""evenly balanced: equal,""]",[],[],[],{},[],1,1,0,0,0,1,1,0,0
51034,10,1391,n51034,ἰσόζῠγ-ος,,,834,,"[""of the same number and person, ῥῆμα A.D. Pron. 69.8 ."",""gloss on ἀντίζυγα , Hsch.""]","[""of the same number and person""]",[],"[{""biblio"":"""",""quote"":""ῥῆμα""},{""biblio"":""A.D. | Pron. | 69.8"",""quote"":""ῥῆμα A.D. Pron. 69.8""}]","[""A.D. | Pron. | 69.8""]",{},"[{""type"":""ref"",""target"":"""",""text"":""ἀντίζυγα""},{""type"":"""",""target"":"""",""text"":""gloss on ἀντίζυγα""}]",1,1,0,1,1,2,1,0,2
51035,10,1392,n51035,ἰσο-θάνᾰτος,,,834,,"[""like death, S. Fr. 359 ; ἀρρωστία PHaw. 65.19 ; κίνδυνος Vett.Val. 293.4 ; censured by Poll. 6.174 .""]","[""like death""]",[],"[{""biblio"":"""",""quote"":""ἀρρωστία""},{""biblio"":""PHaw. | 65.19"",""quote"":""ἀρρωστία PHaw. 65.19""},{""biblio"":"""",""quote"":""κίνδυνος""},{""biblio"":""Vett.Val. | 293.4"",""quote"":""κίνδυνος Vett.Val. 293.4""}]","[""PHaw. | 65.19"",""Vett.Val. | 293.4""]",{},[],1,1,0,1,0,1,1,0,4
51036,10,1393,n51036,ἰσό-θεος,Adv.,,834,838,"[""equal to the gods, godlike, of heroes, ἰ. φώς Il. 2.565 , Od. 1.324 , A. Pers. 80 (lyr.);Δαρεῖος ib. 857 (lyr.);οἱ ἰ. S. Ant. 837 (anap.);γένος E. IA 626 , cf. Pl. Phdr. 255a , Isoc. 2.5 , etc.; ἰητρὸς φιλόσοφος ἰ. Hp. Decent. 5 : Com., νομίσαι τ' ἰσόθεον τὴν ἔγχελυν Antiph. 147.2 ."",""of things, ἰ. τυραννίς E. Tr. 1169 ; δόξα Isoc. 5.145 ; εἴσοδος Epicur. Fr. 165 ; τιμαί Men. Mon. 378 , Plb. 10.10.11 , IG 5(2).432.4 (Megalop.); χάριτες OGI 666.21 (Egypt,i A.D.); freq. of medicines or remedies, Gal. 13.65 , 279 , Aët. 7.11 : neut.-θεον as Adv., PMag.Par. 2.220 . [ῑσ-in Hom. and Trag. (always lyr.); hyperaeol. ἰσσο- Schwyzer 647.15 (Cyme,i A.D.).]""]","[""equal to the gods, godlike""]",[],"[{""biblio"":"""",""quote"":""ἰ. φώς""},{""biblio"":""Il. | 2.565"",""quote"":""ἰ. φώς Il. 2.565""},{""biblio"":"""",""quote"":""ἰητρὸς φιλόσοφος ἰ.""},{""biblio"":""Hp. | Decent. | 5"",""quote"":""ἰητρὸς φιλόσοφος ἰ. Hp. Decent. 5""},{""biblio"":"""",""quote"":""νομίσαι τ' ἰσόθεον τὴν ἔγχελυν""},{""biblio"":""Antiph. | 147.2"",""quote"":""νομίσαι τ' ἰσόθεον τὴν ἔγχελυν Antiph. 147.2""},{""biblio"":"""",""quote"":""ἰ. τυραννίς""},{""biblio"":""E. | Tr. | 1169"",""quote"":""ἰ. τυραννίς E. Tr. 1169""},{""biblio"":"""",""quote"":""δόξα""},{""biblio"":""Isoc. | 5.145"",""quote"":""δόξα Isoc. 5.145""},{""biblio"":"""",""quote"":""εἴσοδος""},{""biblio"":""Epicur. | Fr. | 165"",""quote"":""εἴσοδος Epicur. Fr. 165""},{""biblio"":"""",""quote"":""τιμαί""},{""biblio"":""Men. | Mon. | 378"",""quote"":""τιμαί Men. Mon. 378""},{""biblio"":"""",""quote"":""χάριτες""},{""biblio"":""OGI | 666.21"",""quote"":""χάριτες OGI 666.21""},{""biblio"":"""",""quote"":""ἰσσο-""},{""biblio"":""Schwyzer | 647.15"",""quote"":""ἰσσο- Schwyzer 647.15""}]","[""Antiph. | 147.2"",""E. | Tr. | 1169"",""Epicur. | Fr. | 165"",""Hp. | Decent. | 5"",""Il. | 2.565"",""Isoc. | 5.145"",""Men. | Mon. | 378"",""OGI | 666.21"",""Schwyzer | 647.15""]",{},[],1,1,0,1,0,2,1,0,18
51037,10,1394,n51037,ἰσο-θεόω,,,834,,"[""make equal to the gods, in Pass. , Aesop. 160 .""]","[""make equal to the gods""]",[],[],[],{},[],1,1,0,0,0,1,1,0,0
51038,10,1395,n51038,ἰσόθι,Adv.,,834,,"[""within, ἰ. πλέθρω SIG 306.13 (Tegea,iv B.C.).""]","[""within""]",[],"[{""biblio"":"""",""quote"":""ἰ. πλέθρω""},{""biblio"":""SIG | 306.13"",""quote"":""ἰ. πλέθρω SIG 306.13""}]","[""SIG | 306.13""]",{},[],1,1,0,1,0,1,1,0,2
51039,10,1396,n51039,ἰσό-θροος,,,834,,"[""sounding like, Ἠχώ Nonn. D. 36.473 .""]","[""sounding like""]",[],"[{""biblio"":"""",""quote"":""Ἠχώ""},{""biblio"":""Nonn. | D. | 36.473"",""quote"":""Ἠχώ Nonn. D. 36.473""}]","[""Nonn. | D. | 36.473""]",{},[],1,1,0,1,0,1,1,0,2
51040,10,1397,n51040,ἰσό-θῡμος,,,834,,"[""equal in spirit, Sch. Il. 7.295 .""]","[""equal in spirit""]",[],[],[],{},[],1,1,0,0,0,1,1,0,0
51041,10,1398,n51041,ἰσό-καινος,,,834,,"[""as good as new, Hsch. s.v. ἀντίκαινον .""]","[""as good as new""]",[],[],[],{},"[{""type"":""ref"",""target"":"""",""text"":""ἀντίκαινον""},{""type"":"""",""target"":"""",""text"":""s.v. ἀντίκαινον""}]",1,1,0,0,1,1,1,0,0
51042,10,1399,n51042,ἰσο-κάμπᾱνος,,,834,,"[""equal in weight, Sch. Od. 4.129 ; cf.κάμπανος.""]","[""equal in weight""]",[],[],[],{},[],1,1,0,0,0,1,1,0,0
51043,10,1400,n51043,ἰσο-κᾰπῐτώλιος,,,834,,"[""ranking with the Καπιτώλια, ἀγών BGU 1074.16 (iii A.D.).""]","[""ranking with the""]",[],"[{""biblio"":"""",""quote"":""Καπιτώλια, ἀγών""},{""biblio"":""BGU | 1074.16"",""quote"":""Καπιτώλια, ἀγών BGU 1074.16""}]","[""BGU | 1074.16""]",{},[],1,1,0,1,0,1,1,0,2
51044,10,1401,n51044,ἰσο-κατάληκτος,,τά,834,,"[""ending alike, Eust. 1839.43 :-ληκτα,τά , Gell. 18.8.1 .""]","[""ending alike""]",[],[],[],{},[],1,1,0,0,0,1,1,0,0
51045,10,1402,n51045,ἰσο-κέλευθος,,,834,,"[""walking alike, keeping up with, Nonn. D. 48.316 [ῑ].""]","[""walking alike, keeping up with""]",[],[],[],{},[],1,1,0,0,0,1,1,0,0
51046,10,1403,n51046,ἰσο-κέφᾰλος,,,834,,"[""like-headed, dub. in Ibyc. 16 .""]","[""like-headed""]",[],[],[],{},[],1,1,0,0,0,1,1,0,0
51047,10,1404,n51047,ἰσο-κίνδῡνος,,,834,,"[""facing equal risks, Th. 6.34 ; τισί D.C. 41.55 .""]","[""facing equal risks""]",[],"[{""biblio"":"""",""quote"":""τισί""},{""biblio"":""D.C. | 41.55"",""quote"":""τισί D.C. 41.55""}]","[""D.C. | 41.55""]",{},[],1,1,0,1,0,1,1,0,2
51048,10,1405,n51048,ἰσο-κιννάμωμος,,,834,,"[""like cinnamon, of cassia (prob.=ἄχυ, q.v.), Plin. HN 12.98 .""]","[""like cinnamon""]",[],[],[],{},[],1,1,0,0,0,1,1,0,0
51049,10,1406,n51049,ἰσο-κλεής,,,834,,"[""equal in glory, Hsch. , Phot.""]","[""equal in glory""]",[],[],[],{},[],1,1,0,0,0,1,1,0,0
51050,10,1407,n51050,ἰσο-κληρονόμος,,,834,,"[""inheriting equally, Sch. Hermog. in Rh. 4.169 W.""]","[""inheriting equally""]",[],[],[],{},[],1,1,0,0,0,1,1,0,0
51051,10,1408,n51051,ἰσό-κληρος,,,834,,"[""equal in property, Plu. Lyc. 8 .""]","[""equal in property""]",[],[],[],{},[],1,1,0,0,0,1,1,0,0
51052,10,1409,n51052,ἰσο-κλῐνής,,,834,,"[""evenly balanced, Arist. Mu. 400b28 .""]","[""evenly balanced""]",[],[],[],{},[],1,1,0,0,0,1,1,0,0
51053,10,1410,n51053,ἰσό-κνημος,,,834,,"[""with the legs on a level, Erot.""]","[""with the legs on a level""]",[],[],[],{},[],1,1,0,0,0,1,1,0,0
51054,10,1411,n51054,ἰσό-κοιλος,,,834,,"[""with equal cavities, αὐλός Plu. 2.1021a , Theo Sm. p.60 H.(pl.).""]","[""with equal cavities""]",[],"[{""biblio"":"""",""quote"":""αὐλός""},{""biblio"":""Plu. | 2.1021a"",""quote"":""αὐλός Plu. 2.1021a""}]","[""Plu. | 2.1021a""]",{},[],1,1,0,1,0,1,1,0,2
51055,10,1412,n51055,ἰσο-κόρῠφος,,,834,,"[""equally high or eminent, πόλεις D.H. 3.9 .""]","[""equally high"",""eminent""]",[],"[{""biblio"":"""",""quote"":""πόλεις""},{""biblio"":""D.H. | 3.9"",""quote"":""πόλεις D.H. 3.9""}]","[""D.H. | 3.9""]",{},[],1,1,0,1,0,1,2,0,2
51056,10,1413,n51056,ἰσο-κρᾱής,,,834,,"[""equally mixed, prob.l. (for-κρατεῖ) Hp. Morb. 2.42 .""]","[""equally mixed""]",[],[],[],{},[],1,1,0,0,0,1,1,0,0
51057,10,1414,n51057,ἰσό-κραιρος,,,834,,"[""with equal horns, Nonn. D. 27.24 .""]","[""with equal horns""]",[],[],[],{},[],1,1,0,0,0,1,1,0,0
51058,10,1415,n51058,ἰσο-κράς,,ὁ,834,,"[""ἰσο-κράς,ὁ,ἡ,=ἰσοκραής, Hdn.Gr. 1.525 .""]",[],[],[],[],{},[],1,0,0,0,0,1,0,0,0
51059,10,1416,n51059,ἰσο-κράτεια,,ἡ,834,,"[""equilibrium, equivalence, Gal. Hist.Phil. 126 .""]","[""equilibrium, equivalence""]",[],[],[],{},[],1,1,0,0,0,1,1,0,0
51060,10,1417,n51060,Ἰσοκράτειος,,,834,,"[""of Isocrates, λόγοι Phld. Rh. 1.100S. ; ἀγωγή D.H. Isoc. 20 :—also Ἰσοκρᾰτικός,ή,όν, Id. Vett.Cens. 3.3 :""]","[""of Isocrates""]",[],"[{""biblio"":"""",""quote"":""λόγοι""},{""biblio"":""Phld. | Rh. | 1.100S."",""quote"":""λόγοι Phld. Rh. 1.100S.""},{""biblio"":"""",""quote"":""ἀγωγή""},{""biblio"":""D.H. | Isoc. | 20"",""quote"":""ἀγωγή D.H. Isoc. 20""}]","[""D.H. | Isoc. | 20"",""Phld. | Rh. | 1.100S.""]",{},[],1,1,0,1,0,1,1,0,4
51061,10,1418,n51061,ἰσο-κοί,,οἱ,834,,"[""followers of I., Phld. Rh. 1.148S.""]","[""followers of I.""]",[],[],[],{},[],1,1,0,0,0,1,1,0,0
51062,10,1419,n51062,ἰσοκρᾰτ-έω,,,834,,"[""to be of equal force, S.E. M. 10.81 .""]","[""to be of equal force""]",[],[],[],{},[],1,1,0,0,0,1,1,0,0
51063,10,1420,n51063,ἰσοκρᾰτ-ής,Adv.,,834,,"[""of equal power, possessing equal rights with others, ἰσοκρατέες . . αἱ γυναῖκες τοῖσι ἀνδράσι Hdt. 4.26 ; ἰ. καὶ ὁμότιμοι Plu. 2.827b : generally,evenly balanced, ἡ ἰσημερία ἐστὶ χειμὼν καὶ θέρος ἰσοκρατής Arist. Pr. 942b37 ;ἰ. οἶνος half-and-half, Hp. Morb. 2.42 (nisi leg.ἰσοκραής) ; ἐκ τῆς ἀμφοῖν -οῦς μίξεως Gal. 6.528 ;ἰ. κράσεις normal temperaments, Ruf. ap. Orib. 8.24.61 .Adv. -τῶς, ἀπομάχεσθαι Ph. 1.198 ;with even balance, Zeno Stoic. 1.27 , Iamb. in Nic. p.79 P.""]","[""of equal power, possessing equal rights with others"",""evenly balanced"",""half-and-half"",""normal"",""with even balance""]",[],"[{""biblio"":"""",""quote"":""ἰσοκρατέες . . αἱ γυναῖκες τοῖσι ἀνδράσι""},{""biblio"":""Hdt. | 4.26"",""quote"":""ἰσοκρατέες . . αἱ γυναῖκες τοῖσι ἀνδράσι Hdt. 4.26""},{""biblio"":"""",""quote"":""ἰ. καὶ ὁμότιμοι""},{""biblio"":""Plu. | 2.827b"",""quote"":""ἰ. καὶ ὁμότιμοι Plu. 2.827b""},{""biblio"":"""",""quote"":""ἡ ἰσημερία ἐστὶ χειμὼν καὶ θέρος ἰσοκρατής""},{""biblio"":""Arist. | Pr. | 942b37"",""quote"":""ἡ ἰσημερία ἐστὶ χειμὼν καὶ θέρος ἰσοκρατής Arist. Pr. 942b37""},{""biblio"":"""",""quote"":""; ἐκ τῆς ἀμφοῖν -οῦς μίξεως""},{""biblio"":""Gal. | 6.528"",""quote"":""; ἐκ τῆς ἀμφοῖν -οῦς μίξεως Gal. 6.528""},{""biblio"":"""",""quote"":""-τῶς, ἀπομάχεσθαι""},{""biblio"":""Ph. | 1.198"",""quote"":""-τῶς, ἀπομάχεσθαι Ph. 1.198""}]","[""Arist. | Pr. | 942b37"",""Gal. | 6.528"",""Hdt. | 4.26"",""Ph. | 1.198"",""Plu. | 2.827b""]",{},[],1,1,0,1,0,1,5,0,10
51064,10,1421,n51064,ἰσοκρᾰτ-ία,,ἡ,834,,"[""equality of strength or power, Ti.Locr. 95c ."",""= ἰσονομία ,equality of rights, republic, opp.τυραννίς, Hdt. 5.92 .ά(pl.).""]","[""equality of strength"",""power"",""equality of rights, republic""]",[],[],[],{},"[{""type"":""ref"",""target"":"""",""text"":""ἰσονομία""},{""type"":"""",""target"":"""",""text"":""= ἰσονομία""}]",1,1,0,0,1,2,3,0,0
51065,10,1422,n51065,ἰσό-κρᾱτος,,,834,,"[""ἰσό-κρᾱτος,ον,=ἰσοκραής, Praxag. ap. Ruf. Onom. 226 .""]",[],[],[],[],{},[],1,0,0,0,0,1,0,0,0
51066,10,1423,n51066,ἰσό-κρῑθος,,,834,,"[""equal to barley in price, Plb. 2.15.1 .""]","[""equal to barley in price""]",[],[],[],{},[],1,1,0,0,0,1,1,0,0
51067,10,1424,n51067,ἰσό-κτῐτος,,,834,,"[""made alike, Hsch. , Phot.""]","[""made alike""]","[""κτίζω""]",[],[],{},[],1,1,1,0,0,1,1,1,0
51068,10,1425,n51068,ἰσό-κτῠπος,,,834,,"[""sounding like,τινι Nonn. D. 27.92 .""]","[""sounding like""]",[],[],[],{},[],1,1,0,0,0,1,1,0,0
51069,10,1426,n51069,ἰσό-κυκλος,,,834,,"[""equally round, Philox. 2.10 .""]","[""equally round""]",[],[],[],{},[],1,1,0,0,0,1,1,0,0
51070,10,1427,n51070,ἰσο-κωλία,,ἡ,834,,"[""equality of members or clauses, Hermog. Id. 1.12 (pl.).""]","[""equality of members"",""clauses""]",[],[],[],{},[],1,1,0,0,0,1,2,0,0
51071,10,1428,n51071,ἰσό-κωλος,,,834,,"[""of equal members or clauses, Arist. Top. 148b33 ;τὸ ἰ.a sentence consisting of equal members, Demetr. Eloc. 25 , Plu. 2.350e : in pl., D.S. 12.53 , Ath. 5.187c ."",""formed of an equal number of strands, χορδαί Nicom. Harm. 6 .""]","[""of equal members"",""clauses"",""a sentence consisting of equal members"",""formed of an equal number of strands""]",[],"[{""biblio"":"""",""quote"":""χορδαί""},{""biblio"":""Nicom. | Harm. | 6"",""quote"":""χορδαί Nicom. Harm. 6""}]","[""Nicom. | Harm. | 6""]",{},[],1,1,0,1,0,2,4,0,2
51072,10,1429,n51072,ἰσο-λᾰχής,,,834,,"[""ἰσο-λᾰχής,ές,=ἰσόμοιρος, cj. in Philol. 6 .""]",[],[],[],[],{},[],1,0,0,0,0,1,0,0,0
51073,10,1430,n51073,ἰσό-λεκτοι,,,834,,"[""versus, antithetically composed, Diom. p.498 K.""]","[""versus, antithetically composed""]",[],[],[],{},[],1,1,0,0,0,1,1,0,0
51074,10,1431,n51074,ἰσο-λεχής,,,834,,"[""with the same bed, Apollon. Lex.Hom.""]","[""with the same bed""]",[],[],[],{},[],1,1,0,0,0,1,1,0,0
51075,10,1432,n51075,ἰσο-λογέω,,,834,,"[""speak freely with,τινι Sch. E. Hipp. 702 .""]","[""speak freely with""]",[],[],[],{},[],1,1,0,0,0,1,1,0,0
51076,10,1433,n51076,ἰσο-λογία,,ἡ,834,,"[""-λογίαν ἔχειν πρός τινα Id. 24.10.9 ."",""in pl.,counterbalancing arguments, S.E. M. 1.144 .""]","[""counterbalancing arguments""]",[],"[{""biblio"":"""",""quote"":""-λογίαν ἔχειν πρός τινα""},{""biblio"":""Id. | 24.10.9"",""quote"":""-λογίαν ἔχειν πρός τινα Id. 24.10.9""}]","[""Id. | 24.10.9""]",{},[],1,1,0,1,0,2,1,0,2
51077,10,1434,n51077,ἰσο-λόγχητος,,,834,,"[""ἰσο-λόγχητος,ον,=ὁ τὰ ἴσα λαχών(cf.λόγχη), dub. in IG 9(1).309 (Thronium).""]",[],[],[],[],{},[],1,0,0,0,0,1,0,0,0
51078,10,1435,n51078,ἰσολύμπιος,,,834,,"[""like those rendered to the Olympians, τιμαί Ph. 2.181 , cf. 567 ."",""ranking with the Olympic games, [ ἀγὼν] γυμνικός SIG 630.13 (Delph.,ii B.C.), cf. IG 12(7).506.7 (Nicuria), etc.""]","[""like those rendered to the Olympians"",""ranking with the Olympic games""]",[],"[{""biblio"":"""",""quote"":""τιμαί""},{""biblio"":""Ph. | 2.181"",""quote"":""τιμαί Ph. 2.181""},{""biblio"":"""",""quote"":""ἀγὼν] γυμνικός""},{""biblio"":""SIG | 630.13"",""quote"":""ἀγὼν] γυμνικός SIG 630.13""}]","[""Ph. | 2.181"",""SIG | 630.13""]",{},[],1,1,0,1,0,2,2,0,4
51079,10,1436,n51079,ἰσό-λῠρος,,,834,,"[""like the lyre, Sch. S. Tr. 643 .""]","[""like the lyre""]",[],[],[],{},[],1,1,0,0,0,1,1,0,0
51080,10,1437,n51080,ἰσο-μάτωρ,,ὁ,834,,"[""like one's mother or dam, ἀμνός Theoc. 8.14 ; said to be Cret. by Hsch.""]","[""like one's mother"",""dam""]",[],"[{""biblio"":"""",""quote"":""ἀμνός""},{""biblio"":""Theoc. | 8.14"",""quote"":""ἀμνός Theoc. 8.14""}]","[""Theoc. | 8.14""]",{},[],1,1,0,1,0,1,2,0,2
51081,10,1438,n51081,ἰσό-μᾰχος,,,834,,"[""equal in the fight, D.H. 3.52 ;ἀρετή, κίνδυνος, D.S. 16.12 , 17.83 :τισι Ant.Lib. 14.2 .""]","[""equal in the fight""]",[],[],[],{},[],1,1,0,0,0,1,1,0,0
51082,10,1439,n51082,ἰσο-μεγέθης,Adv.,,834,,"[""equal in size, X. Cyn. 5.29 , Plb. 10.44.2 , Phld. Mort. 3 , Herod.Med. ap. Orib. 10.8.2 : c. dat., κύστις ἰ. ληκύθῳ Aen.Tact. 31.10 ; ἰ. γῇ Jul. Gal. 135c .Adv. -θως Aristid.Quint. 3.6 .""]","[""equal in size""]",[],"[{""biblio"":"""",""quote"":""κύστις ἰ. ληκύθῳ""},{""biblio"":""Aen.Tact. | 31.10"",""quote"":""κύστις ἰ. ληκύθῳ Aen.Tact. 31.10""},{""biblio"":"""",""quote"":""ἰ. γῇ""},{""biblio"":""Jul. | Gal. | 135c"",""quote"":""ἰ. γῇ Jul. Gal. 135c""},{""biblio"":"""",""quote"":""-θως""},{""biblio"":""Aristid.Quint. | 3.6"",""quote"":""-θως Aristid.Quint. 3.6""}]","[""Aen.Tact. | 31.10"",""Aristid.Quint. | 3.6"",""Jul. | Gal. | 135c""]",{},[],1,1,0,1,0,1,1,0,6
51083,10,1440,n51083,ἰσο-μέρεια,,ἡ,834,,"[""equality, ἐξ -μερίας Sammelb. 6266.17 (vi A.D.).""]","[""equality""]",[],"[{""biblio"":"""",""quote"":""ἐξ -μερίας""},{""biblio"":""Sammelb. | 6266.17"",""quote"":""ἐξ -μερίας Sammelb. 6266.17""}]","[""Sammelb. | 6266.17""]",{},[],1,1,0,1,0,1,1,0,2
51084,10,1441,n51084,ἰσο-μερής,,,834,,"[""equally divided, δόσεις BGU 1122.12 (i B.C.);of equal length, ib. 393.12 (ii A.D.): generally,equal, κέρδος Just. Nov. 97.1 .""]","[""equally divided"",""of equal length"",""equal""]",[],"[{""biblio"":"""",""quote"":""δόσεις""},{""biblio"":""BGU | 1122.12"",""quote"":""δόσεις BGU 1122.12""},{""biblio"":"""",""quote"":""κέρδος""},{""biblio"":""Just. | Nov. | 97.1"",""quote"":""κέρδος Just. Nov. 97.1""}]","[""BGU | 1122.12"",""Just. | Nov. | 97.1""]",{},[],1,1,0,1,0,1,3,0,4
51085,10,1442,n51085,ἰσο-μέτρητος,,,834,,"[""of equal measure or weight, εἰκών Pl. Phdr. 235d , Plu. Sol. 25 ;τινι D.C. 59.11 , cf. Max.Tyr. 31.2 .""]","[""of equal measure"",""weight""]",[],"[{""biblio"":"""",""quote"":""εἰκών""},{""biblio"":""Pl. | Phdr. | 235d"",""quote"":""εἰκών Pl. Phdr. 235d""}]","[""Pl. | Phdr. | 235d""]",{},[],1,1,0,1,0,1,2,0,2
51086,10,1443,n51086,ἰσο-μετρία,,ἡ,834,,"[""equality of measure, Arist. Fr. 47 .""]","[""equality of measure""]",[],[],[],{},[],1,1,0,0,0,1,1,0,0
51087,10,1444,n51087,ἰσό-μετρος,Subst.,τό,834,,"[""σφηνίσκος Sever. ap. Aët. 7.92 : c. dat., ἰ. τῇ προτέρᾳ δοῦναι προῖκα Just. Nov. 97.5 ;of equal perimeter,περὶ ἰ. σχημάτων, title of work by Zenodorus;in the same latitude, Nech.in Cat.Cod.Astr. 7.149 :Subst.,ἰσόμετρον,τό ,life-size statue,τινος BCH 48.484 (Delos,iv B.C.).""]","[""of equal perimeter"",""in the same latitude"",""life-size statue""]",[],"[{""biblio"":"""",""quote"":""σφηνίσκος""},{""biblio"":""Sever."",""quote"":""σφηνίσκος Sever.""},{""biblio"":"""",""quote"":""ἰ. τῇ προτέρᾳ δοῦναι προῖκα""},{""biblio"":""Just. | Nov. | 97.5"",""quote"":""ἰ. τῇ προτέρᾳ δοῦναι προῖκα Just. Nov. 97.5""}]","[""Just. | Nov. | 97.5"",""Sever.""]",{},[],1,1,0,1,0,1,3,0,4
51088,10,1445,n51088,ἰσο-μέτωπος,,,834,,"[""with equal forehead or front, X. HG 4.5.16 .""]","[""with equal forehead"",""front""]",[],[],[],{},[],1,1,0,0,0,1,2,0,0
51089,10,1446,n51089,ἰσο-μήκης,,,834,,"[""equal in length, Arist. HA 506b14 ; τῇ Ἀττικῇ Str. 9.2.1 ; of numbers,having a common factor, Pl. R. 546c .""]","[""equal in length"",""having a common factor""]",[],"[{""biblio"":"""",""quote"":""τῇ Ἀττικῇ""},{""biblio"":""Str. | 9.2.1"",""quote"":""τῇ Ἀττικῇ Str. 9.2.1""}]","[""Str. | 9.2.1""]",{},[],1,1,0,1,0,1,2,0,2
51090,10,1447,n51090,ἰσο-μῑλήσιος,,,834,,"[""of Milesian fashion, ἱμάτιον D.S. 12.21 .""]","[""of Milesian fashion""]",[],"[{""biblio"":"""",""quote"":""ἱμάτιον""},{""biblio"":""D.S. | 12.21"",""quote"":""ἱμάτιον D.S. 12.21""}]","[""D.S. | 12.21""]",{},[],1,1,0,1,0,1,1,0,2
51091,10,1448,n51091,ἰσομοιρ-έω,,,834,,"[""have an equal share, Th. 6.39 , X. Cyr. 2.3.17 ;τινος of a thing, D. 48.19 ; τινὸς πρός τινα Th. 6.16 ; πρὸς ἀλλήλους Isoc. 5.39 ; τινός τινι Is. 1.2 , D.H. 6.66 ."",""Astrol.,occupy the same degree, Cat.Cod.Astr. 5(1).219 .""]","[""have an equal share"",""occupy the same degree,""]",[],"[{""biblio"":"""",""quote"":""τινὸς πρός τινα""},{""biblio"":""Th. | 6.16"",""quote"":""τινὸς πρός τινα Th. 6.16""},{""biblio"":"""",""quote"":""πρὸς ἀλλήλους""},{""biblio"":""Isoc. | 5.39"",""quote"":""πρὸς ἀλλήλους Isoc. 5.39""},{""biblio"":"""",""quote"":""τινός τινι""},{""biblio"":""Is. | 1.2"",""quote"":""τινός τινι Is. 1.2""}]","[""Is. | 1.2"",""Isoc. | 5.39"",""Th. | 6.16""]",{},[],1,1,0,1,0,2,2,0,6
51092,10,1449,n51092,ἰσομοιρ-ία,,ἡ,834,,"[""equal share, κακοῖσιν ἐσθλοὺς ἰσομοιρίαν [ῑσ-] ἔχειν Sol. ap. Arist. Ath. 12.3 ;τινος in a thing, Th. 7.75 ."",""= ἰσονομία , Nymphod. 21 , D.C. 52.4 ."",""equability, of climate, Hp. Aër. 12 ; τῶν κράσεων Gal. 1.534 ."",""Astrol.,equivalence of degree, Vett.Val. 139.16 .""]","[""equal share"",""equability"",""Aër."",""equivalence of degree""]",[],"[{""biblio"":"""",""quote"":""κακοῖσιν ἐσθλοὺς ἰσομοιρίαν [ῑσ-] ἔχειν""},{""biblio"":""Sol."",""quote"":""κακοῖσιν ἐσθλοὺς ἰσομοιρίαν [ῑσ-] ἔχειν Sol.""},{""biblio"":"""",""quote"":""τῶν κράσεων""},{""biblio"":""Gal. | 1.534"",""quote"":""τῶν κράσεων Gal. 1.534""}]","[""Gal. | 1.534"",""Sol.""]",{},"[{""type"":""ref"",""target"":"""",""text"":""ἰσονομία""},{""type"":"""",""target"":"""",""text"":""= ἰσονομία""}]",1,1,0,1,1,4,4,0,4
51093,10,1450,n51093,ἰσομοιρ-ικός,,,834,,"[""of equivalent positions, κανονογραφία Id. 336.11 .""]","[""of"",""equivalent positions""]",[],"[{""biblio"":"""",""quote"":""κανονογραφία""},{""biblio"":""Id. | 336.11"",""quote"":""κανονογραφία Id. 336.11""}]","[""Id. | 336.11""]",{},[],1,1,0,1,0,1,2,0,2
51094,10,1451,n51094,ἰσόμοιρ-ος,Adv.,τό,834,,"[""sharing equally or alike, c. gen. rei, πάντων X. Cyr. 4.6.12 , etc.; τῶν ἄλλων ἰ. ἔστω SIG 1044.40 (Halic.,iv B.C.);γῆς ἰσόμοιρ' ἀήρ air that sharest earth equally[with light], S. El. 87 (anap.): c. dat., τιμαῖς ἰσόμοιρον ἔθηκεν τὰν ὁμόλεκτρον ἥρωσιν IG 12(3).1190.3 (Melos);ἰσόμοιρον,τό ,equal portion, Nic. Th. 592 : abs., ἰσόμοιρα . . ἐν τῷ κόσμῳ φῶς καὶ σκότος D.L. 8.26 .Adv. -ρως Eust. 161.20 ."",""equivalent, corresponding, c. dat., κίβισιν, βάκτρῳ ἅρπην ἰσόμοιρον AJA 9.320 (Sinope)."",""Astrol.,occupying the same degree, αἱ κατ' ἰσόμοιρον στάσεις Vett.Val. 70.31 , cf. Man. 4.194 ; τὴν Ἀφροδίτην ἰσόμοιρον οὖσαν ἡλίῳ Procl. Hyp. 1.21 .Adv. -ρως Cat.Cod.Astr. 5(1).219 .""]","[""sharing equally"",""alike"",""sharest"",""equally"",""equal portion"",""equivalent, corresponding"",""occupying the same degree""]","[""μοῖρα""]","[{""biblio"":"""",""quote"":""πάντων""},{""biblio"":""X. | Cyr. | 4.6.12"",""quote"":""πάντων X. Cyr. 4.6.12""},{""biblio"":"""",""quote"":""τῶν ἄλλων ἰ. ἔστω""},{""biblio"":""SIG | 1044.40"",""quote"":""τῶν ἄλλων ἰ. ἔστω SIG 1044.40""},{""biblio"":"""",""quote"":""τιμαῖς ἰσόμοιρον ἔθηκεν τὰν ὁμόλεκτρον ἥρωσιν""},{""biblio"":""IG | 12(3).1190.3"",""quote"":""τιμαῖς ἰσόμοιρον ἔθηκεν τὰν ὁμόλεκτρον ἥρωσιν IG 12(3).1190.3""},{""biblio"":"""",""quote"":""ἰσόμοιρα . . ἐν τῷ κόσμῳ φῶς καὶ σκότος""},{""biblio"":""D.L. | 8.26"",""quote"":""ἰσόμοιρα . . ἐν τῷ κόσμῳ φῶς καὶ σκότος D.L. 8.26""},{""biblio"":"""",""quote"":""-ρως""},{""biblio"":""Eust. | 161.20"",""quote"":""-ρως Eust. 161.20""},{""biblio"":"""",""quote"":""κίβισιν, βάκτρῳ ἅρπην ἰσόμοιρον""},{""biblio"":""AJA | 9.320"",""quote"":""κίβισιν, βάκτρῳ ἅρπην ἰσόμοιρον AJA 9.320""},{""biblio"":"""",""quote"":""αἱ κατ' ἰσόμοιρον στάσεις""},{""biblio"":""Vett.Val. | 70.31"",""quote"":""αἱ κατ' ἰσόμοιρον στάσεις Vett.Val. 70.31""},{""biblio"":"""",""quote"":""τὴν Ἀφροδίτην ἰσόμοιρον οὖσαν ἡλίῳ""},{""biblio"":""Procl. | Hyp. | 1.21"",""quote"":""τὴν Ἀφροδίτην ἰσόμοιρον οὖσαν ἡλίῳ Procl. Hyp. 1.21""},{""biblio"":"""",""quote"":""-ρως""},{""biblio"":""Cat.Cod.Astr. | 5(1).219"",""quote"":""-ρως Cat.Cod.Astr. 5(1).219""}]","[""AJA | 9.320"",""Cat.Cod.Astr. | 5(1).219"",""D.L. | 8.26"",""Eust. | 161.20"",""IG | 12(3).1190.3"",""Procl. | Hyp. | 1.21"",""SIG | 1044.40"",""Vett.Val. | 70.31"",""X. | Cyr. | 4.6.12""]",{},[],1,1,1,1,0,3,7,1,18
51095,10,1452,n51095,ἰσόμορος,,τό,834,,"[""like,τινι AP 6.206 ( Antip.Sid. );ἰσόμορον,τό ,equal portion, Nic. Th. 105 , Androm. ap. Gal. 14.41 . [ῑσ-ll. cc.]""]","[""like"",""equal portion""]",[],[],[],{},[],1,1,0,0,0,1,2,0,0
51096,10,1453,n51096,ἰσόνειρος,,,834,,"[""dream-like, empty, A. Pr. 549 (lyr.) [perh.ῑ].""]","[""dream-like, empty""]",[],[],[],{},[],1,1,0,0,0,1,1,0,0
51097,10,1454,n51097,ἰσό-νεκυς,,ὁ,834,,"[""dying equally or alike, E. Or. 200 (lyr.), ubi v.Sch.""]","[""dying equally"",""alike""]",[],[],[],{},[],1,1,0,0,0,1,2,0,0
51098,10,1455,n51098,ἰσο-νέμεος,,,834,,"[""ranking with the Nemean games, ἀγών SIG 402.10 , al. (Delph.,iii B.C.), IG 22.680.17 (prob.):—also ἰσο-νέμειος Klio 14.275 (Delph.,iii B.C.).""]","[""ranking with the Nemean games""]",[],"[{""biblio"":"""",""quote"":""ἀγών""},{""biblio"":""SIG | 402.10"",""quote"":""ἀγών SIG 402.10""}]","[""SIG | 402.10""]",{},[],1,1,0,1,0,1,1,0,2
51099,10,1456,n51099,ἰσονομ-έομαι,,,834,,"[""have equal rights, μετά τινος Th. 6.38 .""]","[""have equal rights""]",[],"[{""biblio"":"""",""quote"":""μετά τινος""},{""biblio"":""Th. | 6.38"",""quote"":""μετά τινος Th. 6.38""}]","[""Th. | 6.38""]",{},[],1,1,0,1,0,1,1,0,2
51100,10,1457,n51100,ἰσονομ-ία,,ἡ,834,,"[""equal distribution, equilibrium, balance, δυνάμεων Alcmaeon 4 , cf. Ti.Locr. 99b , Epicur. Fr. 352 ."",""equality of political rights, Hdt. 3.80 , 142 ; ἰ. ποιεῖν Id. 5.37 ; opp.δυναστεία, Th. 4.78 ; ἰ. πολιτική Id. 3.82 ; ἰ. ἐν γυναιξὶ πρὸς ἄνδρας καὶ ἀνδράσι πρὸς γυναῖκας Pl. R. 563b .""]","[""equal distribution, equilibrium, balance"",""equality of political rights""]",[],"[{""biblio"":"""",""quote"":""δυνάμεων""},{""biblio"":""Alcmaeon | 4"",""quote"":""δυνάμεων Alcmaeon 4""},{""biblio"":"""",""quote"":""ἰ. ποιεῖν""},{""biblio"":""Id. | 5.37"",""quote"":""ἰ. ποιεῖν Id. 5.37""},{""biblio"":"""",""quote"":""ἰ. πολιτική""},{""biblio"":""Id. | 3.82"",""quote"":""ἰ. πολιτική Id. 3.82""},{""biblio"":"""",""quote"":""ἰ. ἐν γυναιξὶ πρὸς ἄνδρας καὶ ἀνδράσι πρὸς γυναῖκας""},{""biblio"":""Pl. | R. | 563b"",""quote"":""ἰ. ἐν γυναιξὶ πρὸς ἄνδρας καὶ ἀνδράσι πρὸς γυναῖκας Pl. R. 563b""}]","[""Alcmaeon | 4"",""Id. | 3.82"",""Id. | 5.37"",""Pl. | R. | 563b""]",{},[],1,1,0,1,0,2,2,0,8
51101,10,1458,n51101,ἰσονομ-ικός,,,834,,"[""devoted to equality,ἀνήρ ib. 561e .""]","[""devoted to equality""]",[],[],[],{},[],1,1,0,0,0,1,1,0,0
51102,10,1459,n51102,ἰσόνομ-ος,,,834,,"[""where all have equal rights, ἰσονόμους τ' Ἀθήνας ἐποιησάτην Scol. 12 ;ὀλιγαρχία ἰ. Th. 3.62 ; δίκαιος καὶ ἰ. πολιτεία Pl. Ep. 326d ; ἐν ἰσονόμῳ πολιτεύειν App. BC 1.15 ; ζῷον ἰ. θεῷ M.Ant. 8.2 ;Γαλατία ἰ.enjoying full citizen rights, of Gallia Cisalpina, Nic.Dam. 130.28J."",""χαλκὸς ἰ. copper at par( 24 obols= 1 stater), opp.χαλκὸς οὗ διαλλαγή(copper at a discount), UPZ 112v19 (ii B.C.), PTeb. 99.4 (ii B.C.), PPetr. 3p.193 , al.(ii B.C.).""]","[""where all have equal rights"",""enjoying full citizen rights"",""at par""]",[],"[{""biblio"":"""",""quote"":""ἰσονόμους τ' Ἀθήνας ἐποιησάτην""},{""biblio"":""Scol. | 12"",""quote"":""ἰσονόμους τ' Ἀθήνας ἐποιησάτην Scol. 12""},{""biblio"":"""",""quote"":""δίκαιος καὶ ἰ. πολιτεία""},{""biblio"":""Pl. | Ep. | 326d"",""quote"":""δίκαιος καὶ ἰ. πολιτεία Pl. Ep. 326d""},{""biblio"":"""",""quote"":""ἐν ἰσονόμῳ πολιτεύειν""},{""biblio"":""App. | BC | 1.15"",""quote"":""ἐν ἰσονόμῳ πολιτεύειν App. BC 1.15""},{""biblio"":"""",""quote"":""ζῷον ἰ. θεῷ""},{""biblio"":""M.Ant. | 8.2"",""quote"":""ζῷον ἰ. θεῷ M.Ant. 8.2""}]","[""App. | BC | 1.15"",""M.Ant. | 8.2"",""Pl. | Ep. | 326d"",""Scol. | 12""]",{},[],1,1,0,1,0,2,3,0,8
51103,10,1460,n51103,ἰσονύκτιον,Adj.,τό,834,,"[""equinox, Gloss. :—Adj. ἰσονομ-νύκτιος,ον,equinoctial, Gal. 16.407 .""]","[""equinox,"",""equinoctial""]",[],[],[],{},[],1,1,0,0,0,1,2,0,0
51104,10,1461,n51104,ἴσοξ,,ὁ,834,,"[""ehawc, eog'salmon', Lat.esox.)""]","[""ehawc, eog"",""esox.""]",[],[],[],{},[],1,1,0,0,0,1,2,0,0
51105,10,1462,n51105,ἰσό-ξῠλος,,,834,,"[""like wood, Hsch. s.v. ὄξυλον .""]","[""like wood""]",[],[],[],{},"[{""type"":""ref"",""target"":"""",""text"":""ὄξυλον""},{""type"":"""",""target"":"""",""text"":""s.v. ὄξυλον""}]",1,1,0,0,1,1,1,0,0
51106,10,1463,n51106,ἰσό-ογκος,,,834,,"[""of equal bulk or volume, Simp. in Cael. 691.35 , in Ph. 1016.23 .""]","[""of equal bulk"",""volume""]",[],[],[],{},[],1,1,0,0,0,1,2,0,0
51107,10,1464,n51107,ἰσό-παις,,ὁ,834,,"[""like a child, as of a child, ἰσχύς A. Ag. 75 (lyr.).""]","[""like a child, as of a child""]",[],"[{""biblio"":"""",""quote"":""ἰσχύς""},{""biblio"":""A. | Ag. | 75"",""quote"":""ἰσχύς A. Ag. 75""}]","[""A. | Ag. | 75""]",{},[],1,1,0,1,0,1,1,0,2
51108,10,1465,n51108,ἰσο-πάλαιστος,,,834,,"[""a span long, AP 6.287 (Antip.). [ῑ . . ᾰ]""]","[""a span long,""]",[],[],[],{},[],1,1,0,0,0,1,1,0,0
51109,10,1466,n51109,ἰσο-πᾰλής,Adv.,,834,,"[""equal in the struggle, well-matched, μαχομένων . . καὶ γενομένων ἰσοπαλέων Hdt. 1.82 , cf. 5.49 ;evenly balanced, μάχη Ctes. Fr. 29.31 ."",""generally,equivalent, equal, ἰ. πάντῃ Parm. 8.44 ; ἰ. κίνδυνοι Th. 2.39 ; πλήθει ἰ. τισί Id. 4.94 ; οὔτι ὥριφος ἰ. τοι Theoc. 5.30 ; ἰ. ἤματι νύξ AP 9.384.18 , cf. Orph. A. 1014 .Adv. -λῶς Sch. Arat. 364 .""]","[""equal in the struggle, well-matched"",""evenly balanced"",""equivalent, equal""]",[],"[{""biblio"":"""",""quote"":""μαχομένων . . καὶ γενομένων ἰσοπαλέων""},{""biblio"":""Hdt. | 1.82"",""quote"":""μαχομένων . . καὶ γενομένων ἰσοπαλέων Hdt. 1.82""},{""biblio"":"""",""quote"":""μάχη""},{""biblio"":""Ctes. | Fr. | 29.31"",""quote"":""μάχη Ctes. Fr. 29.31""},{""biblio"":"""",""quote"":""ἰ. πάντῃ""},{""biblio"":""Parm. | 8.44"",""quote"":""ἰ. πάντῃ Parm. 8.44""},{""biblio"":"""",""quote"":""ἰ. κίνδυνοι""},{""biblio"":""Th. | 2.39"",""quote"":""ἰ. κίνδυνοι Th. 2.39""},{""biblio"":"""",""quote"":""πλήθει ἰ. τισί""},{""biblio"":""Id. | 4.94"",""quote"":""πλήθει ἰ. τισί Id. 4.94""},{""biblio"":"""",""quote"":""οὔτι ὥριφος ἰ. τοι""},{""biblio"":""Theoc. | 5.30"",""quote"":""οὔτι ὥριφος ἰ. τοι Theoc. 5.30""},{""biblio"":"""",""quote"":""ἰ. ἤματι νύξ""},{""biblio"":""AP | 9.384.18"",""quote"":""ἰ. ἤματι νύξ AP 9.384.18""}]","[""AP | 9.384.18"",""Ctes. | Fr. | 29.31"",""Hdt. | 1.82"",""Id. | 4.94"",""Parm. | 8.44"",""Th. | 2.39"",""Theoc. | 5.30""]",{},[],1,1,0,1,0,2,3,0,14
51110,10,1467,n51110,ἰσό-πᾰλος,,,834,,"[""ἰσό-πᾰλος,ον,= foreg., Luc. Nav. 36 , D.C. 40.42 , Poll. 3.149 , 5.157 , Hsch. ; prob. in Ibyc. 14 , X. Ages. 2.9 .""]",[],[],[],[],{},[],1,0,0,0,0,1,0,0,0
51111,10,1468,n51111,ἰσο-πᾰχής,,,834,,"[""of equal or even thickness or density, Arist. HA 527a7 , Thphr. HP 3.5.6 , Dsc. 5.90 , Gal. 10.431 , Nicom. Harm. 6 :—late nom. sg.ἰσό-πᾰχυς Herod.Med. ap. Orib. 8.4.3 codd.ἰσο-πεδής,ές,=ἰσόπεδος,Gloss.""]","[""of equal"",""even thickness"",""density""]",[],[],[],{},[],1,1,0,0,0,1,3,0,0
51112,10,1469,n51112,ἰσό-πεδον,,τό,834,,"[""level ground, a flat, Il. 13.142 , X. Cyr. 3.1.5 ; φυλάττειν ἐπὶ τοῦ ἰσοπέδου ἑαυτήν Luc. Im. 21 .""]","[""level ground, a flat""]",[],"[{""biblio"":"""",""quote"":""φυλάττειν ἐπὶ τοῦ ἰσοπέδου ἑαυτήν""},{""biblio"":""Luc. | Im. | 21"",""quote"":""φυλάττειν ἐπὶ τοῦ ἰσοπέδου ἑαυτήν Luc. Im. 21""}]","[""Luc. | Im. | 21""]",{},[],1,1,0,1,0,1,1,0,2
51113,10,1470,n51113,ἰσό-πεδος,,,834,,"[""of even surface, level, ἐξ ἰ. χωρίου Hp. VC 11 , cf. Luc. Hipp. 4 ; ἰ. τῷ δέρματι Gal. 10.1011 ;ἰ. χρώματα flat in appearance, opp.κοῖλα, Alex.Aphr. Pr. 1.49 ."",""c. dat.,level or even with, χοῦν ποιέων τῆ ἄλλῃ γῇ ἰσόπεδον Hdt. 4.201 , cf. D.S. 19.94 , Plu. Num. 10 .""]","[""of even surface, level"",""flat in appearance"",""level"",""even with""]",[],"[{""biblio"":"""",""quote"":""ἐξ ἰ. χωρίου""},{""biblio"":""Hp. | VC | 11"",""quote"":""ἐξ ἰ. χωρίου Hp. VC 11""},{""biblio"":"""",""quote"":""ἰ. τῷ δέρματι""},{""biblio"":""Gal. | 10.1011"",""quote"":""ἰ. τῷ δέρματι Gal. 10.1011""},{""biblio"":"""",""quote"":""χοῦν ποιέων τῆ ἄλλῃ γῇ ἰσόπεδον""},{""biblio"":""Hdt. | 4.201"",""quote"":""χοῦν ποιέων τῆ ἄλλῃ γῇ ἰσόπεδον Hdt. 4.201""}]","[""Gal. | 10.1011"",""Hdt. | 4.201"",""Hp. | VC | 11""]",{},[],1,1,0,1,0,2,4,0,6
51114,10,1471,n51114,ἰσο-πέλεθρος,,,834,,"[""of the same number of πλέθρα, Hsch.""]","[""of the same number of""]",[],[],[],{},[],1,1,0,0,0,1,1,0,0
51115,10,1472,n51115,ἰσο-πενθής,,,834,,"[""in equal distress, Sch. A. Eu. 783 .""]","[""in equal distress""]",[],[],[],{},[],1,1,0,0,0,1,1,0,0
51116,10,1473,n51116,ἰσο-πέραστος,,,834,,"[""equally bounded, Sch. Od. 1.98 .""]","[""equally bounded""]",[],[],[],{},[],1,1,0,0,0,1,1,0,0
51117,10,1474,n51117,ἰσο-περίμετρος,,,834,,"[""of equal perimeter, Damian. Opt. 3 , Hero *Deff. 82 , Procl. in Ti. 2.71 D. , al.""]","[""of equal perimeter"",""*Deff.""]",[],[],[],{},[],1,1,0,0,0,1,2,0,0
51118,10,1475,n51118,ἰσό-πετρος,,,834,,"[""gloss on ἀντίπετρος , Sch. S. OC 192 .""]",[],[],[],[],{},"[{""type"":""ref"",""target"":"""",""text"":""ἀντίπετρος""},{""type"":"""",""target"":"""",""text"":""gloss on ἀντίπετρος""}]",1,0,0,0,1,1,0,0,0
51119,10,1476,n51119,ἰσό-πηχυς,,,834,,"[""of the length of a cubit, Philostr. Gym. 12 , Opp. H. 1.213 .""]","[""of the length of a cubit""]",[],[],[],{},[],1,1,0,0,0,1,1,0,0
51120,10,1477,n51120,ἰσό-πλαστος,,,834,,"[""gloss on ἀντίπλαστος , Hsch.""]",[],[],[],[],{},"[{""type"":""ref"",""target"":"""",""text"":""ἀντίπλαστος""},{""type"":"""",""target"":"""",""text"":""gloss on ἀντίπλαστος""}]",1,0,0,0,1,1,0,0,0
51121,10,1478,n51121,ἰσο-πλᾰτής,,,834,,"[""equal in breadth, Arist. Oec. 1345a33 , Archimel. ap. Ath. 5.209c ;ἄρτος ἰ. Hippoloch. ap. Ath. 4.128d (-πλατυς codd.): c. dat., ἰ. τῷ τείχει Th. 3.21 .""]","[""equal in breadth""]",[],"[{""biblio"":"""",""quote"":""ἰ. τῷ τείχει""},{""biblio"":""Th. | 3.21"",""quote"":""ἰ. τῷ τείχει Th. 3.21""}]","[""Th. | 3.21""]",{},[],1,1,0,1,0,1,1,0,2
51122,10,1479,n51122,ἰσο-πλάτων,,ὁ,834,,"[""a second Plato, AP 11.354 . [ῑ . . ᾰ]""]","[""a second Plato,""]",[],[],[],{},[],1,1,0,0,0,1,1,0,0
51123,10,1480,n51123,ἰσό-πλευρος,Adv.,,834,,"[""with equal sides, πλαίσιον X. An. 3.4.19 , etc.: freq. in Geom.,equilateral, τρίγωνον Pl. Ti. 54a , 54e ;ἐπίπεδον ib. 55e ; τετράγωνον Plb. 6.31.10 ."",""of numbers,square, opp.ἑτερομήκης, Pl. Tht. 148a , Arist. APo. 73a40 .Adv. -πλεύρως Nicom. Ar. 2.13 ."",""Rhet., of periods, Hermog. Inv. 4.3 .""]","[""with equal sides"",""equilateral"",""square""]",[],"[{""biblio"":"""",""quote"":""πλαίσιον""},{""biblio"":""X. | An. | 3.4.19"",""quote"":""πλαίσιον X. An. 3.4.19""},{""biblio"":"""",""quote"":""τρίγωνον""},{""biblio"":""Pl. | Ti. | 54a"",""quote"":""τρίγωνον Pl. Ti. 54a""},{""biblio"":"""",""quote"":""τετράγωνον""},{""biblio"":""Plb. | 6.31.10"",""quote"":""τετράγωνον Plb. 6.31.10""},{""biblio"":"""",""quote"":""-πλεύρως""},{""biblio"":""Nicom. | Ar. | 2.13"",""quote"":""-πλεύρως Nicom. Ar. 2.13""}]","[""Nicom. | Ar. | 2.13"",""Pl. | Ti. | 54a"",""Plb. | 6.31.10"",""X. | An. | 3.4.19""]",{},[],1,1,0,1,0,3,3,0,8
51124,10,1481,n51124,ἰσο-πληγής,,,834,,"[""struck in the same way, χορδή Porph. in Harm. p.296W.""]","[""struck in the same way""]",[],"[{""biblio"":"""",""quote"":""χορδή""},{""biblio"":""Porph. | in Harm. | p.296W."",""quote"":""χορδή Porph. in Harm. p.296W.""}]","[""Porph. | in Harm. | p.296W.""]",{},[],1,1,0,1,0,1,1,0,2
51125,10,1482,n51125,ἰσο-πληθής,Adv.,,834,,"[""equal in number or quantity, ἠήρ Hp. Morb. 2.4 ; ἱππεῖς X. Ages. 2.9 : Math.,equal in number, Euc. 12.4 , al.; σχήματα τὰς πλευρὰς ἰ. ἔχοντα Papp. 332.14 : c. dat.,τινι to a person or thing, Th. 6.37 , D.C. 50.33 ; ἰ. θαλάσσῃ ποταμοί Poll. 3.103 .Adv. -θῶς Euc. 12.5 .""]","[""equal in number"",""quantity"",""equal in number""]",[],"[{""biblio"":"""",""quote"":""ἠήρ""},{""biblio"":""Hp. | Morb. | 2.4"",""quote"":""ἠήρ Hp. Morb. 2.4""},{""biblio"":"""",""quote"":""ἱππεῖς""},{""biblio"":""X. | Ages. | 2.9"",""quote"":""ἱππεῖς X. Ages. 2.9""},{""biblio"":"""",""quote"":""σχήματα τὰς πλευρὰς ἰ. ἔχοντα""},{""biblio"":""Papp. | 332.14"",""quote"":""σχήματα τὰς πλευρὰς ἰ. ἔχοντα Papp. 332.14""},{""biblio"":"""",""quote"":""ἰ. θαλάσσῃ ποταμοί""},{""biblio"":""Poll. | 3.103"",""quote"":""ἰ. θαλάσσῃ ποταμοί Poll. 3.103""},{""biblio"":"""",""quote"":""-θῶς""},{""biblio"":""Euc. | 12.5"",""quote"":""-θῶς Euc. 12.5""}]","[""Euc. | 12.5"",""Hp. | Morb. | 2.4"",""Papp. | 332.14"",""Poll. | 3.103"",""X. | Ages. | 2.9""]",{},[],1,1,0,1,0,1,3,0,10
51126,10,1483,n51126,ἰσο-πληθόπλευρος,,,834,,"[""having an equal number of sides,εὐθύγραμμα, σχήματα, Anon.Geom.in Papp. 1142.21 .""]","[""having an equal number of sides""]",[],[],[],{},[],1,1,0,0,0,1,1,0,0
51127,10,1484,n51127,ἰσοπολῑτ-εία,,ἡ,834,,"[""equality of civic rights, Arist. Fr. 575 ; granted to individuals, IG 7.4264 (Oropus,iii B.C.), 5(2).11 (Tegea,iii B.C.), etc.; or to communities, SIG 472.11 (Phigalea,iii B.C.), Plb. 16.26.9 , D.S. 15.46 , etc."",""esp.reciprocity of such rights(guaranteed by treaty between two states), GDI 5040 (Crete), OGI 265 (Pergam.,iii B.C.), etc.; Λεβαδεῦσίν ἐστιν ἰ. πρὸς Ἀρκάδας Plu. 2.300b .""]","[""equality of civic rights"",""reciprocity of such rights""]",[],"[{""biblio"":"""",""quote"":""Λεβαδεῦσίν ἐστιν ἰ. πρὸς Ἀρκάδας""},{""biblio"":""Plu. | 2.300b"",""quote"":""Λεβαδεῦσίν ἐστιν ἰ. πρὸς Ἀρκάδας Plu. 2.300b""}]","[""Plu. | 2.300b""]",{},[],1,1,0,1,0,2,2,0,2
51128,10,1485,n51128,ἰσοπολῑ́τ-ης,,ὁ,834,,"[""enjoying equal political rights,τινὰς τοῖς Μακεδόσιν ποιήσας ἰ. J. AJ 12.1.1 , cf. LXX 3 Ma. 2.30 , GDI 5183.25 (Crete), Inscr.Magn. 34.28 , al., IPE 12.357 ."",""enjoying reciprocity of rights, of the citizens of Roman municipia, D.H. 8.76 :—fem.ἰσοπολῑτ-πολῖτις,ίτιδος, of cities enjoying such rights,αἱ ἰ. πόλεις,=municipia, App. BC 1.10 ."",""equitable citizen, POxy. 41.28 (iii/iv A.D.).""]","[""enjoying equal political rights"",""enjoying reciprocity of rights"",""municipia"",""enjoying such rights"",""municipia"",""equitable citizen,""]",[],[],[],{},[],1,1,0,0,0,3,6,0,0
51129,10,1486,n51129,ἰσο-πραξία,,ἡ,839,,"[""a faring equally, like condition, Eust. 662.35 .""]","[""a faring equally, like condition""]",[],[],[],{},[],1,1,0,0,0,1,1,0,0
51130,10,1487,n51130,ἰσό-πρεσβυς,,,839,,"[""like an old man, A. Ag. 78 (anap.).""]","[""like an old man""]",[],[],[],{},[],1,1,0,0,0,1,1,0,0
51131,10,1488,n51131,ἰσό-προικον,,τό,839,,"[""wedding-gift of bridegroom to bride, CPR 30ii10 (vi A.D.), etc."",""as good as given away, Hsch. s.v. ἀντίπροικα .""]","[""wedding-gift"",""as good as given away""]",[],[],[],{},"[{""type"":""ref"",""target"":"""",""text"":""ἀντίπροικα""},{""type"":"""",""target"":"""",""text"":""s.v. ἀντίπροικα""}]",1,1,0,0,1,2,2,0,0
51132,10,1489,n51132,ἰσο-πρόξενος,,,839,,"[""enjoying the privileges of a πρόξενος, Schwyzer 415.3 ( Olymp. ).""]","[""enjoying the privileges of a""]",[],[],[],{},[],1,1,0,0,0,1,1,0,0
51133,10,1490,n51133,ἰσό-πτερος,,,839,,"[""gloss on ἄπτερος , Sch. A. Ag. 276 :—also ἰσόπτεροι: ἰσότιμοι, Hsch.""]",[],[],[],[],{},"[{""type"":""ref"",""target"":"""",""text"":""ἄπτερος""},{""type"":"""",""target"":"""",""text"":""gloss on ἄπτερος""}]",1,0,0,0,1,1,0,0,0
51134,10,1491,n51134,ἰσο-πτῠχής,,,839,,"[""with similar folds, χιτώνιον IG 22.1518.82 , 84 .""]","[""with similar folds""]",[],"[{""biblio"":"""",""quote"":""χιτώνιον""},{""biblio"":""IG | 22.1518.82"",""quote"":""χιτώνιον IG 22.1518.82""}]","[""IG | 22.1518.82""]",{},[],1,1,0,1,0,1,1,0,2
51135,10,1492,n51135,ἰσό-πτωτος,,,839,,"[""with like cases, A.D. Pron. 90.6 .""]","[""with like cases""]","[""πτῶσις""]",[],[],{},[],1,1,1,0,0,1,1,1,0
51136,10,1493,n51136,ἰσο-πύθιος,,,839,,"[""ranking with the Pythian games, ἀγών SIG 402.24 (Delph.,iii B.C.), prob. in IG 22.680.16 ; στέφανος SIG 557.29 ( Magn. Mae.);ἱερὰ Αὐγουστεῖα ἰ. IGRom. 4.1265 (Thyatira).""]","[""ranking with the Pythian games""]",[],"[{""biblio"":"""",""quote"":""ἀγών""},{""biblio"":""SIG | 402.24"",""quote"":""ἀγών SIG 402.24""},{""biblio"":"""",""quote"":""στέφανος""},{""biblio"":""SIG | 557.29"",""quote"":""στέφανος SIG 557.29""}]","[""SIG | 402.24"",""SIG | 557.29""]",{},[],1,1,0,1,0,1,1,0,4
51137,10,1494,n51137,ἰσό-πυκνος,,,839,,"[""equally condensed(by tension), χορδή Porph. in Harm. p.296W. (comment on πυκνοτέρας in Ptol. Harm. 1.8 ).""]","[""equally condensed""]",[],"[{""biblio"":"""",""quote"":""χορδή""},{""biblio"":""Porph. | in Harm. | p.296W."",""quote"":""χορδή Porph. in Harm. p.296W.""}]","[""Porph. | in Harm. | p.296W.""]",{},[],1,1,0,1,0,1,1,0,2
51138,10,1495,n51138,ἰσό-πυργος,,,839,,"[""gloss on ἀντίπυργος , Hsch.""]",[],[],[],[],{},"[{""type"":""ref"",""target"":"""",""text"":""ἀντίπυργος""},{""type"":"""",""target"":"""",""text"":""gloss on ἀντίπυργος""}]",1,0,0,0,1,1,0,0,0
51139,10,1496,n51139,ἰσό-πῠρον,,τό,839,,"[""fumitory, Fumaria capreolata, Dsc. 4.120 , Plin. HN 27.94 , Gal. 11.891 .""]","[""fumitory, Fumaria capreolata""]",[],[],[],{},[],1,1,0,0,0,1,1,0,0
51140,10,1497,n51140,ἰσό-πῡρος,,,839,,"[""reckoned as of equal value with wheat,λωτός, κρότων,PLond.ined. 2360 .""]","[""reckoned as of equal value with wheat"",""PLond.ined.""]",[],[],[],{},[],1,1,0,0,0,1,2,0,0
51141,10,1498,n51141,ἰσο-ρρεπής,,,839,,"[""ἰσο-ρρεπής,ές,=ἰσόρροπος, Nic. Th. 646 , Poet. de Herb. 98 .""]",[],[],[],[],{},[],1,0,0,0,0,1,0,0,0
51142,10,1499,n51142,ἰσορροπ-έω,,,839,,"[""to be equally balanced, in equipoise, Pl. Ti. 52e , Lg. 733c , 794e ;τινι with . ., Plb. 1.11.1 .""]","[""to be equally balanced, in equipoise"",""with . .""]",[],[],[],{},[],1,1,0,0,0,1,2,0,0
51143,10,1500,n51143,ἰσορρόπ-ησις,,ἡ,839,,"[""equipoise, equilibrium, Hero Spir. 1.1 .""]","[""equipoise, equilibrium""]",[],[],[],{},[],1,1,0,0,0,1,1,0,0
51144,10,1501,n51144,ἰσορροπ-ία,,ἡ,839,,"[""equipoise, equilibrium, Pl. Phd. 109a : metaph., ἰ. τοῦ χρόνου Agath. 4.25 .""]","[""equipoise, equilibrium""]",[],"[{""biblio"":"""",""quote"":""ἰ. τοῦ χρόνου""},{""biblio"":""Agath. | 4.25"",""quote"":""ἰ. τοῦ χρόνου Agath. 4.25""}]","[""Agath. | 4.25""]",{},[],1,1,0,1,0,1,1,0,2
51145,10,1502,n51145,ἰσορροπ-ικά,,τά,839,,"[""work on equilibrium by Archimedes.""]","[""work on equilibrium""]",[],[],[],{},[],1,1,0,0,0,1,1,0,0
51146,10,1503,n51146,ἰσόρροπ-ος,Adv.,,839,,"[""in equipoise, of the balance, Pl. Phd. 109a , Plt. 270a ( Sup. ), etc.; τάλαντα βρίσας οὐκ ἰσορρόπῳ τύχῃ A. Pers. 346 ;ἰσορρόπου τοῦ πήχεως(sc.τοῦ ζυγοῦ) γινομένου IG 22.1013.34 ."",""generally,well-balanced, well-matched,ἰ. αὐτὸς ἑαυτῷ of a man with his legs of the same length, Hp. Fract. 19 ; of a nose,flattened, but not awry, Id. Art. 37 ; of a bone,cylindrical, ib. 34 ;δέρμα ἰ., opp.περιρρεπής, ib. 50 ;ἰ. ἀγών evenly balanced, E. Supp. 706 ; μάχη Th. 1.105 ; δυνάμεις Pl. Ti. 52e ; βίος Id. Lg. 733c ; τιμή Arist. EN 1164b4 : c. dat.,τὸ γένος τὸ Ἀττικὸν ἰ. τῷ ἑωυτῶν ἂν γίνοιτο would become a match for their own, Hdt. 5.91 ; ἰ. Ῥωμαίοις Hdn. 6.7.8 ; ἰ. καταστῆναί τινι IPE 12.40.18 (Olbia,ii A.D.);ἰ. ὁ λόγος τῶν ἔργων in precise equipoise with . ., Th. 2.42 ; ἰ. πρός τι Hdn. 6.3.2 ."",""of equal weight, χρυσίον Inscr.Délos 313a . 45 (iii B.C.,-ορο-)."",""Adv. -όπως, ἀφιέναι Hp. Art. 43 ; πορεύεσθαι Pl. Phdr. 247b ; ἀγωνίσασθαι D.C. 41.61 : neut. pl.ἰσόρροπα as Adv., Tim. Pers. 47 .""]","[""in equipoise"",""well-balanced, well-matched"",""with his legs of the same length"",""flattened, but not awry"",""cylindrical"",""evenly balanced"",""a match for"",""in precise equipoise with . ."",""of equal weight""]","[""ῥοπή""]","[{""biblio"":"""",""quote"":""τάλαντα βρίσας οὐκ ἰσορρόπῳ τύχῃ""},{""biblio"":""A. | Pers. | 346"",""quote"":""τάλαντα βρίσας οὐκ ἰσορρόπῳ τύχῃ A. Pers. 346""},{""biblio"":"""",""quote"":""γινομένου""},{""biblio"":""IG | 22.1013.34"",""quote"":""γινομένου IG 22.1013.34""},{""biblio"":"""",""quote"":""μάχη""},{""biblio"":""Th. | 1.105"",""quote"":""μάχη Th. 1.105""},{""biblio"":"""",""quote"":""δυνάμεις""},{""biblio"":""Pl. | Ti. | 52e"",""quote"":""δυνάμεις Pl. Ti. 52e""},{""biblio"":"""",""quote"":""βίος""},{""biblio"":""Id. | Lg. | 733c"",""quote"":""βίος Id. Lg. 733c""},{""biblio"":"""",""quote"":""τιμή""},{""biblio"":""Arist. | EN | 1164b4"",""quote"":""τιμή Arist. EN 1164b4""},{""biblio"":"""",""quote"":""ἰ. Ῥωμαίοις""},{""biblio"":""Hdn. | 6.7.8"",""quote"":""ἰ. Ῥωμαίοις Hdn. 6.7.8""},{""biblio"":"""",""quote"":""ἰ. καταστῆναί τινι""},{""biblio"":""IPE | 12.40.18"",""quote"":""ἰ. καταστῆναί τινι IPE 12.40.18""},{""biblio"":"""",""quote"":""ἰ. πρός τι""},{""biblio"":""Hdn. | 6.3.2"",""quote"":""ἰ. πρός τι Hdn. 6.3.2""},{""biblio"":"""",""quote"":""χρυσίον""},{""biblio"":""Inscr.Délos | 313a"",""quote"":""χρυσίον Inscr.Délos 313a""},{""biblio"":"""",""quote"":""-όπως, ἀφιέναι""},{""biblio"":""Hp. | Art. | 43"",""quote"":""-όπως, ἀφιέναι Hp. Art. 43""},{""biblio"":"""",""quote"":""πορεύεσθαι""},{""biblio"":""Pl. | Phdr. | 247b"",""quote"":""πορεύεσθαι Pl. Phdr. 247b""},{""biblio"":"""",""quote"":""ἀγωνίσασθαι""},{""biblio"":""D.C. | 41.61"",""quote"":""ἀγωνίσασθαι D.C. 41.61""}]","[""A. | Pers. | 346"",""Arist. | EN | 1164b4"",""D.C. | 41.61"",""Hdn. | 6.3.2"",""Hdn. | 6.7.8"",""Hp. | Art. | 43"",""IG | 22.1013.34"",""IPE | 12.40.18"",""Id. | Lg. | 733c"",""Inscr.Délos | 313a"",""Pl. | Phdr. | 247b"",""Pl. | Ti. | 52e"",""Th. | 1.105""]",{},[],1,1,1,1,0,4,9,1,26
51147,10,1504,n51147,ἰσόρυθμος,,,839,,"[""of like form, Pi. Pae.Fr. 90 .""]","[""of like form""]",[],[],[],{},[],1,1,0,0,0,1,1,0,0
51148,10,1505,n51148,ἴσος,Adv.,τό,839,,"[""equal in size, strength, or number, c. dat., κύματα ἶσα ὄρεσσιν Od. 3.290 , etc.; freq. of appearance,like, ἶσος ἀναύδῳ 10.378 ; ἶσος Ἄρευι Sapph. 91 (dub.);ἴσος θεοῖσιν Ead. 2.1 : freq.abs., ἴσην . . βίην καὶ κῦδος Il. 7.205 ;ἶσον θυμὸν ἔχειν to be of like mind, 13.704 , 17.720 : neut. as Adv., ἶσον ἐμοὶ φρονέουσα 15.50 ; θεοῖσιν ἶς' ἔθελε φρονέειν 5.441 , cf. 21.315 , etc.;ἴσος τινὶ τὸ μέγαθος, ὕψος, Hdt. 2.32 , 124 ;τὸ μῆκος, τὸ πλάτος, X. An. 5.4.32 ; ἀριθμόν E. Supp. 662 ;ἴσα τὸν ἀ. Pl. R. 441c ;ποτὴν ἴσον equal in flight of song, Alex.Aet. 5.5 ;ἴσον,τό ,copy of a document, PLond. 3.1222.5 (ii A.D.), etc.: with dat. pers. in place of an object of comparison,οὐ μὲν σοί ποτε ἶσον ἔχω γέρας(i.e.τῷ σῷ γέραϊ) Il. 1.163 ;τοῖσδ' ἴσας ναῦς(i.e.ταῖς τῶνδε) E. IA 262 (lyr.); ἴσα τοῖς νῦν στρατηγοῖς ἀγάθ' εἰργασμένους D. 13.21 : folld. by a relative word,ἐμοὶ ἴσον . . , ὅσονπερ ὑμῖν the same to me as to you, Ar. Ec. 173 ; τὰ ἐκεῖ ἴσα, ὥσπερ τὰ ἐνθάδε Lys. 19.36 codd. (fort.σᾶ); τὰ ἴσα ὅσαπερ . .Lex ap. D. 23.44 ; ἴσον . . ὅπερ Pl. Erx. 405b ."",""repeated to denote equal relations,ἴσα πρὸς ἴσα tit for tat, Hdt. 1.2 ; ταχθέντες ἴσοι πρὸς ἴσους S. Ant. 142 (anap.); ἴσους ἴσοισι . . ἀντιθείς E. Ph. 750 ; ἴσα ἀντὶ ἴσων λαμβάνειν, ἐκδοῦναι Pl. Lg. 774c ;ἴσος ἴσῳ(sc.οἶνος ὕδατι) Cratin. 184 , Com.Adesp. 107 , etc.;κύλικος ἴσον ἴσῳ κεκραμένης(where ἴσον is adverbial) Ar. Pl. 1132 ; διδόναι γάλα καὶ οἶνον πίνειν ἴσον ἴσῳ Hp. Epid. 2.5.1 : metaph., 'fairly blended', μηδὲν ἴσον ἴσῳ φέρων Ar. Ach. 354 ."",""of persons,equal in rights, βούλεται ἡ πόλις ἐξ ἴσων εἶναι καὶ ὁμοίων Arist. Pol. 1295b25 ;ἡ πολιτικὴ ἐλευθέρων καὶ ἴσων ἀρχή ib. 1255b20 ;τὸ κατ' ἀξίαν ἴ. ib. 1307a26 , al."",""equally divided or distributed, ἴση μοῖρα Il. 9.318 ;ἴση alone,one's equal share, μή τίς μοι ἀτεμβόμενος κίοι ἴσης Od. 9.42 (ἴσσης cj. Fick, cf.ἴσσασθαι) ; τὴν ἴ. ἔχων Cratin. 250 ;οὐ μὴν ἴ. ἔτεισεν(sc.τίσιν) S. OT 810 ;ἄχρι τῆς ἴ. up to the point of equality, D. 5.17 : neut., μὴ ἴσον νεῖμαι ἑκατέρῳ Pl. Prt. 337a ; οὐ μόνον ἴσον, ἀλλὰ καὶ πλέον ἔχειν Isoc. 17.57 ;οὐκ ἀνέξῃ δωμάτων ἔχων ἴσον καὶ τῷδε νεῖμαι; E. Ph. 547 ;τὰ ἴσα fair measure, τὰ ἴ. νέμειν Hdt. 6.11 ;μὴ ἴσων ἕκαστον τυγχάνειν ἀλλὰ πλεονεκτεῖν, X. Cyr. 2.2.20 ;προστυχεῖν τῶν ἴ. to obtain fair terms, S. Ph. 552 ;κἂν ἴσαι(sc.ψῆφοι)γένωνται equally divided, Ar. Ra. 685 ."",""based on equality of rights, ἴ. καὶ ἔννομος πολιτ εία Aeschin. 1.5 ; τὴν πολιτείαν ἰσαιτέραν καθιστάναι Th. 8.89 ;τὰ ἴ.equal rights, equality, freq. joined with τὰ ὅμοια or τὰ δίκαια, ὡς τῆς πολιτείας ἐσομένης ἐν τοῖς ἴ. καὶ ὁμοίοις X. HG 7.1.45 ; τῶν ἴ. καὶ τῶν δικαίων ἕκαστος ἡγεῖται ἑαυτῷ μετεῖναι ἐν τῇ δημοκρατίᾳ D. 21.67 ;οὐ μέτεστι τῶν ἴ. οὐδὲ τῶν ὁμοίων πρὸς τοὺς πλουσίους τοῖς λοιποῖς ib. 112 ;τῶν ἴ. μετεῖχε τοῖς ἄλλοις ib. 96 ; also ἡ ἴ. καὶ ὁμοία(sc.δίκη) , τῆς ἴ. καὶ ὁμοίας μετέχειν Th. 4.105 ;ἐπ' ἴ. τε καὶ ὁμοίῃ on fair and equal terms, Hdt. 9.7 ,ά, cf. Th. 1.145 ;ἐπὶ τῇ ἴ. καὶ ὁμοίᾳ ib. 27 , cf. SIG 312.27 (Samos,iv B.C.), OGI 229.44 (Smyrna,iii B.C.), etc.: generally,just, fair,ἐκ ποίας ἴ. καὶ δικαίας προφάς εως; D. 18.284 ."",""of persons,fair, impartial, S. Ph. 684 (lyr.), OT 677 ; ἴ. δικαστής Pl. Lg. 957c ; ἴ. καὶ κοινοὶ ἀκροαταί D. 29.1 , cf. 18.7 ; ἴ. καὶ κοινὸν δικαστήριον Id. 7.36 ; κοινοὺς μὲν . . , ἴ. δὲ μή Pl. Prt. 337a ; ἴ. ἴσθι κρινων Men. Mon. 266 , cf. 257 ; κριταὶ ἴ. καὶ δίκαιοι Plb. 24.15.3 , etc."",""adequate, ἡ ἴ. φρουρά Th. 7.27 (expld. by Sch. as regular,τεταγμένη); ἴσος τοῖς παροῦσι Id. 1.132 ."",""of ground,even, flat,εἰς τὸ ἴ. καταβαίνειν, of an army, X. An. 4.6.18 (but ἐν ἴσῳ προσιέναι to advance with even step, ib. 1.8.11 );λέουσιν εἰς τὸ ἴ. καθιστάμενοι μάχεσθαι, opp.μετὰ πλεονεξίας ἀγωνίζεσθαι,on even terms, Id. Cyr. 1.6.28 ;ἴ. τοῖχος, opp.κεκλικώς,perpendicular, Phlp. in APo. 2.27 ."",""Adv. ἴσως(v. sub voc.): but also,"",""neut. sg. and pl. from Hom. downwds. (v. sub init.),ἶσον . . ἀπήχθετο κηρὶ μελαίνῃ even as Death, Il. 3.454 ;ἶσον ἐμοὶ βασίυε be king like me, 9.616 ;ἶσον γάρ σε θεῷ τίσουσιν Ἀχαιοί ib. 603 ; ἶσον ἐμῇ κεφαλῇ 18.82 ; τὸν . . ἶσα θεῷ . . εἰσορόωσιν Od. 15.520 ; ἶσα φίλοισι τέκεσσι Il. 5.71 , cf. 13.176 , Od. 1.432 , 11.304 , etc.: later abs.,alike, δείλαιε τοῦ νοῦ τῆς τε συμφορᾶς ἴσον S. OT 1347 ; τὴν Σάμον καὶ Ἡρακλέας στήλας ἴσον ἀπέχειν Hdt. 8.132 : c. dat., ἴσον ναοῖς θεῶν E. Hel. 801 ;ἴσον ἄπεσμεν τῷ πρίν equally as before, Id. Hipp. 302 ( v.l. τῶν πρίν ) ; ἴσα τοῖς πάνυ D.C. Fr. 70.6 ;ἴσα καί . . like as, as if, S. OT 1187 (lyr.), E. El. 994 (anap.), Th. 3.14 ; ἴσον ὡς . . E. Ion 1363 ;ὥσπερ. . S. El. 532 ; ὥστε . . E. Or. 882 ; ἅτε . . Id. HF 667 (lyr.); ὅσονπερ . . D. 15.1 ."",""with Preps.:ἀπὸ τῆς ἴσης equally, Th. 1.15 ; ὁ ἀπὸ τῆς ἴ. ἐχθρός Id. 3.40 ; ἀπ' ἴσης εἶναι D. 14.6 ; ἀφ' ἵσου SIG 426.14 (Teos,iii B.C.); δι' ἴσου D.C. 43.37 ; at equal distance, Pl. R. 617b : also in Math.,ex aequali, of proportions, Euc. 5 Def. 17 , al.;δι' ἴ. ἐν τεταραγμένῃ ἀναλογίᾳ ex aequali in disturbed proportion, Archim. Sph.Cyl. 2.4 ,al., Papp. 932.11 ;ἐν ἴσῳ equally, Th. 2.53 , 4.65 ;ἐν ἴσῳ ἐστί it matters not, E. IA 1199 ; ἐν ἴσῳ [ἐστὶ] καὶ εἰ . . Th. 2.60 ; ἐν τῷ ἴσῳ εἶναι Id. 4.10 ; ἐξ ἴσης Pl. Lg. 861a : more freq. ἐξ ἴσου Hdt. 7.135 , S. OT 563 , etc.; ἐξ ἴ. τινί Id. Ant. 516 , 644 , Antipho 5.1 , Pl. Grg. 517a ;evenly, εὐθεῖα γραμμή ἐστιν ἥτις ἐξ ἴ. τοῖς ἐφ' ἑαυτῆς σημείοις κεῖται Euc. 1 Def. 4 ; ἐξ ἴ. καὶ . . S. OC 254 ; ὡς . . Id. OT 61 ;οἱ ἐξ ἴ. persons of equal station, Pl. Lg. 777d , cf. 919d ; ὁ ἐξ ἴ. κίνδυνος Plb. 9.4.4 ; ἐκ τοῦ ἴ. γίγνεσθαί τινι Th. 2.3 ; τοῖς ἐκ τοῦ ἴσου ἡμῖν οὖσι X. Hier. 8.5 ; ἐξ ἴσου τισὶ τῆς πολιτείας μεταδιδόναι Lys. 25.3 ;ἐκ τοῦ ἴ. μάχεσθαι to be evenly matched, X. HG 2.4.16 ; ἐξ ἴ. πολεμεῖν D. 8.47 ;κατὰ μῆνα τὸ αἱροῦν ἐξ ἴ. the sum due in equal monthly instalments, PAmh. 2.92.14 , etc.;ἐπὶ or ἐπ' ἴσης, ἐπὶ ἴ. διαφέρειν τὸν πόλεμον Hdt. 1.74 ; τοῦτο ἐπ' ἴσης ἔχει Id. 7.50 , cf. S. El. 1062 (lyr.), etc.; ἐπ' ἴσου Plb. 1.18.10 ; ἐπ' ἴσον Id. 6.38.4 , cf. Docum. ap. D. 18.106 , Phld. Ir. p.21 W.; ἐπὶ ἶσα μάχη τέτατο Il. 12.436 ; cf. κατὰ ἶσα μάχην ἐτάνυσσε 11.336 ; κατ' ἴσον Dsc. 1.68.6 , Gal. UP 1.19 ;μετ' ἴσου equally, Demetr.Lac. Herc. 124.12 ."",""Comp. ἰσαίτερος E. Supp. 441 , Th. 8.89 , X. HG 7.1.14 : Sup. ἰσότατος Timo 68 ; ἰσαίτατος Ph. 1.462 .Adv. ὡς ἰσαίτατα Pl. Lg. 744c , but ὡς ἰσότατα SIG 531.30 (Dyme). [ῑ in early Ep. (exc. Hes. Op. 752 ), cf. Sol. 24.1 :ῐ first in Thgn. 678 , Sapph. 2.1 (but ἶσος Ead. 91 s.v.l.), B. 5.46 (but ἶσον 1.62 , Fr. 2.2 ), and always in Pi. (exc. in compd.ῑσοδαίμων) and Trag. ( A. Fr. 216 is dub. l.) exc. in compd.ῑσό-θεος(q.v.); dub. in ἰσ-όνειρος. Both quantities are found in later poetry, sts. in same line, ἔχοισαν ἴσον κάτω, ἶσον ἄνωθεν Theoc. 8.19 ; πρέσβυν ἴσον κούροις, ἶσον ἁδόντα κόραις APl. 4.309 .]""]","[""equal"",""like"",""like"",""equal"",""copy"",""the same"",""tit"",""tat"",""equal in rights"",""equally divided"",""distributed"",""one's equal share"",""the point of equality"",""fair measure"",""fair terms"",""equally divided"",""based on equality of rights"",""equal rights, equality"",""fair"",""just, fair"",""fair, impartial"",""adequate"",""regular"",""even, flat"",""with even step"",""on even terms"",""perpendicular"",""even as"",""like"",""alike"",""equally"",""like as, as if"",""equally"",""equal"",""ex aequali"",""ex aequali"",""equally"",""evenly"",""of equal station"",""to be evenly matched"",""equal"",""equally""]",[],"[{""biblio"":"""",""quote"":""κύματα ἶσα ὄρεσσιν""},{""biblio"":""Od. | 3.290"",""quote"":""κύματα ἶσα ὄρεσσιν Od. 3.290""},{""biblio"":"""",""quote"":""ἶσος ἀναύδῳ""},{""biblio"":""10.378"",""quote"":""ἶσος ἀναύδῳ 10.378""},{""biblio"":"""",""quote"":""ἶσος Ἄρευι""},{""biblio"":""Sapph. | 91"",""quote"":""ἶσος Ἄρευι Sapph. 91""},{""biblio"":"""",""quote"":""ἴσην . . βίην καὶ κῦδος""},{""biblio"":""Il. | 7.205"",""quote"":""ἴσην . . βίην καὶ κῦδος Il. 7.205""},{""biblio"":"""",""quote"":""ἶσον ἐμοὶ φρονέουσα""},{""biblio"":""15.50"",""quote"":""ἶσον ἐμοὶ φρονέουσα 15.50""},{""biblio"":"""",""quote"":""θεοῖσιν ἶς' ἔθελε φρονέειν""},{""biblio"":""5.441"",""quote"":""θεοῖσιν ἶς' ἔθελε φρονέειν 5.441""},{""biblio"":"""",""quote"":""ἀριθμόν""},{""biblio"":""E. | Supp. | 662"",""quote"":""ἀριθμόν E. Supp. 662""},{""biblio"":"""",""quote"":""ἴσα τοῖς νῦν στρατηγοῖς ἀγάθ' εἰργασμένους""},{""biblio"":""D. | 13.21"",""quote"":""ἴσα τοῖς νῦν στρατηγοῖς ἀγάθ' εἰργασμένους D. 13.21""},{""biblio"":"""",""quote"":""τὰ ἐκεῖ ἴσα, ὥσπερ τὰ ἐνθάδε""},{""biblio"":""Lys. | 19.36"",""quote"":""τὰ ἐκεῖ ἴσα, ὥσπερ τὰ ἐνθάδε Lys. 19.36""},{""biblio"":"""",""quote"":""ἴσον . . ὅπερ""},{""biblio"":""Pl. | Erx. | 405b"",""quote"":""ἴσον . . ὅπερ Pl. Erx. 405b""},{""biblio"":"""",""quote"":""ταχθέντες ἴσοι πρὸς ἴσους""},{""biblio"":""S. | Ant. | 142"",""quote"":""ταχθέντες ἴσοι πρὸς ἴσους S. Ant. 142""},{""biblio"":"""",""quote"":""ἴσους ἴσοισι . . ἀντιθείς""},{""biblio"":""E. | Ph. | 750"",""quote"":""ἴσους ἴσοισι . . ἀντιθείς E. Ph. 750""},{""biblio"":"""",""quote"":""ἴσα ἀντὶ ἴσων λαμβάνειν, ἐκδοῦναι""},{""biblio"":""Pl. | Lg. | 774c"",""quote"":""ἴσα ἀντὶ ἴσων λαμβάνειν, ἐκδοῦναι Pl. Lg. 774c""},{""biblio"":"""",""quote"":""διδόναι γάλα καὶ οἶνον πίνειν ἴσον ἴσῳ""},{""biblio"":""Hp. | Epid. | 2.5.1"",""quote"":""διδόναι γάλα καὶ οἶνον πίνειν ἴσον ἴσῳ Hp. Epid. 2.5.1""},{""biblio"":"""",""quote"":""μηδὲν ἴσον ἴσῳ φέρων""},{""biblio"":""Ar. | Ach. | 354"",""quote"":""μηδὲν ἴσον ἴσῳ φέρων Ar. Ach. 354""},{""biblio"":"""",""quote"":""βούλεται ἡ πόλις ἐξ ἴσων εἶναι καὶ ὁμοίων""},{""biblio"":""Arist. | Pol. | 1295b25"",""quote"":""βούλεται ἡ πόλις ἐξ ἴσων εἶναι καὶ ὁμοίων Arist. Pol. 1295b25""},{""biblio"":"""",""quote"":""ἴση μοῖρα""},{""biblio"":""Il. | 9.318"",""quote"":""ἴση μοῖρα Il. 9.318""},{""biblio"":"""",""quote"":""μή τίς μοι ἀτεμβόμενος κίοι ἴσης""},{""biblio"":""Od. | 9.42"",""quote"":""μή τίς μοι ἀτεμβόμενος κίοι ἴσης Od. 9.42""},{""biblio"":"""",""quote"":""; τὴν ἴ. ἔχων""},{""biblio"":""Cratin. | 250"",""quote"":""; τὴν ἴ. ἔχων Cratin. 250""},{""biblio"":"""",""quote"":""μὴ ἴσον νεῖμαι ἑκατέρῳ""},{""biblio"":""Pl. | Prt. | 337a"",""quote"":""μὴ ἴσον νεῖμαι ἑκατέρῳ Pl. Prt. 337a""},{""biblio"":"""",""quote"":""οὐ μόνον ἴσον, ἀλλὰ καὶ πλέον ἔχειν""},{""biblio"":""Isoc. | 17.57"",""quote"":""οὐ μόνον ἴσον, ἀλλὰ καὶ πλέον ἔχειν Isoc. 17.57""},{""biblio"":"""",""quote"":""τὰ ἴ. νέμειν""},{""biblio"":""Hdt. | 6.11"",""quote"":""τὰ ἴ. νέμειν Hdt. 6.11""},{""biblio"":"""",""quote"":""ἴ. καὶ ἔννομος πολιτ εία""},{""biblio"":""Aeschin. | 1.5"",""quote"":""ἴ. καὶ ἔννομος πολιτ εία Aeschin. 1.5""},{""biblio"":"""",""quote"":""τὴν πολιτείαν ἰσαιτέραν καθιστάναι""},{""biblio"":""Th. | 8.89"",""quote"":""τὴν πολιτείαν ἰσαιτέραν καθιστάναι Th. 8.89""},{""biblio"":"""",""quote"":""τὰ δίκαια, ὡς τῆς πολιτείας ἐσομένης ἐν τοῖς ἴ. καὶ ὁμοίοις""},{""biblio"":""X. | HG | 7.1.45"",""quote"":""τὰ δίκαια, ὡς τῆς πολιτείας ἐσομένης ἐν τοῖς ἴ. καὶ ὁμοίοις X. HG 7.1.45""},{""biblio"":"""",""quote"":""τῶν ἴ. καὶ τῶν δικαίων ἕκαστος ἡγεῖται ἑαυτῷ μετεῖναι ἐν τῇ δημοκρατίᾳ""},{""biblio"":""D. | 21.67"",""quote"":""τῶν ἴ. καὶ τῶν δικαίων ἕκαστος ἡγεῖται ἑαυτῷ μετεῖναι ἐν τῇ δημοκρατίᾳ D. 21.67""},{""biblio"":"""",""quote"":"", τῆς ἴ. καὶ ὁμοίας μετέχειν""},{""biblio"":""Th. | 4.105"",""quote"":"", τῆς ἴ. καὶ ὁμοίας μετέχειν Th. 4.105""},{""biblio"":"""",""quote"":""ἴ. δικαστής""},{""biblio"":""Pl. | Lg. | 957c"",""quote"":""ἴ. δικαστής Pl. Lg. 957c""},{""biblio"":"""",""quote"":""ἴ. καὶ κοινοὶ ἀκροαταί""},{""biblio"":""D. | 29.1"",""quote"":""ἴ. καὶ κοινοὶ ἀκροαταί D. 29.1""},{""biblio"":"""",""quote"":""ἴ. καὶ κοινὸν δικαστήριον""},{""biblio"":""Id. | 7.36"",""quote"":""ἴ. καὶ κοινὸν δικαστήριον Id. 7.36""},{""biblio"":"""",""quote"":""κοινοὺς μὲν . . , ἴ. δὲ μή""},{""biblio"":""Pl. | Prt. | 337a"",""quote"":""κοινοὺς μὲν . . , ἴ. δὲ μή Pl. Prt. 337a""},{""biblio"":"""",""quote"":""ἴ. ἴσθι κρινων""},{""biblio"":""Men. | Mon. | 266"",""quote"":""ἴ. ἴσθι κρινων Men. Mon. 266""},{""biblio"":"""",""quote"":""κριταὶ ἴ. καὶ δίκαιοι""},{""biblio"":""Plb. | 24.15.3"",""quote"":""κριταὶ ἴ. καὶ δίκαιοι Plb. 24.15.3""},{""biblio"":"""",""quote"":""ἡ ἴ. φρουρά""},{""biblio"":""Th. | 7.27"",""quote"":""ἡ ἴ. φρουρά Th. 7.27""},{""biblio"":"""",""quote"":""παροῦσι""},{""biblio"":""Id. | 1.132"",""quote"":""παροῦσι Id. 1.132""},{""biblio"":"""",""quote"":""ἶσον ἐμῇ κεφαλῇ""},{""biblio"":""18.82"",""quote"":""ἶσον ἐμῇ κεφαλῇ 18.82""},{""biblio"":"""",""quote"":""τὸν . . ἶσα θεῷ . . εἰσορόωσιν""},{""biblio"":""Od. | 15.520"",""quote"":""τὸν . . ἶσα θεῷ . . εἰσορόωσιν Od. 15.520""},{""biblio"":"""",""quote"":""ἶσα φίλοισι τέκεσσι""},{""biblio"":""Il. | 5.71"",""quote"":""ἶσα φίλοισι τέκεσσι Il. 5.71""},{""biblio"":"""",""quote"":""δείλαιε τοῦ νοῦ τῆς τε συμφορᾶς ἴσον""},{""biblio"":""S. | OT | 1347"",""quote"":""δείλαιε τοῦ νοῦ τῆς τε συμφορᾶς ἴσον S. OT 1347""},{""biblio"":"""",""quote"":""τὴν Σάμον καὶ Ἡρακλέας στήλας ἴσον ἀπέχειν""},{""biblio"":""Hdt. | 8.132"",""quote"":""τὴν Σάμον καὶ Ἡρακλέας στήλας ἴσον ἀπέχειν Hdt. 8.132""},{""biblio"":"""",""quote"":""ἴσον ναοῖς θεῶν""},{""biblio"":""E. | Hel. | 801"",""quote"":""ἴσον ναοῖς θεῶν E. Hel. 801""},{""biblio"":"""",""quote"":""; ἴσα τοῖς πάνυ""},{""biblio"":""D.C. | Fr. | 70.6"",""quote"":""; ἴσα τοῖς πάνυ D.C. Fr. 70.6""},{""biblio"":"""",""quote"":""ἴσον ὡς . .""},{""biblio"":""E. | Ion | 1363"",""quote"":""ἴσον ὡς . . E. Ion 1363""},{""biblio"":"""",""quote"":""ὥστε . .""},{""biblio"":""E. | Or. | 882"",""quote"":""ὥστε . . E. Or. 882""},{""biblio"":"""",""quote"":""ἅτε . .""},{""biblio"":""Id. | HF | 667"",""quote"":""ἅτε . . Id. HF 667""},{""biblio"":"""",""quote"":""ὅσονπερ . .""},{""biblio"":""D. | 15.1"",""quote"":""ὅσονπερ . . D. 15.1""},{""biblio"":"""",""quote"":""ὁ ἀπὸ τῆς ἴ. ἐχθρός""},{""biblio"":""Id. | 3.40"",""quote"":""ὁ ἀπὸ τῆς ἴ. ἐχθρός Id. 3.40""},{""biblio"":"""",""quote"":""ἀπ' ἴσης εἶναι""},{""biblio"":""D. | 14.6"",""quote"":""ἀπ' ἴσης εἶναι D. 14.6""},{""biblio"":"""",""quote"":""ἀφ' ἵσου""},{""biblio"":""SIG | 426.14"",""quote"":""ἀφ' ἵσου SIG 426.14""},{""biblio"":"""",""quote"":""δι' ἴσου""},{""biblio"":""D.C. | 43.37"",""quote"":""δι' ἴσου D.C. 43.37""},{""biblio"":"""",""quote"":""ἐν ἴσῳ [ἐστὶ] καὶ εἰ . .""},{""biblio"":""Th. | 2.60"",""quote"":""ἐν ἴσῳ [ἐστὶ] καὶ εἰ . . Th. 2.60""},{""biblio"":"""",""quote"":""ἐν τῷ ἴσῳ εἶναι""},{""biblio"":""Id. | 4.10"",""quote"":""ἐν τῷ ἴσῳ εἶναι Id. 4.10""},{""biblio"":"""",""quote"":""ἐξ ἴσης""},{""biblio"":""Pl. | Lg. | 861a"",""quote"":""ἐξ ἴσης Pl. Lg. 861a""},{""biblio"":"""",""quote"":""ἐξ ἴσου""},{""biblio"":""Hdt. | 7.135"",""quote"":""ἐξ ἴσου Hdt. 7.135""},{""biblio"":"""",""quote"":""ἐξ ἴ. τινί""},{""biblio"":""Id. | Ant. | 516"",""quote"":""ἐξ ἴ. τινί Id. Ant. 516""},{""biblio"":"""",""quote"":""εὐθεῖα γραμμή ἐστιν ἥτις ἐξ ἴ. τοῖς ἐφ' ἑαυτῆς σημείοις κεῖται""},{""biblio"":""Euc. | 1"",""quote"":""εὐθεῖα γραμμή ἐστιν ἥτις ἐξ ἴ. τοῖς ἐφ' ἑαυτῆς σημείοις κεῖται Euc. 1""},{""biblio"":"""",""quote"":""ἐξ ἴ. καὶ . .""},{""biblio"":""S. | OC | 254"",""quote"":""ἐξ ἴ. καὶ . . S. OC 254""},{""biblio"":"""",""quote"":""ὡς . .""},{""biblio"":""Id. | OT | 61"",""quote"":""ὡς . . Id. OT 61""},{""biblio"":"""",""quote"":""ὁ ἐξ ἴ. κίνδυνος""},{""biblio"":""Plb. | 9.4.4"",""quote"":""ὁ ἐξ ἴ. κίνδυνος Plb. 9.4.4""},{""biblio"":"""",""quote"":""ἐκ τοῦ ἴ. γίγνεσθαί τινι""},{""biblio"":""Th. | 2.3"",""quote"":""ἐκ τοῦ ἴ. γίγνεσθαί τινι Th. 2.3""},{""biblio"":"""",""quote"":""τοῖς ἐκ τοῦ ἴσου ἡμῖν οὖσι""},{""biblio"":""X. | Hier. | 8.5"",""quote"":""τοῖς ἐκ τοῦ ἴσου ἡμῖν οὖσι X. Hier. 8.5""},{""biblio"":"""",""quote"":""ἐξ ἴσου τισὶ τῆς πολιτείας μεταδιδόναι""},{""biblio"":""Lys. | 25.3"",""quote"":""ἐξ ἴσου τισὶ τῆς πολιτείας μεταδιδόναι Lys. 25.3""},{""biblio"":"""",""quote"":""ἐξ ἴ. πολεμεῖν""},{""biblio"":""D. | 8.47"",""quote"":""ἐξ ἴ. πολεμεῖν D. 8.47""},{""biblio"":"""",""quote"":""ἐπ' ἴσης, ἐπὶ ἴ. διαφέρειν τὸν πόλεμον""},{""biblio"":""Hdt. | 1.74"",""quote"":""ἐπ' ἴσης, ἐπὶ ἴ. διαφέρειν τὸν πόλεμον Hdt. 1.74""},{""biblio"":"""",""quote"":""τοῦτο ἐπ' ἴσης ἔχει""},{""biblio"":""Id. | 7.50"",""quote"":""τοῦτο ἐπ' ἴσης ἔχει Id. 7.50""},{""biblio"":"""",""quote"":""ἐπ' ἴσου""},{""biblio"":""Plb. | 1.18.10"",""quote"":""ἐπ' ἴσου Plb. 1.18.10""},{""biblio"":"""",""quote"":""ἐπ' ἴσον""},{""biblio"":""Id. | 6.38.4"",""quote"":""ἐπ' ἴσον Id. 6.38.4""},{""biblio"":"""",""quote"":""ἐπὶ ἶσα μάχη τέτατο""},{""biblio"":""Il. | 12.436"",""quote"":""ἐπὶ ἶσα μάχη τέτατο Il. 12.436""},{""biblio"":"""",""quote"":""κατὰ ἶσα μάχην ἐτάνυσσε""},{""biblio"":""11.336"",""quote"":""κατὰ ἶσα μάχην ἐτάνυσσε 11.336""},{""biblio"":"""",""quote"":""κατ' ἴσον""},{""biblio"":""Dsc. | 1.68.6"",""quote"":""κατ' ἴσον Dsc. 1.68.6""},{""biblio"":"""",""quote"":""ἰσαίτερος""},{""biblio"":""E. | Supp. | 441"",""quote"":""ἰσαίτερος E. Supp. 441""},{""biblio"":"""",""quote"":""ἰσαίτατος""},{""biblio"":""Ph. | 1.462"",""quote"":""ἰσαίτατος Ph. 1.462""},{""biblio"":"""",""quote"":""ὡς ἰσαίτατα""},{""biblio"":""Pl. | Lg. | 744c"",""quote"":""ὡς ἰσαίτατα Pl. Lg. 744c""},{""biblio"":"""",""quote"":""ὡς ἰσότατα""},{""biblio"":""SIG | 531.30"",""quote"":""ὡς ἰσότατα SIG 531.30""},{""biblio"":"""",""quote"":""ἶσον""},{""biblio"":""1.62"",""quote"":""ἶσον 1.62""},{""biblio"":"""",""quote"":""ἔχοισαν ἴσον κάτω, ἶσον ἄνωθεν""},{""biblio"":""Theoc. | 8.19"",""quote"":""ἔχοισαν ἴσον κάτω, ἶσον ἄνωθεν Theoc. 8.19""},{""biblio"":"""",""quote"":""πρέσβυν ἴσον κούροις, ἶσον ἁδόντα κόραις""},{""biblio"":""APl. | 4.309"",""quote"":""πρέσβυν ἴσον κούροις, ἶσον ἁδόντα κόραις APl. 4.309""}]","[""1.62"",""10.378"",""11.336"",""15.50"",""18.82"",""5.441"",""APl. | 4.309"",""Aeschin. | 1.5"",""Ar. | Ach. | 354"",""Arist. | Pol. | 1295b25"",""Cratin. | 250"",""D. | 13.21"",""D. | 14.6"",""D. | 15.1"",""D. | 21.67"",""D. | 29.1"",""D. | 8.47"",""D.C. | 43.37"",""D.C. | Fr. | 70.6"",""Dsc. | 1.68.6"",""E. | Hel. | 801"",""E. | Ion | 1363"",""E. | Or. | 882"",""E. | Ph. | 750"",""E. | Supp. | 441"",""E. | Supp. | 662"",""Euc. | 1"",""Hdt. | 1.74"",""Hdt. | 6.11"",""Hdt. | 7.135"",""Hdt. | 8.132"",""Hp. | Epid. | 2.5.1"",""Id. | 1.132"",""Id. | 3.40"",""Id. | 4.10"",""Id. | 6.38.4"",""Id. | 7.36"",""Id. | 7.50"",""Id. | Ant. | 516"",""Id. | HF | 667"",""Id. | OT | 61"",""Il. | 12.436"",""Il. | 5.71"",""Il. | 7.205"",""Il. | 9.318"",""Isoc. | 17.57"",""Lys. | 19.36"",""Lys. | 25.3"",""Men. | Mon. | 266"",""Od. | 15.520"",""Od. | 3.290"",""Od. | 9.42"",""Ph. | 1.462"",""Pl. | Erx. | 405b"",""Pl. | Lg. | 744c"",""Pl. | Lg. | 774c"",""Pl. | Lg. | 861a"",""Pl. | Lg. | 957c"",""Pl. | Prt. | 337a"",""Plb. | 1.18.10"",""Plb. | 24.15.3"",""Plb. | 9.4.4"",""S. | Ant. | 142"",""S. | OC | 254"",""S. | OT | 1347"",""SIG | 426.14"",""SIG | 531.30"",""Sapph. | 91"",""Th. | 2.3"",""Th. | 2.60"",""Th. | 4.105"",""Th. | 7.27"",""Th. | 8.89"",""Theoc. | 8.19"",""X. | HG | 7.1.45"",""X. | Hier. | 8.5""]",{},"[{""type"":""ref"",""target"":"""",""text"":""τῶν πρίν""},{""type"":"""",""target"":"""",""text"":""v.l. τῶν πρίν""}]",1,1,0,1,1,12,42,0,154
51149,10,1506,n51149,ἰσοσθέν-εια,,ἡ,839,,"[""equipollence, [τῶν αἰσθήσεων] Epicur. Fr. 36 , cf. Chrysipp.Stoic. 2.37 , S.E. P. 1.8 , D.L. 9.74 .""]","[""equipollence""]",[],[],[],{},[],1,1,0,0,0,1,1,0,0
51150,10,1507,n51150,ἰσοσθεν-έω,,,839,,"[""possess equal force, [ κινήσεων] κατ' ἴσον ἀμφοῖν -σθενουσῶν Gal. UP 1.19 ; of arguments, D.L. 9.73 ;to be equal in strength, of military forces, Ascl. Tact. 3.2 , 4 .""]","[""possess equal force"",""to be equal in strength""]",[],"[{""biblio"":"""",""quote"":""κινήσεων] κατ' ἴσον ἀμφοῖν -σθενουσῶν""},{""biblio"":""Gal. | UP | 1.19"",""quote"":""κινήσεων] κατ' ἴσον ἀμφοῖν -σθενουσῶν Gal. UP 1.19""}]","[""Gal. | UP | 1.19""]",{},[],1,1,0,1,0,1,2,0,2
51151,10,1508,n51151,ἰσοσθεν-ής,Adv.,,839,,"[""equal in force or power, πενίαν ἰ. πλούτῳ ποιεῖν Democr. 284 ; ἀδάμαντος ἰ. ἆορ Opp. H. 2.466 ;μύες τὴν ῥώμην ἰ. Gal. UP 7.14 ;evenly balanced, μάχαι Id. 1.364 ; διαφωνία S.E. P. 1.26 ;τὸ ἰ. D.L. 9.107 .Adv. -νῶς Gal. 9.81 .""]","[""equal in force"",""power"",""evenly balanced""]",[],"[{""biblio"":"""",""quote"":""πενίαν ἰ. πλούτῳ ποιεῖν""},{""biblio"":""Democr. | 284"",""quote"":""πενίαν ἰ. πλούτῳ ποιεῖν Democr. 284""},{""biblio"":"""",""quote"":""ἀδάμαντος ἰ. ἆορ""},{""biblio"":""Opp. | H. | 2.466"",""quote"":""ἀδάμαντος ἰ. ἆορ Opp. H. 2.466""},{""biblio"":"""",""quote"":""μάχαι""},{""biblio"":""Id. | 1.364"",""quote"":""μάχαι Id. 1.364""},{""biblio"":"""",""quote"":""διαφωνία""},{""biblio"":""S.E. | P. | 1.26"",""quote"":""διαφωνία S.E. P. 1.26""},{""biblio"":"""",""quote"":""-νῶς""},{""biblio"":""Gal. | 9.81"",""quote"":""-νῶς Gal. 9.81""}]","[""Democr. | 284"",""Gal. | 9.81"",""Id. | 1.364"",""Opp. | H. | 2.466"",""S.E. | P. | 1.26""]",{},[],1,1,0,1,0,1,3,0,10
51152,10,1509,n51152,ἰσοσκέλ-εια,,ἡ,839,,"[""having two sides equal;κατ' -ειαν in trine aspect, Ptol. Tetr. 125 .""]","[""having two sides equal"",""in trine aspect""]",[],[],[],{},[],1,1,0,0,0,1,2,0,0
51153,10,1510,n51153,ἰσοσκελ-ής,,,839,,"[""with equal legs, esp. in Geom.,having two sides equal, isosceles, τρίγωνον Pl. Ti. 54a , etc.;τὸ ἰ. Arist. APo. 41b14 ."",""of numbers,that can be divided into two equal parts, even(as 6 = 3 + 3 ), opp.σκαληνός, odd (as 7 = 4 + 3 ), Pl. Euthphr. 12d ."",""Rhet., of periods,containing equal members, Hermog. Inv. 4.3 ."",""Medic.,having equal tails, of a bandage, Heliod. ap. Orib. 48.62 tit.""]","[""with equal legs"",""having two sides equal, isosceles"",""that can be divided into two equal parts, even"",""containing equal members"",""having equal tails""]",[],"[{""biblio"":"""",""quote"":""τρίγωνον""},{""biblio"":""Pl. | Ti. | 54a"",""quote"":""τρίγωνον Pl. Ti. 54a""}]","[""Pl. | Ti. | 54a""]",{},[],1,1,0,1,0,4,5,0,2
51154,10,1511,n51154,ἰσόσπριος,,,839,,"[""bean-like;ὄνος ἰ. an insect that rolls itself up like a bean, the wood-louse, S. Fr. 363 .""]","[""bean-like"",""that rolls itself up like a bean"",""wood-louse""]",[],[],[],{},[],1,1,0,0,0,1,3,0,0
51155,10,1512,n51155,ἰσο-στάδην,Adv.,,839,,"[""= ἰσοστασίως , with marginal gloss ἢ συστάδην, Suid. s.v. ἀνταγωνιστής .""]",[],"[""ἵστημι""]",[],[],{},"[{""type"":""ref"",""target"":"""",""text"":""ἰσοστασίως""},{""type"":"""",""target"":"""",""text"":""= ἰσοστασίως""},{""type"":""ref"",""target"":"""",""text"":""ἀνταγωνιστής""},{""type"":"""",""target"":"""",""text"":""s.v. ἀνταγωνιστής""}]",1,0,1,0,1,1,0,1,0
51156,10,1513,n51156,ἰσο-σταθμέω,,,839,,"[""to be equal in weight, Id. s.v. ἄγουσαν .""]","[""to be equal in weight""]",[],[],[],{},"[{""type"":""ref"",""target"":"""",""text"":""ἄγουσαν""},{""type"":"""",""target"":"""",""text"":""s.v. ἄγουσαν""}]",1,1,0,0,1,1,1,0,0
51157,10,1514,n51157,ἰσό-σταθμος,,,839,,"[""equal in weight, Dsc. 1.44 , Orib. Fr. 106 , App. Sic. 3 ;even,σφυγμός[ Gal. ] 19.641 ; gloss on σύσταθμος , ib. 143 :—also ἰσο-σταθμής,ές, Ptol. Tetr. 98 .""]","[""equal in weight"",""even""]",[],[],[],{},"[{""type"":""ref"",""target"":"""",""text"":""σύσταθμος""},{""type"":"""",""target"":"""",""text"":""gloss on σύσταθμος""}]",1,1,0,0,1,1,2,0,0
51158,10,1515,n51158,ἰσο-στάσιος,Adv.,τό,839,,"[""equal in weight,χρυσός, χρυσίον, Str. 4.4.5 , Plu. CG 17 ;equivalent or adequate,τινι Hp. Ep. 16 , Luc. DMort. 10.5 , D.C. 44.40 , Max.Tyr. 6.6 ;τίς σοι ἰ. νεκρός; Polem. Call. 46 , cf. 31 ;ἆρα οὖν ἰ. τῷ Κρόνῳ ὁ Ζεύς; Dam. Pr. 91 :ἰσοστάσιον,τό , prob. name of a ἑταίρα, title of a play by Alexis."",""equally poised, in equilibrium, metaph., Dam. Pr. 122 .Adv. -ίως Poll. 8.11 : neut. pl. as Adv., βαίνειν Ph. 1.462 .""]","[""equal in weight"",""equivalent"",""adequate"",""equally poised, in equilibrium""]",[],"[{""biblio"":"""",""quote"":""-ίως""},{""biblio"":""Poll. | 8.11"",""quote"":""-ίως Poll. 8.11""},{""biblio"":"""",""quote"":""βαίνειν""},{""biblio"":""Ph. | 1.462"",""quote"":""βαίνειν Ph. 1.462""}]","[""Ph. | 1.462"",""Poll. | 8.11""]",{},[],1,1,0,1,0,2,4,0,4
51159,10,1516,n51159,ἰσο-στᾰτέω,,,839,,"[""= ἰσοσταθμέω , Lib. Decl. 43.2 .""]",[],[],[],[],{},"[{""type"":""ref"",""target"":"""",""text"":""ἰσοσταθμέω""},{""type"":"""",""target"":"""",""text"":""= ἰσοσταθμέω""}]",1,0,0,0,1,1,0,0,0
51160,10,1517,n51160,ἰσο-στοιχέω,,,839,,"[""= ἀντιστοιχέω , Sch. D.T. p.44H. ;to be co-ordinate, Simp. in Ph. 408.13 .""]","[""to be co-ordinate""]",[],[],[],{},"[{""type"":""ref"",""target"":"""",""text"":""ἀντιστοιχέω""},{""type"":"""",""target"":"""",""text"":""= ἀντιστοιχέω""}]",1,1,0,0,1,1,1,0,0
51161,10,1518,n51161,ἰσό-στοιχος,,,839,,"[""occupying a corresponding place, of terms in parallel series, Id. in Cael. 156.18 ; gloss on ἀντίστοιχος , Sch. E. Andr. 745 .""]","[""occupying a corresponding place""]",[],[],[],{},"[{""type"":""ref"",""target"":"""",""text"":""ἀντίστοιχος""},{""type"":"""",""target"":"""",""text"":""gloss on ἀντίστοιχος""}]",1,1,0,0,1,1,1,0,0
51162,10,1519,n51162,ἰσο-στροφή,,ἡ,839,,"[""correspondence, Ammon. in APr. 35.23 , Phlp. in APr. 40.3 .""]","[""correspondence""]",[],[],[],{},[],1,1,0,0,0,1,1,0,0
51163,10,1520,n51163,ἰσό-στροφος,,,839,,"[""equally twisted, even, χορδαί Nicom. Harm. 6 ."",""= ἀντίστροφος , S.E. M. 7.6 , Ammon. in APr. 35.26 : coupled with ἀντίστρ., Herm. in Phdr. p.189A. ; ἀνάγκη πᾶν πρὸς πᾶν ἢ ἰ. εἶναι ἢ ἕτερον Dam. Pr. 312 .""]","[""equally twisted, even""]",[],"[{""biblio"":"""",""quote"":""χορδαί""},{""biblio"":""Nicom. | Harm. | 6"",""quote"":""χορδαί Nicom. Harm. 6""},{""biblio"":"""",""quote"":""ἀνάγκη πᾶν πρὸς πᾶν ἢ ἰ. εἶναι ἢ ἕτερον""},{""biblio"":""Dam. | Pr. | 312"",""quote"":""ἀνάγκη πᾶν πρὸς πᾶν ἢ ἰ. εἶναι ἢ ἕτερον Dam. Pr. 312""}]","[""Dam. | Pr. | 312"",""Nicom. | Harm. | 6""]",{},"[{""type"":""ref"",""target"":"""",""text"":""ἀντίστροφος""},{""type"":"""",""target"":"""",""text"":""= ἀντίστροφος""}]",1,1,0,1,1,2,1,0,4
51164,10,1521,n51164,ἰσο-σύγκρῐτος,,,839,,"[""gloss on ἀμφήριστος , Sch. Opp. H. 1.90 .""]",[],[],[],[],{},"[{""type"":""ref"",""target"":"""",""text"":""ἀμφήριστος""},{""type"":"""",""target"":"""",""text"":""gloss on ἀμφήριστος""}]",1,0,0,0,1,1,0,0,0
51165,10,1522,n51165,ἰσοσυλλᾰβ-έω,,,839,,"[""have the same number of syllables, A.D. Pron. 11.20 , al., PLit.Lond. 183 .""]","[""have the same number of syllables""]",[],[],[],{},[],1,1,0,0,0,1,1,0,0
51166,10,1523,n51166,ἰσοσυλλᾰβ-ία,,ἡ,839,,"[""equality of syllables, A.D. Adv. 174.16 .""]","[""equality of syllables""]",[],[],[],{},[],1,1,0,0,0,1,1,0,0
51167,10,1524,n51167,ἰσοσύλλᾰβ-ος,Adv.,,839,,"[""having the same number of syllables, Plu. 2.739a , Hermog. Id. 1.12 , A.D. Pron. 11.8 , etc.Adv. -βως St.Byz. s.v. Ἄβαι , EM 552.34 .""]","[""having the same number of syllables""]",[],"[{""biblio"":"""",""quote"":""-βως""},{""biblio"":""St.Byz."",""quote"":""-βως St.Byz.""}]","[""St.Byz.""]",{},"[{""type"":""ref"",""target"":"""",""text"":""Ἄβαι""},{""type"":"""",""target"":"""",""text"":""s.v. Ἄβαι""}]",1,1,0,1,1,1,1,0,2
51168,10,1525,n51168,ἰσο-σώμᾰτος,,,839,840,"[""ἰσο-σώμᾰτος or ἰσό-σωμος,ον, glosses on ἀντίστοιχος, Sch. E. Andr. 745 .""]",[],[],[],[],{},[],1,0,0,0,0,1,0,0,0
51169,10,1526,n51169,ἰσο-τᾰγής,,,839,,"[""corresponding in order, Philol. 6 (v.l.); χῶραι Theol.Ar. 51 .""]","[""corresponding in order""]",[],"[{""biblio"":"""",""quote"":""χῶραι""},{""biblio"":""Theol.Ar. | 51"",""quote"":""χῶραι Theol.Ar. 51""}]","[""Theol.Ar. | 51""]",{},[],1,1,0,1,0,1,1,0,2
51170,10,1527,n51170,ἰσο-τάλαντος,,,839,,"[""gloss on ἀτάλαντος , Hsch.""]",[],[],[],[],{},"[{""type"":""ref"",""target"":"""",""text"":""ἀτάλαντος""},{""type"":"""",""target"":"""",""text"":""gloss on ἀτάλαντος""}]",1,0,0,0,1,1,0,0,0
51171,10,1528,n51171,ἰσό-ταυρος,,,839,,"[""like a bull, cj. in S. OT 478 (lyr.).""]","[""like a bull""]",[],[],[],{},[],1,1,0,0,0,1,1,0,0
51172,10,1529,n51172,ἰσοτάχ-εια,,ἡ,839,,"[""equal velocity, Simp. in Ph. 1019.23 .""]","[""equal velocity""]",[],[],[],{},[],1,1,0,0,0,1,1,0,0
51173,10,1530,n51173,ἰσοταχ-έω,,,839,,"[""travel with equal velocity, Thphr. Fr. 89.11 ;τινι Ph. 1.463 , Hld. 8.17 .""]","[""travel with equal velocity""]",[],[],[],{},[],1,1,0,0,0,1,1,0,0
51174,10,1531,n51174,ἰσοταχ-ής,Adv.,,839,,"[""possessing equal velocity, Arist. Ph. 216a20 , al., Plb. 10.44.9 , Cleom. 2.1 , Ph. 1.588 ; ἄτομοι Epicur. Ep. 1p.18U. , Nat. 2.2 ; πλοῖα Ph. Bel. 73.21 ;τινι Arist. Ph. 240a8 : generally,equally swift, νίκης κρίσις Epigr.Gr. 939.2 (Synnada).Adv. -χῶς Arist. Mech. 848a16 , Sch. Epicur. Ep. 1p.8U."",""uniform in rate, of the pulse, Gal. 8.459 , Plb. 10.44.13 , Str. 1.2.17 .Adv. -χῶς Gal. 9.454 .""]","[""possessing equal velocity"",""equally swift"",""uniform in rate""]",[],"[{""biblio"":"""",""quote"":""ἄτομοι""},{""biblio"":""Epicur. | Ep. | 1p.18U."",""quote"":""ἄτομοι Epicur. Ep. 1p.18U.""},{""biblio"":"""",""quote"":""πλοῖα""},{""biblio"":""Ph. | Bel. | 73.21"",""quote"":""πλοῖα Ph. Bel. 73.21""},{""biblio"":"""",""quote"":""νίκης κρίσις""},{""biblio"":""Epigr.Gr. | 939.2"",""quote"":""νίκης κρίσις Epigr.Gr. 939.2""},{""biblio"":"""",""quote"":""-χῶς""},{""biblio"":""Arist. | Mech. | 848a16"",""quote"":""-χῶς Arist. Mech. 848a16""},{""biblio"":"""",""quote"":""-χῶς""},{""biblio"":""Gal. | 9.454"",""quote"":""-χῶς Gal. 9.454""}]","[""Arist. | Mech. | 848a16"",""Epicur. | Ep. | 1p.18U."",""Epigr.Gr. | 939.2"",""Gal. | 9.454"",""Ph. | Bel. | 73.21""]",{},[],1,1,0,1,0,2,3,0,10
51175,10,1532,n51175,ἰσοτέλ-εια,,ἡ,839,,"[""condition of an ἰσοτελής,equality in tax and tribute, X. HG 2.4.25 , Vect. 4.12 , IG 22.109b20 , 276.13 , al., GDI 3077 (Mesembria), Ph. 1.160 , etc.: freq. in Boeot. Inscrr.,ϝισοτέλια IG 7.505 , al. (Tanagra).""]","[""condition of an"",""equality in tax and tribute""]",[],[],[],{},[],1,1,0,0,0,1,2,0,0
51176,10,1533,n51176,ἰσοτέλ-εστος,,,839,,"[""made exactly like, exact, ἰ. μίμημα Nonn. D. 18.247 ."",""coming at the last to all alike,ἐπίκουρος, of Death, S. OC 1220 (lyr.).""]","[""made exactly like, exact"",""coming at the last to all alike""]","[""τελέω""]","[{""biblio"":"""",""quote"":""ἰ. μίμημα""},{""biblio"":""Nonn. | D. | 18.247"",""quote"":""ἰ. μίμημα Nonn. D. 18.247""}]","[""Nonn. | D. | 18.247""]",{},[],1,1,1,1,0,2,2,1,2
51177,10,1534,n51177,ἰσοτέλ-ευτον,,τό,839,,"[""leading to the same result, Sch.Hermog.in Rh. 4.169 W.""]","[""leading to the same result""]",[],[],[],{},[],1,1,0,0,0,1,1,0,0
51178,10,1535,n51178,ἰσοτελής,,,839,,"[""bearing equal burdens; at Athens and elsewh., of a favoured class of μέτοικοι, subject to the same taxation as the citizens, Lys. Fr. 225 S. , Is. Fr. 45 , D. 20.29 , Arist. Ath. 58.2 , IG 22.276.15 ,al., cf. SIG 742.44 (Ephesus,i B.C.); of freedmen, IG 9(1).412 (Aetolia), Hsch."",""metaph., of Hera, [τῷ Διί̈] ἰ. his consort, Orph. Fr. 163 .""]","[""bearing equal burdens"",""consort""]","[""τέλος""]",[],[],{},[],1,1,1,0,0,2,2,1,0
51179,10,1536,n51179,ἰσο-τενής,,,839,,"[""level, [ ἵπποι] τὰ νῶτα ἰσοτενεῖς Tim.Gaz. ap. Ar.Byz. Epit. 147.4 .""]","[""level""]",[],"[{""biblio"":"""",""quote"":""ἵπποι] τὰ νῶτα ἰσοτενεῖς""},{""biblio"":""Tim.Gaz."",""quote"":""ἵπποι] τὰ νῶτα ἰσοτενεῖς Tim.Gaz.""}]","[""Tim.Gaz.""]",{},[],1,1,0,1,0,1,1,0,2
51180,10,1537,n51180,ἰσο-τετράγωνος,,,839,,"[""of four equal rectangles,συναγωγή Ps.- Hero Poliorc. p.238 W.""]","[""of four equal rectangles""]",[],[],[],{},[],1,1,0,0,0,1,1,0,0
51181,10,1538,n51181,ἰσό-τεχνος,,,839,,"[""equal in art or skill,τινι Epigr.Gr. 532 (Perinthus); τοῖν ἰ. αὐληταῖν Plu. Nob. 9 .""]","[""equal in art"",""skill""]",[],"[{""biblio"":"""",""quote"":""τοῖν ἰ. αὐληταῖν""},{""biblio"":""Plu. | Nob. | 9"",""quote"":""τοῖν ἰ. αὐληταῖν Plu. Nob. 9""}]","[""Plu. | Nob. | 9""]",{},[],1,1,0,1,0,1,2,0,2
51182,10,1539,n51182,ἰσότης,,ἡ,839,,"[""equality, Arist. Metaph. 1054b3 , etc.: in pl., Pl. Lg. 733b ; ἰ. χρόνου Id. Prm. 140e : Math.,ἰ. γεωμετρική equality of ratios, proportion, Id. Grg. 508a ; ἀναλογία ἰ. λόγων Arist. EN 1131a31 ."",""esp.political equality or justice, personified in E. Ph. 536 , cf. Pl. Lg. 757a ; ἰ. πολιτική Plb. 6.8.4 , etc.: in dual, Pl. Lg. 757b , cf. Arist. Pol. 1302a7 , Isoc. 7.21 ."",""fair dealing, impartiality, Men. Mon. 259 , Plb. 2.38.8 , Ep.Col. 4.1 ."",""equiformity, of the earth, Epicur. Nat. 11.10 . (On the accent v.Hdn.Gr. 1.83 , 2.945 ;ἰσοτής is said to be Hellenistic by Moer. 202 .)""]","[""equality"",""equality of ratios, proportion"",""political equality"",""justice"",""fair dealing, impartiality"",""equiformity""]","[""ἴσος""]","[{""biblio"":"""",""quote"":""ἰ. χρόνου""},{""biblio"":""Id. | Prm. | 140e"",""quote"":""ἰ. χρόνου Id. Prm. 140e""},{""biblio"":"""",""quote"":""ἀναλογία ἰ. λόγων""},{""biblio"":""Arist. | EN | 1131a31"",""quote"":""ἀναλογία ἰ. λόγων Arist. EN 1131a31""},{""biblio"":"""",""quote"":""ἰ. πολιτική""},{""biblio"":""Plb. | 6.8.4"",""quote"":""ἰ. πολιτική Plb. 6.8.4""}]","[""Arist. | EN | 1131a31"",""Id. | Prm. | 140e"",""Plb. | 6.8.4""]",{},[],1,1,1,1,0,4,6,1,6
51183,10,1540,n51183,ἰσοτίμ-ημα,,,839,,"[""gloss on ἰσωνία (-ονία cod.), Hsch.""]",[],[],[],[],{},"[{""type"":""ref"",""target"":"""",""text"":""ἰσωνία""},{""type"":"""",""target"":"""",""text"":""gloss on ἰσωνία""}]",1,0,0,0,1,1,0,0,0
51184,10,1541,n51184,ἰσοτιμ-ία,,ἡ,839,,"[""equality of privilege, opp.πλεονεξία, X. Hier. 8.10 , cf. Str. 8.5.4 , Ph. 1.160 ;ἐξ ἰσοτιμίας διαλέγεσθαί τινι to converse with him as his equal, Luc. Pisc. 34 .""]","[""equality of privilege"",""as his equal""]",[],[],[],{},[],1,1,0,0,0,1,2,0,0
51185,10,1542,n51185,ἰσότιμ-ος,Adv.,,839,,"[""equal in honour or privilege,̓απόλλων(i.e. sharing the honours paid to Zeus) OGI 234.25 (Delph.,iii B.C.),CR Acad.Inscr. 1906.419 (Alabanda); ὁ θεὸς . . -ον παρέχι τράπεζαν τοῖς ὁποθενοῦν ἀφικνουμένοις BCH 51.73 (Panamara); πίστις 2 Ep.Pet. 1.1 ;οἱ πρῶτοι καὶ ἰ. Plu. Lys. 19 , cf. Wilcken Chr. 13.10 (i A.D.), Luc. D Mort. 24.3 , etc.; πόλεις τισί D.Chr. 41.2 : Comp. -ότεροι, τοῖς κρατοῦσιν Id. 39.4 ;τὸ ἰ.,=ἰσοτιμία, Ph. 2.246 ; of a person,maintaining equality of privilege, Hdn. 2.4.9 .Adv. -μως, τινάς τισιν ἄγειν Ath. 5.177c ;ζῶντα δικαίως καὶ ἰ. OGI 544.34 (Ancyra,ii A.D.), cf. CIG 4032.5 (ibid.), IGRom. 3.195 (ibid.); ἰ. ἔχουσι πρὸς ἀλλήλους οἱ ὅροι Phlp. in APr. 167.14 , cf. Alex.Aphr. in Metaph. 241.11 ."",""generally,equal in value: hence,equal, ἁμάρτημα ἀκούσιον ἰ. ἑκουσίῳ Ph. 2.248 ; τὸ ἰ. δυσέφικτον ἐν ταῖς ἀμοιβαῖς Hdn. 2.3.6 ;ἰ. μάχη evenly balanced, Ael. NA 10.1 ."",""as title of rank at the Ptolemaic court, τῶν ἰσοτίμων τοῖς πρώτοις φίλοις PRyl. 66 intr., 253 (ii B.C.), Arch.Pap. 6.372 .""]","[""equal in honour"",""privilege"",""CR Acad.Inscr."",""D Mort."",""maintaining equality of privilege"",""equal in value"",""equal"",""evenly balanced""]",[],"[{""biblio"":"""",""quote"":""ὁ θεὸς . . -ον παρέχι τράπεζαν τοῖς ὁποθενοῦν ἀφικνουμένοις""},{""biblio"":""BCH | 51.73"",""quote"":""ὁ θεὸς . . -ον παρέχι τράπεζαν τοῖς ὁποθενοῦν ἀφικνουμένοις BCH 51.73""},{""biblio"":"""",""quote"":""πίστις""},{""biblio"":""2 Ep.Pet. | 1.1"",""quote"":""πίστις 2 Ep.Pet. 1.1""},{""biblio"":"""",""quote"":""πόλεις τισί""},{""biblio"":""D.Chr. | 41.2"",""quote"":""πόλεις τισί D.Chr. 41.2""},{""biblio"":"""",""quote"":""-ότεροι, τοῖς κρατοῦσιν""},{""biblio"":""Id. | 39.4"",""quote"":""-ότεροι, τοῖς κρατοῦσιν Id. 39.4""},{""biblio"":"""",""quote"":""-μως, τινάς τισιν ἄγειν""},{""biblio"":""Ath. | 5.177c"",""quote"":""-μως, τινάς τισιν ἄγειν Ath. 5.177c""},{""biblio"":"""",""quote"":""ἰ. ἔχουσι πρὸς ἀλλήλους οἱ ὅροι""},{""biblio"":""Phlp. | in APr. | 167.14"",""quote"":""ἰ. ἔχουσι πρὸς ἀλλήλους οἱ ὅροι Phlp. in APr. 167.14""},{""biblio"":"""",""quote"":""ἁμάρτημα ἀκούσιον ἰ. ἑκουσίῳ""},{""biblio"":""Ph. | 2.248"",""quote"":""ἁμάρτημα ἀκούσιον ἰ. ἑκουσίῳ Ph. 2.248""},{""biblio"":"""",""quote"":""τὸ ἰ. δυσέφικτον ἐν ταῖς ἀμοιβαῖς""},{""biblio"":""Hdn. | 2.3.6"",""quote"":""τὸ ἰ. δυσέφικτον ἐν ταῖς ἀμοιβαῖς Hdn. 2.3.6""},{""biblio"":"""",""quote"":""τῶν ἰσοτίμων τοῖς πρώτοις φίλοις""},{""biblio"":""PRyl. | 66"",""quote"":""τῶν ἰσοτίμων τοῖς πρώτοις φίλοις PRyl. 66""}]","[""2 Ep.Pet. | 1.1"",""Ath. | 5.177c"",""BCH | 51.73"",""D.Chr. | 41.2"",""Hdn. | 2.3.6"",""Id. | 39.4"",""PRyl. | 66"",""Ph. | 2.248"",""Phlp. | in APr. | 167.14""]",{},[],1,1,0,1,0,3,8,0,18
51186,10,1543,n51186,ἰσό-τοιχος,,,839,,"[""with equal walls or sides, of ships, gloss on ἐί̈σας , Hsch.""]","[""with equal walls"",""sides""]",[],[],[],{},"[{""type"":""ref"",""target"":"""",""text"":""ἐί̈σας""},{""type"":"""",""target"":"""",""text"":""gloss on ἐί̈σας""}]",1,1,0,0,1,1,2,0,0
51187,10,1544,n51187,ἰσο-τονία,,ἡ,839,,"[""uniformity of pitch, level pitch, Ptol. Harm. 1.4 (pl.), Porph. in Harm. p.287 W.""]","[""uniformity of pitch, level pitch""]",[],[],[],{},[],1,1,0,0,0,1,1,0,0
51188,10,1545,n51188,ἰσό-τονος,Adv.,,839,,"[""pulling evenly, βρόχος Gal. 18(1).351 , Paul.Aeg. 6.102 ."",""bearing the same accent, Hermog. Id. 1.12 ."",""in Music,of level (unvarying) pitch, Ptol. Harm. 1.4 ; but,in unison, ib. 7 , 2.1 ."",""generally,equal, even, ἰ. τῇ συγκρίσει τοῦ χρώματος Dsc. 5.123 .Adv. -νως equally, θυμιᾶσθαι Id. 68.6 .""]","[""pulling evenly"",""bearing the same accent"",""of level (unvarying) pitch"",""in unison"",""equal, even"",""equally""]",[],"[{""biblio"":"""",""quote"":""βρόχος""},{""biblio"":""Gal. | 18(1).351"",""quote"":""βρόχος Gal. 18(1).351""},{""biblio"":"""",""quote"":""ἰ. τῇ συγκρίσει τοῦ χρώματος""},{""biblio"":""Dsc. | 5.123"",""quote"":""ἰ. τῇ συγκρίσει τοῦ χρώματος Dsc. 5.123""},{""biblio"":"""",""quote"":""θυμιᾶσθαι""},{""biblio"":""Id. | 68.6"",""quote"":""θυμιᾶσθαι Id. 68.6""}]","[""Dsc. | 5.123"",""Gal. | 18(1).351"",""Id. | 68.6""]",{},[],1,1,0,1,0,4,6,0,6
51189,10,1546,n51189,ἰσο-τράπεζος,,,839,,"[""equal to the table, i.e.large enough to fill it, κάκκαβος Antiph. 182.2 , cf. Philox. 2.15 .""]","[""equal to the table"",""large enough to fill it""]",[],"[{""biblio"":"""",""quote"":""κάκκαβος""},{""biblio"":""Antiph. | 182.2"",""quote"":""κάκκαβος Antiph. 182.2""}]","[""Antiph. | 182.2""]",{},[],1,1,0,1,0,1,2,0,2
51190,10,1547,n51190,ἰσο-τρῐβής,,,839,,"[""pressing the benches like others.""]","[""pressing"",""like others.""]",[],[],[],{},[],1,1,0,0,0,1,2,0,0
51191,10,1548,n51191,ἰσό-τῠπος,Subst.,τό,839,,"[""shaped alike, Nonn. D. 1.448 ."",""executed in duplicate, ὁμολογία PLond. 1.113i65 (vi A.D.), cf. PMasp. 32.79 (vi A.D.); misspelt σοιτυπος POxy. 2134.29 (ii A.D.):Subst.,ἰσότυπον,τό ,copy, counterpart of a legal instrument, Just. Nov. 7.1 2 Ep..""]","[""shaped alike"",""executed in duplicate"",""copy, counterpart"",""2 Ep..""]",[],"[{""biblio"":"""",""quote"":""ὁμολογία""},{""biblio"":""PLond. | 1.113i65"",""quote"":""ὁμολογία PLond. 1.113i65""}]","[""PLond. | 1.113i65""]",{},[],1,1,0,1,0,2,4,0,2
51192,10,1549,n51192,ἰσο-τύραννος,,,839,,"[""despotic, absolute, ἀρχή Arist. Pol. 1270b14 , D.H. 5.70 .""]","[""despotic, absolute""]",[],"[{""biblio"":"""",""quote"":""ἀρχή""},{""biblio"":""Arist. | Pol. | 1270b14"",""quote"":""ἀρχή Arist. Pol. 1270b14""}]","[""Arist. | Pol. | 1270b14""]",{},[],1,1,0,1,0,1,1,0,2
51193,10,1550,n51193,ἰσ-ουράνιος,,,839,,"[""high as heaven, δόξα Arch.Pap. 1.220 ( Ptol. ).""]","[""high as heaven""]",[],"[{""biblio"":"""",""quote"":""δόξα""},{""biblio"":""Arch.Pap. | 1.220"",""quote"":""δόξα Arch.Pap. 1.220""}]","[""Arch.Pap. | 1.220""]",{},[],1,1,0,1,0,1,1,0,2
51194,10,1551,n51194,ἰσ-ουργός,,,839,,"[""doing like things, Phot.""]","[""doing like things""]","[""ἔργον""]",[],[],{},[],1,1,1,0,0,1,1,1,0
51195,10,1552,n51195,ἰσο-ϋψής,,,839,,"[""of equal height, Euc. 11.34 ,al.;τείχει, νεῷ, Plb. 8.4.4 , Str. 17.1.28 :—also ἰσό-ϋψος,ον, Gal. 18(1).757 .""]","[""of equal height""]",[],[],[],{},[],1,1,0,0,0,1,1,0,0
51196,10,1553,n51196,ἰσο-φᾰνής,,,839,,"[""appearing like, Nonn. D. 9.233 .""]","[""appearing like""]",[],[],[],{},[],1,1,0,0,0,1,1,0,0
51197,10,1554,n51197,ἰσοφᾰρίζω,,,839,,"[""match oneself with, vie with, οὐδέ τίς οἱ δύναται μένος ἰσοφαρίζειν Il. 6.101 ; ἔργα δ' Ἀθηναίῃ . . ἰσοφαρίζοι 9.390 ; μνήμην οὔτινά φημι Σιμωνίδῃ -φαρίζειν Simon. 146 , cf. Theoc. 7.30 : generally,to be equal to,τινι Il. 21.194 , Hes. Op. 490 ."",""trans.,make equal, Nic. Th. 572 .""]","[""match oneself with, vie with"",""to be equal to"",""make equal""]",[],"[{""biblio"":"""",""quote"":""οὐδέ τίς οἱ δύναται μένος ἰσοφαρίζειν""},{""biblio"":""Il. | 6.101"",""quote"":""οὐδέ τίς οἱ δύναται μένος ἰσοφαρίζειν Il. 6.101""},{""biblio"":"""",""quote"":""ἔργα δ' Ἀθηναίῃ . . ἰσοφαρίζοι""},{""biblio"":""9.390"",""quote"":""ἔργα δ' Ἀθηναίῃ . . ἰσοφαρίζοι 9.390""},{""biblio"":"""",""quote"":""μνήμην οὔτινά φημι Σιμωνίδῃ -φαρίζειν""},{""biblio"":""Simon. | 146"",""quote"":""μνήμην οὔτινά φημι Σιμωνίδῃ -φαρίζειν Simon. 146""}]","[""9.390"",""Il. | 6.101"",""Simon. | 146""]",{},[],1,1,0,1,0,2,3,0,6
51198,10,1555,n51198,ἰσό-φθογγος,,,839,,"[""sounding equally, Nonn. D. 6.202 .""]","[""sounding equally""]",[],[],[],{},[],1,1,0,0,0,1,1,0,0
51199,10,1556,n51199,ἰσό-φονος,,,839,,"[""gloss on ἀντίφονος , Sch. A. Th. 895 .""]",[],[],[],[],{},"[{""type"":""ref"",""target"":"""",""text"":""ἀντίφονος""},{""type"":"""",""target"":"""",""text"":""gloss on ἀντίφονος""}]",1,0,0,0,1,1,0,0,0
51200,10,1557,n51200,ἰσο-φορία,,ἡ,839,,"[""equal or regular movement, ὀρχηστοῦ Poll. 4.97 .""]","[""equal"",""regular movement""]",[],"[{""biblio"":"""",""quote"":""ὀρχηστοῦ""},{""biblio"":""Poll. | 4.97"",""quote"":""ὀρχηστοῦ Poll. 4.97""}]","[""Poll. | 4.97""]",{},[],1,1,0,1,0,1,2,0,2
51201,10,1558,n51201,ἰσο-φόριος,,,839,,"[""ἰσο-φόριος,ον, dub. sens. in POxy. 1684.4 (iv A.D.).""]",[],[],[],[],{},[],1,0,0,0,0,1,0,0,0
51202,10,1559,n51202,ἰσο-φόρος,,,839,,"[""bearing or drawing equal weights, equal in strength, βόες . . ἥλικες, ἰσοφόροι Od. 18.373 ; τὰ σκέλη τοῖς ὤμοις -φόρα ἔχειν X. Smp. 2.20 ."",""proparox.,moving regularly, Poll. 4.97 .""]","[""bearing"",""drawing equal weights, equal in strength"",""moving regularly""]",[],"[{""biblio"":"""",""quote"":""βόες . . ἥλικες, ἰσοφόροι""},{""biblio"":""Od. | 18.373"",""quote"":""βόες . . ἥλικες, ἰσοφόροι Od. 18.373""},{""biblio"":"""",""quote"":""τὰ σκέλη τοῖς ὤμοις -φόρα ἔχειν""},{""biblio"":""X. | Smp. | 2.20"",""quote"":""τὰ σκέλη τοῖς ὤμοις -φόρα ἔχειν X. Smp. 2.20""}]","[""Od. | 18.373"",""X. | Smp. | 2.20""]",{},[],1,1,0,1,0,2,3,0,4
51203,10,1560,n51203,ἴσοφρυς,,ὁ,839,,"[""plant, Herm.Trism.in Rev.Phil. 32.252 .""]","[""plant""]",[],[],[],{},[],1,1,0,0,0,1,1,0,0
51204,10,1561,n51204,ἰσό-φρων,,ὁ,839,,"[""fair-minded, εὐθυντήρ IG 9(1).877 (Corc.,i B.C.).""]","[""fair-minded""]",[],"[{""biblio"":"""",""quote"":""εὐθυντήρ""},{""biblio"":""IG | 9(1).877"",""quote"":""εὐθυντήρ IG 9(1).877""}]","[""IG | 9(1).877""]",{},[],1,1,0,1,0,1,1,0,2
51205,10,1562,n51205,ἰσο-φῠής,,,839,,"[""of equal growth, i.e.symmetrical, coined as etym. of ὀσφύς, Arist. HA 493a23 ."",""like in character, Thphr. HP 3.7.4 .""]","[""of equal growth"",""symmetrical"",""like in character""]",[],[],[],{},[],1,1,0,0,0,2,3,0,0
51206,10,1563,n51206,ἰσό-φωτον,,τό,839,,"[""eyesalve, Aët. 7.112 ( 109 Lat. vers.).""]","[""eyesalve""]",[],[],[],{},[],1,1,0,0,0,1,1,0,0
51207,10,1564,n51207,ἰσο-χειλής,,,839,,"[""level with the brim,κριθαὶ ἰσοχειλεῖς grains of malt floating level with the brims of the vessels, i.e. on the surface of the liquor, X. An. 4.5.26 ; ζωρὸν κεράσας ἰσοχειλέα AP 6.105 ( Apollonid. );ἰ. τὴν κάτω σιαγόνα ποιήσας [ὁ βάτραχος]level with the surface of the water, Arist. HA 536a16 : c. dat., Εὐφράτης ἰ. τῇ γῇ Arr. An. 7.7.5 ;equally full, Max.Tyr. 31.2 .""]","[""level with the brim"",""floating level with the brims"",""level with the surface of the water"",""equally full""]",[],"[{""biblio"":"""",""quote"":""ζωρὸν κεράσας ἰσοχειλέα""},{""biblio"":""AP | 6.105"",""quote"":""ζωρὸν κεράσας ἰσοχειλέα AP 6.105""},{""biblio"":"""",""quote"":""Εὐφράτης ἰ. τῇ γῇ""},{""biblio"":""Arr. | An. | 7.7.5"",""quote"":""Εὐφράτης ἰ. τῇ γῇ Arr. An. 7.7.5""}]","[""AP | 6.105"",""Arr. | An. | 7.7.5""]",{},[],1,1,0,1,0,1,4,0,4
51208,10,1565,n51208,ἰσό-χειλος,,,839,,"[""τῇ γῇ Gp. 12.19.4 , cf. 13.15.8 .""]",[],[],"[{""biblio"":"""",""quote"":""τῇ γῇ""},{""biblio"":""Gp. | 12.19.4"",""quote"":""τῇ γῇ Gp. 12.19.4""}]","[""Gp. | 12.19.4""]",{},[],1,0,0,1,0,1,0,0,2
51209,10,1566,n51209,ἰσό-χειρ,,ὁ,839,,"[""ambidextrous, Philostr. Gym. 41 .""]","[""ambidextrous""]",[],[],[],{},[],1,1,0,0,0,1,1,0,0
51210,10,1567,n51210,ἰσό-χνοος,,,839,,"[""equally woolly with,τινι AP 6.252 ( Antiphil. ).""]","[""equally woolly with""]",[],[],[],{},[],1,1,0,0,0,1,1,0,0
51211,10,1568,n51211,ἰσό-χοιρον,,,839,,"[""ἰσό-χοιρον, Achaean for βούθουτον(i.e.βούθυτον), Hsch. s.h.v.""]",[],[],[],[],{},[],1,0,0,0,0,1,0,0,0
51212,10,1569,n51212,ἰσό-χοος,,,839,,"[""of the same number of χόες, ὄξος ἰ. ὕδατι Hp. Morb. 2.26 .""]","[""of the same number of""]",[],"[{""biblio"":"""",""quote"":""χόες, ὄξος ἰ. ὕδατι""},{""biblio"":""Hp. | Morb. | 2.26"",""quote"":""χόες, ὄξος ἰ. ὕδατι Hp. Morb. 2.26""}]","[""Hp. | Morb. | 2.26""]",{},[],1,1,0,1,0,1,1,0,2
51213,10,1570,n51213,ἰσό-χορδος,,,839,,"[""with like strings, Hsch. s.v. ἀντίχορδα .""]","[""with like strings""]",[],[],[],{},"[{""type"":""ref"",""target"":"""",""text"":""ἀντίχορδα""},{""type"":"""",""target"":"""",""text"":""s.v. ἀντίχορδα""}]",1,1,0,0,1,1,1,0,0
51214,10,1571,n51214,ἰσοχρον-έω,,,839,,"[""to be as old as,τινι Luc. Syr.D. 3 ;to have the same period of maturity, τὸ μὴ -χρονεῖν τὰ σπέρματα καθάπερ καὶ τὰ ζῷα Thphr. CP 4.11.9 ."",""Gramm.,have the same number of timeunits, of syllables, A.D. Synt. 257.16 ; of feet, -χρονοῦντες πόδες Aristid.Quint. 1.23 .""]","[""to be as old as"",""to have the same period"",""have the same number of timeunits""]",[],"[{""biblio"":"""",""quote"":""τὸ μὴ -χρονεῖν τὰ σπέρματα καθάπερ καὶ τὰ ζῷα""},{""biblio"":""Thphr. | CP | 4.11.9"",""quote"":""τὸ μὴ -χρονεῖν τὰ σπέρματα καθάπερ καὶ τὰ ζῷα Thphr. CP 4.11.9""},{""biblio"":"""",""quote"":""-χρονοῦντες πόδες""},{""biblio"":""Aristid.Quint. | 1.23"",""quote"":""-χρονοῦντες πόδες Aristid.Quint. 1.23""}]","[""Aristid.Quint. | 1.23"",""Thphr. | CP | 4.11.9""]",{},[],1,1,0,1,0,2,3,0,4
51215,10,1572,n51215,ἰσοχρόν-ιος,Adv.,,839,,"[""στροφή Cleom. 2.4 ; διαστήματα Ptol. Tetr. 36 : c. dat., τὸ -χρόνιον εἶναι τὸ παρὰ φύσιν τῷ κατὰ φύσιν Simp. in Cael. 430.6 .Adv. -ίως Ptol. Alm. 13.2 , Heph.Astr. 1.10 ;τῷ ἡλίῳ Theo Sm. p.171 H.""]",[],[],"[{""biblio"":"""",""quote"":""στροφή""},{""biblio"":""Cleom. | 2.4"",""quote"":""στροφή Cleom. 2.4""},{""biblio"":"""",""quote"":""διαστήματα""},{""biblio"":""Ptol. | Tetr. | 36"",""quote"":""διαστήματα Ptol. Tetr. 36""},{""biblio"":"""",""quote"":""τὸ -χρόνιον εἶναι τὸ παρὰ φύσιν τῷ κατὰ φύσιν""},{""biblio"":""Simp. | in Cael. | 430.6"",""quote"":""τὸ -χρόνιον εἶναι τὸ παρὰ φύσιν τῷ κατὰ φύσιν Simp. in Cael. 430.6""},{""biblio"":"""",""quote"":""-ίως""},{""biblio"":""Ptol. | Alm. | 13.2"",""quote"":""-ίως Ptol. Alm. 13.2""}]","[""Cleom. | 2.4"",""Ptol. | Alm. | 13.2"",""Ptol. | Tetr. | 36"",""Simp. | in Cael. | 430.6""]",{},[],1,0,0,1,0,1,0,0,8
51216,10,1573,n51216,ἰσόχρον-ος,Adv.,,839,,"[""equal in period of revolution, οἱ ἀπλανεῖς ἀστέρες ἰσόχρονοί εἰσιν ἀλλήλων Eudox. Ars 16.15 ;equal in period of maturity, cj. in Thphr. CP 1.18.3 (περισσόχρονος codd.,παρισό-Schneid., alternatively)."",""contemporary, Gloss. ;τινος Vit. Theoc."",""even, regular, σφυγμός Gal. 8.830 ."",""Adv. -νως Eudox. Ars 5.8 , Gem. 6.27 , S.E. M. 5.83 , Ruf. Syn.Puls. 3 ."",""Gramm.,consisting of the same number of time-units, A.D. Synt. 272.23 , Hermog. Id. 1.12 , Aristid.Quint. 1.23 .""]","[""equal in period of revolution"",""equal in period"",""contemporary,"",""even, regular"",""consisting of the same number of time-units""]",[],"[{""biblio"":"""",""quote"":""οἱ ἀπλανεῖς ἀστέρες ἰσόχρονοί εἰσιν ἀλλήλων""},{""biblio"":""Eudox. | Ars | 16.15"",""quote"":""οἱ ἀπλανεῖς ἀστέρες ἰσόχρονοί εἰσιν ἀλλήλων Eudox. Ars 16.15""},{""biblio"":"""",""quote"":""σφυγμός""},{""biblio"":""Gal. | 8.830"",""quote"":""σφυγμός Gal. 8.830""},{""biblio"":"""",""quote"":""-νως""},{""biblio"":""Eudox. | Ars | 5.8"",""quote"":""-νως Eudox. Ars 5.8""}]","[""Eudox. | Ars | 16.15"",""Eudox. | Ars | 5.8"",""Gal. | 8.830""]",{},[],1,1,0,1,0,5,5,0,6
51217,10,1574,n51217,ἰσό-χροος,,,839,,"[""of uniform colour, Dsc. 2.146 .""]","[""of uniform colour""]",[],[],[],{},[],1,1,0,0,0,1,1,0,0
51218,10,1575,n51218,ἰσό-χρῡσος,,τό,839,,"[""like gold, worth its weight in gold, Archipp. 49 , Archestr. Fr. 15.3 ."",""ἰσόχρυσον,τό , name of an eyesalve, CIL 13.10021.85 , Gal. 12.785 .""]","[""like gold, worth its weight in gold"",""eyesalve""]",[],[],[],{},[],1,1,0,0,0,2,2,0,0
51219,10,1576,n51219,ἰσο-ψηφία,,ἡ,839,,"[""equality of votes, D.H. 7.64 ."",""equal right to vote, Plu. CG 9 .""]","[""equality of votes"",""equal right to vote""]",[],[],[],{},[],1,1,0,0,0,2,2,0,0
51220,10,1577,n51220,ἰσο-ψηφιστής,,ὁ,839,,"[""valuer, cj. for-ψίστης in Gloss.""]","[""valuer""]",[],[],[],{},[],1,1,0,0,0,1,1,0,0
51221,10,1578,n51221,ἰσό-ψηφος,,,839,,"[""with or by an equal number of votes, ἢν ἰ. κριθῇ A. Eu. 741 ;ἰ. δίκη ib. 795 ."",""having an equal vote with others, ξύμμαχοι Th. 1.141 , cf. 3.11 ; of a commander, ib. 79 ; ποιεῖν [δύναμιν] ἰσόψηφόν τινι Pl. Lg. 692a ; of communities,possessing an equal franchise, ἐλευθερώσας τήνδ' ἰ. πόλιν E. Supp. 353 ."",""voting alike, D.H. 4.20 ."",""equal in numerical value, of words in which the values of letters added together make up the same sum, \""Δαμαγόραν\"" καὶ \""λοιμὸν\"" ἰσόψηφόν τις ἀκούσας(both words make up 270 ), AP 11.334 ; ἰσόψηφος δυσὶ τούτοις \""γάϊος\"" ὡς \""ἅγιος\"", ὡς \""ἀγαθὸς\"" προλέγω IGRom. 4.743 (Eumenia), cf. Gell. 14.6.4 , Artem. 3.34 , 4.24 ; for examples cf. the epigrams of Leonidas, AP 6.321 sqq."",""ἰ. ἑστία, name of a plaster, containing a number of drachms equal to the numerical value of its name, Nech. ap. Aët. 15.13 .""]","[""with"",""by an equal number of votes"",""having an equal vote with"",""possessing an equal franchise"",""voting alike"",""equal in numerical value"",""in which the values of letters added together make up the same sum"",""equal to the numerical value""]",[],"[{""biblio"":"""",""quote"":""ἢν ἰ. κριθῇ""},{""biblio"":""A. | Eu. | 741"",""quote"":""ἢν ἰ. κριθῇ A. Eu. 741""},{""biblio"":"""",""quote"":""ξύμμαχοι""},{""biblio"":""Th. | 1.141"",""quote"":""ξύμμαχοι Th. 1.141""},{""biblio"":"""",""quote"":""ποιεῖν [δύναμιν] ἰσόψηφόν τινι""},{""biblio"":""Pl. | Lg. | 692a"",""quote"":""ποιεῖν [δύναμιν] ἰσόψηφόν τινι Pl. Lg. 692a""},{""biblio"":"""",""quote"":""ἐλευθερώσας τήνδ' ἰ. πόλιν""},{""biblio"":""E. | Supp. | 353"",""quote"":""ἐλευθερώσας τήνδ' ἰ. πόλιν E. Supp. 353""},{""biblio"":"""",""quote"":""ἰσόψηφος δυσὶ τούτοις \""γάϊος\"" ὡς \""ἅγιος\"", ὡς \""ἀγαθὸς\"" προλέγω""},{""biblio"":""IGRom. | 4.743"",""quote"":""ἰσόψηφος δυσὶ τούτοις \""γάϊος\"" ὡς \""ἅγιος\"", ὡς \""ἀγαθὸς\"" προλέγω IGRom. 4.743""}]","[""A. | Eu. | 741"",""E. | Supp. | 353"",""IGRom. | 4.743"",""Pl. | Lg. | 692a"",""Th. | 1.141""]",{},[],1,1,0,1,0,5,8,0,10
51222,10,1579,n51222,ἰσό-ψιστος,,,839,,"[""aestimator, Gloss. (dub.).""]","[""aestimator,""]",[],[],[],{},[],1,1,0,0,0,1,1,0,0
51223,10,1580,n51223,ἰσό-ψῡχος,Adv.,,839,,"[""of equal spirit,κράτος ἰ. A. Ag. 1470 (lyr.).Adv. -χως, μάχεσθαι Eust. 831.52 ."",""of like soul or mind, Ep.Phil. 2.20 .""]","[""of equal spirit"",""of like soul"",""mind,""]",[],"[{""biblio"":"""",""quote"":""-χως, μάχεσθαι""},{""biblio"":""Eust. | 831.52"",""quote"":""-χως, μάχεσθαι Eust. 831.52""}]","[""Eust. | 831.52""]",{},[],1,1,0,1,0,2,3,0,2
51224,10,1581,n51224,ἰσόω,,,839,,"[""make equal, τινί τι S. El. 686 , Ar. V. 565 (dub.l.), Hp. Morb. 4.39 :— Med. ,ὄνυχας χεῖράς τε ἰσώσαντο they made their nails and hands alike, i.e. used them in like manner, Hes. Sc. 263 :— Pass. (with aor. 1 Med. ),to be made like or equal to, τοῖσίν κεν ἐν ἄλγεσιν ἰσωσαίμην Od. 7.212 ; θεοῖσι μέν νυν οὐκ ἰσούμενόν ς' . . κρίνοντες S. OT 31 , cf. 581 , Hp.l.c.: abs.,ἰσούμενος, opp.κρείττων, Pl. Phdr. 239a ;to be made level, of a bank, POxy. 1674.7 (iii A.D.).""]","[""make equal"",""they made their"",""alike"",""to be made like"",""equal to"",""to be made level""]",[],"[{""biblio"":"""",""quote"":""τινί τι""},{""biblio"":""S. | El. | 686"",""quote"":""τινί τι S. El. 686""},{""biblio"":"""",""quote"":""τοῖσίν κεν ἐν ἄλγεσιν ἰσωσαίμην""},{""biblio"":""Od. | 7.212"",""quote"":""τοῖσίν κεν ἐν ἄλγεσιν ἰσωσαίμην Od. 7.212""},{""biblio"":"""",""quote"":""θεοῖσι μέν νυν οὐκ ἰσούμενόν ς' . . κρίνοντες""},{""biblio"":""S. | OT | 31"",""quote"":""θεοῖσι μέν νυν οὐκ ἰσούμενόν ς' . . κρίνοντες S. OT 31""}]","[""Od. | 7.212"",""S. | El. | 686"",""S. | OT | 31""]",{},[],1,1,0,1,0,1,6,0,6
51225,10,1582,n51225,Ἱσπᾱνία,,ἡ,839,,"[""Spain, Mon.Anc.Gr. 16.1 , Str. 3.4.19 , Agathem. 7 ; ἀπὸ τῆς Ἰβηρίας ἢ Ἱσπανίας ἢ ὅπως ἄν τις ὀνομάζειν ἐθέλῃ Gal. 12.388 ;τὴν Ἰβηρίαν τε καὶ""]","[""Spain,""]",[],"[{""biblio"":"""",""quote"":""ἀπὸ τῆς Ἰβηρίας ἢ Ἱσπανίας ἢ ὅπως ἄν τις ὀνομάζειν ἐθέλῃ""},{""biblio"":""Gal. | 12.388"",""quote"":""ἀπὸ τῆς Ἰβηρίας ἢ Ἱσπανίας ἢ ὅπως ἄν τις ὀνομάζειν ἐθέλῃ Gal. 12.388""}]","[""Gal. | 12.388""]",{},[],1,1,0,1,0,1,1,0,2
51226,10,1583,n51226,Σπανίαν,,,839,,"[""v.l. Ἱσπανίαν ) ὀνομαζομένην Id. 6.613 , cf. 12.428 , D.S. 5.37 .""]",[],[],"[{""biblio"":"""",""quote"":""ὀνομαζομένην""},{""biblio"":""Id. | 6.613"",""quote"":""ὀνομαζομένην Id. 6.613""}]","[""Id. | 6.613""]",{},"[{""type"":""ref"",""target"":"""",""text"":""Ἱσπανίαν""},{""type"":"""",""target"":"""",""text"":""v.l. Ἱσπανίαν""}]",1,0,0,1,1,1,0,0,2
51227,10,1584,n51227,Ἱσπᾱνός,,τό,839,,"[""μάχαιραι Ph. Bel. 71.14 , etc.:Ἱσπανόν,τό, a kind of oil, in form Σπᾶνον or Σπανόν, Gal. 10.551 , 790 , 822 , 12.513 , POxy. 2052 (vi A.D.), Gp. 9.26 ;ἡ""]",[],[],"[{""biblio"":"""",""quote"":""μάχαιραι""},{""biblio"":""Ph. | Bel. | 71.14"",""quote"":""μάχαιραι Ph. Bel. 71.14""}]","[""Ph. | Bel. | 71.14""]",{},[],1,0,0,1,0,1,0,0,2
51228,10,1585,n51228,Σπάνη,,,839,,"[""Σπάνη[λιθάργυρος] Dsc. 5.87 .""]",[],[],[],[],{},[],1,0,0,0,0,1,0,0,0
51229,10,1586,n51229,ἴσσα,,,839,,"[""ἰσσᾷ Herod. 3.94 . (Onomatop.; cf.σίττα.)""]",[],[],"[{""biblio"":"""",""quote"":""ἰσσᾷ""},{""biblio"":""Herod. | 3.94"",""quote"":""ἰσσᾷ Herod. 3.94""}]","[""Herod. | 3.94""]",{},[],1,0,0,1,0,1,0,0,2
51230,10,1587,n51230,ἴσσασθαι:,,,839,,"[""ἴσσασθαι: κληροῦσθαι, Λέσβιοι, Hsch.""]",[],[],[],[],{},[],1,0,0,0,0,1,0,0,0
51231,10,1588,n51231,ἰσσέλα,,,839,,"[""v. ἰξαλῆ .""]",[],[],[],[],{},"[{""type"":""ref"",""target"":"""",""text"":""ἰξαλῆ""},{""type"":"""",""target"":"""",""text"":""v. ἰξαλῆ""}]",1,0,0,0,1,1,0,0,0
51232,10,1589,n51232,ἰσσόθεος,,,839,,"[""v. ἰσόθεος fin.""]",[],[],[],[],{},"[{""type"":""ref"",""target"":"""",""text"":""ἰσόθεος""},{""type"":"""",""target"":"""",""text"":""v. ἰσόθεος""}]",1,0,0,0,1,1,0,0,0
51233,10,1590,n51233,ἵσσυπος,,,839,,"[""ἵσσυπος,=ὕσσωπος, PGoodsp.Cair. 30.42 (ii A.D.).""]",[],[],[],[],{},[],1,0,0,0,0,1,0,0,0
51234,10,1591,n51234,ἱστάνω,,,839,,"[""ἱστάναι Ἀττικοί, ἱστάνειν Ἕλληνες Moer. 200 ;part.(ἐφ) ιστάνοντες Plb. 11.2.5 ; τὸ ἱστάνον Simp. in Ph. 1257.34 : ind.ἱστάνει Philistio ap. Ath. 3.115e , ἱστάνομεν Ep.Rom. 3.31 , (παρ) ιστάνουσι Phld. Rh. 1.266S. , etc.:impf.(συν) ίστανον Plb. 4.5.6 , (δι-) App. Hisp. 36 , etc.:— Pass. , ἱστανόμενος IG 22.1343.26 (i B.C.):—introduced by the copyists into Lys. 25.3 , Is. 2.29 , etc.""]",[],"[""ἀνθ-"",""καθ-"",""συν-"",""ἀποκαθ-"",""ἐφ"",""παρ"",""συν"",""δι-""]","[{""biblio"":"""",""quote"":""ἱστάναι Ἀττικοί, ἱστάνειν Ἕλληνες""},{""biblio"":""Moer. | 200"",""quote"":""ἱστάναι Ἀττικοί, ἱστάνειν Ἕλληνες Moer. 200""},{""biblio"":"""",""quote"":""τὸ ἱστάνον""},{""biblio"":""Simp. | in Ph. | 1257.34"",""quote"":""τὸ ἱστάνον Simp. in Ph. 1257.34""},{""biblio"":"""",""quote"":""ἱστάνομεν""},{""biblio"":""Ep.Rom. | 3.31"",""quote"":""ἱστάνομεν Ep.Rom. 3.31""},{""biblio"":"""",""quote"":""ἱστανόμενος""},{""biblio"":""IG | 22.1343.26"",""quote"":""ἱστανόμενος IG 22.1343.26""}]","[""Ep.Rom. | 3.31"",""IG | 22.1343.26"",""Moer. | 200"",""Simp. | in Ph. | 1257.34""]",{},[],1,0,1,1,0,1,0,8,8
51235,10,1592,n51235,ἱστάριον,,τό,839,,"[""ἱστάριον,τό, Dim. of ἱστός, Men. 142 , PLond. 5.1728.13 (vi A.D.), Choerob. in Theod. 1.332 .""]",[],[],[],[],{},[],1,0,0,0,0,1,0,0,0
51236,10,1593,n51236,ἱστάρχης,,ὁ,839,,"[""ἱστάρχης,ου,ὁ,=ἱστωνάρχης, Ostr. 1155 .""]",[],[],[],[],{},[],1,0,0,0,0,1,0,0,0
51237,10,1594,n51237,ἱστάω,,,839,,"[""ἱστᾷ Hdt. 2.143 , 4.103 :impf. ἵστα Id. 2.106 ( v.l. ἵστη ): freq. in later Gr., (καθ-) UPZ 18.11 (ii B.C.), Aristeas 228 , (συν-) Str. 9.5.16 , cf. Dsc. 1.129 (v.l. in 4.43 ), Aesop. 340 , Them. Or. 23.292c , etc.""]",[],"[""καθ-"",""συν-""]","[{""biblio"":"""",""quote"":""ἱστᾷ""},{""biblio"":""Hdt. | 2.143"",""quote"":""ἱστᾷ Hdt. 2.143""},{""biblio"":"""",""quote"":""ἵστα""},{""biblio"":""Id. | 2.106"",""quote"":""ἵστα Id. 2.106""}]","[""Hdt. | 2.143"",""Id. | 2.106""]",{},"[{""type"":""ref"",""target"":"""",""text"":""ἵστη""},{""type"":"""",""target"":"""",""text"":""v.l. ἵστη""}]",1,0,1,1,1,1,0,2,4
51238,10,1595,n51238,ἱστεῖον,,τό,841,,"[""ἱστέων BGU 1359 , al.,PTeb.ined. 703.90 .""]","[""PTeb.ined.""]",[],"[{""biblio"":"""",""quote"":""ἱστέων""},{""biblio"":""BGU | 1359"",""quote"":""ἱστέων BGU 1359""}]","[""BGU | 1359""]",{},[],1,1,0,1,0,1,1,0,2
51239,10,1596,n51239,ἰστέον,,,841,,"[""one must see, ἰστέον δή Pl. Tht. 202e ; ἰ. ἤδη τί ἐστὶ τὸ πρᾶγμα Id. Smp. 217c ."",""one must know, Gal. 5.480 , Sch. Nic. Th. 11 .""]","[""one must see"",""one must know""]","[""Εἴδω, οἶδα""]","[{""biblio"":"""",""quote"":""ἰστέον δή""},{""biblio"":""Pl. | Tht. | 202e"",""quote"":""ἰστέον δή Pl. Tht. 202e""},{""biblio"":"""",""quote"":""ἰ. ἤδη τί ἐστὶ τὸ πρᾶγμα""},{""biblio"":""Id. | Smp. | 217c"",""quote"":""ἰ. ἤδη τί ἐστὶ τὸ πρᾶγμα Id. Smp. 217c""}]","[""Id. | Smp. | 217c"",""Pl. | Tht. | 202e""]",{},[],1,1,1,1,0,2,2,1,4
51240,10,1597,n51240,ἱστεών,,ὁ,841,,"[""weaving-shed, Men. Sam. 19 : censured by Phryn. 144 .""]","[""weaving-shed""]",[],[],[],{},[],1,1,0,0,0,1,1,0,0
51241,10,1598,n51241,ἵστημι,Adv.,,841,,"[""causal,make to stand, imper. ἵστη Il. 21.313 , E. Supp. 1230 , καθ-ίστα Il. 9.202 :impf. ἵστην, Ep. ἵστασκε Od. 19.574 ;3 pl. ἵσταν B. 10.112 :fut. στήσω, Dor. στᾱσῶ Theoc. 5.54 :aor. 1 ἔστησα, Ep. 3 pl. ἔστᾰσαν for ἔστησαν dub. in Od. 18.307 , 3.182 , 8.435 , al. (v.ἔστᾰσαν): hence, in late Poets,ἔστᾰσας, ἔστᾰσε, AP 9.714 , 708 ( Phil. ):aor. 1 Med. ἐστησάμην(never intr.),v.infr. A. 111.2 , 3 :pf. ἕστᾰκα Cerc. 3 , (καθ-) Hyp. Eux. 28 , UPZ 112.5 (ii B.C.), (περι-) Pl. Ax. 370d , (ἀφ-) LXX Je. 16.5 , (παρ-) Phld. Rh. 1.9S. , al., (συν-) S.E. M. 7.109 ; also ἕστηκα(v. infr.) in trans. sense, (δι-) Arist. Vent. 973a18 , (ἀφ-) v.l. in LXX l.c.;ἑστακεῖα trans. in Test.Epict. 1.25 ."",""intr.,stand,"",""Act. ,aor. 2 ἔστην, Ep. στάσκον Il. 3.217 ;3 pl. ἔστησαν, more freq. in Hom. ἔσταν, στάν [ᾰ]; imper.στῆθι, Dor. στᾶθι Sapph. 29 , Theoc. 23.38 ;subj. στῶ, Ep. 2 and 3 sg. στήῃς, στήῃ(for στῇς, στῇ), Il. 17.30 , 5.598 ;1 pl. στέωμεν(as disyll.) 22.231 , στείομεν 15.297 ; opt.σταῖεν, Ep. 3 pl. σταίησαν 17.733 ;inf. στῆναι, Ep. στήμεναι 17.167 , Od. 5.414 , Dor. στᾶμεν Pi. P. 4.2 ;part. στάς:pf. ἕστηκα:plpf. ἑστήκειν, sts. with strengthd. augm.εἱστήκειν, as E. HF 925 , Ar. Av. 513 , Th. 1.89 , etc.; Ion. 3 sg. ἑστήκεε Hdt. 7.152 :—from Hom. downwds. the shorter dual and pl. forms of the pf.are preferred,ἕστᾰτον, ἕστᾰμεν, ἕστᾰτε, ἑστᾶσι( IG 12(8).356 (Thasos,vi B.C.), etc.), in Hdt. ἑστέᾱσι; imper. ἕστᾰθι Aristomen. 5 ;subj. ἑστῶ; opt.ἑσταίην;inf. ἑστάναι, Ep. ἑστάμεν, ἑστάμεναι(ἑστηκέναι only late, as Ael. VH 3.18 );part. ἑστώς(ἑστηκώς rare in early Gr., Hdt. 2.126 , Pl. Men. 93d , Lg. 802c , Arist. (infr. B. 11.2 ), Alex. 126.16 , εἱστηκότα IG 12.374.179 ), fem.ἑστῶσα(not ἑστυῖα; but συνεστηκυιῶν prob. in Hp. Aër. 10 ), neut. ἑστός Pl. Ti. 40b , Tht. 183e , SIG 1234 (Lycia), etc., (καθ-) POxy. 68.32 (ii A.D.), (ἐν-) PRyl. 98 (a). 10 (ii A.D.), (παρ-) Ar. Eq. 564 (-ώς freq.v.l.as in Pl. and Ar. ll.cc., preferred by Choerob. in Theod. 2.313 ); gen.ἑστῶτος; Ion. ἑστεώς, ἑστεός,ῶτος ; Ep. ἑστηώς Hes. Th. 747 ; dat. pl.ἑστηῶσι cj. in Antim. 16.5 , cf. Call. Dian. 134 ; Hom. does not use the nom., but has gen.ἑστᾰότος, acc.ἑστᾰότα, nom. pl.ἑστᾰότες, as if from ἑσταώς: so also plpf. ἑστάτην, ἕστᾰμεν, ἕστᾰτε, ἕστᾰσαν: late pres. ἑστήκω, formed from pf., Posidipp. ap. Ath. 10.412e : hence,fut. ἑστήξω Hom. Epigr. 15.14 , X. Cyr. 6.2.17 , Hegesipp. 1.25 , ἑστήξομαι X. Cyn. 10.9 codd."",""Pass. ,ἵσταμαι: imper. ἵστασο Hes. Sc. 449 , ἵστω S. Ph. 893 , Ar. Ec. 737 :impf. ἱστάμην:fut. στᾰθήσομαι And. 3.34 , Aeschin. 3.103 : more freq. στήσομαι Il. 20.90 , etc.:aor. ἐστάθην Od. 17.463 , etc.; rarely ἔστην, Dor. 3 sg. ἔσστα SIG 56.43 (Argos,v B.C.):pf. ἕσταμαι(δι-) v.l. in Pl. Ti. 81d ,κατεστέαται v.l. in Hdt. 1.196 . (From I.- E. sthā-, cf. Skt.sthā-(aor. á-sthā-t), Lat.stare, etc.; Gr. redupl.pres.and pf.fr.si-sthā-, se-sthā-.)"",""Causal,make to stand, set up, πελέκεας ἑξείης Od. 19.574 ;ἔγχος μέν ῥ' ἔστησε φέρων πρὸς κίονα he set it against the pillar, 1.127 , cf. Il. 15.126 ;ἱ. ἱστόν set up the loom, or raise the mast (v. ἱστός 1 and 11 );κρητῆρας στήσασθαι to have bowls set up, Od. 2.431 ;θεοῖς . . κρητῆρα στήσασθαι in honour of the gods, Il. 6.528 ;στῆσαί τινα ὀρθόν, στ. ὀρθὰν καρδίαν, Pi. P. 3.53 , 96 ; ὀρθῷ στ. ἐπὶ σφυρῷ Id. I. 7(6).13 ; ἐς ὀρθὸν ἱ. τινά E. Supp. 1230 ; ὁ Ξανθίας τὸν φαλλὸν ὀρθὸν στησάτω Ar. Ach. 243 ; ὀρθὸν οὖς ἵστησιν S. El. 27 ;στῆσαι λόγχας, for battle, Id. Ant. 145 (lyr.); esp.raise buildings, statues, trophies, etc., ἱ. ἀνδριάντα Hdt. 2.110 ; τροπαῖα S. Tr. 1102 ; τροπαῖον ἱ. τῶν πολεμίων Isoc. 4.150 , cf. IG 22.1457.26 ; τροπαῖον στησάμενοι X. HG 2.4.7 ; τροπαῖον ἂν στήσαιτο τῶν ταύτης τρόπων Ar. Pl. 453 ; τὰ μακρὰ στῆσαι τείχη Th. 1.69 ;ἱ. τινὰ χαλκοῦν set him up in brass,raise a brazen statue to him, D. 13.21 , 19.261 (so in pf.,stand, οὗτος ἕστηκε λίθινος Hdt. 2.141 :— Pass. , σφυρήλατος ἐν Ὀλυμπία στάθητι Pl. Phdr. 236b ; σταθῆναι χαλκοῦς Arist. Rh. 1410a33 )."",""set, place, of things or persons, τρίποδ' ἔστασαν ἐν πυρί Od. 8.435 , etc.; ὥς ς' ἄγχι γῆς στήσωσι Καδμείας S. OC 399 , etc.;fix, τοὺς ὀφθαλμοὺς εἰς τὴν γῆν Philostr. VA 1.10 ; esp.set men in order or array, πεζοὺς δ' ἐξόπιθε στῆσεν Il. 4.298 , cf. 2.525 , etc.; στῆσαί τινας τελευταίους X. Cyr. 6.3.25 , etc."",""bring to a standstill, stay, check, λαὸν δὲ στῆσον Il. 6.433 ;νέας, ἵππους, ἡμιόνους στῆσαι, Od. 3.182 , Il. 5.755 , 24.350 ;μύλην στῆσαι to stop the mill, Od. 20.111 ;στῆσεν ἄρ'(sc.ἡμιόνους) 7.4 ;στῆσε δ' ἐν Ἀμνισῷ(sc.νῆα) 19.188 ; βᾶριν Iamb. Myst. 6.5 ;στῆσαι τὴν φάλαγγα halt it, X. Cyr. 7.1.5 ; ἵστησι ῥοῦν Pl. Cra. 437b , etc.;ἵ. τὴν ψυχὴν ἐπὶ τοῖς πράγμασιν ib. 437a ;στ. τὰ ὄμματα fix them, of a dying man, Id. Phd. 118 ;στ. τὸ πρόσωπον compose the countenance, X. Cyr. 1.3.9 ; στήσαντες ἐπὶ τούτων τὴν διήγησιν Plb. 3.2.6 : esp. in Medic., ἵ. κοιλίαν Dsc. 1.20 ;τὰς κοιλίας Philotim. ap. Orib. 4.10.1 ; αἱμορραγίας Dsc. 1.129 : abs., Arist. HA 605a29 :— Med. , ἱστάμενος τῷ νοσήματι Hp. Ep. 19 ( Hermes 53.65 )."",""set on foot, stir up, κονίης . . ἱστᾶσιν ὀμίχλην Il. 13.336 ; ἵστη δὲ μέγα κῦμα 21.313 ; νεφέλην ἔστησε Κρονίων Od. 12.405 , cf. Il. 5.523 ; of battle, etc.,φυλόπιδα στήσειν stir up strife, Od. 11.314 ; ἔριν στήσαντες 16.292 (so intr.φύλοπις ἕστηκε the fray is on foot, Il. 18.172 ):—also in Med. ,στησάμενοι δ' ἐμάχοντο ib. 533 , Od. 9.54 ; πολέμους ἵστασθαι Hdt. 7.9 .β', 175 , 236 ; so ἱστάναι βοήν A. Ch. 885 ; κραυγήν E. Or. 1529 ( Pass. ,θόρυβος ἵσταται βοῆς arises, S. Ph. 1263 ); also of passions and states of mind,μῆνιν, ἐλπίδα στῆσαι, Id. OT 699 , E. IA 788 (lyr.)."",""set up, appoint, τινὰ βασιλέα Hdt. 1.97 ; τύραννον S. OT 940 , cf. OC 1041 , Ant. 666 :— Med. , ἐστάσαντο τύραννον Alc. 37 A; φύλακας στησόμεθα Pl. R. 484d :— Pass. , ὁ ὑπὸ Δαρείου σταθεὶς ὕπαρχος Hdt. 7.105 , cf. IG 9(1).32.23 (Stiris,ii B.C.)."",""establish, institute,χορούς, παννυχίδα, Hdt. 3.48 , 4.76 (so στήσασθαι ἤθεά τε καὶ νόμους Id. 2.35 ; ἀγῶνα h.Ap. 150 );στῆσαι χορόν, Ὀλυμπιάδα, ἑορτάν, Pi. P. 9.114 , O. 2.3 , 10(11).58 ; κτερίσματα S. El. 433 ; χορούς B. 10.112 , D. 21.51 ;οὐχ ὑγιῶς ἱστάμενος λόγον setting up a bad argument, Anon.Lond. 26.34 :— Pass. , ἀγορὴ ἵσταταί τινι Hdt. 6.58 ."",""=Lat.statuere, determine, γνῶναι καὶ στῆσαι D.H. 8.68 ; διαγεινώσκειν καὶ ἱστάναι Not. Arch. 4.21 (Aug.):— Pass. , τὰ ὑπό τινος σταθέντα OGI 665.27 (Egypt,i A.D.);τὰ ἑσταμένα Wilcken Chr. 167.27 (ii B.C.)."",""fix by agreement, ὁ σταθεὶς τόκος PGrenf. 1.31.1 (i B.C.), cf. PFlor. 14.11 (iv A.D.); τὸ ἑσταμένον ἐνοίκιον BGU 253.15 (iii A.D.)."",""bring about, cause, ἀμπνοάν Pi. P. 4.199 ;στῆσαι δύσκηλον χθόνα make its case desperate, A. Eu. 825 ."",""place in the balance, weigh, Il. 19.247 , 22.350 , 24.232 , Ar. V. 40 ; [ἐκπώματα] Thphr. Char. 18.7 ; ἀριθμοῦντες καὶ μετροῦντες καὶ ἱστάντες X. Cyr. 8.2.21 , etc.;ἱστάναι τι πρὸς ἀργύριον weigh a thing against silver, Hdt. 2.65 ;ἀγαθὸς ἱστάναι good at weighing, Pl. Prt. 356b ;τὸ ἐγγὺς καὶ τὸ πόρρω στήσας ἐν τῷ ζυγῷ ibid., cf. Lys. 10.18 ;ἐπὶ τὸ ἱστάναι ἐλθεῖν have recourse to the scales, Pl. Euthphr. 7c :— Pass. , ἵστασθαι ἐπὶ ζυγοῦ Arr. Epict. 1.29.15 ; σταθείς weighed, IG 11(2).161 B 113 (Delos,iii B.C.)."",""weigh out, pay, LXX 3 Ki. 21.39 , cf. Za. 11.12 , Ev.Matt. 26.15 ."",""Pass. and intr. tenses of Act. ,to be set or placed, stand, Hom. etc.,ἀγχοῦ, ἆσσον, Il. 2.172 , 23.97 ; ἄντα τινός 17.30 ; ἐς μέσσον Od. 17.447 ; σταθεὶς ἐς μέσον Hdt. 3.130 ;ἀντίοι ἔσταν, ἐναντίοι ἔστησαν, Il. 1.535 , Od. 10.391 : prov. of critical circumstances, ἐπὶ ξυροῦ ἵσταται ἀκμῆς Il. 10.173 : freq. merely a stronger form of εἶναι,to be in a certain place or state, ἀργύρεοι σταθμοὶ ἐν χαλκέῳ ἕστασαν οὐδῷ Od. 7.89 , etc.;ἑστάτω for ἔστω, S. Aj. 1084 ;τὰ νῦν ἑστῶτα,=τὰ νῦν, Id. Tr. 1271 (anap.); ἐμοὶ δ' ἄχος ἕστᾱκεν Id. Aj. 200 (lyr.): with Adv.,ξυμφορᾶς ἵν' ἕσταμεν, ἵν' ἕστ. χρείας, in what case or need we are, Id. Tr. 1145 , OT 1442 ;ποῦ τύχης ἕστηκεν; Id. Aj. 102 ; later also ἀδίκως, ὀρθῶς, εὐλαβῶς ἵστασθαι,behave wrongly, etc., Plb. 18.3.2 , 33.6.3 , 18.33.4 ."",""take up an intellectual attitude, ὡς ἵστασθαι δεῖ περὶ χρημάτων κτήσεως Phld. Oec. p.38J. ;οὐκ ὀρθῶς ἵ. Id. Rh. 1.53S."",""in pregnant sense, στῆναι ἐς . . Hdt. 9.21 ; στ. ἐς δίκην E. IT 962 ; στ. παρά τινα Il. 24.169 (but οἱ μὴ στάντες παρὰ τὰ δεινά those who did not face the danger, D.H. 9.28 ): c. acc. loci,τί τοῦτ' αἰθερίαν ἕστηκε πέτραν; E. Supp. 987 (lyr.); στῆτε τόνδε τρίβον Id. Or. 1251 :c. acc. cogn.,ποίαν μ' ἀνάστασιν δοκεῖς . . στῆναι; S. Ph. 277 ."",""stand still, halt, ἀλλ' ἄγε δὴ στέωμεν Il. 11.348 , cf. Od. 6.211 , 10.97 ; opp.φεύγω, 6.199 , etc.;stand idle, Il. 4.243 , al.;ἑστάναι to be stationary, opp.κινεῖσθαι, Pl. R. 436c , etc.; κατὰ χώρην ἑστάναι Hdt. 4.97 ;οὐ μὴν ἐνταῦθ' ἕστηκε τὸ πρᾶγμα does not rest here, D. 21.102 , cf. 10.36 ;ἐὰν ἡ κοιλία στῇ if the bowels are constipated, Arist. HA 588a8 : c.part., οὐ στήσεται ἀδικῶν D. 10.10 ;come to a stop, rest satisfied, ἄν τις ὀρθῶς ἐπιβάλῃ, ἔπειτα σταθῇ Epicur. Fr. 423 ; οὐχ ἱστάμενοι Plot. 3.1.2 : impers.,ἵσταται there is a stop, one comes to a stop, Arist. APr. 43a37 , al.; οὐκ ἔστη ἐνταῦθα κακοῖς γενομένοις ἀποθανεῖν Plot. 3.2.8 ; also ἵστασθαι μέχρι τοῦ γένους Them. in APo. 55.8 ,al."",""metaph.,stand firm, X. HG 5.2.23 ; τῇ διανοίᾳ Plb. 21.11.3 ; of arguments or propositions,hold good, Phld. Rh. 1.83 , 2.192 S. :part.,ἑστηκώς fixed, stable, Arist. GA 776a35 , EN 1104a4 , Metaph. 1047a15 ; δεῖ τὸ κρίμα ἑστηκὸς καὶ κύριον εἶναι SIG 826ii29 (Delph.,ii B.C.); λογισμὸς ἑστὼς καὶ νουνεχής Plb. 3.105.9 ; τέχναι οὐκ ἔχουσαι τὸ ἑστηκός, ἀλλὰ τὸ στοχαστικόν Phld. Rh. 1.71S. (so Adv. ἑστηκότως, opp.στοχαστικῶς, ib. 70S. ), cf. Iamb. Protr. 21 . κ'; χρεία ἑστηκυῖα καὶ τεταγμένη Plb. 6.25.10 ;ἑστηκότα θεωρήματα, ἑστηκότες σκοποί, Phld. Rh. 1.2S. , Po. 5.22 ; of age, ἑστηκυῖα ἡλικία Pl. Lg. 802c ;τιμαὶ ἑστηκυῖαι fixed prices,PTeb.ined. 703.177 ."",""to be set up or upright, stand up, rise up, κρημνοὶ ἕστασαν Il. 12.55 ; ὀρθαὶ τρίχες ἔσταν 24.359 , cf. A. Th. 564 (lyr.), Pl. Ion 535c , etc.; κονίη ἵστατο Il. 2.151 ; ἵστατο κῦμα 21.240 ; of a horse,ἵστασθαι ὀρθός to rear, Hdt. 5.111 ;ἵστασθαι βάθρων from the steps, S. OT 143 ."",""to be set up, erected, or built, στήλη, ἥ τ' ἐπὶ τύμβῳ ἑστήκῃ Il. 17.435 ; ἕστακε τροπαῖον A. Th. 954 (lyr.); μνημεῖον Ar. Eq. 268 , etc.;v.supr. A. 11 ."",""generally,arise, begin, ἵστατο νεῖκος Il. 13.333 ; cf. A. 111.2 ."",""in marking Time,ἔαρος νέον ἱσταμένοιο when spring is not long begun, Od. 19.519 ;ἕβδομος ἑστήκει μείς the seventh month was begun, Il. 19.117 ;τοῦ μὲν φθίνοντος μηνός, τοῦ δ' ἱσταμένοιο as one month ends and the next begins, Od. 14.162 , cf. Hes. Op. 780 ; later μὴν ἱστάμενος, μεσῶν, φθίνων, first in Hdt. 6.57 , 106 , cf. And. 1.121 , Aeschin. 3.67 ; σχεδὸν ἤδη μεσημβρία ἵσταται Pl. Phdr. 242a ."",""to be appointed, στῆναι ἐς ἀρχήν Hdt. 3.80 ;v.supr. A. 111.3 .""]","[""make to stand"",""stand"",""Aër."",""a"",""sthā-"",""sthā-"",""á-sthā-t"",""stare"",""si-sthā-, se-sthā-."",""make to stand, set up"",""he set"",""set up"",""raise"",""to have"",""set up"",""raise"",""set"",""up"",""raise"",""stand"",""set, place"",""fix"",""set"",""in order"",""array"",""bring to a standstill, stay, check"",""to stop"",""halt"",""fix"",""compose"",""set on foot, stir up"",""stir up"",""is on foot"",""arises"",""set up, appoint"",""establish, institute"",""setting up"",""statuere, determine"",""fix by agreement"",""bring about, cause"",""make"",""place in the balance, weigh"",""weigh"",""at weighing"",""the scales"",""weighed,"",""weigh out, pay"",""to be set"",""placed, stand"",""to be"",""we are"",""behave"",""take up an"",""attitude"",""face"",""stand still, halt"",""stand idle"",""to be stationary"",""does"",""rest"",""are constipated"",""come to a stop, rest satisfied"",""there is a stop, one comes to a stop"",""stand firm"",""hold good"",""fixed, stable"",""fixed"",""PTeb.ined."",""to be set up"",""upright, stand up, rise up"",""rear"",""from"",""to be set up, erected"",""built"",""arise, begin"",""is"",""begun"",""was begun"",""begins"",""to be appointed""]","[""καθ-"",""περι-"",""ἀφ-"",""παρ-"",""συν-"",""δι-"",""ἀφ-"",""καθ-"",""ἐν-"",""παρ-"",""δι-""]","[{""biblio"":"""",""quote"":""ἵστη""},{""biblio"":""Il. | 21.313"",""quote"":""ἵστη Il. 21.313""},{""biblio"":"""",""quote"":""καθ-ίστα""},{""biblio"":""Il. | 9.202"",""quote"":""καθ-ίστα Il. 9.202""},{""biblio"":"""",""quote"":""ἵστασκε""},{""biblio"":""Od. | 19.574"",""quote"":""ἵστασκε Od. 19.574""},{""biblio"":"""",""quote"":""ἵσταν""},{""biblio"":""B. | 10.112"",""quote"":""ἵσταν B. 10.112""},{""biblio"":"""",""quote"":""στᾱσῶ""},{""biblio"":""Theoc. | 5.54"",""quote"":""στᾱσῶ Theoc. 5.54""},{""biblio"":"""",""quote"":""ἕστᾰκα""},{""biblio"":""Cerc. | 3"",""quote"":""ἕστᾰκα Cerc. 3""},{""biblio"":"""",""quote"":""στάσκον""},{""biblio"":""Il. | 3.217"",""quote"":""στάσκον Il. 3.217""},{""biblio"":"""",""quote"":""στᾶθι""},{""biblio"":""Sapph. | 29"",""quote"":""στᾶθι Sapph. 29""},{""biblio"":"""",""quote"":""στείομεν""},{""biblio"":""15.297"",""quote"":""στείομεν 15.297""},{""biblio"":"""",""quote"":""σταίησαν""},{""biblio"":""17.733"",""quote"":""σταίησαν 17.733""},{""biblio"":"""",""quote"":""στήμεναι""},{""biblio"":""17.167"",""quote"":""στήμεναι 17.167""},{""biblio"":"""",""quote"":""στᾶμεν""},{""biblio"":""Pi. | P. | 4.2"",""quote"":""στᾶμεν Pi. P. 4.2""},{""biblio"":"""",""quote"":""ἑστήκεε""},{""biblio"":""Hdt. | 7.152"",""quote"":""ἑστήκεε Hdt. 7.152""},{""biblio"":"""",""quote"":""ἕστᾰθι""},{""biblio"":""Aristomen. | 5"",""quote"":""ἕστᾰθι Aristomen. 5""},{""biblio"":"""",""quote"":""εἱστηκότα""},{""biblio"":""IG | 12.374.179"",""quote"":""εἱστηκότα IG 12.374.179""},{""biblio"":"""",""quote"":""ἑστός""},{""biblio"":""Pl. | Ti. | 40b"",""quote"":""ἑστός Pl. Ti. 40b""},{""biblio"":"""",""quote"":""ἑστηώς""},{""biblio"":""Hes. | Th. | 747"",""quote"":""ἑστηώς Hes. Th. 747""},{""biblio"":"""",""quote"":""ἑστήξω""},{""biblio"":""Hom. | Epigr. | 15.14"",""quote"":""ἑστήξω Hom. Epigr. 15.14""},{""biblio"":"""",""quote"":""ἑστήξομαι""},{""biblio"":""X. | Cyn. | 10.9"",""quote"":""ἑστήξομαι X. Cyn. 10.9""},{""biblio"":"""",""quote"":""ἵστασο""},{""biblio"":""Hes. | Sc. | 449"",""quote"":""ἵστασο Hes. Sc. 449""},{""biblio"":"""",""quote"":""ἵστω""},{""biblio"":""S. | Ph. | 893"",""quote"":""ἵστω S. Ph. 893""},{""biblio"":"""",""quote"":""στᾰθήσομαι""},{""biblio"":""And. | 3.34"",""quote"":""στᾰθήσομαι And. 3.34""},{""biblio"":"""",""quote"":""στήσομαι""},{""biblio"":""Il. | 20.90"",""quote"":""στήσομαι Il. 20.90""},{""biblio"":"""",""quote"":""ἐστάθην""},{""biblio"":""Od. | 17.463"",""quote"":""ἐστάθην Od. 17.463""},{""biblio"":"""",""quote"":""ἔσστα""},{""biblio"":""SIG | 56.43"",""quote"":""ἔσστα SIG 56.43""},{""biblio"":"""",""quote"":""πελέκεας ἑξείης""},{""biblio"":""Od. | 19.574"",""quote"":""πελέκεας ἑξείης Od. 19.574""},{""biblio"":"""",""quote"":""ἱστός""},{""biblio"":""1"",""quote"":""ἱστός 1""},{""biblio"":"""",""quote"":""ὀρθῷ στ. ἐπὶ σφυρῷ""},{""biblio"":""Id. | I. | 7(6).13"",""quote"":""ὀρθῷ στ. ἐπὶ σφυρῷ Id. I. 7(6).13""},{""biblio"":"""",""quote"":""ἐς ὀρθὸν ἱ. τινά""},{""biblio"":""E. | Supp. | 1230"",""quote"":""ἐς ὀρθὸν ἱ. τινά E. Supp. 1230""},{""biblio"":"""",""quote"":""ὁ Ξανθίας τὸν φαλλὸν ὀρθὸν στησάτω""},{""biblio"":""Ar. | Ach. | 243"",""quote"":""ὁ Ξανθίας τὸν φαλλὸν ὀρθὸν στησάτω Ar. Ach. 243""},{""biblio"":"""",""quote"":""ὀρθὸν οὖς ἵστησιν""},{""biblio"":""S. | El. | 27"",""quote"":""ὀρθὸν οὖς ἵστησιν S. El. 27""},{""biblio"":"""",""quote"":""ἱ. ἀνδριάντα""},{""biblio"":""Hdt. | 2.110"",""quote"":""ἱ. ἀνδριάντα Hdt. 2.110""},{""biblio"":"""",""quote"":""τροπαῖα""},{""biblio"":""S. | Tr. | 1102"",""quote"":""τροπαῖα S. Tr. 1102""},{""biblio"":"""",""quote"":""τροπαῖον ἱ. τῶν πολεμίων""},{""biblio"":""Isoc. | 4.150"",""quote"":""τροπαῖον ἱ. τῶν πολεμίων Isoc. 4.150""},{""biblio"":"""",""quote"":""τροπαῖον στησάμενοι""},{""biblio"":""X. | HG | 2.4.7"",""quote"":""τροπαῖον στησάμενοι X. HG 2.4.7""},{""biblio"":"""",""quote"":""τροπαῖον ἂν στήσαιτο τῶν ταύτης τρόπων""},{""biblio"":""Ar. | Pl. | 453"",""quote"":""τροπαῖον ἂν στήσαιτο τῶν ταύτης τρόπων Ar. Pl. 453""},{""biblio"":"""",""quote"":""τὰ μακρὰ στῆσαι τείχη""},{""biblio"":""Th. | 1.69"",""quote"":""τὰ μακρὰ στῆσαι τείχη Th. 1.69""},{""biblio"":"""",""quote"":""οὗτος ἕστηκε λίθινος""},{""biblio"":""Hdt. | 2.141"",""quote"":""οὗτος ἕστηκε λίθινος Hdt. 2.141""},{""biblio"":"""",""quote"":""σφυρήλατος ἐν Ὀλυμπία στάθητι""},{""biblio"":""Pl. | Phdr. | 236b"",""quote"":""σφυρήλατος ἐν Ὀλυμπία στάθητι Pl. Phdr. 236b""},{""biblio"":"""",""quote"":""σταθῆναι χαλκοῦς""},{""biblio"":""Arist. | Rh. | 1410a33"",""quote"":""σταθῆναι χαλκοῦς Arist. Rh. 1410a33""},{""biblio"":"""",""quote"":""τρίποδ' ἔστασαν ἐν πυρί""},{""biblio"":""Od. | 8.435"",""quote"":""τρίποδ' ἔστασαν ἐν πυρί Od. 8.435""},{""biblio"":"""",""quote"":""ὥς ς' ἄγχι γῆς στήσωσι Καδμείας""},{""biblio"":""S. | OC | 399"",""quote"":""ὥς ς' ἄγχι γῆς στήσωσι Καδμείας S. OC 399""},{""biblio"":"""",""quote"":""τοὺς ὀφθαλμοὺς εἰς τὴν γῆν""},{""biblio"":""Philostr. | VA | 1.10"",""quote"":""τοὺς ὀφθαλμοὺς εἰς τὴν γῆν Philostr. VA 1.10""},{""biblio"":"""",""quote"":""πεζοὺς δ' ἐξόπιθε στῆσεν""},{""biblio"":""Il. | 4.298"",""quote"":""πεζοὺς δ' ἐξόπιθε στῆσεν Il. 4.298""},{""biblio"":"""",""quote"":""στῆσαί τινας τελευταίους""},{""biblio"":""X. | Cyr. | 6.3.25"",""quote"":""στῆσαί τινας τελευταίους X. Cyr. 6.3.25""},{""biblio"":"""",""quote"":""λαὸν δὲ στῆσον""},{""biblio"":""Il. | 6.433"",""quote"":""λαὸν δὲ στῆσον Il. 6.433""},{""biblio"":"""",""quote"":""βᾶριν""},{""biblio"":""Iamb. | Myst. | 6.5"",""quote"":""βᾶριν Iamb. Myst. 6.5""},{""biblio"":"""",""quote"":""ἵστησι ῥοῦν""},{""biblio"":""Pl. | Cra. | 437b"",""quote"":""ἵστησι ῥοῦν Pl. Cra. 437b""},{""biblio"":"""",""quote"":""στήσαντες ἐπὶ τούτων τὴν διήγησιν""},{""biblio"":""Plb. | 3.2.6"",""quote"":""στήσαντες ἐπὶ τούτων τὴν διήγησιν Plb. 3.2.6""},{""biblio"":"""",""quote"":""ἵ. κοιλίαν""},{""biblio"":""Dsc. | 1.20"",""quote"":""ἵ. κοιλίαν Dsc. 1.20""},{""biblio"":"""",""quote"":""αἱμορραγίας""},{""biblio"":""Dsc. | 1.129"",""quote"":""αἱμορραγίας Dsc. 1.129""},{""biblio"":"""",""quote"":""ἱστάμενος τῷ νοσήματι""},{""biblio"":""Hp. | Ep. | 19"",""quote"":""ἱστάμενος τῷ νοσήματι Hp. Ep. 19""},{""biblio"":"""",""quote"":""κονίης . . ἱστᾶσιν ὀμίχλην""},{""biblio"":""Il. | 13.336"",""quote"":""κονίης . . ἱστᾶσιν ὀμίχλην Il. 13.336""},{""biblio"":"""",""quote"":""ἵστη δὲ μέγα κῦμα""},{""biblio"":""21.313"",""quote"":""ἵστη δὲ μέγα κῦμα 21.313""},{""biblio"":"""",""quote"":""νεφέλην ἔστησε Κρονίων""},{""biblio"":""Od. | 12.405"",""quote"":""νεφέλην ἔστησε Κρονίων Od. 12.405""},{""biblio"":"""",""quote"":""ἔριν στήσαντες""},{""biblio"":""16.292"",""quote"":""ἔριν στήσαντες 16.292""},{""biblio"":"""",""quote"":""πολέμους ἵστασθαι""},{""biblio"":""Hdt. | 7.9"",""quote"":""πολέμους ἵστασθαι Hdt. 7.9""},{""biblio"":"""",""quote"":""ἱστάναι βοήν""},{""biblio"":""A. | Ch. | 885"",""quote"":""ἱστάναι βοήν A. Ch. 885""},{""biblio"":"""",""quote"":""κραυγήν""},{""biblio"":""E. | Or. | 1529"",""quote"":""κραυγήν E. Or. 1529""},{""biblio"":"""",""quote"":""τινὰ βασιλέα""},{""biblio"":""Hdt. | 1.97"",""quote"":""τινὰ βασιλέα Hdt. 1.97""},{""biblio"":"""",""quote"":""τύραννον""},{""biblio"":""S. | OT | 940"",""quote"":""τύραννον S. OT 940""},{""biblio"":"""",""quote"":""ἐστάσαντο τύραννον""},{""biblio"":""Alc. | 37"",""quote"":""ἐστάσαντο τύραννον Alc. 37""},{""biblio"":"""",""quote"":""φύλακας στησόμεθα""},{""biblio"":""Pl. | R. | 484d"",""quote"":""φύλακας στησόμεθα Pl. R. 484d""},{""biblio"":"""",""quote"":""ὁ ὑπὸ Δαρείου σταθεὶς ὕπαρχος""},{""biblio"":""Hdt. | 7.105"",""quote"":""ὁ ὑπὸ Δαρείου σταθεὶς ὕπαρχος Hdt. 7.105""},{""biblio"":"""",""quote"":""στήσασθαι ἤθεά τε καὶ νόμους""},{""biblio"":""Id. | 2.35"",""quote"":""στήσασθαι ἤθεά τε καὶ νόμους Id. 2.35""},{""biblio"":"""",""quote"":""ἀγῶνα""},{""biblio"":""h.Ap. | 150"",""quote"":""ἀγῶνα h.Ap. 150""},{""biblio"":"""",""quote"":""κτερίσματα""},{""biblio"":""S. | El. | 433"",""quote"":""κτερίσματα S. El. 433""},{""biblio"":"""",""quote"":""χορούς""},{""biblio"":""B. | 10.112"",""quote"":""χορούς B. 10.112""},{""biblio"":"""",""quote"":""ἀγορὴ ἵσταταί τινι""},{""biblio"":""Hdt. | 6.58"",""quote"":""ἀγορὴ ἵσταταί τινι Hdt. 6.58""},{""biblio"":"""",""quote"":""γνῶναι καὶ στῆσαι""},{""biblio"":""D.H. | 8.68"",""quote"":""γνῶναι καὶ στῆσαι D.H. 8.68""},{""biblio"":"""",""quote"":""διαγεινώσκειν καὶ ἱστάναι""},{""biblio"":""Not. Arch. | 4.21"",""quote"":""διαγεινώσκειν καὶ ἱστάναι Not. Arch. 4.21""},{""biblio"":"""",""quote"":""τὰ ὑπό τινος σταθέντα""},{""biblio"":""OGI | 665.27"",""quote"":""τὰ ὑπό τινος σταθέντα OGI 665.27""},{""biblio"":"""",""quote"":""ὁ σταθεὶς τόκος""},{""biblio"":""PGrenf. | 1.31.1"",""quote"":""ὁ σταθεὶς τόκος PGrenf. 1.31.1""},{""biblio"":"""",""quote"":""τὸ ἑσταμένον ἐνοίκιον""},{""biblio"":""BGU | 253.15"",""quote"":""τὸ ἑσταμένον ἐνοίκιον BGU 253.15""},{""biblio"":"""",""quote"":""ἀμπνοάν""},{""biblio"":""Pi. | P. | 4.199"",""quote"":""ἀμπνοάν Pi. P. 4.199""},{""biblio"":"""",""quote"":""ἀριθμοῦντες καὶ μετροῦντες καὶ ἱστάντες""},{""biblio"":""X. | Cyr. | 8.2.21"",""quote"":""ἀριθμοῦντες καὶ μετροῦντες καὶ ἱστάντες X. Cyr. 8.2.21""},{""biblio"":"""",""quote"":""ἵστασθαι ἐπὶ ζυγοῦ""},{""biblio"":""Arr. | Epict. | 1.29.15"",""quote"":""ἵστασθαι ἐπὶ ζυγοῦ Arr. Epict. 1.29.15""},{""biblio"":"""",""quote"":""σταθείς""},{""biblio"":""IG | 11(2).161"",""quote"":""σταθείς weighed, IG 11(2).161""},{""biblio"":"""",""quote"":""ἄντα τινός""},{""biblio"":""17.30"",""quote"":""ἄντα τινός 17.30""},{""biblio"":"""",""quote"":""ἐς μέσσον""},{""biblio"":""Od. | 17.447"",""quote"":""ἐς μέσσον Od. 17.447""},{""biblio"":"""",""quote"":""σταθεὶς ἐς μέσον""},{""biblio"":""Hdt. | 3.130"",""quote"":""σταθεὶς ἐς μέσον Hdt. 3.130""},{""biblio"":"""",""quote"":""ἐπὶ ξυροῦ ἵσταται ἀκμῆς""},{""biblio"":""Il. | 10.173"",""quote"":""ἐπὶ ξυροῦ ἵσταται ἀκμῆς Il. 10.173""},{""biblio"":"""",""quote"":""ἀργύρεοι σταθμοὶ ἐν χαλκέῳ ἕστασαν οὐδῷ""},{""biblio"":""Od. | 7.89"",""quote"":""ἀργύρεοι σταθμοὶ ἐν χαλκέῳ ἕστασαν οὐδῷ Od. 7.89""},{""biblio"":"""",""quote"":""ἐμοὶ δ' ἄχος ἕστᾱκεν""},{""biblio"":""Id. | Aj. | 200"",""quote"":""ἐμοὶ δ' ἄχος ἕστᾱκεν Id. Aj. 200""},{""biblio"":"""",""quote"":""ὡς ἵστασθαι δεῖ περὶ χρημάτων κτήσεως""},{""biblio"":""Phld. | Oec. | p.38J."",""quote"":""ὡς ἵστασθαι δεῖ περὶ χρημάτων κτήσεως Phld. Oec. p.38J.""},{""biblio"":"""",""quote"":""στῆναι ἐς . .""},{""biblio"":""Hdt. | 9.21"",""quote"":""στῆναι ἐς . . Hdt. 9.21""},{""biblio"":"""",""quote"":""στ. ἐς δίκην""},{""biblio"":""E. | IT | 962"",""quote"":""στ. ἐς δίκην E. IT 962""},{""biblio"":"""",""quote"":""στ. παρά τινα""},{""biblio"":""Il. | 24.169"",""quote"":""στ. παρά τινα Il. 24.169""},{""biblio"":"""",""quote"":""στῆτε τόνδε τρίβον""},{""biblio"":""Id. | Or. | 1251"",""quote"":""στῆτε τόνδε τρίβον Id. Or. 1251""},{""biblio"":"""",""quote"":""ἀλλ' ἄγε δὴ στέωμεν""},{""biblio"":""Il. | 11.348"",""quote"":""ἀλλ' ἄγε δὴ στέωμεν Il. 11.348""},{""biblio"":"""",""quote"":""κατὰ χώρην ἑστάναι""},{""biblio"":""Hdt. | 4.97"",""quote"":""κατὰ χώρην ἑστάναι Hdt. 4.97""},{""biblio"":"""",""quote"":""οὐ στήσεται ἀδικῶν""},{""biblio"":""D. | 10.10"",""quote"":""οὐ στήσεται ἀδικῶν D. 10.10""},{""biblio"":"""",""quote"":""ἄν τις ὀρθῶς ἐπιβάλῃ, ἔπειτα σταθῇ""},{""biblio"":""Epicur. | Fr. | 423"",""quote"":""ἄν τις ὀρθῶς ἐπιβάλῃ, ἔπειτα σταθῇ Epicur. Fr. 423""},{""biblio"":"""",""quote"":""οὐχ ἱστάμενοι""},{""biblio"":""Plot. | 3.1.2"",""quote"":""οὐχ ἱστάμενοι Plot. 3.1.2""},{""biblio"":"""",""quote"":""οὐκ ἔστη ἐνταῦθα κακοῖς γενομένοις ἀποθανεῖν""},{""biblio"":""Plot. | 3.2.8"",""quote"":""οὐκ ἔστη ἐνταῦθα κακοῖς γενομένοις ἀποθανεῖν Plot. 3.2.8""},{""biblio"":"""",""quote"":""ἵστασθαι μέχρι τοῦ γένους""},{""biblio"":""Them. | in APo. | 55.8"",""quote"":""ἵστασθαι μέχρι τοῦ γένους Them. in APo. 55.8""},{""biblio"":"""",""quote"":""τῇ διανοίᾳ""},{""biblio"":""Plb. | 21.11.3"",""quote"":""τῇ διανοίᾳ Plb. 21.11.3""},{""biblio"":"""",""quote"":""δεῖ τὸ κρίμα ἑστηκὸς καὶ κύριον εἶναι""},{""biblio"":""SIG | 826ii29"",""quote"":""δεῖ τὸ κρίμα ἑστηκὸς καὶ κύριον εἶναι SIG 826ii29""},{""biblio"":"""",""quote"":""λογισμὸς ἑστὼς καὶ νουνεχής""},{""biblio"":""Plb. | 3.105.9"",""quote"":""λογισμὸς ἑστὼς καὶ νουνεχής Plb. 3.105.9""},{""biblio"":"""",""quote"":""τέχναι οὐκ ἔχουσαι τὸ ἑστηκός, ἀλλὰ τὸ στοχαστικόν""},{""biblio"":""Phld. | Rh. | 1.71S."",""quote"":""τέχναι οὐκ ἔχουσαι τὸ ἑστηκός, ἀλλὰ τὸ στοχαστικόν Phld. Rh. 1.71S.""},{""biblio"":"""",""quote"":""κ'; χρεία ἑστηκυῖα καὶ τεταγμένη""},{""biblio"":""Plb. | 6.25.10"",""quote"":""κ'; χρεία ἑστηκυῖα καὶ τεταγμένη Plb. 6.25.10""},{""biblio"":"""",""quote"":""ἑστηκυῖα ἡλικία""},{""biblio"":""Pl. | Lg. | 802c"",""quote"":""ἑστηκυῖα ἡλικία Pl. Lg. 802c""},{""biblio"":"""",""quote"":""κρημνοὶ ἕστασαν""},{""biblio"":""Il. | 12.55"",""quote"":""κρημνοὶ ἕστασαν Il. 12.55""},{""biblio"":"""",""quote"":""ὀρθαὶ τρίχες ἔσταν""},{""biblio"":""24.359"",""quote"":""ὀρθαὶ τρίχες ἔσταν 24.359""},{""biblio"":"""",""quote"":""κονίη ἵστατο""},{""biblio"":""Il. | 2.151"",""quote"":""κονίη ἵστατο Il. 2.151""},{""biblio"":"""",""quote"":""ἵστατο κῦμα""},{""biblio"":""21.240"",""quote"":""ἵστατο κῦμα 21.240""},{""biblio"":"""",""quote"":""στήλη, ἥ τ' ἐπὶ τύμβῳ ἑστήκῃ""},{""biblio"":""Il. | 17.435"",""quote"":""στήλη, ἥ τ' ἐπὶ τύμβῳ ἑστήκῃ Il. 17.435""},{""biblio"":"""",""quote"":""ἕστακε τροπαῖον""},{""biblio"":""A. | Th. | 954"",""quote"":""ἕστακε τροπαῖον A. Th. 954""},{""biblio"":"""",""quote"":""μνημεῖον""},{""biblio"":""Ar. | Eq. | 268"",""quote"":""μνημεῖον Ar. Eq. 268""},{""biblio"":"""",""quote"":""ἵστατο νεῖκος""},{""biblio"":""Il. | 13.333"",""quote"":""ἵστατο νεῖκος Il. 13.333""},{""biblio"":"""",""quote"":""σχεδὸν ἤδη μεσημβρία ἵσταται""},{""biblio"":""Pl. | Phdr. | 242a"",""quote"":""σχεδὸν ἤδη μεσημβρία ἵσταται Pl. Phdr. 242a""},{""biblio"":"""",""quote"":""στῆναι ἐς ἀρχήν""},{""biblio"":""Hdt. | 3.80"",""quote"":""στῆναι ἐς ἀρχήν Hdt. 3.80""}]","[""1"",""15.297"",""16.292"",""17.167"",""17.30"",""17.733"",""21.240"",""21.313"",""24.359"",""A. | Ch. | 885"",""A. | Th. | 954"",""Alc. | 37"",""And. | 3.34"",""Ar. | Ach. | 243"",""Ar. | Eq. | 268"",""Ar. | Pl. | 453"",""Arist. | Rh. | 1410a33"",""Aristomen. | 5"",""Arr. | Epict. | 1.29.15"",""B. | 10.112"",""BGU | 253.15"",""Cerc. | 3"",""D. | 10.10"",""D.H. | 8.68"",""Dsc. | 1.129"",""Dsc. | 1.20"",""E. | IT | 962"",""E. | Or. | 1529"",""E. | Supp. | 1230"",""Epicur. | Fr. | 423"",""Hdt. | 1.97"",""Hdt. | 2.110"",""Hdt. | 2.141"",""Hdt. | 3.130"",""Hdt. | 3.80"",""Hdt. | 4.97"",""Hdt. | 6.58"",""Hdt. | 7.105"",""Hdt. | 7.152"",""Hdt. | 7.9"",""Hdt. | 9.21"",""Hes. | Sc. | 449"",""Hes. | Th. | 747"",""Hom. | Epigr. | 15.14"",""Hp. | Ep. | 19"",""IG | 11(2).161"",""IG | 12.374.179"",""Iamb. | Myst. | 6.5"",""Id. | 2.35"",""Id. | Aj. | 200"",""Id. | I. | 7(6).13"",""Id. | Or. | 1251"",""Il. | 10.173"",""Il. | 11.348"",""Il. | 12.55"",""Il. | 13.333"",""Il. | 13.336"",""Il. | 17.435"",""Il. | 2.151"",""Il. | 20.90"",""Il. | 21.313"",""Il. | 24.169"",""Il. | 3.217"",""Il. | 4.298"",""Il. | 6.433"",""Il. | 9.202"",""Isoc. | 4.150"",""Not. Arch. | 4.21"",""OGI | 665.27"",""Od. | 12.405"",""Od. | 17.447"",""Od. | 17.463"",""Od. | 19.574"",""Od. | 7.89"",""Od. | 8.435"",""PGrenf. | 1.31.1"",""Philostr. | VA | 1.10"",""Phld. | Oec. | p.38J."",""Phld. | Rh. | 1.71S."",""Pi. | P. | 4.199"",""Pi. | P. | 4.2"",""Pl. | Cra. | 437b"",""Pl. | Lg. | 802c"",""Pl. | Phdr. | 236b"",""Pl. | Phdr. | 242a"",""Pl. | R. | 484d"",""Pl. | Ti. | 40b"",""Plb. | 21.11.3"",""Plb. | 3.105.9"",""Plb. | 3.2.6"",""Plb. | 6.25.10"",""Plot. | 3.1.2"",""Plot. | 3.2.8"",""S. | El. | 27"",""S. | El. | 433"",""S. | OC | 399"",""S. | OT | 940"",""S. | Ph. | 893"",""S. | Tr. | 1102"",""SIG | 56.43"",""SIG | 826ii29"",""Sapph. | 29"",""Th. | 1.69"",""Them. | in APo. | 55.8"",""Theoc. | 5.54"",""X. | Cyn. | 10.9"",""X. | Cyr. | 6.3.25"",""X. | Cyr. | 8.2.21"",""X. | HG | 2.4.7"",""h.Ap. | 150""]",{},[],1,1,1,1,0,25,80,11,224
51242,10,1599,n51242,ἱστία,,ἡ,841,,"[""v. ἑστία .Ἱστιαϊκός,ή,όν,Histiaean, of currency, BCH 2.579 , 6.51 , 35.260 (Delos).ἱστίασις,εως,ἡ,=ἑστίασις, POxy. 471.53 (ii A.D.).ἱστιατορία,ἡ,=ἑστ.,feast, PTeb. 584 (ii A.D.).ἱστιάτωρ, v. ἑστιάτωρ .ἱστιητόριον, and ἰσο-ᾱτόριον, v. ἑστιατόριον .""]","[""feast,""]",[],[],[],{},"[{""type"":""ref"",""target"":"""",""text"":""ἑστία""},{""type"":"""",""target"":"""",""text"":""v. ἑστία""},{""type"":""ref"",""target"":"""",""text"":""ἑστιάτωρ""},{""type"":"""",""target"":"""",""text"":""v. ἑστιάτωρ""},{""type"":""ref"",""target"":"""",""text"":""ἑστιατόριον""},{""type"":"""",""target"":"""",""text"":""v. ἑστιατόριον""}]",1,1,0,0,1,1,1,0,0
51243,10,1600,n51243,ἱστιο-δρομέω,,,841,,"[""run under full sail, Hp. Ep. 17 , Plb. 1.60.9 , D.S. 3.28 .""]","[""run under full sail""]",[],[],[],{},[],1,1,0,0,0,1,1,0,0
51244,10,1601,n51244,ἱστιό-κωπος,,ἡ,841,,"[""with oars and sails, a type of boat, Gell. 10.25.5 .""]","[""with oars and sails""]",[],[],[],{},[],1,1,0,0,0,1,1,0,0
51245,10,1602,n51245,ἱστίον,,τό,841,842,"[""web, cloth, sheet: hence in pl.,hangings, LXX Ex. 27.9 , 15 ; as a measure,piece, PRyl. 70.25 (ii B.C.); but,"",""from Hom. downwds.,sail, mostly in pl.ἱστία, ἕλκον δ' ἱστία λευκὰ . . βοεῦσιν they hauled them up with ox-hide ropes, Od. 2.426 ;τέταθ' ἱστία the sails were spread, 11.11 , cf. Pi. N. 5.51 ;ἱστία στέλλεσθαι, μηρύεσθαι, καθελεῖν, to lower or furl sail(v. sub vocc.): λύειν Od. 15.496 ; ἱστίοισι χρᾶσθαι Hdt. 4.110 ; ἄκροισι χρώμενος τοῖς ἱστίοις Ar. Ra. 1000 : prov.,πλήρεσιν ἱ. under full sail,with all one's might, Philostr. VS 1.25.5 , cf. Suid. : rarely in sg., ἐν δ' ἄνεμος πρῆσεν μέσον ἱστίον Il. 1.481 ; ἐξίει ἱ. ἀνεμόεν Pi. P. 1.92 ; ἱστίῳ καταπετάσαι τινά Pl. Prm. 131b , cf. PMagd. 11.7 (iii B.C.).""]","[""web, cloth, sheet"",""hangings"",""piece,"",""sail"",""them"",""the sails"",""sail"",""sail""]",[],"[{""biblio"":"""",""quote"":""λύειν""},{""biblio"":""Od. | 15.496"",""quote"":""λύειν Od. 15.496""},{""biblio"":"""",""quote"":""ἱστίοισι χρᾶσθαι""},{""biblio"":""Hdt. | 4.110"",""quote"":""ἱστίοισι χρᾶσθαι Hdt. 4.110""},{""biblio"":"""",""quote"":""ἄκροισι χρώμενος τοῖς ἱστίοις""},{""biblio"":""Ar. | Ra. | 1000"",""quote"":""ἄκροισι χρώμενος τοῖς ἱστίοις Ar. Ra. 1000""},{""biblio"":"""",""quote"":""ἐν δ' ἄνεμος πρῆσεν μέσον ἱστίον""},{""biblio"":""Il. | 1.481"",""quote"":""ἐν δ' ἄνεμος πρῆσεν μέσον ἱστίον Il. 1.481""},{""biblio"":"""",""quote"":""ἐξίει ἱ. ἀνεμόεν""},{""biblio"":""Pi. | P. | 1.92"",""quote"":""ἐξίει ἱ. ἀνεμόεν Pi. P. 1.92""},{""biblio"":"""",""quote"":""ἱστίῳ καταπετάσαι τινά""},{""biblio"":""Pl. | Prm. | 131b"",""quote"":""ἱστίῳ καταπετάσαι τινά Pl. Prm. 131b""}]","[""Ar. | Ra. | 1000"",""Hdt. | 4.110"",""Il. | 1.481"",""Od. | 15.496"",""Pi. | P. | 1.92"",""Pl. | Prm. | 131b""]",{},[],1,1,0,1,0,2,8,0,12
51246,10,1603,n51246,ἱστιο-πετής,,,841,,"[""velivolus, Gloss.""]","[""velivolus,""]",[],[],[],{},[],1,1,0,0,0,1,1,0,0
51247,10,1604,n51247,ἱστιο-ποιέομαι,,,841,,"[""to be furnished with sails, of ships, Str. 15.1.15 .""]","[""to be furnished with sails""]",[],[],[],{},[],1,1,0,0,0,1,1,0,0
51248,10,1605,n51248,ἱστιο-ρράφος,,ὁ,841,,"[""sailpatcher, CIG 9175 , Poll. 7.160 ."",""metaph.,tricky, cheating fellow, Ar. Th. 935 :—also ἱστιαρράφος, Gramm.in Reitzenstein Ind.Lect. Rost. 1892 / 3p.4 .""]","[""sailpatcher"",""tricky, cheating fellow""]","[""ῥάπτω""]",[],[],{},[],1,1,1,0,0,2,2,1,0
51249,10,1606,n51249,ἱστο-βοεύς,,ὁ,841,,"[""plough-tree or pole, Hes. Op. 435 , cf. A.R. 3.1318 : prov.,ἱστοβοῆι γέροντι νέην ποτίβαλλε κορώνην put a new tip on the old plough, of an old man marrying a young wife, Orac. ap. Paus. 9.37.4 .—Acc.ἱστοβόην, prob. f.l. for ἱστοβοῆ , AP 6.104 ( Phil. ).""]","[""plough-tree"",""pole"",""plough""]",[],[],[],{},"[{""type"":""ref"",""target"":"""",""text"":""ἱστοβοῆ""},{""type"":"""",""target"":"""",""text"":""f.l. for ἱστοβοῆ""}]",1,1,0,0,1,1,3,0,0
51250,10,1607,n51250,ἱστο-δόκη,,ἡ,841,,"[""mast-holder, a piece of wood standing up from the stern, on which the mast rested when let down, Il. 1.434 ; glossed by ἱστο-θήκη, Sch.D adloc., EM 478.30 .""]","[""mast-holder""]",[],[],[],{},[],1,1,0,0,0,1,1,0,0
51251,10,1608,n51251,ἱστο-κεραία,,ἡ,841,,"[""sail-yard, Orph. A. 696 , Artem. 1.35 .""]","[""sail-yard""]",[],[],[],{},[],1,1,0,0,0,1,1,0,0
51252,10,1609,n51252,ἱστο-πέδη,,ἡ,841,,"[""a piece of wood set in the keel to which the mast was bound, or,a hole in the keel for stepping the mast, Od. 12.51 , 162 , Alc. 18.6 .""]","[""a piece of wood"",""to which the mast was bound"",""a hole"",""for stepping the mast""]",[],[],[],{},[],1,1,0,0,0,1,4,0,0
51253,10,1610,n51253,ἱστό-ποδες,,οἱ,841,,"[""the long beams of the loom, between which the web was stretched, AP 7.424 ( Antip.Sid. ): sg., Eub. 145 , POxy. 264.5 (i A.D.).""]","[""the long beams of the loom""]",[],[],[],{},[],1,1,0,0,0,1,1,0,0
51254,10,1611,n51254,ἱστο-ποιία,,ἡ,841,,"[""loom-making, Sch. Nic. Th. 11 .""]","[""loom-making""]",[],[],[],{},[],1,1,0,0,0,1,1,0,0
51255,10,1612,n51255,ἱστο-πόνος,,,841,,"[""working at the loom, AP 6.48 , Man. 4.423 ; Παλλάς AP 6.247 ( Phil. );κερκίδες ib. 9.778 (Id.); v.l. for ἱστότονος , Ar. Ra. 1315 .""]","[""working at the loom,""]",[],"[{""biblio"":"""",""quote"":""Παλλάς""},{""biblio"":""AP | 6.247"",""quote"":""Παλλάς AP 6.247""}]","[""AP | 6.247""]",{},"[{""type"":""ref"",""target"":"""",""text"":""ἱστότονος""},{""type"":"""",""target"":"""",""text"":""v.l. for ἱστότονος""}]",1,1,0,1,1,1,1,0,2
51256,10,1613,n51256,ἱστορ-έω,,,841,,"[""inquire into or about a thing,τι Hdt. 2.113 , A. Pr. 632 , etc.; περί τινος Plb. 3.48.12 ; also,inquire about a person,τινα S. OT 1150 , 1156 ; ὅδ' εἴμ' Ὀρέστης . . ὃν ἱστορεῖς E. Or. 380 , cf. Tr. 261 : folld. by relat. clause, Αἴγισθον ἔνθ' ᾤκηκεν ἱστορῶ S. El. 1101 ."",""examine, observe,χώραν, πόλιν, Plu. Thes. 30 , Pomp. 40 , cf. J. AJ 1.11.4 ;τὴν τοῦ Μέμνονος [σύριγγα] OGI 694.7 ; τὴν σύνεσίν τινος Plu. Cic. 2 , etc.; τινὰς ἀπολουμένους Gal. 11.109 : hence,to be informed about, know, κακῶς τὸ μέλλον ἱστορῶν A. Pers. 454 ; πατέρα ἱστορεῖς καλῶς Id. Eu. 455 , cf. Hp. Praec. 12 : metaph.,εἴ τις ἀκτὶς ἡλίου νιν ἱστορεῖ βλέποντα has news of him, A. Ag. 676 : folld. by relat., τὴν πορείαν ἱστορῶν, ὡς δυσδίοδος ὑπάρχει Plb. 3.61.3 ;read in history, Id. 1.63.7 ."",""c. acc. pers.,inquire of, ask, ἱστορέων αὐτοὺς ἥντινα δύναμιν ἔχει ὁ Νεῖλος Hdt. 2.19 , cf. 3.77 ;inquire of an oracle, E. Ion 1547 ;visit a person for the purpose of inquiry, Κηφᾶν Ep.Gal. 1.18 :— Pass. ,to be questioned, κληθέντας ἱστορέεσθαι εἰ . . Hdt. 1.24 ; ἱστορούμενος S. Tr. 415 , E. Hel. 1371 ."",""c. dupl.acc.,inquire of one about a thing, τί μ' ἱστορεῖς τόδε Id. Ph. 621 , cf. Lyc. 1 ."",""abs.,inquire, ἀκοῆ ἱ. Hdt. 2.29 , etc.; esp. in part., ἱστορέων εὕρισκε Id. 1.56 , etc.; οὔθ' ὁρῶν οὔθ' ἱστορῶν S. OT 1484 ; folld. by a relat. word, ἱστόρεόν τε ὅτεῳ τρόπῳ περιγένοιτο Hdt. 1.122 ."",""give an account of what one has learnt, record, τοὺς βίους τῶν χερσαίων Thphr. HP 4.13.1 , cf. Luc. Hist.Conscr. 7 , etc.;ἱστοροῦσί τινες . . it is stated that . ., Dsc. 4.75 , etc.:—freq. in Pass. , ὁ καρπὸς . . ἐπιλημπτικοὺς ἱστορεῖται ὠφελεῖν Id. 1.83 ; περί τινος ἱστορεῖται διότι Phld. Mus. p.18K. ; ἱστορεῖται περὶ Γοργοῦς τοιοῦτον Plu. 2.227e , cf. Id. Cic. 1 , Ael. Tact. 34.3 , etc.;Ἀπολλόδωρος εἴρηκεν ἀπελθόντας Ὕαντας ἱστορεῖσθαι are represented as having gone, Str. 10.3.4 ;τῶν ἱστορουμένων οὐδενὸς ἧττον πολυπράγμων the most in dustrious person on record, Phld. Mus. p.108K.""]","[""inquire into"",""about"",""inquire about"",""examine, observe"",""to be informed about, know"",""has news of"",""read in history"",""inquire of, ask"",""inquire of an oracle"",""visit"",""to be questioned"",""inquire of"",""about"",""inquire"",""give an account of what one has learnt, record"",""it is stated that . ."",""are represented"",""on record""]","[""ἵστωρ""]","[{""biblio"":"""",""quote"":""περί τινος""},{""biblio"":""Plb. | 3.48.12"",""quote"":""περί τινος Plb. 3.48.12""},{""biblio"":"""",""quote"":""ὅδ' εἴμ' Ὀρέστης . . ὃν ἱστορεῖς""},{""biblio"":""E. | Or. | 380"",""quote"":""ὅδ' εἴμ' Ὀρέστης . . ὃν ἱστορεῖς E. Or. 380""},{""biblio"":"""",""quote"":""Αἴγισθον ἔνθ' ᾤκηκεν ἱστορῶ""},{""biblio"":""S. | El. | 1101"",""quote"":""Αἴγισθον ἔνθ' ᾤκηκεν ἱστορῶ S. El. 1101""},{""biblio"":"""",""quote"":""τὴν σύνεσίν τινος""},{""biblio"":""Plu. | Cic. | 2"",""quote"":""τὴν σύνεσίν τινος Plu. Cic. 2""},{""biblio"":"""",""quote"":""τινὰς ἀπολουμένους""},{""biblio"":""Gal. | 11.109"",""quote"":""τινὰς ἀπολουμένους Gal. 11.109""},{""biblio"":"""",""quote"":""κακῶς τὸ μέλλον ἱστορῶν""},{""biblio"":""A. | Pers. | 454"",""quote"":""κακῶς τὸ μέλλον ἱστορῶν A. Pers. 454""},{""biblio"":"""",""quote"":""πατέρα ἱστορεῖς καλῶς""},{""biblio"":""Id. | Eu. | 455"",""quote"":""πατέρα ἱστορεῖς καλῶς Id. Eu. 455""},{""biblio"":"""",""quote"":""τὴν πορείαν ἱστορῶν, ὡς δυσδίοδος ὑπάρχει""},{""biblio"":""Plb. | 3.61.3"",""quote"":""τὴν πορείαν ἱστορῶν, ὡς δυσδίοδος ὑπάρχει Plb. 3.61.3""},{""biblio"":"""",""quote"":""ἱστορέων αὐτοὺς ἥντινα δύναμιν ἔχει ὁ Νεῖλος""},{""biblio"":""Hdt. | 2.19"",""quote"":""ἱστορέων αὐτοὺς ἥντινα δύναμιν ἔχει ὁ Νεῖλος Hdt. 2.19""},{""biblio"":"""",""quote"":""Κηφᾶν""},{""biblio"":""Ep.Gal. | 1.18"",""quote"":""Κηφᾶν Ep.Gal. 1.18""},{""biblio"":"""",""quote"":""κληθέντας ἱστορέεσθαι εἰ . .""},{""biblio"":""Hdt. | 1.24"",""quote"":""κληθέντας ἱστορέεσθαι εἰ . . Hdt. 1.24""},{""biblio"":"""",""quote"":""ἱστορούμενος""},{""biblio"":""S. | Tr. | 415"",""quote"":""ἱστορούμενος S. Tr. 415""},{""biblio"":"""",""quote"":""τί μ' ἱστορεῖς τόδε""},{""biblio"":""Id. | Ph. | 621"",""quote"":""τί μ' ἱστορεῖς τόδε Id. Ph. 621""},{""biblio"":"""",""quote"":""ἀκοῆ ἱ.""},{""biblio"":""Hdt. | 2.29"",""quote"":""ἀκοῆ ἱ. Hdt. 2.29""},{""biblio"":"""",""quote"":""ἱστορέων εὕρισκε""},{""biblio"":""Id. | 1.56"",""quote"":""ἱστορέων εὕρισκε Id. 1.56""},{""biblio"":"""",""quote"":""οὔθ' ὁρῶν οὔθ' ἱστορῶν""},{""biblio"":""S. | OT | 1484"",""quote"":""οὔθ' ὁρῶν οὔθ' ἱστορῶν S. OT 1484""},{""biblio"":"""",""quote"":""ἱστόρεόν τε ὅτεῳ τρόπῳ περιγένοιτο""},{""biblio"":""Hdt. | 1.122"",""quote"":""ἱστόρεόν τε ὅτεῳ τρόπῳ περιγένοιτο Hdt. 1.122""},{""biblio"":"""",""quote"":""τοὺς βίους τῶν χερσαίων""},{""biblio"":""Thphr. | HP | 4.13.1"",""quote"":""τοὺς βίους τῶν χερσαίων Thphr. HP 4.13.1""},{""biblio"":"""",""quote"":""ὁ καρπὸς . . ἐπιλημπτικοὺς ἱστορεῖται ὠφελεῖν""},{""biblio"":""Id. | 1.83"",""quote"":""ὁ καρπὸς . . ἐπιλημπτικοὺς ἱστορεῖται ὠφελεῖν Id. 1.83""},{""biblio"":"""",""quote"":""περί τινος ἱστορεῖται διότι""},{""biblio"":""Phld. | Mus. | p.18K."",""quote"":""περί τινος ἱστορεῖται διότι Phld. Mus. p.18K.""},{""biblio"":"""",""quote"":""ἱστορεῖται περὶ Γοργοῦς τοιοῦτον""},{""biblio"":""Plu. | 2.227e"",""quote"":""ἱστορεῖται περὶ Γοργοῦς τοιοῦτον Plu. 2.227e""}]","[""A. | Pers. | 454"",""E. | Or. | 380"",""Ep.Gal. | 1.18"",""Gal. | 11.109"",""Hdt. | 1.122"",""Hdt. | 1.24"",""Hdt. | 2.19"",""Hdt. | 2.29"",""Id. | 1.56"",""Id. | 1.83"",""Id. | Eu. | 455"",""Id. | Ph. | 621"",""Phld. | Mus. | p.18K."",""Plb. | 3.48.12"",""Plb. | 3.61.3"",""Plu. | 2.227e"",""Plu. | Cic. | 2"",""S. | El. | 1101"",""S. | OT | 1484"",""S. | Tr. | 415"",""Thphr. | HP | 4.13.1""]",{},[],1,1,1,1,0,6,18,1,42
51257,10,1614,n51257,ἱστόρ-ημα,,τό,841,,"[""narrative, tale, φευκτὸν ἱ. Anacreont. 4.9 ; μυθικὰ ἱ. D.H. 2.61 , cf. Plu. Per. 1 : pl., μαθήματα καὶ ἱ. Aristid. Or. 46(3).28 .""]","[""narrative, tale""]",[],"[{""biblio"":"""",""quote"":""φευκτὸν ἱ.""},{""biblio"":""Anacreont. | 4.9"",""quote"":""φευκτὸν ἱ. Anacreont. 4.9""},{""biblio"":"""",""quote"":""μυθικὰ ἱ.""},{""biblio"":""D.H. | 2.61"",""quote"":""μυθικὰ ἱ. D.H. 2.61""},{""biblio"":"""",""quote"":""μαθήματα καὶ ἱ.""},{""biblio"":""Aristid. | Or. | 46(3).28"",""quote"":""μαθήματα καὶ ἱ. Aristid. Or. 46(3).28""}]","[""Anacreont. | 4.9"",""Aristid. | Or. | 46(3).28"",""D.H. | 2.61""]",{},[],1,1,0,1,0,1,1,0,6
51258,10,1615,n51258,ἱστορ-ητέον,,,841,,"[""one must relate, λόγον Plu. 2.882b .""]","[""one must relate""]",[],"[{""biblio"":"""",""quote"":""λόγον""},{""biblio"":""Plu. | 2.882b"",""quote"":""λόγον Plu. 2.882b""}]","[""Plu. | 2.882b""]",{},[],1,1,0,1,0,1,1,0,2
51259,10,1616,n51259,ἱστορ-ία,,ἡ,841,,"[""inquiry, ἱστορίῃσι εἰδέναι τι παρά τινος Hdt. 2.118 , cf. 119 ; ἡ περὶ φύσεως ἱ. Pl. Phd. 96a ; αἱ περὶ τῶν ζῴων ἱ. Arist. Resp. 477a7 ,al.; ἡ ἱ. ἡ περὶ τὰ ζῷα Id. PA 674b16 ;ἡ ζωικὴ ἱ.ib. 668b30 ;περὶ φυτῶν ἱ., title of work by Theophrastus;systematic or scientific observation, Epicur. Ep. 1p.29U. : abs., of science generally, ὄλβιος ὅστις τῆς ἱ. ἔσχε μάθησιν E. Fr. 910 (anap.); of geometry, Pythag. ap. lamb. VP 18.89 : in empirical medicine,body of recorded cases, Gal. 1.144 ;mythology, Ἡσίοδον πάσης ἤρανον ἱστορίης Hermesian. 7.22 ."",""knowledge so obtained, information, Hdt. 1 Praef., Hp. VM 20 ; ὄψις ἐμὴ καὶ γνώμη καὶ ἱ. Hdt. 2.99 ;πρὸς ἱστορίαν τῶν κοινῶν for the knowledge of . ., D. 18.144 ; ἡ τῆς ψυχῆς ἱ. Arist. de An. 402a4 ."",""written account of one's inquiries, narrative, history, prob. in this sense in Hdt. 7.96 ; αἱ τῶν περὶ τὰς πράξεις γραφόντων ἱ. Arist. Rh. 1360a37 , Po. 1451b3 , Plb. 1.57.5 , al.; ἐκ τῶν ἱστοριῶν καὶ ἐκ τῶν ἄλλων μαρτυριῶν OGI 13.12 (iii B.C.); αἱ Μαιανδρίου ἱ. Inscr.Prien. 37.105 ;κοινὴ ἱ.general history, D.H. 1.2 ;ἱ. Ἑλληνική, Ῥωμαϊκή, Plu. 2.119d ; restricted by some to contemporary history, Lat.rerum cognitio praesentium, Verr.Flacc. ap. Gell. 5.18 : generally,story, account, Call. Aet. 3.1.7 .""]","[""inquiry"",""systematic"",""scientific observation"",""science"",""geometry"",""body of recorded cases"",""mythology"",""knowledge so obtained, information"",""the knowledge of . ."",""written account of one's inquiries, narrative, history"",""history"",""rerum cognitio praesentium"",""story, account""]",[],"[{""biblio"":"""",""quote"":""ἱστορίῃσι εἰδέναι τι παρά τινος""},{""biblio"":""Hdt. | 2.118"",""quote"":""ἱστορίῃσι εἰδέναι τι παρά τινος Hdt. 2.118""},{""biblio"":"""",""quote"":""ἡ περὶ φύσεως ἱ.""},{""biblio"":""Pl. | Phd. | 96a"",""quote"":""ἡ περὶ φύσεως ἱ. Pl. Phd. 96a""},{""biblio"":"""",""quote"":""αἱ περὶ τῶν ζῴων ἱ.""},{""biblio"":""Arist. | Resp. | 477a7"",""quote"":""αἱ περὶ τῶν ζῴων ἱ. Arist. Resp. 477a7""},{""biblio"":"""",""quote"":""ἡ ἱ. ἡ περὶ τὰ ζῷα""},{""biblio"":""Id. | PA | 674b16"",""quote"":""ἡ ἱ. ἡ περὶ τὰ ζῷα Id. PA 674b16""},{""biblio"":"""",""quote"":""ὄλβιος ὅστις τῆς ἱ. ἔσχε μάθησιν""},{""biblio"":""E. | Fr. | 910"",""quote"":""ὄλβιος ὅστις τῆς ἱ. ἔσχε μάθησιν E. Fr. 910""},{""biblio"":"""",""quote"":""Ἡσίοδον πάσης ἤρανον ἱστορίης""},{""biblio"":""Hermesian. | 7.22"",""quote"":""Ἡσίοδον πάσης ἤρανον ἱστορίης Hermesian. 7.22""},{""biblio"":"""",""quote"":""ὄψις ἐμὴ καὶ γνώμη καὶ ἱ.""},{""biblio"":""Hdt. | 2.99"",""quote"":""ὄψις ἐμὴ καὶ γνώμη καὶ ἱ. Hdt. 2.99""},{""biblio"":"""",""quote"":""ἡ τῆς ψυχῆς ἱ.""},{""biblio"":""Arist. | de An. | 402a4"",""quote"":""ἡ τῆς ψυχῆς ἱ. Arist. de An. 402a4""},{""biblio"":"""",""quote"":""αἱ τῶν περὶ τὰς πράξεις γραφόντων ἱ.""},{""biblio"":""Arist. | Rh. | 1360a37"",""quote"":""αἱ τῶν περὶ τὰς πράξεις γραφόντων ἱ. Arist. Rh. 1360a37""},{""biblio"":"""",""quote"":""ἐκ τῶν ἱστοριῶν καὶ ἐκ τῶν ἄλλων μαρτυριῶν""},{""biblio"":""OGI | 13.12"",""quote"":""ἐκ τῶν ἱστοριῶν καὶ ἐκ τῶν ἄλλων μαρτυριῶν OGI 13.12""},{""biblio"":"""",""quote"":""αἱ Μαιανδρίου ἱ.""},{""biblio"":""Inscr.Prien. | 37.105"",""quote"":""αἱ Μαιανδρίου ἱ. Inscr.Prien. 37.105""}]","[""Arist. | Resp. | 477a7"",""Arist. | Rh. | 1360a37"",""Arist. | de An. | 402a4"",""E. | Fr. | 910"",""Hdt. | 2.118"",""Hdt. | 2.99"",""Hermesian. | 7.22"",""Id. | PA | 674b16"",""Inscr.Prien. | 37.105"",""OGI | 13.12"",""Pl. | Phd. | 96a""]",{},[],1,1,0,1,0,3,13,0,22
51260,10,1617,n51260,ἱστοριαγράφος,,,841,,"[""v. ἱστοριογράφος .""]",[],[],[],[],{},"[{""type"":""ref"",""target"":"""",""text"":""ἱστοριογράφος""},{""type"":"""",""target"":"""",""text"":""v. ἱστοριογράφος""}]",1,0,0,0,1,1,0,0,0
51261,10,1618,n51261,ἱστορικός,Adv.,,841,,"[""exact, precise, scientific, μίμησις Pl. Sph. 267e ;τῶν παρὰ τοῖς ἄλλοις εὑρημένων ἱ. well-informed respecting . .or able to recount . ., Arist. Rh. 1359b32 ; ἀποδείξεις ἱστορικῶν Phld. D. 1.23 .Adv. -κῶς scientifically, accurately, Arist. GA 757b35 ;by personal observation, κατ αμαθεῖν τι Gal. 14.275 ."",""belonging to history, historical, πραγματεῖαι D.H. 1.1 ;τύπος(opp.λογικός) Id. Dem. 24 ; ἀναγραφή Id. 1.4 ; γράμματα Plu. Them. 13 :Subst.,historian, Arist. Po. 1451b1 , Aristeas 31 , Phld. Rh. 1.200S. , D.H. 4.6 , D.S. 1.6 , etc.; -ώτατος βασιλέων Plu. Sert. 9 .Adv. -κῶς, ἱ. καὶ διδασκαλικῶς Str. 1.1.10 ;ἱ. καὶ ἐξηγητικῶς, opp.ἀποδεικτικῶς, Phld. Mus. p.12 K.; but ἐξηγητικώτερον ἢ -ώτερον, of Aristotle's method in HA, Antig. Mir. 60 .""]","[""exact, precise, scientific"",""well-informed respecting . ."",""able to recount . ."",""scientifically, accurately"",""by personal observation"",""belonging to history, historical"",""historian""]",[],"[{""biblio"":"""",""quote"":""μίμησις""},{""biblio"":""Pl. | Sph. | 267e"",""quote"":""μίμησις Pl. Sph. 267e""},{""biblio"":"""",""quote"":""ἀποδείξεις ἱστορικῶν""},{""biblio"":""Phld. | D. | 1.23"",""quote"":""ἀποδείξεις ἱστορικῶν Phld. D. 1.23""},{""biblio"":"""",""quote"":""κατ αμαθεῖν τι""},{""biblio"":""Gal. | 14.275"",""quote"":""κατ αμαθεῖν τι Gal. 14.275""},{""biblio"":"""",""quote"":""πραγματεῖαι""},{""biblio"":""D.H. | 1.1"",""quote"":""πραγματεῖαι D.H. 1.1""},{""biblio"":"""",""quote"":""ἀναγραφή""},{""biblio"":""Id. | 1.4"",""quote"":""ἀναγραφή Id. 1.4""},{""biblio"":"""",""quote"":""γράμματα""},{""biblio"":""Plu. | Them. | 13"",""quote"":""γράμματα Plu. Them. 13""},{""biblio"":"""",""quote"":""-ώτατος βασιλέων""},{""biblio"":""Plu. | Sert. | 9"",""quote"":""-ώτατος βασιλέων Plu. Sert. 9""},{""biblio"":"""",""quote"":""-κῶς, ἱ. καὶ διδασκαλικῶς""},{""biblio"":""Str. | 1.1.10"",""quote"":""-κῶς, ἱ. καὶ διδασκαλικῶς Str. 1.1.10""}]","[""D.H. | 1.1"",""Gal. | 14.275"",""Id. | 1.4"",""Phld. | D. | 1.23"",""Pl. | Sph. | 267e"",""Plu. | Sert. | 9"",""Plu. | Them. | 13"",""Str. | 1.1.10""]",{},[],1,1,0,1,0,2,7,0,16
51262,10,1619,n51262,ἱστοριογρᾰφ-έω,,,841,,"[""write history, D.H. Th. 42 .""]","[""write history""]",[],[],[],{},[],1,1,0,0,0,1,1,0,0
51263,10,1620,n51263,ἱστοριογρᾰφ-ία,,ἡ,841,,"[""history-writing, interpol. in J. Ap. 1.19 .""]","[""history-writing""]",[],[],[],{},[],1,1,0,0,0,1,1,0,0
51264,10,1621,n51264,ἱστοριογρᾰφ-ικός,,,841,,"[""ἱστορικός 11 , Sch. D.T. p.167 H.""]",[],[],"[{""biblio"":"""",""quote"":""ἱστορικός""},{""biblio"":""11"",""quote"":""ἱστορικός 11""}]","[""11""]",{},[],1,0,0,1,0,1,0,0,2
51265,10,1622,n51265,ἱστοριόγρᾰφ-ος,,ὁ,841,,"[""writer of history, historian, Inscr.Prien. 37.107 (ii B.C.), Plb. 2.62.2 , Phld. Rh. 1.359 S. , D.S. 1.9 , Ath.Mech. 7.2 , etc.:chronicler, as distd. from συγγραφεύς(writer of contemporary history), Sch.D.T. p.168H. ;Ἔφορος ὁ ἱ., opp.Ἡρόδοτος ὁ συγγρ., Placit. 4.1.6 :— Dor. ἱστοριαγράφος, οἱ ἱ. οἱ συγγεγραφότες τὰς Μαγνήτων πράξεις SIG 560.13 , cf. 702.3 (Delph.,ii B.C.), 685.93 (Crete).""]","[""writer of history, historian,"",""chronicler""]",[],"[{""biblio"":"""",""quote"":""οἱ ἱ. οἱ συγγεγραφότες τὰς Μαγνήτων πράξεις""},{""biblio"":""SIG | 560.13"",""quote"":""οἱ ἱ. οἱ συγγεγραφότες τὰς Μαγνήτων πράξεις SIG 560.13""}]","[""SIG | 560.13""]",{},[],1,1,0,1,0,1,2,0,2
51266,10,1623,n51266,ἱστόρ-ιον,,τό,841,,"[""fact or illustration in proof, Hp. Nat.Puer. 31 , Morb. 4.54 , Ep. 19 ( Hermes 53.66 ).""]","[""fact"",""illustration in proof""]","[""ἵστωρ""]",[],[],{},[],1,1,1,0,0,1,2,1,0
51267,10,1624,n51267,ἱστόρ-ισμα,,τό,841,,"[""clinical history, Gal. 17(1).648 (pl.).""]","[""clinical history""]",[],[],[],{},[],1,1,0,0,0,1,1,0,0
51268,10,1625,n51268,ἱστορ-ιώδης,,,841,,"[""like history, Tz. H. 8 No. 231 tit.""]","[""like history""]",[],[],[],{},[],1,1,0,0,0,1,1,0,0
51269,10,1626,n51269,ἱστός,,ὁ,841,,"[""anything set upright:"",""mast,ἱστὸν . . στῆσαν ἀείραντες they stepped the mast, Od. 15.289 , cf. Il. 23.852 , etc.; ἱστοὺς στησάμενοι Od. 9.77 . cf. Il. 1.480 ; ἱστὸν αἴρεσθαι X. HG 6.2.29 ; opp.καθαιρεῖν, κὰδ δ' ἕλον ἱστόν took it down, unstepped it, Od. 15.496 ; κεραία καὶ ἱ. IG 22.657.14 : generally,rod, pole, ἱστὸς χάλκεος Hdt. 8.122 ;beam, IG 22.1672.306 (pl.)."",""beam of a loom, which stood upright, instead of lying horizontal as in our looms;πόσσω κατέβα τοι ἀφ' ἱστῶ; (sc.τὸ ἐμπερόναμα) Theoc. 15.35 ; later ἱ. ὄρθιος(opp. the horizontal loom), Artem. 3.36 : generally,loom, ἱστόν τ' ἠλακάτην τε Il. 6.491 , Schwyzer 180 (Crete), etc.;ἱ. στήσασθαι to set up the beam and so begin a web, Hes. Op. 779 ;ἱ. ἐποίχεσθαι to traverse the loom, because the weaver was obliged to walk to and fro, Il. 1.31 , Od. 5.62 ."",""warp fixed to the beam: hence,the web itself, ἱστὸν ὕφαινε Il. 3.125 , etc.; ἠματίη μὲν ὑφαίνεσκεν μέγαν ἱ., νύκτας δ' ἀλλύεσκεν Od. 2.104 ; ἱ. μεταχειρίζεσθαι Pl. Phd. 84a ;ὁ ἐκτετμημένος ἱ. the web cut from the loom and finished, opp.ὁ πρὸς ἐκτομήν, Artem.l.c.;web of a certain size, piece, PHib. 1.67.12 (iii B.C.), etc.; ὀθονίων ἱ. τπρισχίλιοι Plb. 5.89.2 ; τρεῖς ἱ. καθελεῖν Str. 8.6.20 ."",""ἱ. ἀραχνᾶν spiders'webs, B. 3.7 ."",""comb of bees, Arist. HA 624a5 ."",""shinbone, leg, Opp. C. 1.408 ."",""a constellation, Aët. 3.164 .""]","[""anything set upright"",""mast"",""the mast"",""it"",""it"",""rod, pole"",""beam,"",""beam"",""loom"",""the beam"",""the loom"",""warp fixed to the beam"",""the web"",""the web"",""web of a certain size, piece,"",""webs"",""comb"",""shinbone, leg""]","[""ἵστημι""]","[{""biblio"":"""",""quote"":""ἱστοὺς στησάμενοι""},{""biblio"":""Od. | 9.77"",""quote"":""ἱστοὺς στησάμενοι Od. 9.77""},{""biblio"":"""",""quote"":""ἱστὸν αἴρεσθαι""},{""biblio"":""X. | HG | 6.2.29"",""quote"":""ἱστὸν αἴρεσθαι X. HG 6.2.29""},{""biblio"":"""",""quote"":""κεραία καὶ ἱ.""},{""biblio"":""IG | 22.657.14"",""quote"":""κεραία καὶ ἱ. IG 22.657.14""},{""biblio"":"""",""quote"":""ἱστὸς χάλκεος""},{""biblio"":""Hdt. | 8.122"",""quote"":""ἱστὸς χάλκεος Hdt. 8.122""},{""biblio"":"""",""quote"":""ἱστόν τ' ἠλακάτην τε""},{""biblio"":""Il. | 6.491"",""quote"":""ἱστόν τ' ἠλακάτην τε Il. 6.491""},{""biblio"":"""",""quote"":""ἱστὸν ὕφαινε""},{""biblio"":""Il. | 3.125"",""quote"":""ἱστὸν ὕφαινε Il. 3.125""},{""biblio"":"""",""quote"":""ἠματίη μὲν ὑφαίνεσκεν μέγαν ἱ., νύκτας δ' ἀλλύεσκεν""},{""biblio"":""Od. | 2.104"",""quote"":""ἠματίη μὲν ὑφαίνεσκεν μέγαν ἱ., νύκτας δ' ἀλλύεσκεν Od. 2.104""},{""biblio"":"""",""quote"":""ἱ. μεταχειρίζεσθαι""},{""biblio"":""Pl. | Phd. | 84a"",""quote"":""ἱ. μεταχειρίζεσθαι Pl. Phd. 84a""},{""biblio"":"""",""quote"":""ὀθονίων ἱ. τπρισχίλιοι""},{""biblio"":""Plb. | 5.89.2"",""quote"":""ὀθονίων ἱ. τπρισχίλιοι Plb. 5.89.2""},{""biblio"":"""",""quote"":""τρεῖς ἱ. καθελεῖν""},{""biblio"":""Str. | 8.6.20"",""quote"":""τρεῖς ἱ. καθελεῖν Str. 8.6.20""}]","[""Hdt. | 8.122"",""IG | 22.657.14"",""Il. | 3.125"",""Il. | 6.491"",""Od. | 2.104"",""Od. | 9.77"",""Pl. | Phd. | 84a"",""Plb. | 5.89.2"",""Str. | 8.6.20"",""X. | HG | 6.2.29""]",{},[],1,1,1,1,0,8,18,1,20
51270,10,1627,n51270,ἱστό-τονος,,,841,,"[""stretched on the loom,πηνίσματα v.l. in the codd. other than Rav. for ἱστόπονα, Ar. Ra. 1315 ; κερκίς E. Hyps.Fr. 1 ii 10 (lyr.).""]","[""stretched on the loom""]",[],"[{""biblio"":"""",""quote"":""κερκίς""},{""biblio"":""E. | Hyps.Fr. | 1 ii 10"",""quote"":""κερκίς E. Hyps.Fr. 1 ii 10""}]","[""E. | Hyps.Fr. | 1 ii 10""]",{},[],1,1,0,1,0,1,1,0,2
51271,10,1628,n51271,ἱστο-τρῐβής,,,841,,"[""v. ἰσοτριβής .""]",[],[],[],[],{},"[{""type"":""ref"",""target"":"""",""text"":""ἰσοτριβής""},{""type"":"""",""target"":"""",""text"":""v. ἰσοτριβής""}]",1,0,0,0,1,1,0,0,0
51272,10,1629,n51272,ἱστουρψ-εῖον,,τό,841,,"[""ἱστουρψ-εῖον,τό,=ἱστών,Gloss.""]",[],[],[],[],{},[],1,0,0,0,0,1,0,0,0
51273,10,1630,n51273,ἱστουρψ-έω,,,841,,"[""work at the loom, S. OC 340 , Trypho ap. Ath. 14.618d (Epit.), Orph. Fr. 192 .""]","[""work at the loom""]",[],[],[],{},[],1,1,0,0,0,1,1,0,0
51274,10,1631,n51274,ἱστουρψ-ία,,ἡ,841,,"[""weaving, Pl. Smp. 197b , Alciphr. 3.41 .""]","[""weaving""]",[],[],[],{},[],1,1,0,0,0,1,1,0,0
51275,10,1632,n51275,ἱστουρψ-ικός,Adv.,,841,,"[""of or for weaving, Poll. 7.35 , 10.126 ;ἡ ἱ. (sc.τέχνη),= foreg., Phld. Mus. p.24 K.Adv. -κῶς Poll. 7.35 .""]","[""of"",""for weaving""]",[],"[{""biblio"":"""",""quote"":""-κῶς""},{""biblio"":""Poll. | 7.35"",""quote"":""-κῶς Poll. 7.35""}]","[""Poll. | 7.35""]",{},[],1,1,0,1,0,1,2,0,2
51276,10,1633,n51276,ἱστουρψ-ός,,ὁ,841,,"[""worker at the loom, weaver, PSI 4.371.8 (iii B.C.), J. BJ 1.24.3 .""]","[""worker at the loom, weaver""]",[],[],[],{},[],1,1,0,0,0,1,1,0,0
51277,10,1634,n51277,ἱστοφόρος,,,841,,"[""bearing a mast, Hsch.""]","[""bearing a mast""]",[],[],[],{},[],1,1,0,0,0,1,1,0,0
51278,10,1635,n51278,ἵστραξ,,,841,,"[""bird, Hsch. (fort.τέτραξ).""]","[""bird""]",[],[],[],{},[],1,1,0,0,0,1,1,0,0
51279,10,1636,n51279,Ἴστρος,Adj.,ὁ,841,,"[""Ister, Danube, Hes. Th. 339 , etc.;Ἴστρος,ἡ,Milesian colony at its mouth, St.Byz. ; also called Ἰστρία,ἡ, Arr. ap. eund., Ion. -ιη, Hdt. 2.33 :—Adj. Ἰστριᾱνός, Ion. ἱστουρψ-ηνός,ή,όν,of or from Istria, Hdt. 4.78 , St.Byz. , etc.;Ἰστριανὰ πρόσωπα tattooed masks,like the faces of Scythian slaves, Ar. Fr. 88 ;Ἰστριαναὶ ζειραί Scythian tunics, prob. for ἰσπνιᾶται σειραί(glossed ἰστρηνίδες), Theognost. Can. 14 ;ἰστριανά,τά , covers for the baskets carried by κανηφόροι, Poll. 10.191 :—fem.Ἰστριᾱνίδες, of these garments and covers, Hsch. ; but also Ἰστριανίδων ὕφη S. Fr. 210.67 .""]","[""Ister, Danube"",""Milesian colony at its mouth"",""of"",""from Istria"",""tattooed""]",[],"[{""biblio"":"""",""quote"":""Ἰστριανίδων ὕφη""},{""biblio"":""S. | Fr. | 210.67"",""quote"":""Ἰστριανίδων ὕφη S. Fr. 210.67""}]","[""S. | Fr. | 210.67""]",{},[],1,1,0,1,0,1,5,0,2
51280,10,1637,n51280,ἰστρίδες,,αἱ,841,,"[""garment(perh.f.l. for foreg.(or for ϝεστρ-)), Hsch. ἰστυάζει: ὀργίζεται, Id.; cf.οἶστρος.ἰστυλόν: τὸ στυχηδόν(leg.στοιχηδόν), Id.ἴστω,3 sg.imper. of οἶδα; cf.ἴττω.""]","[""garment""]",[],[],[],{},[],1,1,0,0,0,1,1,0,0
51281,10,1638,n51281,ἱστών,,ὁ,841,,"[""weaving-shed, Varro RR 1.2.21 .""]","[""weaving-shed""]",[],[],[],{},[],1,1,0,0,0,1,1,0,0
51282,10,1639,n51282,ἱστων-άρχης,,ὁ,841,,"[""controller of weaving, PGiss. 12 , Ostr. 1154 , al.""]","[""controller of weaving,""]",[],[],[],{},[],1,1,0,0,0,1,1,0,0
51283,10,1640,n51283,ἱστων-αρχία,,ἡ,841,,"[""his office, PRyl. 98.5 (ii A.D.), BGU 753iv 4 (iii A.D.).""]","[""his office,""]",[],[],[],{},[],1,1,0,0,0,1,1,0,0
51284,10,1641,n51284,ἴστωρ,Adj.,ὁ,841,,"[""one who knows law and right, judge, ἐπὶ ἴστορι πεῖραρ ἑλέσθαι Il. 18.501 ; ἴστορα δ' Ἀτρείδην Ἀγαμέμνονα θείομεν ἄμφω 23.486 ; ϝίστορες witnesses, IG 7.1779 (Thespiae); τῶ τεθμίω ϝίστωρ Schwyzer 523.64 (Orchom. Boeot. ); θεοὺς πάντας ἵστορας ποιεύμενος Hp. Jusj. init., cf. Poll. 8.106 ."",""Adj. knowing, learned, Hes. Op. 792 ;ἵ. τινός knowing a thing,skilled in it, ᾠδῆς h.Hom. 32.2 ; ἐγχέων B. 8.44 ; κἀγὼ τοῦδ' ἴ. ὑπερίστωρ S. El. 850 (lyr), cf. E. IT 1431 , Pl. Cra. 406b . (From ϝιδ-τωρ, cf.Εἴδω, οἶδα:ἵστωρ acc. to Hdn.Gr. 2.108 , etc.)""]","[""one who knows law and right, judge"",""witnesses,"",""knowing, learned"",""knowing"",""skilled in""]",[],"[{""biblio"":"""",""quote"":""ἐπὶ ἴστορι πεῖραρ ἑλέσθαι""},{""biblio"":""Il. | 18.501"",""quote"":""ἐπὶ ἴστορι πεῖραρ ἑλέσθαι Il. 18.501""},{""biblio"":"""",""quote"":""ἴστορα δ' Ἀτρείδην Ἀγαμέμνονα θείομεν ἄμφω""},{""biblio"":""23.486"",""quote"":""ἴστορα δ' Ἀτρείδην Ἀγαμέμνονα θείομεν ἄμφω 23.486""},{""biblio"":"""",""quote"":""ϝίστορες""},{""biblio"":""IG | 7.1779"",""quote"":""ϝίστορες witnesses, IG 7.1779""},{""biblio"":"""",""quote"":""τῶ τεθμίω ϝίστωρ""},{""biblio"":""Schwyzer | 523.64"",""quote"":""τῶ τεθμίω ϝίστωρ Schwyzer 523.64""},{""biblio"":"""",""quote"":""θεοὺς πάντας ἵστορας ποιεύμενος""},{""biblio"":""Hp. | Jusj."",""quote"":""θεοὺς πάντας ἵστορας ποιεύμενος Hp. Jusj.""},{""biblio"":"""",""quote"":""ᾠδῆς""},{""biblio"":""h.Hom. | 32.2"",""quote"":""ᾠδῆς h.Hom. 32.2""},{""biblio"":"""",""quote"":""ἐγχέων""},{""biblio"":""B. | 8.44"",""quote"":""ἐγχέων B. 8.44""},{""biblio"":"""",""quote"":""κἀγὼ τοῦδ' ἴ. ὑπερίστωρ""},{""biblio"":""S. | El. | 850"",""quote"":""κἀγὼ τοῦδ' ἴ. ὑπερίστωρ S. El. 850""}]","[""23.486"",""B. | 8.44"",""Hp. | Jusj."",""IG | 7.1779"",""Il. | 18.501"",""S. | El. | 850"",""Schwyzer | 523.64"",""h.Hom. | 32.2""]",{},[],1,1,0,1,0,2,5,0,16
51285,10,1642,n51285,ἰσφαίνειν:,,,841,,"[""ἰσφαίνειν: μεριμνᾶν, Hsch.""]",[],[],[],[],{},[],1,0,0,0,0,1,0,0,0
51286,10,1643,n51286,ἴσφνιον,,τό,841,,"[""f.l. for ἴσθμιον ,neck of a jar, E. Fr. 656 : prov.,χαλεπὸς βίος ἴσφνι' ἄγοντος, expld. of a potter's life, cod.Par. ap. Nauck l.c., nisi leg.Ἴσθμι'(cf.ἰσθμιάζω).""]","[""neck of a jar""]",[],[],[],{},"[{""type"":""ref"",""target"":"""",""text"":""ἴσθμιον""},{""type"":"""",""target"":"""",""text"":""f.l. for ἴσθμιον""}]",1,1,0,0,1,1,1,0,0
51287,10,1644,n51287,ἴσφωρες:,,,841,,"[""ἴσφωρες: λῃσταί, κλέπται( Lacon. ), Hsch.""]",[],[],[],[],{},[],1,0,0,0,0,1,0,0,0
51288,10,1645,n51288,ἰσχάδιον,,τό,841,,"[""ἰσχάδιον[ᾰ],τό , Dim. of ἰσχάς, Ar. Pl. 798 .""]",[],[],[],[],{},[],1,0,0,0,0,1,0,0,0
51289,10,1646,n51289,ἰσχᾰδο-κάρῠον,,τό,841,,"[""mixture of figs and almonds, Arr. Epict. 4.7.23 : pl., ib. 3.9.22 , 4.7.22 .""]","[""mixture of figs and almonds""]",[],[],[],{},[],1,1,0,0,0,1,1,0,0
51290,10,1647,n51290,ἰσχᾰδο-πώλης,,ὁ,841,,"[""dealer in figs, Pherecr. 4 , Nicoph. 19 :—fem.ἰσχᾰδό-πωλις,ιδος, Ar. Lys. 564 .""]","[""dealer in figs""]",[],[],[],{},[],1,1,0,0,0,1,1,0,0
51291,10,1648,n51291,ἰσχᾰδο-φάγος,,,841,,"[""eating figs, Hsch. s.v. κραδοφάγος .""]","[""eating figs""]",[],[],[],{},"[{""type"":""ref"",""target"":"""",""text"":""κραδοφάγος""},{""type"":"""",""target"":"""",""text"":""s.v. κραδοφάγος""}]",1,1,0,0,1,1,1,0,0
51292,10,1649,n51292,ἰσχᾰδώνης,,ὁ,841,,"[""buyer of figs, Pherecr. 4 .""]","[""buyer of figs""]",[],[],[],{},[],1,1,0,0,0,1,1,0,0
51293,10,1650,n51293,ἴσχαιμος,,ἡ,841,,"[""staunching blood, Thphr. HP 9.13.1 , Dsc. 4.43 ;styptic, Luc. Tim. 46 , Aret. CA 2.6 (dat. pl.-αίμασι codd.), POxy. 1088.19 ."",""ἴσχαιμος,ἡ ,plant used as a styptic, Andropogon ischaemum, Thphr. HP 9.15.3 , Sch. Il. 11.846 .""]","[""staunching blood"",""styptic"",""plant used as a styptic, Andropogon ischaemum""]","[""ἴσχω, αἷμα""]",[],[],{},[],1,1,1,0,0,2,3,1,0
51294,10,1651,n51294,ἰσχαίνω,,,841,,"[""f.l. for ἰσχάνω or ἰσχναίνω(qq.v.).""]",[],[],[],[],{},"[{""type"":""ref"",""target"":"""",""text"":""ἰσχάνω""},{""type"":"""",""target"":"""",""text"":""f.l. for ἰσχάνω""}]",1,0,0,0,1,1,0,0,0
51295,10,1652,n51295,ἰσχᾰλέος,,,841,,"[""dried, κρομύοιο λοπὸς ἰσχαλέοιο Od. 19.233 ;thin, paltry, περόναι Man. 6.434 :—later ἰσχνᾰλέος, Eust. 1863.60 .""]","[""dried"",""thin, paltry""]",[],"[{""biblio"":"""",""quote"":""κρομύοιο λοπὸς ἰσχαλέοιο""},{""biblio"":""Od. | 19.233"",""quote"":""κρομύοιο λοπὸς ἰσχαλέοιο Od. 19.233""},{""biblio"":"""",""quote"":""περόναι""},{""biblio"":""Man. | 6.434"",""quote"":""περόναι Man. 6.434""}]","[""Man. | 6.434"",""Od. | 19.233""]",{},[],1,1,0,1,0,1,2,0,4
51296,10,1653,n51296,ἰσχαλεῦσαι:,,,841,,"[""ἰσχαλεῦσαι: θηλάσαι, Hsch. (Cf.ἀνίσχαλος.)ἰσχαλωμέναι: δεδερματωμέναι, Id. (cf.ἴξαλος).""]",[],[],[],[],{},[],1,0,0,0,0,1,0,0,0
51297,10,1654,n51297,ἰσχᾰνάω,,,841,843,"[""ἰσχανάασκον Il. 15.723 :—hold back, stay, 5.89 ;νῦν δ' ἐπεὶ ἰσχανάᾳς(sc.με) Od. 15.346 :— Pass. ,hold back, wait, νηυσὶν ἔπι . . ἐελμένοι ἰσχανόωντο Il. 12.38 ; σὸν μῦθον ποτιδέγμενοι ἰσχανόωνται Od. 7.161 , cf. Il. 19.234 ;to be stayed, A.R. 2.864 ."",""intr., c. gen.,cling to, and so,long after, desire eagerly, μέγα δρόμου ἰσχανόωσαν Il. 23.300 ;ἰσχανόων φιλότητος Od. 8.288 : c.inf., [ μυῖα] . . ἰσχανάᾳ δακέειν Il. 17.572 ; ἰσχανόωσιν ἰδεῖν Procl. h.Ven. 2.6 . (ἰχαν-is v.l. in Il. 23.300 , Od. 8.288 , and shd. prob. be preferred; cf.ἰχανάω.)""]","[""hold back, stay"",""hold back, wait"",""to be stayed"",""cling to"",""long after, desire eagerly""]",[],"[{""biblio"":"""",""quote"":""ἰσχανάασκον""},{""biblio"":""Il. | 15.723"",""quote"":""ἰσχανάασκον Il. 15.723""},{""biblio"":"""",""quote"":""νηυσὶν ἔπι . . ἐελμένοι ἰσχανόωντο""},{""biblio"":""Il. | 12.38"",""quote"":""νηυσὶν ἔπι . . ἐελμένοι ἰσχανόωντο Il. 12.38""},{""biblio"":"""",""quote"":""σὸν μῦθον ποτιδέγμενοι ἰσχανόωνται""},{""biblio"":""Od. | 7.161"",""quote"":""σὸν μῦθον ποτιδέγμενοι ἰσχανόωνται Od. 7.161""},{""biblio"":"""",""quote"":""μέγα δρόμου ἰσχανόωσαν""},{""biblio"":""Il. | 23.300"",""quote"":""μέγα δρόμου ἰσχανόωσαν Il. 23.300""},{""biblio"":"""",""quote"":""φιλότητος""},{""biblio"":""Od. | 8.288"",""quote"":""φιλότητος Od. 8.288""},{""biblio"":"""",""quote"":""μυῖα] . . ἰσχανάᾳ δακέειν""},{""biblio"":""Il. | 17.572"",""quote"":""μυῖα] . . ἰσχανάᾳ δακέειν Il. 17.572""},{""biblio"":"""",""quote"":""ἰσχανόωσιν ἰδεῖν""},{""biblio"":""Procl. | h.Ven. | 2.6"",""quote"":""ἰσχανόωσιν ἰδεῖν Procl. h.Ven. 2.6""}]","[""Il. | 12.38"",""Il. | 15.723"",""Il. | 17.572"",""Il. | 23.300"",""Od. | 7.161"",""Od. | 8.288"",""Procl. | h.Ven. | 2.6""]",{},[],1,1,0,1,0,2,5,0,14
51298,10,1655,n51298,ἰσχάνω,,,841,,"[""hold in check, hinder, δέος ἰσχάνει ἄνδρας Il. 14.387 ; Αἴαντ' ἰσχανέτην ὥς τε πρὼν ἰσχάνει ὕδωρ 17.747 ; τὸν δ' οὐκ ἴσχανε δεσμά h.Bacch. 13 : c. gen.,keep back from, κρύος ἀνέρα ἔργων ἰσχάνει Hes. Op. 495 ; so in Prose,ὁ ἥλιος . . ἰσχάνει [τὸν σῖτον]checks its growth, Thphr. CP 4.13.6 ( v.l. ἰσχαίνει , fort.ἰσχναίνει)."",""get, obtain, have,ἀπεμνημόνευεν ἤ ἀνάλογον τῇ ἀπομνημονεύσει πάθος ἴσχα[νε]had an experience . . , Epicur. Nat. 27 G., cf. 51 G.;περὶ . . δάκτυλον(δακτύλων codd.) πάθος ἰσχάνουσιν Vett.Val. 65.13 ; μᾶλλον ἐκ τῶν πραγμάτων ἢ ἐκ τῶν λόγων τὰς λαβὰς ἰσχάνουσι Phld. Herc. 873.6 ; ἐμέθεν πέρι θυμὸν ἀρείω ἴσχανε A.R. 1.902 .""]","[""hold in check, hinder"",""keep back from"",""checks"",""get, obtain, have"",""had""]",[],"[{""biblio"":"""",""quote"":""δέος ἰσχάνει ἄνδρας""},{""biblio"":""Il. | 14.387"",""quote"":""δέος ἰσχάνει ἄνδρας Il. 14.387""},{""biblio"":"""",""quote"":""Αἴαντ' ἰσχανέτην ὥς τε πρὼν ἰσχάνει ὕδωρ""},{""biblio"":""17.747"",""quote"":""Αἴαντ' ἰσχανέτην ὥς τε πρὼν ἰσχάνει ὕδωρ 17.747""},{""biblio"":"""",""quote"":""τὸν δ' οὐκ ἴσχανε δεσμά""},{""biblio"":""h.Bacch. | 13"",""quote"":""τὸν δ' οὐκ ἴσχανε δεσμά h.Bacch. 13""},{""biblio"":"""",""quote"":""κρύος ἀνέρα ἔργων ἰσχάνει""},{""biblio"":""Hes. | Op. | 495"",""quote"":""κρύος ἀνέρα ἔργων ἰσχάνει Hes. Op. 495""},{""biblio"":"""",""quote"":""πάθος ἰσχάνουσιν""},{""biblio"":""Vett.Val. | 65.13"",""quote"":""πάθος ἰσχάνουσιν Vett.Val. 65.13""},{""biblio"":"""",""quote"":""μᾶλλον ἐκ τῶν πραγμάτων ἢ ἐκ τῶν λόγων τὰς λαβὰς ἰσχάνουσι""},{""biblio"":""Phld. | Herc. | 873.6"",""quote"":""μᾶλλον ἐκ τῶν πραγμάτων ἢ ἐκ τῶν λόγων τὰς λαβὰς ἰσχάνουσι Phld. Herc. 873.6""},{""biblio"":"""",""quote"":""ἐμέθεν πέρι θυμὸν ἀρείω ἴσχανε""},{""biblio"":""A.R. | 1.902"",""quote"":""ἐμέθεν πέρι θυμὸν ἀρείω ἴσχανε A.R. 1.902""}]","[""17.747"",""A.R. | 1.902"",""Hes. | Op. | 495"",""Il. | 14.387"",""Phld. | Herc. | 873.6"",""Vett.Val. | 65.13"",""h.Bacch. | 13""]",{},"[{""type"":""ref"",""target"":"""",""text"":""ἰσχαίνει""},{""type"":"""",""target"":"""",""text"":""v.l. ἰσχαίνει""}]",1,1,0,1,1,2,5,0,14
51299,10,1656,n51299,ἰσχάριον,,τό,841,,"[""hip, Hero Aut. 29 .""]","[""hip""]",[],[],[],{},[],1,1,0,0,0,1,1,0,0
51300,10,1657,n51300,ἰσχάς,,ἡ,841,,"[""dried fig, Ar. Eq. 755 , Hermipp. 63.16 , Alex. 162.15 , Arist. HA 577a10 , IG 22.1013.24 , PCair.Zen. 110 (iii B.C.), Theoc. 1.147 , etc.; ἰσχάδος ἐγκώμιον POxy. 2084 ; also, of over-ripe olives, Eust. 1963.55 ."",""spurge, Euphorbia Apios, Thphr. HP 9.9.6 , Dsc. 4.175 , Plin. HN 26.72 ."",""(ἴσχω) that which holds, anchor, S. Fr. 761 , Luc. Lex. 15 .""]","[""dried fig"",""over-ripe olives"",""spurge, Euphorbia Apios"",""that which holds, anchor""]","[""ἰσχνός"",""ἴσχω""]","[{""biblio"":"""",""quote"":""ἰσχάδος ἐγκώμιον""},{""biblio"":""POxy. | 2084"",""quote"":""ἰσχάδος ἐγκώμιον POxy. 2084""}]","[""POxy. | 2084""]",{},[],1,1,1,1,0,3,4,2,2
51301,10,1658,n51301,ἴσχαυδαι:,,,841,,"[""ἴσχαυδαι: ἰσχ[ν]όφωνοι, Hsch.""]",[],[],[],[],{},[],1,0,0,0,0,1,0,0,0
51302,10,1659,n51302,ἰσχέ-γᾱον,,τό,841,,"[""retaining wall, SIG 241 A 7 , 247 I 214 (Delph.,iv B.C.).""]","[""retaining wall""]","[""ἴσχω, γῆ""]",[],[],{},[],1,1,1,0,0,1,1,1,0
51303,10,1660,n51303,ἰσχέ-θῠρον,,τό,841,,"[""frame of a window, IG 11(2).165.10 , al. (Delos,iii B.C.).""]","[""frame of a window,""]",[],[],[],{},[],1,1,0,0,0,1,1,0,0
51304,10,1661,n51304,ἰσχέ-πλινθα,,τά,841,,"[""uprights(perh.doorjambs), SIG 247 I 215 (Delph.,iv B.C.).""]","[""uprights"",""doorjambs)""]",[],[],[],{},[],1,1,0,0,0,1,2,0,0
51305,10,1662,n51305,ἰσχερώ:,,,841,,"[""ἰσχερώ: ἑξῆς, Hsch. (Cf.σχερός.)""]",[],[],[],[],{},[],1,0,0,0,0,1,0,0,0
51306,10,1663,n51306,ἰσχητήριος,,,841,,"[""astringent, Hp. Loc.Hom. 20 , cf. Erot.""]","[""astringent""]","[""ἴσχω""]",[],[],{},[],1,1,1,0,0,1,1,1,0
51307,10,1664,n51307,ἰσχῐ-ᾰδικός,,,841,,"[""of the hips, φθίσις Hp. Coac. 140 ."",""of persons,subject to sciatica, Dsc. 1.30.6 , Gal. 13.986 ."",""good for sciatica, ἐπίπλασμα Dsc. 2.174 (as v.l.), cf. Gal.l.c.""]","[""of the hips"",""subject to sciatica"",""good for sciatica""]","[""ἰσχίον""]","[{""biblio"":"""",""quote"":""φθίσις""},{""biblio"":""Hp. | Coac. | 140"",""quote"":""φθίσις Hp. Coac. 140""},{""biblio"":"""",""quote"":""ἐπίπλασμα""},{""biblio"":""Dsc. | 2.174"",""quote"":""ἐπίπλασμα Dsc. 2.174""}]","[""Dsc. | 2.174"",""Hp. | Coac. | 140""]",{},[],1,1,1,1,0,3,3,1,4
51308,10,1665,n51308,ἰσχῐ-άζω,,,841,,"[""move the hips, of a rider, Procop. Goth. 4.31 ; of a woman, Id. Arc. 9 ; in walking, Suid. , Phot."",""Pass. ,καὶ ἰσχιασθέντα, of a bandage, prob. f.l. for καὶ σχισθέντα , Gal. 18(1).786 .""]","[""move the hips""]",[],[],[],{},"[{""type"":""ref"",""target"":"""",""text"":""καὶ σχισθέντα""},{""type"":"""",""target"":"""",""text"":""f.l. for καὶ σχισθέντα""}]",1,1,0,0,1,2,1,0,0
51309,10,1666,n51309,ἰσχῐ-ᾰκός,,,841,,"[""ἰσχῐ-ᾰκός,ή,όν,=ἰσχιαδικός, Thphr. Fr. 87 , Cat.Cod.Astr. 7.241 .""]",[],[],[],[],{},[],1,0,0,0,0,1,0,0,0
51310,10,1667,n51310,ἰσχῐ-άς,,ἡ,841,,"[""hip-disease, Hp. Aph. 6.59 , 60 ."",""sciatica, ib. 3.22 (pl.), Id.Aër. 22 (pl.), Thphr. HP 9.13.6 (pl.); ἰ. χρονία Dsc. 1.10 ."",""= λευκάκανθα , Id. 3.19 , cf. Gal. 12.58 .""]","[""hip-disease"",""sciatica"",""Aër.""]",[],"[{""biblio"":"""",""quote"":""ἰ. χρονία""},{""biblio"":""Dsc. | 1.10"",""quote"":""ἰ. χρονία Dsc. 1.10""}]","[""Dsc. | 1.10""]",{},"[{""type"":""ref"",""target"":"""",""text"":""λευκάκανθα""},{""type"":"""",""target"":"""",""text"":""= λευκάκανθα""}]",1,1,0,1,1,3,3,0,2
51311,10,1668,n51311,ἰσχῐ́-ᾰσις,,ἡ,841,,"[""hip-disease, Pall. in Hp. 2.13D.""]","[""hip-disease""]",[],[],[],{},[],1,1,0,0,0,1,1,0,0
51312,10,1669,n51312,ἰσχῐ-οίδης,,,841,,"[""ἰσχῐ-οίδης(οἰδέω) : ὁ μεγάλα ἰσχία ἔχων, Com.Adesp. 1022 .""]",[],"[""οἰδέω""]",[],[],{},[],1,0,1,0,0,1,0,1,0
51313,10,1670,n51313,ἴσχῐ-ον,,τό,841,,"[""hip-joint, in which the thigh turns, κατ' ἰσχίον, ἔνθα τε μηρὸς ἰσχίῳ ἐνστρέφεται, κοτύλην δέ τέ μιν καλέουσιν Il. 5.305 , cf. 11.339 , Od. 17.234 , etc.; later τὸ κατ' ἰσχίον ἄρθρον Gal. UP 15.8 ; also, the intra-capsular ligament of the hip-joint, Poll. 2.186 ; = κεφαλὴ τοῦ μηροῦ , Hp. Art. 53 , 58 , Cael.Aur. TP 4.38 ."",""in pl. (dual, Autocr. 1.6 ),fleshy parts round the hip-joint, haunches, of a boar, ἰσχία τε γλουτούς τε Il. 8.340 ; of a lion, πλευράς τε καὶ ἰσχία 20.170 ; of a horse, Pl. Phdr. 254c , cf. e; freq. of men, ἐκ τῶν μηρῶν ἔς τε τὰ ἰ. καὶ τὰς λαπάρας Hdt. 6.75 , cf. X. Eq. 7.7 ; ἰσχίων φύσιν . . πρὸς τὰς ἀναπαύσεις χρήσιμον Arist. PA 689b15 ;τὰ ἰ. σαρκώδη ἐποίησεν [ἡ φύσις] ib. b14 : hence, other animals are said to have no ἰ., ib. b6 , 33 ."",""later,the projecting part of the os innominatum, upon which man rests when sitting, Gal. 2.772 .""]","[""hip-joint"",""fleshy parts round the hip-joint, haunches"",""the projecting part of the os innominatum""]",[],"[{""biblio"":"""",""quote"":""κατ' ἰσχίον, ἔνθα τε μηρὸς ἰσχίῳ ἐνστρέφεται, κοτύλην δέ τέ μιν καλέουσιν""},{""biblio"":""Il. | 5.305"",""quote"":""κατ' ἰσχίον, ἔνθα τε μηρὸς ἰσχίῳ ἐνστρέφεται, κοτύλην δέ τέ μιν καλέουσιν Il. 5.305""},{""biblio"":"""",""quote"":""τὸ κατ' ἰσχίον ἄρθρον""},{""biblio"":""Gal. | UP | 15.8"",""quote"":""τὸ κατ' ἰσχίον ἄρθρον Gal. UP 15.8""},{""biblio"":"""",""quote"":""ἰσχία τε γλουτούς τε""},{""biblio"":""Il. | 8.340"",""quote"":""ἰσχία τε γλουτούς τε Il. 8.340""},{""biblio"":"""",""quote"":""πλευράς τε καὶ ἰσχία""},{""biblio"":""20.170"",""quote"":""πλευράς τε καὶ ἰσχία 20.170""},{""biblio"":"""",""quote"":""ἐκ τῶν μηρῶν ἔς τε τὰ ἰ. καὶ τὰς λαπάρας""},{""biblio"":""Hdt. | 6.75"",""quote"":""ἐκ τῶν μηρῶν ἔς τε τὰ ἰ. καὶ τὰς λαπάρας Hdt. 6.75""},{""biblio"":"""",""quote"":""ἰσχίων φύσιν . . πρὸς τὰς ἀναπαύσεις χρήσιμον""},{""biblio"":""Arist. | PA | 689b15"",""quote"":""ἰσχίων φύσιν . . πρὸς τὰς ἀναπαύσεις χρήσιμον Arist. PA 689b15""}]","[""20.170"",""Arist. | PA | 689b15"",""Gal. | UP | 15.8"",""Hdt. | 6.75"",""Il. | 5.305"",""Il. | 8.340""]",{},"[{""type"":""ref"",""target"":"""",""text"":""κεφαλὴ τοῦ μηροῦ""},{""type"":"""",""target"":"""",""text"":""= κεφαλὴ τοῦ μηροῦ""}]",1,1,0,1,1,3,3,0,12
51314,10,1671,n51314,ἰσχιορρωγικός,,ὁ,841,,"[""with broken hips, limping,μέτρον ἰ. an iambic trimeter ending in five long syilables ascribed to Ananius, Gramm. Harl. in Studemund Ind. Lect. Vratisl. 1887 / 8p.16 :—also ἰσχιορρώξ(sc.στίχος),ῶγος,ὁ, Tz.in An.Ox. 3.310 .""]","[""with broken hips, limping"",""Ind. Lect. Vratisl.""]","[""ῥώξ""]",[],[],{},[],1,1,1,0,0,1,2,1,0
51315,10,1672,n51315,ἰσχν-αίνω,,,841,,"[""ἴσχνᾱνα A. Eu. 267 , Ar. Ra. 941 ; Ion. -ηνα Hdt. 3.24 , Hp. Off. 13 :— Med. (v.κατισχναίνω) :— Pass. ,aor. ἰσχνάνθην Id. Coac. 369 , 407 : (ἰσχνός):— make dry, wither,ἐπεὰν τὸν νεκρὸν ἰσχνήνωσι, of a mummy, Hdt. 3.24 , cf. Hp. Aph. 5.22 , A. Eu. 267 , Pl. Grg. 522a , etc.; ἰ. τὸ σῶμα Hp. Art. 33 , cf. Pl. Plt. 293b , Arist. Metaph. 1048b27 ; ἔπινε βρῦτον ἰσχναίνων χρόα A. Fr. 124 ."",""reduce a swelling, Hp. Liqu. 6 , Aph. 5.25 : metaph.,σφυδῶντα θυμὸν ἰ.to bring down a proud stomach, A. Pr. 382 ; τὸ δεινὸν καὶ διαφθαρὲν φρενῶν ἴσχναινε E. Or. 298 ;τὴν τέχνην οἰδοῦσαν ἴσχνανα I reduced the swollen art (Tragedy), Ar. Ra. 941 .— In the metaph. sense,ἰσχαίνω is a constant v.l.(as in the compds.κατισχναίνω, συνισχναίνω); cf.ἰσχάνω fin.""]","[""make dry, wither"",""reduce"",""to bring down"",""reduced""]","[""συν-"",""ἰσχνός""]","[{""biblio"":"""",""quote"":""ἴσχνᾱνα""},{""biblio"":""A. | Eu. | 267"",""quote"":""ἴσχνᾱνα A. Eu. 267""},{""biblio"":"""",""quote"":""-ηνα""},{""biblio"":""Hdt. | 3.24"",""quote"":""-ηνα Hdt. 3.24""},{""biblio"":"""",""quote"":""ἰσχνάνθην""},{""biblio"":""Id. | Coac. | 369"",""quote"":""ἰσχνάνθην Id. Coac. 369""},{""biblio"":"""",""quote"":""ἰ. τὸ σῶμα""},{""biblio"":""Hp. | Art. | 33"",""quote"":""ἰ. τὸ σῶμα Hp. Art. 33""},{""biblio"":"""",""quote"":""ἔπινε βρῦτον ἰσχναίνων χρόα""},{""biblio"":""A. | Fr. | 124"",""quote"":""ἔπινε βρῦτον ἰσχναίνων χρόα A. Fr. 124""},{""biblio"":"""",""quote"":""τὸ δεινὸν καὶ διαφθαρὲν φρενῶν ἴσχναινε""},{""biblio"":""E. | Or. | 298"",""quote"":""τὸ δεινὸν καὶ διαφθαρὲν φρενῶν ἴσχναινε E. Or. 298""}]","[""A. | Eu. | 267"",""A. | Fr. | 124"",""E. | Or. | 298"",""Hdt. | 3.24"",""Hp. | Art. | 33"",""Id. | Coac. | 369""]",{},[],1,1,1,1,0,2,4,2,12
51316,10,1673,n51316,ἰσχν-ᾰλέος,,,841,,"[""v. ἰσχαλέος .""]",[],[],[],[],{},"[{""type"":""ref"",""target"":"""",""text"":""ἰσχαλέος""},{""type"":"""",""target"":"""",""text"":""v. ἰσχαλέος""}]",1,0,0,0,1,1,0,0,0
51317,10,1674,n51317,ἴσχν-ανσις,,ἡ,841,,"[""emaciation, Paul.Aeg. 3.69 , Aët. 16.80(75) , Mich. in PN 46.6 .""]","[""emaciation""]",[],[],[],{},[],1,1,0,0,0,1,1,0,0
51318,10,1675,n51318,ἰσχν-αντικός,,,841,,"[""fit for reducing, Arist. Pr. 885a28 , Dsc. 1.24 .""]","[""fit for reducing""]",[],[],[],{},[],1,1,0,0,0,1,1,0,0
51319,10,1676,n51319,ἰσχν-ᾰσία,,ἡ,841,,"[""thinness, leanness, Hp. Aff. 12 , Arist. Metaph. 1013b1 , 1048b29 .""]","[""thinness, leanness""]",[],[],[],{},[],1,1,0,0,0,1,1,0,0
51320,10,1677,n51320,ἰσχν-ασμός,,ὁ,841,,"[""reducing treatment, τοῦ σώματος Hp. Fract. 14 .""]","[""reducing treatment""]",[],"[{""biblio"":"""",""quote"":""τοῦ σώματος""},{""biblio"":""Hp. | Fract. | 14"",""quote"":""τοῦ σώματος Hp. Fract. 14""}]","[""Hp. | Fract. | 14""]",{},[],1,1,0,1,0,1,1,0,2
51321,10,1678,n51321,ἰσχνεῦσαι:,,,841,,"[""ἰσχνεῦσαι: ὑφεῖναι, θηλάσαι, Hsch. (Cf.Ἰσχ<>αλεῦσαι.)ἰσχνίδες: ἄγκυραι, ἰσχάδες: καὶ φιλήματος εἶδος, Id.""]",[],[],[],[],{},[],1,0,0,0,0,1,0,0,0
51322,10,1679,n51322,ἰσχνο-κᾰλᾰμώδης,,,841,,"[""with slender reed, Eust. 1165.12 .""]","[""with slender reed""]",[],[],[],{},[],1,1,0,0,0,1,1,0,0
51323,10,1680,n51323,ἰσχνό-κωλος,,,841,,"[""with thin limbs, Antyll. ap. Orib. 7.16.15 .""]","[""with thin limbs""]",[],[],[],{},[],1,1,0,0,0,1,1,0,0
51324,10,1681,n51324,ἰσχνο-μῡθέω,,ἡ,841,,"[""= λεπτολογέω , and ἰσχνο-μῡθία,,ἡ,subtle dispute, Hsch.""]","[""subtle dispute""]",[],[],[],{},"[{""type"":""ref"",""target"":"""",""text"":""λεπτολογέω""},{""type"":"""",""target"":"""",""text"":""= λεπτολογέω""}]",1,1,0,0,1,1,1,0,0
51325,10,1682,n51325,ἰσχνό-πους,,ὁ,841,,"[""gloss on ταναύποδα , Sch. Od. 9.464 .""]",[],[],[],[],{},"[{""type"":""ref"",""target"":"""",""text"":""ταναύποδα""},{""type"":"""",""target"":"""",""text"":""gloss on ταναύποδα""}]",1,0,0,0,1,1,0,0,0
51326,10,1683,n51326,ἰσχνός,Adv.,,841,,"[""dry, withered, φυλλεῖα Ar. Ach. 469 ;ἰ. τυρός, opp.χλωρός, Poll. 6.48 , POxy. 1338 (v A.D.)."",""of persons,thin, lean, Hp. Aph. 2.44 , Theoc. 10.27 , etc.; ἰσχνοὶ καὶ σφηκώδεις Ar. Pl. 561 ; ἰσχνοὶ καὶ ἄσιτοι Pl. Lg. 665e ;ἰ. ἕξεις a spare habit of body, Plu. Lyc. 17 ; of roots, -ότεραι Dsc. 1.9 , 10 ; of the voice,ἰσχνὸν φθέγγεσθαι to speak thin or small, Luc. Nigr. 11 ."",""weak, feeble, σφυγμός Gal. 8.506 ."",""reduced, of a swelling, οὕτω ἂν τάχιστα ἰσχνὸν τὸ οἴδημα γένοιτο Hp. Fract. 21 , cf. Epid. 4.26 .Adv. -νῶς, ἑστηκώς without external swelling, Id. Coac. 481 ."",""light, thin, of clothing materials, POxy. 1535 B 9 (ii/iii A.D.), etc.:metaph., of style,spare, plain, unadorned, ἰ. χαρακτήρ D.H. Pomp. 2 , cf. Demetr. Eloc. 190 , Quint. 12.10.58 , Plu. 2.42d .Adv. -νῶς, εἰπεῖν to speak plainly, Plb. 1.2.6 ;-νῶς ἰδεῖν τὴν ἀρετήν dub.l. in Lycurg. 80 . (Perh. cogn. with Lat.vescus: a connexion with ἴσχω was imagined by the Greeks; cf. ἰσχνόφωνος 11 .)""]","[""dry, withered"",""thin, lean"",""spare"",""thin"",""small"",""weak, feeble"",""reduced"",""without external swelling"",""light, thin"",""spare, plain,"",""unadorned"",""plainly"",""vescus""]",[],"[{""biblio"":"""",""quote"":""φυλλεῖα""},{""biblio"":""Ar. | Ach. | 469"",""quote"":""φυλλεῖα Ar. Ach. 469""},{""biblio"":"""",""quote"":""ἰσχνοὶ καὶ σφηκώδεις""},{""biblio"":""Ar. | Pl. | 561"",""quote"":""ἰσχνοὶ καὶ σφηκώδεις Ar. Pl. 561""},{""biblio"":"""",""quote"":""ἰσχνοὶ καὶ ἄσιτοι""},{""biblio"":""Pl. | Lg. | 665e"",""quote"":""ἰσχνοὶ καὶ ἄσιτοι Pl. Lg. 665e""},{""biblio"":"""",""quote"":""-ότεραι""},{""biblio"":""Dsc. | 1.9"",""quote"":""-ότεραι Dsc. 1.9""},{""biblio"":"""",""quote"":""σφυγμός""},{""biblio"":""Gal. | 8.506"",""quote"":""σφυγμός Gal. 8.506""},{""biblio"":"""",""quote"":""οὕτω ἂν τάχιστα ἰσχνὸν τὸ οἴδημα γένοιτο""},{""biblio"":""Hp. | Fract. | 21"",""quote"":""οὕτω ἂν τάχιστα ἰσχνὸν τὸ οἴδημα γένοιτο Hp. Fract. 21""},{""biblio"":"""",""quote"":""ἰ. χαρακτήρ""},{""biblio"":""D.H. | Pomp. | 2"",""quote"":""ἰ. χαρακτήρ D.H. Pomp. 2""},{""biblio"":"""",""quote"":""ἰσχνόφωνος""},{""biblio"":""11"",""quote"":""ἰσχνόφωνος 11""}]","[""11"",""Ar. | Ach. | 469"",""Ar. | Pl. | 561"",""D.H. | Pomp. | 2"",""Dsc. | 1.9"",""Gal. | 8.506"",""Hp. | Fract. | 21"",""Pl. | Lg. | 665e""]",{},[],1,1,0,1,0,5,13,0,16
51327,10,1684,n51327,ἰσχνοσκελής,,,841,,"[""lean-shanked, D.L. 5.1 , Gal. 6.322 .""]","[""lean-shanked""]",[],[],[],{},[],1,1,0,0,0,1,1,0,0
51328,10,1685,n51328,ἰσχνότης,,ἡ,841,,"[""thinness, leanness, σαρκός Hp. Aër. 21 ; σώματος Arist. HA 581b26 ; φύσιος Aret. SA 1.7 ."",""of style,spareness, i.e.plainness,ἰ. φράσεως, of Lysias, D.H. Vett.Cens. 5.1 ; cf. Phld. Rh. 1.165S. , Demetr. Eloc. 14 ."",""thinness, weakness of pronunciation, opp.πλατειασμός, Quint. 1.5.32 .""]","[""thinness, leanness"",""Aër."",""spareness"",""plainness"",""thinness, weakness""]",[],"[{""biblio"":"""",""quote"":""σαρκός""},{""biblio"":""Hp."",""quote"":""σαρκός Hp.""},{""biblio"":"""",""quote"":""σώματος""},{""biblio"":""Arist. | HA | 581b26"",""quote"":""σώματος Arist. HA 581b26""},{""biblio"":"""",""quote"":""φύσιος""},{""biblio"":""Aret. | SA | 1.7"",""quote"":""φύσιος Aret. SA 1.7""}]","[""Aret. | SA | 1.7"",""Arist. | HA | 581b26"",""Hp.""]",{},[],1,1,0,1,0,3,5,0,6
51329,10,1686,n51329,ἰσχνουργής,,,841,,"[""finely wrought, gloss on εὐϋφής , Sch. S. Tr. 602 .""]","[""finely wrought""]",[],[],[],{},"[{""type"":""ref"",""target"":"""",""text"":""εὐϋφής""},{""type"":"""",""target"":"""",""text"":""gloss on εὐϋφής""}]",1,1,0,0,1,1,1,0,0
51330,10,1687,n51330,ἰσχνο-φωνία,,ἡ,841,,"[""hesitancy of speech, Hp. Epid. 2.5.1 , Arist. Pr. 895a16 , 902b25 .""]","[""hesitancy of speech""]",[],[],[],{},[],1,1,0,0,0,1,1,0,0
51331,10,1688,n51331,ἰσχνό-φωνος,Adv.,,841,,"[""thin-voiced, weak-voiced, Phld. Po. 2.25 , Gal. 17(1).186 ; of Isocrates, Plu. 2.837a ; of partridges, Antig. Mir. 6 ; but,"",""having an impediment in one's speech(connected by the Greeks with ἴσχω) , οἱ ἰ. . . ἴσχονται τοῦ φωνεῖν Arist. Pr. 903a38 , cf. 895a15 , 905a21 , AB 100 ; ἰ. καὶ τραυλός Hdt. 4.155 , cf. Hp. Epid. 1.19 ; ἰ. καὶ βραδύγλωσσος LXX Ex. 4.10 , cf. Ezek. Exag. 114 ; also of metals, etc., χρυσὸς καὶ λίθος ὑπὸ πληρότητος ἰ. καὶ δυσηχῆ Plu. 2.721c : metaph.,ἡ φιλία ἰ. γέγονεν ἐν τῷ παρρησιάζεσθαι ib. 89b .Adv. -φώνως Zos.Alch. p.108B.""]","[""thin-voiced, weak-voiced"",""having an impediment in one's speech""]",[],"[{""biblio"":"""",""quote"":"", οἱ ἰ. . . ἴσχονται τοῦ φωνεῖν""},{""biblio"":""Arist. | Pr. | 903a38"",""quote"":"", οἱ ἰ. . . ἴσχονται τοῦ φωνεῖν Arist. Pr. 903a38""},{""biblio"":"""",""quote"":""ἰ. καὶ τραυλός""},{""biblio"":""Hdt. | 4.155"",""quote"":""ἰ. καὶ τραυλός Hdt. 4.155""},{""biblio"":"""",""quote"":""ἰ. καὶ βραδύγλωσσος""},{""biblio"":""LXX | Ex. | 4.10"",""quote"":""ἰ. καὶ βραδύγλωσσος LXX Ex. 4.10""},{""biblio"":"""",""quote"":""χρυσὸς καὶ λίθος ὑπὸ πληρότητος ἰ. καὶ δυσηχῆ""},{""biblio"":""Plu. | 2.721c"",""quote"":""χρυσὸς καὶ λίθος ὑπὸ πληρότητος ἰ. καὶ δυσηχῆ Plu. 2.721c""}]","[""Arist. | Pr. | 903a38"",""Hdt. | 4.155"",""LXX | Ex. | 4.10"",""Plu. | 2.721c""]",{},[],1,1,0,1,0,2,2,0,8
51332,10,1689,n51332,ἰσχν-όω,,,841,,"[""= ἰσχναίνω ,make dry, Arist. Pr. 885a19 ;put on low diet, Orib. Syn. 9.37.4 .""]","[""make dry"",""put on low diet""]",[],[],[],{},"[{""type"":""ref"",""target"":"""",""text"":""ἰσχναίνω""},{""type"":"""",""target"":"""",""text"":""= ἰσχναίνω""}]",1,1,0,0,1,1,2,0,0
51333,10,1690,n51333,ἴσχν-ωσις,,ἡ,841,,"[""drying up, μαστῶν Sor. 1.59 ; of the body, Id. 2.36 .""]","[""drying up""]",[],"[{""biblio"":"""",""quote"":""μαστῶν""},{""biblio"":""Sor. | 1.59"",""quote"":""μαστῶν Sor. 1.59""}]","[""Sor. | 1.59""]",{},[],1,1,0,1,0,1,1,0,2
51334,10,1691,n51334,ἰσχν-ωτικός,,,841,,"[""of or for drying up or reducing, δύναμις Dsc. 5.109 (interpol.).""]","[""of"",""for drying up"",""reducing""]",[],"[{""biblio"":"""",""quote"":""δύναμις""},{""biblio"":""Dsc. | 5.109"",""quote"":""δύναμις Dsc. 5.109""}]","[""Dsc. | 5.109""]",{},[],1,1,0,1,0,1,3,0,2
51335,10,1692,n51335,ἰσχομένως,Adv.,,841,,"[""with checks or hindrances, Pl. Cra. 415c .""]","[""with checks"",""hindrances""]","[""ῐσχω""]",[],[],{},[],1,1,1,0,0,1,2,1,0
51336,10,1693,n51336,ἰσχουρ-έω,,,841,,"[""suffer from retention of urine, Aret. SD 2.4 , Herod.Med. ap. Orib. 10.37.2 .""]","[""suffer from retention of urine""]",[],[],[],{},[],1,1,0,0,0,1,1,0,0
51337,10,1694,n51337,ἰσχουρ-ία,,ἡ,841,,"[""retention of urine, Sor. 2.6 , Gal. 8.403 , Herod.Med. ap. Orib. 10.37.16 .""]","[""retention of urine""]",[],[],[],{},[],1,1,0,0,0,1,1,0,0
51338,10,1695,n51338,ἰσχῡρ-ιείω,,,841,,"[""venture to affirm, Hp. Art. 1 , cf. Gal. 18(1).309 .""]","[""venture to affirm""]",[],[],[],{},[],1,1,0,0,0,1,1,0,0
51339,10,1696,n51339,ἰσχῡρ-ίζομαι,,,841,,"[""-ῐοῦμαι Lys. 6.35 , Isoc. 17.24 :aor. ἰσχῡρῐσάμην Th. 5.26 , Pl. Grg. 489c :—make oneself strong, be strong,ἰσχυριζόμενος ὑφ' ἵππων σίδηρος gaining force from the impetus of the horses, X. Cyr. 6.4.18 ."",""use one's strength,τῷ σώματι Pl.l.c.; esp. in overcoming resistance, πρὸς τὸ πολὺ ἧττον Arist. Pr. 951a13 ; εἰς τοὺς ἀσθενεῖς Id. EN 1124b23 ;contend stoutly, ὑπὲρ ἄθλων Ael. NA 15.15 ;persist or continue obstinately in doing . . , c.part., Th. 7.49 : abs., ibid.; esp. by word of mouth,maintain stiffly, obstinately, c. acc. et inf., Id. 3.44 , Is. 11.1 ; ταῦτα Pl. Grg. 495b ; ὅτι . . , ὡς . . Th. 4.23 , 6.55 , Pl. Tht. 172b ; περί τινος Id. Sph. 249c ."",""put firm trust in a thing,rely on it, τῷ ξυνῷ πάντων Heraclit. 114 ; λόγῳ Lys. 6.35 ; διαθήκαις Is. 1.3 ; τῷ νόμῳ Hyp. Eux. 4 , D. 33.27 ; παρασκευῇ Id. 44.3 , cf. Isoc. 17.24 ;feel confidence, Antipho 5.76 .""]","[""make oneself strong, be strong"",""gaining force"",""use one's strength"",""contend stoutly"",""persist"",""continue obstinately in"",""maintain stiffly, obstinately"",""put firm trust in"",""rely on"",""feel confidence""]",[],"[{""biblio"":"""",""quote"":""-ῐοῦμαι""},{""biblio"":""Lys. | 6.35"",""quote"":""-ῐοῦμαι Lys. 6.35""},{""biblio"":"""",""quote"":""ἰσχῡρῐσάμην""},{""biblio"":""Th. | 5.26"",""quote"":""ἰσχῡρῐσάμην Th. 5.26""},{""biblio"":"""",""quote"":""πρὸς τὸ πολὺ ἧττον""},{""biblio"":""Arist. | Pr. | 951a13"",""quote"":""πρὸς τὸ πολὺ ἧττον Arist. Pr. 951a13""},{""biblio"":"""",""quote"":""εἰς τοὺς ἀσθενεῖς""},{""biblio"":""Id. | EN | 1124b23"",""quote"":""εἰς τοὺς ἀσθενεῖς Id. EN 1124b23""},{""biblio"":"""",""quote"":""ὑπὲρ ἄθλων""},{""biblio"":""Ael. | NA | 15.15"",""quote"":""ὑπὲρ ἄθλων Ael. NA 15.15""},{""biblio"":"""",""quote"":""ταῦτα""},{""biblio"":""Pl. | Grg. | 495b"",""quote"":""ταῦτα Pl. Grg. 495b""},{""biblio"":"""",""quote"":""ὅτι . . , ὡς . .""},{""biblio"":""Th. | 4.23"",""quote"":""ὅτι . . , ὡς . . Th. 4.23""},{""biblio"":"""",""quote"":""περί τινος""},{""biblio"":""Id. | Sph. | 249c"",""quote"":""περί τινος Id. Sph. 249c""},{""biblio"":"""",""quote"":""τῷ ξυνῷ πάντων""},{""biblio"":""Heraclit. | 114"",""quote"":""τῷ ξυνῷ πάντων Heraclit. 114""},{""biblio"":"""",""quote"":""λόγῳ""},{""biblio"":""Lys. | 6.35"",""quote"":""λόγῳ Lys. 6.35""},{""biblio"":"""",""quote"":""διαθήκαις""},{""biblio"":""Is. | 1.3"",""quote"":""διαθήκαις Is. 1.3""},{""biblio"":"""",""quote"":""τῷ νόμῳ""},{""biblio"":""Hyp. | Eux. | 4"",""quote"":""τῷ νόμῳ Hyp. Eux. 4""},{""biblio"":"""",""quote"":""παρασκευῇ""},{""biblio"":""Id. | 44.3"",""quote"":""παρασκευῇ Id. 44.3""}]","[""Ael. | NA | 15.15"",""Arist. | Pr. | 951a13"",""Heraclit. | 114"",""Hyp. | Eux. | 4"",""Id. | 44.3"",""Id. | EN | 1124b23"",""Id. | Sph. | 249c"",""Is. | 1.3"",""Lys. | 6.35"",""Pl. | Grg. | 495b"",""Th. | 4.23"",""Th. | 5.26""]",{},[],1,1,0,1,0,3,10,0,26
51340,10,1697,n51340,ἰσχῡρ-ικός,,,841,,"[""stubborn, Pl. Tht. 169b ( Comp. ), prob.l.in Alex. 194 ,cf. Phot.""]","[""stubborn""]",[],[],[],{},[],1,1,0,0,0,1,1,0,0
51341,10,1698,n51341,ἰσχῡρ-ιστέον,,,841,,"[""one must maintain stoutly, Pl. R. 533a .""]","[""one must maintain stoutly""]",[],[],[],{},[],1,1,0,0,0,1,1,0,0
51342,10,1699,n51342,ἰσχῡρ-ιστικῶς,,,841,,"[""to be inclined to affirm, gloss on ἰσχυριείω , Gal. 18(1).309 .""]","[""to be inclined"",""affirm""]",[],[],[],{},"[{""type"":""ref"",""target"":"""",""text"":""ἰσχυριείω""},{""type"":"""",""target"":"""",""text"":""gloss on ἰσχυριείω""}]",1,1,0,0,1,1,2,0,0
51343,10,1700,n51343,ἰσχῡρο-γνωμοσύνη,,ἡ,841,,"[""obstinacy, Ph. 1.653 , J. Ap. 1.22 .""]","[""obstinacy""]",[],[],[],{},[],1,1,0,0,0,1,1,0,0
51344,10,1701,n51344,ἰσχῡρο-γνώμων,,,841,,"[""stiff in opinion, Arist. EN 1151b5 , D.L. 2.24 : Sup. , Ph. Fr. 23H. : metaph., λογισμός Id. 2.413 .""]","[""stiff in opinion""]",[],"[{""biblio"":"""",""quote"":""λογισμός""},{""biblio"":""Id. | 2.413"",""quote"":""λογισμός Id. 2.413""}]","[""Id. | 2.413""]",{},[],1,1,0,1,0,1,1,0,2
51345,10,1702,n51345,ἰσχῡρό-δετος,,,841,,"[""fastbound, Sch. A. Pr. 148 .""]","[""fastbound""]",[],[],[],{},[],1,1,0,0,0,1,1,0,0
51346,10,1703,n51346,ἰσχῡρο-θώραξ,,ὁ,841,,"[""gloss on χαλκοχιτώνων , Hsch.""]",[],[],[],[],{},"[{""type"":""ref"",""target"":"""",""text"":""χαλκοχιτώνων""},{""type"":"""",""target"":"""",""text"":""gloss on χαλκοχιτώνων""}]",1,0,0,0,1,1,0,0,0
51347,10,1704,n51347,ἰσχῡρο-κάρδιος,,,841,,"[""gloss on τλήθυμος , Id.""]",[],[],[],[],{},"[{""type"":""ref"",""target"":"""",""text"":""τλήθυμος""},{""type"":"""",""target"":"""",""text"":""gloss on τλήθυμος""}]",1,0,0,0,1,1,0,0,0
51348,10,1705,n51348,ἰσχῡρο-πᾰθέω,,,841,,"[""= δεινοπαθέω , Sch. Arat. 71 .""]",[],[],[],[],{},"[{""type"":""ref"",""target"":"""",""text"":""δεινοπαθέω""},{""type"":"""",""target"":"""",""text"":""= δεινοπαθέω""}]",1,0,0,0,1,1,0,0,0
51349,10,1706,n51349,ἰσχῡρο-παίκτης,,ὁ,841,,"[""one who plays valiantly, IG 14.1535 , Delph. 3(1).216 , Vett.Val. 4.17 .""]","[""one who plays valiantly,""]",[],[],[],{},[],1,1,0,0,0,1,1,0,0
51350,10,1707,n51350,ἰσχῡρο-πλήκτης,,ὁ,841,,"[""wounding severely, gloss on διοπλήκταν , Hsch.""]","[""wounding severely""]",[],[],[],{},"[{""type"":""ref"",""target"":"""",""text"":""διοπλήκταν""},{""type"":"""",""target"":"""",""text"":""gloss on διοπλήκταν""}]",1,1,0,0,1,1,1,0,0
51351,10,1708,n51351,ἰσχῡρο-ποιέω,,,841,,"[""strengthen, τὴν δύναμιν D.S. 17.65 ; τὰς ἐπικρατείας τινός Plb. 28.20.7 ; τόπον J. AJ 15.8.5 ;στόμαχον[ Gal. ] 14.752 ;establish, τὰς διατριβὰς τῶν ῥητορικῶν Phld. Rh. 1.192S. :— Med. , Onos. 21.2 :— Pass. , ἰσχυροποιεῖται τὰ μέσα Ascl. Tact. 10.16 ; τῆς δυναστείας -ουμένης D.S. 14.9 , cf. Arr. Epict. 2.18.7 ; of assertions, Vett.Val. 333.7 ;to be valid, ἡ ἀναλογία οὐκ -εῖται S.E. M. 1.201 .""]","[""strengthen"",""establish"",""to be valid""]",[],"[{""biblio"":"""",""quote"":""τὴν δύναμιν""},{""biblio"":""D.S. | 17.65"",""quote"":""τὴν δύναμιν D.S. 17.65""},{""biblio"":"""",""quote"":""τὰς ἐπικρατείας τινός""},{""biblio"":""Plb. | 28.20.7"",""quote"":""τὰς ἐπικρατείας τινός Plb. 28.20.7""},{""biblio"":"""",""quote"":""τόπον""},{""biblio"":""J. | AJ | 15.8.5"",""quote"":""τόπον J. AJ 15.8.5""},{""biblio"":"""",""quote"":""τὰς διατριβὰς τῶν ῥητορικῶν""},{""biblio"":""Phld. | Rh. | 1.192S."",""quote"":""τὰς διατριβὰς τῶν ῥητορικῶν Phld. Rh. 1.192S.""},{""biblio"":"""",""quote"":""ἰσχυροποιεῖται τὰ μέσα""},{""biblio"":""Ascl. | Tact. | 10.16"",""quote"":""ἰσχυροποιεῖται τὰ μέσα Ascl. Tact. 10.16""},{""biblio"":"""",""quote"":""τῆς δυναστείας -ουμένης""},{""biblio"":""D.S. | 14.9"",""quote"":""τῆς δυναστείας -ουμένης D.S. 14.9""},{""biblio"":"""",""quote"":""ἡ ἀναλογία οὐκ -εῖται""},{""biblio"":""S.E. | M. | 1.201"",""quote"":""ἡ ἀναλογία οὐκ -εῖται S.E. M. 1.201""}]","[""Ascl. | Tact. | 10.16"",""D.S. | 14.9"",""D.S. | 17.65"",""J. | AJ | 15.8.5"",""Phld. | Rh. | 1.192S."",""Plb. | 28.20.7"",""S.E. | M. | 1.201""]",{},[],1,1,0,1,0,1,3,0,14
51352,10,1709,n51352,ἰσχῡρο-ποίησις,,ἡ,841,,"[""strengthening, τῶν ἀσθενούντων μορίων Aët. 12.21 ."",""confirmation, corroboration, Gloss.""]","[""strengthening"",""confirmation, corroboration,""]",[],"[{""biblio"":"""",""quote"":""τῶν ἀσθενούντων μορίων""},{""biblio"":""Aët. | 12.21"",""quote"":""τῶν ἀσθενούντων μορίων Aët. 12.21""}]","[""Aët. | 12.21""]",{},[],1,1,0,1,0,2,2,0,2
51353,10,1710,n51353,ἰσχῡρο-ποιός,,,841,,"[""strengthening, EM 480.12 , Sch. A. Ch. 415 , etc.""]","[""strengthening,""]",[],[],[],{},[],1,1,0,0,0,1,1,0,0
51354,10,1711,n51354,ἰσχῡρο-πότης,,ὁ,841,,"[""gloss on ζαπότης , Hsch.""]",[],[],[],[],{},"[{""type"":""ref"",""target"":"""",""text"":""ζαπότης""},{""type"":"""",""target"":"""",""text"":""gloss on ζαπότης""}]",1,0,0,0,1,1,0,0,0
51355,10,1712,n51355,ἰσχῡρό-πους,,ὁ,841,,"[""strong-footed, gloss on χαλκόποδας , Id.""]","[""strong-footed""]",[],[],[],{},"[{""type"":""ref"",""target"":"""",""text"":""χαλκόποδας""},{""type"":"""",""target"":"""",""text"":""gloss on χαλκόποδας""}]",1,1,0,0,1,1,1,0,0
51356,10,1713,n51356,ἰσχῡρο-πράγμων,,,841,,"[""doing mighty deeds, Paul.Al. O. 1 ; gloss on ὀβριμοεργός , Sch.D Il. 5.403 .""]","[""doing mighty deeds""]",[],[],[],{},"[{""type"":""ref"",""target"":"""",""text"":""ὀβριμοεργός""},{""type"":"""",""target"":"""",""text"":""gloss on ὀβριμοεργός""}]",1,1,0,0,1,1,1,0,0
51357,10,1714,n51357,ἰσχῡρό-ρριζος,,,841,,"[""with strong root, Thphr. CP 2.12.3 , etc.""]","[""with strong root""]","[""ῥίζα""]",[],[],{},[],1,1,1,0,0,1,1,1,0
51358,10,1715,n51358,ἰσχῡρός,Adv.,,841,844,"[""strong, esp. of personal strength, S. Ph. 945 , E. Fr. 290 , etc.; of things, ἰ. βέλος Alc. 15.4 ; ῥεύματα Hdt. 8.12 ;ἰ. χθών hard, A. Pers. 310 ; of food,indigestible, Hp. Art. 50 ; of taste,strong, Thphr. HP 7.6.1 ; of armies, ἰσχυροτέρα φάλαγξ X. Cyr. 7.1.30 ; of places, Th. 4.9 , X. An. 4.6.11 , etc.; τῆς χώρης τὸ -ότατον Hdt. 1.76 ;τὸ ἑαυτοῦ ἰ., opp.τὰ τοῖς πολεμίοις ἰ., X. Eq.Mag. 8.24 ;τὰ ἰσχυρότατα your strongest points, Th. 5.111 ;τὰ τῆς πόλεως ἰ.that in which the strength of the state lies, Aeschin. 3.66 ;ὁρῶντες οὐδὲν ἰ. ἀπὸ τῶν Λεσβίων no show of strength, Th. 3.6 ;ἰ. τι πρὸς τὸ πρᾶγμ' ἔχειν a strong point, Men. Epit. 130 ; -ότατον τεκμήριον SIG 685.84 (Crete,ii B.C.)."",""powerful, ἄλοχος Διός A. Supp. 302 ; πόλις E. Supp. 447 ; θεός Ar. Pl. 946 ; ἰ. τὸ πολλόν Hdt. 1.136 ; οἱ ἰ. ἐν ταῖς πόλεσιν X. Ath. 1.14 : Comp. -ότερος, ἐς πειθώ Democr. 51 ; ὁ ὀπίσω μου ἐρχόμενος -ότερός μου ἐστίν Ev.Matt. 3.11 ."",""forcible, violent, severe,σιτοδείη, ψύχη, Hdt. 1.94 , 4.29 ; λιμός Ev.Luc. 15.14 ; ἀναγκαίη Hdt. 1.74 ;αἱ λίαν ἰ. τιμωρίαι violent, excessive, Id. 4.205 ;ὅρκος -ότατος, ἀνάγκαι -όταται, Antipho 5.11 , 6.25 ; νόσημα Hp. Acut.(Sp.) 4 ; βήξ Th. 2.49 ;γέλως, ἐπιθυμίαι, etc., Pl. R. 388e , 560b , etc.;νόμος ἰ.severe, Hdt. 7.102 , Lys. 15.9 ; ἔχθρα Pl. Phdr. 233c ;γνώμη -οτέρη more positive, Hdt. 9.41 ;τρόπῳ ᾧ ἂν δύνωνται -οτάτῳ Foed. ap. Th. 5.23 ;κατὰ τὸ ἰσχυρόν by main force, opp.δόλῳ, Hdt. 4.201 , cf. 9.2 ."",""of literary style,vigorous, D.H. Comp. 22 ; also of syllables,strong, ib. 16 ;στάσεις λαμβάνειν ἰ. ib. 22 ."",""Adv. -ρῶς strongly, with all force, ἐγκεῖσθαι Th. 1.69 , etc.; φυλάττειν τινάς X. An. 6.3.11 ."",""very much, exceedingly, with Adjs., Hdt. 4.108 ;ἔθνος μέγα ἰ. ib. 183 ; διώρυγες ἰ. βαθεῖαι X. An. [1.7.15] , etc.; ἰ. χλωρόν Hp. Prog. 11 ;κίνησις νωθὴς ἰ. Arist. HA 503b9 ; ἰ. φιλοπλάτων Phld. Ind Sto. 61 : with Verbs,ἰ. ἥδεσθαι, ἀνιᾶσθαι, X. Cyr. 8.3.44 ;ἀπήγγειλεν ὅτι πάντα δοκοίη ἰ. τῷ εὐνούχῳ ib. 5.3.15 : Comp. -οτέρως Heraclit. 114 , Hdt. 3.129 ; -ότερον X. Cyr. 4.5.12 , etc.: Sup. , in answers,ἰσχυρότατά γε most certainly, Id. Oec. 1.15 .""]","[""strong"",""hard"",""indigestible"",""strong"",""strongest points"",""that in which the strength"",""lies"",""show of strength"",""strong"",""powerful"",""forcible, violent, severe"",""violent, excessive"",""Acut.(Sp."",""severe"",""more positive"",""by main force"",""vigorous"",""strong"",""strongly, with all force"",""very much, exceedingly"",""Ind Sto."",""most certainly""]","[""ἰσχύς""]","[{""biblio"":"""",""quote"":""ἰ. βέλος""},{""biblio"":""Alc. | 15.4"",""quote"":""ἰ. βέλος Alc. 15.4""},{""biblio"":"""",""quote"":""ῥεύματα""},{""biblio"":""Hdt. | 8.12"",""quote"":""ῥεύματα Hdt. 8.12""},{""biblio"":"""",""quote"":""ἰσχυροτέρα φάλαγξ""},{""biblio"":""X. | Cyr. | 7.1.30"",""quote"":""ἰσχυροτέρα φάλαγξ X. Cyr. 7.1.30""},{""biblio"":"""",""quote"":""τῆς χώρης τὸ -ότατον""},{""biblio"":""Hdt. | 1.76"",""quote"":""τῆς χώρης τὸ -ότατον Hdt. 1.76""},{""biblio"":"""",""quote"":""-ότατον τεκμήριον""},{""biblio"":""SIG | 685.84"",""quote"":""-ότατον τεκμήριον SIG 685.84""},{""biblio"":"""",""quote"":""ἄλοχος Διός""},{""biblio"":""A. | Supp. | 302"",""quote"":""ἄλοχος Διός A. Supp. 302""},{""biblio"":"""",""quote"":""πόλις""},{""biblio"":""E. | Supp. | 447"",""quote"":""πόλις E. Supp. 447""},{""biblio"":"""",""quote"":""θεός""},{""biblio"":""Ar. | Pl. | 946"",""quote"":""θεός Ar. Pl. 946""},{""biblio"":"""",""quote"":""ἰ. τὸ πολλόν""},{""biblio"":""Hdt. | 1.136"",""quote"":""ἰ. τὸ πολλόν Hdt. 1.136""},{""biblio"":"""",""quote"":""οἱ ἰ. ἐν ταῖς πόλεσιν""},{""biblio"":""X. | Ath. | 1.14"",""quote"":""οἱ ἰ. ἐν ταῖς πόλεσιν X. Ath. 1.14""},{""biblio"":"""",""quote"":""-ότερος, ἐς πειθώ""},{""biblio"":""Democr. | 51"",""quote"":""-ότερος, ἐς πειθώ Democr. 51""},{""biblio"":"""",""quote"":""ὁ ὀπίσω μου ἐρχόμενος -ότερός μου ἐστίν""},{""biblio"":""Ev.Matt. | 3.11"",""quote"":""ὁ ὀπίσω μου ἐρχόμενος -ότερός μου ἐστίν Ev.Matt. 3.11""},{""biblio"":"""",""quote"":""λιμός""},{""biblio"":""Ev.Luc. | 15.14"",""quote"":""λιμός Ev.Luc. 15.14""},{""biblio"":"""",""quote"":""ἀναγκαίη""},{""biblio"":""Hdt. | 1.74"",""quote"":""ἀναγκαίη Hdt. 1.74""},{""biblio"":"""",""quote"":""νόσημα""},{""biblio"":""Hp."",""quote"":""νόσημα Hp.""},{""biblio"":"""",""quote"":""βήξ""},{""biblio"":""Th. | 2.49"",""quote"":""βήξ Th. 2.49""},{""biblio"":"""",""quote"":""ἔχθρα""},{""biblio"":""Pl. | Phdr. | 233c"",""quote"":""ἔχθρα Pl. Phdr. 233c""},{""biblio"":"""",""quote"":""ἐγκεῖσθαι""},{""biblio"":""Th. | 1.69"",""quote"":""ἐγκεῖσθαι Th. 1.69""},{""biblio"":"""",""quote"":""φυλάττειν τινάς""},{""biblio"":""X. | An. | 6.3.11"",""quote"":""φυλάττειν τινάς X. An. 6.3.11""},{""biblio"":"""",""quote"":""διώρυγες ἰ. βαθεῖαι""},{""biblio"":""X. | An. | [1.7.15]"",""quote"":""διώρυγες ἰ. βαθεῖαι X. An. [1.7.15]""},{""biblio"":"""",""quote"":""ἰ. χλωρόν""},{""biblio"":""Hp. | Prog. | 11"",""quote"":""ἰ. χλωρόν Hp. Prog. 11""},{""biblio"":"""",""quote"":""ἰ. φιλοπλάτων""},{""biblio"":""Phld."",""quote"":""ἰ. φιλοπλάτων Phld.""},{""biblio"":"""",""quote"":""-οτέρως""},{""biblio"":""Heraclit. | 114"",""quote"":""-οτέρως Heraclit. 114""},{""biblio"":"""",""quote"":""-ότερον""},{""biblio"":""X. | Cyr. | 4.5.12"",""quote"":""-ότερον X. Cyr. 4.5.12""}]","[""A. | Supp. | 302"",""Alc. | 15.4"",""Ar. | Pl. | 946"",""Democr. | 51"",""E. | Supp. | 447"",""Ev.Luc. | 15.14"",""Ev.Matt. | 3.11"",""Hdt. | 1.136"",""Hdt. | 1.74"",""Hdt. | 1.76"",""Hdt. | 8.12"",""Heraclit. | 114"",""Hp."",""Hp. | Prog. | 11"",""Phld."",""Pl. | Phdr. | 233c"",""SIG | 685.84"",""Th. | 1.69"",""Th. | 2.49"",""X. | An. | 6.3.11"",""X. | An. | [1.7.15]"",""X. | Ath. | 1.14"",""X. | Cyr. | 4.5.12"",""X. | Cyr. | 7.1.30""]",{},[],1,1,1,1,0,6,22,1,48
51359,10,1716,n51359,ἰσχῡροσώματος,,,841,,"[""gloss on ὀβριμοεργός , Sch. Opp. H. 1.360 .""]",[],[],[],[],{},"[{""type"":""ref"",""target"":"""",""text"":""ὀβριμοεργός""},{""type"":"""",""target"":"""",""text"":""gloss on ὀβριμοεργός""}]",1,0,0,0,1,1,0,0,0
51360,10,1717,n51360,ἰσχῡρότης,,ἡ,841,,"[""strength, Ph. 1.128 ; v.l. for ἐχ- , D.H. 3.65 , for ὀχ-, Ph. 1.644 .""]","[""strength""]",[],[],[],{},"[{""type"":""ref"",""target"":"""",""text"":""ἐχ-""},{""type"":"""",""target"":"""",""text"":""v.l. for ἐχ-""}]",1,1,0,0,1,1,1,0,0
51361,10,1718,n51361,ἰσχῡρό-φρων,,ὁ,841,,"[""strong-minded, D.C. Fr. 43.25 .""]","[""strong-minded""]",[],[],[],{},[],1,1,0,0,0,1,1,0,0
51362,10,1719,n51362,ἰσχῡρό-φωνος,,,841,,"[""strong-voiced, Antyll. ap. Orib. 6.10.10 .""]","[""strong-voiced""]",[],[],[],{},[],1,1,0,0,0,1,1,0,0
51363,10,1720,n51363,ἰσχῡρό-χρως,,ὁ,841,,"[""gloss on ταλαύρινος , Sch. Il. 5.289 .""]",[],[],[],[],{},"[{""type"":""ref"",""target"":"""",""text"":""ταλαύρινος""},{""type"":"""",""target"":"""",""text"":""gloss on ταλαύρινος""}]",1,0,0,0,1,1,0,0,0
51364,10,1721,n51364,ἰσχῡρό-ψῡχος,,,841,,"[""strong-souled, Hsch. s.v. λάσιον κῆρ .""]","[""strong-souled""]",[],[],[],{},"[{""type"":""ref"",""target"":"""",""text"":""λάσιον κῆρ""},{""type"":"""",""target"":"""",""text"":""s.v. λάσιον κῆρ""}]",1,1,0,0,1,1,1,0,0
51365,10,1722,n51365,ἰσχῡρόω,,,841,,"[""strengthen, LXX Is. 41.7 .""]","[""strengthen""]",[],[],[],{},[],1,1,0,0,0,1,1,0,0
51366,10,1723,n51366,ἰσχ-ύς,,ἡ,841,,"[""strength of body, Hes. Th. 146 , 823 , etc.; ἀκμαὶ ἰσχύος Pi. O. 1.96 ; δεινὸν ἰσχύος θράσος S. Ph. 104 ; τὴν ἰ. δεινὰ καὶ τὴν ῥώμην Pl. Smp. 190b ; πρὸς ἰσχὺν ὀφθαλμοὶ ἄριστα πεφυκότες X. Smp. 5.5 : pl., ἰσχύες καὶ ἀσθένειαι Pl. R. 618d ; κατὰ σωμάτων ἰσχῦς καὶ εὐμορφίας Id. Lg. 744c ; of places, ἰσχὺς γῆς S. OC 610 ; of a fortified place, Th. 4.35 ."",""might, power,θεοῦ, θεῶν, A. Th. 226 (lyr.), S. Aj. 118 ; ἰ. βασιλεία A. Pers. 590 (lyr.), cf. 12 (anap.);ὅπου γὰρ ἰ. συζυγοῦσι καὶ δίκη might and right, Id. Fr. 381 ;φύσεως ἰ., of Themistocles, Th. 1.138 ;ἐπὶ μέγα ἐλθεῖν ἰσχύος to a great height of power, Id. 2.97 , cf. 1.85 , etc.; παρὰ ἰσχὺν τῆς δυνάμεως Id. 7.66 ;ἰ. μάχης fighting power, Id. 2.97 ; ἰ. τῆς ἐλπίδος Id. 4.65 , cf. 2.62 ;ἡ τῶν νόμων ἰ. POxy. 67.14 (iv A.D.);validity, PGrenf. 2.71i i11 (iii A.D.), etc."",""brute force,κατ' ἰσχύν perforce, opp.δόλῳ, A. Pr. 214 ; πρὸς ἰσχύος κράτος S. Ph. 594 ; πρὸς ἰσχύος χάριν E. Med. 538 ; ὑπὸ τῆς ἰσχύος Epicr. 3.10 ; κατέχοντες ἰσχύϊ τὸ πλῆθος Th. 3.62 ; εἴ τι ἰσχύϊ πράττεται, ἰσχυρῶς πράττεται Pl. Prt. 332b ."",""motive force, Arist. Ph. 250a6 ;ἡ κινοῦσα ἰ. Id. Cael. 275b20 , al."",""in Lit. Crit.,vigour of style, D.H. Pomp. 3 , Comp. 2 ,al."",""in Tactics, the main body of troops, οὔπω ἡ ἰ. πάρεστιν X. Cyr. 1.4.19 . [ῠ in gen., etc.: in nom. and acc. sg.ῠ in Pi. N. 11.31 (acc.):ῡ in Trag. and Com., A. Th. 1080 (anap.), Ch. 721 (anap.), S. Aj. 118 , Men. 449 .] (Perh.ϝισχύς, cf.βίσχυν, γισχύν.)""]","[""strength"",""might, power"",""might"",""of power"",""power"",""validity,"",""brute force"",""perforce"",""motive force"",""vigour"",""main body""]",[],"[{""biblio"":"""",""quote"":""ἀκμαὶ ἰσχύος""},{""biblio"":""Pi. | O. | 1.96"",""quote"":""ἀκμαὶ ἰσχύος Pi. O. 1.96""},{""biblio"":"""",""quote"":""δεινὸν ἰσχύος θράσος""},{""biblio"":""S. | Ph. | 104"",""quote"":""δεινὸν ἰσχύος θράσος S. Ph. 104""},{""biblio"":"""",""quote"":""τὴν ἰ. δεινὰ καὶ τὴν ῥώμην""},{""biblio"":""Pl. | Smp. | 190b"",""quote"":""τὴν ἰ. δεινὰ καὶ τὴν ῥώμην Pl. Smp. 190b""},{""biblio"":"""",""quote"":""πρὸς ἰσχὺν ὀφθαλμοὶ ἄριστα πεφυκότες""},{""biblio"":""X. | Smp. | 5.5"",""quote"":""πρὸς ἰσχὺν ὀφθαλμοὶ ἄριστα πεφυκότες X. Smp. 5.5""},{""biblio"":"""",""quote"":""ἰσχύες καὶ ἀσθένειαι""},{""biblio"":""Pl. | R. | 618d"",""quote"":""ἰσχύες καὶ ἀσθένειαι Pl. R. 618d""},{""biblio"":"""",""quote"":""κατὰ σωμάτων ἰσχῦς καὶ εὐμορφίας""},{""biblio"":""Id. | Lg. | 744c"",""quote"":""κατὰ σωμάτων ἰσχῦς καὶ εὐμορφίας Id. Lg. 744c""},{""biblio"":"""",""quote"":""ἰσχὺς γῆς""},{""biblio"":""S. | OC | 610"",""quote"":""ἰσχὺς γῆς S. OC 610""},{""biblio"":"""",""quote"":""ἰ. βασιλεία""},{""biblio"":""A. | Pers. | 590"",""quote"":""ἰ. βασιλεία A. Pers. 590""},{""biblio"":"""",""quote"":""παρὰ ἰσχὺν τῆς δυνάμεως""},{""biblio"":""Id. | 7.66"",""quote"":""παρὰ ἰσχὺν τῆς δυνάμεως Id. 7.66""},{""biblio"":"""",""quote"":""ἰ. τῆς ἐλπίδος""},{""biblio"":""Id. | 4.65"",""quote"":""ἰ. τῆς ἐλπίδος Id. 4.65""},{""biblio"":"""",""quote"":""πρὸς ἰσχύος κράτος""},{""biblio"":""S. | Ph. | 594"",""quote"":""πρὸς ἰσχύος κράτος S. Ph. 594""},{""biblio"":"""",""quote"":""πρὸς ἰσχύος χάριν""},{""biblio"":""E. | Med. | 538"",""quote"":""πρὸς ἰσχύος χάριν E. Med. 538""},{""biblio"":"""",""quote"":""ὑπὸ τῆς ἰσχύος""},{""biblio"":""Epicr. | 3.10"",""quote"":""ὑπὸ τῆς ἰσχύος Epicr. 3.10""},{""biblio"":"""",""quote"":""κατέχοντες ἰσχύϊ τὸ πλῆθος""},{""biblio"":""Th. | 3.62"",""quote"":""κατέχοντες ἰσχύϊ τὸ πλῆθος Th. 3.62""},{""biblio"":"""",""quote"":""εἴ τι ἰσχύϊ πράττεται, ἰσχυρῶς πράττεται""},{""biblio"":""Pl. | Prt. | 332b"",""quote"":""εἴ τι ἰσχύϊ πράττεται, ἰσχυρῶς πράττεται Pl. Prt. 332b""},{""biblio"":"""",""quote"":""οὔπω ἡ ἰ. πάρεστιν""},{""biblio"":""X. | Cyr. | 1.4.19"",""quote"":""οὔπω ἡ ἰ. πάρεστιν X. Cyr. 1.4.19""}]","[""A. | Pers. | 590"",""E. | Med. | 538"",""Epicr. | 3.10"",""Id. | 4.65"",""Id. | 7.66"",""Id. | Lg. | 744c"",""Pi. | O. | 1.96"",""Pl. | Prt. | 332b"",""Pl. | R. | 618d"",""Pl. | Smp. | 190b"",""S. | OC | 610"",""S. | Ph. | 104"",""S. | Ph. | 594"",""Th. | 3.62"",""X. | Cyr. | 1.4.19"",""X. | Smp. | 5.5""]",{},[],1,1,0,1,0,6,11,0,32
51367,10,1724,n51367,ἴσχ-ῡσις,,ἡ,841,,"[""f.l. for χύσις (cj. Wendl.) in Ph. 1.354 .""]",[],[],[],[],{},"[{""type"":""ref"",""target"":"""",""text"":""χύσις""},{""type"":"""",""target"":"""",""text"":""f.l. for χύσις""}]",1,0,0,0,1,1,0,0,0
51368,10,1725,n51368,ἰσχ-ύω,,,841,,"[""ἴσχυον Ar. V. 357 , X. HG 6.4.18 :fut. ἰσχύσω Ar. Av. 1607 , etc.:aor. ἴσχῡσα S. Aj. 502 , etc.:pf. ἴσχῡκα Aeschin. 1.165 , Cerc. 17.34 :— Pass. ,aor. κατ-ισχύθην D.S. 15.87 : (ἰσχύς):— to be strong in body, S. Tr. 234 ; ὅπως ὑγιαίνοιεν καὶ ἰσχύοιεν X. Cyr. 6.1.24 ; ὃς μέγιστον ἴσχυσε στρατοῦ S. Aj. 502 ; ἰ. τοῖς σώμασιν X. Mem. 2.7.7 ; τοῦ σώματος ἰσχύοντος Antipho 5.93 ;ἴσχυόν τ' αὐτὸς ἐμαυτοῦ, i.e. I had all my strength, Ar. V. 357 ;ἰ. ἐκ νόσου to be recovering, X. HG 6.4.18 ."",""to be powerful, prevail, μηδὲν μεῖον ἰ. Διός A. Pr. 510 , etc.;πλέον, μεῖζον ἰ., E. Hec. 1188 , Ar. Av. 1607 ; later ἰ. πρός τινα prevail against, LXX Ps. 12(13).4 ;ἐπί τινας ib. 1 Ma. 10.49 ;ἰ. τινί to be strong in a thing, σοφία ἀνὴρ ὑπὲρ ἀνδρὸς ἰσχύει Pi. Fr. 61 ; θράσει E. Or. 903 ; ἐν τῇ ποιητικῇ Phld. Po. 5.9 ; ἰ. τινὶ πρὸς τοὺς πολεμίους Th. 3.46 ; ἰ. ἐκ πονηρίας D. 2.9 ;ὅθεν ἰσχύομεν, ᾗπερ ἰσχύουσι, Th. 1.143 , 2.13 ;ἰ. παρά τινι have power or influence with one, Id. 8.47 , Aeschin. 2.2 , D. 38.20 , etc."",""of things,prevail, ὅρκος οὔτι Ζηνὸς ἰ. πλέον A. Eu. 621 ; τἀληθὲς γὰρ ἰσχῦον τρέφω S. OT 356 ;τὸ δίκαιον ἐν πᾶσιν ἰ. D. 37.59 ;have force, ἃ ὡρίσω σὺ δίκαια, ταὐτὰ . . καὶ κατὰ σοῦ προσήκει τοῖς ἄλλοις ἰσχύειν D. 19.241 , cf. 25.71 ; ὁ λόγος δόξειεν ἂν ἰσχύειν Arist. Pol. 1280a28 ;νομὴ ἄδικος οὐδὲν ἰ.is of no force, PTeb. 286.7 (ii A.D.);ἰσχῦόν τι something permanent, prob. in Epicur. Ep. 1p.7U. : c.inf., ὁ καιρὸς ἰσχύει . . πράττειν D. 17.9 , cf. LXX 2 Ch. 2.6(5) , al., Plu. Pomp. 58 ; οὐκ ἰ. ἀρτιστομεῖν Str. 14.2.28 , cf. Ev.Marc. 5.4 , D.Chr. 33.22 , etc."",""to be worth or equivalent to, ἡ μνᾶ ἰσχύει λίτρας δύο καὶ ἥμισυ J. AJ 14.7.1 , cf. PGnom. 106 , Ptol. Tetr. 134 ;αἱ ψῆφοι τάλαντον ἰσχύουσιν(prob. for ἴσχουσιν) Plb. 5.26.13 ."",""Act. ,condense, νεφέλας LXX Si. 43.15 ."",""ἄρτον πᾶσαν ἡδονὴν ἰσχύοντα making strong . ., ib. Wi. 16.20 (in se habentem, Vulg.)."",""-ύοντες ἀστέρες those in dominating positions, Serapion in Cat.Cod.Astr. 8(4).226 . [ῡ in Batr. l.c., Trag. and Com., S. Aj. 1409 , OT 356 , Ar. V. 357 , Av. 488 , 1606 ; later,ῠ sts. in pres.and impf., AP 5.166 ( Asclep. ), 211 ( Mel. ).]""]","[""to be strong"",""had"",""strength"",""to be recovering"",""to be powerful, prevail"",""prevail"",""to be strong in"",""have power"",""influence"",""prevail"",""have force"",""is of"",""force,"",""permanent"",""to be worth"",""equivalent to"",""condense"",""making strong . ."",""in se habentem"",""in dominating positions""]","[""ἰσχύς"",""ἰσχύς""]","[{""biblio"":"""",""quote"":""ἴσχυον""},{""biblio"":""Ar. | V. | 357"",""quote"":""ἴσχυον Ar. V. 357""},{""biblio"":"""",""quote"":""ἰσχύσω""},{""biblio"":""Ar. | Av. | 1607"",""quote"":""ἰσχύσω Ar. Av. 1607""},{""biblio"":"""",""quote"":""ἴσχῡσα""},{""biblio"":""S. | Aj. | 502"",""quote"":""ἴσχῡσα S. Aj. 502""},{""biblio"":"""",""quote"":""ἴσχῡκα""},{""biblio"":""Aeschin. | 1.165"",""quote"":""ἴσχῡκα Aeschin. 1.165""},{""biblio"":"""",""quote"":""κατ-ισχύθην""},{""biblio"":""D.S. | 15.87"",""quote"":""κατ-ισχύθην D.S. 15.87""},{""biblio"":"""",""quote"":""ὅπως ὑγιαίνοιεν καὶ ἰσχύοιεν""},{""biblio"":""X. | Cyr. | 6.1.24"",""quote"":""ὅπως ὑγιαίνοιεν καὶ ἰσχύοιεν X. Cyr. 6.1.24""},{""biblio"":"""",""quote"":""ὃς μέγιστον ἴσχυσε στρατοῦ""},{""biblio"":""S. | Aj. | 502"",""quote"":""ὃς μέγιστον ἴσχυσε στρατοῦ S. Aj. 502""},{""biblio"":"""",""quote"":""ἰ. τοῖς σώμασιν""},{""biblio"":""X. | Mem. | 2.7.7"",""quote"":""ἰ. τοῖς σώμασιν X. Mem. 2.7.7""},{""biblio"":"""",""quote"":""τοῦ σώματος ἰσχύοντος""},{""biblio"":""Antipho | 5.93"",""quote"":""τοῦ σώματος ἰσχύοντος Antipho 5.93""},{""biblio"":"""",""quote"":""μηδὲν μεῖον ἰ. Διός""},{""biblio"":""A. | Pr. | 510"",""quote"":""μηδὲν μεῖον ἰ. Διός A. Pr. 510""},{""biblio"":"""",""quote"":""σοφία ἀνὴρ ὑπὲρ ἀνδρὸς ἰσχύει""},{""biblio"":""Pi. | Fr. | 61"",""quote"":""σοφία ἀνὴρ ὑπὲρ ἀνδρὸς ἰσχύει Pi. Fr. 61""},{""biblio"":"""",""quote"":""θράσει""},{""biblio"":""E. | Or. | 903"",""quote"":""θράσει E. Or. 903""},{""biblio"":"""",""quote"":""ἐν τῇ ποιητικῇ""},{""biblio"":""Phld. | Po. | 5.9"",""quote"":""ἐν τῇ ποιητικῇ Phld. Po. 5.9""},{""biblio"":"""",""quote"":""ἰ. τινὶ πρὸς τοὺς πολεμίους""},{""biblio"":""Th. | 3.46"",""quote"":""ἰ. τινὶ πρὸς τοὺς πολεμίους Th. 3.46""},{""biblio"":"""",""quote"":""ἰ. ἐκ πονηρίας""},{""biblio"":""D. | 2.9"",""quote"":""ἰ. ἐκ πονηρίας D. 2.9""},{""biblio"":"""",""quote"":""ὅρκος οὔτι Ζηνὸς ἰ. πλέον""},{""biblio"":""A. | Eu. | 621"",""quote"":""ὅρκος οὔτι Ζηνὸς ἰ. πλέον A. Eu. 621""},{""biblio"":"""",""quote"":""τἀληθὲς γὰρ ἰσχῦον τρέφω""},{""biblio"":""S. | OT | 356"",""quote"":""τἀληθὲς γὰρ ἰσχῦον τρέφω S. OT 356""},{""biblio"":"""",""quote"":""ἃ ὡρίσω σὺ δίκαια, ταὐτὰ . . καὶ κατὰ σοῦ προσήκει τοῖς ἄλλοις ἰσχύειν""},{""biblio"":""D. | 19.241"",""quote"":""ἃ ὡρίσω σὺ δίκαια, ταὐτὰ . . καὶ κατὰ σοῦ προσήκει τοῖς ἄλλοις ἰσχύειν D. 19.241""},{""biblio"":"""",""quote"":""ὁ λόγος δόξειεν ἂν ἰσχύειν""},{""biblio"":""Arist. | Pol. | 1280a28"",""quote"":""ὁ λόγος δόξειεν ἂν ἰσχύειν Arist. Pol. 1280a28""},{""biblio"":"""",""quote"":""ὁ καιρὸς ἰσχύει . . πράττειν""},{""biblio"":""D. | 17.9"",""quote"":""ὁ καιρὸς ἰσχύει . . πράττειν D. 17.9""},{""biblio"":"""",""quote"":""οὐκ ἰ. ἀρτιστομεῖν""},{""biblio"":""Str. | 14.2.28"",""quote"":""οὐκ ἰ. ἀρτιστομεῖν Str. 14.2.28""},{""biblio"":"""",""quote"":""ἡ μνᾶ ἰσχύει λίτρας δύο καὶ ἥμισυ""},{""biblio"":""J. | AJ | 14.7.1"",""quote"":""ἡ μνᾶ ἰσχύει λίτρας δύο καὶ ἥμισυ J. AJ 14.7.1""},{""biblio"":"""",""quote"":""νεφέλας""},{""biblio"":""LXX | Si. | 43.15"",""quote"":""νεφέλας LXX Si. 43.15""}]","[""A. | Eu. | 621"",""A. | Pr. | 510"",""Aeschin. | 1.165"",""Antipho | 5.93"",""Ar. | Av. | 1607"",""Ar. | V. | 357"",""Arist. | Pol. | 1280a28"",""D. | 17.9"",""D. | 19.241"",""D. | 2.9"",""D.S. | 15.87"",""E. | Or. | 903"",""J. | AJ | 14.7.1"",""LXX | Si. | 43.15"",""Phld. | Po. | 5.9"",""Pi. | Fr. | 61"",""S. | Aj. | 502"",""S. | OT | 356"",""Str. | 14.2.28"",""Th. | 3.46"",""X. | Cyr. | 6.1.24"",""X. | Mem. | 2.7.7""]",{},[],1,1,1,1,0,7,20,2,46
51369,10,1726,n51369,ἴσχω,,,841,,"[""keep back, restrain(v. infr. 11 ), δέος ἴσχει τινά Il. 5.812 , 817 , etc.; ἴ. τινὰ ἀνάγκῃ Od. 4.558 ; θυμὸν ἴ. ἐν στήθεσσι Il. 9.256 ; Ζεὺς ἴσχεν ἑὸν μένος Hes. Th. 687 ;οὐδ' ἔτι σηκοὶ ἴσχουσι(the calves) Od. 10.413 ; [ πρὼν] ἴσχει ῥέεθρα Il. 17.750 ;ἵππους ἴ. 15.456 , etc.; ἶσχον βουλομένους τοὺς ἑπτὰ ἐς τὸ πρόσω παριέναι Hdt. 3.77 ; μηδὲν ἡμᾶς ἰσχέτω Ar. V. 1264 ;οὐδέποτέ γ' ἴσχει θύρα, prov. of those who keep open house, Eup. 265 ; ἴσχε στόμα E. HF 1244 ; ἴσχε δακὼν στόμα σόν S. Tr. 976 (anap.); τὸ ἴσχον τὴν πορείαν X. An. 6.5.13 ;χείμαρρον . . ἕρκεα ἴσχει ἀλωάων keep it back, Il. 5.90 : c. gen.,ξίφος ἴ. τινός to keep it from him, E. Hel. 1656 ;ἴ. τῆς ῥοῆς, τοῦ ἰέναι, Pl. Cra. 416b , 420e : folld. by inf., ἴ. τινὰ μὴ πράσσειν E. IA 661 :— Pass. ,to be checked, Gal. UP 15.3 : also impers.,ἐν τούτῳ <>χετο here the matter stopped, X. An. 6.3.9 ."",""abs.,ἴσχε hold,<>ν,stop! A. Ch. 1052 , S. Ichn. 95 ; of ships,put in,v.l. in Th. 2.91 ; Pol<*> ταῖς πόλεσι Id. 7.35 , cf. A.R. 2.390 ; of rivers,stop, Arr. An. 5 . 9.4 :—in this sense Hom. uses Med. or Pass. , ἴσχεσθ' Ἀργεῖοι, μὴ φεύγετε Od. 24.54 , cf. Il. 3.82 ; ἴσχεο check thyself, be calm, 1.214 , 2.247 , Od. 22.356 , etc.;keep quiet, 11.251 : c. gen.,ἴσχεσθαί τινος desist from a thing, 18.347 , 24.323 ."",""hold fast, hold,once in Hom. , [κανόνα] ἀγχόθι στήθεος Il. 23.762 , cf. S. Aj. 575 , Ph. 1111 (lyr.): metaph.,keep, maintain, εὐφημίαν Id. Tr. 178 ;ἐλπίσιν ἴ. τι ib. 138 ; γνώμαν Id. Ph. 853 (lyr.); ἐπιστήμην λαβόντα ἴσχειν Pl. Tht. 198a ; of outward matters,ὀδύνη ἴ. τὴν γαστέρα affects it, Hp. Nat.Mul. 14 ; τὸν αἶς' ἄπλατος ἴσχει S. Aj. 256 (lyr.); αἱ ἄτομοι τὸν παλμὸν ἴσχουσι keep up, Epicur. Ep. 1p.8U. :— Pass. , φθόῃ ἴσχεσθαι Isoc. 19.11 (s.v.l.,σχόμενον Blass); also τὸ ἰσχόμενον κατὰ διαφοράν that which is permanent in distinction, Chrysipp.Stoic. 2.128 ."",""after Hom. ,hold or have in possession, v.l. in Hdt. 3.39 , Th. 3.58 ;have a wife, Hdt. 5.92 .β'; of women,ἴ. ἐν γαστρί or simply ἴ. to be pregnant, Hp. Epid. 2.2.18 , etc.;μετὰ τοῦτον ἴ. Κλεόμβροτον conceives Cl., Hdt. 5.41 : generally, like ἔχω, ἴσχε κἀμοῦ μνῆστιν S. Aj. 520 ;λῆστιν ἴ.to be forgetful, Id. OC 584 ; ἄλγος ἴ. Id. OT 1031 ;γνώμαν ἴ., = γνῶναι , Id. El. 214 (lyr.); ἴ. δοῦλον βίον Id. Tr. 302 ; νοῦν Pl. Smp. 181d ; ἐπωνυμίαν Id. Prm. 130e ; χρώματα Hp. Prog. 12 ; κακώσιας Id. Art. 61 ;receive, [πεμπάδα] SIG 57.35 (Milet.,v B.C.);ἰσχέτω δίκην καὶ ὑπεχέτω ib. 286.15 (iv B.C.), cf. IG 5(2).357.23 (Stymphalus,iii B.C.): c. dupl. acc., ἴ. τινὰ ξύνευνον S. Aj. 1301 ; θεὸν οὐ λήξω προστάταν ἴσχων Id. OT 882 (lyr.)."",""have in it, involve, ὄλβος ἴ. φθόνον Pi. P. 11.29 ;μετάστασιν ἴ. to be susceptible, capable of cure, Hp. Aph. 5.7 ; ἀνάληψιν μετ' εὐπετείας Pl. Ti. 83e ;to be worth,dub. l. in Plb. 5.26.13 ; v. ἰσχύω 3 ."",""intr.,to be, like ἔχω, ἀπολέμως ἴσχοντες Pl. Plt. 307e ; εὖ ἴ. τὸ σῶμα Id. R. 411c ; ὧδε Id. Phlb. 38c ; τοῖς πᾶσι χαλεπώτερον Th. 7.50 .""]","[""keep back, restrain"",""keep"",""back"",""to keep"",""from"",""to be checked"",""the matter stopped"",""hold"",""stop!"",""put in"",""stop"",""check thyself, be calm,"",""keep quiet,"",""desist from"",""hold fast, hold,"",""keep, maintain,"",""affects"",""keep up,"",""is permanent"",""hold"",""have in possession,"",""have a wife,"",""to be pregnant,"",""conceives"",""receive,"",""have in it, involve,"",""to be susceptible, capable of"",""to be worth,"",""to be,""]",[],"[{""biblio"":"""",""quote"":""δέος ἴσχει τινά""},{""biblio"":""Il. | 5.812"",""quote"":""δέος ἴσχει τινά Il. 5.812""},{""biblio"":"""",""quote"":""ἴ. τινὰ ἀνάγκῃ""},{""biblio"":""Od. | 4.558"",""quote"":""ἴ. τινὰ ἀνάγκῃ Od. 4.558""},{""biblio"":"""",""quote"":""θυμὸν ἴ. ἐν στήθεσσι""},{""biblio"":""Il. | 9.256"",""quote"":""θυμὸν ἴ. ἐν στήθεσσι Il. 9.256""},{""biblio"":"""",""quote"":""Ζεὺς ἴσχεν ἑὸν μένος""},{""biblio"":""Hes. | Th. | 687"",""quote"":""Ζεὺς ἴσχεν ἑὸν μένος Hes. Th. 687""},{""biblio"":"""",""quote"":""πρὼν] ἴσχει ῥέεθρα""},{""biblio"":""Il. | 17.750"",""quote"":""πρὼν] ἴσχει ῥέεθρα Il. 17.750""},{""biblio"":"""",""quote"":""ἶσχον βουλομένους τοὺς ἑπτὰ ἐς τὸ πρόσω παριέναι""},{""biblio"":""Hdt. | 3.77"",""quote"":""ἶσχον βουλομένους τοὺς ἑπτὰ ἐς τὸ πρόσω παριέναι Hdt. 3.77""},{""biblio"":"""",""quote"":""μηδὲν ἡμᾶς ἰσχέτω""},{""biblio"":""Ar. | V. | 1264"",""quote"":""μηδὲν ἡμᾶς ἰσχέτω Ar. V. 1264""},{""biblio"":"""",""quote"":""ἴσχε στόμα""},{""biblio"":""E. | HF | 1244"",""quote"":""ἴσχε στόμα E. HF 1244""},{""biblio"":"""",""quote"":""ἴσχε δακὼν στόμα σόν""},{""biblio"":""S. | Tr. | 976"",""quote"":""ἴσχε δακὼν στόμα σόν S. Tr. 976""},{""biblio"":"""",""quote"":""τὸ ἴσχον τὴν πορείαν""},{""biblio"":""X. | An. | 6.5.13"",""quote"":""τὸ ἴσχον τὴν πορείαν X. An. 6.5.13""},{""biblio"":"""",""quote"":""ἴ. τινὰ μὴ πράσσειν""},{""biblio"":""E. | IA | 661"",""quote"":""ἴ. τινὰ μὴ πράσσειν E. IA 661""},{""biblio"":"""",""quote"":""ταῖς πόλεσι""},{""biblio"":""Id. | 7.35"",""quote"":""ταῖς πόλεσι Id. 7.35""},{""biblio"":"""",""quote"":""ἴσχεσθ' Ἀργεῖοι, μὴ φεύγετε""},{""biblio"":""Od. | 24.54"",""quote"":""ἴσχεσθ' Ἀργεῖοι, μὴ φεύγετε Od. 24.54""},{""biblio"":"""",""quote"":""ἴσχεο""},{""biblio"":""1.214"",""quote"":""ἴσχεο check thyself, be calm, 1.214""},{""biblio"":"""",""quote"":""[κανόνα] ἀγχόθι στήθεος""},{""biblio"":""Il. | 23.762"",""quote"":""[κανόνα] ἀγχόθι στήθεος Il. 23.762""},{""biblio"":"""",""quote"":""εὐφημίαν""},{""biblio"":""Id. | Tr. | 178"",""quote"":""εὐφημίαν Id. Tr. 178""},{""biblio"":"""",""quote"":""γνώμαν""},{""biblio"":""Id. | Ph. | 853"",""quote"":""γνώμαν Id. Ph. 853""},{""biblio"":"""",""quote"":""ἐπιστήμην λαβόντα ἴσχειν""},{""biblio"":""Pl. | Tht. | 198a"",""quote"":""ἐπιστήμην λαβόντα ἴσχειν Pl. Tht. 198a""},{""biblio"":"""",""quote"":""τὸν αἶς' ἄπλατος ἴσχει""},{""biblio"":""S. | Aj. | 256"",""quote"":""τὸν αἶς' ἄπλατος ἴσχει S. Aj. 256""},{""biblio"":"""",""quote"":""αἱ ἄτομοι τὸν παλμὸν ἴσχουσι""},{""biblio"":""Epicur. | Ep. | 1p.8U."",""quote"":""αἱ ἄτομοι τὸν παλμὸν ἴσχουσι keep up, Epicur. Ep. 1p.8U.""},{""biblio"":"""",""quote"":""φθόῃ ἴσχεσθαι""},{""biblio"":""Isoc. | 19.11"",""quote"":""φθόῃ ἴσχεσθαι Isoc. 19.11""},{""biblio"":"""",""quote"":""ἴ.""},{""biblio"":""Hp. | Epid. | 2.2.18"",""quote"":""ἴ. to be pregnant, Hp. Epid. 2.2.18""},{""biblio"":"""",""quote"":""ἄλγος ἴ.""},{""biblio"":""Id. | OT | 1031"",""quote"":""ἄλγος ἴ. Id. OT 1031""},{""biblio"":"""",""quote"":""ἴ. δοῦλον βίον""},{""biblio"":""Id. | Tr. | 302"",""quote"":""ἴ. δοῦλον βίον Id. Tr. 302""},{""biblio"":"""",""quote"":""νοῦν""},{""biblio"":""Pl. | Smp. | 181d"",""quote"":""νοῦν Pl. Smp. 181d""},{""biblio"":"""",""quote"":""ἐπωνυμίαν""},{""biblio"":""Id. | Prm. | 130e"",""quote"":""ἐπωνυμίαν Id. Prm. 130e""},{""biblio"":"""",""quote"":""χρώματα""},{""biblio"":""Hp. | Prog. | 12"",""quote"":""χρώματα Hp. Prog. 12""},{""biblio"":"""",""quote"":""κακώσιας""},{""biblio"":""Id. | Art. | 61"",""quote"":""κακώσιας Id. Art. 61""},{""biblio"":"""",""quote"":""[πεμπάδα]""},{""biblio"":""SIG | 57.35"",""quote"":""[πεμπάδα] SIG 57.35""},{""biblio"":"""",""quote"":""ἴ. τινὰ ξύνευνον""},{""biblio"":""S. | Aj. | 1301"",""quote"":""ἴ. τινὰ ξύνευνον S. Aj. 1301""},{""biblio"":"""",""quote"":""θεὸν οὐ λήξω προστάταν ἴσχων""},{""biblio"":""Id. | OT | 882"",""quote"":""θεὸν οὐ λήξω προστάταν ἴσχων Id. OT 882""},{""biblio"":"""",""quote"":""ὄλβος ἴ. φθόνον""},{""biblio"":""Pi. | P. | 11.29"",""quote"":""ὄλβος ἴ. φθόνον Pi. P. 11.29""},{""biblio"":"""",""quote"":""ἀνάληψιν μετ' εὐπετείας""},{""biblio"":""Pl. | Ti. | 83e"",""quote"":""ἀνάληψιν μετ' εὐπετείας Pl. Ti. 83e""},{""biblio"":"""",""quote"":""εὖ ἴ. τὸ σῶμα""},{""biblio"":""Id. | R. | 411c"",""quote"":""εὖ ἴ. τὸ σῶμα Id. R. 411c""},{""biblio"":"""",""quote"":""ὧδε""},{""biblio"":""Id. | Phlb. | 38c"",""quote"":""ὧδε Id. Phlb. 38c""},{""biblio"":"""",""quote"":""τοῖς πᾶσι χαλεπώτερον""},{""biblio"":""Th. | 7.50"",""quote"":""τοῖς πᾶσι χαλεπώτερον Th. 7.50""}]","[""1.214"",""Ar. | V. | 1264"",""E. | HF | 1244"",""E. | IA | 661"",""Epicur. | Ep. | 1p.8U."",""Hdt. | 3.77"",""Hes. | Th. | 687"",""Hp. | Epid. | 2.2.18"",""Hp. | Prog. | 12"",""Id. | 7.35"",""Id. | Art. | 61"",""Id. | OT | 1031"",""Id. | OT | 882"",""Id. | Ph. | 853"",""Id. | Phlb. | 38c"",""Id. | Prm. | 130e"",""Id. | R. | 411c"",""Id. | Tr. | 178"",""Id. | Tr. | 302"",""Il. | 17.750"",""Il. | 23.762"",""Il. | 5.812"",""Il. | 9.256"",""Isoc. | 19.11"",""Od. | 24.54"",""Od. | 4.558"",""Pi. | P. | 11.29"",""Pl. | Smp. | 181d"",""Pl. | Tht. | 198a"",""Pl. | Ti. | 83e"",""S. | Aj. | 1301"",""S. | Aj. | 256"",""S. | Tr. | 976"",""SIG | 57.35"",""Th. | 7.50"",""X. | An. | 6.5.13""]",{},"[{""type"":""ref"",""target"":"""",""text"":""ἔχω, ἴσχε κἀμοῦ μνῆστιν""},{""type"":"""",""target"":"""",""text"":""like ἔχω, ἴσχε κἀμοῦ μνῆστιν""},{""type"":""ref"",""target"":"""",""text"":""γνῶναι""},{""type"":"""",""target"":"""",""text"":""= γνῶναι""},{""type"":""ref"",""target"":"""",""text"":""ἰσχύω""},{""type"":"""",""target"":"""",""text"":""v. ἰσχύω""},{""type"":""ref"",""target"":"""",""text"":""ἔχω, ἀπολέμως ἴσχοντες""},{""type"":"""",""target"":"""",""text"":""like ἔχω, ἀπολέμως ἴσχοντες""}]",1,1,0,1,1,6,29,0,72
51370,10,1727,n51370,ἰσωνία,,ἡ,841,,"[""the same price, cost price, τῆς ἰ. Ar. Pax 1227 ;τᾶς ἰ. ἀπολυσάτω he shall release him at the original price, Milet. 3 No. 140.55 (Crete).""]","[""the same price, cost price,"",""the original price,""]",[],"[{""biblio"":"""",""quote"":""τῆς ἰ.""},{""biblio"":""Ar. | Pax | 1227"",""quote"":""τῆς ἰ. Ar. Pax 1227""}]","[""Ar. | Pax | 1227""]",{},[],1,1,0,1,0,1,2,0,2
51371,10,1728,n51371,ἰσωνῠμ-ία,,ἡ,841,,"[""pronoun by A.D. Pron. 9.7 .""]","[""pronoun""]",[],[],[],{},[],1,1,0,0,0,1,1,0,0
51372,10,1729,n51372,ἰσώνῠμ-ος,,,841,,"[""bearing the same name as,c. gen., καλεῖν τινα ἰσώνυμον ἔμμεν μάτρωος Pi. O. 9.64 ;ἠελίοιο τροπαῖς ἰσώνυμον[ῑ]ἔρνος,i.e.ἡλιοτρόπιον, Nic. Th. 678 .""]","[""bearing the same name as,""]",[],"[{""biblio"":"""",""quote"":""καλεῖν τινα ἰσώνυμον ἔμμεν μάτρωος""},{""biblio"":""Pi. | O. | 9.64"",""quote"":""καλεῖν τινα ἰσώνυμον ἔμμεν μάτρωος Pi. O. 9.64""}]","[""Pi. | O. | 9.64""]",{},[],1,1,0,1,0,1,1,0,2
51373,10,1730,n51373,ἴσως,Adv.,,841,,"[""equally, in like manner, Sapph. Supp. 25.11 , S. Ph. 758 , Pl. Lg. 805a , etc.;ὡς ἰσαίτατα ib. 744c ;evenly, Hp. Off. 3 ."",""equally, with reference to equality, τὸ ὀρθὸν ληπτέον ἴσως Arist. Pol. 1283b40 ;fairly, equitably, ἴ. καὶ κοινῶς Aen. Tact. 22.24 ; οὐκ ἴ. οὐδὲ πολιτικῶς D. 10.74 ; μηδὲν ἴ. καὶ δικαίως φρονοῦντας D.H. 10.40 ; οὐκ ἴσως χρήσασθαί τινι Plb. 23.2.7 ."",""probably, perhaps, Alc. Supp. 33 , Hdt. 6.124 , A. Pr. 319 , S. Ph. 144 , Pl. Grg. 473b , etc.; ἴ. που E. El. 518 ; οὔτε συμφόρως οὔτ' ἴ. καλῶς D. 5.10 ; οὐκ ἴσως, ἀλλ' ὄντως Pl. Lg. 965c : ironical, σμικρά γε ἴ. προσθήκη Id. R. 339b : freq. joined with ἄν or τάχ' ἄν,e.g. S. Aj. 691 , 1009 , Pl. Ap. 31a ; ἀμφισβητοῦντες προστιθέασιν ἀεὶ τὸ ἴσως καὶ τάχα Arist. Rh. 1389b18 :ἴσως without ἄν c. opt. is f.l. in A. Supp. 727 , E. IT 1055 ;ἴ. μέν . . , ἴ. δέ . . perhaps so or so, X. Cyr. 4.3.2 : repeated ἴ., ἴ. Ar. Nu. 1320 , D. 3.33 : used to soften or qualify a positive assertion, S. OC 661 , Ar. Ra. 224 , Pl. Phd. 61c , Phdr. 233e , Arist. Metaph. 987a26 , etc."",""with numerals,about, Ar. Pl. 1058 , Damox. 3.2 .""]","[""equally, in like manner,"",""evenly,"",""equally, with reference to equality,"",""fairly, equitably,"",""probably, perhaps,"",""perhaps"",""about,""]",[],"[{""biblio"":"""",""quote"":""τὸ ὀρθὸν ληπτέον ἴσως""},{""biblio"":""Arist. | Pol. | 1283b40"",""quote"":""τὸ ὀρθὸν ληπτέον ἴσως Arist. Pol. 1283b40""},{""biblio"":"""",""quote"":""οὐκ ἴ. οὐδὲ πολιτικῶς""},{""biblio"":""D. | 10.74"",""quote"":""οὐκ ἴ. οὐδὲ πολιτικῶς D. 10.74""},{""biblio"":"""",""quote"":""μηδὲν ἴ. καὶ δικαίως φρονοῦντας""},{""biblio"":""D.H. | 10.40"",""quote"":""μηδὲν ἴ. καὶ δικαίως φρονοῦντας D.H. 10.40""},{""biblio"":"""",""quote"":""οὐκ ἴσως χρήσασθαί τινι""},{""biblio"":""Plb. | 23.2.7"",""quote"":""οὐκ ἴσως χρήσασθαί τινι Plb. 23.2.7""},{""biblio"":"""",""quote"":""ἴ. που""},{""biblio"":""E. | El. | 518"",""quote"":""ἴ. που E. El. 518""},{""biblio"":"""",""quote"":""οὔτε συμφόρως οὔτ' ἴ. καλῶς""},{""biblio"":""D. | 5.10"",""quote"":""οὔτε συμφόρως οὔτ' ἴ. καλῶς D. 5.10""},{""biblio"":"""",""quote"":""οὐκ ἴσως, ἀλλ' ὄντως""},{""biblio"":""Pl. | Lg. | 965c"",""quote"":""οὐκ ἴσως, ἀλλ' ὄντως Pl. Lg. 965c""},{""biblio"":"""",""quote"":""σμικρά γε ἴ. προσθήκη""},{""biblio"":""Id. | R. | 339b"",""quote"":""σμικρά γε ἴ. προσθήκη Id. R. 339b""},{""biblio"":"""",""quote"":""ἀμφισβητοῦντες προστιθέασιν ἀεὶ τὸ ἴσως καὶ τάχα""},{""biblio"":""Arist. | Rh. | 1389b18"",""quote"":""ἀμφισβητοῦντες προστιθέασιν ἀεὶ τὸ ἴσως καὶ τάχα Arist. Rh. 1389b18""},{""biblio"":"""",""quote"":""ἴ., ἴ.""},{""biblio"":""Ar. | Nu. | 1320"",""quote"":""ἴ., ἴ. Ar. Nu. 1320""}]","[""Ar. | Nu. | 1320"",""Arist. | Pol. | 1283b40"",""Arist. | Rh. | 1389b18"",""D. | 10.74"",""D. | 5.10"",""D.H. | 10.40"",""E. | El. | 518"",""Id. | R. | 339b"",""Pl. | Lg. | 965c"",""Plb. | 23.2.7""]",{},[],1,1,0,1,0,4,7,0,20
51374,10,1731,n51374,ἴσωσις,,ἡ,841,,"["", ̔ἰσόὠ making equal, comparison, Gloss.""]","[""making equal, comparison,""]",[],"[{""biblio"":"""",""quote"":"", ̔ἰσόὠ""},{""biblio"":""Gloss."",""quote"":"", ̔ἰσόὠ making equal, comparison, Gloss.""}]","[""Gloss.""]",{},[],1,1,0,1,0,1,1,0,2
51375,10,1732,n51375,ἴταλα:,,,841,,"[""ἴταλα: ἱστία εἰς ἃ τοὺς ἱστοὺς διατείνουσιν, Hsch. (Cf.ἰτλαί.)""]",[],[],[],[],{},[],1,0,0,0,0,1,0,0,0
51376,10,1733,n51376,Ἰτᾰλ-ία,,ἡ,841,,"[""Italy, Hdt. 1.24 , etc. [Ῑτ-, S. Ant. 1119 (lyr.), Call. Dian. 58 .]""]","[""Italy,""]",[],[],[],{},[],1,1,0,0,0,1,1,0,0
51377,10,1734,n51377,Ἰτᾰλ-ιάζω,,,841,,"[""live in Italy, Hsch. , Phot.""]","[""live in Italy,""]",[],[],[],{},[],1,1,0,0,0,1,1,0,0
51378,10,1735,n51378,Ἰτᾰλ-ίδης,,ὁ,841,,"[""Ἰτᾰλ-ίδης,ου,ὁ, poet. for Ἰταλιώτης, AP 9.344 ( Leon. ), Call. Fr. 448 .""]",[],[],[],[],{},[],1,0,0,0,0,1,0,0,0
51379,10,1736,n51379,Ἰτᾰλ-ικός,Adj.,οἱ,841,,"[""Italian, Pl. Lg. 659b , etc.; αἵρεσις Placit. 1.3.9 ;σπεῖρα, = Cohors Italica, Act.Ap. 10.1 ;Ἰταλικοί,οἱ, Italians resident at Delos, SIG 726.4 (i B.C.), etc.:—pecul. fem.Ἰτᾰλ-ίς,ίδος[ῑ], AP 7.373 (Thall.);ἡ Ἰταλίς(sc.γῆ), = Ἰταλία , D.C. 54.22 codd.Ἰτᾰλ-ιώτης,ου,ὁ,Greek inhabitant of Italy, Hdt. 4.15 , Th. 6.44 , etc.; cf.Σικελιώτης:—fem.Ἰτᾰλ-ιῶτις,ιδος,Adj. Italian, νῆες, πόλεις, Th. 8.91 , Str. 5.4.4 :Adj. Ἰτᾰλ-ιωτικός,ή,όν, Pl. Ep. 326b , Luc. Hist. Conscr. 15 .""]","[""Italian,"",""Cohors Italica,"",""Greek inhabitant of Italy,"",""Italian,""]",[],"[{""biblio"":"""",""quote"":""αἵρεσις""},{""biblio"":""Placit. | 1.3.9"",""quote"":""αἵρεσις Placit. 1.3.9""}]","[""Placit. | 1.3.9""]",{},"[{""type"":""ref"",""target"":"""",""text"":""Ἰταλία""},{""type"":"""",""target"":"""",""text"":""= Ἰταλία""}]",1,1,0,1,1,1,4,0,2
51380,10,1737,n51380,Ἰτᾰλ-ός,Adj.,ὁ,841,,"[""Italian, Parth. 7.1 , Str. 5.1.1 : as Adj.,Ἰ. αἰχμητής[ῑ] AP 7.741 ( Crin. ), etc.""]","[""Italian,""]",[],[],[],{},[],1,1,0,0,0,1,1,0,0
51381,10,1738,n51381,ἰτᾰλός,,ὁ,841,,"[""= ταῦρος , D.C. Fr. 4.2 , Hsch. ; whence Italy is said to be called, Timae. 12 , cf. Fest. s.v. Ἰταλία. (ϝιταλός,cf. Lat.vitulus,Osc.Viteliû (Italia).)""]","[""vitulus,"",""Viteliû (Italia).)""]",[],[],[],{},"[{""type"":""ref"",""target"":"""",""text"":""ταῦρος""},{""type"":"""",""target"":"""",""text"":""= ταῦρος""},{""type"":""ref"",""target"":"""",""text"":""Ἰταλία.""},{""type"":"""",""target"":"""",""text"":""s.v. Ἰταλία.""}]",1,1,0,0,1,1,2,0,0
51382,10,1739,n51382,ἰτᾰμ-εύομαι,,,841,,"[""to be ἰταμός,interpol. in Jul. Or. 7.210c .""]","[""to be""]",[],[],[],{},[],1,1,0,0,0,1,1,0,0
51383,10,1740,n51383,ἰτᾰμ-ία,,ἡ,841,,"[""= ἰταμότης , LXX Je. 29.17 ( 49.16 ).""]",[],[],[],[],{},"[{""type"":""ref"",""target"":"""",""text"":""ἰταμότης""},{""type"":"""",""target"":"""",""text"":""= ἰταμότης""}]",1,0,0,0,1,1,0,0,0
51384,10,1741,n51384,ἰτᾰμ-ός,Adv.,,841,,"[""ibo, ἴτης)headlong, hasty, eager, κύνες A. Fr. 282 , Alex. 234 ; ἰ. πρόσωπον Nicol.Com. 1.28 ;bold, reckless, ἰταμὸν καὶ τολμηρὸν ἡ πονηρία D. 25.24 ; ἀναιδὴς καὶ ἰ. Men. Epit. 311 ; ἰ. πρὸς τὸ πράττειν Arist. Pr. 953b4 ; πρὸς τὰ δεινά Plu. Galb. 25 ; πρὸς λόγους ἰταμώτερος Id. 2.1041a : Sup. -ώτατος Phld. Rh. 1.341 S. , Luc. Icar. 30 ;τὸ ἰ., = ἰταμότης , Plu. Fab. 19 , etc.;vigour of style, Diog.Oen. 12 ; τὸ ἰ. τῆς ψυχῆς Plu. Rom. 7 ; ἰ. τι δεδορκώς Luc. Fug. 19 ; ἰ. ἀντιβλέπειν Ael. NA 17.12 .Adv. -μῶς Alex. 105 , Euphro 1.25 , Men. Pk. 306 , Plu. 2.93b , Gal. 11.232 ; οἱ ἰ. πολιτευόμενοι D. 8.68 : Comp. -ώτερον Pl. Lg. 773b ; -ώτερον τῷ βίῳ χρῆσθαι D. 19.233 .""]","[""ibo,"",""headlong, hasty, eager,"",""bold, reckless,"",""vigour""]",[],"[{""biblio"":"""",""quote"":""κύνες""},{""biblio"":""A. | Fr. | 282"",""quote"":""κύνες A. Fr. 282""},{""biblio"":"""",""quote"":""ἰ. πρόσωπον""},{""biblio"":""Nicol.Com. | 1.28"",""quote"":""ἰ. πρόσωπον Nicol.Com. 1.28""},{""biblio"":"""",""quote"":""ἰταμὸν καὶ τολμηρὸν ἡ πονηρία""},{""biblio"":""D. | 25.24"",""quote"":""ἰταμὸν καὶ τολμηρὸν ἡ πονηρία D. 25.24""},{""biblio"":"""",""quote"":""ἀναιδὴς καὶ ἰ.""},{""biblio"":""Men. | Epit. | 311"",""quote"":""ἀναιδὴς καὶ ἰ. Men. Epit. 311""},{""biblio"":"""",""quote"":""ἰ. πρὸς τὸ πράττειν""},{""biblio"":""Arist. | Pr. | 953b4"",""quote"":""ἰ. πρὸς τὸ πράττειν Arist. Pr. 953b4""},{""biblio"":"""",""quote"":""πρὸς τὰ δεινά""},{""biblio"":""Plu. | Galb. | 25"",""quote"":""πρὸς τὰ δεινά Plu. Galb. 25""},{""biblio"":"""",""quote"":""πρὸς λόγους ἰταμώτερος""},{""biblio"":""Id. | 2.1041a"",""quote"":""πρὸς λόγους ἰταμώτερος Id. 2.1041a""},{""biblio"":"""",""quote"":""-ώτατος""},{""biblio"":""Phld. | Rh. | 1.341"",""quote"":""-ώτατος Phld. Rh. 1.341""},{""biblio"":"""",""quote"":""τὸ ἰ. τῆς ψυχῆς""},{""biblio"":""Plu. | Rom. | 7"",""quote"":""τὸ ἰ. τῆς ψυχῆς Plu. Rom. 7""},{""biblio"":"""",""quote"":""ἰ. τι δεδορκώς""},{""biblio"":""Luc. | Fug. | 19"",""quote"":""ἰ. τι δεδορκώς Luc. Fug. 19""},{""biblio"":"""",""quote"":""ἰ. ἀντιβλέπειν""},{""biblio"":""Ael. | NA | 17.12"",""quote"":""ἰ. ἀντιβλέπειν Ael. NA 17.12""},{""biblio"":"""",""quote"":""-μῶς""},{""biblio"":""Alex. | 105"",""quote"":""-μῶς Alex. 105""},{""biblio"":"""",""quote"":""οἱ ἰ. πολιτευόμενοι""},{""biblio"":""D. | 8.68"",""quote"":""οἱ ἰ. πολιτευόμενοι D. 8.68""},{""biblio"":"""",""quote"":""-ώτερον""},{""biblio"":""Pl. | Lg. | 773b"",""quote"":""-ώτερον Pl. Lg. 773b""},{""biblio"":"""",""quote"":""-ώτερον τῷ βίῳ χρῆσθαι""},{""biblio"":""D. | 19.233"",""quote"":""-ώτερον τῷ βίῳ χρῆσθαι D. 19.233""}]","[""A. | Fr. | 282"",""Ael. | NA | 17.12"",""Alex. | 105"",""Arist. | Pr. | 953b4"",""D. | 19.233"",""D. | 25.24"",""D. | 8.68"",""Id. | 2.1041a"",""Luc. | Fug. | 19"",""Men. | Epit. | 311"",""Nicol.Com. | 1.28"",""Phld. | Rh. | 1.341"",""Pl. | Lg. | 773b"",""Plu. | Galb. | 25"",""Plu. | Rom. | 7""]",{},"[{""type"":""ref"",""target"":"""",""text"":""ἰταμότης""},{""type"":"""",""target"":"""",""text"":""= ἰταμότης""}]",1,1,0,1,1,1,4,0,30
51385,10,1742,n51385,ἰτᾰμ-ότης,,ἡ,841,,"[""initiative, vigour, Pl. Plt. 311a ;effrontery, Plu. 2.715e , Jul. Or. 7.225c ; συγγραφέως Plb. 12.9.4 .""]","[""initiative, vigour,"",""effrontery,""]",[],"[{""biblio"":"""",""quote"":""συγγραφέως""},{""biblio"":""Plb. | 12.9.4"",""quote"":""συγγραφέως Plb. 12.9.4""}]","[""Plb. | 12.9.4""]",{},[],1,1,0,1,0,1,2,0,2
51386,10,1743,n51386,ἴτας:,,,841,,"[""ἴτας: ὅρκος, καὶ ὁ ᾁδής, Hsch.""]",[],[],[],[],{},[],1,0,0,0,0,1,0,0,0
51387,10,1744,n51387,ἰτέα,,ἡ,841,,"[""willow, Il. 21.350 , Hecat. 292 (a) J. , Hdt. 1.194 ,PTeb.ined. 703.195 , etc.;ἰ. λευκή, = Salix alba, ἰ. μέλαινα, = Salix amplexicaulis, Thphr. HP 3.13.7 ."",""wicker shield, target, E. Heracl. 376 (lyr.), Supp. 695 , Tr. 1193 , Cyc. 7 , Ar. Fr. 65 ."",""ἰ. δένδρος, = ἵππουρις , Ps.- Dsc. 4.46 . (Εἰτέα,the Attic deme-name, is a different word; cf ἰτέϊνος, ἰτεόφυλλος; prob. cogn. with Lat.viēre, vīmen,Lith.výti'twist', 'wind',vytìs'willow-twig', O E. wipig'willow'.)""]","[""willow,"",""a"",""PTeb.ined."",""Salix alba,"",""Salix amplexicaulis,"",""wicker shield, target,"",""viēre, vīmen,"",""výti"",""vytìs"",""wipig""]",[],[],[],{},"[{""type"":""ref"",""target"":"""",""text"":""ἵππουρις""},{""type"":"""",""target"":"""",""text"":""= ἵππουρις""}]",1,1,0,0,1,3,10,0,0
51388,10,1745,n51388,ἰτέϊνος,,,845,,"[""of willow, ἰ. ῥάβδος Hdt. 4.67 , cf. Thphr. HP 5.3.4 , PCair.Zen. 353.5 (iii B.C.);τὰ ἰ. Sammelb. 5807.3 ."",""made of withy rods, wicker, ἰ. σάκεα Theoc. 16.79 .""]","[""of willow"",""made of withy rods, wicker""]",[],"[{""biblio"":"""",""quote"":""ἰ. ῥάβδος""},{""biblio"":""Hdt. | 4.67"",""quote"":""ἰ. ῥάβδος Hdt. 4.67""},{""biblio"":"""",""quote"":""ἰ. σάκεα""},{""biblio"":""Theoc. | 16.79"",""quote"":""ἰ. σάκεα Theoc. 16.79""}]","[""Hdt. | 4.67"",""Theoc. | 16.79""]",{},[],1,1,0,1,0,2,2,0,4
51389,10,1746,n51389,ἰτέον,,,845,,"[""ibo) one must go, Hp. Acut. 38 , Pl. R. 394d , Lg. 803e , etc.""]","[""ibo) one must go""]",[],[],[],{},[],1,1,0,0,0,1,1,0,0
51390,10,1747,n51390,ἰτεόφυλλος,,,845,,"[""decorated with a pattern of willow-leaves, φιάλη Annuario 4 / 5.463 (Halic.,iii B.C.).""]","[""decorated with a pattern of willow-leaves""]",[],"[{""biblio"":"""",""quote"":""φιάλη""},{""biblio"":""Annuario | 4"",""quote"":""φιάλη Annuario 4""}]","[""Annuario | 4""]",{},[],1,1,0,1,0,1,1,0,2
51391,10,1748,n51391,ἰτεών,,ὁ,845,,"[""willow-ground, Gp. 3.6.6 .""]","[""willow-ground,""]",[],[],[],{},[],1,1,0,0,0,1,1,0,0
51392,10,1749,n51392,ἴτηλος,,,845,,"[""ἴτηλος,η,ον, expld. by Hsch. as ἔμμονος, οὐκ ἐξίτηλος, A. Fr. 42 .""]",[],[],[],[],{},[],1,0,0,0,0,1,0,0,0
51393,10,1750,n51393,ἰτ-ήριος,,,845,,"[""ἰτ-ήριος [ῐ], coined as etym. of ἐξιτήριος, EM 348.45 .""]",[],[],[],[],{},[],1,0,0,0,0,1,0,0,0
51394,10,1751,n51394,ἴτ-ης,,ὁ,845,,"[""= ἰταμός , Ar. Nu. 445 , Pl. Smp. 203d ; ἴτας γε ἐφ' ἃ οἱ πολλοὶ φοβοῦνται ἰέναι Id. Prt. 349e , cf. 359c ; ἴ. καὶ πολυπράγμων D.C. 55.18 .""]",[],[],"[{""biblio"":"""",""quote"":""ἴτας γε ἐφ' ἃ οἱ πολλοὶ φοβοῦνται ἰέναι""},{""biblio"":""Id. | Prt. | 349e"",""quote"":""ἴτας γε ἐφ' ἃ οἱ πολλοὶ φοβοῦνται ἰέναι Id. Prt. 349e""},{""biblio"":"""",""quote"":""ἴ. καὶ πολυπράγμων""},{""biblio"":""D.C. | 55.18"",""quote"":""ἴ. καὶ πολυπράγμων D.C. 55.18""}]","[""D.C. | 55.18"",""Id. | Prt. | 349e""]",{},"[{""type"":""ref"",""target"":"""",""text"":""ἰταμός""},{""type"":"""",""target"":"""",""text"":""= ἰταμός""}]",1,0,0,1,1,1,0,0,4
51395,10,1752,n51395,ἰτ-ητέον,,,845,,"[""= ἰτέον , Ar. Nu. 131 , Diph. 31 .""]",[],[],[],[],{},"[{""type"":""ref"",""target"":"""",""text"":""ἰτέον""},{""type"":"""",""target"":"""",""text"":""= ἰτέον""}]",1,0,0,0,1,1,0,0,0
51396,10,1753,n51396,ἰτ-ητικός,,,845,,"[""most ready to encounter dangers, Arist. EN 1116b26 .""]","[""most ready to encounter""]",[],[],[],{},[],1,1,0,0,0,1,1,0,0
51397,10,1754,n51397,ἷτθαι:,,,845,,"[""ἷτθαι: ἧσθαι, Hsch. ἰτθέλαν: διφθέραν, Id. (cf.ἰξαλῆ).ἰτλαί: οἷς <ἐν>τείνουσι τὰς ὤας τοῦ ὑφαινομένου μυγελεῖς(fort.Πυγελεῖς): οἱ δὲ τοὺς μίτους, Id.""]",[],[],[],[],{},[],1,0,0,0,0,1,0,0,0
51398,10,1755,n51398,ἴτον,,τό,845,,"[""mushroom, Thphr. Fr. 167 , Plin. HN 19.36 ; prob. fr.ϝίτον, cf.οἰτόν, οὐιτόν.""]","[""mushroom""]",[],[],[],{},[],1,1,0,0,0,1,1,0,0
51399,10,1756,n51399,ἰτός,,,845,,"[""ibo)passable, ὁδός AP 7.480 ( Leon. ).""]","[""ibo"",""passable""]",[],"[{""biblio"":"""",""quote"":""ὁδός""},{""biblio"":""AP | 7.480"",""quote"":""ὁδός AP 7.480""}]","[""AP | 7.480""]",{},[],1,1,0,1,0,1,2,0,2
51400,10,1757,n51400,ἴτριον,,τό,845,,"[""cake( πεμμάτιον λεπτὸν διὰ σησάμου καὶ μέλιτος γινόμενον Ath. 14.646d , but cf. πλακοῦντες, σησαμοῦντες, ἴτρια Ar. Ach. 1092 , μελιτώμασι καὶ ἰτρίοις Dsc. 4.63 ), Anacr. 17 , Hp. Acut. (Sp.) 72 , Anon.Lond. Fr. 2.3 , POxy. 736.50 : freq. in pl., Sol. 38 , S. Fr. 199 , Archipp. 9 , prob. in Herod. 3.44 ; ἴτρια, τραγήμαθ' ἧκε, πυραμοῦς, ἄμης Ephipp. 8.3 ; later, of any cake, ἴτρια καρποῦ πεποιημένα πυρίνου D.H. 1.55 ; of the Roman libum, πλακοῦς ἐκ γάλακτος ἰτρίων καὶ μέλιτος Ath. 3.125f .""]","[""cake"",""libum""]",[],"[{""biblio"":"""",""quote"":""πεμμάτιον λεπτὸν διὰ σησάμου καὶ μέλιτος γινόμενον""},{""biblio"":""Ath. | 14.646d"",""quote"":""πεμμάτιον λεπτὸν διὰ σησάμου καὶ μέλιτος γινόμενον Ath. 14.646d""},{""biblio"":"""",""quote"":""πλακοῦντες, σησαμοῦντες, ἴτρια""},{""biblio"":""Ar. | Ach. | 1092"",""quote"":""πλακοῦντες, σησαμοῦντες, ἴτρια Ar. Ach. 1092""},{""biblio"":"""",""quote"":""μελιτώμασι καὶ ἰτρίοις""},{""biblio"":""Dsc. | 4.63"",""quote"":""μελιτώμασι καὶ ἰτρίοις Dsc. 4.63""},{""biblio"":"""",""quote"":""ἴτρια, τραγήμαθ' ἧκε, πυραμοῦς, ἄμης""},{""biblio"":""Ephipp. | 8.3"",""quote"":""ἴτρια, τραγήμαθ' ἧκε, πυραμοῦς, ἄμης Ephipp. 8.3""},{""biblio"":"""",""quote"":""ἴτρια καρποῦ πεποιημένα πυρίνου""},{""biblio"":""D.H. | 1.55"",""quote"":""ἴτρια καρποῦ πεποιημένα πυρίνου D.H. 1.55""},{""biblio"":"""",""quote"":""πλακοῦς ἐκ γάλακτος ἰτρίων καὶ μέλιτος""},{""biblio"":""Ath. | 3.125f"",""quote"":""πλακοῦς ἐκ γάλακτος ἰτρίων καὶ μέλιτος Ath. 3.125f""}]","[""Ar. | Ach. | 1092"",""Ath. | 14.646d"",""Ath. | 3.125f"",""D.H. | 1.55"",""Dsc. | 4.63"",""Ephipp. | 8.3""]",{},[],1,1,0,1,0,1,2,0,12
51401,10,1758,n51401,ἰτρίνεος,,,845,,"[""like ἴτρια, AP 6.232 ( Crin. ).""]","[""like""]",[],[],[],{},[],1,1,0,0,0,1,1,0,0
51402,10,1759,n51402,ἰτριοπώλης,,ὁ,845,,"[""dealer in ἴτρια, prob. in Poll. 7.30 .""]","[""dealer in""]",[],[],[],{},[],1,1,0,0,0,1,1,0,0
51403,10,1760,n51403,ἴττα,,,845,,"[""v. ἰξαλῆ .ἴττιον: οὐσία(Elean), Id.ἴττον: ἕν(Cret.), Id.ἴττυγα: ἐκπληκτικά A. Fr. 427 (ap. Hsch. ).""]",[],[],"[{""biblio"":"""",""quote"":""ἐκπληκτικά""},{""biblio"":""A. | Fr. | 427"",""quote"":""ἐκπληκτικά A. Fr. 427""}]","[""A. | Fr. | 427""]",{},"[{""type"":""ref"",""target"":"""",""text"":""ἰξαλῆ""},{""type"":"""",""target"":"""",""text"":""v. ἰξαλῆ""}]",1,0,0,1,1,1,0,0,2
51404,10,1761,n51404,ἴττω,,,845,,"[""be witness!says Cebes the Theban in Pl. Phd. 62a ;Θήβαθεν ἴττω Δεύς, and ἴττω Ἡρακλῆς, says the Boeotian in Ar. Ach. 911 , 860 , cf. Pl. Ep. 345a .""]","[""be witness!""]",[],[],[],{},[],1,1,0,0,0,1,1,0,0
51405,10,1762,n51405,Ἴτῠλος,,ὁ,845,,"[""Ἴτῠλος[ῐ],ὁ ,Itylus, son of Zethus and Aëdon, Od. 19.522 , Pherecyd. 124J. : expld. as,=μόνος, ὀρφανός, νέος, ἁπαλός by Hsch.""]",[],[],[],[],{},[],1,0,0,0,0,1,0,0,0
51406,10,1763,n51406,ἴτυξ,,,845,,"[""ἴτυξ, a bird, Phot. , Suid. ; cf.ἶδυξ.""]",[],[],[],[],{},[],1,0,0,0,0,1,0,0,0
51407,10,1764,n51407,ἴτῠς,,ἡ,845,,"[""felloe of a wheel, ὄφρα ἴτυν κάμψῃ Il. 4.486 (made of poplar), cf. 5.724 , PMasp. 303.14 (vi A.D.);outer edge or rim of a shield, Hes. Sc. 314 , Hdt. 7.89 : hence,the round shield itself, Tyrt. 15.3 , E. Ion 210 (lyr.), Tr. 1197 , X. An. 4.7.12 ;ἴ. βλεφάρων arch of the eyebrows, Anacreont. 15.17 ;ἀγκίστρων ἴ. AP 6.28 ( Jul. ), cf. Opp. H. 5.138 ;ἴ. τῆς πλευρᾶς border of rib, Gal. 2.681 ;rim of joint-socket, Id. UP 2.17 ;guard of trepan, Id. 10.448 . ( Aeol. ϝίτυς Ter.Maur. 658 .)""]","[""felloe"",""outer edge"",""rim"",""the round shield"",""arch"",""border"",""rim"",""guard""]",[],"[{""biblio"":"""",""quote"":""ὄφρα ἴτυν κάμψῃ""},{""biblio"":""Il. | 4.486"",""quote"":""ὄφρα ἴτυν κάμψῃ Il. 4.486""},{""biblio"":"""",""quote"":""ϝίτυς""},{""biblio"":""Ter.Maur. | 658"",""quote"":""ϝίτυς Ter.Maur. 658""}]","[""Il. | 4.486"",""Ter.Maur. | 658""]",{},[],1,1,0,1,0,1,8,0,4
51408,10,1765,n51408,Ἴτυς,,ὁ,845,,"[""ἃ Ἴτῠν αἰὲν Ἴτῡν ὀλοφύρεται S. El. 148 (lyr.), cf. Ar. l.c.]""]",[],[],"[{""biblio"":"""",""quote"":""ἃ Ἴτῠν αἰὲν Ἴτῡν ὀλοφύρεται""},{""biblio"":""S. | El. | 148"",""quote"":""ἃ Ἴτῠν αἰὲν Ἴτῡν ὀλοφύρεται S. El. 148""}]","[""S. | El. | 148""]",{},[],1,0,0,1,0,1,0,0,2
51409,10,1766,n51409,ἴτω,,,845,,"[""ibo); in Trag. almost an exclam.,go to! S. Ph. 120 ;well, well! E. Med. 798 .""]","[""ibo"",""go to!"",""well, well!""]",[],[],[],{},[],1,1,0,0,0,1,3,0,0
51410,10,1767,n51410,Ἴτων,,ὁ,845,,"[""ῐ], ὁ St.Byz. , and Ἴτωνος,ὁ, Str. 9.5.8 , a town in Thessaly: —hence Ἰτωνία,ἡ, title of Athena who was worshipped there, Hecat. 2J. , Paus. 1.13.3 , 10.1.10 ; χρυσαιγίδος Ἰτωνίας ναός B. Fr. 11.2 ; also at Coronea, Plb. 4.25.2 , 25.3.2 , Str. 9.2.29 , Paus. 9.33.1 ; at Athens, IG 12.310.217 ; at Amorgos, ib. 12(7).33 (ii B.C.):—also Ἰτωνιάς,ἡ, Call. Cer. 75 , AP 9.743 ( Theodorid. ):Ἰτωνίς,ἡ, A.R. 1.551 , AP 6.130 (< Leon. >).""]",[],[],"[{""biblio"":"""",""quote"":""ῐ], ὁ""},{""biblio"":""St.Byz."",""quote"":""ῐ], ὁ St.Byz.""},{""biblio"":"""",""quote"":""χρυσαιγίδος Ἰτωνίας ναός""},{""biblio"":""B. | Fr. | 11.2"",""quote"":""χρυσαιγίδος Ἰτωνίας ναός B. Fr. 11.2""}]","[""B. | Fr. | 11.2"",""St.Byz.""]",{},[],1,0,0,1,0,1,0,0,4
51411,10,1768,n51411,Ἰτώνιος,,ὁ,845,,"[""Ἰτώνιος,ὁ(sc.μήν), name of month in Thessaly, IG 9(2).259.5 , al.:Ἰτώνια,τά, festival of Athena Itonia, ib. 12(7).22 ,al. (Amorgos), cf. Polyaen. 2.54 .""]",[],[],[],[],{},[],1,0,0,0,0,1,0,0,0
51412,10,1769,n51412,ἰύ̈,,,845,,"[""ἰύ̈, exclam. of surprise, Hdn.Gr. 1.506 .""]",[],[],[],[],{},[],1,0,0,0,0,1,0,0,0
51413,10,1770,n51413,Ἰυγγίης,,ὁ,845,,"[""Ἰυγγίης,ὁ, epith. of Dionysus, Hsch.""]",[],[],[],[],{},[],1,0,0,0,0,1,0,0,0
51414,10,1771,n51414,ἰυγγικός,,,845,,"[""of the ἴυγγες(cf. ἴυγξ 3 ), φύσις Dam. Pr. 112 , 119 .""]","[""of the""]","[""ἴυγξ""]","[{""biblio"":"""",""quote"":""ἴυγξ""},{""biblio"":""3"",""quote"":""ἴυγξ 3""},{""biblio"":"""",""quote"":""φύσις""},{""biblio"":""Dam. | Pr. | 112"",""quote"":""φύσις Dam. Pr. 112""}]","[""3"",""Dam. | Pr. | 112""]",{},[],1,1,1,1,0,1,1,1,4
51415,10,1772,n51415,Ἰύγγιος,,ὁ,845,,"[""Ἰύγγιος,ὁ(sc.μήν), name of month in Thessaly, IG 9(2).258.5 (cf. p.xii); cf.Ἰυγγίης.""]",[],[],[],[],{},[],1,0,0,0,0,1,0,0,0
51416,10,1773,n51416,ἰυγγοδρομέω,,,845,,"[""ἰυγγοδρομέω,=βοηδρομέω, βοηθέω, ( Boeot. ) Hsch. (leg.ἰυγο-).""]",[],[],[],[],{},[],1,0,0,0,0,1,0,0,0
51417,10,1774,n51417,ἰυγή,,ἡ,845,,"[""howling, shrieking, as of men in pain, Orac. ap. Hdt. 9.43 , S. Ph. 752 ;= γυναικῶν οἰμωγαί AB 267 ; but also of the shout of heralds, Tim. Pers. 233 ; the hissing of snakes, Nic. Th. 400 , Opp. H. 1.565 . [ῑῡ-Orac. ap. Hdt. l.c., Nic. ;ῐῡ-in S.l.c.]""]","[""howling, shrieking"",""shout"",""hissing""]",[],"[{""biblio"":"""",""quote"":""γυναικῶν οἰμωγαί""},{""biblio"":""AB | 267"",""quote"":""γυναικῶν οἰμωγαί AB 267""}]","[""AB | 267""]",{},[],1,1,0,1,0,1,3,0,2
51418,10,1775,n51418,ἰυγμός,,ὁ,845,,"[""shout of joy, Il. 18.572 ; also,a cry of pain, shriek, A. Ch. 26 (lyr.), E. Heracl. 126 . [ῑ in Il. ;ῐ in Trag.]""]","[""shout of joy"",""a cry of pain, shriek""]","[""ἰύζω""]",[],[],{},[],1,1,1,0,0,1,2,1,0
51419,10,1776,n51419,ἴυγξ,,ἡ,845,,"[""wryneck, Iynx torquilla, Arist. HA 504a12 , PA 695a23 , Ael. NA 6.19 ; used as a charm to recover unfaithful lovers, being bound to a revolving wheel, ἴ. τετράκναμος Pi. P. 4.214 , cf. AP 5.204 ; ἕλκειν ἴυγγα ἐπί τινι X. Mem. 3.11.18 ; ἴ. ἕλκε τὺ τῆνον ἐμὸν ποτὶ δῶμα Theoc. 2.17 : metaph.,ἕλκομαι ἴυγγι ἦτορ as by the magic wheel, Pi. N. 4.35 ; ὥσπερ ἀπὸ ἴυγγος τῷ κάλλει ἑλκόμενος Luc. Dom. 13 ."",""metaph.,spell, charm, τῇ σῇ ληφθέντες ἴυγγι Ar. Lys. 1110 , cf. S. Fr. 474 (prob. cj.), Lyc. 310 , D.L. 6.76 , Plu. 2.1093d (prob. cj. in 568a ), Philostr. VA 8.7 (pl.), Hld. 8.5 ;passionate yearning for, ἀγαθῶν ἑτάρων A. Pers. 989 ."",""in pl., name of certain 'Chaldaic' divinities, Procl. in R. 2.213K. , in Cra. p.33 P., Dam. Pr. 111 , al.: in sg.,ἡ πρώτη ἴ. ib. 217 , cf. 213 ."",""= σῦριγξ μονοκάλαμος , EM 480.1 . [ῑ Ep. and Pi. ;ῐ Att. ]""]","[""wryneck, Iynx torquilla"",""as by the magic wheel"",""spell, charm"",""passionate yearning for"",""in R.""]",[],"[{""biblio"":"""",""quote"":""ἴ. τετράκναμος""},{""biblio"":""Pi. | P. | 4.214"",""quote"":""ἴ. τετράκναμος Pi. P. 4.214""},{""biblio"":"""",""quote"":""ἕλκειν ἴυγγα ἐπί τινι""},{""biblio"":""X. | Mem. | 3.11.18"",""quote"":""ἕλκειν ἴυγγα ἐπί τινι X. Mem. 3.11.18""},{""biblio"":"""",""quote"":""ἴ. ἕλκε τὺ τῆνον ἐμὸν ποτὶ δῶμα""},{""biblio"":""Theoc. | 2.17"",""quote"":""ἴ. ἕλκε τὺ τῆνον ἐμὸν ποτὶ δῶμα Theoc. 2.17""},{""biblio"":"""",""quote"":""ὥσπερ ἀπὸ ἴυγγος τῷ κάλλει ἑλκόμενος""},{""biblio"":""Luc. | Dom. | 13"",""quote"":""ὥσπερ ἀπὸ ἴυγγος τῷ κάλλει ἑλκόμενος Luc. Dom. 13""},{""biblio"":"""",""quote"":""τῇ σῇ ληφθέντες ἴυγγι""},{""biblio"":""Ar. | Lys. | 1110"",""quote"":""τῇ σῇ ληφθέντες ἴυγγι Ar. Lys. 1110""},{""biblio"":"""",""quote"":""ἀγαθῶν ἑτάρων""},{""biblio"":""A. | Pers. | 989"",""quote"":""ἀγαθῶν ἑτάρων A. Pers. 989""}]","[""A. | Pers. | 989"",""Ar. | Lys. | 1110"",""Luc. | Dom. | 13"",""Pi. | P. | 4.214"",""Theoc. | 2.17"",""X. | Mem. | 3.11.18""]",{},"[{""type"":""ref"",""target"":"""",""text"":""σῦριγξ μονοκάλαμος""},{""type"":"""",""target"":"""",""text"":""= σῦριγξ μονοκάλαμος""}]",1,1,0,1,1,4,5,0,12
51420,10,1777,n51420,ἰύζω,,,845,,"[""ἴυξα Pi. P. 4.237 :—shout, yell, in order to scare beasts, πολλὰ μάλ' ἰύζουσιν Il. 17.66 ; οἱ δ' ἰύζοντες ἕποντο Od. 15.162 ; later,yell from grief or pain,cry out, ἴυξεν ἀφωνήτῳ ἄχει Pi. l.c.; used by A. in lyr., only in imper., ἴυζ' ἄποτμον βοάν Pers. 281 , cf. 1042 , Supp. 808 , 872 ;part., ἰύζων S. Tr. 787 ; ἰύζων ἀν' ὄρος Call. Fr. 512 (perh. here= piping, cf. sq.); of bees,buzz, Q.S. 1.440 . (From the Interjection ἰύ̈, q.v. (from ἰού acc. to EM 480.6 ):ϝι-, cf.ἀβίυκτος, ἐκβιούζει.̓ [ῑ Ep. and Pi. ;ῐ in S. Tr. 787 , and prob. in A. ]""]","[""shout, yell"",""yell"",""cry out"",""piping"",""buzz""]",[],"[{""biblio"":"""",""quote"":""ἴυξα""},{""biblio"":""Pi. | P. | 4.237"",""quote"":""ἴυξα Pi. P. 4.237""},{""biblio"":"""",""quote"":""πολλὰ μάλ' ἰύζουσιν""},{""biblio"":""Il. | 17.66"",""quote"":""πολλὰ μάλ' ἰύζουσιν Il. 17.66""},{""biblio"":"""",""quote"":""οἱ δ' ἰύζοντες ἕποντο""},{""biblio"":""Od. | 15.162"",""quote"":""οἱ δ' ἰύζοντες ἕποντο Od. 15.162""},{""biblio"":"""",""quote"":""ἴυξεν ἀφωνήτῳ ἄχει""},{""biblio"":""Pi."",""quote"":""ἴυξεν ἀφωνήτῳ ἄχει Pi.""},{""biblio"":"""",""quote"":""ἴυζ' ἄποτμον βοάν""},{""biblio"":""Pers. | 281"",""quote"":""ἴυζ' ἄποτμον βοάν Pers. 281""},{""biblio"":"""",""quote"":""ἰύζων""},{""biblio"":""S. | Tr. | 787"",""quote"":""ἰύζων S. Tr. 787""},{""biblio"":"""",""quote"":""ἰύζων ἀν' ὄρος""},{""biblio"":""Call. | Fr. | 512"",""quote"":""ἰύζων ἀν' ὄρος Call. Fr. 512""}]","[""Call. | Fr. | 512"",""Il. | 17.66"",""Od. | 15.162"",""Pers. | 281"",""Pi."",""Pi. | P. | 4.237"",""S. | Tr. | 787""]",{},[],1,1,0,1,0,1,5,0,14
51421,10,1778,n51421,ἰυκτής,,ὁ,845,,"[""one who shouts or yells: singer, piper, Theoc. 8.30 , in poet. form ἰυκτά [ᾰ].""]","[""one who shouts"",""yells: singer, piper""]","[""ἰύζω""]",[],[],{},[],1,1,1,0,0,1,2,1,0
51422,10,1779,n51422,ἴυρκες:,,ὁ,845,,"[""ario, Gloss. (dub., fort.κριομαχῶ,=arieto).""]","[""ario,"",""arieto""]",[],[],[],{},[],1,1,0,0,0,1,2,0,0
51423,10,1780,n51423,Ἰφθῖμις,,ὁ,845,,"[""Ἰφθῖμις,ὁ, Egyptian deity (prob. Nefertem) identified with Prometheus, PHib. 1.27.86 (iii B.C.).""]",[],[],[],[],{},[],1,0,0,0,0,1,0,0,0
51424,10,1781,n51424,ἴφθῑμος,,,845,,"[""stout, strong, of bodily strength,ὤμοις ἰ. Il. 18.204 ;κρατὶ ἐπ' ἰ. 3.336 ; ἰ. ποταμῶν 17.749 ; βοῶν ἴ. κάρηνα 23.260 ; of heroes,ἴ. ψυχαί, κεφαλαί, 1.3 , 11.55 ; of Hades, Od. 10.534 ; also, of women,comely, stately, ἰ. βασίλεια 16.332 ; ἄλοχος Il. 5.415 , Theoc. 17.128 ; παράκοιτις Od. 23.92 , etc.; θυγάτηρ 15.364 ; Πηρώ 11.287 : later, generally,strong, powerful, ἰφθίμης φιλότητος D.P. 655 :— Hom. uses ἰφθίμη of women; but ἴφθιμοι ψυχαί, κεφαλαί, speaking of men. (No ϝ-; prob. not cogn. with ἴς, ἶφι.)""]","[""stout, strong"",""comely, stately"",""strong, powerful""]",[],"[{""biblio"":"""",""quote"":""ἰ. ποταμῶν""},{""biblio"":""17.749"",""quote"":""ἰ. ποταμῶν 17.749""},{""biblio"":"""",""quote"":""βοῶν ἴ. κάρηνα""},{""biblio"":""23.260"",""quote"":""βοῶν ἴ. κάρηνα 23.260""},{""biblio"":"""",""quote"":""ἰ. βασίλεια""},{""biblio"":""16.332"",""quote"":""ἰ. βασίλεια 16.332""},{""biblio"":"""",""quote"":""ἄλοχος""},{""biblio"":""Il. | 5.415"",""quote"":""ἄλοχος Il. 5.415""},{""biblio"":"""",""quote"":""παράκοιτις""},{""biblio"":""Od. | 23.92"",""quote"":""παράκοιτις Od. 23.92""},{""biblio"":"""",""quote"":""θυγάτηρ""},{""biblio"":""15.364"",""quote"":""θυγάτηρ 15.364""},{""biblio"":"""",""quote"":""Πηρώ""},{""biblio"":""11.287"",""quote"":""Πηρώ 11.287""},{""biblio"":"""",""quote"":""ἰφθίμης φιλότητος""},{""biblio"":""D.P. | 655"",""quote"":""ἰφθίμης φιλότητος D.P. 655""}]","[""11.287"",""15.364"",""16.332"",""17.749"",""23.260"",""D.P. | 655"",""Il. | 5.415"",""Od. | 23.92""]",{},[],1,1,0,1,0,1,3,0,16
51425,10,1782,n51425,ἶφι,Adv.,,845,,"[""by force or might, freq. in Hom. , but only with four Verbs, ἶ. ἀνάσσειν Il. 1.38 , etc.; ἶ. μάχεσθαι 1.151 ; ἶ. δαμῆναι 19.417 , Od. 18.156 ; βοὸς ἶ. κταμένοιο Il. 3.375 ; later ἶ. βιησάμενος Euph. 90 , etc.—Freq. in prop. names, e.g.Ἰφιάνασσα, Ἰφιγένεια, Ἰφιγόνη, Ἰφιδάμας, Ἴφικλος, ϝιφιάδας, etc.""]","[""by force"",""might""]",[],"[{""biblio"":"""",""quote"":""ἶ. ἀνάσσειν""},{""biblio"":""Il. | 1.38"",""quote"":""ἶ. ἀνάσσειν Il. 1.38""},{""biblio"":"""",""quote"":""ἶ. μάχεσθαι""},{""biblio"":""1.151"",""quote"":""ἶ. μάχεσθαι 1.151""},{""biblio"":"""",""quote"":""ἶ. δαμῆναι""},{""biblio"":""19.417"",""quote"":""ἶ. δαμῆναι 19.417""},{""biblio"":"""",""quote"":""βοὸς ἶ. κταμένοιο""},{""biblio"":""Il. | 3.375"",""quote"":""βοὸς ἶ. κταμένοιο Il. 3.375""},{""biblio"":"""",""quote"":""ἶ. βιησάμενος""},{""biblio"":""Euph. | 90"",""quote"":""ἶ. βιησάμενος Euph. 90""}]","[""1.151"",""19.417"",""Euph. | 90"",""Il. | 1.38"",""Il. | 3.375""]",{},[],1,1,0,1,0,1,2,0,10
51426,10,1783,n51426,ἶφι,,,845,,"[""μέτρον PMasp. 308.3 (vi A.D.): written οἴφιν Hsch.""]",[],[],"[{""biblio"":"""",""quote"":""μέτρον""},{""biblio"":""PMasp. | 308.3"",""quote"":""μέτρον PMasp. 308.3""},{""biblio"":"""",""quote"":""οἴφιν""},{""biblio"":""Hsch."",""quote"":""οἴφιν Hsch.""}]","[""Hsch."",""PMasp. | 308.3""]",{},[],1,0,0,1,0,1,0,0,4
51427,10,1784,n51427,ἰφῐ-γένειᾰ,,ἡ,845,,"[""strong-born, mighty, epith. of Artemis, Paus. 2.35.1 , Hsch."",""pr. n.,Iphigeneia, Agamemnon's daughter, the Homeric Ἰφιάνασσα(but distd. by S. El. 158 ), Stesich. 27 , etc.; also called Ἰφιγόνη, E. El. 1023 ; Ἶφις Lyc. 324 . [ -είᾱ A. Ag. 1526 (lyr.).]""]","[""strong-born, mighty""]",[],"[{""biblio"":"""",""quote"":""Ἶφις""},{""biblio"":""Lyc. | 324"",""quote"":""Ἶφις Lyc. 324""},{""biblio"":"""",""quote"":""-είᾱ""},{""biblio"":""A. | Ag. | 1526"",""quote"":""-είᾱ A. Ag. 1526""}]","[""A. | Ag. | 1526"",""Lyc. | 324""]",{},[],1,1,0,1,0,2,1,0,4
51428,10,1785,n51428,ἰφῐ-γένητος,,,845,,"[""produced by might, πῦρ Orph. Fr. 247.28 .""]","[""produced by might""]",[],"[{""biblio"":"""",""quote"":""πῦρ""},{""biblio"":""Orph. | Fr. | 247.28"",""quote"":""πῦρ Orph. Fr. 247.28""}]","[""Orph. | Fr. | 247.28""]",{},[],1,1,0,1,0,1,1,0,2
51429,10,1786,n51429,ἴφικλος:,Adj.,,845,,"[""ἴφικλος: δυσχερής, Hsch. : as pr. n., Il. 2.705 , al.:—hence Adj.,Ἰφίκλειος,α,ον, σφυρόν Call. Aet. 3.1.46 .""]",[],[],[],[],{},[],1,0,0,0,0,1,0,0,0
51430,10,1787,n51430,Ἰφικρᾰτίδες,,αἱ,845,,"[""shoes, called from the Athen. general Iphicrates, D.S. 15.44 , Alciphr. 3.57 , Dam. Isid. 89 .""]","[""shoes""]",[],[],[],{},[],1,1,0,0,0,1,1,0,0
51431,10,1788,n51431,ἰφίν:,,,845,,"[""ἰφίν: καλήν, Hsch. ἰφιντάν: κρύφα λαλοῦσαν, αἰνιγματωδῶς, Id.""]",[],[],[],[],{},[],1,0,0,0,0,1,0,0,0
51432,10,1789,n51432,ἴφιος,Adj.,,845,,"[""fat, goodly sheep, Il. 5.556 ,al., cf. D.P. 753 , etc.""]","[""fat, goodly""]",[],[],[],{},[],1,1,0,0,0,1,1,0,0
51433,10,1790,n51433,ἶφις:,,,845,,"[""ἶφις: ταχύς, Hsch. ἰφίτην: ἁγνίτην, Id.ἴφλημα: τραῦμα, Id. (i.e.ἵφλ-, cf.σίφλωμα).""]",[],[],[],[],{},[],1,0,0,0,0,1,0,0,0
51434,10,1791,n51434,ἴφυον,,τό,845,,"[""spike-lavender, Lavandula Spica, Ar. Th. 910 (pl.), Fr. 560 (pl.), Epich. 161 , Thphr. HP 6.6.11 , 6.8.3 .""]","[""spike-lavender, Lavandula Spica""]",[],[],[],{},[],1,1,0,0,0,1,1,0,0
51435,10,1792,n51435,ἰχαίνω,,,845,,"[""ὅσσα δ' ἐμεῖο σέθεν παρὰ θυμὸς ἀκοῦσαι ἰχαίνει Call. Aet. 1.1.22 , cf. EM 568.7 .""]",[],[],"[{""biblio"":"""",""quote"":""ὅσσα δ' ἐμεῖο σέθεν παρὰ θυμὸς ἀκοῦσαι ἰχαίνει""},{""biblio"":""Call. | Aet. | 1.1.22"",""quote"":""ὅσσα δ' ἐμεῖο σέθεν παρὰ θυμὸς ἀκοῦσαι ἰχαίνει Call. Aet. 1.1.22""}]","[""Call. | Aet. | 1.1.22""]",{},[],1,0,0,1,0,1,0,0,2
51436,10,1793,n51436,ἰχᾰνάω,,,845,,"[""crave, yearn, v.l. for ἰσχ- in Il. 23.300 , Od 8.288 ; τυροῦ ἀλώπηξ ἰχανῶσα Babr. 77.2 :— Med. , ἰχανᾶσθ' ἐπαυρέσθαι Herod. 7.26 , cf. Hsch.,EM 478.44 . (Cf. sq.;Ἴχανα, name of a town in Sicily, is derived from the root by St.Byz. : prob. cogn. with ἀχήν, ἠχήν; Avest.ᾱζι-'craving', Skt.īhate'crave'.)""]","[""crave, yearn"",""īhate""]",[],"[{""biblio"":"""",""quote"":""τυροῦ ἀλώπηξ ἰχανῶσα""},{""biblio"":""Babr. | 77.2"",""quote"":""τυροῦ ἀλώπηξ ἰχανῶσα Babr. 77.2""},{""biblio"":"""",""quote"":""ἰχανᾶσθ' ἐπαυρέσθαι""},{""biblio"":""Herod. | 7.26"",""quote"":""ἰχανᾶσθ' ἐπαυρέσθαι Herod. 7.26""}]","[""Babr. | 77.2"",""Herod. | 7.26""]",{},"[{""type"":""ref"",""target"":"""",""text"":""ἰσχ-""},{""type"":"""",""target"":"""",""text"":""v.l. for ἰσχ-""}]",1,1,0,1,1,1,2,0,4
51437,10,1794,n51437,ἶχαρ,,τό,845,,"[""vehement desire, dub. l. in A. Supp. 850 (lyr.), cf. Sch.""]","[""vehement desire""]",[],[],[],{},[],1,1,0,0,0,1,1,0,0
51438,10,1795,n51438,ἴχθον:,,,845,,"[""ἴχθον: ἄστρον, ἐγχειράδιον, ξυλοφάνιον, Hsch.""]",[],[],[],[],{},[],1,0,0,0,0,1,0,0,0
51439,10,1796,n51439,ἰχθύ-α,,ἡ,845,,"[""dried skin of the fish ῥίνη,like our shagreen, Hp. Foet.Exsect. 1 , Archig. ap. Gal. 12.406 ; of fish-skin in general, Ruf. ap. Orib. 4.2.16 ."",""pot, perh. for pickled fish, CIG 8345c (Nola, vase)."",""fishing, fishery, BGU 1123.9 (i A.D.), PSI 3.160.8 (ii A.D.)."",""ταριχηρὰ ἰ. pickled fish, PLond. 3.856.20 (i A.D.).""]","[""dried skin of the fish"",""shagreen"",""fish-skin"",""pot"",""fishing, fishery"",""fish,""]","[""ἰχθῦς""]",[],[],{},[],1,1,1,0,0,4,6,1,0
51440,10,1797,n51440,ἰχθυ-ᾰγωγός,,,845,,"[""v. ἰχθυόνερ .""]",[],[],[],[],{},"[{""type"":""ref"",""target"":"""",""text"":""ἰχθυόνερ""},{""type"":"""",""target"":"""",""text"":""v. ἰχθυόνερ""}]",1,0,0,0,1,1,0,0,0
51441,10,1798,n51441,ἰχθυ-άζομαι,,,845,,"[""ἰχθυ-άζομαι,=ἰχθυάω, AP 7.693 ( Apollonid. ).""]",[],[],[],[],{},[],1,0,0,0,0,1,0,0,0
51442,10,1799,n51442,ἰχθυ-ᾰκός,,ἡ,845,,"[""Cat.Cod. Astr. 1.160 ."",""ἰχθυ-ᾰκὴ πύλη,ἡ ,fish-gate, Aq. , Sm. , Thd. Ze. 1.10 : cf.ἰχθυϊκός""]","[""Cat.Cod. Astr."",""fish""]",[],[],[],{},[],1,1,0,0,0,2,2,0,0
51443,10,1800,n51443,ἰχθυ-άω,,,845,,"[""fish, angle, mostly in Ep. pres.and impf., ἰχθυάασκον γναμπτοῖς ἀγκίστροισιν Od. 4.368 : c. acc.,fish for, αὐτοῦ δ' ἰχθυάα . . δελφῖνας 12.95 , cf. Opp. H. 1.426 :— Med. , Lyc. 46 ."",""sport(like fish), δελφῖνες . . ἐθύνεον ἰχθυάοντες Hes. Sc. 210 ."",""Pass. ,to be made of fish,ἰχθυώμενος ἄρτος(vulg.ἄργος) Horap. 1.14 .""]","[""fish, angle"",""fish for"",""sport"",""to be made of fish""]",[],"[{""biblio"":"""",""quote"":""ἰχθυάασκον γναμπτοῖς ἀγκίστροισιν""},{""biblio"":""Od. | 4.368"",""quote"":""ἰχθυάασκον γναμπτοῖς ἀγκίστροισιν Od. 4.368""},{""biblio"":"""",""quote"":""αὐτοῦ δ' ἰχθυάα . . δελφῖνας""},{""biblio"":""12.95"",""quote"":""αὐτοῦ δ' ἰχθυάα . . δελφῖνας 12.95""},{""biblio"":"""",""quote"":""δελφῖνες . . ἐθύνεον ἰχθυάοντες""},{""biblio"":""Hes. | Sc. | 210"",""quote"":""δελφῖνες . . ἐθύνεον ἰχθυάοντες Hes. Sc. 210""}]","[""12.95"",""Hes. | Sc. | 210"",""Od. | 4.368""]",{},[],1,1,0,1,0,3,4,0,6
51444,10,1801,n51444,ἰχθῠβολ-εύς,,ὁ,845,,"[""ἰχθυβόλος 2 , Nic. Th. 793 , Call. Del. 15 , AP 7.504 ( Leon. ), 10.9 , cf. Ps.- Hes. ap. Ath. 3.116a .""]",[],[],"[{""biblio"":"""",""quote"":""ἰχθυβόλος""},{""biblio"":""2"",""quote"":""ἰχθυβόλος 2""}]","[""2""]",{},[],1,0,0,1,0,1,0,0,2
51445,10,1802,n51445,ἰχθῠβολ-έω,,,845,,"[""strike, harpoon fish, AP 7.381 ( Etrusc. ), 635 ( Antiphil. ).""]","[""strike, harpoon fish,""]",[],[],[],{},[],1,1,0,0,0,1,1,0,0
51446,10,1803,n51446,ἰχθῠ́βολ-ος,Subst.,,845,,"[""striking fish, catching fish,ἰ. μηχανή of the trident, A. Th. 132 (lyr.); αἴθυιαι AP 6.23 ."",""Subst.,fisher, angler, ib. 7.295 ( Leon. ), 9.227 (Bianor)."",""Pass. , (proparox.)ἰ. θήρα a spoil of speared fish, ib. 6.24 ; ἰ. δεῖπνα Opp. H. 3.18 .""]","[""striking fish, catching fish"",""fisher, angler"",""of speared fish""]",[],"[{""biblio"":"""",""quote"":""αἴθυιαι""},{""biblio"":""AP | 6.23"",""quote"":""αἴθυιαι AP 6.23""},{""biblio"":"""",""quote"":""ἰ. δεῖπνα""},{""biblio"":""Opp. | H. | 3.18"",""quote"":""ἰ. δεῖπνα Opp. H. 3.18""}]","[""AP | 6.23"",""Opp. | H. | 3.18""]",{},[],1,1,0,1,0,3,3,0,4
51447,10,1804,n51447,ἰχθῠ-βόρος,,,845,,"[""fish-eating, λαρίδες AP 7.652 ( Leon. ).""]","[""fish-eating""]",[],"[{""biblio"":"""",""quote"":""λαρίδες""},{""biblio"":""AP | 7.652"",""quote"":""λαρίδες AP 7.652""}]","[""AP | 7.652""]",{},[],1,1,0,1,0,1,1,0,2
51448,10,1805,n51448,ἰχθῠ́-βοτος,,,845,,"[""fed on by fish, Opp. H. 2.1 , Epic. Oxy. 213v . 15 .""]","[""fed on by fish""]",[],[],[],{},[],1,1,0,0,0,1,1,0,0
51449,10,1806,n51449,ἰχθῠ-γόνος,,,845,,"[""producing fish, Nonn. D. 26.275 .""]","[""producing fish""]",[],[],[],{},[],1,1,0,0,0,1,1,0,0
51450,10,1807,n51450,ἰχθύδιον,,τό,845,,"[""little fish, freq. in Com. (v. infr.), Chrysipp.Stoic. 2.208 , PFlor. 119.7 (iii A.D.), Jul. Mis. 350b , etc. [ῡ, Ar. Fr. 387.8 , Theopomp.Com. 62.3 , Anaxil. 19 , Cratin.Jun. 13 , POxy. 784 (i B.C.), etc.; but ῠ in dact., AP 11.405 ( Lucill. ), Archestr. Fr. 45.18 .]""]","[""little fish""]",[],[],[],{},[],1,1,0,0,0,1,1,0,0
51451,10,1808,n51451,ἰχθῠ-δόκος,,,845,,"[""holding fish, σπυρίδες AP 6.4 ( Leon. ).""]","[""holding fish""]","[""δέχομαι""]","[{""biblio"":"""",""quote"":""σπυρίδες""},{""biblio"":""AP | 6.4"",""quote"":""σπυρίδες AP 6.4""}]","[""AP | 6.4""]",{},[],1,1,1,1,0,1,1,1,2
51452,10,1809,n51452,ἰχθῠ-εῖον,,τό,845,,"[""fish-market, dub. in IG 12(2).646a . 49 (Nesos).""]","[""fish-market""]",[],[],[],{},[],1,1,0,0,0,1,1,0,0
51453,10,1810,n51453,ἰχθῠ́-η,,ἡ,845,846,"[""ἰχθῠ́-η,ἡ, Ion. for ἰχθύα.""]",[],[],[],[],{},[],1,0,0,0,0,1,0,0,0
51454,10,1811,n51454,ἰχθῠ-ήματα,,τά,845,,"[""fish-scales: hence,scrapings, shavings, λωτοῦ Hp. Ulc. 13 ,al.:sg.only, ib. 21 .""]","[""fish-scales"",""scrapings, shavings""]","[""ἰχθύα""]","[{""biblio"":"""",""quote"":""λωτοῦ""},{""biblio"":""Hp. | Ulc. | 13"",""quote"":""λωτοῦ Hp. Ulc. 13""}]","[""Hp. | Ulc. | 13""]",{},[],1,1,1,1,0,1,2,1,2
51455,10,1812,n51455,ἰχθῠ-ηρός,Subst.,ἡ,845,,"[""fishy, scaly, i.e.foul, dirty, πινακίσκοι Ar. Pl. 814 , Fr. 532 ; ἔλαιον Ph. Bel. 90.19 ; ζωμός Luc. Lex. 5 ;οὐκ ἔστιν ἰχθυηρόν nothing of the fish kind, Diph. 32.21 ;ἡ πύλη ἡ ἰ.the fish-gate, LXX Ne. 3.3 :—Subst.,ἰχθῠηρά,ἡ,tax on fish, UPZ 110.98 (ii B.C.), PFay. 42 (a) v 2 (ii A.D.).""]","[""fishy, scaly"",""foul, dirty"",""of the fish kind"",""fish"",""tax on fish"",""a""]","[""ἰχθῦς""]","[{""biblio"":"""",""quote"":""πινακίσκοι""},{""biblio"":""Ar. | Pl. | 814"",""quote"":""πινακίσκοι Ar. Pl. 814""},{""biblio"":"""",""quote"":""ἔλαιον""},{""biblio"":""Ph. | Bel. | 90.19"",""quote"":""ἔλαιον Ph. Bel. 90.19""},{""biblio"":"""",""quote"":""ζωμός""},{""biblio"":""Luc. | Lex. | 5"",""quote"":""ζωμός Luc. Lex. 5""}]","[""Ar. | Pl. | 814"",""Luc. | Lex. | 5"",""Ph. | Bel. | 90.19""]",{},[],1,1,1,1,0,1,6,1,6
51456,10,1813,n51456,ἰχθῠ-ί̈α,,ἡ,845,,"[""fishing, Procl. Vit.Hom. p.25 W.""]","[""fishing""]",[],[],[],{},[],1,1,0,0,0,1,1,0,0
51457,10,1814,n51457,ἰχθῠ-ϊκός,Subst.,ἡ,845,,"[""ἰχθυηρός, πύλη LXX 2 Ch. 33.14 ; ζῴδια Ptol. Tetr. 152 :—Subst.,ἰχθῠ-ϊκή,ἡ,fishery toll, Inscr.Magn. 116.42 , OGI 496.9 (Ephesus):""]","[""fishery toll,""]",[],"[{""biblio"":"""",""quote"":""ἰχθυηρός, πύλη""},{""biblio"":""LXX | 2 Ch. | 33.14"",""quote"":""ἰχθυηρός, πύλη LXX 2 Ch. 33.14""},{""biblio"":"""",""quote"":""ζῴδια""},{""biblio"":""Ptol. | Tetr. | 152"",""quote"":""ζῴδια Ptol. Tetr. 152""}]","[""LXX | 2 Ch. | 33.14"",""Ptol. | Tetr. | 152""]",{},[],1,1,0,1,0,1,1,0,4
51458,10,1815,n51458,ἰχθῠ-ϊκά,,τά,845,,"[""ἰχθῠ-ϊκά,τά, Ostr. 343 (iii B.C.):—also ἰχθῠ́-ϊνος,η,ον, Ael. NA 17.32 .""]",[],[],[],[],{},[],1,0,0,0,0,1,0,0,0
51459,10,1816,n51459,ἰχθῠ́-κεντρον,,τό,845,,"[""trident, Poll. 10.133 , Paus.Gr. Fr. 216 :ἰχθῠόκεντρον, Hsch. , Suid.""]","[""trident""]",[],[],[],{},[],1,1,0,0,0,1,1,0,0
51460,10,1817,n51460,ἰχθῠ-μέδων,,ὁ,845,,"[""king of fish, Marc.Sid. 54 .""]","[""king of fish""]",[],[],[],{},[],1,1,0,0,0,1,1,0,0
51461,10,1818,n51461,ἰχθῠ-νόμος,,,845,,"[""ruling-fish, Opp. H. 1.643 .""]","[""ruling-fish""]",[],[],[],{},[],1,1,0,0,0,1,1,0,0
51462,10,1819,n51462,ἰχθῠο-βολεύς,,,845,,"[""ἰχθῠο-βολεύς,ἰχθῠο-βόλος,=ἰχθυβ-, Phot. , Eust. 191.33 .""]",[],[],[],[],{},[],1,0,0,0,0,1,0,0,0
51463,10,1820,n51463,ἰχθῠό-βρωτος,,,845,,"[""eaten by fish, Plu. 2.668a , SIG 997.7 (Smyrna).""]","[""eaten by fish""]",[],[],[],{},[],1,1,0,0,0,1,1,0,0
51464,10,1821,n51464,ἰχθῠο-ειδής,,,845,,"[""fish-like, λεπίς Hdt. 7.61 .""]","[""fish-like""]",[],"[{""biblio"":"""",""quote"":""λεπίς""},{""biblio"":""Hdt. | 7.61"",""quote"":""λεπίς Hdt. 7.61""}]","[""Hdt. | 7.61""]",{},[],1,1,0,1,0,1,1,0,2
51465,10,1822,n51465,ἰχθῠό-εις,,,845,,"[""full of fish, fishy,πόντος, Ἑλλήσποντος, Il. 9.4 , 360 ;ἰ. κέλευθα, i.e. the sea, Od. 3.177 ;μυχὸς ἰ., of the Bosporus, Ar. Th. 324 ;fish-like, δέμας Opp. H. 3.548 ."",""consisting of fish,θήρη ib. 1.666 ; βόλος AP 6.223 (Antip.).""]","[""full of fish, fishy"",""fish-like"",""consisting of fish""]",[],"[{""biblio"":"""",""quote"":""δέμας""},{""biblio"":""Opp. | H. | 3.548"",""quote"":""δέμας Opp. H. 3.548""},{""biblio"":"""",""quote"":""βόλος""},{""biblio"":""AP | 6.223"",""quote"":""βόλος AP 6.223""}]","[""AP | 6.223"",""Opp. | H. | 3.548""]",{},[],1,1,0,1,0,2,3,0,4
51466,10,1823,n51466,ἰχθῠο-θήρα,,,845,,"[""ἰχθῠο-θήρα,=κυκλάμινος, Ps.- Dsc. 2.164 .""]",[],[],[],[],{},[],1,0,0,0,0,1,0,0,0
51467,10,1824,n51467,ἰχθῠο-θήρας,,ὁ,845,,"[""fisherman, Sch. Lyc. 1200 : also ἰχθῠο-θηρευτής,οῦ,ὁ, Man. 4.243 :""]","[""fisherman""]",[],[],[],{},[],1,1,0,0,0,1,1,0,0
51468,10,1825,n51468,ἰχθῠο-θηρητήρ,,ὁ,845,,"[""ἰχθῠο-θηρητήρ,ῆρος,ὁ, AP 7.702 ( Apollonid. ).""]",[],[],[],[],{},[],1,0,0,0,0,1,0,0,0
51469,10,1826,n51469,ἰχθῠο-θηρία,,ἡ,845,,"[""fishing, Eust. 1165.3 :ἡ ἰχθυοθηρική(sc.τέχνη) Poll. 1.97 .""]","[""fishing""]",[],[],[],{},[],1,1,0,0,0,1,1,0,0
51470,10,1827,n51470,ἰχθῠο-κένταυρος,,ὁ,845,,"[""half-man and half-fish, of Triton, Tz.ad Lyc. 34 .""]","[""half-man and half-fish""]",[],[],[],{},[],1,1,0,0,0,1,1,0,0
51471,10,1828,n51471,ἰχθῠό-κολλα,,ἡ,845,,"[""fish-glue, i.e.isinglass, Dsc. 3.88 , Gal. 13.662 , cf. Plin. HN 32.84 :—also ἰχθῠό-κολλον,τό,Gloss.""]","[""fish-glue"",""isinglass""]",[],[],[],{},[],1,1,0,0,0,1,2,0,0
51472,10,1829,n51472,ἰχθῠο-λογέω,,,845,,"[""discourse of fish, Ath. 7.308d , 8.360d .""]","[""discourse of fish""]",[],[],[],{},[],1,1,0,0,0,1,1,0,0
51473,10,1830,n51473,ἰχθῠο-λύμης,,ὁ,845,,"[""plague of fish, Com. epith. of a fish-eater, Ar. Pax 814 .""]","[""plague of fish""]",[],[],[],{},[],1,1,0,0,0,1,1,0,0
51474,10,1831,n51474,ἰχθῠό-μαντις,,ὁ,845,,"[""one who prophesies by means of fish, Ath. 8.333d .""]","[""one who prophesies by means of fish""]",[],[],[],{},[],1,1,0,0,0,1,1,0,0
51475,10,1832,n51475,ἰχθῠο-μετάβολος,,ὁ,845,,"[""fishmonger, PRyl. 196.7 (ii A.D.).""]","[""fishmonger,""]",[],[],[],{},[],1,1,0,0,0,1,1,0,0
51476,10,1833,n51476,ἰχθυόνερ:,,,845,,"[""ἰχθυόνερ: ἰχθυαγωγοί, Hsch.""]",[],[],[],[],{},[],1,0,0,0,0,1,0,0,0
51477,10,1834,n51477,ἰχθῠοπράτης,,ὁ,845,,"[""ἰχθῠοπράτης[ᾱ],οῦ,ὁ ,=-πώλης, PLond. 1.113.5b4 (vi A.D.), etc.""]",[],[],[],[],{},[],1,0,0,0,0,1,0,0,0
51478,10,1835,n51478,ἰχθῠοπτρίς,Adj.,,845,,"[""for broiling fish, ἐσχάρα Poll. 6.88 , 10.95 .""]","[""for broiling fish""]",[],"[{""biblio"":"""",""quote"":""ἐσχάρα""},{""biblio"":""Poll. | 6.88"",""quote"":""ἐσχάρα Poll. 6.88""}]","[""Poll. | 6.88""]",{},[],1,1,0,1,0,1,1,0,2
51479,10,1836,n51479,ἰχθῠο-πώλαινα,,,845,,"[""ἰχθῠο-πώλαινα, irreg. fem. of-πώλης, Pherecr. 64 .""]",[],[],[],[],{},[],1,0,0,0,0,1,0,0,0
51480,10,1837,n51480,ἰχθῠο-πωλέω,,,845,,"[""sell fish, Poll. 7.26 .""]","[""sell fish""]",[],[],[],{},[],1,1,0,0,0,1,1,0,0
51481,10,1838,n51481,ἰχθῠο-πώλης,,ὁ,845,,"[""fishmonger, freq. in Com., Ar. Fr. 387.10 , Antiph. 68.7 , Alex. 56.1 ; also in Pap., BGU 330.10 , etc.: —fem.ἰχθῠό-πωλις ἀγορά fish-market, Plu. 2.849e , Maiuri Nuova Silloge 440 (Cos).""]","[""fishmonger"",""fish"",""Nuova Silloge""]",[],[],[],{},[],1,1,0,0,0,1,3,0,0
51482,10,1839,n51482,ἰχθῠο-πωλία,,ἡ,845,,"[""fishmongering, Ath. 7.276f , Plu. 2.668a (nisi leg.τὰ ἰχθυοπώλια).""]","[""fishmongering""]",[],[],[],{},[],1,1,0,0,0,1,1,0,0
51483,10,1840,n51483,ἰχθῠο-πώλιον,,τό,845,,"[""fish-market, IPE 12.32 B 4 (Olbia), PFlor. 119.9 (iii A.D.), Sch. Ar. Ra. 1068 :""]","[""fish-market""]",[],[],[],{},[],1,1,0,0,0,1,1,0,0
51484,10,1841,n51484,ἰχθῠο-πωλεῖον,,,845,,"[""ἰχθῠο-πωλεῖον, Hsch.""]",[],[],[],[],{},[],1,0,0,0,0,1,0,0,0
51485,10,1842,n51485,ἰχθῠό-ρροος,,,845,,"[""swarming with fish, ποταμός Timocl. 15.1 .""]","[""swarming with fish""]","[""ῥέω""]","[{""biblio"":"""",""quote"":""ποταμός""},{""biblio"":""Timocl. | 15.1"",""quote"":""ποταμός Timocl. 15.1""}]","[""Timocl. | 15.1""]",{},[],1,1,1,1,0,1,1,1,2
51486,10,1843,n51486,ἰχθῠο-τροφεῖον,,τό,845,,"[""fish-pond, Moschio ap. Ath. 5.208a , D.S. 11.25 :""]","[""fish-pond""]",[],[],[],{},[],1,1,0,0,0,1,1,0,0
51487,10,1844,n51487,ἰχθῠο-τρόφιον,,τό,845,,"[""ἰχθῠο-τρόφιον,τό, SIG 997.13 (Smyrna).""]",[],[],[],[],{},[],1,0,0,0,0,1,0,0,0
51488,10,1845,n51488,ἰχθῠο-τροφικός,,,845,,"[""of or for keeping fish, Gp. 20.1 tit.""]","[""of"",""for keeping fish,""]",[],[],[],{},[],1,1,0,0,0,1,2,0,0
51489,10,1846,n51489,ἰχθῠο-τρόφος,,,845,,"[""feeding fish: full of fish, διαδρομαί Plu. Luc. 39 .""]","[""feeding fish: full of fish""]",[],"[{""biblio"":"""",""quote"":""διαδρομαί""},{""biblio"":""Plu. | Luc. | 39"",""quote"":""διαδρομαί Plu. Luc. 39""}]","[""Plu. | Luc. | 39""]",{},[],1,1,0,1,0,1,1,0,2
51490,10,1847,n51490,ἰχθῠουλκός,,ὁ,845,,"[""angler, Phot. , Suid. :—written ἰχθῠο-ολκός in Hsch.""]","[""angler""]","[""ἕλκω""]",[],[],{},[],1,1,1,0,0,1,1,1,0
51491,10,1848,n51491,ἰχθῠοφᾰγ-έω,,,845,,"[""feed on fish, Arist. HA 616a32 , Str. 11.8.7 .""]","[""feed on fish""]",[],[],[],{},[],1,1,0,0,0,1,1,0,0
51492,10,1849,n51492,ἰχθῠοφᾰγ-ία,,ἡ,845,,"[""fish diet, PMag.Berol. 1.290 , Eust. 135.19 .""]","[""fish diet,""]",[],[],[],{},[],1,1,0,0,0,1,1,0,0
51493,10,1850,n51493,ἰχθῠόφᾰγ-ος,,,845,,"[""eating fish, Clearch. 74 ; ἔθνη Porph. Abst. 1.13 ;οἰ Ἰ. ἄνδρες the Fish-eaters, a tribe on the Arabian Gulf, Hdt. 3.19 , cf. Str. 16.4.4 , Paus. 1.33.4 ; another on the Persian Gulf, Str. 15.2.1 .""]","[""eating fish"",""Fish-eaters""]",[],"[{""biblio"":"""",""quote"":""ἔθνη""},{""biblio"":""Porph. | Abst. | 1.13"",""quote"":""ἔθνη Porph. Abst. 1.13""}]","[""Porph. | Abst. | 1.13""]",{},[],1,1,0,1,0,1,2,0,2
51494,10,1851,n51494,ἰχθῠοφορ-έω,,,845,,"[""convey fish, εἰς Ἀρκαδίαν, Ἀρχ. Ἐφ. 1918.168 (Epid.)."",""produce fish, EM 117.26 .""]","[""convey fish"",""produce fish,""]",[],"[{""biblio"":"""",""quote"":""εἰς Ἀρκαδίαν, Ἀρχ. Ἐφ.""},{""biblio"":""1918.168"",""quote"":""εἰς Ἀρκαδίαν, Ἀρχ. Ἐφ. 1918.168""}]","[""1918.168""]",{},[],1,1,0,1,0,2,2,0,2
51495,10,1852,n51495,ἰχθῠόφορ-ος,Subst.,ὁ,845,,"[""producing fish, κρηνῖδες Ctes. Fr. 57.10 ."",""carrying fish, πλοῖα Sm. Jb. 40.26(31) :Subst. -φόρος,ὁ, Ἀρχ. Ἐφ. 1918.168 (Epid.).""]","[""producing fish"",""carrying fish""]",[],"[{""biblio"":"""",""quote"":""κρηνῖδες""},{""biblio"":""Ctes. | Fr. | 57.10"",""quote"":""κρηνῖδες Ctes. Fr. 57.10""},{""biblio"":"""",""quote"":""πλοῖα""},{""biblio"":""Sm. | Jb. | 40.26(31)"",""quote"":""πλοῖα Sm. Jb. 40.26(31)""}]","[""Ctes. | Fr. | 57.10"",""Sm. | Jb. | 40.26(31)""]",{},[],1,1,0,1,0,2,2,0,4
51496,10,1853,n51496,ἰχθῠ-πᾰγής,,,845,,"[""piercing fish, ἀγκίστρων στόματα AP 6.27 ( Theaet. ).""]","[""piercing fish""]",[],"[{""biblio"":"""",""quote"":""ἀγκίστρων στόματα""},{""biblio"":""AP | 6.27"",""quote"":""ἀγκίστρων στόματα AP 6.27""}]","[""AP | 6.27""]",{},[],1,1,0,1,0,1,1,0,2
51497,10,1854,n51497,ἰχθῠ-πόρος,,ὁ,845,,"[""harpoon, Inscr.Délos 354.60 (iii B.C.).""]","[""harpoon,""]","[""πείρω""]",[],[],{},[],1,1,1,0,0,1,1,1,0
51498,10,1855,n51498,ἰχθῦς,,ὁ,845,,"[""ἰχθύν Pi. Fr. 306 , cf. Hdn.Gr. 1.416 , Choerob. in Theod. 1.383 , in late Poets also ἰχθύα AP 9.227 (Bianor), Theoc. 21.45 : voc. ἰχθύ Erinn. 1 , Crates Com. 14 : pl. ἰχθύες Pl. Phd. 109e , etc., ἰχθῦς Alex. 261.9 , acc.ἰχθύας, contr. ἰχθῦς Od. 5.53 , both forms being used in Com., -ῦς Ar. Ra. 1068 , Archipp. 29 , -ύας Antiph. 68.12 , Ephipp. 21 ; codd. vary in Arist. HA 564b19 , PA 644a21 , D.S. 5.3 , Str. 8.3.19 , etc.; -ῦς SIG 997.1 (Smyrna, perh.i B.C.); -ύας BGU 1123.9 (Aug.), etc.: dual ἰχθῦ Antiph. 194.15 :—fish, ὠμηστής Il. 24.82 , cf. 21.122 , al., cf. Hes. Op. 277 , Hdt. 2.93 , S. Aj. 1297 ,etc.: prov., ἀφωνότερος τῶν ἰχθύων Luc. Gall. 1 , cf. S.E. M. 2.18 : metaph., of a stupid fellow, Plu. 2.975b ."",""in pl.,οἱ ἰχθύες the fish-market at Athens, παρὰ τοὺς ἰχθῦς Ar. Ra. 1068 ; ἐν τοῖς ἰχθύσι Id. V. 789 , Antiph. 125.1 ."",""pl., the constellation Pisces, Eudox. ap. Hipparch. 1.2.3 ; ἰ. Διός Porph. Antr. 22 . (ἱχθύς Att. acc. to Gell. 2.3.2 .) [ῡ in disyll. cases, nom. -ῡς Il. 21.127 , Damox. 2.20 , Archestr. Fr. 52 (ἰχθῦς οὖσα shd. be read for ἰχθὺς ἐοῦσα in Matro Conv. 35 ), acc. -ῡν Pherecr. 120 , Antiph. 166.7 , Archestr. Fr. 28 , but -ῠν Theoc. 21.49 , and apptly. Pi. l.c.:ῠ in trisyll. cases and in all compds.] (Cf. Lith.žuvìs, Arm.jukn, 'fish'.)""]","[""fish"",""a stupid fellow"",""the fish-market"",""žuvìs"",""jukn""]",[],"[{""biblio"":"""",""quote"":""ἰχθύν""},{""biblio"":""Pi. | Fr. | 306"",""quote"":""ἰχθύν Pi. Fr. 306""},{""biblio"":"""",""quote"":""ἰχθύα""},{""biblio"":""AP | 9.227"",""quote"":""ἰχθύα AP 9.227""},{""biblio"":"""",""quote"":""ἰχθύ""},{""biblio"":""Erinn. | 1"",""quote"":""ἰχθύ Erinn. 1""},{""biblio"":"""",""quote"":""ἰχθύες""},{""biblio"":""Pl. | Phd. | 109e"",""quote"":""ἰχθύες Pl. Phd. 109e""},{""biblio"":"""",""quote"":""ἰχθῦς""},{""biblio"":""Alex. | 261.9"",""quote"":""ἰχθῦς Alex. 261.9""},{""biblio"":"""",""quote"":""ἰχθῦς""},{""biblio"":""Od. | 5.53"",""quote"":""ἰχθῦς Od. 5.53""},{""biblio"":"""",""quote"":""-ῦς""},{""biblio"":""Ar. | Ra. | 1068"",""quote"":""-ῦς Ar. Ra. 1068""},{""biblio"":"""",""quote"":""-ύας""},{""biblio"":""Antiph. | 68.12"",""quote"":""-ύας Antiph. 68.12""},{""biblio"":"""",""quote"":""-ῦς""},{""biblio"":""SIG | 997.1"",""quote"":""-ῦς SIG 997.1""},{""biblio"":"""",""quote"":""-ύας""},{""biblio"":""BGU | 1123.9"",""quote"":""-ύας BGU 1123.9""},{""biblio"":"""",""quote"":""ἰχθῦ""},{""biblio"":""Antiph. | 194.15"",""quote"":""ἰχθῦ Antiph. 194.15""},{""biblio"":"""",""quote"":""ὠμηστής""},{""biblio"":""Il. | 24.82"",""quote"":""ὠμηστής Il. 24.82""},{""biblio"":"""",""quote"":""ἀφωνότερος τῶν ἰχθύων""},{""biblio"":""Luc. | Gall. | 1"",""quote"":""ἀφωνότερος τῶν ἰχθύων Luc. Gall. 1""},{""biblio"":"""",""quote"":""παρὰ τοὺς ἰχθῦς""},{""biblio"":""Ar. | Ra. | 1068"",""quote"":""παρὰ τοὺς ἰχθῦς Ar. Ra. 1068""},{""biblio"":"""",""quote"":""ἐν τοῖς ἰχθύσι""},{""biblio"":""Id. | V. | 789"",""quote"":""ἐν τοῖς ἰχθύσι Id. V. 789""},{""biblio"":"""",""quote"":""ἰ. Διός""},{""biblio"":""Porph. | Antr. | 22"",""quote"":""ἰ. Διός Porph. Antr. 22""},{""biblio"":"""",""quote"":""-ῡς""},{""biblio"":""Il. | 21.127"",""quote"":""-ῡς Il. 21.127""},{""biblio"":"""",""quote"":""-ῡν""},{""biblio"":""Pherecr. | 120"",""quote"":""-ῡν Pherecr. 120""},{""biblio"":"""",""quote"":""-ῠν""},{""biblio"":""Theoc. | 21.49"",""quote"":""-ῠν Theoc. 21.49""}]","[""AP | 9.227"",""Alex. | 261.9"",""Antiph. | 194.15"",""Antiph. | 68.12"",""Ar. | Ra. | 1068"",""BGU | 1123.9"",""Erinn. | 1"",""Id. | V. | 789"",""Il. | 21.127"",""Il. | 24.82"",""Luc. | Gall. | 1"",""Od. | 5.53"",""Pherecr. | 120"",""Pi. | Fr. | 306"",""Pl. | Phd. | 109e"",""Porph. | Antr. | 22"",""SIG | 997.1"",""Theoc. | 21.49""]",{},[],1,1,0,1,0,3,5,0,38
51499,10,1856,n51499,ἰχθῠσιληϊστήρ,,ὁ,845,,"[""a stealer of fish, AP 7.295 ( Leon. ).""]","[""a stealer of fish,""]",[],[],[],{},[],1,1,0,0,0,1,1,0,0
51500,10,1857,n51500,ἰχθυ-στεφής,,,845,,"[""fish-crowned, κόλποι Ἀμφιτρίτας Tim. Pers. 38 .""]","[""fish-crowned""]",[],"[{""biblio"":"""",""quote"":""κόλποι Ἀμφιτρίτας""},{""biblio"":""Tim. | Pers. | 38"",""quote"":""κόλποι Ἀμφιτρίτας Tim. Pers. 38""}]","[""Tim. | Pers. | 38""]",{},[],1,1,0,1,0,1,1,0,2
51501,10,1858,n51501,ἰχθυ-φάγος,,,845,,"[""ἰχθυ-φάγος[ῠ , ᾰ],ον ,=ἰχθυοφάγος, AP 9.83 ( Phil. ).""]",[],[],[],[],{},[],1,0,0,0,0,1,0,0,0
51502,10,1859,n51502,ἰχθυ-φόνος,,,845,,"[""killing fish, Opp. C. 2.444 .""]","[""killing fish""]",[],[],[],{},[],1,1,0,0,0,1,1,0,0
51503,10,1860,n51503,ἰχθυ-ώδης,Adv.,,845,,"[""-δῶς Id. HA 536a9 ."",""full of fish, λίμνη Hdt. 7.109 , Arr. Ind. 41.1 ."",""(ὄδ-ωδα) fishy, smelling or tasting of fish, ἐρυγή Aret. SD 1.5 , Gal. 7.76 ; πρόβατα Philostr. VA 3.55 , cf. Arr. Ind. 26.7 .""]","[""full of fish"",""fishy, smelling"",""tasting of fish""]","[""ὄδ-ωδα""]","[{""biblio"":"""",""quote"":""-δῶς""},{""biblio"":""Id. | HA | 536a9"",""quote"":""-δῶς Id. HA 536a9""},{""biblio"":"""",""quote"":""λίμνη""},{""biblio"":""Hdt. | 7.109"",""quote"":""λίμνη Hdt. 7.109""},{""biblio"":"""",""quote"":""ἐρυγή""},{""biblio"":""Aret. | SD | 1.5"",""quote"":""ἐρυγή Aret. SD 1.5""},{""biblio"":"""",""quote"":""πρόβατα""},{""biblio"":""Philostr. | VA | 3.55"",""quote"":""πρόβατα Philostr. VA 3.55""}]","[""Aret. | SD | 1.5"",""Hdt. | 7.109"",""Id. | HA | 536a9"",""Philostr. | VA | 3.55""]",{},[],1,1,1,1,0,3,3,1,8
51504,10,1861,n51504,ἴχλα:,,,845,,"[""ἴχλα: κίχλα, Hsch. ἴχματα: ἴχνια, Id. (Perh. for ἴθματα.)""]",[],[],[],[],{},[],1,0,0,0,0,1,0,0,0
51505,10,1862,n51505,Ἰχν-αῖος,,,845,,"[""of Ichnae in Thessaly, of Themis, h.AP. 94 ; of Nemesis, AP 9.405 ( Diod. ), Lyc. 129 :Ἴχναι(in Thessaly), ὅπου ἡ Θέμις Ἰ. τιμᾶται Str. 9.5.14 .""]","[""of Ichnae in Thessaly""]",[],"[{""biblio"":"""",""quote"":""ὅπου ἡ Θέμις Ἰ. τιμᾶται""},{""biblio"":""Str. | 9.5.14"",""quote"":""ὅπου ἡ Θέμις Ἰ. τιμᾶται Str. 9.5.14""}]","[""Str. | 9.5.14""]",{},[],1,1,0,1,0,1,1,0,2
51506,10,1863,n51506,Ἰχν-άομαι,,,845,,"[""Ἰχν-άομαι,=ἰχνεύω, Hsch. , Suid.""]",[],[],[],[],{},[],1,0,0,0,0,1,0,0,0
51507,10,1864,n51507,Ἰχν-εία,,ἡ,845,,"[""casting about for the scent, of hounds, X. Cyn. 3.7 (pl.).""]","[""casting about for the scent""]",[],[],[],{},[],1,1,0,0,0,1,1,0,0
51508,10,1865,n51508,Ἰχν-ελάτης,,,845,,"[""v. ἰχνηλάτης .""]",[],[],[],[],{},"[{""type"":""ref"",""target"":"""",""text"":""ἰχνηλάτης""},{""type"":"""",""target"":"""",""text"":""v. ἰχνηλάτης""}]",1,0,0,0,1,1,0,0,0
51509,10,1866,n51509,Ἴχν-ευμα,,τό,845,,"[""track, Poll. 5.11 .""]","[""track""]",[],[],[],{},[],1,1,0,0,0,1,1,0,0
51510,10,1867,n51510,Ἰχν-εύμων,,ὁ,845,,"[""tracker: hence,"",""an Egyptian animal of the weasel-kind,which hunts out crocodile's eggs (asp's eggs, Ael. NA 6.38 ),Herpestes ichneumon, Arist. HA 612a16 , Eub. 107.12 , Nic. Th. 190 , Plu. 2.966d , PLond. 3.904 (ii A.D.); cf. ἰχνευτής 11 ."",""a small kind of wasp,that hunts spiders,Pelopaeus spirifex, Arist. HA 552b26 , 609a5 , cf. Plin. HN 10.204 ."",""a bird, Ant.Lib. 14 .""]","[""tracker"",""which hunts out"",""Herpestes ichneumon"",""that hunts"",""Pelopaeus spirifex""]",[],"[{""biblio"":"""",""quote"":""ἰχνευτής""},{""biblio"":""11"",""quote"":""ἰχνευτής 11""}]","[""11""]",{},[],1,1,0,1,0,4,5,0,2
51511,10,1868,n51511,Ἴχν-ευσις,,ἡ,845,,"[""tracking, X. Cyn. 3.4 , 10.5 , Poll. 5.11 ."",""method of investigation, cj. in Epicur. Ep. 2p.42U.""]","[""tracking"",""method of investigation""]",[],[],[],{},[],1,1,0,0,0,2,2,0,0
51512,10,1869,n51512,Ἰχν-εύτειρα,,ἡ,845,,"[""ἰχνευτήρ, τέχνα IG 9(1).880.9 (Corc.).""]",[],[],"[{""biblio"":"""",""quote"":""ἰχνευτήρ, τέχνα""},{""biblio"":""IG | 9(1).880.9"",""quote"":""ἰχνευτήρ, τέχνα IG 9(1).880.9""}]","[""IG | 9(1).880.9""]",{},[],1,0,0,1,0,1,0,0,2
51513,10,1870,n51513,Ἰχν-ευτέος,,,845,,"[""to be searched out, δικαιοσύνη Philostr. VA 6.21 .""]","[""to be searched out""]",[],"[{""biblio"":"""",""quote"":""δικαιοσύνη""},{""biblio"":""Philostr. | VA | 6.21"",""quote"":""δικαιοσύνη Philostr. VA 6.21""}]","[""Philostr. | VA | 6.21""]",{},[],1,1,0,1,0,1,1,0,2
51514,10,1871,n51514,Ἰχν-ευτήρ,Adj.,ὁ,845,,"[""ἰ. ταρσός Nonn. D. 46.115 .""]",[],[],"[{""biblio"":"""",""quote"":""ἰ. ταρσός""},{""biblio"":""Nonn. | D. | 46.115"",""quote"":""ἰ. ταρσός Nonn. D. 46.115""}]","[""Nonn. | D. | 46.115""]",{},[],1,0,0,1,0,1,0,0,2
51515,10,1872,n51515,Ἰχν-ευτής,,ὁ,845,,"[""tracker, hunter, Poll. 5.10 ; of dogs which hunt by scent, ib. 17 : metaph.,Κύπριδος ἰχνευτὰς ἀργυρέους σκύλακας, of money given to a ἑταίρα, AP 5.15 (Marc. Arg.):Ἰχνευταί,οἱ , title of a satyric play by Sophocles (cf.v. 298 )."",""detective who traces missing persons, PRyl. 188.22 (ii A.D.)."",""= ἰχνεύμων 1 , Hdt. 2.67 , Nic. Th. 195 .""]","[""tracker, hunter"",""detective"",""traces""]",[],[],[],{},"[{""type"":""ref"",""target"":"""",""text"":""ἰχνεύμων""},{""type"":"""",""target"":"""",""text"":""= ἰχνεύμων""}]",1,1,0,0,1,3,3,0,0
51516,10,1873,n51516,Ἰχν-ευτικός,,,845,,"[""good at tracking, κύων Ael. NA 6.59 , Arr. Epict. 1.2.34 , Ph. 2.38 .""]","[""good at tracking""]",[],"[{""biblio"":"""",""quote"":""κύων""},{""biblio"":""Ael. | NA | 6.59"",""quote"":""κύων Ael. NA 6.59""}]","[""Ael. | NA | 6.59""]",{},[],1,1,0,1,0,1,1,0,2
51517,10,1874,n51517,Ἰχν-εύω,,,845,,"[""track out, hunt after, S. Aj. 20 , OT 221 , 476 (lyr.); ἰ. θῆρας κυσίν E. Cyc. 130 ;κύνες ἰχνεύουσαι hunting by scent, Pl. Lg. 654e : metaph.,κατὰ σοῦ τὴν ψῆφον ἰ. seeking for a vote of condemnation, Ar. Eq. 808 ; ἰ. τὰ λεχθέντα Pl. Prm. 128c ; τὴν τοῦ καλοῦ φύσιν Id. R. 401c ; [σοφίαν] LXX Si. 51.15 ;ἰχνεύεις . . τίς εἴμ' ἐγώ . .; Epigr.Gr. 227 (Teos);follow on the track of, emulate, ματραδελφεούς Pi. P. 8.35 ."",""ἰ. ὄρη to hunt the mountains, X. Cyn. 4.9 .""]","[""track out, hunt after"",""hunting by scent"",""seeking for"",""follow on the track of, emulate"",""to hunt""]",[],"[{""biblio"":"""",""quote"":""ἰ. θῆρας κυσίν""},{""biblio"":""E. | Cyc. | 130"",""quote"":""ἰ. θῆρας κυσίν E. Cyc. 130""},{""biblio"":"""",""quote"":""ἰ. τὰ λεχθέντα""},{""biblio"":""Pl. | Prm. | 128c"",""quote"":""ἰ. τὰ λεχθέντα Pl. Prm. 128c""},{""biblio"":"""",""quote"":""τὴν τοῦ καλοῦ φύσιν""},{""biblio"":""Id. | R. | 401c"",""quote"":""τὴν τοῦ καλοῦ φύσιν Id. R. 401c""},{""biblio"":"""",""quote"":""ματραδελφεούς""},{""biblio"":""Pi. | P. | 8.35"",""quote"":""ματραδελφεούς Pi. P. 8.35""}]","[""E. | Cyc. | 130"",""Id. | R. | 401c"",""Pi. | P. | 8.35"",""Pl. | Prm. | 128c""]",{},[],1,1,0,1,0,2,5,0,8
51518,10,1875,n51518,ἰχνηλ-ᾰσία,,ἡ,845,,"[""tracking out, search, Them. Or. 13.165d .""]","[""tracking out, search""]","[""ἐλαύνω""]",[],[],{},[],1,1,1,0,0,1,1,1,0
51519,10,1876,n51519,ἰχνηλ-ᾰτέω,,,845,,"[""track out, τἀληθὲς λόγῳ Ph. 1.12 , cf. 2.475 ,al.""]","[""track out""]",[],"[{""biblio"":"""",""quote"":""τἀληθὲς λόγῳ""},{""biblio"":""Ph. | 1.12"",""quote"":""τἀληθὲς λόγῳ Ph. 1.12""}]","[""Ph. | 1.12""]",{},[],1,1,0,1,0,1,1,0,2
51520,10,1877,n51520,ἰχνηλ-άτης,,ὁ,845,,"[""tracker, [ἀληθείας] Plu. 2.762b :—poet.ἰχνελάτης AP 6.183 ( Zos. ), APl. 4.289 .""]","[""tracker""]",[],[],[],{},[],1,1,0,0,0,1,1,0,0
51521,10,1878,n51521,ἰχνηλ-ᾰτία,,ἡ,845,,"[""ἰχνηλ-ᾰτία or ἰχνηλ-εία,ἡ,= ff. ll. for-ηλασία in Poll. 5.11 .""]",[],[],[],[],{},[],1,0,0,0,0,1,0,0,0
51522,10,1879,n51522,ἰχνηλ-ᾰτικός,,,845,,"[""ἰχνηλ-ᾰτικός,ή,όν,=ἰχνευτικός, Sch. S. Aj. 8 .""]",[],[],[],[],{},[],1,0,0,0,0,1,0,0,0
51523,10,1880,n51523,ἴχνιον,,τό,845,,"[""track, footprint, ἴχνι' ἐρευνῶντες κύνες ἤϊσαν Od. 19.436 ;μετ' ἴχνια βαῖνε θεοῖο followed on her track, 5.193 ; μετ' ἀνέρος ἴχνι' ἐρευνῶν Il. 18.321 ; κατ' ἴχνιά τινος ἐφέπεσθαι A.R. 1.575 ; ἴχνια ἵππων X. An. 1.6.1 ( v.l. ἴχνη ): less freq. in sg., τὸ ἴ. μοῦνον λέλειπται τῶν ποδῶν Democr. 228 ; ἴ. ὀξέος ἵππου Call. Aet. 3.1.86 ; ἕπεσθαί τινι κατ' ἴχνιον Q.S. 8.361 ;ἴ. ἑδράσασθαι to plant one's step, AP 6.70 ( Maced. )."",""metaph.,trace, remnant,προτέρης ἀγλαί̈ης ib. 58 ( Isid. ).""]","[""track, footprint"",""track"",""step,"",""trace, remnant""]",[],"[{""biblio"":"""",""quote"":""ἴχνι' ἐρευνῶντες κύνες ἤϊσαν""},{""biblio"":""Od. | 19.436"",""quote"":""ἴχνι' ἐρευνῶντες κύνες ἤϊσαν Od. 19.436""},{""biblio"":"""",""quote"":""μετ' ἀνέρος ἴχνι' ἐρευνῶν""},{""biblio"":""Il. | 18.321"",""quote"":""μετ' ἀνέρος ἴχνι' ἐρευνῶν Il. 18.321""},{""biblio"":"""",""quote"":""κατ' ἴχνιά τινος ἐφέπεσθαι""},{""biblio"":""A.R. | 1.575"",""quote"":""κατ' ἴχνιά τινος ἐφέπεσθαι A.R. 1.575""},{""biblio"":"""",""quote"":""ἴχνια ἵππων""},{""biblio"":""X. | An. | 1.6.1"",""quote"":""ἴχνια ἵππων X. An. 1.6.1""},{""biblio"":"""",""quote"":""τὸ ἴ. μοῦνον λέλειπται τῶν ποδῶν""},{""biblio"":""Democr. | 228"",""quote"":""τὸ ἴ. μοῦνον λέλειπται τῶν ποδῶν Democr. 228""},{""biblio"":"""",""quote"":""ἴ. ὀξέος ἵππου""},{""biblio"":""Call. | Aet. | 3.1.86"",""quote"":""ἴ. ὀξέος ἵππου Call. Aet. 3.1.86""},{""biblio"":"""",""quote"":""ἕπεσθαί τινι κατ' ἴχνιον""},{""biblio"":""Q.S. | 8.361"",""quote"":""ἕπεσθαί τινι κατ' ἴχνιον Q.S. 8.361""}]","[""A.R. | 1.575"",""Call. | Aet. | 3.1.86"",""Democr. | 228"",""Il. | 18.321"",""Od. | 19.436"",""Q.S. | 8.361"",""X. | An. | 1.6.1""]",{},"[{""type"":""ref"",""target"":"""",""text"":""ἴχνη""},{""type"":"""",""target"":"""",""text"":""v.l. ἴχνη""}]",1,1,0,1,1,2,4,0,14
51524,10,1881,n51524,ἴχνιππος:,,,845,,"[""ἴχνιππος: ὅπου οἱ λίθοι τρίβονται, ἀκόνη, Hsch.""]",[],[],[],[],{},[],1,0,0,0,0,1,0,0,0
51525,10,1882,n51525,ἰχνο-βάτης,,ὁ,845,,"[""going on the track, name of a hound, Ov. Met. 3.207 .""]","[""going on the track""]",[],[],[],{},[],1,1,0,0,0,1,1,0,0
51526,10,1883,n51526,ἰχνο-βλᾰβής,,,845,,"[""hurt in the foot, Man. 4.500 .""]","[""hurt in the foot""]",[],[],[],{},[],1,1,0,0,0,1,1,0,0
51527,10,1884,n51527,ἰχνο-γρᾰφία,,ἡ,845,,"[""tracing out: ground-plan, Vitr. 1.2.2 .""]","[""tracing out: ground-plan""]",[],[],[],{},[],1,1,0,0,0,1,1,0,0
51528,10,1885,n51528,ἰχνο-πέδη,,ἡ,845,,"[""fetter or trap, AP 6.109 (Antip.), 7.626 .""]","[""fetter"",""trap,""]",[],[],[],{},[],1,1,0,0,0,1,2,0,0
51529,10,1886,n51529,ἰχνο-ποιέω,,,845,,"[""track out, ταῖς ῥισὶν ἰ. τὰ θηρία EM 395.39 .""]","[""track out""]",[],"[{""biblio"":"""",""quote"":""ταῖς ῥισὶν ἰ. τὰ θηρία""},{""biblio"":""EM | 395.39"",""quote"":""ταῖς ῥισὶν ἰ. τὰ θηρία EM 395.39""}]","[""EM | 395.39""]",{},[],1,1,0,1,0,1,1,0,2
51530,10,1887,n51530,ἴχνος,,τό,845,,"[""track, footstep, Od. 17.317 , Hes. Op. 680 , Hdt. 4.82 ; of the spoor of game, X. Cyn. 6.15 , etc.: metaph.,track, trace, κατ' ἴχνος πλατᾶν ἄφαντον A. Ag. 695 (lyr.);ἐς ταὐτὸν ἐλθὼν . . λόγων ἴ. Id. Pr. 845 ; ἴ. κακῶν ῥινηλατούσῃ Id. Ag. 1184 ; ἴ. παλαιᾶς δυστέκμαρτον αἰτίας S. OT 109 ; ἴ. τειχέων E. Hel. 108 ; ἴχνη τῶν πληγῶν Pl. Grg. 524c ; τὰ τῶν κονδύλων ἴ. Aeschin. 3.212 : with neg., not a trace, μαζῶν οὐδὲ ἴχνη Aret. SD 1.8 ;ἴ. ποδὸς θεῖναι, Lat.vestigia ponere, E. IT 752 , cf. Or. 234 ; θέσθαι AP 7.464 (Antip.);λεπτὸν ἴ. ἀρβύλης τίθετε step softly, E. Or. 140 (lyr.); ἴ. ἐπαντέλλειν ποδός Id. Ph. 105 (lyr.); ἴ. ἐρείδειν AP 5.300 (Paul. Sil.);ἐν ἴχνεσί τινος πόδα νέμειν(metaph.) Pi. N. 6.15 ; ἰχνῶν τινος ἔχεσθαι Lib. Or. 64.4 ; τοῖς στοιχοῦσι τοῖς ἴχνεσι τῆς πίστεως Ep.Rom. 4.12 ;κατ' ἴχνος ᾄσσειν, κατ' ἴχνη διώκειν, S. Aj. 32 , Pl. R. 410b , cf. E. Hec. 1059 (lyr.); εἰς ἴχνος τινὸς ἰέναι Pl. Ep. 330e ;ἴ. μετιέναι, μετελθεῖν, Id. Phdr. 276d , Tht. 187e ;ἴχνους προσάπτεσθαι hit upon a trail, Id. Plt. 290d ; τοῖς ἀρχαίοις ἴ. ἐς τὰ θεμέλια χρωμένους Jul. Or. 2.66b ; ἴχνη ὑποψίας εἴς τινα φέρει Antipho 2.3.10 ; μήτ' ἴ. μήτ' αἴθυγμα . . παραδιδόντων Phld. Sign. 29 , cf. Rh. 1.91 S."",""poet.,foot, E. Ba. 1134 , Herod. 7.20 ."",""hard sole of the foot, LXX De. 11.24 ,al., Gal. 10.876 , Orib. 47.9.7 ;sole of a shoe, Hp. Art. 62 , Arr. Ind. 16.5 ;sandal, POxy. 1449.51 (pl.,iii A.D.)."",""τὰ ἴ. τῶν χειρῶν the palms of the hands, LXX 1 Ki. 5.4 ."",""ἴ. ἀνθρώπινον, as a measure of length, Ruf. Anat. 31 ."",""track, route in the desert, PRyl. 197.8 (ii A.D.)."",""pl.,representations of footprints as votive offerings indicating the presence of a God, ἀνέθηκαν . . κατὰ τὴν τοῦ θεοῦ ἐνέργιαν ἴχνη αὐτοῦ χρύσεα τέσσερα BCH 51.106 (Panamara), etc.""]","[""track, footstep"",""spoor"",""track, trace"",""a trace"",""vestigia ponere"",""trail"",""foot"",""hard sole of the foot"",""sole of a shoe"",""sandal,"",""palms"",""track, route"",""representations of footprints""]",[],"[{""biblio"":"""",""quote"":""κατ' ἴχνος πλατᾶν ἄφαντον""},{""biblio"":""A. | Ag. | 695"",""quote"":""κατ' ἴχνος πλατᾶν ἄφαντον A. Ag. 695""},{""biblio"":"""",""quote"":""ἴ. κακῶν ῥινηλατούσῃ""},{""biblio"":""Id. | Ag. | 1184"",""quote"":""ἴ. κακῶν ῥινηλατούσῃ Id. Ag. 1184""},{""biblio"":"""",""quote"":""ἴ. παλαιᾶς δυστέκμαρτον αἰτίας""},{""biblio"":""S. | OT | 109"",""quote"":""ἴ. παλαιᾶς δυστέκμαρτον αἰτίας S. OT 109""},{""biblio"":"""",""quote"":""ἴ. τειχέων""},{""biblio"":""E. | Hel. | 108"",""quote"":""ἴ. τειχέων E. Hel. 108""},{""biblio"":"""",""quote"":""ἴχνη τῶν πληγῶν""},{""biblio"":""Pl. | Grg. | 524c"",""quote"":""ἴχνη τῶν πληγῶν Pl. Grg. 524c""},{""biblio"":"""",""quote"":""τὰ τῶν κονδύλων ἴ.""},{""biblio"":""Aeschin. | 3.212"",""quote"":""τὰ τῶν κονδύλων ἴ. Aeschin. 3.212""},{""biblio"":"""",""quote"":""μαζῶν οὐδὲ ἴχνη""},{""biblio"":""Aret. | SD | 1.8"",""quote"":""μαζῶν οὐδὲ ἴχνη Aret. SD 1.8""},{""biblio"":"""",""quote"":""θέσθαι""},{""biblio"":""AP | 7.464"",""quote"":""θέσθαι AP 7.464""},{""biblio"":"""",""quote"":""ἴ. ἐπαντέλλειν ποδός""},{""biblio"":""Id. | Ph. | 105"",""quote"":""ἴ. ἐπαντέλλειν ποδός Id. Ph. 105""},{""biblio"":"""",""quote"":""ἴ. ἐρείδειν""},{""biblio"":""AP | 5.300"",""quote"":""ἴ. ἐρείδειν AP 5.300""},{""biblio"":"""",""quote"":""ἰχνῶν τινος ἔχεσθαι""},{""biblio"":""Lib. | Or. | 64.4"",""quote"":""ἰχνῶν τινος ἔχεσθαι Lib. Or. 64.4""},{""biblio"":"""",""quote"":""τοῖς στοιχοῦσι τοῖς ἴχνεσι τῆς πίστεως""},{""biblio"":""Ep.Rom. | 4.12"",""quote"":""τοῖς στοιχοῦσι τοῖς ἴχνεσι τῆς πίστεως Ep.Rom. 4.12""},{""biblio"":"""",""quote"":""εἰς ἴχνος τινὸς ἰέναι""},{""biblio"":""Pl. | Ep. | 330e"",""quote"":""εἰς ἴχνος τινὸς ἰέναι Pl. Ep. 330e""},{""biblio"":"""",""quote"":""τοῖς ἀρχαίοις ἴ. ἐς τὰ θεμέλια χρωμένους""},{""biblio"":""Jul. | Or. | 2.66b"",""quote"":""τοῖς ἀρχαίοις ἴ. ἐς τὰ θεμέλια χρωμένους Jul. Or. 2.66b""},{""biblio"":"""",""quote"":""ἴχνη ὑποψίας εἴς τινα φέρει""},{""biblio"":""Antipho | 2.3.10"",""quote"":""ἴχνη ὑποψίας εἴς τινα φέρει Antipho 2.3.10""},{""biblio"":"""",""quote"":""μήτ' ἴ. μήτ' αἴθυγμα . . παραδιδόντων""},{""biblio"":""Phld. | Sign. | 29"",""quote"":""μήτ' ἴ. μήτ' αἴθυγμα . . παραδιδόντων Phld. Sign. 29""},{""biblio"":"""",""quote"":""ἀνέθηκαν . . κατὰ τὴν τοῦ θεοῦ ἐνέργιαν ἴχνη αὐτοῦ χρύσεα τέσσερα""},{""biblio"":""BCH | 51.106"",""quote"":""ἀνέθηκαν . . κατὰ τὴν τοῦ θεοῦ ἐνέργιαν ἴχνη αὐτοῦ χρύσεα τέσσερα BCH 51.106""}]","[""A. | Ag. | 695"",""AP | 5.300"",""AP | 7.464"",""Aeschin. | 3.212"",""Antipho | 2.3.10"",""Aret. | SD | 1.8"",""BCH | 51.106"",""E. | Hel. | 108"",""Ep.Rom. | 4.12"",""Id. | Ag. | 1184"",""Id. | Ph. | 105"",""Jul. | Or. | 2.66b"",""Lib. | Or. | 64.4"",""Phld. | Sign. | 29"",""Pl. | Ep. | 330e"",""Pl. | Grg. | 524c"",""S. | OT | 109""]",{},[],1,1,0,1,0,7,13,0,34
51531,10,1888,n51531,ἰχνοσκοπ-έω,,,845,,"[""look at the track or traces, ἐν στίβοισι τοῖς ἐμοῖς A. Ch. 227 , cf. S. Ichn. 7 ; ἰ. καὶ στιβεύειν τὸ μέλλον Plu. 2.399a .""]","[""look at the track"",""traces""]",[],"[{""biblio"":"""",""quote"":""ἐν στίβοισι τοῖς ἐμοῖς""},{""biblio"":""A. | Ch. | 227"",""quote"":""ἐν στίβοισι τοῖς ἐμοῖς A. Ch. 227""},{""biblio"":"""",""quote"":""ἰ. καὶ στιβεύειν τὸ μέλλον""},{""biblio"":""Plu. | 2.399a"",""quote"":""ἰ. καὶ στιβεύειν τὸ μέλλον Plu. 2.399a""}]","[""A. | Ch. | 227"",""Plu. | 2.399a""]",{},[],1,1,0,1,0,1,2,0,4
51532,10,1889,n51532,ἰχνοσκοπ-ία,,ἡ,845,,"[""looking at the tracks, Plu. 2.917f .""]","[""looking at the tracks""]",[],[],[],{},[],1,1,0,0,0,1,1,0,0
51533,10,1890,n51533,ἰχώρ,,ὁ,845,,"[""ichor, the juice, not blood, that flows in the veins of gods, Il. 5.340 ,etc.: Ep. acc.ἰχῶ ib. 416 : in pl., of the Giants, Str. 6.3.5 ; later simply,blood, A. Ag. 1480 (anap.)."",""the watery part of animal juices,serum(cf. Gal. 15.345 ), of the blood, Hp. Cord. 11 , Pl. Ti. 83c , Arist. HA 521b2 (also in pl.,v.l. in 521a18 ), PA 651a18 ; of gall, χολώδεας ἰχῶρας Hp. Acut. (Sp.) 1 ; of milk,whey, Arist. HA 521b27 ;gravy of underdone meat, Archestr. Fr. 57.6 ;juice of burning logs, Dsc. 1.119 , Eup. 1.120 ."",""serous or sero-purulent discharge, Hp. VC 19 , Arist. HA 630a6 (pl.), Gal. 10.184 , etc.;ἰχῶρες ὑδαρεῖς ὕπωχροι, from women in childbirth, Arist. HA 586b32 ; of the putrefied blood of a viper, Id. Mir. 845a8 ; of naphtha(prob.), regarded in legend as due to the putrefaction of Giants' corpses, ib. 838a29 .""]","[""ichor, the juice"",""blood"",""the watery part"",""serum"",""whey"",""gravy"",""juice"",""serous"",""sero-purulent discharge"",""putrefied blood"",""naphtha""]",[],"[{""biblio"":"""",""quote"":""χολώδεας ἰχῶρας""},{""biblio"":""Hp. | Acut."",""quote"":""χολώδεας ἰχῶρας Hp. Acut.""}]","[""Hp. | Acut.""]",{},[],1,1,0,1,0,3,11,0,2
51534,10,1891,n51534,ἰχωρο-ειδής,,,845,,"[""serous, αἷμα Hp. Nat.Hom. 12 , Arist. HA 521a13 , Alex.Trall. 12 .""]","[""serous""]",[],"[{""biblio"":"""",""quote"":""αἷμα""},{""biblio"":""Hp. | Nat.Hom. | 12"",""quote"":""αἷμα Hp. Nat.Hom. 12""}]","[""Hp. | Nat.Hom. | 12""]",{},[],1,1,0,1,0,1,1,0,2
51535,10,1892,n51535,ἰχωρο-ρροέω,,,845,847,"[""run with serous matter, Hp. Coac. 501 , Erot. s.v. δακρυῶδες ἕλκος :—later ἰχωρροέω, ὦτα ἰχωρροοῦντα Dsc. 3.23 , cf. Archig. ap. Orib. 46.26.2 .""]","[""run with serous matter""]","[""ῥέω""]","[{""biblio"":"""",""quote"":""ὦτα ἰχωρροοῦντα""},{""biblio"":""Dsc. | 3.23"",""quote"":""ὦτα ἰχωρροοῦντα Dsc. 3.23""}]","[""Dsc. | 3.23""]",{},"[{""type"":""ref"",""target"":"""",""text"":""δακρυῶδες ἕλκος""},{""type"":"""",""target"":"""",""text"":""s.v. δακρυῶδες ἕλκος""}]",1,1,1,1,1,1,1,1,2
51536,10,1893,n51536,ἰχωρώδης,,,845,,"[""ἰχωρώδης[ῑ],ες ,=ἰχωροειδής, Hp. Morb. 3.16 ,v.l. in Arist. HA 586a29 .""]",[],[],[],[],{},[],1,0,0,0,0,1,0,0,0
51537,10,1894,n51537,ἴψ,,ὁ,845,,"[""wood-worm, Od. 21.395 , Thphr. HP 8.10.5 ; found in vines, Id. CP 3.22.5 , Lap. 49 , Str. 13.1.64 . (Cf.ἴξ.)""]","[""wood-worm""]","[""ἴπτομαι""]",[],[],{},[],1,1,1,0,0,1,1,1,0
51538,10,1895,n51538,ἴψαο,,,845,,"[""v. ἴπτομαι .""]",[],[],[],[],{},"[{""type"":""ref"",""target"":"""",""text"":""ἴπτομαι""},{""type"":"""",""target"":"""",""text"":""v. ἴπτομαι""}]",1,0,0,0,1,1,0,0,0
51539,10,1896,n51539,ἴψ-ηλος,,,845,,"[""ἴψ-ηλος,α,ον, Aeol. for ὑψηλός, Lyr.Adesp. 60 .""]",[],[],[],[],{},[],1,0,0,0,0,1,0,0,0
51540,10,1897,n51540,ἴψ-οθεν,,,845,,"[""ἴψ-οθεν, Aeol. for ὑψόθεν, Jo.Gramm. Comp. 3.15 .""]",[],[],[],[],{},[],1,0,0,0,0,1,0,0,0
51541,10,1898,n51541,ἴψ-οι,,,845,,"[""ἴψ-οι, Aeol. for ὑψοῦ, Sapph. 91 .""]",[],[],[],[],{},[],1,0,0,0,0,1,0,0,0
51542,10,1899,n51542,ἴψον,,,845,,"[""ἴψον(ἴπτομαι) : τὸ δεσμωτήριον, Hsch.""]",[],"[""ἴπτομαι""]",[],[],{},[],1,0,1,0,0,1,0,1,0
51543,10,1900,n51543,ἴψος,,ὁ,845,,"[""cork-oak, Quercus Suber(?), Thphr. HP 3.4.2 ."",""at Thurii,=κισσός, Hsch.""]","[""cork-oak, Quercus Suber""]",[],[],[],{},[],1,1,0,0,0,2,1,0,0
51544,10,1901,n51544,ἴψος,,τό,845,,"[""ἴψος(B),τό, Aeol. for ὕψος, Hdn.Gr. 2.928 ; cf.ἴψοι.""]",[],[],[],[],{},[],1,0,0,0,0,1,0,0,0
51545,10,1902,n51545,ἴω,,,845,,"[""ibo).ἰῶ, contr. for ἰάου, imper. of ἰάομαι.""]","[""ibo""]",[],[],[],{},[],1,1,0,0,0,1,1,0,0
51546,10,1903,n51546,ἰώ,,,845,,"[""ἰ. ἰ. Παιάν Id. Tr. 222 ; ἰ. Βάκχαι E. Ba. 578 ."",""freq. also of grief or suffering,oh! ἰ. δύστανος S. Ant. 850 ; ἰ. μοί μοι Id. OC 199 , etc.; ἰ. κακοπάρθενε Μοῖρα AP 7.468 ( Mel. );ἰ. Σπάρτα ib. 434 ( Diosc. ): c. gen., ἰ., πάτερ, σοῦ τῶν τε . . τέκνων A. Ag. 1305 ; ἰ. μοι πόνων E. Ph. 1290 ; ἰ. ἰ. τραυμάτων Ar. Ach. 1205 ."",""rarely in Prose,ἰ., φασί τινες, of an objector, Gal. Thras. 32 ."",""with other Interj., ἰ. ὢ ὤ S. OC 224 ; ἒ ἒ ἰ. Id. El. 840 . [ῐ: yet sts.ῑ, in anap., A. Ag. 1455 , S. El. 149 , E. Alc. 741 .]""]","[""oh!""]",[],"[{""biblio"":"""",""quote"":""ἰ. ἰ. Παιάν""},{""biblio"":""Id. | Tr. | 222"",""quote"":""ἰ. ἰ. Παιάν Id. Tr. 222""},{""biblio"":"""",""quote"":""ἰ. Βάκχαι""},{""biblio"":""E. | Ba. | 578"",""quote"":""ἰ. Βάκχαι E. Ba. 578""},{""biblio"":"""",""quote"":""ἰ. δύστανος""},{""biblio"":""S. | Ant. | 850"",""quote"":""ἰ. δύστανος S. Ant. 850""},{""biblio"":"""",""quote"":""ἰ. μοί μοι""},{""biblio"":""Id. | OC | 199"",""quote"":""ἰ. μοί μοι Id. OC 199""},{""biblio"":"""",""quote"":""ἰ. κακοπάρθενε Μοῖρα""},{""biblio"":""AP | 7.468"",""quote"":""ἰ. κακοπάρθενε Μοῖρα AP 7.468""},{""biblio"":"""",""quote"":""ἰ., πάτερ, σοῦ τῶν τε . . τέκνων""},{""biblio"":""A. | Ag. | 1305"",""quote"":""ἰ., πάτερ, σοῦ τῶν τε . . τέκνων A. Ag. 1305""},{""biblio"":"""",""quote"":""ἰ. μοι πόνων""},{""biblio"":""E. | Ph. | 1290"",""quote"":""ἰ. μοι πόνων E. Ph. 1290""},{""biblio"":"""",""quote"":""ἰ. ἰ. τραυμάτων""},{""biblio"":""Ar. | Ach. | 1205"",""quote"":""ἰ. ἰ. τραυμάτων Ar. Ach. 1205""},{""biblio"":"""",""quote"":""ἰ. ὢ ὤ""},{""biblio"":""S. | OC | 224"",""quote"":""ἰ. ὢ ὤ S. OC 224""},{""biblio"":"""",""quote"":""ἒ ἒ ἰ.""},{""biblio"":""Id. | El. | 840"",""quote"":""ἒ ἒ ἰ. Id. El. 840""}]","[""A. | Ag. | 1305"",""AP | 7.468"",""Ar. | Ach. | 1205"",""E. | Ba. | 578"",""E. | Ph. | 1290"",""Id. | El. | 840"",""Id. | OC | 199"",""Id. | Tr. | 222"",""S. | Ant. | 850"",""S. | OC | 224""]",{},[],1,1,0,1,0,4,1,0,20
51547,10,1904,n51547,Ἰώ,,ἡ,845,,"[""Ἰοῦν Hdt. 1.1 ; voc. Ἰοῖ A. Pr. 635 , etc.:—Io, daughter of Inachus."",""name of the moon at Argos, Eust.ad D.P. 92 .""]","[""the moon""]",[],"[{""biblio"":"""",""quote"":""Ἰοῦν""},{""biblio"":""Hdt. | 1.1"",""quote"":""Ἰοῦν Hdt. 1.1""},{""biblio"":"""",""quote"":""Ἰοῖ""},{""biblio"":""A. | Pr. | 635"",""quote"":""Ἰοῖ A. Pr. 635""}]","[""A. | Pr. | 635"",""Hdt. | 1.1""]",{},[],1,1,0,1,0,2,1,0,4
51548,10,1905,n51548,ἰωά,,ἡ,845,,"[""smoke, prob. in Call. Fr. 1.40 P.""]","[""smoke""]",[],[],[],{},[],1,1,0,0,0,1,1,0,0
51549,10,1906,n51549,ἰώγα,,,845,,"[""v. ἐγώ .""]",[],[],[],[],{},"[{""type"":""ref"",""target"":"""",""text"":""ἐγώ""},{""type"":"""",""target"":"""",""text"":""v. ἐγώ""}]",1,0,0,0,1,1,0,0,0
51550,10,1907,n51550,ἰωγή,,ἡ,845,,"[""shelter,Βορέω ὑπ' ἰωγῇ under shelter from the north wind, Od. 14.533 .""]","[""shelter"",""shelter""]",[],[],[],{},[],1,1,0,0,0,1,2,0,0
51551,10,1908,n51551,ἰώδης,,,845,,"[""like verdigris, green, Hp. Prog. 11 , Dsc. 5.79 , Gal. 10.871 ; of bile, Id. 18(1).107 ; κακόνοια . . τουτὶ τὸ ἰῶδες . . ἀφίησιν Plu. 2.565c ."",""rust-coloured, ferruginous, Thphr. Lap. 37 , Call. Hist. 4 , Dsc. 5.152 ."",""poisonous, ὕδωρ Ath. 2.42a , cf. Gal. 11.327 ;ὀδόντες, of serpents, Philostr.Jun. Im. 5 : metaph., of persons,virulent, Ptol. Tetr. 158 ."",""(ὄδ-ωδα) acrid, ὀξύτητες Hp. VM 19 ; ἄσθμα Philum. Ven. 36.3 , etc.""]","[""like verdigris, green"",""rust-coloured, ferruginous"",""poisonous"",""virulent"",""acrid""]","[""ἰός"",""ὄδ-ωδα""]","[{""biblio"":"""",""quote"":""κακόνοια . . τουτὶ τὸ ἰῶδες . . ἀφίησιν""},{""biblio"":""Plu. | 2.565c"",""quote"":""κακόνοια . . τουτὶ τὸ ἰῶδες . . ἀφίησιν Plu. 2.565c""},{""biblio"":"""",""quote"":""ὕδωρ""},{""biblio"":""Ath. | 2.42a"",""quote"":""ὕδωρ Ath. 2.42a""},{""biblio"":"""",""quote"":""ὀξύτητες""},{""biblio"":""Hp. | VM | 19"",""quote"":""ὀξύτητες Hp. VM 19""},{""biblio"":"""",""quote"":""ἄσθμα""},{""biblio"":""Philum. | Ven. | 36.3"",""quote"":""ἄσθμα Philum. Ven. 36.3""}]","[""Ath. | 2.42a"",""Hp. | VM | 19"",""Philum. | Ven. | 36.3"",""Plu. | 2.565c""]",{},[],1,1,1,1,0,4,5,2,8
51552,10,1909,n51552,ἰωεῖ:,,,845,,"[""ἰωεῖ: βέλει, Hsch.""]",[],[],[],[],{},[],1,0,0,0,0,1,0,0,0
51553,10,1910,n51553,ἰωή,,ἡ,845,,"[""any loud sound: shout, or cry of men or women, περὶ φρένας ἤλυθ' ἰωή Il. 10.139 ; ὦρτο δ' ἰ. λεπταλέη ὀδυρομένων A.R. 3.708 ;ἰ. δενδρώδης(of Daphne) Nonn. D. 15.300 ;sound of the lyre, περὶ δέ σφεας ἤλυθ' ἰωὴ φόρμιγγος Od. 17.261 ; of the wind,ὑπὸ Ζεφύροιο ἰωῆς by the roaring blast of Zephyrus, Il. 4.276 , cf. 11.308 ; of fire, πυρὸς δηί̈οιο ἰωήν 16.127 ; of footsteps,ποδῶν αἰπεῖα ἰ. Hes. Th. 682 ;clang of arms, Coluth. 56 .— Ep. word, once in Trag., βοᾷ τηλωπὸν ἰωάν S. Ph. 216 (lyr.).""]","[""any loud sound: shout"",""cry"",""sound"",""the roaring blast"",""clang""]",[],"[{""biblio"":"""",""quote"":""περὶ φρένας ἤλυθ' ἰωή""},{""biblio"":""Il. | 10.139"",""quote"":""περὶ φρένας ἤλυθ' ἰωή Il. 10.139""},{""biblio"":"""",""quote"":""ὦρτο δ' ἰ. λεπταλέη ὀδυρομένων""},{""biblio"":""A.R. | 3.708"",""quote"":""ὦρτο δ' ἰ. λεπταλέη ὀδυρομένων A.R. 3.708""},{""biblio"":"""",""quote"":""περὶ δέ σφεας ἤλυθ' ἰωὴ φόρμιγγος""},{""biblio"":""Od. | 17.261"",""quote"":""περὶ δέ σφεας ἤλυθ' ἰωὴ φόρμιγγος Od. 17.261""},{""biblio"":"""",""quote"":""πυρὸς δηί̈οιο ἰωήν""},{""biblio"":""16.127"",""quote"":""πυρὸς δηί̈οιο ἰωήν 16.127""},{""biblio"":"""",""quote"":""βοᾷ τηλωπὸν ἰωάν""},{""biblio"":""S. | Ph. | 216"",""quote"":""βοᾷ τηλωπὸν ἰωάν S. Ph. 216""}]","[""16.127"",""A.R. | 3.708"",""Il. | 10.139"",""Od. | 17.261"",""S. | Ph. | 216""]",{},[],1,1,0,1,0,1,5,0,10
51554,10,1911,n51554,ἰωκή,,ἡ,845,,"[""rout, pursuit, οὔτε βίας . . ὑπεδείδισαν οὔτε ἰωκάς Il. 5.521 : personified, with Ἔρις and Ἀλκή, 5.740 :—metaplast. acc., πόνον αἰπὺν ἰῶκά τε δακρυόεσσαν 11.601 .""]","[""rout, pursuit""]",[],"[{""biblio"":"""",""quote"":""οὔτε βίας . . ὑπεδείδισαν οὔτε ἰωκάς""},{""biblio"":""Il. | 5.521"",""quote"":""οὔτε βίας . . ὑπεδείδισαν οὔτε ἰωκάς Il. 5.521""},{""biblio"":"""",""quote"":""πόνον αἰπὺν ἰῶκά τε δακρυόεσσαν""},{""biblio"":""11.601"",""quote"":""πόνον αἰπὺν ἰῶκά τε δακρυόεσσαν 11.601""}]","[""11.601"",""Il. | 5.521""]",{},[],1,1,0,1,0,1,1,0,4
51555,10,1912,n51555,ϝιώκω,,,845,,"[""= διώκω , GDI 3153 (Corinthian vase).""]",[],[],[],[],{},"[{""type"":""ref"",""target"":"""",""text"":""διώκω""},{""type"":"""",""target"":"""",""text"":""= διώκω""}]",1,0,0,0,1,1,0,0,0
51556,10,1913,n51556,ἰωλία,,ἡ,845,,"[""= φήμη, δειλή , Hsch. ἰῶλκα, = αὔλακα , Id., Cyr. ; cf.ὦλκα.ἴωλον: μέλαν, Hsch. ἱών,ἱώνγα,ἱώνει, Boeot. for ἐγώ, ἔγωγε, ἐγώνη, v. ἐγώ .""]",[],[],[],[],{},"[{""type"":""ref"",""target"":"""",""text"":""φήμη, δειλή""},{""type"":"""",""target"":"""",""text"":""= φήμη, δειλή""},{""type"":""ref"",""target"":"""",""text"":""αὔλακα""},{""type"":"""",""target"":"""",""text"":""= αὔλακα""},{""type"":""ref"",""target"":"""",""text"":""ἐγώ""},{""type"":"""",""target"":"""",""text"":""v. ἐγώ""}]",1,0,0,0,1,1,0,0,0
51557,10,1914,n51557,Ἴων,,ὁ,845,,"[""the Ionians, v. Ἰάονες ; of those who spoke the Ionic dialect, A.D. Pron. 4.22 , al.:Ἰωνία,ἡ,their country, A. Pers. 771 .""]","[""the Ionians"",""their country""]",[],[],[],{},"[{""type"":""ref"",""target"":"""",""text"":""Ἰάονες""},{""type"":"""",""target"":"""",""text"":""v. Ἰάονες""}]",1,1,0,0,1,1,2,0,0
51558,10,1915,n51558,ἰωνᾶς:,,,845,,"[""ἰωνᾶς: περιστερά, Hsch.""]",[],[],[],[],{},[],1,0,0,0,0,1,0,0,0
51559,10,1916,n51559,ἰωνιά,,ἡ,845,,"[""violet-bed, Ar. Pax 577 ;ἰ. λευκή giliflower, Matthiola incana, Thphr. HP 6.8.5 ;ἰ. μέλαινα violet, Viola odorata, ib. 6.6.2 ."",""ground-pine, Ajuga Chamaepitys, Apollod. ap. Ath. 15.681d , Dsc. 3.158 ;ἰ. ἀγρία Sch. Nic. Al. 55 ."",""ἐς ἰωνιάν: ἐς κοπρῶνα, Hsch.""]","[""violet-bed"",""giliflower, Matthiola incana"",""violet, Viola odorata"",""ground-pine, Ajuga Chamaepitys""]","[""ἴον""]",[],[],{},[],1,1,1,0,0,3,4,1,0
51560,10,1917,n51560,Ἰωνίζω,,,845,,"[""speak Ionic, A.D. Adv. 162.7 .""]","[""speak Ionic""]",[],[],[],{},[],1,1,0,0,0,1,1,0,0
51561,10,1918,n51561,Ἰωνικολόγος,,ὁ,845,,"[""reciter of Ἰωνικά, Ath. 14.620e .""]","[""reciter of""]",[],[],[],{},[],1,1,0,0,0,1,1,0,0
51562,10,1919,n51562,Ἰωνικός,,οἱ,845,,"[""Ionic, Ionian:-κοί,οἱ ,=Ἴωνες, Philostr. VS 1.21.5 :""]","[""Ionic, Ionian""]",[],[],[],{},[],1,1,0,0,0,1,1,0,0
51563,10,1920,n51563,ἰψ-κόν,Adv.,τό,845,,"[""shoe, Herod. 7.59 ; esp. with the connotation,effeminate, Ar. Pax 46 , Pl.Com. 69.14 , etc.Adv. -κῶς in the Ionic fashion, i.e.softly, effeminately, Ar. Th. 163 ."",""Ἰ. μέτρον, συζυγία,Ionic, defined in Heph. 11 , cf. D.H. Comp. 4 , etc.; πούς Heph. 1.9 , cf. Aristid.Quint. 1.15 :-κά,τά , poem in this style, Ath. 14.620e .Adv. -κῶς,, prob. in D.H. Dem. 43 ."",""Ἰ. ἔθος, of the Ionic dialect, A.D. Pron. 74.9 .Adv. -κῶς Sch. Porph. Abst. 2.36 : Comp. -ώτερον A.D. Adv. 135.1 .""]","[""shoe"",""effeminate"",""in the Ionic fashion"",""softly, effeminately"",""Ionic dialect""]",[],"[{""biblio"":"""",""quote"":""πούς""},{""biblio"":""Heph. | 1.9"",""quote"":""πούς Heph. 1.9""},{""biblio"":"""",""quote"":""-ώτερον""},{""biblio"":""A.D. | Adv. | 135.1"",""quote"":""-ώτερον A.D. Adv. 135.1""}]","[""A.D. | Adv. | 135.1"",""Heph. | 1.9""]",{},[],1,1,0,1,0,3,5,0,4
51564,10,1921,n51564,Ἰώνιος,Subst.,,845,,"[""Ἰώνιος,α,ον,=foreg.,τρόπος, of the Ionic dialect, Philostr. VA 7.35 :—fem.Ἰωνίς,ίδος,Ionian, Paus. 6.22.7 , etc.: as Subst., Call. Epigr. 27 , Plu. Luc. 18 :Ἰωνιάς,άδος, Nic. Fr. 74.4 , Str. 8.3.32 .""]",[],[],[],[],{},[],1,0,0,0,0,1,0,0,0
51565,10,1922,n51565,ἰωνίς,,ἡ,845,,"[""a water bird, Ar.Byz. Epit. 5.5 .""]","[""a water bird""]",[],[],[],{},[],1,1,0,0,0,1,1,0,0
51566,10,1923,n51566,ἰωνίσκος,,ὁ,845,,"[""ἰωνίσκος,ὁ, Ephes. name for the fish χρύσοφρυς, Archestr. Fr. 12 .""]",[],[],[],[],{},[],1,0,0,0,0,1,0,0,0
51567,10,1924,n51567,Ἰωνιστί,Adv.,,845,,"[""in Ionic dialect, A.D. Adv. 162.8 .""]","[""in Ionic dialect""]",[],[],[],{},[],1,1,0,0,0,1,1,0,0
51568,10,1925,n51568,Ἰωνο-κάμπτης,,ὁ,845,,"[""one who sings with soft Ionic modulations, Tim. Fr. 27 .""]","[""one who sings with soft Ionic modulations""]",[],[],[],{},[],1,1,0,0,0,1,1,0,0
51569,10,1926,n51569,Ἰωνό-κῡσος,,ὁ,845,,"[""debauchee, Cratin. 419 .""]","[""debauchee""]",[],[],[],{},[],1,1,0,0,0,1,1,0,0
51570,10,1927,n51570,ἰωνός,,ὁ,845,,"[""fish, Hsch. ἴωξις,εως,ἡ,=ἰωκή(q.v.), Id., EM 481.30 , Suid. ἰωπάτερ: τὰ ἐν τοῖς ἱματίοις σημεῖα( Lacon. ), Hsch. ἴωπι: δεῦρο(Lydian), Id.""]","[""fish""]",[],[],[],{},[],1,1,0,0,0,1,1,0,0
51571,10,1928,n51571,ἰωρός,,ὁ,845,,"[""ban placed on manslayers, Prov. ap. Suid.,App.Prov. 4.39 .""]","[""ban""]","[""ἐν τοῖς""]",[],[],{},[],1,1,1,0,0,1,1,1,0
51572,10,1929,n51572,ἴωσις,,ἡ,845,,"[""refinement(because freq. due to oxidization of impure substances), χρυσοῦ PMag.Leid.V. 6.18 , cf. Olymp. Alch. p.94 B. , Zos.Alch. p.145 B. , al."",""making of a tincture, ib. p.219 B.""]","[""refinement"",""making of a tincture""]","[""ἰόω""]","[{""biblio"":"""",""quote"":""χρυσοῦ""},{""biblio"":""PMag.Leid.V. | 6.18"",""quote"":""χρυσοῦ PMag.Leid.V. 6.18""}]","[""PMag.Leid.V. | 6.18""]",{},[],1,1,1,1,0,2,2,1,2
51573,10,1930,n51573,ἰῶτα,,τό,845,,"[""yôd)the letter ι, Pl. Cra. 418b , Aen. Tact. 31.18 , Call.Gramm. ap. Ath. 10.453d , etc."",""line, stroke, on a sundial, Bull.Soc.Alex. 4.83 (iii B.C.)."",""prov., of anything very small,smallest letter, jot, Ev.Matt. 5.18 .""]","[""yôd"",""the letter"",""line, stroke"",""smallest letter, jot,""]",[],[],[],{},[],1,1,0,0,0,3,4,0,0
51574,10,1931,n51574,ἰωτᾰκισμός,,ὁ,845,,"[""i, as in Troiia, Maiia, Quint. 1.5.32 , Isid. Etym. 1.32.7 ."",""repetition of i, as Iunio Iuno Ionis iure irascitur, Mart.Cap. <*> 514 .""]","[""i"",""Troiia, Maiia"",""repetition of i"",""Iunio Iuno Ionis iure irascitur""]",[],[],[],{},[],1,1,0,0,0,2,4,0,0
51575,10,1932,n51575,ἰωτογρᾰφέω,,,845,,"[""write with iota, Sch. Ar. V. 926 ( Pass. ), etc.""]","[""write with iota""]",[],[],[],{},[],1,1,0,0,0,1,1,0,0
51576,10,1933,n51576,ἰωχμός,,ὁ,845,,"[""the rout, Il. 8.89 , 158 ; ἰωὴ ἀσπέτου ἰωχμοῖο Hes. Th. 683 , cf. Theoc. 25.279 .""]","[""the rout""]",[],"[{""biblio"":"""",""quote"":""ἰωὴ ἀσπέτου ἰωχμοῖο""},{""biblio"":""Hes. | Th. | 683"",""quote"":""ἰωὴ ἀσπέτου ἰωχμοῖο Hes. Th. 683""}]","[""Hes. | Th. | 683""]",{},[],1,1,0,1,0,1,1,0,2
51577,10,1934,n51577,ἴωψ,,ὁ,845,,"[""a small fish, Dorio ap. Ath. 7.300f , Nic. Fr. 18 , Call. Fr. 38 , Ael. NA 1.58 , Hdn.Gr. 1.247 .""]","[""a small fish""]",[],[],[],{},[],1,1,0,0,0,1,1,0,0
