"4096","aperiō","2286",\N,"2844",\N
"4097","apiō","2432",\N,"2888",\N
"4098","agō","2688",\N,"1534",\N
"4099","aiō","2705",\N,"1585",\N
"4100","āreō","2719",\N,"3355",\N
"4101","aceō","2762",\N,"417",\N
"4102","alō","2768",\N,"1884",\N
"4103","adoleō","2774",\N,"904",\N
"4104","adolēscō","2778",\N,"906",\N
"4105","algeō","2789",\N,"1729",\N
"4106","ambulō","2797",\N,"2097",\N
"4107","angō","2803",\N,"2445",\N
"4108","amō","2818",\N,"2177",\N
"4109","arō","2895",\N,"3541",\N
"4110","arceō","2909",\N,"3243",\N
"4111","aueō","2920",\N,"4460",\N
"4112","augeō","2927",\N,"4257",\N
"4113","aboleō","3207",\N,"142",\N
"4114","abnuō","5470",\N,"138",\N
"4115","bibō","5564",\N,"5024",\N
"4116","accendō","6926",\N,"313",\N
"4117","barba","9067",\N,"4691",\N
"4118","barbātus","9074",\N,"4708",\N
"4119","acerbus","10589",\N,"425",\N
"4120","abdōmen","10629",\N,"50",\N
"4121","abditus","10746",\N,"47",\N
"4122","aurifex","10793",\N,"4338",\N
"4123","benignus","11138",\N,"4947",\N
"4124","agnōmen","11328",\N,"1527",\N
"4125","bīmus","11481",\N,"5107",\N
"4126","aduentor","11598",\N,"1021",\N
"4127","aduentus","11612",\N,"1024",\N
"4128","acupedius","11962",\N,"620",\N
"4129","accipiter","11964",\N,"351",\N
"4130","aditus","12280",\N,"792",\N
"4131","aditiō","12348",\N,"790",\N
"4132","ariēs","12426",\N,"3452",\N
"4133","absēns","12468",\N,"198",\N
"4134","axis","12775",\N,"4514",\N
"4135","āla","12785",\N,"1592",\N
"4136","aureax","12879",\N,"4323",\N
"4137","ambāgēs","12881",\N,"2045",\N
"4138","agō","12893",\N,"1534",\N
"4139","agōnium","12895",\N,"1544",\N
"4140","agōnia","12896",\N,"1542",\N
"4141","āctor","12899",\N,"597",\N
"4142","agmen","12902",\N,"1511",\N
"4143","āctus","12911",\N,"608",\N
"4144","abiga","12919",\N,"79",\N
"4145","ager","12935",\N,"1467",\N
"4146","āctus","12958",\N,"608",\N
"4147","āctum","12960",\N,"605",\N
"4148","āctiō","12966",\N,"590",\N
"4149","agī̆na","12971",\N,"1497",\N
"4150","agolum","12973",\N,"1537",\N
"4151","agilis","12975",\N,"1494",\N
"4152","aeuum","13013",\N,"1371",\N
"4153","aetās","13074",\N,"1345",\N
"4154","aeuitas","13075",\N,"1369",\N
"4155","acer","13135",\N,"419",\N
"4156","acernus","13150",\N,"428",\N
"4157","ācer","13155",\N,"419",\N
"4158","ācer","13156",\N,"419",\N
"4159","acus","13166",\N,"621",\N
"4160","aciēs","13170",\N,"499",\N
"4161","acus","13172",\N,"621",\N
"4162","acor","13183",\N,"531",\N
"4163","agna","13196",\N,"1514",\N
"4164","acia","13199",\N,"491",\N
"4165","angor","13299",\N,"2446",\N
"4166","angustus","13315",\N,"2472",\N
"4167","anxius","13319",\N,"2815",\N
"4168","antae","13356",\N,"2594",\N
"4169","animus","13382",\N,"2515",\N
"4170","anima","13384",\N,"2494",\N
"4171","anhēlus","13402",\N,"2477",\N
"4172","animālis","13404",\N,"2501",\N
"4173","animal","13405",\N,"2500",\N
"4174","amnis","13436",\N,"2175",\N
"4175","argūtus","13495",\N,"3431",\N
"4176","argentum","13514",\N,"3392",\N
"4177","arātor","13545",\N,"3189",\N
"4178","aruum","13575",\N,"3674",\N
"4179","arūus","13576",\N,"3675",\N
"4180","arātrum","13587",\N,"3191",\N
"4181","arātiō","13604",\N,"3186",\N
"4182","augmen","13632",\N,"4263",\N
"4183","augmentum","13633",\N,"4265",\N
"4184","auctor","13640",\N,"4210",\N
"4185","auctificus","13643",\N,"4203",\N
"4186","auctifer","13644",\N,"4201",\N
"4187","auctus","13649",\N,"4221",\N
"4188","auctiō","13679",\N,"4204",\N
"4189","augustus","13681",\N,"4295",\N
"4190","Auximum","13682",\N,"4439",\N
"4191","auris","13820",\N,"4357",\N
"4192","aurōra","14044",\N,"4362",\N
"4193","aurum","14079",\N,"4369",\N
"4194","auster","14090",\N,"4395",\N
"4195","Aurēlius","14107",\N,"4325",\N
"4196","atrōx","14170",\N,"4103",\N
"4197","antīquus","14274",\N,"2766",\N
"4198","antīcus","14275",\N,"2723",\N
"4199","aciēs","14328",\N,"499",\N
"4200","biiugis","14524",\N,"5081",\N
"4201","aequinoctium","16014",\N,"1247",\N
"4202","binoctium","16015",\N,"5112",\N
"4203","bipēs","16263",\N,"5134",\N
"4204","antepēs","16267",\N,"2661",\N
"4205","acupedius","16371",\N,"620",\N
"4206","bīrotus","16967",\N,"5140",\N
"4207","assessor","17266",\N,"3853",\N
"4208","agrestis","17940",\N,"1554",\N
"4209","antistes","18012",\N,"2776",\N
"4210","ā","19227",\N,"1",\N
"4211","āh","19228",\N,"1576",\N
"4212","amnis","19235",\N,"2175",\N
"4213","Abella","19247",\N,"57",\N
"4214","ad","19321",\N,"635",\N
"4215","atque","19322",\N,"4073",\N
"4216","ac","19323",\N,"274",\N
"4217","ador","19361",\N,"923",\N
"4218","agō","19383",\N,"1534",\N
"4219","āctus","19402",\N,"608",\N
"4220","ambactus","19403",\N,"2043",\N
"4221","ambāgēs","19418",\N,"2045",\N
"4222","abiga","19436",\N,"79",\N
"4223","agmen","19443",\N,"1511",\N
"4224","agilis","19448",\N,"1494",\N
"4225","agolum","19450",\N,"1537",\N
"4226","agēa","19453",\N,"1459",\N
"4227","agīna","19470",\N,"1497",\N
"4228","acnua","19474",\N,"519",\N
"4229","āctus","19475",\N,"608",\N
"4230","actūtum","19476",\N,"609",\N
"4231","agāsō","19477",\N,"1452",\N
"4232","agō","19478",\N,"1534",\N
"4233","agōnium","19479",\N,"1544",\N
"4234","axis","19484",\N,"4514",\N
"4235","āla","19495",\N,"1592",\N
"4236","axilla","19496",\N,"4510",\N
"4237","ager","19532",\N,"1467",\N
"4238","agrestis","19544",\N,"1554",\N
"4239","Agrippa","19661",\N,"1567",\N
"4240","ascia","19676",\N,"3702",\N
"4241","agnus","19679",\N,"1533",\N
"4242","agninus","19693",\N,"1522",\N
"4243","aemulus","19725",\N,"1174",\N
"4244","aedēs","19789",\N,"1079",\N
"4245","aedis","19790",\N,"1095",\N
"4246","aestās","19792",\N,"1321",\N
"4247","aestus","19793",\N,"1343",\N
"4248","aeger","19859",\N,"1111",\N
"4249","aegrotus","19860",\N,"1151",\N
"4250","aesculus","19897",\N,"1313",\N
"4251","aes","19984",\N,"1299",\N
"4252","aēnus","19989",\N,"1197",\N
"4253","aēneus","19991",\N,"1187",\N
"4254","aestimō","19995",\N,"1331",\N
"4255","aeuum","20093",\N,"1371",\N
"4256","aetas","20094",\N,"1345",\N
"4257","aeuitas","20095",\N,"1369",\N
"4258","aeternus","20099",\N,"1351",\N
"4259","acidus","20142",\N,"497",\N
"4260","acētum","20143",\N,"449",\N
"4261","aciēs","20180",\N,"499",\N
"4262","acus","20195",\N,"621",\N
"4263","acūmen","20197",\N,"616",\N
"4264","acia","20198",\N,"491",\N
"4265","ācrifolium","20200",\N,"549",\N
"4266","aculeus","20201",\N,"615",\N
"4267","accipiter","20202",\N,"351",\N
"4268","agna","20243",\N,"1514",\N
"4269","acer","20263",\N,"419",\N
"4270","acernus","20273",\N,"428",\N
"4271","ācer","20291",\N,"419",\N
"4272","ācra","20292",\N,"537",\N
"4273","acerbus","20296",\N,"425",\N
"4274","acus","20331",\N,"621",\N
"4275","aceruus","20332",\N,"438",\N
"4276","Acca","20365",\N,"303",\N
"4277","aqua","20385",\N,"3109",\N
"4278","aquilus","20386",\N,"3148",\N
"4279","aquila","20387",\N,"3132",\N
"4280","aquilō","20388",\N,"3143",\N
"4281","alius","20506",\N,"1808",\N
"4282","aliēnus","20508",\N,"1757",\N
"4283","aliquis","20509",\N,"1789",\N
"4284","alicubi","20510",\N,"1746",\N
"4285","alter","20511",\N,"1920",\N
"4286","altrinsecus","20513",\N,"1961",\N
"4287","altrōuorsum","20514",\N,"1963",\N
"4288","adulter","20516",\N,"983",\N
"4289","alternus","20517",\N,"1933",\N
"4290","alō","20549",\N,"1884",\N
"4291","adultus","20553",\N,"992",\N
"4292","aboleō","20555",\N,"142",\N
"4293","alimentum","20560",\N,"1761",\N
"4294","alimōnia","20561",\N,"1764",\N
"4295","altus","20578",\N,"1965",\N
"4296","almus","20611",\N,"1881",\N
"4297","ālea","20661",\N,"1692",\N
"4298","ambulō","20662",\N,"2097",\N
"4299","alūcinor","20664",\N,"1968",\N
"4300","adoleō","20672",\N,"904",\N
"4301","adolēscō","20673",\N,"906",\N
"4302","alacer","20678",\N,"1600",\N
"4303","alica","20707",\N,"1743",\N
"4304","albus","20732",\N,"1662",\N
"4305","albula","20736",\N,"1654",\N
"4306","alburnus","20737",\N,"1661",\N
"4307","albūcus","20739",\N,"1651",\N
"4308","Albis","20774",\N,"1643",\N
"4309","Albula","20780",\N,"1654",\N
"4310","Albiōn","20782",\N,"1641",\N
"4311","Alpēs","20784",\N,"1898",\N
"4312","ala","20800",\N,"1592",\N
"4313","algor","20844",\N,"1735",\N
"4314","algeō","20845",\N,"1729",\N
"4315","algidus","20846",\N,"1733",\N
"4316","ālum","20882",\N,"1970",\N
"4317","ālium","20883",\N,"1806",\N
"4318","ālum","20885",\N,"1970",\N
"4319","alūta","20889",\N,"1979",\N
"4320","alūmen","20890",\N,"1971",\N
"4321","amb","20902",\N,"2042",\N
"4322","am","20903",\N,"1994",\N
"4323","an","20904",\N,"2301",\N
"4324","am","20905",\N,"1994",\N
"4325","ambi","20906",\N,"2055",\N
"4326","Amiternum","20915",\N,"2154",\N
"4327","ambō","20943",\N,"2078",\N
"4328","amplus","20966",\N,"2259",\N
"4329","amīcus","20992",\N,"2145",\N
"4330","amita","20993",\N,"2153",\N
"4331","amāre","20995",\N,"2011",\N
"4332","amoenus","20997",\N,"2185",\N
"4333","anna","21001",\N,"2520",\N
"4334","anus","21006",\N,"2807",\N
"4335","Anna","21007",\N,"2520",\N
"4336","an","21035",\N,"2301",\N
"4337","animus","21076",\N,"2515",\N
"4338","anima","21077",\N,"2494",\N
"4339","animal","21079",\N,"2500",\N
"4340","anhēlō","21148",\N,"2476",\N
"4341","anas","21226",\N,"2347",\N
"4342","antae","21243",\N,"2594",\N
"4343","angō","21249",\N,"2445",\N
"4344","angiportus","21255",\N,"2441",\N
"4345","angor","21281",\N,"2446",\N
"4346","angustus","21282",\N,"2472",\N
"4347","angustiae","21283",\N,"2467",\N
"4348","angina","21298",\N,"2440",\N
"4349","anguis","21311",\N,"2459",\N
"4350","anguilla","21334",\N,"2454",\N
"4351","ancus","21404",\N,"2394",\N
"4352","angulus","21468",\N,"2465",\N
"4353","ānus","21471",\N,"2807",\N
"4354","ānsa","21493",\N,"2585",\N
"4355","ansātus","21496",\N,"2587",\N
"4356","ante","21550",\N,"2606",\N
"4357","antideā","21551",\N,"2726",\N
"4358","antidhāc","21552",\N,"2728",\N
"4359","anterior","21554",\N,"2669",\N
"4360","antīcus","21556",\N,"2723",\N
"4361","antīquus","21557",\N,"2766",\N
"4362","antēs","21558",\N,"2671",\N
"4363","antiae","21609",\N,"2711",\N
"4364","apīscor","21640",\N,"2891",\N
"4365","adipīscor","21641",\N,"785",\N
"4366","apiō","21643",\N,"2888",\N
"4367","ape","21644",\N,"2833",\N
"4368","aptus","21645",\N,"3099",\N
"4369","apud","21647",\N,"3101",\N
"4370","apor","21648",\N,"2943",\N
"4371","apex","21650",\N,"2853",\N
"4372","ab","21733",\N,"3",\N
"4373","abs","21734",\N,"184",\N
"4374","artus","21943",\N,"3657",\N
"4375","artē","21944",\N,"3615",\N
"4376","ars","21945",\N,"3595",\N
"4377","artiō","21950",\N,"3642",\N
"4378","artus","21951",\N,"3657",\N
"4379","articulus","21952",\N,"3636",\N
"4380","arma","21965",\N,"3494",\N
"4381","armentum","21966",\N,"3509",\N
"4382","armus","21989",\N,"3530",\N
"4383","arāneus","22104",\N,"3180",\N
"4384","arānea","22105",\N,"3174",\N
"4385","arō","22155",\N,"3541",\N
"4386","arātor","22156",\N,"3189",\N
"4387","arātrum","22157",\N,"3191",\N
"4388","aruus","22200",\N,"3675",\N
"4389","aruum","22201",\N,"3674",\N
"4390","argentum","22229",\N,"3392",\N
"4391","argilla","22268",\N,"3398",\N
"4392","arguō","22272",\N,"3420",\N
"4393","argūtus","22273",\N,"3431",\N
"4394","arceō","22298",\N,"3243",\N
"4395","arca","22299",\N,"3229",\N
"4396","arcānus","22300",\N,"3235",\N
"4397","arx","22306",\N,"3676",\N
"4398","arcera","22307",\N,"3244",\N
"4399","arinca","22321",\N,"3462",\N
"4400","arcus","22337",\N,"3321",\N
"4401","arquātus","22338",\N,"3552",\N
"4402","arcuātus","22339",\N,"3310",\N
"4403","ardea","22357",\N,"3322",\N
"4404","aruīna","22369",\N,"3671",\N
"4405","āra","22372",\N,"3159",\N
"4406","āreō","22375",\N,"3355",\N
"4407","āridus","22376",\N,"3450",\N
"4408","ardeō","22377",\N,"3327",\N
"4409","assus","22378",\N,"3920",\N
"4410","ārea","22379",\N,"3337",\N
"4411","annus","22408",\N,"2572",\N
"4412","āter","22425",\N,"4032",\N
"4413","Ātella","22428",\N,"4031",\N
"4414","Ātrius","22430",\N,"4095",\N
"4415","attilus","22435",\N,"4153",\N
"4416","at","22443",\N,"4020",\N
"4417","atta","22483",\N,"4105",\N
"4418","au","22517",\N,"4193",\N
"4419","au","22564",\N,"4193",\N
"4420","aut","22647",\N,"4408",\N
"4421","autem","22648",\N,"4409",\N
"4422","aueō","22796",\N,"4460",\N
"4423","auidus","22797",\N,"4484",\N
"4424","audeō","22798",\N,"4238",\N
"4425","auārus","22799",\N,"4448",\N
"4426","audiō","22846",\N,"4241",\N
"4427","augeō","23202",\N,"4257",\N
"4428","auctor","23203",\N,"4210",\N
"4429","auctiō","23205",\N,"4204",\N
"4430","augmentum","23206",\N,"4265",\N
"4431","augur","23209",\N,"4266",\N
"4432","augustus","23243",\N,"4295",\N
"4433","auxilium","23254",\N,"4436",\N
"4434","auis","23288",\N,"4487",\N
"4435","aurōra","23327",\N,"4362",\N
"4436","auster","23328",\N,"4395",\N
"4437","austrālis","23329",\N,"4401",\N
"4438","aurum","23330",\N,"4369",\N
"4439","auēna","23381",\N,"4453",\N
"4440","aula","23390",\N,"4296",\N
"4441","auxilla","23392",\N,"4437",\N
"4442","aluus","23433",\N,"1987",\N
"4443","alueus","23434",\N,"1986",\N
"4444","auus","23436",\N,"4502",\N
"4445","auia","23437",\N,"4476",\N
"4446","auītus","23439",\N,"4490",\N
"4447","auunculus","23454",\N,"4501",\N
"4448","babae","23490",\N,"4533",\N
"4449","babulus","23516",\N,"4539",\N
"4450","balbus","23523",\N,"4626",\N
"4451","balbūtiō","23524",\N,"4627",\N
"4452","barbarus","23537",\N,"4704",\N
"4453","baburrus","23541",\N,"4540",\N
"4454","blaesus","23554",\N,"5187",\N
"4455","badius","23555",\N,"4592",\N
"4456","baculum","23568",\N,"4588",\N
"4457","bacillum","23569",\N,"4580",\N
"4458","bombus","23593",\N,"5284",\N
"4459","baubor","23702",\N,"4823",\N
"4460","bīlis","24083",\N,"5091",\N
"4461","blaterō","24088",\N,"5221",\N
"4462","blatiō","24089",\N,"5222",\N
"4463","affāmen","24270",\N,"1380",\N
"4464","barba","24515",\N,"4691",\N
"4465","barbātus","24529",\N,"4708",\N
"4466","battuō","24576",\N,"4818",\N
"4467","bellum","28359",\N,"4899",\N
"4468","bonus","30393",\N,"5301",\N
"4469","bene","30394",\N,"4920",\N
"4470","bellus","30395",\N,"4901",\N
"4471","beō","30397",\N,"4952",\N
"4472","beātus","30398",\N,"4841",\N
"4473","abdūcō","30518",\N,"51",\N
"4474","addūcō","30520",\N,"711",\N
"4475","bis","31067",\N,"5142",\N
"4476","bīnī","31158",\N,"5110",\N
"4477","affabrē","31261",\N,"1378",\N
"4478","abdōmen","31543",\N,"50",\N
"4479","ad","31577",\N,"635",\N
"4480","affatim","31578",\N,"1382",\N
"4481","adagiō","34428",\N,"647",\N
"4482","adagium","34429",\N,"648",\N
"4483","axāmenta","34431",\N,"4503",\N
"4484","alnus","35061",\N,"1883",\N
"4485","alcēs","35143",\N,"1672",\N
"4486","alcē","35144",\N,"1668",\N
"4487","alcēdo","35193",\N,"1670",\N
"4488","alga","35217",\N,"1727",\N
"4489","aper","36181",\N,"2841",\N
"4490","aprugnus","36186",\N,"3087",\N
"4491","ariēs","36347",\N,"3452",\N
"4492","arduus","37000",\N,"3335",\N
"4493","arbor","37005",\N,"3214",\N
"4494","absēns","37189",\N,"198",\N
"4495","ambūrō","37516",\N,"2101",\N
"4496","alienigena","39032",\N,"1752",\N
"4497","benignus","39053",\N,"4947",\N
"4498","agnitus","39148",\N,"1526",\N
"4499","ānser","41041",\N,"2588",\N
"4500","bīmus","41808",\N,"5107",\N
"4501","aduentus","44021",\N,"1024",\N
"4502","balneum","44410",\N,"4655",\N
"4503","bardus","44791",\N,"4728",\N
"4504","bitūmen","44907",\N,"5174",\N
"4505","accendō","47038",\N,"313",\N
"4506","auceps","47084",\N,"4196",\N
"4507","antecellō","48022",\N,"2617",\N
"4508","auscultō","48511",\N,"4377",\N
"4509","acclīnis","51222",\N,"362",\N
"4510","atque","52929",\N,"4073",\N
"4511","anculus","53164",\N,"2393",\N
"4512","abluō","56520",\N,"117",\N
"4513","blandus","58235",\N,"5210",\N
"4514","amurca","59411",\N,"2276",\N
"4515","acupedius","61660",\N,"620",\N
"4516","accipiter","61661",\N,"351",\N
"4517","atrōx","61712",\N,"4103",\N
"4518","aboleō","61761",\N,"142",\N
"4519","amārus","61781",\N,"2020",\N
"4520","aruīna","62052",\N,"3671",\N
"4521","asser","62116",\N,"3842",\N
"4522","aurīga","62206",\N,"4341",\N
"4523","auris","62255",\N,"4357",\N
"4524","appāreō","62437",\N,"2979",\N
"4525","acupedius","62529",\N,"620",\N
"4526","appellō","63257",\N,"2992",\N
"4527","angiportus","64269",\N,"2441",\N
"4528","accipiter","64829",\N,"351",\N
"4529","aplūda","65595",\N,"2894",\N
"4530","bibō","65697",\N,"5024",\N
"4531","birotus","67240",\N,"5140",\N
"4532","ama","69531",\N,"1995",\N
"4533","ancaesa","70500",\N,"2366",\N
"4534","ancīle","70501",\N,"2375",\N
"4535","auspex","74839",\N,"4386",\N
"4536","aspernor","75285",\N,"3792",\N
"4537","asper","75286",\N,"3780",\N
"4538","agrestis","76055",\N,"1554",\N
"4539","antistes","76067",\N,"2776",\N
"4540","absurdus","78858",\N,"254",\N
"4541","abstēmius","79653",\N,"225",\N
"4542","bisōn","83984",\N,"5158",\N
"4543","auerta","84987",\N,"4473",\N
"4544","aduersus","85389",\N,"1045",\N
"4545","aperiō","85589",\N,"2844",\N
"4546","fulciō","146",\N,"18153",\N
"4547","fungor","313",\N,"18265",\N
"4548","flīxī","374",\N,"17598",\N
"4549","doleō","726",\N,"13987",\N
"4550","domō","759",\N,"14046",\N
"4551","domō","760",\N,"14046",\N
"4552","factud","1108",\N,\N,\N
"4553","fīnxī","1136",\N,"17428",\N
"4554","fiuō","1148",\N,"17382",\N
"4555","fīxī","1157",\N,\N,\N
"4556","nāscī","1483",\N,"29063",\N
"4557","iaciō","2260",\N,"24097",\N
"4558","quaero","2751",\N,"38185",\N
"4559","exuī","2932",\N,"16696",\N
"4560","lēuī","2958",\N,"25572",\N
"4561","mulgeō","2985",\N,"28500",\N
"4562","cloāre","3722",\N,"8277",\N
"4563","cecinī","3813",\N,"6219",\N
"4564","liceō","4662",\N,"25409",\N
"4565","medeor","4932",\N,"27062",\N
"4566","moueō","5334",\N,"28453",\N
"4567","pepulī","5700",\N,"32897",\N
"4568","pepercī","5777",\N,"32316",\N
"4569","pēdō","5784",\N,"32813",\N
"4570","pandō","5808",\N,"32117",\N
"4571","plēuī","5861",\N,"35017",\N
"4572","pluit","5935",\N,"35068",\N
"4573","rumpō","6258",\N,"40172",\N
"4574","sapiō","6392",\N,"40708",\N
"4575","soleō","6542",\N,"42677",\N
"4576","sentiō","6616",\N,"41782",\N
"4577","sēnsī","6617",\N,"41782",\N
"4578","insipiō","6720",\N,"22876",\N
"4579","suō","6788",\N,"44598",\N
"4580","carpsī","6985",\N,"6545",\N
"4581","cutiō","7060",\N,"11510",\N
"4582","dēstinō","7438",\N,"12832",\N
"4583","suādeō","7677",\N,"43727",\N
"4584","nē","7789",\N,"29217",\N
"4585","tīnxī","7967",\N,"46322",\N
"4586","tumēscō","8336",\N,"47302",\N
"4587","uāsī","8466",\N,"47955",\N
"4588","uoluī","8693",\N,"49125",\N
"4589","uēscor","8918",\N,"48528",\N
"4590","fissiō","9165",\N,"17463",\N
"4591","fer","9331",\N,\N,\N
"4592","Dioue","10176",\N,"13439",\N
"4593","Iouem","10180",\N,"24197",\N
"4594","homō","10474",\N,"20003",\N
"4595","nēmō","10477",\N,"29341",\N
"4596","conditor","10639",\N,"9550",\N
"4597","foris","11037",\N,"17782",\N
"4598","forīs","11075",\N,"17782",\N
"4599","malignus","11137",\N,"26531",\N
"4600","praegnās","11178",\N,"35962",\N
"4601","nātiō","11302",\N,"29099",\N
"4602","cognātiō","11304",\N,"8516",\N
"4603","cognitus","11408",\N,"8523",\N
"4604","acupes","11963",\N,"620",\N
"4605","dentum","12116",\N,"12490",\N
"4606","ēsus","12186",\N,"15563",\N
"4607","praesēns","12469",\N,"36253",\N
"4608","indāgō","12894",\N,"21760",\N
"4609","arātum","13581",\N,\N,\N
"4610","auctum","13674",\N,"4257",\N
"4611","iugus","14508",\N,"24262",\N
"4612","canis","15039",\N,"6202",\N
"4613","relictiō","15231",\N,"39171",\N
"4614","maiestās","15587",\N,"26461",\N
"4615","noctium","15986",\N,"29907",\N
"4616","prōneptis","16156",\N,"37108",\N
"4617","pictor","16472",\N,"34652",\N
"4618","patruus","16685",\N,"32635",\N
"4619","patrīnus","16715",\N,\N,\N
"4620","rūfus","17052",\N,"40137",\N
"4621","salsus","17170",\N,"40529",\N
"4622","scissus","17634",\N,"41131",\N
"4623","inpēnsa","17770",\N,"20951",\N
"4624","sucula","18594",\N,"44359",\N
"4625","succula","18595",\N,"44359",\N
"4626","tenus","18701",\N,"45760",\N
"4627","tenus","18702",\N,"45760",\N
"4628","indāgo","19423",\N,"21760",\N
"4629","aeruscāre","20017",\N,"1298",\N
"4630","Interocrea","20307",\N,\N,\N
"4631","ocrea","20308",\N,"30727",\N
"4632","Anglii","21426",\N,"2443",\N
"4633","uēscor","22588",\N,"48528",\N
"4634","Vēiouis","22593",\N,"48186",\N
"4635","oboedio","22847",\N,"30343",\N
"4636","babiger","23495",\N,\N,\N
"4637","Fabidius","24311",\N,\N,\N
"4638","farreus","24551",\N,"16970",\N
"4639","fascia","24564",\N,"16985",\N
"4640","fūstis","24587",\N,"18349",\N
"4641","fulix","25018",\N,"18188",\N
"4642","fulciō","25263",\N,"18153",\N
"4643","fer","25695",\N,\N,\N
"4644","fretāle","25847",\N,"17977",\N
"4645","fertum","26119",\N,"17238",\N
"4646","farnus","26227",\N,"16962",\N
"4647","frūmen","26563",\N,"18078",\N
"4648","fungor","27018",\N,"18265",\N
"4649","fragrō","27491",\N,"17911",\N
"4650","daps","28162",\N,"11750",\N
"4651","quandō","28442",\N,"38232",\N
"4652","dēmum","28480",\N,"12455",\N
"4653","dictus","28769",\N,"13197",\N
"4654","doga","28858",\N,"13969",\N
"4655","doleō","29144",\N,"13987",\N
"4656","domō","29418",\N,"14046",\N
"4657","dēnseō","29563",\N,"12496",\N
"4658","dūrāre","30493",\N,"14312",\N
"4659","condūcō","30522",\N,"9571",\N
"4660","ditus","31362",\N,"9555",\N
"4661","conditor","31488",\N,"9550",\N
"4662","fīuō","31857",\N,"17382",\N
"4663","foria","32538",\N,"17774",\N
"4664","foeteo","32898",\N,"17713",\N
"4665","dosinus","33372",\N,\N,\N
"4666","foris","33724",\N,"17782",\N
"4667","forīs","33726",\N,"17782",\N
"4668","ēcastor","33835",\N,"14390",\N
"4669","ipse","33922",\N,"23830",\N
"4670","ehem","34570",\N,"14651",\N
"4671","eho","34574",\N,"14653",\N
"4672","īra","34935",\N,"23835",\N
"4673","intrinsecus","35673",\N,"23579",\N
"4674","nē","36065",\N,"29217",\N
"4675","ne","36081",\N,"29217",\N
"4676","rōrārii","36860",\N,"40019",\N
"4677","ess","37072",\N,"44529",\N
"4678","praesēns","37187",\N,"36253",\N
"4679","assyr","37300",\N,\N,\N
"4680","galla","38000",\N,"18431",\N
"4681","gelō","38523",\N,"18553",\N
"4682","glōs","38624",\N,"18857",\N
"4683","nātiō","38998",\N,"29099",\N
"4684","praegnās","39004",\N,"35962",\N
"4685","malignus","39052",\N,"26531",\N
"4686","cognitus","39147",\N,"8523",\N
"4687","gremium","39454",\N,"19116",\N
"4688","gruere","39507",\N,\N,\N
"4689","dēlicus","40494",\N,"12311",\N
"4690","homō","41224",\N,"20003",\N
"4691","nēmō","41227",\N,"29341",\N
"4692","hirrīre","42605",\N,\N,\N
"4693","hortus","42810",\N,"20128",\N
"4694","hernia","42841",\N,"19708",\N
"4695","iaciō","45817",\N,"24097",\N
"4696","iunctiō","46181",\N,"24279",\N
"4697","capillus","47239",\N,"6304",\N
"4698","cucubiō","47609",\N,"11233",\N
"4699","cūnābula","47795",\N,"11336",\N
"4700","cīuis","47833",\N,"8077",\N
"4701","calābra","48318",\N,"5846",\N
"4702","calua","48655",\N,"6042",\N
"4703","cammarus","48855",\N,"6103",\N
"4704","recens","49149",\N,"38753",\N
"4705","cerasus","49693",\N,"7140",\N
"4706","cerua","49925",\N,"7238",\N
"4707","sarrācum","50285",\N,"40794",\N
"4708","cuppēs","50999",\N,"11400",\N
"4709","cicer","51089",\N,"7598",\N
"4710","cisterna","51099",\N,"8024",\N
"4711","cloāca","51600",\N,"8242",\N
"4712","nunc","51693",\N,"30037",\N
"4713","contrā","51932",\N,"10346",\N
"4714","canis","52868",\N,"6202",\N
"4715","quisque","52949",\N,"38478",\N
"4716","quater","53443",\N,"38288",\N
"4717","quantus","53466",\N,"38254",\N
"4718","quandō","53541",\N,"38232",\N
"4719","umquam","53756",\N,"47620",\N
"4720","lallō","53884",\N,"24610",\N
"4721","Lallō","53888",\N,"24610",\N
"4722","religiō","54354",\N,"39179",\N
"4723","liceō","55059",\N,"25409",\N
"4724","dēlectō","55356",\N,"12264",\N
"4725","libet","55969",\N,"25357",\N
"4726","luctor","56109",\N,"25958",\N
"4727","lauābrum","56524",\N,"24992",\N
"4728","immānis","56602",\N,"20787",\N
"4729","machina","56738",\N,"26271",\N
"4730","maceō","56978",\N,"26248",\N
"4731","mateola","57035",\N,"26944",\N
"4732","medeor","57461",\N,"27062",\N
"4733","maiestās","57589",\N,"26461",\N
"4734","molīna","58072",\N,"28145",\N
"4735","multō","58352",\N,"28610",\N
"4736","mulgeō","58483",\N,"28500",\N
"4737","mentiō","58752",\N,"27455",\N
"4738","mōnstrum","58758",\N,"28302",\N
"4739","mōnstrāre","58759",\N,"28299",\N
"4740","mancus","59529",\N,"26616",\N
"4741","moueō","59688",\N,"28453",\N
"4742","mŏlestus","59880",\N,"28139",\N
"4743","murmur","60040",\N,"28714",\N
"4744","mūgīnor","60235",\N,"28479",\N
"4745","musculus","60318",\N,"28759",\N
"4746","nĕ","60498",\N,"29217",\N
"4747","nē","60537",\N,"29217",\N
"4748","nē","60538",\N,"29217",\N
"4749","nequālia","60842",\N,"29395",\N
"4750","nouāre","61325",\N,"29902",\N
"4751","nunc","61388",\N,"30037",\N
"4752","octōdecim","61641",\N,"30767",\N
"4753","officium","61948",\N,"30946",\N
"4754","opulentus","61952",\N,"31392",\N
"4755","opere","61975",\N,\N,\N
"4756","ossum","62109",\N,"31666",\N
"4757","pandō","62408",\N,"32117",\N
"4758","pictor","62753",\N,"34652",\N
"4759","plēbs","63136",\N,"35001",\N
"4760","palpor","63241",\N,"32037",\N
"4761","praeter","63918",\N,"36383",\N
"4762","procum","64127",\N,\N,\N
"4763","portō","64227",\N,"35496",\N
"4764","polcher","64516",\N,"37748",\N
"4765","pertica","64651",\N,"34041",\N
"4766","pēnis","64689",\N,"32954",\N
"4767","pandō","64710",\N,"32117",\N
"4768","praepes","64807",\N,"36154",\N
"4769","pēdō","64991",\N,"32813",\N
"4770","patruus","65027",\N,"32635",\N
"4771","pluit","65442",\N,"35068",\N
"4772","rāpistrum","66368",\N,"38631",\N
"4773","rāstrum","66451",\N,"38665",\N
"4774","regiō","66541",\N,"39110",\N
"4775","rumpō","67531",\N,"40172",\N
"4776","rūfus","67686",\N,"40137",\N
"4777","rūfus","67697",\N,"40137",\N
"4778","salsus","68080",\N,"40529",\N
"4779","sapiō","68138",\N,"40708",\N
"4780","soleō","68362",\N,"42677",\N
"4781","sōc","68429",\N,\N,\N
"4782","sōlor","69441",\N,"42741",\N
"4783","sulcō","69499",\N,"44512",\N
"4784","sentiō","69938",\N,"41782",\N
"4785","inserō","70126",\N,"22815",\N
"4786","serpullum","70197",\N,"41989",\N
"4787","suō","70426",\N,"44598",\N
"4788","plēbīscītum","70659",\N,"34999",\N
"4789","calcitrāre","71261",\N,"5912",\N
"4790","curuus","71682",\N,"11488",\N
"4791","crīsō","71786",\N,"11072",\N
"4792","scortum","72147",\N,"41196",\N
"4793","scrūpus","72539",\N,"41253",\N
"4794","cōmis","73811",\N,"8838",\N
"4795","merda","73983",\N,"27500",\N
"4796","obnūbō","74445",\N,"30337",\N
"4797","spēs","74745",\N,"43022",\N
"4798","spissus","74795",\N,"43114",\N
"4799","σπιθίαι","74797",\N,\N,\N
"4800","pendeō","75079",\N,"32928",\N
"4801","frīgidus","75949",\N,"18013",\N
"4802","stīpes","76697",\N,"43465",\N
"4803","tergus","77213",\N,"45817",\N
"4804","strāgēs","77671",\N,"43527",\N
"4805","obstrigillō","78030",\N,"30495",\N
"4806","strīdeō","78061",\N,"43607",\N
"4807","sucula","78172",\N,"44359",\N
"4808","suādeō","78282",\N,"43727",\N
"4809","dissipō","78820",\N,"13760",\N
"4810","insipere","78822",\N,"22876",\N
"4811","surdus","78859",\N,"45007",\N
"4812","testūdō","79352",\N,"45929",\N
"4813","tempus","79715",\N,"45686",\N
"4814","tempus","79716",\N,"45686",\N
"4815","intentio","79785",\N,"23141",\N
"4816","tenus","79791",\N,"45760",\N
"4817","tenus","79793",\N,"45760",\N
"4818","tener","80060",\N,"45719",\N
"4819","termō","80372",\N,"45832",\N
"4820","intueor","80629",\N,"23615",\N
"4821","Tullus","80737",\N,"47294",\N
"4822","tumulus","80786",\N,"47324",\N
"4823","tumultus","80787",\N,"47323",\N
"4824","taurus","80861",\N,"45534",\N
"4825","tesqua","81013",\N,"45892",\N
"4826","taberna","81246",\N,"45288",\N
"4827","trīstis","81414",\N,"47118",\N
"4828","uāgor","82405",\N,"47980",\N
"4829","uagor","83065",\N,"47980",\N
"4830","uiriae","83164",\N,"48909",\N
"4831","uēna","83956",\N,"48238",\N
"4832","subuexus","84017",\N,"44241",\N
"4833","uacillō","84028",\N,"47942",\N
"4834","uolō","84183",\N,"49125",\N
"4835","uallum","84472",\N,"48018",\N
"4836","ueneror","84782",\N,"48292",\N
"4837","uappa","84964",\N,"48055",\N
"4838","uerrūca","85087",\N,"48452",\N
"4839","uerpus","85336",\N,"48446",\N
"4840","uendō","86362",\N,"48269",\N
"4841","uīginti","86582",\N,"48754",\N
"4842","fluō","398",\N,"17667",\N
"4843","cedō","591",\N,"6932",\N
"4844","prodēre","602",\N,\N,\N
"4845","trahō","1338",\N,"46634",\N
"4846","horitur","1628",\N,"20069",\N
"4847","ingruō","1945",\N,"22426",\N
"4848","egeō","2341",\N,"14623",\N
"4849","memordī","2997",\N,"28359",\N
"4850","iūnxī","3467",\N,\N,\N
"4851","inciēns","3775",\N,"21424",\N
"4852","excellō","3891",\N,"15928",\N
"4853","lūsī","4608",\N,"26005",\N
"4854","mīsī","5047",\N,"28026",\N
"4855","meminī","5148",\N,"27326",\N
"4856","placeō","5911",\N,"34879",\N
"4857","reor","6098",\N,"39334",\N
"4858","rēpō","6114",\N,"39400",\N
"4859","sāgiō","6400",\N,"40411",\N
"4860","scindō","6819",\N,"41096",\N
"4861","pendō","7254",\N,"32932",\N
"4862","spernō","7356",\N,"43019",\N
"4863","spargō","7373",\N,"42918",\N
"4864","stō","7459",\N,"43492",\N
"4865","stinxī","7540",\N,"43454",\N
"4866","uegeō","8419",\N,"48165",\N
"4867","ūuēns","8458",\N,"47913",\N
"4868","uertī","8877",\N,"48501",\N
"4869","uinciō","8946",\N,"48804",\N
"4870","fissus","9161",\N,"17467",\N
"4871","fermentum","9247",\N,"17202",\N
"4872","nudiustertius","10244",\N,"29958",\N
"4873","folium","10395",\N,"17726",\N
"4874","foedus","10588",\N,"17711",\N
"4875","fānum","10702",\N,"16939",\N
"4876","fēsiae","10710",\N,"17187",\N
"4877","famulus","10765",\N,"16930",\N
"4878","gentum","11185",\N,"18641",\N
"4879","genitus","11208",\N,"18637",\N
"4880","genius","11223",\N,"18638",\N
"4881","genitus","11287",\N,"18637",\N
"4882","nationu","11303",\N,\N,\N
"4883","nōtū","11362",\N,"29813",\N
"4884","gnārus","11377",\N,"18899",\N
"4885","ōcissimē","11974",\N,"30723",\N
"4886","dens","12115",\N,"12490",\N
"4887","pedes","12223",\N,"32787",\N
"4888","comitium","12226",\N,"8856",\N
"4889","iter","12235",\N,"24054",\N
"4890","itiner","12236",\N,"24067",\N
"4891","coactiō","12967",\N,"8335",\N
"4892","Iūnō","13040",\N,"24292",\N
"4893","iuuentās","13078",\N,"24374",\N
"4894","angiportum","13279",\N,\N,\N
"4895","ōstium","14416",\N,"31694",\N
"4896","iocinoris","14474",\N,"24154",\N
"4897","iūmentum","14523",\N,"24273",\N
"4898","canum","15042",\N,"6202",\N
"4899","licuus","15193",\N,"39193",\N
"4900","mātrīnus","15373",\N,"26954",\N
"4901","mālus","15395",\N,"26570",\N
"4902","magister","15586",\N,"26398",\N
"4903","Morta","15773",\N,"28406",\N
"4904","imber","15946",\N,"20739",\N
"4905","nimbus","15974",\N,"29587",\N
"4906","pedes","16272",\N,"32787",\N
"4907","oppidum","16307",\N,"31332",\N
"4908","pessumus","16405",\N,"26570",\N
"4909","pigmentum","16471",\N,"34671",\N
"4910","coctor","16517",\N,"8429",\N
"4911","coctum","16530",\N,\N,\N
"4912","patrōna","16693",\N,"32629",\N
"4913","nix","17674",\N,"29661",\N
"4914","pēnsor","17753",\N,"32987",\N
"4915","impēnsa","17769",\N,"20955",\N
"4916","tegmen","17883",\N,"45590",\N
"4917","praestō","17965",\N,"36326",\N
"4918","locī","18297",\N,"25752",\N
"4919","malesuādus","18409",\N,"26513",\N
"4920","Suada","18411",\N,"43724",\N
"4921","ūrīnārī","19004",\N,"47803",\N
"4922","uīsus","19056",\N,"48975",\N
"4923","uīsus","19099",\N,"48975",\N
"4924","reor","22002",\N,"39334",\N
"4925","prōportiō","22005",\N,"37215",\N
"4926","perennis","22411",\N,"33302",\N
"4927","ēuēlātus","23142",\N,"15738",\N
"4928","uannus","23161",\N,"48041",\N
"4929","fātum","24277",\N,"17046",\N
"4930","faba","24309",\N,"16711",\N
"4931","Bōcōnia","24388",\N,\N,\N
"4932","battō","24577",\N,"4818",\N
"4933","foedus","24903",\N,"17711",\N
"4934","folium","25217",\N,"17726",\N
"4935","fulgor","25382",\N,"18172",\N
"4936","fertilis","25693",\N,"17233",\N
"4937","fermentum","25848",\N,"17202",\N
"4938","forma","25959",\N,"17783",\N
"4939","fringultiō","26185",\N,"18024",\N
"4940","fidēlia","27024",\N,"17351",\N
"4941","fiscus","27028",\N,"17460",\N
"4942","fiscina","27029",\N,"17459",\N
"4943","fluō","27292",\N,"17667",\N
"4944","foedus","27426",\N,"17711",\N
"4945","brīsāre","27668",\N,\N,\N
"4946","frūmentum","28012",\N,"18085",\N
"4947","lacruma","28300",\N,"24488",\N
"4948","quande","28403",\N,"38230",\N
"4949","etiamdum","28421",\N,"15583",\N
"4950","dumnē","28428",\N,\N,\N
"4951","Iūlius","28599",\N,"24270",\N
"4952","index","28800",\N,"21831",\N
"4953","Decius","28955",\N,"11916",\N
"4954","centum","29035",\N,"7075",\N
"4955","dolus","29068",\N,"14006",\N
"4956","dūrus","30221",\N,"14315",\N
"4957","cedō","30736",\N,"6932",\N
"4958","famulus","31536",\N,"16930",\N
"4959","frēnum","32376",\N,"17963",\N
"4960","trahō","32581",\N,"46634",\N
"4961","infestus","32683",\N,"22225",\N
"4962","fēsiae","32709",\N,"17187",\N
"4963","fānum","32713",\N,"16939",\N
"4964","eisdem","33884",\N,\N,\N
"4965","dens","34358",\N,"12490",\N
"4966","egeō","34408",\N,"14623",\N
"4967","exterus","34528",\N,"16621",\N
"4968","heu","34573",\N,"19753",\N
"4969","iter","34663",\N,"24054",\N
"4970","oiei","34791",\N,"30984",\N
"4971","ūua","34803",\N,"47912",\N
"4972","imber","35800",\N,"20739",\N
"4973","nimbus","35831",\N,"29587",\N
"4974","sīn","36080",\N,"42429",\N
"4975","assarātum","37301",\N,\N,\N
"4976","reduuiae","37425",\N,\N,\N
"4977","galērus","38614",\N,"18426",\N
"4978","genō","38916",\N,"18639",\N
"4979","genitus","38957",\N,"18637",\N
"4980","genetīuus","38992",\N,"18613",\N
"4981","genius","39062",\N,"18638",\N
"4982","gnārus","39195",\N,"18899",\N
"4983","gerra","40020",\N,"18694",\N
"4984","gaesum","40972",\N,"18383",\N
"4985","horior","42706",\N,"20069",\N
"4986","hīra","42839",\N,"19904",\N
"4987","hircīnus","42986",\N,"19905",\N
"4988","praestō","43042",\N,"36326",\N
"4989","fouea","43257",\N,"17883",\N
"4990","fauissae","43258",\N,"17075",\N
"4991","ingruō","43768",\N,"22426",\N
"4992","gurges","44623",\N,"19183",\N
"4993","brūtus","44701",\N,"5483",\N
"4994","grātēs","44784",\N,"19061",\N
"4995","bouīnus","45019",\N,"5354",\N
"4996","grandis","45177",\N,"19032",\N
"4997","sitis","45225",\N,"42574",\N
"4998","iūmentum","46143",\N,"24273",\N
"4999","caecus","46702",\N,"5733",\N
"5000","candor","47041",\N,"6181",\N
"5001","candēla","47042",\N,"6160",\N
"5002","caudica","47527",\N,"6827",\N
"5003","excellō","48023",\N,"15928",\N
"5004","ceruīx","49875",\N,"7248",\N
"5005","cornū","49879",\N,"10681",\N
"5006","crassus","50321",\N,"10932",\N
"5007","cautus","50495",\N,"6887",\N
"5008","inciēns","50844",\N,"21424",\N
"5009","cedo","51684",\N,"6932",\N
"5010","tunc","51692",\N,"47326",\N
"5011","coco","51847",\N,"8419",\N
"5012","tranquillus","53102",\N,"46660",\N
"5013","cuius","53519",\N,"11260",\N
"5014","Lallia","53887",\N,\N,\N
"5015","dīligere","54351",\N,"13348",\N
"5016","Losna","56291",\N,"26034",\N
"5017","lūcius","56384",\N,"25919",\N
"5018","dēlūbrum","56528",\N,"12355",\N
"5019","māne","56603",\N,"26640",\N
"5020","mahonus","56946",\N,\N,\N
"5021","mālus","57115",\N,"26570",\N
"5022","mihi","57137",\N,"14640",\N
"5023","minerrimus","57742",\N,"27829",\N
"5024","micciō","58041",\N,\N,\N
"5025","malus","58587",\N,"26570",\N
"5026","meminī","58747",\N,"27326",\N
"5027","mangō","58980",\N,"26645",\N
"5028","Morta","59215",\N,"28406",\N
"5029","merx","59460",\N,"27562",\N
"5030","formica","60089",\N,"17796",\N
"5031","mutilus","60330",\N,"28822",\N
"5032","mutidus","60331",\N,\N,\N
"5033","nōs","60595",\N,"29808",\N
"5034","nōdus","60621",\N,"29715",\N
"5035","ēnectus","60836",\N,"15071",\N
"5036","natrix","61165",\N,"29108",\N
"5037","nuō","61190",\N,"2571",\N
"5038","etiamnum","61387",\N,"15584",\N
"5039","ōstium","62218",\N,"31694",\N
"5040","pābulum","62291",\N,"31801",\N
"5041","paciō","62347",\N,"31824",\N
"5042","pedes","62522",\N,"32787",\N
"5043","oppidum","62609",\N,"31332",\N
"5044","paene","62639",\N,"31870",\N
"5045","pecus","62942",\N,"32772",\N
"5046","pecus","62943",\N,"32772",\N
"5047","pāpiliō","63205",\N,"32209",\N
"5048","pulpitum","63627",\N,"37789",\N
"5049","Quinctius","63727",\N,"38452",\N
"5050","per","63849",\N,"33040",\N
"5051","perperām","63892",\N,"33780",\N
"5052","comparō","64335",\N,"9088",\N
"5053","experīmentum","64368",\N,"16290",\N
"5054","petīlus","64713",\N,"34224",\N
"5055","nepus","64881",\N,"29394",\N
"5056","placeō","65124",\N,"34879",\N
"5057","pōculum","65704",\N,"35132",\N
"5058","utpote","65823",\N,"47887",\N
"5059","parauerēdus","66966",\N,"32307",\N
"5060","corrigia","66989",\N,"10750",\N
"5061","rēpō","67204",\N,"39400",\N
"5062","rūmināre","67800",\N,"40165",\N
"5063","sāgiō","67920",\N,"40411",\N
"5064","sanciō","68005",\N,"40622",\N
"5065","cēdo","68614",\N,"6932",\N
"5066","secīuum","69118",\N,"41343",\N
"5067","sēcula","69120",\N,"41373",\N
"5068","saxum","69121",\N,"40923",\N
"5069","īnsequor","69233",\N,"22812",\N
"5070","socius","69241",\N,"42632",\N
"5071","sors","70138",\N,"42862",\N
"5072","caesius","70477",\N,"5819",\N
"5073","scindō","70718",\N,"41096",\N
"5074","coluber","71227",\N,"8759",\N
"5075","cortīna","71683",\N,"10792",\N
"5076","Pennocrucium","71887",\N,\N,\N
"5077","cortex","72146",\N,"10787",\N
"5078","scutilus","72992",\N,"41290",\N
"5079","līuidus","73659",\N,"25713",\N
"5080","Morta","73921",\N,"28406",\N
"5081","nētus","74151",\N,"29471",\N
"5082","nix","74208",\N,"29661",\N
"5083","salūs","74551",\N,"40555",\N
"5084","pendō","75080",\N,"32932",\N
"5085","spernō","75284",\N,"43019",\N
"5086","spargō","75543",\N,"42918",\N
"5087","spūma","75784",\N,"43189",\N
"5088","stō","75970",\N,"43492",\N
"5089","praestō","76059",\N,"36326",\N
"5090","stīlla","76364",\N,"43433",\N
"5091","īnstīgō","76762",\N,"22971",\N
"5092","strēnuus","77133",\N,"43587",\N
"5093","tergīnum","77215",\N,"45808",\N
"5094","striga","77572",\N,"43611",\N
"5095","troia","77789",\N,"47188",\N
"5096","troia","77789",\N,"47183",\N
"5097","sībilō","78311",\N,"42191",\N
"5098","susurrō","78857",\N,"45123",\N
"5099","tinca","79069",\N,"46310",\N
"5100","integer","79126",\N,"23089",\N
"5101","taxim","79128",\N,"45547",\N
"5102","contamināre","79132",\N,"10230",\N
"5103","tēla","79348",\N,"45598",\N
"5104","tēlum","79353",\N,"45630",\N
"5105","tergēo","80243",\N,"45805",\N
"5106","titiō","81033",\N,"46377",\N
"5107","tunc","81080",\N,"47326",\N
"5108","trahō","81212",\N,"46634",\N
"5109","tībia","82014",\N,"46241",\N
"5110","ulucus","82148",\N,"47572",\N
"5111","sub","82203",\N,"43767",\N
"5112","uāpulāre","82592",\N,"48058",\N
"5113","uegeō","82872",\N,"48165",\N
"5114","ūdus","82903",\N,"47524",\N
"5115","ūuēns","82907",\N,"47913",\N
"5116","uītilis","83090",\N,"49008",\N
"5117","uītilis","83178",\N,"49008",\N
"5118","uīsus","83388",\N,"48975",\N
"5119","uinciō","83704",\N,"48804",\N
"5120","uiscus","83931",\N,"48956",\N
"5121","uirga","83940",\N,"48882",\N
"5122","uoltus","84128",\N,"49146",\N
"5123","uolūmen","84466",\N,"49156",\N
"5124","inuolūcre","84468",\N,"23777",\N
"5125","uallus","84471",\N,"48019",\N
"5126","uenus","84779",\N,"48335",\N
"5127","Vesta","86193",\N,"48559",\N
"5128","uestiō","86324",\N,"48577",\N
"5129","uēnus","86361",\N,"48335",\N
"5130","uetulus","86474",\N,"48614",\N
"5131","Rugii","86856",\N,"40140",\N
"5132","flāre","351",\N,"17599",\N
"5133","fūi","506",\N,"44529",\N
"5134","faciō","1106",\N,"16772",\N
"5135","suffiō","1385",\N,"44426",\N
"5136","nāscor","1482",\N,"29063",\N
"5137","glūbō","1796",\N,"18864",\N
"5138","prehendō","1839",\N,"36556",\N
"5139","ingruī","1944",\N,\N,\N
"5140","iēcī","2257",\N,"24097",\N
"5141","coēpī","2436",\N,"8481",\N
"5142","iuuō","2530",\N,"24378",\N
"5143","expergiscor","2566",\N,"16284",\N
"5144","ulciscor","2800",\N,"47532",\N
"5145","iungō","3465",\N,"24284",\N
"5146","caleō","3554",\N,"5945",\N
"5147","cōnor","3924",\N,"9896",\N
"5148","cucurrī","3959",\N,"11460",\N
"5149","clepere","4053",\N,\N,\N
"5150","lingō","4634",\N,"25545",\N
"5151","ēmergō","5263",\N,"14927",\N
"5152","parentēs","5753",\N,"32330",\N
"5153","pungō","5824",\N,"37849",\N
"5154","poscō","5995",\N,"35509",\N
"5155","rāsī","6060",\N,"38579",\N
"5156","rubeō","6224",\N,"40081",\N
"5157","nesciō","6470",\N,"29450",\N
"5158","strīnxī","7653",\N,"43619",\N
"5159","temnō","7912",\N,"45647",\N
"5160","tetinī","7943",\N,"45718",\N
"5161","tetendī","7958",\N,"45699",\N
"5162","trūsī","8302",\N,"47218",\N
"5163","uīdī","8484",\N,"48721",\N
"5164","uīs","8553",\N,"48944",\N
"5165","furtim","9272",\N,"18323",\N
"5166","frātruēlis","9604",\N,"17929",\N
"5167","Diē̆spiter","10214",\N,"13217",\N
"5168","humus","10510",\N,"20195",\N
"5169","genere","11216",\N,\N,\N
"5170","ēsca","12097",\N,"15527",\N
"5171","prandium","12163",\N,"36508",\N
"5172","simītū","12288",\N,"42390",\N
"5173","equīnus","12416",\N,"15352",\N
"5174","nāuex","12877",\N,\N,\N
"5175","prōdigus","12890",\N,"36856",\N
"5176","exagium","12955",\N,"15833",\N
"5177","iuuencus","13050",\N,"24365",\N
"5178","iuuenca","13051",\N,"24362",\N
"5179","ocris","13161",\N,"30731",\N
"5180","rubrīca","14277",\N,"40096",\N
"5181","cautēs","14678",\N,"6880",\N
"5182","mador","15278",\N,"26340",\N
"5183","magmentum","15602",\N,"26413",\N
"5184","prōmiscus","15650",\N,"37060",\N
"5185","breuis","15883",\N,"5425",\N
"5186","quadrupēs","16265",\N,"38171",\N
"5187","quadripēs","16266",\N,"38157",\N
"5188","Diē̆spiter","16665",\N,"13217",\N
"5189","patricus","16711",\N,"32605",\N
"5190","rota","16960",\N,"40054",\N
"5191","raudus","17032",\N,"38701",\N
"5192","pēnsiō","17771",\N,"32981",\N
"5193","obstāculum","18210",\N,"30470",\N
"5194","tepor","18785",\N,"45771",\N
"5195","ūlīgō","19007",\N,"47538",\N
"5196","cūria","19190",\N,"11432",\N
"5197","uira","19193",\N,"48870",\N
"5198","prōdigus","19435",\N,"36856",\N
"5199","exagium","19465",\N,"15833",\N
"5200","agnīle","19680",\N,"1533",\N
"5201","ocris","20304",\N,"30731",\N
"5202","alterāre","20515",\N,\N,\N
"5203","altercāri","20518",\N,"1925",\N
"5204","coēpi","21642",\N,"8481",\N
"5205","sollers","21947",\N,"42720",\N
"5206","uēcors","22590",\N,"48138",\N
"5207","babit","23494",\N,\N,\N
"5208","bulbus","24133",\N,"5561",\N
"5209","fateor","24284",\N,"17026",\N
"5210","fastus","24452",\N,"17021",\N
"5211","fūtuō","24619",\N,"18364",\N
"5212","offendix","25525",\N,"30916",\N
"5213","friguttiō","26183",\N,"18022",\N
"5214","fringuliō","26184",\N,"18022",\N
"5215","frigulō","26186",\N,"18019",\N
"5216","frontēsia","26402",\N,\N,\N
"5217","sabulum","26581",\N,"40288",\N
"5218","sabulum","26593",\N,"40288",\N
"5219","fuī","26687",\N,"44529",\N
"5220","fūī","26688",\N,"44529",\N
"5221","focus","27457",\N,"17699",\N
"5222","friō","27662",\N,"18026",\N
"5223","frūniscor","28011",\N,"18087",\N
"5224","dēterrimus","28479",\N,\N,\N
"5225","Diēspiter","28600",\N,"13217",\N
"5226","nudiū̆s","28605",\N,"29958",\N
"5227","dīcāre","28791",\N,"13174",\N
"5228","ducentī","29037",\N,"14170",\N
"5229","domī","29365",\N,"14050",\N
"5230","damma","29468",\N,"11706",\N
"5231","larix","30222",\N,"24817",\N
"5232","trustis","30289",\N,\N,\N
"5233","dō","30710",\N,"13936",\N
"5234","faciō","31396",\N,"16772",\N
"5235","fōmes","31657",\N,"17740",\N
"5236","fēlīx","31788",\N,"17128",\N
"5237","fētus","31790",\N,"17300",\N
"5238","fītilla","31919",\N,"17482",\N
"5239","fracēre","32250",\N,"17889",\N
"5240","suffiō","32896",\N,"44426",\N
"5241","furuus","33361",\N,"18329",\N
"5242","id","33885",\N,"23980",\N
"5243","īterum","34081",\N,"24061",\N
"5244","ibī","34088",\N,"20423",\N
"5245","ēdimus","34238",\N,"14476",\N
"5246","inĕdia","34298",\N,"22026",\N
"5247","ēsca","34319",\N,"15527",\N
"5248","prandium","34338",\N,"36508",\N
"5249","ebulus","34379",\N,"14379",\N
"5250","ī","34603",\N,"20376",\N
"5251","oitile","34704",\N,\N,\N
"5252","equīnus","35040",\N,"15352",\N
"5253","lixulae","35462",\N,"25724",\N
"5254","ulciscor","35496",\N,"47532",\N
"5255","inguen","35998",\N,"22427",\N
"5256","nōmen","36114",\N,"29733",\N
"5257","op","36235",\N,"30151",\N
"5258","opācus","36238",\N,"31197",\N
"5259","rīuus","36558",\N,"39976",\N
"5260","rīuīnus","36559",\N,"39971",\N
"5261","uocō","37399",\N,"49093",\N
"5262","indūmentum","37429",\N,"21995",\N
"5263","ūber","37468",\N,"47506",\N
"5264","ūber","37470",\N,"47506",\N
"5265","garriō","37736",\N,"18496",\N
"5266","gibber","37858",\N,"18734",\N
"5267","gibber","37859",\N,"18734",\N
"5268","galba","38131",\N,"18398",\N
"5269","glomerāre","38217",\N,"18843",\N
"5270","glūtiō","38517",\N,"18882",\N
"5271","gemma","38717",\N,"18574",\N
"5272","nāscor","38945",\N,"29063",\N
"5273","nāuus","39206",\N,"29211",\N
"5274","gena","39369",\N,"18588",\N
"5275","glūbō","40521",\N,"18864",\N
"5276","glūma","40522",\N,"18866",\N
"5277","humus","41202",\N,"20195",\N
"5278","hemō","41225",\N,"19580",\N
"5279","quadrīmus","41810",\N,"38142",\N
"5280","galbus","41984",\N,"18409",\N
"5281","lēns","42492",\N,"25125",\N
"5282","furfur","42645",\N,"18291",\N
"5283","hirquīnus","42985",\N,"19918",\N
"5284","fūtis","43091",\N,"18359",\N
"5285","fūtilis","43092",\N,"18361",\N
"5286","galba","44489",\N,"18398",\N
"5287","betulla","44908",\N,"4998",\N
"5288","uoltur","44983",\N,\N,\N
"5289","uolturus","44984",\N,\N,\N
"5290","hahahae","45717",\N,"19231",\N
"5291","iotta","46055",\N,\N,\N
"5292","iungō","46152",\N,"24284",\N
"5293","iuuencus","46223",\N,"24365",\N
"5294","iousī","46258",\N,"24203",\N
"5295","cacō","46788",\N,"5681",\N
"5296","cantus","47053",\N,"6269",\N
"5297","caprī","47203",\N,"6286",\N
"5298","caulis","47643",\N,"6837",\N
"5299","citō","47729",\N,"8058",\N
"5300","cautes","47936",\N,"6880",\N
"5301","celeber","48271",\N,"6948",\N
"5302","conciliāre","48320",\N,"9363",\N
"5303","classis","48326",\N,"8130",\N
"5304","caleō","48479",\N,"5945",\N
"5305","camisia","48765",\N,"6101",\N
"5306","cōnor","49191",\N,"9896",\N
"5307","cornus","49688",\N,"10689",\N
"5308","currus","50290",\N,"11462",\N
"5309","castrum","50448",\N,"6679",\N
"5310","catīnus","50462",\N,"6788",\N
"5311","clītellae","51226",\N,"8230",\N
"5312","clāuus","51419",\N,"8170",\N
"5313","cacabāre","51838",\N,\N,\N
"5314","culmus","51893",\N,"11291",\N
"5315","serescunt","52465",\N,\N,\N
"5316","ancunulentae","52614",\N,\N,\N
"5317","Esquiliae","53187",\N,"15546",\N
"5318","quadrupēs","53402",\N,"38171",\N
"5319","quattuordecim","53436",\N,"38304",\N
"5320","quō","53521",\N,"38487",\N
"5321","quō","53524",\N,"38487",\N
"5322","quōr","53652",\N,"11411",\N
"5323","lāmentum","53865",\N,"24630",\N
"5324","lāmentāri","53866",\N,"24629",\N
"5325","Lalla","53886",\N,\N,\N
"5326","lateō","53932",\N,"24863",\N
"5327","lingō","55034",\N,"25545",\N
"5328","liceor","55061",\N,"25410",\N
"5329","lō̆custa","55329",\N,"25753",\N
"5330","dēliciō","55357",\N,"12303",\N
"5331","lacerna","55370",\N,"24453",\N
"5332","lemurēs","55433",\N,"25105",\N
"5333","libīdo","55973",\N,"25365",\N
"5334","Juppiter","56282",\N,"24293",\N
"5335","adluuiēs","56526",\N,"1876",\N
"5336","magmentum","57601",\N,"26413",\N
"5337","mēta","57662",\N,"27608",\N
"5338","nimis","57735",\N,"29593",\N
"5339","multa","58351",\N,"28530",\N
"5340","mulcēdo","58559",\N,"28488",\N
"5341","minīscitur","58749",\N,"27849",\N
"5342","mendīcus","58884",\N,"27385",\N
"5343","mendāx","58885",\N,"27374",\N
"5344","mallus","59914",\N,"26553",\N
"5345","mōrum","60072",\N,"28425",\N
"5346","breuis","60169",\N,"5425",\N
"5347","nonnus","60367",\N,"29788",\N
"5348","nēue","60503",\N,"29486",\N
"5349","nuscitiōsus","61261",\N,"30085",\N
"5350","nătis","61371",\N,"29100",\N
"5351","natēs","61372",\N,"29094",\N
"5352","nudiūs","61391",\N,"29958",\N
"5353","odefaciō","61481",\N,"31024",\N
"5354","unguentum","61877",\N,"47705",\N
"5355","pacīscō","62346",\N,"31825",\N
"5356","pāgus","62355",\N,"31914",\N
"5357","ploirume","63176",\N,"28613",\N
"5358","pultāre","63252",\N,"37807",\N
"5359","pallium","63399",\N,"31995",\N
"5360","palleō","63456",\N,"31986",\N
"5361","pallor","63457",\N,"31996",\N
"5362","falco","63475",\N,"16854",\N
"5363","permagnus","63866",\N,"33624",\N
"5364","prehendō","63921",\N,"36556",\N
"5365","prīmus","63923",\N,"36648",\N
"5366","prandium","64124",\N,"36508",\N
"5367","partus","64330",\N,"32466",\N
"5368","experior","64367",\N,"16291",\N
"5369","comperiō","64369",\N,"9131",\N
"5370","porculētum","64519",\N,"35447",\N
"5371","poscō","64539",\N,"35509",\N
"5372","quercus","64588",\N,"38320",\N
"5373","pesna","64831",\N,"32959",\N
"5374","pauor","64910",\N,"32709",\N
"5375","pauidus","64911",\N,"32697",\N
"5376","pungō","64949",\N,"37849",\N
"5377","placidus","65125",\N,"34886",\N
"5378","compos","65820",\N,"9201",\N
"5379","pruīna","66063",\N,"37518",\N
"5380","pustula","66200",\N,"37925",\N
"5381","rōstrum","66455",\N,"40050",\N
"5382","rēgius","66551",\N,"39115",\N
"5383","ragere","66873",\N,\N,\N
"5384","rota","67239",\N,"40054",\N
"5385","rubeō","67700",\N,"40081",\N
"5386","raudus","67773",\N,"38701",\N
"5387","restis","67829",\N,"39600",\N
"5388","praesaepia","67987",\N,"36219",\N
"5389","souos","68299",\N,"45139",\N
"5390","Samnium","68334",\N,"40605",\N
"5391","sī","68430",\N,"42185",\N
"5392","sēdō","68446",\N,"41424",\N
"5393","possessor","68491",\N,"35524",\N
"5394","dēsinere","68826",\N,\N,\N
"5395","simītu","69562",\N,"42390",\N
"5396","senātus","69919",\N,"41727",\N
"5397","seruō","70095",\N,"42039",\N
"5398","sūbula","70428",\N,"44200",\N
"5399","scalper","71079",\N,"40963",\N
"5400","scapulae","71472",\N,"41010",\N
"5401","scōpa","71524",\N,"41158",\N
"5402","scrōtum","72518",\N,"41242",\N
"5403","laxus","73300",\N,"25016",\N
"5404","lurcō","73695",\N,"26068",\N
"5405","mīrus","73810",\N,"27936",\N
"5406","natō","74064",\N,"29107",\N
"5407","sam","74485",\N,"40582",\N
"5408","sōs","74486",\N,"42877",\N
"5409","solidāre","74557",\N,\N,\N
"5410","sollers","74560",\N,"42720",\N
"5411","sollemnis","74561",\N,"42716",\N
"5412","spīcārium","74617",\N,\N,\N
"5413","dēstināre","76010",\N,"12832",\N
"5414","obstāculum","76139",\N,"30470",\N
"5415","stips","76701",\N,"43468",\N
"5416","īnstinguō","76763",\N,"22978",\N
"5417","exsternō","77137",\N,"16519",\N
"5418","stirps","77269",\N,"43483",\N
"5419","stuprum","77926",\N,"43704",\N
"5420","sīfilō","78313",\N,"42191",\N
"5421","sīfilus","78314",\N,"42270",\N
"5422","sīdus","78415",\N,"42268",\N
"5423","dēsīderāre","78417",\N,"12753",\N
"5424","sextus","78534",\N,"42179",\N
"5425","solea","78640",\N,"42670",\N
"5426","insomnium","78805",\N,"22907",\N
"5427","tīnus","79068",\N,"46337",\N
"5428","taxus","79385",\N,"45551",\N
"5429","tabula","79542",\N,"45308",\N
"5430","attinēre","79787",\N,"4156",\N
"5431","continuus","79789",\N,"10324",\N
"5432","tepor","80026",\N,"45771",\N
"5433","teres","80113",\N,"45799",\N
"5434","terebrā","80114",\N,"45784",\N
"5435","torquēs","80477",\N,"46519",\N
"5436","torquis","80478",\N,"46519",\N
"5437","tam","81074",\N,"45391",\N
"5438","loquor","81154",\N,"25833",\N
"5439","tuus","81768",\N,"47458",\N
"5440","uēxillum","82831",\N,"48634",\N
"5441","ūlīgo","82904",\N,"47538",\N
"5442","uīnum","83143",\N,"48843",\N
"5443","uitus","83181",\N,\N,\N
"5444","uīs","83297",\N,"48944",\N
"5445","uīs","83298",\N,"48944",\N
"5446","uiduus","83556",\N,"48729",\N
"5447","uocō","84085",\N,"49093",\N
"5448","uoluptās","84233",\N,"49168",\N
"5449","lāna","84290",\N,"24656",\N
"5450","lōrum","84599",\N,"25850",\N
"5451","sērius","85055",\N,"41965",\N
"5452","uermis","85124",\N,"48427",\N
"5453","uersiōn","85394",\N,\N,\N
"5454","rōstrum","85758",\N,"40050",\N
"5455","asseuērāre","85891",\N,"3860",\N
"5456","uestis","86323",\N,"48580",\N
"5457","uespera","86373",\N,"48546",\N
"5458","fugiō","295",\N,"18143",\N
"5459","frangō","422",\N,"17916",\N
"5460","duim","617",\N,"14195",\N
"5461","dicō","639",\N,"13174",\N
"5462","foue","1244",\N,"17885",\N
"5463","gignō","1460",\N,"18742",\N
"5464","ēdī","2332",\N,"14476",\N
"5465","eō","2360",\N,"15166",\N
"5466","nanciō","3027",\N,"29001",\N
"5467","nanciō","3028",\N,"29001",\N
"5468","praecellō","3892",\N,"35707",\N
"5469","cubāre","3989",\N,"11228",\N
"5470","clepō","4052",\N,"8191",\N
"5471","cōnīxī","4096",\N,"9842",\N
"5472","crepuī","4145",\N,"11013",\N
"5473","polluō","4788",\N,"35243",\N
"5474","lūī","4828",\N,\N,\N
"5475","memor","5149",\N,"27332",\N
"5476","moneō","5155",\N,"28229",\N
"5477","morirī","5230",\N,"28384",\N
"5478","pariō","5757",\N,"32365",\N
"5479","peperī","5762",\N,"32365",\N
"5480","pariō","5766",\N,"32365",\N
"5481","rēpsī","6115",\N,"39400",\N
"5482","rŭdō","6212",\N,"40127",\N
"5483","rūpī","6256",\N,"40172",\N
"5484","sēuī","6362",\N,"41978",\N
"5485","sāgīre","6401",\N,"40411",\N
"5486","sequor","6488",\N,"41921",\N
"5487","insece","6510",\N,"22775",\N
"5488","cussī","7065",\N,"38293",\N
"5489","mereō","7138",\N,"27508",\N
"5490","neō","7164",\N,"29354",\N
"5491","nāre","7184",\N,"29667",\N
"5492","spexī","7230",\N,"42970",\N
"5493","spōnsis","7249",\N,"43150",\N
"5494","tollō","7876",\N,"46423",\N
"5495","intro","8044",\N,"23582",\N
"5496","uisō","8516",\N,"48966",\N
"5497","uincō","8583",\N,"48805",\N
"5498","uerērī","8794",\N,"48392",\N
"5499","īnfertor","9260",\N,"22212",\N
"5500","Fort","9286",\N,\N,\N
"5501","datum","9979",\N,\N,\N
"5502","datum","10039",\N,\N,\N
"5503","fētiālis","10664",\N,"17289",\N
"5504","pontifex","10797",\N,"35370",\N
"5505","faciēs","10806",\N,"16765",\N
"5506","genetrix","11171",\N,"18614",\N
"5507","genus","11215",\N,"18656",\N
"5508","gnātus","11262",\N,"18902",\N
"5509","uentus","11624",\N,"48329",\N
"5510","ellum","12200",\N,"14819",\N
"5511","di","12888",\N,"13035",\N
"5512","auscultāre","13799",\N,"4377",\N
"5513","anticuus","14276",\N,"2766",\N
"5514","prōnus","14407",\N,"37130",\N
"5515","iouxmenta","14522",\N,"24273",\N
"5516","catus","14689",\N,"6817",\N
"5517","Catō","14691",\N,"6793",\N
"5518","crēdō","14793",\N,"10977",\N
"5519","auscultāre","14827",\N,"4377",\N
"5520","canēs","15040",\N,"6187",\N
"5521","māter","15303",\N,"26945",\N
"5522","medius","15434",\N,"27123",\N
"5523","Maia","15574",\N,"26457",\N
"5524","pēs","16256",\N,"34176",\N
"5525","coquus","16543",\N,"10597",\N
"5526","postis","16568",\N,"35569",\N
"5527","roudus","17031",\N,"38701",\N
"5528","rūdus","17033",\N,"40129",\N
"5529","rubia","17041",\N,"40087",\N
"5530","sella","17320",\N,"41505",\N
"5531","tēctus","17909",\N,"45577",\N
"5532","tē̆ctiō","17911",\N,"45567",\N
"5533","uir","19174",\N,"48869",\N
"5534","auillus","19694",\N,\N,\N
"5535","longaeuus","20115",\N,"25789",\N
"5536","ulterior","20419",\N,"47553",\N
"5537","allers","20497",\N,\N,\N
"5538","adolēscere","20552",\N,\N,\N
"5539","allers","21948",\N,\N,\N
"5540","uēscus","22589",\N,"48530",\N
"5541","uēsānus","22592",\N,"48523",\N
"5542","uentus","23087",\N,"48329",\N
"5543","auca","23289",\N,\N,\N
"5544","fastīdium","24453",\N,"17013",\N
"5545","fartus","24542",\N,"16981",\N
"5546","fascis","24565",\N,"16999",\N
"5547","fidēs","24905",\N,"17361",\N
"5548","fēlēs","25019",\N,"17118",\N
"5549","fulmen","25384",\N,"18193",\N
"5550","fringuilla","26187",\N,"18023",\N
"5551","merulus","26193",\N,"27559",\N
"5552","fortis","26283",\N,"17852",\N
"5553","cōnfestim","26433",\N,"9626",\N
"5554","forem","26690",\N,"44529",\N
"5555","fugiō","26945",\N,"18143",\N
"5556","flūmen","27294",\N,"17662",\N
"5557","frangō","27589",\N,"17916",\N
"5558","unde","28410",\N,"47655",\N
"5559","dīcere","28790",\N,"13174",\N
"5560","decuria","28983",\N,"11988",\N
"5561","domās","29419",\N,"14046",\N
"5562","drauoca","29908",\N,\N,\N
"5563","dingua","30649",\N,"13398",\N
"5564","datum","30735",\N,\N,\N
"5565","duim","30827",\N,"14195",\N
"5566","faber","31259",\N,"16721",\N
"5567","perdere","31393",\N,\N,\N
"5568","faciēs","31407",\N,"16765",\N
"5569","facul","31418",\N,"16792",\N
"5570","fēlō","31766",\N,"17137",\N
"5571","danea","32165",\N,\N,\N
"5572","fūlīgo","32842",\N,"18187",\N
"5573","ēdī","33837",\N,"14476",\N
"5574","ita","34103",\N,"24047",\N
"5575","item","34104",\N,"24053",\N
"5576","ēdī","34237",\N,"14476",\N
"5577","prōdigium","34430",\N,"36853",\N
"5578","eō","34600",\N,"15166",\N
"5579","intrō","35671",\N,"23582",\N
"5580","nanciō","35860",\N,"29001",\N
"5581","onus","36140",\N,"31183",\N
"5582","rārus","36697",\N,"38654",\N
"5583","siem","37166",\N,"42269",\N
"5584","etiam","37335",\N,"15582",\N
"5585","exuō","37420",\N,"16696",\N
"5586","ōmen","37427",\N,"31087",\N
"5587","galbeus","38132",\N,"18402",\N
"5588","gignō","38928",\N,"18742",\N
"5589","genetrīx","39013",\N,"18614",\N
"5590","germināre","39018",\N,"18688",\N
"5591","genus","39023",\N,"18656",\N
"5592","norma","39180",\N,"29800",\N
"5593","gracillō","39554",\N,"18960",\N
"5594","dēgūnō","40415",\N,"12184",\N
"5595","grāmiae","40702",\N,"18999",\N
"5596","habilis","40849",\N,"19236",\N
"5597","gabalus","40925",\N,"18374",\N
"5598","fēdus","40944",\N,"17116",\N
"5599","haud","41154",\N,"19435",\N
"5600","hiō","41427",\N,"19849",\N
"5601","glaber","42138",\N,"18760",\N
"5602","horitor","42707",\N,"20071",\N
"5603","grallae","43582",\N,"18996",\N
"5604","glāns","44464",\N,"18798",\N
"5605","gurguliō","44622",\N,"19185",\N
"5606","gurgustium","44624",\N,"19188",\N
"5607","uespicēs","44902",\N,"48557",\N
"5608","infensus","45493",\N,"22193",\N
"5609","iouxmenta","46142",\N,"24273",\N
"5610","iunctūra","46188",\N,"24281",\N
"5611","iūstus","46311",\N,"24355",\N
"5612","epocalium","46927",\N,\N,\N
"5613","capulāre","47091",\N,"6405",\N
"5614","capys","47184",\N,"6409",\N
"5615","caper","47202",\N,"6286",\N
"5616","carduus","47388",\N,"6464",\N
"5617","cōdex","47525",\N,"8439",\N
"5618","catus","47933",\N,"6817",\N
"5619","praecellō","48024",\N,"35707",\N
"5620","collis","48026",\N,"8676",\N
"5621","clādēs","48171",\N,"8082",\N
"5622","nōmenclator","48317",\N,"29735",\N
"5623","clārus","48323",\N,"8125",\N
"5624","culigna","48425",\N,"11280",\N
"5625","supercilium","48580",\N,"44649",\N
"5626","centō","49315",\N,"7065",\N
"5627","crēdō","50112",\N,"10977",\N
"5628","cumulus","50843",\N,"11334",\N
"5629","cista","51098",\N,"8019",\N
"5630","clangō","51142",\N,"8101",\N
"5631","clīnō","51221",\N,"8220",\N
"5632","clepō","51393",\N,"8191",\N
"5633","cūcuru","51861",\N,"11230",\N
"5634","coxa","51877",\N,"10894",\N
"5635","crūs","52435",\N,"11182",\N
"5636","unquam","53755",\N,"47762",\N
"5637","lambō","53945",\N,"24617",\N
"5638","laeui","54004",\N,"24576",\N
"5639","lacūna","54048",\N,"24523",\N
"5640","lēna","54085",\N,"25106",\N
"5641","intellegere","54352",\N,"23110",\N
"5642","lacer","55369",\N,"24448",\N
"5643","lamium","55429",\N,"24633",\N
"5644","lumbus","55453",\N,"26026",\N
"5645","sublestus","55752",\N,"43963",\N
"5646","polluō","55795",\N,"35243",\N
"5647","libens","55971",\N,"25334",\N
"5648","lucta","56107",\N,"25944",\N
"5649","luctō","56108",\N,"25957",\N
"5650","lū̆ma","56114",\N,"26017",\N
"5651","pollūcte","56277",\N,"35239",\N
"5652","pollūcibilis","56278",\N,"35236",\N
"5653","lūculentus","56280",\N,"25972",\N
"5654","illūstrāre","56294",\N,"20701",\N
"5655","mānī","56604",\N,"26650",\N
"5656","mattus","56698",\N,"26998",\N
"5657","māter","57052",\N,"26945",\N
"5658","medius","57478",\N,"27123",\N
"5659","Maia","57592",\N,"26457",\N
"5660","minister","57740",\N,"27850",\N
"5661","martellus","58083",\N,\N,\N
"5662","prōminēre","58648",\N,"37056",\N
"5663","moneō","58755",\N,"28229",\N
"5664","mendum","58882",\N,"27389",\N
"5665","murcidus","59337",\N,"28693",\N
"5666","mustus","59602",\N,"28801",\N
"5667","nāuigāre","60423",\N,"29202",\N
"5668","renīdeō","60718",\N,"39304",\N
"5669","noegeum","60776",\N,"29718",\N
"5670","Nōdonti","61251",\N,\N,\N
"5671","infrā","61427",\N,"22315",\N
"5672","unguis","61907",\N,"47709",\N
"5673","opus","61938",\N,"31397",\N
"5674","opus","61939",\N,"31397",\N
"5675","pappō","62432",\N,"32221",\N
"5676","pēs","62503",\N,"34176",\N
"5677","paenitet","62640",\N,\N,\N
"5678","pīsō","62860",\N,"34816",\N
"5679","piscor","62895",\N,"34808",\N
"5680","coquus","63009",\N,"10597",\N
"5681","plusima","63178",\N,\N,\N
"5682","Palēs","63256",\N,"31954",\N
"5683","Penātēs","63633",\N,"32924",\N
"5684","pontifex","63769",\N,"35370",\N
"5685","postis","64023",\N,"35569",\N
"5686","prōnus","64048",\N,"37130",\N
"5687","porta","64270",\N,"35470",\N
"5688","pariō","64328",\N,"32365",\N
"5689","perīculum","64372",\N,"33482",\N
"5690","pŭtus","64880",\N,"37976",\N
"5691","pudet","64904",\N,"37677",\N
"5692","tripudium","64907",\N,"47097",\N
"5693","pugil","64946",\N,"37714",\N
"5694","pūgnō","64948",\N,"37743",\N
"5695","pēdis","64993",\N,"32805",\N
"5696","pilleus","65065",\N,"34707",\N
"5697","postīcus","65789",\N,"35564",\N
"5698","putus","65879",\N,"37976",\N
"5699","rēgillus","66543",\N,"39106",\N
"5700","rēx","66548",\N,"39803",\N
"5701","rancāre","66864",\N,\N,\N
"5702","ridica","66905",\N,"39916",\N
"5703","rū̆dō","67336",\N,"40127",\N
"5704","rūdus","67454",\N,"40129",\N
"5705","rūdus","67775",\N,"40129",\N
"5706","rūmāre","67799",\N,"40169",\N
"5707","salīua","68108",\N,"40490",\N
"5708","sella","68530",\N,"41505",\N
"5709","sētius","68833",\N,"42123",\N
"5710","sequor","69232",\N,"41921",\N
"5711","īnsece","69267",\N,"22775",\N
"5712","salax","69409",\N,"40450",\N
"5713","sentīnō","69541",\N,"41779",\N
"5714","similis","69602",\N,"42383",\N
"5715","sarctus","70184",\N,\N,\N
"5716","silicia","70945",\N,"42342",\N
"5717","calceus","71263",\N,"5905",\N
"5718","screāre","72444",\N,"41208",\N
"5719","scirpea","72591",\N,\N,\N
"5720","squalus","73208",\N,"43231",\N
"5721","lumbrīcus","73413",\N,"26024",\N
"5722","memor","73919",\N,"27332",\N
"5723","mereō","73960",\N,"27508",\N
"5724","neō","74149",\N,"29354",\N
"5725","soldus","74555",\N,"42669",\N
"5726","spatium","74744",\N,"42956",\N
"5727","speciēs","74838",\N,"42966",\N
"5728","sponsa","75098",\N,"43166",\N
"5729","sporta","75243",\N,"43181",\N
"5730","stāgnum","76326",\N,"43278",\N
"5731","stagnum","76327",\N,"43278",\N
"5732","later","76907",\N,"24864",\N
"5733","stupendus","77928",\N,\N,\N
"5734","contagiō","79133",\N,"10222",\N
"5735","tālea","79177",\N,"45373",\N
"5736","tālla","79178",\N,"45384",\N
"5737","tālia","79179",\N,\N,\N
"5738","tollō","79500",\N,"46423",\N
"5739","tōnsilla","79635",\N,"46458",\N
"5740","pertinēre","79788",\N,"34052",\N
"5741","diūtinus","79796",\N,"13865",\N
"5742","tardus","80069",\N,"45470",\N
"5743","triō","80108",\N,"47051",\N
"5744","trībulāre","80110",\N,"46909",\N
"5745","nasturtium","80482",\N,"29074",\N
"5746","tetrinniō","80625",\N,"45973",\N
"5747","turiō","80857",\N,"47385",\N
"5748","trēs","81302",\N,"46884",\N
"5749","truncō","81462",\N,"47227",\N
"5750","trua","81885",\N,"47209",\N
"5751","super","82168",\N,"44603",\N
"5752","super","82188",\N,"44603",\N
"5753","uariō","82335",\N,"48085",\N
"5754","praes","82353",\N,"36217",\N
"5755","uectīgālis","82991",\N,"48150",\N
"5756","uīsō","83389",\N,"48966",\N
"5757","uincō","83604",\N,"48805",\N
"5758","peruicāx","83605",\N,"34143",\N
"5759","uicia","83703",\N,"48683",\N
"5760","uibrō","83841",\N,"48659",\N
"5761","uomitus","84738",\N,"49202",\N
"5762","uomica","84739",\N,"49192",\N
"5763","uertō","85385",\N,"48501",\N
"5764","umbra","86385",\N,"47589",\N
"5765","uetus","86472",\N,"48616",\N
"5766","uītricus","86531",\N,"49027",\N
"5767","uir","86611",\N,"48869",\N
"5768","fulgō","339",\N,"18171",\N
"5769","flēre","349",\N,"17578",\N
"5770","fīo","520",\N,"17438",\N
"5771","em","2409",\N,"14870",\N
"5772","escit","2510",\N,"15538",\N
"5773","ūrō","2549",\N,"47812",\N
"5774","algēre","2790",\N,"1729",\N
"5775","ind","2937",\N,"21996",\N
"5776","oit","3195",\N,\N,\N
"5777","meiere","3264",\N,"27173",\N
"5778","cieō","3864",\N,"7621",\N
"5779","lauō","4844",\N,"25007",\N
"5780","mersī","5267",\N,"27519",\N
"5781","pāscō","5528",\N,"32486",\N
"5782","pateō","5810",\N,"32561",\N
"5783","pauiō","5852",\N,"32701",\N
"5784","sedeō","6331",\N,"41413",\N
"5785","sūgō","6694",\N,"44498",\N
"5786","nēuī","7174",\N,"29354",\N
"5787","tēxī","7413",\N,"45591",\N
"5788","tonuī","7544",\N,"46453",\N
"5789","tangō","7803",\N,"45419",\N
"5790","tersī","8015",\N,"45805",\N
"5791","trāns","8029",\N,"46661",\N
"5792","sīrīs","8198",\N,"42529",\N
"5793","trepit","8273",\N,"46882",\N
"5794","uēxī","8441",\N,"48183",\N
"5795","uādō","8464",\N,"47955",\N
"5796","uomō","8728",\N,"49203",\N
"5797","uereor","8793",\N,"48392",\N
"5798","frātria","9612",\N,"17925",\N
"5799","datus","9978",\N,"11769",\N
"5800","datus","10040",\N,"11769",\N
"5801","diū","10184",\N,"13854",\N
"5802","diem","10212",\N,"13215",\N
"5803","dīuīnus","10339",\N,"13911",\N
"5804","fēstus","10712",\N,"17283",\N
"5805","carnifex","10795",\N,"6513",\N
"5806","būbus","11834",\N,"5317",\N
"5807","ōcior","11968",\N,"30723",\N
"5808","itum","12281",\N,"24079",\N
"5809","lībertās","12629",\N,"25351",\N
"5810","iūnior","13089",\N,"24287",\N
"5811","ōrāculum","14409",\N,"31402",\N
"5812","ōreae","14418",\N,"31478",\N
"5813","iocur","14463",\N,"24188",\N
"5814","iuga","14513",\N,"24262",\N
"5815","iugulae","14582",\N,"24253",\N
"5816","cascus","14674",\N,"6594",\N
"5817","cōtēs","14677",\N,"10836",\N
"5818","inclutus","14888",\N,"21480",\N
"5819","leuior","15175",\N,\N,\N
"5820","mātertera","15366",\N,"26961",\N
"5821","maior","15561",\N,"26462",\N
"5822","noctua","16030",\N,"29693",\N
"5823","coctiō","16561",\N,"8426",\N
"5824","ruber","17076",\N,"40082",\N
"5825","sāl","17140",\N,"40432",\N
"5826","scissor","17608",\N,"41129",\N
"5827","scissiō","17635",\N,"41127",\N
"5828","sponda","17759",\N,"43146",\N
"5829","praestes","18011",\N,"36313",\N
"5830","stlocus","18295",\N,"43490",\N
"5831","soror","18529",\N,"42855",\N
"5832","torris","18821",\N,"46527",\N
"5833","ammentum","19445",\N,"2113",\N
"5834","exigere","19466",\N,\N,\N
"5835","exīlis","19469",\N,"16148",\N
"5836","acuere","20196",\N,\N,\N
"5837","hālō","21080",\N,"19333",\N
"5838","ungustus","21402",\N,"47715",\N
"5839","ratus","22003",\N,"38691",\N
"5840","rītus","22065",\N,"39965",\N
"5841","ūrus","22986",\N,"47819",\N
"5842","uentilāre","23091",\N,"48311",\N
"5843","papilla","23478",\N,"32211",\N
"5844","ballāre","23590",\N,"4643",\N
"5845","Baunonia","24321",\N,\N,\N
"5846","broccus","24437",\N,"5449",\N
"5847","fissūra","24853",\N,"17466",\N
"5848","blatea","25008",\N,"5218",\N
"5849","sufflāmen","25265",\N,"44433",\N
"5850","fulgō","25380",\N,"18171",\N
"5851","fertor","25689",\N,"17236",\N
"5852","fīō","26707",\N,"17438",\N
"5853","frātria","27550",\N,"17925",\N
"5854","fragor","27591",\N,"17905",\N
"5855","dacruma","28299",\N,"24480",\N
"5856","inde","28409",\N,"21763",\N
"5857","dōnicum","28438",\N,"14062",\N
"5858","endo","28460",\N,"15065",\N
"5859","diū","28606",\N,"13854",\N
"5860","dictiō","28772",\N,"13190",\N
"5861","dexter","28909",\N,"13021",\N
"5862","δρυναίμετον","30235",\N,\N,\N
"5863","dătus","30731",\N,"11769",\N
"5864","interficiō","31408",\N,"23247",\N
"5865","foriō","32539",\N,"17780",\N
"5866","fēstus","32710",\N,"17283",\N
"5867","fūmus","32805",\N,"18225",\N
"5868","fērālis","33280",\N,"17173",\N
"5869","fuscus","33360",\N,"18336",\N
"5870","em","33887",\N,"14870",\N
"5871","em","33889",\N,"14870",\N
"5872","inde","33891",\N,"21763",\N
"5873","ībus","33892",\N,"20428",\N
"5874","sēd","33911",\N,"41401",\N
"5875","iste","33924",\N,"24030",\N
"5876","egestās","34409",\N,"14630",\N
"5877","aiiō","34426",\N,"1585",\N
"5878","oetor","34703",\N,"30902",\N
"5879","eques","35046",\N,"15345",\N
"5880","enter","35667",\N,"23148",\N
"5881","interus","35674",\N,\N,\N
"5882","ēn","35735",\N,"15022",\N
"5883","nempe","36063",\N,"29349",\N
"5884","tūne","36074",\N,\N,\N
"5885","dōnicum","36076",\N,"14062",\N
"5886","onustus","36141",\N,"31185",\N
"5887","escit","37074",\N,"15538",\N
"5888","escit","37161",\N,"15538",\N
"5889","induō","37421",\N,"21996",\N
"5890","ūrō","37515",\N,"47812",\N
"5891","gumia","38652",\N,"19173",\N
"5892","nātūra","39003",\N,"29112",\N
"5893","uola","40276",\N,"49100",\N
"5894","lacte","40492",\N,"24496",\N
"5895","hippitāre","41538",\N,\N,\N
"5896","congruō","43769",\N,"9823",\N
"5897","uallessit","44382",\N,\N,\N
"5898","bŭbulcus","45070",\N,"5512",\N
"5899","carō","45559",\N,"6524",\N
"5900","facētus","45681",\N,"16764",\N
"5901","iocus","45866",\N,"24189",\N
"5902","iugulae","46131",\N,"24253",\N
"5903","iunctim","46180",\N,"24278",\N
"5904","iūnior","46202",\N,"24287",\N
"5905","uōs","46392",\N,"49219",\N
"5906","caelebs","46661",\N,"5741",\N
"5907","candēlābrum","47043",\N,"6162",\N
"5908","cicendula","47046",\N,\N,\N
"5909","capulus","47089",\N,"6406",\N
"5910","cascus","47411",\N,"6594",\N
"5911","cieō","47726",\N,"7621",\N
"5912","cotes","47935",\N,"10836",\N
"5913","calātor","48316",\N,"5877",\N
"5914","caluiō","48437",\N,"6052",\N
"5915","cella","48575",\N,"6979",\N
"5916","cinisculus","48945",\N,"7690",\N
"5917","crepundia","49484",\N,"11015",\N
"5918","cacūmen","50554",\N,"5693",\N
"5919","uapor","51003",\N,"48046",\N
"5920","inclutus","51503",\N,"21480",\N
"5921","citrō","51713",\N,"8067",\N
"5922","coirauit","51829",\N,\N,\N
"5923","cūcurriō","51860",\N,"11251",\N
"5924","cāseus","52593",\N,"6599",\N
"5925","caenum","52608",\N,"5779",\N
"5926","obscaenus","52610",\N,"30388",\N
"5927","inquināre","52611",\N,"22713",\N
"5928","quattuor","53361",\N,"38302",\N
"5929","quis","53679",\N,"38474",\N
"5930","lectīca","54386",\N,"25029",\N
"5931","lassus","54889",\N,"24853",\N
"5932","lustrum","55796",\N,"26099",\N
"5933","laus","55949",\N,"24980",\N
"5934","laudāre","55950",\N,"24961",\N
"5935","lubens","55970",\N,"25866",\N
"5936","luxāre","56111",\N,"26125",\N
"5937","luxuria","56113",\N,"26127",\N
"5938","loucom","56284",\N,"25979",\N
"5939","lūna","56290",\N,"26034",\N
"5940","lūstrum","56292",\N,"26099",\N
"5941","lūcŭbrum","56296",\N,"25967",\N
"5942","lauō","56518",\N,"25007",\N
"5943","mānēs","56605",\N,"26643",\N
"5944","mātūtīnus","56609",\N,"27015",\N
"5945","mātertera","57096",\N,"26961",\N
"5946","maior","57587",\N,"26462",\N
"5947","Maius","57594",\N,"26467",\N
"5948","Maius","57594",\N,"26458",\N
"5949","mūrus","57649",\N,"28739",\N
"5950","marculus","58082",\N,"26790",\N
"5951","prōmellere","58341",\N,"37046",\N
"5952","melior","58349",\N,"27234",\N
"5953","Mulciber","58560",\N,"28491",\N
"5954","ēmendāre","58883",\N,"14919",\N
"5955","manganum","58976",\N,\N,\N
"5956","muger","59710",\N,"28476",\N
"5957","mergō","59838",\N,"27519",\N
"5958","nassa","60622",\N,"29071",\N
"5959","noctua","60873",\N,"29693",\N
"5960","numerus","60942",\N,"30013",\N
"5961","Nōdenti","61252",\N,\N,\N
"5962","octāuus","61622",\N,"30750",\N
"5963","ōcior","61654",\N,"30723",\N
"5964","operō","61940",\N,"31217",\N
"5965","cōpia","61951",\N,"10556",\N
"5966","Opscī","61955",\N,"31623",\N
"5967","optō","61979",\N,"31383",\N
"5968","pāscō","62289",\N,"32486",\N
"5969","compāreō","62438",\N,"9086",\N
"5970","pecūlium","62945",\N,"32763",\N
"5971","palea","63289",\N,"31948",\N
"5972","palea","63365",\N,"31948",\N
"5973","pons","63768",\N,"35366",\N
"5974","procerēs","64128",\N,"36746",\N
"5975","precor","64565",\N,"36555",\N
"5976","pateō","64709",\N,"32561",\N
"5977","pinna","64832",\N,"34746",\N
"5978","pauiō","64898",\N,"32701",\N
"5979","pīpō","65082",\N,"34775",\N
"5980","plausus","65594",\N,"34989",\N
"5981","pollex","65730",\N,"35216",\N
"5982","potestās","65818",\N,"35630",\N
"5983","pauper","65849",\N,"32656",\N
"5984","paruus","65854",\N,"32479",\N
"5985","pŭter","66263",\N,"37948",\N
"5986","rixa","66737",\N,"39977",\N
"5987","rētāre","67295",\N,"39678",\N
"5988","raucus","67307",\N,"38699",\N
"5989","rutābulum","67398",\N,"40241",\N
"5990","rullus","67456",\N,"40150",\N
"5991","rūpex","67537",\N,"40187",\N
"5992","ruber","67694",\N,"40082",\N
"5993","rūma","67797",\N,"40151",\N
"5994","saepiō","67985",\N,"40370",\N
"5995","sāl","68034",\N,"40432",\N
"5996","sapor","68140",\N,"40712",\N
"5997","sē̆d","68306",\N,"41401",\N
"5998","sedeō","68442",\N,"41413",\N
"5999","dēsiuāre","68827",\N,"12773",\N
"6000","siccus","69007",\N,"42220",\N
"6001","secta","69236",\N,"41356",\N
"6002","semper","69561",\N,"41705",\N
"6003","septimus","70023",\N,"41868",\N
"6004","serīlia","70137",\N,"41958",\N
"6005","sarpiō","70170",\N,"40790",\N
"6006","sūgō","70229",\N,"44498",\N
"6007","scissiō","70719",\N,"41127",\N
"6008","scīpiō","70813",\N,"41108",\N
"6009","crīnis","71847",\N,"11065",\N
"6010","carō","71947",\N,"6524",\N
"6011","curtus","71952",\N,"11478",\N
"6012","scarpinat","72320",\N,\N,\N
"6013","scrūtillus","72517",\N,"41261",\N
"6014","scrautum","72519",\N,\N,\N
"6015","nūtriō","74098",\N,"30103",\N
"6016","nēmen","74150",\N,\N,\N
"6017","napurae","74246",\N,"29015",\N
"6018","sās","74487",\N,"40812",\N
"6019","saluus","74546",\N,"40581",\N
"6020","saluē","74547",\N,"40573",\N
"6021","solōx","74556",\N,"42743",\N
"6022","σπιθάμη","74796",\N,\N,\N
"6023","speculum","74842",\N,"43004",\N
"6024","spolium","74913",\N,"43145",\N
"6025","sponda","75084",\N,"43146",\N
"6026","despondēre","75100",\N,\N,\N
"6027","pīcus","75680",\N,"34659",\N
"6028","stīria","76363",\N,"43477",\N
"6029","stilus","76666",\N,"43444",\N
"6030","stlocus","76941",\N,"43490",\N
"6031","tussis","77888",\N,"47429",\N
"6032","sulpur","78653",\N,"44514",\N
"6033","sonus","78679",\N,"42797",\N
"6034","obsipō","78821",\N,"30448",\N
"6035","soror","78961",\N,"42855",\N
"6036","tangō","79125",\N,"45419",\N
"6037","mālobathrum","79677",\N,"26559",\N
"6038","temere","79683",\N,"45638",\N
"6039","tenāx","79798",\N,"45695",\N
"6040","tēmō","79852",\N,"45649",\N
"6041","tepidus","80025",\N,"45770",\N
"6042","termen","80371",\N,"45820",\N
"6043","trāns","80423",\N,"46661",\N
"6044","toruus","80467",\N,"46550",\N
"6045","torris","80567",\N,"46527",\N
"6046","tuccētum","80712",\N,"47268",\N
"6047","tumor","80785",\N,"47310",\N
"6048","tongeō","81160",\N,"46446",\N
"6049","trāma","81213",\N,"46649",\N
"6050","trīga","81340",\N,"47002",\N
"6051","trepidō","81524",\N,"46879",\N
"6052","trepit","81561",\N,"46882",\N
"6053","ūsque","82074",\N,"47831",\N
"6054","uāricus","82331",\N,"48080",\N
"6055","uādō","82375",\N,"47955",\N
"6056","uādō","82378",\N,"47955",\N
"6057","uegetus","82875",\N,"48172",\N
"6058","uolgus","84278",\N,"49240",\N
"6059","uola","84463",\N,"49100",\N
"6060","uulua","84470",\N,"49276",\N
"6061","uomō","84737",\N,"49203",\N
"6062","uapor","84963",\N,"48046",\N
"6063","uereor","85817",\N,"48392",\N
"6064","uitilīgō","86520",\N,"49007",\N
"6065","flāgō","359",\N,"17511",\N
"6066","fligō","370",\N,"17598",\N
"6067","doceō","680",\N,"13937",\N
"6068","habeō","1862",\N,"19235",\N
"6069","uorō","2087",\N,"49215",\N
"6070","ēsse","2322",\N,"14476",\N
"6071","cūnctor","3579",\N,"11352",\N
"6072","cūnctor","3580",\N,"11352",\N
"6073","clueō","3695",\N,"8267",\N
"6074","percellō","3906",\N,"33129",\N
"6075","lūcēre","4877",\N,"25886",\N
"6076","reminīscor","5136",\N,"39241",\N
"6077","adnuī","5468",\N,"2571",\N
"6078","coquō","5651",\N,"10595",\N
"6079","rādo","6058",\N,"38579",\N
"6080","secō","6469",\N,"41348",\N
"6081","saliō","6532",\N,"40478",\N
"6082","sūxī","6703",\N,"44498",\N
"6083","carrō","6988",\N,"6524",\N
"6084","restinguō","7537",\N,"39596",\N
"6085","stringō","7640",\N,"43619",\N
"6086","stringō","7651",\N,"43619",\N
"6087","strepō","7655",\N,"43590",\N
"6088","sōpiō","7755",\N,"42815",\N
"6089","tepeō","7990",\N,"45763",\N
"6090","terō","8019",\N,"45839",\N
"6091","uideō","8528",\N,"48721",\N
"6092","fidus","9146",\N,"17377",\N
"6093","fīdus","9172",\N,"17377",\N
"6094","fīdus","9175",\N,"17377",\N
"6095","probrum","9223",\N,"36726",\N
"6096","humī","10504",\N,"20183",\N
"6097","perditim","10658",\N,"33233",\N
"6098","factor","10798",\N,"16787",\N
"6099","mīlle","11535",\N,"27769",\N
"6100","uirgō","11638",\N,"48902",\N
"6101","heredei","12022",\N,"19673",\N
"6102","ēsse","12083",\N,"14476",\N
"6103","praitor","12250",\N,"36433",\N
"6104","rēmex","12878",\N,"39233",\N
"6105","iuuenis","13036",\N,"24370",\N
"6106","iuuenis","13037",\N,"24370",\N
"6107","arua","13574",\N,"3675",\N
"6108","uernus","13992",\N,"48441",\N
"6109","ōra","14408",\N,"31399",\N
"6110","tōtus","14493",\N,"46558",\N
"6111","iniuges","14504",\N,"22535",\N
"6112","ouicerda","14811",\N,"31741",\N
"6113","relictus","15225",\N,"39173",\N
"6114","māternus","15369",\N,"26960",\N
"6115","mollior","15673",\N,"28169",\N
"6116","membrāna","15735",\N,"27311",\N
"6117","nox","15985",\N,"29907",\N
"6118","nox","15987",\N,"29907",\N
"6119","quadrinoctium","16017",\N,"38150",\N
"6121","patrōnus","16692",\N,"32632",\N
"6122","palma","16733",\N,"31998",\N
"6123","necesse","17278",\N,"29245",\N
"6124","subsidium","17326",\N,"44073",\N
"6125","sessiō","17346",\N,"42100",\N
"6126","sōl","17460",\N,"42653",\N
"6127","scaber","17655",\N,"40926",\N
"6128","frīgus","17875",\N,"18020",\N
"6129","teges","17898",\N,"45583",\N
"6130","instaurāre","18021",\N,"22965",\N
"6131","statim","18103",\N,"43315",\N
"6132","prōstibulum","18220",\N,"37368",\N
"6133","rēmex","19458",\N,"39233",\N
"6134","indigitāre","19463",\N,"21871",\N
"6135","olle","20423",\N,"31055",\N
"6136","prōles","20558",\N,"37003",\N
"6137","uncīnus","21400",\N,"47637",\N
"6138","positus","21809",\N,"35520",\N
"6139","pōrcet","21813",\N,\N,\N
"6140","uentilābrum","23092",\N,"48307",\N
"6141","boāre","23797",\N,"5303",\N
"6142","Fātuus","24286",\N,"17049",\N
"6143","fatuus","24575",\N,"17049",\N
"6144","fīdus","24902",\N,"17377",\N
"6145","fīdus","24904",\N,"17377",\N
"6146","flōs","25220",\N,"17628",\N
"6147","fortūna","25701",\N,"17858",\N
"6148","dēfrū̆tum","26467",\N,"12156",\N
"6149","fuga","26946",\N,"18134",\N
"6150","flōrus","27350",\N,"17627",\N
"6151","flīgō","27378",\N,"17598",\N
"6152","floccus","27383",\N,"17602",\N
"6153","dapinō","28159",\N,"11749",\N
"6154","interdum","28422",\N,"23223",\N
"6155","quidum","28426",\N,"38357",\N
"6156","Diāna","28639",\N,"13102",\N
"6157","doceō","28880",\N,"13937",\N
"6158","Decumius","29009",\N,\N,\N
"6159","centuria","29057",\N,"7090",\N
"6160","domitus","29421",\N,"14040",\N
"6161","Truentus","29683",\N,\N,\N
"6162","trādux","30526",\N,"46604",\N
"6163","danunt","30711",\N,\N,\N
"6164","crēdere","31394",\N,\N,\N
"6165","effigiēs","31911",\N,"14553",\N
"6166","ferē","32377",\N,"17179",\N
"6167","fīmus","32814",\N,"17423",\N
"6168","interim","33890",\N,"23274",\N
"6169","ignis","34557",\N,"20528",\N
"6170","ēiulō","34790",\N,"14673",\N
"6171","eira","34936",\N,"23835",\N
"6172","līmus","35434",\N,"25528",\N
"6173","emptum","35500",\N,\N,\N
"6174","erat","37157",\N,"44529",\N
"6175","ouō","37463",\N,"31755",\N
"6176","gallus","37628",\N,"18457",\N
"6177","Zypressenzapfen","38133",\N,\N,\N
"6178","glūttō","38518",\N,"18883",\N
"6179","nōuī","39111",\N,"29883",\N
"6180","ignārurēs","39198",\N,\N,\N
"6181","genū","39344",\N,"18651",\N
"6182","grūs","39506",\N,"19147",\N
"6183","glārea","39972",\N,"18800",\N
"6184","habeō","40843",\N,"19235",\N
"6185","haedīnus","40951",\N,"19263",\N
"6186","humī","41184",\N,"20183",\N
"6187","exippitāre","41539",\N,\N,\N
"6188","fel","41977",\N,"17117",\N
"6189","giluus","41979",\N,"18745",\N
"6190","gallus","42310",\N,"18457",\N
"6191","hillae","42840",\N,"19831",\N
"6192","hērināceus","42977",\N,"19680",\N
"6193","hispidus","42991",\N,"19943",\N
"6194","hordeum","43005",\N,"20061",\N
"6195","mīlle","43025",\N,"27769",\N
"6196","gradus","43581",\N,"18972",\N
"6197","uorō","44583",\N,"49215",\N
"6198","uorāgo","44584",\N,"49210",\N
"6199","botulus","44948",\N,"5340",\N
"6200","fornix","45586",\N,"17833",\N
"6201","facētia","45682",\N,"16762",\N
"6202","facētiae","45683",\N,"16762",\N
"6203","iūgerum","46139",\N,"24245",\N
"6204","iugumentum","46191",\N,"24260",\N
"6205","iuuenis","46200",\N,"24370",\N
"6206","incohō","46614",\N,"21503",\N
"6207","callum","46916",\N,"6024",\N
"6208","camera","46966",\N,"6087",\N
"6209","canōrus","47006",\N,"6227",\N
"6210","aucupāre","47085",\N,"4229",\N
"6211","caprea","47205",\N,"6350",\N
"6212","caput","47225",\N,"6408",\N
"6213","carrō","47387",\N,"6524",\N
"6214","cōdicillus","47526",\N,"8443",\N
"6215","cōlis","47644",\N,"8592",\N
"6216","citus","47728",\N,"8072",\N
"6217","percellō","48130",\N,"33129",\N
"6218","cunctor","49269",\N,"11352",\N
"6219","cornum","49690",\N,"10687",\N
"6220","carpisculum","50158",\N,"6543",\N
"6221","crĕpĭda","50177",\N,"11001",\N
"6222","crātēs","50319",\N,"10943",\N
"6223","castīgō","50445",\N,"6656",\N
"6224","cuppēdium","51000",\N,"11398",\N
"6225","clueō","51500",\N,"8267",\N
"6226","cluuior","51502",\N,\N,\N
"6227","clunāculum","51624",\N,\N,\N
"6228","sīc","51689",\N,"42199",\N
"6229","citimus","51715",\N,\N,\N
"6230","colus","51890",\N,"8793",\N
"6231","calamus","51905",\N,"5865",\N
"6232","cūnctor","51970",\N,"11352",\N
"6233","canīcula","52869",\N,"6192",\N
"6234","cachinnō","52899",\N,"5676",\N
"6235","poena","53028",\N,"35152",\N
"6236","inquilīnus","53186",\N,"22707",\N
"6237","colus","53188",\N,"8793",\N
"6238","quod","53510",\N,"38492",\N
"6239","lallus","53885",\N,"24611",\N
"6240","labō","54163",\N,"24419",\N
"6241","neglegere","54353",\N,\N,\N
"6242","līmus","54645",\N,"25528",\N
"6243","relictus","55097",\N,"39173",\N
"6244","luxus","56110",\N,"26131",\N
"6245","luxus","56112",\N,"26131",\N
"6246","lūctus","56169",\N,"25961",\N
"6247","lūcus","56283",\N,"25979",\N
"6248","mānus","56601",\N,"26758",\N
"6249","mūta","57454",\N,"28803",\N
"6250","mūnia","57676",\N,"28654",\N
"6251","mūtuus","57995",\N,"28851",\N
"6252","mulier","58080",\N,"28506",\N
"6253","membrāna","58631",\N,"27311",\N
"6254","manus","59524",\N,"26758",\N
"6255","muscus","59637",\N,"28760",\N
"6256","muttum","60211",\N,"28837",\N
"6257","nitidus","60716",\N,"29641",\N
"6258","nox","60869",\N,"29907",\N
"6259","nox","60870",\N,"29907",\N
"6260","ungula","61908",\N,"47710",\N
"6261","necopīnus","61987",\N,"29258",\N
"6262","ossu","62098",\N,\N,\N
"6263","ōuum","62148",\N,"31756",\N
"6264","ōra","62203",\N,"31399",\N
"6265","pānis","62292",\N,"32145",\N
"6266","prōpāgō","62356",\N,"37140",\N
"6267","paca","62359",\N,\N,\N
"6268","tribřic̨u","62610",\N,\N,\N
"6269","pēminōsus","62657",\N,\N,\N
"6270","pecū","62941",\N,"32745",\N
"6271","coquō","63008",\N,"10595",\N
"6272","palma","63557",\N,"31998",\N
"6273","prior","63922",\N,"36659",\N
"6274","imperāre","64336",\N,"20991",\N
"6275","porca","64518",\N,"35428",\N
"6276","pūrgō","64879",\N,"37888",\N
"6277","prōpudium","64905",\N,"37239",\N
"6278","patre","65011",\N,"32562",\N
"6279","patrōnus","65044",\N,"32632",\N
"6280","plācāre","65126",\N,"34892",\N
"6281","planta","65257",\N,"34938",\N
"6282","planta","65258",\N,"34938",\N
"6283","puer","65859",\N,"37696",\N
"6284","putillus","65880",\N,"37957",\N
"6285","prūna","66077",\N,"37520",\N
"6286","pūtidus","66262",\N,"37956",\N
"6287","rādō","66450",\N,"38579",\N
"6288","reus","66895",\N,"39732",\N
"6289","satietās","67894",\N,"40832",\N
"6290","saepe","67988",\N,"40362",\N
"6291","Sancus","68002",\N,"40639",\N
"6292","sānus","68132",\N,"40691",\N
"6293","sūdum","68189",\N,\N,\N
"6294","sōl","68218",\N,"42653",\N
"6295","sīc","68431",\N,"42199",\N
"6296","sessiō","68489",\N,"42100",\N
"6297","subsidium","68509",\N,"44073",\N
"6298","necesse","68615",\N,"29245",\N
"6299","secō","69114",\N,"41348",\N
"6300","sīca","69184",\N,"42200",\N
"6301","sēgnis","69203",\N,"41457",\N
"6302","secus","69239",\N,"41395",\N
"6303","secus","69240",\N,"41395",\N
"6304","saliō","69407",\N,"40478",\N
"6305","mīlle","69565",\N,"27769",\N
"6306","scamnum","70467",\N,"40983",\N
"6307","sciō","70656",\N,"41103",\N
"6308","siliqua","70944",\N,"42347",\N
"6309","scaber","71405",\N,"40926",\N
"6310","scōpus","71526",\N,"41169",\N
"6311","circus","71697",\N,"7994",\N
"6312","scrinium","71767",\N,"41217",\N
"6313","screa","72443",\N,\N,\N
"6314","ouicerda","72553",\N,"31741",\N
"6315","merenda","73962",\N,"27504",\N
"6316","cuspis","74614",\N,"11496",\N
"6317","sponte","75059",\N,"43178",\N
"6318","sparus","75169",\N,"42939",\N
"6319","sparus","75171",\N,"42939",\N
"6320","parra","75224",\N,"32402",\N
"6321","frīgus","75947",\N,"18020",\N
"6322","praestināre","76009",\N,"36322",\N
"6323","dēstina","76011",\N,"12825",\N
"6324","statim","76089",\N,"43315",\N
"6325","prōstibulum","76154",\N,"37368",\N
"6326","instaurāre","76281",\N,"22965",\N
"6327","teges","76556",\N,"45583",\N
"6328","stipulor","76703",\N,"43475",\N
"6329","stlatta","76905",\N,"43486",\N
"6330","strūma","77421",\N,"43654",\N
"6331","stringō","77575",\N,"43619",\N
"6332","struīx","77708",\N,"43653",\N
"6333","strigō","78029",\N,"43616",\N
"6334","stringō","78041",\N,"43619",\N
"6335","strepō","78100",\N,"43590",\N
"6336","sōpiō","78761",\N,"42815",\N
"6337","sōrex","78860",\N,"42850",\N
"6338","surculus","78886",\N,"44999",\N
"6339","tagax","79127",\N,"45361",\N
"6340","tellūs","79540",\N,"45625",\N
"6341","tenēre","79790",\N,"45721",\N
"6342","prōtēlum","79963",\N,"37400",\N
"6343","tepeō","80024",\N,"45763",\N
"6344","terō","80105",\N,"45839",\N
"6345","mantēlum","80244",\N,"26705",\N
"6346","tōtus","80683",\N,"46558",\N
"6347","tŏtus","81118",\N,"46558",\N
"6348","trepidus","81523",\N,"46881",\N
"6349","uterus","82126",\N,"47875",\N
"6350","uatia","82619",\N,"48119",\N
"6351","ūuor","82905",\N,"47919",\N
"6352","ūmeō","82908",\N,"47607",\N
"6353","uxor","82925",\N,"47922",\N
"6354","uehemēns","82989",\N,"48175",\N
"6355","uīmen","83124",\N,"48784",\N
"6356","uīdulus","83346",\N,"48727",\N
"6357","uideō","83385",\N,"48721",\N
"6358","uirgō","83941",\N,"48902",\N
"6359","uox","84084",\N,"49229",\N
"6360","nōlo","84185",\N,"29726",\N
"6361","uolupe","84232",\N,"49163",\N
"6362","uellus","84303",\N,"48228",\N
"6363","uallēs","84476",\N,"48011",\N
"6364","uerbēna","85153",\N,"48357",\N
"6365","rīca","85477",\N,"39906",\N
"6366","uīuerra","85950",\N,"49051",\N
"6367","uernus","86403",\N,"48441",\N
"6368","gnōuī","1538",\N,"29813",\N
"6369","gnōscō","1553",\N,"18912",\N
"6370","offendere","2171",\N,"30917",\N
"6372","ēgī","2700",\N,"1534",\N
"6373","icō","2737",\N,\N,\N
"6374","hausī","2943",\N,"19437",\N
"6375","mordeō","2994",\N,"28359",\N
"6376","ōdī","3191",\N,"30820",\N
"6377","dēlēre","3208",\N,"12276",\N
"6378","cecidī","3488",\N,"5707",\N
"6379","perculī","3908",\N,"33129",\N
"6380","cecidī","4015",\N,"5707",\N
"6381","quiēuī","4457",\N,"38361",\N
"6382","luō","4834",\N,"26043",\N
"6383","luere","4835",\N,\N,\N
"6384","misc","5011",\N,"27943",\N
"6385","plexī","5919",\N,"35005",\N
"6386","ruō","6242",\N,"40184",\N
"6387","sarsī","6650",\N,"40743",\N
"6388","carpō","6981",\N,"6545",\N
"6389","nūbō","7210",\N,"29934",\N
"6390","spepondī","7251",\N,"43150",\N
"6391","sprēuī","7353",\N,"43019",\N
"6392","sorbeō","7382",\N,"42828",\N
"6393","struō","7657",\N,"43661",\N
"6394","attulat","7870",\N,\N,\N
"6395","tendō","7939",\N,"45699",\N
"6396","tendō","7957",\N,"45699",\N
"6397","tergō","8014",\N,"45814",\N
"6398","tuī","8131",\N,"47278",\N
"6399","terreō","8289",\N,"45845",\N
"6400","uorrī","8865",\N,"48451",\N
"6401","liqueō","8955",\N,"25625",\N
"6402","ringor","9002",\N,"39947",\N
"6403","fāgeus","9059",\N,"16837",\N
"6404","sacerdōs","9915",\N,"40311",\N
"6405","nūndinae","10132",\N,"30049",\N
"6406","triduum","10268",\N,"46972",\N
"6407","conditus","10680",\N,"9554",\N
"6408","conditus","10745",\N,"9554",\N
"6409","conditiō","10776",\N,"9546",\N
"6410","factus","10799",\N,"16791",\N
"6411","factus","10802",\N,"16791",\N
"6412","gener","11103",\N,"18594",\N
"6413","singulus","11144",\N,"42471",\N
"6414","germānus","11161",\N,"18683",\N
"6415","ingenuus","11258",\N,"22393",\N
"6416","cognātus","11263",\N,"8517",\N
"6417","ōximē","11975",\N,"31761",\N
"6418","Iouuem","12617",\N,"24293",\N
"6419","coāctim","12909",\N,"8334",\N
"6420","iūnīx","13048",\N,"24291",\N
"6421","aureae","14419",\N,"4321",\N
"6422","iecinoris","14472",\N,"24154",\N
"6423","iugulum","14580",\N,"24257",\N
"6424","discors","14754",\N,"13559",\N
"6425","mūscerdae","14809",\N,"28749",\N
"6426","Cloelia","14935",\N,"8255",\N
"6427","cruentus","15155",\N,"11173",\N
"6428","custōs","15170",\N,"11505",\N
"6429","mollis","15662",\N,"28169",\N
"6430","breuissimus","15895",\N,"5425",\N
"6431","oppidō","16308",\N,"31330",\N
"6432","praecox","16510",\N,"35798",\N
"6433","pater","16630",\N,"32562",\N
"6434","patrēs","16633",\N,"32562",\N
"6435","patria","16699",\N,"32595",\N
"6436","palmus","16734",\N,"32019",\N
"6437","salis","17147",\N,"40432",\N
"6438","salīnae","17194",\N,"40474",\N
"6439","praeses","17226",\N,"36273",\N
"6440","obsessus","17332",\N,"30432",\N
"6441","pēnsum","17766",\N,"32988",\N
"6442","tector","17884",\N,"45569",\N
"6443","tēctum","17910",\N,"45575",\N
"6444","Praestita","18013",\N,\N,\N
"6445","locus","18296",\N,"25752",\N
"6446","stolō","18312",\N,"43506",\N
"6447","suādus","18410",\N,"43729",\N
"6448","suāsiō","18419",\N,"43739",\N
"6449","ūmor","18998",\N,"47618",\N
"6450","prōuīsor","19032",\N,"37487",\N
"6451","uerbum","19216",\N,"48378",\N
"6452","indāgēs","19422",\N,"21759",\N
"6453","īcō","19969",\N,\N,\N
"6454","ictus","19970",\N,"20459",\N
"6455","ultimus","20420",\N,"47558",\N
"6456","ollīc","20425",\N,"20636",\N
"6457","ālus","20886",\N,"1970",\N
"6458","cōpula","21646",\N,"10574",\N
"6459","iners","21946",\N,"22077",\N
"6460","Vesuuius","23336",\N,"48588",\N
"6461","bambalō","23532",\N,\N,\N
"6462","imbēcillus","23570",\N,"20736",\N
"6463","bālāre","23718",\N,"4656",\N
"6464","fossa","24688",\N,"17868",\N
"6465","flagrō","25377",\N,"17519",\N
"6466","offendimentum","25524",\N,"30915",\N
"6467","fibrīnus","26104",\N,"17309",\N
"6468","horctus","26285",\N,"20055",\N
"6469","fluuius","27296",\N,"17680",\N
"6470","profundus","28035",\N,"36939",\N
"6471","damnum","28163",\N,"11722",\N
"6472","totidem","28437",\N,"46554",\N
"6473","triduum","28628",\N,"46972",\N
"6474","dīues","28655",\N,"13891",\N
"6475","nundinae","28682",\N,"30049",\N
"6476","uindex","28803",\N,"48820",\N
"6477","dāma","29469",\N,"11697",\N
"6478","difficilis","30911",\N,"13232",\N
"6479","dīrus","30949",\N,"13494",\N
"6480","conditus","31371",\N,"9554",\N
"6481","Cōnsus","31392",\N,"10210",\N
"6482","conditiō","31497",\N,"9546",\N
"6483","sacerdōs","31509",\N,"40311",\N
"6484","fatīscō","31580",\N,"17039",\N
"6485","fōmentum","31656",\N,"17739",\N
"6486","fēmina","31724",\N,"17143",\N
"6487","fictilis","31914",\N,"17329",\N
"6488","suffīmentum","32897",\N,"44425",\N
"6489","Furiae","33266",\N,"18297",\N
"6490","forēs","33723",\N,"17782",\N
"6491","ob","34216",\N,"30151",\N
"6492","ūtor","34702",\N,"47886",\N
"6493","Jānus","34747",\N,"24143",\N
"6494","lituus","35444",\N,"25701",\N
"6495","līcium","35461",\N,"25428",\N
"6496","ob","36234",\N,"30151",\N
"6497","ruō","36634",\N,"40184",\N
"6498","rēte","36698",\N,"39643",\N
"6499","eruum","36794",\N,"15504",\N
"6500","errō","36871",\N,"15473",\N
"6501","rēmus","36942",\N,"39291",\N
"6502","erus","37244",\N,"15500",\N
"6503","Vesuuius","37532",\N,"48588",\N
"6504","glēbō","38148",\N,\N,\N
"6505","gelū","38519",\N,"18559",\N
"6506","gener","38734",\N,"18594",\N
"6507","germānus","39019",\N,"18683",\N
"6508","indigena","39029",\N,"21858",\N
"6509","singulus","39051",\N,"42471",\N
"6510","ingenuus","39074",\N,"22393",\N
"6511","genuīnus","39075",\N,"18655",\N
"6512","nōsco","39107",\N,"29813",\N
"6513","gnāruris","39197",\N,\N,\N
"6514","geniculum","39345",\N,"18626",\N
"6515","genuīnus","39370",\N,"18655",\N
"6516","gingrīre","39522",\N,"18753",\N
"6517","grūmus","39781",\N,"19140",\N
"6518","gustus","40433",\N,"19197",\N
"6519","gāuia","40578",\N,"18530",\N
"6520","gabulum","40927",\N,\N,\N
"6521","helus","41982",\N,"19541",\N
"6522","hedera","42525",\N,"19476",\N
"6523","grossus","45182",\N,"19133",\N
"6524","offendere","45492",\N,"30917",\N
"6525","iugulum","46130",\N,"24257",\N
"6526","iūnīx","46201",\N,"24291",\N
"6527","iūrō","46313",\N,"24324",\N
"6528","camerus","46970",\N,"6125",\N
"6529","campus","46983",\N,"6121",\N
"6530","caputrum","47092",\N,\N,\N
"6531","capus","47185",\N,"6407",\N
"6532","ciō","47727",\N,"7706",\N
"6533","cillō","47745",\N,"7635",\N
"6534","columba","48229",\N,"8766",\N
"6535","calix","48419",\N,"5976",\N
"6536","calpar","48665",\N,"6030",\N
"6537","canicae","49212",\N,"6191",\N
"6538","carbō","49632",\N,"6425",\N
"6539","discors","50089",\N,"13559",\N
"6540","serrācum","50286",\N,"41995",\N
"6541","cartilāgo","50322",\N,"6573",\N
"6542","nouācula","50409",\N,"29850",\N
"6543","castrō","50447",\N,"6678",\N
"6544","cūpa","50701",\N,"11376",\N
"6545","cauus","50841",\N,"6922",\N
"6546","cauellum","50846",\N,\N,\N
"6547","clūnis","51623",\N,"8276",\N
"6548","nictō","51633",\N,"29529",\N
"6549","cruentus","52284",\N,"11173",\N
"6550","coaxare","52580",\N,"8388",\N
"6551","quālum","52913",\N,"38216",\N
"6552","quomque","52944",\N,"11328",\N
"6553","cunque","52945",\N,"11374",\N
"6554","collum","53190",\N,"8698",\N
"6555","quisquis","53690",\N,"38481",\N
"6556","uspiam","53748",\N,"47829",\N
"6557","lātrō","53867",\N,"24934",\N
"6558","lacus","54044",\N,"24530",\N
"6559","latrō","54854",\N,"24934",\N
"6560","luō","55832",\N,"26043",\N
"6561","pollūcēre","56276",\N,\N,\N
"6562","interlūcāre","56286",\N,"23306",\N
"6563","lauātrīna","56523",\N,"24998",\N
"6564","machiō","56843",\N,"26283",\N
"6565","mattiuca","57037",\N,\N,\N
"6566","medicus","57462",\N,"27089",\N
"6567","minus","57738",\N,"27889",\N
"6568","marcus","58081",\N,"26791",\N
"6569","mollis","58234",\N,"28169",\N
"6570","prōmulcum","58344",\N,"37088",\N
"6571","mortārium","59267",\N,"28411",\N
"6572","mordeō","59317",\N,"28359",\N
"6573","mucrō","59830",\N,"28471",\N
"6574","marum","59996",\N,"26880",\N
"6575","marisca","60014",\N,"26821",\N
"6576","formidō","60065",\N,"17805",\N
"6577","mutmut","60179",\N,\N,\N
"6578","muttiō","60210",\N,"28836",\N
"6579","mūs","60307",\N,"28740",\N
"6580","nī","60550",\N,"29500",\N
"6581","dēnicāles","60834",\N,\N,\N
"6582","ēnectāre","60837",\N,\N,\N
"6583","ōdī","61501",\N,"30820",\N
"6584","ŏdium","61502",\N,"30832",\N
"6585","opiōn","61976",\N,\N,\N
"6586","optiō","61980",\N,"31380",\N
"6587","aureae","62205",\N,"4321",\N
"6588","pānīcum","62412",\N,"32139",\N
"6589","panceps","62413",\N,\N,\N
"6590","pappa","62431",\N,"32219",\N
"6591","oppidō","62584",\N,"31330",\N
"6592","pītuīta","62705",\N,"34854",\N
"6593","pix","62716",\N,"34864",\N
"6594","spirāculum","62876",\N,"43091",\N
"6595","piscis","62893",\N,"34807",\N
"6596","triplex","63327",\N,"47078",\N
"6597","pullus","63459",\N,"37776",\N
"6598","palmus","63558",\N,"32019",\N
"6599","perperus","63893",\N,"33783",\N
"6600","prīuō","63932",\N,"36686",\N
"6601","reciprocus","64126",\N,"38800",\N
"6602","propinquus","64132",\N,"37193",\N
"6603","pretium","64178",\N,"36592",\N
"6604","opperior","64370",\N,"31321",\N
"6605","passus","64711",\N,"32517",\N
"6606","pater","65007",\N,"32562",\N
"6607","patres","65008",\N,"32562",\N
"6608","patria","65043",\N,"32595",\N
"6609","pippitāre","65083",\N,\N,\N
"6610","plicō","65358",\N,"35041",\N
"6611","pluor","65444",\N,"35092",\N
"6612","pōtiō","65702",\N,"35641",\N
"6613","paucus","65848",\N,"32644",\N
"6614","pauxillus","65852",\N,"32687",\N
"6615","pŭsillus","65882",\N,"37922",\N
"6616","pullus","65886",\N,"37776",\N
"6617","praepūtium","66221",\N,"36190",\N
"6618","pūs","66260",\N,"37916",\N
"6619","rabiēs","66354",\N,"38542",\N
"6620","rādula","66452",\N,"38580",\N
"6621","ruō","67394",\N,"40184",\N
"6622","rubus","67438",\N,"40102",\N
"6623","rūbidus","67439",\N,"40091",\N
"6624","rūbidus","67685",\N,"40091",\N
"6625","sacerdōs","68001",\N,"40311",\N
"6626","obsessus","68481",\N,"30432",\N
"6627","praeses","68505",\N,"36273",\N
"6628","sector","69235",\N,"41365",\N
"6629","sarculum","70164",\N,"40751",\N
"6630","sartor","70186",\N,"40808",\N
"6631","caia","70498",\N,"5838",\N
"6632","scīscō","70658",\N,"41124",\N
"6633","sculpō","71080",\N,"41266",\N
"6634","calcar","71262",\N,"5884",\N
"6635","capus","71468",\N,"6407",\N
"6636","cappō","71469",\N,"6339",\N
"6637","corōna","71681",\N,"10695",\N
"6638","cēna","72148",\N,"7003",\N
"6639","carpō","72318",\N,"6545",\N
"6640","certus","72441",\N,"7232",\N
"6641","cucullus","72773",\N,"11237",\N
"6642","custōs","72906",\N,"11505",\N
"6643","līuor","73658",\N,"25716",\N
"6644","mīcidus","73746",\N,"27714",\N
"6645","Natisōn","74065",\N,"29101",\N
"6646","nubō","74420",\N,"29934",\N
"6647","Sallustius","74553",\N,"40501",\N
"6648","respondēre","75099",\N,"39571",\N
"6649","pūmex","75785",\N,"37827",\N
"6650","sorbeō","75812",\N,"42828",\N
"6651","tēctum","76554",\N,"45575",\N
"6652","tegulum","76555",\N,"45592",\N
"6653","stimulus","76667",\N,"43453",\N
"6654","interstinguō","76764",\N,"23459",\N
"6655","stolō","76939",\N,"43506",\N
"6656","locus","76940",\N,"25752",\N
"6657","strāgulus","77672",\N,"43530",\N
"6658","struō","77706",\N,"43661",\N
"6659","stūpa","77986",\N,"43686",\N
"6660","sūdor","78442",\N,"44376",\N
"6661","surus","78885",\N,"45062",\N
"6662","tābum","79043",\N,"45319",\N
"6663","subtīlis","79349",\N,"44179",\N
"6664","tenebrae","79682",\N,"45703",\N
"6665","tendō","79780",\N,"45699",\N
"6666","tergō","80242",\N,"45814",\N
"6667","tormina","80480",\N,"46498",\N
"6668","retūrō","80855",\N,"39728",\N
"6669","totidem","81117",\N,"46554",\N
"6670","talis","81129",\N,"45380",\N
"6671","ter","81389",\N,"45775",\N
"6672","tremor","81439",\N,"46872",\N
"6673","terreo","81572",\N,"45845",\N
"6674","terror","81573",\N,"45870",\N
"6675","uenter","82133",\N,"48304",\N
"6676","uassus","82223",\N,\N,\N
"6677","uassallus","82224",\N,\N,\N
"6678","suppus","82249",\N,"44979",\N
"6679","uas","82351",\N,"48094",\N
"6680","uadimonium","82352",\N,"47954",\N
"6681","uāgīna","82393",\N,"47975",\N
"6682","ūmor","82909",\N,"47618",\N
"6683","uagus","83066",\N,"47983",\N
"6684","inuītus","83300",\N,"23765",\N
"6685","uindex","83301",\N,"48820",\N
"6686","uolnus","84659",\N,"49124",\N
"6687","Venedi","84777",\N,"48270",\N
"6688","uēnor","84783",\N,"48302",\N
"6689","ringor","85233",\N,"39947",\N
"6690","uerbum","85743",\N,"48378",\N
"6691","perseuērāre","85892",\N,"33933",\N
"6692","rēno","86161",\N,"39310",\N
"6693","uetustus","86473",\N,"48621",\N
"6694","uituperō","86519",\N,"49044",\N
"6695","fārī","69",\N,"17752",\N
"6696","decet","686",\N,"11891",\N
"6697","figere","1149",\N,"17382",\N
"6698","ioubē","2268",\N,"24203",\N
"6699","mulsī","2275",\N,\N,\N
"6700","ēmī","2419",\N,"14960",\N
"6701","mulsī","2984",\N,\N,\N
"6702","momordī","2996",\N,"28359",\N
"6703","orior","3229",\N,"31528",\N
"6704","rēxī","3310",\N,"39123",\N
"6705","crepō","4146",\N,"11013",\N
"6706","līnxī","4624",\N,"25545",\N
"6707","linquō","4673",\N,"25576",\N
"6708","lūgeō","4811",\N,"26011",\N
"6709","minuō","4998",\N,"27886",\N
"6710","molō","5079",\N,"28176",\N
"6711","adnuō","5471",\N,"2571",\N
"6712","reperiō","5758",\N,"39370",\N
"6713","pepugī","5826",\N,"37849",\N
"6714","pleō","5881",\N,"35017",\N
"6715","caueō","7020",\N,"6901",\N
"6716","scribō","7041",\N,"41213",\N
"6717","nō","7181",\N,"29667",\N
"6718","spuō","7339",\N,"43201",\N
"6719","frīgeō","7394",\N,"18001",\N
"6720","exstinguō","7536",\N,"16527",\N
"6721","īnsolēscō","7722",\N,"22894",\N
"6722","tetigī","7798",\N,"45419",\N
"6723","tingō","7965",\N,"46322",\N
"6724","uireō","8608",\N,"48878",\N
"6725","uoluō","8653",\N,"49187",\N
"6726","uieō","8941",\N,"48732",\N
"6727","fāgus","9053",\N,"16840",\N
"6728","fūr","9209",\N,"18275",\N
"6729","offertor","9261",\N,"30931",\N
"6730","dōs","9914",\N,"14096",\N
"6731","conditum","10681",\N,\N,\N
"6732","famul","10764",\N,"16917",\N
"6733","factiō","10805",\N,"16777",\N
"6734","ignōbilis","11417",\N,"20535",\N
"6735","ōcissimus","11973",\N,"30723",\N
"6736","līberī","12619",\N,"25348",\N
"6737","exiguus","12969",\N,"16145",\N
"6738","umbō","14363",\N,"47588",\N
"6739","umbilīcus","14371",\N,"47587",\N
"6740","iocineris","14473",\N,"24154",\N
"6741","iūgera","14539",\N,\N,\N
"6742","iugum","14553",\N,"24258",\N
"6743","iugulus","14581",\N,"24257",\N
"6744","iūs","14618",\N,"24328",\N
"6745","concors","14753",\N,"9439",\N
"6746","cane","15041",\N,"6202",\N
"6747","dēliquiō","15230",\N,"12328",\N
"6748","mātrōna","15359",\N,"26983",\N
"6749","maximus","15588",\N,"27031",\N
"6750","breuior","15887",\N,"5425",\N
"6751","Neptūnus","15904",\N,"29393",\N
"6752","nāuem","16088",\N,"29203",\N
"6753","naufragus","16091",\N,"29139",\N
"6754","nepōtis","16138",\N,"29377",\N
"6755","proprius","16854",\N,"37233",\N
"6756","scabiēs","17650",\N,"40928",\N
"6757","toga","17899",\N,"46405",\N
"6758","caelestis","17941",\N,"5745",\N
"6759","stator","18091",\N,"43323",\N
"6760","Stator","18092",\N,"43323",\N
"6761","stabulum","18219",\N,"43258",\N
"6762","suāsor","18386",\N,"43740",\N
"6763","somnium","18502",\N,"42773",\N
"6764","suīnus","18574",\N,"44504",\N
"6765","tentus","18691",\N,"45749",\N
"6766","tentus","18716",\N,"45749",\N
"6767","tenuis","18744",\N,"45756",\N
"6768","torrus","18842",\N,"46527",\N
"6769","torrus","18843",\N,"46527",\N
"6770","tostus","18859",\N,"46552",\N
"6771","utrem","18910",\N,"47869",\N
"6772","uirtūs","19203",\N,"48939",\N
"6773","indigitēs","19462",\N,"21868",\N
"6774","indigitāmenta","19464",\N,"21870",\N
"6775","exiguus","19468",\N,"16145",\N
"6776","Ocriculum","20306",\N,"30730",\N
"6777","altāre","20674",\N,"1914",\N
"6778","merula","20978",\N,"27555",\N
"6779","antidīre","21553",\N,"2727",\N
"6780","polūbrum","21812",\N,"35249",\N
"6781","uatillum","23162",\N,"4803",\N
"6782","fācundus","24276",\N,"16801",\N
"6783","Fabāria","24312",\N,"16717",\N
"6784","fāgus","24383",\N,"16840",\N
"6785","ferāx","25686",\N,"17175",\N
"6786","fūr","25697",\N,"18275",\N
"6787","burra","25947",\N,"5598",\N
"6788","forus","25962",\N,"17866",\N
"6789","horctis","26286",\N,"20055",\N
"6790","festīnō","26432",\N,"17272",\N
"6791","suffrāgium","27592",\N,"44453",\N
"6792","quondam","28418",\N,"38506",\N
"6793","dumtaxat","28429",\N,"14237",\N
"6794","dōnec","28439",\N,"14061",\N
"6795","dīciō","28798",\N,"13172",\N
"6796","iūdex","28802",\N,"24219",\N
"6797","decet","28876",\N,"11891",\N
"6798","decumānus","29007",\N,"11980",\N
"6799","derbita","29926",\N,\N,\N
"6800","dulcis","30640",\N,"14215",\N
"6801","dōs","30789",\N,"14096",\N
"6802","duŏdēnī","30974",\N,"14250",\N
"6803","duae","30982",\N,"14240",\N
"6804","dui","31026",\N,"5142",\N
"6805","conditum","31372",\N,\N,\N
"6806","effēta","31792",\N,"14539",\N
"6807","fēnum","31794",\N,"17168",\N
"6808","frūstra","33686",\N,"18097",\N
"6809","iam","33918",\N,"24126",\N
"6810","iam","34136",\N,"24126",\N
"6811","egēnus","34410",\N,"14622",\N
"6812","ex","34524",\N,"15800",\N
"6813","eheu","34572",\N,"14652",\N
"6814","līmes","35435",\N,"25491",\N
"6815","ēmī","35498",\N,"14960",\N
"6816","intus","35709",\N,"23625",\N
"6817","umbilīcus","35745",\N,"47587",\N
"6818","umbō","35746",\N,"47588",\N
"6819","Neptūnus","35794",\N,"29393",\N
"6820","nōnus","35976",\N,"29792",\N
"6821","dōnec","36077",\N,"14061",\N
"6822","orior","36451",\N,"31528",\N
"6823","sunt","37077",\N,"44529",\N
"6824","siēs","37167",\N,"42269",\N
"6825","canna","37700",\N,"6209",\N
"6826","glomus","38216",\N,"18845",\N
"6827","gelidus","38522",\N,"18551",\N
"6828","conger","39257",\N,"9769",\N
"6829","gustō","40442",\N,"19194",\N
"6830","grundiō","40775",\N,"19144",\N
"6831","folus","41981",\N,"17736",\N
"6832","galbinus","41985",\N,"18406",\N
"6833","hortor","42708",\N,"20124",\N
"6834","ēr","42974",\N,"15369",\N
"6835","hirsūtus","42990",\N,"19925",\N
"6836","exfūti","43094",\N,"16106",\N
"6837","heus","43431",\N,"19755",\N
"6838","iūs","46065",\N,"24328",\N
"6839","iugum","46102",\N,"24258",\N
"6840","iūgera","46138",\N,\N,\N
"6841","iūs","46309",\N,"24328",\N
"6842","iūdex","46315",\N,"24219",\N
"6843","cadāuer","46535",\N,"5696",\N
"6844","candidus","47040",\N,"6178",\N
"6845","cicindēla","47045",\N,"7607",\N
"6846","caterua","47448",\N,"6761",\N
"6847","caudex","47524",\N,"6827",\N
"6848","incūs","47528",\N,"21742",\N
"6849","sollicitus","47730",\N,"42727",\N
"6850","cūnae","47794",\N,"11337",\N
"6851","clandestīnus","48577",\N,"8100",\N
"6852","caluus","48651",\N,"6057",\N
"6853","nux","48887",\N,"30112",\N
"6854","cinis","48944",\N,"7689",\N
"6855","crepō","49483",\N,"11013",\N
"6856","carābus","49859",\N,"6411",\N
"6857","cernuus","49876",\N,"7202",\N
"6858","crēber","49972",\N,"10961",\N
"6859","concors","50088",\N,"9439",\N
"6860","equirria","50291",\N,"15354",\N
"6861","catillus","50463",\N,"6784",\N
"6862","caueō","50494",\N,"6901",\N
"6863","clepta","51388",\N,\N,\N
"6864","contrōuersia","51933",\N,"10396",\N
"6865","congius","51980",\N,"9788",\N
"6866","colurnus","52033",\N,"8791",\N
"6867","corpus","52221",\N,"10727",\N
"6868","crūdēlis","52289",\N,"11160",\N
"6869","quālis","53625",\N,"38208",\N
"6870","laetus","53987",\N,"24572",\N
"6871","Lār","54087",\N,"24781",\N
"6872","lābēs","54165",\N,"24409",\N
"6873","lignum","54350",\N,"25456",\N
"6874","lētum","54873",\N,"25221",\N
"6875","licet","55060",\N,"25412",\N
"6876","linquō","55096",\N,"25576",\N
"6877","soluō","55834",\N,"42761",\N
"6878","līberī","56067",\N,"25348",\N
"6879","lūgeō","56168",\N,"26011",\N
"6880","lūmen","56289",\N,"26028",\N
"6881","polūbrum","56527",\N,"35249",\N
"6882","mamilla","56636",\N,"26578",\N
"6883","mātrōna","57095",\N,"26983",\N
"6884","messor","57216",\N,"27600",\N
"6885","maximus","57588",\N,"27031",\N
"6886","macte","57599",\N,"26316",\N
"6887","mūnus","57675",\N,"28683",\N
"6888","minuō","57743",\N,"27886",\N
"6889","molō","58071",\N,"28176",\N
"6890","melca","58517",\N,\N,\N
"6891","mel","58544",\N,"27174",\N
"6892","monitor","58756",\N,"28238",\N
"6893","mēnsis","59005",\N,"27428",\N
"6894","murcus","59335",\N,"28696",\N
"6895","mergae","59413",\N,"27516",\N
"6896","marcor","59467",\N,"26788",\N
"6897","musca","60268",\N,"28745",\N
"6898","niteō","60715",\N,"29632",\N
"6899","neriōsus","61050",\N,\N,\N
"6900","nūtus","61192",\N,"30111",\N
"6901","īnfernus","61426",\N,"22207",\N
"6902","ōcissimus","61655",\N,"30723",\N
"6903","unguen","61876",\N,"47702",\N
"6904","inops","61950",\N,"22669",\N
"6905","Oscī","61954",\N,"31623",\N
"6906","opīnio","61978",\N,"31280",\N
"6907","osseum","62097",\N,\N,\N
"6908","pandus","62407",\N,"32124",\N
"6909","expedīre","62608",\N,"16264",\N
"6910","pēnūria","62641",\N,"33030",\N
"6911","pīla","62861",\N,"34691",\N
"6912","spīritus","62875",\N,"43103",\N
"6913","piscīna","62894",\N,"34803",\N
"6914","pleō","63127",\N,"35017",\N
"6915","triplus","63326",\N,"47084",\N
"6916","pēluis","63415",\N,"32920",\N
"6917","prŏ","64045",\N,"36688",\N
"6918","prō","64046",\N,"36688",\N
"6919","prō","64047",\N,"36688",\N
"6920","procul","64129",\N,"36804",\N
"6921","prōuincia","64155",\N,"37480",\N
"6922","comparāre","64312",\N,"9088",\N
"6923","reperiō","64329",\N,"39370",\N
"6924","Propertius","64332",\N,"37171",\N
"6925","perca","64509",\N,"33114",\N
"6926","penna","64830",\N,"32959",\N
"6927","pōdex","64992",\N,"35139",\N
"6928","proprius","65046",\N,"37233",\N
"6929","pila","65062",\N,"34691",\N
"6930","poste","65774",\N,"35533",\N
"6931","potis","65814",\N,"35646",\N
"6932","tilia","66107",\N,"46281",\N
"6933","rōbur","67693",\N,"39995",\N
"6934","sagmen","68011",\N,"40422",\N
"6935","insula","68036",\N,"23040",\N
"6936","sibus","68145",\N,"42195",\N
"6937","sūdus","68188",\N,"44380",\N
"6938","sīcīlis","69185",\N,"42232",\N
"6939","sēmi","69784",\N,"41532",\N
"6940","senectūs","69921",\N,"41732",\N
"6941","sarcina","70185",\N,"40735",\N
"6942","caiō","70499",\N,"5842",\N
"6943","scăbiēs","71404",\N,"40928",\N
"6944","corium","71946",\N,"10657",\N
"6945","crocina","72228",\N,\N,\N
"6946","scrobis","72276",\N,"41237",\N
"6947","scrībō","72497",\N,"41213",\N
"6948","scateō","72696",\N,"41023",\N
"6949","scaturriō","72699",\N,"41029",\N
"6950","cutis","72831",\N,"11511",\N
"6951","līueō","73657",\N,"25705",\N
"6952","mora","73942",\N,"28332",\N
"6953","nō","74058",\N,"29667",\N
"6954","cōnūbium","74422",\N,"10439",\N
"6955","prosperus","74747",\N,"37353",\N
"6956","spuō","75714",\N,"43201",\N
"6957","frīgeō","75948",\N,"18001",\N
"6958","caelestis","76054",\N,"5745",\N
"6959","stātor","76135",\N,"43323",\N
"6960","stabulum","76153",\N,"43258",\N
"6961","toga","76558",\N,"46405",\N
"6962","obstīpus","76699",\N,"30484",\N
"6963","sternāx","77138",\N,"43402",\N
"6964","stria","77574",\N,"43593",\N
"6965","strigilis","77576",\N,"43614",\N
"6966","sterilis","77743",\N,"43399",\N
"6967","suīnus","78161",\N,"44504",\N
"6968","sex","78512",\N,"42139",\N
"6969","sēdecim","78524",\N,"41410",\N
"6970","somnium","78801",\N,"42773",\N
"6971","tābeō","79044",\N,"45287",\N
"6972","taxō","79129",\N,"45549",\N
"6973","tēmētum","79651",\N,"45644",\N
"6974","templa","79720",\N,"45675",\N
"6975","tentus","79784",\N,"45749",\N
"6976","protinus","79794",\N,"37430",\N
"6977","tingō","79843",\N,"46322",\N
"6978","tenuis","79989",\N,"45756",\N
"6979","termes","80079",\N,"45822",\N
"6980","torrus","80566",\N,"46527",\N
"6981","tot","81116",\N,"46553",\N
"6982","uāra","82333",\N,"48059",\N
"6983","uadum","82376",\N,"47958",\N
"6984","uieō","83089",\N,"48732",\N
"6985","dīuidō","83545",\N,"13897",\N
"6986","uireō","83875",\N,"48878",\N
"6987","uoluō","84465",\N,"49187",\N
"6988","ualgus","84606",\N,"48005",\N
"6989","Venus","84780",\N,\N,\N
"6990","uarix","85060",\N,"48088",\N
"6991","brigantes","85145",\N,"5431",\N
"6992","perfines","113",\N,"33357",\N
"6993","ferō","170",\N,"17203",\N
"6994","fūgī","292",\N,"18143",\N
"6995","farciō","450",\N,"16945",\N
"6996","fuās","507",\N,"18123",\N
"6997","dīxī","649",\N,"13174",\N
"6998","dolō","725",\N,"13999",\N
"6999","reddere","1048",\N,"38925",\N
"7000","reddidī","1079",\N,"38925",\N
"7001","faueō","1243",\N,"17069",\N
"7002","genunt","1464",\N,"18742",\N
"7003","hiscō","1597",\N,"19936",\N
"7004","horreō","1650",\N,"20090",\N
"7005","dēfendō","2170",\N,"12068",\N
"7006","mulceō","2277",\N,"28489",\N
"7007","dēmpsī","2421",\N,"12420",\N
"7008","erciscō","2468",\N,"15385",\N
"7009","alere","2769",\N,"1884",\N
"7010","legō","2951",\N,"25077",\N
"7011","lēxī","2952",\N,"25077",\N
"7012","mingō","3252",\N,"27837",\N
"7013","cadō","3486",\N,"5707",\N
"7014","cēnseō","3594",\N,"7027",\N
"7015","dēclinō","3663",\N,"11931",\N
"7016","calō","4025",\N,"6025",\N
"7017","coluī","4339",\N,"8722",\N
"7018","colō","4358",\N,"8722",\N
"7019","legō","4507",\N,"25077",\N
"7020","lūdō","4596",\N,"26005",\N
"7021","micuī","5029",\N,"27717",\N
"7022","comminīscī","5137",\N,"8948",\N
"7023","maneō","5181",\N,"26642",\N
"7024","ēmūnxī","5300",\N,"15015",\N
"7025","pinxī","5587",\N,"34733",\N
"7026","compescō","5772",\N,"9138",\N
"7027","pungere","5825",\N,"37849",\N
"7028","pupugī","5827",\N,"37849",\N
"7029","cōnsulō","6561",\N,"10184",\N
"7030","scandī","6917",\N,"40991",\N
"7031","tondeō","7961",\N,"46444",\N
"7032","tumeō","8337",\N,"47301",\N
"7033","uellī","8712",\N,"48227",\N
"7034","ursī","8968",\N,"47795",\N
"7035","fissum","9162",\N,"17465",\N
"7036","reddere","9991",\N,"38925",\N
"7037","dōnum","10009",\N,"14066",\N
"7038","biduum","10267",\N,"5050",\N
"7039","factum","10803",\N,"16789",\N
"7040","prōgeniēs","11308",\N,"36950",\N
"7041","gnōbilis","11416",\N,"18908",\N
"7042","uīta","11771",\N,"48976",\N
"7043","comes","12222",\N,"8826",\N
"7044","exitium","12227",\N,"16173",\N
"7045","līber","12618",\N,"25339",\N
"7046","coāgulum","12974",\N,"8365",\N
"7047","iuxtā","14544",\N,"24379",\N
"7048","iunctor","14595",\N,"24280",\N
"7049","calor","14715",\N,"6027",\N
"7050","cor","14752",\N,"10598",\N
"7051","lippus","15238",\N,"25608",\N
"7052","macor","15608",\N,"26293",\N
"7053","mactus","15625",\N,"26319",\N
"7054","nāuis","16087",\N,"29203",\N
"7055","nāuium","16090",\N,"29203",\N
"7056","nepōs","16137",\N,"29377",\N
"7057","prōnepōs","16155",\N,"37107",\N
"7058","neptis","16159",\N,"29387",\N
"7059","nouissimus","16217",\N,"29896",\N
"7060","podium","16384",\N,"35145",\N
"7061","rubor","17035",\N,"40093",\N
"7062","rōbustus","17101",\N,"40000",\N
"7063","scobis","17647",\N,"41143",\N
"7064","iuxtā","17930",\N,"24379",\N
"7065","superstes","18010",\N,"44850",\N
"7066","stāmen","18080",\N,"43285",\N
"7067","status","18124",\N,"43338",\N
"7068","status","18168",\N,"43338",\N
"7069","statiō","18224",\N,"43317",\N
"7070","suodālēs","18378",\N,"42643",\N
"7071","insomnis","18494",\N,"22906",\N
"7072","sobrīnus","18556",\N,"42611",\N
"7073","coāgulum","19424",\N,"8365",\N
"7074","rēmigāre","19459",\N,"39237",\N
"7075","aestumō","19996",\N,"1331",\N
"7076","amma","20994",\N,\N,\N
"7077","ānsae","21494",\N,"2585",\N
"7078","antārium","21555",\N,"2604",\N
"7079","uēgrandis","22591",\N,"48173",\N
"7080","auxilis","23255",\N,\N,\N
"7081","fāma","24278",\N,"16887",\N
"7082","fābula","24280",\N,"16745",\N
"7083","fās","24281",\N,"16982",\N
"7084","farciō","24541",\N,"16945",\N
"7085","fissum","24852",\N,"17465",\N
"7086","perfinēs","24933",\N,"33357",\N
"7087","fulica","25017",\N,"18183",\N
"7088","fulgus","25383",\N,\N,\N
"7089","dēfendō","25519",\N,"12068",\N
"7090","ferō","25682",\N,"17203",\N
"7091","frōns","26374",\N,"18048",\N
"7092","fuam","26692",\N,\N,\N
"7093","bō","26695",\N,\N,\N
"7094","futāuit","26696",\N,\N,\N
"7095","flāmen","27062",\N,"17521",\N
"7096","flūctus","27293",\N,"17649",\N
"7097","frīuolus","27665",\N,"18033",\N
"7098","frōns","27700",\N,"18048",\N
"7099","lacrima","28301",\N,"24480",\N
"7100","quīdam","28417",\N,"38351",\N
"7101","dummodo","28427",\N,"14234",\N
"7102","biduum","28627",\N,"5050",\N
"7103","dignus","28878",\N,"13303",\N
"7104","dolō","29069",\N,"13999",\N
"7105","dolō","29131",\N,"13999",\N
"7106","dolō","29148",\N,"13999",\N
"7107","dominus","29367",\N,"14031",\N
"7108","domuī","29420",\N,\N,\N
"7109","ductiō","30531",\N,"14179",\N
"7110","dōnum","30799",\N,"14066",\N
"7111","dis","31219",\N,"13497",\N
"7112","condidī","31391",\N,"9555",\N
"7113","fatīgō","31579",\N,"17034",\N
"7114","fīlum","31910",\N,"17418",\N
"7115","fimbria","33276",\N,"17419",\N
"7116","emem","33888",\N,\N,\N
"7117","oinos","34171",\N,"30986",\N
"7118","exitium","34660",\N,"16173",\N
"7119","comes","34668",\N,"8826",\N
"7120","hōrnus","34769",\N,"20078",\N
"7121","ulna","35346",\N,"47546",\N
"7122","licinus","35420",\N,"25422",\N
"7123","emptiō","35512",\N,"14997",\N
"7124","operio","36236",\N,"31214",\N
"7125","sum","37071",\N,"44529",\N
"7126","estis","37076",\N,"44529",\N
"7127","esa","37246",\N,"15370",\N
"7128","glis","38351",\N,"18824",\N
"7129","galea","38613",\N,"18410",\N
"7130","glīs","38619",\N,"18824",\N
"7131","progenies","39066",\N,"36950",\N
"7132","gnōbilis","39192",\N,"18908",\N
"7133","grānum","39952",\N,"19046",\N
"7134","dēbeō","40844",\N,"11803",\N
"7135","praebeō","40845",\N,"35674",\N
"7136","habēnā","40848",\N,"19232",\N
"7137","haereō","40966",\N,"19287",\N
"7138","hīscō","41462",\N,"19936",\N
"7139","horreō","42982",\N,"20090",\N
"7140","hircus","42983",\N,"19911",\N
"7141","hirtus","42989",\N,"19931",\N
"7142","futtilis","43093",\N,"18361",\N
"7143","effūtiō","43096",\N,"14615",\N
"7144","faueo","43369",\N,"17069",\N
"7145","uīta","44253",\N,"48976",\N
"7146","carniuorus","44585",\N,"6518",\N
"7147","grauis","44683",\N,"19103",\N
"7148","grātia","44785",\N,"19062",\N
"7149","fīlum","45309",\N,"17418",\N
"7150","dēfendō","45491",\N,"12068",\N
"7151","iuuāre","46095",\N,"24378",\N
"7152","iuxtā","46167",\N,"24379",\N
"7153","coniunx","46169",\N,"9878",\N
"7154","iunctor","46187",\N,"24280",\N
"7155","Jūnō","46243",\N,"24292",\N
"7156","iouestōd","46312",\N,"24355",\N
"7157","cadō","46534",\N,"5707",\N
"7158","cōlō","46612",\N,"8722",\N
"7159","ceu","46669",\N,"7286",\N
"7160","particeps","47086",\N,"32437",\N
"7161","cunctus","47731",\N,"11353",\N
"7162","incolumis","48129",\N,"21511",\N
"7163","gladius","48183",\N,"18778",\N
"7164","calō","48315",\N,"6025",\N
"7165","cauillor","48440",\N,"6916",\N
"7166","calor","48481",\N,"6027",\N
"7167","clam","48576",\N,"8085",\N
"7168","caluāria","48656",\N,"6043",\N
"7169","cēnseō","49299",\N,"7027",\N
"7170","contus","49330",\N,"10431",\N
"7171","cornīx","49349",\N,"10680",\N
"7172","cor","50087",\N,"10598",\N
"7173","gracilis","50183",\N,"18956",\N
"7174","clangor","51143",\N,"8102",\N
"7175","clocca","51159",\N,\N,\N
"7176","illūc","51691",\N,"20671",\N
"7177","com","51920",\N,"8800",\N
"7178","serēnus","52466",\N,"41941",\N
"7179","neque","52928",\N,"29398",\N
"7180","triquetrus","52985",\N,"47099",\N
"7181","quiēs","53099",\N,"38358",\N
"7182","colō","53182",\N,"8722",\N
"7183","incola","53185",\N,"21506",\N
"7184","quae","53509",\N,"38474",\N
"7185","quot","53632",\N,"38516",\N
"7186","quid","53680",\N,"38350",\N
"7187","ut","53745",\N,"47864",\N
"7188","usquam","53749",\N,"47830",\N
"7189","lolium","53897",\N,"25779",\N
"7190","lardum","53985",\N,"24788",\N
"7191","lacūnar","54049",\N,"24524",\N
"7192","lascīuus","54086",\N,"24839",\N
"7193","lego","54345",\N,"25077",\N
"7194","lectus","54385",\N,"25046",\N
"7195","lītus","54769",\N,"25700",\N
"7196","lēnis","54874",\N,"25112",\N
"7197","lūdō","54929",\N,"26005",\N
"7198","obligātiō","55008",\N,"30263",\N
"7199","relicuos","55098",\N,"39174",\N
"7200","lippus","55156",\N,"25608",\N
"7201","lacinia","55371",\N,"24471",\N
"7202","lepidus","55635",\N,"25178",\N
"7203","līber","56058",\N,"25339",\N
"7204","Līber","56065",\N,"25339",\N
"7205","liber","56423",\N,"25339",\N
"7206","mōrōsus","57365",\N,"28395",\N
"7207","mactus","57598",\N,"26319",\N
"7208","commūnis","57678",\N,"9039",\N
"7209","minimus","57739",\N,"27846",\N
"7210","dīmicō","57854",\N,"13378",\N
"7211","mingō","57872",\N,"27837",\N
"7212","mola","58073",\N,"28126",\N
"7213","mulleus","58381",\N,"28518",\N
"7214","mulctra","58485",\N,"28494",\N
"7215","mulsus","58545",\N,"28529",\N
"7216","mulceō","58557",\N,"28489",\N
"7217","maneō","58844",\N,"26642",\N
"7218","marceō","59465",\N,"26774",\N
"7219","mūgil","59725",\N,"28477",\N
"7220","muticus","60332",\N,"28815",\N
"7221","nāuis","60429",\N,"29203",\N
"7222","neque","60499",\N,"29398",\N
"7223","perniciēs","60838",\N,"33709",\N
"7224","nepōs","60992",\N,"29377",\N
"7225","neptis","61005",\N,"29387",\N
"7226","nūtō","61191",\N,"30092",\N
"7227","nouālis","61326",\N,"29851",\N
"7228","ō","61450",\N,"30147",\N
"7229","odor","61480",\N,"30837",\N
"7230","ōsculum","62207",\N,"31639",\N
"7231","pāx","62349",\N,"32711",\N
"7232","pappus","62426",\N,"32222",\N
"7233","pāpa","62430",\N,"32197",\N
"7234","pāreō","62436",\N,"32338",\N
"7235","pedāre","62523",\N,"32813",\N
"7236","impediō","62607",\N,"20938",\N
"7237","plēmināre","63113",\N,\N,\N
"7238","plērīque","63134",\N,"35019",\N
"7239","plēmināre","63138",\N,\N,\N
"7240","plūrimus","63175",\N,"35103",\N
"7241","plouruma","63177",\N,"28613",\N
"7242","pollenta","63308",\N,\N,\N
"7243","palla","63398",\N,"31971",\N
"7244","penus","63628",\N,"33031",\N
"7245","penus","63629",\N,"33031",\N
"7246","quīntus","63722",\N,"38456",\N
"7247","prī","63920",\N,\N,\N
"7248","prīuātus","63933",\N,"36678",\N
"7249","polliceor","63992",\N,"35219",\N
"7250","portus","64268",\N,"35504",\N
"7251","pars","64316",\N,"32410",\N
"7252","portiō","64317",\N,"35489",\N
"7253","perītus","64371",\N,"33558",\N
"7254","porcus","64510",\N,"35449",\N
"7255","pulmō","65554",\N,"37780",\N
"7256","plautus","65596",\N,"34993",\N
"7257","Plautus","65597",\N,"34993",\N
"7258","pōtō","65699",\N,"35655",\N
"7259","porcus","65745",\N,"35449",\N
"7260","possum","65815",\N,"35532",\N
"7261","rēgula","66542",\N,"39130",\N
"7262","rogō","66545",\N,"40011",\N
"7263","rubor","67696",\N,"40093",\N
"7264","rubor","67699",\N,"40093",\N
"7265","rōdus","67774",\N,"40002",\N
"7266","sāga","67922",\N,"40392",\N
"7267","saeuus","67977",\N,"40391",\N
"7268","salum","68122",\N,"40554",\N
"7269","Sabīnī","68332",\N,"40278",\N
"7270","Sabelli","68333",\N,"40274",\N
"7271","sător","68770",\N,"40849",\N
"7272","saeculum","68792",\N,"40361",\N
"7273","sileō","68830",\N,"42332",\N
"7274","secespita","69117",\N,"41338",\N
"7275","scēna","69123",\N,"41046",\N
"7276","sequester","69238",\N,"41912",\N
"7277","insexit","69269",\N,"22830",\N
"7278","semel","69604",\N,"41518",\N
"7279","insertiō","70128",\N,"22821",\N
"7280","serpēns","70201",\N,"41980",\N
"7281","scītus","70660",\N,"41139",\N
"7282","calcō","71260",\N,"5914",\N
"7283","scobis","71406",\N,"41143",\N
"7284","scobīna","71407",\N,"41142",\N
"7285","hapia","71478",\N,\N,\N
"7286","obscūrus","72764",\N,"30394",\N
"7287","cūlus","72765",\N,"11312",\N
"7288","maxilla","73861",\N,"27025",\N
"7289","sum","74484",\N,"44529",\N
"7290","secespita","74673",\N,"41338",\N
"7291","specus","74841",\N,"43005",\N
"7292","obstināre","76012",\N,"30481",\N
"7293","superstes","76066",\N,"44850",\N
"7294","status","76071",\N,"43338",\N
"7295","statiō","76090",\N,"43317",\N
"7296","status","76103",\N,"43338",\N
"7297","naustibulum","76155",\N,"29168",\N
"7298","stāmen","76175",\N,"43285",\N
"7299","stī̆pendium","76702",\N,"43464",\N
"7300","lātus","76904",\N,"24946",\N
"7301","latus","76906",\N,"24946",\N
"7302","lāmina","76908",\N,"24632",\N
"7303","strīx","78060",\N,"43625",\N
"7304","solum","78641",\N,"42749",\N
"7305","insomnis","78798",\N,"22906",\N
"7306","supō","78819",\N,"44910",\N
"7307","sobrīnus","78962",\N,"42611",\N
"7308","sordidus","79019",\N,"42845",\N
"7309","tinea","79070",\N,"46317",\N
"7310","tolūtim","79501",\N,"46431",\N
"7311","tolerō","79502",\N,"46418",\N
"7312","lātus","79505",\N,"24946",\N
"7313","aestumō","79621",\N,"1331",\N
"7314","tondeō","79633",\N,"46444",\N
"7315","tōnsa","79634",\N,"46455",\N
"7316","tōnsillae","79962",\N,"46458",\N
"7317","tēnsa","79965",\N,"45732",\N
"7318","tūber","80686",\N,"47252",\N
"7319","tumeō","80783",\N,"47301",\N
"7320","tumidus","80784",\N,"47309",\N
"7321","tum","81079",\N,"47296",\N
"7322","turpis","81562",\N,"47402",\N
"7323","trūdis","81605",\N,"47217",\N
"7324","turma","81926",\N,"47388",\N
"7325","uēnsīca","82134",\N,"48535",\N
"7326","suprā","82191",\N,"44985",\N
"7327","uarius","82334",\N,"48087",\N
"7328","uectis","82990",\N,"48152",\N
"7329","uēles","82994",\N,"48201",\N
"7330","uiētus","83227",\N,"48735",\N
"7331","conuexus","84016",\N,"10494",\N
"7332","inuolūcrum","84467",\N,"23778",\N
"7333","lōrica","84600",\N,"25842",\N
"7334","uenustus","84781",\N,"48341",\N
"7335","uersus","85388",\N,"48483",\N
"7336","uersus","85390",\N,"48483",\N
"7337","operiō","85588",\N,"31214",\N
"7338","uērus","85904",\N,"48512",\N
"7339","Italia","86480",\N,"24049",\N
"7340","lupus","86638",\N,"26065",\N
"7341","uespa","86687",\N,"48541",\N
"7342","uōmis","86714",\N,"49197",\N
"7343","fulsī","340",\N,"18153",\N
"7344","flō","350",\N,"17599",\N
"7345","fremere","454",\N,"17952",\N
"7346","dūcō","859",\N,"14174",\N
"7347","trāxī","1342",\N,"46634",\N
"7348","suffire","1386",\N,"44426",\N
"7349","fūdī","1666",\N,"18247",\N
"7350","prehendī","1837",\N,"36556",\N
"7351","ussī","2551",\N,"47812",\N
"7352","uoueō","2667",\N,"49228",\N
"7353","auēre","2921",\N,"4460",\N
"7354","auxī","2926",\N,"4257",\N
"7355","runcō","3339",\N,"40183",\N
"7356","canō","3809",\N,"6219",\N
"7357","capiō","3832",\N,"6305",\N
"7358","caluor","3897",\N,"6056",\N
"7359","lūceō","4862",\N,"25886",\N
"7360","lūxī","4868",\N,"25886",\N
"7361","lūceo","4876",\N,"25886",\N
"7362","petō","5818",\N,"34238",\N
"7363","pauīre","5853",\N,"32701",\N
"7364","polleō","5867",\N,"35215",\N
"7365","taceō","6054",\N,"45321",\N
"7366","rapiō","6202",\N,"38630",\N
"7367","serpō","6653",\N,"41987",\N
"7368","serpsī","6657",\N,"41987",\N
"7369","scicidī","6841",\N,"41096",\N
"7370","scidi","6842",\N,"41096",\N
"7371","scatō","6884",\N,"41025",\N
"7372","scrīpsī","7042",\N,"41213",\N
"7373","spuī","7329",\N,"43201",\N
"7374","tonō","7548",\N,"46453",\N
"7375","attigās","7796",\N,"4150",\N
"7376","tulī","7883",\N,"47287",\N
"7377","torpēre","8084",\N,"46511",\N
"7378","uiēscō","8483",\N,"48733",\N
"7379","fors","9270",\N,"17838",\N
"7380","perendinō","10133",\N,"33299",\N
"7381","Iouis","10181",\N,"24293",\N
"7382","dīuus","10281",\N,"13935",\N
"7383","humilis","10530",\N,"20188",\N
"7384","figulus","10831",\N,"17390",\N
"7385","cognōmen","11327",\N,"8525",\N
"7386","hībernus","11471",\N,"19780",\N
"7387","bōs","11832",\N,"5317",\N
"7388","iteris","12237",\N,\N,\N
"7389","praetor","12249",\N,"36433",\N
"7390","uāstus","12650",\N,"48116",\N
"7391","agī","12880",\N,"1534",\N
"7392","iuuentūs","13082",\N,"24376",\N
"7393","anctus","13313",\N,"2445",\N
"7394","hālāre","13403",\N,"19333",\N
"7395","mictus","14348",\N,"27727",\N
"7396","mictus","14358",\N,"27727",\N
"7397","dēlictum","15226",\N,"12309",\N
"7398","macer","15619",\N,"26249",\N
"7399","membrum","15733",\N,"27322",\N
"7400","mortuus","15780",\N,"28422",\N
"7401","noctū","16026",\N,"29692",\N
"7402","nocturnus","16035",\N,"29699",\N
"7403","tripodāre","16357",\N,"47088",\N
"7404","peccāre","16398",\N,"32725",\N
"7405","paternus","16707",\N,"32567",\N
"7406","rūbius","17068",\N,"40082",\N
"7407","russus","17095",\N,"40226",\N
"7408","salīnum","17193",\N,"40477",\N
"7409","niuem","17676",\N,"29661",\N
"7410","lībripēns","17752",\N,"25390",\N
"7411","testis","18002",\N,"45922",\N
"7412","obstetrīx","18093",\N,"30476",\N
"7413","statum","18125",\N,\N,\N
"7414","superstitiō","18225",\N,"44852",\N
"7415","suāuior","18403",\N,"43760",\N
"7416","suāuitās","18423",\N,"43763",\N
"7417","socera","18458",\N,"42619",\N
"7418","agī","19420",\N,"1534",\N
"7419","aestuāre","19794",\N,"1341",\N
"7420","ollus","20422",\N,"31058",\N
"7421","anatīna","21238",\N,\N,\N
"7422","redōrdior","22100",\N,"38970",\N
"7423","argīla","22269",\N,"3398",\N
"7424","sollennis","22412",\N,"42716",\N
"7425","bucca","23958",\N,"5519",\N
"7426","Fabius","24310",\N,"16723",\N
"7427","confūtō","24617",\N,"9750",\N
"7428","flō","25190",\N,"17599",\N
"7429","offendō","25518",\N,"30917",\N
"7430","fors","25698",\N,"17838",\N
"7431","fretus","25846",\N,"17981",\N
"7432","moribundus","26718",\N,"28374",\N
"7433","fuluus","27349",\N,"18209",\N
"7434","barmbraccus","27496",\N,\N,\N
"7435","frūgī","28009",\N,"18069",\N
"7436","nōndum","28423",\N,"29766",\N
"7437","agedum","28424",\N,\N,\N
"7438","manedum","28425",\N,\N,\N
"7439","Iouis","28593",\N,"24293",\N
"7440","dīuus","28650",\N,"13935",\N
"7441","digitus","28825",\N,"13287",\N
"7442","dolor","29145",\N,"14001",\N
"7443","dōlium","29150",\N,"13998",\N
"7444","dūcō","30511",\N,"14174",\N
"7445","ductus","30532",\N,"14184",\N
"7446","fabrica","31263",\N,"16729",\N
"7447","fōculum","31655",\N,\N,\N
"7448","fauilla","31658",\N,"17071",\N
"7449","fauōnius","31659",\N,"17078",\N
"7450","febris","31660",\N,"17097",\N
"7451","figulus","31909",\N,"17390",\N
"7452","fōns","32152",\N,"17742",\N
"7453","fracēs","32249",\N,"17888",\N
"7454","frētus","32374",\N,"17981",\N
"7455","infestāre","32684",\N,"22224",\N
"7456","eius","33914",\N,"14679",\N
"7457","egō̆","34445",\N,"14640",\N
"7458","egō̆","34446",\N,"14640",\N
"7459","īmus","34601",\N,"21207",\N
"7460","ulmus","35118",\N,"47545",\N
"7461","olor","35180",\N,"31062",\N
"7462","līmen","35437",\N,"25488",\N
"7463","ulcus","35495",\N,"47533",\N
"7464","intimus","35676",\N,"23529",\N
"7465","enim","36025",\N,"15089",\N
"7466","Eprius","36187",\N,\N,\N
"7467","triresmom","36943",\N,\N,\N
"7468","aser","37299",\N,"3842",\N
"7469","uāstus","37410",\N,"48116",\N
"7470","uoueō","37537",\N,"49228",\N
"7471","gaudeō","37805",\N,"18513",\N
"7472","globus","38145",\N,"18833",\N
"7473","glamae","38238",\N,"18789",\N
"7474","glūtinō","38350",\N,"18879",\N
"7475","ingluuiēs","38515",\N,"22405",\N
"7476","gelum","38521",\N,"18559",\N
"7477","grōma","39179",\N,"19125",\N
"7478","gingīua","39261",\N,"18749",\N
"7479","grāmen","40660",\N,"18998",\N
"7480","grunniō","40776",\N,"19144",\N
"7481","haedus","40941",\N,"19267",\N
"7482","humilis","41203",\N,"20188",\N
"7483","hibernus","41757",\N,"19780",\N
"7484","ērīcius","42975",\N,"15420",\N
"7485","conuentiō","44015",\N,"10465",\N
"7486","butyrum","45011",\N,"5627",\N
"7487","bōs","45014",\N,"5317",\N
"7488","boue","45016",\N,\N,\N
"7489","ferus","45549",\N,"17246",\N
"7490","redimiō","45957",\N,"38946",\N
"7491","infula","45958",\N,"22351",\N
"7492","iuuentūs","46239",\N,"24376",\N
"7493","iuncus","46318",\N,"24283",\N
"7494","iūbilō","46426",\N,"24208",\N
"7495","cārus","46458",\N,"6576",\N
"7496","caesariēs","46750",\N,"5808",\N
"7497","calleō","46918",\N,"5983",\N
"7498","canō","47005",\N,"6219",\N
"7499","carmen","47007",\N,"6493",\N
"7500","capiō","47083",\N,"6305",\N
"7501","capēdo","47088",\N,"6280",\N
"7502","bicaps","47226",\N,"5033",\N
"7503","carīna","47320",\N,"6481",\N
"7504","catanus","47937",\N,\N,\N
"7505","columna","48029",\N,"8781",\N
"7506","caluor","48436",\N,"6056",\N
"7507","calumnia","48438",\N,"6036",\N
"7508","crōciō","49387",\N,"11106",\N
"7509","cremor","49676",\N,"10989",\N
"7510","creō","49970",\N,"10995",\N
"7511","crātis","50318",\N,"10952",\N
"7512","cauerna","50842",\N,"6902",\N
"7513","clīuius","51229",\N,"8238",\N
"7514","clingō","51339",\N,"8215",\N
"7515","claudus","51421",\N,"8147",\N
"7516","citrā","51714",\N,"8060",\N
"7517","cūra","51827",\N,"11412",\N
"7518","cacillāre","51840",\N,\N,\N
"7519","combrētum","52773",\N,"8816",\N
"7520","quā","53522",\N,"38073",\N
"7521","ubī̆","53741",\N,"47512",\N
"7522","utei","53747",\N,"47864",\N
"7523","Lollia","53889",\N,"25780",\N
"7524","lārgus","53986",\N,"24808",\N
"7525","līctor","55009",\N,"25429",\N
"7526","ligula","55037",\N,"25459",\N
"7527","dēlīrō","55209",\N,"12336",\N
"7528","lūceō","56275",\N,"25886",\N
"7529","collūcāre","56285",\N,"8691",\N
"7530","līnum","56479",\N,"25590",\N
"7531","Mātūta","56608",\N,"27012",\N
"7532","macer","56977",\N,"26249",\N
"7533","meus","57183",\N,"27699",\N
"7534","modus","57394",\N,"28096",\N
"7535","mulcō","58561",\N,"28492",\N
"7536","membrum","58630",\N,"27322",\N
"7537","ēmineō","58646",\N,"14943",\N
"7538","comminīscor","58750",\N,"8948",\N
"7539","mentior","58753",\N,"27456",\N
"7540","maena","58989",\N,"26355",\N
"7541","merus","59111",\N,"27561",\N
"7542","mortuus","59249",\N,"28422",\N
"7543","mercārī","59462",\N,"27496",\N
"7544","mū","60178",\N,"28457",\N
"7545","mūgiō","60233",\N,"28480",\N
"7546","nāssus","60399",\N,"29075",\N
"7547","nex","60833",\N,"29490",\N
"7548","nocturnus","60871",\N,"29699",\N
"7549","noctū","60872",\N,"29692",\N
"7550","nummus","60943",\N,"30029",\N
"7551","luscītiōsus","61265",\N,"26078",\N
"7552","num","61386",\N,"29988",\N
"7553","īnferus","61425",\N,"22214",\N
"7554","oleō","61483",\N,"31015",\N
"7555","octingentī","61644",\N,"30759",\N
"7556","peccāre","62604",\N,"32725",\N
"7557","pistillum","62863",\N,"34825",\N
"7558","plous","63171",\N,"28613",\N
"7559","plūs","63172",\N,"35105",\N
"7560","palpitō","63242",\N,"32036",\N
"7561","peruidēre","63874",\N,"34147",\N
"7562","prīscus","63926",\N,"36664",\N
"7563","propter","64131",\N,"37234",\N
"7564","postulō","64551",\N,"35599",\N
"7565","petō","64802",\N,"34238",\N
"7566","petulcus","64805",\N,"34265",\N
"7567","pugnus","64947",\N,"37744",\N
"7568","pilus","65061",\N,"34714",\N
"7569","pīpilō","65080",\N,"34771",\N
"7570","plōrāre","65119",\N,"35059",\N
"7571","placenta","65123",\N,"34876",\N
"7572","Plautios","65598",\N,"34992",\N
"7573","polleō","65729",\N,"35215",\N
"7574","post","65773",\N,"35533",\N
"7575","postumus","65781",\N,"35603",\N
"7576","pōne","65784",\N,"35364",\N
"7577","potior","65819",\N,"35644",\N
"7578","puella","65860",\N,"37688",\N
"7579","pūpa","66167",\N,"37860",\N
"7580","rāmentum","66454",\N,"38591",\N
"7581","rigor","66554",\N,"39936",\N
"7582","rēs","66893",\N,"39483",\N
"7583","uerēdus","66965",\N,"48389",\N
"7584","rapiō","67185",\N,"38630",\N
"7585","rătis","67296",\N,"38686",\N
"7586","rudis","67455",\N,"40124",\N
"7587","runcō","67506",\N,"40183",\N
"7588","runcō","67507",\N,"40183",\N
"7589","russus","67701",\N,"40226",\N
"7590","satis","67893",\N,"40838",\N
"7591","sagana","67923",\N,"40396",\N
"7592","nesapus","68142",\N,"29446",\N
"7593","sibī","68254",\N,"41320",\N
"7594","suad","68408",\N,"43723",\N
"7595","sagum","68634",\N,"40427",\N
"7596","sērus","68834",\N,"42017",\N
"7597","cōnsulere","69378",\N,"10184",\N
"7598","singuli","69596",\N,"42466",\N
"7599","sēmis","69785",\N,"41660",\N
"7600","seneciō","69922",\N,"41730",\N
"7601","serpō","70200",\N,"41987",\N
"7602","sūcus","70230",\N,"44362",\N
"7603","scabellum","70469",\N,"40925",\N
"7604","culter","70949",\N,"11302",\N
"7605","scalprum","71078",\N,"40966",\N
"7606","cardō","71635",\N,"6461",\N
"7607","circā","71699",\N,"7710",\N
"7608","crībrum","72446",\N,"11048",\N
"7609","scatō","72697",\N,"41025",\N
"7610","scatebra","72698",\N,"41022",\N
"7611","māla","73860",\N,"26469",\N
"7612","mereor","73961",\N,"27509",\N
"7613","neruus","74397",\N,"29444",\N
"7614","solidus","74554",\N,"42694",\N
"7615","sollus","74559",\N,"42731",\N
"7616","spīca","74615",\N,"43049",\N
"7617","spīna","74646",\N,"43063",\N
"7618","spīna","74649",\N,"43063",\N
"7619","despuō","75715",\N,"12815",\N
"7620","testis","76052",\N,"45922",\N
"7621","tonō","77087",\N,"46453",\N
"7622","tonitrus","77089",\N,"46452",\N
"7623","consternō","77136",\N,"10131",\N
"7624","prosternere","77669",\N,\N,\N
"7625","sterquilīnum","77767",\N,"43411",\N
"7626","tuditāre","77887",\N,"47327",\N
"7627","strangulō","78070",\N,"43543",\N
"7628","sūdō","78443",\N,"44375",\N
"7629","taceō","79158",\N,"45321",\N
"7630","tulī","79503",\N,"47287",\N
"7631","contemplāri","79721",\N,"10253",\N
"7632","tōlēs","79961",\N,\N,\N
"7633","prōtēlāre","79964",\N,"37399",\N
"7634","tetricus","80111",\N,"45972",\N
"7635","intertrīgō","80112",\N,"23475",\N
"7636","mantēle","80245",\N,"26704",\N
"7637","terminus","80373",\N,"45830",\N
"7638","tetrax","80606",\N,\N,\N
"7639","turgeō","80856",\N,"47372",\N
"7640","tongitiō","81161",\N,"46447",\N
"7641","testis","81381",\N,"45922",\N
"7642","sagana","81795",\N,"40396",\N
"7643","trulleum","81888",\N,"47222",\N
"7644","supernus","82194",\N,"44802",\N
"7645","supīnus","82248",\N,"44909",\N
"7646","uolēmum","82520",\N,\N,\N
"7647","uātēs","82596",\N,"48118",\N
"7648","uatāx","82617",\N,\N,\N
"7649","uascus","82620",\N,"48102",\N
"7650","uastus","82630",\N,"48116",\N
"7651","uēlōx","82993",\N,"48233",\N
"7652","uiēscō","83226",\N,"48733",\N
"7653","uissiō","83993",\N,"48965",\N
"7654","uiscum","83996",\N,"48955",\N
"7655","uultus","84129",\N,"49275",\N
"7656","mālō","84186",\N,"26556",\N
"7657","uerberāre","85152",\N,\N,\N
"7658","uerpa","85335",\N,"48445",\N
"7659","radius","85981",\N,"38577",\N
"7660","uitulus","86477",\N,"49038",\N
"7661","uitium","86518",\N,"49019",\N
"7662","findō","86",\N,"17426",\N
"7663","feriō","232",\N,"17192",\N
"7664","fremō","453",\N,"17952",\N
"7665","fruor","484",\N,"18090",\N
"7666","fruī","485",\N,"18090",\N
"7667","didicī","675",\N,"13535",\N
"7668","didicī","676",\N,"13535",\N
"7669","fēcī","1104",\N,"16772",\N
"7670","fundō","1667",\N,"18247",\N
"7671","fundō","1668",\N,"18247",\N
"7672","iī","2383",\N,"15166",\N
"7673","crēuī","3625",\N,\N,\N
"7674","crēuī","4102",\N,\N,\N
"7675","quiēscō","4461",\N,"38361",\N
"7676","lēgī","4510",\N,"25077",\N
"7677","polluī","4787",\N,"35243",\N
"7678","madeō","4892",\N,"26334",\N
"7679","madeō","4948",\N,"26334",\N
"7680","mittō","5040",\N,"28026",\N
"7681","pacunt","5550",\N,\N,\N
"7682","parō","5756",\N,"32386",\N
"7683","scabō","6846",\N,"40934",\N
"7684","quatiō","7059",\N,"38293",\N
"7685","sparsī","7378",\N,"42918",\N
"7686","tongēre","7969",\N,"46446",\N
"7687","torpeō","8083",\N,"46511",\N
"7688","tueor","8132",\N,"47278",\N
"7689","trūdō","8297",\N,"47218",\N
"7690","pollingō","8954",\N,"35230",\N
"7691","urgeō","8964",\N,"47795",\N
"7692","fū̆rtum","9368",\N,"18326",\N
"7693","fretum","9381",\N,"17980",\N
"7694","ferculum","9386",\N,"17178",\N
"7695","probus","9695",\N,"36728",\N
"7696","imbus","9696",\N,\N,\N
"7697","redditus","10041",\N,"38924",\N
"7698","Iuppiter","10178",\N,"24293",\N
"7699","Iūpiter","10179",\N,"24293",\N
"7700","diēī","10213",\N,"13215",\N
"7701","deiuos","10278",\N,"13935",\N
"7702","familia","10770",\N,"16905",\N
"7703","forās","11076",\N,"17758",\N
"7704","genta","11111",\N,"18594",\N
"7705","germen","11160",\N,"18684",\N
"7706","caprigenus","11234",\N,"6360",\N
"7707","nōtum","11361",\N,"29813",\N
"7708","īgnārus","11378",\N,"20502",\N
"7709","hiems","11447",\N,"19794",\N
"7710","trīmus","11482",\N,"47034",\N
"7711","initium","12228",\N,"22520",\N
"7712","equus","12380",\N,"15367",\N
"7713","uānus","12662",\N,"48043",\N
"7714","coāgmentum","12903",\N,"8361",\N
"7715","aeuus","13014",\N,"1371",\N
"7716","Neriō","13732",\N,"29419",\N
"7717","sēiuges","14505",\N,"41478",\N
"7718","māteria","15353",\N,"26948",\N
"7719","maiosibus","15562",\N,"26462",\N
"7720","magnus","15569",\N,"26447",\N
"7721","trinoctium","16016",\N,"47044",\N
"7722","nouior","16208",\N,"29906",\N
"7723","nouīcius","16220",\N,"29888",\N
"7724","tripēs","16264",\N,"47071",\N
"7725","coctū","16531",\N,"10595",\N
"7726","patrem","16631",\N,"32562",\N
"7727","Iuppiter","16666",\N,"24293",\N
"7728","rōs","16919",\N,"40028",\N
"7729","rotula","16977",\N,"40064",\N
"7730","sedum","17210",\N,"41439",\N
"7731","nīdus","17234",\N,"29542",\N
"7732","Seia","17438",\N,"41474",\N
"7733","pēnsus","17765",\N,"32990",\N
"7734","stolidus","18339",\N,"43505",\N
"7735","sūs","18567",\N,"45063",\N
"7736","uter","18909",\N,"47869",\N
"7737","ūmidus","18999",\N,"47614",\N
"7738","uīsiō","19108",\N,"48961",\N
"7739","aeuus","20092",\N,"1371",\N
"7740","ōlim","20426",\N,"31036",\N
"7741","ancrae","21405",\N,\N,\N
"7742","poliō","21811",\N,"35197",\N
"7743","ōrdior","22098",\N,"31474",\N
"7744","uter","22913",\N,"47869",\N
"7745","papae","23491",\N,"32198",\N
"7746","bēbō","23717",\N,\N,\N
"7747","būbō","23787",\N,"5505",\N
"7748","būteo","23794",\N,"5614",\N
"7749","findō","24851",\N,"17426",\N
"7750","uidubium","24946",\N,\N,\N
"7751","ferculum","25687",\N,"17178",\N
"7752","fretum","25845",\N,"17980",\N
"7753","feriō","25957",\N,"17192",\N
"7754","forāmen","25961",\N,"17755",\N
"7755","ferctum","26120",\N,"17177",\N
"7756","fremō","26401",\N,"17952",\N
"7757","bam","26693",\N,\N,\N
"7758","probus","26713",\N,"36728",\N
"7759","flāgitium","27050",\N,"17510",\N
"7760","blundus","27205",\N,\N,\N
"7761","fragilis","27590",\N,"17899",\N
"7762","refrīua","27664",\N,"39064",\N
"7763","frutex","27786",\N,"18112",\N
"7764","fruor","28010",\N,"18090",\N
"7765","indu","28461",\N,"21959",\N
"7766","Iuppiter","28590",\N,"24293",\N
"7767","dīum","28638",\N,\N,\N
"7768","indīcāre","28799",\N,"21845",\N
"7769","trIcontis","28999",\N,\N,\N
"7770","domitor","29422",\N,"14037",\N
"7771","dux","30524",\N,"14325",\N
"7772","ductim","30530",\N,"14178",\N
"7773","duīs","30828",\N,"14196",\N
"7774","du̯is","31066",\N,"14196",\N
"7775","infabrē","31262",\N,"22138",\N
"7776","familia","31537",\N,"16905",\N
"7777","fīgō","31856",\N,"17382",\N
"7778","fīnis","31860",\N,"17431",\N
"7779","figūra","31912",\N,"17391",\N
"7780","trāgula","32584",\N,"46625",\N
"7781","forās","33725",\N,"17758",\N
"7782","eh","33834",\N,\N,\N
"7783","ecce","33907",\N,"14396",\N
"7784","mēd","33909",\N,"27056",\N
"7785","ūnicus","34193",\N,"47727",\N
"7786","edulus","34339",\N,\N,\N
"7787","edūlis","34340",\N,"14497",\N
"7788","hem","34571",\N,"19556",\N
"7789","eh","34581",\N,\N,\N
"7790","iēns","34604",\N,"15166",\N
"7791","ĭī","34607",\N,"15166",\N
"7792","initium","34661",\N,"22520",\N
"7793","hei","34789",\N,"19493",\N
"7794","equus","35012",\N,"15367",\N
"7795","interior","35675",\N,"23276",\N
"7796","egone","36073",\N,\N,\N
"7797","quandōne","36079",\N,"38235",\N
"7798","uncō","36151",\N,"47640",\N
"7799","orīgo","36453",\N,"31523",\N
"7800","rīuālis","36560",\N,"39967",\N
"7801","rōs","36829",\N,"40028",\N
"7802","uānus","37397",\N,"48043",\N
"7803","subūcula","37426",\N,"44199",\N
"7804","glēba","38146",\N,"18816",\N
"7805","glūten","38349",\N,"18870",\N
"7806","gula","38507",\N,"19165",\N
"7807","germen","39017",\N,"18684",\N
"7808","caprigenus","39028",\N,"6360",\N
"7809","ignārus","39196",\N,"20502",\N
"7810","lactēs","40493",\N,"24500",\N
"7811","hēdus","40942",\N,"19267",\N
"7812","gaesātī","40974",\N,"18382",\N
"7813","hūmānus","41228",\N,"20173",\N
"7814","hiems","41776",\N,"19794",\N
"7815","trīmus","41809",\N,"47034",\N
"7816","helusa","41983",\N,"19990",\N
"7817","fundō","43099",\N,"18247",\N
"7818","bouis","45015",\N,"5355",\N
"7819","bouīle","45017",\N,"5348",\N
"7820","bubīle","45018",\N,"5502",\N
"7821","Iegius","45859",\N,\N,\N
"7822","iubeō","46257",\N,"24203",\N
"7823","uester","46394",\N,"48560",\N
"7824","cōlum","46611",\N,"8765",\N
"7825","callis","46957",\N,"6013",\N
"7826","camara","46967",\N,"6069",\N
"7827","capāx","47087",\N,"6279",\N
"7828","capsus","47095",\N,"6376",\N
"7829","cīmex","47907",\N,"7644",\N
"7830","cālidus","48246",\N,"5960",\N
"7831","celer","48270",\N,"6961",\N
"7832","calidus","48480",\N,"5960",\N
"7833","culleus","48563",\N,"11286",\N
"7834","nīdor","49052",\N,"29537",\N
"7835","cerebrum","49874",\N,"7179",\N
"7836","cernulus","49877",\N,"7200",\N
"7837","ceruīnus","49926",\N,"7246",\N
"7838","procērus","49969",\N,"36750",\N
"7839","sentis","50403",\N,"41783",\N
"7840","glōciō","51188",\N,"18835",\N
"7841","claudō","51420",\N,"8146",\N
"7842","claudeō","51422",\N,"8136",\N
"7843","ecce","51703",\N,"14396",\N
"7844","quatiō","52819",\N,"38293",\N
"7845","quīcumque","52947",\N,"38349",\N
"7846","quiēsco","53100",\N,"38361",\N
"7847","tranquīlus","53101",\N,"46660",\N
"7848","quārtus","53422",\N,"38274",\N
"7849","quī","53507",\N,"38342",\N
"7850","quoi","53508",\N,"38495",\N
"7851","cūr","53651",\N,"11411",\N
"7852","quī","53681",\N,"38342",\N
"7853","quīn","53682",\N,"38371",\N
"7854","quianam","53683",\N,"38344",\N
"7855","uter","53752",\N,"47869",\N
"7856","laedō","53994",\N,"24542",\N
"7857","labrum","54169",\N,"24436",\N
"7858","lēgātus","54359",\N,"25061",\N
"7859","liniō","54640",\N,"25567",\N
"7860","līra","55207",\N,"25637",\N
"7861","lacerta","55327",\N,"24457",\N
"7862","laciō","55353",\N,"24476",\N
"7863","lancinō","55372",\N,"24671",\N
"7864","lepōs","55636",\N,"25185",\N
"7865","lūcŭbrāre","56297",\N,"25966",\N
"7866","mātūrus","56610",\N,"27010",\N
"7867","mamma","56635",\N,"26582",\N
"7868","madeō","56697",\N,"26334",\N
"7869","mānō","56994",\N,"26684",\N
"7870","māteria","57097",\N,"26948",\N
"7871","mēd","57152",\N,"27056",\N
"7872","mēd","57172",\N,"27056",\N
"7873","mōs","57364",\N,"28428",\N
"7874","meditor","57393",\N,"27118",\N
"7875","magnus","57585",\N,"26447",\N
"7876","mūniō","57648",\N,"28673",\N
"7877","mītis","57815",\N,"28019",\N
"7878","remulcum","58343",\N,"39278",\N
"7879","prōmulgāre","58484",\N,"37091",\N
"7880","Mēna","59007",\N,"27353",\N
"7881","mergus","59839",\N,"27521",\N
"7882","mōlior","59879",\N,"28149",\N
"7883","mallum","59913",\N,\N,\N
"7884","mūrīnus","60308",\N,"28712",\N
"7885","nāsum","60398",\N,"29075",\N
"7886","noxa","60841",\N,"29908",\N
"7887","Neriō","61051",\N,"29419",\N
"7888","nūntium","61182",\N,"30065",\N
"7889","lusciōsus","61264",\N,"26076",\N
"7890","nouīcius","61329",\N,"29888",\N
"7891","octuāgintā","61627",\N,"30788",\N
"7892","pacunt","62348",\N,\N,\N
"7893","compāgēs","62353",\N,"9069",\N
"7894","pāgina","62354",\N,"31905",\N
"7895","pannus","62398",\N,"32160",\N
"7896","pāricīda","62446",\N,"32352",\N
"7897","pedisequus","62520",\N,"32807",\N
"7898","pecūnia","62944",\N,"32765",\N
"7899","popīna","63011",\N,"35386",\N
"7900","coctūra","63022",\N,"8430",\N
"7901","palumbēs","63460",\N,"32052",\N
"7902","penes","63630",\N,"32940",\N
"7903","probus","64116",\N,"36728",\N
"7904","pār","64310",\N,"32231",\N
"7905","parō","64311",\N,"32386",\N
"7906","parō","64334",\N,"32386",\N
"7907","pergula","64450",\N,"33444",\N
"7908","pernīs","64642",\N,"33697",\N
"7909","pauīmentum","64900",\N,"32700",\N
"7910","plancus","65127",\N,"34922",\N
"7911","plagula","65179",\N,"34909",\N
"7912","paullus","65851",\N,"32655",\N
"7913","parum","65855",\N,"32467",\N
"7914","porrum","66087",\N,"35468",\N
"7915","porrus","66088",\N,"35468",\N
"7916","rīma","66697",\N,"39939",\N
"7917","rīpa","66761",\N,"39948",\N
"7918","raccāre","66863",\N,"38554",\N
"7919","corrigium","66990",\N,"10750",\N
"7920","rotundus","67241",\N,"40071",\N
"7921","rotula","67284",\N,"40064",\N
"7922","rētae","67294",\N,"39637",\N
"7923","rūmor","67304",\N,"40170",\N
"7924","rutilus","67702",\N,"40251",\N
"7925","rūmen","67796",\N,"40152",\N
"7926","satur","67895",\N,"40859",\N
"7927","Sanquālis","68003",\N,"40685",\N
"7928","nīdus","68585",\N,"29542",\N
"7929","Seia","68617",\N,"41474",\N
"7930","segmen","69115",\N,"41450",\N
"7931","secūris","69119",\N,"41392",\N
"7932","sacēna","69122",\N,\N,\N
"7933","saltāre","69410",\N,"40544",\N
"7934","dēscīscō","70657",\N,"12719",\N
"7935","scabō","71403",\N,"40934",\N
"7936","crispō","71860",\N,"11079",\N
"7937","excrēmentum","72442",\N,"15996",\N
"7938","mūscerda","72550",\N,"28749",\N
"7939","būcerda","72552",\N,\N,\N
"7940","mīca","73745",\N,"27705",\N
"7941","mittō","73855",\N,"28026",\N
"7942","medullae","73989",\N,"27130",\N
"7943","prōnuba","74421",\N,"37118",\N
"7944","liēn","75021",\N,"25432",\N
"7945","praestōlarī","76060",\N,"36328",\N
"7946","latium","76909",\N,"24912",\N
"7947","stolidus","76937",\N,"43505",\N
"7948","tonitrū","77088",\N,"46449",\N
"7949","torpeō","77275",\N,"46511",\N
"7950","stercus","77765",\N,"43388",\N
"7951","sūs","78147",\N,"45063",\N
"7952","sermō","78831",\N,"41967",\N
"7953","suāsum","79028",\N,"43742",\N
"7954","temerō","79684",\N,"45642",\N
"7955","temperāre","79717",\N,"45665",\N
"7956","templum","79718",\N,"45675",\N
"7957","antemnā","79719",\N,"2651",\N
"7958","extrābunt","80364",\N,"16662",\N
"7959","torculum","80481",\N,"46488",\N
"7960","tueor","80628",\N,"47278",\N
"7961","turgiō","80858",\N,\N,\N
"7962","tantus","81076",\N,"45432",\N
"7963","trabēs","81245",\N,"46568",\N
"7964","tripēs","81325",\N,"47071",\N
"7965","trūdō","81604",\N,"47218",\N
"7966","trulla","81886",\N,"47221",\N
"7967","trucīdāre","82007",\N,"47212",\N
"7968","superus","82189",\N,"44880",\N
"7969","uacca","82515",\N,"47931",\N
"7970","Valerius","82519",\N,"47999",\N
"7971","uēlāre","82830",\N,"48229",\N
"7972","uehis","82988",\N,"48179",\N
"7973","uia","83292",\N,"48636",\N
"7974","uidua","83555",\N,"48729",\N
"7975","lānūgō","84291",\N,"24730",\N
"7976","Venethi","84775",\N,"48293",\N
"7977","rādīx","85979",\N,"38578",\N
"7978","uēneō","86363",\N,"48280",\N
"7979","urgeō","86761",\N,"47795",\N
"7980","fīdō","103",\N,"17372",\N
"7981","furō","237",\N,"18319",\N
"7982","fleō","348",\N,"17578",\N
"7983","dolēre","727",\N,"13987",\N
"7984","dūxī","866",\N,"14174",\N
"7985","foueō","995",\N,"17885",\N
"7986","gemō","1736",\N,"18584",\N
"7987","frendō","1978",\N,"17957",\N
"7988","ueniō","2048",\N,"48299",\N
"7989","uiuō","2132",\N,"49065",\N
"7990","ire","2361",\N,"15166",\N
"7991","meiō","3263",\N,"27173",\N
"7992","nītor","3427",\N,"29643",\N
"7993","occulō","3547",\N,"30682",\N
"7994","cliēns","3658",\N,"8204",\N
"7995","caedō","4013",\N,"5736",\N
"7996","cōniueō","4097",\N,"9842",\N
"7997","līquī","4668",\N,"25576",\N
"7998","metō","5268",\N,"27669",\N
"7999","adnūit","5467",\N,"2571",\N
"8000","parcō","5771",\N,"32316",\N
"8001","sternuō","6049",\N,"43405",\N
"8002","rigeō","6154",\N,"39928",\N
"8003","rŭdere","6213",\N,"40127",\N
"8004","inquit","6506",\N,"22694",\N
"8005","inquit","6517",\N,"22694",\N
"8006","sariō","6645",\N,"40776",\N
"8007","accendī","6925",\N,"313",\N
"8008","candeō","6927",\N,"6166",\N
"8009","nēs","7165",\N,"29354",\N
"8010","nāuī","7188",\N,"29667",\N
"8011","spondeō","7252",\N,"43150",\N
"8012","pependī","7259",\N,"32932",\N
"8013","sistō","7431",\N,"42552",\N
"8014","tagam","7795",\N,"45363",\N
"8015","torrēns","8106",\N,"46521",\N
"8016","tremō","8244",\N,"46871",\N
"8017","uigeō","8416",\N,"48737",\N
"8018","uertor","8876",\N,"48501",\N
"8019","uiēre","8942",\N,"48732",\N
"8020","ringī","9003",\N,"39947",\N
"8021","fūrō","9211",\N,"18319",\N
"8022","forte","9271",\N,"17847",\N
"8023","forda","9402",\N,"17765",\N
"8024","superbus","9697",\N,"44642",\N
"8025","dare","9990",\N,"13936",\N
"8026","Diouos","10175",\N,"24293",\N
"8027","interdiū","10185",\N,"23217",\N
"8028","dius","10242",\N,"13862",\N
"8029","Vēdius","10245",\N,\N,\N
"8030","orbis","10582",\N,"31429",\N
"8031","carnufex","10796",\N,"6513",\N
"8032","forum","11074",\N,"17865",\N
"8033","nātū","11202",\N,"29110",\N
"8034","nōtor","11339",\N,"29843",\N
"8035","hostia","11543",\N,"20143",\N
"8036","hostis","11550",\N,"20157",\N
"8037","uīuus","11752",\N,"49066",\N
"8038","formus","11935",\N,"17820",\N
"8039","fornus","11939",\N,"17834",\N
"8040","ianitrīcēs","12001",\N,"24137",\N
"8041","esu","12077",\N,\N,\N
"8042","itū","12282",\N,"24079",\N
"8043","itiō","12347",\N,"24072",\N
"8044","Eporedorix","12419",\N,"15330",\N
"8045","sōns","12454",\N,"42791",\N
"8046","exāmen","12904",\N,"15846",\N
"8047","iuuenta","13079",\N,"24373",\N
"8048","occa","13234",\N,"30623",\N
"8049","Nerō","13735",\N,"29424",\N
"8050","Cocles","14316",\N,"8418",\N
"8051","iuges","14514",\N,"24247",\N
"8052","sēiugis","14526",\N,"41478",\N
"8053","iuxtim","14533",\N,"24380",\N
"8054","dēcōtēs","14676",\N,"11963",\N
"8056","membrānum","15736",\N,"27311",\N
"8057","nāuī","16089",\N,"29667",\N
"8058","nouerca","16212",\N,"29879",\N
"8059","Pedum","16306",\N,"32821",\N
"8060","peda","16317",\N,"32774",\N
"8061","pedum","16332",\N,"32821",\N
"8062","pictus","16474",\N,"34656",\N
"8063","plānus","16742",\N,"34948",\N
"8064","dēses","17225",\N,"12743",\N
"8065","senior","17548",\N,"41745",\N
"8066","iuxtim","17931",\N,"24380",\N
"8067","sodālis","18377",\N,"42643",\N
"8068","suāsus","18397",\N,"43743",\N
"8069","suāsus","18417",\N,"43743",\N
"8070","socer","18446",\N,"42618",\N
"8071","tentor","18678",\N,"45745",\N
"8072","lutra","18937",\N,"26116",\N
"8073","exāmen","19444",\N,"15846",\N
"8074","aquifolium","20199",\N,"3129",\N
"8075","perācer","20295",\N,"33045",\N
"8076","occa","20352",\N,"30623",\N
"8077","Scandinauia","20401",\N,"40989",\N
"8078","uls","20417",\N,"47551",\N
"8079","abolēscere","20554",\N,"143",\N
"8080","albarus","20738",\N,\N,\N
"8081","Albia","20775",\N,\N,\N
"8082","ampla","20965",\N,\N,\N
"8083","uncus","21398",\N,"47650",\N
"8084","Orcus","22319",\N,"31459",\N
"8085","lutra","22914",\N,"26116",\N
"8086","ūrīnātor","22977",\N,"47801",\N
"8087","fascinum","23552",\N,"16996",\N
"8088","pūlex","24115",\N,"37758",\N
"8089","fīdō","24901",\N,"17372",\N
"8090","Dius","24906",\N,"13862",\N
"8091","mare","25012",\N,"26794",\N
"8092","Ζεὺς","25527",\N,\N,\N
"8093","forda","25696",\N,"17765",\N
"8094","forte","25699",\N,"17847",\N
"8095","reburrus","25948",\N,"38734",\N
"8096","frīgō","26132",\N,"18015",\N
"8097","frigō","26182",\N,"18015",\N
"8098","forctus","26284",\N,"20055",\N
"8099","superbus","26714",\N,"44642",\N
"8100","flagrum","27047",\N,"17520",\N
"8101","flagellum","27048",\N,"17504",\N
"8102","fleō","27070",\N,"17578",\N
"8103","flustra","27297",\N,"17670",\N
"8104","damnōsus","28164",\N,"11721",\N
"8105","dūmus","28285",\N,"14238",\N
"8106","quamde","28404",\N,"38218",\N
"8107","Vēdiū̆s","28603",\N,\N,\N
"8108","dius","28625",\N,"13862",\N
"8109","dīus","28637",\N,"13862",\N
"8110","ducentum","29036",\N,"14172",\N
"8111","duenos","30391",\N,"5301",\N
"8112","fabrē","31260",\N,"16725",\N
"8113","Faunus","31332",\N,"17056",\N
"8114","facilis","31405",\N,"16767",\N
"8115","foueō","31654",\N,"17885",\N
"8116","traha","32582",\N,"46630",\N
"8117","fūnus","32768",\N,"18273",\N
"8118","tūs","32881",\N,"47415",\N
"8119","furō","33265",\N,"18319",\N
"8120","forum","33727",\N,"17865",\N
"8121","edepō̆l","33836",\N,"14457",\N
"8122","tēd","33910",\N,"45579",\N
"8123","ei","33915",\N,"14654",\N
"8124","ea","33916",\N,"14348",\N
"8125","eam","33917",\N,"23980",\N
"8126","itiō","34662",\N,"24072",\N
"8127","ei","34788",\N,"14654",\N
"8128","hinuleus","35177",\N,"19846",\N
"8129","oblīquus","35459",\N,"30279",\N
"8130","upupa","36298",\N,"47768",\N
"8131","septeresmom","36944",\N,\N,\N
"8132","siet","37168",\N,"42269",\N
"8133","sōns","37190",\N,"42791",\N
"8134","induuium","37423",\N,"22020",\N
"8135","exuuiae","37424",\N,"16706",\N
"8136","gaudium","37806",\N,"18518",\N
"8137","glūtus","38516",\N,"18884",\N
"8138","gemō","38653",\N,"18584",\N
"8139","nātū","39002",\N,"29110",\N
"8140","nōtor","39176",\N,"29843",\N
"8141","grāculus","39553",\N,"18962",\N
"8142","lac","40491",\N,"24443",\N
"8143","grabātus","40670",\N,"18949",\N
"8144","nēgi","41349",\N,\N,\N
"8145","glēsum","42191",\N,"18820",\N
"8146","hīr","42812",\N,"19903",\N
"8147","ērināceus","42976",\N,"15429",\N
"8148","fordeum","43006",\N,"20061",\N
"8149","hīr","43038",\N,"19903",\N
"8150","hostis","43353",\N,"20157",\N
"8151","gradior","43580",\N,"18969",\N
"8152","frendō","43721",\N,"17957",\N
"8153","aduenam","43989",\N,\N,\N
"8154","ueniō","44001",\N,"48299",\N
"8155","uigēre","44221",\N,"48737",\N
"8156","uīuus","44232",\N,"49066",\N
"8157","uīuāx","44248",\N,"49050",\N
"8158","uiuō","44262",\N,"49065",\N
"8159","grātus","44787",\N,"19087",\N
"8160","formus","45582",\N,"17820",\N
"8161","fornus","45583",\N,"17834",\N
"8162","fax","45679",\N,"17085",\N
"8163","ianitrīcēs","45969",\N,"24137",\N
"8164","iunctus","46157",\N,"24282",\N
"8165","iūges","46175",\N,"24247",\N
"8166","cadūcus","46536",\N,"5714",\N
"8167","calliomarcus","46926",\N,\N,\N
"8168","camurus","46969",\N,"6125",\N
"8169","candeō","47037",\N,"6166",\N
"8170","caulus","47645",\N,"6837",\N
"8171","calamitas","48128",\N,"5860",\N
"8172","concilium","48319",\N,"9364",\N
"8173","occulō","48572",\N,"30682",\N
"8174","color","48573",\N,"8741",\N
"8175","cicātrīx","49235",\N,"7596",\N
"8176","cēnsus","49307",\N,"7038",\N
"8177","crōcō","49388",\N,"11110",\N
"8178","Cerēs","49964",\N,"7182",\N
"8179","Cerus","49966",\N,"7235",\N
"8180","cariēs","50006",\N,"6480",\N
"8181","caurus","51028",\N,"6853",\N
"8182","cliēns","51224",\N,"8204",\N
"8183","cōniueō","51632",\N,"9842",\N
"8184","nītor","51634",\N,"29643",\N
"8185","illīc","51690",\N,"20636",\N
"8186","cis","51711",\N,"8002",\N
"8187","crusta","52287",\N,"11186",\N
"8188","cuneus","52554",\N,"11360",\N
"8189","cachinnus","52900",\N,"5678",\N
"8190","que","52927",\N,"38311",\N
"8191","colōnus","53183",\N,"8739",\N
"8192","cui","53520",\N,\N,\N
"8193","quam","53526",\N,"38217",\N
"8194","quamde","53530",\N,"38218",\N
"8195","lāma","54063",\N,"24612",\N
"8196","legiō","54346",\N,"25065",\N
"8197","lēgāre","54358",\N,\N,\N
"8198","līma","54674",\N,"25474",\N
"8199","ligurrio","55035",\N,"25461",\N
"8200","lacessō","55354",\N,"24464",\N
"8201","lactō","55355",\N,"24512",\N
"8202","lentus","55561",\N,"25144",\N
"8203","lūx","56274",\N,"26122",\N
"8204","inlūtus","56522",\N,"22560",\N
"8205","diluuium","56525",\N,"13366",\N
"8206","metō","57215",\N,"27669",\N
"8207","meō","57701",\N,"27468",\N
"8208","nimius","57736",\N,"29595",\N
"8209","meiō","57871",\N,"27173",\N
"8210","remelīgō","58342",\N,"39225",\N
"8211","imminēre","58647",\N,"20824",\N
"8212","mantāre","58845",\N,"26721",\N
"8213","mannus","58859",\N,"26683",\N
"8214","marmor","59266",\N,"26836",\N
"8215","merges","59414",\N,"27517",\N
"8216","mundus","59572",\N,"28645",\N
"8217","mundus","59573",\N,"28645",\N
"8218","monīle","59969",\N,"28234",\N
"8219","mare","59995",\N,"26794",\N
"8220","murmurō","60039",\N,"28721",\N
"8221","mōrus","60120",\N,"28426",\N
"8222","brūma","60170",\N,"5470",\N
"8223","mūgilāre","60238",\N,\N,\N
"8224","nāris","60397",\N,"29032",\N
"8225","neu","60502",\N,"29472",\N
"8226","nitor","60717",\N,"29643",\N
"8227","Nerō","61052",\N,"29424",\N
"8228","nouerca","61323",\N,"29879",\N
"8229","nūper","61390",\N,"30066",\N
"8230","umerus","61801",\N,"47610",\N
"8231","pāstor","62290",\N,"32535",\N
"8232","pedum","62524",\N,"32821",\N
"8233","peda","62578",\N,"32774",\N
"8234","plērusque","63133",\N,"35025",\N
"8235","pleores","63173",\N,"28613",\N
"8236","pulsus","63253",\N,"37799",\N
"8237","pollen","63307",\N,"35211",\N
"8238","emplastrum","63528",\N,"14987",\N
"8239","plānus","63534",\N,"34948",\N
"8240","palmes","63559",\N,"32004",\N
"8241","procus","64563",\N,"36832",\N
"8242","pūrus","64878",\N,"37915",\N
"8243","repudium","64906",\N,"39450",\N
"8244","patrō","65045",\N,"32619",\N
"8245","pīpiō","65081",\N,"34773",\N
"8246","perplouēre","65441",\N,"33814",\N
"8247","plūma","65562",\N,"35069",\N
"8248","sternuō","66095",\N,"43405",\N
"8249","puppa","66168",\N,"37860",\N
"8250","rabiāre","66361",\N,"38543",\N
"8251","rāpīna","66369",\N,"38627",\N
"8252","rigeō","66552",\N,"39928",\N
"8253","rutellum","67397",\N,"40244",\N
"8254","rubēta","67440",\N,"40084",\N
"8255","rōbeus","67689",\N,"39983",\N
"8256","rōbius","67690",\N,"39997",\N
"8257","sāgus","67921",\N,"40429",\N
"8258","sodālis","68361",\N,"42643",\N
"8259","dēses","68506",\N,"12743",\N
"8260","saeta","68937",\N,"40377",\N
"8261","sēbum","69079",\N,"41330",\N
"8262","asignae","69124",\N,\N,\N
"8263","insectiōnēs","69268",\N,"22780",\N
"8264","cōnsilium","69377",\N,"10030",\N
"8265","simul","69603",\N,"42412",\N
"8266","sariō","70163",\N,"40776",\N
"8267","scabillum","70468",\N,"40930",\N
"8268","caedō","70494",\N,"5736",\N
"8269","scandula","70621",\N,"40992",\N
"8270","scalpō","71077",\N,"40964",\N
"8271","scelus","71226",\N,"41045",\N
"8272","calx","71259",\N,"6058",\N
"8273","crista","71848",\N,"11083",\N
"8274","crispus","71859",\N,"11081",\N
"8275","crux","71879",\N,"11195",\N
"8276","scramis","72395",\N,\N,\N
"8277","corbis","72577",\N,"10617",\N
"8278","macula","73726",\N,"26320",\N
"8279","nūbēs","74444",\N,"29919",\N
"8280","sapsa","74483",\N,"40728",\N
"8281","spondeō","75097",\N,"43150",\N
"8282","sistō","75962",\N,"42552",\N
"8283","socer","78485",\N,"42618",\N
"8284","sordeō","79018",\N,"42837",\N
"8285","trīticum","80107",\N,"47137",\N
"8286","trīcae","80115",\N,"46926",\N
"8287","tarmes","80439",\N,"45477",\N
"8288","torrēns","80568",\N,"46521",\N
"8289","tōmentum","80682",\N,"46436",\N
"8290","tūfa","80703",\N,"47279",\N
"8291","tutulus","80760",\N,"47455",\N
"8292","topper","81082",\N,"46481",\N
"8293","terni","81399",\N,"45834",\N
"8294","tremō","81438",\N,"46871",\N
"8295","amptruō","81889",\N,\N,\N
"8296","trux","82005",\N,"47238",\N
"8297","uāgiō","82404",\N,"47977",\N
"8298","uatius","82618",\N,"48132",\N
"8299","uēlum","82829",\N,"48234",\N
"8300","uectīgal","82992",\N,"48148",\N
"8301","uictima","83578",\N,"48702",\N
"8302","uix","83663",\N,"49067",\N
"8303","uiridis","83876",\N,"48921",\N
"8304","uīrus","83954",\N,"48943",\N
"8305","Vistula","83969",\N,"48969",\N
"8306","uoluntas","84184",\N,"49162",\N
"8307","uolua","84469",\N,"49186",\N
"8308","uerbera","85151",\N,"48361",\N
"8309","uertex","85387",\N,"48492",\N
"8310","rīdeō","85459",\N,"39914",\N
"8311","Vlpius","86666",\N,"47550",\N
"8312","feruō","240",\N,"17253",\N
"8313","frequēns","447",\N,"17964",\N
"8314","prōdō","601",\N,"36863",\N
"8315","dedī","615",\N,"13936",\N
"8316","reddō","1047",\N,"38925",\N
"8317","emō","2414",\N,"14960",\N
"8318","aī̆s","2706",\N,"1585",\N
"8319","regō","3304",\N,"39123",\N
"8320","queror","3798",\N,"38329",\N
"8321","querī","3799",\N,"38329",\N
"8322","cūdō","3853",\N,"11255",\N
"8323","cernō","4104",\N,"7197",\N
"8324","mānsī","5178",\N,"26642",\N
"8325","ē","5185",\N,"14347",\N
"8326","pāuī","5533",\N,"32486",\N
"8327","pangō","5542",\N,"32130",\N
"8328","pinsō","5623",\N,"34759",\N
"8329","pellō","5693",\N,"32897",\N
"8330","plectō","5914",\N,"35005",\N
"8331","inque","6507",\N,"22694",\N
"8332","inque","6518",\N,"22694",\N
"8333","cōnsuluī","6560",\N,"10184",\N
"8334","net","7166",\N,\N,\N
"8335","nat","7182",\N,"29667",\N
"8336","sīuī","8199",\N,"42481",\N
"8337","ualeō","8681",\N,"47996",\N
"8338","uellō","8713",\N,"48227",\N
"8339","uetāre","8930",\N,"48609",\N
"8340","iūbar","9121",\N,"24201",\N
"8341","dēditiō","10065",\N,"12033",\N
"8342","diēcula","10343",\N,"13213",\N
"8343","hemonem","10475",\N,\N,\N
"8344","Genita","11292",\N,"18630",\N
"8345","nōtus","11405",\N,"29849",\N
"8346","escas","12098",\N,\N,\N
"8347","equa","12406",\N,"15343",\N
"8348","ursus","13858",\N,"47816",\N
"8349","uēr","13997",\N,"48347",\N
"8350","iecur","14461",\N,"24154",\N
"8351","crūdus","15163",\N,"11167",\N
"8352","magis","15563",\N,"26397",\N
"8353","Maiia","15575",\N,"26457",\N
"8354","maciēs","15603",\N,"26287",\N
"8355","nūdus","16043",\N,"29962",\N
"8356","compēs","16285",\N,"9137",\N
"8357","pessum","16294",\N,"34189",\N
"8358","pessimus","16404",\N,"34185",\N
"8359","insidiae","17328",\N,"22841",\N
"8360","seges","17428",\N,"41442",\N
"8361","senex","17555",\N,"41736",\N
"8362","niuis","17675",\N,"29661",\N
"8363","suāuis","18390",\N,"43761",\N
"8364","sopor","18509",\N,"42817",\N
"8365","extorris","18848",\N,"16638",\N
"8366","ūrīna","19003",\N,"47798",\N
"8367","rēmigium","19460",\N,"39236",\N
"8368","ille","20431",\N,"20613",\N
"8369","apur","21649",\N,"3101",\N
"8370","puppis","21838",\N,"37869",\N
"8371","harundō","22365",\N,"19419",\N
"8372","uĕ","22673",\N,"48135",\N
"8373","ūrīna","22975",\N,"47798",\N
"8374","papula","23477",\N,"32223",\N
"8375","babaecalus","23492",\N,\N,\N
"8376","pampinus","23657",\N,"32075",\N
"8377","bēlāre","23719",\N,"4656",\N
"8378","frequēns","24543",\N,"17964",\N
"8379","fūsterna","24589",\N,"18344",\N
"8380","flōreō","25221",\N,"17609",\N
"8381","praefericulum","25688",\N,"35902",\N
"8382","ferentārius","25958",\N,"17180",\N
"8383","brīsa","26474",\N,"5437",\N
"8384","futūrus","26689",\N,"18365",\N
"8385","flāgitō","27049",\N,"17511",\N
"8386","conflūgēs","27295",\N,"9698",\N
"8387","flāuus","27347",\N,"17573",\N
"8388","tandem","28435",\N,"45415",\N
"8389","dēterior","28478",\N,"12891",\N
"8390","diēcula","28607",\N,"13213",\N
"8391","decus","28877",\N,"12004",\N
"8392","dēnsus","29562",\N,"12499",\N
"8393","dūdum","30492",\N,"14185",\N
"8394","reddō","30730",\N,"38925",\N
"8395","duplus","31096",\N,"14286",\N
"8396","facessō","31416",\N,"16760",\N
"8397","fēnus","31793",\N,"17169",\N
"8398","fictiō","31913",\N,"17330",\N
"8399","drungus","32470",\N,"14134",\N
"8400","fūnis","33443",\N,"18272",\N
"8401","is","33881",\N,"23980",\N
"8402","īs","33882",\N,"23980",\N
"8403","eapse","33923",\N,"14352",\N
"8404","cēterus","34050",\N,"7278",\N
"8405","eunt","34602",\N,"15166",\N
"8406","īuī","34608",\N,\N,\N
"8407","iānua","34748",\N,"24139",\N
"8408","equa","35034",\N,"15343",\N
"8409","ulua","35231",\N,"47580",\N
"8410","liquis","35460",\N,"25634",\N
"8411","emō","35497",\N,"14960",\N
"8412","inter","35668",\N,"23148",\N
"8413","nouem","35962",\N,"29869",\N
"8414","prorītāre","36562",\N,"37263",\N
"8415","sumus","37075",\N,"44529",\N
"8416","estōd","37178",\N,"44529",\N
"8417","et","37333",\N,"15564",\N
"8418","glūs","38348",\N,"18868",\N
"8419","gelus","38520",\N,"18559",\N
"8420","glacies","38551",\N,"18768",\N
"8421","Genita","38988",\N,"18630",\N
"8422","genitālis","38990",\N,"18632",\N
"8423","nōtus","39132",\N,"29849",\N
"8424","guttur","40097",\N,"19202",\N
"8425","hemōnem","41226",\N,\N,\N
"8426","hic","41316",\N,"19784",\N
"8427","īr","42813",\N,"23834",\N
"8428","īr","43037",\N,"23834",\N
"8429","uerū","44837",\N,"48504",\N
"8430","situs","45224",\N,"42587",\N
"8431","īlia","45735",\N,"20560",\N
"8432","iecur","45897",\N,"24154",\N
"8433","iubar","46260",\N,"24201",\N
"8434","caulae","46610",\N,"6832",\N
"8435","callus","46917",\N,\N,\N
"8436","ebulcalium","46928",\N,\N,\N
"8437","carinō","47247",\N,"6484",\N
"8438","catulus","47465",\N,"6815",\N
"8439","cūdō","47523",\N,"11255",\N
"8440","procella","48132",\N,"36740",\N
"8441","recellō","48133",\N,"38752",\N
"8442","clāmor","48322",\N,"8092",\N
"8443","cauilla","48439",\N,"6910",\N
"8444","incēnsa","49306",\N,"21383",\N
"8445","crābrō","49878",\N,"10900",\N
"8446","ceruēsia","49927",\N,"7240",\N
"8447","ceruīsia","49928",\N,"7247",\N
"8448","cerdō","50052",\N,"7173",\N
"8449","cracentēs","50182",\N,"10902",\N
"8450","cēterus","51686",\N,"7278",\N
"8451","hic","51687",\N,"19784",\N
"8452","citer","51712",\N,"8039",\N
"8453","corulus","52032",\N,"10800",\N
"8454","crūdus","52288",\N,"11167",\N
"8455","cucūlus","52565",\N,"11239",\N
"8456","conquināre","52612",\N,"8568",\N
"8457","queror","52814",\N,"38329",\N
"8458","quăsillus","52914",\N,"38278",\N
"8459","incolere","53184",\N,\N,\N
"8460","quia","53684",\N,"38343",\N
"8461","latex","54103",\N,"24882",\N
"8462","labium","54168",\N,"24418",\N
"8463","ligō","55007",\N,"25458",\N
"8464","ligūrio","55036",\N,"25461",\N
"8465","dēlīrus","55208",\N,"12337",\N
"8466","lacertus","55326",\N,"24460",\N
"8467","lacca","55328",\N,"24445",\N
"8468","lamia","55428",\N,"24631",\N
"8469","luēs","55835",\N,"26009",\N
"8470","lūgubris","56170",\N,"26013",\N
"8471","lautus","56521",\N,"24991",\N
"8472","mācerāre","56933",\N,"26257",\N
"8473","maciēs","56979",\N,"26287",\N
"8474","mēnsa","57259",\N,"27423",\N
"8475","modius","57397",\N,"28084",\N
"8476","magis","57586",\N,"26397",\N
"8477","mactō","57600",\N,"26318",\N
"8478","mūnis","57674",\N,"28674",\N
"8479","migrō","57912",\N,"27741",\N
"8480","milium","58210",\N,"27768",\N
"8481","multus","58350",\N,"28613",\N
"8482","mulcetra","58558",\N,"28490",\N
"8483","commentum","58754",\N,"8923",\N
"8484","monumentum","58757",\N,"28323",\N
"8485","sēmēnstris","59008",\N,"41527",\N
"8486","morētum","59268",\N,"28371",\N
"8487","morbus","59269",\N,"28355",\N
"8488","mercēs","59461",\N,"27493",\N
"8489","imbractum","59477",\N,\N,\N
"8490","mōtus","59689",\N,"28451",\N
"8491","mūcor","59723",\N,"28469",\N
"8492","mūtus","60188",\N,"28849",\N
"8493","muttō","60334",\N,"28833",\N
"8494","nāuigium","60424",\N,"29201",\N
"8495","nemus","60970",\N,"29350",\N
"8496","luscus","61262",\N,"26080",\N
"8497","nūdus","61341",\N,"29962",\N
"8498","optimus","61953",\N,"31379",\N
"8499","ornus","62069",\N,"31555",\N
"8500","pangō","62352",\N,"32130",\N
"8501","pānus","62410",\N,"32195",\N
"8502","pessum","62559",\N,"34189",\N
"8503","compes","62606",\N,"9137",\N
"8504","paeminōsus","62656",\N,"31869",\N
"8505","opīmus","62680",\N,"31275",\N
"8506","pīnsō","62858",\N,"34759",\N
"8507","pellō","63251",\N,"32897",\N
"8508","ōpilio","63255",\N,"31267",\N
"8509","puluis","63297",\N,"37825",\N
"8510","duplus","63324",\N,"14286",\N
"8511","palear","63366",\N,"31950",\N
"8512","pellīnus","63385",\N,"32890",\N
"8513","penetrō","63632",\N,"32947",\N
"8514","prīstinus","63928",\N,"36667",\N
"8515","prope","64130",\N,"37148",\N
"8516","prēlum","64396",\N,"36561",\N
"8517","perna","64641",\N,"33697",\N
"8518","petulans","64804",\N,"34263",\N
"8519","plectō","65228",\N,"35005",\N
"8520","plectō","65359",\N,"35005",\N
"8521","pōtus","65700",\N,"35662",\N
"8522","pōtus","65701",\N,"35662",\N
"8523","pūpus","66166",\N,"37872",\N
"8524","pussula","66199",\N,"37931",\N
"8525","pūteō","66261",\N,"37946",\N
"8526","regō","66537",\N,"39123",\N
"8527","ērigo","66538",\N,"15424",\N
"8528","rūgiō","67357",\N,"40142",\N
"8529","runcina","67509",\N,"40181",\N
"8530","Rutuli","67703",\N,"40255",\N
"8531","rūs","67811",\N,"40205",\N
"8532","ursus","67867",\N,"47816",\N
"8533","sācris","67990",\N,\N,\N
"8534","sanctus","68006",\N,"40638",\N
"8535","Samnītes","68336",\N,"40604",\N
"8536","sōlus","68402",\N,"42752",\N
"8537","seges","68616",\N,"41442",\N
"8538","situs","68829",\N,"42587",\N
"8539","cōnsul","69379",\N,"10178",\N
"8540","saltus","69408",\N,"40549",\N
"8541","sentīna","69540",\N,"41775",\N
"8542","senex","69915",\N,"41736",\N
"8543","sorbum","70110",\N,"42835",\N
"8544","sarpō","70171",\N,"40790",\N
"8545","sūtor","70427",\N,"45129",\N
"8546","concipilāre","71471",\N,\N,\N
"8547","circum","71698",\N,"7746",\N
"8548","cernō","72440",\N,"7197",\N
"8549","cūdō","72879",\N,"11255",\N
"8550","ligō","73414",\N,"25458",\N
"8551","sūra","74568",\N,"44990",\N
"8552","statuō","76104",\N,"43335",\N
"8553","stīpō","76698",\N,"43467",\N
"8554","strigōsus","77573",\N,"43617",\N
"8555","sterculīnum","77766",\N,"43411",\N
"8556","tudes","77886",\N,"47271",\N
"8557","suāuis","78237",\N,"43761",\N
"8558","sībilus","78312",\N,"42192",\N
"8559","sestus","78535",\N,"42115",\N
"8560","sŏpor","78762",\N,"42817",\N
"8561","surcellus","78887",\N,\N,\N
"8562","sūra","78888",\N,"44990",\N
"8563","sordes","79020",\N,"42838",\N
"8564","tābēscō","79045",\N,"45294",\N
"8565","tulam","79504",\N,"47295",\N
"8566","dētrīmentum","80106",\N,"12931",\N
"8567","tandem","81075",\N,"45415",\N
"8568","tremulus","81440",\N,"46874",\N
"8569","turdus","81647",\N,"47370",\N
"8570","tutubāre","81701",\N,"47453",\N
"8571","tū","81733",\N,"47247",\N
"8572","summus","82244",\N,"44580",\N
"8573","ualeō","82516",\N,"47996",\N
"8574","ūmectō","82910",\N,"47604",\N
"8575","ueia","82995",\N,\N,\N
"8576","uītis","83179",\N,"49017",\N
"8577","uitta","83182",\N,"49030",\N
"8578","uellō","84662",\N,"48227",\N
"8579","uarulus","85059",\N,\N,\N
"8580","rāmus","85980",\N,"38601",\N
"8581","uēr","86402",\N,"48347",\N
"8582","uītulor","86547",\N,"49037",\N
"8583","fidī","98",\N,"17426",\N
"8584","fulgeō","344",\N,"18162",\N
"8585","frēgī","424",\N,"17916",\N
"8586","fīerī","521",\N,"17438",\N
"8587","indulgeō","708",\N,"21990",\N
"8588","genuī","1454",\N,"18742",\N
"8589","glūpsī","1799",\N,"18864",\N
"8590","uenire","2049",\N,"48299",\N
"8591","uēnī","2053",\N,"48299",\N
"8592","edō","2321",\N,"14476",\N
"8593","edim","2323",\N,"14476",\N
"8594","est","2494",\N,"44529",\N
"8595","quaesō","2749",\N,"38191",\N
"8596","induī","2931",\N,"21996",\N
"8597","hauriō","2941",\N,"19437",\N
"8598","uergō","3137",\N,"48401",\N
"8599","olō","3187",\N,"31060",\N
"8600","mīxī","3270",\N,"27173",\N
"8601","careō","3628",\N,"6469",\N
"8602","cluere","3720",\N,"8277",\N
"8603","currō","3957",\N,"11460",\N
"8604","currere","3958",\N,"11460",\N
"8605","cupiō","4005",\N,"11391",\N
"8606","soluere","4836",\N,\N,\N
"8607","madēre","4893",\N,"26334",\N
"8608","mitat","5043",\N,"28026",\N
"8609","mūtō","5045",\N,"28833",\N
"8610","mandō","5280",\N,"26628",\N
"8611","pacīscor","5551",\N,"31826",\N
"8612","poposcī","6006",\N,"35509",\N
"8613","sedī","6308",\N,"41413",\N
"8614","fallō","6767",\N,"16869",\N
"8615","sternō","7551",\N,"43403",\N
"8616","sternō","7578",\N,"43403",\N
"8617","stupeō","7633",\N,"43689",\N
"8618","texō","7836",\N,"45996",\N
"8619","abstulās","7869",\N,"4250",\N
"8620","tetulī","7882",\N,"45978",\N
"8621","totondī","7962",\N,"46444",\N
"8622","torrēscō","8105",\N,"46524",\N
"8623","uult","8694",\N,"49125",\N
"8624","uortī","8889",\N,"48501",\N
"8625","uetuī","8926",\N,"48609",\N
"8626","fīsus","9181",\N,"17481",\N
"8627","lēuir","9886",\N,"25294",\N
"8628","datū","9980",\N,\N,\N
"8629","datiō","10064",\N,"11764",\N
"8630","diēs","10183",\N,"13215",\N
"8631","diēs","10211",\N,"13215",\N
"8632","interdius","10243",\N,"23218",\N
"8633","condere","10693",\N,"9555",\N
"8634","abdere","10694",\N,"48",\N
"8635","fictus","10834",\N,"17335",\N
"8636","genitor","11168",\N,"18634",\N
"8637","adgnātus","11264",\N,"1516",\N
"8638","gnātā","11279",\N,"18902",\N
"8639","nōtiō","11419",\N,"29836",\N
"8640","hostus","11542",\N,"20160",\N
"8641","bouem","11833",\N,"5317",\N
"8642","būcaeda","11835",\N,"5517",\N
"8643","hērem","12021",\N,"19673",\N
"8644","edō","12032",\N,"14476",\N
"8645","mediocris","13162",\N,"27097",\N
"8646","ouis","13759",\N,"31753",\N
"8647","stēlla","13935",\N,"43351",\N
"8648","sūcerdae","14810",\N,"44345",\N
"8649","leuis","15174",\N,"25295",\N
"8650","pedica","16395",\N,"32792",\N
"8651","coctus","16551",\N,"8432",\N
"8652","robosem","17036",\N,"40093",\N
"8653","sale","17174",\N,"40451",\N
"8654","praesidium","17327",\N,"36287",\N
"8655","tignum","17907",\N,"46274",\N
"8656","socrus","18430",\N,"42639",\N
"8657","exsomnis","18495",\N,"16491",\N
"8658","intentus","18692",\N,"23145",\N
"8659","terra","18846",\N,"45841",\N
"8660","trabs","18874",\N,"46570",\N
"8661","unda","18949",\N,"47651",\N
"8662","acēre","20141",\N,"417",\N
"8663","mediocris","20305",\N,"27097",\N
"8664","olitana","20427",\N,\N,\N
"8665","olitinata","20428",\N,\N,\N
"8666","alers","20496",\N,\N,\N
"8667","prōlētārius","20559",\N,"37005",\N
"8668","ungulus","21401",\N,"47713",\N
"8669","alers","21949",\N,\N,\N
"8670","ratiō","22004",\N,"38672",\N
"8671","unda","22907",\N,"47651",\N
"8672","ūrīnor","22976",\N,"47803",\N
"8673","Ostrogothae","23348",\N,"31710",\N
"8674","Austrogoti","23349",\N,\N,\N
"8675","ōlla","23391",\N,"31051",\N
"8676","hauriō","23473",\N,"19437",\N
"8677","fascināre","23553",\N,"16994",\N
"8678","dēbilis","23751",\N,"11805",\N
"8679","for","24275",\N,"17752",\N
"8680","diēs","24282",\N,"13215",\N
"8681","fastigium","24451",\N,"17017",\N
"8682","refūtō","24618",\N,"39084",\N
"8683","fulgeō","25381",\N,"18162",\N
"8684","forō","25960",\N,"17835",\N
"8685","fibrī","26081",\N,"17304",\N
"8686","fore","26691",\N,"17768",\N
"8687","perfungor","27020",\N,"33419",\N
"8688","fūcus","27488",\N,"18130",\N
"8689","fricō","27663",\N,"17991",\N
"8690","fundus","28034",\N,"18250",\N
"8691","lēuir","28290",\N,"25294",\N
"8692","duellum","28358",\N,"14191",\N
"8693","quidem","28433",\N,"38352",\N
"8694","diēs","28604",\N,"13215",\N
"8695","interdius","28626",\N,"23218",\N
"8696","causidicus","28804",\N,"6866",\N
"8697","decem","28953",\N,"11848",\N
"8698","dēnī","28954",\N,"12477",\N
"8699","decimus","29006",\N,"11907",\N
"8700","centēsimus","29041",\N,"7050",\N
"8701","indulgeō","29274",\N,"21990",\N
"8702","datiō","30795",\N,"11764",\N
"8703","duō","30829",\N,"14240",\N
"8704","duo","30981",\N,"14240",\N
"8705","effāfilātus","31265",\N,"14506",\N
"8706","abdere","31389",\N,"48",\N
"8707","condere","31390",\N,"9555",\N
"8708","fēcundus","31789",\N,"17115",\N
"8709","falx","32054",\N,"16886",\N
"8710","eis","33883",\N,"23980",\N
"8711","im","33886",\N,"20714",\N
"8712","ūnus","34170",\N,"47763",\N
"8713","edō","34236",\N,"14476",\N
"8714","itō","34696",\N,"24076",\N
"8715","lanx","35421",\N,"24733",\N
"8716","in","35560",\N,"21208",\N
"8717","interuias","35669",\N,\N,\N
"8718","interdius","35670",\N,"23218",\N
"8719","intestīnus","35677",\N,"23514",\N
"8720","nanctus","35859",\N,"29004",\N
"8721","ricinus","36806",\N,"39909",\N
"8722","ricinus","36807",\N,"39909",\N
"8723","est","37073",\N,"44529",\N
"8724","era","37245",\N,"15370",\N
"8725","ūbertās","37469",\N,"47509",\N
"8726","ganniō","37728",\N,"18476",\N
"8727","gibbus","37860",\N,"18737",\N
"8728","genitor","39012",\N,"18634",\N
"8729","ignōsco","39108",\N,"20551",\N
"8730","nōtiō","39166",\N,"29836",\N
"8731","nārrāre","39199",\N,"29047",\N
"8732","gerdius","40024",\N,"18673",\N
"8733","oculi","40703",\N,"30803",\N
"8734","grandō","40763",\N,"19038",\N
"8735","haesitāre","40967",\N,"19298",\N
"8736","cohors","42809",\N,"8552",\N
"8737","fallō","45352",\N,"16869",\N
"8738","furnus","45584",\N,"18318",\N
"8739","hā","45712",\N,"19231",\N
"8740","cassis","46514",\N,"6630",\N
"8741","callidus","46919",\N,"5996",\N
"8742","capula","47090",\N,"6402",\N
"8743","cassis","47446",\N,"6630",\N
"8744","casa","47447",\N,"6587",\N
"8745","callidus","48247",\N,"5996",\N
"8746","clāmō","48321",\N,"8091",\N
"8747","percontārī","49331",\N,"33171",\N
"8748","ceruus","49924",\N,"7251",\N
"8749","crēsco","49971",\N,"11021",\N
"8750","carius","50008",\N,\N,\N
"8751","currō","50288",\N,"11460",\N
"8752","cursus","50289",\N,"11474",\N
"8753","careō","50442",\N,"6469",\N
"8754","cubus","50626",\N,"11229",\N
"8755","cubō","50630",\N,"11228",\N
"8756","cauea","50845",\N,"6897",\N
"8757","cupiō","50997",\N,"11391",\N
"8758","clēmens","51225",\N,"8179",\N
"8759","clīuus","51228",\N,"8241",\N
"8760","cluō","51501",\N,"8277",\N
"8761","cluor","51553",\N,\N,\N
"8762","cluō","51599",\N,"8277",\N
"8763","cum","51919",\N,"11313",\N
"8764","culex","52548",\N,"11276",\N
"8765","quadrāgintā","53440",\N,"38083",\N
"8766","quom","53533",\N,"38499",\N
"8767","cum","53534",\N,"11313",\N
"8768","utra","53753",\N,"47869",\N
"8769","lārua","54088",\N,"24824",\N
"8770","lēx","54357",\N,"25306",\N
"8771","legūmen","54362",\N,"25081",\N
"8772","leuis","54517",\N,"25295",\N
"8773","lēuis","54668",\N,"25295",\N
"8774","lax","55358",\N,"25008",\N
"8775","laqueus","55359",\N,"24780",\N
"8776","lutum","55797",\N,"26120",\N
"8777","lūcerna","56281",\N,"25889",\N
"8778","illūstris","56295",\N,"20700",\N
"8779","māceria","56932",\N,"26252",\N
"8780","mētior","57258",\N,"27662",\N
"8781","moderāre","57396",\N,"28062",\N
"8782","mūtō","57994",\N,"28833",\N
"8783","mēns","58751",\N,"27422",\N
"8784","mēnstruus","59006",\N,"27435",\N
"8785","mandō","59066",\N,"26628",\N
"8786","marītus","59436",\N,"26828",\N
"8787","mandō","59530",\N,"26628",\N
"8788","muria","59619",\N,"28702",\N
"8789","mūcus","59722",\N,"28474",\N
"8790","mōlēs","59878",\N,"28135",\N
"8791","mūrex","60317",\N,"28699",\N
"8792","mūtō","60333",\N,"28833",\N
"8793","in","60565",\N,"21208",\N
"8794","nectō","60623",\N,"29269",\N
"8795","nūmen","61193",\N,"29998",\N
"8796","ēnsis","61440",\N,"15132",\N
"8797","ops","61947",\N,"31367",\N
"8798","Ops","61949",\N,"31367",\N
"8799","ōrō","61999",\N,"31556",\N
"8800","orbus","62012",\N,"31439",\N
"8801","ouis","62170",\N,"31753",\N
"8802","pedica","62603",\N,"32792",\N
"8803","pecten","62967",\N,"32729",\N
"8804","impleō","63129",\N,"21052",\N
"8805","plērus","63132",\N,"35024",\N
"8806","plēbēs","63135",\N,"34996",\N
"8807","pellis","63380",\N,"32895",\N
"8808","prīuus","63931",\N,"36687",\N
"8809","prōra","64154",\N,"37256",\N
"8810","porrō","64193",\N,"35467",\N
"8811","fariō","64502",\N,"16958",\N
"8812","patina","64708",\N,"32582",\N
"8813","putāre","64882",\N,"37959",\N
"8814","putāre","64894",\N,"37959",\N
"8815","pūgiō","64950",\N,"37729",\N
"8816","plaga","65178",\N,"34895",\N
"8817","plāga","65198",\N,"34895",\N
"8818","lancea","65224",\N,"24660",\N
"8819","Letauia","65243",\N,\N,\N
"8820","plaudō","65593",\N,"34977",\N
"8821","posterus","65778",\N,"35546",\N
"8822","pūssus","65881",\N,"37934",\N
"8823","prāuus","65895",\N,"36532",\N
"8824","prūrīre","66078",\N,"37527",\N
"8825","rēgīna","66549",\N,"39109",\N
"8826","rigidus","66553",\N,"39933",\N
"8827","ructō","67632",\N,"40108",\N
"8828","rūmis","67798",\N,"40167",\N
"8829","salix","68111",\N,"40496",\N
"8830","sānō","68133",\N,"40684",\N
"8831","nesapius","68141",\N,"29446",\N
"8832","suus","68300",\N,"45139",\N
"8833","solium","68499",\N,"42714",\N
"8834","salebra","69411",\N,"40452",\N
"8835","senēscō","69917",\N,"41735",\N
"8836","septem","70003",\N,"41820",\N
"8837","serum","70061",\N,"42016",\N
"8838","sorbus","70111",\N,"42836",\N
"8839","scintilla","70534",\N,"41099",\N
"8840","silex","70947",\N,"42336",\N
"8841","cappulāre","71470",\N,\N,\N
"8842","scōpiō","71525",\N,"41163",\N
"8843","scrūtor","72520",\N,"41264",\N
"8844","sūcerda","72551",\N,"44345",\N
"8845","spīnus","74650",\N,"43085",\N
"8846","spērō","74746",\N,"43021",\N
"8847","stabilis","76156",\N,"43250",\N
"8848","tīgnum","76599",\N,"46274",\N
"8849","stipula","76700",\N,"43469",\N
"8850","stēlla","77516",\N,"43351",\N
"8851","sternō","77668",\N,"43403",\N
"8852","strāmen","77670",\N,"43531",\N
"8853","stupeō","77927",\N,"43689",\N
"8854","socrus","78486",\N,"42639",\N
"8855","sonere","78678",\N,\N,\N
"8856","susurrus","78856",\N,"45124",\N
"8857","texō","79346",\N,"45996",\N
"8858","testa","79351",\N,"45901",\N
"8859","tēmulentus","79652",\N,"45690",\N
"8860","trībulum","80109",\N,"46911",\N
"8861","tormentum","80479",\N,"46496",\N
"8862","terra","80569",\N,"45841",\N
"8863","tullius","80736",\N,"47293",\N
"8864","Tullius","80738",\N,"47293",\N
"8865","obtūrō","80854",\N,"30577",\N
"8866","trabs","81244",\N,"46570",\N
"8867","sarcophagus","82001",\N,"40747",\N
"8868","truculentus","82006",\N,"47216",\N
"8869","ululāre","82153",\N,"47578",\N
"8870","ulula","82154",\N,"47573",\N
"8871","uārus","82330",\N,"48091",\N
"8872","uae","82453",\N,"47960",\N
"8873","uigil","82873",\N,"48742",\N
"8874","ūuidus","82902",\N,"47917",\N
"8875","uītex","83180",\N,"48992",\N
"8876","uicis","83750",\N,"48696",\N
"8877","Visurgis","83965",\N,"48974",\N
"8878","uulgus","84279",\N,"49240",\N
"8879","uapiō","84965",\N,\N,\N
"8880","uarus","85056",\N,"48091",\N
"8881","uergō","85209",\N,"48401",\N
"8882","uermina","85210",\N,"48423",\N
"8883","ueprēs","85334",\N,"48345",\N
"8884","uortex","85386",\N,"49218",\N
"8885","ueterīnus","86476",\N,"48602",\N
"8887","indulsī","712",\N,"21990",\N
"8888","dormiō","915",\N,"14077",\N
"8889","operire","2287",\N,"31214",\N
"8890","olēre","2775",\N,"904",\N
"8891","ambulāre","2798",\N,"2097",\N
"8892","unguō","2831",\N,"47714",\N
"8893","unguō","2832",\N,"47714",\N
"8894","cēueō","3817",\N,"7291",\N
"8895","micō","5031",\N,"27717",\N
"8896","moluī","5097",\N,"28176",\N
"8897","morior","5229",\N,"28384",\N
"8898","mergere","5264",\N,"27519",\N
"8899","mergere","5265",\N,"27519",\N
"8900","noceō","5416",\N,"29678",\N
"8901","pingō","5586",\N,"34733",\N
"8902","piget","5588",\N,"34668",\N
"8903","pectō","5636",\N,"32738",\N
"8904","plangō","5892",\N,"34929",\N
"8905","ērūgō","6236",\N,"15492",\N
"8906","sidō","6299",\N,"42265",\N
"8907","serō","6364",\N,"41978",\N
"8908","sinō","6377",\N,"42481",\N
"8909","inseque","6509",\N,"22809",\N
"8910","serō","6633",\N,"41978",\N
"8911","sarciō","6649",\N,"40743",\N
"8912","langueō","7070",\N,"24682",\N
"8913","niuit","7195",\N,"29658",\N
"8914","tundō","7607",\N,"47327",\N
"8915","studeō","7609",\N,"43673",\N
"8916","sonō","7739",\N,"42786",\N
"8917","sonō","7745",\N,"42786",\N
"8918","teneō","7947",\N,"45718",\N
"8919","tuor","8130",\N,"47336",\N
"8920","sinō","8195",\N,"42481",\N
"8921","pōnō","8196",\N,"35365",\N
"8922","uehō","8428",\N,"48183",\N
"8923","ūuēscō","8457",\N,"47914",\N
"8924","uirēre","8609",\N,"48878",\N
"8925","frāter","9561",\N,"17917",\N
"8926","tribus","9692",\N,"46918",\N
"8927","dubius","9704",\N,"14161",\N
"8928","dator","9960",\N,"11768",\N
"8929","herī̆","10093",\N,"19674",\N
"8930","here","10094",\N,"19663",\N
"8931","hesternus","10095",\N,"19742",\N
"8932","nūndinum","10131",\N,"30057",\N
"8933","Diouem","10173",\N,"13439",\N
"8934","deus","10280",\N,"12947",\N
"8935","homōnem","10476",\N,"20003",\N
"8936","fēriae","10709",\N,"17187",\N
"8937","prīuignus","11136",\N,"36683",\N
"8938","gnāuus","11254",\N,"29211",\N
"8939","ignōtu","11363",\N,"20552",\N
"8940","ignōtus","11406",\N,"20552",\N
"8941","leibertās","12630",\N,"25351",\N
"8942","arguere","13496",\N,"3420",\N
"8943","ōs","14398",\N,"31617",\N
"8944","pariēs","14488",\N,"32355",\N
"8945","coniux","14503",\N,"9882",\N
"8946","quadriiugis","14525",\N,"38132",\N
"8947","cānus","14662",\N,"6272",\N
"8948","cōs","14675",\N,"10836",\N
"8949","ingēns","15549",\N,"22387",\N
"8950","mors","15741",\N,"28399",\N
"8951","nebula","15928",\N,"29231",\N
"8952","nouitās","16214",\N,"29897",\N
"8953","pēior","16302",\N,"32833",\N
"8954","piger","16480",\N,"34667",\N
"8955","patris","16632",\N,"32562",\N
"8956","palam","16727",\N,"31931",\N
"8957","proprītim","16840",\N,"37232",\N
"8958","rotulus","16978",\N,"40064",\N
"8959","senis","17539",\N,"41736",\N
"8960","statū","18126",\N,\N,\N
"8961","loca","18298",\N,\N,\N
"8962","īlicō","18299",\N,"20568",\N
"8963","stultus","18336",\N,"43685",\N
"8964","extentus","18717",\N,"16596",\N
"8965","opulus","20210",\N,"31394",\N
"8966","ollī","20424",\N,"20613",\N
"8967","subolēs","20557",\N,"44023",\N
"8968","pōnō","21810",\N,"35365",\N
"8969","aulla","23389",\N,"31051",\N
"8970","būtio","23793",\N,"5619",\N
"8971","fāsti","24283",\N,"17004",\N
"8972","fodicāre","24689",\N,"17700",\N
"8973","fulcrum","25264",\N,"18156",\N
"8974","flamma","25378",\N,"17531",\N
"8975","fertōrius","25690",\N,"17237",\N
"8976","fiber","26080",\N,"17304",\N
"8977","frāxinus","26228",\N,"17947",\N
"8978","dubius","26711",\N,"14161",\N
"8979","dēfungor","27019",\N,"12165",\N
"8980","frāter","27507",\N,"17917",\N
"8981","frustum","27906",\N,"18108",\N
"8982","dum","28420",\N,"14228",\N
"8983","īdem","28431",\N,"20468",\N
"8984","donique","28440",\N,"14064",\N
"8985","dē","28472",\N,"11777",\N
"8986","deus","28649",\N,"12947",\N
"8987","trigintā","28998",\N,"47010",\N
"8988","quadringentī","29040",\N,"38147",\N
"8989","dolābra","29149",\N,"13976",\N
"8990","longus","29304",\N,"25822",\N
"8991","depsō","29569",\N,"12644",\N
"8992","dum","30496",\N,"14228",\N
"8993","doucō","30512",\N,"14174",\N
"8994","lingua","30650",\N,"25548",\N
"8995","dător","30777",\N,"11768",\N
"8996","dormiō","30861",\N,"14077",\N
"8997","bi","31027",\N,"5142",\N
"8998","dubius","31033",\N,"14161",\N
"8999","duplex","31104",\N,"14275",\N
"9000","firmus","32379",\N,"17454",\N
"9001","manifestus","32685",\N,"26667",\N
"9002","fēriae","32708",\N,"17187",\N
"9003","fraus","33684",\N,"17942",\N
"9004","utī","34121",\N,"47877",\N
"9005","Aius","34427",\N,"1588",\N
"9006","intrā","35672",\N,"23551",\N
"9007","nebula","35779",\N,"29231",\N
"9008","nactus","35858",\N,"28984",\N
"9009","nemut","36064",\N,"29351",\N
"9010","onerāre","36142",\N,"31151",\N
"9011","oportet","36237",\N,"31311",\N
"9012","ortus","36452",\N,"31610",\N
"9013","uacō","37398",\N,"47946",\N
"9014","induuiae","37422",\N,"22019",\N
"9015","ingēns","38994",\N,"22387",\N
"9016","prīuignus","39054",\N,"36683",\N
"9017","ignōtus","39143",\N,"20552",\N
"9018","notō","39146",\N,"29842",\N
"9019","grex","39435",\N,"19119",\N
"9020","faedus","40943",\N,"19267",\N
"9021","hasta","41079",\N,"19427",\N
"9022","herī̆","41271",\N,"19674",\N
"9023","herĕ","41272",\N,"19663",\N
"9024","hesternus","41273",\N,"19742",\N
"9025","heluus","41978",\N,"19554",\N
"9026","holus","41980",\N,"19990",\N
"9027","haruspex","42838",\N,"19421",\N
"9028","effūsī","43095",\N,"14608",\N
"9029","inuentus","44011",\N,"23692",\N
"9030","fornāx","45585",\N,"17825",\N
"9031","sacer","45790",\N,"40310",\N
"9032","coniux","46166",\N,"9882",\N
"9033","iūgis","46174",\N,"24247",\N
"9034","cohum","46613",\N,"8562",\N
"9035","captus","47098",\N,"6399",\N
"9036","cancer","47315",\N,"6151",\N
"9037","cānus","47408",\N,"6272",\N
"9038","cauannus","47573",\N,"6890",\N
"9039","cicuma","47606",\N,"7614",\N
"9040","caurīre","47619",\N,"6852",\N
"9041","cos","47934",\N,"10836",\N
"9042","celsus","48025",\N,"6996",\N
"9043","columen","48027",\N,"8779",\N
"9044","se","48131",\N,"41320",\N
"9045","cālīgo","48249",\N,"5969",\N
"9046","cēlō","48574",\N,"6991",\N
"9047","cingō","49229",\N,"7684",\N
"9048","crātiō","50320",\N,"10950",\N
"9049","sentus","50404",\N,"41788",\N
"9050","cēueō","50916",\N,"7291",\N
"9051","clāuis","51417",\N,"8165",\N
"9052","clāuiculae","51418",\N,"8163",\N
"9053","hīsce","51688",\N,"19784",\N
"9054","costa","52042",\N,"10854",\N
"9055","culcita","52726",\N,"11270",\N
"9056","culcita","52761",\N,"11270",\N
"9057","collus","53189",\N,"8702",\N
"9058","Quorta","53423",\N,"38274",\N
"9059","cottīdiē","53634",\N,"10878",\N
"9060","quirquir","53653",\N,\N,\N
"9061","utī","53746",\N,"47877",\N
"9062","utrum","53754",\N,"47910",\N
"9063","laetāre","53988",\N,"24569",\N
"9064","laeuus","54003",\N,"24583",\N
"9065","limbus","54248",\N,"25487",\N
"9066","pollicērī","55062",\N,"35219",\N
"9067","lapit","55637",\N,\N,\N
"9068","lapis","55660",\N,"24763",\N
"9069","reluō","55833",\N,"39206",\N
"9070","lubīdo","55972",\N,"25868",\N
"9071","lūstrō","56293",\N,"26097",\N
"9072","deus","57593",\N,"12947",\N
"9073","micō","57853",\N,"27717",\N
"9074","malleus","58084",\N,"26547",\N
"9075","mamphur","59042",\N,"26596",\N
"9076","morior","59205",\N,"28384",\N
"9077","mors","59231",\N,"28399",\N
"9078","margō","59387",\N,"26810",\N
"9079","marcidus","59466",\N,"26781",\N
"9080","manipulus","59535",\N,"26678",\N
"9081","mussāre","60231",\N,"28784",\N
"9082","conmūgentō","60234",\N,"9025",\N
"9083","necō","60835",\N,"29254",\N
"9084","interneciēs","60839",\N,"23346",\N
"9085","noceō","60840",\N,"29678",\N
"9086","nouitās","61328",\N,"29897",\N
"9087","olefaciō","61482",\N,"31005",\N
"9088","octō","61609",\N,"30763",\N
"9089","unguō","61872",\N,"47714",\N
"9090","omnis","61957",\N,"31126",\N
"9091","inopīnus","61986",\N,"22665",\N
"9092","os","62108",\N,"31617",\N
"9093","ōs","62200",\N,"31617",\N
"9094","pālus","62351",\N,"32057",\N
"9095","pectus","62619",\N,"32742",\N
"9096","patior","62642",\N,"32585",\N
"9097","pingō","62752",\N,"34733",\N
"9098","piget","62798",\N,"34668",\N
"9099","piger","62799",\N,"34667",\N
"9100","pistor","62859",\N,"34828",\N
"9101","pīlum","62862",\N,"34711",\N
"9102","pectō","62966",\N,"32738",\N
"9103","palus","63070",\N,"32057",\N
"9104","compleō","63128",\N,"9167",\N
"9105","manipulus","63137",\N,"26678",\N
"9106","puls","63293",\N,"37792",\N
"9107","simplus","63323",\N,"42407",\N
"9108","duplex","63325",\N,"14275",\N
"9109","palam","63510",\N,"31931",\N
"9110","penitus","63631",\N,"32957",\N
"9111","quīnque","63679",\N,"38408",\N
"9112","Parca","64331",\N,"32309",\N
"9113","pulcher","64515",\N,"37748",\N
"9114","patera","64712",\N,"32563",\N
"9115","propteruus","64833",\N,\N,\N
"9116","putō","64901",\N,"37959",\N
"9117","pāueō","64909",\N,"32691",\N
"9118","plagella","65180",\N,"34896",\N
"9119","plangō","65199",\N,"34929",\N
"9120","pōtor","65705",\N,"35656",\N
"9121","porcīnus","65757",\N,"35442",\N
"9122","porculus","65759",\N,"35448",\N
"9123","rāpum","66367",\N,"38644",\N
"9124","rāuus","66413",\N,"38712",\N
"9125","rāllum","66453",\N,"38586",\N
"9126","rigare","66667",\N,\N,\N
"9127","răuus","67305",\N,"38712",\N
"9128","rauis","67306",\N,"38710",\N
"9129","rū̆trum","67396",\N,"40252",\N
"9130","rūga","67527",\N,"40138",\N
"9131","rūpēs","67532",\N,"40186",\N
"9132","ērūgō","67631",\N,"15492",\N
"9133","rōbīgo","67691",\N,"39987",\N
"9134","praesaepēs","67986",\N,"36218",\N
"9135","sacer","67989",\N,"40310",\N
"9136","sallō","68079",\N,"40499",\N
"9137","sē","68255",\N,"41320",\N
"9138","sē̆","68307",\N,"41320",\N
"9139","suēscō","68363",\N,"44388",\N
"9140","sīdō","68476",\N,"42265",\N
"9141","serō","68768",\N,"41978",\N
"9142","sēmen","68778",\N,"41520",\N
"9143","sinō","68825",\N,"42481",\N
"9144","pōnō","68828",\N,"35365",\N
"9145","sī̆gnum","69126",\N,"42313",\N
"9146","īnseque","69266",\N,"22809",\N
"9147","sulcus","69498",\N,"44513",\N
"9148","simplus","69592",\N,"42407",\N
"9149","sēmiuiuus","69788",\N,"41691",\N
"9150","sine","69872",\N,"42448",\N
"9151","sensus","69939",\N,"41765",\N
"9152","serō","70135",\N,"41978",\N
"9153","seriēs","70136",\N,"41956",\N
"9154","sera","70139",\N,"41924",\N
"9155","sarmen","70172",\N,"40783",\N
"9156","sarciō","70183",\N,"40743",\N
"9157","caelum","70478",\N,"5765",\N
"9158","caedēs","70495",\N,"5735",\N
"9159","caementum","70496",\N,"5770",\N
"9160","caelum","70497",\N,"5765",\N
"9161","scūtum","70771",\N,"41296",\N
"9162","scāpus","71523",\N,"41012",\N
"9163","scurra","71670",\N,"41276",\N
"9164","excarpo","72319",\N,\N,\N
"9165","langueō","73301",\N,"24682",\N
"9166","memoria","73920",\N,"27344",\N
"9167","niuit","74209",\N,"29658",\N
"9168","spectō","74837",\N,"42987",\N
"9169","haruspex","74840",\N,"19421",\N
"9170","speculor","74843",\N,"43003",\N
"9171","spelta","74933",\N,"43008",\N
"9172","paries","75194",\N,"32355",\N
"9173","tēgula","76557",\N,"45594",\N
"9174","stinguō","76767",\N,"43454",\N
"9175","stultus","76938",\N,"43685",\N
"9176","īlicō","76942",\N,"20568",\N
"9177","tergum","77214",\N,"45816",\N
"9178","struēs","77707",\N,"43651",\N
"9179","tundō","77885",\N,"47327",\N
"9180","studeō","77891",\N,"43673",\N
"9181","studium","77892",\N,"43677",\N
"9182","sturnus","78019",\N,"43710",\N
"9183","consīderāre","78416",\N,"10014",\N
"9184","Sestius","78536",\N,"42113",\N
"9185","sonō","78677",\N,"42786",\N
"9186","tābēs","79042",\N,"45293",\N
"9187","tāliāre","79180",\N,\N,\N
"9188","texor","79347",\N,"45998",\N
"9189","subtēmen","79350",\N,"44134",\N
"9190","teneō","79786",\N,"45718",\N
"9191","intrāre","80363",\N,"23582",\N
"9192","istum","81072",\N,\N,\N
"9193","tribus","81337",\N,"46918",\N
"9194","trēdecim","81344",\N,"46861",\N
"9195","trīginta","81348",\N,"47010",\N
"9196","ūuēscō","82906",\N,"47914",\N
"9197","uehō","82983",\N,"48183",\N
"9198","inuītāre","83299",\N,"23763",\N
"9199","uēcus","83790",\N,"48717",\N
"9200","uībix","83842",\N,"48646",\N
"9201","repēns","85333",\N,"39356",\N
"9202","seuērus","85890",\N,"42131",\N
"9203","ueruēx","86162",\N,"48519",\N
"9204","uīlis","86352",\N,"48769",\N
"9205","uesper","86372",\N,"48545",\N
"9206","uolpēs","86679",\N,"49129",\N
"9207","fodiō","16",\N,"17702",\N
"9208","ferueō","242",\N,"17250",\N
"9209","discō","682",\N,"13535",\N
"9210","fingō","1131",\N,"17428",\N
"9211","mulcēre","2278",\N,"28489",\N
"9212","īcī","2738",\N,\N,\N
"9213","linō","2960",\N,"25572",\N
"9214","cubuī","3986",\N,\N,\N
"9215","cumbō","3987",\N,"38888",\N
"9216","clepsī","4059",\N,"8191",\N
"9217","cremō","4135",\N,"10986",\N
"9218","medērī","4933",\N,"27062",\N
"9219","misceō","5027",\N,"27943",\N
"9220","ēmungō","5291",\N,"15015",\N
"9221","pexī","5639",\N,"32738",\N
"9222","coxī","5665",\N,"10595",\N
"9223","pepēdī","5790",\N,"32813",\N
"9224","rabiō","6064",\N,"38543",\N
"9225","secuī","6466",\N,"41348",\N
"9226","quassī","7064",\N,\N,\N
"9227","nēre","7167",\N,\N,\N
"9228","nāmus","7183",\N,"29667",\N
"9229","ninguit","7203",\N,"29601",\N
"9230","nūpsī","7211",\N,"29934",\N
"9231","speciō","7227",\N,"42970",\N
"9232","splendeō","7306",\N,"43119",\N
"9233","tegō","7411",\N,"45591",\N
"9234","stetī","7446",\N,"43492",\N
"9235","stāre","7460",\N,"43492",\N
"9236","distinguō","7538",\N,"13815",\N
"9237","tutudī","7611",\N,"47327",\N
"9238","terere","8020",\N,"45839",\N
"9239","torqueō","8061",\N,"46518",\N
"9240","torreō","8100",\N,"46523",\N
"9241","uīcī","8582",\N,"48805",\N
"9242","uelim","8695",\N,"49125",\N
"9243","datrīx","9957",\N,\N,\N
"9244","hodiē","10081",\N,"19966",\N
"9245","perendinum","10134",\N,"33299",\N
"9246","Diouis","10174",\N,"13439",\N
"9247","Ioue","10177",\N,"24197",\N
"9248","Ioue","10182",\N,"24197",\N
"9249","deiuom","10279",\N,"13935",\N
"9250","aurufex","10794",\N,"4338",\N
"9251","gēns","11184",\N,"18641",\N
"9252","nŏta","11409",\N,"29824",\N
"9253","hospes","11551",\N,"20130",\N
"9254","hērēs","12020",\N,"19673",\N
"9255","ēsum","12076",\N,"14476",\N
"9256","itus","12279",\N,"24079",\N
"9257","itus","12323",\N,"24079",\N
"9258","uītāre","12330",\N,"49020",\N
"9259","fūstigāre","12891",\N,"18348",\N
"9260","exāctus","12959",\N,"15814",\N
"9261","ursa","13862",\N,"47814",\N
"9262","ferōx","14169",\N,"17210",\N
"9263","oculus","14315",\N,"30803",\N
"9264","ōstia","14417",\N,"31687",\N
"9265","iecinis","14471",\N,"24154",\N
"9266","cruor","15134",\N,"11177",\N
"9267","mātruēlis","15343",\N,"26987",\N
"9268","mātrīx","15352",\N,"26982",\N
"9269","breuitās","15890",\N,"5426",\N
"9270","nouus","16191",\N,"29906",\N
"9271","patrius","16698",\N,"32617",\N
"9272","rōbus","17034",\N,"39997",\N
"9273","rōbus","17053",\N,"39997",\N
"9274","sēdēs","17209",\N,"41414",\N
"9275","senium","17545",\N,"41747",\N
"9276","scissim","17612",\N,"41126",\N
"9277","nurus","17721",\N,"30083",\N
"9278","somnus","18479",\N,"42777",\N
"9279","tenor","18703",\N,"45730",\N
"9280","uerrēs","19125",\N,"48447",\N
"9281","lītigāre","19461",\N,"25674",\N
"9282","exāctus","19467",\N,"15814",\N
"9283","acerabulus","20264",\N,\N,\N
"9284","ulter","20418",\N,"47552",\N
"9285","alēscere","20550",\N,\N,\N
"9286","coalēscere","20551",\N,"8366",\N
"9287","indolēs","20556",\N,"21946",\N
"9288","anses","21515",\N,\N,\N
"9289","rīte","22066",\N,"39963",\N
"9290","exōrdior","22099",\N,"16216",\N
"9291","ōrdo","22101",\N,"31476",\N
"9292","uerrēs","23049",\N,"48447",\N
"9293","far","24548",\N,"16940",\N
"9294","farīna","24550",\N,"16951",\N
"9295","fodiō","24687",\N,"17702",\N
"9296","ballaena","25110",\N,\N,\N
"9297","follis","25116",\N,"17734",\N
"9298","flaccus","25337",\N,"17500",\N
"9299","pinguis","25570",\N,"34740",\N
"9300","ferueō","26466",\N,"17250",\N
"9301","suffrāginēs","27593",\N,"44454",\N
"9302","frūx","28007",\N,"18121",\N
"9303","tantusdem","28436",\N,"45433",\N
"9304","dēnique","28481",\N,"12481",\N
"9305","Diouis","28594",\N,"13439",\N
"9306","discō","28881",\N,"13535",\N
"9307","trecentī","29039",\N,"46857",\N
"9308","domus","29368",\N,"14050",\N
"9309","duonos","30392",\N,\N,\N
"9310","ēducāre","30525",\N,"14492",\N
"9311","famēs","31576",\N,"16895",\N
"9312","fīlius","31767",\N,"17416",\N
"9313","fēta","31791",\N,"17300",\N
"9314","fingō","31908",\N,"17428",\N
"9315","fermē","32378",\N,"17196",\N
"9316","drēnsō","32510",\N,"14119",\N
"9317","trāgum","32583",\N,"46627",\N
"9318","fūmāre","32798",\N,"18223",\N
"9319","dūnum","32900",\N,\N,\N
"9320","hērēs","33789",\N,"19673",\N
"9321","itus","34669",\N,"24079",\N
"9322","uītāre","34701",\N,"49020",\N
"9323","nam","36062",\N,"28996",\N
"9324","dēnique","36075",\N,"12481",\N
"9325","irrītāre","36561",\N,"23955",\N
"9326","escunt","37078",\N,"15542",\N
"9327","ōmentum","37428",\N,"31089",\N
"9328","garrulus","37737",\N,"18501",\N
"9329","glittūs","38352",\N,"18884",\N
"9330","nātus","38949",\N,"29119",\N
"9331","gēns","38993",\N,"18641",\N
"9332","nota","39145",\N,"29824",\N
"9333","ignāuus","39207",\N,"20508",\N
"9334","gonger","39256",\N,"18922",\N
"9335","guttura","40098",\N,"19202",\N
"9336","grosa","40682",\N,"19129",\N
"9337","hērēs","41411",\N,"19673",\N
"9338","praehendō","42523",\N,"36556",\N
"9339","praeda","42524",\N,"35814",\N
"9340","hospes","43354",\N,"20130",\N
"9341","herba","43456",\N,"19626",\N
"9342","grunda","43740",\N,"19141",\N
"9343","suggrunda","43741",\N,"44490",\N
"9344","būbulus","45020",\N,"5515",\N
"9345","būbināre","45096",\N,"5503",\N
"9346","facula","45680",\N,"16793",\N
"9347","geminus","45942",\N,"18568",\N
"9348","iuba","46259",\N,"24200",\N
"9349","ious","46310",\N,"24328",\N
"9350","iūniperus","46320",\N,"24289",\N
"9351","iugō","46427",\N,"24251",\N
"9352","būcētum","46780",\N,"5535",\N
"9353","cicōnia","47011",\N,"7612",\N
"9354","incendō","47039",\N,"21383",\N
"9355","capsa","47094",\N,"6370",\N
"9356","captāre","47105",\N,"6395",\N
"9357","capra","47204",\N,"6345",\N
"9358","capreolus","47206",\N,"6355",\N
"9359","cēra","47380",\N,"7129",\N
"9360","catēna","47445",\N,"6756",\N
"9361","cippus","47990",\N,"7708",\N
"9362","culmen","48028",\N,"11287",\N
"9363","calendae","48314",\N,"5940",\N
"9364","cilium","48579",\N,"7631",\N
"9365","coruus","49348",\N,"10809",\N
"9366","cremō","49674",\N,"10986",\N
"9367","cariōsus","50007",\N,"6485",\N
"9368","castus","50444",\N,"6683",\N
"9369","cassus","50446",\N,"6637",\N
"9370","cubitum","50629",\N,"11225",\N
"9371","cumbō","50631",\N,"38888",\N
"9372","cuppēdo","50998",\N,"11399",\N
"9373","triclīnium","51223",\N,"46955",\N
"9374","cūrō","51828",\N,"11455",\N
"9375","cōram","51921",\N,"10611",\N
"9376","cruor","52285",\N,"11177",\N
"9377","obscēnus","52609",\N,"30388",\N
"9378","cūnīre","52613",\N,"11371",\N
"9379","lāridum","53984",\N,"24809",\N
"9380","laquear","54050",\N,"24774",\N
"9381","lucrum","54136",\N,"25943",\N
"9382","lābor","54164",\N,"24420",\N
"9383","labor","54166",\N,"24420",\N
"9384","labōrāre","54167",\N,"24428",\N
"9385","ēlegāns","54349",\N,"14737",\N
"9386","lembus","54515",\N,"25091",\N
"9387","linō","54639",\N,"25572",\N
"9388","līmāx","54688",\N,"25484",\N
"9389","litāre","54757",\N,"25675",\N
"9390","lūdus","54930",\N,"26007",\N
"9391","pollūctūra","56279",\N,"35240",\N
"9392","magus","56731",\N,"26454",\N
"9393","mātrīx","57080",\N,"26982",\N
"9394","modestus","57395",\N,"28067",\N
"9395","moenia","57647",\N,"28108",\N
"9396","immunis","57677",\N,"20882",\N
"9397","minor","57737",\N,"27872",\N
"9398","misceō","57925",\N,"27943",\N
"9399","ēmungō","59724",\N,"15015",\N
"9400","mox","59952",\N,"28454",\N
"9401","Mutunus","60335",\N,"28825",\N
"9402","luscīnus","61263",\N,"26075",\N
"9403","nouus","61297",\N,"29906",\N
"9404","īnfimus","61433",\N,"22243",\N
"9405","oculus","61711",\N,"30803",\N
"9406","ferōx","61713",\N,"17210",\N
"9407","opīnor","61977",\N,"31284",\N
"9408","cōram","62204",\N,"10611",\N
"9409","prō̆pāgāre","62357",\N,"37140",\N
"9410","pantex","62414",\N,"32178",\N
"9411","tribrisine","62611",\N,\N,\N
"9412","pīnguis","62681",\N,"34740",\N
"9413","pīnus","62723",\N,"34762",\N
"9414","pignus","62775",\N,"34680",\N
"9415","spīrō","62874",\N,"43104",\N
"9416","coquīna","63010",\N,"10588",\N
"9417","plēnus","63130",\N,"35016",\N
"9418","plīsima","63174",\N,"35046",\N
"9419","palpebrae","63243",\N,\N,\N
"9420","pallidus","63458",\N,"31991",\N
"9421","quinquāgintā","63716",\N,"38405",\N
"9422","prae","63913",\N,"35664",\N
"9423","prīdem","63925",\N,"36602",\N
"9424","portendō","63990",\N,"35477",\N
"9425","porrigō","63991",\N,"35463",\N
"9426","premō","64395",\N,"36563",\N
"9427","prex","64564",\N,"36593",\N
"9428","petīgo","64803",\N,"34219",\N
"9429","impetus","64806",\N,"21023",\N
"9430","depuuere","64899",\N,"12664",\N
"9431","amputāre","64902",\N,"2266",\N
"9432","puteus","64903",\N,"37951",\N
"9433","patrius","65023",\N,"32617",\N
"9434","pīpulum","65084",\N,"34776",\N
"9435","pluuius","65443",\N,"35120",\N
"9436","pluteus","65603",\N,"35110",\N
"9437","hospes","65821",\N,"20130",\N
"9438","prātum","65896",\N,"36528",\N
"9439","rabiō","66355",\N,"38543",\N
"9440","rōdō","66449",\N,"40001",\N
"9441","rogus","66546",\N,"40012",\N
"9442","rāna","66865",\N,"38603",\N
"9443","rauiō","67308",\N,"38709",\N
"9444","rūta","67395",\N,"40240",\N
"9445","rōbus","67688",\N,"39997",\N
"9446","rōbus","67692",\N,"39997",\N
"9447","sāgāx","67924",\N,"40402",\N
"9448","saepēs","67984",\N,"40364",\N
"9449","sapa","68139",\N,"40693",\N
"9450","sēdēs","68501",\N,"41414",\N
"9451","sătiō","68769",\N,"40834",\N
"9452","Sēmōnēs","68779",\N,"41698",\N
"9453","siat","69006",\N,\N,\N
"9454","segmentum","69116",\N,"41452",\N
"9455","asignas","69127",\N,\N,\N
"9456","secundus","69237",\N,"41385",\N
"9457","inquam","69270",\N,"22694",\N
"9458","simplex","69593",\N,"42400",\N
"9459","seneō","69916",\N,"41734",\N
"9460","senium","69918",\N,"41747",\N
"9461","sententia","69940",\N,"41767",\N
"9462","sepeliō","69998",\N,"41802",\N
"9463","praesertim","70129",\N,"36270",\N
"9464","sarmentum","70173",\N,"40786",\N
"9465","scindula","70620",\N,"41097",\N
"9466","capō","71467",\N,"6339",\N
"9467","crusina","72236",\N,\N,\N
"9468","carpinus","72321",\N,"6542",\N
"9469","discrīmen","72445",\N,"13576",\N
"9470","scrūpulus","72540",\N,"41252",\N
"9471","cunnus","72832",\N,"11373",\N
"9472","lūbricus","73559",\N,"25871",\N
"9473","lurcor","73694",\N,"26068",\N
"9474","nam","73714",\N,"28996",\N
"9475","ninguit","74210",\N,"29601",\N
"9476","nurus","74451",\N,"30083",\N
"9477","salūbris","74552",\N,"40551",\N
"9478","spīculum","74616",\N,"43060",\N
"9479","speciō","74836",\N,"42970",\N
"9480","splendeō","75001",\N,"43119",\N
"9481","sparum","75170",\N,\N,\N
"9482","pīca","75679",\N,"34630",\N
"9483","restaurāre","76282",\N,"39587",\N
"9484","tegō","76553",\N,"45591",\N
"9485","stīua","76668",\N,"43484",\N
"9486","distinguō","76765",\N,"13815",\N
"9487","titubāre","77929",\N,"46383",\N
"9488","stuppa","77987",\N,"43697",\N
"9489","somnus","78787",\N,"42777",\N
"9490","tata","79202",\N,"45498",\N
"9491","meditullium","79541",\N,"27121",\N
"9492","temptō","79722",\N,"45744",\N
"9493","tenor","79792",\N,"45730",\N
"9494","torqueō","80476",\N,"46518",\N
"9495","torreō","80565",\N,"46523",\N
"9496","tūtus","80630",\N,"47457",\N
"9497","tucca","80713",\N,\N,\N
"9498","tertius","81367",\N,"45886",\N
"9499","trīni","81400",\N,"47039",\N
"9500","truncus","81461",\N,"47229",\N
"9501","truella","81887",\N,\N,\N
"9502","turba","81917",\N,"47339",\N
"9503","turbō","81918",\N,"47356",\N
"9504","turbō","81919",\N,"47356",\N
"9505","formaticum","81988",\N,\N,\N
"9506","suppō","82250",\N,"44954",\N
"9507","uāricō","82332",\N,"48076",\N
"9508","uigilāre","82874",\N,"48753",\N
"9509","uīcus","83789",\N,"48717",\N
"9510","uilla","83792",\N,"48773",\N
"9511","uillus","84304",\N,"48783",\N
"9512","branca","85309",\N,\N,\N
"9513","rīcinium","85478",\N,"39908",\N
"9514","rōdō","85757",\N,"40001",\N
"9515","uerrō","86136",\N,"48451",\N
