lex_ref_link_id, match_str, lewis_short_id, id
16,fodiō,18501,1
69,fārī,\N,2
86,findō,18215,3
98,fidī,\N,4
103,fīdō,18157,5
113,perfines,34952,6
146,fulciō,18971,7
170,ferō,17982,8
232,feriō,17971,9
237,furō,19140,10
240,feruō,18033,11
242,ferueō,18030,12
292,fūgī,\N,13
295,fugiō,18961,14
313,fungor,19085,15
339,fulgō,18989,16
340,fulsī,\N,17
344,fulgeō,18980,18
348,fleō,18373,19
349,flēre,\N,20
350,flō,18396,21
351,flāre,\N,22
359,flāgō,\N,23
370,fligō,18395,24
374,flīxī,\N,25
398,fluō,18465,26
422,frangō,18722,27
424,frēgī,\N,28
447,frequēns,18773,29
450,farciō,17712,30
453,fremō,18761,31
454,fremere,\N,32
484,fruor,18907,33
485,fruī,\N,34
506,fūi,\N,35
507,fuās,\N,36
520,fīo,18227,37
521,fīerī,\N,38
591,cedō,7286,39
593,Präs,\N,40
601,prōdō,38604,41
602,prodēre,\N,42
615,dedī,\N,43
617,duim,14886,44
639,dicō,13818,45
649,dīxī,\N,46
675,didicī,\N,47
676,didicī,\N,48
680,doceō,14617,49
682,discō,14195,50
686,decet,12491,51
708,indulgeō,22951,52
712,indulsī,\N,53
725,dolō,14681,54
726,doleō,14668,55
727,dolēre,\N,56
759,domō,14731,57
760,domō,14731,58
859,dūcō,14864,59
866,dūxī,\N,60
915,dormiō,14762,61
995,foueō,18691,62
1047,reddō,40747,64
1048,reddere,\N,65
1079,reddidī,\N,66
1104,fēcī,\N,67
1106,faciō,17534,68
1108,factud,\N,69
1131,fingō,18217,70
1136,fīnxī,\N,71
1148,fiuō,\N,72
1149,figere,\N,73
1157,fīxī,\N,74
1243,faueō,17845,75
1244,foue,\N,76
1338,trahō,48752,77
1342,trāxī,\N,78
1385,suffiō,46463,79
1386,suffire,\N,80
1454,genuī,\N,81
1460,gignō,19588,82
1464,genunt,\N,83
1482,nāscor,30449,84
1483,nāscī,\N,85
1538,gnōuī,\N,86
1553,gnōscō,19759,87
1597,hiscō,20815,88
1628,horitur,\N,89
1650,horreō,20974,90
1666,fūdī,\N,91
1667,fundō,19066,92
1668,fundō,19066,93
1736,gemō,19421,94
1796,glūbō,19711,95
1799,glūpsī,\N,96
1837,prehendī,\N,97
1839,prehendō,38282,98
1862,habeō,20095,99
1944,ingruī,\N,100
1945,ingruō,23417,101
1978,frendō,18766,102
2048,ueniō,50485,103
2049,uenire,\N,104
2053,uēnī,\N,105
2087,uorō,51435,106
2132,uiuō,51281,107
2170,dēfendō,12679,108
2171,offendere,\N,109
2257,iēcī,\N,110
2260,iaciō,25172,111
2268,ioubē,\N,112
2275,mulsī,\N,113
2277,mulceō,29842,114
2278,mulcēre,\N,115
2286,aperiō,2981,116
2287,operire,\N,117
2321,edō,15174,118
2322,ēsse,\N,119
2323,edim,\N,120
2332,ēdī,\N,121
2341,egeō,15326,122
2360,eō,15886,123
2361,ire,\N,124
2363,ier,\N,125
2383,iī,\N,126
2409,em,15585,127
2414,emō,15679,128
2419,ēmī,\N,129
2421,dēmpsī,\N,130
2432,apiō,3027,131
2436,coēpī,\N,132
2468,erciscō,16111,133
2494,est,\N,134
2510,escit,16267,135
2530,iuuō,25467,136
2549,ūrō,49964,137
2551,ussī,\N,138
2566,expergiscor,17036,139
2667,uoueō,51448,140
2688,agō,1606,141
2700,ēgī,\N,142
2705,aiō,1660,143
2706,aī̆s,\N,144
2719,āreō,3521,145
2737,icō,\N,146
2738,īcī,\N,147
2749,quaesō,39984,148
2751,quaero,39977,149
2762,aceō,433,150
2768,alō,1979,151
2769,alere,\N,152
2774,adoleō,948,153
2775,olēre,\N,154
2778,adolēscō,951,155
2789,algeō,1814,156
2790,algēre,\N,157
2797,ambulō,2198,158
2798,ambulāre,\N,159
2800,ulciscor,49679,160
2803,angō,2562,161
2818,amō,2281,162
2831,unguō,49864,163
2832,unguō,49864,164
2895,arō,3716,165
2909,arceō,3406,166
2920,aueō,4687,167
2921,auēre,\N,168
2926,auxī,\N,169
2927,augeō,4473,170
2931,induī,\N,171
2932,exuī,\N,172
2937,ind,\N,173
2941,hauriō,20302,174
2943,hausī,\N,175
2951,legō,26204,176
2952,lēxī,\N,177
2958,lēuī,\N,178
2960,linō,26736,179
2984,mulsī,\N,180
2985,mulgeō,29853,181
2994,mordeō,29704,182
2996,momordī,\N,183
2997,memordī,\N,184
3027,nanciō,30382,185
3028,nanciō,30382,186
3137,uergō,50589,187
3187,olō,32537,188
3191,ōdī,32283,189
3195,oit,\N,190
3207,aboleō,147,191
3208,dēlēre,\N,192
3229,orior,33028,193
3252,mingō,29153,194
3263,meiō,28446,195
3264,meiere,\N,196
3270,mīxī,\N,197
3304,regō,40949,198
3310,rēxī,\N,199
3339,runcō,42061,200
3427,nītor,31061,201
3465,iungō,25368,202
3467,iūnxī,\N,203
3486,cadō,5989,204
3488,cecidī,\N,205
3547,occulō,32141,206
3554,caleō,6244,207
3579,cūnctor,11926,208
3580,cūnctor,11926,209
3594,cēnseō,7386,210
3625,crēuī,\N,211
3628,careō,6798,212
3658,cliēns,8611,213
3663,dēclinō,12534,214
3695,clueō,8675,215
3720,cluere,\N,216
3722,cloāre,\N,217
3775,inciēns,22359,218
3798,queror,40125,219
3799,querī,\N,220
3809,canō,6535,221
3813,cecinī,\N,222
3817,cēueō,7664,223
3832,capiō,6625,224
3853,cūdō,11823,225
3864,cieō,8001,226
3891,excellō,16666,227
3892,praecellō,37410,228
3897,caluor,6358,229
3906,percellō,34718,230
3908,perculī,\N,231
3924,cōnor,10392,232
3957,currō,12043,233
3958,currere,\N,234
3959,cucurrī,\N,235
3986,cubuī,\N,236
3987,cumbō,\N,237
3989,cubāre,\N,238
4005,cupiō,11967,239
4013,caedō,6020,240
4015,cecidī,\N,241
4025,calō,6325,242
4052,clepō,8598,243
4053,clepere,\N,244
4059,clepsī,\N,245
4096,cōnīxī,\N,246
4097,cōniueō,10336,247
4102,crēuī,\N,248
4104,cernō,7565,249
4135,cremō,11547,250
4145,crepuī,\N,251
4146,crepō,11575,252
4339,coluī,\N,253
4358,colō,9147,254
4457,quiēuī,\N,255
4461,quiēscō,40160,256
4507,legō,26204,257
4510,lēgī,\N,258
4596,lūdō,27188,259
4608,lūsī,\N,260
4624,līnxī,\N,261
4634,lingō,26708,262
4662,liceō,26562,263
4668,līquī,\N,264
4673,linquō,26740,265
4787,polluī,\N,266
4788,polluō,36922,267
4811,lūgeō,27195,268
4828,lūī,\N,269
4834,luō,27228,270
4835,luere,\N,271
4836,soluere,\N,272
4844,lauō,26130,273
4862,lūceō,27064,274
4868,lūxī,\N,275
4876,lūceo,27064,276
4877,lūcēre,\N,277
4892,madeō,27552,278
4893,madēre,\N,279
4932,medeor,28322,280
4933,medērī,\N,281
4948,madeō,27552,282
4998,minuō,29205,283
5011,misc,\N,319
5027,misceō,29265,320
5029,micuī,\N,321
5031,micō,29029,322
5040,mittō,29351,323
5043,mitat,\N,324
5045,mūtō,30204,325
5047,mīsī,\N,326
5079,molō,29511,327
5097,moluī,\N,328
5136,reminīscor,41075,329
5137,comminīscī,\N,330
5148,meminī,28615,331
5149,memor,28621,332
5155,moneō,29568,333
5178,mānsī,\N,334
5181,maneō,27877,335
5185,ē,15041,336
5229,morior,29731,337
5230,morirī,\N,338
5263,ēmergō,15644,339
5264,mergere,\N,340
5265,mergere,\N,341
5267,mersī,\N,342
5268,metō,28977,343
5280,mandō,27860,344
5291,ēmungō,15734,345
5300,ēmūnxī,\N,346
5334,moueō,29805,347
5416,noceō,31099,348
5467,adnūit,\N,349
5468,adnuī,\N,350
5470,abnuō,143,351
5471,adnuō,\N,352
5528,pāscō,34043,353
5533,pāuī,\N,354
5542,pangō,33663,355
5550,pacunt,\N,356
5551,pacīscor,33339,357
5564,bibō,5280,358
5586,pingō,36383,359
5587,pinxī,\N,360
5588,piget,36311,361
5623,pinsō,36410,362
5636,pectō,34310,363
5639,pexī,\N,364
5651,coquō,11134,365
5665,coxī,\N,366
5693,pellō,34481,367
5700,pepulī,\N,368
5753,parentēs,\N,369
5756,parō,33933,370
5757,pariō,33909,371
5758,reperiō,41213,372
5762,peperī,\N,373
5766,pariō,33909,374
5771,parcō,33859,375
5772,compescō,9599,376
5777,pepercī,\N,377
5784,pēdō,34391,378
5790,pepēdī,\N,379
5808,pandō,33649,380
5810,pateō,34126,381
5818,petō,35854,382
5824,pungō,39626,383
5825,pungere,\N,384
5826,pepugī,\N,385
5827,pupugī,\N,386
5852,pauiō,34271,387
5853,pauīre,\N,388
5861,plēuī,\N,389
5867,polleō,36892,390
5881,pleō,36687,391
5892,plangō,36591,392
5911,placeō,36538,393
5914,plectō,36674,394
5919,plexī,\N,395
5935,pluit,36739,396
5995,poscō,37203,397
6006,poposcī,\N,398
6049,sternuō,45408,399
6054,taceō,47403,400
6058,rādo,40389,401
6060,rāsī,\N,402
6064,rabiō,40352,403
6098,reor,41174,404
6114,rēpō,41244,405
6115,rēpsī,\N,406
6154,rigeō,41791,407
6202,rapiō,40441,408
6212,rŭdō,41998,409
6213,rŭdere,\N,410
6224,rubeō,41947,411
6236,ērūgō,16220,412
6242,ruō,42063,413
6256,rūpī,\N,414
6258,rumpō,42049,415
6299,sidō,44218,416
6308,sedī,\N,417
6331,sedeō,43343,418
6362,sēuī,\N,419
6364,serō,43923,420
6377,sinō,44446,421
6392,sapiō,42608,422
6400,sāgiō,42300,423
6401,sāgīre,\N,424
6466,secuī,\N,425
6469,secō,43270,426
6470,nesciō,30857,427
6488,sequor,43863,428
6506,inquit,\N,429
6507,inque,\N,430
6509,inseque,23816,431
6510,insece,\N,432
6517,inquit,\N,433
6518,inque,\N,434
6532,saliō,42372,435
6542,soleō,44649,436
6560,cōnsuluī,\N,437
6561,cōnsulō,10695,438
6616,sentiō,43720,439
6617,sēnsī,\N,440
6633,serō,43923,441
6645,sariō,42677,442
6649,sarciō,42643,443
6650,sarsī,\N,444
6653,serpō,43935,445
6657,serpsī,\N,446
6694,sūgō,46539,447
6703,sūxī,\N,448
6720,insipiō,\N,449
6767,fallō,17633,450
6788,suō,46645,451
6819,scindō,43007,452
6841,scicidī,\N,453
6842,scidi,\N,454
6846,scabō,42840,455
6884,scatō,42935,456
6917,scandī,\N,457
6925,accendī,\N,458
6926,accendō,323,459
6927,candeō,6478,460
6981,carpō,6881,461
6985,carpsī,\N,462
6988,carrō,\N,463
7020,caueō,7255,464
7041,scribō,43130,465
7042,scrīpsī,\N,466
7059,quatiō,40089,467
7060,cutiō,12094,468
7064,quassī,\N,469
7065,cussī,\N,470
7070,langueō,25786,471
7138,mereō,28809,472
7164,neō,30753,473
7165,nēs,\N,474
7166,net,\N,475
7167,nēre,\N,476
7174,nēuī,\N,477
7181,nō,31087,478
7182,nat,\N,479
7183,nāmus,\N,480
7184,nāre,\N,481
7188,nāuī,\N,482
7195,niuit,31077,483
7203,ninguit,31015,484
7210,nūbō,31363,485
7211,nūpsī,\N,486
7227,speciō,44958,487
7230,spexī,\N,488
7249,spōnsis,\N,489
7251,spepondī,\N,490
7252,spondeō,45141,491
7254,pendō,34517,492
7259,pependī,\N,493
7306,splendeō,45110,494
7329,spuī,\N,495
7339,spuō,45196,496
7353,sprēuī,\N,497
7356,spernō,45009,498
7373,spargō,44904,499
7378,sparsī,\N,500
7382,sorbeō,44812,501
7394,frīgeō,18813,502
7411,tegō,47683,503
7413,tēxī,\N,504
7431,sistō,44521,505
7438,dēstinō,13469,506
7446,stetī,\N,507
7459,stō,45498,508
7460,stāre,\N,509
7536,exstinguō,17282,510
7537,restinguō,41450,511
7538,distinguō,14489,512
7540,stinxī,\N,513
7544,tonuī,\N,514
7548,tonō,48562,515
7551,sternō,45406,516
7578,sternō,45406,517
7607,tundō,49464,518
7609,studeō,45691,519
7611,tutudī,\N,520
7633,stupeō,45707,521
7640,stringō,45631,522
7651,stringō,45631,523
7653,strīnxī,\N,524
7655,strepō,45601,525
7657,struō,45679,526
7677,suādeō,45745,527
7722,īnsolēscō,23906,528
7739,sonō,44764,529
7745,sonō,44764,530
7755,sōpiō,44798,531
7789,nē,30609,532
7795,tagam,\N,533
7796,attigās,\N,534
7798,tetigī,\N,535
7803,tangō,47503,536
7836,texō,48098,537
7869,abstulās,\N,538
7870,attulat,\N,539
7876,tollō,48532,540
7882,tetulī,48080,541
7883,tulī,49424,542
7912,temnō,47741,543
7939,tendō,47794,544
7943,tetinī,\N,545
7947,teneō,47813,546
7957,tendō,47794,547
7958,tetendī,\N,548
7961,tondeō,48553,549
7962,totondī,\N,550
7965,tingō,48430,551
7967,tīnxī,\N,552
7969,tongēre,48555,553
7990,tepeō,47860,554
8014,tergō,47911,555
8015,tersī,\N,556
8019,terō,47938,557
8020,terere,\N,558
8029,trāns,48782,559
8044,intro,24628,560
8061,torqueō,48629,561
8083,torpeō,48621,562
8084,torpēre,\N,563
8100,torreō,48634,564
8105,torrēscō,48635,565
8106,torrēns,48632,566
8130,tuor,49473,567
8131,tuī,\N,568
8132,tueor,49415,569
8195,sinō,44446,570
8196,pōnō,37045,571
8198,sīrīs,44497,572
8199,sīuī,\N,573
8244,tremō,48999,574
8273,trepit,49010,575
8289,terreō,47944,576
8297,trūdō,49352,577
8302,trūsī,\N,578
8336,tumēscō,49439,579
8337,tumeō,49438,580
8416,uigeō,50942,581
8419,uegeō,50347,582
8428,uehō,50365,583
8441,uēxī,\N,584
8457,ūuēscō,50074,585
8458,ūuēns,50073,586
8464,uādō,50120,587
8466,uāsī,\N,588
8483,uiēscō,50938,589
8484,uīdī,\N,590
8516,uisō,51179,591
8528,uideō,50926,592
8553,uīs,51156,593
8582,uīcī,\N,594
8583,uincō,51011,595
8608,uireō,51087,596
8609,uirēre,\N,597
8653,uoluō,51406,598
8681,ualeō,50165,599
8693,uoluī,\N,600
8694,uult,\N,601
8695,uelim,\N,602
8712,uellī,\N,603
8713,uellō,50412,604
8728,uomō,51422,605
8793,uereor,50580,606
8794,uerērī,\N,607
8865,uorrī,\N,608
8876,uertor,\N,609
8877,uertī,\N,610
8889,uortī,\N,611
8918,uēscor,50726,612
8926,uetuī,\N,613
8930,uetāre,\N,614
8941,uieō,50937,615
8942,uiēre,\N,616
8946,uinciō,51010,617
8954,pollingō,36908,618
8955,liqueō,26792,619
8964,urgeō,49947,620
8968,ursī,\N,621
9002,ringor,41810,622
9003,ringī,\N,623
9053,fāgus,17603,624
9059,fāgeus,17600,625
9067,barba,4933,626
9074,barbātus,4952,627
9121,iūbar,25280,628
9146,fidus,18162,629
9161,fissus,18257,630
9162,fissum,18255,631
9165,fissiō,18253,632
9172,fīdus,18162,633
9175,fīdus,18162,634
9181,fīsus,18271,635
9209,fūr,19095,636
9211,fūrō,19140,637
9223,probrum,38458,638
9247,fermentum,17981,639
9260,īnfertor,23190,640
9261,offertor,32402,641
9270,fors,18641,642
9271,forte,18650,643
9272,furtim,19145,644
9286,Fort,\N,645
9331,fer,\N,646
9368,fū̆rtum,19148,647
9381,fretum,18789,648
9386,ferculum,17957,649
9402,forda,18565,650
9561,frāter,18723,651
9604,frātruēlis,18736,652
9612,frātria,18731,653
9692,tribus,49046,654
9695,probus,38460,655
9696,imbus,\N,656
9697,superbus,46690,657
9704,dubius,14851,658
9886,lēuir,26435,659
9914,dōs,14781,660
9915,sacerdōs,42195,661
9957,datrīx,\N,662
9960,dator,12366,663
9978,datus,12367,664
9979,datum,\N,665
9980,datū,\N,666
9990,dare,\N,667
9991,reddere,\N,668
10009,dōnum,14751,830
10039,datum,\N,831
10040,datus,12367,832
10041,redditus,40746,833
10064,datiō,12362,834
10065,dēditiō,12641,835
10081,hodiē,20848,836
10093,herī̆,20547,837
10094,here,20535,838
10095,hesternus,20616,839
10131,nūndinum,31492,840
10132,nūndinae,31484,841
10133,perendinō,\N,842
10134,perendinum,\N,843
10173,Diouem,\N,844
10174,Diouis,14093,845
10175,Diouos,\N,846
10176,Dioue,\N,847
10177,Ioue,\N,848
10178,Iuppiter,\N,849
10179,Iūpiter,\N,850
10180,Iouem,\N,851
10181,Iouis,\N,852
10182,Ioue,\N,853
10183,diēs,13862,854
10184,diū,14529,855
10185,interdiū,24246,856
10211,diēs,13862,857
10212,diem,\N,858
10213,diēī,\N,859
10214,Diē̆spiter,13864,860
10242,dius,14537,861
10243,interdius,24247,862
10244,nudiustertius,\N,863
10245,Vēdius,50344,864
10267,biduum,\N,865
10268,triduum,49102,866
10278,deiuos,\N,867
10279,deiuom,\N,868
10280,deus,13588,869
10281,dīuus,14613,870
10339,dīuīnus,14588,871
10343,diēcula,13860,872
10395,folium,18526,873
10474,homō,20885,874
10475,hemonem,\N,875
10476,homōnem,\N,876
10477,nēmō,30740,877
10504,humī,21072,878
10510,humus,21084,879
10530,humilis,21077,880
10582,orbis,32927,881
10588,foedus,18510,882
10589,acerbus,442,883
10629,abdōmen,55,884
10639,conditor,10032,885
10658,perditim,34825,886
10664,fētiālis,18070,887
10680,conditus,10038,888
10681,conditum,\N,889
10693,condere,\N,890
10694,abdere,\N,891
10702,fānum,17705,892
10709,fēriae,17966,893
10710,fēsiae,\N,894
10712,fēstus,18063,895
10745,conditus,10038,896
10746,abditus,52,897
10764,famul,17682,898
10765,famulus,17695,899
10770,familia,17670,900
10776,conditiō,10026,901
10793,aurifex,4560,902
10794,aurufex,\N,903
10795,carnifex,6847,904
10796,carnufex,\N,905
10797,pontifex,37053,906
10798,factor,17549,907
10799,factus,17553,908
10802,factus,17553,909
10803,factum,17551,910
10805,factiō,17539,911
10806,faciēs,17527,912
10831,figulus,18176,913
10834,fictus,18118,914
11037,foris,18582,915
11074,forum,18669,916
11075,forīs,18582,917
11076,forās,18558,918
11103,gener,19431,919
11111,genta,\N,920
11136,prīuignus,38414,921
11137,malignus,27755,922
11138,benignus,5200,923
11144,singulus,44436,924
11160,germen,19525,925
11161,germānus,19523,926
11168,genitor,19471,927
11171,genetrix,19451,928
11178,praegnās,37674,929
11184,gēns,19479,930
11185,gentum,\N,931
11202,nātū,30499,932
11208,genitus,19474,933
11215,genus,19495,934
11216,genere,\N,935
11223,genius,19476,936
11234,caprigenus,6684,937
11254,gnāuus,\N,938
11258,ingenuus,23383,939
11262,gnātus,19749,940
11263,cognātus,8934,941
11264,adgnātus,\N,942
11279,gnātā,\N,943
11287,genitus,19474,944
11292,Genita,19467,945
11302,nātiō,30488,946
11303,nationu,\N,947
11304,cognātiō,8933,948
11308,prōgeniēs,38695,949
11327,cognōmen,8943,950
11328,agnōmen,1599,951
11339,nōtor,31269,952
11361,nōtum,\N,953
11362,nōtū,\N,954
11363,ignōtu,\N,955
11377,gnārus,19746,956
11378,īgnārus,21396,957
11405,nōtus,31276,958
11406,ignōtus,21446,959
11408,cognitus,8940,960
11409,nŏta,31250,961
11416,gnōbilis,19755,962
11417,ignōbilis,21429,963
11419,nōtiō,31262,964
11447,hiems,20669,965
11471,hībernus,20654,966
11481,bīmus,5365,967
11482,trīmus,49165,968
11535,mīlle,29083,969
11542,hostus,21048,970
11543,hostia,21030,971
11550,hostis,21045,972
11551,hospes,21017,973
11598,aduentor,1070,974
11612,aduentus,1073,975
11624,uentus,50515,976
11638,uirgō,51112,977
11752,uīuus,51282,978
11771,uīta,51190,979
11832,bōs,5582,980
11833,bouem,\N,981
11834,būbus,\N,982
11835,būcaeda,5790,983
11935,formus,18622,984
11939,fornus,18637,985
11962,acupedius,649,986
11963,acupes,\N,987
11964,accipiter,366,988
11968,ōcior,32184,989
11973,ōcissimus,\N,990
11974,ōcissimē,\N,991
11975,ōximē,33274,992
12001,ianitrīcēs,25214,993
12020,hērēs,20546,994
12021,hērem,\N,995
12022,heredei,\N,996
12032,edō,15174,997
12076,ēsum,\N,998
12077,esu,\N,999
12083,ēsse,\N,1000
12097,ēsca,16256,1001
12098,escas,\N,1002
12115,dens,13115,1003
12116,dentum,\N,1004
12163,prandium,38233,1005
12186,ēsus,16293,1006
12200,ellum,15534,1007
12222,comes,9260,1008
12223,pedes,34363,1009
12226,comitium,9295,1010
12227,exitium,16922,1011
12228,initium,23512,1012
12235,iter,25126,1013
12236,itiner,25140,1014
12237,iteris,\N,1015
12249,praetor,38156,1016
12250,praitor,\N,1017
12279,itus,25152,1018
12280,aditus,827,1019
12281,itum,\N,1020
12282,itū,\N,1021
12288,simītū,44351,1022
12323,itus,25152,1023
12330,uītāre,\N,1024
12347,itiō,25145,1025
12348,aditiō,825,1026
12380,equus,16092,1027
12406,equa,16067,1028
12416,equīnus,16076,1029
12419,Eporedorix,16053,1030
12426,ariēs,3622,1031
12454,sōns,44769,1032
12468,absēns,205,1033
12469,praesēns,37973,1034
12617,Iouuem,\N,1035
12618,līber,26484,1036
12619,līberī,26497,1037
12629,lībertās,26500,1038
12630,leibertās,\N,1039
12650,uāstus,50295,1040
12662,uānus,50214,1041
12775,axis,4745,1042
12785,āla,1667,1043
12877,nāuex,\N,1044
12878,rēmex,41067,1045
12879,aureax,4545,1046
12880,agī,\N,1047
12881,ambāgēs,2143,1048
12888,di,13677,1049
12890,prōdigus,38595,1050
12891,fūstigāre,\N,1051
12893,agō,1606,1052
12894,indāgō,22714,1053
12895,agōnium,1616,1054
12896,agōnia,1614,1055
12899,āctor,622,1056
12902,agmen,1582,1057
12903,coāgmentum,8772,1058
12904,exāmen,16584,1059
12909,coāctim,8744,1060
12911,āctus,636,1061
12919,abiga,84,1062
12935,ager,1535,1063
12955,exagium,16571,1064
12958,āctus,636,1065
12959,exāctus,16551,1066
12960,āctum,633,1067
12966,āctiō,614,1068
12967,coactiō,8745,1069
12969,exiguus,16894,1070
12971,agī̆na,1568,1071
12973,agolum,1609,1072
12974,coāgulum,8776,1073
12975,agilis,1565,1074
13013,aeuum,1435,1075
13014,aeuus,\N,1076
13036,iuuenis,25459,1077
13037,iuuenis,25459,1078
13040,Iūnō,\N,1079
13048,iūnīx,25375,1080
13050,iuuencus,25453,1081
13051,iuuenca,25450,1082
13074,aetās,1407,1083
13075,aeuitas,1433,1084
13078,iuuentās,25463,1085
13079,iuuenta,25462,1086
13082,iuuentūs,25465,1087
13089,iūnior,25371,1088
13135,acer,435,1089
13150,acernus,445,1090
13155,ācer,435,1091
13156,ācer,435,1092
13161,ocris,32193,1093
13162,mediocris,28361,1094
13166,acus,650,1095
13170,aciēs,518,1096
13172,acus,650,1097
13183,acor,551,1098
13196,agna,1585,1099
13199,acia,510,1100
13234,occa,32079,1101
13279,angiportum,\N,1102
13299,angor,2563,1103
13313,anctus,\N,1104
13315,angustus,2589,1105
13319,anxius,2951,1106
13356,antae,2722,1107
13382,animus,2637,1108
13384,anima,2613,1109
13402,anhēlus,2594,1110
13403,hālāre,\N,1111
13404,animālis,2620,1112
13405,animal,2619,1113
13436,amnis,2279,1114
13495,argūtus,3600,1115
13496,arguere,\N,1116
13514,argentum,3560,1117
13545,arātor,3345,1118
13574,arua,\N,1119
13575,aruum,3852,1120
13576,arūus,3853,1121
13581,arātum,\N,1122
13587,arātrum,3347,1123
13604,arātiō,3342,1124
13632,augmen,4479,1125
13633,augmentum,4481,1126
13640,auctor,4423,1127
13643,auctificus,4416,1128
13644,auctifer,4414,1129
13649,auctus,4435,1130
13674,auctum,\N,1131
13679,auctiō,4417,1132
13681,augustus,4512,1133
13682,Auximum,4666,1134
13732,Neriō,30825,1135
13735,Nerō,30830,1136
13759,ouis,33266,1137
13799,auscultāre,\N,1138
13820,auris,4579,1139
13858,ursus,49968,1140
13862,ursa,49966,1141
13935,stēlla,45352,1142
13992,uernus,50629,1143
13997,uēr,50534,1144
14044,aurōra,4584,1145
14079,aurum,4591,1146
14090,auster,4618,1147
14107,Aurēlius,4547,1148
14169,ferōx,17989,1149
14170,atrōx,4309,1150
14274,antīquus,2899,1151
14275,antīcus,2853,1152
14276,anticuus,\N,1153
14277,rubrīca,41964,1154
14315,oculus,32266,1155
14316,Cocles,8831,1156
14328,aciēs,518,1157
14348,mictus,29039,1158
14358,mictus,29039,1159
14363,umbō,49736,1160
14371,umbilīcus,49735,1161
14398,ōs,33122,1162
14407,prōnus,38883,1163
14408,ōra,32896,1164
14409,ōrāculum,32900,1165
14416,ōstium,33204,1166
14417,ōstia,33196,1167
14418,ōreae,32977,1168
14419,aureae,\N,1169
14461,iecur,25231,1170
14463,iocur,25265,1171
14471,iecinis,\N,1172
14472,iecinoris,\N,1173
14473,iocineris,\N,1174
14474,iocinoris,\N,1175
14488,pariēs,33899,1176
14493,tōtus,48670,1177
14503,coniux,10378,1178
14504,iniuges,\N,1179
14505,sēiuges,\N,1180
14508,iugus,25344,1181
14513,iuga,\N,1182
14514,iuges,\N,1183
14522,iouxmenta,\N,1184
14523,iūmentum,25356,1185
14524,biiugis,5339,1186
14525,quadriiugis,39923,1187
14526,sēiugis,43410,1188
14533,iuxtim,25469,1189
14539,iūgera,\N,1190
14544,iuxtā,25468,1191
14553,iugum,25340,1192
14580,iugulum,25339,1193
14581,iugulus,\N,1194
14582,iugulae,\N,1195
14595,iunctor,25363,1196
14618,iūs,25412,1197
14662,cānus,6590,1198
14674,cascus,6933,1199
14675,cōs,11391,1200
14676,dēcōtēs,12567,1201
14677,cōtēs,\N,1202
14678,cautēs,7234,1203
14689,catus,7169,1204
14691,Catō,7143,1205
14715,calor,6328,1206
14752,cor,11137,1207
14753,concors,9917,1208
14754,discors,14219,1209
14793,crēdō,11538,1210
14809,mūscerdae,\N,1211
14810,sūcerdae,\N,1212
14811,ouicerda,33254,1213
14827,auscultāre,\N,1214
14888,inclutus,22421,1215
14935,Cloelia,\N,1216
14936,Clouātius,\N,1217
15039,canis,6517,1218
15040,canēs,6502,1219
15041,cane,\N,1220
15042,canum,\N,1221
15134,cruor,11743,1222
15155,cruentus,11739,1223
15163,crūdus,11733,1224
15170,custōs,12089,1225
15174,leuis,26436,1226
15175,leuior,\N,1227
15193,licuus,\N,1228
15225,relictus,41004,1229
15226,dēlictum,12930,1230
15230,dēliquiō,12950,1231
15231,relictiō,41002,1232
15238,lippus,26774,1233
15278,mador,27558,1234
15303,māter,28203,1235
15343,mātruēlis,28247,1236
15352,mātrīx,28241,1237
15353,māteria,28206,1238
15359,mātrōna,28242,1239
15366,mātertera,28220,1240
15369,māternus,28218,1241
15373,mātrīnus,\N,1242
15395,mālus,27795,1243
15434,medius,28389,1244
15549,ingēns,23377,1245
15561,maior,27686,1246
15562,maiosibus,\N,1247
15563,magis,27616,1248
15569,magnus,27668,1249
15574,Maia,27680,1250
15575,Maiia,\N,1251
15586,magister,27618,1252
15587,maiestās,27685,1253
15588,maximus,28291,1254
15602,magmentum,27633,1255
15603,maciēs,27503,1256
15608,macor,27509,1257
15619,macer,27462,1258
15625,mactus,27535,1259
15650,prōmiscus,38809,1260
15662,mollis,29504,1261
15673,mollior,\N,1262
15733,membrum,28611,1263
15735,membrāna,28600,1264
15736,membrānum,\N,1265
15741,mors,29748,1266
15773,Morta,29756,1267
15780,mortuus,29772,1268
15883,breuis,5692,1269
15887,breuior,\N,1270
15890,breuitās,5693,1271
15895,breuissimus,\N,1272
15904,Neptūnus,30797,1273
15928,nebula,30626,1274
15946,imber,21646,1275
15974,nimbus,31001,1276
15985,nox,31336,1277
15986,noctium,\N,1278
15987,nox,31336,1279
16014,aequinoctium,1306,1280
16015,binoctium,5370,1281
16016,trinoctium,49175,1282
16017,quadrinoctium,39941,1283
16026,noctū,31113,1284
16030,noctua,31114,1285
16035,nocturnus,31121,1286
16043,nūdus,31392,1287
16087,nāuis,30594,1288
16088,nāuem,\N,1289
16089,nāuī,\N,1290
16090,nāuium,\N,1291
16091,naufragus,30529,1292
16137,nepōs,30778,1293
16138,nepōtis,\N,1294
16155,prōnepōs,38860,1295
16156,prōneptis,38861,1296
16159,neptis,30791,1297
16191,nouus,31335,1298
16208,nouior,\N,1299
16212,nouerca,31308,1300
16214,nouitās,31326,1301
16217,nouissimus,31325,1302
16220,nouīcius,31317,1303
16238,ādes,\N,1304
16256,pēs,35788,1305
16263,bipēs,5393,1306
16264,tripēs,49202,1307
16265,quadrupēs,39962,1308
16266,quadripēs,39948,1309
16267,antepēs,2789,1310
16272,pedes,34363,1311
16285,compēs,9597,1312
16294,pessum,35802,1313
16302,pēior,34416,1314
16306,Pedum,34402,1315
16307,oppidum,32823,1316
16308,oppidō,32821,1317
16317,peda,34348,1318
16332,pedum,34402,1319
16357,tripodāre,\N,1320
16371,acupedius,649,1321
16384,podium,36816,1322
16395,pedica,34368,1323
16398,peccāre,\N,1324
16404,pessimus,35797,1325
16405,pessumus,\N,1326
16471,pigmentum,36314,1327
16472,pictor,36292,1328
16474,pictus,36297,1329
16480,piger,36310,1330
16510,praecox,37503,1331
16517,coctor,8844,1332
16530,coctum,\N,1333
16531,coctū,\N,1334
16543,coquus,11136,1335
16551,coctus,8847,1336
16561,coctiō,8840,1337
16568,postis,37265,1338
16630,pater,34127,1339
16631,patrem,\N,1340
16632,patris,\N,1341
16633,patrēs,\N,1342
16665,Diē̆spiter,13864,1343
16666,Iuppiter,\N,1344
16685,patruus,34203,1345
16692,patrōnus,34200,1346
16693,patrōna,34197,1347
16698,patrius,34184,1348
16699,patria,34162,1349
16707,paternus,34132,1350
16711,patricus,34172,1351
16715,patrīnus,\N,1352
16727,palam,33452,1353
16733,palma,33522,1354
16734,palmus,33545,1355
16742,plānus,36611,1356
16840,proprītim,38986,1357
16854,proprius,38987,1358
16919,rōs,41893,1359
16960,rota,41920,1360
16967,bīrotus,5399,1361
16977,rotula,41930,1362
16978,rotulus,\N,1363
17031,roudus,\N,1364
17032,raudus,40514,1365
17033,rūdus,42000,1366
17034,rōbus,41860,1367
17035,rubor,41961,1368
17036,robosem,\N,1369
17041,rubia,41955,1370
17052,rūfus,42009,1371
17053,rōbus,41860,1372
17068,rūbius,\N,1373
17076,ruber,41948,1374
17095,russus,42106,1375
17101,rōbustus,41864,1376
17140,sāl,42322,1377
17147,salis,\N,1378
17170,salsus,42425,1379
17174,sale,42341,1380
17193,salīnum,42371,1381
17194,salīnae,42367,1382
17209,sēdēs,43344,1383
17210,sedum,43369,1384
17225,dēses,13375,1385
17226,praeses,37994,1386
17234,nīdus,30952,1387
17266,assessor,4044,1388
17278,necesse,30641,1389
17320,sella,43438,1390
17326,subsidium,46098,1391
17327,praesidium,38008,1392
17328,insidiae,23851,1393
17332,obsessus,31880,1394
17346,sessiō,44049,1395
17428,seges,43373,1396
17438,Seia,43406,1397
17460,sōl,44624,1398
17539,senis,\N,1399
17545,senium,43684,1400
17548,senior,43682,1401
17555,senex,43673,1402
17608,scissor,43042,1403
17612,scissim,43039,1404
17634,scissus,43044,1405
17635,scissiō,43040,1406
17647,scobis,43058,1407
17650,scabiēs,42834,1408
17655,scaber,42832,1409
17674,nix,31080,1410
17675,niuis,\N,1411
17676,niuem,\N,1412
17721,nurus,31519,1413
17752,lībripēns,26542,1414
17753,pēnsor,34574,1415
17759,sponda,45137,1416
17765,pēnsus,34577,1417
17766,pēnsum,34575,1418
17769,impēnsa,21868,1419
17770,inpēnsa,\N,1420
17771,pēnsiō,34568,1421
17875,frīgus,18834,1422
17883,tegmen,47682,1423
17884,tector,47661,1424
17898,teges,47675,1425
17899,toga,48514,1426
17907,tignum,48380,1427
17909,tēctus,47669,1428
17910,tēctum,47667,1429
17911,tē̆ctiō,47659,1430
17930,iuxtā,25468,1431
17931,iuxtim,25469,1432
17940,agrestis,1626,1433
17941,caelestis,6030,1434
17965,praestō,38047,1435
18002,testis,48023,1436
18010,superstes,46913,1437
18011,praestes,38034,1438
18012,antistes,2909,1439
18013,Praestita,\N,1440
18021,instaurāre,\N,1441
18080,stāmen,45284,1442
18091,stator,45322,1443
18092,Stator,45322,1444
18093,obstetrīx,31927,1445
18103,statim,45314,1446
18124,status,45338,1447
18125,statum,\N,1448
18126,statū,\N,1449
18168,status,45338,1450
18210,obstāculum,31920,1451
18219,stabulum,45255,1452
18220,prōstibulum,39128,1453
18224,statiō,45316,1454
18225,superstitiō,46915,1455
18295,stlocus,45496,1456
18296,locus,26922,1457
18297,locī,\N,1458
18298,loca,\N,1459
18299,īlicō,21465,1460
18312,stolō,45512,1461
18336,stultus,45703,1462
18339,stolidus,45511,1463
18377,sodālis,44614,1464
18378,suodālēs,\N,1465
18386,suāsor,45758,1466
18390,suāuis,45781,1467
18397,suāsus,45762,1468
18403,suāuior,45780,1469
18409,malesuādus,27737,1470
18410,suādus,45747,1471
18411,Suada,45742,1472
18417,suāsus,45762,1473
18419,suāsiō,45757,1474
18423,suāuitās,45783,1475
18430,socrus,44610,1476
18446,socer,44589,1477
18458,socera,44590,1478
18479,somnus,44755,1479
18494,insomnis,23918,1480
18495,exsomnis,17245,1481
18502,somnium,44751,1482
18509,sopor,44800,1483
18529,soror,44839,1484
18556,sobrīnus,44582,1485
18567,sūs,47133,1486
18574,suīnus,46545,1487
18594,sucula,46394,1488
18595,succula,\N,1489
18678,tentor,47840,1490
18691,tentus,47844,1491
18692,intentus,24169,1492
18701,tenus,47856,1493
18702,tenus,47856,1494
18703,tenor,47825,1495
18716,tentus,47844,1496
18717,extentus,17351,1497
18744,tenuis,47852,1498
18785,tepor,47868,1499
18821,torris,48638,1500
18842,torrus,\N,1501
18843,torrus,\N,1502
18846,terra,47940,1503
18848,extorris,17396,1504
18859,tostus,48664,1505
18874,trabs,48684,1506
18909,uter,50024,1507
18910,utrem,\N,1508
18937,lutra,27315,1509
18949,unda,49801,1510
18998,ūmor,49766,1511
18999,ūmidus,49762,1512
19003,ūrīna,49950,1513
19004,ūrīnārī,\N,1514
19007,ūlīgō,49685,1515
19032,prōuīsor,39252,1516
19056,uīsus,51188,1517
19099,uīsus,51188,1518
19108,uīsiō,51174,1519
19125,uerrēs,50638,1520
19174,uir,51077,1521
19190,cūria,12012,1522
19193,uira,51078,1523
19203,uirtūs,51151,1524
19216,uerbum,50566,1525
19227,ā,1,1526
19228,āh,1650,1527
19235,amnis,2279,1528
19247,Abella,62,1529
19321,ad,666,1530
19322,atque,4278,1531
19323,ac,283,1532
19361,ador,969,1533
19383,agō,1606,1534
19402,āctus,636,1535
19403,ambactus,2141,1536
19418,ambāgēs,2143,1537
19420,agī,\N,1538
19422,indāgēs,22713,1539
19423,indāgo,22714,1540
19424,coāgulum,8776,1541
19435,prōdigus,38595,1542
19436,abiga,84,1543
19443,agmen,1582,1544
19444,exāmen,16584,1545
19445,ammentum,\N,1546
19448,agilis,1565,1547
19450,agolum,1609,1548
19453,agēa,1527,1549
19458,rēmex,41067,1550
19459,rēmigāre,\N,1551
19460,rēmigium,41070,1552
19461,lītigāre,\N,1553
19462,indigitēs,\N,1554
19463,indigitāre,\N,1555
19464,indigitāmenta,22829,1556
19465,exagium,16571,1557
19466,exigere,\N,1558
19467,exāctus,16551,1559
19468,exiguus,16894,1560
19469,exīlis,16897,1561
19470,agīna,1568,1562
19474,acnua,539,1563
19475,āctus,636,1564
19476,actūtum,638,1565
19477,agāsō,1520,1566
19478,agō,1606,1567
19479,agōnium,1616,1568
19484,axis,4745,1569
19495,āla,1667,1570
19496,axilla,4741,1571
19532,ager,1535,1572
19544,agrestis,1626,1573
19661,Agrippa,1640,1574
19676,ascia,3882,1575
19679,agnus,1605,1576
19680,agnīle,\N,1577
19693,agninus,1594,1578
19694,auillus,\N,1579
19725,aemulus,1229,1580
19789,aedēs,1131,1581
19790,aedis,1147,1582
19792,aestās,1383,1583
19793,aestus,1405,1584
19794,aestuāre,\N,1585
19859,aeger,1163,1586
19860,aegrotus,1204,1587
19897,aesculus,1374,1588
19969,īcō,\N,1589
19970,ictus,21351,1590
19984,aes,1360,1591
19989,aēnus,1253,1592
19991,aēneus,1243,1593
19995,aestimō,1393,1594
19996,aestumō,\N,1595
20017,aeruscāre,\N,1853
20092,aeuus,\N,1854
20093,aeuum,1435,1855
20094,aetas,1407,1856
20095,aeuitas,1433,1857
20099,aeternus,1414,1858
20115,longaeuus,26962,1859
20141,acēre,\N,1860
20142,acidus,516,1861
20143,acētum,466,1862
20180,aciēs,518,1863
20195,acus,650,1864
20196,acuere,\N,1865
20197,acūmen,645,1866
20198,acia,510,1867
20199,aquifolium,\N,1868
20200,ācrifolium,570,1869
20201,aculeus,644,1870
20202,accipiter,366,1871
20210,opulus,32890,1872
20243,agna,1585,1873
20263,acer,435,1874
20264,acerabulus,\N,1875
20273,acernus,445,1876
20291,ācer,435,1877
20292,ācra,557,1878
20295,perācer,34632,1879
20296,acerbus,442,1880
20304,ocris,32193,1881
20305,mediocris,28361,1882
20306,Ocriculum,32192,1883
20307,Interocrea,\N,1884
20308,ocrea,32188,1885
20331,acus,650,1886
20332,aceruus,455,1887
20352,occa,32079,1888
20365,Acca,313,1889
20385,aqua,3260,1890
20386,aquilus,3300,1891
20387,aquila,3283,1892
20388,aquilō,3295,1893
20401,Scandinauia,42897,1894
20417,uls,49698,1895
20418,ulter,49699,1896
20419,ulterior,49700,1897
20420,ultimus,49706,1898
20422,ollus,32535,1899
20423,olle,32532,1900
20424,ollī,\N,1901
20425,ollīc,\N,1902
20426,ōlim,32513,1903
20427,olitana,\N,1904
20428,olitinata,\N,1905
20431,ille,21513,1906
20496,alers,\N,1907
20497,allers,\N,1908
20506,alius,1896,1909
20508,aliēnus,1843,1910
20509,aliquis,1875,1911
20510,alicubi,1832,1912
20511,alter,2016,1913
20513,altrinsecus,2058,1914
20514,altrōuorsum,2060,1915
20515,alterāre,\N,1916
20516,adulter,1030,1917
20517,alternus,2029,1918
20518,altercāri,\N,1919
20549,alō,1979,1920
20550,alēscere,\N,1921
20551,coalēscere,\N,1922
20552,adolēscere,\N,1923
20553,adultus,1040,1924
20554,abolēscere,\N,1925
20555,aboleō,147,1926
20556,indolēs,22905,1927
20557,subolēs,46047,1928
20558,prōles,38752,1929
20559,prōlētārius,38754,1930
20560,alimentum,1847,1931
20561,alimōnia,1850,1932
20578,altus,2062,1933
20611,almus,1976,1934
20661,ālea,1776,1935
20662,ambulō,2198,1936
20664,alūcinor,2066,1937
20672,adoleō,948,1938
20673,adolēscō,951,1939
20674,altāre,\N,1940
20678,alacer,1675,1941
20707,alica,1829,1942
20732,albus,1744,1943
20736,albula,1735,1944
20737,alburnus,1742,1945
20738,albarus,\N,1946
20739,albūcus,1732,1947
20774,Albis,1724,1948
20775,Albia,\N,1949
20780,Albula,1735,1950
20782,Albiōn,1721,1951
20784,Alpēs,1993,1952
20800,ala,1667,1953
20844,algor,1821,1954
20845,algeō,1814,1955
20846,algidus,1818,1956
20882,ālum,2068,1957
20883,ālium,1894,1958
20885,ālum,2068,1959
20886,ālus,\N,1960
20889,alūta,2077,1961
20890,alūmen,2069,1962
20902,amb,2140,1963
20903,am,2092,1964
20904,an,2408,1965
20905,am,2092,1966
20906,ambi,2153,1967
20915,Amiternum,2258,1968
20943,ambō,2177,1969
20965,ampla,\N,1970
20966,amplus,2366,1971
20978,merula,28859,1972
20992,amīcus,2247,1973
20993,amita,2257,1974
20994,amma,\N,1975
20995,amāre,2109,1976
20997,amoenus,2289,1977
21001,anna,2642,1978
21006,anus,2941,1979
21007,Anna,2642,1980
21035,an,2408,1981
21076,animus,2637,1982
21077,anima,2613,1983
21079,animal,2619,1984
21080,hālō,20194,1985
21148,anhēlō,2593,1986
21226,anas,2456,1987
21238,anatīna,\N,1988
21243,antae,2722,1989
21249,angō,2562,1990
21255,angiportus,2558,1991
21281,angor,2563,1992
21282,angustus,2589,1993
21283,angustiae,2584,1994
21298,angina,2557,1995
21311,anguis,2576,1996
21334,anguilla,2571,1997
21398,uncus,49799,1998
21400,uncīnus,49785,1999
21401,ungulus,49863,2000
21402,ungustus,49865,2001
21404,ancus,2508,2002
21405,ancrae,\N,2003
21426,Anglii,\N,2004
21468,angulus,2582,2005
21471,ānus,2941,2006
21493,ānsa,2712,2007
21494,ānsae,\N,2008
21496,ansātus,2714,2009
21515,anses,\N,2010
21550,ante,2734,2011
21551,antideā,2856,2012
21552,antidhāc,2858,2013
21553,antidīre,\N,2014
21554,anterior,2797,2015
21555,antārium,\N,2016
21556,antīcus,2853,2017
21557,antīquus,2899,2018
21558,antēs,2799,2019
21609,antiae,2841,2020
21640,apīscor,3032,2021
21641,adipīscor,820,2022
21642,coēpi,\N,2023
21643,apiō,3027,2024
21644,ape,2969,2025
21645,aptus,3249,2026
21646,cōpula,11112,2027
21647,apud,3251,2028
21648,apor,3084,2029
21649,apur,\N,2030
21650,apex,2990,2031
21733,ab,5,2032
21734,abs,191,2033
21809,positus,37214,2034
21810,pōnō,37045,2035
21811,poliō,36871,2036
21812,polūbrum,36928,2037
21813,pōrcet,\N,2038
21838,puppis,39646,2039
21943,artus,3834,2040
21944,artē,3791,2041
21945,ars,3770,2042
21946,iners,23042,2043
21947,sollers,44693,2044
21948,allers,\N,2045
21949,alers,\N,2046
21950,artiō,3818,2047
21951,artus,3834,2048
21952,articulus,3812,2049
21965,arma,3666,2050
21966,armentum,3682,2051
21989,armus,3703,2052
22002,reor,41174,2053
22003,ratus,40504,2054
22004,ratiō,40485,2055
22005,prōportiō,38969,2056
22065,rītus,41828,2057
22066,rīte,41826,2058
22098,ōrdior,32973,2059
22099,exōrdior,16966,2060
22100,redōrdior,40792,2061
22101,ōrdo,32975,2062
22104,arāneus,3335,2063
22105,arānea,3329,2064
22155,arō,3716,2065
22156,arātor,3345,2066
22157,arātrum,3347,2067
22200,aruus,3853,2068
22201,aruum,3852,2069
22229,argentum,3560,2070
22268,argilla,3567,2071
22269,argīla,\N,2072
22272,arguō,3589,2073
22273,argūtus,3600,2074
22298,arceō,3406,2075
22299,arca,3390,2076
22300,arcānus,3397,2077
22306,arx,3854,2078
22307,arcera,3407,2079
22319,Orcus,32958,2080
22321,arinca,3632,2081
22337,arcus,3486,2082
22338,arquātus,3727,2083
22339,arcuātus,3475,2084
22357,ardea,3487,2085
22365,harundō,20283,2086
22369,aruīna,3849,2087
22372,āra,3311,2088
22375,āreō,3521,2089
22376,āridus,3620,2090
22377,ardeō,3493,2091
22378,assus,4116,2092
22379,ārea,3503,2093
22408,annus,2699,2094
22411,perennis,34896,2095
22412,sollennis,\N,2096
22425,āter,4235,2097
22428,Ātella,4234,2098
22430,Ātrius,4301,2099
22435,attilus,4364,2100
22443,at,4223,2101
22483,atta,4311,2102
22517,au,4406,2103
22564,au,4406,2104
22588,uēscor,50726,2105
22589,uēscus,50728,2106
22590,uēcors,50318,2107
22591,uēgrandis,50355,2108
22592,uēsānus,50721,2109
22593,Vēiouis,50368,2110
22647,aut,4635,2111
22648,autem,4636,2112
22673,uĕ,50314,2113
22796,aueō,4687,2114
22797,auidus,4714,2115
22798,audeō,4453,2116
22799,auārus,4675,2117
22846,audiō,4456,2118
22847,oboedio,31788,2119
22907,unda,49801,2120
22913,uter,50024,2121
22914,lutra,27315,2122
22975,ūrīna,49950,2123
22976,ūrīnor,49955,2124
22977,ūrīnātor,49953,2125
22986,ūrus,49971,2126
23049,uerrēs,50638,2127
23087,uentus,50515,2128
23091,uentilāre,\N,2129
23092,uentilābrum,50493,2130
23142,ēuēlātus,\N,2131
23161,uannus,50212,2132
23162,uatillum,\N,2133
23202,augeō,4473,2134
23203,auctor,4423,2135
23205,auctiō,4417,2136
23206,augmentum,4481,2137
23209,augur,4482,2138
23243,augustus,4512,2139
23254,auxilium,4663,2140
23255,auxilis,\N,2141
23288,auis,4717,2142
23289,auca,\N,2143
23327,aurōra,4584,2144
23328,auster,4618,2145
23329,austrālis,4626,2146
23330,aurum,4591,2147
23336,Vesuuius,50787,2148
23348,Ostrogothae,\N,2149
23349,Austrogoti,\N,2150
23381,auēna,4680,2151
23389,aulla,\N,2152
23390,aula,4514,2153
23391,ōlla,32528,2154
23392,auxilla,4664,2155
23433,aluus,2085,2156
23434,alueus,2084,2157
23436,auus,4733,2158
23437,auia,4705,2159
23439,auītus,4720,2160
23454,auunculus,4732,2161
23473,hauriō,20302,2162
23477,papula,33764,2163
23478,papilla,33752,2164
23490,babae,4766,2165
23491,papae,33738,2166
23492,babaecalus,\N,2167
23494,babit,\N,2168
23495,babiger,\N,2169
23516,babulus,4772,2170
23523,balbus,4865,2171
23524,balbūtiō,4867,2172
23532,bambalō,\N,2173
23537,barbarus,4948,2174
23541,baburrus,4773,2175
23552,fascinum,17765,2176
23553,fascināre,\N,2177
23554,blaesus,5447,2178
23555,badius,4830,2179
23568,baculum,4826,2180
23569,bacillum,4817,2181
23570,imbēcillus,21643,2182
23590,ballāre,\N,2183
23593,bombus,5548,2184
23657,pampinus,33605,2185
23702,baubor,5075,2186
23717,bēbō,\N,2187
23718,bālāre,\N,2188
23719,bēlāre,\N,2189
23751,dēbilis,12404,2190
23787,būbō,5776,2191
23793,būtio,5896,2192
23794,būteo,5891,2193
23797,boāre,\N,2194
23958,bucca,5792,2195
24083,bīlis,5349,2196
24088,blaterō,5482,2197
24089,blatiō,5484,2198
24115,pūlex,39529,2199
24133,bulbus,5834,2200
24270,affāmen,1444,2201
24275,for,18552,2202
24276,fācundus,17564,2203
24277,fātum,17817,2204
24278,fāma,17652,2205
24280,fābula,17506,2206
24281,fās,17751,2207
24282,diēs,13862,2208
24283,fāsti,17773,2209
24284,fateor,17797,2210
24286,Fātuus,17822,2211
24309,faba,17470,2212
24310,Fabius,17484,2213
24311,Fabidius,\N,2214
24312,Fabāria,\N,2215
24321,Baunonia,\N,2216
24383,fāgus,17603,2217
24388,Bōcōnia,\N,2218
24437,broccus,\N,2219
24451,fastigium,17786,2220
24452,fastus,17790,2221
24453,fastīdium,17782,2222
24515,barba,4933,2223
24529,barbātus,4952,2224
24541,farciō,17712,2225
24542,fartus,17749,2226
24543,frequēns,18773,2227
24548,far,17707,2228
24550,farīna,17719,2229
24551,farreus,17738,2230
24564,fascia,17754,2231
24565,fascis,17768,2232
24575,fatuus,17822,2233
24576,battuō,5069,2234
24577,battō,\N,2235
24587,fūstis,19173,2236
24589,fūsterna,19168,2237
24617,confūtō,10240,2238
24618,refūtō,40908,2239
24619,fūtuō,19191,2240
24687,fodiō,18501,2241
24688,fossa,18673,2242
24689,fodicāre,\N,2243
24851,findō,18215,2244
24852,fissum,18255,2245
24853,fissūra,18256,2246
24901,fīdō,18157,2247
24902,fīdus,18162,2248
24903,foedus,18510,2249
24904,fīdus,18162,2250
24905,fidēs,18145,2251
24906,Dius,14537,2252
24933,perfinēs,34952,2253
24946,uidubium,\N,2254
25008,blatea,\N,2255
25012,mare,28041,2256
25017,fulica,19001,2257
25018,fulix,19006,2258
25019,fēlēs,17894,2259
25110,ballaena,\N,2260
25116,follis,18534,2261
25190,flō,18396,2262
25217,folium,18526,2263
25220,flōs,18426,2264
25221,flōreō,18406,2265
25263,fulciō,18971,2266
25264,fulcrum,18974,2267
25265,sufflāmen,46471,2268
25337,flaccus,18290,2269
25377,flagrō,18310,2270
25378,flamma,18325,2271
25380,fulgō,18989,2272
25381,fulgeō,18980,2273
25382,fulgor,18990,2274
25383,fulgus,\N,2275
25384,fulmen,19011,2276
25518,offendō,32386,2277
25519,dēfendō,12679,2278
25524,offendimentum,32384,2279
25525,offendix,32385,2280
25527,Ζεὺς,\N,2281
25570,pinguis,36390,2282
25682,ferō,17982,2283
25686,ferāx,17954,2284
25687,ferculum,17957,2285
25688,praefericulum,37614,2286
25689,fertor,18016,2287
25690,fertōrius,18017,2288
25693,fertilis,18013,2289
25695,fer,\N,2290
25696,forda,18565,2291
25697,fūr,19095,2292
25698,fors,18641,2293
25699,forte,18650,2294
25701,fortūna,18661,2295
25845,fretum,18789,2296
25846,fretus,18790,2297
25847,fretāle,18786,2298
25848,fermentum,17981,2299
25947,burra,5874,2300
25948,reburrus,40549,2301
25957,feriō,17971,2302
25958,ferentārius,17959,2303
25959,forma,18584,2304
25960,forō,18638,2305
25961,forāmen,18555,2306
25962,forus,18670,2307
26080,fiber,18087,2308
26081,fibrī,\N,2309
26104,fibrīnus,18092,2310
26119,fertum,18018,2311
26120,ferctum,17956,2312
26132,frīgō,18827,2313
26182,frigō,18827,2314
26183,friguttiō,\N,2315
26184,fringuliō,\N,2316
26185,fringultiō,18838,2317
26186,frigulō,18833,2318
26187,fringuilla,\N,2319
26193,merulus,28865,2320
26227,farnus,17730,2321
26228,frāxinus,18755,2322
26283,fortis,18655,2323
26284,forctus,\N,2324
26285,horctus,\N,2325
26286,horctis,\N,2326
26374,frōns,18862,2327
26401,fremō,18761,2328
26402,frontēsia,\N,2329
26432,festīnō,18052,2330
26433,cōnfestim,10115,2331
26466,ferueō,18030,2332
26467,dēfrū̆tum,12771,2333
26474,brīsa,5705,2334
26563,frūmen,18895,2335
26581,sabulum,42171,2336
26593,sabulum,42171,2337
26687,fuī,\N,2338
26688,fūī,\N,2339
26689,futūrus,19192,2340
26690,forem,\N,2341
26691,fore,18568,2342
26692,fuam,\N,2343
26693,bam,\N,2344
26695,bō,\N,2345
26696,futāuit,\N,2346
26707,fīō,18227,2347
26711,dubius,14851,2348
26713,probus,38460,2349
26714,superbus,46690,2350
26718,moribundus,29720,2351
26945,fugiō,18961,2352
26946,fuga,18952,2353
27018,fungor,19085,2354
27019,dēfungor,12781,2355
27020,perfungor,35015,2356
27024,fidēlia,18134,2357
27028,fiscus,18250,2358
27029,fiscina,18249,2359
27047,flagrum,18311,2360
27048,flagellum,18295,2361
27049,flāgitō,18302,2362
27050,flāgitium,18301,2363
27062,flāmen,18312,2364
27070,fleō,18373,2365
27205,blundus,\N,2366
27292,fluō,18465,2367
27293,flūctus,18447,2368
27294,flūmen,18460,2369
27295,conflūgēs,10188,2370
27296,fluuius,18478,2371
27297,flustra,18468,2372
27347,flāuus,18368,2373
27349,fuluus,19027,2374
27350,flōrus,18424,2375
27378,flīgō,18395,2376
27383,floccus,18399,2377
27426,foedus,18510,2378
27457,focus,18498,2379
27488,fūcus,18948,2380
27491,fragrō,18717,2381
27496,barmbraccus,\N,2382
27507,frāter,18723,2383
27550,frātria,18731,2384
27589,frangō,18722,2385
27590,fragilis,18705,2386
27591,fragor,18711,2387
27592,suffrāgium,46492,2388
27593,suffrāginēs,\N,2389
27662,friō,18840,2390
27663,fricō,18802,2391
27664,refrīua,40888,2392
27665,frīuolus,18847,2393
27668,brīsāre,\N,2394
27700,frōns,18862,2395
27786,frutex,18929,2396
27906,frustum,18925,2397
28007,frūx,18938,2398
28009,frūgī,18886,2399
28010,fruor,18907,2400
28011,frūniscor,18904,2401
28012,frūmentum,18902,2402
28034,fundus,19070,2403
28035,profundus,38684,2404
28159,dapinō,12346,2405
28162,daps,12347,2406
28163,damnum,12319,2407
28164,damnōsus,12318,2408
28285,dūmus,14929,2409
28290,lēuir,26435,2410
28299,dacruma,\N,2411
28300,lacruma,25585,2412
28301,lacrima,25577,2413
28358,duellum,14882,2414
28359,bellum,5152,2415
28403,quande,40023,2416
28404,quamde,40011,2417
28409,inde,22718,2418
28410,unde,49805,2419
28417,quīdam,40149,2420
28418,quondam,40314,2421
28420,dum,14919,2422
28421,etiamdum,16315,2423
28422,interdum,24252,2424
28423,nōndum,31192,2425
28424,agedum,\N,2426
28425,manedum,\N,2427
28426,quidum,40155,2428
28427,dummodo,14925,2429
28428,dumnē,\N,2430
28429,dumtaxat,14928,2431
28431,īdem,21362,2432
28433,quidem,40150,2433
28435,tandem,47499,2434
28436,tantusdem,47517,2435
28437,totidem,48666,2436
28438,dōnicum,14747,2437
28439,dōnec,14746,2438
28440,donique,14749,2439
28442,quandō,40025,2440
28460,endo,15784,2441
28461,indu,22919,2442
28472,dē,12375,2443
28478,dēterior,13529,2444
28479,dēterrimus,\N,2445
28480,dēmum,13080,2446
28481,dēnique,13106,2447
28590,Iuppiter,\N,2448
28593,Iouis,\N,2449
28594,Diouis,14093,2450
28599,Iūlius,\N,2451
28600,Diēspiter,13864,2452
28603,Vēdiū̆s,50344,2453
28604,diēs,13862,2454
28605,nudiū̆s,31388,2455
28606,diū,14529,2456
28607,diēcula,13860,2457
28625,dius,14537,2458
28626,interdius,24247,2459
28627,biduum,\N,2460
28628,triduum,49102,2461
28637,dīus,14537,2462
28638,dīum,\N,2463
28639,Diāna,13746,2464
28649,deus,13588,2465
28650,dīuus,14613,2466
28655,dīues,14567,2467
28682,nundinae,31484,2468
28769,dictus,13842,2469
28772,dictiō,13835,2470
28790,dīcere,\N,2471
28791,dīcāre,\N,2472
28798,dīciō,13816,2473
28799,indīcāre,\N,2474
28800,index,22786,2475
28802,iūdex,25298,2476
28803,uindex,51027,2477
28804,causidicus,7220,2478
28825,digitus,13935,2479
28858,doga,14649,2480
28876,decet,12491,2481
28877,decus,12610,2482
28878,dignus,13952,2483
28880,doceō,14617,2484
28881,discō,14195,2485
28909,dexter,13663,2486
28953,decem,12447,2487
28954,dēnī,13102,2488
28955,Decius,12519,2489
28983,decuria,12592,2490
28998,trigintā,49140,2491
28999,trIcontis,\N,2492
29006,decimus,12509,2493
29007,decumānus,12584,2494
29009,Decumius,\N,2495
29035,centum,7437,2496
29036,ducentum,14862,2497
29037,ducentī,14860,2498
29039,trecentī,48985,2499
29040,quadringentī,39938,2500
29041,centēsimus,7411,2501
29057,centuria,7452,2502
29068,dolus,14689,2503
29069,dolō,14681,2504
29131,dolō,14681,2505
29144,doleō,14668,2506
29145,dolor,14684,2507
29148,dolō,14681,2508
29149,dolābra,14657,2509
29150,dōlium,14680,2510
29274,indulgeō,22951,2511
29304,longus,26996,2512
29365,domī,\N,2513
29367,dominus,14714,2514
29368,domus,14735,2515
29418,domō,14731,2516
29419,domās,\N,2517
29420,domuī,\N,2518
29421,domitus,14724,2519
29422,domitor,14721,2520
29468,damma,12303,2521
29469,dāma,12293,2522
29562,dēnsus,13124,2523
29563,dēnseō,13121,2524
29569,depsō,13272,2525
29683,Truentus,\N,2526
29908,drauoca,\N,2527
29926,derbita,\N,2528
30221,dūrus,15008,2876
30222,larix,25930,2877
30235,δρυναίμετον,\N,2878
30289,trustis,\N,2879
30391,duenos,\N,2880
30392,duonos,\N,2881
30393,bonus,5565,2882
30394,bene,5173,2883
30395,bellus,5154,2884
30397,beō,5205,2885
30398,beātus,5093,2886
30492,dūdum,14876,2887
30493,dūrāre,\N,2888
30496,dum,14919,2889
30511,dūcō,14864,2890
30512,doucō,\N,2891
30518,abdūcō,56,2892
30520,addūcō,744,2893
30522,condūcō,10058,2894
30524,dux,15019,2895
30525,ēducāre,\N,2896
30526,trādux,48721,2897
30530,ductim,14868,2898
30531,ductiō,14869,2899
30532,ductus,14874,2900
30640,dulcis,14906,2901
30649,dingua,14050,2902
30650,lingua,26711,2903
30710,dō,14614,2904
30711,danunt,\N,2905
30730,reddō,40747,2906
30731,dătus,12367,2907
30735,datum,\N,2908
30736,cedō,7286,2909
30777,dător,12366,2910
30789,dōs,14781,2911
30795,datiō,12362,2912
30799,dōnum,14751,2913
30827,duim,14886,2914
30828,duīs,14887,2915
30829,duō,14931,2916
30861,dormiō,14762,2917
30911,difficilis,13879,2918
30949,dīrus,14151,2919
30974,duŏdēnī,14941,2920
30981,duo,14931,2921
30982,duae,\N,2922
31026,dui,\N,2923
31027,bi,\N,2924
31033,dubius,14851,2925
31066,du̯is,14887,2926
31067,bis,5401,2927
31096,duplus,14978,2928
31104,duplex,14966,2929
31158,bīnī,5368,2930
31219,dis,14154,2931
31259,faber,17480,2932
31260,fabrē,17486,2933
31261,affabrē,1442,2934
31262,infabrē,23112,2935
31263,fabrica,17490,2936
31265,effāfilātus,\N,2937
31332,Faunus,17830,2938
31362,ditus,\N,2939
31371,conditus,10038,2940
31372,conditum,\N,2941
31389,abdere,\N,2942
31390,condere,\N,2943
31391,condidī,\N,2944
31392,Cōnsus,10724,2945
31393,perdere,\N,2946
31394,crēdere,\N,2947
31396,faciō,17534,2948
31405,facilis,17529,2949
31407,faciēs,17527,2950
31408,interficiō,24276,2951
31416,facessō,17522,2952
31418,facul,17555,2953
31488,conditor,10032,2954
31497,conditiō,10026,2955
31509,sacerdōs,42195,2956
31536,famulus,17695,2957
31537,familia,17670,2958
31543,abdōmen,55,2959
31576,famēs,17660,2960
31577,ad,666,2961
31578,affatim,1446,2962
31579,fatīgō,17805,2963
31580,fatīscō,17810,2964
31654,foueō,18691,2965
31655,fōculum,\N,2966
31656,fōmentum,18539,2967
31657,fōmes,18540,2968
31658,fauilla,17847,2969
31659,fauōnius,17854,2970
31660,febris,17873,2971
31724,fēmina,17922,2972
31766,fēlō,\N,2973
31767,fīlius,18203,2974
31788,fēlīx,17905,2975
31789,fēcundus,17891,2976
31790,fētus,18081,2977
31791,fēta,\N,2978
31792,effēta,\N,2979
31793,fēnus,17948,2980
31794,fēnum,17947,2981
31856,fīgō,18168,2982
31857,fīuō,\N,2983
31860,fīnis,18220,2984
31908,fingō,18217,2985
31909,figulus,18176,2986
31910,fīlum,18205,2987
31911,effigiēs,15256,2988
31912,figūra,18178,2989
31913,fictiō,18113,2990
31914,fictilis,18112,2991
31919,fītilla,18272,2992
32054,falx,17651,2993
32152,fōns,18542,2994
32165,danea,\N,2995
32249,fracēs,18694,2996
32250,fracēre,\N,2997
32374,frētus,18790,2998
32376,frēnum,18772,2999
32377,ferē,17958,3000
32378,fermē,17975,3001
32379,firmus,18243,3002
32470,drungus,14823,3003
32510,drēnsō,14807,3004
32538,foria,18574,3005
32539,foriō,18580,3006
32581,trahō,48752,3007
32582,traha,48748,3008
32583,trāgum,48745,3009
32584,trāgula,48743,3010
32683,infestus,23203,3011
32684,infestāre,\N,3012
32685,manifestus,27905,3013
32708,fēriae,17966,3014
32709,fēsiae,\N,3015
32710,fēstus,18063,3016
32713,fānum,17705,3017
32768,fūnus,19093,3018
32798,fūmāre,\N,3019
32805,fūmus,19043,3020
32814,fīmus,18212,3021
32842,fūlīgo,19005,3022
32881,tūs,49555,3023
32896,suffiō,46463,3024
32897,suffīmentum,46462,3025
32898,foeteo,18513,3026
32900,dūnum,\N,3027
33265,furō,19140,3028
33266,Furiae,\N,3029
33276,fimbria,18206,3030
33280,fērālis,17952,3031
33360,fuscus,19159,3032
33361,furuus,19151,3033
33372,dosinus,\N,3034
33443,fūnis,19092,3035
33684,fraus,18749,3036
33686,frūstra,18914,3037
33723,forēs,\N,3038
33724,foris,18582,3039
33725,forās,18558,3040
33726,forīs,18582,3041
33727,forum,18669,3042
33789,hērēs,20546,3043
33834,eh,\N,3044
33835,ēcastor,15084,3045
33836,edepō̆l,15154,3046
33837,ēdī,\N,3047
33881,is,25048,3048
33882,īs,25048,3049
33883,eis,\N,3050
33884,eisdem,\N,3051
33885,id,\N,3052
33886,im,21621,3053
33887,em,15585,3054
33888,emem,\N,3055
33889,em,15585,3056
33890,interim,24303,3057
33891,inde,22718,3058
33892,ībus,21320,3059
33907,ecce,15090,3060
33909,mēd,28316,3061
33910,tēd,47671,3062
33911,sēd,43329,3063
33914,eius,15386,3064
33915,ei,15359,3065
33916,ea,15042,3066
33917,eam,\N,3067
33918,iam,25203,3068
33922,ipse,24891,3069
33923,eapse,15046,3070
33924,iste,25101,3071
34050,cēterus,7651,3072
34081,īterum,25134,3073
34088,ibī,21315,3074
34103,ita,25119,3075
34104,item,25125,3076
34121,utī,50034,3077
34136,iam,25203,3078
34170,ūnus,49914,3079
34171,oinos,32458,3080
34193,ūnicus,49877,3081
34216,ob,31591,3082
34236,edō,15174,3083
34237,ēdī,\N,3084
34238,ēdimus,\N,3085
34298,inĕdia,22991,3086
34319,ēsca,16256,3087
34338,prandium,38233,3088
34339,edulus,\N,3089
34340,edūlis,15198,3090
34358,dens,13115,3091
34379,ebulus,\N,3092
34408,egeō,15326,3093
34409,egestās,15333,3094
34410,egēnus,15325,3095
34426,aiiō,\N,3096
34427,Aius,\N,3097
34428,adagiō,679,3098
34429,adagium,680,3099
34430,prōdigium,38592,3100
34431,axāmenta,4734,3101
34445,egō̆,15344,3102
34446,egō̆,15344,3103
34524,ex,16537,3104
34528,exterus,17379,3105
34557,ignis,21422,3106
34570,ehem,15356,3107
34571,hem,20422,3108
34572,eheu,15357,3109
34573,heu,\N,3110
34574,eho,15358,3111
34581,eh,\N,3112
34600,eō,15886,3113
34601,īmus,22129,3114
34602,eunt,\N,3115
34603,ī,21267,3116
34604,iēns,\N,3117
34607,ĭī,\N,3118
34608,īuī,\N,3119
34660,exitium,16922,3120
34661,initium,23512,3121
34662,itiō,25145,3122
34663,iter,25126,3123
34668,comes,9260,3124
34669,itus,25152,3125
34696,itō,25149,3126
34701,uītāre,\N,3127
34702,ūtor,50045,3128
34703,oetor,32369,3129
34704,oitile,\N,3130
34747,Jānus,25220,3131
34748,iānua,25216,3132
34769,hōrnus,20962,3133
34788,ei,15359,3134
34789,hei,20359,3135
34790,ēiulō,15380,3136
34791,oiei,32456,3137
34803,ūua,50072,3138
34935,īra,24896,3139
34936,eira,\N,3140
35012,equus,16092,3141
35034,equa,16067,3142
35040,equīnus,16076,3143
35046,eques,16069,3144
35061,alnus,1978,3145
35118,ulmus,49692,3146
35143,alcēs,1754,3147
35144,alcē,1750,3148
35177,hinuleus,\N,3149
35180,olor,32539,3150
35193,alcēdo,1752,3151
35217,alga,1812,3152
35231,ulua,49728,3153
35346,ulna,49693,3154
35420,licinus,26576,3155
35421,lanx,25838,3156
35434,līmus,26687,3157
35435,līmes,26648,3158
35437,līmen,26645,3159
35444,lituus,26871,3160
35459,oblīquus,31722,3161
35460,liquis,26801,3162
35461,līcium,26583,3163
35462,lixulae,26894,3164
35495,ulcus,49680,3165
35496,ulciscor,49679,3166
35497,emō,15679,3167
35498,ēmī,\N,3168
35500,emptum,\N,3169
35512,emptiō,15716,3170
35560,in,22130,3171
35667,enter,\N,3172
35668,inter,24173,3173
35669,interuias,\N,3174
35670,interdius,24247,3175
35671,intrō,24628,3176
35672,intrā,24594,3177
35673,intrinsecus,24623,3178
35674,interus,\N,3179
35675,interior,24305,3180
35676,intimus,24570,3181
35677,intestīnus,24554,3182
35709,intus,24673,3183
35735,ēn,15741,3184
35745,umbilīcus,49735,3185
35746,umbō,49736,3186
35779,nebula,30626,3187
35794,Neptūnus,30797,3188
35800,imber,21646,3189
35831,nimbus,31001,3190
35858,nactus,30363,3191
35859,nanctus,30385,3192
35860,nanciō,30382,3193
35962,nouem,31298,3194
35976,nōnus,31218,3195
35998,inguen,23418,3196
36025,enim,15808,3197
36062,nam,30376,3198
36063,nempe,30748,3199
36064,nemut,30750,3200
36065,nē,30609,3201
36073,egone,\N,3202
36074,tūne,\N,3203
36075,dēnique,13106,3204
36076,dōnicum,14747,3205
36077,dōnec,14746,3206
36079,quandōne,40028,3207
36080,sīn,44394,3208
36081,ne,30609,3209
36114,nōmen,31157,3210
36140,onus,32668,3211
36141,onustus,32670,3212
36142,onerāre,\N,3213
36151,uncō,49788,3214
36181,aper,2977,3215
36186,aprugnus,3237,3216
36187,Eprius,\N,3217
36234,ob,31591,3218
36235,op,\N,3219
36236,operio,32699,3220
36237,oportet,32802,3221
36238,opācus,32682,3222
36298,upupa,49919,3223
36347,ariēs,3622,3224
36451,orior,33028,3225
36452,ortus,33113,3226
36453,orīgo,33022,3227
36558,rīuus,41839,3228
36559,rīuīnus,41834,3229
36560,rīuālis,41830,3230
36561,irrītāre,\N,3231
36562,prorītāre,\N,3232
36634,ruō,42063,3233
36697,rārus,40466,3234
36698,rēte,41498,3235
36794,eruum,16233,3236
36806,ricinus,41771,3237
36807,ricinus,41771,3238
36829,rōs,41893,3239
36860,rōrārii,41884,3240
36871,errō,16199,3241
36942,rēmus,41127,3242
36943,triresmom,\N,3243
36944,septeresmom,\N,3244
37000,arduus,3501,3245
37005,arbor,3373,3246
37071,sum,46571,3247
37072,ess,\N,3248
37073,est,\N,3249
37074,escit,16267,3250
37075,sumus,\N,3251
37076,estis,\N,3252
37077,sunt,\N,3253
37078,escunt,16271,3254
37157,erat,\N,3255
37161,escit,16267,3256
37166,siem,44224,3257
37167,siēs,\N,3258
37168,siet,\N,3259
37178,estōd,\N,3260
37187,praesēns,37973,3261
37189,absēns,205,3262
37190,sōns,44769,3263
37244,erus,16229,3264
37245,era,16096,3265
37246,esa,\N,3266
37299,aser,\N,3267
37300,assyr,\N,3268
37301,assarātum,\N,3269
37333,et,16296,3270
37335,etiam,16314,3271
37397,uānus,50214,3272
37398,uacō,50108,3273
37399,uocō,51309,3274
37410,uāstus,50295,3275
37420,exuō,17455,3276
37421,induō,22958,3277
37422,induuiae,22984,3278
37423,induuium,22985,3279
37424,exuuiae,17465,3280
37425,reduuiae,\N,3281
37426,subūcula,46225,3282
37427,ōmen,32570,3283
37428,ōmentum,32572,3284
37429,indūmentum,22957,3285
37463,ouō,33268,3286
37468,ūber,49651,3287
37469,ūbertās,49655,3288
37470,ūber,49651,3289
37515,ūrō,49964,3290
37516,ambūrō,2202,3291
37532,Vesuuius,50787,3292
37537,uoueō,51448,3293
37628,gallus,19290,3294
37700,canna,6525,3295
37728,ganniō,19312,3296
37736,garriō,19332,3297
37737,garrulus,19337,3298
37805,gaudeō,19349,3299
37806,gaudium,19354,3300
37858,gibber,19578,3301
37859,gibber,19578,3302
37860,gibbus,19582,3303
38000,galla,19259,3304
38131,galba,19225,3305
38132,galbeus,\N,3306
38133,Zypressenzapfen,\N,3307
38145,globus,19680,3308
38146,glēba,19663,3309
38148,glēbō,\N,3310
38216,glomus,19692,3311
38217,glomerāre,\N,3312
38238,glamae,19636,3313
38348,glūs,19715,3314
38349,glūten,19717,3315
38350,glūtinō,19726,3316
38351,glis,19671,3317
38352,glittūs,\N,3318
38507,gula,20021,3319
38515,ingluuiēs,23396,3320
38516,glūtus,19731,3321
38517,glūtiō,19729,3322
38518,glūttō,\N,3323
38519,gelū,\N,3324
38520,gelus,\N,3325
38521,gelum,19396,3326
38522,gelidus,19387,3327
38523,gelō,19389,3328
38551,glacies,19615,3329
38613,galea,19238,3330
38614,galērus,\N,3331
38619,glīs,19671,3332
38624,glōs,19704,3333
38652,gumia,20029,3334
38653,gemō,19421,3335
38717,gemma,19411,3336
38734,gener,19431,3337
38916,genō,19477,3338
38928,gignō,19588,3339
38945,nāscor,30449,3340
38949,nātus,30508,3341
38957,genitus,19474,3342
38988,Genita,19467,3343
38990,genitālis,19469,3344
38992,genetīuus,19450,3345
38993,gēns,19479,3346
38994,ingēns,23377,3347
38998,nātiō,30488,3348
39002,nātū,30499,3349
39003,nātūra,30501,3350
39004,praegnās,37674,3351
39012,genitor,19471,3352
39013,genetrīx,19451,3353
39017,germen,19525,3354
39018,germināre,\N,3355
39019,germānus,19523,3356
39023,genus,19495,3357
39028,caprigenus,6684,3358
39029,indigena,22815,3359
39032,alienigena,1838,3360
39051,singulus,44436,3361
39052,malignus,27755,3362
39053,benignus,5200,3363
39054,prīuignus,38414,3364
39062,genius,19476,3365
39066,progenies,38695,3366
39074,ingenuus,23383,3367
39075,genuīnus,19493,3368
39107,nōsco,31239,3369
39108,ignōsco,21445,3370
39111,nōuī,31312,3371
39132,nōtus,31276,3372
39143,ignōtus,21446,3373
39145,nota,31250,3374
39146,notō,31268,3375
39147,cognitus,8940,3376
39148,agnitus,1598,3377
39166,nōtiō,31262,3378
39176,nōtor,31269,3379
39179,grōma,19978,3380
39180,norma,31226,3381
39192,gnōbilis,19755,3382
39195,gnārus,19746,3383
39196,ignārus,21396,3384
39197,gnāruris,\N,3385
39198,ignārurēs,\N,3386
39199,nārrāre,\N,3387
39206,nāuus,30602,3388
39207,ignāuus,21402,3389
39256,gonger,19769,3390
39257,conger,10260,3391
39261,gingīua,19596,3392
39344,genū,19489,3393
39345,geniculum,19463,3394
39369,gena,19425,3395
39370,genuīnus,19493,3396
39435,grex,19972,3397
39454,gremium,19968,3398
39506,grūs,20002,3399
39507,gruere,\N,3400
39522,gingrīre,19600,3401
39553,grāculus,19809,3402
39554,gracillō,19807,3403
39781,grūmus,19995,3404
39952,grānum,19897,3405
39972,glārea,19647,3406
40020,gerra,\N,3899
40024,gerdius,19513,3900
40097,guttur,20061,3901
40098,guttura,\N,3902
40276,uola,51316,3903
40415,dēgūnō,\N,3904
40433,gustus,20055,3905
40442,gustō,20052,3906
40491,lac,25538,3907
40492,lacte,25594,3908
40493,lactēs,25598,3909
40494,dēlicus,12932,3910
40521,glūbō,19711,3911
40522,glūma,19713,3912
40578,gāuia,19366,3913
40660,grāmen,19846,3914
40670,grabātus,19796,3915
40682,grosa,19982,3916
40702,grāmiae,19847,3917
40703,oculi,\N,3918
40763,grandō,19889,3919
40775,grundiō,\N,3920
40776,grunniō,19999,3921
40843,habeō,20095,3922
40844,dēbeō,12402,3923
40845,praebeō,37377,3924
40848,habēnā,20092,3925
40849,habilis,20096,3926
40925,gabalus,19201,3927
40927,gabulum,\N,3928
40941,haedus,20128,3929
40942,hēdus,\N,3930
40943,faedus,\N,3931
40944,fēdus,17892,3932
40951,haedīnus,20124,3933
40966,haereō,20148,3934
40967,haesitāre,\N,3935
40972,gaesum,19210,3936
40974,gaesātī,19209,3937
41041,ānser,2715,3938
41079,hasta,20291,3939
41154,haud,20300,3940
41184,humī,21072,3941
41202,humus,21084,3942
41203,humilis,21077,3943
41224,homō,20885,3944
41225,hemō,20447,3945
41226,hemōnem,\N,3946
41227,nēmō,30740,3947
41228,hūmānus,21062,3948
41271,herī̆,20547,3949
41272,herĕ,20535,3950
41273,hesternus,20616,3951
41316,hic,20658,3952
41349,nēgi,\N,3953
41411,hērēs,20546,3954
41427,hiō,20728,3955
41462,hīscō,20815,3956
41538,hippitāre,\N,3957
41539,exippitāre,\N,3958
41757,hibernus,20654,3959
41776,hiems,20669,3960
41808,bīmus,5365,3961
41809,trīmus,49165,3962
41810,quadrīmus,39933,3963
41977,fel,17893,3964
41978,heluus,20420,3965
41979,giluus,19592,3966
41980,holus,20872,3967
41981,folus,18536,3968
41982,helus,20407,3969
41983,helusa,\N,3970
41984,galbus,19236,3971
41985,galbinus,19233,3972
42138,glaber,19607,3973
42191,glēsum,19667,3974
42310,gallus,19290,3975
42492,lēns,26256,3976
42523,praehendō,\N,3977
42524,praeda,37520,3978
42525,hedera,20342,3979
42605,hirrīre,\N,3980
42645,furfur,19111,3981
42706,horior,20953,3982
42707,horitor,20955,3983
42708,hortor,21011,3984
42809,cohors,8970,3985
42810,hortus,21015,3986
42812,hīr,20782,3987
42813,īr,24895,3988
42838,haruspex,20285,3989
42839,hīra,20783,3990
42840,hillae,20710,3991
42841,hernia,20581,3992
42974,ēr,16094,3993
42975,ērīcius,16146,3994
42976,ērināceus,16155,3995
42977,hērināceus,20553,3996
42982,horreō,20974,3997
42983,hircus,20790,3998
42985,hirquīnus,20797,3999
42986,hircīnus,20784,4000
42989,hirtus,20810,4001
42990,hirsūtus,20804,4002
42991,hispidus,20822,4003
43005,hordeum,20945,4004
43006,fordeum,\N,4005
43025,mīlle,29083,4006
43037,īr,24895,4007
43038,hīr,20782,4008
43042,praestō,38047,4009
43091,fūtis,19185,4010
43092,fūtilis,\N,4011
43093,futtilis,19188,4012
43094,exfūti,16855,4013
43095,effūsī,\N,4014
43096,effūtiō,15318,4015
43099,fundō,19066,4016
43257,fouea,18689,4017
43258,fauissae,\N,4018
43353,hostis,21045,4019
43354,hospes,21017,4020
43369,faueo,17845,4021
43431,heus,\N,4022
43456,herba,20498,4023
43580,gradior,19816,4024
43581,gradus,19819,4025
43582,grallae,19844,4026
43721,frendō,18766,4027
43740,grunda,19996,4028
43741,suggrunda,46531,4029
43768,ingruō,23417,4030
43769,congruō,10317,4031
43989,aduenam,\N,4032
44001,ueniō,50485,4033
44011,inuentus,24743,4034
44015,conuentiō,10993,4035
44021,aduentus,1073,4036
44221,uigēre,\N,4037
44232,uīuus,51282,4038
44248,uīuāx,51266,4039
44253,uīta,51190,4040
44262,uiuō,51281,4041
44382,uallessit,\N,4042
44410,balneum,4897,4043
44464,glāns,19645,4044
44489,galba,19225,4045
44583,uorō,51435,4046
44584,uorāgo,51430,4047
44585,carniuorus,6852,4048
44622,gurguliō,20042,4049
44623,gurges,20039,4050
44624,gurgustium,20046,4051
44683,grauis,19955,4052
44701,brūtus,5752,4053
44784,grātēs,19913,4054
44785,grātia,19914,4055
44787,grātus,19939,4056
44791,bardus,4972,4057
44837,uerū,50700,4058
44902,uespicēs,50755,4059
44907,bitūmen,5434,4060
44908,betulla,\N,4061
44948,botulus,5606,4062
44983,uoltur,\N,4063
44984,uolturus,\N,4064
45011,butyrum,5905,4065
45014,bōs,5582,4066
45015,bouis,5622,4067
45016,boue,\N,4068
45017,bouīle,5615,4069
45018,bubīle,5773,4070
45019,bouīnus,5621,4071
45020,būbulus,5788,4072
45070,bŭbulcus,5784,4073
45096,būbināre,5774,4074
45177,grandis,19883,4075
45182,grossus,19987,4076
45224,situs,44556,4077
45225,sitis,44543,4078
45309,fīlum,18205,4079
45352,fallō,17633,4080
45491,dēfendō,12679,4081
45492,offendere,\N,4082
45493,infensus,23170,4083
45549,ferus,18026,4084
45559,carō,6858,4085
45582,formus,18622,4086
45583,fornus,18637,4087
45584,furnus,19139,4088
45585,fornāx,18627,4089
45586,fornix,18636,4090
45679,fax,17861,4091
45680,facula,17556,4092
45681,facētus,17526,4093
45682,facētia,17524,4094
45683,facētiae,\N,4095
45712,hā,\N,4096
45717,hahahae,\N,4097
45735,īlia,21455,4098
45790,sacer,42194,4099
45817,iaciō,25172,4100
45859,Iegius,\N,4101
45866,iocus,25266,4102
45897,iecur,25231,4103
45942,geminus,19405,4104
45957,redimiō,40768,4105
45958,infula,23339,4106
45969,ianitrīcēs,25214,4107
46055,iotta,\N,4108
46065,iūs,25412,4109
46095,iuuāre,\N,4110
46102,iugum,25340,4111
46130,iugulum,25339,4112
46131,iugulae,\N,4113
46138,iūgera,\N,4114
46139,iūgerum,25325,4115
46142,iouxmenta,\N,4116
46143,iūmentum,25356,4117
46152,iungō,25368,4118
46157,iunctus,25365,4119
46166,coniux,10378,4120
46167,iuxtā,25468,4121
46169,coniunx,10374,4122
46174,iūgis,25327,4123
46175,iūges,\N,4124
46180,iunctim,25361,4125
46181,iunctiō,25362,4126
46187,iunctor,25363,4127
46188,iunctūra,25364,4128
46191,iugumentum,25342,4129
46200,iuuenis,25459,4130
46201,iūnīx,25375,4131
46202,iūnior,25371,4132
46223,iuuencus,25453,4133
46239,iuuentūs,25465,4134
46243,Jūnō,25376,4135
46257,iubeō,25282,4136
46258,iousī,\N,4137
46259,iuba,25278,4138
46260,iubar,25280,4139
46309,iūs,25412,4140
46310,ious,\N,4141
46311,iūstus,25442,4142
46312,iouestōd,\N,4143
46313,iūrō,25408,4144
46314,\N,\N,4145
46315,iūdex,25298,4146
46318,iuncus,25367,4147
46320,iūniperus,25373,4148
46392,uōs,51439,4149
46394,uester,50758,4150
46426,iūbilō,25287,4151
46427,iugō,25332,4152
46458,cārus,6914,4153
46514,cassis,6971,4154
46534,cadō,5989,4155
46535,cadāuer,5977,4156
46536,cadūcus,5996,4157
46610,caulae,7186,4158
46611,cōlum,9194,4159
46612,cōlō,9147,4160
46613,cohum,8980,4161
46614,incohō,22445,4162
46661,caelebs,6025,4163
46669,ceu,7659,4164
46702,caecus,6016,4165
46750,caesariēs,6096,4166
46780,būcētum,5808,4167
46788,cacō,5961,4168
46916,callum,6324,4169
46917,callus,\N,4170
46918,calleō,6283,4171
46919,callidus,6296,4172
46926,calliomarcus,\N,4173
46927,epocalium,\N,4174
46928,ebulcalium,\N,4175
46957,callis,6313,4176
46966,camera,6392,4177
46967,camara,6374,4178
46969,camurus,\N,4179
46970,camerus,\N,4180
46983,campus,6430,4181
47005,canō,6535,4182
47006,canōrus,6544,4183
47007,carmen,6825,4184
47011,cicōnia,7991,4185
47037,candeō,6478,4186
47038,accendō,323,4187
47039,incendō,22313,4188
47040,candidus,6491,4189
47041,candor,6494,4190
47042,candēla,6472,4191
47043,candēlābrum,6474,4192
47045,cicindēla,7986,4193
47046,cicendula,\N,4194
47053,cantus,6587,4195
47083,capiō,6625,4196
47084,auceps,4409,4197
47085,aucupāre,\N,4198
47086,particeps,33990,4199
47087,capāx,6597,4200
47088,capēdo,6598,4201
47089,capulus,6733,4202
47090,capula,6728,4203
47091,capulāre,\N,4204
47092,caputrum,\N,4205
47094,capsa,6694,4206
47095,capsus,6701,4207
47098,captus,6724,4208
47105,captāre,\N,4209
47184,capys,6736,4210
47185,capus,6734,4211
47202,caper,6605,4212
47203,caprī,\N,4213
47204,capra,6669,4214
47205,caprea,6674,4215
47206,capreolus,6679,4216
47225,caput,6735,4217
47226,bicaps,\N,4218
47239,capillus,6624,4219
47247,carinō,6815,4220
47315,cancer,6462,4221
47320,carīna,6810,4222
47380,cēra,7493,4223
47387,carrō,\N,4224
47388,carduus,6793,4225
47408,cānus,6590,4226
47411,cascus,6933,4227
47445,catēna,7104,4228
47446,cassis,6971,4229
47447,casa,6926,4230
47448,caterua,7109,4231
47465,catulus,7166,4232
47523,cūdō,11823,4233
47524,caudex,7180,4234
47525,cōdex,8854,4235
47526,cōdicillus,8858,4236
47527,caudica,\N,4237
47528,incūs,22694,4238
47573,cauannus,7244,4239
47606,cicuma,7993,4240
47609,cucubiō,\N,4241
47619,caurīre,\N,4242
47643,caulis,7191,4243
47644,cōlis,9012,4244
47645,caulus,\N,4245
47726,cieō,8001,4246
47727,ciō,8093,4247
47728,citus,8471,4248
47729,citō,8455,4249
47730,sollicitus,44700,4250
47731,cunctus,11927,4251
47745,cillō,8015,4252
47794,cūnae,11910,4253
47795,cūnābula,11909,4254
47833,cīuis,8477,4255
47907,cīmex,8026,4256
47933,catus,7169,4257
47934,cos,11391,4258
47935,cotes,\N,4259
47936,cautes,7234,4260
47937,catanus,\N,4261
47990,cippus,8095,4262
48022,antecellō,2745,4263
48023,excellō,16666,4264
48024,praecellō,37410,4265
48025,celsus,7354,4266
48026,collis,9100,4267
48027,columen,9210,4268
48028,culmen,11858,4269
48029,columna,9212,4270
48128,calamitas,6152,4271
48129,incolumis,22454,4272
48130,percellō,34718,4273
48131,se,43240,4274
48132,procella,38473,4275
48133,recellō,40567,4276
48171,clādēs,8482,4277
48183,gladius,19625,4278
48229,columba,9196,4279
48246,cālidus,6259,4280
48247,callidus,6296,4281
48249,cālīgo,6268,4282
48270,celer,7316,4283
48271,celeber,7303,4284
48314,calendae,6239,4285
48315,calō,6325,4286
48316,calātor,6169,4287
48317,nōmenclator,31159,4288
48318,calābra,6138,4289
48319,concilium,9836,4290
48320,conciliāre,\N,4291
48321,clāmō,8491,4292
48322,clāmor,8492,4293
48323,clārus,8526,4294
48326,classis,8531,4295
48419,calix,6276,4296
48425,culigna,11851,4297
48436,caluor,6358,4298
48437,caluiō,6354,4299
48438,calumnia,6338,4300
48439,cauilla,7264,4301
48440,cauillor,7270,4302
48479,caleō,6244,4303
48480,calidus,6259,4304
48481,calor,6328,4305
48511,auscultō,4599,4306
48563,culleus,11857,4307
48572,occulō,32141,4308
48573,color,9169,4309
48574,cēlō,7349,4310
48575,cella,7336,4311
48576,clam,8485,4312
48577,clandestīnus,8500,4313
48579,cilium,8011,4314
48580,supercilium,46697,4315
48651,caluus,6359,4316
48655,calua,6344,4317
48656,caluāria,6345,4318
48665,calpar,6332,4319
48765,camisia,6409,4320
48855,cammarus,6411,4321
48887,nux,31549,4322
48944,cinis,8076,4323
48945,cinisculus,8077,4324
49052,nīdor,30947,4325
49149,recens,40568,4326
49191,cōnor,10392,4327
49212,canicae,6506,4328
49229,cingō,8070,4329
49235,cicātrīx,7975,4330
49269,cunctor,11926,4331
49299,cēnseō,7386,4332
49306,incēnsa,\N,4333
49307,cēnsus,7398,4334
49315,centō,7426,4335
49330,contus,10957,4336
49331,percontārī,\N,4337
49348,coruus,11363,4338
49349,cornīx,11228,4339
49387,crōciō,11672,4340
49388,crōcō,11676,4341
49483,crepō,11575,4342
49484,crepundia,11577,4343
49632,carbō,6753,4344
49674,cremō,11547,4345
49676,cremor,11550,4346
49688,cornus,11238,4347
49690,cornum,11235,4348
49693,cerasus,7505,4349
49859,carābus,6738,4350
49874,cerebrum,7546,4351
49875,ceruīx,7619,4352
49876,cernuus,7570,4353
49877,cernulus,7568,4354
49878,crābrō,11458,4355
49879,cornū,11229,4356
49924,ceruus,7622,4357
49925,cerua,7609,4358
49926,ceruīnus,7617,4359
49927,ceruēsia,7611,4360
49928,ceruīsia,7618,4361
49964,Cerēs,7549,4362
49966,Cerus,7606,4363
49969,procērus,38483,4364
49970,creō,11556,4365
49971,crēsco,11583,4366
49972,crēber,11522,4367
50006,cariēs,6809,6456
50007,cariōsus,6817,6457
50008,carius,\N,6458
50052,cerdō,7540,6459
50087,cor,11137,6460
50088,concors,9917,6461
50089,discors,14219,6462
50112,crēdō,11538,6463
50158,carpisculum,\N,6464
50177,crĕpĭda,11563,6465
50182,cracentēs,\N,6466
50183,gracilis,19803,6467
50285,sarrācum,42695,6468
50286,serrācum,43943,6469
50288,currō,12043,6470
50289,cursus,12058,6471
50290,currus,12045,6472
50291,equirria,\N,6473
50318,crātis,11513,6474
50319,crātēs,11503,6475
50320,crātiō,11511,6476
50321,crassus,11490,6477
50322,cartilāgo,6911,6478
50403,sentis,43721,6479
50404,sentus,43727,6480
50409,nouācula,31278,6481
50442,careō,6798,6482
50444,castus,7027,6483
50445,castīgō,6999,6484
50446,cassus,6980,6485
50447,castrō,7022,6486
50448,castrum,7023,6487
50462,catīnus,7138,6488
50463,catillus,7133,6489
50494,caueō,7255,6490
50495,cautus,7241,6491
50554,cacūmen,5973,6492
50626,cubus,11797,6493
50629,cubitum,11792,6494
50630,cubō,11796,6495
50631,cumbō,\N,6496
50701,cūpa,11951,6497
50841,cauus,7276,6498
50842,cauerna,7256,6499
50843,cumulus,11907,6500
50844,inciēns,22359,6501
50845,cauea,7251,6502
50846,cauellum,\N,6503
50916,cēueō,7664,6504
50997,cupiō,11967,6505
50998,cuppēdo,11976,6506
50999,cuppēs,11978,6507
51000,cuppēdium,11975,6508
51003,uapor,50217,6509
51028,caurus,7207,6510
51089,cicer,7977,6511
51098,cista,8416,6512
51099,cisterna,8421,6513
51142,clangō,8501,6514
51143,clangor,8502,6515
51159,clocca,\N,6516
51188,glōciō,19682,6517
51221,clīnō,8627,6518
51222,acclīnis,378,6519
51223,triclīnium,49085,6520
51224,cliēns,8611,6521
51225,clēmens,8585,6522
51226,clītellae,8638,6523
51228,clīuus,8649,6524
51229,clīuius,8646,6525
51339,clingō,\N,6526
51388,clepta,\N,6527
51393,clepō,8598,6528
51417,clāuis,8571,6529
51418,clāuiculae,\N,6530
51419,clāuus,8576,6531
51420,claudō,8548,6532
51421,claudus,8550,6533
51422,claudeō,8537,6534
51500,clueō,8675,6535
51501,cluō,8685,6536
51502,cluuior,\N,6537
51503,inclutus,22421,6538
51553,cluor,\N,6539
51599,cluō,8685,6540
51600,cloāca,8650,6541
51623,clūnis,8684,6542
51624,clunāculum,\N,6543
51632,cōniueō,10336,6544
51633,nictō,30939,6545
51634,nītor,31061,6546
51684,cedo,7286,6547
51686,cēterus,7651,6548
51687,hic,20658,6549
51688,hīsce,\N,6550
51689,sīc,44151,6551
51690,illīc,21539,6552
51691,illūc,21577,6553
51692,tunc,49463,6554
51693,nunc,31471,6555
51703,ecce,15090,6556
51711,cis,8398,6557
51712,citer,8436,6558
51713,citrō,8466,6559
51714,citrā,8458,6560
51715,citimus,\N,6561
51827,cūra,11991,6562
51828,cūrō,12038,6563
51829,coirauit,\N,6564
51838,cacabāre,\N,6565
51840,cacillāre,\N,6566
51847,coco,8833,6567
51860,cūcurriō,\N,6568
51861,cūcuru,\N,6569
51877,coxa,11452,6570
51890,colus,9224,6571
51893,culmus,11862,6572
51905,calamus,6157,6573
51919,cum,11885,6574
51920,com,9231,6575
51921,cōram,11153,6576
51932,contrā,10870,6577
51933,contrōuersia,10921,6578
51970,cūnctor,11926,6579
51980,congius,10281,6580
52032,corulus,11354,6581
52033,colurnus,9222,6582
52042,costa,11411,6583
52221,corpus,11281,6584
52284,cruentus,11739,6585
52285,cruor,11743,6586
52287,crusta,11752,6587
52288,crūdus,11733,6588
52289,crūdēlis,11726,6589
52435,crūs,11748,6590
52465,serescunt,\N,6591
52466,serēnus,43883,6592
52548,culex,11846,6593
52554,cuneus,11934,6594
52565,cucūlus,11807,6595
52580,coaxare,\N,6596
52593,cāseus,6938,6597
52608,caenum,6065,6598
52609,obscēnus,31834,6599
52610,obscaenus,\N,6600
52611,inquināre,\N,6601
52612,conquināre,\N,6602
52613,cūnīre,11946,6603
52614,ancunulentae,\N,6604
52726,culcita,11840,6605
52761,culcita,11840,6606
52773,combrētum,9248,6607
52814,queror,40125,6608
52819,quatiō,40089,6609
52868,canis,6517,6610
52869,canīcula,6507,6611
52899,cachinnō,5955,6612
52900,cachinnus,5958,6613
52913,quālum,40009,6614
52914,quăsillus,\N,6615
52927,que,40107,6616
52928,neque,30802,6617
52929,atque,4278,6618
52944,quomque,\N,6619
52945,cunque,11949,6620
52947,quīcumque,40147,6621
52949,quisque,40284,6622
52985,triquetrus,49230,6623
53028,poena,36823,6624
53099,quiēs,40156,6625
53100,quiēsco,40160,6626
53101,tranquīlus,\N,6627
53102,tranquillus,48781,6628
53164,anculus,2507,6629
53182,colō,9147,6630
53183,colōnus,9166,6631
53184,incolere,\N,6632
53185,incola,22448,6633
53186,inquilīnus,23707,6634
53187,Esquiliae,16275,6635
53188,colus,9224,6636
53189,collus,9127,6637
53190,collum,9123,6638
53361,quattuor,40098,6639
53402,quadrupēs,39962,6640
53422,quārtus,40069,6641
53423,Quorta,\N,6642
53436,quattuordecim,40100,6643
53440,quadrāgintā,39871,6644
53443,quater,40084,6645
53466,quantus,40049,6646
53507,quī,40139,6647
53508,quoi,40302,6648
53509,quae,\N,6649
53510,quod,40298,6650
53519,cuius,11829,6651
53520,cui,\N,6652
53521,quō,40293,6653
53522,quā,39860,6654
53524,quō,40293,6655
53526,quam,40010,6656
53530,quamde,40011,6657
53533,quom,40307,6658
53534,cum,11885,6659
53541,quandō,40025,6660
53625,quālis,40001,6661
53632,quot,40325,6662
53634,cottīdiē,11435,6663
53651,cūr,11990,6664
53652,quōr,\N,6665
53653,quirquir,\N,6666
53679,quis,40278,6667
53680,quid,40148,6668
53681,quī,40139,6669
53682,quīn,40170,6670
53683,quianam,40142,6671
53684,quia,40141,6672
53690,quisquis,40287,6673
53741,ubī̆,49658,6674
53745,ut,50018,6675
53746,utī,50034,6676
53747,utei,\N,6677
53748,uspiam,49981,6678
53749,usquam,49982,6679
53752,uter,50024,6680
53753,utra,\N,6681
53754,utrum,50070,6682
53755,unquam,49913,6683
53756,umquam,49768,6684
53865,lāmentum,25730,6685
53866,lāmentāri,\N,6686
53867,lātrō,26052,6687
53884,lallō,25710,6688
53885,lallus,\N,6689
53886,Lalla,\N,6690
53887,Lallia,\N,6691
53888,Lallō,25710,6692
53889,Lollia,\N,6693
53897,lolium,26952,6694
53932,lateō,25976,6695
53945,lambō,25717,6696
53984,lāridum,25922,6697
53985,lardum,25897,6698
53986,lārgus,25920,6699
53987,laetus,25671,6700
53988,laetāre,\N,6701
53994,laedō,25641,6702
54003,laeuus,25683,6703
54004,laeui,25676,6704
54044,lacus,25629,6705
54048,lacūna,25622,6706
54049,lacūnar,25623,6707
54050,laquear,25880,6708
54063,lāma,25712,6709
54085,lēna,26234,6710
54086,lascīuus,25952,6711
54087,Lār,25889,6712
54088,lārua,25937,6713
54103,latex,25999,6714
54136,lucrum,27123,6715
54163,labō,25511,6716
54164,lābor,25512,6717
54165,lābēs,25500,6718
54166,labor,25512,6719
54167,labōrāre,\N,6720
54168,labium,25510,6721
54169,labrum,25530,6722
54248,limbus,26644,6723
54345,lego,26204,6724
54346,legiō,26192,6725
54349,ēlegāns,15449,6726
54350,lignum,26611,6727
54351,dīligere,\N,6728
54352,intellegere,\N,6729
54353,neglegere,\N,6730
54354,religiō,41011,6731
54357,lēx,26450,6732
54358,lēgāre,\N,6733
54359,lēgātus,26188,6734
54362,legūmen,26209,6735
54385,lectus,26170,6736
54386,lectīca,26153,6737
54515,lembus,26219,6738
54517,leuis,26436,6739
54639,linō,26736,6740
54640,liniō,26730,6741
54645,līmus,26687,6742
54668,lēuis,26436,6743
54674,līma,26631,6744
54688,līmāx,26641,6745
54757,litāre,\N,6746
54769,lītus,26868,6747
54854,latrō,26052,6748
54873,lētum,26360,6749
54874,lēnis,26241,6750
54889,lassus,25966,6751
54929,lūdō,27188,6752
54930,lūdus,27190,6753
55007,ligō,26613,6754
55008,obligātiō,31706,6755
55009,līctor,26584,6756
55034,lingō,26708,6757
55035,ligurrio,\N,6758
55036,ligūrio,26617,6759
55037,ligula,26615,6760
55059,liceō,26562,6761
55060,licet,26566,6762
55061,liceor,26564,6763
55062,pollicērī,\N,6764
55096,linquō,26740,6765
55097,relictus,41004,6766
55098,relicuos,\N,6767
55156,lippus,26774,6768
55207,līra,26805,6769
55208,dēlīrus,12960,6770
55209,dēlīrō,12959,6771
55326,lacertus,25556,6772
55327,lacerta,25553,6773
55328,lacca,25540,6774
55329,lō̆custa,26923,6775
55353,laciō,25573,6776
55354,lacessō,25561,6777
55355,lactō,25610,6778
55356,dēlectō,12882,6779
55357,dēliciō,12924,6780
55358,lax,26131,6781
55359,laqueus,25888,6782
55369,lacer,25543,6783
55370,lacerna,25548,6784
55371,lacinia,25568,6785
55372,lancinō,25775,6786
55428,lamia,25731,6787
55429,lamium,25735,6788
55433,lemurēs,26233,6789
55453,lumbus,27210,6790
55561,lentus,26278,6791
55635,lepidus,26316,6792
55636,lepōs,26324,6793
55637,lapit,\N,6794
55660,lapis,25868,6795
55752,sublestus,45987,6796
55795,polluō,36922,6797
55796,lustrum,27294,6798
55797,lutum,27319,6799
55832,luō,27228,6800
55833,reluō,41038,6801
55834,soluō,44739,6802
55835,luēs,27192,6803
55949,laus,26102,6804
55950,laudāre,\N,6805
55969,libet,26507,6806
55970,lubens,27043,6807
55971,libens,26479,6808
55972,lubīdo,27045,6809
55973,libīdo,26515,6810
56058,līber,26484,6811
56065,Līber,26484,6812
56067,līberī,26497,6813
56107,lucta,27124,6814
56108,luctō,27137,6815
56109,luctor,27138,6816
56110,luxus,27331,6817
56111,luxāre,\N,6818
56112,luxus,27331,6819
56113,luxuria,27327,6820
56114,lū̆ma,27201,6821
56168,lūgeō,27195,6822
56169,lūctus,27141,6823
56170,lūgubris,27197,6824
56274,lūx,27322,6825
56275,lūceō,27064,6826
56276,pollūcēre,\N,6827
56277,pollūcte,36918,6828
56278,pollūcibilis,36915,6829
56279,pollūctūra,36919,6830
56280,lūculentus,27152,6831
56281,lūcerna,27067,6832
56282,Juppiter,25377,6833
56283,lūcus,27159,6834
56284,loucom,\N,6835
56285,collūcāre,\N,6836
56286,interlūcāre,\N,6837
56289,lūmen,27212,6838
56290,lūna,27218,6839
56291,Losna,\N,6840
56292,lūstrum,27294,6841
56293,lūstrō,27291,6842
56294,illūstrāre,\N,6843
56295,illūstris,21607,6844
56296,lūcŭbrum,27147,6845
56297,lūcŭbrāre,\N,6846
56384,lūcius,27098,6847
56423,liber,26484,6848
56479,līnum,26754,6849
56518,lauō,26130,6850
56520,abluō,122,6851
56521,lautus,26114,6852
56522,inlūtus,23556,6853
56523,lauātrīna,26121,6854
56524,lauābrum,26115,6855
56525,diluuium,14018,6856
56526,adluuiēs,\N,6857
56527,polūbrum,36928,6858
56528,dēlūbrum,12978,6859
56601,mānus,27999,6860
56602,immānis,21694,6861
56603,māne,27875,6862
56604,mānī,27885,6863
56605,mānēs,27878,6864
56608,Mātūta,28272,6865
56609,mātūtīnus,28275,6866
56610,mātūrus,28270,6867
56635,mamma,27810,6868
56636,mamilla,27806,6869
56697,madeō,27552,6870
56698,mattus,28258,6871
56731,magus,27676,6872
56738,machina,27487,6873
56843,machiō,27499,6874
56932,māceria,27466,6875
56933,mācerāre,\N,6876
56946,mahonus,\N,6877
56977,macer,27462,6878
56978,maceō,27461,6879
56979,maciēs,27503,6880
56994,mānō,27924,6881
57035,mateola,28202,6882
57037,mattiuca,\N,6883
57052,māter,28203,6884
57080,mātrīx,28241,6885
57095,mātrōna,28242,6886
57096,mātertera,28220,6887
57097,māteria,28206,6888
57115,mālus,27795,6889
57137,mihi,\N,6890
57152,mēd,28316,6891
57172,mēd,28316,6892
57183,meus,29011,6893
57215,metō,28977,6894
57216,messor,28908,6895
57258,mētior,28970,6896
57259,mēnsa,28717,6897
57364,mōs,29779,6898
57365,mōrōsus,29743,6899
57393,meditor,28384,6900
57394,modus,29423,6901
57395,modestus,29393,6902
57396,moderāre,\N,6903
57397,modius,29410,6904
57454,mūta,30174,6905
57461,medeor,28322,6906
57462,medicus,28352,6907
57478,medius,28389,6908
57585,magnus,27668,6909
57586,magis,27616,6910
57587,maior,27686,6911
57588,maximus,28291,6912
57589,maiestās,27685,6913
57592,Maia,27680,6914
57593,deus,13588,6915
57594,Maius,27691,6916
57594,Maius,27682,6917
57598,mactus,27535,6918
57599,macte,27532,6919
57600,mactō,27534,6920
57601,magmentum,27633,6921
57647,moenia,29435,6922
57648,mūniō,30031,6923
57649,mūrus,30105,6924
57662,mēta,28916,6925
57674,mūnis,30033,6926
57675,mūnus,30042,6927
57676,mūnia,30011,6928
57677,immunis,21792,6929
57678,commūnis,9490,6930
57701,meō,28766,6931
57735,nimis,31007,6932
57736,nimius,31009,6933
57737,minor,29190,6934
57738,minus,29208,6935
57739,minimus,29162,6936
57740,minister,29167,6937
57742,minerrimus,29145,6938
57743,minuō,29205,6939
57815,mītis,29344,6940
57853,micō,29029,6941
57854,dīmicō,14030,6942
57871,meiō,28446,6943
57872,mingō,29153,6944
57912,migrō,29053,6945
57925,misceō,29265,6946
57994,mūtō,30204,6947
57995,mūtuus,30225,6948
58041,micciō,\N,6949
58071,molō,29511,6950
58072,molīna,29476,6951
58073,mola,29457,6952
58080,mulier,29859,6953
58081,marcus,28037,6954
58082,marculus,28035,6955
58083,martellus,\N,6956
58084,malleus,27771,6957
58210,milium,29082,6958
58234,mollis,29504,6959
58235,blandus,5471,6960
58341,prōmellere,38795,6961
58342,remelīgō,41059,6962
58343,remulcum,41113,6963
58344,prōmulcum,38840,6964
58349,melior,28517,6965
58350,multus,29969,6966
58351,multa,29884,6967
58352,multō,29965,6968
58381,mulleus,29872,6969
58483,mulgeō,29853,6970
58484,prōmulgāre,\N,6971
58485,mulctra,29847,6972
58517,melca,\N,6973
58544,mel,28447,6974
58545,mulsus,29883,6975
58557,mulceō,29842,6976
58558,mulcetra,29843,6977
58559,mulcēdo,29841,6978
58560,Mulciber,29844,6979
58561,mulcō,29845,6980
58587,malus,27795,6981
58630,membrum,28611,6982
58631,membrāna,28600,6983
58646,ēmineō,15661,6984
58647,imminēre,\N,6985
58648,prōminēre,\N,6986
58747,meminī,28615,6987
58749,minīscitur,29166,6988
58750,comminīscor,9391,6989
58751,mēns,28716,6990
58752,mentiō,28750,6991
58753,mentior,28752,6992
58754,commentum,9364,6993
58755,moneō,29568,6994
58756,monitor,29577,6995
58757,monumentum,29665,6996
58758,mōnstrum,29643,6997
58759,mōnstrāre,\N,6998
58844,maneō,27877,6999
58845,mantāre,\N,7000
58859,mannus,27922,7001
58882,mendum,28683,7002
58883,ēmendāre,\N,7003
58884,mendīcus,28679,7004
58885,mendāx,28668,7005
58976,manganum,\N,7006
58980,mangō,27880,7007
58989,maena,27574,7008
59005,mēnsis,28722,7009
59006,mēnstruus,28729,7010
59007,Mēna,28644,7011
59008,sēmēnstris,\N,7012
59042,mamphur,27825,7013
59066,mandō,27860,7014
59111,merus,28867,7015
59205,morior,29731,7016
59215,Morta,29756,7017
59231,mors,29748,7018
59249,mortuus,29772,7019
59266,marmor,28085,7020
59267,mortārium,29761,7021
59268,morētum,29717,7022
59269,morbus,29700,7023
59317,mordeō,29704,7024
59335,murcus,30056,7025
59337,murcidus,30053,7026
59387,margō,28057,7027
59411,amurca,2383,7028
59413,mergae,28817,7029
59414,merges,28818,7030
59436,marītus,28076,7031
59460,merx,28868,7032
59461,mercēs,28792,7033
59462,mercārī,\N,7034
59465,marceō,28017,7035
59466,marcidus,28026,7036
59467,marcor,28033,7037
59477,imbractum,\N,7038
59524,manus,27999,7039
59529,mancus,27847,7040
59530,mandō,27860,7041
59535,manipulus,27916,7042
59572,mundus,30001,7043
59573,mundus,30001,7044
59602,mustus,30172,7045
59619,muria,30064,7046
59637,muscus,30130,7047
59688,moueō,29805,7048
59689,mōtus,29802,7049
59710,muger,29828,7050
59722,mūcus,29826,7051
59723,mūcor,29821,7052
59724,ēmungō,15734,7053
59725,mūgil,29829,7054
59830,mucrō,29823,7055
59838,mergō,28820,7056
59839,mergus,28823,7057
59878,mōlēs,29466,7058
59879,mōlior,29480,7059
59880,mŏlestus,29470,7060
59913,mallum,\N,7061
59914,mallus,27777,7062
59952,mox,29806,7063
59969,monīle,29573,7064
59995,mare,28041,7065
59996,marum,28136,7066
60014,marisca,28069,7479
60039,murmurō,30083,7480
60040,murmur,30076,7481
60065,formidō,18606,7482
60072,mōrum,29775,7483
60089,formica,18597,7484
60120,mōrus,29776,7485
60169,breuis,5692,7486
60170,brūma,5739,7487
60178,mū,29809,7488
60179,mutmut,\N,7489
60188,mūtus,30223,7490
60210,muttiō,30209,7491
60211,muttum,30210,7492
60231,mussāre,\N,7493
60233,mūgiō,29832,7494
60234,conmūgentō,\N,7495
60235,mūgīnor,29831,7496
60238,mūgilāre,\N,7497
60268,musca,30114,7498
60307,mūs,30106,7499
60308,mūrīnus,30074,7500
60317,mūrex,30061,7501
60318,musculus,30129,7502
60330,mutilus,30193,7503
60331,mutidus,\N,7504
60332,muticus,30186,7505
60333,mūtō,30204,7506
60334,muttō,\N,7507
60335,Mutunus,\N,7508
60367,nonnus,31214,7509
60397,nāris,30416,7510
60398,nāsum,\N,7511
60399,nāssus,\N,7512
60423,nāuigāre,\N,7513
60424,nāuigium,30592,7514
60429,nāuis,30594,7515
60498,nĕ,30609,7516
60499,neque,30802,7517
60502,neu,30880,7518
60503,nēue,30894,7519
60537,nē,30609,7520
60538,nē,30609,7521
60550,nī,30909,7522
60565,in,22130,7523
60595,nōs,31234,7524
60621,nōdus,31137,7525
60622,nassa,30458,7526
60623,nectō,30665,7527
60715,niteō,31050,7528
60716,nitidus,31059,7529
60717,nitor,31061,7530
60718,renīdeō,41143,7531
60776,noegeum,31140,7532
60833,nex,30898,7533
60834,dēnicāles,\N,7534
60835,necō,30650,7535
60836,ēnectus,15790,7536
60837,ēnectāre,\N,7537
60838,perniciēs,35308,7538
60839,interneciēs,24379,7539
60840,noceō,31099,7540
60841,noxa,31337,7541
60842,nequālia,30799,7542
60869,nox,31336,7543
60870,nox,31336,7544
60871,nocturnus,31121,7545
60872,noctū,31113,7546
60873,noctua,31114,7547
60942,numerus,31446,7548
60943,nummus,31463,7549
60970,nemus,30749,7550
60992,nepōs,30778,7551
61005,neptis,30791,7552
61050,neriōsus,\N,7553
61051,Neriō,30825,7554
61052,Nerō,30830,7555
61165,natrix,30497,7556
61182,nūntium,\N,7557
61190,nuō,\N,7558
61191,nūtō,31528,7559
61192,nūtus,31548,7560
61193,nūmen,31428,7561
61251,Nōdonti,\N,7562
61252,Nōdenti,\N,7563
61261,nuscitiōsus,\N,7564
61262,luscus,27273,7565
61263,luscīnus,27266,7566
61264,lusciōsus,27269,7567
61265,luscītiōsus,27271,7568
61297,nouus,31335,7569
61323,nouerca,31308,7570
61325,nouāre,\N,7571
61326,nouālis,31279,7572
61328,nouitās,31326,7573
61329,nouīcius,31317,7574
61341,nūdus,31392,7575
61371,nătis,30489,7576
61372,natēs,30483,7577
61386,num,31418,7578
61387,etiamnum,16316,7579
61388,nunc,31471,7580
61390,nūper,31501,7581
61391,nudiūs,31388,7582
61425,īnferus,23192,7583
61426,īnfernus,23185,7584
61427,infrā,23300,7585
61433,īnfimus,23222,7586
61440,ēnsis,15852,7587
61450,ō,31586,7588
61480,odor,32301,7589
61481,odefaciō,\N,7590
61482,olefaciō,32477,7591
61483,oleō,32489,7592
61501,ōdī,32283,7593
61502,ŏdium,32295,7594
61609,octō,32225,7595
61622,octāuus,32212,7596
61627,octuāgintā,32251,7597
61641,octōdecim,32230,7598
61644,octingentī,32221,7599
61654,ōcior,32184,7600
61655,ōcissimus,\N,7601
61660,acupedius,649,7602
61661,accipiter,366,7603
61711,oculus,32266,7604
61712,atrōx,4309,7605
61713,ferōx,17989,7606
61761,aboleō,147,7607
61781,amārus,2118,7608
61801,umerus,49758,7609
61872,unguō,49864,7610
61876,unguen,49852,7611
61877,unguentum,49855,7612
61907,unguis,49859,7613
61908,ungula,49860,7614
61938,opus,32893,7615
61939,opus,32893,7616
61940,operō,32702,7617
61947,ops,32861,7618
61948,officium,32418,7619
61949,Ops,32861,7620
61950,inops,23668,7621
61951,cōpia,11092,7622
61952,opulentus,32888,7623
61953,optimus,32874,7624
61954,Oscī,33129,7625
61955,Opscī,\N,7626
61957,omnis,32610,7627
61975,opere,\N,7628
61976,opiōn,\N,7629
61977,opīnor,32774,7630
61978,opīnio,32770,7631
61979,optō,32879,7632
61980,optiō,32875,7633
61986,inopīnus,23664,7634
61987,necopīnus,30654,7635
61999,ōrō,33058,7636
62012,orbus,32937,7637
62052,aruīna,3849,7638
62069,ornus,33057,7639
62097,osseum,\N,7640
62098,ossu,\N,7641
62108,os,33122,7642
62109,ossum,33174,7643
62116,asser,4032,7644
62148,ōuum,33269,7645
62170,ouis,33266,7646
62200,ōs,33122,7647
62203,ōra,32896,7648
62204,cōram,11153,7649
62205,aureae,\N,7650
62206,aurīga,4563,7651
62207,ōsculum,33147,7652
62218,ōstium,33204,7653
62255,auris,4579,7654
62289,pāscō,34043,7655
62290,pāstor,34098,7656
62291,pābulum,33314,7657
62292,pānis,33678,7658
62346,pacīscō,33338,7659
62347,paciō,33337,7660
62348,pacunt,\N,7661
62349,pāx,34282,7662
62351,pālus,33585,7663
62352,pangō,33663,7664
62353,compāgēs,9523,7665
62354,pāgina,33426,7666
62355,pāgus,33435,7667
62356,prōpāgō,38893,7668
62357,prō̆pāgāre,\N,7669
62359,paca,\N,7670
62398,pannus,33694,7671
62407,pandus,33657,7672
62408,pandō,33649,7673
62410,pānus,33733,7674
62412,pānīcum,33672,7675
62413,panceps,\N,7676
62414,pantex,33714,7677
62426,pappus,33763,7678
62430,pāpa,33735,7679
62431,pappa,33760,7680
62432,pappō,33762,7681
62436,pāreō,33882,7682
62437,appāreō,3121,7683
62438,compāreō,9543,7684
62446,pāricīda,33896,7685
62503,pēs,35788,7686
62520,pedisequus,34385,7687
62522,pedes,34363,7688
62523,pedāre,\N,7689
62524,pedum,34402,7690
62529,acupedius,649,7691
62559,pessum,35802,7692
62578,peda,34348,7693
62584,oppidō,32821,7694
62603,pedica,34368,7695
62604,peccāre,\N,7696
62606,compes,9597,7697
62607,impediō,21851,7698
62608,expedīre,\N,7699
62609,oppidum,32823,7700
62610,tribřic̨u,\N,7701
62611,tribrisine,\N,7702
62619,pectus,34314,7703
62639,paene,33387,7704
62640,paenitet,\N,7705
62641,pēnūria,34617,7706
62642,patior,34152,7707
62656,paeminōsus,33386,7708
62657,pēminōsus,\N,7709
62680,opīmus,32764,7710
62681,pīnguis,36390,7711
62705,pītuīta,36512,7712
62716,pix,36522,7713
62723,pīnus,36413,7714
62752,pingō,36383,7715
62753,pictor,36292,7716
62775,pignus,36323,7717
62798,piget,36311,7718
62799,piger,36310,7719
62858,pīnsō,36410,7720
62859,pistor,36485,7721
62860,pīsō,36471,7722
62861,pīla,36335,7723
62862,pīlum,36360,7724
62863,pistillum,36482,7725
62874,spīrō,45095,7726
62875,spīritus,45094,7727
62876,spirāculum,45082,7728
62893,piscis,36462,7729
62894,piscīna,36458,7730
62895,piscor,36463,7731
62941,pecū,34317,7732
62942,pecus,34344,7733
62943,pecus,34344,7734
62944,pecūnia,34337,7735
62945,pecūlium,34335,7736
62966,pectō,34310,7737
62967,pecten,34301,7738
63008,coquō,11134,7739
63009,coquus,11136,7740
63010,coquīna,11127,7741
63011,popīna,37070,7742
63022,coctūra,8845,7743
63070,palus,33585,7744
63113,plēmināre,\N,7745
63127,pleō,36687,7746
63128,compleō,9629,7747
63129,impleō,21967,7748
63130,plēnus,36686,7749
63132,plērus,36694,7750
63133,plērusque,36695,7751
63134,plērīque,36689,7752
63135,plēbēs,36665,7753
63136,plēbs,36670,7754
63137,manipulus,27916,7755
63138,plēmināre,\N,7756
63171,plous,\N,7757
63172,plūs,36776,7758
63173,pleores,\N,7759
63174,plīsima,36717,7760
63175,plūrimus,36774,7761
63176,ploirume,\N,7762
63177,plouruma,\N,7763
63178,plusima,\N,7764
63205,pāpiliō,33750,7765
63241,palpor,\N,7766
63242,palpitō,33563,7767
63243,palpebrae,\N,7768
63251,pellō,34481,7769
63252,pultāre,\N,7770
63253,pulsus,39573,7771
63255,ōpilio,32756,7772
63256,Palēs,33475,7773
63257,appellō,3134,7774
63289,palea,33469,7775
63293,puls,39566,7776
63297,puluis,39601,7777
63307,pollen,36887,7778
63308,pollenta,\N,7779
63323,simplus,44371,7780
63324,duplus,14978,7781
63325,duplex,14966,7782
63326,triplus,49215,7783
63327,triplex,49209,7784
63365,palea,33469,7785
63366,palear,33471,7786
63380,pellis,34479,7787
63385,pellīnus,34474,7788
63398,palla,33493,7789
63399,pallium,33519,7790
63415,pēluis,34505,7791
63456,palleō,33510,7792
63457,pallor,33520,7793
63458,pallidus,33515,7794
63459,pullus,39548,7795
63460,palumbēs,33580,7796
63475,falco,17617,7797
63510,palam,33452,7798
63528,emplastrum,15706,7799
63534,plānus,36611,7800
63557,palma,33522,7801
63558,palmus,33545,7802
63559,palmes,33529,7803
63627,pulpitum,39563,7804
63628,penus,34618,7805
63629,penus,34618,7806
63630,penes,34525,7807
63631,penitus,34542,7808
63632,penetrō,34532,7809
63633,Penātēs,34509,7810
63679,quīnque,40207,7811
63716,quinquāgintā,40204,7812
63722,quīntus,40257,7813
63727,Quinctius,\N,7814
63768,pons,37046,7815
63769,pontifex,37053,7816
63849,per,34627,7817
63866,permagnus,35222,7818
63874,peruidēre,\N,7819
63892,perperām,35380,7820
63893,perperus,35383,7821
63913,prae,37367,7822
63918,praeter,38105,7823
63920,prī,\N,7824
63921,prehendō,38282,7825
63922,prior,38388,7826
63923,prīmus,38376,7827
63925,prīdem,38330,7828
63926,prīscus,38393,7829
63928,prīstinus,38397,7830
63931,prīuus,38418,7831
63932,prīuō,38417,7832
63933,prīuātus,38409,7833
63990,portendō,37166,7834
63991,porrigō,37151,7835
63992,polliceor,36897,7836
64023,postis,37265,7837
64045,prŏ,38419,7838
64046,prō,38419,7839
64047,prō,38419,7840
64048,prōnus,38883,7841
64116,probus,38460,7842
64124,prandium,38233,7843
64126,reciprocus,40619,7844
64127,procum,\N,7845
64128,procerēs,38479,7846
64129,procul,38541,7847
64130,prope,38902,7848
64131,propter,38988,7849
64132,propinquus,38947,7850
64154,prōra,39012,7851
64155,prōuincia,39244,7852
64178,pretium,38319,7853
64193,porrō,37156,7854
64227,portō,37187,7855
64268,portus,37195,7856
64269,angiportus,2558,7857
64270,porta,37159,7858
64310,pār,33772,7859
64311,parō,33933,7860
64312,comparāre,\N,7861
64316,pars,33961,7862
64317,portiō,37179,7863
64328,pariō,33909,7864
64329,reperiō,41213,7865
64330,partus,34020,7866
64331,Parca,33852,7867
64332,Propertius,38925,7868
64334,parō,33933,7869
64335,comparō,9545,7870
64336,imperāre,\N,7871
64367,experior,17043,7872
64368,experīmentum,17042,7873
64369,comperiō,9590,7874
64370,opperior,32812,7875
64371,perītus,35156,7876
64372,perīculum,35080,7877
64395,premō,38289,7878
64396,prēlum,38287,7879
64450,pergula,35042,7880
64502,fariō,17726,7881
64509,perca,34703,7882
64510,porcus,37137,7883
64515,pulcher,39518,7884
64516,polcher,\N,7885
64518,porca,37115,7886
64519,porculētum,37135,7887
64539,poscō,37203,7888
64551,postulō,37295,7889
64563,procus,38569,7890
64564,prex,38320,7891
64565,precor,38281,7892
64588,quercus,40116,7893
64641,perna,35296,7894
64642,pernīs,\N,7895
64651,pertica,35650,7896
64689,pēnis,34539,7897
64708,patina,34148,7898
64709,pateō,34126,7899
64710,pandō,33649,7900
64711,passus,34078,7901
64712,patera,34128,7902
64713,petīlus,35839,7903
64802,petō,35854,7904
64803,petīgo,35834,7905
64804,petulans,35884,7906
64805,petulcus,35886,7907
64806,impetus,21938,7908
64807,praepes,37871,7909
64829,accipiter,366,7910
64830,penna,34545,7911
64831,pesna,\N,7912
64832,pinna,36396,7913
64833,propteruus,\N,7914
64878,pūrus,39694,7915
64879,pūrgō,39666,7916
64880,pŭtus,39756,7917
64881,nepus,30798,7918
64882,putāre,\N,7919
64894,putāre,\N,7920
64898,pauiō,34271,7921
64899,depuuere,\N,7922
64900,pauīmentum,34270,7923
64901,putō,39739,7924
64902,amputāre,\N,7925
64903,puteus,39731,7926
64904,pudet,39446,7927
64905,prōpudium,38993,7928
64906,repudium,41295,7929
64907,tripudium,49228,7930
64909,pāueō,34261,7931
64910,pauor,34280,7932
64911,pauidus,34267,7933
64946,pugil,39483,7934
64947,pugnus,39514,7935
64948,pūgnō,39513,7936
64949,pungō,39626,7937
64950,pūgiō,39499,7938
64991,pēdō,34391,7939
64992,pōdex,36810,7940
64993,pēdis,34383,7941
65007,pater,34127,7942
65008,patres,\N,7943
65011,patre,\N,7944
65023,patrius,34184,7945
65027,patruus,34203,7946
65043,patria,34162,7947
65044,patrōnus,34200,7948
65045,patrō,34187,7949
65046,proprius,38987,7950
65061,pilus,36363,7951
65062,pila,36335,7952
65065,pilleus,36355,7953
65080,pīpilō,36422,7954
65081,pīpiō,36424,7955
65082,pīpō,36428,7956
65083,pippitāre,\N,7957
65084,pīpulum,36429,7958
65119,plōrāre,\N,7959
65123,placenta,36534,7960
65124,placeō,36538,7961
65125,placidus,36545,7962
65126,plācāre,\N,7963
65127,plancus,36583,7964
65178,plaga,36554,7965
65179,plagula,36570,7966
65180,plagella,36557,7967
65198,plāga,36554,7968
65199,plangō,36591,7969
65224,lancea,25764,7970
65228,plectō,36674,7971
65243,Letauia,\N,7972
65257,planta,36600,7973
65258,planta,36600,7974
65358,plicō,36712,7975
65359,plectō,36674,7976
65441,perplouēre,\N,7977
65442,pluit,36739,7978
65443,pluuius,36791,7979
65444,pluor,36763,7980
65554,pulmō,39554,7981
65562,plūma,36740,7982
65593,plaudō,36643,7983
65594,plausus,36655,7984
65595,aplūda,3035,7985
65596,plautus,36661,7986
65597,Plautus,36661,7987
65598,Plautios,\N,7988
65603,pluteus,36781,7989
65697,bibō,5280,7990
65699,pōtō,37357,7991
65700,pōtus,37364,7992
65701,pōtus,37364,7993
65702,pōtiō,37339,7994
65704,pōculum,36803,7995
65705,pōtor,37358,7996
65729,polleō,36892,7997
65730,pollex,36893,7998
65745,porcus,37137,7999
65757,porcīnus,37130,8000
65759,porculus,37136,8001
65773,post,37229,8002
65774,poste,\N,8003
65778,posterus,37242,8004
65781,postumus,37299,8005
65784,pōne,37044,8006
65789,postīcus,37260,8007
65814,potis,37346,8008
65815,possum,37228,8009
65818,potestās,37328,8010
65819,potior,37343,8011
65820,compos,9664,8012
65821,hospes,21017,8013
65823,utpote,50046,8014
65848,paucus,34213,8015
65849,pauper,34226,8016
65851,paullus,\N,8017
65852,pauxillus,34257,8018
65854,paruus,34036,8019
65855,parum,34023,8020
65859,puer,39465,8021
65860,puella,39457,8022
65879,putus,39756,8023
65880,putillus,39737,8024
65881,pūssus,\N,8025
65882,pŭsillus,39701,8026
65886,pullus,39548,8027
65895,prāuus,38257,8028
65896,prātum,38253,8029
66063,pruīna,39285,8030
66077,prūna,39287,8031
66078,prūrīre,\N,8032
66087,porrum,37157,8033
66088,porrus,\N,8034
66095,sternuō,45408,8035
66107,tilia,48388,8036
66166,pūpus,39649,8037
66167,pūpa,39637,8038
66168,puppa,\N,8039
66199,pussula,\N,8040
66200,pustula,39704,8041
66221,praepūtium,37908,8042
66260,pūs,39695,8043
66261,pūteō,39726,8044
66262,pūtidus,39736,8045
66263,pŭter,39728,8046
66354,rabiēs,40351,8047
66355,rabiō,40352,8048
66361,rabiāre,\N,8049
66367,rāpum,40456,8050
66368,rāpistrum,40442,8051
66369,rāpīna,40437,8052
66413,rāuus,40525,8053
66449,rōdō,41865,8054
66450,rādō,40389,8055
66451,rāstrum,40477,8056
66452,rādula,40390,8057
66453,rāllum,40396,8058
66454,rāmentum,40401,8059
66455,rōstrum,41916,8060
66537,regō,40949,8061
66538,ērigo,16150,8062
66541,regiō,40936,8063
66542,rēgula,40957,8064
66543,rēgillus,40931,8065
66545,rogō,41875,8066
66546,rogus,41876,8067
66548,rēx,41662,8068
66549,rēgīna,40935,8069
66551,rēgius,40941,8070
66552,rigeō,41791,8071
66553,rigidus,41796,8072
66554,rigor,41799,8073
66667,rigare,\N,8074
66697,rīma,41802,8075
66737,rixa,41840,8076
66761,rīpa,41811,8077
66863,raccāre,\N,8078
66864,rancāre,\N,8079
66865,rāna,40413,8080
66873,ragere,\N,8081
66893,rēs,41330,8082
66895,reus,41591,8083
66905,ridica,41779,8084
66965,uerēdus,50577,8085
66966,parauerēdus,33850,8086
66989,corrigia,11304,8087
66990,corrigium,\N,8088
67185,rapiō,40441,8089
67204,rēpō,41244,8090
67239,rota,41920,8091
67240,birotus,5399,8092
67241,rotundus,41937,8093
67284,rotula,41930,8094
67294,rētae,41492,8095
67295,rētāre,\N,8096
67296,rătis,40499,8097
67304,rūmor,42047,8098
67305,răuus,40525,8099
67306,rauis,40523,8100
67307,raucus,40512,8101
67308,rauiō,40522,8102
67336,rū̆dō,41998,8103
67357,rūgiō,42016,8104
67394,ruō,42063,8105
67395,rūta,42120,8106
67396,rū̆trum,42134,8107
67397,rutellum,42125,8108
67398,rutābulum,42122,8109
67438,rubus,41971,8110
67439,rūbidus,41959,8111
67440,rubēta,41950,8112
67454,rūdus,42000,8113
67455,rudis,41994,8114
67456,rullus,42024,8115
67506,runcō,42061,8116
67507,runcō,42061,8117
67509,runcina,42058,8118
67527,rūga,42011,8119
67531,rumpō,42049,8120
67532,rūpēs,42065,8121
67537,rūpex,42066,8122
67631,ērūgō,16220,8123
67632,ructō,41977,8124
67685,rūbidus,41959,8125
67686,rūfus,42009,8126
67688,rōbus,41860,8127
67689,rōbeus,41846,8128
67690,rōbius,\N,8129
67691,rōbīgo,41850,8130
67692,rōbus,41860,8131
67693,rōbur,41858,8132
67694,ruber,41948,8133
67696,rubor,41961,8134
67697,rūfus,42009,8135
67699,rubor,41961,8136
67700,rubeō,41947,8137
67701,russus,42106,8138
67702,rutilus,42132,8139
67703,Rutuli,42138,8140
67773,raudus,40514,8141
67774,rōdus,41866,8142
67775,rūdus,42000,8143
67796,rūmen,42026,8144
67797,rūma,42025,8145
67798,rūmis,42044,8146
67799,rūmāre,\N,8147
67800,rūmināre,\N,8148
67811,rūs,42084,8149
67829,restis,41454,8150
67867,ursus,49968,8151
67893,satis,42742,8152
67894,satietās,42735,8153
67895,satur,42763,8154
67920,sāgiō,42300,8155
67921,sāgus,42318,8156
67922,sāga,42278,8157
67923,sagana,42283,8158
67924,sāgāx,42291,8159
67977,saeuus,42277,8160
67984,saepēs,42250,8161
67985,saepiō,42256,8162
67986,praesaepēs,\N,8163
67987,praesaepia,37938,8164
67988,saepe,42248,8165
67989,sacer,42194,8166
67990,sācris,\N,8167
68001,sacerdōs,42195,8168
68002,Sancus,42538,8169
68003,Sanquālis,42584,8170
68005,sanciō,42521,8171
68006,sanctus,42537,8172
68011,sagmen,42311,8173
68034,sāl,42322,8174
68036,insula,24059,8175
68079,sallō,42394,8176
68080,salsus,42425,8177
68108,salīua,42385,8178
68111,salix,42391,8179
68122,salum,42451,8180
68132,sānus,42590,8181
68133,sānō,42583,8182
68138,sapiō,42608,8183
68139,sapa,42592,8184
68140,sapor,42612,8185
68141,nesapius,30853,8186
68142,nesapus,\N,8187
68145,sibus,44147,8188
68188,sūdus,46417,8189
68189,sūdum,\N,8190
68218,sōl,44624,8191
68254,sibī,\N,8192
68255,sē,43240,8193
68299,souos,\N,8194
68300,suus,47216,8195
68306,sē̆d,43329,8196
68307,sē̆,43240,8197
68332,Sabīnī,42161,8198
68333,Sabelli,42157,8199
68334,Samnium,42504,8200
68336,Samnītes,\N,8201
68361,sodālis,44614,8202
68362,soleō,44649,8203
68363,suēscō,46425,8204
68402,sōlus,44728,8205
68408,suad,\N,8206
68429,sōc,\N,8207
68430,sī,44136,8208
68431,sīc,44151,8209
68442,sedeō,43343,8210
68446,sēdō,43354,8211
68476,sīdō,44218,8212
68481,obsessus,31880,8213
68489,sessiō,44049,8214
68491,possessor,37219,8215
68499,solium,44687,8216
68501,sēdēs,43344,8217
68505,praeses,37994,8218
68506,dēses,13375,8219
68509,subsidium,46098,8220
68530,sella,43438,8221
68585,nīdus,30952,8222
68614,cēdo,7286,8223
68615,necesse,30641,8224
68616,seges,43373,8225
68617,Seia,43406,8226
68634,sagum,42316,8227
68768,serō,43923,8228
68769,sătiō,42737,8229
68770,sător,42753,8230
68778,sēmen,43453,8231
68779,Sēmōnēs,\N,8232
68792,saeculum,42247,8233
68825,sinō,44446,8234
68826,dēsinere,\N,8235
68827,dēsiuāre,13408,8236
68828,pōnō,37045,8237
68829,situs,44556,8238
68830,sileō,44290,8239
68833,sētius,44072,8240
68834,sērus,43965,8241
68937,saeta,42263,8242
69006,siat,\N,8243
69007,siccus,44173,8244
69079,sēbum,43252,8245
69114,secō,43270,8246
69115,segmen,43382,8247
69116,segmentum,43384,8248
69117,secespita,43260,8249
69118,secīuum,43265,8250
69119,secūris,43319,8251
69120,sēcula,43298,8252
69121,saxum,42829,8253
69122,sacēna,\N,8254
69123,scēna,42956,8255
69124,asignae,\N,8256
69126,sī̆gnum,44268,8257
69127,asignas,\N,8258
69184,sīca,44152,8259
69185,sīcīlis,44185,8260
69203,sēgnis,43389,8261
69232,sequor,43863,8262
69233,īnsequor,23820,8263
69235,sector,43288,8264
69236,secta,43278,8265
69237,secundus,43311,8266
69238,sequester,43854,8267
69239,secus,43322,8268
69240,secus,43322,8269
69241,socius,44603,8270
69266,īnseque,23816,8271
69267,īnsece,\N,8272
69268,insectiōnēs,\N,8273
69269,insexit,23840,8274
69270,inquam,23693,8275
69377,cōnsilium,10532,8276
69378,cōnsulere,\N,8277
69379,cōnsul,10689,8278
69407,saliō,42372,8279
69408,saltus,42445,8280
69409,salax,42340,8281
69410,saltāre,\N,8282
69411,salebra,42343,8283
69441,sōlor,44716,8284
69498,sulcus,46554,8285
69499,sulcō,46553,8286
69531,ama,2093,8287
69540,sentīna,43713,8288
69541,sentīnō,43717,8289
69561,semper,43639,8290
69562,simītu,44351,8291
69565,mīlle,29083,8292
69592,simplus,44371,8293
69593,simplex,44364,8294
69596,singuli,44431,8295
69602,similis,44344,8296
69603,simul,44376,8297
69604,semel,43451,8298
69784,sēmi,43466,8299
69785,sēmis,43594,8300
69788,sēmiuiuus,43625,8301
69872,sine,44413,8302
69915,senex,43673,8303
69916,seneō,43671,8304
69917,senēscō,43672,8305
69918,senium,43684,8306
69919,senātus,43661,8307
69921,senectūs,43668,8308
69922,seneciō,43664,8309
69938,sentiō,43720,8310
69939,sensus,43702,8311
69940,sententia,43705,8312
69998,sepeliō,43742,8313
70003,septem,43762,8502
70023,septimus,43810,8503
70061,serum,43964,8504
70095,seruō,43987,8505
70110,sorbum,44819,8506
70111,sorbus,44820,8507
70126,inserō,23823,8508
70128,insertiō,23830,8509
70129,praesertim,37991,8510
70135,serō,43923,8511
70136,seriēs,43900,8512
70137,serīlia,43902,8513
70138,sors,44846,8514
70139,sera,43866,8515
70163,sariō,42677,8516
70164,sarculum,42651,8517
70170,sarpiō,\N,8518
70171,sarpō,42691,8519
70172,sarmen,42684,8520
70173,sarmentum,42687,8521
70183,sarciō,42643,8522
70184,sarctus,\N,8523
70185,sarcina,42635,8524
70186,sartor,42709,8525
70197,serpullum,43937,8526
70200,serpō,43935,8527
70201,serpēns,43928,8528
70229,sūgō,46539,8529
70230,sūcus,46399,8530
70426,suō,46645,8531
70427,sūtor,47205,8532
70428,sūbula,46226,8533
70467,scamnum,42891,8534
70468,scabillum,42836,8535
70469,scabellum,42831,8536
70477,caesius,6107,8537
70478,caelum,6050,8538
70494,caedō,6020,8539
70495,caedēs,6019,8540
70496,caementum,6056,8541
70497,caelum,6050,8542
70498,caia,6129,8543
70499,caiō,6134,8544
70500,ancaesa,2478,8545
70501,ancīle,2487,8546
70534,scintilla,43010,8547
70620,scindula,43008,8548
70621,scandula,42900,8549
70656,sciō,43014,8550
70657,dēscīscō,13350,8551
70658,scīscō,43037,8552
70659,plēbīscītum,36668,8553
70660,scītus,43053,8554
70718,scindō,43007,8555
70719,scissiō,43040,8556
70771,scūtum,43216,8557
70813,scīpiō,43019,8558
70944,siliqua,44306,8559
70945,silicia,44301,8560
70947,silex,44295,8561
70949,culter,11873,8562
71077,scalpō,42872,8563
71078,scalprum,42874,8564
71079,scalper,42871,8565
71080,sculpō,43185,8566
71226,scelus,42955,8567
71227,coluber,9188,8568
71259,calx,6361,8569
71260,calcō,6209,8570
71261,calcitrāre,\N,8571
71262,calcar,6176,8572
71263,calceus,6199,8573
71403,scabō,42840,8574
71404,scăbiēs,42834,8575
71405,scaber,42832,8576
71406,scobis,43058,8577
71407,scobīna,43057,8578
71467,capō,6663,8579
71468,capus,6734,8580
71469,cappō,\N,8581
71470,cappulāre,\N,8582
71471,concipilāre,\N,8583
71472,scapulae,42920,8584
71478,hapia,\N,8585
71523,scāpus,42922,8586
71524,scōpa,43073,8587
71525,scōpiō,43079,8588
71526,scōpus,43086,8589
71635,cardō,6790,8590
71670,scurra,43195,8591
71681,corōna,11247,8592
71682,curuus,12072,8593
71683,cortīna,11346,8594
71697,circus,8390,8595
71698,circum,8135,8596
71699,circā,8097,8597
71767,scrinium,43134,8598
71786,crīsō,11636,8599
71847,crīnis,11629,8600
71848,crista,11648,8601
71859,crispus,11645,8602
71860,crispō,11643,8603
71879,crux,11761,8604
71887,Pennocrucium,\N,8605
71946,corium,11202,8606
71947,carō,6858,8607
71952,curtus,12062,8608
72146,cortex,11341,8609
72147,scortum,43113,8610
72148,cēna,7362,8611
72228,crocina,\N,8612
72236,crusina,\N,8613
72276,scrobis,43155,8614
72318,carpō,6881,8615
72319,excarpo,\N,8616
72320,scarpinat,\N,8617
72321,carpinus,6878,8618
72395,scramis,\N,8619
72440,cernō,7565,8620
72441,certus,7603,8621
72442,excrēmentum,16739,8622
72443,screa,\N,8623
72444,screāre,\N,8624
72445,discrīmen,14236,8625
72446,crībrum,11612,8626
72497,scrībō,43130,8627
72517,scrūtillus,43180,8628
72518,scrōtum,43161,8629
72519,scrautum,\N,8630
72520,scrūtor,43183,8631
72539,scrūpus,43172,8632
72540,scrūpulus,43171,8633
72550,mūscerda,30119,8634
72551,sūcerda,46379,8635
72552,būcerda,\N,8636
72553,ouicerda,33254,8637
72577,corbis,11161,8638
72591,scirpea,\N,8639
72696,scateō,42933,8640
72697,scatō,42935,8641
72698,scatebra,42932,8642
72699,scaturriō,\N,8643
72764,obscūrus,31840,8644
72765,cūlus,11884,8645
72773,cucullus,11805,8646
72831,cutis,12095,8647
72832,cunnus,11948,8648
72879,cūdō,11823,8649
72906,custōs,12089,8650
72992,scutilus,\N,8651
73208,squalus,45227,8652
73300,laxus,26139,8653
73301,langueō,25786,8654
73413,lumbrīcus,27208,8655
73414,ligō,26613,8656
73559,lūbricus,27048,8657
73657,līueō,26875,8658
73658,līuor,26886,8659
73659,līuidus,26883,8660
73694,lurcor,\N,8661
73695,lurcō,27256,8662
73714,nam,30376,8663
73726,macula,27537,8664
73745,mīca,29017,8665
73746,mīcidus,29026,8666
73810,mīrus,29258,8667
73811,cōmis,9275,8668
73855,mittō,29351,8669
73860,māla,27693,8670
73861,maxilla,28285,8671
73919,memor,28621,8672
73920,memoria,28635,8673
73921,Morta,29756,8674
73942,mora,29674,8675
73960,mereō,28809,8676
73961,mereor,28810,8677
73962,merenda,28804,8678
73983,merda,28800,8679
73989,medullae,\N,8680
74058,nō,31087,8681
74064,natō,30496,8682
74065,Natisōn,\N,8683
74098,nūtriō,31539,8684
74149,neō,30753,8685
74150,nēmen,\N,8686
74151,nētus,30878,8687
74208,nix,31080,8688
74209,niuit,31077,8689
74210,ninguit,31015,8690
74246,napurae,30396,8691
74397,neruus,30851,8692
74420,nubō,31363,8693
74421,prōnuba,\N,8694
74422,cōnūbium,10966,8695
74444,nūbēs,31348,8696
74445,obnūbō,31782,8697
74451,nurus,31519,8698
74483,sapsa,42628,8699
74484,sum,46571,8700
74485,sam,42480,8701
74486,sōs,44862,8702
74487,sās,42715,8703
74546,saluus,42479,8704
74547,saluē,42470,8705
74551,salūs,42452,8706
74552,salūbris,42448,8707
74553,Sallustius,42396,8708
74554,solidus,44666,8709
74555,soldus,44641,8710
74556,solōx,44718,8711
74557,solidāre,\N,8712
74559,sollus,44704,8713
74560,sollers,44693,8714
74561,sollemnis,44689,8715
74568,sūra,47055,8716
74614,cuspis,12080,8717
74615,spīca,45039,8718
74616,spīculum,45050,8719
74617,spīcārium,\N,8720
74646,spīna,45053,8721
74649,spīna,45053,8722
74650,spīnus,45076,8723
74673,secespita,43260,8724
74744,spatium,44944,8725
74745,spēs,45012,8726
74746,spērō,45011,8727
74747,prosperus,39113,8728
74795,spissus,45105,8729
74796,σπιθάμη,\N,8730
74797,σπιθίαι,\N,8731
74836,speciō,44958,8732
74837,spectō,44975,8733
74838,speciēs,44954,8734
74839,auspex,4608,8735
74840,haruspex,20285,8736
74841,specus,44995,8737
74842,speculum,44994,8738
74843,speculor,44993,8739
74913,spolium,45136,8740
74933,spelta,44998,8741
75001,splendeō,45110,8742
75021,liēn,26587,8743
75059,sponte,45172,8744
75079,pendeō,34513,8745
75080,pendō,34517,8746
75084,sponda,45137,8747
75097,spondeō,45141,8748
75098,sponsa,45158,8749
75099,respondēre,\N,8750
75100,despondēre,\N,8751
75169,sparus,44926,8752
75170,sparum,\N,8753
75171,sparus,44926,8754
75194,paries,33899,8755
75224,parra,33951,8756
75243,sporta,45175,8757
75284,spernō,45009,8758
75285,aspernor,3979,8759
75286,asper,3965,8760
75543,spargō,44904,8761
75679,pīca,36270,8762
75680,pīcus,36300,8763
75714,spuō,45196,8764
75715,despuō,13452,8765
75784,spūma,45184,8766
75785,pūmex,39603,8767
75812,sorbeō,44812,8768
75947,frīgus,18834,8769
75948,frīgeō,18813,8770
75949,frīgidus,18825,8771
75962,sistō,44521,8772
75970,stō,45498,8773
76009,praestināre,\N,8774
76010,dēstināre,\N,8775
76011,dēstina,13462,8776
76012,obstināre,\N,8777
76052,testis,48023,8778
76054,caelestis,6030,8779
76055,agrestis,1626,8780
76059,praestō,38047,8781
76060,praestōlarī,\N,8782
76066,superstes,46913,8783
76067,antistes,2909,8784
76071,status,45338,8785
76089,statim,45314,8786
76090,statiō,45316,8787
76103,status,45338,8788
76104,statuō,45335,8789
76135,stātor,45322,8790
76139,obstāculum,31920,8791
76153,stabulum,45255,8792
76154,prōstibulum,39128,8793
76155,naustibulum,30559,8794
76156,stabilis,45247,8795
76175,stāmen,45284,8796
76281,instaurāre,\N,8797
76282,restaurāre,\N,8798
76326,stāgnum,45276,8799
76327,stagnum,45276,8800
76363,stīria,45482,8801
76364,stīlla,45436,8802
76553,tegō,47683,8803
76554,tēctum,47667,8804
76555,tegulum,47686,8805
76556,teges,47675,8806
76557,tēgula,\N,8807
76558,toga,48514,8808
76599,tīgnum,48380,8809
76666,stilus,45448,8810
76667,stimulus,45457,8811
76668,stīua,45490,8812
76697,stīpes,45469,8813
76698,stīpō,45471,8814
76699,obstīpus,31935,8815
76700,stipula,45474,8816
76701,stips,45472,8817
76702,stī̆pendium,45468,8818
76703,stipulor,45480,8819
76762,īnstīgō,23986,8820
76763,īnstinguō,23994,8821
76764,interstinguō,24496,8822
76765,distinguō,14489,8823
76767,stinguō,45458,8824
76904,lātus,26066,8825
76905,stlatta,\N,8826
76906,latus,26066,8827
76907,later,25977,8828
76908,lāmina,25734,8829
76909,latium,26030,8830
76937,stolidus,45511,8831
76938,stultus,45703,8832
76939,stolō,45512,8833
76940,locus,26922,8834
76941,stlocus,45496,8835
76942,īlicō,21465,8836
77087,tonō,48562,8837
77088,tonitrū,48558,8838
77089,tonitrus,48561,8839
77133,strēnuus,45598,8840
77136,consternō,10640,8841
77137,exsternō,17273,8842
77138,sternāx,45405,8843
77213,tergus,47914,8844
77214,tergum,47913,8845
77215,tergīnum,47905,8846
77269,stirps,45489,8847
77275,torpeō,48621,8848
77421,strūma,45671,8849
77516,stēlla,45352,8850
77572,striga,45622,8851
77573,strigōsus,45629,8852
77574,stria,45604,8853
77575,stringō,45631,8854
77576,strigilis,45626,8855
77668,sternō,45406,8856
77669,prosternere,\N,8857
77670,strāmen,45540,8858
77671,strāgēs,45536,8859
77672,strāgulus,45539,8860
77706,struō,45679,8861
77707,struēs,45668,8862
77708,struīx,45670,8863
77743,sterilis,45402,8864
77765,stercus,45391,8865
77766,sterculīnum,\N,8866
77767,sterquilīnum,\N,8867
77789,troia,49320,8868
77789,troia,49315,8869
77885,tundō,49464,8870
77886,tudes,49408,8871
77887,tuditāre,\N,8872
77888,tussis,49570,8873
77891,studeō,45691,8874
77892,studium,45695,8875
77926,stuprum,45722,8876
77927,stupeō,45707,8877
77928,stupendus,\N,8878
77929,titubāre,\N,8879
77986,stūpa,45704,8880
77987,stuppa,45715,8881
78019,sturnus,45728,8882
78029,strigō,45628,8883
78030,obstrigillō,31948,8884
78041,stringō,45631,8885
78060,strīx,45638,8886
78061,strīdeō,45618,8887
78070,strangulō,45552,8888
78100,strepō,45601,8889
78147,sūs,47133,8890
78161,suīnus,46545,8891
78172,sucula,46394,8892
78237,suāuis,45781,8893
78282,suādeō,45745,8894
78311,sībilō,44142,8895
78312,sībilus,44143,8896
78313,sīfilō,\N,8897
78314,sīfilus,\N,8898
78415,sīdus,44223,8899
78416,consīderāre,\N,8900
78417,dēsīderāre,\N,8901
78442,sūdor,46413,8902
78443,sūdō,46412,8903
78485,socer,44589,8904
78486,socrus,44610,8905
78512,sex,44089,8906
78524,sēdecim,43340,8907
78534,sextus,44129,8908
78535,sestus,44064,8909
78536,Sestius,44062,8910
78640,solea,44642,8911
78641,solum,44724,8912
78653,sulpur,\N,8913
78677,sonō,44764,8914
78678,sonere,\N,8915
78679,sonus,44775,8916
78761,sōpiō,44798,8917
78762,sŏpor,44800,8918
78787,somnus,44755,8919
78798,insomnis,23918,8920
78801,somnium,44751,8921
78805,insomnium,23919,8922
78819,supō,46973,8923
78820,dissipō,14430,8924
78821,obsipō,31897,8925
78822,insipere,\N,8926
78831,sermō,43912,8927
78856,susurrus,47199,8928
78857,susurrō,47197,8929
78858,absurdus,262,8930
78859,surdus,47074,8931
78860,sōrex,44834,8932
78885,surus,47131,8933
78886,surculus,47066,8934
78887,surcellus,\N,8935
78888,sūra,47055,8936
78961,soror,44839,8937
78962,sobrīnus,44582,8938
79018,sordeō,44821,8939
79019,sordidus,44829,8940
79020,sordes,44822,8941
79028,suāsum,45760,8942
79042,tābēs,47374,8943
79043,tābum,47401,8944
79044,tābeō,47368,8945
79045,tābēscō,47375,8946
79068,tīnus,48445,8947
79069,tinca,48417,8948
79070,tinea,48425,8949
79125,tangō,47503,8950
79126,integer,24111,8951
79127,tagax,47445,8952
79128,taxim,47637,8953
79129,taxō,47640,8954
79132,contamināre,\N,8955
79133,contagiō,10737,8956
79158,taceō,47403,8957
79177,tālea,47457,8958
79178,tālla,47468,8959
79179,tālia,\N,8960
79180,tāliāre,\N,8961
79202,tata,47583,8962
79346,texō,48098,8963
79347,texor,\N,8964
79348,tēla,47690,8965
79349,subtīlis,46205,8966
79350,subtēmen,46160,8967
79351,testa,48002,8968
79352,testūdō,48031,8969
79353,tēlum,47723,8970
79385,taxus,47642,8971
79500,tollō,48532,8972
79501,tolūtim,48540,8973
79502,tolerō,48527,8974
79503,tulī,49424,8975
79504,tulam,\N,8976
79505,lātus,26066,8977
79540,tellūs,47718,8978
79541,meditullium,28387,8979
79542,tabula,47389,8980
79621,aestumō,\N,8981
79633,tondeō,48553,8982
79634,tōnsa,48564,8983
79635,tōnsilla,48567,8984
79651,tēmētum,47738,8985
79652,tēmulentus,47785,8986
79653,abstēmius,233,8987
79677,mālobathrum,\N,8988
79682,tenebrae,47798,8989
79683,temere,47732,8990
79684,temerō,47736,8991
79715,tempus,47781,8992
79716,tempus,47781,8993
79717,temperāre,\N,8994
79718,templum,47770,8995
79719,antemnā,\N,8996
79720,templa,\N,8997
79721,contemplāri,\N,8998
79722,temptō,\N,8999
79780,tendō,47794,9000
79784,tentus,47844,9001
79785,intentio,24165,9002
79786,teneō,47813,9003
79787,attinēre,\N,9004
79788,pertinēre,\N,9005
79789,continuus,10848,9006
79790,tenēre,47816,9007
79791,tenus,47856,9008
79792,tenor,47825,9009
79793,tenus,47856,9010
79794,protinus,39192,9011
79796,diūtinus,14541,9012
79798,tenāx,47790,9013
79843,tingō,48430,9014
79852,tēmō,47743,9015
79961,tōlēs,\N,9016
79962,tōnsillae,\N,9017
79963,prōtēlum,39162,9018
79964,prōtēlāre,\N,9019
79965,tēnsa,47827,9020
79989,tenuis,47852,9021
80024,tepeō,47860,9525
80025,tepidus,47867,9526
80026,tepor,47868,9527
80060,tener,47814,9528
80069,tardus,47554,9529
80079,termes,47919,9530
80105,terō,47938,9531
80106,dētrīmentum,13571,9532
80107,trīticum,49268,9533
80108,triō,49182,9534
80109,trībulum,49039,9535
80110,trībulāre,\N,9536
80111,tetricus,48074,9537
80112,intertrīgō,24512,9538
80113,teres,47896,9539
80114,terebrā,47881,9540
80115,trīcae,49056,9541
80242,tergō,47911,9542
80243,tergēo,47902,9543
80244,mantēlum,27945,9544
80245,mantēle,27944,9545
80363,intrāre,\N,9546
80364,extrābunt,\N,9547
80371,termen,47917,9548
80372,termō,47931,9549
80373,terminus,47929,9550
80423,trāns,48782,9551
80439,tarmes,47561,9552
80467,toruus,48662,9553
80476,torqueō,48629,9554
80477,torquēs,\N,9555
80478,torquis,48630,9556
80479,tormentum,48606,9557
80480,tormina,48608,9558
80481,torculum,48598,9559
80482,nasturtium,30461,9560
80565,torreō,48634,9561
80566,torrus,\N,9562
80567,torris,48638,9563
80568,torrēns,48632,9564
80569,terra,47940,9565
80606,tetrax,\N,9566
80625,tetrinniō,48075,9567
80628,tueor,49415,9568
80629,intueor,24663,9569
80630,tūtus,49601,9570
80682,tōmentum,48545,9571
80683,tōtus,48670,9572
80686,tūber,49387,9573
80703,tūfa,49416,9574
80712,tuccētum,49405,9575
80713,tucca,\N,9576
80736,tullius,49430,9577
80737,Tullus,49431,9578
80738,Tullius,49430,9579
80760,tutulus,49599,9580
80783,tumeō,49438,9581
80784,tumidus,49446,9582
80785,tumor,49447,9583
80786,tumulus,49461,9584
80787,tumultus,49460,9585
80854,obtūrō,32033,9586
80855,retūrō,41587,9587
80856,turgeō,49512,9588
80857,turiō,49525,9589
80858,turgiō,\N,9590
80861,taurus,47622,9591
81013,tesqua,\N,9592
81033,titiō,48486,9593
81072,istum,\N,9594
81074,tam,47475,9595
81075,tandem,47499,9596
81076,tantus,47516,9597
81079,tum,49433,9598
81080,tunc,49463,9599
81082,topper,48591,9600
81116,tot,48665,9601
81117,totidem,48666,9602
81118,tŏtus,48670,9603
81129,talis,47464,9604
81154,loquor,27007,9605
81160,tongeō,\N,9606
81161,tongitiō,48556,9607
81212,trahō,48752,9608
81213,trāma,48769,9609
81244,trabs,48684,9610
81245,trabēs,48682,9611
81246,taberna,47369,9612
81302,trēs,49012,9613
81325,tripēs,49202,9614
81337,tribus,49046,9615
81340,trīga,49132,9616
81344,trēdecim,48989,9617
81348,trīginta,49140,9618
81367,tertius,47987,9619
81381,testis,48023,9620
81389,ter,47872,9621
81399,terni,47933,9622
81400,trīni,49170,9623
81414,trīstis,49249,9624
81438,tremō,48999,9625
81439,tremor,49000,9626
81440,tremulus,49002,9627
81461,truncus,49363,9628
81462,truncō,49361,9629
81523,trepidus,49009,9630
81524,trepidō,49007,9631
81561,trepit,49010,9632
81562,turpis,49542,9633
81572,terreo,47944,9634
81573,terror,47969,9635
81604,trūdō,49352,9636
81605,trūdis,49351,9637
81647,turdus,49510,9638
81701,tutubāre,\N,9639
81733,tū,49382,9640
81768,tuus,49602,9641
81795,sagana,42283,9642
81885,trua,49343,9643
81886,trulla,49355,9644
81887,truella,\N,9645
81888,trulleum,49356,9646
81889,amptruō,\N,9647
81917,turba,49477,9648
81918,turbō,49494,9649
81919,turbō,49494,9650
81926,turma,49528,9651
81988,formaticum,\N,9652
82001,sarcophagus,42647,9653
82005,trux,49373,9654
82006,truculentus,49350,9655
82007,trucīdāre,\N,9656
82014,tībia,48346,9657
82074,ūsque,49983,9658
82126,uterus,50032,9659
82133,uenter,50490,9660
82134,uēnsīca,\N,9661
82148,ulucus,49720,9662
82153,ululāre,\N,9663
82154,ulula,49721,9664
82168,super,46650,9665
82188,super,46650,9666
82189,superus,46943,9667
82191,suprā,47050,9668
82194,supernus,46865,9669
82203,sub,45787,9670
82223,uassus,\N,9671
82224,uassallus,\N,9672
82244,summus,46626,9673
82248,supīnus,46972,9674
82249,suppus,47044,9675
82250,suppō,47019,9676
82330,uārus,50267,9677
82331,uāricus,50253,9678
82332,uāricō,50249,9679
82333,uāra,50230,9680
82334,uarius,50261,9681
82335,uariō,50259,9682
82351,uas,50272,9683
82352,uadimonium,50119,9684
82353,praes,37935,9685
82375,uādō,50120,9686
82376,uadum,50124,9687
82378,uādō,50120,9688
82393,uāgīna,50141,9689
82404,uāgiō,50143,9690
82405,uāgor,50146,9691
82453,uae,50126,9692
82515,uacca,50091,9693
82516,ualeō,50165,9694
82519,Valerius,50169,9695
82520,uolēmum,\N,9696
82592,uāpulāre,\N,9697
82596,uātēs,50297,9698
82617,uatāx,\N,9699
82618,uatius,50311,9700
82619,uatia,50298,9701
82620,uascus,50281,9702
82630,uastus,50295,9703
82829,uēlum,50419,9704
82830,uēlāre,\N,9705
82831,uēxillum,50834,9706
82872,uegeō,50347,9707
82873,uigil,50947,9708
82874,uigilāre,\N,9709
82875,uegetus,50354,9710
82902,ūuidus,50077,9711
82903,ūdus,49671,9712
82904,ūlīgo,49685,9713
82905,ūuor,50079,9714
82906,ūuēscō,50074,9715
82907,ūuēns,50073,9716
82908,ūmeō,49755,9717
82909,ūmor,49766,9718
82910,ūmectō,49752,9719
82925,uxor,50082,9720
82983,uehō,50365,9721
82988,uehis,\N,9722
82989,uehemēns,50357,9723
82990,uectis,50332,9724
82991,uectīgālis,50330,9725
82992,uectīgal,50328,9726
82993,uēlōx,50418,9727
82994,uēles,50384,9728
82995,ueia,\N,9729
83065,uagor,50146,9730
83066,uagus,50150,9731
83089,uieō,50937,9732
83090,uītilis,51222,9733
83124,uīmen,50990,9734
83143,uīnum,51050,9735
83164,uiriae,51119,9736
83178,uītilis,51222,9737
83179,uītis,51231,9738
83180,uītex,51206,9739
83181,uitus,\N,9740
83182,uitta,51244,9741
83226,uiēscō,50938,9742
83227,uiētus,50940,9743
83292,uia,50836,9744
83297,uīs,51156,9745
83298,uīs,51156,9746
83299,inuītāre,\N,9747
83300,inuītus,24821,9748
83301,uindex,51027,9749
83346,uīdulus,50932,9750
83385,uideō,50926,9751
83388,uīsus,51188,9752
83389,uīsō,51179,9753
83545,dīuidō,14574,9754
83555,uidua,\N,9755
83556,uiduus,50934,9756
83578,uictima,50904,9757
83604,uincō,51011,9758
83605,peruicāx,35754,9759
83663,uix,51283,9760
83703,uicia,50885,9761
83704,uinciō,51010,9762
83750,uicis,50898,9763
83789,uīcus,50922,9764
83790,uēcus,\N,9765
83792,uilla,50979,9766
83841,uibrō,50861,9767
83842,uībix,\N,9768
83875,uireō,51087,9769
83876,uiridis,51131,9770
83931,uiscus,51168,9771
83940,uirga,51092,9772
83941,uirgō,51112,9773
83954,uīrus,51155,9774
83956,uēna,50423,9775
83965,Visurgis,51187,9776
83969,Vistula,51182,9777
83984,bisōn,5417,9778
83993,uissiō,\N,9779
83996,uiscum,51167,9780
84016,conuexus,11025,9781
84017,subuexus,46269,9782
84028,uacillō,50104,9783
84084,uox,51449,9784
84085,uocō,51309,9785
84128,uoltus,51364,9786
84129,uultus,51498,9787
84183,uolō,51341,9788
84184,uoluntas,51380,9789
84185,nōlo,31150,9790
84186,mālō,27780,9791
84232,uolupe,\N,9792
84233,uoluptās,51386,9793
84278,uolgus,\N,9794
84279,uulgus,51462,9795
84290,lāna,25758,9796
84291,lānūgō,25835,9797
84303,uellus,50413,9798
84304,uillus,50989,9799
84463,uola,51316,9800
84465,uoluō,51406,9801
84466,uolūmen,51374,9802
84467,inuolūcrum,24836,9803
84468,inuolūcre,24835,9804
84469,uolua,51405,9805
84470,uulua,51499,9806
84471,uallus,50189,9807
84472,uallum,50188,9808
84476,uallēs,50181,9809
84599,lōrum,27025,9810
84600,lōrica,27017,9811
84606,ualgus,50175,9812
84659,uolnus,51340,9813
84662,uellō,50412,9814
84737,uomō,51422,9815
84738,uomitus,51421,9816
84739,uomica,51411,9817
84775,Venethi,\N,9818
84777,Venedi,50455,9819
84779,uenus,50522,9820
84780,Venus,50521,9821
84781,uenustus,50528,9822
84782,ueneror,50477,9823
84783,uēnor,50488,9824
84963,uapor,50217,9825
84964,uappa,50226,9826
84965,uapiō,\N,9827
84987,auerta,4702,9828
85055,sērius,43909,9829
85056,uarus,50267,9830
85059,uarulus,\N,9831
85060,uarix,50263,9832
85087,uerrūca,50646,9833
85124,uermis,50615,9834
85145,brigantes,5698,9835
85151,uerbera,\N,9836
85152,uerberāre,\N,9837
85153,uerbēna,50544,9838
85209,uergō,50589,9839
85210,uermina,50611,9840
85233,ringor,41810,9841
85309,branca,\N,9842
85333,repēns,41196,9843
85334,ueprēs,50532,9844
85335,uerpa,50636,9845
85336,uerpus,50637,9846
85385,uertō,50697,9847
85386,uortex,51438,9848
85387,uertex,50688,9849
85388,uersus,50677,9850
85389,aduersus,1094,9851
85390,uersus,50677,9852
85394,uersiōn,\N,9853
85459,rīdeō,41777,9854
85477,rīca,41768,9855
85478,rīcinium,41770,9856
85588,operiō,32699,9857
85589,aperiō,2981,9858
85743,uerbum,50566,9859
85757,rōdō,41865,9860
85758,rōstrum,41916,9861
85817,uereor,50580,9862
85890,seuērus,44080,9863
85891,asseuērāre,\N,9864
85892,perseuērāre,\N,9865
85904,uērus,50710,9866
85950,uīuerra,51267,9867
85979,rādīx,40388,9868
85980,rāmus,40411,9869
85981,radius,40387,9870
86136,uerrō,50645,9871
86161,rēno,41149,9872
86162,ueruēx,50717,9873
86193,Vesta,50757,9874
86323,uestis,50778,9875
86324,uestiō,50775,9876
86352,uīlis,50975,9877
86361,uēnus,50522,9878
86362,uendō,50454,9879
86363,uēneō,50465,9880
86372,uesper,50743,9881
86373,uespera,50744,9882
86385,umbra,49737,9883
86402,uēr,50534,9884
86403,uernus,50629,9885
86472,uetus,50816,9886
86473,uetustus,50821,9887
86474,uetulus,50814,9888
86476,ueterīnus,50801,9889
86477,uitulus,51253,9890
86480,Italia,25121,9891
86518,uitium,51233,9892
86519,uituperō,51259,9893
86520,uitilīgō,51221,9894
86531,uītricus,51241,9895
86547,uītulor,51252,9896
86582,uīginti,50959,9897
86611,uir,51077,9898
86638,lupus,27252,9899
86666,Vlpius,\N,9900
86679,uolpēs,51347,9901
86687,uespa,50739,9902
86714,uōmis,51416,9903
86761,urgeō,49947,9904
86856,Rugii,42014,9905
