"lat.","1","1","A","[1].II","1","<sense level=\"1\" n=\"II\" id=\"n0.1\">The sound of the A is <hi rend=\"ital\">short</hi> or <hi rend=\"ital\">long</hi> in every part of the word; as, ăb, păter, ită; ā, māter, frustrā. During a short period (between about 620 and 670 A. U. C. = from 134 to 84 B.C.) <hi rend=\"ital\">long a</hi> was written <hi rend=\"ital\">aa</hi>, probably first by the poet L. Attius, in the manner of the Oscan language; so we find in Latin inscriptions: AA. CETEREIS (i.e. a ceteris), CALAASI, FAATO, HAACE, MAARCIVM, PAAPVS, PAASTORES, VAARVS; and in Greek writing, <foreign lang=\"greek\">ΜΑΑΡΚΟΥ ΥΙΟΣ ΜΑΑΡΚΕΛΛΟΣ</foreign>, <foreign lang=\"greek\">ΚΟΙΝΤΟΝ ΜΑΑΡΚΙΟΝ</foreign> (like Osc. aasas = Lat. āra, Osc. Paapi = Lat. Pāpius, Osc. Paakul = Lat. Pāculus, Pācullus, Pācuvius, etc.), v. Ritschl, Monum. Epigr. p. 28 sq., and cf. Mommsen, Unterital. Dialekte, p. 210 sq. (The Umbrian language has gone a step farther, and written <hi rend=\"ital\">long a</hi> by <hi rend=\"ital\">aha</hi>, as Aharna, Naharcom, trahaf, etc.; cf. Aufrecht and Kirchhoff, Umbrische Sprachdenkm. p. 76 sq.) Vid. also the letters E and U.</sense>","The sound of the A is short or long in every part of the word; as, ăb, păter, ită; ā, māter, frustrā. During a short period (between about 620 and 670 A. U. C. = from 134 to 84 B.C.) long a was written aa, probably first by the poet L. Attius, in the manner of the Oscan language; so we find in Latin inscriptions: AA. CETEREIS (i.e. a ceteris), CALAASI, FAATO, HAACE, MAARCIVM, PAAPVS, PAASTORES, VAARVS; and in Greek writing, ΜΑΑΡΚΟΥ ΥΙΟΣ ΜΑΑΡΚΕΛΛΟΣ, ΚΟΙΝΤΟΝ ΜΑΑΡΚΙΟΝ (like Osc. aasas = Lat. āra, Osc. Paapi = Lat. Pāpius, Osc. Paakul = Lat. Pāculus, Pācullus, Pācuvius, etc.), v. Ritschl, Monum. Epigr. p. 28 sq., and cf. Mommsen, Unterital. Dialekte, p. 210 sq. (The Umbrian language has gone a step farther, and written long a by aha, as Aharna, Naharcom, trahaf, etc.; cf. Aufrecht and Kirchhoff, Umbrische Sprachdenkm. p. 76 sq.) Vid. also the letters E and U.",\N,"2025-11-11 17:20:45","jms"
"lat.","2","1","A","[1].III","1","<sense level=\"1\" n=\"III\" id=\"n0.2\">In etymological and grammatical formation of words, <hi rend=\"ital\">short a</hi> very often (sometimes also <hi rend=\"ital\">long a</hi>) is changed into other vowels.</sense>","In etymological and grammatical formation of words, short a very often (sometimes also long a) is changed into other vowels.",\N,"2025-11-11 17:20:45","jms"
"lat.","3","1","A","[1].III.A","1","<sense level=\"2\" n=\"A\" id=\"n0.3\"><hi rend=\"ital\">Short a</hi> is changed, </sense>","Short a is changed",\N,"2025-11-11 17:20:45","jms"
"lat.","4","1","A","[1].III.A.1","1","<sense level=\"3\" n=\"1\" id=\"n0.4\">, into <hi rend=\"ital\">long a</hi>—</sense>","into long a—",\N,"2025-11-11 17:20:45","jms"
"lat.","5","1","A","[1].III.A.1.a","1","<sense level=\"4\" n=\"a\" id=\"n0.5\">In consequence of the suppression of the following consonants at the end or in the middle of the word: ăb, <hi rend=\"ital\">ā;</hi> vădis, <hi rend=\"ital\">vās;</hi> ăg-, ăg-men, <hi rend=\"ital\">exāmen;</hi> tăg-, <hi rend=\"ital\">contāmino;</hi> căd-, <hi rend=\"ital\">cāsus</hi>. Hence also in the <hi rend=\"ital\">abl. sing.</hi> of the first decl., and in the particles derived from it, in consequence of the suppression of the original ablat. end. -<hi rend=\"ital\">d</hi>: PRAEDAD (Col. Rostr.), <hi rend=\"ital\">praedā;</hi> SENTENTIAD (S. C. de Bacch.), <hi rend=\"ital\">sententiā;</hi> EXTRAD (ib.), <hi rend=\"ital\">extrā;</hi> SVPRAD (ib.), <hi rend=\"ital\">suprā</hi>. —Hence,</sense>","In consequence of the suppression of the following consonants at the end or in the middle of the word: ăb, ā; vădis, vās; ăg-, ăg-men, exāmen; tăg-, contāmino; căd-, cāsus. Hence also in the abl. sing. of the first decl., and in the particles derived from it, in consequence of the suppression of the original ablat. end. -d: PRAEDAD (Col. Rostr.), praedā; SENTENTIAD (S. C. de Bacch.), sententiā; EXTRAD (ib.), extrā; SVPRAD (ib.), suprā. —Hence",\N,"2025-11-11 17:20:45","jms"
"lat.","6","1","A","[1].III.A.1.b","1","<sense level=\"4\" n=\"b\" id=\"n0.6\">In perfect forms: scăb-o, <hi rend=\"ital\">scābi;</hi> căv-eo, <hi rend=\"ital\">cāvi;</hi> făv-eo, <hi rend=\"ital\">fāvi;</hi> păv-eo, <hi rend=\"ital\">pāvi</hi> (for scăbui, căvui, făvui, păvui).</sense>","In perfect forms: scăb-o, scābi; căv-eo, cāvi; făv-eo, fāvi; păv-eo, pāvi (for scăbui, căvui, făvui, păvui).",\N,"2025-11-11 17:20:45","jms"
"lat.","7","1","A","[1].III.A.1.c","1","<sense level=\"4\" n=\"c\" id=\"n0.7\">In other forms: ăgo, <hi rend=\"ital\">ambāges;</hi> păc-, păc-iscor, <hi rend=\"ital\">pâcis</hi> (pâx); săg-ax, <hi rend=\"ital\">sāgus</hi>, <hi rend=\"ital\">sāga;</hi> măc-er, <hi rend=\"ital\">mācero;</hi> făg- (<foreign lang=\"greek\">φαγεῖν</foreign>), <hi rend=\"ital\">fāgus</hi>. (Contrary to analogy, <hi rend=\"ital\">ă</hi> remains short in dănunt, from dă-in-unt, V. Ritschl, l.l. p. 17.)</sense>","In other forms: ăgo, ambāges; păc-, păc-iscor, pâcis (pâx); săg-ax, sāgus, sāga; măc-er, mācero; făg- (φαγεῖν), fāgus. (Contrary to analogy, ă remains short in dănunt, from dă-in-unt, V. Ritschl, l.l. p. 17.)",\N,"2025-11-11 17:20:45","jms"
"lat.","8","1","A","[1].III.A.2","1","<sense level=\"3\" n=\"2\" id=\"n0.8\"><hi rend=\"ital\">Short a</hi> is changed into ĕ or ē—</sense>","Short a is changed into ĕ or ē—",\N,"2025-11-11 17:20:45","jms"
"lat.","9","1","A","[1].III.A.2.a","1","<sense level=\"4\" n=\"a\" id=\"n0.9a\">Into ĕ.</sense>","Into ĕ.",\N,"2025-11-11 17:20:45","jms"
"lat.","10","1","A","[1].III.A.2.a.(a)","1","<sense level=\"5\" n=\"(a)\" id=\"n0.9b\">Most frequently in the second part of compounds, particularly <hi rend=\"ital\">before two consonants</hi>: facio, <hi rend=\"ital\">confectus;</hi> jacio, <hi rend=\"ital\">conjectus;</hi> rapio, <hi rend=\"ital\">dereptus;</hi> dăm-, damno, <hi rend=\"ital\">condemno;</hi> făl-, fallo, <hi rend=\"ital\">fefelli;</hi> măn-, mando, <hi rend=\"ital\">commendo;</hi> scando, <hi rend=\"ital\">ascendo;</hi> ăp-, aptus, <hi rend=\"ital\">ineptus;</hi> ăr-, ars, <hi rend=\"ital\">iners</hi>, <hi rend=\"ital\">sollers;</hi> ăn-, annus, <hi rend=\"ital\">perennis;</hi> căpio, <hi rend=\"ital\">auceps;</hi> căput, <hi rend=\"ital\">triceps;</hi> ăgo, <hi rend=\"ital\">remex;</hi> jăcio, <hi rend=\"ital\">objex</hi>. And thus in Plautus, according to the best MSS., <hi rend=\"ital\">dispenno, dispessus</hi> from pando, <hi rend=\"ital\">compectus</hi> from compăciscor, <hi rend=\"ital\">anteceptus</hi> from capio (on the other hand, in Vergil, according to the best MS., <hi rend=\"ital\">aspurgo, attractare, detractare,</hi> kept their <hi rend=\"ital\">a</hi> unchanged).</sense>","Most frequently in the second part of compounds, particularly before two consonants: facio, confectus; jacio, conjectus; rapio, dereptus; dăm-, damno, condemno; făl-, fallo, fefelli; măn-, mando, commendo; scando, ascendo; ăp-, aptus, ineptus; ăr-, ars, iners, sollers; ăn-, annus, perennis; căpio, auceps; căput, triceps; ăgo, remex; jăcio, objex. And thus in Plautus, according to the best MSS., dispenno, dispessus from pando, compectus from compăciscor, anteceptus from capio (on the other hand, in Vergil, according to the best MS., aspurgo, attractare, detractare, kept their a unchanged).",\N,"2025-11-11 17:20:45","jms"
"lat.","11","1","A","[1].III.A.2.a.(b)","1","<sense level=\"5\" n=\"(b)\" id=\"n0.10\">Sometimes <hi rend=\"ital\">ă</hi> is changed into <hi rend=\"ital\">ĕ</hi> also before <hi rend=\"ital\">one consonant</hi> (but in this case it is usually changed into <hi rend=\"ital\">ĭ;</hi> <xr><lbl>v.</lbl> <ref targOrder=\"U\" type=\"sym\">infra</ref></xr>, 3. a. <hi rend=\"ital\">a</hi>.): grădior, <hi rend=\"ital\">ingrĕdior;</hi> pătior, <hi rend=\"ital\">perpĕtior;</hi> părio, <hi rend=\"ital\">repĕrio;</hi> păro, <hi rend=\"ital\">vitupĕro;</hi> ăp-, <hi rend=\"ital\">coepi</hi> (i. e. co-ĕpi); căno, <hi rend=\"ital\">tubicĕn, tibicĕn;</hi> in the reduplicated <hi rend=\"ital\">carcĕr</hi> (from carcar) <hi rend=\"ital\">farfĕrus</hi> (written also farfărus); and so, according to <cb n=\"A\"/> the better MSS., <hi rend=\"ital\">aequipĕro</hi> from păro, and <hi rend=\"ital\">defĕtigo</hi> from fătigo.</sense>","Sometimes ă is changed into ĕ also before one consonant (but in this case it is usually changed into ĭ; v. infra, 3. a. a.): grădior, ingrĕdior; pătior, perpĕtior; părio, repĕrio; păro, vitupĕro; ăp-, coepi (i. e. co-ĕpi); căno, tubicĕn, tibicĕn; in the reduplicated carcĕr (from carcar) farfĕrus (written also farfărus); and so, according to  the better MSS., aequipĕro from păro, and defĕtigo from fătigo.",\N,"2025-11-11 17:20:45","jms"
"lat.","12","1","A","[1].III.A.2.a.(g)","1","<sense level=\"5\" n=\"(g)\" id=\"n0.11\">In words taken from the Greek: <foreign lang=\"greek\">τάλαντον</foreign>, <hi rend=\"ital\">talĕntum;</hi> <foreign lang=\"greek\">φάλαρα</foreign>, <hi rend=\"ital\">phalĕrae;</hi> <foreign lang=\"greek\">σίσαρον</foreign>, <hi rend=\"ital\">sisĕr</hi> (but, according to the best MSS., <hi rend=\"ital\">cumăra</hi> from <foreign lang=\"greek\">καμάρα</foreign>, not <hi rend=\"ital\">camĕra</hi>).</sense>","In words taken from the Greek: τάλαντον, talĕntum; φάλαρα, phalĕrae; σίσαρον, sisĕr (but, according to the best MSS., cumăra from καμάρα, not camĕra).",\N,"2025-11-11 17:20:45","jms"
"lat.","13","1","A","[1].III.A.2.b","1","<sense level=\"4\" n=\"b\" id=\"n0.12\"><hi rend=\"ital\">Short a</hi> is changed to ē in some perfect forms: ăgo, <hi rend=\"ital\">ēgi;</hi> fācio, <hi rend=\"ital\">fēci;</hi> jăcio, <hi rend=\"ital\">jēci;</hi> frag-, frango, <hi rend=\"ital\">frēgi;</hi> căpio, cēpi, and păg-, pango, <hi rend=\"ital\">pēgi</hi> (together with <hi rend=\"ital\">pepĭgi</hi> and <hi rend=\"ital\">panxi</hi>, v. pango).</sense>","Short a is changed to ē in some perfect forms: ăgo, ēgi; fācio, fēci; jăcio, jēci; frag-, frango, frēgi; căpio, cēpi, and păg-, pango, pēgi (together with pepĭgi and panxi, v. pango).",\N,"2025-11-11 17:20:45","jms"
"lat.","14","1","A","[1].III.A.3","1","<sense level=\"3\" n=\"3\" id=\"n0.13a\"><hi rend=\"ital\">Short a</hi> is changed to ĭ,</sense>","Short a is changed to ĭ",\N,"2025-11-11 17:20:45","jms"
"lat.","15","1","A","[1].III.A.3.a","1","<sense level=\"4\" n=\"a\" id=\"n0.13b\">(most frequently in the second part of compounds) </sense>","(most frequently in the second part of compounds)",\N,"2025-11-11 17:20:45","jms"
"lat.","16","1","A","[1].III.A.3.a.(a)","1","<sense level=\"5\" n=\"(a)\" id=\"n0.14\"> before <hi rend=\"ital\">one consonant</hi>: ăgo, <hi rend=\"ital\">abĭgo;</hi> făcio, <hi rend=\"ital\">confĭcio;</hi> cădo, <hi rend=\"ital\">concĭdo;</hi> sălio, <hi rend=\"ital\">assĭlio;</hi> răpio, <hi rend=\"ital\">abrĭpio;</hi> păter, <hi rend=\"ital\">Juppĭter</hi> (in Umbrian lang. unchanged, Jupater), <hi rend=\"ital\">Marspĭter; Diespĭter, Opĭter;</hi> rătus, <hi rend=\"ital\">irrĭtus;</hi> ămicus, <hi rend=\"ital\">inĭmicus</hi> (but <hi rend=\"ital\">ă</hi> remains unchanged in <hi rend=\"ital\">adămo, impătiens,</hi> and in some compounds of a later period of Roman literature, as <hi rend=\"ital\">praejacio, calefacio,</hi> etc.). —</sense>","before one consonant: ăgo, abĭgo; făcio, confĭcio; cădo, concĭdo; sălio, assĭlio; răpio, abrĭpio; păter, Juppĭter (in Umbrian lang. unchanged, Jupater), Marspĭter; Diespĭter, Opĭter; rătus, irrĭtus; ămicus, inĭmicus (but ă remains unchanged in adămo, impătiens, and in some compounds of a later period of Roman literature, as praejacio, calefacio, etc.). —",\N,"2025-11-11 17:20:45","jms"
"lat.","17","1","A","[1].III.A.3.a.(b)","1","<sense level=\"5\" n=\"(b)\" id=\"n0.15\"> Sometimes also before <hi rend=\"ital\">two consonants</hi> (where it is usually changed into <hi rend=\"ital\">ĕ;</hi> <xr><lbl>v.</lbl> <ref targOrder=\"U\" type=\"sym\">supra</ref></xr>, 2. <foreign lang=\"greek\">α. β.</foreign>): tăg-, tango, <hi rend=\"ital\">contingo;</hi> păg-, pango, <hi rend=\"ital\">compingo</hi> (unchanged in some compounds, as <hi rend=\"ital\">peragro, desacro, depango, obcanto</hi>, etc.).</sense>","Sometimes also before two consonants (where it is usually changed into ĕ; v. supra, 2. α. β.): tăg-, tango, contingo; păg-, pango, compingo (unchanged in some compounds, as peragro, desacro, depango, obcanto, etc.).",\N,"2025-11-11 17:20:45","jms"
"lat.","18","1","A","[1].III.A.3.b","1","<sense level=\"4\" n=\"b\" id=\"n0.16\"><hi rend=\"ital\">ă</hi> is changed into ĭ in the reduplicated perfect forms: <hi rend=\"ital\">cădo, cecĭdi; căno, cecĭni;</hi> tăg-, tango, <hi rend=\"ital\">tetĭgi;</hi> păg-, pango, <hi rend=\"ital\">pepĭgi</hi>.</sense>","ă is changed into ĭ in the reduplicated perfect forms: cădo, cecĭdi; căno, cecĭni; tăg-, tango, tetĭgi; păg-, pango, pepĭgi.",\N,"2025-11-11 17:20:45","jms"
"lat.","19","1","A","[1].III.A.3.c","1","<sense level=\"4\" n=\"c\" id=\"n0.17\">Likewise in some roots which have <hi rend=\"ital\">ă</hi>: păg-, <hi rend=\"ital\">pignus;</hi> străg- (strangulo, <foreign lang=\"greek\">στράγγω</foreign>), <hi rend=\"ital\">stringo</hi>.</sense>","Likewise in some roots which have ă: păg-, pignus; străg- (strangulo, στράγγω), stringo.",\N,"2025-11-11 17:20:45","jms"
"lat.","20","1","A","[1].III.A.3.d","1","<sense level=\"4\" n=\"d\" id=\"n0.18\">In words taken from the Greek: <foreign lang=\"greek\">μηχανή</foreign>, <hi rend=\"ital\">machĭna;</hi> <foreign lang=\"greek\">πατάνη</foreign>, <hi rend=\"ital\">patĭna;</hi> <foreign lang=\"greek\">βυκάνη</foreign>, <hi rend=\"ital\">bucĭna;</hi> <foreign lang=\"greek\">τρυτάνη</foreign>, <hi rend=\"ital\">trutĭna;</hi> <foreign lang=\"greek\">βαλανεῖον</foreign>, <hi rend=\"ital\">balĭneum;</hi> <foreign lang=\"greek\">Κατάνα</foreign>, <hi rend=\"ital\">Catĭna</hi> (written also Catana); <foreign lang=\"greek\">Ἀκράγας</foreign>, <hi rend=\"ital\">Agrĭgentum</hi>.</sense>","In words taken from the Greek: μηχανή, machĭna; πατάνη, patĭna; βυκάνη, bucĭna; τρυτάνη, trutĭna; βαλανεῖον, balĭneum; Κατάνα, Catĭna (written also Catana); Ἀκράγας, Agrĭgentum.",\N,"2025-11-11 17:20:45","jms"
"lat.","21","1","A","[1].III.A.4","1","<sense level=\"3\" n=\"4\" id=\"n0.19\"><hi rend=\"ital\">Short a</hi> is changed into <hi rend=\"ital\">short</hi> or <hi rend=\"ital\">long o</hi>.</sense>","Short a is changed into short or long o.",\N,"2025-11-11 17:20:45","jms"
"lat.","22","1","A","[1].III.A.4.a","1","<sense level=\"4\" n=\"a\" id=\"n0.20\">Into <hi rend=\"ital\">ŏ</hi>: scăbo, <hi rend=\"ital\">scobs;</hi> păr, pars, <hi rend=\"ital\">portio;</hi> dăm-, <hi rend=\"ital\">dŏmo;</hi> Fabii, <hi rend=\"ital\">Fŏvii</hi> (v. Paul. ex <bibl n=\"urn:cts:latinLit:phi1236.phi001\"><author>Fest.</author> p. 87</bibl>); <foreign lang=\"greek\">μάρμαρον</foreign>, <hi rend=\"ital\">marmŏr;</hi> Mars, redupl. Marmar, <hi rend=\"ital\">Marmor</hi> (Carm. Fratr. Arv.).</sense>","Into ŏ: scăbo, scobs; păr, pars, portio; dăm-, dŏmo; Fabii, Fŏvii (v. Paul. ex Fest. p. 87); μάρμαρον, marmŏr; Mars, redupl. Marmar, Marmor (Carm. Fratr. Arv.).",\N,"2025-11-11 17:20:45","jms"
"lat.","23","1","A","[1].III.A.4.b","1","<sense level=\"4\" n=\"b\" id=\"n0.21\">Into <hi rend=\"ital\">ō</hi>: dă-, dōnum, dōs; ăc-, ăcuo, ōcior (v. this art.).</sense>","Into ō: dă-, dōnum, dōs; ăc-, ăcuo, ōcior (v. this art.).",\N,"2025-11-11 17:20:45","jms"
"lat.","24","1","A","[1].III.A.5","1","<sense level=\"3\" n=\"5\" id=\"n0.22\"><hi rend=\"ital\">Short a</hi> is changed into <hi rend=\"ital\">ŭ</hi>—</sense>","Short a is changed into ŭ—",\N,"2025-11-11 17:20:45","jms"
"lat.","25","1","A","[1].III.A.5.a","1","<sense level=\"4\" n=\"a\" id=\"n0.23\">In the second part of compounds, particularly before <hi rend=\"ital\">l, p</hi>, and <hi rend=\"ital\">b</hi>: calco, <hi rend=\"ital\">inculco;</hi> salsus, <hi rend=\"ital\">insulsus;</hi> salto, <hi rend=\"ital\">exsulto;</hi> capio, <hi rend=\"ital\">occŭpo;</hi> răpio, <hi rend=\"ital\">surrupio</hi> and <hi rend=\"ital\">surruptus</hi> (also written surripio and surreptus); tăberna, <hi rend=\"ital\">contŭbernium;</hi>—before other consonants: quătio, <hi rend=\"ital\">concŭtio;</hi> as, <hi rend=\"ital\">decussis;</hi> Mars, <hi rend=\"ital\">Mamŭrius, Mamŭralia;</hi> and once also <hi rend=\"ital\">condumnari</hi> (Tab. Bant. lin. 8, immediately followed by <hi rend=\"ital\">condemnatus</hi>, v. Klenze, Philol. Abhandl. tab. I., and Mommsen, Unterital. Dial. p. 149).</sense>","In the second part of compounds, particularly before l, p, and b: calco, inculco; salsus, insulsus; salto, exsulto; capio, occŭpo; răpio, surrupio and surruptus (also written surripio and surreptus); tăberna, contŭbernium;—before other consonants: quătio, concŭtio; as, decussis; Mars, Mamŭrius, Mamŭralia; and once also condumnari (Tab. Bant. lin. 8, immediately followed by condemnatus, v. Klenze, Philol. Abhandl. tab. I., and Mommsen, Unterital. Dial. p. 149).",\N,"2025-11-11 17:20:45","jms"
"lat.","26","1","A","[1].III.A.5.b","1","<sense level=\"4\" n=\"b\" id=\"n0.24\">In words of Greek origin: <foreign lang=\"greek\">Ἑκάβη</foreign>, <hi rend=\"ital\">Hecŭba;</hi> <foreign lang=\"greek\">σκυτάλη</foreign>, <hi rend=\"ital\">scutŭla;</hi> <foreign lang=\"greek\">κραιπάλη</foreign>, <hi rend=\"ital\">crapŭla;</hi> <foreign lang=\"greek\">πάσσαλος</foreign>, <hi rend=\"ital\">pessŭlus;</hi> <foreign lang=\"greek\">ἄφλαστον</foreign>, <hi rend=\"ital\">aplustre;</hi> <foreign lang=\"greek\">θρίαμβος</foreign>, <hi rend=\"ital\">triumphus</hi>.</sense>","In words of Greek origin: Ἑκάβη, Hecŭba; σκυτάλη, scutŭla; κραιπάλη, crapŭla; πάσσαλος, pessŭlus; ἄφλαστον, aplustre; θρίαμβος, triumphus.",\N,"2025-11-11 17:20:45","jms"
"lat.","27","1","A","[1].III.A.5.c","1","<sense level=\"4\" n=\"c\" id=\"n0.25\"><hi rend=\"ital\">ă</hi> is perhaps changed into <hi rend=\"ital\">ŭ</hi> in ulciscor, compared with alc-, <foreign lang=\"greek\">ἀλέξω</foreign> (arc-, arceo).</sense>","ă is perhaps changed into ŭ in ulciscor, compared with alc-, ἀλέξω (arc-, arceo).",\N,"2025-11-11 17:20:45","jms"
"lat.","28","1","A","[1].III.B","1","<sense level=\"2\" n=\"B\" id=\"n0.26\"><hi rend=\"ital\">Long a</hi> is sometimes changed into <hi rend=\"ital\">ē</hi> or <hi rend=\"ital\">ō</hi>.</sense>","Long a is sometimes changed into ē or ō.",\N,"2025-11-11 17:20:45","jms"
"lat.","29","1","A","[1].III.B.1","1","<sense level=\"3\" n=\"1\" id=\"n0.27\">Into <hi rend=\"ital\">ē</hi>: hālo, <hi rend=\"ital\">anhēlo;</hi> fās-, <hi rend=\"ital\">fēstus, profēstus;</hi> nām, <hi rend=\"ital\">nēmpe</hi>.</sense>","Into ē: hālo, anhēlo; fās-, fēstus, profēstus; nām, nēmpe.",\N,"2025-11-11 17:20:45","jms"
"lat.","30","1","A","[1].III.B.2","1","<sense level=\"3\" n=\"2\" id=\"n0.28\">Into <hi rend=\"ital\">ō</hi>: gnā-, gnārus, ignārus, <hi rend=\"ital\">ignōro</hi>. (But in general <hi rend=\"ital\">long a</hi> remains unchanged in composition: lābor, <hi rend=\"ital\">delābor;</hi> gnāvus, <hi rend=\"ital\">ignāvus;</hi> fāma, <hi rend=\"ital\">infāmis</hi>.)</sense>","Into ō: gnā-, gnārus, ignārus, ignōro. (But in general long a remains unchanged in composition: lābor, delābor; gnāvus, ignāvus; fāma, infāmis.)",\N,"2025-11-11 17:20:45","jms"
"lat.","31","1","A","[1].IV","1","<sense level=\"1\" n=\"IV\" id=\"n0.29\">Contrary to the mode of changing Greek <foreign lang=\"greek\">α</foreign> into Latin <hi rend=\"ital\">e, i, o, u</hi> (v. supra), Latin <hi rend=\"ital\">a</hi> has sometimes taken the place of other Greek vowels in words borrowed from the Greek, as: <foreign lang=\"greek\">λόγχη</foreign>, <hi rend=\"ital\">lancea;</hi> <foreign lang=\"greek\">κύλιξ</foreign>, <hi rend=\"ital\">călix;</hi> <foreign lang=\"greek\">Γανυμήδης</foreign>, <hi rend=\"ital\">Catămītus</hi>.</sense>","Contrary to the mode of changing Greek α into Latin e, i, o, u (v. supra), Latin a has sometimes taken the place of other Greek vowels in words borrowed from the Greek, as: λόγχη, lancea; κύλιξ, călix; Γανυμήδης, Catămītus.",\N,"2025-11-11 17:20:45","jms"
"lat.","32","1","A","[1].V","1","<sense level=\"1\" n=\"V\" id=\"n0.30\">The repugnance of the Latin Language <cb n=\"A\"/> to the Greek combined vowels <foreign lang=\"greek\">αο</foreign> has caused the translocation of them in <hi rend=\"ital\">Alumento</hi> for <foreign lang=\"greek\">Λαομέδων</foreign> (Paul. ex <bibl n=\"urn:cts:latinLit:phi1236.phi001\"><author>Fest.</author> p. 18</bibl> Müll.).— Greek <foreign lang=\"greek\">α</foreign> is suppressed in <hi rend=\"ital\">Hercules</hi> from <foreign lang=\"greek\">Ἡρακλῆς</foreign> (probably in consequence of the inserted <hi rend=\"ital\">u;</hi> in late Latin we find <hi rend=\"ital\">Heracla</hi> and <hi rend=\"ital\">Heracula</hi>, cf. Ritschl, in Rhein. Mus. Neue Folge, vol. 12, p. 108).</sense>","The repugnance of the Latin Language  to the Greek combined vowels αο has caused the translocation of them in Alumento for Λαομέδων (Paul. ex Fest. p. 18 Müll.).— Greek α is suppressed in Hercules from Ἡρακλῆς (probably in consequence of the inserted u; in late Latin we find Heracla and Heracula, cf. Ritschl, in Rhein. Mus. Neue Folge, vol. 12, p. 108).",\N,"2025-11-11 17:20:45","jms"
"lat.","33","1","A","[1].VI","1","<sense level=\"1\" n=\"VI\" id=\"n0.31\">Latin <hi rend=\"ital\">ă</hi> was early combined with the vowels <hi rend=\"ital\">i</hi> and <hi rend=\"ital\">u</hi>, forming the diphthongs <hi rend=\"ital\">ai</hi> and <hi rend=\"ital\">au;</hi> by changing the <hi rend=\"ital\">i</hi> into <hi rend=\"ital\">e</hi>, the diphthong <hi rend=\"ital\">ai</hi> soon became <hi rend=\"ital\">ae</hi>. So we find in the oldest inscriptions: AIDE, AIDILIS, AIQVOM, GNAIVOD, HAICE, DVELONAI, TABELAI, DATAI, etc., which soon gave place to aedem, aedilis, aequom, Gnaeo, haec, Bellonae, tabellae, datae, etc. (the Col. Rostr. has PRAESENTE, PRAEDAD, and the S. C. de Bacch. AEDEM. The triphthong <hi rend=\"ital\">aei</hi>, found in CONQVAEISIVEI (?), is very rare; Miliar. Popil. lin. 11, v. Ritschl, l. l. p. 21). In some poets the old gen. sing. of the first decl. (-<hi rend=\"ital\">ai</hi>) is preserved, but is dissyllabic, <hi rend=\"ital\">āī</hi>. So in Ennius: <hi rend=\"ital\">Albāī Longāī, terrāī frugiferāī, frondosāī, lunāī, viāī;</hi> in Vergil: <hi rend=\"ital\">aulāī, aurāī, aquāī, pictāī;</hi> in Ausonius: <hi rend=\"ital\">herāī</hi>.</sense>","Latin ă was early combined with the vowels i and u, forming the diphthongs ai and au; by changing the i into e, the diphthong ai soon became ae. So we find in the oldest inscriptions: AIDE, AIDILIS, AIQVOM, GNAIVOD, HAICE, DVELONAI, TABELAI, DATAI, etc., which soon gave place to aedem, aedilis, aequom, Gnaeo, haec, Bellonae, tabellae, datae, etc. (the Col. Rostr. has PRAESENTE, PRAEDAD, and the S. C. de Bacch. AEDEM. The triphthong aei, found in CONQVAEISIVEI (?), is very rare; Miliar. Popil. lin. 11, v. Ritschl, l. l. p. 21). In some poets the old gen. sing. of the first decl. (-ai) is preserved, but is dissyllabic, āī. So in Ennius: Albāī Longāī, terrāī frugiferāī, frondosāī, lunāī, viāī; in Vergil: aulāī, aurāī, aquāī, pictāī; in Ausonius: herāī.",\N,"2025-11-11 17:20:45","jms"
"lat.","34","1","A","[1].VI.B","1","<sense level=\"2\" n=\"B\" id=\"n0.32\"><hi rend=\"ital\">ae</hi> as well as <hi rend=\"ital\">au</hi> are changed into other vowels.</sense>","ae as well as au are changed into other vowels.",\N,"2025-11-11 17:20:45","jms"
"lat.","35","1","A","[1].VI.B.1","1","<sense level=\"3\" n=\"1\" id=\"n0.33\">The sound of <hi rend=\"ital\">ae, e</hi>, and <hi rend=\"ital\">oe</hi> being very similar, these vowels are often interchanged in the best MSS. So we find <hi rend=\"ital\">caerimonia</hi> and <hi rend=\"ital\">cerimonia, caepa</hi> and <hi rend=\"ital\">cēpa, saeculum</hi> and <hi rend=\"ital\">sēculum; scaena</hi> and <hi rend=\"ital\">scēna; caelum</hi> and <hi rend=\"ital\">coelum, haedus</hi> and <hi rend=\"ital\">hoedus, macstus</hi> and <hi rend=\"ital\">moestus; cena, coena</hi>, and <hi rend=\"ital\">caena</hi>, etc.</sense>","The sound of ae, e, and oe being very similar, these vowels are often interchanged in the best MSS. So we find caerimonia and cerimonia, caepa and cēpa, saeculum and sēculum; scaena and scēna; caelum and coelum, haedus and hoedus, macstus and moestus; cena, coena, and caena, etc.",\N,"2025-11-11 17:20:45","jms"
"lat.","36","1","A","[1].VI.B.2","1","<sense level=\"3\" n=\"2\" id=\"n0.34\">In composition and reduplications <hi rend=\"ital\">ae</hi> becomes <hi rend=\"ital\">ī</hi>: aequus, <hi rend=\"ital\">inīquus;</hi> quaero, <hi rend=\"ital\">inquīro;</hi> laedo, <hi rend=\"ital\">illīdo;</hi> taedet, <hi rend=\"ital\">pertīsum</hi> (noticed by Cic.); aestumo, <hi rend=\"ital\">exīstumo;</hi> caedo, <hi rend=\"ital\">cecīdi, concīdo, homicīda</hi>.</sense>","In composition and reduplications ae becomes ī: aequus, inīquus; quaero, inquīro; laedo, illīdo; taedet, pertīsum (noticed by Cic.); aestumo, exīstumo; caedo, cecīdi, concīdo, homicīda.",\N,"2025-11-11 17:20:45","jms"
"lat.","37","1","A","[1].VI.B.3","1","<sense level=\"3\" n=\"3\" id=\"n0.35\"><hi rend=\"ital\">ae</hi> is also changed into <hi rend=\"ital\">ī</hi> in a Latinized word of Greek origin: <foreign lang=\"greek\">Ἀχαιός</foreign> (<foreign lang=\"greek\">Ἀχαιϝός</foreign>), <hi rend=\"ital\">Achīvus</hi>.</sense>","ae is also changed into ī in a Latinized word of Greek origin: Ἀχαιός (Ἀχαιϝός), Achīvus.",\N,"2025-11-11 17:20:45","jms"
"lat.","38","1","A","[1].VI.B.4","1","<sense level=\"3\" n=\"4\" id=\"n0.36\">The diphthong <hi rend=\"ital\">au</hi> is often changed to <hi rend=\"ital\">ō</hi> and <hi rend=\"ital\">ū</hi> (the latter particularly in compounds): <hi rend=\"ital\">caudex, cōdex; Claudius, Clodius; lautus, lotus; plaustrum, plōstrum; plaudo, plōdo, explōdo; paululum, pōlulum; faux, suffōco; si audes</hi> (acc. to Cic. or acc. to others, si audies), <hi rend=\"ital\">sōdes</hi>, etc.; <hi rend=\"ital\">claudo, inclūdo; causa, accūso</hi>. Hence in some words a regular gradation of <hi rend=\"ital\">au, o, u</hi> is found: <hi rend=\"ital\">claudo, clōdicare</hi>, <hi rend=\"ital\">clūdo; raudus, ródus, rūdus; caupo, cōpa, cūpa; naugae, nōgae</hi> (both forms in the MSS. of Plautus), <hi rend=\"ital\">nūgae; fraustra, frode, frude</hi> (in MSS. of Vergil); cf. Ritschl, in Wintercatalog 1854-55, and O. Ribbeck, in Jahn's Neue Jahrb. vol. 77, p. 181 sq.—The change of <hi rend=\"ital\">au</hi> into <hi rend=\"ital\">oe</hi> and <hi rend=\"ital\">ē</hi> appears only in audio, (oboedio) <hi rend=\"ital\">obēdio</hi>.</sense>","The diphthong au is often changed to ō and ū (the latter particularly in compounds): caudex, cōdex; Claudius, Clodius; lautus, lotus; plaustrum, plōstrum; plaudo, plōdo, explōdo; paululum, pōlulum; faux, suffōco; si audes (acc. to Cic. or acc. to others, si audies), sōdes, etc.; claudo, inclūdo; causa, accūso. Hence in some words a regular gradation of au, o, u is found: claudo, clōdicare, clūdo; raudus, ródus, rūdus; caupo, cōpa, cūpa; naugae, nōgae (both forms in the MSS. of Plautus), nūgae; fraustra, frode, frude (in MSS. of Vergil); cf. Ritschl, in Wintercatalog 1854-55, and O. Ribbeck, in Jahn's Neue Jahrb. vol. 77, p. 181 sq.—The change of au into oe and ē appears only in audio, (oboedio) obēdio.",\N,"2025-11-11 17:20:45","jms"
"lat.","39","1","A","[1].VI.B.5","1","<sense level=\"3\" n=\"5\" id=\"n0.37\"><hi rend=\"ital\">Au</hi> sometimes takes the place of <hi rend=\"ital\">av-: faveo, fautum, favitor, fautor; navis, navita, nauta;</hi> avis, <hi rend=\"ital\">auceps, auspex</hi>. So Latin <hi rend=\"ital\">aut</hi> corresponds to Sanscr. <hi rend=\"ital\">ava</hi>. (whence -<hi rend=\"ital\">vā</hi>, Lat. -<hi rend=\"ital\">ve</hi>), Osc. <hi rend=\"ital\">avti</hi>, Umbr. <hi rend=\"ital\">ute, ote;</hi> and so the Lat. preposition <hi rend=\"ital\">ab</hi>, through <hi rend=\"ital\">av</hi>, becomes <hi rend=\"ital\">au</hi> in the words <hi rend=\"ital\">aufero</hi> and <hi rend=\"ital\">aufugio</hi> (prop. av-fero, av-fugio, for ab-fero, ab-fugio). Vid. the art. ab <hi rend=\"ital\">init.</hi></sense>","Au sometimes takes the place of av-: faveo, fautum, favitor, fautor; navis, navita, nauta; avis, auceps, auspex. So Latin aut corresponds to Sanscr. ava. (whence -vā, Lat. -ve), Osc. avti, Umbr. ute, ote; and so the Lat. preposition ab, through av, becomes au in the words aufero and aufugio (prop. av-fero, av-fugio, for ab-fero, ab-fugio). Vid. the art. ab init.",\N,"2025-11-11 17:20:45","jms"
"lat.","40","1","A","[1].VII","1","<sense level=\"1\" n=\"VII\" id=\"n0.38\">In primitive roots, which have their kindred forms in the sister-languages of the Latin, the original <hi rend=\"ital\">a</hi>, still found in the Sanscrit, is in Latin either preserved or more frequently changed into other vowels.</sense>","In primitive roots, which have their kindred forms in the sister-languages of the Latin, the original a, still found in the Sanscrit, is in Latin either preserved or more frequently changed into other vowels.",\N,"2025-11-11 17:20:45","jms"
"lat.","41","1","A","[1].VII.A","1","<sense level=\"2\" n=\"A\" id=\"n0.39\"><hi rend=\"ital\">Original a</hi> preserved: Sanscr. <hi rend=\"ital\">mātri</hi>, Lat. māter; S. <hi rend=\"ital\">bhrātri</hi>, L. frāter; S. <hi rend=\"ital\">nāsā</hi>, L. nāsus and nāris; S. <hi rend=\"ital\">ap</hi>, L. aqua; S. <hi rend=\"ital\">apa</hi>, L. ab; S. <hi rend=\"ital\">nāma</hi>, L. năm; S. ćatur, <pb n=\"2\"/> <cb n=\"AB\"/> L. quattuor (in Greek changed: <foreign lang=\"greek\">τέτταρες</foreign>); S. <hi rend=\"ital\">capūla</hi>, L. căput (in Greek changed: <foreign lang=\"greek\">κεφαλή</foreign>, etc.).</sense>","Original a preserved: Sanscr. mātri, Lat. māter; S. bhrātri, L. frāter; S. nāsā, L. nāsus and nāris; S. ap, L. aqua; S. apa, L. ab; S. nāma, L. năm; S. ćatur,   L. quattuor (in Greek changed: τέτταρες); S. capūla, L. căput (in Greek changed: κεφαλή, etc.).",\N,"2025-11-11 17:20:45","jms"
"lat.","42","1","A","[1].VII.B","2","<sense level=\"2\" n=\"B\" id=\"n0.40\"><hi rend=\"ital\">Original a</hi> is changed into other Latin vowels—</sense>","Original a is changed into other Latin vowels—",\N,"2025-11-11 17:20:45","jms"
"lat.","43","1","A","[1].VII.B.1","2","<sense level=\"3\" n=\"1\" id=\"n0.41\"> Into <hi rend=\"ital\">e</hi>: S. <hi rend=\"ital\">ad</hi>, L. ed (ĕdo); S. <hi rend=\"ital\">as</hi>, L. es (esse); S. <hi rend=\"ital\">pat</hi>, L. pet (peto); S. <hi rend=\"ital\">pād</hi>, L. pĕd (pēs); S. <hi rend=\"ital\">dant</hi>, L. dent (dens); S. <hi rend=\"ital\">ǵan</hi>, L. gen (gigno); S. <hi rend=\"ital\">mā</hi>, L. mē-tior; S. <hi rend=\"ital\">saptan</hi>, L. septem; S. <hi rend=\"ital\">daśan</hi>, L. decem; S. <hi rend=\"ital\">śata</hi>, L. centum; S. <hi rend=\"ital\">aham</hi>, L. ĕgo; S. <hi rend=\"ital\">pāra</hi>, L. per; S. <hi rend=\"ital\">paśu</hi>, L. pĕcus; S. <hi rend=\"ital\">asva</hi>, L. ĕquus, etc.</sense>","Into e: S. ad, L. ed (ĕdo); S. as, L. es (esse); S. pat, L. pet (peto); S. pād, L. pĕd (pēs); S. dant, L. dent (dens); S. ǵan, L. gen (gigno); S. mā, L. mē-tior; S. saptan, L. septem; S. daśan, L. decem; S. śata, L. centum; S. aham, L. ĕgo; S. pāra, L. per; S. paśu, L. pĕcus; S. asva, L. ĕquus, etc.",\N,"2025-11-11 17:20:45","jms"
"lat.","44","1","A","[1].VII.B.2","2","<sense level=\"3\" n=\"2\" id=\"n0.42\"> Into <hi rend=\"ital\">i</hi>: S. <hi rend=\"ital\">an-</hi>, <hi rend=\"ital\">a-</hi> (neg. part.), L. in-: S. <hi rend=\"ital\">ana</hi> (prep.), L. in; S. <hi rend=\"ital\">antar</hi>, L. inter; S. <hi rend=\"ital\">sama</hi>, L. similis; S. <hi rend=\"ital\">agni</hi>, L. ignis; S. <hi rend=\"ital\">abhra</hi>, L. imber; S. <hi rend=\"ital\">panća</hi>, L. quinque, etc.</sense>","Into i: S. an-, a- (neg. part.), L. in-: S. ana (prep.), L. in; S. antar, L. inter; S. sama, L. similis; S. agni, L. ignis; S. abhra, L. imber; S. panća, L. quinque, etc.",\N,"2025-11-11 17:20:45","jms"
"lat.","45","1","A","[1].VII.B.3","2","<sense level=\"3\" n=\"3\" id=\"n0.43\"> Into <hi rend=\"ital\">o</hi>: S. <hi rend=\"ital\">avi</hi>, L. ŏvi (ovis); S. <hi rend=\"ital\">vać</hi>, L. vŏc (voco); S. <hi rend=\"ital\">pra</hi>, L. pro; S. <hi rend=\"ital\">pā</hi>, L. po (pōtum); S. <hi rend=\"ital\">nāma</hi>, L. nōmen; S. <hi rend=\"ital\">api</hi>, L. ŏb; S. <hi rend=\"ital\">navan</hi>, L. nŏvem; S. <hi rend=\"ital\">nava</hi>, L. nŏvus, etc.</sense>","Into o: S. avi, L. ŏvi (ovis); S. vać, L. vŏc (voco); S. pra, L. pro; S. pā, L. po (pōtum); S. nāma, L. nōmen; S. api, L. ŏb; S. navan, L. nŏvem; S. nava, L. nŏvus, etc.",\N,"2025-11-11 17:20:45","jms"
"lat.","46","1","A","[1].VII.B.4","2","<sense level=\"3\" n=\"4\" id=\"n0.44\"> Into <hi rend=\"ital\">u</hi>: S. <hi rend=\"ital\">marmara</hi>, L. murmur.</sense>","Into u: S. marmara, L. murmur.",\N,"2025-11-11 17:20:45","jms"
"lat.","47","1","A","[1].VII.B.5","2","<sense level=\"3\" n=\"5\" id=\"n0.45\"> Into <hi rend=\"ital\">ai</hi>, <hi rend=\"ital\">ae</hi>: S. <hi rend=\"ital\">prati</hi>, L. (prai) prae; S. <hi rend=\"ital\">śaśpa</hi>, L. caespes.</sense>","Into ai, ae: S. prati, L. (prai) prae; S. śaśpa, L. caespes.",\N,"2025-11-11 17:20:45","jms"
"lat.","48","1","A","[1].VII.B.6","2","<sense level=\"3\" n=\"6\" id=\"n0.46\"> Into <hi rend=\"ital\">different vowels</hi> in the different derivatives: S. <hi rend=\"ital\">mā</hi>, L. mē-tior, mŏdus; S. <hi rend=\"ital\">prać</hi>, L. prĕcor, prŏcus; S. <hi rend=\"ital\">vah</hi>, L. vĕho, via.</sense>","Into different vowels in the different derivatives: S. mā, L. mē-tior, mŏdus; S. prać, L. prĕcor, prŏcus; S. vah, L. vĕho, via.",\N,"2025-11-11 17:20:45","jms"
"lat.","49","1","A","[1].VII.C","2","<sense level=\"2\" n=\"C\" id=\"n0.47\"> Sometimes the Latin has preserved the original <hi rend=\"ital\">a</hi>, while even the Sanscrit has changed it: Lat. pa-, pater, Sanscr. <hi rend=\"ital\">pā</hi>, <hi rend=\"ital\">pitri</hi>.</sense>","Sometimes the Latin has preserved the original a, while even the Sanscrit has changed it: Lat. pa-, pater, Sanscr. pā, pitri.",\N,"2025-11-11 17:20:45","jms"
"lat.","50","1","A","[1].VII.C.2","2","<sense level=\"3\" n=\"2\" id=\"n0.48\"> As an abbreviation A. usually denotes the praenomen <hi rend=\"ital\">Aulus;</hi> A. A. = <hi rend=\"ital\">Auli duo</hi>, <bibl><author>Inscr. Orell.</author> 1530</bibl> (but A. A. = Aquae Aponi, <hi rend=\"ital\">the modern Abano</hi>, <bibl><author>ib.</author> 1643 sq.</bibl>; <bibl>2620</bibl>; <bibl>3011</bibl>). The three directors of the mint were designated by III. VIRI A. A. A. F. F. (i. e. auro, argento, aeri flando, feriundo), <bibl><author>ib.</author> 569</bibl>; <bibl>2242</bibl>; <bibl>2379</bibl>; 3134 al.; <cit><quote lang=\"la\">so also A. A. A.,</quote> <bibl><author>ib.</author> 3441</bibl></cit> (cf. <bibl n=\"urn:cts:latinLit:phi0474.phi056.perseus-lat1:7:13\"><author>Cic.</author> Fam. 7, 13 <hi rend=\"ital\">fin.</hi></bibl>, and v. the art. Triumviri); A. D. A. <hi rend=\"ital\">agris dandis adsignandis</hi>, and A. I. A. <hi rend=\"ital\">agris judicandis adsignandis;</hi> A. O. <hi rend=\"ital\">amico optimo;</hi> A. P. <hi rend=\"ital\">a populo</hi> or <hi rend=\"ital\">aediliciae potestatis;</hi> A. P. R. <hi rend=\"ital\">aerario populi Romani</hi>. —Upon the voting tablets in judicial trials A. denoted <hi rend=\"ital\">absolvo;</hi> hence A. is called <hi rend=\"ital\">littera salutaris</hi>, <bibl n=\"urn:cts:latinLit:phi0474.phi031.perseus-lat1:6:15\"><author>Cic.</author> Mil. 6, 15</bibl>; v. littera. In the Roman Comitia A. (=<hi rend=\"ital\">antiquo</hi>) denoted the rejection of the point in question; v. antiquo. In Cicero's Tusculan Disputations the A. designated one of the disputants = <hi rend=\"ital\">adulescens</hi> or <hi rend=\"ital\">auditor</hi>, opp. to M. for <hi rend=\"ital\">magister</hi> or <hi rend=\"ital\">Marcus</hi> (Cicero); but it is to be remarked that the letters A and M do not occur in the best MSS. of this treatise; cf. edd. ad <bibl n=\"urn:cts:latinLit:phi0474.phi049.perseus-lat1:1:5:9\"><author>Cic.</author> Tusc. 1, 5, 9</bibl>.—In dates A. D. =<hi rend=\"ital\">ante diem;</hi> v. ante; A. U. C. = <hi rend=\"ital\">anno urbis conditae;</hi> A. P. R. C. <hi rend=\"ital\">anno post Romam conditam</hi>.</sense>","As an abbreviation A. usually denotes the praenomen Aulus; A. A. = Auli duo, Inscr. Orell. 1530 (but A. A. = Aquae Aponi, the modern Abano, ib. 1643 sq.; 2620; 3011). The three directors of the mint were designated by III. VIRI A. A. A. F. F. (i. e. auro, argento, aeri flando, feriundo), ib. 569; 2242; 2379; 3134 al.; so also A. A. A., ib. 3441 (cf. Cic. Fam. 7, 13 fin., and v. the art. Triumviri); A. D. A. agris dandis adsignandis, and A. I. A. agris judicandis adsignandis; A. O. amico optimo; A. P. a populo or aediliciae potestatis; A. P. R. aerario populi Romani. —Upon the voting tablets in judicial trials A. denoted absolvo; hence A. is called littera salutaris, Cic. Mil. 6, 15; v. littera. In the Roman Comitia A. (=antiquo) denoted the rejection of the point in question; v. antiquo. In Cicero's Tusculan Disputations the A. designated one of the disputants = adulescens or auditor, opp. to M. for magister or Marcus (Cicero); but it is to be remarked that the letters A and M do not occur in the best MSS. of this treatise; cf. edd. ad Cic. Tusc. 1, 5, 9.—In dates A. D. =ante diem; v. ante; A. U. C. = anno urbis conditae; A. P. R. C. anno post Romam conditam.",\N,"2025-11-11 17:20:45","jms"
"lat.","51","5","ab","I","2","<sense level=\"1\" n=\"I\" id=\"n4.1\"> In space, and, </sense>","In space, and",\N,"2025-11-11 17:20:45","jms"
"lat.","52","5","ab","II","2","<sense level=\"1\" n=\"II\" id=\"n4.2\"> Fig., in time and other relations, in which the idea of departure from some point, as from source and origin, is included; Engl. <hi rend=\"ital\">from</hi>, <hi rend=\"ital\">away from</hi>, <hi rend=\"ital\">out of; down from; since</hi>, <hi rend=\"ital\">after; by</hi>, <hi rend=\"ital\">at</hi>, <hi rend=\"ital\">in</hi>, <hi rend=\"ital\">on</hi>, etc.</sense>","Fig., in time and other relations, in which the idea of departure from some point, as from source and origin, is included; Engl. from, away from, out of; down from; since, after; by, at, in, on, etc.",\N,"2025-11-11 17:20:45","jms"
"lat.","53","5","ab","I","2","<sense level=\"1\" n=\"I\" id=\"n4.3\"> <usg type=\"style\">Lit.</usg>, in space: ab classe ad urbem tendunt, Att. ap. <bibl><author>Non.</author> 495, 22</bibl> (Trag. Rel. p. 177 Rib.): <cit><quote lang=\"la\">Caesar maturat ab urbe proficisci,</quote> <bibl n=\"urn:cts:latinLit:phi0448.phi001.perseus-lat1:1:7\"><author>Caes.</author> B. G. 1, 7</bibl></cit>: <cit><quote lang=\"la\">fuga ab urbe turpissima,</quote> <bibl n=\"urn:cts:latinLit:phi0474.phi057.perseus-lat1:7:21\"><author>Cic.</author> Att. 7, 21</bibl></cit>: <cit><quote lang=\"la\">ducite ab urbe domum, ducite Daphnim,</quote> <bibl n=\"urn:cts:latinLit:phi0690.phi001.perseus-lat1:8:68\"><author>Verg.</author> E. 8, 68</bibl></cit>. Cicero himself gives the difference between <hi rend=\"ital\">ab</hi> and <hi rend=\"ital\">ex</hi> thus: si qui mihi praesto fuerit cum armatis hominibus extra meum fundum et me introire prohibuerit, non <hi rend=\"ital\">ex</hi> eo, sed <hi rend=\"ital\">ab</hi> (<hi rend=\"ital\">from</hi>, <hi rend=\"ital\">away from</hi>) eo loco me dejecerit. ...Unde dejecti Galli? <hi rend=\"ital\">A</hi> Capitolio. Unde, qui cum Graccho fucrunt? <hi rend=\"ital\">Ex</hi> Capitolio, etc., <bibl n=\"urn:cts:latinLit:phi0474.phi008.perseus-lat1:30:87\"><author>Cic.</author> Caecin. 30, 87</bibl>; cf. <bibl><author>Diom.</author> p. 408</bibl> P., and a similar distinction between <hi rend=\"ital\">ad</hi> and <hi rend=\"ital\">in</hi> under ad.—Ellipt.: Diogenes Alexandro roganti, ut diceret, si quid opus esset: <hi rend=\"ital\">Nunc quidem paululum</hi>, inquit, <hi rend=\"ital\">a sole</hi>, <hi rend=\"ital\">a little out of the sun</hi>, <bibl n=\"urn:cts:latinLit:phi0474.phi049.perseus-lat1:5:32:92\"><author>Cic.</author> Tusc. 5, 32, 92</bibl>. —Often joined with usque: <cit><quote lang=\"la\">illam (mulierem) usque a mari supero Romam proficisci,</quote> <trans><tr>all the way from</tr>,</trans> <bibl n=\"urn:cts:latinLit:phi0474.phi010.perseus-lat1:68:192\"><author>Cic.</author> Clu. 68, 192</bibl></cit>; v. usque, I.—And with ad, to denote the space passed over: siderum genus ab ortu ad occasum commeant, <hi rend=\"ital\">from</hi> ... <hi rend=\"ital\">to</hi>, <bibl n=\"urn:cts:latinLit:phi0474.phi050.perseus-lat1:2:19\"><author>Cic.</author> N. D. 2, 19 <hi rend=\"ital\">init.</hi></bibl>; cf. <hi rend=\"ital\">ab</hi> ... <hi rend=\"ital\">in</hi>: <cit><quote lang=\"la\">venti a laevo latere in dextrum, ut sol, ambiunt,</quote> <bibl n=\"urn:cts:latinLit:phi0978.phi001:2:48\"><author>Plin.</author> 2, 47, 48, § 128</bibl></cit>.</sense>","Lit., in space: ab classe ad urbem tendunt, Att. ap. Non. 495, 22 (Trag. Rel. p. 177 Rib.): Caesar maturat ab urbe proficisci, Caes. B. G. 1, 7: fuga ab urbe turpissima, Cic. Att. 7, 21: ducite ab urbe domum, ducite Daphnim, Verg. E. 8, 68. Cicero himself gives the difference between ab and ex thus: si qui mihi praesto fuerit cum armatis hominibus extra meum fundum et me introire prohibuerit, non ex eo, sed ab (from, away from) eo loco me dejecerit. ...Unde dejecti Galli? A Capitolio. Unde, qui cum Graccho fucrunt? Ex Capitolio, etc., Cic. Caecin. 30, 87; cf. Diom. p. 408 P., and a similar distinction between ad and in under ad.—Ellipt.: Diogenes Alexandro roganti, ut diceret, si quid opus esset: Nunc quidem paululum, inquit, a sole, a little out of the sun, Cic. Tusc. 5, 32, 92. —Often joined with usque: illam (mulierem) usque a mari supero Romam proficisci, all the way from, Cic. Clu. 68, 192; v. usque, I.—And with ad, to denote the space passed over: siderum genus ab ortu ad occasum commeant, from ... to, Cic. N. D. 2, 19 init.; cf. ab ... in: venti a laevo latere in dextrum, ut sol, ambiunt, Plin. 2, 47, 48, § 128.",\N,"2025-11-11 17:20:45","jms"
"lat.","54","5","ab","I.X.X.b","2","<sense level=\"4\" n=\"b\" id=\"n4.4\"> Sometimes with names of cities and small islands, or with domus (instead of the usual <case>abl.</case>), partie., in militnry and nautieal language, to denote the marching of soldiers, the setting out of a flcet, or the departure of the inhabitants from some place: <cit><quote lang=\"la\">oppidum ab Aenea fugiente a Trojā conditum,</quote> <bibl n=\"urn:cts:latinLit:phi0474.phi005.perseus-lat1:2:4:72\"><author>Cic.</author> Verr. 2, 4, 33</bibl></cit>: <cit><quote lang=\"la\">quemadmodum (Caesar) a Gergovia discederet,</quote> <bibl n=\"urn:cts:latinLit:phi0448.phi001.perseus-lat1:7:43\"><author>Caes.</author> B. G. 7, 43 <hi rend=\"ital\">fin.</hi></bibl></cit>; so <bibl><author>id.</author> ib. 7, 80</bibl> <hi rend=\"ital\">fin.</hi>; <bibl n=\"urn:cts:latinLit:phi0631.phi002.perseus-lat2:61\"><author>Sall.</author> J. 61</bibl>; <bibl n=\"urn:cts:latinLit:phi0631.phi002.perseus-lat2:82\">82</bibl>; <bibl n=\"urn:cts:latinLit:phi0631.phi002.perseus-lat2:91\">91</bibl>; <cb n=\"AB\"/> <bibl n=\"urn:cts:latinLit:phi0914.phi001:2:33:6\"><author>Liv.</author> 2, 33, 6 al.</bibl>; cf.: <cit><quote lang=\"la\">ab Arimino M. Antonium cum cohortibus quinque Arretium mittit,</quote> <bibl n=\"urn:cts:latinLit:phi0448.phi002:1:11\"><author>Caes.</author> B. C. 1, 11 <hi rend=\"ital\">fin.</hi></bibl></cit>; and: <cit><quote lang=\"la\">protinus a Corfinio in Siciliam miserat,</quote> <bibl><author>id.</author> ib. 1, 25, 2</bibl></cit>: <cit><quote lang=\"la\">profecti a domo,</quote> <bibl n=\"urn:cts:latinLit:phi0914.phi001:40:33:2\"><author>Liv.</author> 40, 33, 2</bibl></cit>; <cit><quote lang=\"la\">of setting sail: cum exercitus vestri numquam a Brundisio nisi hieme summā transmiserint,</quote> <bibl n=\"urn:cts:latinLit:phi0474.phi009.perseus-lat1:12:32\"><author>Cic.</author> Imp. Pomp. 12, 32</bibl></cit>; so <bibl n=\"urn:cts:latinLit:phi0474.phi056.perseus-lat1:15:3:2\"><author>id.</author> Fam. 15, 3, 2</bibl>; <bibl n=\"urn:cts:latinLit:phi0448.phi002:3:23\"><author>Caes.</author> B. C. 3, 23</bibl>; <bibl>3, 24</bibl> <hi rend=\"ital\">fin.</hi>: <cit><quote lang=\"la\">classe quā advecti ab domo fuerant,</quote> <bibl n=\"urn:cts:latinLit:phi0914.phi001:8:22:6\"><author>Liv.</author> 8, 22, 6</bibl></cit>; <cit><quote lang=\"la\">of citizens: interim ab Roma legatos venisse nuntiatum est,</quote> <bibl n=\"urn:cts:latinLit:phi0914.phi001:21:9:3\"><author>Liv.</author> 21, 9, 3</bibl></cit>; cf.: <cit><quote lang=\"la\">legati ab Orico ad M. Valerium praetorem venerunt,</quote> <bibl n=\"urn:cts:latinLit:phi0914.phi001:24:40:2\"><author>id.</author> 24, 40, 2</bibl></cit>.</sense>","Sometimes with names of cities and small islands, or with domus (instead of the usual abl.), partie., in militnry and nautieal language, to denote the marching of soldiers, the setting out of a flcet, or the departure of the inhabitants from some place: oppidum ab Aenea fugiente a Trojā conditum, Cic. Verr. 2, 4, 33: quemadmodum (Caesar) a Gergovia discederet, Caes. B. G. 7, 43 fin.; so id. ib. 7, 80 fin.; Sall. J. 61; 82; 91;  Liv. 2, 33, 6 al.; cf.: ab Arimino M. Antonium cum cohortibus quinque Arretium mittit, Caes. B. C. 1, 11 fin.; and: protinus a Corfinio in Siciliam miserat, id. ib. 1, 25, 2: profecti a domo, Liv. 40, 33, 2; of setting sail: cum exercitus vestri numquam a Brundisio nisi hieme summā transmiserint, Cic. Imp. Pomp. 12, 32; so id. Fam. 15, 3, 2; Caes. B. C. 3, 23; 3, 24 fin.: classe quā advecti ab domo fuerant, Liv. 8, 22, 6; of citizens: interim ab Roma legatos venisse nuntiatum est, Liv. 21, 9, 3; cf.: legati ab Orico ad M. Valerium praetorem venerunt, id. 24, 40, 2.",\N,"2025-11-11 17:20:45","jms"
"lat.","55","5","ab","I.X.X.c","2","<sense level=\"4\" n=\"c\" id=\"n4.5\"> Sometimes with names of persons or with pronouns: pestem abige a me, Enn. ap. <bibl><author>Cic.</author> Ac. 2, 28, 89</bibl> (Trag. v. 50 Vahl.): <cit><quote lang=\"la\">Quasi ad adulescentem a patre ex Seleucia veniat,</quote> <bibl n=\"urn:cts:latinLit:phi0119.phi019.perseus-lat1:3:3:41\"><author>Plaut.</author> Trin. 3, 3, 41</bibl></cit>; cf.: <cit><quote lang=\"la\">libertus a Fuflis cum litteris ad Hermippum venit,</quote> <bibl><author>Cic.</author> Fl. 20, 47</bibl></cit>: <cit><quote lang=\"la\">Nigidium a Domitio Capuam venisse,</quote> <bibl n=\"urn:cts:latinLit:phi0474.phi057.perseus-lat1:7:24\"><author>id.</author> Att. 7, 24</bibl></cit>: <cit><quote lang=\"la\">cum a vobis discessero,</quote> <bibl n=\"urn:cts:latinLit:phi0474.phi051.perseus-lat1:22\"><author>id.</author> Sen. 22</bibl></cit>: <cit><quote lang=\"la\">multa merces tibi defluat ab Jove Neptunoque,</quote> <bibl n=\"urn:cts:latinLit:phi0893.phi002:1:28:29\"><author>Hor.</author> C. 1, 28, 29 al.</bibl></cit> So often of a person instead of his house, lodging, etc.: videat forte hic te a patre aliquis exiens, <hi rend=\"ital\">from the father</hi>, i. e. <hi rend=\"ital\">from his house</hi>, <bibl n=\"urn:cts:latinLit:phi0134.phi002.perseus-lat1:2:2:6\"><author>Ter.</author> Heaut. 2, 2, 6</bibl>: <cit><quote lang=\"la\">so a fratre,</quote> <bibl n=\"urn:cts:latinLit:phi0134.phi004.perseus-lat1:5:1:5\"><author>id.</author> Phorm. 5, 1, 5</bibl></cit>: <cit><quote lang=\"la\">a Pontio,</quote> <bibl n=\"urn:cts:latinLit:phi0474.phi057.perseus-lat1:5:3\"><author>Cic.</author> Att. 5, 3 <hi rend=\"ital\">fin.</hi></bibl></cit>: <cit><quote lang=\"la\">ab eā,</quote> <bibl n=\"urn:cts:latinLit:phi0134.phi001.perseus-lat1:1:3:21\"><author>Ter.</author> And. 1, 3, 21</bibl></cit>; and so often: a me, a nobis, a se, etc., <hi rend=\"ital\">from my</hi>, <hi rend=\"ital\">our</hi>, <hi rend=\"ital\">his house</hi>, etc., <bibl n=\"urn:cts:latinLit:phi0119.phi018.perseus-lat1:5:1:7\"><author>Plaut.</author> Stich. 5, 1, 7</bibl>; <bibl n=\"urn:cts:latinLit:phi0134.phi002.perseus-lat1:3:2:50\"><author>Ter.</author> Heaut. 3, 2, 50</bibl>; <bibl n=\"urn:cts:latinLit:phi0474.phi057.perseus-lat1:4:9:1\"><author>Cic.</author> Att. 4, 9, 1 al.</bibl></sense>","Sometimes with names of persons or with pronouns: pestem abige a me, Enn. ap. Cic. Ac. 2, 28, 89 (Trag. v. 50 Vahl.): Quasi ad adulescentem a patre ex Seleucia veniat, Plaut. Trin. 3, 3, 41; cf.: libertus a Fuflis cum litteris ad Hermippum venit, Cic. Fl. 20, 47: Nigidium a Domitio Capuam venisse, id. Att. 7, 24: cum a vobis discessero, id. Sen. 22: multa merces tibi defluat ab Jove Neptunoque, Hor. C. 1, 28, 29 al. So often of a person instead of his house, lodging, etc.: videat forte hic te a patre aliquis exiens, from the father, i. e. from his house, Ter. Heaut. 2, 2, 6: so a fratre, id. Phorm. 5, 1, 5: a Pontio, Cic. Att. 5, 3 fin.: ab eā, Ter. And. 1, 3, 21; and so often: a me, a nobis, a se, etc., from my, our, his house, etc., Plaut. Stich. 5, 1, 7; Ter. Heaut. 3, 2, 50; Cic. Att. 4, 9, 1 al.",\N,"2025-11-11 17:20:45","jms"
"lat.","56","5","ab","I.B","2","<sense level=\"2\" n=\"B\" id=\"n4.6\"> <usg type=\"style\">Transf.</usg>, without the idea of motion. To designate separation or distance, with the verbs <hi rend=\"ital\">abesse</hi>, <hi rend=\"ital\">distare</hi>, etc., and with the particles <hi rend=\"ital\">longe</hi>, <hi rend=\"ital\">procul</hi>, <hi rend=\"ital\">prope</hi>, etc. </sense>","Transf., without the idea of motion. To designate separation or distance, with the verbs abesse, distare, etc., and with the particles longe, procul, prope, etc.",\N,"2025-11-11 17:20:45","jms"
"lat.","57","5","ab","I.B.1","2","<sense level=\"3\" n=\"1\" id=\"n4.7\"> Of separation: <cit><quote lang=\"la\">ego te afuisse tam diu a nobis dolui,</quote> <bibl n=\"urn:cts:latinLit:phi0474.phi056.perseus-lat1:2:1:2\"><author>Cic.</author> Fam. 2, 1, 2</bibl></cit>: <cit><quote lang=\"la\">abesse a domo paulisper maluit,</quote> <bibl n=\"urn:cts:latinLit:phi0474.phi005.perseus-lat1:2:4:39\"><author>Cic.</author> Verr. 2, 4, 18, § 39</bibl></cit>: <cit><quote lang=\"la\">tum Brutus ab Romā aberat,</quote> <bibl n=\"urn:cts:latinLit:phi0631.phi001.perseus-lat2:40:5\"><author>Sall.</author> C. 40, 5</bibl></cit>: <cit><quote lang=\"la\">absint lacerti ab stabulis,</quote> <bibl n=\"urn:cts:latinLit:phi0690.phi002.perseus-lat1:4:14\"><author>Verg.</author> G. 4, 14</bibl></cit>.—</sense>","Of separation: ego te afuisse tam diu a nobis dolui, Cic. Fam. 2, 1, 2: abesse a domo paulisper maluit, Cic. Verr. 2, 4, 18, § 39: tum Brutus ab Romā aberat, Sall. C. 40, 5: absint lacerti ab stabulis, Verg. G. 4, 14.—",\N,"2025-11-11 17:20:45","jms"
"lat.","58","5","ab","I.B.2","2","<sense level=\"3\" n=\"2\" id=\"n4.8\"> Of distance: <cit><quote lang=\"la\">quot milia fundus suus abesset ab urbe,</quote> <bibl n=\"urn:cts:latinLit:phi0474.phi008.perseus-lat1:10:28\"><author>Cic.</author> Caecin. 10, 28</bibl></cit>; cf.: <cit><quote lang=\"la\">nos in castra properabamus, quae aberant bidui,</quote> <bibl n=\"urn:cts:latinLit:phi0474.phi057.perseus-lat1:5:16\"><author>id.</author> Att. 5, 16 <hi rend=\"ital\">fin.</hi></bibl></cit>; and: <cit><quote lang=\"la\">hic locus aequo fere spatio ab castris Ariovisti et Caesaris aberat,</quote> <bibl n=\"urn:cts:latinLit:phi0448.phi001.perseus-lat1:1:43\"><author>Caes.</author> B. G. 1, 43, 1</bibl></cit>: <cit><quote lang=\"la\">terrae ab hujusce terrae, quam nos incolimus, continuatione distantes,</quote> <bibl n=\"urn:cts:latinLit:phi0474.phi050.perseus-lat1:2:66:164\"><author>Cic.</author> N. D. 2, 66, 164</bibl></cit>: <cit><quote lang=\"la\">non amplius pedum milibus duobus ab castris castra distabant,</quote> <bibl n=\"urn:cts:latinLit:phi0448.phi002:1:82:3\"><author>Caes.</author> B. C. 1, 82, 3</bibl></cit>; cf. id. lb. 1, 3, 103.—With <hi rend=\"ital\">adverbs</hi>: annos multos longinque ab domo bellum gerentes, Enn. ap. <bibl><author>Non.</author> 402, 3</bibl> (Trag. v. 103 Vahl.): <cit><quote lang=\"la\">cum domus patris a foro longe abesset,</quote> <bibl n=\"urn:cts:latinLit:phi0474.phi024.perseus-lat1:7:18\"><author>Cic.</author> Cael. 7, 18 <hi rend=\"ital\">fin.</hi></bibl></cit>; cf.: <cit><quote lang=\"la\">qui fontes a quibusdam praesidiis aberant longius,</quote> <bibl n=\"urn:cts:latinLit:phi0448.phi002:3:49:5\"><author>Caes.</author> B. C. 3, 49, 5</bibl></cit>: <cit><quote lang=\"la\">quae procul erant a conspectu imperii,</quote> <bibl n=\"urn:cts:latinLit:phi0474.phi011.perseus-lat1:2:32:87\"><author>Cic.</author> Agr. 2, 32, 87</bibl></cit>; cf.: <cit><quote lang=\"la\">procul a castris hostes in collibus constiterunt,</quote> <bibl n=\"urn:cts:latinLit:phi0448.phi001.perseus-lat1:5:17\"><author>Caes.</author> B. G. 5, 17, 1</bibl></cit>; and: <cit><quote lang=\"la\">tu procul a patria Alpinas nives vides,</quote> <bibl n=\"urn:cts:latinLit:phi0690.phi001.perseus-lat1:10:46\"><author>Verg.</author> E. 10, 46</bibl></cit> (procul often also with simple <case>abl.</case>; <cit><quote lang=\"la\">v. procul): cum esset in Italia bellum tam prope a Sicilia, tamen in Sicilia non fuit,</quote> <bibl n=\"urn:cts:latinLit:phi0474.phi005.perseus-lat1:2:5:6\"><author>Cic.</author> Verr. 2, 5, 2, § 6</bibl></cit>; cf.: <cit><quote lang=\"la\">tu apud socrum tuam prope a meis aedibus sedebas,</quote> <bibl n=\"urn:cts:latinLit:phi0474.phi027.perseus-lat1:11:26\"><author>id.</author> Pis. 11, 26</bibl></cit>; and: <cit><quote lang=\"la\">tam prope ab domo detineri,</quote> <bibl n=\"urn:cts:latinLit:phi0474.phi005.perseus-lat1:2:2:6\"><author>Cic.</author> Verr. 2, 2, 3, § 6</bibl></cit>.—So in Cæsar and Livy, with <hi rend=\"ital\">numerals</hi> to designate the <hi rend=\"ital\">measure of the distance</hi>: <cit><quote lang=\"la\">onerariae naves, quae ex eo loco ab milibus passuum octo vento tenebatur,</quote> <trans><tr>eight miles distant</tr>,</trans> <bibl n=\"urn:cts:latinLit:phi0448.phi001.perseus-lat1:4:22\"><author>Caes.</author> B. G. 4, 22, 4</bibl></cit>; and without mentioning the <hi rend=\"ital\">terminus a quo</hi>: ad castra contenderunt, et ab milibus passuum minus duobus castra posuerunt, <hi rend=\"ital\">less than two miles off</hi> or <hi rend=\"ital\">distant</hi>, <bibl><author>id.</author> ib. 2, 7, 3</bibl>; so <bibl><author>id.</author> ib. 2, 5, 32</bibl>; 6, 7, 3; <bibl n=\"urn:cts:latinLit:phi0448.phi002:1:65\"><author>id.</author> B. C. 1, 65</bibl>; <bibl n=\"urn:cts:latinLit:phi0914.phi001:38:20:2\"><author>Liv.</author> 38, 20, 2</bibl> (for which: <cit><quote lang=\"la\">duo milia fere et quingentos passus ab hoste posuerunt castra,</quote> <bibl n=\"urn:cts:latinLit:phi0914.phi001:37:38:5\"><author>id.</author> 37, 38, 5</bibl></cit>). —</sense>","Of distance: quot milia fundus suus abesset ab urbe, Cic. Caecin. 10, 28; cf.: nos in castra properabamus, quae aberant bidui, id. Att. 5, 16 fin.; and: hic locus aequo fere spatio ab castris Ariovisti et Caesaris aberat, Caes. B. G. 1, 43, 1: terrae ab hujusce terrae, quam nos incolimus, continuatione distantes, Cic. N. D. 2, 66, 164: non amplius pedum milibus duobus ab castris castra distabant, Caes. B. C. 1, 82, 3; cf. id. lb. 1, 3, 103.—With adverbs: annos multos longinque ab domo bellum gerentes, Enn. ap. Non. 402, 3 (Trag. v. 103 Vahl.): cum domus patris a foro longe abesset, Cic. Cael. 7, 18 fin.; cf.: qui fontes a quibusdam praesidiis aberant longius, Caes. B. C. 3, 49, 5: quae procul erant a conspectu imperii, Cic. Agr. 2, 32, 87; cf.: procul a castris hostes in collibus constiterunt, Caes. B. G. 5, 17, 1; and: tu procul a patria Alpinas nives vides, Verg. E. 10, 46 (procul often also with simple abl.; v. procul): cum esset in Italia bellum tam prope a Sicilia, tamen in Sicilia non fuit, Cic. Verr. 2, 5, 2, § 6; cf.: tu apud socrum tuam prope a meis aedibus sedebas, id. Pis. 11, 26; and: tam prope ab domo detineri, Cic. Verr. 2, 2, 3, § 6.—So in Cæsar and Livy, with numerals to designate the measure of the distance: onerariae naves, quae ex eo loco ab milibus passuum octo vento tenebatur, eight miles distant, Caes. B. G. 4, 22, 4; and without mentioning the terminus a quo: ad castra contenderunt, et ab milibus passuum minus duobus castra posuerunt, less than two miles off or distant, id. ib. 2, 7, 3; so id. ib. 2, 5, 32; 6, 7, 3; id. B. C. 1, 65; Liv. 38, 20, 2 (for which: duo milia fere et quingentos passus ab hoste posuerunt castra, id. 37, 38, 5). —",\N,"2025-11-11 17:20:45","jms"
"lat.","59","5","ab","I.B.3","2","<sense level=\"3\" n=\"3\" id=\"n4.9\"> To denote the side or direction from which an object is viewed in its local relations,=a parte, <hi rend=\"ital\">at</hi>, <hi rend=\"ital\">on</hi>, <hi rend=\"ital\">in</hi>: utrum hacin feriam an ab laevā latus? Enn. ap. <bibl n=\"urn:cts:latinLit:phi0119.phi007.perseus-lat1:3:1\"><author>Plaut.</author> Cist. 3, 10</bibl> (Trag. v. 38 Vahl.); cf.: <cit><quote lang=\"la\">picus et cornix ab laevā, corvos, parra ab dexterā consuadent,</quote> <bibl n=\"urn:cts:latinLit:phi0119.phi002.perseus-lat1:2:1\"><author>Plaut.</author> As. 2, 1, 12</bibl></cit>: clamore ab ea parte audito. <hi rend=\"ital\">on this side</hi>, <bibl n=\"urn:cts:latinLit:phi0448.phi001.perseus-lat1:3:26\"><author>Caes.</author> B. G. 3, 26, 4</bibl>: Gallia Celtica attingit ab Sequanis et Helvetiis flumen Rhenum, <hi rend=\"ital\">on the side of the Sequani</hi>, i. e. <hi rend=\"ital\">their country</hi>, <bibl><author>id.</author> ib. 1, 1, 5</bibl>: <cit><quote lang=\"la\">pleraque Alpium ab Italiā sicut breviora ita arrectiora sunt,</quote> <trans><tr>on the Italian side</tr>,</trans> <bibl n=\"urn:cts:latinLit:phi0914.phi001:21:35:11\"><author>Liv.</author> 21, 35, 11</bibl></cit>: <cit><quote lang=\"la\">non eadem diligentiā ab decumunā portā castra munita,</quote> <trans><tr>at the main entrance</tr>,</trans> <bibl n=\"urn:cts:latinLit:phi0448.phi001.perseus-lat1:3:25\"><author>Caes.</author> B. G. 3, 25 <hi rend=\"ital\">fin.</hi></bibl></cit>: <cit><quote lang=\"la\">erat a septentrionibus collis,</quote> <trans><tr>on the north</tr>,</trans> <bibl><author>id.</author> ib. 7, 83, 2</bibl></cit>; so, ab oriente, a meridie, ab occasu; a fronte, a latere, a tergo, etc. (v. these words).</sense>","To denote the side or direction from which an object is viewed in its local relations,=a parte, at, on, in: utrum hacin feriam an ab laevā latus? Enn. ap. Plaut. Cist. 3, 10 (Trag. v. 38 Vahl.); cf.: picus et cornix ab laevā, corvos, parra ab dexterā consuadent, Plaut. As. 2, 1, 12: clamore ab ea parte audito. on this side, Caes. B. G. 3, 26, 4: Gallia Celtica attingit ab Sequanis et Helvetiis flumen Rhenum, on the side of the Sequani, i. e. their country, id. ib. 1, 1, 5: pleraque Alpium ab Italiā sicut breviora ita arrectiora sunt, on the Italian side, Liv. 21, 35, 11: non eadem diligentiā ab decumunā portā castra munita, at the main entrance, Caes. B. G. 3, 25 fin.: erat a septentrionibus collis, on the north, id. ib. 7, 83, 2; so, ab oriente, a meridie, ab occasu; a fronte, a latere, a tergo, etc. (v. these words).",\N,"2025-11-11 17:20:45","jms"
"lat.","60","5","ab","II","2","<sense level=\"1\" n=\"II\" id=\"n4.10\"> Fig. </sense>","Fig.",\N,"2025-11-11 17:20:45","jms"
"lat.","61","5","ab","II.A","2","<sense level=\"2\" n=\"A\" id=\"n4.11\"> In time. </sense>","In time.",\N,"2025-11-11 17:20:45","jms"
"lat.","62","5","ab","II.A.1","2","<sense level=\"3\" n=\"1\" id=\"n4.12\"> From a <pb n=\"3\"/> <cb n=\"AB\"/> point of time, without reference to the period subsequently elapsed. <hi rend=\"ital\">After</hi>: <cit><quote lang=\"la\">Exul ab octava Marius bibit,</quote> <bibl n=\"urn:cts:latinLit:phi1276.phi001.perseus-lat1:1:40\"><author>Juv.</author> 1,40</bibl></cit>: <cit><quote lang=\"la\">mulieres jam ab re divinâ adparebunt domi,</quote> <trans><tr>immediately after the sacrifice</tr>,</trans> <bibl n=\"urn:cts:latinLit:phi0119.phi015.perseus-lat1:3:3:4\"><author>Plaut.</author> Poen. 3, 3, 4</bibl></cit>: <cit><quote lang=\"la\">Caesar ab decimae legionis cohortatione ad dextrum cornu profectus,</quote> <bibl n=\"urn:cts:latinLit:phi0448.phi001.perseus-lat1:2:25\"><author>Caes.</author> B. G. 2, 25, 1</bibl></cit>: <cit><quote lang=\"la\">ab hac contione legati missi sunt,</quote> <trans><tr>immediately after</tr>,</trans> <bibl n=\"urn:cts:latinLit:phi0914.phi001:24:22:6\"><author>Liv.</author> 24, 22, 6</bibl></cit>; cf. <bibl n=\"urn:cts:latinLit:phi0914.phi001:28:33:1\"><author>id.</author> 28, 33, 1</bibl>; <bibl n=\"urn:cts:latinLit:phi0914.phi001:40:47:8\">40, 47, 8</bibl>; <bibl n=\"urn:cts:latinLit:phi0914.phi001:40:49:1\">40, 49, 1 al.</bibl>: <cit><quote lang=\"la\">ab eo magistratu,</quote> <trans><tr>after this office</tr>,</trans> <bibl n=\"urn:cts:latinLit:phi0631.phi002.perseus-lat2:63:5\"><author>Sall.</author> J. 63, 5</bibl></cit>: <cit><quote lang=\"la\">a summā spe novissima exspectabat,</quote> <trans><tr>after the greatest hope</tr>,</trans> <bibl n=\"urn:cts:latinLit:phi1351.phi005.perseus-lat1:6:50\"><author>Tac.</author> A. 6, 50 <hi rend=\"ital\">fin.</hi></bibl></cit>—Strengthened by the adverbs primum, confestim, statim, protinus, or the adj. recens, <hi rend=\"ital\">immediately after</hi>, <hi rend=\"ital\">soon after</hi>: <cit><quote lang=\"la\">ut primum a tuo digressu Romam veni,</quote> <bibl n=\"urn:cts:latinLit:phi0474.phi057.perseus-lat1:1:5:4\"><author>Cic.</author> Att. 1, 5, 4</bibl></cit>; so <bibl n=\"urn:cts:latinLit:phi1348.phi013:68\"><author>Suet.</author> Tib. 68</bibl>: <cit><quote lang=\"la\">confestim a proelio expugnatis hostium castris,</quote> <bibl n=\"urn:cts:latinLit:phi0914.phi001:30:36:1\"><author>Liv.</author> 30, 36, 1</bibl></cit>: <cit><quote lang=\"la\">statim a funere,</quote> <bibl n=\"urn:cts:latinLit:phi1348.phi011:85\"><author>Suet.</author> Caes. 85</bibl></cit>; <cit><quote lang=\"la\">and followed by statim: ab itinere statim,</quote> <bibl><author>id.</author> ib. 60</bibl></cit>: <cit><quote lang=\"la\">protinus ab adoptione,</quote> <bibl n=\"urn:cts:latinLit:phi1044.phi001\"><author>Vell.</author> 2, 104, 3</bibl></cit>: <cit><quote lang=\"la\">Homerus qui recens ab illorum actate fuit,</quote> <trans><tr>soon after their time</tr>,</trans> <bibl n=\"urn:cts:latinLit:phi0474.phi050.perseus-lat1:3:5\"><author>Cic.</author> N. D. 3, 5</bibl></cit>; so <bibl n=\"urn:cts:latinLit:phi0684\"><author>Varr.</author> R. R. 2, 8, 2</bibl>; <bibl n=\"urn:cts:latinLit:phi0690.phi003.perseus-lat1:6:450\"><author>Verg.</author> A. 6, 450 al.</bibl> (v. also primum, confestim, etc.).— <cit><quote lang=\"la\">Sometimes with the name of a person or place, instead of an action: ibi mihi tuae litterae binae redditae sunt tertio abs te die,</quote> <trans>i. e. <tr>after their departure from you</tr>,</trans> <bibl n=\"urn:cts:latinLit:phi0474.phi057.perseus-lat1:5:3:1\"><author>Cic.</author> Att. 5, 3, 1</bibl></cit>: in Italiam perventum est quinto mense a Carthagine Novâ, i. e. <hi rend=\"ital\">after leaving</hi> (=postquam a Carthagine profecti sunt), <bibl n=\"urn:cts:latinLit:phi0914.phi001:21:38:1\"><author>Liv.</author> 21, 38, 1</bibl>: <cit><quote lang=\"la\">secundo Punico (bello) Scipionis classis XL. die a securi navigavit,</quote> <trans>i. e. <tr>after its having been built</tr>,</trans> <bibl n=\"urn:cts:latinLit:phi0978.phi001:16:74\"><author>Plin.</author> 16, 39, 74, § 192</bibl></cit>. —Hence the poct. expression: ab his, <hi rend=\"ital\">after this</hi> (cf. <foreign lang=\"greek\">ὲκ τούτων</foreign>), i. e. <hi rend=\"ital\">after these words</hi>, <hi rend=\"ital\">hereupon</hi>, <bibl n=\"urn:cts:latinLit:phi0959.phi006.perseus-lat1:3:273\"><author>Ov.</author> M. 3, 273</bibl>; <bibl>4, 329</bibl>; <bibl>8, 612</bibl>; 9, 764.</sense>","From a   point of time, without reference to the period subsequently elapsed. After: Exul ab octava Marius bibit, Juv. 1,40: mulieres jam ab re divinâ adparebunt domi, immediately after the sacrifice, Plaut. Poen. 3, 3, 4: Caesar ab decimae legionis cohortatione ad dextrum cornu profectus, Caes. B. G. 2, 25, 1: ab hac contione legati missi sunt, immediately after, Liv. 24, 22, 6; cf. id. 28, 33, 1; 40, 47, 8; 40, 49, 1 al.: ab eo magistratu, after this office, Sall. J. 63, 5: a summā spe novissima exspectabat, after the greatest hope, Tac. A. 6, 50 fin.—Strengthened by the adverbs primum, confestim, statim, protinus, or the adj. recens, immediately after, soon after: ut primum a tuo digressu Romam veni, Cic. Att. 1, 5, 4; so Suet. Tib. 68: confestim a proelio expugnatis hostium castris, Liv. 30, 36, 1: statim a funere, Suet. Caes. 85; and followed by statim: ab itinere statim, id. ib. 60: protinus ab adoptione, Vell. 2, 104, 3: Homerus qui recens ab illorum actate fuit, soon after their time, Cic. N. D. 3, 5; so Varr. R. R. 2, 8, 2; Verg. A. 6, 450 al. (v. also primum, confestim, etc.).— Sometimes with the name of a person or place, instead of an action: ibi mihi tuae litterae binae redditae sunt tertio abs te die, i. e. after their departure from you, Cic. Att. 5, 3, 1: in Italiam perventum est quinto mense a Carthagine Novâ, i. e. after leaving (=postquam a Carthagine profecti sunt), Liv. 21, 38, 1: secundo Punico (bello) Scipionis classis XL. die a securi navigavit, i. e. after its having been built, Plin. 16, 39, 74, § 192. —Hence the poct. expression: ab his, after this (cf. ὲκ τούτων), i. e. after these words, hereupon, Ov. M. 3, 273; 4, 329; 8, 612; 9, 764.",\N,"2025-11-11 17:20:45","jms"
"lat.","63","5","ab","II.A.2","3","<sense level=\"3\" n=\"2\" id=\"n4.13\"> With reference to a subsequent period. <hi rend=\"ital\">From</hi>, <hi rend=\"ital\">since</hi>, <hi rend=\"ital\">after</hi>: <cit><quote lang=\"la\">ab horā tertiā bibebatur,</quote> <trans><tr>from the third hour</tr>,</trans> <bibl n=\"urn:cts:latinLit:phi0474.phi035.perseus-lat1:2:41\"><author>Cic.</author> Phil. 2, 41</bibl></cit>: <cit><quote lang=\"la\">infinito ex tempore, non ut antea, ab Sullā et Pompeio consulibus,</quote> <trans><tr>since the consulship of</tr>,</trans> <bibl n=\"urn:cts:latinLit:phi0474.phi011.perseus-lat1:2:21:56\"><author>id.</author> Agr. 2, 21, 56</bibl></cit>: <cit><quote lang=\"la\">vixit ab omni aeternitate,</quote> <trans><tr>from all eternity</tr>,</trans> <bibl n=\"urn:cts:latinLit:phi0474.phi053.perseus-lat2:1:51:115\"><author>id.</author> Div. 1, 51, 115</bibl></cit>: <cit><quote lang=\"la\">cum quo a condiscipulatu vivebat conjunctissime,</quote> <bibl n=\"urn:cts:latinLit:phi0588.phi025:5:3\"><author>Nep.</author> Att. 5, 3</bibl></cit>: <cit><quote lang=\"la\">in Lycia semper a terrae motu XL. dies serenos esse,</quote> <trans><tr>after an earthquake</tr>,</trans> <bibl n=\"urn:cts:latinLit:phi0978.phi001:2:98\"><author>Plin.</author> 2, 96, 98, § 211 al.</bibl></cit>: <cit><quote lang=\"la\">centesima lux est haec ab interitu P. Clodii,</quote> <trans><tr>since the death of</tr>,</trans> <bibl n=\"urn:cts:latinLit:phi0474.phi031.perseus-lat1:35:98\"><author>Cic.</author> Mil. 35, 98</bibl></cit>; cf.: <cit><quote lang=\"la\">cujus a morte quintus hic et tricesimus annus est,</quote> <bibl n=\"urn:cts:latinLit:phi0474.phi051.perseus-lat1:6:19\"><author>id.</author> Sen. 6, 19</bibl></cit>; and: <cit><quote lang=\"la\">ab incenso Capitolio illum esse vigesumiun annum,</quote> <trans><tr>since</tr>,</trans> <bibl n=\"urn:cts:latinLit:phi0631.phi001.perseus-lat2:47:2\"><author>Sall.</author> C. 47, 2</bibl></cit>: <cit><quote lang=\"la\">diebus triginta, a quâ die materia caesa est,</quote> <bibl n=\"urn:cts:latinLit:phi0448.phi002:1:36\"><author>Caes.</author> B. C. 1, 36</bibl></cit>.—Sometimes joined with <hi rend=\"ital\">usque</hi> and <hi rend=\"ital\">inde</hi>: <cit><quote lang=\"la\">quod augures omnes usque ab Romulo decreverunt,</quote> <trans><tr>since the time of</tr>,</trans> <bibl><author>Cic.</author> Vat. 8, 20</bibl></cit>: <cit><quote lang=\"la\">jam inde ab infelici pugnà ceciderant animi,</quote> <trans><tr>from the very beginning of</tr>,</trans> <bibl n=\"urn:cts:latinLit:phi0914.phi001:2:65\"><author>Liv.</author> 2, 65 <hi rend=\"ital\">fin.</hi></bibl></cit>—Hence the adverbial expressions ab initio, a principio, a primo, <hi rend=\"ital\">at</hi>, <hi rend=\"ital\">in</hi>, or <hi rend=\"ital\">from the beginning</hi>, <hi rend=\"ital\">at first;</hi> v. initium, principium, primus. Likewise ab integro, <hi rend=\"ital\">anew</hi>, <hi rend=\"ital\">afresh;</hi> v. integer.—Ab ... ad, <hi rend=\"ital\">from</hi> (a time) ... <hi rend=\"ital\">to</hi>: <cit><quote lang=\"la\">ab horà octavā ad vesperum secreto collocuti sumus,</quote> <bibl n=\"urn:cts:latinLit:phi0474.phi057.perseus-lat1:7:8:4\"><author>Cic.</author> Att. 7, 8, 4</bibl></cit>; cf.: <cit><quote lang=\"la\">cum ab horā septimā ad vesperum pugnatum sit,</quote> <bibl n=\"urn:cts:latinLit:phi0448.phi001.perseus-lat1:1:26\"><author>Caes.</author> B. G. 1, 26, 2</bibl></cit>; and: <cit><quote lang=\"la\">a quo tempore ad vos consules anni sunt septingenti octoginta unus,</quote> <bibl n=\"urn:cts:latinLit:phi1044.phi001\"><author>Vell.</author> 1, 8, 4</bibl></cit>; and so in Plautus strengthened by <hi rend=\"ital\">usque</hi>: <cit><quote lang=\"la\">pugnata pugnast usque a mane ad vesperum,</quote> <trans><tr>from morning to evening</tr>,</trans> <bibl n=\"urn:cts:latinLit:phi0119.phi001.perseus-lat1:1:1\"><author>Plaut.</author> Am. 1, 1, 97</bibl></cit>; <bibl n=\"urn:cts:latinLit:phi0119.phi013.perseus-lat1:3:1:3\"><author>id.</author> Most. 3, 1, 3</bibl>; <bibl>3, 2, 80</bibl>.—Rarely ab ... in: Romani ab sole orto in multum diei stetere in acie, <hi rend=\"ital\">from</hi> ... <hi rend=\"ital\">till late in the day</hi>, <bibl n=\"urn:cts:latinLit:phi0914.phi001:27:2:9\"><author>Liv.</author> 27, 2, 9</bibl>; so <bibl n=\"urn:cts:latinLit:phi0845.phi001:2:10:17\"><author>Col.</author> 2, 10, 17</bibl>; <bibl n=\"urn:cts:latinLit:phi0978.phi001:2:99\"><author>Plin.</author> 2, 31, 31, § 99</bibl>; <bibl n=\"urn:cts:latinLit:phi0978.phi001:2:106\">2, 103, 106, § 229</bibl>; <bibl n=\"urn:cts:latinLit:phi0978.phi001:4:12\">4, 12, 26, § 89</bibl>.</sense>","With reference to a subsequent period. From, since, after: ab horā tertiā bibebatur, from the third hour, Cic. Phil. 2, 41: infinito ex tempore, non ut antea, ab Sullā et Pompeio consulibus, since the consulship of, id. Agr. 2, 21, 56: vixit ab omni aeternitate, from all eternity, id. Div. 1, 51, 115: cum quo a condiscipulatu vivebat conjunctissime, Nep. Att. 5, 3: in Lycia semper a terrae motu XL. dies serenos esse, after an earthquake, Plin. 2, 96, 98, § 211 al.: centesima lux est haec ab interitu P. Clodii, since the death of, Cic. Mil. 35, 98; cf.: cujus a morte quintus hic et tricesimus annus est, id. Sen. 6, 19; and: ab incenso Capitolio illum esse vigesumiun annum, since, Sall. C. 47, 2: diebus triginta, a quâ die materia caesa est, Caes. B. C. 1, 36.—Sometimes joined with usque and inde: quod augures omnes usque ab Romulo decreverunt, since the time of, Cic. Vat. 8, 20: jam inde ab infelici pugnà ceciderant animi, from the very beginning of, Liv. 2, 65 fin.—Hence the adverbial expressions ab initio, a principio, a primo, at, in, or from the beginning, at first; v. initium, principium, primus. Likewise ab integro, anew, afresh; v. integer.—Ab ... ad, from (a time) ... to: ab horà octavā ad vesperum secreto collocuti sumus, Cic. Att. 7, 8, 4; cf.: cum ab horā septimā ad vesperum pugnatum sit, Caes. B. G. 1, 26, 2; and: a quo tempore ad vos consules anni sunt septingenti octoginta unus, Vell. 1, 8, 4; and so in Plautus strengthened by usque: pugnata pugnast usque a mane ad vesperum, from morning to evening, Plaut. Am. 1, 1, 97; id. Most. 3, 1, 3; 3, 2, 80.—Rarely ab ... in: Romani ab sole orto in multum diei stetere in acie, from ... till late in the day, Liv. 27, 2, 9; so Col. 2, 10, 17; Plin. 2, 31, 31, § 99; 2, 103, 106, § 229; 4, 12, 26, § 89.",\N,"2025-11-11 17:20:45","jms"
"lat.","64","5","ab","II.A.2.b","3","<sense level=\"4\" n=\"b\" id=\"n4.14\"> Particularly with nouns denoting a time of life: <cit><quote lang=\"la\">qui homo cum animo inde ab ineunte aetate depugnat suo,</quote> <trans><tr>from an early age</tr>, <tr>from early youth</tr>,</trans> <bibl n=\"urn:cts:latinLit:phi0119.phi019.perseus-lat1:2:2:24\"><author>Plaut.</author> Trin. 2, 2, 24</bibl></cit>; so <bibl n=\"urn:cts:latinLit:phi0474.phi055.perseus-lat1:2:13:44\"><author>Cic.</author> Off. 2, 13, 44 al.</bibl>: <cit><quote lang=\"la\">mihi magna cum co jam inde a pueritiā fuit semper famillaritas,</quote> <bibl n=\"urn:cts:latinLit:phi0134.phi002.perseus-lat1:1:2:9\"><author>Ter.</author> Heaut. 1, 2, 9</bibl></cit>; so, <cit><quote lang=\"la\">a pueritiā,</quote> <bibl n=\"urn:cts:latinLit:phi0474.phi049.perseus-lat1:2:11:27\"><author>Cic.</author> Tusc. 2, 11, 27 <hi rend=\"ital\">fin.</hi></bibl></cit>; <bibl n=\"urn:cts:latinLit:phi0474.phi056.perseus-lat1:5:8:4\"><author>id.</author> Fam. 5, 8, 4</bibl>: <cit><quote lang=\"la\">jam inde ab adulescentiā,</quote> <bibl n=\"urn:cts:latinLit:phi0134.phi006.perseus-lat1:1:1:16\"><author>Ter.</author> Ad. 1, 1, 16</bibl></cit>: <cit><quote lang=\"la\">ab adulescentiā,</quote> <bibl n=\"urn:cts:latinLit:phi0474.phi043.perseus-lat1:2:1\"><author>Cic.</author> Rep. 2, 1</bibl></cit>: <cit><quote lang=\"la\">jam a primā adulescentiā,</quote> <bibl n=\"urn:cts:latinLit:phi0474.phi056.perseus-lat1:1:9:23\"><author>id.</author> Fam. 1, 9, 23</bibl></cit>: <cit><quote lang=\"la\">ab ineunte adulescentiā,</quote> <bibl><author>id.</author> ib. 13, 21, 1</bibl></cit>; cf. <cit><quote lang=\"la\">followed by ad: usque ad hanc aetatem ab incunte adulescentiā,</quote> <bibl n=\"urn:cts:latinLit:phi0119.phi019.perseus-lat1:2:2:20\"><author>Plaut.</author> Trin. 2, 2, 20</bibl></cit>: <cit><quote lang=\"la\">a primis temporibus aetatis,</quote> <bibl n=\"urn:cts:latinLit:phi0474.phi056.perseus-lat1:4:3:3\"><author>Cic.</author> Fam. 4, 3, 3</bibl></cit>: <cit><quote lang=\"la\">a teneris unguiculis,</quote> <trans><tr>from childhood</tr>,</trans> <bibl><author>id.</author> ib. 1, 6, 2</bibl></cit>: <cit><quote lang=\"la\">usque a togà purā,</quote> <bibl n=\"urn:cts:latinLit:phi0474.phi057.perseus-lat1:7:8:5\"><author>id.</author> Att. 7, 8, 5</bibl></cit>: <cit><quote lang=\"la\">jam inde ab incunabulis,</quote> <bibl n=\"urn:cts:latinLit:phi0914.phi001:4:36:5\"><author>Liv.</author> 4, 36, 5</bibl></cit>: <cit><quote lang=\"la\">a primā lanugine,</quote> <bibl n=\"urn:cts:latinLit:phi1348.phi018:12\"><author>Suet.</author> Oth. 12</bibl></cit>: <cit><quote lang=\"la\">viridi ab aevo,</quote> <bibl n=\"urn:cts:latinLit:phi0959.phi008.perseus-lat1:4:10:17\"><author>Ov.</author> Tr. 4, 10</bibl></cit>, <cb n=\"AB\"/> 17 al.; <cit><quote lang=\"la\">rarely of animals: ab infantiā,</quote> <bibl n=\"urn:cts:latinLit:phi0978.phi001:10:83\"><author>Plin.</author> 10, 63, 83, § 182</bibl></cit>.—Instead of the <hi rend=\"ital\">nom</hi>. <hi rend=\"ital\">abstr</hi>. very often (like the Greek <foreign lang=\"greek\">ὲκ παιὸων</foreign>, etc.) with concrete substantives: a pucro, ab adulescente, a parvis, etc., <hi rend=\"ital\">from childhood</hi>, etc.: <cit><quote lang=\"la\">qui olim a puero parvulo mihi paedagogus fuerat,</quote> <bibl n=\"urn:cts:latinLit:phi0119.phi011:1:1:90\"><author>Plaut.</author> Merc. 1, 1, 90</bibl></cit>; so, <cit><quote lang=\"la\">a pausillo puero,</quote> <bibl n=\"urn:cts:latinLit:phi0119.phi018.perseus-lat1:1:3:21\"><author>id.</author> Stich. 1, 3, 21</bibl></cit>: <cit><quote lang=\"la\">a puero,</quote> <bibl><author>Cic.</author> Ac. 2, 36, 115</bibl></cit>; <bibl n=\"urn:cts:latinLit:phi0474.phi056.perseus-lat1:13:16:4\"><author>id.</author> Fam. 13, 16, 4</bibl> (twice) al.: <cit><quote lang=\"la\">a pueris,</quote> <bibl n=\"urn:cts:latinLit:phi0474.phi049.perseus-lat1:1:24:57\"><author>Cic.</author> Tusc. 1, 24, 57</bibl></cit>; <bibl n=\"urn:cts:latinLit:phi0474.phi037.perseus-lat1:Orat::1:1:2\"><author>id.</author> de Or. 1, 1, 2 al.</bibl>: <cit><quote lang=\"la\">ab adulescente,</quote> <bibl><author>id.</author> Quint. 3, 12</bibl></cit>: <cit><quote lang=\"la\">ab infante,</quote> <bibl n=\"urn:cts:latinLit:phi0845.phi001:1:8:2\"><author>Col.</author> 1, 8, 2</bibl></cit>: <cit><quote lang=\"la\">a parvā virgine,</quote> <bibl n=\"urn:cts:latinLit:phi0472.phi001.perseus-lat1:66:26\"><author>Cat.</author> 66, 26 al.</bibl></cit>—Likewise and in the same sense with adject.: a parvo, <hi rend=\"ital\">from a little child</hi>, or <hi rend=\"ital\">childhood</hi>, <bibl n=\"urn:cts:latinLit:phi0914.phi001:1:39:6\"><author>Liv.</author> 1, 39, 6 <hi rend=\"ital\">fin.</hi></bibl>; cf.: <cit><quote lang=\"la\">a parvis,</quote> <bibl n=\"urn:cts:latinLit:phi0134.phi001.perseus-lat1:3:3:7\"><author>Ter.</author> And. 3, 3, 7</bibl></cit>; <bibl n=\"urn:cts:latinLit:phi0474.phi044.perseus-lat1:2:4:9\"><author>Cic.</author> Leg. 2, 4, 9</bibl>: <cit><quote lang=\"la\">a parvulo,</quote> <bibl n=\"urn:cts:latinLit:phi0134.phi001.perseus-lat1:1:1:8\"><author>Ter.</author> And. 1, 1, 8</bibl></cit>; <bibl n=\"urn:cts:latinLit:phi0134.phi006.perseus-lat1:1:1:23\"><author>id.</author> Ad. 1, 1, 23</bibl>; cf.: <cit><quote lang=\"la\">ab parvulis,</quote> <bibl n=\"urn:cts:latinLit:phi0448.phi001.perseus-lat1:6:21\"><author>Caes.</author> B. G. 6, 21, 3</bibl></cit>: <cit><quote lang=\"la\">ab tenero,</quote> <bibl n=\"urn:cts:latinLit:phi0845.phi001:5:6:20\"><author>Col.</author> 5, 6, 20</bibl></cit>; <cit><quote lang=\"la\">and rarely of animals: (vacca) a bimā aut trimā fructum ferre incipit,</quote> <bibl n=\"urn:cts:latinLit:phi0684\"><author>Varr.</author> R. R. 2, 1, 13</bibl></cit>.</sense>","Particularly with nouns denoting a time of life: qui homo cum animo inde ab ineunte aetate depugnat suo, from an early age, from early youth, Plaut. Trin. 2, 2, 24; so Cic. Off. 2, 13, 44 al.: mihi magna cum co jam inde a pueritiā fuit semper famillaritas, Ter. Heaut. 1, 2, 9; so, a pueritiā, Cic. Tusc. 2, 11, 27 fin.; id. Fam. 5, 8, 4: jam inde ab adulescentiā, Ter. Ad. 1, 1, 16: ab adulescentiā, Cic. Rep. 2, 1: jam a primā adulescentiā, id. Fam. 1, 9, 23: ab ineunte adulescentiā, id. ib. 13, 21, 1; cf. followed by ad: usque ad hanc aetatem ab incunte adulescentiā, Plaut. Trin. 2, 2, 20: a primis temporibus aetatis, Cic. Fam. 4, 3, 3: a teneris unguiculis, from childhood, id. ib. 1, 6, 2: usque a togà purā, id. Att. 7, 8, 5: jam inde ab incunabulis, Liv. 4, 36, 5: a primā lanugine, Suet. Oth. 12: viridi ab aevo, Ov. Tr. 4, 10,  17 al.; rarely of animals: ab infantiā, Plin. 10, 63, 83, § 182.—Instead of the nom. abstr. very often (like the Greek ὲκ παιὸων, etc.) with concrete substantives: a pucro, ab adulescente, a parvis, etc., from childhood, etc.: qui olim a puero parvulo mihi paedagogus fuerat, Plaut. Merc. 1, 1, 90; so, a pausillo puero, id. Stich. 1, 3, 21: a puero, Cic. Ac. 2, 36, 115; id. Fam. 13, 16, 4 (twice) al.: a pueris, Cic. Tusc. 1, 24, 57; id. de Or. 1, 1, 2 al.: ab adulescente, id. Quint. 3, 12: ab infante, Col. 1, 8, 2: a parvā virgine, Cat. 66, 26 al.—Likewise and in the same sense with adject.: a parvo, from a little child, or childhood, Liv. 1, 39, 6 fin.; cf.: a parvis, Ter. And. 3, 3, 7; Cic. Leg. 2, 4, 9: a parvulo, Ter. And. 1, 1, 8; id. Ad. 1, 1, 23; cf.: ab parvulis, Caes. B. G. 6, 21, 3: ab tenero, Col. 5, 6, 20; and rarely of animals: (vacca) a bimā aut trimā fructum ferre incipit, Varr. R. R. 2, 1, 13.",\N,"2025-11-11 17:20:45","jms"
"lat.","65","5","ab","II.B","3","<sense level=\"2\" n=\"B\" id=\"n4.15\"> In other relations in which the idea of going forth, proceeding, from something is included.</sense>","In other relations in which the idea of going forth, proceeding, from something is included.",\N,"2025-11-11 17:20:45","jms"
"lat.","66","5","ab","II.B.1","3","<sense level=\"3\" n=\"1\" id=\"n4.16\"> In gen. to denote departure, separation, deterring, avoiding, intermitting, etc., or distance, difference, etc., of inanimate or abstract things. <hi rend=\"ital\">From</hi>: jus atque aecum se a malis spernit procul, Enn. ap. <bibl><author>Non.</author> 399, 10</bibl> (Trag. v. 224 Vahl.): <cit><quote lang=\"la\">suspitionem et culpam ut ab se segregent,</quote> <bibl n=\"urn:cts:latinLit:phi0119.phi019.perseus-lat1:1:2:42\"><author>Plaut.</author> Trin. 1, 2, 42</bibl></cit>: <cit><quote lang=\"la\">qui discessum animi a corpore putent esse mortem,</quote> <bibl n=\"urn:cts:latinLit:phi0474.phi049.perseus-lat1:1:9:18\"><author>Cic.</author> Tusc. 1, 9, 18</bibl></cit>: <cit><quote lang=\"la\">hic ab artificio suo non recessit,</quote> <bibl><author>id.</author> ib. 1, 10, 20</bibl></cit> al.: <cit><quote lang=\"la\">quod si exquiratur usque ab stirpe auctoritas,</quote> <bibl n=\"urn:cts:latinLit:phi0119.phi019.perseus-lat1:1:2:180\"><author>Plaut.</author> Trin. 1, 2, 180</bibl></cit>: <cit><quote lang=\"la\">condicionem quam ab te peto,</quote> <bibl><author>id.</author> ib. 2, 4, 87</bibl></cit>; cf.: <cit><quote lang=\"la\">mercedem gloriae flagitas ab iis, quorum, etc.,</quote> <bibl n=\"urn:cts:latinLit:phi0474.phi049.perseus-lat1:1:15:34\"><author>Cic.</author> Tusc. 1, 15, 34</bibl></cit>: <cit><quote lang=\"la\">si quid ab illo acceperis,</quote> <bibl n=\"urn:cts:latinLit:phi0119.phi019.perseus-lat1:2:2:90\"><author>Plaut.</author> Trin. 2, 2, 90</bibl></cit>: <cit><quote lang=\"la\">quae (i. e. antiquitas) quo propius aberat ab ortu et divinā progenie,</quote> <bibl n=\"urn:cts:latinLit:phi0474.phi049.perseus-lat1:1:12:26\"><author>Cic.</author> Tusc. 1, 12, 26</bibl></cit>: <cit><quote lang=\"la\">ab defensione desistere,</quote> <bibl n=\"urn:cts:latinLit:phi0448.phi002:2:12\"><author>Caes.</author> B. C. 2, 12, 4</bibl></cit>: <cit><quote lang=\"la\">ne quod tempus ab opere intermitteretur,</quote> <bibl n=\"urn:cts:latinLit:phi0448.phi001.perseus-lat1:7:24\"><author>id.</author> B. G. 7, 24, 2</bibl></cit>: <cit><quote lang=\"la\">ut homines adulescentīs a dicendi studio deterream,</quote> <bibl n=\"urn:cts:latinLit:phi0474.phi037.perseus-lat1:Orat::1:25:117\"><author>Cic.</author> de Or. 1, 25, 117</bibl></cit>, etc.—Of distance (in order, rank, mind, or feeling): <cit><quote lang=\"la\">qui quartus ab Arcesilā fuit,</quote> <trans><tr>the fourth in succession from</tr>,</trans> <bibl><author>Cic.</author> Ac. 1, 12, 46</bibl></cit>: <cit><quote lang=\"la\">tu nunc eris alter ab illo,</quote> <trans><tr>next after him</tr>,</trans> <bibl n=\"urn:cts:latinLit:phi0690.phi001.perseus-lat1:5:49\"><author>Verg.</author> E. 5, 49</bibl></cit>; cf.: <cit><quote lang=\"la\">Aiax, heros ab Achille secundus,</quote> <trans><tr>next in rank to</tr>,</trans> <bibl n=\"urn:cts:latinLit:phi0893.phi004.perseus-lat1:2:3:193\"><author>Hor.</author> S. 2, 3, 193</bibl></cit>: <cit><quote lang=\"la\">quid hoc ab illo differt,</quote> <trans><tr>from</tr>,</trans> <bibl n=\"urn:cts:latinLit:phi0474.phi008.perseus-lat1:14:39\"><author>Cic.</author> Caecin. 14, 39</bibl></cit>; cf.: <cit><quote lang=\"la\">hominum vita tantum distat a victu et cultu bestiarum,</quote> <bibl n=\"urn:cts:latinLit:phi0474.phi055.perseus-lat1:2:4:15\"><author>id.</author> Off. 2, 4, 15</bibl></cit>; and: <cit><quote lang=\"la\">discrepare ab aequitate sapientiam,</quote> <bibl n=\"urn:cts:latinLit:phi0474.phi043.perseus-lat1:3:9\"><author>id.</author> Rep. 3, 9 <hi rend=\"ital\">fin.</hi></bibl></cit> (v. the verbs differo, disto, discrepo, dissideo, dissentio, etc.): <cit><quote lang=\"la\">quae non aliena esse ducerem a dignitate,</quote> <bibl n=\"urn:cts:latinLit:phi0474.phi056.perseus-lat1:4:7\"><author>Cic.</author> Fam. 4, 7</bibl></cit>: <cit><quote lang=\"la\">alieno a te animo fuit,</quote> <bibl n=\"urn:cts:latinLit:phi0474.phi034.perseus-lat1:9:24\"><author>id.</author> Deiot. 9, 24</bibl></cit> (v. alienus). —So the expression ab re (qs. <hi rend=\"ital\">aside from the matter</hi>, <hi rend=\"ital\">profit;</hi> cf. the opposite, in rem), <hi rend=\"ital\">contrary to one's profit</hi>, <hi rend=\"ital\">to a loss</hi>, <hi rend=\"ital\">disadvantageous</hi> (so in the affirmative very rare and only ante-class.): <cit><quote lang=\"la\">subdole ab re consulit,</quote> <bibl n=\"urn:cts:latinLit:phi0119.phi019.perseus-lat1:2:1:12\"><author>Plaut.</author> Trin. 2, 1, 12</bibl></cit>; cf. <bibl n=\"urn:cts:latinLit:phi0119.phi005.perseus-lat1:2:2\"><author>id.</author> Capt. 2, 2, 88</bibl>; more frequently and class. (but not with Cicero) in the negative, non, haud, ab re, <hi rend=\"ital\">not without advantage</hi> or <hi rend=\"ital\">profit</hi>, <hi rend=\"ital\">not useless</hi> or <hi rend=\"ital\">unprofitable</hi>, <hi rend=\"ital\">adcantageous</hi>: <cit><quote lang=\"la\">haut est ab re aucupis,</quote> <bibl n=\"urn:cts:latinLit:phi0119.phi002.perseus-lat1:1:3\"><author>Plaut.</author> As. 1, 3, 71</bibl></cit>: <cit><quote lang=\"la\">non ab re esse Quinctii visum est,</quote> <bibl n=\"urn:cts:latinLit:phi0914.phi001:35:32:6\"><author>Liv.</author> 35, 32, 6</bibl></cit>; so <bibl n=\"urn:cts:latinLit:phi0978.phi001:27:8:35\"><author>Plin.</author> 27, 8, 35</bibl>; <bibl n=\"urn:cts:latinLit:phi0978.phi001:31:3:26\">31, 3, 26</bibl>; <bibl n=\"urn:cts:latinLit:phi1348.phi012:94\"><author>Suet.</author> Aug. 94</bibl>; <bibl n=\"urn:cts:latinLit:phi1348.phi022:11\"><author>id.</author> Dom. 11</bibl>; <bibl n=\"urn:cts:latinLit:phi1254.phi001.perseus-lat1:18:14\"><author>Gell.</author> 18, 14 <hi rend=\"ital\">fin.</hi></bibl>; <bibl><author>App.</author> Dogm. Plat. 3, p. 31, 22 al.</bibl> (but in <bibl n=\"urn:cts:latinLit:phi0134.phi006.perseus-lat1:5:3:44\"><author>Ter.</author> Ad. 5, 3, 44</bibl>, ab re means <hi rend=\"ital\">with respect to the money matter</hi>).</sense>","In gen. to denote departure, separation, deterring, avoiding, intermitting, etc., or distance, difference, etc., of inanimate or abstract things. From: jus atque aecum se a malis spernit procul, Enn. ap. Non. 399, 10 (Trag. v. 224 Vahl.): suspitionem et culpam ut ab se segregent, Plaut. Trin. 1, 2, 42: qui discessum animi a corpore putent esse mortem, Cic. Tusc. 1, 9, 18: hic ab artificio suo non recessit, id. ib. 1, 10, 20 al.: quod si exquiratur usque ab stirpe auctoritas, Plaut. Trin. 1, 2, 180: condicionem quam ab te peto, id. ib. 2, 4, 87; cf.: mercedem gloriae flagitas ab iis, quorum, etc., Cic. Tusc. 1, 15, 34: si quid ab illo acceperis, Plaut. Trin. 2, 2, 90: quae (i. e. antiquitas) quo propius aberat ab ortu et divinā progenie, Cic. Tusc. 1, 12, 26: ab defensione desistere, Caes. B. C. 2, 12, 4: ne quod tempus ab opere intermitteretur, id. B. G. 7, 24, 2: ut homines adulescentīs a dicendi studio deterream, Cic. de Or. 1, 25, 117, etc.—Of distance (in order, rank, mind, or feeling): qui quartus ab Arcesilā fuit, the fourth in succession from, Cic. Ac. 1, 12, 46: tu nunc eris alter ab illo, next after him, Verg. E. 5, 49; cf.: Aiax, heros ab Achille secundus, next in rank to, Hor. S. 2, 3, 193: quid hoc ab illo differt, from, Cic. Caecin. 14, 39; cf.: hominum vita tantum distat a victu et cultu bestiarum, id. Off. 2, 4, 15; and: discrepare ab aequitate sapientiam, id. Rep. 3, 9 fin. (v. the verbs differo, disto, discrepo, dissideo, dissentio, etc.): quae non aliena esse ducerem a dignitate, Cic. Fam. 4, 7: alieno a te animo fuit, id. Deiot. 9, 24 (v. alienus). —So the expression ab re (qs. aside from the matter, profit; cf. the opposite, in rem), contrary to one's profit, to a loss, disadvantageous (so in the affirmative very rare and only ante-class.): subdole ab re consulit, Plaut. Trin. 2, 1, 12; cf. id. Capt. 2, 2, 88; more frequently and class. (but not with Cicero) in the negative, non, haud, ab re, not without advantage or profit, not useless or unprofitable, adcantageous: haut est ab re aucupis, Plaut. As. 1, 3, 71: non ab re esse Quinctii visum est, Liv. 35, 32, 6; so Plin. 27, 8, 35; 31, 3, 26; Suet. Aug. 94; id. Dom. 11; Gell. 18, 14 fin.; App. Dogm. Plat. 3, p. 31, 22 al. (but in Ter. Ad. 5, 3, 44, ab re means with respect to the money matter).",\N,"2025-11-11 17:20:45","jms"
"lat.","67","5","ab","II.B.2","3","<sense level=\"3\" n=\"2\" id=\"n4.17\"> In partic. </sense>","In partic.",\N,"2025-11-11 17:20:45","jms"
"lat.","68","5","ab","II.B.2.a","3","<sense level=\"4\" n=\"a\" id=\"n4.18\"> To denote an agent from whom an action proceeds, or by whom a thing is done or takes place. <hi rend=\"ital\">By</hi>, and in archaic and solemn style, <hi rend=\"ital\">of</hi>. So most frequently with <hi rend=\"ital\">pass</hi>. or <hi rend=\"ital\">intrans</hi>. <hi rend=\"ital\">verbs</hi> with pass. signif., when the active object is or is considered as a living being: Laudari me abs te, a laudato viro, Naev. ap. <bibl n=\"urn:cts:latinLit:phi0474.phi049.perseus-lat1:4:31:67\"><author>Cic.</author> Tusc. 4, 31, 67</bibl>: injuriā abs te afficior, Enn. ap. <bibl><author>Auct. Her.</author> 2, 24, 38</bibl>: <cit><quote lang=\"la\">a patre deductus ad Scaevolam,</quote> <bibl n=\"urn:cts:latinLit:phi0474.phi052.perseus-lat1:1:1\"><author>Cic.</author> Lael. 1, 1</bibl></cit>: <cit><quote lang=\"la\">ut tamquam a praesentibus coram haberi sermo videretur,</quote> <bibl><author>id.</author> ib. 1, 3</bibl></cit>: <cit><quote lang=\"la\">disputata ab eo,</quote> <bibl><author>id.</author> ib. 1, 4</bibl></cit> al.: <cit><quote lang=\"la\">illa (i. e. numerorum ac vocum vis) maxime a Graeciā vetere celebrata,</quote> <bibl n=\"urn:cts:latinLit:phi0474.phi037.perseus-lat1:Orat::3:51:197\"><author>id.</author> de Or. 3, 51, 197</bibl></cit>: <cit><quote lang=\"la\">ita generati a naturā sumus,</quote> <bibl n=\"urn:cts:latinLit:phi0474.phi055.perseus-lat1:1:29:103\"><author>id.</author> Off. 1, 29, 103</bibl></cit>; cf.: <cit><quote lang=\"la\">pars mundi damnata a rerum naturā,</quote> <bibl n=\"urn:cts:latinLit:phi0978.phi001:4:12\"><author>Plin.</author> 4, 12, 26, § 88</bibl></cit>: <cit><quote lang=\"la\">niagna adhibita cura est a providentiā deorum,</quote> <bibl n=\"urn:cts:latinLit:phi0474.phi050.perseus-lat1:2:51\"><author>Cic.</author> N. D. 2, 51 al.</bibl></cit>—With <hi rend=\"ital\">intrans</hi>. <hi rend=\"ital\">verbs</hi>: <cit><quote lang=\"la\">quae (i. e. anima) calescit ab eo spiritu,</quote> <trans><tr>is warmed by this breath</tr>,</trans> <bibl n=\"urn:cts:latinLit:phi0474.phi050.perseus-lat1:2:55:138\"><author>Cic.</author> N. D. 2, 55, 138</bibl></cit>; cf. <bibl n=\"urn:cts:latinLit:phi0959.phi006.perseus-lat1:1:417\"><author>Ov.</author> M. 1, 417</bibl>: (mare) quā a <cb n=\"AB\"/> sole collucet, <bibl><author>Cic.</author> Ac. 2, 105</bibl>: <cit><quote lang=\"la\">salvebis a meo Cicerone,</quote> <trans>i. e. <tr>young Cicero sends his compliments to you</tr>,</trans> <bibl n=\"urn:cts:latinLit:phi0474.phi057.perseus-lat1:6:2\"><author>id.</author> Att. 6, 2 <hi rend=\"ital\">fin.</hi></bibl></cit>: <cit><quote lang=\"la\">a quibus (Atheniensibus) erat profectus,</quote> <trans>i. e. <tr>by whose command</tr>,</trans> <bibl n=\"urn:cts:latinLit:phi0588.phi001:2:3\"><author>Nep.</author> Milt. 2, 3</bibl></cit>: <cit><quote lang=\"la\">ne vir ab hoste cadat,</quote> <bibl n=\"urn:cts:latinLit:phi0959.phi002.perseus-lat1:9:36\"><author>Ov.</author> H. 9, 36 al.</bibl></cit>—A substantive or adjective often takes the place of the verb (so with <hi rend=\"ital\">de</hi>, q. v.): <cit><quote lang=\"la\">levior est plaga ab amico quam a debitore,</quote> <bibl n=\"urn:cts:latinLit:phi0474.phi056.perseus-lat1:9:16:7\"><author>Cic.</author> Fam. 9, 16, 7</bibl></cit>; cf.: <cit><quote lang=\"la\">a bestiis ictus, morsus, impetus,</quote> <bibl n=\"urn:cts:latinLit:phi0474.phi055.perseus-lat1:2:6:19\"><author>id.</author> Off. 2, 6, 19</bibl></cit>: <cit><quote lang=\"la\">si calor est a sole,</quote> <bibl n=\"urn:cts:latinLit:phi0474.phi050.perseus-lat1:2:52\"><author>id.</author> N. D. 2, 52</bibl></cit>: <cit><quote lang=\"la\">ex iis a te verbis (for a te scriptis),</quote> <bibl n=\"urn:cts:latinLit:phi0474.phi057.perseus-lat1:16:7:5\"><author>id.</author> Att. 16, 7, 5</bibl></cit>: <cit><quote lang=\"la\">metu poenae a Romanis,</quote> <bibl n=\"urn:cts:latinLit:phi0914.phi001:32:23:9\"><author>Liv.</author> 32, 23, 9</bibl></cit>: <cit><quote lang=\"la\">bellum ingens a Volscis et Aequis,</quote> <bibl n=\"urn:cts:latinLit:phi0914.phi001:3:22:2\"><author>id.</author> 3, 22, 2</bibl></cit>: <cit><quote lang=\"la\">ad exsolvendam fldem a consule,</quote> <bibl n=\"urn:cts:latinLit:phi0914.phi001:27:5:6\"><author>id.</author> 27, 5, 6</bibl></cit>.—With an <pos>adj.</pos>: <cit><quote lang=\"la\">lassus ab equo indomito,</quote> <bibl n=\"urn:cts:latinLit:phi0893.phi004.perseus-lat1:2:2:10\"><author>Hor.</author> S. 2, 2, 10</bibl></cit>: <cit><quote lang=\"la\">Murus ab ingenio notior ille tuo,</quote> <bibl n=\"urn:cts:latinLit:phi0620.phi001.perseus-lat2:5:1:126\"><author>Prop.</author> 5, 1, 126</bibl></cit>: <cit><quote lang=\"la\">tempus a nostris triste malis,</quote> <trans><tr>time made sad by our misfortunes</tr>,</trans> <bibl n=\"urn:cts:latinLit:phi0959.phi008.perseus-lat1:4:3:36\"><author>Ov.</author> Tr. 4, 3, 36</bibl></cit>.—Different from per: <cit><quote lang=\"la\">vulgo occidebantur: per quos et a quibus?</quote> <trans><tr>by whom and upon whose orders?</tr></trans> <bibl n=\"urn:cts:latinLit:phi0474.phi002.perseus-lat1:Rosc:29:80\"><author>Cic.</author> Rosc. Am. 29, 80</bibl></cit> (cf. <bibl><author>id.</author> ib. 34, 97</bibl>: cujus consilio occisus sit, invenio; cujus manu sit percussus, non laboro); so, <cit><quote lang=\"la\">ab hoc destitutus per Thrasybulum (i. e. Thrasybulo auctore),</quote> <bibl n=\"urn:cts:latinLit:phi0588.phi007:5:4\"><author>Nep.</author> Alc. 5, 4</bibl></cit>.—Ambiguity sometimes arises from the fact that the verb in the pass. would require <hi rend=\"ital\">ab</hi> if used in the active: <cit><quote lang=\"la\">si postulatur a populo,</quote> <trans><tr>if the people demand it</tr>,</trans> <bibl n=\"urn:cts:latinLit:phi0474.phi055.perseus-lat1:2:17:58\"><author>Cic.</author> Off. 2, 17, 58</bibl></cit>, might also mean, <hi rend=\"ital\">if it is required of the people;</hi> on the contrary: quod ab eo (Lucullo) laus imperatoria non admodum exspectabatur, not <hi rend=\"ital\">since he did not expect military renown</hi>, but <hi rend=\"ital\">since they did not expect military renown from him</hi>, <bibl><author>Cic.</author> Ac. 2, 1, 2</bibl>, and so often; cf. Rudd. II. p. 213. (The use of the active dative, or dative of the agent, instead of <hi rend=\"ital\">ab</hi> with the pass., is well known, Zumpt, § 419. It is very seldom found in prose writers of the golden age of Roman liter.; with Cic. sometimes joined with the participles auditus, cognitus, constitutus, perspectus, provisus, susceptus; cf. Halm ad <bibl n=\"urn:cts:latinLit:phi0474.phi009.perseus-lat1:24:71\"><author>Cic.</author> Imp. Pomp. 24, 71</bibl>, and ad ejusdem, <bibl n=\"urn:cts:latinLit:phi0472.phi001.perseus-lat1:1:7\"><author>Cat.</author> 1, 7 <hi rend=\"ital\">fin.</hi></bibl>; but freq. at a later period; e. g. in Pliny, in Books 2-4 of H. N., more than twenty times; and likewise in Tacitus seventeen times. Vid. the passages in Nipperd. ad <bibl n=\"urn:cts:latinLit:phi1351.phi005.perseus-lat1:2:49\"><author>Tac.</author> A. 2, 49</bibl>.) Far more unusual is the <hi rend=\"ital\">simple abl</hi>. in the designation of persons: <cit><quote lang=\"la\">deseror conjuge,</quote> <bibl n=\"urn:cts:latinLit:phi0959.phi002.perseus-lat1:12:161\"><author>Ov.</author> H. 12, 161</bibl></cit>; so <bibl n=\"urn:cts:latinLit:phi0959.phi002.perseus-lat1:5:75\"><author>id.</author> ib. 5, 75</bibl>; <bibl n=\"urn:cts:latinLit:phi0959.phi006.perseus-lat1:1:747\"><author>id.</author> M. 1, 747</bibl>; <bibl n=\"urn:cts:latinLit:phi0690.phi003.perseus-lat1:1:274\"><author>Verg.</author> A. 1, 274</bibl>; <bibl n=\"urn:cts:latinLit:phi0893.phi002:2:4:9\"><author>Hor.</author> C. 2, 4, 9</bibl>; <bibl>1, 6, 2</bibl>; <cit><quote lang=\"la\">and in prose,</quote> <bibl n=\"urn:cts:latinLit:phi1002.phi001:3:4:2\"><author>Quint.</author> 3, 4, 2</bibl></cit>; <bibl n=\"urn:cts:latinLit:phi1014.phi001:2:1\"><author>Sen.</author> Contr. 2, 1</bibl>; <bibl n=\"urn:cts:latinLit:phi0860.phi001:6:7:8\"><author>Curt.</author> 6, 7, 8</bibl>; cf. Rudd. II. p. 212; <bibl>Zumpt ad <author>Quint.</author> V. p. 122 Spalding. </bibl>—Hence the adverbial phrase a se=<foreign lang=\"greek\">ὐφʼ ἑαυτοῦ</foreign>, suā sponte, <hi rend=\"ital\">of one's own uccord</hi>, <hi rend=\"ital\">spontaneously</hi>: <cit><quote lang=\"la\">ipsum a se oritur et suā sponte nascitur,</quote> <bibl n=\"urn:cts:latinLit:phi0474.phi048.perseus-lat1:2:24:78\"><author>Cic.</author> Fin. 2, 24, 78</bibl></cit>: <cit><quote lang=\"la\">(urna) ab se cantat quoja sit,</quote> <bibl n=\"urn:cts:latinLit:phi0119.phi017.perseus-lat1:2:5\"><author>Plaut.</author> Rud. 2, 5, 21</bibl></cit> (al. eāpse; cf. <bibl n=\"urn:cts:latinLit:phi0119.phi010.perseus-lat1:1:2\"><author>id.</author> Men. 1, 2, 66</bibl>); so <bibl n=\"urn:cts:latinLit:phi0845.phi001:11:1:5\"><author>Col.</author> 11, 1, 5</bibl>; <bibl n=\"urn:cts:latinLit:phi0914.phi001:44:33:6\"><author>Liv.</author> 44, 33, 6</bibl>.</sense>","To denote an agent from whom an action proceeds, or by whom a thing is done or takes place. By, and in archaic and solemn style, of. So most frequently with pass. or intrans. verbs with pass. signif., when the active object is or is considered as a living being: Laudari me abs te, a laudato viro, Naev. ap. Cic. Tusc. 4, 31, 67: injuriā abs te afficior, Enn. ap. Auct. Her. 2, 24, 38: a patre deductus ad Scaevolam, Cic. Lael. 1, 1: ut tamquam a praesentibus coram haberi sermo videretur, id. ib. 1, 3: disputata ab eo, id. ib. 1, 4 al.: illa (i. e. numerorum ac vocum vis) maxime a Graeciā vetere celebrata, id. de Or. 3, 51, 197: ita generati a naturā sumus, id. Off. 1, 29, 103; cf.: pars mundi damnata a rerum naturā, Plin. 4, 12, 26, § 88: niagna adhibita cura est a providentiā deorum, Cic. N. D. 2, 51 al.—With intrans. verbs: quae (i. e. anima) calescit ab eo spiritu, is warmed by this breath, Cic. N. D. 2, 55, 138; cf. Ov. M. 1, 417: (mare) quā a  sole collucet, Cic. Ac. 2, 105: salvebis a meo Cicerone, i. e. young Cicero sends his compliments to you, id. Att. 6, 2 fin.: a quibus (Atheniensibus) erat profectus, i. e. by whose command, Nep. Milt. 2, 3: ne vir ab hoste cadat, Ov. H. 9, 36 al.—A substantive or adjective often takes the place of the verb (so with de, q. v.): levior est plaga ab amico quam a debitore, Cic. Fam. 9, 16, 7; cf.: a bestiis ictus, morsus, impetus, id. Off. 2, 6, 19: si calor est a sole, id. N. D. 2, 52: ex iis a te verbis (for a te scriptis), id. Att. 16, 7, 5: metu poenae a Romanis, Liv. 32, 23, 9: bellum ingens a Volscis et Aequis, id. 3, 22, 2: ad exsolvendam fldem a consule, id. 27, 5, 6.—With an adj.: lassus ab equo indomito, Hor. S. 2, 2, 10: Murus ab ingenio notior ille tuo, Prop. 5, 1, 126: tempus a nostris triste malis, time made sad by our misfortunes, Ov. Tr. 4, 3, 36.—Different from per: vulgo occidebantur: per quos et a quibus? by whom and upon whose orders? Cic. Rosc. Am. 29, 80 (cf. id. ib. 34, 97: cujus consilio occisus sit, invenio; cujus manu sit percussus, non laboro); so, ab hoc destitutus per Thrasybulum (i. e. Thrasybulo auctore), Nep. Alc. 5, 4.—Ambiguity sometimes arises from the fact that the verb in the pass. would require ab if used in the active: si postulatur a populo, if the people demand it, Cic. Off. 2, 17, 58, might also mean, if it is required of the people; on the contrary: quod ab eo (Lucullo) laus imperatoria non admodum exspectabatur, not since he did not expect military renown, but since they did not expect military renown from him, Cic. Ac. 2, 1, 2, and so often; cf. Rudd. II. p. 213. (The use of the active dative, or dative of the agent, instead of ab with the pass., is well known, Zumpt, § 419. It is very seldom found in prose writers of the golden age of Roman liter.; with Cic. sometimes joined with the participles auditus, cognitus, constitutus, perspectus, provisus, susceptus; cf. Halm ad Cic. Imp. Pomp. 24, 71, and ad ejusdem, Cat. 1, 7 fin.; but freq. at a later period; e. g. in Pliny, in Books 2-4 of H. N., more than twenty times; and likewise in Tacitus seventeen times. Vid. the passages in Nipperd. ad Tac. A. 2, 49.) Far more unusual is the simple abl. in the designation of persons: deseror conjuge, Ov. H. 12, 161; so id. ib. 5, 75; id. M. 1, 747; Verg. A. 1, 274; Hor. C. 2, 4, 9; 1, 6, 2; and in prose, Quint. 3, 4, 2; Sen. Contr. 2, 1; Curt. 6, 7, 8; cf. Rudd. II. p. 212; Zumpt ad Quint. V. p. 122 Spalding. —Hence the adverbial phrase a se=ὐφʼ ἑαυτοῦ, suā sponte, of one's own uccord, spontaneously: ipsum a se oritur et suā sponte nascitur, Cic. Fin. 2, 24, 78: (urna) ab se cantat quoja sit, Plaut. Rud. 2, 5, 21 (al. eāpse; cf. id. Men. 1, 2, 66); so Col. 11, 1, 5; Liv. 44, 33, 6.",\N,"2025-11-11 17:20:45","jms"
"lat.","69","5","ab","II.B.2.b","3","<sense level=\"4\" n=\"b\" id=\"n4.19\"> With names of towns to denote origin, extraction, instead of <hi rend=\"ital\">gentile adjectives</hi>. <hi rend=\"ital\">From</hi>, <hi rend=\"ital\">of</hi>: <cit><quote lang=\"la\">pastores a Pergamide,</quote> <bibl n=\"urn:cts:latinLit:phi0684\"><author>Varr.</author> R. R. 2, 2, 1</bibl></cit>: <cit><quote lang=\"la\">Turnus ab Aricia,</quote> <bibl n=\"urn:cts:latinLit:phi0914.phi001:1:50:3\"><author>Liv.</author> 1, 50, 3</bibl></cit> (for which Aricinus, <bibl n=\"urn:cts:latinLit:phi0914.phi001:1:51:1\"><author>id.</author> 1, 51, 1</bibl>): <cit><quote lang=\"la\">obsides dant trecentos principum a Corā atque Pometiā liberos,</quote> <bibl n=\"urn:cts:latinLit:phi0914.phi001:2:22:2\"><author>Liv.</author> 2, 22, 2</bibl></cit>; and <usg type=\"style\">poet.</usg>: O longa mundi servator ab Albā, Auguste, <hi rend=\"ital\">thou who art descended from the old Alban race of kings</hi> (=oriundus, <hi rend=\"ital\">or</hi> ortus regibus Albanis), <bibl n=\"urn:cts:latinLit:phi0620.phi001.perseus-lat2:5:6:37\"><author>Prop.</author> 5, 6, 37</bibl>.</sense>","With names of towns to denote origin, extraction, instead of gentile adjectives. From, of: pastores a Pergamide, Varr. R. R. 2, 2, 1: Turnus ab Aricia, Liv. 1, 50, 3 (for which Aricinus, id. 1, 51, 1): obsides dant trecentos principum a Corā atque Pometiā liberos, Liv. 2, 22, 2; and poet.: O longa mundi servator ab Albā, Auguste, thou who art descended from the old Alban race of kings (=oriundus, or ortus regibus Albanis), Prop. 5, 6, 37.",\N,"2025-11-11 17:20:45","jms"
"lat.","70","5","ab","II.B.2.c","3","<sense level=\"4\" n=\"c\" id=\"n4.20\"> In giving the etymology of a name: eam rem (sc. legem, Gr. <foreign lang=\"greek\">νόμον</foreign>) illi Graeco putant nomine a suum cuique tribuendo appellatam, ego nostro a legendo, <bibl n=\"urn:cts:latinLit:phi0474.phi044.perseus-lat1:1:6:19\"><author>Cic.</author> Leg. 1, 6, 19</bibl>: annum intervallum regni fuit: id ab re ... <hi rend=\"ital\">interregnum</hi> appellatum, <bibl n=\"urn:cts:latinLit:phi0914.phi001:1:17:6\"><author>Liv.</author> 1, 17, 6</bibl>: <cit><quote lang=\"la\">(sinus maris) ab nomine propinquae urbis Ambracius appellatus,</quote> <bibl n=\"urn:cts:latinLit:phi0914.phi001:38:4:3\"><author>id.</author> 38, 4, 3</bibl></cit>; and so Varro in his Ling. Lat., and Pliny, in Books 1-5 of H. N., on almost every page. (Cf. also the arts. ex and de.)</sense>","In giving the etymology of a name: eam rem (sc. legem, Gr. νόμον) illi Graeco putant nomine a suum cuique tribuendo appellatam, ego nostro a legendo, Cic. Leg. 1, 6, 19: annum intervallum regni fuit: id ab re ... interregnum appellatum, Liv. 1, 17, 6: (sinus maris) ab nomine propinquae urbis Ambracius appellatus, id. 38, 4, 3; and so Varro in his Ling. Lat., and Pliny, in Books 1-5 of H. N., on almost every page. (Cf. also the arts. ex and de.)",\N,"2025-11-11 17:20:45","jms"
"lat.","71","5","ab","II.B.2.d","3","<sense level=\"4\" n=\"d\" id=\"n4.21\"> With verbs of beginning and repeating: a summo bibere, in Plaut. <hi rend=\"ital\">to drink in succession from the one at the head of the table</hi>: <cit><quote lang=\"la\">da, puere, ab summo,</quote> <bibl n=\"urn:cts:latinLit:phi0119.phi002.perseus-lat1:5:2\"><author>Plaut.</author> As. 5, 2, 41</bibl></cit>; so, <cit><quote lang=\"la\">da ab Delphio cantharum circum, id Most. 1, 4, 33: ab eo nobis causa ordienda est potissimum,</quote> <bibl n=\"urn:cts:latinLit:phi0474.phi044.perseus-lat1:1:7:21\"><author>Cic.</author> Leg. 1, 7, 21</bibl></cit>: <cit><quote lang=\"la\">coepere a fame mala,</quote> <bibl n=\"urn:cts:latinLit:phi0914.phi001:4:12:7\"><author>Liv.</author> 4, 12, 7</bibl></cit>: <cit><quote lang=\"la\">cornicem a caudā de ovo exire,</quote> <trans><tr>tail-foremost</tr>,</trans> <bibl n=\"urn:cts:latinLit:phi0978.phi001:10:16:18\"><author>Plin.</author> 10, 16, 18</bibl></cit>: <cit><quote lang=\"la\">a capite repetis, quod quaerimus,</quote> <bibl n=\"urn:cts:latinLit:phi0474.phi044.perseus-lat1:1:6:18\"><author>Cic.</author> Leg. 1, 6, 18 al.</bibl></cit></sense>","With verbs of beginning and repeating: a summo bibere, in Plaut. to drink in succession from the one at the head of the table: da, puere, ab summo, Plaut. As. 5, 2, 41; so, da ab Delphio cantharum circum, id Most. 1, 4, 33: ab eo nobis causa ordienda est potissimum, Cic. Leg. 1, 7, 21: coepere a fame mala, Liv. 4, 12, 7: cornicem a caudā de ovo exire, tail-foremost, Plin. 10, 16, 18: a capite repetis, quod quaerimus, Cic. Leg. 1, 6, 18 al.",\N,"2025-11-11 17:20:45","jms"
"lat.","72","5","ab","II.B.2.e","3","<sense level=\"4\" n=\"e\" id=\"n4.22\"> With verbs of freeing from, defending, or protecting against any thing: <cit><quote lang=\"la\">a foliis et stercore purgato,</quote> <bibl><author>Cato</author>, R. R. 65</bibl></cit> (66), 1: <cit><quote lang=\"la\">tantumne ab re tuast oti tibi?</quote> <bibl n=\"urn:cts:latinLit:phi0134.phi002.perseus-lat1:1:1\"><author>Ter.</author> Heaut. 1</bibl></cit>, <pb n=\"4\"/> <cb n=\"AB\"/> 1, 23; cf.: <cit><quote lang=\"la\">Saguntini ut a proeliis quietem habuerant,</quote> <bibl n=\"urn:cts:latinLit:phi0914.phi001:21:11:5\"><author>Liv.</author> 21, 11, 5</bibl></cit>: <cit><quote lang=\"la\">expiandum forum ab illis nefarii sceleris vestigiis,</quote> <bibl n=\"urn:cts:latinLit:phi0474.phi012.perseus-lat1:Perd::4:11\"><author>Cic.</author> Rab. Perd. 4, 11</bibl></cit>: <cit><quote lang=\"la\">haec provincia non modo a calamitate, sed etiam a metu calamitatis est defendenda,</quote> <bibl n=\"urn:cts:latinLit:phi0474.phi009.perseus-lat1:6:14\"><author>id.</author> Imp. Pomp. 6, 14</bibl></cit> (v. defendo): <cit><quote lang=\"la\">ab incendio urbem vigiliis munitam intellegebat,</quote> <bibl n=\"urn:cts:latinLit:phi0631.phi001.perseus-lat2:32\"><author>Sall.</author> C. 32</bibl></cit>: <cit><quote lang=\"la\">ut neque sustinere se a lapsu possent,</quote> <bibl n=\"urn:cts:latinLit:phi0914.phi001:21:35:12\"><author>Liv.</author> 21, 35, 12</bibl></cit>: <cit><quote lang=\"la\">ut meam domum metueret atque a me ipso caveret,</quote> <bibl n=\"urn:cts:latinLit:phi0474.phi022.perseus-lat1:64:133\"><author>Cic.</author> Sest. 64, 133</bibl></cit>.</sense>","With verbs of freeing from, defending, or protecting against any thing: a foliis et stercore purgato, Cato, R. R. 65 (66), 1: tantumne ab re tuast oti tibi? Ter. Heaut. 1,   1, 23; cf.: Saguntini ut a proeliis quietem habuerant, Liv. 21, 11, 5: expiandum forum ab illis nefarii sceleris vestigiis, Cic. Rab. Perd. 4, 11: haec provincia non modo a calamitate, sed etiam a metu calamitatis est defendenda, id. Imp. Pomp. 6, 14 (v. defendo): ab incendio urbem vigiliis munitam intellegebat, Sall. C. 32: ut neque sustinere se a lapsu possent, Liv. 21, 35, 12: ut meam domum metueret atque a me ipso caveret, Cic. Sest. 64, 133.",\N,"2025-11-11 17:20:45","jms"
"lat.","73","5","ab","II.B.2.f","4","<sense level=\"4\" n=\"f\" id=\"n4.23\"> With verbs of expecting, fearing, hoping, and the like, <hi rend=\"ital\">ab</hi>=a parte, as, <bibl n=\"urn:cts:latinLit:phi0474.phi057.perseus-lat1:9:7:4\"><author>Cic.</author> Att. 9, 7, 4</bibl>: cum eadem metuam ab hac parte, <hi rend=\"ital\">since I fear the same from this side;</hi> hence, timere, metuere ab aliquo, not, <hi rend=\"ital\">to be afraid of any one, but, to fear something</hi> (proceeding from) <hi rend=\"ital\">from him</hi>: <cit><quote lang=\"la\">el metul a Chryside,</quote> <bibl n=\"urn:cts:latinLit:phi0134.phi001.perseus-lat1:1:1:79\"><author>Ter.</author> And. 1, 1, 79</bibl></cit>; cf.: <cit><quote lang=\"la\">ab Hannibale metuens,</quote> <bibl n=\"urn:cts:latinLit:phi0914.phi001:23:36\"><author>Liv.</author> 23, 36</bibl></cit>; and: <cit><quote lang=\"la\">metus a praetore,</quote> <bibl n=\"urn:cts:latinLit:phi0914.phi001:23:15:7\"><author>id.</author> 23, 15, 7</bibl></cit>; <cit><quote lang=\"la\">v. Weissenb. ad h. l.: a quo quidem genere, judices, ego numquam timui,</quote> <bibl n=\"urn:cts:latinLit:phi0474.phi015.perseus-lat1:20:59\"><author>Cic.</author> Sull. 20, 59</bibl></cit>: <cit><quote lang=\"la\">postquam nec ab Romanis robis ulla est spes,</quote> <trans><tr>you can expect nothing from the Romans</tr>,</trans> <bibl n=\"urn:cts:latinLit:phi0914.phi001:21:13:4\"><author>Liv.</author> 21, 13, 4</bibl></cit>.</sense>","With verbs of expecting, fearing, hoping, and the like, ab=a parte, as, Cic. Att. 9, 7, 4: cum eadem metuam ab hac parte, since I fear the same from this side; hence, timere, metuere ab aliquo, not, to be afraid of any one, but, to fear something (proceeding from) from him: el metul a Chryside, Ter. And. 1, 1, 79; cf.: ab Hannibale metuens, Liv. 23, 36; and: metus a praetore, id. 23, 15, 7; v. Weissenb. ad h. l.: a quo quidem genere, judices, ego numquam timui, Cic. Sull. 20, 59: postquam nec ab Romanis robis ulla est spes, you can expect nothing from the Romans, Liv. 21, 13, 4.",\N,"2025-11-11 17:20:45","jms"
"lat.","74","5","ab","II.B.2.g","4","<sense level=\"4\" n=\"g\" id=\"n4.24\"> With verbs of fastening and holding: <cit><quote lang=\"la\">funiculus a puppi religatus,</quote> <bibl n=\"urn:cts:latinLit:phi0474.phi036.perseus-lat1:2:51:154\"><author>Cic.</author> Inv. 2, 51, 154</bibl></cit>: <cit><quote lang=\"la\">cum sinistra capillum ejus a vertice teneret,</quote> <bibl n=\"urn:cts:latinLit:phi0478.phi003.perseus-lat1:Pet::3\"><author>Q. Cic.</author> Pet. Cons. 3</bibl></cit>.</sense>","With verbs of fastening and holding: funiculus a puppi religatus, Cic. Inv. 2, 51, 154: cum sinistra capillum ejus a vertice teneret, Q. Cic. Pet. Cons. 3.",\N,"2025-11-11 17:20:45","jms"
"lat.","75","5","ab","II.B.2.h","4","<sense level=\"4\" n=\"h\" id=\"n4.25\"> Ulcisci se ab aliquo, <hi rend=\"ital\">to take vengeance on one</hi>: <cit><quote lang=\"la\">a ferro sanguis humanus se ulciscitur,</quote> <bibl n=\"urn:cts:latinLit:phi0978.phi001:34:14:41\"><author>Plin.</author> 34, 14, 41 <hi rend=\"ital\">fin.</hi></bibl></cit></sense>","Ulcisci se ab aliquo, to take vengeance on one: a ferro sanguis humanus se ulciscitur, Plin. 34, 14, 41 fin.",\N,"2025-11-11 17:20:45","jms"
"lat.","76","5","ab","II.B.2.i","4","<sense level=\"4\" n=\"i\" id=\"n4.26\"> Cognoscere ab aliquâ re <hi rend=\"ital\">to knoio</hi> or <hi rend=\"ital\">learn by means of something</hi> (different from <hi rend=\"ital\">ab aliquo</hi>, to learn from some one): <cit><quote lang=\"la\">id se a Gallicis armis atque insignibus cognovisse,</quote> <bibl n=\"urn:cts:latinLit:phi0448.phi001.perseus-lat1:1:22\"><author>Caes.</author> B. G. 1, 22</bibl></cit>.</sense>","Cognoscere ab aliquâ re to knoio or learn by means of something (different from ab aliquo, to learn from some one): id se a Gallicis armis atque insignibus cognovisse, Caes. B. G. 1, 22.",\N,"2025-11-11 17:20:45","jms"
"lat.","77","5","ab","II.B.2.j","4","<sense level=\"4\" n=\"j\" id=\"n4.27\"> Dolere, laborare, valere ab, instead of the simple <case>abl.</case>: <cit><quote lang=\"la\">doleo ab animo, doleo ab oculis, doleo ab aegritudine,</quote> <bibl n=\"urn:cts:latinLit:phi0119.phi007.perseus-lat1:1:1\"><author>Plaut.</author> Cist. 1, 1, 62</bibl></cit>: <cit><quote lang=\"la\">a morbo valui, ab animo aeger fui,</quote> <bibl n=\"urn:cts:latinLit:phi0119.phi009.perseus-lat1:1:2\"><author>id.</author> Ep. 1, 2, 26</bibl></cit>; cf. <bibl n=\"urn:cts:latinLit:phi0119.phi003.perseus-lat1:2:2\"><author>id.</author> Aul. 2, 2, 9</bibl>: <cit><quote lang=\"la\">a frigore et aestu ne quid laborent,</quote> <bibl n=\"urn:cts:latinLit:phi0684\"><author>Varr.</author> R. R. 2, 2, 17</bibl></cit>; so, <cit><quote lang=\"la\">a frigore laborantibus,</quote> <bibl n=\"urn:cts:latinLit:phi0978.phi001:32:46\"><author>Plin.</author> 32, 10, 46, § 133</bibl></cit>; cf.: <cit><quote lang=\"la\">laborare ab re frumentaria,</quote> <bibl n=\"urn:cts:latinLit:phi0448.phi001.perseus-lat1:7:10\"><author>Caes.</author> B. G. 7, 10, 1</bibl></cit>; <bibl n=\"urn:cts:latinLit:phi0448.phi002:3:9\"><author>id.</author> B. C. 3, 9</bibl>; v. laboro.</sense>","Dolere, laborare, valere ab, instead of the simple abl.: doleo ab animo, doleo ab oculis, doleo ab aegritudine, Plaut. Cist. 1, 1, 62: a morbo valui, ab animo aeger fui, id. Ep. 1, 2, 26; cf. id. Aul. 2, 2, 9: a frigore et aestu ne quid laborent, Varr. R. R. 2, 2, 17; so, a frigore laborantibus, Plin. 32, 10, 46, § 133; cf.: laborare ab re frumentaria, Caes. B. G. 7, 10, 1; id. B. C. 3, 9; v. laboro.",\N,"2025-11-11 17:20:45","jms"
"lat.","78","5","ab","II.B.2.k","4","<sense level=\"4\" n=\"k\" id=\"n4.28\"> Where verbs and adjectives are joined with <hi rend=\"ital\">ab</hi>, instead of the simple <case>abl.</case>, <hi rend=\"ital\">ab</hi> defines more exactly the respect in which that which is expressed by the verb or adj. is to be understood, <hi rend=\"ital\">in relation to, with regard to, in respect to, on the part of</hi>: <cit><quote lang=\"la\">ab ingenio improbus,</quote> <bibl n=\"urn:cts:latinLit:phi0119.phi020.perseus-lat1:4:3\"><author>Plaut.</author> Truc. 4, 3, 59</bibl></cit>: <cit><quote lang=\"la\">a me pudica'st,</quote> <bibl n=\"urn:cts:latinLit:phi0119.phi008.perseus-lat1:1:1\"><author>id.</author> Curc. 1, 1, 51</bibl></cit>: <cit><quote lang=\"la\">orba ab optimatibus contio,</quote> <bibl><author>Cic.</author> Fl. 23, 54</bibl></cit>; ro <bibl n=\"urn:cts:latinLit:phi0959.phi002.perseus-lat1:6:156\"><author>Ov.</author> H. 6,156</bibl>: securos vos ab hac parte reddemus, Planc. ap. <bibl n=\"urn:cts:latinLit:phi0474.phi056.perseus-lat1:10:24\"><author>Cic.</author> Fam. 10, 24 <hi rend=\"ital\">fin.</hi></bibl> (v. securus): <cit><quote lang=\"la\">locus copiosus a frumento,</quote> <bibl n=\"urn:cts:latinLit:phi0474.phi057.perseus-lat1:5:18:2\"><author>Cic.</author> Att. 5, 18, 2</bibl></cit>; cf.: <cit><quote lang=\"la\">sumus imparati cum a militibas tum a pecunià,</quote> <bibl><author>id.</author> ib. 7, 15</bibl></cit> <hi rend=\"ital\">fin.</hi>: <cit><quote lang=\"la\">ille Graecus ab omni laude felicior,</quote> <bibl n=\"urn:cts:latinLit:phi0474.phi039.perseus-lat1:16:63\"><author>id.</author> Brut. 16, 63</bibl></cit>: <cit><quote lang=\"la\">ab unà parte haud satis prosperuin,</quote> <bibl n=\"urn:cts:latinLit:phi0914.phi001:1:32:2\"><author>Liv.</author> 1, 32, 2 al.</bibl></cit>; <cit><quote lang=\"la\">so often in poets ab arte=arte,</quote> <trans><tr>artfully</tr>,</trans> <bibl n=\"urn:cts:latinLit:phi0060.phi001:1:5:4\"><author>Tib.</author> 1, 5, 4</bibl></cit>; <bibl n=\"urn:cts:latinLit:phi0060.phi001:1:9:66\">1, 9, 66</bibl>; <bibl n=\"urn:cts:latinLit:phi0959.phi001.perseus-lat1:2:4\"><author>Ov.</author> Am. 2, 4, 30</bibl>.</sense>","Where verbs and adjectives are joined with ab, instead of the simple abl., ab defines more exactly the respect in which that which is expressed by the verb or adj. is to be understood, in relation to, with regard to, in respect to, on the part of: ab ingenio improbus, Plaut. Truc. 4, 3, 59: a me pudica'st, id. Curc. 1, 1, 51: orba ab optimatibus contio, Cic. Fl. 23, 54; ro Ov. H. 6,156: securos vos ab hac parte reddemus, Planc. ap. Cic. Fam. 10, 24 fin. (v. securus): locus copiosus a frumento, Cic. Att. 5, 18, 2; cf.: sumus imparati cum a militibas tum a pecunià, id. ib. 7, 15 fin.: ille Graecus ab omni laude felicior, id. Brut. 16, 63: ab unà parte haud satis prosperuin, Liv. 1, 32, 2 al.; so often in poets ab arte=arte, artfully, Tib. 1, 5, 4; 1, 9, 66; Ov. Am. 2, 4, 30.",\N,"2025-11-11 17:20:45","jms"
"lat.","79","5","ab","II.B.2.l","4","<sense level=\"4\" n=\"l\" id=\"n4.29\"> In the statement of the motive instead of ex, propter, or the simple <case>abl.</case> causae, <hi rend=\"ital\">from, out of, on account of, in consequence of</hi>: ab singulari amore scribo, Balb. ap. <bibl n=\"urn:cts:latinLit:phi0474.phi057.perseus-lat1:9:7\"><author>Cic.</author> Att. 9, 7</bibl>, B <hi rend=\"ital\">fin.</hi>: <cit><quote lang=\"la\">linguam ab irrisu exserentem,</quote> <trans><tr>thrusting out the tongue in derision</tr>,</trans> <bibl n=\"urn:cts:latinLit:phi0914.phi001:7:10:5\"><author>Liv.</author> 7, 10, 5</bibl></cit>: <cit><quote lang=\"la\">ab honore,</quote> <bibl n=\"urn:cts:latinLit:phi0914.phi001:1:8\"><author>id.</author> 1, 8</bibl></cit>; so, ab irā, a spe, ab odio, v. Drak. ad <bibl n=\"urn:cts:latinLit:phi0914.phi001:24:30:1\"><author>Liv.</author> 24, 30, 1</bibl>: 26, 1, 3; cf. also Kritz and Fabri ad <bibl n=\"urn:cts:latinLit:phi0631.phi002.perseus-lat2:31:3\"><author>Sall.</author> J. 31, 3</bibl>, and Fabri ad <bibl n=\"urn:cts:latinLit:phi0914.phi001:21:36:7\"><author>Liv.</author> 21, 36, 7</bibl>.</sense>","In the statement of the motive instead of ex, propter, or the simple abl. causae, from, out of, on account of, in consequence of: ab singulari amore scribo, Balb. ap. Cic. Att. 9, 7, B fin.: linguam ab irrisu exserentem, thrusting out the tongue in derision, Liv. 7, 10, 5: ab honore, id. 1, 8; so, ab irā, a spe, ab odio, v. Drak. ad Liv. 24, 30, 1: 26, 1, 3; cf. also Kritz and Fabri ad Sall. J. 31, 3, and Fabri ad Liv. 21, 36, 7.",\N,"2025-11-11 17:20:45","jms"
"lat.","80","5","ab","II.B.2.m","4","<sense level=\"4\" n=\"m\" id=\"n4.30\"> Especially in the poets instead of the <hi rend=\"ital\">gen.</hi>: <cit><quote lang=\"la\">ab illo injuria,</quote> <bibl n=\"urn:cts:latinLit:phi0134.phi001.perseus-lat1:1:1:129\"><author>Ter.</author> And. 1, 1, 129</bibl></cit>: <cit><quote lang=\"la\">fulgor ab auro,</quote> <bibl n=\"urn:cts:latinLit:phi0550.phi001:2:5\"><author>Lucr.</author> 2, 5</bibl></cit>: <cit><quote lang=\"la\">dulces a fontibus undae,</quote> <bibl n=\"urn:cts:latinLit:phi0690.phi002.perseus-lat1:2:243\"><author>Verg.</author> G. 2, 243</bibl></cit>.</sense>","Especially in the poets instead of the gen.: ab illo injuria, Ter. And. 1, 1, 129: fulgor ab auro, Lucr. 2, 5: dulces a fontibus undae, Verg. G. 2, 243.",\N,"2025-11-11 17:20:45","jms"
"lat.","81","5","ab","II.B.2.n","4","<sense level=\"4\" n=\"n\" id=\"n4.31\"> In indicating a part of the whole, for the more usual ex, <hi rend=\"ital\">of, out of</hi>: <cit><quote lang=\"la\">scuto ab novissimis uni militi detracto,</quote> <bibl n=\"urn:cts:latinLit:phi0448.phi001.perseus-lat1:2:25:1\"><author>Caes.</author> B. G. 2, 25, 1</bibl></cit>: <cit><quote lang=\"la\">nonnuill ab novissimis,</quote> <bibl><author>id.</author> ib.</bibl></cit>; <bibl n=\"urn:cts:latinLit:phi0474.phi022.perseus-lat1:65:137\"><author>Cic.</author> Sest. 65, 137</bibl>; cf. <bibl><author>id.</author> ib. 59</bibl> <hi rend=\"ital\">fin.</hi>: a quibus (captivis) ad Senatum missus (Regulus).</sense>","In indicating a part of the whole, for the more usual ex, of, out of: scuto ab novissimis uni militi detracto, Caes. B. G. 2, 25, 1: nonnuill ab novissimis, id. ib.; Cic. Sest. 65, 137; cf. id. ib. 59 fin.: a quibus (captivis) ad Senatum missus (Regulus).",\N,"2025-11-11 17:20:45","jms"
"lat.","82","5","ab","II.B.2.o","4","<sense level=\"4\" n=\"o\" id=\"n4.32\"> In marking that from which any thing proceeds, and <hi rend=\"ital\">to which it belongs</hi>: <cit><quote lang=\"la\">qui sunt ab eā disciplinā,</quote> <bibl n=\"urn:cts:latinLit:phi0474.phi049.perseus-lat1:2:3:7\"><author>Cic.</author> Tusc. 2, 3, 7</bibl></cit>: <cit><quote lang=\"la\">ab eo qui sunt,</quote> <bibl n=\"urn:cts:latinLit:phi0474.phi048.perseus-lat1:4:3:7\"><author>id.</author> Fin. 4, 3, 7</bibl></cit>: <cit><quote lang=\"la\">nostri illi a Platone et Aristotele aiunt,</quote> <bibl n=\"urn:cts:latinLit:phi0474.phi014.perseus-lat1:30:63\"><author>id.</author> Mur. 30, 63</bibl></cit> (in imitation of <foreign lang=\"greek\">οί ὐπό τινος</foreign>).</sense>","In marking that from which any thing proceeds, and to which it belongs: qui sunt ab eā disciplinā, Cic. Tusc. 2, 3, 7: ab eo qui sunt, id. Fin. 4, 3, 7: nostri illi a Platone et Aristotele aiunt, id. Mur. 30, 63 (in imitation of οί ὐπό τινος).",\N,"2025-11-11 17:20:45","jms"
"lat.","83","5","ab","II.B.2.p","4","<sense level=\"4\" n=\"p\" id=\"n4.33\"> To designate an <hi rend=\"ital\">office</hi> or <hi rend=\"ital\">dignity</hi> (with or without servus; so not freq. till after the Aug. period; <cit><quote lang=\"la\">in Cic. only once): Pollex, servus a pedibus meus,</quote> <trans><tr>one of my couriers</tr>,</trans> <bibl n=\"urn:cts:latinLit:phi0474.phi057.perseus-lat1:8:5:1\"><author>Cic.</author> Att. 8, 5, 1</bibl></cit>; so, <cit><quote lang=\"la\">a manu servus,</quote> <trans><tr>a secretary</tr>,</trans> <bibl n=\"urn:cts:latinLit:phi1348.phi011:74\"><author>Suet.</author> Caes. 74</bibl></cit>: Narcissum ab eplstulis (<hi rend=\"ital\">secretary</hi>) et Pallantem a rationibus (<hi rend=\"ital\">accountant</hi>), <bibl n=\"urn:cts:latinLit:phi1348.phi015:28\"><author>id.</author> Claud. 28</bibl>; and so, ab actis, ab <cb n=\"ABAC\"/> admissione, ab aegris, ab apothecā, ab argento, a balneis, a bibliothecà, a codicillis, a jumentis, a potione, etc. (v. these words and Inscr. Orell. vol. 3, Ind. xi. p. 181 sq.).</sense>","To designate an office or dignity (with or without servus; so not freq. till after the Aug. period; in Cic. only once): Pollex, servus a pedibus meus, one of my couriers, Cic. Att. 8, 5, 1; so, a manu servus, a secretary, Suet. Caes. 74: Narcissum ab eplstulis (secretary) et Pallantem a rationibus (accountant), id. Claud. 28; and so, ab actis, ab  admissione, ab aegris, ab apothecā, ab argento, a balneis, a bibliothecà, a codicillis, a jumentis, a potione, etc. (v. these words and Inscr. Orell. vol. 3, Ind. xi. p. 181 sq.).",\N,"2025-11-11 17:20:45","jms"
"lat.","84","5","ab","II.B.2.q","4","<sense level=\"4\" n=\"q\" id=\"n4.34\"> The use of <hi rend=\"ital\">ab</hi> before adverbs is for the most part peculiar to later Latinity: <cit><quote lang=\"la\">a peregre,</quote> <bibl n=\"urn:cts:latinLit:phi1056.phi001.perseus-lat1:5:7\"><author>Vitr.</author> 5, 7</bibl></cit> (6), 8: <cit><quote lang=\"la\">a foris,</quote> <bibl n=\"urn:cts:latinLit:phi0978.phi001:17:24:37\"><author>Plin.</author> 17, 24, 37</bibl></cit>; <bibl><author>Vulg.</author> Gen, 7, 16</bibl>; <bibl n=\"urn:cts:greekLit:tlg0031.tlg001.perseus-grc1:23:27\"><author>ib.</author> Matt. 23, 27</bibl>: <cit><quote lang=\"la\">ab intus,</quote> <bibl><author>ib.</author> ib. 7, 15</bibl></cit>: <cit><quote lang=\"la\">ab invicem,</quote> <bibl><author>App.</author> Herb. 112</bibl></cit>; <bibl n=\"urn:cts:greekLit:tlg0031.tlg001.perseus-grc1:25:32\"><author>Vulg.</author> Matt. 25, 32</bibl>; <bibl><author>Cypr.</author> Ep. 63, 9</bibl>: <bibl><author>Hier.</author> Ep. 18</bibl>: <cit><quote lang=\"la\">a longe,</quote> <bibl n=\"Hyg. Fab. 257\"><author>Hyg.</author> Fab. 257</bibl></cit>; <bibl n=\"urn:cts:greekLit:tlg0527.tlg001:22:4\"><author>Vulg.</author> Gen. 22, 4</bibl>; <bibl n=\"urn:cts:greekLit:tlg0031.tlg001.perseus-grc1:26:58\"><author>ib.</author> Matt. 26, 58</bibl>: <cit><quote lang=\"la\">a modo,</quote> <bibl><author>ib.</author> ib. 23, 39</bibl></cit>; <cit><quote lang=\"la\">Hier. Vit. Hilar.: a nune,</quote> <bibl n=\"urn:cts:greekLit:tlg0031.tlg003.perseus-grc1:1:48\"><author>Vulg.</author> Luc. 1, 48</bibl></cit>: <cit><quote lang=\"la\">a sursum,</quote> <bibl n=\"urn:cts:greekLit:tlg0031.tlg002.perseus-grc1:15:38\"><author>ib.</author> Marc. 15, 38</bibl></cit>.→ </sense>","The use of ab before adverbs is for the most part peculiar to later Latinity: a peregre, Vitr. 5, 7 (6), 8: a foris, Plin. 17, 24, 37; Vulg. Gen, 7, 16; ib. Matt. 23, 27: ab intus, ib. ib. 7, 15: ab invicem, App. Herb. 112; Vulg. Matt. 25, 32; Cypr. Ep. 63, 9: Hier. Ep. 18: a longe, Hyg. Fab. 257; Vulg. Gen. 22, 4; ib. Matt. 26, 58: a modo, ib. ib. 23, 39; Hier. Vit. Hilar.: a nune, Vulg. Luc. 1, 48: a sursum, ib. Marc. 15, 38.→",\N,"2025-11-11 17:20:45","jms"
"lat.","85","5","ab","II.B.2.a","4","<sense level=\"4\" n=\"a\" id=\"n4.35\"><hi rend=\"ital\">Ab</hi> is not repeated like most other prepositions (v. ad, ex, in, etc.) with <hi rend=\"ital\">pron. interrog</hi>. or <hi rend=\"ital\">relat</hi>. after <hi rend=\"ital\">subst</hi>. and <hi rend=\"ital\">pron. demonstr. with ab</hi>: <cit><quote lang=\"la\">Arsinoën, Stratum, Naupactum...fateris ab hostibus esse captas. Quibus autem hostibus? Nempe iis, quos, etc.,</quote> <bibl n=\"urn:cts:latinLit:phi0474.phi027.perseus-lat1:37:91\"><author>Cic.</author> Pis. 37, 91</bibl></cit>: <cit><quote lang=\"la\">a rebus gerendis senectus abstrahit. Quibus? An iis, quae in juventute geruntur et viribus?</quote> <bibl n=\"urn:cts:latinLit:phi0474.phi051.perseus-lat1:6\"><author>id.</author> Sen. 6</bibl></cit>: <cit><quote lang=\"la\">a Jove incipiendum putat. Quo Jove?</quote> <bibl n=\"urn:cts:latinLit:phi0474.phi043.perseus-lat1:1:36:56\"><author>id.</author> Rep. 1, 36, 56</bibl></cit>: <cit><quote lang=\"la\">res publica, quascumque vires habebit, ab iis ipsis, quibus tenetur, de te propediem impetrabit,</quote> <bibl n=\"urn:cts:latinLit:phi0474.phi056.perseus-lat1:4:13:5\"><author>id.</author> Fam. 4, 13, 5</bibl></cit>.—</sense>","Ab is not repeated like most other prepositions (v. ad, ex, in, etc.) with pron. interrog. or relat. after subst. and pron. demonstr. with ab: Arsinoën, Stratum, Naupactum...fateris ab hostibus esse captas. Quibus autem hostibus? Nempe iis, quos, etc., Cic. Pis. 37, 91: a rebus gerendis senectus abstrahit. Quibus? An iis, quae in juventute geruntur et viribus? id. Sen. 6: a Jove incipiendum putat. Quo Jove? id. Rep. 1, 36, 56: res publica, quascumque vires habebit, ab iis ipsis, quibus tenetur, de te propediem impetrabit, id. Fam. 4, 13, 5.—",\N,"2025-11-11 17:20:45","jms"
"lat.","86","5","ab","II.B.2.b","4","<sense level=\"4\" n=\"b\" id=\"n4.36\"> Ab in Plantus is once put after the word which it governs: quo ab, As. 1, 1, 106.—</sense>","Ab in Plantus is once put after the word which it governs: quo ab, As. 1, 1, 106.—",\N,"2025-11-11 17:20:45","jms"
"lat.","87","5","ab","II.B.2.c","4","<sense level=\"4\" n=\"c\" id=\"n4.37\"> It is in various ways separated from the word which it governs: <cit><quote lang=\"la\">a vitae periculo,</quote> <bibl n=\"urn:cts:latinLit:phi0474.phi039.perseus-lat1:91:313\"><author>Cic.</author> Brut. 91, 313</bibl></cit>: <cit><quote lang=\"la\">a nullius umquam me tempore aut commodo,</quote> <bibl n=\"urn:cts:latinLit:phi0474.phi016.perseus-lat1:6:12\"><author>id.</author> Arch. 6, 12</bibl></cit>: <cit><quote lang=\"la\">a minus bono,</quote> <bibl n=\"urn:cts:latinLit:phi0631.phi001.perseus-lat2:2:6\"><author>Sall.</author> C. 2, 6</bibl></cit>: <cit><quote lang=\"la\">a satis miti principio,</quote> <bibl n=\"urn:cts:latinLit:phi0914.phi001:1:6:4\"><author>Liv.</author> 1, 6, 4</bibl></cit>: <cit><quote lang=\"la\">damnis dives ab ipsā suis,</quote> <bibl n=\"urn:cts:latinLit:phi0959.phi002.perseus-lat1:9:96\"><author>Ov.</author> H. 9, 96</bibl></cit>; so <bibl n=\"urn:cts:latinLit:phi0959.phi006.perseus-lat1:12:18\"><author>id.</author> ib. 12, 18</bibl>; 13, 116.—</sense>","It is in various ways separated from the word which it governs: a vitae periculo, Cic. Brut. 91, 313: a nullius umquam me tempore aut commodo, id. Arch. 6, 12: a minus bono, Sall. C. 2, 6: a satis miti principio, Liv. 1, 6, 4: damnis dives ab ipsā suis, Ov. H. 9, 96; so id. ib. 12, 18; 13, 116.—",\N,"2025-11-11 17:20:45","jms"
"lat.","88","5","ab","II.B.2.d","4","<sense level=\"4\" n=\"d\" id=\"n4.38\"> The poets join <hi rend=\"ital\">a</hi> and <hi rend=\"ital\">que</hi>, making <hi rend=\"ital\">aque;</hi> but in good prose <hi rend=\"ital\">que</hi> is annexed to the following <case>abl.</case> (a meque, abs teque, etc.): <cit><quote lang=\"la\">aque Chao,</quote> <bibl n=\"urn:cts:latinLit:phi0690.phi002.perseus-lat1:4:347\"><author>Verg.</author> G. 4, 347</bibl></cit>: <cit><quote lang=\"la\">aque mero,</quote> <bibl n=\"urn:cts:latinLit:phi0959.phi006.perseus-lat1:3:631\"><author>Ov.</author> M. 3, 631</bibl></cit>: <cit><quote lang=\"la\">aque viro,</quote> <bibl n=\"urn:cts:latinLit:phi0959.phi002.perseus-lat1:6:156\"><author>id.</author> H. 6, 156</bibl></cit>: <cit><quote lang=\"la\">aque suis,</quote> <bibl n=\"urn:cts:latinLit:phi0959.phi008.perseus-lat1:5:2:74\"><author>id.</author> Tr. 5, 2, 74 al.</bibl></cit> But: <cit><quote lang=\"la\">a meque,</quote> <bibl n=\"urn:cts:latinLit:phi0474.phi056.perseus-lat1:2:16:1\"><author>Cic.</author> Fam. 2, 16, 1</bibl></cit>: <cit><quote lang=\"la\">abs teque,</quote> <bibl n=\"urn:cts:latinLit:phi0474.phi057.perseus-lat1:3:15:4\"><author>id.</author> Att. 3, 15, 4</bibl></cit>: <cit><quote lang=\"la\">a teque,</quote> <bibl><author>id.</author> ib. 8, 11</bibl></cit>, § <cit><quote lang=\"la\">7: a primāque adulescentiā,</quote> <bibl n=\"urn:cts:latinLit:phi0474.phi039.perseus-lat1:91:315\"><author>id.</author> Brut. 91, 315 al.</bibl></cit> —</sense>","The poets join a and que, making aque; but in good prose que is annexed to the following abl. (a meque, abs teque, etc.): aque Chao, Verg. G. 4, 347: aque mero, Ov. M. 3, 631: aque viro, id. H. 6, 156: aque suis, id. Tr. 5, 2, 74 al. But: a meque, Cic. Fam. 2, 16, 1: abs teque, id. Att. 3, 15, 4: a teque, id. ib. 8, 11, § 7: a primāque adulescentiā, id. Brut. 91, 315 al. —",\N,"2025-11-11 17:20:45","jms"
"lat.","89","5","ab","II.B.2.e","4","<sense level=\"4\" n=\"e\" id=\"n4.39\"> A Greek noun joined with ab stands in the <hi rend=\"ital\">dat.</hi>: a parte negotiati, hoc est <foreign lang=\"greek\">πραγματικῆ</foreign>, removisse, <bibl n=\"urn:cts:latinLit:phi1002.phi001:3:7:1\"><author>Quint.</author> 3, 7, 1</bibl>.</sense>","A Greek noun joined with ab stands in the dat.: a parte negotiati, hoc est πραγματικῆ, removisse, Quint. 3, 7, 1.",\N,"2025-11-11 17:20:45","jms"
"lat.","90","5","ab","III","4","<sense level=\"1\" n=\"III\" id=\"n4.40\"> In composition <hi rend=\"ital\">ab</hi>, </sense>","In composition ab",\N,"2025-11-11 17:20:45","jms"
"lat.","91","5","ab","III.X.1","4","<sense level=\"3\" n=\"1\" id=\"n4.41\"> Retains its original signif.: abducere, <hi rend=\"ital\">to take</hi> or <hi rend=\"ital\">carry away</hi> from some place: abstrahere, <hi rend=\"ital\">to draw auay;</hi> also, <hi rend=\"ital\">downward</hi>: abicere, <hi rend=\"ital\">to throw down;</hi> and denoting a departure from the idea of the simple word, it has an effect apparently <hi rend=\"ital\">privative</hi>: absimilis, departing from the similar, <hi rend=\"ital\">unlike</hi>: abnormis, departing from the rule, <hi rend=\"ital\">unusual</hi> (different from <hi rend=\"ital\">dissimilis, enormis</hi>); and so also in amens=a mente remotus, alienus (<hi rend=\"ital\">out of one's senses, without self-control, insane</hi>): absurdus, <hi rend=\"ital\">missounding</hi>, then <hi rend=\"ital\">incongruous, irrational</hi>: abutor (in one of its senses), <hi rend=\"ital\">to misuse</hi>: aborior, abortus, <hi rend=\"ital\">to miscarry</hi>: abludo; for the privative force the Latin regularly employs <hi rend=\"ital\">in-</hi>, v. 2. in.— </sense>","Retains its original signif.: abducere, to take or carry away from some place: abstrahere, to draw auay; also, downward: abicere, to throw down; and denoting a departure from the idea of the simple word, it has an effect apparently privative: absimilis, departing from the similar, unlike: abnormis, departing from the rule, unusual (different from dissimilis, enormis); and so also in amens=a mente remotus, alienus (out of one's senses, without self-control, insane): absurdus, missounding, then incongruous, irrational: abutor (in one of its senses), to misuse: aborior, abortus, to miscarry: abludo; for the privative force the Latin regularly employs in-, v. 2. in.—",\N,"2025-11-11 17:20:45","jms"
"lat.","92","5","ab","III.X.2","4","<sense level=\"3\" n=\"2\" id=\"n4.42\"> It more rarely designates completeness, as in absorbere, abutor (<hi rend=\"ital\">to use up</hi>). (The designation of the fourth generation in the ascending or descending line by <hi rend=\"ital\">ab</hi> belongs here only in appearance; as <hi rend=\"ital\">abavus</hi> for quartus pater, <hi rend=\"ital\">great-great-grandfather</hi>, although the Greeks introduced <foreign lang=\"greek\">ὺπόπαππος</foreign>; for the immutability of the syllable ab in abpatrnus and abmatertera, as well as the signif. of the word abavus, grandfather's grandfather, imitated in abnepos, grandchild's grandchild, seems to point to a derivation from avi avus, as Festus, p. 13 Mūll., explains <hi rend=\"ital\">atavus</hi>, by atta avi, or, rather, attae avus.)</sense>","It more rarely designates completeness, as in absorbere, abutor (to use up). (The designation of the fourth generation in the ascending or descending line by ab belongs here only in appearance; as abavus for quartus pater, great-great-grandfather, although the Greeks introduced ὺπόπαππος; for the immutability of the syllable ab in abpatrnus and abmatertera, as well as the signif. of the word abavus, grandfather's grandfather, imitated in abnepos, grandchild's grandchild, seems to point to a derivation from avi avus, as Festus, p. 13 Mūll., explains atavus, by atta avi, or, rather, attae avus.)",\N,"2025-11-11 17:20:45","jms"
"lat.","93","12","abacus","I","4","<sense level=\"1\" n=\"I\" id=\"n11.1\"> <hi rend=\"ital\">A sideboard, the top of which was made of marble, sometimes of silver, gold, or other precious material, chiefly used for the display of gold and silver vessels</hi>, <bibl n=\"urn:cts:latinLit:phi0474.phi005.perseus-lat1:2:4:35\"><author>Cic.</author> Verr. 2, 4, 16, § 35</bibl>; <bibl>2, 4, 25, § 57</bibl>; <bibl n=\"urn:cts:latinLit:phi0474.phi049.perseus-lat1:5:21:61\"><author>id.</author> Tusc. 5, 21, 61</bibl>; <bibl n=\"urn:cts:latinLit:phi0684.phi001:9:46\"><author>Varr.</author> L. L. 9, § 46</bibl> Mūll.; <bibl n=\"urn:cts:latinLit:phi0978.phi001:37:14\"><author>Plin.</author> 37, 2, 6, § 14</bibl>; <bibl n=\"urn:cts:latinLit:phi1276.phi001.perseus-lat1:3:2\"><author>Juv.</author> 3, 2</bibl>-0-4: <cit><quote lang=\"la\">perh. also called mensae Delphicae,</quote> <bibl n=\"urn:cts:latinLit:phi0474.phi005.perseus-lat1:2:4:126\"><author>Cic.</author> Verr. 2, 4, 59 <hi rend=\"ital\">init.</hi></bibl></cit> Zumpt; <bibl n=\"urn:cts:latinLit:phi1294.phi002.perseus-lat1:12:67\"><author>Mart.</author> 12, 67</bibl>. Accord. to <bibl n=\"urn:cts:latinLit:phi0914.phi001:39:6:7\"><author>Liv.</author> 39, 6, 7</bibl>, and <bibl n=\"urn:cts:latinLit:phi0978.phi001:34:14\"><author>Plin.</author> 34, 3, 8, § 14</bibl>, Cn. Manlius Vulso first brought them from Asia to Rome, B.C. 187, in his triumph over the Galatae; cf. Becker, Gall. 2, p. 258 (2d edit.).—</sense>","A sideboard, the top of which was made of marble, sometimes of silver, gold, or other precious material, chiefly used for the display of gold and silver vessels, Cic. Verr. 2, 4, 16, § 35; 2, 4, 25, § 57; id. Tusc. 5, 21, 61; Varr. L. L. 9, § 46 Mūll.; Plin. 37, 2, 6, § 14; Juv. 3, 2-0-4: perh. also called mensae Delphicae, Cic. Verr. 2, 4, 59 init. Zumpt; Mart. 12, 67. Accord. to Liv. 39, 6, 7, and Plin. 34, 3, 8, § 14, Cn. Manlius Vulso first brought them from Asia to Rome, B.C. 187, in his triumph over the Galatae; cf. Becker, Gall. 2, p. 258 (2d edit.).—",\N,"2025-11-11 17:20:45","jms"
"lat.","94","12","abacus","II","4","<sense level=\"1\" n=\"II\" id=\"n11.2\"> <hi rend=\"ital\">A gaming-board, divided into compurtments</hi>, for playing with dice or counters, <bibl n=\"urn:cts:latinLit:phi1348.phi016:22\"><author>Suet.</author> Ner. 22</bibl>; <bibl><author>Macr.</author> S. 1, 5</bibl>.— </sense>","A gaming-board, divided into compurtments, for playing with dice or counters, Suet. Ner. 22; Macr. S. 1, 5.—",\N,"2025-11-11 17:20:45","jms"
"lat.","95","12","abacus","III","4","<sense level=\"1\" n=\"III\" id=\"n11.3\"> <hi rend=\"ital\">A counting-table,</hi> covered with sand or dust, and used for arithmetical computation, <bibl n=\"urn:cts:latinLit:phi0969.phi001.perseus-lat1:1:131\"><author>Pers.</author> 1, 131</bibl>; <bibl><author>App.</author> Mag. p. 284</bibl>; cf. Becker, Gall. 2, p. 65. —</sense>","A counting-table, covered with sand or dust, and used for arithmetical computation, Pers. 1, 131; App. Mag. p. 284; cf. Becker, Gall. 2, p. 65. —",\N,"2025-11-11 17:20:45","jms"
"lat.","96","12","abacus","IV","4","<sense level=\"1\" n=\"IV\" id=\"n11.4\"> <hi rend=\"ital\">A wooden tray</hi>, <bibl><author>Cato</author>, R. R. 10, 4</bibl>.—</sense>","A wooden tray, Cato, R. R. 10, 4.—",\N,"2025-11-11 17:20:45","jms"
"lat.","97","12","abacus","V","4","<sense level=\"1\" n=\"V\" id=\"n11.5\"> <hi rend=\"ital\">A painted panel or square compartment in the wall or ceiling of a chamber</hi>, <bibl n=\"urn:cts:latinLit:phi1056.phi001.perseus-lat1:7:3:10\"><author>Vitr.</author> 7, 3, 10</bibl>; <bibl n=\"urn:cts:latinLit:phi0978.phi001:33:56\"><author>Plin.</author> 33, 12, 56, § 159</bibl>; <bibl n=\"urn:cts:latinLit:phi0978.phi001:35:3\">35, 1, 1, § 3</bibl>, and 35, 6, 13, § 32.—</sense>","A painted panel or square compartment in the wall or ceiling of a chamber, Vitr. 7, 3, 10; Plin. 33, 12, 56, § 159; 35, 1, 1, § 3, and 35, 6, 13, § 32.—",\N,"2025-11-11 17:20:45","jms"
"lat.","98","12","abacus","VI","4","<sense level=\"1\" n=\"VI\" id=\"n11.6\"> In architecture, <hi rend=\"ital\">a fiat, square stone on the top of a column</hi>, immediately under the architrave, <bibl n=\"urn:cts:latinLit:phi1056.phi001.perseus-lat1:3:5:5\"><author>Vitr.</author> 3, 5, 5 sq.</bibl>; <bibl n=\"urn:cts:latinLit:phi1056.phi001.perseus-lat1:4:1:11\">4, 1, 11</bibl> sq.</sense>","In architecture, a fiat, square stone on the top of a column, immediately under the architrave, Vitr. 3, 5, 5 sq.; 4, 1, 11 sq.",\N,"2025-11-11 17:20:45","jms"
